# Blender 4.4.0
# www.blender.org
mtllib UI_break.mtl
o 立方体
v -2.653355 -1.121835 -0.151572
v -2.653355 1.238018 -0.151572
v -2.653355 -1.121835 -0.317023
v -2.653355 1.238018 -0.317023
v 2.397756 -1.121835 -0.151572
v 2.397756 1.238018 -0.151572
v 2.397756 -1.121835 -0.317023
v 2.397756 1.238018 -0.317023
v -4.643905 -0.075381 -0.151572
v -4.643905 -0.075381 -0.317023
v 4.388306 -0.075381 -0.317023
v 4.388306 -0.075381 -0.151572
v -3.664530 0.581319 -0.151572
v -3.664530 0.581319 -0.317023
v 3.408931 0.581319 -0.317023
v 3.408931 0.581319 -0.151572
v -3.664530 -0.598608 -0.317023
v 3.408931 -0.598608 -0.317023
v 3.408931 -0.598608 -0.151572
v -3.664530 -0.598608 -0.151572
v -2.582165 1.110224 -0.317023
v -0.127800 1.110224 -0.317023
v -3.396564 0.581319 -0.317023
v 3.140965 0.581319 -0.317023
v 2.326566 1.110224 -0.317023
v -0.127800 1.110224 -0.151572
v 2.326566 1.110224 -0.151572
v -3.396564 0.581319 -0.151572
v 3.140965 0.581319 -0.151572
v -2.582165 1.110224 -0.151572
v -4.285978 -0.075381 -0.151572
v 4.030379 -0.075381 -0.151572
v 3.218204 -0.509282 -0.151572
v 3.045576 -0.598608 -0.151572
v -3.301175 -0.598608 -0.151572
v -3.473803 -0.509282 -0.151572
v -4.285978 -0.075381 -0.317023
v 4.030379 -0.075381 -0.317023
v -3.473803 -0.509282 -0.317023
v -3.301175 -0.598608 -0.317023
v 3.045576 -0.598608 -0.317023
v 3.218204 -0.509282 -0.317023
v 3.218204 0.531157 -0.151572
v 4.081800 -0.047910 -0.151572
v -4.337399 -0.047910 -0.151572
v -3.473803 0.531157 -0.151572
v -4.337399 -0.047910 -0.317023
v -3.473803 0.531157 -0.317023
v 3.218204 0.531157 -0.317023
v 4.081800 -0.047910 -0.317023
v -2.582165 -0.970655 -0.317023
v -0.127800 -0.970655 -0.317023
v 2.326566 -0.970655 -0.317023
v 2.326566 -0.970655 -0.151572
v -0.127800 -0.970655 -0.151572
v -2.582165 -0.970655 -0.151572
v -2.582164 -0.970656 -0.168824
v -2.582165 1.110223 -0.168824
v -2.582164 -0.970656 -0.090223
v -2.582165 1.110223 -0.090222
v 2.326566 -0.970655 -0.168824
v 2.326565 1.110224 -0.168824
v 2.326566 -0.970655 -0.090223
v 2.326565 1.110224 -0.090222
v -4.337398 -0.047910 -0.168824
v -4.337398 -0.047910 -0.090223
v 4.081799 -0.047909 -0.168824
v 4.081799 -0.047909 -0.090223
v -3.473802 0.531157 -0.168824
v -3.473802 0.531156 -0.090222
v 3.218203 0.531157 -0.168824
v 3.218203 0.531157 -0.090222
v -3.473802 -0.509283 -0.090223
v 3.218203 -0.509282 -0.090223
v 3.218203 -0.509282 -0.168824
v -3.473802 -0.509283 -0.168824
v -0.127799 -0.970655 -0.090223
v -0.127800 1.110224 -0.090222
v -0.127799 -0.970655 -0.168824
v -0.127800 1.110224 -0.168824
v -0.127800 0.967934 -0.168824
v -3.185755 0.531157 -0.168824
v -2.432120 0.967934 -0.168824
v -3.984594 -0.047910 -0.168824
v -3.269248 -0.388958 -0.168824
v -3.008674 -0.509283 -0.168824
v 2.930156 0.531157 -0.090222
v -0.127800 0.967934 -0.090222
v 2.176521 0.967935 -0.090222
v 2.176521 -0.775516 -0.168824
v -0.127799 -0.775516 -0.168824
v 2.753075 -0.509282 -0.168824
v -4.080050 -0.002400 -0.168824
v -3.269248 0.482767 -0.168824
v 3.013649 -0.388957 -0.168824
v 3.728995 -0.047909 -0.168824
v 2.753075 -0.509282 -0.090223
v 3.013649 -0.388957 -0.090223
v 3.728995 -0.047909 -0.090223
v -2.432120 -0.775517 -0.168824
v -3.984594 -0.047910 -0.090223
v -3.269248 -0.388958 -0.090223
v -3.008674 -0.509283 -0.090223
v -4.080050 -0.002400 -0.090223
v -3.185755 0.531157 -0.090222
v -3.269248 0.482767 -0.090222
v 3.013649 0.482768 -0.090222
v 3.824451 -0.002399 -0.090223
v 3.013649 0.482768 -0.168824
v 3.824451 -0.002399 -0.168824
v 2.930156 0.531157 -0.168824
v -0.127799 -0.775516 -0.090223
v 2.176521 -0.775516 -0.090223
v -2.432120 0.967934 -0.090222
v 2.176521 0.967935 -0.168824
v -2.432120 -0.775517 -0.090223
v -2.432120 -0.775516 -0.065743
v -2.432120 0.967934 -0.065743
v -2.432120 -0.775516 -0.166359
v -2.432120 0.967934 -0.166360
v 2.176521 -0.775516 -0.065743
v 2.176521 0.967934 -0.065743
v 2.176521 -0.775516 -0.166359
v 2.176521 0.967934 -0.166360
v -4.080050 -0.002400 -0.065743
v -4.080050 -0.002400 -0.166359
v 3.824451 -0.002400 -0.065743
v 3.824451 -0.002400 -0.166359
v -3.269248 0.482767 -0.065743
v -3.269248 0.482767 -0.166359
v 3.013649 0.482767 -0.065743
v 3.013649 0.482767 -0.166359
v -3.269248 -0.388958 -0.166359
v 3.013649 -0.388958 -0.166359
v 3.013649 -0.388958 -0.065743
v -3.269248 -0.388958 -0.065743
v -0.127800 -0.775516 -0.166359
v -0.127800 0.967934 -0.166360
v -0.127800 -0.775516 -0.065743
v -0.127800 0.967934 -0.065743
v -0.127800 -0.002400 -0.065743
v -0.127800 -0.002400 -0.166359
v -0.127800 0.482767 -0.065743
v -0.127800 0.482767 -0.166359
v -0.127800 -0.388958 -0.166359
v -0.127800 -0.388958 -0.065743
v -2.366383 -0.212005 -0.039233
v -2.283773 -0.211946 -0.049574
v -2.386809 -0.221007 -0.039497
v -2.423621 -0.212076 -0.030608
v -2.386334 -0.203509 -0.039442
v -2.403443 -0.192455 -0.039610
v -2.425605 -0.211232 -0.030629
v -2.338182 -0.196582 -0.049951
v -2.376660 -0.180350 -0.050287
v -2.380059 -0.212462 -0.050335
v -2.339041 -0.228226 -0.050052
v -2.408214 -0.196698 -0.050619
v -2.409072 -0.228343 -0.050719
v -2.377027 -0.241597 -0.050499
v -2.429299 -0.212179 -0.050909
v -2.428722 -0.245152 -0.050997
v -2.407060 -0.264913 -0.050800
v -2.450384 -0.227660 -0.051199
v -2.448373 -0.261962 -0.051274
v -2.425277 -0.280783 -0.051058
v -2.473893 -0.243854 -0.051520
v -2.440944 -0.239659 -0.040183
v -2.427378 -0.251397 -0.040058
v -2.430955 -0.214826 -0.030702
v -2.455343 -0.229967 -0.040323
v -2.473228 -0.220313 -0.040504
v -2.432225 -0.213791 -0.030713
v -2.434244 -0.212902 -0.030734
v -2.431066 -0.212940 -0.030697
v -2.429907 -0.212089 -0.030681
v -2.432632 -0.212051 -0.030713
v -2.429875 -0.213902 -0.030686
v -2.428684 -0.214864 -0.030675
v -2.428795 -0.212978 -0.030671
v -2.427683 -0.213866 -0.030661
v -2.427200 -0.212105 -0.030650
v -2.425652 -0.212971 -0.030634
v -2.428748 -0.211238 -0.030665
v -2.427456 -0.210132 -0.030647
v -2.429860 -0.210232 -0.030676
v -2.431486 -0.209597 -0.030693
v -2.431019 -0.211201 -0.030692
v -2.428701 -0.209263 -0.030659
v -2.414526 -0.183712 -0.039714
v -2.429813 -0.208140 -0.030669
v -2.427635 -0.172409 -0.039835
v -2.427586 -0.140334 -0.050683
v -2.445483 -0.187064 -0.040085
v -2.460010 -0.194581 -0.040276
v -2.458019 -0.166839 -0.051114
v -2.484292 -0.182875 -0.051467
v -2.428441 -0.178396 -0.050802
v -2.404413 -0.160777 -0.050471
v -2.449525 -0.196015 -0.051099
v -2.478862 -0.211494 -0.051485
v -2.507341 -0.195327 -0.051771
v -2.508199 -0.226972 -0.051872
v -2.544930 -0.210802 -0.052254
v -2.493538 -0.211372 -0.040715
v -2.472755 -0.200761 -0.040442
v -2.436264 -0.212014 -0.030755
v -2.434197 -0.211163 -0.030729
v -2.432930 -0.210644 -0.030713
v -2.403477 -0.236090 -0.039735
v -2.414746 -0.244846 -0.039892
v -2.429686 -0.215861 -0.030690
v -2.120838 -0.211738 -0.041349
v -2.090264 -0.211641 -0.047498
v -2.132981 -0.218739 -0.041491
v -2.154871 -0.211847 -0.036220
v -2.132703 -0.205156 -0.041488
v -2.142878 -0.196586 -0.041606
v -2.156051 -0.211192 -0.036234
v -2.111722 -0.199737 -0.047748
v -2.131750 -0.184239 -0.047982
v -2.128969 -0.212084 -0.047950
v -2.112226 -0.224302 -0.047754
v -2.145713 -0.199865 -0.048145
v -2.146217 -0.224430 -0.048151
v -2.131952 -0.240571 -0.047985
v -2.158247 -0.211896 -0.048291
v -2.157897 -0.237491 -0.048287
v -2.145012 -0.252816 -0.048137
v -2.170780 -0.223926 -0.048437
v -2.169577 -0.250552 -0.048424
v -2.155840 -0.265147 -0.048264
v -2.184754 -0.236512 -0.048601
v -2.165165 -0.233253 -0.041866
v -2.157096 -0.242356 -0.041772
v -2.159231 -0.213986 -0.036271
v -2.173728 -0.225739 -0.041966
v -2.184365 -0.218256 -0.042090
v -2.159986 -0.213183 -0.036280
v -2.161187 -0.212495 -0.036294
v -2.159297 -0.212522 -0.036272
v -2.158608 -0.211861 -0.036264
v -2.160228 -0.211833 -0.036283
v -2.158589 -0.213268 -0.036264
v -2.157881 -0.214013 -0.036255
v -2.157947 -0.212550 -0.036256
v -2.157285 -0.213239 -0.036248
v -2.156999 -0.211871 -0.036245
v -2.156078 -0.212543 -0.036234
v -2.157919 -0.211199 -0.036256
v -2.157152 -0.210340 -0.036247
v -2.158581 -0.210419 -0.036264
v -2.159548 -0.209927 -0.036275
v -2.159270 -0.211172 -0.036272
v -2.157892 -0.209666 -0.036256
v -2.149469 -0.189807 -0.041683
v -2.158553 -0.208795 -0.036263
v -2.157266 -0.181042 -0.041774
v -2.157244 -0.156125 -0.048279
v -2.167875 -0.192429 -0.041898
v -2.176511 -0.198274 -0.041999
v -2.175333 -0.176719 -0.048490
v -2.190951 -0.189184 -0.048673
v -2.157744 -0.185671 -0.048285
v -2.143461 -0.171978 -0.048118
v -2.170277 -0.199362 -0.048431
v -2.187716 -0.211396 -0.048635
v -2.204653 -0.198865 -0.048832
v -2.205156 -0.223429 -0.048839
v -2.226999 -0.210902 -0.049093
v -2.196442 -0.211330 -0.042231
v -2.184087 -0.203079 -0.042087
v -2.162388 -0.211806 -0.036308
v -2.161160 -0.211144 -0.036294
v -2.160406 -0.210741 -0.036285
v -2.142888 -0.230459 -0.041607
v -2.149586 -0.237263 -0.041685
v -2.158476 -0.214788 -0.036262
v -2.228607 -0.141321 -0.039297
v -2.237967 -0.141334 -0.039836
v -2.229891 -0.108022 -0.039297
v -2.228607 -0.141321 -0.049081
v -2.237967 -0.141334 -0.049081
v -2.228607 -0.141321 -0.058866
v -2.229891 -0.108022 -0.049081
v -2.229891 -0.108022 -0.058866
v -2.229790 -0.099125 -0.049081
v -2.229689 -0.090229 -0.049081
v -2.229790 -0.099125 -0.039297
v -2.229790 -0.099125 -0.058866
v -2.229689 -0.090229 -0.058866
v -2.245758 -0.101288 -0.057927
v -2.243749 -0.109322 -0.058060
v -2.242990 -0.090395 -0.057794
v -2.254030 -0.103517 -0.057442
v -2.262284 -0.105740 -0.056957
v -2.244565 -0.100261 -0.057240
v -2.250928 -0.110735 -0.057643
v -2.258090 -0.112144 -0.057227
v -2.242052 -0.125170 -0.058047
v -2.237967 -0.141334 -0.058326
v -2.249705 -0.121784 -0.057768
v -2.242052 -0.125170 -0.049081
v -2.249705 -0.121784 -0.049081
v -2.242052 -0.125170 -0.040115
v -2.249705 -0.121784 -0.040394
v -2.250928 -0.110735 -0.040519
v -2.258090 -0.112144 -0.040935
v -2.243749 -0.109322 -0.040102
v -2.254030 -0.103517 -0.040721
v -2.262284 -0.105740 -0.041205
v -2.243568 -0.101288 -0.040235
v -2.244565 -0.100261 -0.040922
v -2.266476 -0.102330 -0.041476
v -2.242990 -0.090395 -0.040368
v -2.244565 -0.100261 -0.049081
v -2.266477 -0.102330 -0.049081
v -2.242990 -0.090395 -0.049081
v -2.277307 -0.106875 -0.049081
v -2.266477 -0.102330 -0.056686
v -2.277307 -0.106875 -0.056613
v -2.287409 -0.114638 -0.056579
v -2.272920 -0.109002 -0.056767
v -2.268532 -0.115188 -0.056920
v -2.283152 -0.114358 -0.056606
v -2.278704 -0.119629 -0.056632
v -2.293345 -0.127737 -0.056686
v -2.286781 -0.131193 -0.056686
v -2.294701 -0.122258 -0.056686
v -2.297446 -0.134662 -0.056686
v -2.290156 -0.137132 -0.056686
v -2.301425 -0.132192 -0.056686
v -2.301603 -0.141587 -0.056686
v -2.293568 -0.143071 -0.056686
v -2.305727 -0.140104 -0.056686
v -2.300380 -0.146511 -0.056686
v -2.292424 -0.147227 -0.056686
v -2.306352 -0.145796 -0.056686
v -2.299018 -0.151435 -0.056686
v -2.291188 -0.151382 -0.056686
v -2.305889 -0.151487 -0.056686
v -2.294505 -0.161282 -0.056686
v -2.287522 -0.159693 -0.056686
v -2.301488 -0.162871 -0.056686
v -2.284519 -0.174807 -0.055116
v -2.278817 -0.170966 -0.055143
v -2.290222 -0.178648 -0.055090
v -2.269826 -0.186013 -0.053547
v -2.266974 -0.180693 -0.053599
v -2.272679 -0.192006 -0.053494
v -2.241155 -0.201556 -0.052365
v -2.239685 -0.199467 -0.052365
v -2.242626 -0.203645 -0.052365
v -2.238950 -0.198423 -0.049081
v -2.238215 -0.197378 -0.049081
v -2.239685 -0.199467 -0.049081
v -2.241155 -0.201556 -0.045797
v -2.239685 -0.199467 -0.045797
v -2.242626 -0.203645 -0.045797
v -2.269826 -0.186013 -0.044615
v -2.266974 -0.180693 -0.044563
v -2.272679 -0.192006 -0.044668
v -2.284519 -0.174807 -0.043046
v -2.278817 -0.170966 -0.043020
v -2.290222 -0.178648 -0.043072
v -2.294505 -0.161282 -0.041476
v -2.287522 -0.159693 -0.041476
v -2.301488 -0.162871 -0.041476
v -2.299018 -0.151435 -0.041476
v -2.291188 -0.151382 -0.041476
v -2.305889 -0.151487 -0.041476
v -2.300380 -0.146511 -0.041476
v -2.292424 -0.147227 -0.041476
v -2.306351 -0.145796 -0.041476
v -2.301603 -0.141587 -0.041476
v -2.293568 -0.143071 -0.041476
v -2.305727 -0.140104 -0.041476
v -2.297446 -0.134662 -0.041476
v -2.290156 -0.137132 -0.041476
v -2.301425 -0.132192 -0.041476
v -2.293345 -0.125714 -0.041476
v -2.286781 -0.131193 -0.041476
v -2.294701 -0.122258 -0.041476
v -2.283152 -0.114358 -0.041557
v -2.278704 -0.119629 -0.041530
v -2.287409 -0.114638 -0.041583
v -2.272920 -0.109002 -0.041396
v -2.268532 -0.115188 -0.041242
v -2.277307 -0.106875 -0.041549
v -2.259757 -0.121495 -0.040935
v -2.266171 -0.123285 -0.041476
v -2.259757 -0.121495 -0.049081
v -2.266171 -0.123285 -0.049081
v -2.259757 -0.121495 -0.057227
v -2.266171 -0.123285 -0.056686
v -2.271471 -0.129221 -0.056686
v -2.274199 -0.136370 -0.056686
v -2.271471 -0.129221 -0.049081
v -2.271471 -0.129221 -0.041476
v -2.274199 -0.136370 -0.049081
v -2.274199 -0.136370 -0.041476
v -2.275552 -0.141650 -0.049081
v -2.275552 -0.141650 -0.041476
v -2.276270 -0.146694 -0.049081
v -2.275552 -0.141650 -0.056686
v -2.276270 -0.146694 -0.056686
v -2.276252 -0.153054 -0.056686
v -2.274716 -0.159570 -0.056686
v -2.276252 -0.153054 -0.049081
v -2.276252 -0.153054 -0.041476
v -2.274716 -0.159570 -0.049081
v -2.274716 -0.159570 -0.041476
v -2.270790 -0.166953 -0.049081
v -2.270853 -0.166925 -0.042967
v -2.261140 -0.176201 -0.049081
v -2.270853 -0.166925 -0.055195
v -2.261268 -0.176144 -0.053704
v -2.236744 -0.193798 -0.052365
v -2.236744 -0.193798 -0.049081
v -2.236744 -0.193798 -0.045797
v -2.261268 -0.176144 -0.044459
v -2.276270 -0.146694 -0.041476
v -2.287409 -0.114638 -0.049081
v -2.294701 -0.122258 -0.049081
v -2.301324 -0.132192 -0.049081
v -2.305727 -0.140104 -0.049081
v -2.306352 -0.145796 -0.049081
v -2.305889 -0.151487 -0.049081
v -2.301488 -0.162871 -0.049081
v -2.290160 -0.178676 -0.049081
v -2.272557 -0.192061 -0.049081
v -2.242626 -0.203645 -0.049081
v -2.229689 -0.090229 -0.039297
v -2.228608 -0.286606 -0.039297
v -2.237968 -0.286593 -0.039836
v -2.229892 -0.319905 -0.039297
v -2.228608 -0.286606 -0.049081
v -2.237968 -0.286593 -0.049081
v -2.228608 -0.286606 -0.058866
v -2.229892 -0.319905 -0.049081
v -2.229892 -0.319905 -0.058866
v -2.229791 -0.328802 -0.049081
v -2.229690 -0.337699 -0.049081
v -2.229791 -0.328802 -0.039297
v -2.229791 -0.328802 -0.058866
v -2.229690 -0.337699 -0.058866
v -2.245759 -0.326639 -0.057928
v -2.243750 -0.318605 -0.058060
v -2.242990 -0.337533 -0.057795
v -2.254031 -0.324411 -0.057442
v -2.262284 -0.322187 -0.056957
v -2.244566 -0.327667 -0.057240
v -2.250929 -0.317193 -0.057643
v -2.258091 -0.315784 -0.057227
v -2.242053 -0.302757 -0.058047
v -2.237968 -0.286593 -0.058326
v -2.249705 -0.306143 -0.057768
v -2.242053 -0.302757 -0.049081
v -2.249705 -0.306143 -0.049081
v -2.242053 -0.302757 -0.040115
v -2.249705 -0.306143 -0.040394
v -2.250929 -0.317193 -0.040519
v -2.258091 -0.315784 -0.040935
v -2.243750 -0.318605 -0.040102
v -2.254031 -0.324411 -0.040721
v -2.262284 -0.322187 -0.041206
v -2.243569 -0.326639 -0.040235
v -2.244566 -0.327667 -0.040922
v -2.266477 -0.325597 -0.041476
v -2.242990 -0.337533 -0.040368
v -2.244566 -0.327667 -0.049081
v -2.266477 -0.325597 -0.049081
v -2.242990 -0.337532 -0.049081
v -2.277308 -0.321053 -0.049081
v -2.266477 -0.325597 -0.056686
v -2.277308 -0.321053 -0.056613
v -2.287410 -0.313289 -0.056579
v -2.272920 -0.318925 -0.056767
v -2.268533 -0.312739 -0.056920
v -2.283153 -0.313569 -0.056606
v -2.278705 -0.308298 -0.056632
v -2.293346 -0.300190 -0.056686
v -2.286782 -0.296734 -0.056686
v -2.294701 -0.305670 -0.056686
v -2.297447 -0.293265 -0.056686
v -2.290157 -0.290795 -0.056686
v -2.301426 -0.295735 -0.056686
v -2.301604 -0.286340 -0.056686
v -2.293569 -0.284856 -0.056686
v -2.305728 -0.287824 -0.056686
v -2.300380 -0.281416 -0.056686
v -2.292425 -0.280701 -0.056686
v -2.306352 -0.282132 -0.056686
v -2.299019 -0.276493 -0.056686
v -2.291188 -0.276545 -0.056686
v -2.305890 -0.276440 -0.056686
v -2.294506 -0.266645 -0.056686
v -2.287522 -0.268235 -0.056686
v -2.301489 -0.265056 -0.056686
v -2.284520 -0.253120 -0.055116
v -2.278817 -0.256962 -0.055143
v -2.290223 -0.249279 -0.055090
v -2.269827 -0.241914 -0.053547
v -2.266975 -0.247234 -0.053599
v -2.272680 -0.235922 -0.053494
v -2.241156 -0.226371 -0.052365
v -2.239686 -0.228460 -0.052365
v -2.242627 -0.224282 -0.052365
v -2.238951 -0.229505 -0.049081
v -2.238215 -0.230549 -0.049081
v -2.239686 -0.228460 -0.049081
v -2.241156 -0.226371 -0.045797
v -2.239686 -0.228460 -0.045797
v -2.242627 -0.224282 -0.045797
v -2.269827 -0.241914 -0.044615
v -2.266975 -0.247234 -0.044563
v -2.272680 -0.235922 -0.044668
v -2.284520 -0.253120 -0.043046
v -2.278817 -0.256962 -0.043020
v -2.290223 -0.249279 -0.043072
v -2.294505 -0.266645 -0.041476
v -2.287522 -0.268235 -0.041476
v -2.301489 -0.265056 -0.041476
v -2.299019 -0.276493 -0.041476
v -2.291188 -0.276545 -0.041476
v -2.305890 -0.276440 -0.041476
v -2.300380 -0.281416 -0.041476
v -2.292425 -0.280701 -0.041476
v -2.306352 -0.282132 -0.041476
v -2.301604 -0.286340 -0.041476
v -2.293569 -0.284856 -0.041476
v -2.305728 -0.287824 -0.041476
v -2.297447 -0.293265 -0.041476
v -2.290157 -0.290795 -0.041476
v -2.301426 -0.295735 -0.041476
v -2.293346 -0.302214 -0.041476
v -2.286782 -0.296734 -0.041476
v -2.294701 -0.305670 -0.041476
v -2.283153 -0.313569 -0.041557
v -2.278705 -0.308298 -0.041530
v -2.287410 -0.313289 -0.041583
v -2.272920 -0.318925 -0.041396
v -2.268533 -0.312739 -0.041242
v -2.277308 -0.321053 -0.041549
v -2.259758 -0.306432 -0.040935
v -2.266172 -0.304642 -0.041476
v -2.259758 -0.306432 -0.049081
v -2.266172 -0.304642 -0.049081
v -2.259758 -0.306432 -0.057227
v -2.266172 -0.304642 -0.056686
v -2.271472 -0.298706 -0.056686
v -2.274199 -0.291557 -0.056686
v -2.271472 -0.298706 -0.049081
v -2.271472 -0.298706 -0.041476
v -2.274199 -0.291557 -0.049081
v -2.274199 -0.291557 -0.041476
v -2.275552 -0.286278 -0.049081
v -2.275552 -0.286278 -0.041476
v -2.276270 -0.281234 -0.049081
v -2.275552 -0.286278 -0.056686
v -2.276270 -0.281234 -0.056686
v -2.276253 -0.274873 -0.056686
v -2.274717 -0.268357 -0.056686
v -2.276253 -0.274873 -0.049081
v -2.276253 -0.274873 -0.041476
v -2.274717 -0.268357 -0.049081
v -2.274717 -0.268357 -0.041476
v -2.270791 -0.260974 -0.049081
v -2.270854 -0.261003 -0.042967
v -2.261141 -0.251726 -0.049081
v -2.270854 -0.261003 -0.055195
v -2.261269 -0.251783 -0.053704
v -2.236745 -0.234130 -0.052365
v -2.236745 -0.234130 -0.049081
v -2.236745 -0.234130 -0.045797
v -2.261269 -0.251783 -0.044459
v -2.276270 -0.281234 -0.041476
v -2.287410 -0.313289 -0.049081
v -2.294701 -0.305670 -0.049081
v -2.301325 -0.295735 -0.049081
v -2.305728 -0.287824 -0.049081
v -2.306352 -0.282132 -0.049081
v -2.305890 -0.276440 -0.049081
v -2.301489 -0.265056 -0.049081
v -2.290161 -0.249252 -0.049081
v -2.272558 -0.235867 -0.049081
v -2.242627 -0.224282 -0.049081
v -2.229690 -0.337699 -0.039297
v 2.293644 -0.212005 -0.039233
v 2.211035 -0.211946 -0.049573
v 2.314070 -0.221007 -0.039497
v 2.350883 -0.212076 -0.030608
v 2.313596 -0.203509 -0.039441
v 2.330704 -0.192455 -0.039609
v 2.352866 -0.211232 -0.030628
v 2.265444 -0.196582 -0.049951
v 2.303922 -0.180351 -0.050286
v 2.307321 -0.212462 -0.050335
v 2.266303 -0.228227 -0.050051
v 2.335476 -0.196698 -0.050618
v 2.336334 -0.228343 -0.050719
v 2.304289 -0.241597 -0.050498
v 2.356561 -0.212179 -0.050908
v 2.355984 -0.245152 -0.050996
v 2.334322 -0.264913 -0.050800
v 2.377645 -0.227660 -0.051199
v 2.375634 -0.261962 -0.051274
v 2.352539 -0.280783 -0.051058
v 2.401155 -0.243855 -0.051520
v 2.368207 -0.239660 -0.040182
v 2.354640 -0.251397 -0.040057
v 2.358217 -0.214826 -0.030701
v 2.382605 -0.229967 -0.040322
v 2.400491 -0.220313 -0.040503
v 2.359487 -0.213791 -0.030713
v 2.361506 -0.212903 -0.030734
v 2.358328 -0.212940 -0.030697
v 2.357169 -0.212089 -0.030681
v 2.359893 -0.212052 -0.030713
v 2.357137 -0.213902 -0.030686
v 2.355947 -0.214864 -0.030675
v 2.356057 -0.212978 -0.030671
v 2.354945 -0.213867 -0.030660
v 2.354462 -0.212105 -0.030649
v 2.352914 -0.212971 -0.030634
v 2.356009 -0.211238 -0.030665
v 2.354718 -0.210133 -0.030647
v 2.357121 -0.210232 -0.030675
v 2.358748 -0.209597 -0.030692
v 2.358280 -0.211201 -0.030691
v 2.355962 -0.209263 -0.030659
v 2.341788 -0.183712 -0.039714
v 2.357074 -0.208140 -0.030669
v 2.354897 -0.172409 -0.039834
v 2.354848 -0.140334 -0.050683
v 2.372745 -0.187064 -0.040084
v 2.387272 -0.194581 -0.040275
v 2.385281 -0.166839 -0.051114
v 2.411554 -0.182875 -0.051466
v 2.355703 -0.178396 -0.050802
v 2.331675 -0.160777 -0.050471
v 2.376787 -0.196016 -0.051098
v 2.406124 -0.211494 -0.051485
v 2.434603 -0.195327 -0.051771
v 2.435461 -0.226972 -0.051872
v 2.472192 -0.210802 -0.052254
v 2.420800 -0.211372 -0.040715
v 2.400017 -0.200761 -0.040442
v 2.363525 -0.212014 -0.030755
v 2.361459 -0.211163 -0.030728
v 2.360192 -0.210644 -0.030712
v 2.330739 -0.236090 -0.039735
v 2.342007 -0.244846 -0.039891
v 2.356947 -0.215861 -0.030689
v 2.048099 -0.211738 -0.041349
v 2.017525 -0.211641 -0.047498
v 2.060242 -0.218739 -0.041490
v 2.082132 -0.211847 -0.036220
v 2.059963 -0.205157 -0.041487
v 2.070138 -0.196586 -0.041606
v 2.083312 -0.211192 -0.036234
v 2.038984 -0.199737 -0.047748
v 2.059011 -0.184239 -0.047981
v 2.056230 -0.212084 -0.047949
v 2.039486 -0.224302 -0.047754
v 2.072974 -0.199865 -0.048144
v 2.073478 -0.224430 -0.048150
v 2.059213 -0.240571 -0.047984
v 2.085507 -0.211896 -0.048291
v 2.085158 -0.237491 -0.048287
v 2.072274 -0.252816 -0.048137
v 2.098041 -0.223926 -0.048437
v 2.096837 -0.250552 -0.048423
v 2.083101 -0.265147 -0.048263
v 2.112015 -0.236513 -0.048600
v 2.092425 -0.233254 -0.041866
v 2.084357 -0.242356 -0.041772
v 2.086492 -0.213986 -0.036271
v 2.100989 -0.225739 -0.041966
v 2.111626 -0.218256 -0.042090
v 2.087247 -0.213183 -0.036280
v 2.088447 -0.212495 -0.036294
v 2.086559 -0.212522 -0.036272
v 2.085869 -0.211861 -0.036264
v 2.087489 -0.211833 -0.036282
v 2.085850 -0.213268 -0.036263
v 2.085142 -0.214013 -0.036255
v 2.085208 -0.212550 -0.036256
v 2.084547 -0.213239 -0.036248
v 2.084259 -0.211871 -0.036245
v 2.083339 -0.212543 -0.036234
v 2.085181 -0.211199 -0.036255
v 2.084413 -0.210340 -0.036247
v 2.085841 -0.210419 -0.036263
v 2.086808 -0.209927 -0.036274
v 2.086531 -0.211172 -0.036271
v 2.085152 -0.209666 -0.036255
v 2.076730 -0.189807 -0.041683
v 2.085814 -0.208795 -0.036263
v 2.084527 -0.181042 -0.041773
v 2.084505 -0.156125 -0.048279
v 2.095136 -0.192429 -0.041897
v 2.103772 -0.198274 -0.041998
v 2.102594 -0.176719 -0.048490
v 2.118212 -0.189184 -0.048672
v 2.085006 -0.185671 -0.048285
v 2.070722 -0.171979 -0.048118
v 2.097537 -0.199362 -0.048431
v 2.114977 -0.211396 -0.048635
v 2.131914 -0.198865 -0.048832
v 2.132417 -0.223430 -0.048838
v 2.154260 -0.210902 -0.049093
v 2.123703 -0.211330 -0.042231
v 2.111348 -0.203079 -0.042087
v 2.089649 -0.211806 -0.036308
v 2.088420 -0.211144 -0.036293
v 2.087667 -0.210741 -0.036285
v 2.070149 -0.230459 -0.041606
v 2.076848 -0.237263 -0.041684
v 2.085737 -0.214788 -0.036262
v 2.155868 -0.141321 -0.039296
v 2.165228 -0.141334 -0.039835
v 2.157152 -0.108022 -0.039296
v 2.155868 -0.141321 -0.049081
v 2.165228 -0.141334 -0.049081
v 2.155868 -0.141321 -0.058865
v 2.157152 -0.108022 -0.049081
v 2.157152 -0.108022 -0.058865
v 2.157052 -0.099126 -0.049081
v 2.156950 -0.090229 -0.049081
v 2.157051 -0.099126 -0.039296
v 2.157051 -0.099126 -0.058865
v 2.156950 -0.090229 -0.058865
v 2.173019 -0.101288 -0.057927
v 2.171010 -0.109322 -0.058060
v 2.170251 -0.090395 -0.057794
v 2.181291 -0.103517 -0.057441
v 2.189545 -0.105740 -0.056956
v 2.171826 -0.100261 -0.057239
v 2.178189 -0.110735 -0.057643
v 2.185352 -0.112144 -0.057227
v 2.169313 -0.125171 -0.058047
v 2.165228 -0.141334 -0.058326
v 2.176966 -0.121784 -0.057768
v 2.169313 -0.125171 -0.049081
v 2.176965 -0.121784 -0.049081
v 2.169313 -0.125171 -0.040115
v 2.176965 -0.121784 -0.040393
v 2.178189 -0.110735 -0.040518
v 2.185351 -0.112144 -0.040934
v 2.171010 -0.109322 -0.040101
v 2.181291 -0.103517 -0.040720
v 2.189545 -0.105740 -0.041205
v 2.170829 -0.101288 -0.040234
v 2.171826 -0.100261 -0.040922
v 2.193737 -0.102330 -0.041476
v 2.170251 -0.090395 -0.040367
v 2.171827 -0.100261 -0.049081
v 2.193737 -0.102330 -0.049081
v 2.170251 -0.090395 -0.049081
v 2.204568 -0.106875 -0.049081
v 2.193738 -0.102330 -0.056686
v 2.204568 -0.106875 -0.056612
v 2.214670 -0.114639 -0.056578
v 2.200181 -0.109002 -0.056766
v 2.195793 -0.115189 -0.056920
v 2.210413 -0.114358 -0.056605
v 2.205965 -0.119629 -0.056632
v 2.220606 -0.127737 -0.056686
v 2.214042 -0.131193 -0.056686
v 2.221961 -0.122258 -0.056686
v 2.224707 -0.134662 -0.056686
v 2.217417 -0.137132 -0.056686
v 2.228686 -0.132193 -0.056686
v 2.228864 -0.141588 -0.056686
v 2.220829 -0.143071 -0.056686
v 2.232989 -0.140104 -0.056686
v 2.227640 -0.146511 -0.056686
v 2.219685 -0.147227 -0.056686
v 2.233613 -0.145796 -0.056686
v 2.226279 -0.151435 -0.056686
v 2.218449 -0.151382 -0.056686
v 2.233150 -0.151487 -0.056686
v 2.221766 -0.161282 -0.056686
v 2.214782 -0.159693 -0.056686
v 2.228749 -0.162871 -0.056686
v 2.211780 -0.174807 -0.055116
v 2.206078 -0.170966 -0.055142
v 2.217483 -0.178648 -0.055090
v 2.197088 -0.186013 -0.053546
v 2.194235 -0.180693 -0.053599
v 2.199940 -0.192006 -0.053494
v 2.168417 -0.201556 -0.052364
v 2.166946 -0.199467 -0.052364
v 2.169887 -0.203645 -0.052364
v 2.166210 -0.198423 -0.049081
v 2.165476 -0.197378 -0.049081
v 2.166946 -0.199467 -0.049081
v 2.168417 -0.201556 -0.045797
v 2.166946 -0.199467 -0.045797
v 2.169887 -0.203645 -0.045797
v 2.197088 -0.186013 -0.044615
v 2.194235 -0.180693 -0.044563
v 2.199940 -0.192006 -0.044667
v 2.211780 -0.174807 -0.043045
v 2.206078 -0.170966 -0.043019
v 2.217482 -0.178648 -0.043071
v 2.221766 -0.161282 -0.041476
v 2.214782 -0.159693 -0.041476
v 2.228749 -0.162871 -0.041476
v 2.226280 -0.151435 -0.041476
v 2.218448 -0.151382 -0.041476
v 2.233150 -0.151487 -0.041476
v 2.227641 -0.146511 -0.041476
v 2.219685 -0.147227 -0.041476
v 2.233612 -0.145796 -0.041476
v 2.228864 -0.141588 -0.041476
v 2.220829 -0.143071 -0.041476
v 2.232988 -0.140104 -0.041476
v 2.224707 -0.134662 -0.041476
v 2.217417 -0.137132 -0.041476
v 2.228686 -0.132193 -0.041476
v 2.220606 -0.125714 -0.041476
v 2.214042 -0.131193 -0.041476
v 2.221961 -0.122258 -0.041476
v 2.210413 -0.114358 -0.041556
v 2.205966 -0.119629 -0.041529
v 2.214670 -0.114639 -0.041583
v 2.200180 -0.109002 -0.041395
v 2.195793 -0.115189 -0.041242
v 2.204568 -0.106875 -0.041549
v 2.187018 -0.121495 -0.040934
v 2.193432 -0.123286 -0.041476
v 2.187018 -0.121495 -0.049081
v 2.193432 -0.123286 -0.049081
v 2.187018 -0.121495 -0.057227
v 2.193432 -0.123286 -0.056686
v 2.198731 -0.129221 -0.056686
v 2.201460 -0.136370 -0.056686
v 2.198732 -0.129221 -0.049081
v 2.198732 -0.129221 -0.041476
v 2.201460 -0.136370 -0.049081
v 2.201459 -0.136370 -0.041476
v 2.202812 -0.141650 -0.049081
v 2.202812 -0.141650 -0.041476
v 2.203531 -0.146694 -0.049081
v 2.202813 -0.141650 -0.056686
v 2.203531 -0.146694 -0.056686
v 2.203513 -0.153054 -0.056686
v 2.201977 -0.159571 -0.056686
v 2.203513 -0.153054 -0.049081
v 2.203513 -0.153054 -0.041476
v 2.201977 -0.159571 -0.049081
v 2.201977 -0.159571 -0.041476
v 2.198051 -0.166953 -0.049081
v 2.198113 -0.166925 -0.042967
v 2.188401 -0.176202 -0.049081
v 2.198114 -0.166925 -0.055194
v 2.188529 -0.176144 -0.053703
v 2.164005 -0.193798 -0.052364
v 2.164005 -0.193798 -0.049081
v 2.164005 -0.193798 -0.045797
v 2.188529 -0.176144 -0.044458
v 2.203530 -0.146694 -0.041476
v 2.214670 -0.114639 -0.049081
v 2.221961 -0.122258 -0.049081
v 2.228585 -0.132193 -0.049081
v 2.232988 -0.140104 -0.049081
v 2.233612 -0.145796 -0.049081
v 2.233150 -0.151487 -0.049081
v 2.228749 -0.162871 -0.049081
v 2.217421 -0.178676 -0.049081
v 2.199818 -0.192061 -0.049081
v 2.169887 -0.203645 -0.049081
v 2.156950 -0.090229 -0.039296
v 2.155869 -0.286606 -0.039296
v 2.165229 -0.286593 -0.039835
v 2.157152 -0.319905 -0.039296
v 2.155869 -0.286606 -0.049081
v 2.165229 -0.286593 -0.049081
v 2.155869 -0.286606 -0.058865
v 2.157153 -0.319905 -0.049081
v 2.157153 -0.319905 -0.058865
v 2.157052 -0.328802 -0.049081
v 2.156951 -0.337699 -0.049081
v 2.157052 -0.328802 -0.039296
v 2.157052 -0.328802 -0.058865
v 2.156951 -0.337699 -0.058865
v 2.173020 -0.326639 -0.057927
v 2.171011 -0.318605 -0.058060
v 2.170251 -0.337533 -0.057794
v 2.181292 -0.324411 -0.057441
v 2.189545 -0.322187 -0.056956
v 2.171828 -0.327667 -0.057239
v 2.178190 -0.317193 -0.057643
v 2.185352 -0.315784 -0.057227
v 2.169313 -0.302757 -0.058047
v 2.165229 -0.286593 -0.058326
v 2.176967 -0.306143 -0.057768
v 2.169313 -0.302757 -0.049081
v 2.176966 -0.306143 -0.049081
v 2.169313 -0.302757 -0.040115
v 2.176966 -0.306143 -0.040393
v 2.178189 -0.317193 -0.040518
v 2.185352 -0.315784 -0.040935
v 2.171010 -0.318605 -0.040101
v 2.181292 -0.324411 -0.040720
v 2.189545 -0.322187 -0.041205
v 2.170830 -0.326639 -0.040234
v 2.171827 -0.327667 -0.040922
v 2.193738 -0.325597 -0.041476
v 2.170251 -0.337533 -0.040367
v 2.171828 -0.327667 -0.049081
v 2.193738 -0.325597 -0.049081
v 2.170251 -0.337533 -0.049081
v 2.204569 -0.321053 -0.049081
v 2.193738 -0.325597 -0.056686
v 2.204569 -0.321053 -0.056612
v 2.214670 -0.313289 -0.056578
v 2.200181 -0.318926 -0.056766
v 2.195793 -0.312739 -0.056920
v 2.210413 -0.313570 -0.056605
v 2.205966 -0.308298 -0.056632
v 2.220607 -0.300190 -0.056686
v 2.214043 -0.296734 -0.056686
v 2.221962 -0.305670 -0.056686
v 2.224708 -0.293265 -0.056686
v 2.217417 -0.290795 -0.056686
v 2.228687 -0.295735 -0.056686
v 2.228865 -0.286340 -0.056686
v 2.220829 -0.284856 -0.056686
v 2.232989 -0.287824 -0.056686
v 2.227641 -0.281416 -0.056686
v 2.219686 -0.280701 -0.056686
v 2.233613 -0.282132 -0.056686
v 2.226280 -0.276493 -0.056686
v 2.218450 -0.276546 -0.056686
v 2.233151 -0.276440 -0.056686
v 2.221767 -0.266646 -0.056686
v 2.214783 -0.268235 -0.056686
v 2.228750 -0.265056 -0.056686
v 2.211781 -0.253121 -0.055116
v 2.206078 -0.256962 -0.055142
v 2.217484 -0.249279 -0.055090
v 2.197088 -0.241915 -0.053546
v 2.194236 -0.247235 -0.053599
v 2.199940 -0.235922 -0.053494
v 2.168417 -0.226371 -0.052364
v 2.166946 -0.228460 -0.052364
v 2.169887 -0.224282 -0.052364
v 2.166211 -0.229505 -0.049081
v 2.165476 -0.230549 -0.049081
v 2.166946 -0.228460 -0.049081
v 2.168417 -0.226371 -0.045797
v 2.166947 -0.228460 -0.045797
v 2.169888 -0.224282 -0.045797
v 2.197088 -0.241915 -0.044615
v 2.194236 -0.247235 -0.044563
v 2.199941 -0.235922 -0.044667
v 2.211781 -0.253121 -0.043045
v 2.206078 -0.256962 -0.043019
v 2.217484 -0.249280 -0.043071
v 2.221766 -0.266646 -0.041476
v 2.214783 -0.268235 -0.041476
v 2.228750 -0.265056 -0.041476
v 2.226280 -0.276493 -0.041476
v 2.218449 -0.276545 -0.041476
v 2.233151 -0.276440 -0.041476
v 2.227642 -0.281416 -0.041476
v 2.219686 -0.280701 -0.041476
v 2.233613 -0.282132 -0.041476
v 2.228865 -0.286340 -0.041476
v 2.220829 -0.284856 -0.041476
v 2.232989 -0.287824 -0.041476
v 2.224708 -0.293265 -0.041476
v 2.217418 -0.290795 -0.041476
v 2.228688 -0.295735 -0.041476
v 2.220607 -0.302214 -0.041476
v 2.214043 -0.296734 -0.041476
v 2.221962 -0.305670 -0.041476
v 2.210414 -0.313570 -0.041556
v 2.205966 -0.308298 -0.041529
v 2.214671 -0.313289 -0.041583
v 2.200182 -0.318926 -0.041395
v 2.195794 -0.312739 -0.041242
v 2.204569 -0.321053 -0.041549
v 2.187019 -0.306432 -0.040934
v 2.193433 -0.304642 -0.041476
v 2.187018 -0.306432 -0.049081
v 2.193433 -0.304642 -0.049081
v 2.187019 -0.306432 -0.057227
v 2.193433 -0.304642 -0.056686
v 2.198732 -0.298706 -0.056686
v 2.201460 -0.291558 -0.056686
v 2.198732 -0.298706 -0.049081
v 2.198733 -0.298706 -0.041476
v 2.201461 -0.291558 -0.049081
v 2.201461 -0.291558 -0.041476
v 2.202814 -0.286278 -0.049081
v 2.202814 -0.286278 -0.041476
v 2.203532 -0.281234 -0.049081
v 2.202813 -0.286278 -0.056686
v 2.203531 -0.281234 -0.056686
v 2.203514 -0.274873 -0.056686
v 2.201978 -0.268357 -0.056686
v 2.203514 -0.274873 -0.049081
v 2.203514 -0.274873 -0.041476
v 2.201977 -0.268357 -0.049081
v 2.201978 -0.268357 -0.041476
v 2.198051 -0.260974 -0.049081
v 2.198115 -0.261003 -0.042967
v 2.188402 -0.251726 -0.049081
v 2.198114 -0.261003 -0.055194
v 2.188530 -0.251783 -0.053703
v 2.164006 -0.234130 -0.052364
v 2.164006 -0.234130 -0.049081
v 2.164006 -0.234130 -0.045797
v 2.188530 -0.251783 -0.044458
v 2.203532 -0.281234 -0.041476
v 2.214670 -0.313289 -0.049081
v 2.221962 -0.305670 -0.049081
v 2.228586 -0.295735 -0.049081
v 2.232989 -0.287824 -0.049081
v 2.233613 -0.282132 -0.049081
v 2.233151 -0.276440 -0.049081
v 2.228750 -0.265056 -0.049081
v 2.217421 -0.249252 -0.049081
v 2.199819 -0.235867 -0.049081
v 2.169888 -0.224282 -0.049081
v 2.156951 -0.337699 -0.039296
v -2.169974 0.308876 -0.029202
v -0.138803 0.321910 -0.016283
v -2.190659 0.303648 -0.031414
v -2.227693 0.309232 -0.025062
v -2.189508 0.314527 -0.030609
v -2.206112 0.321719 -0.031651
v -2.229635 0.309794 -0.025202
v -0.153515 0.334003 -0.018507
v -2.185998 0.332011 -0.040172
v -2.182748 0.309603 -0.041321
v -0.153259 0.301376 -0.020842
v -2.210167 0.319927 -0.043142
v -2.212249 0.300252 -0.044599
v -2.189178 0.286862 -0.043370
v -2.231759 0.310680 -0.045696
v -2.232464 0.290152 -0.047084
v -2.211663 0.277460 -0.046016
v -2.253351 0.301433 -0.048250
v -2.252679 0.280052 -0.049568
v -2.230415 0.267919 -0.048331
v -2.277384 0.291787 -0.051052
v -2.245279 0.293032 -0.037052
v -2.232227 0.285480 -0.036355
v -2.235101 0.307655 -0.025836
v -2.259238 0.299327 -0.037912
v -2.276670 0.305662 -0.039084
v -2.236325 0.308322 -0.025904
v -2.238301 0.308912 -0.026045
v -2.235138 0.308831 -0.025763
v -2.233951 0.309339 -0.025623
v -2.236662 0.309412 -0.025864
v -2.233990 0.308210 -0.025699
v -2.232842 0.307590 -0.025635
v -2.232878 0.308766 -0.025563
v -2.231806 0.308192 -0.025502
v -2.231257 0.309280 -0.025382
v -2.229750 0.308712 -0.025282
v -2.232764 0.309847 -0.025483
v -2.231436 0.310512 -0.025319
v -2.233832 0.310494 -0.025538
v -2.235426 0.310919 -0.025655
v -2.235024 0.309912 -0.025683
v -2.232641 0.311075 -0.025392
v -2.216808 0.327362 -0.032257
v -2.233704 0.311795 -0.025442
v -2.229421 0.334635 -0.032932
v -2.227268 0.355354 -0.042409
v -2.247758 0.325843 -0.035161
v -2.262512 0.321431 -0.036784
v -2.258595 0.339419 -0.046277
v -2.285373 0.329921 -0.049318
v -2.229596 0.331686 -0.044146
v -2.204990 0.342210 -0.041236
v -2.251270 0.321108 -0.046793
v -2.281077 0.312014 -0.050082
v -2.308803 0.322595 -0.051915
v -2.310884 0.302920 -0.053372
v -2.346826 0.313653 -0.055939
v -2.296543 0.311596 -0.040504
v -2.275440 0.317819 -0.038189
v -2.240277 0.309502 -0.026186
v -2.238187 0.309994 -0.025965
v -2.236905 0.310293 -0.025829
v -2.207838 0.294567 -0.033558
v -2.219397 0.289325 -0.034944
v -2.233877 0.306988 -0.025768
v 2.209907 0.308876 -0.028697
v 0.178710 0.321910 -0.036644
v 2.230613 0.303648 -0.030697
v 2.267579 0.309232 -0.023965
v 2.229454 0.314527 -0.029904
v 2.246068 0.321719 -0.030775
v 2.269523 0.309794 -0.024085
v 0.193444 0.334003 -0.038717
v 2.226042 0.332011 -0.039502
v 2.222804 0.309603 -0.040685
v 0.193212 0.301376 -0.041054
v 2.250241 0.319927 -0.042224
v 2.252337 0.300252 -0.043660
v 2.229255 0.286862 -0.042668
v 2.271858 0.310680 -0.044556
v 2.272577 0.290152 -0.045936
v 2.251767 0.277460 -0.045082
v 2.293474 0.301433 -0.046889
v 2.292817 0.280052 -0.048213
v 2.270541 0.267918 -0.047205
v 2.317535 0.291787 -0.049443
v 2.285288 0.293032 -0.035773
v 2.272230 0.285480 -0.035211
v 2.274995 0.307655 -0.024663
v 2.299255 0.299327 -0.036490
v 2.316698 0.305662 -0.037483
v 2.276220 0.308322 -0.024718
v 2.278198 0.308912 -0.024839
v 2.275031 0.308831 -0.024590
v 2.273844 0.309339 -0.024462
v 2.276557 0.309412 -0.024675
v 2.273883 0.308210 -0.024537
v 2.272734 0.307590 -0.024485
v 2.272770 0.308766 -0.024412
v 2.271697 0.308192 -0.024363
v 2.271147 0.309280 -0.024249
v 2.269638 0.308712 -0.024164
v 2.272655 0.309847 -0.024333
v 2.271325 0.310511 -0.024184
v 2.273724 0.310494 -0.024378
v 2.275319 0.310919 -0.024478
v 2.274916 0.309912 -0.024511
v 2.272531 0.311075 -0.024244
v 2.256769 0.327362 -0.031271
v 2.273594 0.311795 -0.024283
v 2.269388 0.334635 -0.031817
v 2.267333 0.355354 -0.041315
v 2.287747 0.325843 -0.033858
v 2.302518 0.321431 -0.035328
v 2.298698 0.339419 -0.044861
v 2.325505 0.329921 -0.047627
v 2.269678 0.331686 -0.043028
v 2.245044 0.342210 -0.040372
v 2.291378 0.321108 -0.045453
v 2.321218 0.312014 -0.048436
v 2.348962 0.322595 -0.049983
v 2.351058 0.302920 -0.051419
v 2.387024 0.313653 -0.053616
v 2.336585 0.311596 -0.038698
v 2.315459 0.317819 -0.036601
v 2.280175 0.309502 -0.024960
v 2.278082 0.309994 -0.024760
v 2.276799 0.310293 -0.024638
v 2.247813 0.294567 -0.032664
v 2.259385 0.289325 -0.033931
v 2.273772 0.306988 -0.024607
v 0.013239 0.252713 -0.040796
v 0.013109 0.201292 -0.051138
v 0.025000 0.273144 -0.041035
v 0.013384 0.309952 -0.032170
v 0.002157 0.272661 -0.041029
v -0.012268 0.289764 -0.041229
v 0.012283 0.311935 -0.032194
v -0.006934 0.237369 -0.051559
v -0.033023 0.271035 -0.051952
v 0.013811 0.266390 -0.051897
v 0.034380 0.238242 -0.051569
v -0.006757 0.294537 -0.052226
v 0.034557 0.295410 -0.052236
v 0.061719 0.271436 -0.051956
v 0.013463 0.315629 -0.052472
v 0.056511 0.315069 -0.052465
v 0.082300 0.293416 -0.052213
v 0.033684 0.336722 -0.052718
v 0.078465 0.334727 -0.052695
v 0.103027 0.311640 -0.052425
v 0.054836 0.360239 -0.052992
v 0.049377 0.327288 -0.041666
v 0.064694 0.313727 -0.041508
v 0.016978 0.317287 -0.032256
v 0.036728 0.341682 -0.041834
v 0.024133 0.359563 -0.042043
v 0.015627 0.318557 -0.032271
v 0.014468 0.320576 -0.032294
v 0.014516 0.317397 -0.032257
v 0.013404 0.316238 -0.032244
v 0.013356 0.318962 -0.032276
v 0.015770 0.316207 -0.032243
v 0.017025 0.315016 -0.032229
v 0.014563 0.315126 -0.032231
v 0.015723 0.314015 -0.032218
v 0.013423 0.313531 -0.032212
v 0.014554 0.311983 -0.032194
v 0.012292 0.315078 -0.032230
v 0.010848 0.313786 -0.032215
v 0.010979 0.316190 -0.032243
v 0.010150 0.317815 -0.032262
v 0.012245 0.317349 -0.032257
v 0.009714 0.315030 -0.032230
v -0.023677 0.300843 -0.041358
v 0.008247 0.316142 -0.032243
v -0.038428 0.313947 -0.041511
v -0.080334 0.313883 -0.052451
v -0.019288 0.331802 -0.041719
v -0.009467 0.346333 -0.041889
v -0.045718 0.344329 -0.052807
v -0.024770 0.370609 -0.053113
v -0.030643 0.314756 -0.052462
v -0.053656 0.290719 -0.052181
v -0.007630 0.335848 -0.052708
v 0.012590 0.365193 -0.053050
v -0.008504 0.393664 -0.053382
v 0.032810 0.394537 -0.053392
v 0.011716 0.431260 -0.053821
v 0.012469 0.379868 -0.042280
v -0.001393 0.359080 -0.042037
v 0.013308 0.322594 -0.032318
v 0.012196 0.320528 -0.032294
v 0.011519 0.319260 -0.032279
v 0.044700 0.289819 -0.041229
v 0.056137 0.301092 -0.041361
v 0.018328 0.316018 -0.032241
v -1.208073 0.692648 -0.039233
v -1.125463 0.692707 -0.049574
v -1.228499 0.683647 -0.039497
v -1.265311 0.692577 -0.030608
v -1.228024 0.701144 -0.039442
v -1.245133 0.712198 -0.039610
v -1.267295 0.693422 -0.030629
v -1.179873 0.708072 -0.049951
v -1.218350 0.724303 -0.050287
v -1.221749 0.692191 -0.050335
v -1.180731 0.676427 -0.050052
v -1.249904 0.707955 -0.050619
v -1.250762 0.676310 -0.050719
v -1.218717 0.663056 -0.050499
v -1.270989 0.692474 -0.050909
v -1.270413 0.659501 -0.050997
v -1.248750 0.639740 -0.050800
v -1.292074 0.676993 -0.051199
v -1.290063 0.642691 -0.051274
v -1.266967 0.623871 -0.051058
v -1.315583 0.660799 -0.051520
v -1.282635 0.664994 -0.040183
v -1.269068 0.653256 -0.040058
v -1.272646 0.689827 -0.030701
v -1.297034 0.674686 -0.040323
v -1.314919 0.684341 -0.040504
v -1.273915 0.690862 -0.030713
v -1.275935 0.691751 -0.030734
v -1.272756 0.691713 -0.030697
v -1.271597 0.692564 -0.030681
v -1.274322 0.692602 -0.030713
v -1.271565 0.690751 -0.030686
v -1.270375 0.689790 -0.030675
v -1.270485 0.691676 -0.030671
v -1.269373 0.690787 -0.030661
v -1.268890 0.692548 -0.030650
v -1.267342 0.691682 -0.030634
v -1.270438 0.693415 -0.030665
v -1.269146 0.694521 -0.030647
v -1.271550 0.694421 -0.030676
v -1.273176 0.695057 -0.030693
v -1.272709 0.693452 -0.030692
v -1.270391 0.695390 -0.030659
v -1.256216 0.720941 -0.039714
v -1.271503 0.696514 -0.030669
v -1.269326 0.732244 -0.039835
v -1.269276 0.764319 -0.050683
v -1.287173 0.717589 -0.040085
v -1.301700 0.710072 -0.040276
v -1.299710 0.737814 -0.051114
v -1.325982 0.721778 -0.051467
v -1.270132 0.726257 -0.050802
v -1.246103 0.743876 -0.050471
v -1.291216 0.708638 -0.051099
v -1.320553 0.693160 -0.051485
v -1.349031 0.709326 -0.051771
v -1.349890 0.677681 -0.051872
v -1.386620 0.693851 -0.052254
v -1.335228 0.693281 -0.040715
v -1.314445 0.703892 -0.040442
v -1.277954 0.692640 -0.030755
v -1.275888 0.693490 -0.030729
v -1.274620 0.694009 -0.030713
v -1.245167 0.668563 -0.039735
v -1.256436 0.659807 -0.039892
v -1.271376 0.688792 -0.030690
v 0.877265 0.682924 -0.041349
v 0.846691 0.683022 -0.047498
v 0.889408 0.675923 -0.041491
v 0.911297 0.682816 -0.036220
v 0.889129 0.689506 -0.041487
v 0.899304 0.698076 -0.041606
v 0.912477 0.683470 -0.036234
v 0.868149 0.694925 -0.047748
v 0.888176 0.710424 -0.047982
v 0.885396 0.682579 -0.047949
v 0.868652 0.670360 -0.047754
v 0.902140 0.694797 -0.048145
v 0.902644 0.670233 -0.048151
v 0.888378 0.654092 -0.047984
v 0.914673 0.682767 -0.048291
v 0.914323 0.657171 -0.048287
v 0.901439 0.641846 -0.048137
v 0.927206 0.670736 -0.048437
v 0.926003 0.644111 -0.048423
v 0.912266 0.629516 -0.048263
v 0.941181 0.658150 -0.048600
v 0.921591 0.661409 -0.041866
v 0.913522 0.652307 -0.041772
v 0.915658 0.680677 -0.036271
v 0.930155 0.668924 -0.041966
v 0.940791 0.676406 -0.042090
v 0.916413 0.681479 -0.036280
v 0.917613 0.682168 -0.036294
v 0.915724 0.682140 -0.036272
v 0.915035 0.682802 -0.036264
v 0.916655 0.682829 -0.036283
v 0.915016 0.681395 -0.036264
v 0.914307 0.680649 -0.036255
v 0.914374 0.682113 -0.036256
v 0.913712 0.681424 -0.036248
v 0.913425 0.682791 -0.036245
v 0.912505 0.682120 -0.036234
v 0.914346 0.683463 -0.036256
v 0.913578 0.684322 -0.036247
v 0.915007 0.684244 -0.036263
v 0.915974 0.684736 -0.036275
v 0.915696 0.683491 -0.036271
v 0.914318 0.684996 -0.036255
v 0.905896 0.704855 -0.041683
v 0.914980 0.685868 -0.036263
v 0.913693 0.713621 -0.041774
v 0.913671 0.738538 -0.048279
v 0.924302 0.702233 -0.041898
v 0.932938 0.696389 -0.041998
v 0.931760 0.717944 -0.048490
v 0.947378 0.705478 -0.048672
v 0.914171 0.708992 -0.048285
v 0.899888 0.722684 -0.048118
v 0.926703 0.695301 -0.048431
v 0.944143 0.683267 -0.048635
v 0.961079 0.695798 -0.048832
v 0.961582 0.671233 -0.048838
v 0.983425 0.683761 -0.049093
v 0.952868 0.683333 -0.042231
v 0.940514 0.691584 -0.042087
v 0.918814 0.682856 -0.036308
v 0.917586 0.683518 -0.036294
v 0.916833 0.683922 -0.036285
v 0.899315 0.664204 -0.041606
v 0.906013 0.657400 -0.041685
v 0.914903 0.679874 -0.036262
v 1.122810 0.682658 -0.039233
v 1.040200 0.682716 -0.049574
v 1.143236 0.673656 -0.039497
v 1.180048 0.682586 -0.030608
v 1.142761 0.691153 -0.039442
v 1.159870 0.702208 -0.039610
v 1.182032 0.683431 -0.030629
v 1.094609 0.698081 -0.049951
v 1.133086 0.714312 -0.050287
v 1.136486 0.682200 -0.050335
v 1.095468 0.666436 -0.050052
v 1.164640 0.697964 -0.050618
v 1.165499 0.666319 -0.050719
v 1.133453 0.653065 -0.050499
v 1.185725 0.682483 -0.050909
v 1.185149 0.649510 -0.050996
v 1.163487 0.629749 -0.050800
v 1.206810 0.667002 -0.051199
v 1.204800 0.632701 -0.051274
v 1.181704 0.613880 -0.051058
v 1.230319 0.650808 -0.051520
v 1.197371 0.655003 -0.040182
v 1.183805 0.643265 -0.040058
v 1.187382 0.679836 -0.030701
v 1.211770 0.664696 -0.040323
v 1.229655 0.674350 -0.040504
v 1.188652 0.680871 -0.030713
v 1.190671 0.681760 -0.030734
v 1.187493 0.681722 -0.030697
v 1.186334 0.682573 -0.030681
v 1.189058 0.682611 -0.030713
v 1.186301 0.680761 -0.030686
v 1.185111 0.679799 -0.030675
v 1.185221 0.681685 -0.030671
v 1.184110 0.680796 -0.030660
v 1.183627 0.682558 -0.030650
v 1.182079 0.681691 -0.030634
v 1.185175 0.683424 -0.030665
v 1.183883 0.684530 -0.030647
v 1.186286 0.684430 -0.030675
v 1.187912 0.685066 -0.030692
v 1.187446 0.683462 -0.030692
v 1.185128 0.685399 -0.030659
v 1.170953 0.710950 -0.039714
v 1.186240 0.686523 -0.030669
v 1.184062 0.722253 -0.039834
v 1.184013 0.754328 -0.050683
v 1.201909 0.707598 -0.040085
v 1.216436 0.700081 -0.040276
v 1.214446 0.727823 -0.051114
v 1.240719 0.711787 -0.051467
v 1.184868 0.716267 -0.050802
v 1.160840 0.733886 -0.050471
v 1.205952 0.698647 -0.051098
v 1.235289 0.683169 -0.051485
v 1.263767 0.699335 -0.051771
v 1.264626 0.667691 -0.051872
v 1.301357 0.683860 -0.052254
v 1.249964 0.683290 -0.040715
v 1.229182 0.693902 -0.040442
v 1.192690 0.682649 -0.030755
v 1.190624 0.683500 -0.030729
v 1.189357 0.684018 -0.030712
v 1.159903 0.658572 -0.039735
v 1.171172 0.649816 -0.039891
v 1.186113 0.678802 -0.030689
v 0.985034 0.753341 -0.039296
v 0.994393 0.753328 -0.039836
v 0.986318 0.786640 -0.039296
v 0.985033 0.753341 -0.049081
v 0.994394 0.753328 -0.049081
v 0.985034 0.753341 -0.058865
v 0.986318 0.786640 -0.049081
v 0.986318 0.786640 -0.058865
v 0.986217 0.795537 -0.049081
v 0.986116 0.804434 -0.049081
v 0.986217 0.795537 -0.039296
v 0.986217 0.795537 -0.058865
v 0.986115 0.804434 -0.058865
v 1.002185 0.793374 -0.057927
v 1.000175 0.785340 -0.058060
v 0.999416 0.804267 -0.057794
v 1.010457 0.791146 -0.057441
v 1.018710 0.788922 -0.056956
v 1.000992 0.794402 -0.057239
v 1.007354 0.783928 -0.057643
v 1.014517 0.782519 -0.057227
v 0.998478 0.769492 -0.058047
v 0.994394 0.753328 -0.058326
v 1.006131 0.772878 -0.057768
v 0.998479 0.769492 -0.049081
v 1.006131 0.772878 -0.049081
v 0.998478 0.769492 -0.040115
v 1.006132 0.772878 -0.040394
v 1.007354 0.783928 -0.040519
v 1.014517 0.782519 -0.040935
v 1.000175 0.785340 -0.040102
v 1.010457 0.791146 -0.040720
v 1.018710 0.788922 -0.041205
v 0.999994 0.793374 -0.040234
v 1.000992 0.794402 -0.040922
v 1.022903 0.792332 -0.041476
v 0.999416 0.804268 -0.040367
v 1.000992 0.794402 -0.049081
v 1.022903 0.792332 -0.049081
v 0.999416 0.804268 -0.049081
v 1.033734 0.787788 -0.049081
v 1.022903 0.792332 -0.056686
v 1.033733 0.787788 -0.056613
v 1.043835 0.780024 -0.056579
v 1.029346 0.785661 -0.056766
v 1.024958 0.779474 -0.056920
v 1.039578 0.780304 -0.056605
v 1.035131 0.775033 -0.056632
v 1.049772 0.766925 -0.056686
v 1.043208 0.763469 -0.056686
v 1.051127 0.772405 -0.056686
v 1.053873 0.760000 -0.056686
v 1.046583 0.757530 -0.056686
v 1.057852 0.762470 -0.056686
v 1.058030 0.753075 -0.056686
v 1.049995 0.751591 -0.056686
v 1.062154 0.754559 -0.056686
v 1.056807 0.748151 -0.056686
v 1.048850 0.747436 -0.056686
v 1.062778 0.748867 -0.056686
v 1.055445 0.743228 -0.056686
v 1.047614 0.743280 -0.056686
v 1.062316 0.743175 -0.056686
v 1.050932 0.733381 -0.056686
v 1.043948 0.734970 -0.056686
v 1.057915 0.731791 -0.056686
v 1.040946 0.719856 -0.055116
v 1.035243 0.723697 -0.055142
v 1.046648 0.716014 -0.055090
v 1.026253 0.708649 -0.053547
v 1.023401 0.713969 -0.053599
v 1.029106 0.702657 -0.053494
v 0.997582 0.693106 -0.052365
v 0.996111 0.695195 -0.052365
v 0.999053 0.691017 -0.052365
v 0.995377 0.696240 -0.049081
v 0.994641 0.697284 -0.049081
v 0.996111 0.695195 -0.049081
v 0.997582 0.693106 -0.045797
v 0.996112 0.695195 -0.045797
v 0.999052 0.691017 -0.045797
v 1.026253 0.708650 -0.044615
v 1.023401 0.713969 -0.044563
v 1.029106 0.702657 -0.044668
v 1.040946 0.719856 -0.043046
v 1.035243 0.723697 -0.043019
v 1.046648 0.716015 -0.043072
v 1.050931 0.733380 -0.041476
v 1.043948 0.734970 -0.041476
v 1.057914 0.731791 -0.041476
v 1.055445 0.743228 -0.041476
v 1.047614 0.743281 -0.041476
v 1.062316 0.743175 -0.041476
v 1.056806 0.748151 -0.041476
v 1.048850 0.747436 -0.041476
v 1.062778 0.748867 -0.041476
v 1.058030 0.753075 -0.041476
v 1.049995 0.751591 -0.041476
v 1.062154 0.754559 -0.041476
v 1.053873 0.760000 -0.041476
v 1.046583 0.757530 -0.041476
v 1.057852 0.762470 -0.041476
v 1.049772 0.768949 -0.041476
v 1.043207 0.763469 -0.041476
v 1.051127 0.772405 -0.041476
v 1.039578 0.780304 -0.041556
v 1.035131 0.775033 -0.041530
v 1.043836 0.780024 -0.041583
v 1.029346 0.785661 -0.041395
v 1.024958 0.779474 -0.041242
v 1.033734 0.787788 -0.041549
v 1.016184 0.773167 -0.040935
v 1.022598 0.771377 -0.041476
v 1.016184 0.773167 -0.049081
v 1.022598 0.771377 -0.049081
v 1.016183 0.773167 -0.057227
v 1.022598 0.771377 -0.056686
v 1.027897 0.765441 -0.056686
v 1.030625 0.758292 -0.056686
v 1.027898 0.765441 -0.049081
v 1.027897 0.765441 -0.041476
v 1.030625 0.758293 -0.049081
v 1.030625 0.758293 -0.041476
v 1.031978 0.753013 -0.049081
v 1.031978 0.753013 -0.041476
v 1.032696 0.747969 -0.049081
v 1.031978 0.753013 -0.056686
v 1.032696 0.747969 -0.056686
v 1.032679 0.741608 -0.056686
v 1.031143 0.735092 -0.056686
v 1.032679 0.741608 -0.049081
v 1.032679 0.741608 -0.041476
v 1.031143 0.735092 -0.049081
v 1.031143 0.735092 -0.041476
v 1.027217 0.727709 -0.049081
v 1.027279 0.727738 -0.042967
v 1.017567 0.718461 -0.049081
v 1.027279 0.727738 -0.055195
v 1.017695 0.718518 -0.053703
v 0.993170 0.700865 -0.052365
v 0.993171 0.700865 -0.049081
v 0.993170 0.700865 -0.045797
v 1.017695 0.718518 -0.044458
v 1.032696 0.747969 -0.041476
v 1.043835 0.780024 -0.049081
v 1.051127 0.772405 -0.049081
v 1.057751 0.762470 -0.049081
v 1.062154 0.754559 -0.049081
v 1.062778 0.748867 -0.049081
v 1.062316 0.743175 -0.049081
v 1.057915 0.731791 -0.049081
v 1.046587 0.715987 -0.049081
v 1.028984 0.702602 -0.049081
v 0.999052 0.691017 -0.049081
v 0.986116 0.804433 -0.039296
v 0.985034 0.608056 -0.039296
v 0.994394 0.608069 -0.039836
v 0.986319 0.574757 -0.039296
v 0.985034 0.608056 -0.049081
v 0.994394 0.608069 -0.049081
v 0.985035 0.608056 -0.058865
v 0.986319 0.574757 -0.049081
v 0.986318 0.574757 -0.058865
v 0.986217 0.565860 -0.049081
v 0.986116 0.556964 -0.049081
v 0.986218 0.565860 -0.039297
v 0.986217 0.565860 -0.058865
v 0.986116 0.556964 -0.058865
v 1.002186 0.568023 -0.057927
v 1.000176 0.576057 -0.058060
v 0.999417 0.557130 -0.057794
v 1.010457 0.570252 -0.057441
v 1.018711 0.572475 -0.056956
v 1.000993 0.566996 -0.057240
v 1.007355 0.577470 -0.057643
v 1.014518 0.578879 -0.057227
v 0.998479 0.591905 -0.058047
v 0.994395 0.608069 -0.058326
v 1.006132 0.588519 -0.057768
v 0.998479 0.591905 -0.049081
v 1.006132 0.588519 -0.049081
v 0.998479 0.591905 -0.040115
v 1.006132 0.588519 -0.040394
v 1.007355 0.577470 -0.040519
v 1.014518 0.578879 -0.040935
v 1.000176 0.576057 -0.040102
v 1.010458 0.570252 -0.040720
v 1.018711 0.572475 -0.041205
v 0.999995 0.568023 -0.040235
v 1.000993 0.566996 -0.040922
v 1.022904 0.569065 -0.041476
v 0.999417 0.557130 -0.040367
v 1.000993 0.566996 -0.049081
v 1.022904 0.569065 -0.049081
v 0.999417 0.557130 -0.049081
v 1.033734 0.573610 -0.049081
v 1.022904 0.569065 -0.056686
v 1.033734 0.573610 -0.056613
v 1.043836 0.581373 -0.056579
v 1.029346 0.575737 -0.056766
v 1.024959 0.581923 -0.056920
v 1.039579 0.581093 -0.056605
v 1.035131 0.586364 -0.056632
v 1.049773 0.594472 -0.056686
v 1.043209 0.597928 -0.056686
v 1.051127 0.588993 -0.056686
v 1.053874 0.601397 -0.056686
v 1.046584 0.603867 -0.056686
v 1.057852 0.598927 -0.056686
v 1.058030 0.608323 -0.056686
v 1.049995 0.609806 -0.056686
v 1.062155 0.606839 -0.056686
v 1.056807 0.613246 -0.056686
v 1.048851 0.613962 -0.056686
v 1.062779 0.612530 -0.056686
v 1.055446 0.618170 -0.056686
v 1.047615 0.618117 -0.056686
v 1.062317 0.618222 -0.056686
v 1.050932 0.628017 -0.056686
v 1.043948 0.626428 -0.056686
v 1.057915 0.629606 -0.056686
v 1.040947 0.641542 -0.055116
v 1.035244 0.637701 -0.055142
v 1.046649 0.645383 -0.055090
v 1.026254 0.652748 -0.053547
v 1.023401 0.647428 -0.053599
v 1.029107 0.658741 -0.053494
v 0.997583 0.668291 -0.052365
v 0.996113 0.666202 -0.052365
v 0.999053 0.670380 -0.052365
v 0.995378 0.665158 -0.049081
v 0.994642 0.664113 -0.049081
v 0.996112 0.666202 -0.049081
v 0.997583 0.668291 -0.045797
v 0.996112 0.666202 -0.045797
v 0.999053 0.670380 -0.045797
v 1.026254 0.652748 -0.044615
v 1.023401 0.647428 -0.044563
v 1.029106 0.658741 -0.044668
v 1.040947 0.641542 -0.043046
v 1.035244 0.637701 -0.043019
v 1.046649 0.645383 -0.043072
v 1.050932 0.628017 -0.041476
v 1.043949 0.626428 -0.041476
v 1.057915 0.629606 -0.041476
v 1.055446 0.618170 -0.041476
v 1.047615 0.618117 -0.041476
v 1.062317 0.618222 -0.041476
v 1.056807 0.613246 -0.041476
v 1.048851 0.613962 -0.041476
v 1.062779 0.612531 -0.041476
v 1.058030 0.608322 -0.041476
v 1.049995 0.609806 -0.041476
v 1.062155 0.606839 -0.041476
v 1.053874 0.601397 -0.041476
v 1.046583 0.603867 -0.041476
v 1.057853 0.598927 -0.041476
v 1.049773 0.592449 -0.041476
v 1.043208 0.597928 -0.041476
v 1.051128 0.588993 -0.041476
v 1.039579 0.581093 -0.041556
v 1.035132 0.586364 -0.041530
v 1.043837 0.581373 -0.041583
v 1.029347 0.575737 -0.041395
v 1.024959 0.581923 -0.041242
v 1.033734 0.573610 -0.041549
v 1.016184 0.588230 -0.040935
v 1.022598 0.590021 -0.041476
v 1.016185 0.588230 -0.049081
v 1.022599 0.590021 -0.049081
v 1.016185 0.588230 -0.057227
v 1.022599 0.590020 -0.056686
v 1.027898 0.595956 -0.056686
v 1.030626 0.603105 -0.056686
v 1.027898 0.595956 -0.049081
v 1.027898 0.595956 -0.041476
v 1.030626 0.603105 -0.049081
v 1.030626 0.603105 -0.041476
v 1.031979 0.608385 -0.049081
v 1.031979 0.608385 -0.041476
v 1.032697 0.613429 -0.049081
v 1.031978 0.608384 -0.056686
v 1.032697 0.613429 -0.056686
v 1.032680 0.619789 -0.056686
v 1.031143 0.626306 -0.056686
v 1.032679 0.619789 -0.049081
v 1.032679 0.619789 -0.041476
v 1.031143 0.626305 -0.049081
v 1.031144 0.626306 -0.041476
v 1.027217 0.633688 -0.049081
v 1.027280 0.633660 -0.042967
v 1.017568 0.642937 -0.049081
v 1.027280 0.633660 -0.055195
v 1.017696 0.642879 -0.053703
v 0.993172 0.660533 -0.052365
v 0.993172 0.660533 -0.049081
v 0.993171 0.660533 -0.045797
v 1.017695 0.642879 -0.044458
v 1.032697 0.613429 -0.041476
v 1.043837 0.581373 -0.049081
v 1.051128 0.588993 -0.049081
v 1.057751 0.598927 -0.049081
v 1.062155 0.606839 -0.049081
v 1.062779 0.612531 -0.049081
v 1.062317 0.618222 -0.049081
v 1.057915 0.629606 -0.049081
v 1.046587 0.645411 -0.049081
v 1.028984 0.658796 -0.049081
v 0.999053 0.670380 -0.049081
v 0.986116 0.556964 -0.039296
v -0.962528 0.692915 -0.041349
v -0.931955 0.693012 -0.047498
v -0.974671 0.685914 -0.041491
v -0.996561 0.692806 -0.036220
v -0.974393 0.699497 -0.041487
v -0.984568 0.708067 -0.041606
v -0.997741 0.693461 -0.036234
v -0.953413 0.704916 -0.047748
v -0.973440 0.720414 -0.047982
v -0.970660 0.692569 -0.047950
v -0.953916 0.680351 -0.047754
v -0.987404 0.704788 -0.048145
v -0.987907 0.680223 -0.048151
v -0.973642 0.664082 -0.047985
v -0.999937 0.692757 -0.048291
v -0.999587 0.667162 -0.048287
v -0.986703 0.651837 -0.048137
v -1.012470 0.680727 -0.048437
v -1.011267 0.654101 -0.048424
v -0.997530 0.639506 -0.048263
v -1.026445 0.668141 -0.048601
v -1.006855 0.671400 -0.041866
v -0.998786 0.662297 -0.041772
v -1.000921 0.690667 -0.036271
v -1.015419 0.678914 -0.041966
v -1.026055 0.686397 -0.042090
v -1.001677 0.691470 -0.036280
v -1.002877 0.692158 -0.036294
v -1.000988 0.692131 -0.036272
v -1.000299 0.692792 -0.036264
v -1.001919 0.692820 -0.036283
v -1.000279 0.691386 -0.036264
v -0.999571 0.690640 -0.036255
v -0.999637 0.692104 -0.036256
v -0.998976 0.691414 -0.036248
v -0.998689 0.692782 -0.036245
v -0.997769 0.692110 -0.036234
v -0.999609 0.693454 -0.036256
v -0.998842 0.694313 -0.036247
v -1.000271 0.694234 -0.036264
v -1.001238 0.694726 -0.036275
v -1.000960 0.693481 -0.036272
v -0.999582 0.694987 -0.036256
v -0.991160 0.714846 -0.041683
v -1.000243 0.695858 -0.036263
v -0.998957 0.723611 -0.041774
v -0.998935 0.748528 -0.048279
v -1.009565 0.712224 -0.041898
v -1.018201 0.706379 -0.041999
v -1.017024 0.727934 -0.048490
v -1.032641 0.715469 -0.048673
v -0.999435 0.718983 -0.048285
v -0.985152 0.732675 -0.048118
v -1.011967 0.705292 -0.048431
v -1.029407 0.693258 -0.048635
v -1.046343 0.705788 -0.048832
v -1.046846 0.681224 -0.048838
v -1.068689 0.693751 -0.049093
v -1.038132 0.693323 -0.042231
v -1.025778 0.701574 -0.042087
v -1.004078 0.692847 -0.036308
v -1.002850 0.693509 -0.036294
v -1.002096 0.693912 -0.036285
v -0.984578 0.674195 -0.041607
v -0.991277 0.667390 -0.041685
v -1.000166 0.689865 -0.036262
v -1.070297 0.763332 -0.039297
v -1.079657 0.763319 -0.039836
v -1.071581 0.796631 -0.039297
v -1.070297 0.763332 -0.049081
v -1.079658 0.763319 -0.049081
v -1.070297 0.763332 -0.058865
v -1.071581 0.796631 -0.049081
v -1.071581 0.796631 -0.058865
v -1.071481 0.805528 -0.049081
v -1.071380 0.814424 -0.049081
v -1.071481 0.805528 -0.039297
v -1.071481 0.805528 -0.058865
v -1.071380 0.814424 -0.058865
v -1.087448 0.803365 -0.057927
v -1.085439 0.795331 -0.058060
v -1.084680 0.814258 -0.057794
v -1.095720 0.801136 -0.057441
v -1.103974 0.798913 -0.056957
v -1.086256 0.804392 -0.057240
v -1.092618 0.793918 -0.057643
v -1.099781 0.792509 -0.057227
v -1.083742 0.779483 -0.058047
v -1.079658 0.763319 -0.058326
v -1.091395 0.782869 -0.057768
v -1.083742 0.779483 -0.049081
v -1.091395 0.782869 -0.049081
v -1.083742 0.779483 -0.040115
v -1.091395 0.782869 -0.040394
v -1.092618 0.793918 -0.040519
v -1.099781 0.792509 -0.040935
v -1.085439 0.795331 -0.040102
v -1.095720 0.801136 -0.040721
v -1.103974 0.798913 -0.041205
v -1.085258 0.803365 -0.040235
v -1.086256 0.804392 -0.040922
v -1.108167 0.802323 -0.041476
v -1.084680 0.814258 -0.040368
v -1.086256 0.804392 -0.049081
v -1.108167 0.802323 -0.049081
v -1.084680 0.814258 -0.049081
v -1.118997 0.797778 -0.049081
v -1.108167 0.802323 -0.056686
v -1.118997 0.797778 -0.056613
v -1.129099 0.790015 -0.056579
v -1.114610 0.795651 -0.056766
v -1.110222 0.789465 -0.056920
v -1.124842 0.790295 -0.056606
v -1.120395 0.785024 -0.056632
v -1.135035 0.776916 -0.056686
v -1.128471 0.773460 -0.056686
v -1.136391 0.782395 -0.056686
v -1.139137 0.769991 -0.056686
v -1.131846 0.767521 -0.056686
v -1.143116 0.772461 -0.056686
v -1.143293 0.763066 -0.056686
v -1.135258 0.761582 -0.056686
v -1.147418 0.764549 -0.056686
v -1.142070 0.758142 -0.056686
v -1.134114 0.757426 -0.056686
v -1.148042 0.758857 -0.056686
v -1.140709 0.753218 -0.056686
v -1.132878 0.753271 -0.056686
v -1.147580 0.753166 -0.056686
v -1.136195 0.743371 -0.056686
v -1.129212 0.744960 -0.056686
v -1.143178 0.741782 -0.056686
v -1.126209 0.729846 -0.055116
v -1.120507 0.733687 -0.055143
v -1.131912 0.726005 -0.055090
v -1.111517 0.718640 -0.053547
v -1.108664 0.723960 -0.053599
v -1.114370 0.712647 -0.053494
v -1.082846 0.703097 -0.052365
v -1.081375 0.705186 -0.052365
v -1.084316 0.701008 -0.052365
v -1.080640 0.706230 -0.049081
v -1.079905 0.707275 -0.049081
v -1.081375 0.705186 -0.049081
v -1.082846 0.703097 -0.045797
v -1.081375 0.705186 -0.045797
v -1.084316 0.701008 -0.045797
v -1.111517 0.718640 -0.044615
v -1.108664 0.723960 -0.044563
v -1.114369 0.712647 -0.044668
v -1.126209 0.729846 -0.043046
v -1.120507 0.733687 -0.043020
v -1.131912 0.726005 -0.043072
v -1.136195 0.743371 -0.041476
v -1.129212 0.744960 -0.041476
v -1.143178 0.741782 -0.041476
v -1.140709 0.753219 -0.041476
v -1.132878 0.753271 -0.041476
v -1.147580 0.753166 -0.041476
v -1.142070 0.758142 -0.041476
v -1.134114 0.757427 -0.041476
v -1.148042 0.758857 -0.041476
v -1.143293 0.763066 -0.041476
v -1.135258 0.761582 -0.041476
v -1.147418 0.764549 -0.041476
v -1.139137 0.769991 -0.041476
v -1.131846 0.767521 -0.041476
v -1.143116 0.772461 -0.041476
v -1.135035 0.778939 -0.041476
v -1.128471 0.773460 -0.041476
v -1.136391 0.782395 -0.041476
v -1.124842 0.790295 -0.041557
v -1.120395 0.785024 -0.041530
v -1.129099 0.790015 -0.041583
v -1.114610 0.795651 -0.041396
v -1.110222 0.789465 -0.041242
v -1.118997 0.797778 -0.041549
v -1.101447 0.783158 -0.040935
v -1.107861 0.781368 -0.041476
v -1.101447 0.783158 -0.049081
v -1.107861 0.781368 -0.049081
v -1.101447 0.783158 -0.057227
v -1.107861 0.781368 -0.056686
v -1.113161 0.775432 -0.056686
v -1.115889 0.768283 -0.056686
v -1.113161 0.775432 -0.049081
v -1.113161 0.775432 -0.041476
v -1.115889 0.768283 -0.049081
v -1.115889 0.768283 -0.041476
v -1.117242 0.763003 -0.049081
v -1.117242 0.763004 -0.041476
v -1.117960 0.757959 -0.049081
v -1.117242 0.763003 -0.056686
v -1.117960 0.757959 -0.056686
v -1.117942 0.751599 -0.056686
v -1.116406 0.745082 -0.056686
v -1.117942 0.751599 -0.049081
v -1.117942 0.751599 -0.041476
v -1.116406 0.745083 -0.049081
v -1.116406 0.745083 -0.041476
v -1.112480 0.737700 -0.049081
v -1.112543 0.737728 -0.042967
v -1.102831 0.728452 -0.049081
v -1.112543 0.737728 -0.055195
v -1.102959 0.728509 -0.053703
v -1.078435 0.710855 -0.052365
v -1.078435 0.710855 -0.049081
v -1.078435 0.710855 -0.045797
v -1.102959 0.728509 -0.044459
v -1.117960 0.757959 -0.041476
v -1.129099 0.790015 -0.049081
v -1.136391 0.782395 -0.049081
v -1.143015 0.772461 -0.049081
v -1.147418 0.764549 -0.049081
v -1.148042 0.758857 -0.049081
v -1.147580 0.753166 -0.049081
v -1.143178 0.741782 -0.049081
v -1.131850 0.725977 -0.049081
v -1.114247 0.712592 -0.049081
v -1.084316 0.701008 -0.049081
v -1.071380 0.814424 -0.039297
v -1.070298 0.618047 -0.039297
v -1.079658 0.618060 -0.039836
v -1.071582 0.584748 -0.039297
v -1.070298 0.618047 -0.049081
v -1.079658 0.618060 -0.049081
v -1.070298 0.618047 -0.058866
v -1.071582 0.584748 -0.049081
v -1.071582 0.584748 -0.058866
v -1.071481 0.575851 -0.049081
v -1.071380 0.566954 -0.049081
v -1.071481 0.575851 -0.039297
v -1.071481 0.575851 -0.058866
v -1.071380 0.566954 -0.058866
v -1.087449 0.578014 -0.057927
v -1.085440 0.586048 -0.058060
v -1.084681 0.567120 -0.057794
v -1.095721 0.580242 -0.057442
v -1.103975 0.582466 -0.056957
v -1.086257 0.576986 -0.057240
v -1.092619 0.587460 -0.057643
v -1.099782 0.588869 -0.057227
v -1.083743 0.601896 -0.058047
v -1.079658 0.618060 -0.058326
v -1.091396 0.598510 -0.057768
v -1.083743 0.601896 -0.049081
v -1.091396 0.598510 -0.049081
v -1.083743 0.601896 -0.040115
v -1.091396 0.598510 -0.040394
v -1.092619 0.587460 -0.040519
v -1.099782 0.588869 -0.040935
v -1.085440 0.586048 -0.040102
v -1.095721 0.580242 -0.040721
v -1.103975 0.582466 -0.041205
v -1.085259 0.578014 -0.040235
v -1.086257 0.576986 -0.040922
v -1.108168 0.579056 -0.041476
v -1.084681 0.567121 -0.040368
v -1.086257 0.576986 -0.049081
v -1.108168 0.579056 -0.049081
v -1.084681 0.567121 -0.049081
v -1.118998 0.583600 -0.049081
v -1.108168 0.579056 -0.056686
v -1.118998 0.583600 -0.056613
v -1.129100 0.591364 -0.056579
v -1.114611 0.585727 -0.056766
v -1.110223 0.591914 -0.056920
v -1.124843 0.591084 -0.056606
v -1.120395 0.596355 -0.056632
v -1.135036 0.604463 -0.056686
v -1.128472 0.607919 -0.056686
v -1.136392 0.598983 -0.056686
v -1.139137 0.611388 -0.056686
v -1.131847 0.613858 -0.056686
v -1.143116 0.608918 -0.056686
v -1.143294 0.618313 -0.056686
v -1.135259 0.619797 -0.056686
v -1.147418 0.616829 -0.056686
v -1.142071 0.623237 -0.056686
v -1.134115 0.623952 -0.056686
v -1.148043 0.622521 -0.056686
v -1.140709 0.628160 -0.056686
v -1.132879 0.628107 -0.056686
v -1.147580 0.628213 -0.056686
v -1.136196 0.638008 -0.056686
v -1.129212 0.636418 -0.056686
v -1.143179 0.639597 -0.056686
v -1.126210 0.651533 -0.055116
v -1.120508 0.647691 -0.055143
v -1.131913 0.655374 -0.055090
v -1.111518 0.662739 -0.053547
v -1.108665 0.657419 -0.053599
v -1.114370 0.668731 -0.053494
v -1.082847 0.678282 -0.052365
v -1.081376 0.676193 -0.052365
v -1.084317 0.680371 -0.052365
v -1.080641 0.675148 -0.049081
v -1.079906 0.674104 -0.049081
v -1.081376 0.676193 -0.049081
v -1.082847 0.678282 -0.045797
v -1.081376 0.676193 -0.045797
v -1.084317 0.680371 -0.045797
v -1.111518 0.662739 -0.044615
v -1.108665 0.657419 -0.044563
v -1.114370 0.668731 -0.044668
v -1.126210 0.651533 -0.043046
v -1.120508 0.647691 -0.043020
v -1.131913 0.655374 -0.043072
v -1.136196 0.638008 -0.041476
v -1.129213 0.636418 -0.041476
v -1.143179 0.639597 -0.041476
v -1.140710 0.628160 -0.041476
v -1.132879 0.628108 -0.041476
v -1.147580 0.628213 -0.041476
v -1.142071 0.623237 -0.041476
v -1.134115 0.623952 -0.041476
v -1.148043 0.622521 -0.041476
v -1.143294 0.618313 -0.041476
v -1.135259 0.619797 -0.041476
v -1.147418 0.616829 -0.041476
v -1.139137 0.611388 -0.041476
v -1.131847 0.613858 -0.041476
v -1.143116 0.608918 -0.041476
v -1.135036 0.602439 -0.041476
v -1.128472 0.607919 -0.041476
v -1.136392 0.598983 -0.041476
v -1.124843 0.591084 -0.041557
v -1.120396 0.596355 -0.041530
v -1.129100 0.591364 -0.041583
v -1.114611 0.585728 -0.041396
v -1.110223 0.591914 -0.041242
v -1.118998 0.583600 -0.041549
v -1.101448 0.598221 -0.040935
v -1.107862 0.600011 -0.041476
v -1.101448 0.598221 -0.049081
v -1.107862 0.600011 -0.049081
v -1.101448 0.598221 -0.057227
v -1.107862 0.600011 -0.056686
v -1.113162 0.605947 -0.056686
v -1.115890 0.613095 -0.056686
v -1.113162 0.605947 -0.049081
v -1.113162 0.605947 -0.041476
v -1.115890 0.613096 -0.049081
v -1.115890 0.613096 -0.041476
v -1.117242 0.618375 -0.049081
v -1.117242 0.618375 -0.041476
v -1.117961 0.623419 -0.049081
v -1.117243 0.618375 -0.056686
v -1.117961 0.623420 -0.056686
v -1.117943 0.629780 -0.056686
v -1.116407 0.636296 -0.056686
v -1.117943 0.629780 -0.049081
v -1.117943 0.629780 -0.041476
v -1.116407 0.636296 -0.049081
v -1.116407 0.636296 -0.041476
v -1.112481 0.643679 -0.049081
v -1.112544 0.643650 -0.042967
v -1.102832 0.652927 -0.049081
v -1.112544 0.643650 -0.055195
v -1.102959 0.652870 -0.053703
v -1.078435 0.670523 -0.052365
v -1.078435 0.670524 -0.049081
v -1.078435 0.670524 -0.045797
v -1.102959 0.652870 -0.044459
v -1.117961 0.623420 -0.041476
v -1.129100 0.591364 -0.049081
v -1.136391 0.598983 -0.049081
v -1.143016 0.608918 -0.049081
v -1.147418 0.616830 -0.049081
v -1.148043 0.622521 -0.049081
v -1.147580 0.628213 -0.049081
v -1.143179 0.639597 -0.049081
v -1.131851 0.655401 -0.049081
v -1.114248 0.668786 -0.049081
v -1.084317 0.680371 -0.049081
v -1.071380 0.566954 -0.039297
v 1.529668 4.807269 -0.017335
v 1.536389 4.771850 0.029145
v 1.528670 4.784678 -0.039761
v 1.520984 4.865392 -0.070485
v 1.523466 4.875618 -0.040338
v 1.541903 4.816931 -0.009609
v 1.547941 4.785077 0.032120
v 1.554314 4.785377 0.095088
v 1.598930 4.787963 0.026945
v 1.605303 4.788263 0.089913
v 1.607719 4.820516 0.131703
v 1.620966 4.812278 0.139412
v 1.611055 4.776076 0.021568
v 1.618272 4.776417 0.092864
v 1.620736 4.749121 0.101919
v 1.624504 4.789902 0.161796
v 1.611681 4.748694 0.012461
v 1.591101 4.779233 -0.055072
v 1.600122 4.735794 0.009594
v 1.603337 4.788904 -0.047339
v 1.609998 4.736259 0.107165
v 1.559009 4.733373 0.112340
v 1.563086 4.777431 0.177090
v 1.614076 4.780317 0.171915
v 1.612535 4.866617 0.204859
v 1.561545 4.863730 0.210034
v 1.548386 4.866684 0.200250
v 1.549838 4.785676 0.169373
v 1.554206 4.993623 0.210157
v 1.546012 5.079611 0.177376
v 1.605195 4.996509 0.204982
v 1.541463 4.989225 0.200366
v 1.533776 5.069941 0.169643
v 1.532778 5.047349 0.147216
v 1.525431 5.110149 0.109843
v 1.526057 5.082767 0.100736
v 1.516377 5.109722 0.020385
v 1.518840 5.082427 0.029440
v 1.531809 5.070581 0.032390
v 1.538183 5.070881 0.095359
v 1.589172 5.073767 0.090184
v 1.582799 5.073467 0.027216
v 1.544221 5.039027 0.137088
v 1.538982 4.979001 0.170220
v 1.549933 4.976013 0.158236
v 1.595210 5.041913 0.131913
v 1.600923 4.978899 0.153062
v 1.613649 4.983227 0.162642
v 1.606300 4.883731 0.152971
v 1.619433 4.880848 0.162545
v 1.623053 4.870911 0.192672
v 1.616129 4.993452 0.192789
v 1.607446 5.051575 0.139639
v 1.608443 5.074166 0.162065
v 1.600098 5.114375 0.102265
v 1.600724 5.086993 0.093158
v 1.597002 5.082497 0.172201
v 1.587980 5.125937 0.107534
v 1.536991 5.123051 0.112710
v 1.527115 5.122585 0.015139
v 1.578104 5.125471 0.009964
v 1.523037 5.078527 -0.049611
v 1.574026 5.081413 -0.054786
v 1.512609 5.068942 -0.039492
v 1.524578 4.992227 -0.082556
v 1.514060 4.987933 -0.070369
v 1.531918 4.862334 -0.082678
v 1.575568 4.995113 -0.087730
v 1.582907 4.865220 -0.087853
v 1.588726 4.992160 -0.077946
v 1.587275 5.073168 -0.047069
v 1.590813 5.050792 -0.024686
v 1.591044 5.113948 0.012807
v 1.593507 5.086653 0.021862
v 1.592347 4.982223 -0.047819
v 1.580383 5.041214 -0.014574
v 1.581803 4.977998 -0.035842
v 1.529394 5.038328 -0.009400
v 1.516148 5.046566 -0.017108
v 1.517680 4.977996 -0.040241
v 1.530813 4.975112 -0.030668
v 1.536190 4.879944 -0.030758
v 1.587179 4.882830 -0.035933
v 1.598131 4.879844 -0.047916
v 1.592892 4.819817 -0.014784
v 1.604334 4.811495 -0.024913
v 1.595650 4.869618 -0.078063
v 1.540111 4.776348 -0.049898
v 1.549133 4.732907 0.014769
v 1.537015 4.744468 0.020038
v 1.546069 4.744895 0.109497
v 1.543606 4.772191 0.100442
v 1.546300 4.808053 0.146989
v 1.544767 4.876622 0.170122
v 1.556730 4.817630 0.136878
v 1.555311 4.880846 0.158146
v 1.668903 4.571054 0.017943
v 1.624337 4.532779 0.020943
v 1.692609 4.549839 0.016460
v 1.718884 4.632446 0.014528
v 1.688135 4.640819 0.016503
v 1.660238 4.579531 0.030426
v 1.620232 4.545113 0.033120
v 1.552940 4.528740 0.025593
v 1.557175 4.541545 0.037227
v 1.560504 4.541685 0.088451
v 1.623559 4.545252 0.084344
v 1.557814 4.528944 0.100604
v 1.629211 4.532983 0.095953
v 1.673776 4.571258 0.092953
v 1.663566 4.579670 0.081650
v 1.693009 4.641024 0.091513
v 1.681239 4.643986 0.080327
v 1.675862 4.739154 0.080417
v 1.677910 4.643847 0.029103
v 1.672533 4.739015 0.029193
v 1.682350 4.743197 0.016600
v 1.647729 4.800928 0.030636
v 1.655381 4.810350 0.018170
v 1.711959 4.754986 0.014644
v 1.723529 4.759316 0.025824
v 1.676547 4.834104 0.016729
v 1.685753 4.843599 0.028049
v 1.614338 4.871209 0.020671
v 1.606789 4.843356 0.021237
v 1.535392 4.839317 0.025888
v 1.604099 4.830616 0.033390
v 1.651057 4.801067 0.081860
v 1.607428 4.830755 0.084615
v 1.541044 4.827049 0.037497
v 1.490827 4.801043 0.028888
v 1.544372 4.827188 0.088722
v 1.501036 4.792631 0.040191
v 1.483364 4.728314 0.041514
v 1.471594 4.731277 0.030328
v 1.504364 4.792769 0.091415
v 1.486693 4.728454 0.092738
v 1.495701 4.801247 0.103898
v 1.476469 4.731481 0.105338
v 1.452643 4.617314 0.107197
v 1.482253 4.629102 0.105241
v 1.445719 4.739854 0.107313
v 1.492070 4.633286 0.092648
v 1.488742 4.633146 0.041424
v 1.513545 4.571233 0.039981
v 1.516874 4.571373 0.091205
v 1.509221 4.561950 0.103671
v 1.488056 4.538198 0.105111
v 1.550265 4.501091 0.101170
v 1.478849 4.528701 0.093792
v 1.441074 4.612983 0.096017
v 1.433735 4.742876 0.096140
v 1.437746 4.612844 0.044793
v 1.475521 4.528562 0.042568
v 1.483181 4.537993 0.030101
v 1.545390 4.500887 0.026160
v 1.542793 4.488479 0.038306
v 1.546121 4.488618 0.089530
v 1.643829 4.494145 0.083166
v 1.639849 4.506159 0.095335
v 1.706155 4.541559 0.078987
v 1.640500 4.494005 0.031942
v 1.702826 4.541420 0.027763
v 1.634975 4.505955 0.020325
v 1.730868 4.629424 0.025701
v 1.734197 4.629564 0.076925
v 1.723758 4.632650 0.089538
v 1.726857 4.759456 0.077048
v 1.697483 4.550044 0.091470
v 1.716833 4.755190 0.089654
v 1.681421 4.834308 0.091740
v 1.689081 4.843738 0.079273
v 1.621811 4.883822 0.083535
v 1.619212 4.871413 0.095681
v 1.529628 4.866346 0.101517
v 1.524103 4.878295 0.089899
v 1.611663 4.843560 0.096248
v 1.660255 4.810555 0.093180
v 1.540267 4.839521 0.100898
v 1.471994 4.822461 0.105381
v 1.461775 4.830881 0.094078
v 1.520774 4.878156 0.038676
v 1.458447 4.830741 0.042854
v 1.430406 4.742736 0.044916
v 1.467119 4.822258 0.030371
v 1.524753 4.866141 0.026506
v 1.618483 4.883682 0.032311
v 1.440845 4.739651 0.032303
v 1.447769 4.617111 0.032187
v 1.504348 4.561745 0.028661
v 1.477378 4.628898 0.030231
v 1.687224 4.743402 0.091610
v 1.574527 5.079875 -0.050713
v 1.576103 4.993467 -0.083374
v 1.585131 5.079757 -0.064518
v 1.525115 4.990581 -0.078199
v 1.523538 5.076989 -0.045538
v 1.510464 5.075531 -0.056940
v 1.511938 4.994453 -0.087634
v 1.586605 4.998680 -0.095212
v 1.733657 1.196993 -0.020759
v 1.740378 1.161575 0.025722
v 1.732659 1.174403 -0.043185
v 1.724974 1.255117 -0.073908
v 1.727454 1.265342 -0.043762
v 1.745893 1.206656 -0.013033
v 1.751931 1.174802 0.028696
v 1.747596 1.161915 0.097018
v 1.758304 1.175102 0.091664
v 1.809294 1.177988 0.086489
v 1.802920 1.177688 0.023521
v 1.796882 1.209542 -0.018208
v 1.808323 1.201220 -0.028336
v 1.815045 1.165801 0.018144
v 1.822262 1.166141 0.089440
v 1.824726 1.138846 0.098495
v 1.828494 1.179626 0.158372
v 1.824956 1.202003 0.135988
v 1.815671 1.138419 0.009037
v 1.807326 1.178629 -0.050763
v 1.813988 1.125984 0.103741
v 1.804111 1.125518 0.006171
v 1.795090 1.168958 -0.058496
v 1.786896 1.254945 -0.091277
v 1.744101 1.166072 -0.053321
v 1.735907 1.252059 -0.086102
v 1.741004 1.134193 0.016615
v 1.753123 1.122632 0.011345
v 1.762998 1.123098 0.108916
v 1.750059 1.134620 0.106073
v 1.767076 1.167156 0.173666
v 1.818065 1.170042 0.168491
v 1.765535 1.253456 0.206610
v 1.753828 1.175400 0.165950
v 1.750290 1.197777 0.143566
v 1.752377 1.256409 0.196827
v 1.745453 1.378950 0.196942
v 1.748757 1.266346 0.166699
v 1.742972 1.368725 0.166795
v 1.759300 1.270570 0.154723
v 1.760720 1.207355 0.133455
v 1.811709 1.210241 0.128280
v 1.823423 1.270572 0.159121
v 1.810290 1.273456 0.149548
v 1.817638 1.372951 0.159218
v 1.804913 1.368624 0.149638
v 1.753923 1.365739 0.154813
v 1.748210 1.428752 0.133664
v 1.736769 1.437074 0.143793
v 1.799200 1.431638 0.128489
v 1.793162 1.463491 0.086760
v 1.742172 1.460606 0.091935
v 1.786788 1.463191 0.023792
v 1.735799 1.460305 0.028967
v 1.730048 1.472492 0.097312
v 1.729422 1.499874 0.106420
v 1.720366 1.499447 0.016961
v 1.722831 1.472152 0.026016
v 1.737767 1.459665 0.166219
v 1.750002 1.469335 0.173952
v 1.758196 1.383348 0.206733
v 1.816524 1.256342 0.201435
v 1.809185 1.386234 0.201559
v 1.812432 1.463891 0.158641
v 1.820119 1.383176 0.189365
v 1.800991 1.472221 0.168778
v 1.804088 1.504100 0.098842
v 1.791970 1.515661 0.104111
v 1.740981 1.512775 0.109286
v 1.731105 1.512310 0.011715
v 1.782094 1.515195 0.006540
v 1.778016 1.471138 -0.058209
v 1.727027 1.468251 -0.053035
v 1.728568 1.381951 -0.085979
v 1.716598 1.458667 -0.042915
v 1.720136 1.436290 -0.020532
v 1.718050 1.377658 -0.073792
v 1.721669 1.367721 -0.043665
v 1.733383 1.428053 -0.012823
v 1.734803 1.364837 -0.034091
v 1.785792 1.367723 -0.039266
v 1.740180 1.269670 -0.034181
v 1.791169 1.272555 -0.039356
v 1.802120 1.269569 -0.051340
v 1.796336 1.371947 -0.051243
v 1.792716 1.381884 -0.081370
v 1.799640 1.259343 -0.081486
v 1.794803 1.440516 -0.028109
v 1.791264 1.462893 -0.050493
v 1.779557 1.384838 -0.091154
v 1.795033 1.503673 0.009383
v 1.797497 1.476378 0.018439
v 1.804714 1.476718 0.089735
v 1.811435 1.441300 0.136215
v 1.784373 1.430939 -0.017998
v 1.827043 1.260635 0.189249
v 1.843445 1.481934 0.015014
v 1.798881 1.443659 0.018013
v 1.867152 1.460719 0.013531
v 1.893427 1.543325 0.011599
v 1.862678 1.551700 0.013574
v 1.834782 1.490411 0.027497
v 1.794774 1.455992 0.030190
v 1.727483 1.439621 0.022664
v 1.731718 1.452426 0.034297
v 1.735047 1.452565 0.085522
v 1.798103 1.456132 0.081414
v 1.838110 1.490551 0.078721
v 1.848319 1.482138 0.090024
v 1.867552 1.551903 0.088584
v 1.855782 1.554866 0.077398
v 1.852453 1.554727 0.026173
v 1.861767 1.654282 0.088681
v 1.850405 1.650034 0.077488
v 1.847076 1.649895 0.026264
v 1.822272 1.711808 0.027707
v 1.825600 1.711948 0.078931
v 1.778642 1.741496 0.030461
v 1.781971 1.741635 0.081685
v 1.834798 1.721435 0.090251
v 1.786206 1.754440 0.093318
v 1.855965 1.745188 0.088811
v 1.891377 1.666070 0.086725
v 1.901401 1.670336 0.074118
v 1.898301 1.543530 0.086609
v 1.908740 1.540444 0.073996
v 1.872027 1.460924 0.088541
v 1.880699 1.452439 0.076057
v 1.905412 1.540305 0.022771
v 1.898072 1.670197 0.022895
v 1.877370 1.452299 0.024833
v 1.809518 1.416834 0.017395
v 1.815043 1.404886 0.029012
v 1.717336 1.399359 0.035377
v 1.818372 1.405025 0.080237
v 1.720663 1.399498 0.086601
v 1.814392 1.417039 0.092406
v 1.803754 1.443864 0.093024
v 1.724808 1.411971 0.098241
v 1.732357 1.439825 0.097675
v 1.683766 1.472830 0.100742
v 1.662598 1.449077 0.102182
v 1.653393 1.439582 0.090862
v 1.615617 1.523864 0.093087
v 1.627187 1.528194 0.104268
v 1.620263 1.650735 0.104384
v 1.651011 1.642361 0.102409
v 1.656797 1.539983 0.102311
v 1.666612 1.544166 0.089719
v 1.691417 1.482253 0.088276
v 1.688089 1.482113 0.037051
v 1.663285 1.544027 0.038495
v 1.651922 1.539778 0.027301
v 1.678891 1.472626 0.025732
v 1.657724 1.448873 0.027172
v 1.622311 1.527990 0.029257
v 1.612289 1.523724 0.041864
v 1.604949 1.653617 0.041987
v 1.615388 1.650531 0.029373
v 1.646138 1.642157 0.027398
v 1.665370 1.711923 0.025959
v 1.675579 1.703510 0.037262
v 1.657907 1.639194 0.038585
v 1.661236 1.639334 0.089809
v 1.678908 1.703650 0.088485
v 1.670244 1.712127 0.100969
v 1.718915 1.738069 0.085792
v 1.715587 1.737929 0.034568
v 1.709935 1.750197 0.022958
v 1.781332 1.754236 0.018308
v 1.788881 1.782089 0.017742
v 1.699298 1.777022 0.023577
v 1.641662 1.733137 0.027441
v 1.632990 1.741622 0.039925
v 1.608278 1.653757 0.093211
v 1.695317 1.789036 0.035746
v 1.636319 1.741761 0.091149
v 1.646538 1.733342 0.102452
v 1.704172 1.777226 0.098587
v 1.698645 1.789175 0.086970
v 1.793025 1.794563 0.029382
v 1.796354 1.794702 0.080606
v 1.793755 1.782293 0.092752
v 1.863624 1.754618 0.076344
v 1.714809 1.750402 0.097969
v 1.860296 1.754479 0.025120
v 1.851090 1.744984 0.013800
v 1.886503 1.665867 0.011715
v 1.829924 1.721231 0.015241
v 1.856893 1.654078 0.013671
v 1.650064 1.439442 0.039638
v 1.719935 1.411767 0.023230
v 1.704211 1.718148 -0.020264
v 1.710933 1.682730 0.026216
v 1.703213 1.695558 -0.042691
v 1.695527 1.776272 -0.073414
v 1.698008 1.786497 -0.043268
v 1.716446 1.727811 -0.012539
v 1.722484 1.695957 0.029191
v 1.718149 1.683070 0.097512
v 1.728858 1.696257 0.092159
v 1.779847 1.699143 0.086984
v 1.773473 1.698843 0.024016
v 1.792815 1.687296 0.089935
v 1.785599 1.686956 0.018638
v 1.778877 1.722374 -0.027842
v 1.767435 1.730697 -0.017714
v 1.772674 1.790723 -0.050845
v 1.761722 1.793710 -0.038862
v 1.756346 1.888878 -0.038772
v 1.710733 1.790825 -0.033687
v 1.705356 1.885992 -0.033597
v 1.692222 1.888876 -0.043170
v 1.703937 1.949208 -0.012329
v 1.754926 1.952094 -0.017504
v 1.690690 1.957445 -0.020037
v 1.706352 1.981460 0.029461
v 1.757342 1.984346 0.024287
v 1.693385 1.993307 0.026510
v 1.712726 1.981761 0.092429
v 1.700601 1.993647 0.097807
v 1.707322 1.958229 0.144287
v 1.763715 1.984647 0.087254
v 1.718764 1.949907 0.134159
v 1.713524 1.889880 0.167290
v 1.724476 1.886894 0.155307
v 1.769753 1.952793 0.128984
v 1.775465 1.889779 0.150132
v 1.788191 1.894106 0.159713
v 1.780843 1.794611 0.150042
v 1.782263 1.731396 0.128774
v 1.793976 1.791727 0.159615
v 1.729854 1.791726 0.155217
v 1.719310 1.787501 0.167193
v 1.731273 1.728510 0.133949
v 1.720842 1.718932 0.144060
v 1.724381 1.696556 0.166444
v 1.722929 1.777564 0.197321
v 1.736088 1.774610 0.207104
v 1.728749 1.904503 0.207228
v 1.716006 1.900105 0.197437
v 1.708320 1.980820 0.166713
v 1.720556 1.990490 0.174447
v 1.699975 2.021029 0.106914
v 1.711534 2.033930 0.109780
v 1.701658 2.033465 0.012209
v 1.690920 2.020603 0.017456
v 1.697580 1.989407 -0.052540
v 1.687152 1.979822 -0.042421
v 1.699122 1.903107 -0.085485
v 1.688602 1.898814 -0.073298
v 1.748569 1.992293 -0.057715
v 1.750111 1.905993 -0.090660
v 1.706461 1.773214 -0.085608
v 1.714654 1.687227 -0.052827
v 1.757450 1.776100 -0.090783
v 1.763270 1.903039 -0.080876
v 1.770193 1.780498 -0.080992
v 1.777880 1.699784 -0.050269
v 1.765643 1.690113 -0.058002
v 1.786224 1.659574 0.009531
v 1.774665 1.646673 0.006665
v 1.723676 1.643787 0.011839
v 1.711557 1.655348 0.017109
v 1.733552 1.644252 0.109410
v 1.720612 1.655775 0.106567
v 1.737629 1.688310 0.174160
v 1.784541 1.647139 0.104236
v 1.795279 1.660001 0.098990
v 1.788618 1.691196 0.168985
v 1.787078 1.777496 0.201930
v 1.799047 1.700782 0.158866
v 1.795509 1.723158 0.136482
v 1.797596 1.781790 0.189743
v 1.779738 1.907389 0.202053
v 1.790672 1.904331 0.189859
v 1.782986 1.985046 0.159136
v 1.781989 1.962455 0.136709
v 1.775267 1.997873 0.090229
v 1.774641 2.025255 0.099336
v 1.768050 1.997533 0.018933
v 1.765356 1.961672 -0.027615
v 1.761818 1.984048 -0.049999
v 1.765587 2.024829 0.009878
v 1.762523 2.036816 0.104605
v 1.752647 2.036351 0.007034
v 1.771544 1.993376 0.169272
v 1.766889 1.893102 -0.050748
v 1.814778 1.989300 0.015495
v 1.770213 1.951025 0.018495
v 1.838485 1.968085 0.014012
v 1.864758 2.050692 0.012080
v 1.834010 2.059066 0.014055
v 1.806114 1.997777 0.027978
v 1.766107 1.963358 0.030672
v 1.698816 1.946986 0.023145
v 1.703051 1.959792 0.034778
v 1.769436 1.963498 0.081895
v 1.706379 1.959931 0.086002
v 1.662750 1.989619 0.088757
v 1.659421 1.989479 0.037533
v 1.703691 1.947191 0.098155
v 1.655096 1.980196 0.101223
v 1.598519 2.035560 0.104749
v 1.628129 2.047349 0.102793
v 1.633932 1.956444 0.102663
v 1.696141 1.919337 0.098722
v 1.624725 1.946947 0.091344
v 1.586950 2.031229 0.093569
v 1.621397 1.946808 0.040120
v 1.583621 2.031090 0.042345
v 1.579610 2.161123 0.093692
v 1.576282 2.160983 0.042468
v 1.586721 2.157897 0.029855
v 1.593646 2.035357 0.029739
v 1.604323 2.248988 0.040407
v 1.612995 2.240503 0.027923
v 1.670629 2.284388 0.024058
v 1.681268 2.257563 0.023440
v 1.636702 2.219289 0.026440
v 1.617470 2.149523 0.027880
v 1.646912 2.210876 0.037743
v 1.686919 2.245295 0.035050
v 1.753304 2.249001 0.082166
v 1.749975 2.248861 0.030942
v 1.690248 2.245434 0.086273
v 1.650240 2.211016 0.088967
v 1.641576 2.219493 0.101450
v 1.622344 2.149727 0.102890
v 1.632568 2.146700 0.090290
v 1.629240 2.146560 0.039066
v 1.634617 2.051393 0.038976
v 1.637946 2.051532 0.090200
v 1.623254 2.047144 0.027782
v 1.650223 1.979992 0.026213
v 1.629057 1.956239 0.027653
v 1.691267 1.919133 0.023712
v 1.780851 1.924201 0.017877
v 1.688667 1.906724 0.035858
v 1.786376 1.912251 0.029493
v 1.789705 1.912391 0.080718
v 1.691997 1.906864 0.087082
v 1.785725 1.924404 0.092887
v 1.775087 1.951229 0.093505
v 1.843359 1.968290 0.089022
v 1.852031 1.959805 0.076539
v 1.880072 2.047810 0.074477
v 1.848702 1.959666 0.025315
v 1.876743 2.047671 0.023253
v 1.869405 2.177563 0.023376
v 1.857835 2.173233 0.012196
v 1.822423 2.252349 0.014282
v 1.831629 2.261845 0.025601
v 1.872733 2.177703 0.074600
v 1.827297 2.252554 0.089292
v 1.834957 2.261984 0.076825
v 1.862709 2.173436 0.087206
v 1.806131 2.228801 0.090732
v 1.833100 2.161648 0.089162
v 1.869633 2.050896 0.087090
v 1.838885 2.059270 0.089065
v 1.819651 1.989504 0.090505
v 1.827114 2.062232 0.077879
v 1.821737 2.157400 0.077969
v 1.809443 1.997916 0.079202
v 1.796933 2.219313 0.079412
v 1.793605 2.219174 0.028188
v 1.823786 2.062093 0.026654
v 1.818409 2.157260 0.026745
v 1.828225 2.161444 0.014152
v 1.801257 2.228596 0.015722
v 1.752664 2.261602 0.018789
v 1.760213 2.289455 0.018223
v 1.666650 2.296402 0.036227
v 1.764358 2.301929 0.029863
v 1.669978 2.296541 0.087451
v 1.767686 2.302068 0.081087
v 1.765087 2.289659 0.093233
v 1.675503 2.284592 0.099068
v 1.686142 2.257768 0.098450
v 1.757538 2.261806 0.093800
v 1.617869 2.240707 0.102933
v 1.607652 2.249127 0.091630
v 1.591595 2.158101 0.104865
v 1.675543 2.225514 -0.019783
v 1.682265 2.190096 0.026697
v 1.674545 2.202924 -0.042209
v 1.666859 2.283638 -0.072933
v 1.669340 2.293863 -0.042786
v 1.687779 2.235177 -0.012057
v 1.693817 2.203323 0.029672
v 1.689481 2.190436 0.097993
v 1.700190 2.203623 0.092640
v 1.744806 2.206209 0.024497
v 1.751179 2.206509 0.087465
v 1.753595 2.238762 0.129255
v 1.766842 2.230524 0.136964
v 1.764148 2.194662 0.090416
v 1.766611 2.167367 0.099471
v 1.757557 2.166940 0.010013
v 1.756932 2.194322 0.019119
v 1.770380 2.208147 0.159347
v 1.768929 2.289156 0.190224
v 1.759952 2.198562 0.169467
v 1.758410 2.284862 0.202411
v 1.707421 2.281976 0.207586
v 1.700082 2.411869 0.207709
v 1.751071 2.414754 0.202534
v 1.691888 2.497856 0.174928
v 1.754318 2.492411 0.159617
v 1.762005 2.411696 0.190340
v 1.742878 2.500742 0.169753
v 1.745974 2.532621 0.099817
v 1.733856 2.544182 0.105086
v 1.682867 2.541296 0.110261
v 1.671307 2.528395 0.107395
v 1.662254 2.527968 0.017936
v 1.672991 2.540830 0.012690
v 1.668913 2.496773 -0.052059
v 1.723980 2.543716 0.007515
v 1.736919 2.532194 0.010359
v 1.719903 2.499658 -0.057234
v 1.733151 2.491414 -0.049518
v 1.721444 2.413358 -0.090179
v 1.670454 2.410472 -0.085004
v 1.659936 2.406179 -0.072817
v 1.658484 2.487188 -0.041940
v 1.677793 2.280580 -0.085127
v 1.728782 2.283466 -0.090302
v 1.685987 2.194593 -0.052346
v 1.736976 2.197479 -0.057521
v 1.682891 2.162714 0.017590
v 1.695008 2.151153 0.012321
v 1.745998 2.154039 0.007146
v 1.704884 2.151618 0.109891
v 1.755874 2.154505 0.104717
v 1.708962 2.195676 0.174641
v 1.695714 2.203921 0.166925
v 1.691945 2.163141 0.107048
v 1.692175 2.226298 0.144542
v 1.694262 2.284930 0.197802
v 1.687339 2.407470 0.197918
v 1.690643 2.294868 0.167674
v 1.684857 2.397246 0.167772
v 1.695809 2.394259 0.155788
v 1.701186 2.299091 0.155698
v 1.702606 2.235876 0.134430
v 1.752176 2.301977 0.150523
v 1.746798 2.397145 0.150613
v 1.765309 2.299093 0.160097
v 1.759524 2.401472 0.160194
v 1.753322 2.469821 0.137191
v 1.741086 2.460159 0.129465
v 1.690096 2.457273 0.134640
v 1.735047 2.492012 0.087736
v 1.684058 2.489126 0.092910
v 1.728674 2.491712 0.024767
v 1.746599 2.505239 0.090710
v 1.739383 2.504899 0.019414
v 1.736689 2.469037 -0.027134
v 1.738222 2.400467 -0.050267
v 1.726259 2.459460 -0.017023
v 1.734602 2.410405 -0.080394
v 1.741526 2.287865 -0.080511
v 1.749212 2.207150 -0.049787
v 1.750209 2.229740 -0.027361
v 1.744007 2.298089 -0.050364
v 1.738768 2.238063 -0.017232
v 1.733055 2.301076 -0.038381
v 1.727678 2.396244 -0.038291
v 1.682066 2.298190 -0.033206
v 1.676689 2.393358 -0.033116
v 1.675269 2.456574 -0.011848
v 1.677685 2.488826 0.029942
v 1.662022 2.464811 -0.019556
v 1.663556 2.396242 -0.042689
v 1.664716 2.500673 0.026991
v 1.671932 2.501013 0.098288
v 1.678654 2.465595 0.144769
v 1.679652 2.488185 0.167195
v 1.785331 2.510455 0.015989
v 1.740766 2.472180 0.018989
v 1.809038 2.489240 0.014506
v 1.835313 2.571847 0.012574
v 1.804564 2.580220 0.014549
v 1.776668 2.518932 0.028472
v 1.736660 2.484513 0.031166
v 1.669369 2.468141 0.023640
v 1.673604 2.480946 0.035273
v 1.739989 2.484653 0.082390
v 1.676933 2.481086 0.086497
v 1.633303 2.510774 0.089251
v 1.625651 2.501351 0.101717
v 1.674243 2.468346 0.098650
v 1.666694 2.440493 0.099216
v 1.604485 2.477598 0.103157
v 1.756278 2.445560 0.093381
v 1.745640 2.472384 0.093999
v 1.813912 2.489444 0.089517
v 1.790205 2.510659 0.090999
v 1.779996 2.519072 0.079696
v 1.809437 2.580425 0.089560
v 1.840186 2.572051 0.087584
v 1.850626 2.568965 0.074971
v 1.843286 2.698857 0.075094
v 1.833262 2.694591 0.087701
v 1.797851 2.773708 0.089786
v 1.776685 2.749955 0.091226
v 1.803654 2.682803 0.089657
v 1.767487 2.740469 0.079906
v 1.792290 2.678555 0.078463
v 1.797668 2.583387 0.078373
v 1.794340 2.583248 0.027149
v 1.788962 2.678416 0.027239
v 1.798779 2.682600 0.014646
v 1.764158 2.740329 0.028682
v 1.771810 2.749752 0.016216
v 1.828389 2.694388 0.012690
v 1.839959 2.698718 0.023870
v 1.792977 2.773504 0.014776
v 1.802182 2.783000 0.026095
v 1.730767 2.810610 0.018717
v 1.723218 2.782757 0.019284
v 1.651821 2.778718 0.023934
v 1.720529 2.770017 0.031436
v 1.657472 2.766449 0.035543
v 1.723857 2.770156 0.082660
v 1.728092 2.782961 0.094294
v 1.656695 2.778923 0.098944
v 1.660801 2.766589 0.086768
v 1.617465 2.732031 0.038237
v 1.620793 2.732171 0.089461
v 1.612130 2.740648 0.101944
v 1.562149 2.679256 0.105359
v 1.592898 2.670882 0.103384
v 1.588424 2.761862 0.103427
v 1.550164 2.682277 0.094186
v 1.646057 2.805747 0.099562
v 1.578205 2.770282 0.092124
v 1.640532 2.817696 0.087945
v 1.574876 2.770142 0.040901
v 1.546835 2.682138 0.042962
v 1.557274 2.679052 0.030349
v 1.564198 2.556511 0.030233
v 1.554175 2.552245 0.042839
v 1.583549 2.761658 0.028417
v 1.641183 2.805543 0.024552
v 1.607256 2.740443 0.026934
v 1.588023 2.670678 0.028374
v 1.593808 2.568299 0.028277
v 1.599793 2.667715 0.039560
v 1.603121 2.667855 0.090784
v 1.605171 2.572547 0.039470
v 1.608499 2.572687 0.090694
v 1.629974 2.510634 0.038027
v 1.598682 2.568504 0.103287
v 1.569072 2.556715 0.105243
v 1.557503 2.552384 0.094063
v 1.595279 2.468102 0.091838
v 1.591950 2.467963 0.040614
v 1.599610 2.477394 0.028147
v 1.661821 2.440288 0.024206
v 1.659221 2.427880 0.036352
v 1.662550 2.428019 0.087576
v 1.760257 2.433545 0.081212
v 1.756930 2.433406 0.029988
v 1.822584 2.480960 0.077033
v 1.819256 2.480820 0.025809
v 1.847297 2.568825 0.023747
v 1.751404 2.445356 0.018371
v 1.620777 2.501147 0.026707
v 1.734911 2.823083 0.030357
v 1.637204 2.817557 0.036721
v 1.738240 2.823223 0.081581
v 1.805511 2.783139 0.077319
v 1.735641 2.810814 0.093727
v 1.646097 2.746669 -0.019289
v 1.652818 2.711251 0.027191
v 1.645100 2.724078 -0.041715
v 1.637412 2.804793 -0.072439
v 1.639893 2.815018 -0.042292
v 1.658332 2.756331 -0.011564
v 1.664370 2.724478 0.030166
v 1.660034 2.711591 0.098488
v 1.670744 2.724778 0.093134
v 1.721733 2.727664 0.087959
v 1.715359 2.727363 0.024991
v 1.709321 2.759218 -0.016738
v 1.720763 2.750895 -0.026867
v 1.734701 2.715817 0.090910
v 1.727484 2.715477 0.019613
v 1.728110 2.688095 0.010507
v 1.719766 2.728304 -0.049293
v 1.737165 2.688521 0.099965
v 1.740933 2.729302 0.159841
v 1.730504 2.719717 0.169961
v 1.726427 2.675659 0.105211
v 1.716551 2.675194 0.007640
v 1.675438 2.672773 0.110386
v 1.679515 2.716831 0.175135
v 1.677974 2.803131 0.208080
v 1.666268 2.725076 0.167419
v 1.662499 2.684295 0.107543
v 1.653444 2.683869 0.018084
v 1.656540 2.715748 -0.051852
v 1.665562 2.672308 0.012815
v 1.699336 2.804621 -0.089807
v 1.707529 2.718634 -0.057026
v 1.648347 2.801735 -0.084633
v 1.691997 2.934513 -0.089684
v 1.641007 2.931627 -0.084510
v 1.630489 2.927334 -0.072323
v 1.629037 3.008342 -0.041445
v 1.639466 3.017927 -0.051565
v 1.690455 3.020813 -0.056740
v 1.703704 3.012568 -0.049023
v 1.707472 3.053349 0.010853
v 1.694533 3.064871 0.008010
v 1.643544 3.061985 0.013185
v 1.704409 3.065337 0.105581
v 1.653420 3.062451 0.110756
v 1.632805 3.049123 0.018431
v 1.642487 3.022167 0.098782
v 1.635270 3.021827 0.027486
v 1.641860 3.049550 0.107889
v 1.650206 3.009340 0.167689
v 1.662441 3.019011 0.175422
v 1.721625 2.935910 0.203028
v 1.670635 2.933023 0.208203
v 1.713430 3.021897 0.170247
v 1.716527 3.053776 0.100311
v 1.724872 3.013566 0.160111
v 1.717152 3.026394 0.091204
v 1.723874 2.990975 0.137685
v 1.732559 2.932851 0.190835
v 1.730078 2.922626 0.160688
v 1.735862 2.820248 0.160591
v 1.739482 2.810311 0.190718
v 1.728963 2.806017 0.202905
v 1.737396 2.751679 0.137458
v 1.724148 2.759917 0.129749
v 1.673159 2.757030 0.134924
v 1.671740 2.820246 0.156192
v 1.722729 2.823132 0.151018
v 1.717352 2.918300 0.151107
v 1.666363 2.915414 0.156282
v 1.661196 2.816022 0.168169
v 1.655411 2.918400 0.168266
v 1.660650 2.978427 0.135134
v 1.705601 3.013167 0.088230
v 1.654612 3.010281 0.093405
v 1.649208 2.986749 0.145263
v 1.711639 2.981313 0.129959
v 1.657892 2.928625 0.198412
v 1.664815 2.806085 0.198296
v 1.662728 2.747453 0.145036
v 1.699228 3.012866 0.025262
v 1.648238 3.009980 0.030436
v 1.696812 2.980614 -0.016528
v 1.645823 2.977728 -0.011353
v 1.632575 2.985965 -0.019062
v 1.634109 2.917397 -0.042195
v 1.647242 2.914513 -0.032621
v 1.652619 2.819345 -0.032712
v 1.698232 2.917399 -0.037796
v 1.703609 2.822231 -0.037887
v 1.708776 2.921622 -0.049773
v 1.714560 2.819244 -0.049870
v 1.712080 2.809019 -0.080017
v 1.705155 2.931560 -0.079900
v 1.707242 2.990191 -0.026640
v 1.709936 3.026054 0.019908
v 1.756463 3.021379 0.016473
v 1.711897 2.983105 0.019474
v 1.780169 3.000165 0.014991
v 1.806443 3.082771 0.013059
v 1.775696 3.091145 0.015034
v 1.747799 3.029856 0.028957
v 1.707791 2.995438 0.031650
v 1.644736 2.991871 0.035757
v 1.648064 2.992010 0.086981
v 1.711120 2.995577 0.082874
v 1.751128 3.029996 0.080181
v 1.761337 3.021584 0.091484
v 1.780569 3.091349 0.090044
v 1.768799 3.094311 0.078857
v 1.763422 3.189480 0.078947
v 1.774785 3.193728 0.090141
v 1.765471 3.094172 0.027633
v 1.760094 3.189340 0.027723
v 1.769911 3.193523 0.015131
v 1.799520 3.205312 0.013175
v 1.742942 3.260675 0.016700
v 1.735290 3.251253 0.029167
v 1.691660 3.280941 0.031921
v 1.738618 3.251393 0.080391
v 1.694989 3.281080 0.083145
v 1.747816 3.260880 0.091711
v 1.804394 3.205516 0.088185
v 1.699223 3.293885 0.094779
v 1.768983 3.284633 0.090270
v 1.706772 3.321738 0.094212
v 1.776642 3.294064 0.077804
v 1.814418 3.209781 0.075579
v 1.811318 3.082975 0.088069
v 1.821758 3.079889 0.075455
v 1.773313 3.293924 0.026580
v 1.811089 3.209642 0.024355
v 1.818429 3.079750 0.024231
v 1.790387 2.991745 0.026293
v 1.722536 2.956280 0.018855
v 1.728061 2.944331 0.030472
v 1.793716 2.991884 0.077517
v 1.731389 2.944470 0.081696
v 1.727409 2.956484 0.093866
v 1.785044 3.000369 0.090001
v 1.716772 2.983309 0.094484
v 1.645375 2.979270 0.099134
v 1.637826 2.951417 0.099701
v 1.575617 2.988523 0.103642
v 1.596782 3.012275 0.102202
v 1.540204 3.067640 0.105727
v 1.569813 3.079427 0.103771
v 1.604434 3.021698 0.089736
v 1.576302 3.083472 0.039955
v 1.601106 3.021559 0.038512
v 1.579631 3.083611 0.091179
v 1.570926 3.178640 0.040045
v 1.574252 3.178779 0.091269
v 1.564029 3.181807 0.103868
v 1.591925 3.243095 0.089945
v 1.583261 3.251572 0.102429
v 1.533280 3.190180 0.105844
v 1.521295 3.193202 0.094671
v 1.559555 3.272787 0.103912
v 1.617188 3.316671 0.100047
v 1.627826 3.289847 0.099429
v 1.549336 3.281206 0.092609
v 1.611664 3.328620 0.088430
v 1.517967 3.193062 0.043447
v 1.546008 3.281067 0.041385
v 1.554680 3.272583 0.028901
v 1.612314 3.316467 0.025037
v 1.608335 3.328481 0.037206
v 1.706042 3.334008 0.030842
v 1.701898 3.321535 0.019202
v 1.622952 3.289643 0.024418
v 1.694349 3.293681 0.019768
v 1.764108 3.284429 0.015261
v 1.578387 3.251368 0.027418
v 1.628604 3.277374 0.036028
v 1.631932 3.277514 0.087252
v 1.588596 3.242955 0.038721
v 1.559155 3.181602 0.028858
v 1.535330 3.067436 0.030717
v 1.564940 3.079223 0.028761
v 1.528407 3.189976 0.030833
v 1.525306 3.063170 0.043324
v 1.566410 2.979027 0.092323
v 1.563082 2.978888 0.041098
v 1.528635 3.063309 0.094548
v 1.570742 2.988318 0.028632
v 1.640501 2.979066 0.024124
v 1.591908 3.012071 0.027191
v 1.632952 2.951213 0.024690
v 1.630353 2.938804 0.036836
v 1.633682 2.938943 0.088060
v 1.709371 3.334147 0.082066
v 1.617227 3.257593 -0.018804
v 1.623949 3.222175 0.027676
v 1.616231 3.235003 -0.041231
v 1.608543 3.315718 -0.071954
v 1.611024 3.325943 -0.041808
v 1.629464 3.267256 -0.011079
v 1.635502 3.235402 0.030650
v 1.631166 3.222516 0.098972
v 1.641875 3.235702 0.093618
v 1.686491 3.238288 0.025476
v 1.692864 3.238588 0.088443
v 1.695280 3.270841 0.130234
v 1.708527 3.262604 0.137942
v 1.705832 3.226742 0.091395
v 1.698616 3.226401 0.020098
v 1.708296 3.199446 0.100450
v 1.712065 3.240226 0.160326
v 1.710614 3.321235 0.191203
v 1.701636 3.230642 0.170446
v 1.700095 3.316941 0.203390
v 1.649106 3.314056 0.208564
v 1.641766 3.443948 0.208688
v 1.692756 3.446834 0.203513
v 1.633573 3.529935 0.175906
v 1.684562 3.532821 0.170732
v 1.696003 3.524491 0.160596
v 1.703690 3.443776 0.191319
v 1.695006 3.501900 0.138169
v 1.706994 3.331173 0.161075
v 1.701209 3.433551 0.161172
v 1.688483 3.429224 0.151592
v 1.682770 3.492238 0.130444
v 1.631781 3.489352 0.135618
v 1.676732 3.524091 0.088714
v 1.625743 3.521206 0.093889
v 1.670359 3.523791 0.025746
v 1.688284 3.537319 0.091689
v 1.678604 3.564274 0.011337
v 1.681068 3.536978 0.020393
v 1.687659 3.564700 0.100796
v 1.675541 3.576261 0.106065
v 1.614676 3.572910 0.013669
v 1.624551 3.573375 0.111240
v 1.665665 3.575796 0.008494
v 1.610598 3.528852 -0.051081
v 1.661587 3.531738 -0.056255
v 1.674835 3.523493 -0.048539
v 1.663128 3.445438 -0.089200
v 1.612139 3.442552 -0.084025
v 1.601621 3.438259 -0.071838
v 1.600168 3.519267 -0.040961
v 1.619478 3.312659 -0.084148
v 1.670467 3.315545 -0.089323
v 1.627672 3.226673 -0.051367
v 1.678661 3.229558 -0.056542
v 1.624575 3.194793 0.018569
v 1.636693 3.183233 0.013300
v 1.687683 3.186118 0.008125
v 1.646569 3.183697 0.110870
v 1.697558 3.186584 0.105696
v 1.699242 3.199019 0.010991
v 1.690897 3.239229 -0.048809
v 1.683210 3.319944 -0.079532
v 1.691894 3.261819 -0.026382
v 1.680453 3.270142 -0.016254
v 1.685691 3.330168 -0.049385
v 1.674740 3.333155 -0.037402
v 1.679907 3.432547 -0.049288
v 1.667943 3.491539 -0.016044
v 1.678373 3.501116 -0.026155
v 1.676287 3.442484 -0.079416
v 1.669363 3.428323 -0.037312
v 1.616954 3.488653 -0.010869
v 1.618374 3.425437 -0.032137
v 1.623751 3.330270 -0.032227
v 1.605241 3.428321 -0.041711
v 1.603706 3.496890 -0.018578
v 1.619370 3.520905 0.030921
v 1.606401 3.532752 0.027970
v 1.613618 3.533093 0.099267
v 1.603938 3.560048 0.018915
v 1.612993 3.560474 0.108374
v 1.621336 3.520265 0.168173
v 1.629024 3.439550 0.198897
v 1.620340 3.497674 0.145747
v 1.626543 3.429325 0.168750
v 1.632328 3.326947 0.168653
v 1.637494 3.426338 0.156767
v 1.642871 3.331171 0.156677
v 1.693861 3.334057 0.151502
v 1.644291 3.267955 0.135409
v 1.633860 3.258378 0.145520
v 1.637399 3.236000 0.167904
v 1.635947 3.317009 0.198780
v 1.633630 3.195220 0.108027
v 1.650647 3.227756 0.175620
v 1.727016 3.542534 0.016968
v 1.682451 3.504259 0.019968
v 1.750723 3.521320 0.015485
v 1.776997 3.603925 0.013553
v 1.746248 3.612299 0.015528
v 1.718353 3.551012 0.029451
v 1.678345 3.516593 0.032144
v 1.611054 3.500221 0.024618
v 1.615289 3.513026 0.036251
v 1.681673 3.516732 0.083368
v 1.721681 3.551151 0.080675
v 1.731890 3.542738 0.091978
v 1.687325 3.504463 0.094978
v 1.615929 3.500425 0.099628
v 1.618618 3.513165 0.087475
v 1.567335 3.533431 0.102696
v 1.571659 3.542714 0.039006
v 1.574988 3.542853 0.090230
v 1.540368 3.600582 0.104265
v 1.550184 3.604766 0.091673
v 1.546855 3.604626 0.040449
v 1.535493 3.600379 0.029255
v 1.541479 3.699795 0.040539
v 1.544807 3.699934 0.091763
v 1.534583 3.702961 0.104362
v 1.562478 3.764251 0.090440
v 1.553816 3.772727 0.102923
v 1.602486 3.798669 0.087746
v 1.559150 3.764111 0.039216
v 1.529708 3.702757 0.029352
v 1.548941 3.772523 0.027913
v 1.599158 3.798529 0.036522
v 1.593506 3.810798 0.024913
v 1.662214 3.802096 0.032415
v 1.664902 3.814836 0.020262
v 1.713495 3.781831 0.017195
v 1.705843 3.772408 0.029661
v 1.665542 3.802235 0.083639
v 1.709172 3.772548 0.080885
v 1.718370 3.782035 0.092205
v 1.669776 3.815041 0.095273
v 1.598380 3.811002 0.099923
v 1.530108 3.793942 0.104406
v 1.587742 3.837826 0.100541
v 1.677325 3.842893 0.094706
v 1.582216 3.849775 0.088924
v 1.679925 3.855302 0.082560
v 1.747195 3.815219 0.078298
v 1.739536 3.805788 0.090765
v 1.784972 3.730936 0.076073
v 1.774947 3.726671 0.088679
v 1.792311 3.601044 0.075950
v 1.745339 3.714882 0.090635
v 1.751122 3.612504 0.090538
v 1.781871 3.604130 0.088563
v 1.755598 3.521523 0.090495
v 1.764269 3.513039 0.078011
v 1.697964 3.477639 0.094360
v 1.608379 3.472572 0.100195
v 1.701942 3.465625 0.082191
v 1.698614 3.465486 0.030966
v 1.600907 3.459959 0.037330
v 1.604235 3.460098 0.088555
v 1.536963 3.500182 0.092817
v 1.533636 3.500043 0.041593
v 1.541295 3.509473 0.029126
v 1.495860 3.584325 0.043818
v 1.603505 3.472368 0.025184
v 1.499188 3.584464 0.095042
v 1.491849 3.714356 0.095165
v 1.488520 3.714217 0.043941
v 1.546170 3.509678 0.104136
v 1.510757 3.588794 0.106222
v 1.503834 3.711335 0.106338
v 1.525233 3.793738 0.029396
v 1.516561 3.802222 0.041879
v 1.498960 3.711131 0.031327
v 1.505884 3.588590 0.031211
v 1.562462 3.533226 0.027686
v 1.582868 3.837622 0.025531
v 1.578888 3.849636 0.037700
v 1.519890 3.802361 0.093103
v 1.676596 3.855163 0.031336
v 1.743867 3.815079 0.027074
v 1.672452 3.842689 0.019696
v 1.734662 3.805584 0.015755
v 1.781643 3.730797 0.024849
v 1.770074 3.726467 0.013669
v 1.740464 3.714679 0.015625
v 1.730647 3.710495 0.028218
v 1.736024 3.615327 0.028127
v 1.733975 3.710634 0.079442
v 1.739353 3.615466 0.079352
v 1.788982 3.600904 0.024726
v 1.760940 3.512900 0.026788
v 1.693089 3.477434 0.019350
v 1.587782 3.778748 -0.018310
v 1.594502 3.743330 0.028170
v 1.586784 3.756158 -0.040737
v 1.579098 3.836873 -0.071460
v 1.581578 3.847097 -0.041313
v 1.600017 3.788411 -0.010585
v 1.606055 3.756557 0.031144
v 1.612428 3.756857 0.094112
v 1.657044 3.759443 0.025970
v 1.663418 3.759743 0.088938
v 1.669169 3.747556 0.020592
v 1.665834 3.791996 0.130728
v 1.679080 3.783758 0.138437
v 1.676386 3.747896 0.091889
v 1.678850 3.720601 0.100944
v 1.682619 3.761381 0.160820
v 1.669795 3.720174 0.011485
v 1.661451 3.760384 -0.048314
v 1.649215 3.750713 -0.056048
v 1.658236 3.707273 0.008619
v 1.607247 3.704387 0.013793
v 1.617123 3.704853 0.111365
v 1.668112 3.707739 0.106190
v 1.672190 3.751796 0.170940
v 1.621200 3.748911 0.176114
v 1.607952 3.757155 0.168398
v 1.604184 3.716375 0.108521
v 1.619659 3.835211 0.209059
v 1.606501 3.838165 0.199275
v 1.670649 3.838096 0.203884
v 1.612320 3.965103 0.209182
v 1.604126 4.051090 0.176401
v 1.663309 3.967989 0.204007
v 1.599576 3.960705 0.199391
v 1.591891 4.041420 0.168667
v 1.590893 4.018828 0.146241
v 1.583546 4.081629 0.108868
v 1.584172 4.054246 0.099761
v 1.574491 4.081202 0.019409
v 1.596297 4.042360 0.094383
v 1.576954 4.053906 0.028464
v 1.589923 4.042060 0.031415
v 1.574260 4.018044 -0.018083
v 1.570723 4.040422 -0.040467
v 1.582692 3.963707 -0.083531
v 1.581151 4.050007 -0.050587
v 1.572173 3.959413 -0.071344
v 1.575795 3.949476 -0.041217
v 1.587508 4.009808 -0.010375
v 1.588927 3.946592 -0.031643
v 1.594304 3.851425 -0.031733
v 1.639916 3.949478 -0.036818
v 1.645294 3.854310 -0.036908
v 1.650460 3.953702 -0.048794
v 1.656245 3.851323 -0.048891
v 1.651006 3.791297 -0.015760
v 1.662448 3.782974 -0.025888
v 1.653764 3.841099 -0.079038
v 1.646840 3.963639 -0.078922
v 1.633681 3.966593 -0.088706
v 1.641021 3.836700 -0.088829
v 1.590032 3.833815 -0.083654
v 1.598225 3.747828 -0.050873
v 1.595129 3.715948 0.019063
v 1.632141 4.052893 -0.055761
v 1.645388 4.044648 -0.048045
v 1.649158 4.085428 0.011832
v 1.651622 4.058133 0.020887
v 1.648927 4.022271 -0.025661
v 1.638497 4.012694 -0.015550
v 1.640912 4.044946 0.026240
v 1.647286 4.045246 0.089208
v 1.602335 4.010507 0.136113
v 1.653324 4.013392 0.130938
v 1.665560 4.023054 0.138663
v 1.658837 4.058473 0.092183
v 1.658212 4.085855 0.101290
v 1.666557 4.045645 0.161090
v 1.674243 3.964930 0.191813
v 1.655115 4.053976 0.171226
v 1.646094 4.097415 0.106559
v 1.636219 4.096950 0.008988
v 1.585229 4.094064 0.014163
v 1.595106 4.094531 0.111734
v 1.677547 3.852328 0.161570
v 1.671763 3.954706 0.161667
v 1.681167 3.842391 0.191697
v 1.659037 3.950379 0.152086
v 1.664414 3.855211 0.151996
v 1.608047 3.947493 0.157261
v 1.613425 3.852325 0.157171
v 1.597096 3.950480 0.169244
v 1.602880 3.848101 0.169147
v 1.614844 3.789110 0.135903
v 1.604414 3.779532 0.146014
v 1.601720 3.743670 0.099466
v 1.698349 4.049899 0.017449
v 1.653784 4.011624 0.020449
v 1.722056 4.028685 0.015966
v 1.748330 4.111291 0.014034
v 1.717581 4.119665 0.016009
v 1.689685 4.058376 0.029932
v 1.649678 4.023957 0.032626
v 1.586622 4.020391 0.036732
v 1.589950 4.020530 0.087957
v 1.653006 4.024097 0.083849
v 1.693014 4.058516 0.081156
v 1.703223 4.050104 0.092459
v 1.722456 4.119869 0.091019
v 1.710685 4.122831 0.079833
v 1.705308 4.218000 0.079923
v 1.707356 4.122693 0.028609
v 1.701980 4.217860 0.028699
v 1.711796 4.222044 0.016106
v 1.677175 4.279773 0.030142
v 1.684828 4.289196 0.017675
v 1.741406 4.233832 0.014150
v 1.752976 4.238162 0.025330
v 1.705994 4.312948 0.016236
v 1.715199 4.322444 0.027555
v 1.643784 4.350054 0.020177
v 1.636235 4.322201 0.020743
v 1.633546 4.309461 0.032896
v 1.564838 4.318162 0.025394
v 1.570490 4.305894 0.037003
v 1.554200 4.344987 0.026012
v 1.496566 4.301103 0.029876
v 1.520273 4.279888 0.028393
v 1.470292 4.218496 0.031809
v 1.501040 4.210123 0.029833
v 1.530482 4.271475 0.039696
v 1.533811 4.271616 0.090921
v 1.573819 4.306033 0.088227
v 1.516139 4.207299 0.092244
v 1.512811 4.207160 0.041020
v 1.521517 4.112131 0.092154
v 1.518188 4.111991 0.040930
v 1.506826 4.107744 0.029737
v 1.542992 4.050079 0.039487
v 1.533794 4.040591 0.028167
v 1.477215 4.095956 0.031693
v 1.512628 4.016839 0.029607
v 1.467192 4.091690 0.044299
v 1.504968 4.007407 0.042074
v 1.508296 4.007547 0.093298
v 1.470521 4.091829 0.095523
v 1.463181 4.221721 0.095646
v 1.459853 4.221582 0.044422
v 1.487894 4.309587 0.042360
v 1.491222 4.309726 0.093584
v 1.553550 4.357141 0.089405
v 1.550220 4.357001 0.038181
v 1.501440 4.301307 0.104887
v 1.559074 4.345191 0.101022
v 1.648659 4.350258 0.095187
v 1.569713 4.318367 0.100404
v 1.641110 4.322405 0.095753
v 1.525147 4.280092 0.103404
v 1.636875 4.309600 0.084120
v 1.680503 4.279913 0.081366
v 1.689702 4.289400 0.092686
v 1.716671 4.222248 0.091116
v 1.710868 4.313153 0.091246
v 1.746280 4.234036 0.089160
v 1.756304 4.238302 0.076554
v 1.753205 4.111495 0.089044
v 1.726930 4.028889 0.090976
v 1.763643 4.108409 0.076431
v 1.735602 4.020404 0.078493
v 1.760315 4.108270 0.025206
v 1.732273 4.020265 0.027268
v 1.664422 3.984801 0.019831
v 1.669947 3.972851 0.031447
v 1.673275 3.972990 0.082672
v 1.572239 3.967324 0.037812
v 1.575567 3.967464 0.089036
v 1.669296 3.985004 0.094841
v 1.579712 3.979937 0.100676
v 1.658658 4.011829 0.095459
v 1.587260 4.007791 0.100110
v 1.517502 4.017043 0.104617
v 1.538668 4.040796 0.103177
v 1.482090 4.096160 0.106703
v 1.511700 4.107948 0.104747
v 1.546320 4.050219 0.090711
v 1.475166 4.218700 0.106819
v 1.505915 4.210327 0.104844
v 1.574839 3.979733 0.025665
v 1.582387 4.007586 0.025099
v 1.718528 4.322584 0.078779
v 1.651257 4.362668 0.083041
v 1.647929 4.362528 0.031817
v 1.559114 4.286114 -0.017829
v 1.565836 4.250695 0.028651
v 1.558117 4.263522 -0.040256
v 1.550430 4.344238 -0.070979
v 1.552911 4.354462 -0.040833
v 1.571350 4.295776 -0.010104
v 1.577387 4.263922 0.031625
v 1.583761 4.264222 0.094593
v 1.634750 4.267108 0.089419
v 1.628377 4.266808 0.026451
v 1.622339 4.298662 -0.015278
v 1.633780 4.290339 -0.025407
v 1.640502 4.254921 0.021073
v 1.632783 4.267748 -0.047834
v 1.647719 4.255261 0.092369
v 1.641128 4.227539 0.011966
v 1.620547 4.258079 -0.055566
v 1.629569 4.214638 0.009100
v 1.650182 4.227966 0.101425
v 1.639445 4.215104 0.106671
v 1.643522 4.259161 0.171420
v 1.653950 4.268746 0.161301
v 1.650413 4.291124 0.138917
v 1.641981 4.345461 0.204365
v 1.652499 4.349755 0.192178
v 1.648879 4.359693 0.162050
v 1.634642 4.475355 0.204488
v 1.645576 4.472295 0.192294
v 1.643095 4.462071 0.162147
v 1.636892 4.530420 0.139145
v 1.637890 4.553010 0.161571
v 1.630170 4.565838 0.092664
v 1.629544 4.593221 0.101771
v 1.626448 4.561341 0.171707
v 1.617427 4.604781 0.107040
v 1.566437 4.601895 0.112215
v 1.575459 4.558454 0.176882
v 1.583652 4.472469 0.209663
v 1.563223 4.548785 0.169148
v 1.554878 4.588994 0.109349
v 1.555503 4.561612 0.100242
v 1.545824 4.588568 0.019890
v 1.556561 4.601429 0.014644
v 1.607551 4.604315 0.009469
v 1.552484 4.557372 -0.050105
v 1.603473 4.560257 -0.055280
v 1.542054 4.547787 -0.039986
v 1.554025 4.471072 -0.083050
v 1.543507 4.466778 -0.070863
v 1.561364 4.341179 -0.083173
v 1.605014 4.473958 -0.088225
v 1.612354 4.344065 -0.088348
v 1.618173 4.471004 -0.078440
v 1.616722 4.552013 -0.047564
v 1.620490 4.592793 0.012312
v 1.622954 4.565498 0.021367
v 1.620259 4.529636 -0.025180
v 1.621793 4.461066 -0.048313
v 1.609829 4.520059 -0.015069
v 1.612245 4.552311 0.026722
v 1.618619 4.552612 0.089690
v 1.567629 4.549726 0.094864
v 1.561256 4.549425 0.031896
v 1.548288 4.561272 0.028945
v 1.545594 4.525410 -0.017602
v 1.558840 4.517173 -0.009894
v 1.547127 4.456841 -0.040735
v 1.560260 4.453958 -0.031162
v 1.611249 4.456843 -0.036337
v 1.616626 4.361675 -0.036427
v 1.565637 4.358789 -0.031252
v 1.627577 4.358688 -0.048410
v 1.625097 4.348464 -0.078557
v 1.573667 4.517872 0.136594
v 1.562225 4.526194 0.146722
v 1.570910 4.468069 0.199872
v 1.568429 4.457845 0.169725
v 1.574213 4.355466 0.169628
v 1.579380 4.454859 0.157742
v 1.630369 4.457745 0.152567
v 1.635747 4.362576 0.152477
v 1.584757 4.359690 0.157652
v 1.637166 4.299361 0.131209
v 1.586177 4.296474 0.136384
v 1.575746 4.286898 0.146495
v 1.573052 4.251035 0.099947
v 1.577833 4.345529 0.199756
v 1.579285 4.264520 0.168879
v 1.575516 4.223740 0.109003
v 1.590992 4.342575 0.209540
v 1.592533 4.256275 0.176595
v 1.588455 4.212218 0.111845
v 1.566462 4.223313 0.019544
v 1.578579 4.211752 0.014275
v 1.569558 4.255193 -0.050392
v 1.624656 4.520758 0.131419
v 1.410216 4.964703 -0.011886
v 1.455557 4.889794 0.047304
v 1.412942 4.916787 -0.030097
v 1.420120 4.978099 -0.012058
v 1.460075 4.952757 0.060601
v 1.452830 4.937710 0.065515
v 1.525079 4.880426 0.082362
v 1.522354 4.928341 0.100572
v 1.524369 4.944080 0.093057
v 1.613571 4.952165 0.085137
v 1.601391 4.960853 0.060454
v 1.530300 4.954410 0.066765
v 1.596439 4.953713 0.044907
v 1.533652 4.948022 0.050481
v 1.479846 4.962603 0.037657
v 1.449019 4.984330 -0.024124
v 1.488348 4.955396 0.024295
v 1.459988 4.975432 -0.032667
v 1.491074 4.907481 0.006085
v 1.462712 4.927516 -0.050879
v 1.453010 4.914164 -0.050791
v 1.483837 4.892437 0.010990
v 1.424113 4.907934 -0.038725
v 1.464066 4.882591 0.033935
v 1.528361 4.873914 0.066390
v 1.534291 4.884244 0.040098
v 1.536378 4.900106 0.032270
v 1.599165 4.905797 0.026695
v 1.605383 4.890687 0.033786
v 1.617563 4.881999 0.058470
v 1.672601 4.901493 0.015419
v 1.622370 4.889244 0.073723
v 1.681891 4.910308 0.027208
v 1.704813 4.943241 -0.056012
v 1.679166 4.958224 0.045419
v 1.702088 4.991157 -0.037801
v 1.619644 4.937160 0.091934
v 1.690077 5.002567 -0.036027
v 1.668609 4.971658 0.042086
v 1.643698 4.977453 0.023109
v 1.634415 4.968636 0.011327
v 1.658874 5.003350 -0.042756
v 1.648348 4.992505 -0.049392
v 1.651074 4.944589 -0.067603
v 1.637141 4.920720 -0.006885
v 1.662867 4.933184 -0.069424
v 1.647690 4.907288 -0.003559
v 1.694069 4.932401 -0.062694
v -1.673432 4.813043 -0.017335
v -1.669655 4.777190 0.029145
v -1.676289 4.790611 -0.039761
v -1.677290 4.871685 -0.070485
v -1.673974 4.881670 -0.040338
v -1.660440 4.821662 -0.009609
v -1.657051 4.789419 0.032120
v -1.650675 4.789192 0.095088
v -1.605998 4.788088 0.026945
v -1.599622 4.787861 0.089913
v -1.594553 4.819806 0.131703
v -1.582031 4.810503 0.139412
v -1.594894 4.775242 0.021567
v -1.587675 4.774985 0.092864
v -1.587471 4.747580 0.101919
v -1.580350 4.787910 0.161795
v -1.596531 4.747901 0.012461
v -1.614521 4.780035 -0.055072
v -1.609114 4.735998 0.009594
v -1.601529 4.788662 -0.047339
v -1.599234 4.735647 0.107165
v -1.650286 4.736978 0.112339
v -1.642588 4.780549 0.177089
v -1.591535 4.779219 0.171915
v -1.585951 4.865351 0.204859
v -1.637004 4.866682 0.210034
v -1.649874 4.870711 0.200250
v -1.655111 4.789858 0.169373
v -1.633602 4.996737 0.210157
v -1.634674 5.083107 0.177376
v -1.582549 4.995407 0.204982
v -1.646665 4.993405 0.200366
v -1.647666 5.074480 0.169643
v -1.650523 5.052048 0.147216
v -1.652665 5.115239 0.109843
v -1.654300 5.087900 0.100736
v -1.661724 5.115561 0.020385
v -1.661520 5.088156 0.029440
v -1.649574 5.075280 0.032391
v -1.643197 5.075053 0.095359
v -1.592144 5.073722 0.090184
v -1.598520 5.073949 0.027216
v -1.639807 5.042809 0.137088
v -1.649980 4.983420 0.170220
v -1.639313 4.979539 0.158236
v -1.588754 5.041479 0.131913
v -1.588259 4.978209 0.153062
v -1.575220 4.981472 0.162642
v -1.590752 4.882922 0.152971
v -1.577901 4.878965 0.162544
v -1.575114 4.868762 0.192672
v -1.571904 4.991457 0.192789
v -1.575763 5.050099 0.139639
v -1.572905 5.072531 0.162065
v -1.577904 5.113291 0.102265
v -1.579540 5.085951 0.093159
v -1.583620 5.081777 0.172201
v -1.589027 5.125813 0.107534
v -1.640080 5.127143 0.112709
v -1.649961 5.127494 0.015139
v -1.598907 5.126163 0.009964
v -1.657660 5.083923 -0.049611
v -1.606606 5.082593 -0.054786
v -1.668843 5.075231 -0.039492
v -1.663244 4.997790 -0.082556
v -1.674081 4.994379 -0.070368
v -1.666646 4.867734 -0.082678
v -1.612191 4.996459 -0.087730
v -1.615592 4.866404 -0.087853
v -1.599320 4.992430 -0.077946
v -1.594084 5.073283 -0.047069
v -1.592403 5.050690 -0.024686
v -1.586963 5.113613 0.012807
v -1.586759 5.086208 0.021862
v -1.596533 4.982228 -0.047819
v -1.603588 5.042006 -0.014574
v -1.607389 4.978889 -0.035842
v -1.654642 5.043336 -0.009400
v -1.667164 5.052639 -0.017108
v -1.671293 4.984177 -0.040241
v -1.658443 4.980219 -0.030667
v -1.660934 4.884932 -0.030758
v -1.609882 4.883602 -0.035933
v -1.599215 4.879721 -0.047916
v -1.609387 4.820332 -0.014784
v -1.598671 4.811094 -0.024913
v -1.602530 4.869736 -0.078063
v -1.665575 4.781365 -0.049898
v -1.660167 4.737329 0.014769
v -1.671290 4.749850 0.020038
v -1.662231 4.749527 0.109497
v -1.662435 4.776934 0.100441
v -1.656791 4.812451 0.146989
v -1.652662 4.880913 0.170122
v -1.645606 4.821136 0.136878
v -1.641806 4.884252 0.158146
v -1.554160 4.566145 0.017943
v -1.601731 4.531678 0.020943
v -1.532284 4.543047 0.016460
v -1.499284 4.623205 0.014528
v -1.529237 4.634087 0.016503
v -1.562095 4.575309 0.030426
v -1.604805 4.544308 0.033120
v -1.673218 4.533543 0.025593
v -1.667941 4.545955 0.037227
v -1.664612 4.545820 0.088451
v -1.601477 4.544173 0.084344
v -1.668343 4.533345 0.100604
v -1.596857 4.531479 0.095953
v -1.549285 4.565947 0.092953
v -1.558766 4.575173 0.081650
v -1.524362 4.633888 0.091513
v -1.535849 4.637812 0.080327
v -1.533356 4.733098 0.080417
v -1.539177 4.637947 0.029103
v -1.536685 4.733234 0.029193
v -1.526555 4.736593 0.016600
v -1.556296 4.796983 0.030636
v -1.547892 4.805742 0.018170
v -1.496074 4.745898 0.014644
v -1.484187 4.749259 0.025824
v -1.524838 4.827668 0.016729
v -1.514881 4.836371 0.028049
v -1.583775 4.869779 0.020671
v -1.593596 4.842643 0.021237
v -1.665083 4.844509 0.025888
v -1.597327 4.830169 0.033390
v -1.552967 4.796847 0.081860
v -1.593998 4.830034 0.084615
v -1.660463 4.831817 0.037497
v -1.712654 4.810042 0.028888
v -1.657134 4.831681 0.088722
v -1.703173 4.800817 0.040191
v -1.726091 4.738177 0.041514
v -1.737576 4.742101 0.030327
v -1.699844 4.800680 0.091415
v -1.722762 4.738042 0.092738
v -1.707779 4.809843 0.103898
v -1.732702 4.741902 0.105338
v -1.765864 4.630090 0.107197
v -1.735383 4.639395 0.105241
v -1.762655 4.752784 0.107313
v -1.725255 4.642754 0.092648
v -1.728584 4.642890 0.041424
v -1.708973 4.579142 0.039981
v -1.705643 4.579006 0.091205
v -1.714047 4.570247 0.103671
v -1.737100 4.548321 0.105111
v -1.678164 4.506209 0.101170
v -1.747058 4.539617 0.093792
v -1.777752 4.626729 0.096017
v -1.774350 4.756784 0.096140
v -1.781080 4.626864 0.044793
v -1.750387 4.539753 0.042568
v -1.741975 4.548520 0.030101
v -1.683038 4.506408 0.026159
v -1.686652 4.494256 0.038306
v -1.683324 4.494121 0.089530
v -1.585494 4.491567 0.083166
v -1.588468 4.503869 0.095335
v -1.519467 4.533678 0.078986
v -1.588821 4.491703 0.031941
v -1.522796 4.533814 0.027763
v -1.593342 4.504067 0.020325
v -1.487589 4.619205 0.025701
v -1.484260 4.619069 0.076925
v -1.494409 4.623006 0.089538
v -1.480858 4.749124 0.077048
v -1.527409 4.542849 0.091471
v -1.491200 4.745700 0.089654
v -1.519964 4.827469 0.091740
v -1.511552 4.836236 0.079273
v -1.575286 4.881733 0.083535
v -1.578901 4.869581 0.095681
v -1.668597 4.871922 0.101516
v -1.673117 4.884286 0.089899
v -1.588722 4.842445 0.096248
v -1.543018 4.805543 0.093180
v -1.660209 4.844310 0.100898
v -1.729655 4.832941 0.105381
v -1.739143 4.842175 0.094079
v -1.676447 4.884422 0.038676
v -1.742472 4.842311 0.042854
v -1.777678 4.756919 0.044916
v -1.734530 4.833140 0.030371
v -1.673471 4.872120 0.026506
v -1.578616 4.881868 0.032311
v -1.767530 4.752983 0.032303
v -1.770739 4.630289 0.032187
v -1.718921 4.570445 0.028661
v -1.740258 4.639594 0.030231
v -1.521681 4.736395 0.091611
v -1.606234 5.081017 -0.050713
v -1.611792 4.994775 -0.083374
v -1.595677 5.080026 -0.064518
v -1.662846 4.996106 -0.078199
v -1.657288 5.082348 -0.045538
v -1.670436 5.081975 -0.056940
v -1.675657 5.001052 -0.087634
v -1.600896 4.999103 -0.095212
v -1.767993 1.198245 -0.020759
v -1.764216 1.162393 0.025721
v -1.770850 1.175814 -0.043185
v -1.771852 1.256887 -0.073909
v -1.768535 1.266873 -0.043762
v -1.755001 1.206865 -0.013033
v -1.751613 1.174622 0.028696
v -1.756995 1.162137 0.097018
v -1.745236 1.174395 0.091664
v -1.694183 1.173064 0.086489
v -1.700559 1.173291 0.023521
v -1.703948 1.205535 -0.018208
v -1.693232 1.196296 -0.028337
v -1.689455 1.160445 0.018143
v -1.682236 1.160188 0.089440
v -1.682033 1.132782 0.098495
v -1.674912 1.173113 0.158372
v -1.676592 1.195705 0.135988
v -1.691091 1.133104 0.009037
v -1.696090 1.173865 -0.050763
v -1.693795 1.120850 0.103741
v -1.703675 1.121201 0.006170
v -1.709083 1.165237 -0.058496
v -1.710154 1.251607 -0.091277
v -1.760136 1.166568 -0.053322
v -1.761207 1.252937 -0.086103
v -1.765851 1.135053 0.016614
v -1.754728 1.122532 0.011345
v -1.744848 1.122181 0.108916
v -1.756792 1.134731 0.106073
v -1.737150 1.165752 0.173665
v -1.686097 1.164421 0.168491
v -1.731565 1.251885 0.206609
v -1.749673 1.175061 0.165949
v -1.751352 1.197654 0.143565
v -1.744435 1.255914 0.196826
v -1.741225 1.378608 0.196942
v -1.747223 1.266116 0.166698
v -1.744542 1.368623 0.166795
v -1.736367 1.269456 0.154722
v -1.740168 1.206339 0.133454
v -1.689115 1.205008 0.128279
v -1.672463 1.264167 0.159121
v -1.685314 1.268125 0.149548
v -1.669781 1.366674 0.159217
v -1.682821 1.363412 0.149638
v -1.733874 1.364743 0.154813
v -1.734368 1.428013 0.133664
v -1.745084 1.437250 0.143792
v -1.683315 1.426682 0.128489
v -1.686705 1.458925 0.086760
v -1.737758 1.460256 0.091935
v -1.693081 1.459152 0.023792
v -1.744135 1.460482 0.028967
v -1.748861 1.473102 0.097312
v -1.747226 1.500443 0.106419
v -1.756285 1.500765 0.016960
v -1.756081 1.473359 0.026016
v -1.742226 1.459682 0.166219
v -1.729235 1.468309 0.173952
v -1.728163 1.381940 0.206733
v -1.680512 1.250555 0.201435
v -1.677110 1.380609 0.201558
v -1.667466 1.457733 0.158641
v -1.666466 1.376659 0.189364
v -1.678181 1.466979 0.168777
v -1.672465 1.498494 0.098841
v -1.683588 1.511016 0.104111
v -1.734642 1.512346 0.109285
v -1.744522 1.512697 0.011715
v -1.693469 1.511366 0.006540
v -1.701167 1.467795 -0.058210
v -1.752221 1.469126 -0.053035
v -1.757805 1.382993 -0.085980
v -1.763405 1.460434 -0.042916
v -1.761725 1.437841 -0.020532
v -1.768642 1.379581 -0.073793
v -1.765854 1.369380 -0.043665
v -1.749203 1.428539 -0.012824
v -1.753004 1.365422 -0.034092
v -1.701951 1.364091 -0.039266
v -1.755495 1.270136 -0.034182
v -1.704443 1.268804 -0.039357
v -1.693776 1.264924 -0.051340
v -1.691094 1.367431 -0.051243
v -1.693881 1.377633 -0.081370
v -1.697091 1.254939 -0.081486
v -1.686965 1.435893 -0.028110
v -1.688645 1.458486 -0.050494
v -1.706751 1.381662 -0.091154
v -1.681524 1.498816 0.009383
v -1.681321 1.471410 0.018438
v -1.674101 1.471154 0.089734
v -1.670324 1.435302 0.136215
v -1.698150 1.427209 -0.017998
v -1.669675 1.253965 0.189248
v -1.635070 1.473157 0.015013
v -1.682642 1.438689 0.018013
v -1.613194 1.450058 0.013531
v -1.580195 1.530215 0.011598
v -1.610147 1.541098 0.013573
v -1.643006 1.482319 0.027497
v -1.685716 1.451319 0.030190
v -1.754128 1.440555 0.022663
v -1.748851 1.452966 0.034297
v -1.745523 1.452831 0.085521
v -1.682387 1.451183 0.081414
v -1.639677 1.482184 0.078721
v -1.630196 1.472958 0.090023
v -1.605273 1.540899 0.088584
v -1.616759 1.544822 0.077397
v -1.620088 1.544958 0.026173
v -1.602592 1.643406 0.088681
v -1.614267 1.640110 0.077488
v -1.617595 1.640245 0.026263
v -1.637207 1.703993 0.027706
v -1.633878 1.703858 0.078930
v -1.678238 1.737180 0.030461
v -1.674909 1.737044 0.081685
v -1.623929 1.712554 0.090250
v -1.669632 1.749456 0.093318
v -1.600875 1.734480 0.088810
v -1.572111 1.652711 0.086725
v -1.561770 1.656135 0.074118
v -1.575320 1.530017 0.086608
v -1.565172 1.526080 0.073995
v -1.608320 1.449860 0.088541
v -1.600378 1.440689 0.076057
v -1.568500 1.526216 0.022771
v -1.565098 1.656271 0.022894
v -1.603707 1.440824 0.024833
v -1.674253 1.411078 0.017395
v -1.669733 1.398714 0.029012
v -1.767564 1.401267 0.035376
v -1.666404 1.398578 0.080236
v -1.764234 1.401132 0.086600
v -1.669379 1.410879 0.092405
v -1.677768 1.438491 0.093023
v -1.759075 1.413220 0.098240
v -1.749253 1.440356 0.097674
v -1.794958 1.477258 0.100742
v -1.818012 1.455332 0.102182
v -1.827969 1.446628 0.090862
v -1.858662 1.533740 0.093087
v -1.846776 1.537101 0.104267
v -1.843566 1.659795 0.104383
v -1.813613 1.648913 0.102408
v -1.816295 1.546406 0.102311
v -1.806166 1.549765 0.089718
v -1.786555 1.486017 0.088275
v -1.789883 1.486153 0.037051
v -1.809495 1.549901 0.038494
v -1.821169 1.546605 0.027301
v -1.799832 1.477456 0.025731
v -1.822886 1.455531 0.027171
v -1.851650 1.537300 0.029257
v -1.861992 1.533875 0.041863
v -1.858590 1.663930 0.041987
v -1.848441 1.659994 0.029373
v -1.818488 1.649112 0.027398
v -1.793565 1.717053 0.025958
v -1.784084 1.707827 0.037261
v -1.807002 1.645188 0.038585
v -1.803673 1.645053 0.089808
v -1.780755 1.707691 0.088485
v -1.788690 1.716854 0.100969
v -1.738045 1.738692 0.085792
v -1.741374 1.738828 0.034567
v -1.745993 1.751520 0.022958
v -1.674507 1.749655 0.018308
v -1.664686 1.776790 0.017742
v -1.754382 1.779131 0.023577
v -1.815441 1.740151 0.027441
v -1.823383 1.749322 0.039925
v -1.855261 1.663795 0.093211
v -1.757357 1.791432 0.035746
v -1.820054 1.749186 0.091149
v -1.810566 1.739953 0.102451
v -1.749508 1.778932 0.098587
v -1.754028 1.791296 0.086970
v -1.659527 1.788879 0.029382
v -1.656198 1.788743 0.080605
v -1.659812 1.776591 0.092752
v -1.592463 1.743247 0.076343
v -1.741118 1.751322 0.097968
v -1.595792 1.743382 0.025119
v -1.605750 1.734679 0.013800
v -1.576986 1.652910 0.011714
v -1.628803 1.712753 0.015240
v -1.607466 1.643605 0.013671
v -1.831298 1.446764 0.039638
v -1.763949 1.413419 0.023230
v -1.754342 1.720052 -0.020265
v -1.750565 1.684201 0.026215
v -1.757200 1.697621 -0.042691
v -1.758201 1.778695 -0.073415
v -1.754885 1.788680 -0.043268
v -1.741351 1.728673 -0.012540
v -1.737962 1.696429 0.029190
v -1.743346 1.683944 0.097512
v -1.731586 1.696203 0.092158
v -1.680532 1.694872 0.086983
v -1.686908 1.695098 0.024015
v -1.668586 1.681996 0.089934
v -1.675806 1.682253 0.018638
v -1.679582 1.718104 -0.027843
v -1.690298 1.727342 -0.017714
v -1.680125 1.786732 -0.050846
v -1.690793 1.790612 -0.038862
v -1.688301 1.885899 -0.038772
v -1.741846 1.791943 -0.033688
v -1.739353 1.887230 -0.033598
v -1.752204 1.891187 -0.043171
v -1.735552 1.950348 -0.012329
v -1.684499 1.949017 -0.017504
v -1.748075 1.959650 -0.020038
v -1.730484 1.982290 0.029461
v -1.679431 1.980959 0.024286
v -1.742431 1.995167 0.026510
v -1.724108 1.982064 0.092429
v -1.735211 1.994911 0.097806
v -1.731434 1.959059 0.144287
v -1.673054 1.980733 0.087254
v -1.720719 1.949821 0.134158
v -1.730891 1.890431 0.167290
v -1.720224 1.886551 0.155307
v -1.669665 1.948490 0.128984
v -1.669171 1.885220 0.150132
v -1.656131 1.888482 0.159712
v -1.671663 1.789932 0.150042
v -1.675463 1.726815 0.128774
v -1.658813 1.785975 0.159615
v -1.722716 1.791263 0.155216
v -1.733573 1.787923 0.167193
v -1.726518 1.728146 0.133948
v -1.737702 1.719462 0.144060
v -1.736022 1.696869 0.166444
v -1.730785 1.777722 0.197320
v -1.717916 1.773692 0.207104
v -1.714513 1.903748 0.207227
v -1.727575 1.900416 0.197436
v -1.728576 1.981489 0.166713
v -1.715584 1.990118 0.174446
v -1.733576 2.022251 0.106913
v -1.720991 2.034154 0.109780
v -1.730872 2.034505 0.012209
v -1.742634 2.022573 0.017455
v -1.738570 1.990933 -0.052541
v -1.749755 1.982242 -0.042422
v -1.744154 1.904801 -0.085485
v -1.754992 1.901390 -0.073298
v -1.687517 1.989603 -0.057716
v -1.693101 1.903470 -0.090660
v -1.747557 1.774745 -0.085608
v -1.746485 1.688376 -0.052828
v -1.696504 1.773414 -0.090783
v -1.680231 1.899441 -0.080876
v -1.683441 1.776746 -0.080992
v -1.682440 1.695673 -0.050269
v -1.695432 1.687045 -0.058002
v -1.677441 1.654912 0.009531
v -1.690025 1.643009 0.006664
v -1.741078 1.644339 0.011839
v -1.752202 1.656860 0.017109
v -1.731198 1.643988 0.109410
v -1.743143 1.656538 0.106567
v -1.723500 1.687559 0.174160
v -1.680144 1.642658 0.104235
v -1.668382 1.654590 0.098989
v -1.672445 1.686229 0.168985
v -1.666861 1.772362 0.201929
v -1.661262 1.694921 0.158866
v -1.662941 1.717513 0.136482
v -1.656024 1.775773 0.189742
v -1.663460 1.902417 0.202053
v -1.652815 1.898468 0.189859
v -1.653816 1.979541 0.159135
v -1.656674 1.957110 0.136709
v -1.660451 1.992962 0.090229
v -1.658815 2.020302 0.099336
v -1.667671 1.993218 0.018932
v -1.673315 1.957701 -0.027615
v -1.674994 1.980294 -0.049999
v -1.667874 2.020624 0.009877
v -1.669938 2.032824 0.104605
v -1.679819 2.033175 0.007034
v -1.664531 1.988787 0.169272
v -1.677444 1.889239 -0.050749
v -1.621782 1.981158 0.015494
v -1.669353 1.946691 0.018495
v -1.599906 1.958060 0.014012
v -1.566906 2.038217 0.012079
v -1.596859 2.049099 0.014055
v -1.629717 1.990321 0.027978
v -1.672427 1.959320 0.030671
v -1.740839 1.948556 0.023145
v -1.735563 1.960968 0.034778
v -1.669098 1.959185 0.081895
v -1.732233 1.960832 0.086002
v -1.773265 1.994019 0.088756
v -1.776594 1.994154 0.037533
v -1.735965 1.948357 0.098155
v -1.781669 1.985259 0.101223
v -1.833486 2.045103 0.104748
v -1.803005 2.054408 0.102792
v -1.804723 1.963334 0.102663
v -1.745785 1.921222 0.098721
v -1.814680 1.954630 0.091343
v -1.845374 2.041741 0.093568
v -1.818009 1.954765 0.040119
v -1.848702 2.041877 0.042344
v -1.841972 2.171797 0.093692
v -1.845301 2.171932 0.042468
v -1.835152 2.167995 0.029855
v -1.838362 2.045302 0.029739
v -1.810094 2.257324 0.040406
v -1.802152 2.248153 0.027922
v -1.741093 2.287132 0.024058
v -1.732705 2.259522 0.023440
v -1.780276 2.225055 0.026440
v -1.805198 2.157113 0.027879
v -1.770795 2.215828 0.037742
v -1.728085 2.246828 0.035049
v -1.661620 2.245045 0.082166
v -1.664949 2.245181 0.030942
v -1.724755 2.246693 0.086273
v -1.767466 2.215693 0.088966
v -1.775402 2.224856 0.101450
v -1.800324 2.156915 0.102889
v -1.790384 2.153054 0.090290
v -1.793713 2.153189 0.039066
v -1.796205 2.057903 0.038976
v -1.792877 2.057767 0.090200
v -1.807880 2.054606 0.027782
v -1.786543 1.985458 0.026212
v -1.809597 1.963532 0.027653
v -1.750660 1.921421 0.023711
v -1.660963 1.919080 0.017876
v -1.754274 1.909268 0.035857
v -1.656443 1.906715 0.029493
v -1.653115 1.906580 0.080717
v -1.750946 1.909133 0.087082
v -1.656089 1.918881 0.092886
v -1.664479 1.946491 0.093505
v -1.595031 1.957861 0.089022
v -1.587089 1.948690 0.076538
v -1.551883 2.034081 0.074477
v -1.590418 1.948826 0.025314
v -1.555211 2.034217 0.023252
v -1.551809 2.164272 0.023375
v -1.563696 2.160911 0.012196
v -1.592460 2.242680 0.014282
v -1.582503 2.251383 0.025601
v -1.548480 2.164137 0.074600
v -1.587586 2.242482 0.089292
v -1.579174 2.251248 0.076825
v -1.558822 2.160712 0.087206
v -1.610640 2.220556 0.090732
v -1.589303 2.151407 0.089162
v -1.562032 2.038018 0.087089
v -1.591985 2.048901 0.089065
v -1.616907 1.980959 0.090505
v -1.603471 2.052824 0.077878
v -1.600977 2.148111 0.077968
v -1.626387 1.990185 0.079202
v -1.620589 2.211860 0.079412
v -1.623918 2.211995 0.028188
v -1.606799 2.052959 0.026654
v -1.604306 2.148247 0.026745
v -1.594177 2.151606 0.014152
v -1.615514 2.220755 0.015721
v -1.661218 2.257656 0.018789
v -1.651397 2.284791 0.018223
v -1.744068 2.299434 0.036227
v -1.646237 2.296880 0.029863
v -1.740739 2.299298 0.087451
v -1.642908 2.296745 0.081087
v -1.646522 2.284593 0.093233
v -1.736219 2.286934 0.099068
v -1.727830 2.259323 0.098450
v -1.656344 2.257457 0.093799
v -1.797277 2.247954 0.102932
v -1.806766 2.257188 0.091630
v -1.830278 2.167797 0.104865
v -1.741054 2.228054 -0.019783
v -1.737277 2.192202 0.026696
v -1.743911 2.205623 -0.042210
v -1.744912 2.286697 -0.072934
v -1.741596 2.296682 -0.042787
v -1.728062 2.236675 -0.012058
v -1.724673 2.204431 0.029671
v -1.730057 2.191946 0.097993
v -1.718297 2.204204 0.092639
v -1.673620 2.203100 0.024497
v -1.667243 2.202874 0.087464
v -1.662175 2.234817 0.129255
v -1.649652 2.225515 0.136963
v -1.655296 2.189997 0.090415
v -1.655093 2.162591 0.099470
v -1.664152 2.162913 0.010012
v -1.662516 2.190254 0.019119
v -1.647972 2.202922 0.159347
v -1.642736 2.283774 0.190224
v -1.659157 2.194230 0.169466
v -1.653573 2.280363 0.202410
v -1.704626 2.281693 0.207585
v -1.701224 2.411749 0.207708
v -1.650170 2.410418 0.202534
v -1.702295 2.498119 0.174928
v -1.640527 2.487542 0.159616
v -1.639526 2.406468 0.190340
v -1.651242 2.496788 0.169753
v -1.645526 2.528303 0.099817
v -1.656649 2.540824 0.105086
v -1.707702 2.542155 0.110261
v -1.720286 2.530252 0.107395
v -1.729345 2.530573 0.017936
v -1.717582 2.542506 0.012690
v -1.725281 2.498935 -0.052060
v -1.666529 2.541176 0.007515
v -1.654585 2.528625 0.010358
v -1.674229 2.497604 -0.057234
v -1.661706 2.488294 -0.049518
v -1.679813 2.411471 -0.090179
v -1.730866 2.412802 -0.085004
v -1.741703 2.409391 -0.072817
v -1.736466 2.490243 -0.041940
v -1.734267 2.282747 -0.085127
v -1.683215 2.281416 -0.090302
v -1.733197 2.196377 -0.052346
v -1.682143 2.195046 -0.057521
v -1.738912 2.164862 0.017590
v -1.727790 2.152340 0.012320
v -1.676736 2.151010 0.007146
v -1.717909 2.151990 0.109891
v -1.666855 2.150659 0.104716
v -1.710211 2.195561 0.174641
v -1.722733 2.204870 0.166925
v -1.729853 2.164540 0.107048
v -1.724413 2.227463 0.144541
v -1.717496 2.285723 0.197801
v -1.714286 2.408417 0.197918
v -1.720284 2.295925 0.167674
v -1.717602 2.398432 0.167771
v -1.706935 2.394552 0.155788
v -1.709428 2.299265 0.155698
v -1.713228 2.236148 0.134429
v -1.658373 2.297934 0.150523
v -1.655881 2.393221 0.150613
v -1.645523 2.293977 0.160096
v -1.642842 2.396483 0.160193
v -1.643385 2.465111 0.137190
v -1.656376 2.456491 0.129465
v -1.707429 2.457822 0.134639
v -1.659765 2.488734 0.087735
v -1.710819 2.490065 0.092910
v -1.666142 2.488961 0.024767
v -1.647162 2.500963 0.090710
v -1.654382 2.501220 0.019413
v -1.660025 2.465702 -0.027134
v -1.664155 2.397240 -0.050268
v -1.671211 2.457018 -0.017023
v -1.666942 2.407442 -0.080395
v -1.670152 2.284748 -0.080511
v -1.669151 2.203675 -0.049788
v -1.666293 2.226105 -0.027361
v -1.666836 2.294733 -0.050365
v -1.677009 2.235344 -0.017233
v -1.677503 2.298613 -0.038381
v -1.675011 2.393900 -0.038291
v -1.728557 2.299944 -0.033206
v -1.726064 2.395231 -0.033116
v -1.722263 2.458349 -0.011848
v -1.717195 2.490292 0.029942
v -1.734785 2.467650 -0.019557
v -1.738914 2.399189 -0.042690
v -1.729141 2.503168 0.026991
v -1.721922 2.502912 0.098288
v -1.718145 2.467060 0.144768
v -1.715288 2.489491 0.167194
v -1.608132 2.502965 0.015989
v -1.655703 2.468498 0.018989
v -1.586255 2.479868 0.014506
v -1.553256 2.560025 0.012574
v -1.583209 2.570907 0.014549
v -1.616067 2.512129 0.028472
v -1.658777 2.481128 0.031165
v -1.727189 2.470364 0.023639
v -1.721913 2.482775 0.035273
v -1.655448 2.480993 0.082390
v -1.718584 2.482640 0.086496
v -1.759615 2.515826 0.089251
v -1.768019 2.507067 0.101717
v -1.722315 2.470165 0.098650
v -1.732136 2.443030 0.099216
v -1.791072 2.485141 0.103157
v -1.642439 2.440689 0.093381
v -1.650828 2.468299 0.093999
v -1.581381 2.479669 0.089516
v -1.603257 2.502767 0.090999
v -1.612738 2.511993 0.079696
v -1.578334 2.570708 0.089559
v -1.548381 2.559826 0.087584
v -1.538232 2.555889 0.074971
v -1.534831 2.685944 0.075094
v -1.545172 2.682520 0.087700
v -1.573936 2.764289 0.089786
v -1.596990 2.742363 0.091226
v -1.575653 2.673215 0.089657
v -1.606940 2.733667 0.079906
v -1.587327 2.669919 0.078463
v -1.589820 2.574631 0.078373
v -1.593149 2.574768 0.027149
v -1.590656 2.670054 0.027239
v -1.580527 2.673414 0.014646
v -1.610267 2.733803 0.028682
v -1.601864 2.742562 0.016216
v -1.550046 2.682719 0.012690
v -1.538159 2.686080 0.023870
v -1.578810 2.764487 0.014776
v -1.568853 2.773191 0.026095
v -1.637747 2.806599 0.018717
v -1.647568 2.779463 0.019283
v -1.719054 2.781329 0.023934
v -1.651299 2.766989 0.031436
v -1.714435 2.768636 0.035543
v -1.647970 2.766853 0.082660
v -1.642694 2.779265 0.094294
v -1.714180 2.781131 0.098944
v -1.711106 2.768501 0.086767
v -1.757145 2.737636 0.038237
v -1.753816 2.737501 0.089460
v -1.761751 2.746663 0.101944
v -1.816627 2.689605 0.105359
v -1.786673 2.678722 0.103384
v -1.783627 2.769761 0.103427
v -1.828321 2.693604 0.094186
v -1.722569 2.808741 0.099562
v -1.793115 2.778995 0.092124
v -1.727089 2.821106 0.087945
v -1.796444 2.779131 0.040900
v -1.831650 2.693739 0.042962
v -1.821501 2.689803 0.030349
v -1.824710 2.567109 0.030232
v -1.835052 2.563684 0.042839
v -1.788502 2.769960 0.028417
v -1.727443 2.808940 0.024552
v -1.766626 2.746862 0.026934
v -1.791548 2.678921 0.028374
v -1.794230 2.576414 0.028276
v -1.780063 2.674997 0.039560
v -1.776734 2.674862 0.090784
v -1.782556 2.579710 0.039469
v -1.779227 2.579574 0.090694
v -1.762944 2.515962 0.038027
v -1.789355 2.576216 0.103286
v -1.819836 2.566910 0.105242
v -1.831724 2.563548 0.094063
v -1.801030 2.476437 0.091838
v -1.804359 2.476573 0.040614
v -1.795947 2.485340 0.028147
v -1.737010 2.443228 0.024205
v -1.740624 2.431077 0.036351
v -1.737295 2.430940 0.087575
v -1.639465 2.428387 0.081211
v -1.642793 2.428523 0.029988
v -1.573439 2.470498 0.077032
v -1.576768 2.470633 0.025809
v -1.541561 2.556025 0.023747
v -1.647314 2.440887 0.018370
v -1.772893 2.507266 0.026707
v -1.632588 2.818688 0.030357
v -1.730417 2.821242 0.036721
v -1.629258 2.818552 0.081581
v -1.565524 2.773056 0.077319
v -1.632873 2.806401 0.093727
v -1.727404 2.749861 -0.019289
v -1.723626 2.714010 0.027191
v -1.730261 2.727430 -0.041715
v -1.731262 2.808504 -0.072439
v -1.727946 2.818489 -0.042293
v -1.714412 2.758482 -0.011564
v -1.711023 2.726238 0.030165
v -1.716406 2.713753 0.098487
v -1.704646 2.726012 0.093134
v -1.653593 2.724681 0.087959
v -1.659970 2.724907 0.024991
v -1.663358 2.757151 -0.016739
v -1.652643 2.747913 -0.026867
v -1.641646 2.711805 0.090910
v -1.648866 2.712061 0.019613
v -1.650501 2.684721 0.010506
v -1.655501 2.725482 -0.049293
v -1.641443 2.684399 0.099965
v -1.634322 2.724730 0.159841
v -1.645506 2.716038 0.169960
v -1.653205 2.672467 0.105211
v -1.663086 2.672817 0.007640
v -1.704258 2.673797 0.110385
v -1.696560 2.717368 0.175135
v -1.690976 2.803502 0.208079
v -1.709083 2.726678 0.167419
v -1.716203 2.686347 0.107542
v -1.725262 2.686669 0.018084
v -1.719546 2.718184 -0.051852
v -1.714139 2.674148 0.012815
v -1.669564 2.803223 -0.089808
v -1.668492 2.716854 -0.057027
v -1.720618 2.804554 -0.084633
v -1.666162 2.933278 -0.089685
v -1.717216 2.934609 -0.084510
v -1.728052 2.931199 -0.072323
v -1.722815 3.012050 -0.041446
v -1.711632 3.020742 -0.051565
v -1.660578 3.019412 -0.056740
v -1.648056 3.010102 -0.049023
v -1.640935 3.050433 0.010853
v -1.652879 3.062983 0.008010
v -1.703933 3.064313 0.013184
v -1.642999 3.062632 0.105580
v -1.694052 3.063963 0.110755
v -1.715696 3.052382 0.018431
v -1.708272 3.024719 0.098782
v -1.715492 3.024975 0.027485
v -1.706637 3.052059 0.107889
v -1.701637 3.011299 0.167688
v -1.688646 3.019926 0.175422
v -1.636520 2.932226 0.203028
v -1.687573 2.933556 0.208203
v -1.637592 3.018596 0.170247
v -1.631876 3.050111 0.100311
v -1.626877 3.009350 0.160111
v -1.633512 3.022770 0.091204
v -1.629734 2.986918 0.137685
v -1.625876 2.928276 0.190834
v -1.629192 2.918290 0.160688
v -1.631874 2.815784 0.160591
v -1.629086 2.805582 0.190718
v -1.639922 2.802171 0.202905
v -1.636002 2.747322 0.137458
v -1.648525 2.756625 0.129749
v -1.699578 2.757955 0.134924
v -1.695778 2.821072 0.156192
v -1.644724 2.819741 0.151017
v -1.642231 2.915029 0.151107
v -1.693285 2.916359 0.156282
v -1.706633 2.817733 0.168168
v -1.703952 2.920239 0.168265
v -1.693779 2.979630 0.135134
v -1.646115 3.010542 0.088230
v -1.697168 3.011872 0.093404
v -1.704495 2.988867 0.145262
v -1.642726 2.978299 0.129959
v -1.700636 2.930224 0.198412
v -1.703846 2.807531 0.198296
v -1.710762 2.749271 0.145035
v -1.652491 3.010768 0.025261
v -1.703545 3.012099 0.030436
v -1.657559 2.978825 -0.016528
v -1.708614 2.980156 -0.011354
v -1.721136 2.989458 -0.019062
v -1.725265 2.920996 -0.042195
v -1.712414 2.917039 -0.032622
v -1.714906 2.821752 -0.032712
v -1.661361 2.915708 -0.037796
v -1.663854 2.820421 -0.037887
v -1.650504 2.919048 -0.049773
v -1.653186 2.816541 -0.049870
v -1.656502 2.806555 -0.080017
v -1.653292 2.929250 -0.079900
v -1.646376 2.987509 -0.026640
v -1.640731 3.023027 0.019908
v -1.594749 3.014530 0.016473
v -1.642320 2.980063 0.019474
v -1.572874 2.991432 0.014991
v -1.539873 3.071589 0.013058
v -1.569827 3.082471 0.015034
v -1.602684 3.023693 0.028957
v -1.645394 2.992692 0.031650
v -1.708530 2.994340 0.035757
v -1.705202 2.994204 0.086981
v -1.642066 2.992557 0.082874
v -1.599356 3.023557 0.080181
v -1.589875 3.014331 0.091484
v -1.564952 3.082272 0.090044
v -1.576438 3.086196 0.078857
v -1.573945 3.181483 0.078947
v -1.562270 3.184779 0.090141
v -1.579766 3.086332 0.027633
v -1.577274 3.181619 0.027723
v -1.567145 3.184978 0.015130
v -1.536663 3.194283 0.013175
v -1.588481 3.254126 0.016700
v -1.596885 3.245367 0.029167
v -1.637917 3.278553 0.031921
v -1.593557 3.245231 0.080391
v -1.634588 3.278418 0.083145
v -1.583607 3.253928 0.091711
v -1.531790 3.194084 0.088185
v -1.629312 3.290829 0.094778
v -1.560553 3.275853 0.090270
v -1.619490 3.317965 0.094212
v -1.552142 3.284620 0.077804
v -1.521448 3.197509 0.075578
v -1.534999 3.071390 0.088069
v -1.524850 3.067454 0.075455
v -1.555471 3.284756 0.026580
v -1.524777 3.197644 0.024355
v -1.528179 3.067590 0.024231
v -1.563385 2.982198 0.026293
v -1.633931 2.952452 0.018855
v -1.629411 2.940087 0.030472
v -1.560057 2.982062 0.077517
v -1.626083 2.939952 0.081696
v -1.629057 2.952253 0.093865
v -1.567999 2.991233 0.090001
v -1.637446 2.979864 0.094484
v -1.708933 2.981729 0.099134
v -1.718753 2.954594 0.099700
v -1.777690 2.996706 0.103642
v -1.754637 3.018631 0.102202
v -1.806455 3.078475 0.105727
v -1.775973 3.087779 0.103771
v -1.746232 3.027390 0.089735
v -1.769173 3.091274 0.039954
v -1.749562 3.027526 0.038511
v -1.765844 3.091139 0.091178
v -1.766680 3.186562 0.040045
v -1.763351 3.186426 0.091269
v -1.773291 3.190287 0.103868
v -1.740434 3.249064 0.089945
v -1.748369 3.258228 0.102429
v -1.803245 3.201169 0.105844
v -1.814939 3.205168 0.094671
v -1.770245 3.281326 0.103911
v -1.709186 3.320306 0.100047
v -1.700798 3.292695 0.099428
v -1.779733 3.290560 0.092609
v -1.713706 3.332670 0.088430
v -1.818268 3.205304 0.043447
v -1.783061 3.290695 0.041385
v -1.775119 3.281525 0.028901
v -1.714061 3.320505 0.025037
v -1.717036 3.332806 0.037206
v -1.619205 3.330253 0.030842
v -1.624364 3.318164 0.019202
v -1.705672 3.292894 0.024418
v -1.634186 3.291028 0.019768
v -1.565427 3.276052 0.015260
v -1.753243 3.258426 0.027418
v -1.701052 3.280201 0.036028
v -1.697724 3.280066 0.087252
v -1.743762 3.249200 0.038721
v -1.778166 3.190485 0.028858
v -1.811329 3.078673 0.030717
v -1.780847 3.087978 0.028761
v -1.808119 3.201367 0.030833
v -1.821670 3.075249 0.043323
v -1.787648 2.988002 0.092322
v -1.790976 2.988137 0.041098
v -1.818342 3.075113 0.094548
v -1.782564 2.996904 0.028631
v -1.713807 2.981928 0.024124
v -1.759511 3.018830 0.027191
v -1.723628 2.954793 0.024690
v -1.727241 2.942641 0.036836
v -1.723914 2.942505 0.088060
v -1.615876 3.330117 0.082066
v -1.714021 3.261426 -0.018805
v -1.710245 3.225574 0.027675
v -1.716879 3.238995 -0.041231
v -1.717880 3.320069 -0.071955
v -1.714563 3.330054 -0.041808
v -1.701030 3.270046 -0.011079
v -1.697641 3.237802 0.030650
v -1.703025 3.225318 0.098972
v -1.691264 3.237576 0.093618
v -1.646587 3.236472 0.025475
v -1.640211 3.236245 0.088443
v -1.635143 3.268189 0.130234
v -1.622620 3.258887 0.137942
v -1.628264 3.223370 0.091394
v -1.635483 3.223626 0.020098
v -1.628060 3.195964 0.100449
v -1.620940 3.236294 0.160326
v -1.615703 3.317147 0.191202
v -1.632124 3.227602 0.170445
v -1.626540 3.313735 0.203389
v -1.677593 3.315066 0.208564
v -1.674192 3.445121 0.208687
v -1.623138 3.443790 0.203513
v -1.675263 3.531491 0.175906
v -1.624210 3.530160 0.170732
v -1.613495 3.520915 0.160595
v -1.612494 3.439840 0.191319
v -1.616353 3.498483 0.138169
v -1.618492 3.327349 0.161075
v -1.615810 3.429855 0.161172
v -1.628849 3.426593 0.151592
v -1.629343 3.489863 0.130444
v -1.680396 3.491194 0.135618
v -1.632733 3.522106 0.088714
v -1.683786 3.523437 0.093889
v -1.639109 3.522333 0.025746
v -1.620129 3.534335 0.091689
v -1.627553 3.561997 0.011337
v -1.627349 3.534591 0.020392
v -1.618494 3.561675 0.100796
v -1.629616 3.574196 0.106065
v -1.690551 3.575878 0.013669
v -1.680670 3.575527 0.111240
v -1.639497 3.574547 0.008494
v -1.698249 3.532307 -0.051081
v -1.647196 3.530976 -0.056255
v -1.634673 3.521667 -0.048539
v -1.652780 3.444843 -0.089200
v -1.703833 3.446174 -0.084025
v -1.714670 3.442763 -0.071838
v -1.709433 3.523615 -0.040961
v -1.707235 3.316119 -0.084148
v -1.656182 3.314788 -0.089323
v -1.706164 3.229749 -0.051367
v -1.655111 3.228418 -0.056542
v -1.711880 3.198234 0.018569
v -1.700757 3.185713 0.013299
v -1.649704 3.184382 0.008125
v -1.690877 3.185361 0.110870
v -1.639823 3.184031 0.105695
v -1.637120 3.196285 0.010991
v -1.642118 3.237046 -0.048809
v -1.643119 3.318120 -0.079532
v -1.639260 3.259478 -0.026382
v -1.649977 3.268716 -0.016254
v -1.639803 3.328105 -0.049386
v -1.650471 3.331985 -0.037402
v -1.637122 3.430612 -0.049288
v -1.644178 3.490390 -0.016044
v -1.632993 3.499074 -0.026155
v -1.639910 3.440814 -0.079416
v -1.647978 3.427272 -0.037312
v -1.695231 3.491720 -0.010869
v -1.699032 3.428603 -0.032137
v -1.701525 3.333316 -0.032228
v -1.711882 3.432561 -0.041711
v -1.707754 3.501022 -0.018578
v -1.690163 3.523664 0.030921
v -1.702109 3.536540 0.027970
v -1.694889 3.536284 0.099266
v -1.702313 3.563946 0.018915
v -1.693254 3.563624 0.108374
v -1.688255 3.522863 0.168173
v -1.687254 3.441789 0.198896
v -1.691112 3.500432 0.145747
v -1.690570 3.431804 0.168750
v -1.693251 3.329297 0.168653
v -1.679902 3.427924 0.156767
v -1.682395 3.332637 0.156676
v -1.631342 3.331306 0.151502
v -1.686196 3.269520 0.135409
v -1.697380 3.260835 0.145520
v -1.695701 3.238242 0.167903
v -1.690463 3.319095 0.198780
v -1.702820 3.197912 0.108027
v -1.683178 3.228933 0.175620
v -1.581100 3.536338 0.016968
v -1.628670 3.501870 0.019967
v -1.559224 3.513240 0.015485
v -1.526223 3.593396 0.013552
v -1.556177 3.604278 0.015528
v -1.589034 3.545501 0.029451
v -1.631744 3.514500 0.032144
v -1.700156 3.503736 0.024618
v -1.694880 3.516148 0.036251
v -1.628416 3.514364 0.083368
v -1.585705 3.545365 0.080675
v -1.576224 3.536139 0.091978
v -1.623796 3.501671 0.094978
v -1.695282 3.503537 0.099628
v -1.691551 3.516012 0.087475
v -1.740986 3.540439 0.102696
v -1.735911 3.549334 0.039006
v -1.732582 3.549198 0.090230
v -1.762323 3.609587 0.104265
v -1.752195 3.612947 0.091673
v -1.755522 3.613082 0.040449
v -1.767197 3.609786 0.029255
v -1.753031 3.708369 0.040539
v -1.749701 3.708233 0.091763
v -1.759642 3.712094 0.104362
v -1.726783 3.770873 0.090440
v -1.734719 3.780035 0.102923
v -1.684073 3.801873 0.087746
v -1.730112 3.771008 0.039215
v -1.764516 3.712293 0.029352
v -1.739593 3.780234 0.027912
v -1.687402 3.802008 0.036522
v -1.692022 3.814702 0.024912
v -1.624266 3.800361 0.032415
v -1.620536 3.812836 0.020262
v -1.574831 3.775934 0.017195
v -1.583235 3.767175 0.029661
v -1.620938 3.800225 0.083639
v -1.579906 3.767040 0.080885
v -1.569957 3.775735 0.092205
v -1.615661 3.812637 0.095273
v -1.687147 3.814503 0.099923
v -1.756594 3.803134 0.104406
v -1.695536 3.842113 0.100541
v -1.605840 3.839772 0.094706
v -1.700056 3.854478 0.088924
v -1.602226 3.851924 0.082560
v -1.538491 3.806428 0.078298
v -1.546903 3.797661 0.090765
v -1.507798 3.719316 0.076073
v -1.518140 3.715892 0.088679
v -1.511200 3.589262 0.075950
v -1.548620 3.706587 0.090635
v -1.551302 3.604080 0.090538
v -1.521349 3.593198 0.088563
v -1.554349 3.513041 0.090495
v -1.546406 3.503870 0.078011
v -1.615407 3.474061 0.094360
v -1.705104 3.476402 0.100195
v -1.612432 3.461759 0.082190
v -1.615761 3.461895 0.030966
v -1.713592 3.464448 0.037330
v -1.710262 3.464312 0.088555
v -1.773997 3.509810 0.092816
v -1.777326 3.509945 0.041593
v -1.768914 3.518712 0.029126
v -1.808020 3.597056 0.043818
v -1.709978 3.476600 0.025184
v -1.804691 3.596921 0.095042
v -1.801289 3.726976 0.095165
v -1.804618 3.727111 0.043941
v -1.764040 3.518514 0.104136
v -1.792804 3.600282 0.106222
v -1.789595 3.722976 0.106338
v -1.761469 3.803332 0.029395
v -1.769411 3.812503 0.041879
v -1.794469 3.723175 0.031327
v -1.797678 3.600481 0.031211
v -1.745860 3.540638 0.027686
v -1.700410 3.842312 0.025531
v -1.703386 3.854613 0.037700
v -1.766082 3.812367 0.093103
v -1.605555 3.852060 0.031336
v -1.541820 3.806564 0.027074
v -1.610714 3.839971 0.019696
v -1.551777 3.797860 0.015754
v -1.511127 3.719452 0.024848
v -1.523014 3.716091 0.013669
v -1.553495 3.706786 0.015625
v -1.563624 3.703426 0.028218
v -1.566116 3.608139 0.028127
v -1.560295 3.703290 0.079442
v -1.562788 3.608003 0.079352
v -1.514528 3.589397 0.024725
v -1.549735 3.504006 0.026787
v -1.620281 3.474259 0.019349
v -1.700371 3.783234 -0.018310
v -1.696594 3.747382 0.028170
v -1.703228 3.760802 -0.040737
v -1.704230 3.841876 -0.071460
v -1.700913 3.851862 -0.041314
v -1.687379 3.791854 -0.010585
v -1.683990 3.759610 0.031144
v -1.677614 3.759383 0.094112
v -1.632938 3.758279 0.025969
v -1.626561 3.758053 0.088937
v -1.621834 3.745433 0.020592
v -1.621492 3.789997 0.130728
v -1.608970 3.780694 0.138437
v -1.614613 3.745177 0.091888
v -1.614410 3.717771 0.100944
v -1.607290 3.758102 0.160820
v -1.623469 3.718093 0.011485
v -1.628468 3.758854 -0.048314
v -1.641461 3.750226 -0.056048
v -1.636053 3.706189 0.008619
v -1.687107 3.707520 0.013793
v -1.677226 3.707170 0.111364
v -1.626173 3.705839 0.106190
v -1.618474 3.749410 0.170940
v -1.669528 3.750741 0.176114
v -1.682051 3.760050 0.168398
v -1.689171 3.719719 0.108521
v -1.663944 3.836873 0.209058
v -1.676814 3.840903 0.199275
v -1.612890 3.835543 0.203883
v -1.660541 3.966929 0.209182
v -1.661613 4.053298 0.176400
v -1.609488 3.965597 0.204007
v -1.673604 3.963596 0.199391
v -1.674605 4.044670 0.168667
v -1.677463 4.022239 0.146241
v -1.679604 4.085431 0.108868
v -1.681239 4.058091 0.099761
v -1.688663 4.085752 0.019409
v -1.670136 4.045244 0.094383
v -1.688459 4.058348 0.028464
v -1.676513 4.045471 0.031415
v -1.694103 4.022830 -0.018083
v -1.695783 4.045423 -0.040467
v -1.690183 3.967982 -0.083531
v -1.684599 4.054114 -0.050586
v -1.701020 3.964571 -0.071344
v -1.698232 3.954369 -0.041217
v -1.681581 4.013527 -0.010375
v -1.685381 3.950411 -0.031643
v -1.687874 3.855124 -0.031733
v -1.634328 3.949080 -0.036818
v -1.636820 3.853793 -0.036908
v -1.623472 3.952420 -0.048794
v -1.626153 3.849913 -0.048891
v -1.636326 3.790524 -0.015760
v -1.625610 3.781285 -0.025888
v -1.629469 3.839928 -0.079038
v -1.626259 3.962622 -0.078922
v -1.639130 3.966651 -0.088706
v -1.642532 3.836596 -0.088829
v -1.693585 3.837927 -0.083654
v -1.692514 3.751557 -0.050873
v -1.698230 3.720042 0.019063
v -1.633546 4.052784 -0.055761
v -1.621022 4.043474 -0.048045
v -1.613902 4.083805 0.011831
v -1.613699 4.056399 0.020887
v -1.619343 4.020881 -0.025661
v -1.630528 4.012197 -0.015550
v -1.625460 4.044140 0.026240
v -1.619083 4.043913 0.089208
v -1.666747 4.013001 0.136113
v -1.615693 4.011670 0.130938
v -1.602702 4.020290 0.138663
v -1.606479 4.056142 0.092183
v -1.604843 4.083482 0.101290
v -1.599844 4.042722 0.161089
v -1.598843 3.961648 0.191813
v -1.610560 4.051968 0.171226
v -1.615966 4.096004 0.106559
v -1.625847 4.096354 0.008988
v -1.676900 4.097685 0.014163
v -1.667019 4.097335 0.111734
v -1.604840 3.849156 0.161569
v -1.602159 3.951663 0.161667
v -1.602053 3.838954 0.191697
v -1.615199 3.948400 0.152086
v -1.617692 3.853114 0.151996
v -1.666252 3.949731 0.157261
v -1.668744 3.854444 0.157171
v -1.676919 3.953612 0.169244
v -1.679602 3.851105 0.169147
v -1.672546 3.791327 0.135903
v -1.683730 3.782643 0.146014
v -1.689374 3.747125 0.099466
v -1.567810 4.044338 0.017449
v -1.615381 4.009871 0.020449
v -1.545934 4.021240 0.015966
v -1.512934 4.101397 0.014034
v -1.542887 4.112279 0.016009
v -1.575745 4.053501 0.029932
v -1.618455 4.022501 0.032625
v -1.681591 4.024148 0.036732
v -1.678262 4.024013 0.087956
v -1.615127 4.022365 0.083849
v -1.572417 4.053366 0.081156
v -1.562936 4.044140 0.092459
v -1.538013 4.112081 0.091019
v -1.549499 4.116004 0.079833
v -1.547006 4.211291 0.079923
v -1.552826 4.116140 0.028608
v -1.550335 4.211427 0.028699
v -1.540206 4.214786 0.016106
v -1.569946 4.275175 0.030142
v -1.561542 4.283934 0.017676
v -1.509724 4.224091 0.014150
v -1.497837 4.227453 0.025330
v -1.538489 4.305860 0.016236
v -1.528531 4.314564 0.027555
v -1.597425 4.347972 0.020177
v -1.607246 4.320837 0.020743
v -1.610977 4.308361 0.032896
v -1.678733 4.322702 0.025394
v -1.674113 4.310009 0.037003
v -1.687122 4.350313 0.026012
v -1.748180 4.311333 0.029876
v -1.726304 4.288235 0.028394
v -1.781180 4.231175 0.031809
v -1.751227 4.220293 0.029833
v -1.716823 4.279008 0.039696
v -1.713495 4.278873 0.090920
v -1.670784 4.309873 0.088227
v -1.736413 4.216234 0.092244
v -1.739741 4.216370 0.041020
v -1.738905 4.120947 0.092154
v -1.742234 4.121083 0.040930
v -1.753908 4.117787 0.029736
v -1.722622 4.057334 0.039486
v -1.732572 4.048638 0.028167
v -1.784390 4.108481 0.031692
v -1.755625 4.026712 0.029607
v -1.794731 4.105057 0.044299
v -1.764037 4.017945 0.042073
v -1.760708 4.017810 0.093298
v -1.791402 4.104921 0.095523
v -1.788000 4.234976 0.095646
v -1.791329 4.235113 0.044422
v -1.756122 4.320504 0.042360
v -1.752794 4.320368 0.093584
v -1.686767 4.362478 0.089405
v -1.690096 4.362614 0.038181
v -1.743305 4.311134 0.104887
v -1.682248 4.350113 0.101022
v -1.592551 4.347774 0.095187
v -1.673858 4.322504 0.100404
v -1.602372 4.320638 0.095753
v -1.721430 4.288036 0.103404
v -1.607649 4.308226 0.084120
v -1.566617 4.275040 0.081366
v -1.556667 4.283736 0.092686
v -1.535332 4.214588 0.091117
v -1.533614 4.305661 0.091246
v -1.504850 4.223893 0.089160
v -1.494508 4.227317 0.076554
v -1.508060 4.101199 0.089044
v -1.541060 4.021042 0.090976
v -1.497911 4.097262 0.076431
v -1.533118 4.011871 0.078492
v -1.501239 4.097397 0.025206
v -1.536446 4.012006 0.027268
v -1.606992 3.982260 0.019830
v -1.602472 3.969896 0.031448
v -1.599144 3.969760 0.082672
v -1.700302 3.972449 0.037811
v -1.696974 3.972313 0.089036
v -1.602118 3.982061 0.094841
v -1.691815 3.984402 0.100676
v -1.610507 4.009672 0.095459
v -1.681993 4.011538 0.100110
v -1.750751 4.026514 0.104617
v -1.727697 4.048440 0.103177
v -1.779516 4.108283 0.106703
v -1.749034 4.117588 0.104747
v -1.719293 4.057199 0.090710
v -1.776306 4.230977 0.106819
v -1.746352 4.220095 0.104843
v -1.696689 3.984601 0.025665
v -1.686867 4.011736 0.025099
v -1.525203 4.314428 0.078779
v -1.588937 4.359926 0.083041
v -1.592265 4.360061 0.031817
v -1.687082 4.291234 -0.017829
v -1.683305 4.255382 0.028650
v -1.689940 4.268803 -0.040256
v -1.690941 4.349877 -0.070979
v -1.687625 4.359861 -0.040833
v -1.674091 4.299854 -0.010104
v -1.670701 4.267611 0.031625
v -1.664325 4.267385 0.094593
v -1.613271 4.266054 0.089419
v -1.619648 4.266280 0.026451
v -1.623037 4.298524 -0.015279
v -1.612321 4.289286 -0.025407
v -1.608544 4.253434 0.021073
v -1.615179 4.266854 -0.047834
v -1.601324 4.253177 0.092370
v -1.610180 4.226093 0.011966
v -1.628171 4.258226 -0.055567
v -1.622764 4.214190 0.009100
v -1.601121 4.225771 0.101425
v -1.612883 4.213839 0.106671
v -1.605185 4.257410 0.171420
v -1.594002 4.266102 0.161301
v -1.595680 4.288695 0.138917
v -1.599601 4.343543 0.204365
v -1.588764 4.346954 0.192178
v -1.591551 4.357157 0.162051
v -1.596198 4.473598 0.204488
v -1.585554 4.469648 0.192294
v -1.588870 4.459663 0.162147
v -1.589413 4.528292 0.139144
v -1.586555 4.550722 0.161571
v -1.593190 4.564143 0.092664
v -1.591555 4.591484 0.101771
v -1.597271 4.559968 0.171707
v -1.602677 4.604005 0.107040
v -1.653730 4.605335 0.112215
v -1.648324 4.561299 0.176881
v -1.647252 4.474929 0.209663
v -1.661317 4.552670 0.169148
v -1.666314 4.593432 0.109349
v -1.667951 4.566092 0.100242
v -1.675374 4.593753 0.019890
v -1.663611 4.605686 0.014644
v -1.612558 4.604355 0.009470
v -1.671309 4.562115 -0.050105
v -1.620257 4.560784 -0.055280
v -1.682494 4.553423 -0.039986
v -1.676894 4.475982 -0.083050
v -1.687731 4.472571 -0.070863
v -1.680296 4.345927 -0.083173
v -1.625841 4.474651 -0.088224
v -1.629243 4.344596 -0.088348
v -1.612971 4.470622 -0.078441
v -1.607733 4.551475 -0.047564
v -1.600614 4.591805 0.012312
v -1.600410 4.564399 0.021367
v -1.606053 4.528883 -0.025180
v -1.610183 4.460420 -0.048313
v -1.617239 4.520198 -0.015069
v -1.612170 4.552141 0.026722
v -1.605794 4.551915 0.089689
v -1.656847 4.553245 0.094864
v -1.663223 4.553472 0.031896
v -1.675171 4.566348 0.028945
v -1.680814 4.530830 -0.017603
v -1.668292 4.521529 -0.009894
v -1.684943 4.462368 -0.040735
v -1.672092 4.458411 -0.031162
v -1.621039 4.457081 -0.036337
v -1.623531 4.361794 -0.036427
v -1.674585 4.363125 -0.031252
v -1.612864 4.357913 -0.048410
v -1.616180 4.347929 -0.078557
v -1.653457 4.521001 0.136593
v -1.664173 4.530240 0.146722
v -1.660315 4.471596 0.199872
v -1.663631 4.461612 0.169725
v -1.666312 4.359106 0.169628
v -1.652963 4.457732 0.157742
v -1.601909 4.456402 0.152567
v -1.604403 4.361114 0.152477
v -1.655456 4.362444 0.157652
v -1.608203 4.297997 0.131209
v -1.659257 4.299327 0.136384
v -1.670442 4.290643 0.146495
v -1.676086 4.255125 0.099947
v -1.663524 4.348903 0.199756
v -1.668761 4.268051 0.168879
v -1.675881 4.227720 0.109002
v -1.650654 4.344874 0.209539
v -1.656238 4.258740 0.176595
v -1.663938 4.215169 0.111845
v -1.684941 4.228042 0.019544
v -1.673818 4.215521 0.014274
v -1.679225 4.259557 -0.050392
v -1.602404 4.519671 0.131419
v -1.779487 4.979795 -0.011886
v -1.740481 4.901401 0.047304
v -1.780724 4.931817 -0.030097
v -1.768511 4.992329 -0.012057
v -1.730784 4.963776 0.060601
v -1.739244 4.949378 0.065514
v -1.671968 4.886329 0.082362
v -1.670731 4.934305 0.100573
v -1.667424 4.949824 0.093057
v -1.577860 4.950522 0.085137
v -1.589281 4.960186 0.060454
v -1.660662 4.959630 0.066765
v -1.594806 4.953479 0.044907
v -1.657848 4.952987 0.050481
v -1.710268 4.971957 0.037657
v -1.739197 4.996153 -0.024124
v -1.702389 4.964074 0.024295
v -1.729001 4.986381 -0.032667
v -1.703625 4.916097 0.006085
v -1.730237 4.938405 -0.050879
v -1.741009 4.925897 -0.050791
v -1.712079 4.901701 0.010990
v -1.770322 4.922073 -0.038725
v -1.732595 4.893520 0.033935
v -1.669235 4.879568 0.066390
v -1.662472 4.889373 0.040098
v -1.659085 4.905009 0.032270
v -1.596042 4.905501 0.026695
v -1.591092 4.889930 0.033786
v -1.579671 4.880267 0.058470
v -1.523212 4.895152 0.015419
v -1.574282 4.887090 0.073723
v -1.513225 4.903172 0.027208
v -1.487665 4.934101 -0.056012
v -1.511989 4.951149 0.045419
v -1.486427 4.982079 -0.037801
v -1.573045 4.935067 0.091934
v -1.497456 4.994442 -0.036027
v -1.521402 4.965408 0.042086
v -1.545749 4.973239 0.023109
v -1.555729 4.965218 0.011327
v -1.528487 4.997795 -0.042757
v -1.539873 4.987855 -0.049392
v -1.541109 4.939878 -0.067603
v -1.556964 4.917240 -0.006885
v -1.530298 4.927539 -0.069424
v -1.547560 4.902983 -0.003559
v -1.499267 4.924184 -0.062694
vn -0.5447 0.8387 -0.0000
vn -0.5508 0.8346 -0.0000
vn -0.0000 -0.0000 -1.0000
vn 0.5447 0.8387 -0.0000
vn 0.5508 0.8346 -0.0000
vn -0.0000 -0.0000 1.0000
vn -0.0000 -1.0000 -0.0000
vn -0.0000 1.0000 -0.0000
vn 0.4712 -0.8820 -0.0000
vn 0.4654 -0.8851 -0.0000
vn -0.4712 -0.8820 -0.0000
vn -0.4654 -0.8851 -0.0000
vn 0.5569 0.8306 -0.0000
vn -0.5569 0.8306 -0.0000
vn -0.4596 -0.8881 -0.0000
vn 0.4596 -0.8881 -0.0000
vn 0.5447 -0.8387 -0.0000
vn -0.4712 0.8820 -0.0000
vn -0.4654 0.8851 -0.0000
vn -0.5447 -0.8387 -0.0000
vn -0.5508 -0.8346 -0.0000
vn 0.4712 0.8820 -0.0000
vn 0.4654 0.8851 -0.0000
vn -0.4596 0.8881 -0.0000
vn 0.5569 -0.8306 -0.0000
vn 0.5505 -0.8348 -0.0000
vn 0.5508 -0.8346 -0.0000
vn 0.4596 0.8881 -0.0000
vn -0.5505 -0.8348 -0.0000
vn -0.5569 -0.8306 -0.0000
vn 0.5505 0.8348 -0.0000
vn 0.5014 -0.8652 -0.0000
vn 0.5075 -0.8617 -0.0000
vn -0.4304 0.9027 -0.0000
vn -0.5014 -0.8652 -0.0000
vn -0.5075 -0.8617 -0.0000
vn 0.4304 0.9027 -0.0000
vn 0.4248 0.9053 -0.0001
vn 0.4303 0.9027 0.0003
vn -0.4192 0.9079 -0.0000
vn -0.4248 0.9053 -0.0000
vn 0.5135 -0.8581 -0.0000
vn 0.4192 0.9079 -0.0000
vn -0.5135 -0.8581 -0.0000
vn -0.5014 0.8652 -0.0000
vn -0.5075 0.8617 -0.0000
vn 0.4248 -0.9053 -0.0000
vn 0.4304 -0.9027 -0.0000
vn 0.5075 0.8617 -0.0000
vn 0.5014 0.8652 -0.0000
vn -0.4304 -0.9027 -0.0000
vn -0.4248 -0.9053 -0.0000
vn 0.4192 -0.9079 -0.0000
vn -0.5135 0.8581 -0.0000
vn -0.4192 -0.9079 -0.0000
vn 0.5135 0.8581 -0.0000
vn 0.1326 0.3785 0.9160
vn 0.1458 0.3816 0.9128
vn 0.1540 0.3138 0.9369
vn 0.1333 -0.3732 0.9181
vn 0.1576 -0.3933 0.9058
vn 0.1135 -0.4118 0.9042
vn 0.0578 -0.1601 0.9854
vn 0.1602 -0.2844 0.9452
vn 0.0785 0.0004 0.9969
vn 0.0636 0.1176 0.9910
vn 0.1798 0.2892 0.9402
vn 0.0079 0.0030 -1.0000
vn 0.0102 0.0029 -0.9999
vn 0.0090 0.0014 -1.0000
vn 0.0106 0.0017 -0.9999
vn 0.0097 0.0023 -1.0000
vn 0.0090 0.0052 -0.9999
vn 0.0106 0.0043 -0.9999
vn 0.0117 0.0028 -0.9999
vn 0.0094 0.0044 -0.9999
vn 0.0107 0.0027 -0.9999
vn 0.0117 0.0029 -0.9999
vn 0.0113 0.0024 -0.9999
vn -0.0209 -0.3663 0.9303
vn -0.2907 -0.3528 0.8894
vn -0.0108 -0.3512 0.9362
vn -0.2472 -0.3119 0.9174
vn -0.2482 -0.3800 0.8911
vn -0.0087 -0.2173 0.9761
vn -0.0954 -0.1076 0.9896
vn -0.2090 -0.3385 0.9175
vn -0.0798 -0.1338 0.9878
vn -0.1883 -0.3690 0.9102
vn -0.2102 -0.4211 0.8823
vn -0.0117 -0.0029 0.9999
vn -0.0797 -0.1578 0.9842
vn -0.0116 -0.0031 0.9999
vn -0.0117 -0.0028 0.9999
vn -0.0117 -0.0026 0.9999
vn -0.0115 -0.0030 0.9999
vn 0.0574 -0.1243 0.9906
vn 0.0712 -0.0871 0.9937
vn -0.0116 -0.0028 0.9999
vn 0.0575 0.1404 0.9884
vn -0.0117 -0.0027 0.9999
vn -0.0118 -0.0028 0.9999
vn -0.0118 -0.0024 0.9999
vn -0.0735 0.1268 0.9892
vn 0.0674 0.1038 0.9923
vn -0.0881 0.1025 0.9908
vn -0.0040 0.2164 0.9763
vn 0.2113 0.2714 0.9390
vn -0.0028 0.3170 0.9484
vn -0.2204 0.3157 0.9229
vn 0.2567 0.3132 0.9143
vn -0.2682 0.3214 0.9082
vn -0.0113 0.3204 0.9472
vn -0.1891 0.3472 0.9185
vn -0.2249 0.3727 0.9003
vn 0.0113 0.0029 -0.9999
vn 0.0114 0.0032 -0.9999
vn -0.1865 -0.4025 0.8962
vn -0.2016 -0.4373 0.8764
vn -0.1854 0.3680 0.9112
vn -0.2141 0.4146 0.8845
vn -0.1922 0.4394 0.8775
vn -0.0758 0.1463 0.9863
vn -0.1878 0.3543 0.9161
vn -0.0999 -0.0025 0.9950
vn 0.2073 0.3562 0.9111
vn 0.1910 -0.3028 0.9337
vn 0.1822 -0.3042 0.9350
vn 0.2434 -0.4781 0.8439
vn 0.2636 -0.3379 0.9035
vn 0.1863 -0.3418 0.9211
vn 0.1810 -0.2456 0.9523
vn 0.2186 -0.2829 0.9339
vn 0.1836 0.3503 0.9185
vn 0.1734 0.2741 0.9459
vn 0.1651 0.3173 0.9338
vn 0.1677 -0.3098 0.9359
vn 0.0590 -0.1224 0.9907
vn 0.0582 0.1134 0.9918
vn 0.2020 0.3050 0.9307
vn 0.1976 0.2307 0.9528
vn 0.0641 0.0938 0.9935
vn 0.0117 -0.0000 -0.9999
vn -0.0202 -0.2916 0.9563
vn -0.2998 -0.2759 0.9132
vn -0.0111 -0.2745 0.9615
vn -0.2527 -0.2425 0.9367
vn -0.2583 -0.2960 0.9196
vn -0.0088 -0.1705 0.9853
vn -0.0959 -0.0806 0.9921
vn -0.2139 -0.2649 0.9402
vn -0.2191 -0.3314 0.9177
vn -0.0807 -0.1049 0.9912
vn -0.1939 -0.2897 0.9373
vn -0.0117 -0.0000 0.9999
vn -0.0807 -0.1206 0.9894
vn -0.0116 -0.0001 0.9999
vn -0.0116 -0.0000 0.9999
vn -0.0117 -0.0001 0.9999
vn 0.0716 -0.0647 0.9953
vn 0.0586 -0.0984 0.9934
vn -0.0116 -0.0002 0.9999
vn 0.0746 0.0016 0.9972
vn -0.0118 -0.0002 0.9999
vn 0.0677 0.0832 0.9942
vn -0.0885 0.0811 0.9928
vn -0.0741 0.1033 0.9919
vn 0.2209 0.2157 0.9511
vn -0.0042 0.1737 0.9848
vn -0.0030 0.2519 0.9678
vn -0.2256 0.2498 0.9416
vn 0.2664 0.2447 0.9323
vn -0.2764 0.2515 0.9276
vn -0.0116 0.2526 0.9675
vn -0.2317 0.2944 0.9272
vn -0.1944 0.2745 0.9417
vn 0.0117 -0.0001 -0.9999
vn -0.2101 -0.3478 0.9137
vn -0.2112 0.3370 0.9175
vn -0.1879 0.2855 0.9398
vn -0.2244 0.3464 0.9109
vn -0.1973 -0.0248 0.9800
vn -0.0769 0.1148 0.9904
vn -0.0959 -0.0013 0.9954
vn 0.2445 0.2603 0.9341
vn 0.2019 -0.2173 0.9550
vn 0.1820 -0.2331 0.9553
vn 0.2660 -0.2995 0.9163
vn 0.2681 -0.2624 0.9270
vn 0.0014 -1.0000 -0.0000
vn -0.0579 0.0035 0.9983
vn -0.0576 -0.0021 0.9983
vn -0.0600 0.0084 0.9982
vn 0.9999 0.0136 -0.0000
vn 0.9993 0.0385 -0.0000
vn 0.9999 -0.0114 -0.0000
vn -0.0597 0.0080 -0.9982
vn -0.0581 0.0002 -0.9983
vn -0.0582 -0.0004 -0.9983
vn -0.0764 0.0068 -0.9971
vn -0.0630 0.0168 -0.9979
vn -0.0549 0.0516 -0.9972
vn -0.0576 -0.0000 -0.9983
vn -0.7128 0.4943 0.4975
vn -0.3144 0.7524 -0.5789
vn -0.2307 0.7118 -0.6635
vn -0.0430 0.0196 -0.9989
vn -0.0445 0.0087 -0.9990
vn -0.0442 0.0823 -0.9956
vn -0.1126 -0.0117 -0.9936
vn -0.0389 0.0014 -0.9992
vn -0.9695 -0.2450 -0.0000
vn -0.1672 -0.9859 -0.0000
vn -0.4046 -0.9145 -0.0000
vn -0.1473 -0.9891 -0.0000
vn -0.1125 -0.0117 0.9936
vn -0.0576 -0.0000 0.9983
vn -0.0389 0.0014 0.9992
vn -0.0445 0.0087 0.9990
vn -0.0430 0.0196 0.9989
vn -0.0556 0.0748 0.9956
vn -0.1066 0.1459 0.9835
vn -0.0442 0.0823 0.9956
vn -0.2821 0.2228 0.9332
vn -0.0859 0.0044 0.9963
vn -0.1893 0.9819 -0.0000
vn -0.0940 0.9956 -0.0000
vn -0.1946 0.9809 -0.0000
vn -0.9875 0.1576 -0.0000
vn -0.0125 0.9999 -0.0000
vn -0.4801 0.8772 0.0002
vn -0.4807 0.8769 -0.0000
vn -0.4801 0.8772 -0.0000
vn -0.0246 0.0290 -0.9993
vn -0.0242 0.0206 -0.9995
vn -0.0081 0.0111 -0.9999
vn -0.0118 -0.0039 -0.9999
vn -0.6636 0.7481 -0.0000
vn -0.6634 0.7482 -0.0000
vn -0.0297 0.0065 -0.9995
vn -0.0136 -0.0080 -0.9999
vn 0.0010 0.0014 -1.0000
vn 0.0001 0.0008 -1.0000
vn 0.0052 0.0020 -1.0000
vn 0.0059 -0.0582 -0.9983
vn 0.0132 -0.0544 -0.9984
vn 0.0176 -0.0723 -0.9972
vn 0.0490 -0.0944 -0.9943
vn 0.0491 -0.0782 -0.9957
vn 0.0480 -0.0731 -0.9962
vn 0.0445 -0.0509 -0.9977
vn 0.0447 -0.0333 -0.9984
vn 0.0329 -0.0243 -0.9992
vn 0.0302 -0.0207 -0.9993
vn 0.0294 -0.0208 -0.9994
vn 0.0295 -0.0208 -0.9993
vn 0.8179 -0.5754 -0.0000
vn 0.8400 -0.5416 -0.0314
vn 0.8755 -0.4832 -0.0000
vn 0.8177 -0.5757 -0.0000
vn 0.8177 -0.5757 0.0002
vn 0.8400 -0.5416 0.0315
vn 0.8177 -0.5757 -0.0002
vn 0.8177 -0.5757 -0.0001
vn 0.0302 -0.0207 0.9993
vn 0.0447 -0.0333 0.9984
vn 0.0294 -0.0208 0.9994
vn 0.0329 -0.0243 0.9992
vn 0.0295 -0.0208 0.9993
vn 0.0445 -0.0509 0.9977
vn 0.0492 -0.0782 0.9957
vn 0.0480 -0.0731 0.9962
vn 0.0490 -0.0943 0.9943
vn 0.0132 -0.0544 0.9984
vn 0.0176 -0.0723 0.9972
vn 0.0059 -0.0582 0.9983
vn 0.0001 0.0007 1.0000
vn 0.0015 0.0013 1.0000
vn 0.0047 0.0026 1.0000
vn -0.0133 -0.0079 0.9999
vn -0.0118 -0.0038 0.9999
vn -0.0081 0.0111 0.9999
vn -0.0297 0.0065 0.9995
vn -0.0242 0.0205 0.9995
vn -0.0246 0.0290 0.9993
vn -0.0465 -0.0577 0.9973
vn 0.0622 -0.9981 -0.0000
vn 0.4123 -0.9110 -0.0000
vn 0.0841 -0.9965 -0.0000
vn 0.4124 -0.9110 -0.0000
vn 0.4277 -0.9039 -0.0000
vn -0.0465 -0.0577 -0.9973
vn -0.0164 -0.0427 -0.9990
vn 0.8439 -0.5364 -0.0000
vn 0.8440 -0.5364 -0.0000
vn 0.9528 -0.3037 -0.0000
vn 0.9527 -0.3038 -0.0000
vn 0.9807 -0.1953 -0.0000
vn 0.9808 -0.1949 -0.0000
vn 0.9976 -0.0692 -0.0000
vn 0.9930 0.1183 -0.0000
vn 0.0010 -0.1009 -0.9949
vn 0.9377 0.3474 -0.0000
vn 0.9343 0.3565 -0.0000
vn 0.7991 0.6012 0.0036
vn 0.7991 0.6012 -0.0037
vn 0.7867 0.6174 -0.0000
vn 0.6402 0.7682 0.0070
vn 0.6402 0.7682 -0.0070
vn 0.6352 0.7723 -0.0000
vn 0.0414 -0.1126 -0.9928
vn 0.0483 -0.0865 -0.9951
vn 0.5849 0.8111 -0.0006
vn 0.5850 0.8110 -0.0000
vn 0.0325 -0.0192 -0.9993
vn 0.9068 -0.4186 -0.0503
vn 0.9251 -0.3798 -0.0000
vn 0.5849 0.8111 0.0009
vn 0.9068 -0.4186 0.0503
vn 0.0325 -0.0191 0.9993
vn 0.0483 -0.0865 0.9951
vn 0.0414 -0.1125 0.9928
vn -0.0164 -0.0427 0.9990
vn -0.7766 0.6300 -0.0000
vn -0.7760 0.6307 0.0022
vn -0.8522 0.5233 -0.0000
vn -0.7760 0.6307 -0.0022
vn -0.8524 0.5229 0.0086
vn -0.8763 0.4818 -0.0000
vn -0.8524 0.5228 -0.0086
vn -0.8785 0.4777 -0.0000
vn -0.9999 0.0141 -0.0000
vn -0.9940 0.1091 -0.0000
vn -0.9999 0.0141 0.0001
vn -0.9738 -0.2276 -0.0000
vn -0.8783 -0.4782 -0.0000
vn -0.8762 -0.4820 -0.0000
vn -0.7108 -0.7034 -0.0033
vn -0.7027 -0.7115 -0.0000
vn -0.7108 -0.7034 0.0033
vn -0.4702 -0.8826 -0.0015
vn -0.4604 -0.8877 -0.0000
vn -0.4702 -0.8826 0.0015
vn -0.3610 -0.9326 0.0005
vn -0.3609 -0.9326 -0.0000
vn -0.3609 -0.9326 -0.0001
vn 0.8177 -0.5756 -0.0000
vn 0.8177 -0.5757 0.0001
vn -0.0707 0.0100 0.9974
vn -0.0803 0.0009 0.9968
vn -0.0577 -0.0021 -0.9983
vn -0.0581 -0.0022 -0.9983
vn 0.0014 1.0000 -0.0000
vn -0.0579 -0.0035 0.9983
vn -0.0576 0.0021 0.9983
vn -0.0581 0.0022 0.9983
vn 0.9993 -0.0385 -0.0000
vn 0.9999 -0.0136 -0.0000
vn 0.9999 0.0113 -0.0000
vn -0.0597 -0.0081 -0.9982
vn -0.0581 -0.0002 -0.9983
vn -0.0630 -0.0168 -0.9979
vn -0.0764 -0.0068 -0.9971
vn -0.0803 -0.0009 -0.9968
vn -0.0549 -0.0516 -0.9972
vn -0.0583 0.0004 -0.9983
vn -0.7128 -0.4944 0.4975
vn -0.3144 -0.7524 -0.5788
vn -0.5813 -0.1380 0.8019
vn -0.0430 -0.0196 -0.9989
vn -0.0442 -0.0823 -0.9956
vn -0.0422 -0.1835 -0.9821
vn -0.1125 0.0117 -0.9936
vn -0.0389 -0.0014 -0.9992
vn -0.0445 -0.0087 -0.9990
vn -0.9695 0.2450 -0.0000
vn -0.1672 0.9859 -0.0000
vn -0.4046 0.9145 -0.0000
vn -0.1473 0.9891 -0.0000
vn -0.1125 0.0117 0.9936
vn -0.0389 -0.0014 0.9992
vn -0.0445 -0.0087 0.9990
vn -0.0430 -0.0196 0.9989
vn -0.0556 -0.0748 0.9956
vn -0.0442 -0.0823 0.9956
vn -0.2820 -0.2228 0.9332
vn -0.1066 -0.1459 0.9835
vn -0.0941 -0.9956 -0.0000
vn -0.1893 -0.9819 -0.0000
vn -0.1946 -0.9809 -0.0000
vn -0.9875 -0.1577 -0.0000
vn -0.9875 -0.1578 -0.0000
vn -0.0125 -0.9999 -0.0000
vn -0.0125 -0.9999 -0.0001
vn -0.0125 -0.9999 0.0001
vn -0.4801 -0.8772 -0.0000
vn -0.4807 -0.8769 -0.0000
vn -0.4801 -0.8772 -0.0002
vn -0.0246 -0.0290 -0.9993
vn -0.0081 -0.0111 -0.9999
vn -0.0242 -0.0206 -0.9995
vn -0.6636 -0.7481 -0.0000
vn -0.6634 -0.7482 -0.0000
vn -0.0118 0.0039 -0.9999
vn -0.0297 -0.0065 -0.9995
vn 0.0010 -0.0014 -1.0000
vn -0.0136 0.0080 -0.9999
vn 0.0052 -0.0020 -1.0000
vn 0.0001 -0.0008 -1.0000
vn 0.0059 0.0582 -0.9983
vn 0.0132 0.0544 -0.9984
vn 0.0176 0.0723 -0.9972
vn 0.0490 0.0943 -0.9943
vn 0.0491 0.0782 -0.9957
vn 0.0480 0.0731 -0.9962
vn 0.0445 0.0509 -0.9977
vn 0.0447 0.0333 -0.9984
vn 0.0329 0.0243 -0.9992
vn 0.0302 0.0207 -0.9993
vn 0.0296 0.0210 -0.9993
vn 0.0295 0.0208 -0.9993
vn 0.8175 0.5759 -0.0000
vn 0.8401 0.5416 -0.0315
vn 0.8177 0.5756 0.0003
vn 0.8179 0.5754 -0.0000
vn 0.8177 0.5756 0.0002
vn 0.8401 0.5416 0.0315
vn 0.8755 0.4832 -0.0000
vn 0.8177 0.5756 -0.0003
vn 0.0447 0.0333 0.9984
vn 0.0302 0.0207 0.9993
vn 0.0296 0.0210 0.9993
vn 0.0329 0.0243 0.9992
vn 0.0295 0.0208 0.9993
vn 0.0491 0.0782 0.9957
vn 0.0445 0.0509 0.9977
vn 0.0480 0.0731 0.9962
vn 0.0132 0.0544 0.9984
vn 0.0490 0.0945 0.9943
vn 0.0176 0.0723 0.9972
vn 0.0059 0.0582 0.9983
vn 0.0001 -0.0007 1.0000
vn 0.0015 -0.0013 1.0000
vn -0.0132 0.0079 0.9999
vn 0.0047 -0.0026 1.0000
vn -0.0118 0.0038 0.9999
vn -0.0297 -0.0065 0.9995
vn -0.0081 -0.0111 0.9999
vn -0.0242 -0.0205 0.9995
vn -0.0246 -0.0290 0.9993
vn -0.0466 0.0577 0.9972
vn -0.0164 0.0427 0.9990
vn 0.0622 0.9981 -0.0000
vn 0.0841 0.9965 -0.0000
vn 0.4123 0.9110 -0.0000
vn 0.4277 0.9039 -0.0000
vn -0.0466 0.0577 -0.9972
vn -0.0164 0.0427 -0.9990
vn 0.8440 0.5364 -0.0000
vn 0.8439 0.5364 -0.0000
vn 0.9527 0.3038 -0.0000
vn 0.9527 0.3039 -0.0000
vn 0.9808 0.1952 -0.0000
vn 0.9807 0.1953 -0.0000
vn 0.9976 0.0693 -0.0000
vn 0.9930 -0.1183 -0.0000
vn 0.9343 -0.3565 -0.0000
vn 0.9377 -0.3474 -0.0000
vn 0.9377 -0.3473 -0.0000
vn 0.7991 -0.6012 0.0036
vn 0.7866 -0.6174 -0.0000
vn 0.7991 -0.6012 -0.0036
vn 0.6402 -0.7682 0.0070
vn 0.6352 -0.7723 -0.0000
vn 0.6402 -0.7682 -0.0070
vn 0.0414 0.1126 -0.9928
vn 0.0483 0.0864 -0.9951
vn 0.5849 -0.8111 -0.0011
vn 0.0325 0.0191 -0.9993
vn 0.9068 0.4186 -0.0502
vn 0.5849 -0.8111 0.0009
vn 0.5850 -0.8110 -0.0000
vn 0.9068 0.4186 0.0502
vn 0.9251 0.3797 -0.0000
vn 0.0325 0.0191 0.9993
vn 0.0483 0.0865 0.9951
vn 0.0414 0.1125 0.9928
vn 0.0010 0.1009 0.9949
vn -0.7766 -0.6300 -0.0000
vn -0.7760 -0.6307 -0.0022
vn -0.8521 -0.5234 -0.0000
vn -0.8524 -0.5229 -0.0086
vn -0.7760 -0.6307 0.0022
vn -0.8785 -0.4777 -0.0000
vn -0.8524 -0.5229 0.0086
vn -0.9940 -0.1090 -0.0000
vn -0.9999 -0.0141 -0.0000
vn -0.9738 0.2276 -0.0000
vn -0.9738 0.2275 -0.0000
vn -0.8762 0.4820 -0.0000
vn -0.8783 0.4782 -0.0000
vn -0.7108 0.7034 -0.0034
vn -0.7027 0.7115 -0.0000
vn -0.7108 0.7034 0.0033
vn -0.4702 0.8826 -0.0016
vn -0.4604 0.8877 -0.0000
vn -0.4702 0.8826 0.0016
vn -0.3610 0.9326 0.0005
vn -0.3610 0.9326 -0.0000
vn -0.3610 0.9326 -0.0001
vn 0.8177 0.5756 -0.0000
vn 0.8177 0.5756 -0.0002
vn -0.0859 -0.0044 0.9963
vn -0.0707 -0.0100 0.9974
vn -0.0600 -0.0084 0.9982
vn -0.0577 0.0021 -0.9983
vn -0.1326 0.3785 0.9160
vn -0.1458 0.3816 0.9128
vn -0.1124 0.4202 0.9004
vn -0.1576 -0.3933 0.9058
vn -0.1333 -0.3732 0.9181
vn -0.1135 -0.4117 0.9042
vn -0.0578 -0.1602 0.9854
vn -0.0785 0.0004 0.9969
vn -0.1540 0.3138 0.9369
vn -0.0575 0.1404 0.9884
vn -0.0636 0.1176 0.9910
vn -0.1798 0.2892 0.9402
vn -0.0079 0.0029 -1.0000
vn -0.0102 0.0029 -0.9999
vn -0.0090 0.0053 -0.9999
vn -0.0090 0.0015 -1.0000
vn -0.0106 0.0017 -0.9999
vn -0.0106 0.0047 -0.9999
vn -0.0094 0.0044 -0.9999
vn -0.0117 0.0029 -0.9999
vn -0.0107 0.0027 -0.9999
vn -0.0113 0.0024 -0.9999
vn 0.2907 -0.3528 0.8894
vn 0.0209 -0.3663 0.9303
vn 0.0108 -0.3512 0.9362
vn 0.2482 -0.3800 0.8911
vn 0.2473 -0.3118 0.9174
vn 0.0087 -0.2173 0.9761
vn 0.2090 -0.3385 0.9175
vn 0.0954 -0.1075 0.9896
vn 0.1884 -0.3690 0.9101
vn 0.0798 -0.1338 0.9878
vn 0.2102 -0.4211 0.8823
vn 0.0797 -0.1578 0.9842
vn 0.0117 -0.0029 0.9999
vn 0.0116 -0.0028 0.9999
vn 0.0117 -0.0031 0.9999
vn 0.0116 -0.0031 0.9999
vn 0.0117 -0.0030 0.9999
vn -0.0574 -0.1243 0.9906
vn -0.0712 -0.0871 0.9936
vn 0.0117 -0.0027 0.9999
vn 0.0115 -0.0028 0.9999
vn 0.0735 0.1268 0.9892
vn 0.0881 0.1025 0.9908
vn -0.0674 0.1038 0.9923
vn -0.2113 0.2714 0.9390
vn 0.0040 0.2164 0.9763
vn 0.0028 0.3170 0.9484
vn 0.2204 0.3157 0.9229
vn -0.2567 0.3132 0.9143
vn 0.2682 0.3214 0.9082
vn 0.1891 0.3472 0.9185
vn 0.2249 0.3727 0.9003
vn -0.0113 0.0029 -0.9999
vn -0.0114 0.0032 -0.9999
vn -0.0097 0.0023 -1.0000
vn 0.1865 -0.4025 0.8962
vn 0.2141 0.4146 0.8845
vn 0.1854 0.3680 0.9111
vn 0.1922 0.4394 0.8775
vn 0.0758 0.1463 0.9863
vn 0.0999 -0.0025 0.9950
vn 0.1878 0.3543 0.9161
vn -0.2073 0.3562 0.9111
vn -0.1602 -0.2844 0.9452
vn -0.1910 -0.3028 0.9337
vn -0.2434 -0.4781 0.8439
vn -0.1822 -0.3042 0.9350
vn -0.2636 -0.3380 0.9035
vn -0.1734 0.2741 0.9459
vn -0.1836 0.3503 0.9185
vn -0.1651 0.3173 0.9338
vn -0.1863 -0.3418 0.9211
vn -0.1810 -0.2456 0.9523
vn -0.1677 -0.3098 0.9359
vn -0.0590 -0.1224 0.9907
vn -0.0746 0.0017 0.9972
vn -0.0582 0.1135 0.9918
vn -0.0641 0.0939 0.9935
vn -0.1976 0.2307 0.9527
vn -0.2020 0.3051 0.9307
vn -0.0117 -0.0000 -0.9999
vn -0.0116 -0.0000 -0.9999
vn 0.2998 -0.2759 0.9132
vn 0.0202 -0.2916 0.9563
vn 0.0111 -0.2745 0.9615
vn 0.2583 -0.2960 0.9196
vn 0.2526 -0.2426 0.9367
vn 0.0088 -0.1704 0.9853
vn 0.2139 -0.2649 0.9402
vn 0.0959 -0.0805 0.9921
vn 0.1939 -0.2897 0.9373
vn 0.0807 -0.1048 0.9912
vn 0.2191 -0.3314 0.9177
vn 0.0807 -0.1205 0.9894
vn 0.0117 -0.0000 0.9999
vn 0.0118 0.0001 0.9999
vn 0.0117 0.0001 0.9999
vn -0.0586 -0.0984 0.9934
vn -0.0716 -0.0647 0.9953
vn 0.0118 0.0002 0.9999
vn 0.0119 -0.0000 0.9999
vn 0.0741 0.1032 0.9919
vn 0.0885 0.0812 0.9928
vn -0.0677 0.0832 0.9942
vn -0.2209 0.2157 0.9511
vn 0.0043 0.1736 0.9848
vn 0.0030 0.2519 0.9678
vn 0.2256 0.2498 0.9417
vn -0.2663 0.2447 0.9323
vn 0.2764 0.2515 0.9275
vn 0.1944 0.2745 0.9417
vn 0.2317 0.2944 0.9272
vn 0.2101 -0.3477 0.9138
vn 0.2112 0.3370 0.9175
vn 0.1879 0.2855 0.9398
vn 0.1973 -0.0248 0.9800
vn 0.0769 0.1148 0.9904
vn 0.0959 -0.0013 0.9954
vn 0.2244 0.3464 0.9109
vn -0.2445 0.2603 0.9341
vn -0.2019 -0.2173 0.9550
vn -0.2186 -0.2829 0.9339
vn -0.2660 -0.2995 0.9163
vn -0.1820 -0.2332 0.9552
vn -0.2681 -0.2624 0.9270
vn -0.0014 -1.0000 -0.0000
vn 0.0579 0.0035 0.9983
vn 0.0576 -0.0021 0.9983
vn 0.0581 -0.0022 0.9983
vn -0.9993 0.0385 -0.0000
vn -0.9999 0.0136 -0.0000
vn -0.9999 -0.0113 0.0001
vn -0.9999 -0.0113 -0.0000
vn -0.9999 -0.0114 -0.0001
vn -0.9999 -0.0114 -0.0000
vn 0.0597 0.0080 -0.9982
vn 0.0581 0.0001 -0.9983
vn 0.0630 0.0168 -0.9979
vn 0.0764 0.0068 -0.9971
vn 0.0803 0.0009 -0.9968
vn 0.0549 0.0516 -0.9972
vn 0.0582 -0.0004 -0.9983
vn 0.7126 0.4943 0.4978
vn 0.3144 0.7524 -0.5788
vn 0.5811 0.1379 0.8021
vn 0.0430 0.0196 -0.9989
vn 0.0576 -0.0000 -0.9983
vn 0.0442 0.0823 -0.9956
vn 0.0421 0.1833 -0.9822
vn 0.1125 -0.0117 -0.9936
vn 0.0389 0.0014 -0.9992
vn 0.0445 0.0087 -0.9990
vn 0.9695 -0.2450 -0.0000
vn 0.1672 -0.9859 -0.0000
vn 0.4047 -0.9144 -0.0000
vn 0.1473 -0.9891 -0.0000
vn 0.1125 -0.0117 0.9936
vn 0.0576 -0.0000 0.9983
vn 0.0389 0.0014 0.9992
vn 0.0445 0.0087 0.9990
vn 0.0430 0.0197 0.9989
vn 0.0556 0.0748 0.9956
vn 0.0442 0.0823 0.9956
vn 0.2821 0.2228 0.9332
vn 0.1066 0.1459 0.9835
vn 0.0940 0.9956 -0.0000
vn 0.1893 0.9819 -0.0000
vn 0.1946 0.9809 -0.0000
vn 0.9875 0.1577 -0.0000
vn 0.9875 0.1577 0.0001
vn 0.9875 0.1578 -0.0000
vn 0.9875 0.1577 -0.0001
vn 0.0125 0.9999 -0.0000
vn 0.4801 0.8772 -0.0000
vn 0.4807 0.8769 -0.0000
vn 0.4801 0.8772 -0.0001
vn 0.0246 0.0289 -0.9993
vn 0.0081 0.0111 -0.9999
vn 0.0242 0.0206 -0.9995
vn 0.6636 0.7481 -0.0000
vn 0.6634 0.7482 -0.0000
vn 0.0118 -0.0039 -0.9999
vn 0.0297 0.0065 -0.9995
vn -0.0010 0.0014 -1.0000
vn 0.0136 -0.0080 -0.9999
vn -0.0052 0.0020 -1.0000
vn -0.0001 0.0008 -1.0000
vn -0.0059 -0.0582 -0.9983
vn -0.0132 -0.0544 -0.9984
vn -0.0176 -0.0723 -0.9972
vn -0.0490 -0.0944 -0.9943
vn -0.0492 -0.0782 -0.9957
vn -0.0480 -0.0731 -0.9962
vn -0.0445 -0.0510 -0.9977
vn -0.0447 -0.0333 -0.9984
vn -0.0329 -0.0243 -0.9992
vn -0.0302 -0.0207 -0.9993
vn -0.0296 -0.0210 -0.9993
vn -0.0295 -0.0208 -0.9993
vn -0.8177 -0.5756 -0.0000
vn -0.8401 -0.5416 -0.0316
vn -0.8177 -0.5756 -0.0001
vn -0.8174 -0.5760 -0.0000
vn -0.8401 -0.5416 0.0316
vn -0.8755 -0.4831 -0.0000
vn -0.8177 -0.5756 0.0001
vn -0.0447 -0.0333 0.9984
vn -0.0302 -0.0207 0.9993
vn -0.0294 -0.0208 0.9994
vn -0.0329 -0.0243 0.9992
vn -0.0295 -0.0208 0.9993
vn -0.0491 -0.0782 0.9957
vn -0.0445 -0.0510 0.9977
vn -0.0480 -0.0731 0.9962
vn -0.0132 -0.0543 0.9984
vn -0.0490 -0.0944 0.9943
vn -0.0176 -0.0723 0.9972
vn -0.0059 -0.0582 0.9983
vn -0.0001 0.0007 1.0000
vn -0.0012 0.0015 1.0000
vn 0.0133 -0.0079 0.9999
vn -0.0047 0.0026 1.0000
vn 0.0118 -0.0038 0.9999
vn 0.0297 0.0065 0.9995
vn 0.0081 0.0111 0.9999
vn 0.0242 0.0205 0.9995
vn 0.0246 0.0289 0.9993
vn 0.0465 -0.0577 0.9973
vn 0.0164 -0.0427 0.9990
vn -0.0622 -0.9981 -0.0000
vn -0.0841 -0.9965 -0.0000
vn -0.4124 -0.9110 -0.0000
vn -0.4277 -0.9039 -0.0000
vn -0.4123 -0.9110 -0.0000
vn 0.0466 -0.0577 -0.9972
vn 0.0164 -0.0427 -0.9990
vn -0.8439 -0.5365 -0.0000
vn -0.8439 -0.5364 0.0001
vn -0.9527 -0.3038 -0.0000
vn -0.9528 -0.3037 -0.0000
vn -0.8440 -0.5364 -0.0000
vn -0.9808 -0.1949 -0.0001
vn -0.9807 -0.1953 -0.0000
vn -0.9976 -0.0693 -0.0001
vn -0.9976 -0.0692 -0.0000
vn -0.9930 0.1183 -0.0000
vn -0.9343 0.3565 -0.0000
vn -0.9378 0.3473 -0.0000
vn -0.9377 0.3473 -0.0000
vn -0.9930 0.1184 -0.0000
vn -0.7990 0.6013 0.0037
vn -0.7866 0.6174 -0.0000
vn -0.7991 0.6012 -0.0037
vn -0.6402 0.7682 0.0070
vn -0.6352 0.7723 -0.0000
vn -0.6402 0.7682 -0.0071
vn -0.0414 -0.1126 -0.9928
vn -0.0483 -0.0865 -0.9951
vn -0.5849 0.8111 -0.0006
vn -0.0325 -0.0191 -0.9993
vn -0.9068 -0.4186 -0.0503
vn -0.5849 0.8111 0.0006
vn -0.5850 0.8110 -0.0000
vn -0.9068 -0.4186 0.0503
vn -0.9250 -0.3801 -0.0000
vn -0.0325 -0.0190 0.9993
vn -0.0483 -0.0865 0.9951
vn -0.0414 -0.1126 0.9928
vn -0.0010 -0.1009 0.9949
vn 0.7766 0.6300 -0.0000
vn 0.7760 0.6307 -0.0021
vn 0.8520 0.5235 -0.0000
vn 0.8524 0.5228 -0.0086
vn 0.7760 0.6307 0.0021
vn 0.8764 0.4816 -0.0000
vn 0.8785 0.4777 -0.0000
vn 0.8524 0.5229 0.0086
vn 0.9940 0.1090 0.0001
vn 0.9999 0.0141 -0.0000
vn 0.9999 0.0141 0.0001
vn 0.9738 -0.2275 -0.0000
vn 0.9738 -0.2276 -0.0000
vn 0.9999 0.0140 0.0001
vn 0.8762 -0.4820 -0.0000
vn 0.8782 -0.4782 -0.0000
vn 0.8783 -0.4782 -0.0000
vn 0.7108 -0.7034 -0.0033
vn 0.7027 -0.7115 -0.0000
vn 0.7108 -0.7034 0.0033
vn 0.4702 -0.8826 -0.0015
vn 0.4604 -0.8877 -0.0000
vn 0.4702 -0.8826 0.0015
vn 0.3609 -0.9326 0.0001
vn 0.3609 -0.9326 -0.0000
vn 0.3610 -0.9326 -0.0005
vn 0.0859 0.0044 0.9963
vn 0.0707 0.0100 0.9974
vn 0.0600 0.0084 0.9982
vn 0.0576 -0.0021 -0.9983
vn -0.0014 1.0000 -0.0000
vn 0.0579 -0.0035 0.9983
vn 0.0576 0.0021 0.9983
vn 0.0600 -0.0084 0.9982
vn -0.9999 -0.0137 -0.0001
vn -0.9993 -0.0385 -0.0000
vn -0.9999 -0.0136 -0.0000
vn -0.9999 0.0113 -0.0000
vn -0.9999 0.0114 -0.0000
vn 0.0597 -0.0080 -0.9982
vn 0.0581 -0.0002 -0.9983
vn 0.0582 0.0004 -0.9983
vn 0.0764 -0.0068 -0.9971
vn 0.0630 -0.0168 -0.9979
vn 0.0549 -0.0516 -0.9972
vn 0.7130 -0.4945 0.4970
vn 0.3145 -0.7522 -0.5790
vn 0.2306 -0.7116 -0.6637
vn 0.0430 -0.0196 -0.9989
vn 0.0445 -0.0087 -0.9990
vn 0.0442 -0.0823 -0.9956
vn 0.1125 0.0117 -0.9936
vn 0.0389 -0.0014 -0.9992
vn 0.9695 0.2450 -0.0000
vn 0.1672 0.9859 -0.0000
vn 0.4046 0.9145 -0.0000
vn 0.1473 0.9891 -0.0000
vn 0.1125 0.0117 0.9936
vn 0.0389 -0.0014 0.9992
vn 0.0445 -0.0087 0.9990
vn 0.0430 -0.0196 0.9989
vn 0.0556 -0.0748 0.9956
vn 0.1066 -0.1459 0.9835
vn 0.0442 -0.0823 0.9956
vn 0.2819 -0.2228 0.9332
vn 0.0859 -0.0044 0.9963
vn 0.1893 -0.9819 -0.0000
vn 0.0941 -0.9956 -0.0000
vn 0.1946 -0.9809 -0.0000
vn 0.9875 -0.1578 0.0001
vn 0.9875 -0.1578 -0.0000
vn 0.9875 -0.1579 0.0001
vn 0.9875 -0.1579 -0.0000
vn 0.0125 -0.9999 -0.0000
vn 0.4801 -0.8772 0.0002
vn 0.4807 -0.8769 -0.0000
vn 0.4801 -0.8772 -0.0000
vn 0.0246 -0.0289 -0.9993
vn 0.0242 -0.0206 -0.9995
vn 0.0081 -0.0111 -0.9999
vn 0.0118 0.0039 -0.9999
vn 0.6636 -0.7481 -0.0000
vn 0.6635 -0.7482 -0.0000
vn 0.0297 -0.0065 -0.9995
vn 0.0136 0.0080 -0.9999
vn -0.0010 -0.0014 -1.0000
vn -0.0001 -0.0008 -1.0000
vn -0.0052 -0.0020 -1.0000
vn -0.0059 0.0582 -0.9983
vn -0.0132 0.0544 -0.9984
vn -0.0176 0.0723 -0.9972
vn -0.0490 0.0943 -0.9943
vn -0.0492 0.0782 -0.9957
vn -0.0480 0.0731 -0.9962
vn -0.0445 0.0509 -0.9977
vn -0.0447 0.0333 -0.9984
vn -0.0329 0.0243 -0.9992
vn -0.0302 0.0207 -0.9993
vn -0.0294 0.0208 -0.9994
vn -0.0295 0.0208 -0.9993
vn -0.8178 0.5755 0.0002
vn -0.8400 0.5416 -0.0314
vn -0.8755 0.4832 0.0001
vn -0.8178 0.5754 -0.0000
vn -0.8178 0.5755 -0.0000
vn -0.8401 0.5414 0.0317
vn -0.8177 0.5757 -0.0000
vn -0.8176 0.5758 -0.0000
vn -0.0302 0.0207 0.9993
vn -0.0447 0.0333 0.9984
vn -0.0296 0.0210 0.9993
vn -0.0329 0.0243 0.9992
vn -0.0295 0.0208 0.9993
vn -0.0445 0.0509 0.9977
vn -0.0491 0.0782 0.9957
vn -0.0480 0.0731 0.9962
vn -0.0490 0.0944 0.9943
vn -0.0132 0.0544 0.9984
vn -0.0176 0.0723 0.9972
vn -0.0059 0.0582 0.9983
vn -0.0001 -0.0007 1.0000
vn -0.0015 -0.0013 1.0000
vn -0.0047 -0.0026 1.0000
vn 0.0133 0.0079 0.9999
vn 0.0117 0.0038 0.9999
vn 0.0081 -0.0111 0.9999
vn 0.0297 -0.0065 0.9995
vn 0.0241 -0.0206 0.9995
vn 0.0246 -0.0289 0.9993
vn 0.0465 0.0577 0.9972
vn -0.0622 0.9981 -0.0000
vn -0.4123 0.9110 -0.0000
vn -0.0841 0.9965 -0.0000
vn -0.4277 0.9039 -0.0000
vn 0.0466 0.0577 -0.9972
vn 0.0164 0.0427 -0.9990
vn -0.8439 0.5365 -0.0000
vn -0.9527 0.3038 -0.0000
vn -0.9527 0.3039 -0.0000
vn -0.8440 0.5364 0.0001
vn -0.9807 0.1953 -0.0000
vn -0.9808 0.1952 -0.0000
vn -0.9808 0.1952 0.0001
vn -0.9976 0.0692 0.0001
vn -0.9976 0.0692 -0.0000
vn -0.9976 0.0693 0.0001
vn -0.9930 -0.1184 -0.0000
vn -0.9930 -0.1182 -0.0000
vn -0.0010 0.1009 -0.9949
vn -0.9343 -0.3566 -0.0000
vn -0.9377 -0.3473 -0.0001
vn -0.9378 -0.3473 -0.0000
vn -0.9930 -0.1183 -0.0000
vn -0.7991 -0.6012 0.0037
vn -0.7991 -0.6012 -0.0037
vn -0.7867 -0.6174 -0.0000
vn -0.6402 -0.7682 0.0071
vn -0.6402 -0.7682 -0.0070
vn -0.6352 -0.7724 -0.0000
vn -0.0414 0.1125 -0.9928
vn -0.0483 0.0865 -0.9951
vn -0.5849 -0.8111 -0.0011
vn -0.5850 -0.8110 -0.0000
vn -0.0325 0.0191 -0.9993
vn -0.9068 0.4186 -0.0503
vn -0.9250 0.3801 -0.0000
vn -0.5849 -0.8111 0.0009
vn -0.9068 0.4186 0.0504
vn -0.0325 0.0191 0.9993
vn -0.0483 0.0864 0.9951
vn -0.0414 0.1125 0.9928
vn 0.0164 0.0427 0.9990
vn 0.7766 -0.6300 -0.0000
vn 0.7760 -0.6307 0.0021
vn 0.8521 -0.5234 -0.0000
vn 0.7760 -0.6307 -0.0022
vn 0.8524 -0.5228 0.0086
vn 0.8764 -0.4816 -0.0000
vn 0.8524 -0.5228 -0.0086
vn 0.8785 -0.4777 -0.0000
vn 0.9999 -0.0141 -0.0000
vn 0.9940 -0.1090 -0.0000
vn 0.9738 0.2275 -0.0000
vn 0.9738 0.2276 -0.0000
vn 0.8762 0.4820 -0.0000
vn 0.8783 0.4782 -0.0000
vn 0.7108 0.7034 -0.0034
vn 0.7027 0.7115 -0.0000
vn 0.7108 0.7034 0.0034
vn 0.4702 0.8826 -0.0016
vn 0.4604 0.8877 -0.0000
vn 0.4702 0.8826 0.0015
vn 0.3610 0.9326 0.0001
vn 0.3610 0.9326 -0.0001
vn 0.3610 0.9326 -0.0002
vn -0.8176 0.5758 0.0001
vn -0.8177 0.5757 0.0001
vn 0.0707 -0.0100 0.9974
vn 0.0803 -0.0009 0.9968
vn 0.0576 0.0021 -0.9983
vn 0.0581 0.0022 -0.9983
vn 0.0168 -0.0879 0.9960
vn -0.0075 0.1813 0.9834
vn 0.0461 0.3910 0.9192
vn -0.0049 -0.2261 0.9741
vn -0.0062 -0.0233 0.9997
vn 0.0555 -0.5670 0.8218
vn 0.0486 -0.4929 0.8687
vn 0.0666 0.4517 0.8897
vn -0.0031 0.1410 0.9900
vn 0.1222 0.3728 0.9198
vn 0.0883 0.4462 0.8906
vn 0.0260 0.0716 -0.9971
vn 0.0362 0.0710 -0.9968
vn 0.2063 0.0715 -0.9759
vn 0.0474 0.0674 -0.9966
vn 0.0601 0.0598 -0.9964
vn 0.0605 0.0726 -0.9955
vn 0.0901 0.0641 -0.9939
vn 0.0901 0.0640 -0.9939
vn -0.0586 -0.5790 0.8132
vn -0.3346 -0.5537 0.7626
vn -0.0854 -0.5673 0.8190
vn -0.3046 -0.5030 0.8088
vn -0.2889 -0.5923 0.7522
vn -0.0501 -0.3687 0.9282
vn -0.1685 -0.2145 0.9621
vn -0.2699 -0.5405 0.7969
vn -0.1517 -0.2749 0.9494
vn -0.2441 -0.5845 0.7738
vn -0.2514 -0.6412 0.7250
vn -0.0902 -0.0640 0.9939
vn -0.1514 -0.2330 0.9606
vn -0.0901 -0.0641 0.9939
vn -0.0899 -0.0641 0.9939
vn -0.0902 -0.0639 0.9939
vn -0.0154 -0.2679 0.9633
vn 0.0034 -0.2235 0.9747
vn -0.0159 -0.3355 0.9419
vn -0.0903 -0.0640 0.9939
vn -0.0901 -0.0639 0.9939
vn -0.0103 0.1728 0.9849
vn -0.0902 -0.0638 0.9939
vn -0.0901 -0.0642 0.9939
vn -0.0900 -0.0640 0.9939
vn -0.1426 0.1150 0.9831
vn 0.0017 0.1180 0.9930
vn -0.1584 0.0972 0.9826
vn -0.0377 0.2507 0.9673
vn 0.1407 0.3471 0.9272
vn -0.0276 0.4062 0.9134
vn -0.2628 0.4227 0.8673
vn 0.1808 0.3969 0.8999
vn -0.2975 0.4455 0.8444
vn -0.0839 0.4217 0.9028
vn -0.2282 0.4644 0.8557
vn -0.2570 0.5101 0.8208
vn -0.2396 -0.6245 0.7434
vn -0.2463 -0.6539 0.7154
vn -0.2301 0.4999 0.8350
vn -0.2382 0.5541 0.7977
vn -0.2186 0.5746 0.7887
vn -0.1480 0.1803 0.9724
vn -0.2290 0.4690 0.8530
vn -0.2239 -0.5591 0.7983
vn -0.1413 0.1583 0.9772
vn 0.1279 -0.4787 0.8686
vn 0.0939 -0.5176 0.8504
vn 0.0946 -0.5944 0.7986
vn 0.1667 -0.5674 0.8064
vn -0.0051 -0.2262 0.9741
vn -0.0270 -0.0881 0.9957
vn -0.0041 -0.0234 0.9997
vn -0.0026 0.1814 0.9834
vn -0.0574 -0.4927 0.8683
vn -0.0639 -0.5671 0.8211
vn -0.0554 0.3907 0.9188
vn -0.0757 0.4518 0.8889
vn 0.0016 0.1686 0.9857
vn -0.0955 0.4470 0.8894
vn -0.0054 0.1372 0.9905
vn -0.1316 0.3727 0.9186
vn -0.0259 0.0710 -0.9971
vn -0.0158 0.0721 -0.9973
vn -0.1962 0.0714 -0.9780
vn -0.0502 0.0599 -0.9969
vn -0.0375 0.0674 -0.9970
vn -0.0509 0.0724 -0.9961
vn -0.0799 0.0641 -0.9947
vn 0.3269 -0.5536 0.7659
vn 0.0542 -0.5779 0.8143
vn 0.0758 -0.5673 0.8200
vn 0.2811 -0.5982 0.7504
vn 0.2965 -0.5031 0.8118
vn 0.0447 -0.3691 0.9283
vn 0.2590 -0.5385 0.8019
vn 0.1587 -0.2148 0.9637
vn 0.2461 -0.6418 0.7263
vn 0.2358 -0.5777 0.7814
vn 0.1437 -0.2348 0.9614
vn 0.1427 -0.2840 0.9481
vn 0.0800 -0.0636 0.9948
vn 0.0801 -0.0642 0.9947
vn 0.0799 -0.0639 0.9948
vn 0.0799 -0.0641 0.9947
vn -0.0116 -0.2204 0.9753
vn 0.0069 -0.2643 0.9644
vn 0.0074 -0.3316 0.9434
vn 0.0799 -0.0642 0.9947
vn 0.0800 -0.0641 0.9947
vn 0.0800 -0.0642 0.9947
vn 0.0800 -0.0644 0.9947
vn 0.0799 -0.0639 0.9947
vn 0.1485 0.0978 0.9841
vn -0.0101 0.1143 0.9934
vn 0.1336 0.1171 0.9841
vn -0.1502 0.3471 0.9257
vn 0.0325 0.2512 0.9674
vn 0.0236 0.4066 0.9133
vn 0.2539 0.4229 0.8699
vn -0.1900 0.3970 0.8979
vn 0.2892 0.4451 0.8475
vn 0.2486 0.5098 0.8236
vn 0.2193 0.4640 0.8583
vn -0.0799 0.0640 -0.9947
vn 0.2318 -0.6241 0.7462
vn 0.2303 0.5537 0.8002
vn 0.2212 0.4989 0.8379
vn 0.2105 0.5746 0.7909
vn 0.2201 0.4688 0.8554
vn 0.1376 0.1783 0.9743
vn 0.2158 -0.5589 0.8007
vn 0.1315 0.1633 0.9778
vn -0.1367 -0.4786 0.8673
vn -0.1009 -0.5942 0.7980
vn -0.1023 -0.5174 0.8496
vn -0.1749 -0.5679 0.8043
vn -0.0011 -0.1936 0.9811
vn -0.3413 -0.1869 0.9212
vn -0.0001 -0.1972 0.9804
vn 0.3323 -0.1896 0.9239
vn 0.2630 -0.1994 0.9440
vn -0.0012 -0.1392 0.9903
vn -0.2777 -0.1786 0.9439
vn -0.0879 -0.0550 0.9946
vn -0.2293 -0.2039 0.9518
vn -0.0818 -0.0621 0.9947
vn -0.2747 -0.2224 0.9355
vn -0.0000 -0.0117 -0.9999
vn 0.2731 0.3103 0.9106
vn 0.2408 0.2484 0.9383
vn 0.2360 0.0658 0.9695
vn 0.2792 0.2786 0.9189
vn 0.2613 0.2201 0.9398
vn 0.0846 0.1034 0.9910
vn 0.0939 0.0133 0.9955
vn 0.0852 0.0928 0.9920
vn 0.0990 0.0693 0.9927
vn 0.3148 0.2361 0.9193
vn 0.2964 0.1966 0.9346
vn -0.0001 0.0116 0.9999
vn 0.0001 0.0116 0.9999
vn -0.0001 0.0117 0.9999
vn 0.0001 0.0117 0.9999
vn -0.0000 0.0117 0.9999
vn 0.0759 -0.0751 0.9943
vn 0.0698 -0.0675 0.9953
vn -0.0000 0.0116 0.9999
vn 0.0865 -0.0418 0.9954
vn -0.0000 0.0118 0.9999
vn -0.0768 -0.0775 0.9940
vn -0.0833 0.1003 0.9915
vn -0.0940 0.0159 0.9954
vn -0.2236 -0.0042 0.9747
vn -0.2144 -0.2207 0.9515
vn -0.2382 0.2223 0.9454
vn -0.2440 -0.2671 0.9323
vn -0.2503 -0.2586 0.9330
vn -0.2455 0.2806 0.9279
vn -0.2794 0.2483 0.9275
vn -0.0859 0.0851 0.9927
vn -0.2633 0.1902 0.9458
vn -0.3154 0.2350 0.9194
vn 0.3448 0.2113 0.9146
vn 0.0022 0.2275 0.9738
vn -0.3457 0.2086 0.9149
vn -0.0002 0.2191 0.9757
vn -0.2729 0.1899 0.9431
vn 0.0030 0.1564 0.9877
vn -0.0973 0.0640 0.9932
vn 0.2160 -0.2201 0.9513
vn 0.2217 -0.2003 0.9543
vn 0.2714 -0.2469 0.9303
vn 0.2904 -0.2878 0.9126
vn 0.2735 -0.2385 0.9318
vn 0.0100 0.0029 -0.9999
vn 0.0090 0.0015 -1.0000
vn -0.2474 -0.3118 0.9174
vn -0.0954 -0.1075 0.9896
vn -0.1884 -0.3690 0.9101
vn -0.0797 -0.1578 0.9843
vn -0.0115 -0.0028 0.9999
vn -0.0734 0.1268 0.9892
vn 0.2636 -0.3380 0.9035
vn -0.0641 0.0938 0.9935
vn -0.2020 0.3050 0.9307
vn 0.2528 -0.2424 0.9367
vn 0.2140 -0.2649 0.9402
vn 0.0959 -0.0806 0.9921
vn 0.0807 -0.1049 0.9912
vn 0.0807 -0.1206 0.9894
vn 0.0116 -0.0001 0.9999
vn 0.0116 0.0001 0.9999
vn 0.0115 -0.0001 0.9999
vn -0.0716 -0.0646 0.9953
vn 0.0116 -0.0002 0.9999
vn 0.0118 -0.0000 0.9999
vn 0.0116 -0.0000 0.9999
vn 0.0741 0.1033 0.9919
vn 0.0042 0.1736 0.9848
vn 0.2256 0.2498 0.9416
vn -0.2664 0.2447 0.9323
vn 0.2764 0.2515 0.9276
vn 0.0769 0.1149 0.9904
vn -0.1819 -0.2331 0.9553
vn -0.1135 -0.4118 0.9042
vn -0.0578 -0.1601 0.9854
vn -0.0079 0.0030 -1.0000
vn -0.0100 0.0029 -0.9999
vn -0.0090 0.0052 -0.9999
vn -0.0105 0.0016 -0.9999
vn -0.0106 0.0043 -0.9999
vn 0.0117 -0.0026 0.9999
vn 0.0117 -0.0028 0.9999
vn -0.0712 -0.0871 0.9937
vn 0.0116 -0.0029 0.9999
vn 0.0116 -0.0030 0.9999
vn 0.0880 0.1025 0.9908
vn -0.0673 0.1038 0.9923
vn -0.0117 0.0028 -0.9999
vn 0.0758 0.1462 0.9863
vn 0.0999 -0.0026 0.9950
vn 0.0577 -0.0021 0.9983
vn -0.9993 0.0386 0.0001
vn 0.0581 0.0003 -0.9983
vn 0.7128 0.4943 0.4976
vn 0.3144 0.7524 -0.5789
vn 0.5813 0.1380 0.8019
vn 0.0430 0.0197 -0.9989
vn 0.0421 0.1833 -0.9821
vn 0.9695 -0.2450 -0.0001
vn 0.4046 -0.9145 -0.0000
vn 0.9695 -0.2450 0.0001
vn 0.0430 0.0196 0.9989
vn 0.2820 0.2228 0.9332
vn 0.0941 0.9956 -0.0000
vn 0.0124 0.9999 -0.0000
vn 0.0125 0.9999 -0.0001
vn 0.4801 0.8772 -0.0002
vn 0.6635 0.7482 -0.0000
vn -0.0445 -0.0509 -0.9977
vn -0.8176 -0.5758 0.0001
vn -0.8400 -0.5416 -0.0314
vn -0.8177 -0.5757 -0.0000
vn -0.8182 -0.5750 -0.0000
vn -0.8177 -0.5757 -0.0002
vn -0.8400 -0.5417 0.0315
vn -0.8754 -0.4833 0.0001
vn -0.0492 -0.0782 0.9957
vn -0.0445 -0.0509 0.9977
vn -0.0132 -0.0544 0.9984
vn -0.0490 -0.0942 0.9943
vn -0.0015 0.0013 1.0000
vn 0.0242 0.0206 0.9995
vn 0.0246 0.0290 0.9993
vn 0.0466 -0.0577 0.9972
vn -0.8439 -0.5364 -0.0000
vn -0.9527 -0.3039 -0.0000
vn -0.9808 -0.1949 -0.0000
vn -0.9808 -0.1952 -0.0000
vn -0.9976 -0.0693 -0.0000
vn -0.9343 0.3566 -0.0000
vn -0.9377 0.3474 -0.0000
vn -0.9930 0.1183 0.0001
vn -0.7991 0.6012 0.0036
vn -0.7867 0.6173 -0.0000
vn -0.7991 0.6012 -0.0036
vn -0.6402 0.7682 -0.0070
vn -0.0414 -0.1125 -0.9928
vn -0.5849 0.8111 -0.0009
vn -0.9068 -0.4186 -0.0502
vn -0.5849 0.8111 0.0009
vn -0.9068 -0.4186 0.0502
vn -0.9251 -0.3798 -0.0000
vn -0.0325 -0.0191 0.9993
vn -0.0414 -0.1125 0.9928
vn 0.7760 0.6307 -0.0022
vn 0.8523 0.5230 -0.0000
vn 0.8523 0.5229 -0.0085
vn 0.7760 0.6307 0.0022
vn 0.8762 0.4819 -0.0000
vn 0.8524 0.5228 0.0086
vn 0.9940 0.1090 -0.0000
vn 0.8783 -0.4781 0.0001
vn 0.9738 -0.2275 0.0001
vn 0.3610 -0.9326 0.0005
vn 0.3610 -0.9326 0.0001
vn 0.3610 -0.9326 -0.0000
vn -0.8178 -0.5756 0.0001
vn 0.0577 0.0021 0.9983
vn -0.9999 -0.0136 0.0001
vn -0.9999 0.0114 0.0001
vn 0.0597 -0.0079 -0.9982
vn 0.7127 -0.4943 0.4977
vn 0.3145 -0.7525 -0.5787
vn 0.2308 -0.7118 -0.6634
vn 0.0430 -0.0197 -0.9989
vn 0.2821 -0.2228 0.9332
vn 0.0940 -0.9956 -0.0000
vn 0.9875 -0.1577 -0.0000
vn 0.0246 -0.0290 -0.9993
vn -0.0491 0.0782 -0.9957
vn -0.0445 0.0510 -0.9977
vn -0.0293 0.0207 -0.9994
vn -0.8177 0.5756 -0.0001
vn -0.8401 0.5416 -0.0317
vn -0.8755 0.4833 -0.0001
vn -0.8178 0.5755 -0.0002
vn -0.8400 0.5417 0.0315
vn -0.8178 0.5755 0.0001
vn -0.8178 0.5756 0.0001
vn -0.0294 0.0208 0.9994
vn -0.0445 0.0510 0.9977
vn -0.0492 0.0782 0.9957
vn -0.0490 0.0943 0.9943
vn 0.0118 0.0038 0.9999
vn 0.0242 -0.0205 0.9995
vn 0.0246 -0.0290 0.9993
vn 0.0466 0.0577 0.9972
vn -0.4124 0.9110 -0.0000
vn -0.8439 0.5364 -0.0000
vn -0.9528 0.3036 -0.0001
vn -0.8440 0.5364 -0.0000
vn -0.9976 0.0696 -0.0000
vn -0.9976 0.0694 -0.0000
vn -0.9930 -0.1183 -0.0001
vn -0.0010 0.1010 -0.9949
vn -0.9377 -0.3474 -0.0000
vn -0.7990 -0.6013 0.0037
vn -0.6402 -0.7682 0.0069
vn -0.6352 -0.7723 -0.0000
vn -0.0414 0.1126 -0.9928
vn -0.5849 -0.8111 -0.0009
vn -0.5850 -0.8110 -0.0001
vn -0.9068 0.4185 -0.0504
vn -0.9251 0.3798 -0.0001
vn -0.5849 -0.8111 0.0007
vn -0.9068 0.4185 0.0503
vn -0.0325 0.0192 0.9993
vn -0.0483 0.0865 0.9951
vn 0.8520 -0.5235 -0.0000
vn 0.7760 -0.6307 -0.0021
vn 0.8523 -0.5229 0.0085
vn 0.8762 -0.4819 -0.0000
vn 0.8785 -0.4778 -0.0000
vn 0.7108 0.7034 -0.0033
vn 0.7108 0.7034 0.0033
vn 0.4702 0.8826 0.0016
vn 0.3609 0.9326 0.0001
vn 0.3609 0.9326 -0.0000
vn 0.3609 0.9326 -0.0001
vn -0.8177 0.5756 -0.0000
vn -0.8178 0.5756 -0.0001
vn 0.0803 -0.0008 0.9968
vn 0.0590 -0.1223 0.9907
vn 0.2020 0.3051 0.9307
vn 0.0117 0.0001 -0.9999
vn -0.0088 -0.1704 0.9853
vn -0.1940 -0.2897 0.9373
vn -0.0115 -0.0001 0.9999
vn -0.0117 0.0001 0.9999
vn -0.2101 -0.3477 0.9138
vn -0.0769 0.1149 0.9904
vn -0.0579 0.0036 0.9983
vn 0.9999 -0.0113 -0.0000
vn -0.0597 0.0079 -0.9982
vn -0.0581 0.0003 -0.9983
vn -0.7129 0.4943 0.4974
vn -0.3144 0.7523 -0.5790
vn -0.2307 0.7117 -0.6635
vn -0.0430 0.0197 -0.9989
vn -0.1125 -0.0117 -0.9936
vn -0.9695 -0.2450 0.0001
vn -0.0430 0.0197 0.9989
vn -0.2820 0.2228 0.9332
vn -0.9875 0.1577 -0.0000
vn -0.0246 0.0289 -0.9993
vn 0.0490 -0.0943 -0.9943
vn 0.0492 -0.0782 -0.9957
vn 0.0445 -0.0510 -0.9977
vn 0.8400 -0.5416 -0.0316
vn 0.8178 -0.5755 -0.0001
vn 0.8400 -0.5416 0.0316
vn 0.8178 -0.5755 0.0001
vn 0.8178 -0.5756 0.0001
vn 0.0296 -0.0210 0.9993
vn 0.0490 -0.0944 0.9943
vn -0.0242 0.0206 0.9995
vn -0.0466 -0.0577 0.9972
vn 0.4123 -0.9111 -0.0000
vn 0.9527 -0.3039 -0.0000
vn 0.9930 0.1182 -0.0000
vn 0.0010 -0.1010 -0.9949
vn 0.9343 0.3566 -0.0000
vn 0.7991 0.6012 0.0037
vn 0.7867 0.6173 -0.0000
vn 0.0414 -0.1125 -0.9928
vn 0.5849 0.8111 -0.0009
vn 0.0325 -0.0191 -0.9993
vn 0.9250 -0.3799 -0.0000
vn 0.0325 -0.0192 0.9993
vn -0.7760 0.6307 0.0021
vn -0.8521 0.5233 -0.0000
vn -0.9940 0.1090 -0.0000
vn -0.3609 -0.9326 0.0001
vn 0.8178 -0.5756 -0.0001
vn -0.0576 -0.0021 -0.9983
vn -0.0579 -0.0036 0.9983
vn -0.0597 -0.0079 -0.9982
vn -0.0582 0.0004 -0.9983
vn -0.5814 -0.1381 0.8018
vn -0.2821 -0.2228 0.9332
vn -0.0126 -0.9999 -0.0000
vn -0.0126 -0.9999 0.0001
vn -0.0246 -0.0289 -0.9993
vn -0.0241 -0.0206 -0.9995
vn 0.0490 0.0944 -0.9943
vn 0.0492 0.0782 -0.9957
vn 0.0294 0.0208 -0.9994
vn 0.8401 0.5416 -0.0317
vn 0.8178 0.5755 -0.0002
vn 0.8179 0.5753 -0.0000
vn 0.8178 0.5756 -0.0001
vn 0.8400 0.5416 0.0317
vn 0.8178 0.5755 0.0002
vn 0.0490 0.0944 0.9943
vn -0.0242 -0.0206 0.9995
vn -0.0246 -0.0289 0.9993
vn -0.0465 0.0577 0.9973
vn 0.9808 0.1949 -0.0001
vn 0.9976 0.0695 -0.0000
vn 0.9343 -0.3566 -0.0000
vn 0.7991 -0.6012 0.0037
vn 0.7991 -0.6012 -0.0037
vn 0.6353 -0.7723 -0.0000
vn 0.0483 0.0865 -0.9951
vn 0.5849 -0.8111 -0.0009
vn 0.0325 0.0192 -0.9993
vn 0.9068 0.4186 -0.0503
vn 0.5849 -0.8111 0.0011
vn 0.5850 -0.8110 0.0001
vn 0.9068 0.4186 0.0503
vn 0.9250 0.3801 -0.0000
vn -0.8524 -0.5228 -0.0086
vn -0.7760 -0.6307 0.0021
vn -0.8762 -0.4819 -0.0000
vn -0.8785 -0.4777 -0.0001
vn -0.8524 -0.5228 0.0086
vn -0.9940 -0.1092 -0.0000
vn -0.7108 0.7034 -0.0033
vn -0.3610 0.9326 0.0001
vn 0.8178 0.5756 0.0001
vn -0.2301 0.9368 0.2637
vn -0.9091 0.1718 0.3794
vn -0.9453 0.2608 0.1959
vn -0.8911 -0.3493 -0.2898
vn -0.9133 -0.1347 -0.3844
vn -0.8527 0.0327 0.5214
vn -0.1534 0.6097 0.7776
vn 0.1869 0.9114 0.3668
vn -0.2998 0.8949 -0.3306
vn 0.1282 0.9519 -0.2782
vn 0.1015 0.5753 -0.8116
vn 0.8770 0.2785 -0.3915
vn 0.9022 0.3820 -0.2004
vn 0.9289 0.3698 0.0174
vn 0.8843 -0.4030 -0.2356
vn 0.9287 -0.2345 0.2872
vn 0.9159 -0.3998 0.0369
vn 0.2101 -0.9537 0.2153
vn 0.8363 -0.2401 -0.4929
vn 0.1038 -0.5558 -0.8248
vn 0.1517 -0.9130 -0.3787
vn -0.0851 -0.9342 0.3464
vn -0.0720 -0.6121 0.7875
vn 0.2460 -0.6177 0.7470
vn 0.2495 -0.1526 0.9563
vn -0.0760 -0.1992 0.9770
vn -0.0853 0.1504 0.9849
vn -0.7960 -0.1313 0.5909
vn -0.7990 -0.3454 0.4922
vn 0.2252 0.2258 0.9478
vn -0.8062 0.0310 0.5908
vn -0.8363 0.2402 0.4929
vn -0.1038 0.5558 0.8248
vn -0.9475 -0.2602 -0.1860
vn -0.8843 0.4031 0.2356
vn -0.9289 -0.3699 -0.0174
vn -0.9159 0.3998 -0.0369
vn -0.9022 -0.3820 0.2004
vn -0.1282 -0.9519 0.2782
vn -0.1867 -0.9114 -0.3667
vn 0.2301 -0.9368 -0.2637
vn -0.2517 -0.5300 -0.8098
vn 0.2998 -0.8949 0.3306
vn -0.2694 -0.1484 -0.9515
vn -0.9436 -0.1222 -0.3076
vn 0.1043 -0.1723 -0.9795
vn 0.1533 -0.6097 -0.7777
vn 0.8526 -0.0327 -0.5215
vn 0.8407 0.1253 -0.5267
vn 0.0928 0.1477 -0.9847
vn 0.9235 -0.0253 0.3827
vn 0.9133 0.1347 0.3844
vn 0.8911 0.3493 0.2898
vn 0.9091 -0.1718 -0.3795
vn 0.9453 -0.2609 -0.1959
vn 0.1673 0.6893 0.7049
vn 0.8561 0.5154 0.0376
vn 0.1161 0.9723 0.2027
vn -0.1517 0.9130 0.3787
vn -0.2101 0.9537 -0.2153
vn 0.0852 0.9342 -0.3464
vn -0.2460 0.6177 -0.7470
vn 0.0721 0.6121 -0.7875
vn -0.2494 0.1526 -0.9563
vn -0.9287 0.2345 -0.2872
vn -0.9235 0.0253 -0.3827
vn 0.0761 0.1992 -0.9770
vn -0.2252 -0.2258 -0.9478
vn 0.0853 -0.1504 -0.9849
vn 0.7960 0.1313 -0.5909
vn 0.7990 0.3454 -0.4923
vn 0.9732 -0.1487 0.1752
vn 0.9684 -0.2491 0.0088
vn 0.8248 0.5139 -0.2360
vn 0.9528 -0.0181 0.3032
vn 0.3222 -0.5413 0.7766
vn 0.2891 -0.1524 0.9451
vn -0.1015 -0.5753 0.8116
vn -0.8408 -0.1253 0.5267
vn -0.8770 -0.2785 0.3915
vn -0.0928 -0.1477 0.9847
vn -0.1042 0.1723 0.9795
vn 0.2695 0.1484 0.9515
vn 0.9436 0.1222 0.3076
vn 0.2517 0.5300 0.8098
vn 0.9475 0.2602 0.1860
vn 0.8062 -0.0310 -0.5908
vn -0.1673 -0.6893 -0.7049
vn -0.8561 -0.5154 -0.0376
vn -0.1161 -0.9723 -0.2028
vn -0.8248 -0.5139 0.2360
vn -0.9684 0.2491 -0.0088
vn -0.9733 0.1487 -0.1751
vn -0.3222 0.5413 -0.7767
vn -0.9528 0.0181 -0.3032
vn -0.2892 0.1524 -0.9451
vn -0.2579 0.8501 -0.4592
vn -0.1966 0.1113 -0.9741
vn -0.1012 0.2067 -0.9732
vn 0.1104 -0.1083 -0.9880
vn 0.1144 -0.0204 -0.9932
vn -0.2194 0.0179 -0.9755
vn -0.7848 0.4792 -0.3929
vn -0.2016 0.8815 0.4269
vn -0.0489 0.1982 -0.9789
vn 0.1060 0.8849 -0.4536
vn 0.1578 0.8544 0.4950
vn 0.0819 0.1783 0.9806
vn 0.0247 0.2581 0.9658
vn -0.0891 0.1400 0.9861
vn -0.7254 0.4768 0.4964
vn -0.1087 0.0263 0.9937
vn -0.8682 0.0873 0.4885
vn -0.9301 0.0872 -0.3569
vn -0.8539 -0.1839 0.4869
vn -0.9151 -0.1895 -0.3559
vn -0.2181 -0.0430 -0.9750
vn -0.7218 -0.5713 -0.3907
vn -0.1886 -0.1413 -0.9718
vn 0.1139 0.0341 -0.9929
vn 0.8307 0.2355 -0.5044
vn 0.1081 0.1309 -0.9855
vn 0.5249 0.6573 -0.5408
vn 0.0439 0.4481 -0.8929
vn -0.0819 -0.1783 -0.9806
vn -0.0247 -0.2581 -0.9658
vn -0.1578 -0.8544 -0.4950
vn -0.6642 -0.5656 0.4888
vn -0.1059 -0.8849 0.4536
vn 0.2016 -0.8816 -0.4268
vn 0.0890 -0.1400 -0.9861
vn 0.7254 -0.4768 -0.4964
vn 0.2579 -0.8501 0.4592
vn 0.8682 -0.0873 -0.4885
vn 0.7849 -0.4792 0.3929
vn 0.1086 -0.0263 -0.9937
vn 0.9301 -0.0872 0.3569
vn 0.2195 -0.0179 0.9755
vn 0.1966 -0.1113 0.9741
vn -0.1143 0.0204 0.9932
vn -0.1140 -0.0341 0.9929
vn 0.2182 0.0430 0.9750
vn 0.9151 0.1895 0.3560
vn 0.8539 0.1839 -0.4869
vn 0.6642 0.5656 -0.4888
vn 0.7218 0.5713 0.3907
vn 0.1886 0.1413 0.9718
vn -0.1081 -0.1310 0.9855
vn -0.0439 -0.4481 0.8929
vn -0.5249 -0.6573 0.5408
vn -0.8307 -0.2355 0.5045
vn -0.6138 -0.6772 -0.4058
vn -0.8543 0.1313 0.5030
vn -0.9009 -0.2382 -0.3628
vn -0.2199 -0.1322 -0.9665
vn -0.1209 -0.4740 -0.8722
vn -0.0997 -0.9455 -0.3100
vn -0.0743 -0.9102 0.4075
vn 0.1865 -0.9226 0.3377
vn 0.1650 -0.3774 0.9112
vn 0.6952 -0.5923 0.4073
vn 0.1384 -0.8780 -0.4582
vn 0.6076 -0.5840 -0.5383
vn 0.0705 -0.3706 -0.9261
vn 0.8543 -0.1313 -0.5030
vn 0.9235 -0.1283 0.3616
vn 0.2278 -0.0144 0.9736
vn 0.2228 -0.0996 0.9698
vn 0.9009 0.2382 0.3628
vn 0.2274 0.0377 0.9731
vn 0.2199 0.1322 0.9665
vn 0.6138 0.6772 0.4058
vn 0.0997 0.9455 0.3100
vn 0.1209 0.4740 0.8722
vn 0.0489 -0.1982 0.9789
vn -0.0705 0.3706 0.9261
vn -0.1384 0.8780 0.4582
vn -0.0811 -0.1662 0.9828
vn 0.1012 -0.2067 0.9732
vn -0.1104 0.1083 0.9880
vn -0.6076 0.5840 0.5383
vn -0.1864 0.9226 -0.3377
vn -0.6952 0.5923 -0.4073
vn -0.1650 0.3774 -0.9112
vn -0.9235 0.1283 -0.3616
vn -0.2228 0.0996 -0.9698
vn 0.0744 0.9102 -0.4075
vn -0.2279 0.0144 -0.9736
vn -0.2274 -0.0377 -0.9731
vn 0.0811 0.1662 -0.9827
vn 0.1076 0.0434 -0.9932
vn -0.1076 -0.0434 0.9932
vn 0.2470 0.1221 0.9613
vn -0.0799 -0.5315 0.8433
vn 0.2568 -0.5800 0.7731
vn 0.6189 0.5922 -0.5160
vn -0.0609 -0.0569 0.9965
vn -0.7753 0.5221 -0.3554
vn -0.8049 -0.1688 -0.5689
vn 0.6614 0.0001 -0.7500
vn -0.9453 0.2609 0.1959
vn -0.1533 0.6097 0.7777
vn 0.1867 0.9114 0.3668
vn 0.1283 0.9519 -0.2782
vn 0.9290 0.3698 0.0174
vn 0.9287 -0.2346 0.2872
vn -0.2251 -0.2258 -0.9478
vn -0.0721 -0.6121 0.7875
vn 0.2460 -0.6176 0.7470
vn -0.0761 -0.1992 0.9770
vn -0.7990 -0.3454 0.4923
vn -0.9732 0.1487 -0.1752
vn -0.7959 -0.1313 0.5910
vn -0.3223 0.5413 -0.7766
vn -0.2891 0.1524 -0.9451
vn 0.1016 0.5753 -0.8116
vn 0.8407 0.1253 -0.5268
vn -0.1868 -0.9114 -0.3668
vn 0.1533 -0.6097 -0.7776
vn 0.2302 -0.9367 -0.2637
vn 0.2997 -0.8949 0.3306
vn -0.9290 -0.3698 -0.0174
vn -0.1283 -0.9519 0.2782
vn -0.8363 0.2401 0.4929
vn -0.8844 0.4030 0.2356
vn -0.1039 0.5558 0.8248
vn -0.0854 0.1504 0.9849
vn 0.2494 -0.1526 0.9563
vn 0.2251 0.2258 0.9478
vn 0.9133 0.1347 0.3843
vn 0.1160 0.9723 0.2028
vn 0.0720 0.6121 -0.7875
vn 0.0851 0.9342 -0.3464
vn -0.2461 0.6177 -0.7470
vn -0.2495 0.1526 -0.9563
vn -0.9287 0.2346 -0.2872
vn -0.1016 -0.5753 0.8116
vn -0.1043 0.1723 0.9795
vn 0.7959 0.1313 -0.5910
vn 0.9733 -0.1487 0.1751
vn 0.0760 0.1992 -0.9770
vn 0.9091 -0.1718 -0.3794
vn 0.1103 -0.1083 -0.9880
vn -0.7849 0.4792 -0.3929
vn 0.1059 0.8849 -0.4536
vn -0.2016 0.8816 0.4268
vn -0.0890 0.1400 0.9861
vn -0.1086 0.0263 0.9937
vn -0.9151 -0.1895 -0.3560
vn -0.0811 -0.1662 0.9827
vn 0.2273 0.0377 0.9731
vn 0.2200 0.1322 0.9665
vn 0.2279 -0.0144 0.9736
vn 0.1385 -0.8780 -0.4582
vn -0.1081 -0.1309 0.9855
vn -0.8307 -0.2355 0.5044
vn 0.2183 0.0430 0.9749
vn 0.2194 -0.0179 0.9755
vn 0.7218 0.5714 0.3906
vn 0.9151 0.1895 0.3559
vn 0.0811 0.1662 -0.9828
vn -0.2200 -0.1321 -0.9665
vn -0.2273 -0.0377 -0.9731
vn -0.2278 0.0144 -0.9736
vn 0.8682 -0.0873 -0.4884
vn 0.7848 -0.4792 0.3929
vn -0.1103 0.1083 0.9880
vn 0.1081 0.1310 -0.9855
vn -0.2301 0.9367 0.2637
vn -0.8526 0.0327 0.5215
vn -0.2997 0.8949 -0.3306
vn 0.2518 0.5300 0.8097
vn 0.2892 -0.1524 0.9451
vn -0.0929 -0.1477 0.9847
vn -0.8407 -0.1253 0.5268
vn 0.3222 -0.5429 0.7755
vn -0.1867 -0.9114 -0.3668
vn -0.9289 -0.3698 -0.0174
vn 0.2301 -0.9367 -0.2637
vn 0.1042 -0.1723 -0.9795
vn 0.1534 -0.6097 -0.7776
vn -0.2890 0.1524 -0.9451
vn 0.8408 0.1253 -0.5267
vn -0.7991 -0.3453 0.4922
vn 0.8843 -0.4031 -0.2356
vn -0.0852 -0.9342 0.3464
vn 0.2461 -0.6177 0.7469
vn 0.9092 -0.1718 -0.3794
vn 0.9453 -0.2608 -0.1959
vn 0.8248 0.5138 -0.2360
vn 0.1674 0.6893 0.7049
vn 0.1143 -0.0204 -0.9932
vn -0.2195 0.0179 -0.9755
vn 0.2181 0.0430 0.9750
vn -0.8542 0.1313 0.5030
vn -0.9009 -0.2382 -0.3629
vn 0.0810 0.1662 -0.9828
vn -0.0998 -0.9455 -0.3100
vn 0.6076 -0.5840 -0.5382
vn 0.2280 -0.0144 0.9736
vn -0.7218 -0.5713 -0.3906
vn -0.2182 -0.0430 -0.9750
vn 0.0743 0.9102 -0.4075
vn -0.1865 0.9226 -0.3377
vn -0.1144 0.0204 0.9932
vn -0.9133 -0.1347 -0.3843
vn 0.8844 -0.4030 -0.2356
vn 0.7990 0.3454 -0.4922
vn -0.1160 -0.9723 -0.2028
vn 0.2102 -0.9537 0.2153
vn -0.8248 -0.5138 0.2360
vn -0.2695 -0.1484 -0.9515
vn 0.0929 0.1477 -0.9847
vn 0.1534 -0.6097 -0.7777
vn -0.2518 -0.5300 -0.8098
vn 0.9475 0.2601 0.1860
vn 0.2695 0.1485 0.9515
vn -0.8407 -0.1253 0.5267
vn 0.1887 0.1413 0.9718
vn -0.8682 0.0873 0.4884
vn -0.8539 -0.1840 0.4869
vn -0.2182 -0.0430 -0.9749
vn 0.1012 -0.2067 0.9731
vn -0.1143 0.0205 0.9932
vn -0.9235 0.1283 -0.3615
vn 0.0891 -0.1400 -0.9861
vn 0.8539 0.1840 -0.4869
vn 0.9301 -0.0872 0.3568
vn -0.1139 -0.0341 0.9929
vn 0.6077 -0.5840 -0.5383
vn 0.6137 0.6772 0.4058
vn 0.2461 -0.6177 0.7470
vn 0.1518 -0.9130 -0.3787
vn 0.1039 -0.5558 -0.8248
vn -0.9158 0.3998 -0.0369
vn -0.3222 0.5429 -0.7755
vn 0.2694 0.1484 0.9515
vn 0.1103 -0.1084 -0.9880
vn 0.2182 0.0430 0.9749
vn 0.1087 -0.0263 -0.9937
vn 0.1077 0.0434 -0.9932
vn -0.9091 0.1718 0.3795
vn -0.8526 0.0328 0.5215
vn 0.9159 -0.3997 0.0369
vn 0.7990 0.3453 -0.4922
vn 0.0854 -0.1504 -0.9849
vn 0.3222 -0.5413 0.7767
vn -0.8770 -0.2786 0.3915
vn -0.3222 0.5413 -0.7766
vn 0.1144 -0.0205 -0.9932
vn 0.9151 0.1897 0.3559
vn 0.7849 -0.4793 0.3928
vn -0.1887 -0.1413 -0.9718
vn 0.0489 -0.1983 0.9789
vn -0.1077 -0.0434 0.9932
vn 0.2228 -0.0996 0.9697
vn 0.1864 -0.9226 0.3377
vn -0.2200 -0.1322 -0.9665
vn -0.9301 0.0872 -0.3568
vn 0.8542 -0.1313 -0.5030
vn 0.1868 0.9114 0.3668
vn 0.2459 -0.6177 0.7470
vn -0.0854 0.1505 0.9849
vn -0.8843 0.4030 0.2356
vn -0.8408 -0.1253 0.5266
vn 0.2518 0.5300 0.8098
vn 0.9090 -0.1713 -0.3799
vn 0.8527 -0.0327 -0.5214
vn -0.7849 0.4792 -0.3928
vn 0.1578 0.8545 0.4950
vn 0.1140 0.0341 -0.9929
vn 0.8307 0.2355 -0.5045
vn 0.7848 -0.4793 0.3928
vn 0.2229 -0.0996 0.9697
vn 0.8543 -0.1313 -0.5029
vn -0.0489 0.1983 -0.9789
vn -0.9092 0.1718 0.3794
vn -0.1534 0.6097 0.7777
vn -0.1518 0.9130 0.3787
vn -0.2694 -0.1485 -0.9515
vn -0.1674 -0.6893 -0.7049
vn -0.4886 -0.7397 0.4627
vn -0.5616 0.1394 0.8156
vn -0.9259 0.3603 -0.1137
vn -0.8771 -0.3432 -0.3360
vn -0.2058 0.8536 0.4786
vn -0.1568 0.9241 0.3485
vn -0.0881 0.6278 0.7734
vn -0.0518 -0.6804 0.7310
vn -0.0668 -0.0373 0.9971
vn 0.0875 0.7666 0.6361
vn -0.1024 0.9850 0.1387
vn -0.0442 0.9808 0.1901
vn -0.3107 0.7118 -0.6299
vn 0.0839 0.9802 0.1792
vn 0.0735 0.7569 -0.6494
vn 0.6333 0.6599 -0.4043
vn 0.3771 0.8904 0.2548
vn 0.8947 0.2967 0.3339
vn 0.6797 -0.1568 -0.7165
vn 0.9252 -0.3625 0.1122
vn 0.4493 -0.8203 -0.3540
vn 0.1722 -0.8554 -0.4886
vn -0.0487 -0.9427 -0.3301
vn -0.1145 -0.9708 -0.2110
vn -0.0330 -0.9896 0.1400
vn 0.0637 -0.8653 -0.4971
vn 0.1123 -0.1765 -0.9779
vn -0.2646 -0.0999 -0.9592
vn -0.0024 -0.8072 -0.5903
vn 0.1699 -0.9852 -0.0243
vn 0.2357 -0.6628 0.7107
vn 0.2116 -0.9414 -0.2626
vn 0.7263 -0.5839 0.3628
vn 0.1857 0.1394 0.9727
vn 0.8532 -0.1036 -0.5113
vn 0.8171 0.5213 -0.2463
vn 0.6553 0.3020 0.6924
vn 0.0723 0.9419 0.3279
vn 0.1191 0.8917 0.4366
vn -0.1884 0.9493 0.2515
vn -0.8075 0.5290 -0.2611
vn -0.3349 0.8535 0.3992
vn -0.8438 0.1546 0.5139
vn -0.8102 -0.5400 0.2279
vn -0.7580 -0.3084 -0.5747
vn -0.2606 -0.9171 -0.3017
vn -0.0999 -0.8813 -0.4619
vn 0.1761 -0.9006 -0.3974
vn -0.1511 0.9502 0.2727
vn -0.8870 0.2499 0.3884
vn -0.9154 0.3496 0.1995
vn -0.9201 -0.2652 -0.2884
vn -0.9221 -0.0542 -0.3832
vn -0.8449 0.1000 0.5255
vn -0.1127 0.5849 0.8032
vn 0.2666 0.9009 0.3425
vn -0.2139 0.9092 -0.3573
vn 0.1984 0.9441 -0.2632
vn 0.1366 0.6038 -0.7853
vn 0.9018 0.2015 -0.3822
vn 0.9354 0.2940 -0.1965
vn 0.9594 0.2818 0.0114
vn 0.8422 -0.4845 -0.2366
vn 0.9026 -0.3192 0.2888
vn 0.8736 -0.4852 0.0369
vn 0.1374 -0.9696 0.2025
vn 0.8104 -0.3166 -0.4930
vn 0.0802 -0.5973 -0.7980
vn 0.1001 -0.9289 -0.3566
vn -0.1308 -0.9200 0.3694
vn -0.0950 -0.5731 0.8140
vn 0.1880 -0.6742 0.7142
vn 0.2331 -0.2082 0.9499
vn -0.0833 -0.1650 0.9828
vn -0.0790 0.1852 0.9795
vn -0.8048 -0.0587 0.5907
vn -0.8276 -0.2693 0.4925
vn 0.2442 0.1712 0.9545
vn -0.8000 0.1036 0.5910
vn -0.8104 0.3166 0.4930
vn -0.0802 0.5973 0.7980
vn -0.9676 -0.1788 -0.1783
vn -0.8422 0.4845 0.2366
vn -0.9594 -0.2818 -0.0114
vn -0.8737 0.4851 -0.0369
vn -0.9354 -0.2940 0.1965
vn -0.1984 -0.9441 0.2632
vn -0.2665 -0.9009 -0.3425
vn 0.1510 -0.9502 -0.2727
vn -0.3014 -0.5392 -0.7864
vn 0.2139 -0.9092 0.3573
vn -0.2829 -0.1506 -0.9473
vn -0.9514 -0.0458 -0.3045
vn 0.0952 -0.1549 -0.9833
vn 0.1127 -0.5849 -0.8032
vn 0.8449 -0.1000 -0.5255
vn 0.8504 0.0585 -0.5228
vn 0.1004 0.1673 -0.9808
vn 0.9174 -0.1059 0.3837
vn 0.9221 0.0542 0.3832
vn 0.9201 0.2652 0.2884
vn 0.8870 -0.2499 -0.3884
vn 0.9154 -0.3496 -0.1995
vn 0.2249 0.6385 0.7360
vn 0.9014 0.4314 0.0379
vn 0.1811 0.9605 0.2111
vn -0.1001 0.9289 0.3566
vn -0.1373 0.9696 -0.2025
vn 0.1308 0.9200 -0.3695
vn -0.1880 0.6742 -0.7142
vn 0.0951 0.5731 -0.8140
vn -0.2331 0.2082 -0.9499
vn -0.9026 0.3192 -0.2888
vn -0.9174 0.1059 -0.3837
vn 0.0833 0.1650 -0.9828
vn -0.2444 -0.1712 -0.9545
vn 0.0789 -0.1837 -0.9798
vn 0.8048 0.0587 -0.5906
vn 0.8277 0.2692 -0.4924
vn 0.9557 -0.2309 0.1827
vn 0.9411 -0.3378 0.0145
vn 0.8698 0.4338 -0.2351
vn 0.9472 -0.0949 0.3064
vn 0.2687 -0.5357 0.8005
vn 0.2738 -0.1510 0.9499
vn -0.1366 -0.6038 0.7854
vn -0.8504 -0.0585 0.5228
vn -0.9018 -0.2015 0.3822
vn -0.1004 -0.1673 0.9808
vn -0.0953 0.1528 0.9837
vn 0.2828 0.1506 0.9473
vn 0.9514 0.0458 0.3045
vn 0.3015 0.5392 0.7864
vn 0.9676 0.1788 0.1783
vn 0.8000 -0.1036 -0.5909
vn -0.2249 -0.6385 -0.7360
vn -0.9013 -0.4315 -0.0379
vn -0.1812 -0.9605 -0.2111
vn -0.8697 -0.4339 0.2352
vn -0.9411 0.3378 -0.0145
vn -0.9557 0.2310 -0.1827
vn -0.2687 0.5356 -0.8005
vn -0.9472 0.0949 -0.3064
vn -0.2736 0.1510 -0.9499
vn -0.1819 0.8560 -0.4840
vn -0.1910 0.1344 -0.9723
vn -0.0861 0.1885 -0.9783
vn 0.1088 -0.1230 -0.9864
vn 0.1140 -0.0290 -0.9931
vn -0.2186 0.0376 -0.9751
vn -0.7400 0.5477 -0.3905
vn -0.1282 0.8869 0.4438
vn -0.0325 0.2453 -0.9689
vn 0.1728 0.8868 -0.4286
vn 0.2285 0.8530 0.4692
vn 0.0951 0.1995 0.9753
vn 0.0438 0.2139 0.9759
vn -0.0835 0.1575 0.9840
vn -0.6819 0.5415 0.4917
vn -0.1079 0.0374 0.9935
vn -0.8588 0.1574 0.4875
vn -0.9202 0.1627 -0.3561
vn -0.8654 -0.1140 0.4879
vn -0.9271 -0.1143 -0.3569
vn -0.2193 -0.0233 -0.9754
vn -0.7692 -0.5039 -0.3930
vn -0.1947 -0.1178 -0.9738
vn 0.1142 0.0254 -0.9931
vn 0.8492 0.1603 -0.5031
vn 0.1098 0.1154 -0.9872
vn 0.5863 0.6055 -0.5381
vn 0.0643 0.3941 -0.9168
vn -0.0951 -0.1995 -0.9753
vn -0.0438 -0.2140 -0.9758
vn -0.2286 -0.8530 -0.4692
vn -0.7103 -0.5017 0.4937
vn -0.1728 -0.8868 0.4286
vn 0.1282 -0.8869 -0.4438
vn 0.0834 -0.1575 -0.9840
vn 0.6819 -0.5416 -0.4917
vn 0.1819 -0.8560 0.4840
vn 0.8588 -0.1574 -0.4875
vn 0.7400 -0.5477 0.3905
vn 0.1079 -0.0374 -0.9935
vn 0.9202 -0.1627 0.3560
vn 0.2186 -0.0376 0.9751
vn 0.1910 -0.1344 0.9723
vn -0.1141 0.0290 0.9930
vn -0.1143 -0.0254 0.9931
vn 0.2192 0.0233 0.9754
vn 0.9272 0.1143 0.3568
vn 0.8654 0.1140 -0.4879
vn 0.7103 0.5017 -0.4937
vn 0.7692 0.5039 0.3930
vn 0.1947 0.1178 0.9738
vn -0.1098 -0.1153 0.9872
vn -0.0643 -0.3941 0.9168
vn -0.5863 -0.6055 0.5381
vn -0.8492 -0.1603 0.5031
vn -0.6744 -0.6154 -0.4080
vn -0.8383 0.2072 0.5043
vn -0.9187 -0.1576 -0.3622
vn -0.2222 -0.1066 -0.9692
vn -0.1548 -0.4044 -0.9014
vn -0.1603 -0.9307 -0.3288
vn -0.1190 -0.8884 0.4433
vn 0.1198 -0.9421 0.3131
vn 0.1341 -0.4525 0.8816
vn 0.6367 -0.6559 0.4056
vn 0.0893 -0.9023 -0.4217
vn 0.5479 -0.6380 -0.5410
vn 0.0519 -0.4281 -0.9022
vn 0.8383 -0.2072 -0.5043
vn 0.9082 -0.2095 0.3622
vn 0.2275 -0.0327 0.9732
vn 0.2209 -0.1244 0.9673
vn 0.9187 0.1576 0.3622
vn 0.2277 0.0193 0.9735
vn 0.2221 0.1066 0.9692
vn 0.6744 0.6154 0.4080
vn 0.1603 0.9307 0.3288
vn 0.1548 0.4044 0.9014
vn 0.0325 -0.2453 0.9689
vn -0.0519 0.4281 0.9022
vn -0.0893 0.9023 0.4217
vn -0.0871 -0.1481 0.9851
vn 0.0861 -0.1885 0.9783
vn -0.1088 0.1231 0.9864
vn -0.5479 0.6380 0.5411
vn -0.1198 0.9421 -0.3131
vn -0.6366 0.6559 -0.4056
vn -0.1342 0.4525 -0.8816
vn -0.9082 0.2095 -0.3622
vn -0.2208 0.1243 -0.9674
vn 0.1191 0.8884 -0.4433
vn -0.2275 0.0327 -0.9732
vn -0.2278 -0.0193 -0.9735
vn 0.0871 0.1481 -0.9851
vn 0.1084 0.0322 -0.9936
vn -0.1084 -0.0322 0.9936
vn -0.1566 0.5831 -0.7972
vn -0.2699 0.1584 -0.9498
vn 0.0576 0.2458 -0.9676
vn -0.3233 0.8033 -0.5002
vn 0.0792 0.5088 -0.8572
vn 0.2988 0.7669 -0.5679
vn 0.3357 -0.4251 -0.8406
vn -0.3921 -0.5177 -0.7604
vn -0.1510 0.9502 0.2727
vn 0.1985 0.9441 -0.2631
vn 0.3014 0.5392 0.7864
vn 0.8104 -0.3167 -0.4929
vn 0.0999 -0.9289 -0.3566
vn -0.2248 -0.6385 -0.7360
vn 0.0789 -0.1852 -0.9795
vn -0.2443 -0.1712 -0.9545
vn -0.1309 -0.9200 0.3694
vn -0.8698 -0.4338 0.2351
vn 0.1879 -0.6742 0.7142
vn -0.0834 -0.1650 0.9828
vn -0.8047 -0.0587 0.5907
vn -0.8001 0.1036 0.5909
vn -0.2687 0.5357 -0.8005
vn -0.9514 -0.0458 -0.3046
vn 0.0953 -0.1528 -0.9837
vn -0.3015 -0.5392 -0.7864
vn -0.2666 -0.9009 -0.3425
vn -0.1984 -0.9441 0.2633
vn -0.8104 0.3167 0.4930
vn 0.2330 -0.2082 0.9499
vn 0.2443 0.1712 0.9545
vn -0.0999 0.9289 0.3566
vn 0.0950 0.5731 -0.8140
vn -0.1879 0.6742 -0.7142
vn -0.2330 0.2082 -0.9499
vn -0.1367 -0.6038 0.7853
vn 0.2737 -0.1510 0.9499
vn 0.2829 0.1506 0.9473
vn 0.9514 0.0458 0.3046
vn 0.8000 -0.1036 -0.5910
vn 0.8276 0.2692 -0.4925
vn 0.9557 -0.2310 0.1827
vn 0.8698 0.4338 -0.2352
vn 0.2687 -0.5356 0.8005
vn -0.7399 0.5477 -0.3905
vn -0.0834 0.1575 0.9840
vn -0.7103 -0.5017 0.4938
vn -0.2285 -0.8530 -0.4692
vn 0.2278 0.0193 0.9735
vn 0.2276 -0.0327 0.9732
vn 0.9083 -0.2095 0.3622
vn 0.2208 -0.1243 0.9674
vn 0.1199 -0.9421 0.3131
vn -0.1191 -0.8884 0.4433
vn 0.1342 -0.4525 0.8816
vn 0.0438 0.2140 0.9758
vn 0.2193 0.0233 0.9754
vn -0.2221 -0.1066 -0.9692
vn -0.2277 -0.0193 -0.9735
vn -0.9083 0.2095 -0.3622
vn 0.1080 -0.0374 -0.9935
vn 0.0835 -0.1575 -0.9840
vn 0.6819 -0.5415 -0.4917
vn 0.8589 -0.1570 -0.4875
vn 0.7399 -0.5477 0.3905
vn -0.6367 0.6559 -0.4056
vn -0.5480 0.6380 0.5410
vn -0.1088 0.1230 0.9864
vn 0.1604 0.9307 0.3288
vn 0.1190 0.8884 -0.4433
vn 0.1098 0.1153 -0.9872
vn 0.1143 0.0254 -0.9931
vn -0.2192 -0.0233 -0.9754
vn -0.1128 0.5849 0.8032
vn 0.2665 0.9009 0.3425
vn -0.0952 0.1528 0.9837
vn -0.8504 -0.0586 0.5228
vn -0.1984 -0.9441 0.2631
vn -0.9676 -0.1788 -0.1782
vn -0.2828 -0.1506 -0.9473
vn 0.1128 -0.5849 -0.8032
vn 0.8505 0.0586 -0.5228
vn -0.8048 -0.0587 0.5906
vn -0.0789 0.1852 0.9795
vn -0.8000 0.1036 0.5909
vn -0.1374 0.9696 -0.2025
vn -0.8736 0.4852 -0.0369
vn 0.8048 0.0587 -0.5907
vn 0.8104 -0.3167 -0.4930
vn -0.1811 -0.9605 -0.2111
vn -0.1307 -0.9200 0.3694
vn -0.8698 -0.4338 0.2352
vn -0.0951 -0.5731 0.8140
vn 0.8737 -0.4851 0.0369
vn 0.9221 0.0542 0.3831
vn 0.9200 0.2652 0.2884
vn 0.8869 -0.2500 -0.3885
vn 0.8276 0.2693 -0.4925
vn 0.9556 -0.2310 0.1827
vn 0.1812 0.9605 0.2111
vn 0.1309 0.9200 -0.3695
vn 0.2286 0.8530 0.4692
vn 0.7103 0.5017 -0.4938
vn 0.1085 0.0322 -0.9936
vn 0.9082 -0.2095 0.3623
vn 0.5480 -0.6380 -0.5410
vn -0.1085 -0.0322 0.9936
vn -0.1080 0.0374 0.9935
vn -0.7103 -0.5018 0.4937
vn -0.9272 -0.1143 -0.3568
vn -0.1089 0.1230 0.9864
vn -0.5479 0.6380 0.5410
vn -0.1140 0.0290 0.9931
vn 0.2444 0.1712 0.9545
vn 0.9013 0.4315 0.0379
vn 0.0803 -0.5973 -0.7980
vn 0.1000 -0.9289 -0.3566
vn -0.9014 -0.4314 -0.0379
vn 0.1373 -0.9696 0.2025
vn -0.8277 -0.2692 0.4924
vn -0.9557 0.2309 -0.1827
vn 0.8505 0.0585 -0.5228
vn 0.1511 -0.9502 -0.2727
vn 0.9676 0.1788 0.1782
vn 0.2736 -0.1510 0.9499
vn -0.0952 0.1549 0.9833
vn -0.9019 -0.2019 0.3818
vn -0.1985 -0.9441 0.2632
vn -0.8505 -0.0585 0.5228
vn 0.1948 0.1178 0.9738
vn 0.2222 0.1066 0.9692
vn -0.8589 0.1570 0.4875
vn 0.5864 0.6055 -0.5381
vn 0.1911 -0.1344 0.9723
vn -0.0894 0.9023 0.4217
vn -0.9082 0.2095 -0.3623
vn -0.2276 0.0327 -0.9732
vn -0.1142 -0.0254 0.9931
vn -0.5863 -0.6055 0.5382
vn 0.0894 -0.9023 -0.4217
vn -0.2329 0.2082 -0.9499
vn 0.0834 0.1650 -0.9828
vn 0.2248 0.6385 0.7360
vn -0.0790 0.1837 0.9798
vn 0.8504 0.0586 -0.5228
vn 0.1367 0.6038 -0.7853
vn -0.2737 0.1510 -0.9499
vn 0.0952 -0.1528 -0.9837
vn -0.9556 0.2310 -0.1827
vn 0.2688 -0.5357 0.8005
vn 0.8001 -0.1036 -0.5909
vn 0.1141 -0.0290 -0.9931
vn -0.2187 0.0376 -0.9751
vn -0.9202 0.1627 -0.3560
vn -0.7102 -0.5017 0.4938
vn 0.6366 -0.6559 0.4056
vn 0.9271 0.1142 0.3569
vn 0.7103 0.5018 -0.4937
vn 0.8588 -0.1574 -0.4876
vn -0.1341 0.4525 -0.8816
vn -0.8493 -0.1603 0.5031
vn -0.2140 0.9092 -0.3573
vn 0.1309 0.9200 -0.3694
vn 0.0950 0.5731 -0.8139
vn -0.9173 0.1059 -0.3838
vn -0.1308 -0.9200 0.3695
vn -0.1366 -0.6038 0.7853
vn -0.1985 -0.9441 0.2631
vn -0.1911 0.1344 -0.9723
vn 0.9271 0.1143 0.3569
vn 0.9202 -0.1627 0.3561
vn -0.0438 -0.2140 -0.9759
vn -0.1602 -0.9307 -0.3288
vn -0.5864 -0.6055 0.5381
vn -0.9201 -0.2652 -0.2883
vn -0.0803 0.5973 0.7980
vn -0.1881 0.6742 -0.7142
vn -0.1005 -0.1673 0.9808
vn 0.1308 0.9200 -0.3694
vn 0.9173 -0.1059 0.3838
vn 0.1089 -0.1230 -0.9864
vn 0.1099 0.1154 -0.9872
vn -0.1199 0.9421 -0.3131
vn 0.2208 -0.1244 0.9673
vn -0.1141 0.0290 0.9931
vn -0.0326 0.2453 -0.9689
vn 0.1602 0.9307 0.3288
vn 0.8504 0.0586 -0.5229
vn -0.1000 0.9289 0.3566
vn -0.0790 0.1838 0.9798
vn -0.9173 0.1059 -0.3837
vn -0.2442 -0.1712 -0.9545
vn 0.0952 -0.1550 -0.9833
vn -0.5670 -0.6660 0.4848
vn -0.5339 0.2247 0.8152
vn -0.8869 0.4541 -0.0845
vn -0.9084 -0.2197 -0.3557
vn -0.1366 0.8694 0.4748
vn -0.0773 0.9282 0.3639
vn -0.0563 0.6559 0.7528
vn -0.0774 -0.6498 0.7562
vn -0.0692 0.0173 0.9975
vn 0.1390 0.7446 0.6529
vn -0.0209 0.9932 0.1143
vn 0.0365 0.9807 0.1920
vn -0.2452 0.7154 -0.6542
vn 0.1480 0.9671 0.2070
vn 0.1181 0.7680 -0.6295
vn 0.6869 0.6044 -0.4035
vn 0.4200 0.8594 0.2917
vn 0.9092 0.2164 0.3558
vn 0.6657 -0.2167 -0.7141
vn 0.8949 -0.4355 0.0978
vn 0.3873 -0.8432 -0.3730
vn 0.1079 -0.8599 -0.4990
vn -0.1259 -0.9269 -0.3537
vn -0.1783 -0.9589 -0.2208
vn -0.0831 -0.9869 0.1386
vn -0.0123 -0.8576 -0.5141
vn 0.0998 -0.1355 -0.9857
vn -0.2661 -0.1121 -0.9574
vn -0.0670 -0.8282 -0.5564
vn 0.1024 -0.9947 -0.0112
vn 0.1776 -0.7223 0.6684
vn 0.1401 -0.9551 -0.2611
vn 0.6576 -0.6669 0.3505
vn 0.1982 0.0441 0.9792
vn 0.8389 -0.2043 -0.5045
vn 0.8548 0.4394 -0.2762
vn 0.6900 0.2182 0.6901
vn 0.1404 0.9383 0.3159
vn 0.1821 0.8819 0.4348
vn -0.1195 0.9636 0.2391
vn -0.7593 0.5972 -0.2585
vn -0.2998 0.8771 0.3753
vn -0.8325 0.2295 0.5042
vn -0.8469 -0.4688 0.2510
vn -0.7816 -0.2369 -0.5771
vn -0.3331 -0.8988 -0.2848
vn -0.1596 -0.8779 -0.4514
vn 0.0930 -0.9210 -0.3783
vn 0.4248 0.9053 -0.0000
vn 0.0075 0.1749 0.9846
vn -0.0258 -0.0000 0.9997
vn 0.0513 -0.1238 0.9910
vn 0.1124 0.4202 0.9004
vn -0.0582 -0.0022 0.9983
vn -0.0803 0.0009 -0.9968
vn -0.5813 0.1380 0.8019
vn -0.0422 0.1835 -0.9821
vn 0.0010 -0.1009 0.9949
vn -0.2307 -0.7118 -0.6634
vn -0.0581 0.0022 -0.9983
vn 0.0010 0.1009 -0.9949
vn -0.0803 -0.0009 0.9968
vn 0.0113 0.3204 0.9472
vn 0.2016 -0.4373 0.8764
vn 0.0114 0.2526 0.9675
vn 0.2307 0.7118 -0.6634
vn 0.0581 -0.0022 -0.9983
vn 0.4048 -0.9144 -0.0000
vn 0.9875 0.1576 -0.0000
vn -0.0010 -0.1009 -0.9949
vn 0.8785 0.4778 0.0001
vn 0.9738 -0.2276 -0.0001
vn 0.0803 0.0009 0.9968
vn 0.0581 0.0022 0.9983
vn 0.0803 -0.0009 -0.9968
vn 0.5818 -0.1381 0.8015
vn 0.0421 -0.1833 -0.9821
vn -0.0010 0.1009 0.9949
vn 0.8786 -0.4777 -0.0000
vn 0.0742 0.4217 0.9037
vn 0.2390 -0.6539 0.7179
vn 0.1124 0.4202 0.9005
vn 0.0116 0.2526 0.9675
vn -0.9993 0.0385 -0.0001
vn 0.2307 0.7118 -0.6635
vn 0.0124 0.9999 0.0001
vn 0.0126 0.9999 -0.0000
vn -0.0010 -0.1010 -0.9949
vn -0.9993 -0.0386 -0.0000
vn -0.9993 -0.0385 -0.0001
vn 0.5812 -0.1379 0.8020
vn 0.0421 -0.1831 -0.9822
vn 0.9695 0.2450 0.0001
vn -0.0010 0.1010 0.9949
vn 0.9940 -0.1091 0.0003
vn -0.5815 0.1380 0.8018
vn -0.0421 0.1831 -0.9822
vn -0.2307 -0.7119 -0.6633
vn -0.8785 -0.4777 0.0001
vn -0.9941 -0.1088 -0.0000
vn -0.9940 -0.1091 -0.0000
vt 0.319990 0.620470
vt 0.333079 0.674524
vt 0.319990 0.674524
vt 0.070713 0.620470
vt 0.149047 0.620470
vt 0.109880 0.630579
vt 0.333079 0.620470
vt 0.346167 0.674524
vt 0.210787 0.620470
vt 0.289120 0.620470
vt 0.249954 0.630579
vt 0.052931 0.885485
vt 0.039843 0.807151
vt 0.052931 0.807151
vt 0.066019 0.885485
vt 0.066019 0.807151
vt 0.319990 0.724369
vt 0.299167 0.765760
vt 0.301844 0.758694
vt 0.195105 0.765760
vt 0.185467 0.724369
vt 0.198063 0.758694
vt 0.333079 0.728477
vt 0.346167 0.765910
vt 0.333079 0.765910
vt 0.179917 0.724369
vt 0.159093 0.765760
vt 0.161770 0.758694
vt 0.055031 0.765760
vt 0.045394 0.724369
vt 0.057989 0.758694
vt 0.319990 0.728477
vt 0.319990 0.765910
vt 0.315237 0.722196
vt 0.301844 0.676388
vt 0.199261 0.672419
vt 0.198063 0.676388
vt 0.346167 0.728477
vt 0.164728 0.672419
vt 0.175163 0.722196
vt 0.039843 0.724369
vt 0.059187 0.672419
vt 0.057989 0.676388
vt 0.333079 0.803242
vt 0.319990 0.803242
vt 0.149047 0.807151
vt 0.070713 0.807151
vt 0.109880 0.795192
vt 0.346167 0.803242
vt 0.289120 0.807151
vt 0.210787 0.807151
vt 0.249954 0.795192
vt 0.346167 0.658863
vt 0.359255 0.620470
vt 0.359255 0.658863
vt 0.079108 0.883277
vt 0.066019 0.845214
vt 0.079108 0.845214
vt 0.346167 0.868083
vt 0.359255 0.868083
vt 0.346167 0.904253
vt 0.359255 0.820029
vt 0.346167 0.823670
vt 0.346167 0.820029
vt 0.079108 0.807151
vt 0.359255 0.706917
vt 0.346167 0.743087
vt 0.346167 0.706917
vt 0.346167 0.911716
vt 0.359255 0.911716
vt 0.346167 0.942801
vt 0.359255 0.704627
vt 0.346167 0.662504
vt 0.359255 0.662504
vt 0.359255 0.750550
vt 0.346167 0.781636
vt 0.346167 0.750550
vt 0.092196 0.807151
vt 0.359255 0.823670
vt 0.346167 0.865793
vt 0.092196 0.845214
vt 0.869199 0.659292
vt 0.854288 0.597548
vt 0.854288 0.659292
vt 0.531830 0.810216
vt 0.516920 0.859391
vt 0.531830 0.859391
vt 0.884109 0.720848
vt 0.869199 0.759457
vt 0.884109 0.759457
vt 0.647431 0.612090
vt 0.668301 0.656729
vt 0.650437 0.597548
vt 0.884109 0.597548
vt 0.884109 0.659292
vt 0.531830 0.908566
vt 0.664203 0.750766
vt 0.668301 0.763063
vt 0.685604 0.715910
vt 0.816115 0.612090
vt 0.836986 0.656729
vt 0.819121 0.597548
vt 0.555093 0.790273
vt 0.534223 0.763063
vt 0.552087 0.810216
vt 0.854288 0.720848
vt 0.854288 0.759457
vt 0.664203 0.661674
vt 0.680448 0.711259
vt 0.869199 0.797878
vt 0.884109 0.797878
vt 0.538321 0.750766
vt 0.516920 0.715910
vt 0.543542 0.763063
vt 0.869199 0.720848
vt 0.854288 0.797878
vt 0.847220 0.715910
vt 0.832887 0.750766
vt 0.836986 0.763063
vt 0.546741 0.859391
vt 0.546741 0.908566
vt 0.647431 0.790273
vt 0.601262 0.810216
vt 0.650437 0.810216
vt 0.707005 0.750766
vt 0.702907 0.763063
vt 0.707005 0.661674
vt 0.702907 0.656729
vt 0.832887 0.661674
vt 0.854288 0.715910
vt 0.831214 0.656729
vt 0.538321 0.661674
vt 0.534223 0.656729
vt 0.816115 0.790273
vt 0.769946 0.810216
vt 0.819121 0.810216
vt 0.723778 0.612090
vt 0.769946 0.597548
vt 0.720771 0.597548
vt 0.555093 0.612090
vt 0.601262 0.597548
vt 0.552087 0.597548
vt 0.546741 0.810216
vt 0.723778 0.790273
vt 0.720771 0.810216
vt 0.854288 0.834859
vt 0.869199 0.838956
vt 0.869199 0.834859
vt 0.546741 0.902553
vt 0.561651 0.856385
vt 0.546741 0.856385
vt 0.869199 0.885235
vt 0.884109 0.885235
vt 0.869199 0.880212
vt 0.884109 0.838956
vt 0.884109 0.834859
vt 0.854288 0.885235
vt 0.869199 0.922879
vt 0.869199 0.965724
vt 0.884109 0.936215
vt 0.854288 0.838956
vt 0.854288 0.936215
vt 0.576561 0.810216
vt 0.576561 0.856385
vt 0.561651 0.902553
vt 0.576561 0.902553
vt 0.401683 0.156833
vt 0.415142 0.212914
vt 0.401683 0.212914
vt 0.097137 0.394595
vt 0.110530 0.349763
vt 0.110530 0.394595
vt 0.415142 0.305384
vt 0.428602 0.268849
vt 0.428602 0.305384
vt 0.173274 0.210521
vt 0.217664 0.156833
vt 0.233791 0.210521
vt 0.428602 0.156833
vt 0.428602 0.212914
vt 0.110530 0.439428
vt 0.173274 0.264210
vt 0.233791 0.306987
vt 0.173274 0.306987
vt 0.325546 0.210521
vt 0.369937 0.156833
vt 0.386063 0.210521
vt 0.128883 0.349763
vt 0.173274 0.349763
vt 0.401683 0.268849
vt 0.401683 0.305384
vt 0.249410 0.264210
vt 0.415142 0.341773
vt 0.428602 0.341773
vt 0.112757 0.306987
vt 0.415142 0.268849
vt 0.401683 0.341773
vt 0.386063 0.306987
vt 0.325546 0.264210
vt 0.401683 0.264210
vt 0.123924 0.394595
vt 0.123924 0.439428
vt 0.217664 0.349763
vt 0.265029 0.306987
vt 0.325546 0.306987
vt 0.265029 0.210521
vt 0.112757 0.210521
vt 0.369937 0.349763
vt 0.281156 0.156833
vt 0.128883 0.156833
vt 0.173274 0.156833
vt 0.123924 0.349763
vt 0.281156 0.349763
vt 0.325546 0.349763
vt 0.193802 0.597681
vt 0.214088 0.678826
vt 0.214088 0.597681
vt 0.112657 0.841116
vt 0.132943 0.759971
vt 0.112657 0.759971
vt 0.132943 0.841116
vt 0.234374 0.597681
vt 0.193802 0.678826
vt 0.214088 0.699113
vt 0.234374 0.699113
vt 0.234374 0.678826
vt 0.193802 0.699113
vt 0.214088 0.719399
vt 0.234374 0.719399
vt 0.193802 0.719399
vt 0.214088 0.739685
vt 0.234374 0.739685
vt 0.193802 0.739685
vt 0.214088 0.759971
vt 0.234374 0.759971
vt 0.193802 0.841116
vt 0.193802 0.759971
vt 0.214088 0.841116
vt 0.234374 0.841116
vt 0.254661 0.841116
vt 0.254661 0.759971
vt 0.234374 0.861403
vt 0.214088 0.861403
vt 0.234374 0.881689
vt 0.254661 0.861403
vt 0.214088 0.881689
vt 0.193802 0.881689
vt 0.193802 0.861403
vt 0.193802 0.901975
vt 0.214088 0.901975
vt 0.193802 0.922261
vt 0.214088 0.922261
vt 0.234374 0.901975
vt 0.234374 0.922261
vt 0.254661 0.901975
vt 0.254661 0.881689
vt 0.274947 0.881689
vt 0.254661 0.922261
vt 0.274947 0.901975
vt 0.274947 0.597681
vt 0.254661 0.597681
vt 0.335806 0.841116
vt 0.356092 0.841116
vt 0.254661 0.678826
vt 0.335806 0.759971
vt 0.356092 0.759971
vt 0.315519 0.841116
vt 0.315519 0.759971
vt 0.254661 0.699113
vt 0.274947 0.719399
vt 0.274947 0.699113
vt 0.274947 0.678826
vt 0.254661 0.719399
vt 0.254661 0.739685
vt 0.274947 0.739685
vt 0.274947 0.759971
vt 0.274947 0.841116
vt 0.295233 0.759971
vt 0.295233 0.841116
vt 0.274947 0.861403
vt 0.153229 0.841116
vt 0.173515 0.841116
vt 0.153229 0.759971
vt 0.173515 0.759971
vt 0.269962 0.597681
vt 0.274947 0.638254
vt 0.269962 0.881689
vt 0.274947 0.922261
vt 0.356092 0.800544
vt 0.315519 0.800544
vt 0.269962 0.638254
vt 0.295233 0.800544
vt 0.274947 0.800544
vt 0.269962 0.861403
vt 0.269962 0.841116
vt 0.267380 0.861403
vt 0.267380 0.881689
vt 0.267380 0.841116
vt 0.264804 0.861403
vt 0.264804 0.881689
vt 0.264804 0.841116
vt 0.267380 0.922261
vt 0.264804 0.922261
vt 0.267380 0.597681
vt 0.267380 0.638254
vt 0.264804 0.597681
vt 0.264804 0.638254
vt 0.267380 0.800544
vt 0.264804 0.800544
vt 0.269962 0.800544
vt 0.259732 0.841116
vt 0.259732 0.800934
vt 0.259732 0.861403
vt 0.254660 0.861403
vt 0.254661 0.801116
vt 0.259732 0.881689
vt 0.249589 0.861403
vt 0.249589 0.881689
vt 0.249589 0.841116
vt 0.247053 0.861403
vt 0.247053 0.881689
vt 0.247053 0.841116
vt 0.244517 0.861403
vt 0.244517 0.881689
vt 0.244517 0.841116
vt 0.241982 0.861403
vt 0.241982 0.881689
vt 0.241982 0.841116
vt 0.239446 0.861403
vt 0.239446 0.881689
vt 0.239446 0.841116
vt 0.231848 0.881689
vt 0.231848 0.861403
vt 0.231848 0.841116
vt 0.229321 0.881689
vt 0.229321 0.861403
vt 0.229321 0.841116
vt 0.224231 0.881689
vt 0.224231 0.861403
vt 0.224231 0.841116
vt 0.072084 0.597681
vt 0.259732 0.922261
vt 0.259732 0.597681
vt 0.259732 0.638254
vt 0.254661 0.638254
vt 0.249589 0.922261
vt 0.249589 0.638254
vt 0.249589 0.597681
vt 0.247053 0.922261
vt 0.247053 0.638254
vt 0.247053 0.597681
vt 0.244517 0.597681
vt 0.244517 0.638254
vt 0.241982 0.597681
vt 0.241982 0.638254
vt 0.244517 0.922261
vt 0.241982 0.922261
vt 0.239446 0.922261
vt 0.239446 0.597681
vt 0.239446 0.638254
vt 0.234374 0.638254
vt 0.231848 0.597681
vt 0.231848 0.638604
vt 0.229321 0.597681
vt 0.229321 0.639192
vt 0.231848 0.922261
vt 0.229321 0.922261
vt 0.224231 0.597681
vt 0.224231 0.638254
vt 0.224231 0.922261
vt 0.249589 0.800544
vt 0.247053 0.800544
vt 0.244517 0.800544
vt 0.241982 0.800544
vt 0.239446 0.800544
vt 0.234374 0.800544
vt 0.231848 0.800894
vt 0.229321 0.801483
vt 0.224231 0.800544
vt 0.269962 0.922261
vt 0.000000 0.000000
vt 0.055031 0.672419
vt 0.160572 0.672419
vt 0.147943 0.630579
vt 0.071817 0.630579
vt 0.346167 0.620470
vt 0.211891 0.630579
vt 0.195105 0.672419
vt 0.304802 0.672419
vt 0.300646 0.672419
vt 0.288016 0.630579
vt 0.039843 0.885485
vt 0.314440 0.724369
vt 0.304802 0.765760
vt 0.200740 0.765760
vt 0.174366 0.724369
vt 0.164728 0.765760
vt 0.060666 0.765760
vt 0.184670 0.722196
vt 0.161770 0.676388
vt 0.044596 0.722196
vt 0.147943 0.795192
vt 0.071817 0.795192
vt 0.288016 0.795192
vt 0.211891 0.795192
vt 0.066019 0.883277
vt 0.359255 0.865793
vt 0.359255 0.904253
vt 0.359255 0.781636
vt 0.346167 0.704627
vt 0.359255 0.743087
vt 0.359255 0.942801
vt 0.092196 0.883277
vt 0.869199 0.597548
vt 0.516920 0.810216
vt 0.601262 0.612090
vt 0.662530 0.656729
vt 0.516920 0.908566
vt 0.678535 0.715910
vt 0.658982 0.763063
vt 0.769946 0.612090
vt 0.601262 0.790273
vt 0.523989 0.715910
vt 0.827666 0.763063
vt 0.712226 0.763063
vt 0.692673 0.715910
vt 0.690760 0.711259
vt 0.708678 0.656729
vt 0.849132 0.711259
vt 0.522076 0.711259
vt 0.539994 0.656729
vt 0.769946 0.790273
vt 0.884109 0.922879
vt 0.884109 0.880212
vt 0.561651 0.810216
vt 0.854288 0.880212
vt 0.854288 0.922879
vt 0.869199 0.936215
vt 0.884109 0.965724
vt 0.854288 0.965724
vt 0.415142 0.156833
vt 0.097137 0.349763
vt 0.097137 0.439428
vt 0.325546 0.156833
vt 0.097137 0.264210
s 1
usemtl マテリアル.010
f 2/1/1 14/2/2 13/3/2
f 4/4/3 8/5/3 22/6/3
f 8/7/4 16/8/5 15/2/5
f 6/9/6 2/10/6 26/11/6
f 7/12/7 1/13/7 3/14/7
f 4/15/8 6/14/8 8/16/8
f 9/17/6 35/18/6 36/19/6
f 19/20/6 32/21/6 33/22/6
f 11/23/9 19/24/10 18/25/10
f 11/26/3 41/27/3 42/28/3
f 17/29/3 37/30/3 39/31/3
f 9/32/11 17/25/12 20/33/12
f 9/17/6 45/34/6 46/35/6
f 12/26/6 29/36/6 43/37/6
f 15/2/5 12/38/13 11/23/13
f 15/39/3 11/26/3 50/40/3
f 10/41/3 23/42/3 48/43/3
f 13/3/2 10/23/14 9/32/14
f 20/33/12 3/44/15 1/45/15
f 7/46/3 3/47/3 52/48/3
f 18/25/10 5/49/16 7/44/16
f 1/50/6 5/51/6 55/52/6
f 23/53/17 30/54/17 28/55/17
f 25/56/7 26/57/7 22/58/7
f 32/59/18 38/60/18 33/61/19
f 24/62/20 43/63/21 29/64/20
f 22/58/7 30/16/7 21/65/7
f 31/66/22 39/67/23 37/68/22
f 34/69/24 41/70/24 54/71/24
f 45/72/25 48/73/26 46/74/27
f 35/75/28 51/76/28 40/77/28
f 53/78/8 55/58/8 54/65/8
f 49/79/29 44/80/30 43/63/21
f 52/81/8 56/56/8 55/58/8
f 70/82/2 58/83/1 69/84/2
f 64/85/8 80/86/8 78/87/8
f 67/88/9 74/89/10 75/90/10
f 83/91/3 69/92/3 58/93/3
f 62/94/4 72/82/31 71/95/5
f 80/86/8 60/96/8 78/87/8
f 85/97/3 76/98/3 65/99/3
f 89/100/6 72/101/6 64/102/6
f 90/103/3 75/104/3 61/105/3
f 73/89/12 65/106/11 76/107/12
f 94/108/3 93/109/3 65/99/3
f 75/90/10 63/110/16 61/111/16
f 95/112/3 67/113/3 92/114/3
f 66/115/14 69/84/2 65/106/14
f 59/110/15 76/107/12 57/116/15
f 99/117/6 98/118/6 74/119/6
f 77/120/7 61/96/7 63/121/7
f 100/122/3 79/123/3 57/124/3
f 102/125/6 66/99/6 73/126/6
f 106/127/6 70/128/6 66/99/6
f 107/129/6 68/130/6 87/131/6
f 67/88/13 72/82/31 68/115/13
f 67/113/3 109/132/3 71/133/3
f 113/134/6 77/135/6 63/136/6
f 114/137/6 78/138/6 60/139/6
f 115/140/3 80/141/3 62/142/3
f 57/85/7 77/120/7 59/143/7
f 116/144/6 73/126/6 59/145/6
f 105/146/32 94/147/33 82/148/32
f 115/149/7 88/150/7 81/151/7
f 96/152/34 99/153/34 110/154/34
f 111/148/35 107/155/36 87/156/35
f 88/150/7 83/143/7 81/151/7
f 101/157/37 85/158/38 93/154/39
f 90/159/40 97/160/40 95/158/41
f 106/161/33 93/154/42 94/147/33
f 103/162/43 100/159/43 85/158/38
f 113/163/8 91/150/8 112/164/8
f 110/154/44 107/155/36 109/147/36
f 112/164/8 100/165/8 116/166/8
f 118/167/45 130/168/46 129/169/46
f 140/170/8 124/171/8 138/172/8
f 134/173/47 127/174/48 135/175/47
f 143/176/6 118/177/6 129/178/6
f 132/168/49 122/179/50 131/180/49
f 120/181/8 140/170/8 138/172/8
f 141/182/6 136/183/6 146/184/6
f 144/185/3 124/186/3 132/187/3
f 121/188/6 146/184/6 139/189/6
f 125/190/51 133/173/52 136/191/52
f 141/182/6 129/178/6 125/192/6
f 123/193/53 135/175/47 121/194/53
f 135/195/6 141/182/6 146/184/6
f 129/169/46 126/196/54 125/190/54
f 136/191/52 119/193/55 117/197/55
f 134/198/3 142/199/3 128/200/3
f 121/181/7 137/201/7 123/202/7
f 146/184/6 117/203/6 139/189/6
f 133/204/3 142/199/3 145/205/3
f 130/206/3 142/199/3 126/192/3
f 142/199/3 132/187/3 128/200/3
f 128/196/56 131/180/49 127/174/56
f 141/182/6 131/207/6 143/176/6
f 123/208/3 145/205/3 134/198/3
f 120/209/3 144/185/3 130/206/3
f 143/176/6 122/210/6 140/211/6
f 137/201/7 117/171/7 119/212/7
f 119/213/3 145/205/3 137/214/3
f 147/215/57 154/216/58 151/217/59
f 147/218/60 157/219/61 148/220/62
f 147/218/60 183/221/63 149/221/64
f 151/217/59 150/215/65 147/215/57
f 185/222/66 151/217/59 152/222/67
f 154/216/58 152/222/67 151/217/59
f 148/223/68 156/224/69 154/216/70
f 154/216/70 158/225/71 155/226/72
f 157/227/73 159/228/74 156/224/69
f 156/224/69 161/229/75 158/225/71
f 160/230/76 162/231/77 159/228/74
f 159/228/74 164/232/78 161/229/75
f 163/233/79 165/234/75 162/231/77
f 162/231/77 167/235/78 164/232/78
f 169/236/80 165/234/81 166/237/82
f 168/238/83 167/235/84 165/234/81
f 212/236/85 168/238/83 169/236/80
f 170/238/86 171/239/87 168/238/83
f 173/239/88 172/240/89 171/239/87
f 171/239/87 203/241/90 167/235/84
f 175/242/91 174/240/92 173/239/88
f 178/243/93 173/239/88 170/238/86
f 176/244/94 177/245/95 175/242/91
f 180/246/96 175/242/91 178/243/93
f 181/247/97 178/243/93 179/248/98
f 179/248/98 170/238/86 212/236/85
f 183/249/63 180/246/96 181/247/97
f 182/250/99 176/244/94 180/246/96
f 150/251/65 182/250/99 183/249/63
f 153/252/100 184/253/101 182/250/99
f 185/254/66 186/255/102 184/253/101
f 184/253/101 188/256/103 176/244/94
f 186/255/102 209/257/104 188/256/103
f 189/258/105 187/259/106 186/255/102
f 191/260/107 190/261/108 192/260/109
f 189/261/105 152/222/67 190/261/108
f 194/262/110 191/263/107 192/263/109
f 199/264/111 192/260/109 190/261/108
f 196/265/112 192/263/109 193/266/113
f 195/267/114 187/262/106 194/262/110
f 197/268/115 194/262/110 196/265/112
f 198/269/116 197/270/78 196/271/78
f 199/264/117 196/271/78 193/272/78
f 158/225/71 200/273/78 198/269/116
f 155/226/72 198/269/116 199/264/117
f 161/229/75 201/274/78 200/273/78
f 200/273/78 202/275/78 197/270/78
f 164/232/78 203/241/78 201/274/78
f 201/274/78 204/276/78 202/275/78
f 203/241/90 205/277/118 204/276/119
f 205/277/120 202/278/121 204/276/122
f 205/277/120 208/279/123 206/279/124
f 172/240/89 207/277/125 205/277/118
f 177/245/95 207/277/125 174/240/92
f 206/279/124 209/267/104 195/267/114
f 188/256/103 208/280/123 177/245/95
f 202/278/121 195/267/114 197/268/115
f 155/226/126 190/261/108 152/222/67
f 149/221/64 181/281/97 210/281/127
f 210/281/127 179/282/98 211/282/128
f 157/219/61 210/281/127 160/283/129
f 160/283/129 211/282/128 163/284/130
f 211/282/128 212/236/85 169/236/80
f 163/284/130 169/236/80 166/237/82
f 214/220/131 215/221/132 223/219/133
f 214/223/134 217/217/135 213/215/136
f 213/218/137 249/221/138 215/221/132
f 219/217/139 213/215/136 217/217/135
f 220/216/140 218/222/141 217/217/135
f 251/222/142 217/217/135 218/222/141
f 214/223/143 222/224/143 220/216/143
f 220/216/143 224/225/143 221/226/143
f 223/227/143 225/228/143 222/224/143
f 222/224/143 227/229/143 224/225/143
f 226/230/143 228/231/143 225/228/143
f 225/228/143 230/232/143 227/229/143
f 229/233/143 231/234/143 228/231/143
f 228/231/143 233/235/143 230/232/143
f 235/236/144 231/234/145 232/237/146
f 234/238/147 233/235/148 231/234/145
f 278/236/149 234/238/147 235/236/144
f 236/238/150 237/239/151 234/238/147
f 237/239/151 269/241/152 233/235/148
f 239/239/153 238/240/154 237/239/151
f 241/242/155 240/240/156 239/239/153
f 244/243/157 239/239/153 236/238/150
f 246/246/158 241/242/155 244/243/157
f 242/244/159 243/245/159 241/242/155
f 245/248/160 236/238/150 278/236/149
f 247/247/161 244/243/157 245/248/160
f 249/249/138 246/246/158 247/247/161
f 248/250/162 242/244/159 246/246/158
f 216/251/163 248/250/162 249/249/138
f 219/252/139 250/253/162 248/250/162
f 251/254/142 252/255/155 250/253/162
f 250/253/162 254/256/164 242/244/159
f 255/258/165 253/259/166 252/255/155
f 252/255/155 275/257/167 254/256/164
f 255/261/165 218/222/141 256/261/168
f 257/260/169 256/261/168 258/260/170
f 260/262/171 257/263/169 258/263/170
f 265/264/172 258/260/170 256/261/168
f 262/265/173 258/263/170 259/266/174
f 263/268/175 260/262/171 262/265/173
f 261/267/176 253/262/166 260/262/171
f 264/269/143 263/270/177 262/271/143
f 265/264/143 262/271/143 259/272/143
f 221/226/143 264/269/143 265/264/143
f 224/225/143 266/273/143 264/269/143
f 227/229/143 267/274/143 266/273/143
f 266/273/143 268/275/143 263/270/177
f 230/232/143 269/241/143 267/274/143
f 267/274/143 270/276/143 268/275/143
f 238/240/154 270/276/178 269/241/152
f 270/276/179 272/279/180 268/278/181
f 271/277/182 274/279/183 272/279/180
f 240/240/156 271/277/182 238/240/154
f 243/245/159 273/277/184 240/240/156
f 272/279/180 275/267/167 261/267/176
f 254/256/164 274/280/183 243/245/159
f 268/278/181 261/267/176 263/268/175
f 221/226/185 256/261/168 218/222/141
f 215/221/132 247/281/161 276/281/186
f 276/281/186 245/282/160 277/282/187
f 223/219/133 276/281/186 226/283/188
f 226/283/188 277/282/187 229/284/189
f 229/284/189 235/236/144 232/237/146
f 277/282/187 278/236/149 235/236/144
f 280/285/190 282/286/190 279/260/190
f 309/287/191 279/288/192 281/257/193
f 281/267/194 282/289/195 285/290/194
f 301/285/190 282/286/190 283/291/190
f 285/290/194 284/263/195 286/267/194
f 287/292/196 286/267/194 290/279/196
f 287/292/196 281/267/194 285/290/194
f 288/293/196 290/279/196 291/277/196
f 288/293/196 289/279/196 287/292/196
f 292/294/197 286/257/198 293/287/199
f 294/295/200 290/280/201 292/294/197
f 295/296/202 293/287/199 298/297/203
f 297/298/204 292/294/205 295/296/206
f 296/299/207 298/297/203 299/300/208
f 320/301/209 295/296/202 296/299/207
f 293/287/199 300/302/210 298/297/203
f 298/297/203 302/303/211 299/300/208
f 300/304/212 283/291/212 303/305/212
f 302/306/213 303/305/214 304/307/215
f 306/306/213 303/305/214 305/304/214
f 305/304/212 283/291/212 280/285/212
f 305/302/216 309/287/191 307/297/217
f 306/303/218 307/297/217 308/300/219
f 311/299/220 307/297/217 310/296/221
f 310/296/221 309/287/191 312/294/222
f 314/301/223 310/296/221 313/298/224
f 313/298/224 312/294/222 315/295/225
f 314/301/226 316/308/227 317/309/228
f 313/298/229 318/310/229 316/308/229
f 316/308/227 320/301/226 317/309/228
f 318/310/229 297/298/229 316/308/229
f 315/295/230 288/293/230 318/310/230
f 288/293/230 294/295/230 318/310/230
f 389/311/231 317/309/228 319/312/232
f 317/309/228 321/311/233 319/312/232
f 321/311/234 296/299/207 323/313/235
f 322/240/236 323/313/235 325/314/237
f 319/312/232 322/240/238 423/315/239
f 323/313/235 299/300/208 324/316/240
f 325/314/237 324/316/240 326/256/241
f 327/317/242 326/256/241 328/318/243
f 329/319/244 325/314/237 327/317/242
f 330/320/3 328/318/243 331/321/3
f 332/322/3 327/317/242 330/320/3
f 333/323/3 331/321/3 334/324/3
f 335/325/3 330/320/3 333/323/3
f 336/326/3 334/324/3 337/327/3
f 338/328/3 333/323/3 336/326/3
f 339/329/3 337/327/3 340/330/3
f 341/331/3 336/326/3 339/329/3
f 339/329/3 343/244/245 342/242/246
f 341/331/3 342/242/246 344/239/247
f 342/242/246 346/332/248 345/333/249
f 344/239/247 345/333/249 347/334/250
f 345/333/249 349/335/251 348/336/252
f 347/334/250 348/336/252 350/337/253
f 348/336/252 352/338/254 351/339/255
f 350/337/253 351/339/255 353/340/256
f 354/341/257 352/341/258 355/341/259
f 356/341/260 351/341/261 354/341/257
f 354/341/257 358/341/262 357/341/263
f 356/341/260 357/341/263 359/341/264
f 358/338/265 360/336/266 357/339/267
f 357/339/267 362/337/268 359/340/269
f 361/335/270 363/333/271 360/336/266
f 360/336/266 365/334/272 362/337/268
f 364/332/273 366/242/274 363/333/271
f 363/333/271 368/239/275 365/334/272
f 367/244/276 369/329/6 366/242/274
f 366/242/274 371/331/6 368/239/275
f 369/329/6 373/327/6 372/326/6
f 371/331/6 372/326/6 374/328/6
f 372/326/6 376/324/6 375/323/6
f 374/328/6 375/323/6 377/325/6
f 375/323/6 379/321/6 378/320/6
f 377/325/6 378/320/6 380/322/6
f 378/320/6 382/318/277 381/317/278
f 380/322/6 381/317/278 383/319/279
f 381/317/278 385/256/280 384/245/281
f 383/319/279 384/245/281 386/240/282
f 384/245/281 388/316/283 387/313/284
f 386/240/282 387/313/284 389/311/285
f 387/313/284 308/300/219 311/299/220
f 389/311/285 311/299/220 314/301/223
f 386/240/238 319/312/232 423/315/239
f 385/256/280 390/342/286 388/316/283
f 388/316/283 306/303/218 308/300/219
f 390/343/287 304/307/215 306/306/213
f 391/261/288 392/344/289 390/343/287
f 394/343/287 304/307/215 392/344/289
f 395/261/290 392/344/289 393/345/291
f 324/316/240 302/303/211 394/342/292
f 326/256/241 394/342/292 395/258/293
f 328/318/243 395/258/293 396/346/3
f 395/261/290 398/347/294 396/348/295
f 328/318/243 397/349/3 331/321/3
f 396/348/295 400/350/296 397/351/297
f 398/347/294 391/261/288 399/348/295
f 400/350/296 399/348/295 401/351/297
f 403/352/298 400/350/296 401/351/297
f 397/351/297 402/353/299 405/352/298
f 422/354/300 402/353/299 403/352/298
f 406/354/300 402/353/299 404/355/300
f 331/321/3 405/356/3 334/324/3
f 334/324/3 406/357/3 337/327/3
f 340/330/3 406/357/3 407/358/3
f 407/359/301 404/355/300 409/360/301
f 343/244/245 407/358/3 408/254/302
f 408/222/303 409/360/301 411/361/304
f 411/361/304 410/359/301 412/222/303
f 409/360/301 422/354/300 410/359/301
f 414/362/305 411/361/304 412/222/303
f 416/362/306 411/361/304 413/363/307
f 421/364/308 413/363/307 414/362/305
f 417/364/309 413/363/307 415/365/310
f 343/244/245 416/366/311 346/332/248
f 346/332/248 417/367/312 349/335/251
f 418/368/313 415/365/310 419/369/314
f 349/335/251 418/370/315 352/338/254
f 355/341/259 418/341/316 419/341/317
f 420/368/318 415/365/310 421/364/308
f 355/341/259 420/341/319 358/341/262
f 420/370/320 361/335/270 358/338/265
f 421/367/321 364/332/273 361/335/270
f 414/366/322 367/244/276 364/332/273
f 367/244/276 410/358/6 370/330/6
f 370/330/6 422/357/6 373/327/6
f 422/357/6 376/324/6 373/327/6
f 403/356/6 379/321/6 376/324/6
f 401/349/6 382/318/277 379/321/6
f 382/318/277 391/258/323 385/256/280
f 424/371/324 386/240/238 423/315/239
f 424/371/324 322/240/238 329/319/325
f 425/372/326 383/319/327 424/371/324
f 425/372/326 329/319/325 332/322/328
f 426/373/329 380/322/330 425/372/326
f 426/373/329 332/322/328 335/325/331
f 374/328/332 426/373/333 427/374/334
f 427/374/334 335/325/333 338/328/332
f 428/375/335 374/328/332 427/374/334
f 427/374/334 341/331/335 428/375/335
f 368/239/336 428/375/335 429/376/337
f 428/375/335 344/239/336 429/376/337
f 365/334/338 429/376/337 430/377/339
f 429/376/337 347/334/340 430/377/339
f 362/337/341 430/377/339 431/378/342
f 430/377/339 350/337/343 431/378/342
f 359/340/344 431/378/342 432/379/345
f 431/378/342 353/340/346 432/379/345
f 356/341/260 359/341/264 432/341/347
f 356/341/260 432/341/347 353/341/348
f 315/295/225 289/280/349 433/277/350
f 312/294/222 281/257/193 289/280/349
f 293/287/199 284/288/351 301/380/352
f 435/285/353 437/286/353 438/291/353
f 464/287/354 434/288/355 435/380/356
f 437/289/357 436/267/358 440/290/358
f 456/285/353 437/286/353 439/260/353
f 440/290/358 439/263/357 437/289/357
f 445/279/359 440/290/358 442/292/359
f 440/290/358 444/279/359 442/292/359
f 446/277/359 442/292/359 443/293/359
f 442/292/359 588/277/359 443/293/359
f 447/294/360 441/257/361 445/280/362
f 449/295/363 445/280/362 446/277/364
f 450/296/365 448/287/366 447/294/360
f 452/298/367 447/294/368 449/295/369
f 451/299/370 453/297/203 450/296/365
f 475/301/371 450/296/365 452/298/372
f 455/302/373 448/287/366 453/297/203
f 457/303/374 453/297/203 454/300/375
f 455/304/376 438/291/376 456/285/376
f 457/306/377 458/305/378 455/304/378
f 461/306/377 458/305/378 459/307/379
f 460/304/376 438/291/376 458/305/376
f 464/287/354 460/302/380 462/297/217
f 462/297/217 461/303/381 463/300/382
f 466/299/383 462/297/217 463/300/382
f 465/296/384 464/287/354 462/297/217
f 469/301/385 465/296/384 466/299/383
f 468/298/386 467/294/387 465/296/384
f 471/308/388 469/301/389 472/309/390
f 473/310/391 468/298/391 471/308/392
f 475/301/389 471/308/388 472/309/390
f 452/298/391 473/310/391 471/308/392
f 443/293/393 470/295/394 473/310/393
f 449/295/395 443/293/393 473/310/393
f 472/309/390 544/311/396 474/312/397
f 476/311/398 472/309/390 474/312/397
f 476/311/399 451/299/370 475/301/371
f 477/240/400 478/313/401 476/311/399
f 477/240/402 474/312/397 578/315/403
f 478/313/401 454/300/375 451/299/370
f 480/314/404 479/316/405 478/313/401
f 482/317/406 481/256/407 480/314/404
f 484/319/408 480/314/404 477/240/400
f 485/320/3 483/318/409 482/317/406
f 487/322/3 482/317/406 484/319/408
f 488/323/3 486/321/3 485/320/3
f 490/325/3 485/320/3 487/322/3
f 491/326/3 489/324/3 488/323/3
f 493/328/3 488/323/3 490/325/3
f 494/329/3 492/327/3 491/326/3
f 496/331/3 491/326/3 493/328/3
f 498/244/410 494/329/3 497/242/411
f 497/242/411 496/331/3 499/239/412
f 501/332/413 497/242/411 500/333/414
f 500/333/414 499/239/412 502/334/415
f 504/335/416 500/333/414 503/336/417
f 503/336/417 502/334/415 505/337/418
f 507/338/419 503/336/417 506/339/420
f 506/339/420 505/337/418 508/340/421
f 509/341/422 507/341/423 506/341/424
f 511/341/425 506/341/424 508/341/426
f 509/341/422 513/341/427 510/341/428
f 511/341/425 512/341/429 509/341/422
f 515/336/430 513/338/431 512/339/432
f 517/337/433 512/339/432 514/340/434
f 518/333/435 516/335/436 515/336/430
f 520/334/437 515/336/430 517/337/433
f 521/242/438 519/332/439 518/333/435
f 523/239/440 518/333/435 520/334/437
f 524/329/6 522/244/441 521/242/438
f 526/331/6 521/242/438 523/239/440
f 524/329/6 528/327/6 525/330/6
f 526/331/6 527/326/6 524/329/6
f 527/326/6 531/324/6 528/327/6
f 529/328/6 530/323/6 527/326/6
f 530/323/6 534/321/6 531/324/6
f 532/325/6 533/320/6 530/323/6
f 533/320/6 537/318/442 534/321/6
f 535/322/6 536/317/443 533/320/6
f 536/317/443 540/256/444 537/318/442
f 538/319/445 539/245/446 536/317/443
f 539/245/446 543/316/447 540/256/444
f 541/240/448 542/313/449 539/245/446
f 542/313/449 463/300/382 543/316/447
f 544/311/450 466/299/383 542/313/449
f 474/312/397 541/240/402 578/315/403
f 540/256/444 545/342/451 546/258/452
f 543/316/447 461/303/381 545/342/451
f 545/343/453 459/307/379 547/344/454
f 546/261/455 547/344/454 548/345/456
f 549/343/453 459/307/379 457/306/377
f 550/261/455 547/344/454 549/343/453
f 479/316/405 457/303/374 454/300/375
f 481/256/407 549/342/457 479/316/405
f 483/318/409 550/258/458 481/256/407
f 553/347/459 550/261/455 551/348/460
f 552/349/3 483/318/409 486/321/3
f 555/350/461 551/348/460 552/351/462
f 554/348/459 548/345/456 553/347/459
f 554/348/459 555/350/461 556/351/461
f 556/351/461 557/353/463 558/352/463
f 560/352/464 555/350/461 552/351/462
f 558/352/463 559/355/465 577/354/465
f 559/355/465 560/352/464 561/354/465
f 560/356/3 486/321/3 489/324/3
f 561/357/3 489/324/3 492/327/3
f 495/330/3 561/357/3 492/327/3
f 564/360/466 561/354/465 562/359/466
f 498/244/410 562/358/3 495/330/3
f 566/361/467 562/359/466 563/222/468
f 565/359/466 566/361/467 567/222/469
f 565/359/466 559/355/465 564/360/466
f 569/362/470 566/361/467 568/363/471
f 571/362/472 566/361/467 563/222/468
f 576/364/473 568/363/471 570/365/474
f 572/364/475 568/363/471 571/362/472
f 571/366/476 498/244/410 501/332/413
f 572/367/477 501/332/413 504/335/416
f 573/368/478 570/365/474 572/364/475
f 573/370/479 504/335/416 507/338/419
f 510/341/428 573/341/480 507/341/423
f 575/368/481 570/365/474 574/369/482
f 510/341/428 575/341/483 574/341/484
f 516/335/436 575/370/485 513/338/431
f 519/332/439 576/367/486 516/335/436
f 522/244/441 569/366/487 519/332/439
f 522/244/441 565/358/6 567/254/488
f 525/330/6 577/357/6 565/358/6
f 531/324/6 577/357/6 528/327/6
f 534/321/6 558/356/6 531/324/6
f 537/318/442 556/349/6 534/321/6
f 537/318/442 546/258/452 554/346/6
f 579/371/489 541/240/402 538/319/490
f 579/371/489 477/240/402 578/315/403
f 580/372/491 538/319/490 535/322/492
f 580/372/491 484/319/493 579/371/489
f 581/373/337 535/322/492 532/325/494
f 581/373/337 487/322/495 580/372/491
f 581/373/496 529/328/497 582/374/497
f 493/328/497 581/373/496 582/374/497
f 582/374/497 526/331/498 583/375/498
f 496/331/499 582/374/497 583/375/498
f 584/376/500 526/331/498 523/239/501
f 499/239/501 583/375/498 584/376/500
f 584/376/500 520/334/502 585/377/503
f 502/334/504 584/376/500 585/377/503
f 585/377/503 517/337/505 586/378/506
f 505/337/507 585/377/503 586/378/506
f 586/378/506 514/340/508 587/379/509
f 508/340/510 586/378/506 587/379/509
f 511/341/425 587/341/511 514/341/512
f 511/341/425 508/341/426 587/341/511
f 470/295/513 444/280/514 467/294/387
f 467/294/387 436/257/515 464/287/354
f 448/287/366 439/288/516 441/257/361
f 589/215/517 596/216/518 590/223/519
f 599/219/520 589/218/521 590/220/522
f 589/218/521 625/221/523 592/218/524
f 593/217/525 592/215/524 595/217/526
f 593/217/525 627/222/527 594/222/528
f 594/222/528 596/216/518 593/217/525
f 590/223/529 598/224/530 599/227/531
f 596/216/532 600/225/533 598/224/530
f 599/227/531 601/228/534 602/230/535
f 598/224/530 603/229/536 601/228/534
f 602/230/535 604/231/537 605/233/538
f 601/228/534 606/232/536 604/231/537
f 605/233/538 607/234/536 608/237/536
f 604/231/537 609/235/536 607/234/536
f 607/234/539 611/236/540 608/237/541
f 609/235/542 610/238/543 607/234/539
f 610/238/543 654/236/544 611/236/540
f 613/239/545 612/238/546 610/238/543
f 614/240/547 615/239/548 613/239/545
f 645/241/549 613/239/545 609/235/542
f 616/240/550 617/242/551 615/239/548
f 615/239/548 620/243/552 612/238/546
f 619/245/553 618/244/554 617/242/551
f 617/242/551 622/246/555 620/243/552
f 620/243/552 623/247/556 621/248/557
f 612/238/546 621/248/557 654/236/544
f 622/246/555 625/249/523 623/247/556
f 618/244/554 624/250/553 622/246/555
f 624/250/553 592/251/524 625/249/523
f 626/253/558 595/252/526 624/250/553
f 628/255/559 627/254/527 626/253/558
f 630/256/555 626/253/558 618/244/554
f 651/257/560 628/255/559 630/256/555
f 629/259/561 631/258/562 628/255/559
f 632/261/563 633/260/564 634/260/565
f 594/222/528 631/261/562 632/261/563
f 636/262/566 633/263/564 629/262/561
f 634/260/565 641/264/567 632/261/563
f 638/265/568 634/263/565 636/262/566
f 637/267/569 629/262/561 651/267/560
f 639/268/570 636/262/566 637/267/569
f 640/269/571 639/270/536 642/273/536
f 641/264/572 638/271/536 640/269/571
f 600/225/533 642/273/536 603/229/536
f 597/226/573 640/269/571 600/225/533
f 603/229/536 643/274/536 606/232/536
f 642/273/536 644/275/536 643/274/536
f 606/232/536 645/241/536 609/235/536
f 643/274/536 646/276/536 645/241/536
f 645/241/549 647/277/574 614/240/547
f 644/278/575 647/277/576 646/276/577
f 647/277/576 650/279/578 649/277/579
f 614/240/547 649/277/579 616/240/550
f 649/277/579 619/245/553 616/240/550
f 648/279/580 651/267/560 650/279/578
f 650/280/578 630/256/555 619/245/553
f 644/278/575 637/267/569 648/279/580
f 632/261/563 597/226/581 594/222/528
f 591/221/582 623/281/556 625/221/523
f 652/281/583 621/282/557 623/281/556
f 599/219/520 652/281/583 591/221/582
f 602/283/584 653/282/585 652/281/583
f 653/282/585 654/236/544 621/282/557
f 605/284/586 611/236/540 653/282/585
f 659/217/587 656/223/588 655/215/589
f 656/220/590 657/221/591 655/218/592
f 655/218/592 691/221/593 658/218/594
f 655/215/589 661/217/595 659/217/587
f 659/217/587 693/222/596 660/222/597
f 660/222/597 662/216/598 659/217/587
f 656/223/599 664/224/599 665/227/599
f 662/216/599 666/225/599 664/224/599
f 665/227/599 667/228/599 668/230/599
f 664/224/599 669/229/599 667/228/599
f 668/230/599 670/231/599 671/233/599
f 667/228/599 672/232/599 670/231/599
f 671/233/599 673/234/600 674/237/600
f 670/231/599 675/235/599 673/234/600
f 673/234/601 677/236/602 674/237/603
f 675/235/604 676/238/605 673/234/601
f 676/238/605 720/236/606 677/236/602
f 679/239/607 678/238/608 676/238/605
f 680/240/609 681/239/610 679/239/607
f 711/241/611 679/239/607 675/235/604
f 682/240/612 683/242/613 681/239/610
f 681/239/610 686/243/614 678/238/608
f 685/245/615 684/244/615 683/242/613
f 683/242/613 688/246/615 686/243/614
f 686/243/614 689/247/616 687/248/617
f 678/238/608 687/248/617 720/236/606
f 688/246/615 691/249/593 689/247/616
f 684/244/615 690/250/614 688/246/615
f 690/250/614 658/251/594 691/249/593
f 692/253/618 661/252/595 690/250/614
f 694/255/619 693/254/596 692/253/618
f 696/256/613 692/253/618 684/244/615
f 717/257/620 694/255/619 696/256/613
f 695/259/621 697/258/622 694/255/619
f 698/261/623 699/260/624 700/260/625
f 660/222/597 697/261/622 698/261/623
f 702/262/626 699/263/624 695/262/621
f 700/260/625 707/264/627 698/261/623
f 704/265/628 700/263/625 702/262/626
f 703/267/629 695/262/621 717/267/620
f 705/268/630 702/262/626 703/267/629
f 706/269/599 705/270/599 708/273/599
f 707/264/599 704/271/599 706/269/599
f 666/225/599 708/273/599 669/229/599
f 663/226/599 706/269/599 666/225/599
f 669/229/599 709/274/599 672/232/599
f 708/273/599 710/275/599 709/274/599
f 672/232/599 711/241/599 675/235/599
f 709/274/599 712/276/599 711/241/599
f 712/276/631 680/240/609 711/241/611
f 712/276/632 714/279/633 713/277/634
f 713/277/634 716/279/635 715/277/636
f 713/277/634 682/240/612 680/240/609
f 715/277/636 685/245/615 682/240/612
f 714/279/633 717/267/620 716/279/635
f 716/280/635 696/256/613 685/245/615
f 710/278/637 703/267/629 714/279/633
f 698/261/623 663/226/638 660/222/597
f 657/221/591 689/281/616 691/221/593
f 718/281/639 687/282/617 689/281/616
f 665/219/640 718/281/639 657/221/591
f 668/283/641 719/282/642 718/281/639
f 719/282/642 720/236/606 687/282/617
f 671/284/643 677/236/602 719/282/642
f 722/285/644 724/286/644 725/291/644
f 751/287/645 721/288/646 722/380/647
f 724/289/648 723/267/649 727/290/649
f 743/285/644 724/286/644 726/260/644
f 727/290/649 726/263/648 724/289/648
f 732/279/650 727/290/649 729/292/651
f 729/292/651 723/267/649 731/279/652
f 733/277/653 729/292/651 730/293/653
f 730/293/653 731/279/652 875/277/653
f 734/294/654 728/257/655 732/280/656
f 736/295/657 732/280/656 733/277/658
f 737/296/659 735/287/660 734/294/654
f 739/298/661 734/294/662 736/295/663
f 738/299/664 740/297/665 737/296/659
f 762/301/666 737/296/659 739/298/667
f 742/302/668 735/287/660 740/297/665
f 744/303/669 740/297/665 741/300/670
f 742/304/671 725/291/671 743/285/671
f 744/306/672 745/305/673 742/304/673
f 748/306/672 745/305/673 746/307/674
f 747/304/671 725/291/671 745/305/671
f 751/287/645 747/302/675 749/297/676
f 749/297/676 748/303/677 750/300/678
f 753/299/679 749/297/676 750/300/678
f 752/296/680 751/287/645 749/297/676
f 756/301/681 752/296/680 753/299/679
f 755/298/682 754/294/683 752/296/680
f 758/308/684 756/301/685 759/309/686
f 760/310/687 755/298/688 758/308/689
f 762/301/685 758/308/684 759/309/686
f 739/298/690 760/310/687 758/308/689
f 730/293/691 757/295/691 760/310/691
f 736/295/691 730/293/691 760/310/691
f 759/309/686 831/311/692 761/312/693
f 763/311/694 759/309/686 761/312/693
f 763/311/695 738/299/664 762/301/666
f 764/240/696 765/313/697 763/311/695
f 764/240/698 761/312/693 865/315/699
f 765/313/697 741/300/670 738/299/664
f 767/314/700 766/316/701 765/313/697
f 769/317/702 768/256/703 767/314/700
f 771/319/704 767/314/700 764/240/696
f 772/320/3 770/318/705 769/317/702
f 774/322/3 769/317/702 771/319/704
f 775/323/3 773/321/3 772/320/3
f 777/325/3 772/320/3 774/322/3
f 778/326/3 776/324/3 775/323/3
f 780/328/3 775/323/3 777/325/3
f 781/329/3 779/327/3 778/326/3
f 783/331/3 778/326/3 780/328/3
f 785/244/706 781/329/3 784/242/707
f 784/242/707 783/331/3 786/239/708
f 788/332/709 784/242/707 787/333/710
f 787/333/710 786/239/708 789/334/711
f 791/335/712 787/333/710 790/336/713
f 790/336/713 789/334/711 792/337/714
f 794/338/715 790/336/713 793/339/716
f 793/339/716 792/337/714 795/340/717
f 796/341/718 794/341/719 793/341/720
f 798/341/721 793/341/720 795/341/718
f 796/341/718 800/341/722 797/341/723
f 798/341/721 799/341/724 796/341/718
f 802/336/725 800/338/726 799/339/727
f 804/337/728 799/339/727 801/340/729
f 805/333/730 803/335/731 802/336/725
f 807/334/732 802/336/725 804/337/728
f 808/242/733 806/332/734 805/333/730
f 810/239/735 805/333/730 807/334/732
f 811/329/6 809/244/736 808/242/733
f 813/331/6 808/242/733 810/239/735
f 811/329/6 815/327/6 812/330/6
f 813/331/6 814/326/6 811/329/6
f 814/326/6 818/324/6 815/327/6
f 816/328/6 817/323/6 814/326/6
f 817/323/6 821/321/6 818/324/6
f 819/325/6 820/320/6 817/323/6
f 820/320/6 824/318/737 821/321/6
f 822/322/6 823/317/738 820/320/6
f 823/317/738 827/256/739 824/318/737
f 825/319/740 826/245/741 823/317/738
f 826/245/741 830/316/742 827/256/739
f 828/240/743 829/313/744 826/245/741
f 829/313/744 750/300/678 830/316/742
f 831/311/745 753/299/679 829/313/744
f 761/312/693 828/240/698 865/315/699
f 827/256/739 832/342/746 833/258/747
f 830/316/742 748/303/677 832/342/746
f 832/343/748 746/307/674 834/344/749
f 833/261/750 834/344/749 835/345/751
f 836/343/748 746/307/674 744/306/672
f 837/261/752 834/344/749 836/343/748
f 766/316/701 744/303/669 741/300/670
f 768/256/703 836/342/753 766/316/701
f 770/318/705 837/258/754 768/256/703
f 840/347/755 837/261/752 838/348/756
f 839/349/3 770/318/705 773/321/3
f 842/350/757 838/348/756 839/351/758
f 841/348/759 835/345/751 840/347/755
f 843/351/757 840/347/755 842/350/757
f 843/351/757 844/353/760 845/352/761
f 847/352/761 842/350/757 839/351/758
f 864/354/762 844/353/760 846/355/762
f 846/355/762 847/352/761 848/354/763
f 847/356/3 773/321/3 776/324/3
f 848/357/3 776/324/3 779/327/3
f 782/330/3 848/357/3 779/327/3
f 849/359/764 846/355/762 848/354/763
f 785/244/706 849/358/3 782/330/3
f 853/361/765 849/359/764 850/222/766
f 852/359/764 853/361/765 854/222/767
f 852/359/764 846/355/762 851/360/768
f 856/362/769 853/361/765 855/363/770
f 858/362/771 853/361/765 850/222/766
f 863/364/772 855/363/770 857/365/773
f 859/364/774 855/363/770 858/362/771
f 858/366/775 785/244/706 788/332/709
f 859/367/776 788/332/709 791/335/712
f 860/368/777 857/365/773 859/364/774
f 860/370/778 791/335/712 794/338/715
f 797/341/723 860/341/779 794/341/719
f 862/368/780 857/365/773 861/369/781
f 797/341/723 862/341/782 861/341/783
f 803/335/731 862/370/784 800/338/726
f 806/332/734 863/367/785 803/335/731
f 809/244/736 856/366/786 806/332/734
f 809/244/736 852/358/6 854/254/787
f 812/330/6 864/357/6 852/358/6
f 818/324/6 864/357/6 815/327/6
f 821/321/6 845/356/6 818/324/6
f 824/318/737 843/349/6 821/321/6
f 824/318/737 833/258/747 841/346/6
f 866/371/788 828/240/698 825/319/789
f 866/371/788 764/240/698 865/315/699
f 867/372/790 825/319/789 822/322/791
f 867/372/790 771/319/792 866/371/788
f 868/373/793 822/322/791 819/325/794
f 868/373/793 774/322/795 867/372/790
f 868/373/796 816/328/797 869/374/798
f 869/374/798 777/325/796 868/373/796
f 869/374/798 813/331/799 870/375/800
f 870/375/800 780/328/801 869/374/798
f 871/376/802 813/331/799 810/239/803
f 786/239/804 870/375/800 871/376/802
f 871/376/802 807/334/805 872/377/806
f 789/334/807 871/376/802 872/377/806
f 872/377/806 804/337/808 873/378/809
f 792/337/810 872/377/806 873/378/809
f 873/378/809 801/340/811 874/379/812
f 795/340/813 873/378/809 874/379/812
f 798/341/721 874/341/718 801/341/718
f 798/341/721 795/341/718 874/341/718
f 757/295/814 731/280/815 754/294/683
f 754/294/683 723/257/816 751/287/645
f 735/287/660 726/288/817 728/257/655
f 877/285/818 879/286/818 876/260/818
f 906/287/819 876/288/820 878/257/821
f 878/267/822 879/289/823 882/290/824
f 898/285/818 879/286/818 880/291/818
f 882/290/824 881/263/823 883/267/824
f 882/290/824 887/279/825 884/292/825
f 886/279/825 882/290/824 884/292/825
f 885/293/826 887/279/825 888/277/826
f 1030/277/826 884/292/825 885/293/826
f 889/294/827 883/257/828 890/287/829
f 891/295/830 887/280/831 889/294/827
f 892/296/832 890/287/829 895/297/665
f 894/298/833 889/294/834 892/296/835
f 893/299/836 895/297/665 896/300/837
f 917/301/838 892/296/832 893/299/836
f 890/287/829 897/302/839 895/297/665
f 895/297/665 899/303/840 896/300/837
f 897/304/841 880/291/841 900/305/841
f 899/306/842 900/305/843 901/307/844
f 903/306/842 900/305/843 902/304/843
f 902/304/841 880/291/841 877/285/841
f 902/302/845 906/287/819 904/297/676
f 903/303/846 904/297/676 905/300/847
f 908/299/848 904/297/676 907/296/849
f 907/296/849 906/287/819 909/294/850
f 911/301/851 907/296/849 910/298/852
f 910/298/852 909/294/850 912/295/853
f 911/301/854 913/308/855 914/309/856
f 910/298/857 915/310/858 913/308/859
f 913/308/855 917/301/854 914/309/856
f 915/310/858 894/298/860 913/308/859
f 912/295/861 885/293/861 915/310/861
f 885/293/861 891/295/861 915/310/861
f 986/311/862 914/309/856 916/312/863
f 914/309/856 918/311/864 916/312/863
f 918/311/865 893/299/836 920/313/866
f 919/240/867 920/313/866 922/314/868
f 916/312/863 919/240/869 1020/315/870
f 920/313/866 896/300/837 921/316/871
f 922/314/868 921/316/871 923/256/872
f 924/317/873 923/256/872 925/318/874
f 926/319/875 922/314/868 924/317/873
f 927/320/3 925/318/874 928/321/3
f 929/322/3 924/317/873 927/320/3
f 930/323/3 928/321/3 931/324/3
f 932/325/3 927/320/3 930/323/3
f 933/326/3 931/324/3 934/327/3
f 935/328/3 930/323/3 933/326/3
f 936/329/3 934/327/3 937/330/3
f 938/331/3 933/326/3 936/329/3
f 936/329/3 940/244/876 939/242/877
f 938/331/3 939/242/877 941/239/878
f 939/242/877 943/332/879 942/333/880
f 941/239/878 942/333/880 944/334/881
f 942/333/880 946/335/882 945/336/883
f 944/334/881 945/336/883 947/337/884
f 945/336/883 949/338/885 948/339/886
f 947/337/884 948/339/886 950/340/887
f 951/341/888 949/341/889 952/341/890
f 953/341/891 948/341/892 951/341/888
f 951/341/888 955/341/893 954/341/894
f 953/341/891 954/341/894 956/341/895
f 955/338/896 957/336/897 954/339/898
f 954/339/898 959/337/899 956/340/900
f 958/335/901 960/333/902 957/336/897
f 957/336/897 962/334/903 959/337/899
f 961/332/904 963/242/905 960/333/902
f 960/333/902 965/239/906 962/334/903
f 964/244/907 966/329/6 963/242/905
f 963/242/905 968/331/6 965/239/906
f 966/329/6 970/327/6 969/326/6
f 968/331/6 969/326/6 971/328/6
f 969/326/6 973/324/6 972/323/6
f 971/328/6 972/323/6 974/325/6
f 972/323/6 976/321/6 975/320/6
f 974/325/6 975/320/6 977/322/6
f 975/320/6 979/318/908 978/317/909
f 977/322/6 978/317/909 980/319/910
f 978/317/909 982/256/911 981/245/912
f 980/319/910 981/245/912 983/240/913
f 981/245/912 985/316/914 984/313/915
f 983/240/913 984/313/915 986/311/916
f 984/313/915 905/300/847 908/299/848
f 986/311/916 908/299/848 911/301/851
f 983/240/869 916/312/863 1020/315/870
f 982/256/911 987/342/917 985/316/914
f 985/316/914 903/303/846 905/300/847
f 987/343/918 901/307/844 903/306/842
f 988/261/919 989/344/920 987/343/918
f 991/343/918 901/307/844 989/344/920
f 992/261/919 989/344/920 990/345/921
f 921/316/871 899/303/840 991/342/922
f 923/256/872 991/342/922 992/258/923
f 925/318/874 992/258/923 993/346/3
f 993/348/924 990/345/921 995/347/924
f 925/318/874 994/349/3 928/321/3
f 993/348/924 997/350/925 994/351/926
f 995/347/924 988/261/919 996/348/927
f 998/351/925 995/347/924 996/348/927
f 1000/352/928 997/350/925 998/351/925
f 994/351/926 999/353/929 1002/352/930
f 1001/355/931 1000/352/928 1019/354/932
f 1003/354/933 999/353/929 1001/355/931
f 928/321/3 1002/356/3 931/324/3
f 931/324/3 1003/357/3 934/327/3
f 937/330/3 1003/357/3 1004/358/3
f 1003/354/933 1006/360/934 1004/359/935
f 940/244/876 1004/358/3 1005/254/936
f 1004/359/935 1008/361/937 1005/222/938
f 1009/222/939 1006/360/934 1007/359/940
f 1007/359/940 1001/355/931 1019/354/932
f 1011/362/941 1008/361/937 1009/222/939
f 1013/362/942 1008/361/937 1010/363/943
f 1018/364/944 1010/363/943 1011/362/941
f 1014/364/945 1010/363/943 1012/365/946
f 940/244/876 1013/366/947 943/332/879
f 943/332/879 1014/367/948 946/335/882
f 1015/368/949 1012/365/946 1016/369/950
f 946/335/882 1015/370/951 949/338/885
f 952/341/890 1015/341/952 1016/341/953
f 1017/368/954 1012/365/946 1018/364/944
f 952/341/890 1017/341/955 955/341/893
f 1017/370/956 958/335/901 955/338/896
f 1018/367/957 961/332/904 958/335/901
f 1011/366/958 964/244/907 961/332/904
f 964/244/907 1007/358/6 967/330/6
f 967/330/6 1019/357/6 970/327/6
f 1019/357/6 973/324/6 970/327/6
f 1000/356/6 976/321/6 973/324/6
f 998/349/6 979/318/908 976/321/6
f 979/318/908 988/258/959 982/256/911
f 1021/371/960 983/240/869 1020/315/870
f 1021/371/960 919/240/869 926/319/961
f 1022/372/962 980/319/963 1021/371/960
f 1022/372/962 926/319/961 929/322/964
f 1023/373/965 977/322/966 1022/372/962
f 1023/373/965 929/322/964 932/325/967
f 1024/374/968 974/325/969 1023/373/969
f 1023/373/969 935/328/968 1024/374/968
f 968/331/970 1024/374/968 1025/375/971
f 1025/375/971 935/328/968 938/331/971
f 1026/376/972 968/331/970 1025/375/971
f 1025/375/971 941/239/973 1026/376/972
f 962/334/974 1026/376/972 1027/377/975
f 1026/376/972 944/334/976 1027/377/975
f 959/337/977 1027/377/975 1028/378/978
f 1027/377/975 947/337/979 1028/378/978
f 956/340/980 1028/378/978 1029/379/981
f 1028/378/978 950/340/982 1029/379/981
f 953/341/891 956/341/895 1029/341/983
f 953/341/891 1029/341/983 950/341/984
f 912/295/853 886/280/985 1030/277/986
f 909/294/850 878/257/821 886/280/985
f 890/287/829 881/288/987 898/380/988
f 1031/215/989 1038/216/990 1035/217/991
f 1031/218/989 1041/219/992 1032/220/993
f 1034/218/994 1033/221/995 1031/218/989
f 1035/217/991 1034/215/996 1031/215/989
f 1069/222/997 1035/217/991 1036/222/998
f 1035/217/991 1039/226/999 1036/222/998
f 1041/227/1000 1038/216/1001 1032/223/1002
f 1040/224/1003 1039/226/1004 1038/216/1001
f 1044/230/1005 1040/224/1003 1041/227/1000
f 1040/224/1003 1045/229/1006 1042/225/1007
f 1044/230/1005 1046/231/1006 1043/228/1006
f 1043/228/1006 1048/232/1006 1045/229/1006
f 1047/233/1006 1049/234/1007 1046/231/1006
f 1046/231/1006 1051/235/1006 1048/232/1006
f 1053/236/1008 1049/234/1009 1050/237/1010
f 1052/238/1011 1051/235/1012 1049/234/1009
f 1096/236/1013 1052/238/1011 1053/236/1008
f 1054/238/1014 1055/239/1015 1052/238/1011
f 1055/239/1015 1058/240/1016 1056/240/1017
f 1051/235/1012 1056/240/1017 1087/241/1018
f 1059/242/1019 1058/240/1016 1057/239/1020
f 1062/243/1021 1057/239/1020 1054/238/1014
f 1060/244/1022 1061/245/1019 1059/242/1019
f 1064/246/1023 1059/242/1019 1062/243/1021
f 1065/247/1024 1062/243/1021 1063/248/1025
f 1063/248/1025 1054/238/1014 1096/236/1013
f 1067/249/1026 1064/246/1023 1065/247/1024
f 1066/250/1027 1060/244/1022 1064/246/1023
f 1034/251/1028 1066/250/1027 1067/249/1026
f 1037/252/1029 1068/253/1030 1066/250/1027
f 1069/254/997 1070/255/1031 1068/253/1030
f 1068/253/1030 1072/256/1032 1060/244/1022
f 1070/255/1031 1093/257/1033 1072/256/1032
f 1073/258/1034 1071/259/1035 1070/255/1031
f 1075/260/1036 1074/261/1037 1076/260/1038
f 1073/261/1034 1036/222/998 1074/261/1037
f 1078/262/1039 1075/263/1036 1076/263/1038
f 1083/264/1040 1076/260/1038 1074/261/1037
f 1080/265/1041 1076/263/1038 1077/266/1042
f 1079/267/1043 1071/262/1035 1078/262/1039
f 1081/268/1044 1078/262/1039 1080/265/1041
f 1082/269/1006 1081/270/1007 1080/271/1006
f 1083/264/1006 1080/271/1006 1077/272/1006
f 1042/225/1007 1084/273/1007 1082/269/1006
f 1039/226/1004 1082/269/1006 1083/264/1006
f 1045/229/1006 1085/274/1006 1084/273/1007
f 1084/273/1007 1086/275/1007 1081/270/1007
f 1048/232/1006 1087/241/1006 1085/274/1006
f 1085/274/1006 1088/276/1006 1086/275/1007
f 1087/241/1018 1089/277/1045 1088/276/1046
f 1089/277/1047 1086/278/1048 1088/276/1049
f 1091/277/1050 1090/279/1051 1089/277/1047
f 1056/240/1017 1091/277/1052 1089/277/1045
f 1061/245/1019 1091/277/1050 1058/240/1016
f 1092/279/1053 1079/267/1043 1090/279/1051
f 1072/256/1032 1092/280/1053 1061/245/1019
f 1090/279/1051 1081/268/1044 1086/278/1048
f 1039/226/999 1074/261/1037 1036/222/998
f 1033/221/995 1065/281/1024 1094/281/1054
f 1094/281/1054 1063/282/1025 1095/282/1055
f 1033/221/995 1044/283/1056 1041/219/992
f 1044/283/1056 1095/282/1055 1047/284/1057
f 1095/282/1055 1096/236/1013 1053/236/1008
f 1047/284/1057 1053/236/1008 1050/237/1010
f 1107/219/1058 1097/218/1059 1098/220/1060
f 1097/215/1059 1104/216/1061 1098/223/1060
f 1099/221/1062 1100/218/1063 1097/218/1059
f 1101/217/1064 1100/215/1065 1103/217/1066
f 1101/217/1064 1105/226/1067 1104/216/1061
f 1101/217/1064 1135/222/1068 1102/222/1069
f 1104/216/1070 1107/227/1071 1098/223/1072
f 1105/226/1073 1106/224/1074 1104/216/1070
f 1106/224/1074 1110/230/1075 1107/227/1071
f 1106/224/1074 1111/229/1076 1109/228/1076
f 1110/230/1075 1112/231/1076 1113/233/1076
f 1109/228/1076 1114/232/1076 1112/231/1076
f 1113/233/1076 1115/234/1076 1116/237/1076
f 1112/231/1076 1117/235/1076 1115/234/1076
f 1115/234/1077 1119/236/1078 1116/237/1079
f 1117/235/1080 1118/238/1081 1115/234/1077
f 1118/238/1081 1162/236/1082 1119/236/1078
f 1121/239/1083 1120/238/1084 1118/238/1081
f 1153/241/1085 1121/239/1083 1117/235/1080
f 1122/240/1086 1123/239/1087 1121/239/1083
f 1124/240/1088 1125/242/1089 1123/239/1087
f 1123/239/1087 1128/243/1090 1120/238/1084
f 1125/242/1089 1130/246/1091 1128/243/1090
f 1127/245/1092 1126/244/1090 1125/242/1089
f 1120/238/1084 1129/248/1093 1162/236/1082
f 1128/243/1090 1131/247/1094 1129/248/1093
f 1130/246/1091 1133/249/1095 1131/247/1094
f 1126/244/1090 1132/250/1096 1130/246/1091
f 1132/250/1096 1100/251/1097 1133/249/1095
f 1134/253/1098 1103/252/1066 1132/250/1096
f 1136/255/1099 1135/254/1068 1134/253/1098
f 1138/256/1100 1134/253/1098 1126/244/1090
f 1137/259/1101 1139/258/1102 1136/255/1099
f 1159/257/1103 1136/255/1099 1138/256/1100
f 1102/222/1069 1139/261/1102 1140/261/1104
f 1140/261/1104 1141/260/1105 1142/260/1106
f 1144/262/1107 1141/263/1105 1137/262/1101
f 1142/260/1106 1149/264/1108 1140/261/1104
f 1146/265/1109 1142/263/1106 1144/262/1107
f 1147/268/1110 1144/262/1107 1145/267/1111
f 1145/267/1111 1137/262/1101 1159/267/1103
f 1148/269/1076 1147/270/1076 1150/273/1076
f 1149/264/1112 1146/271/1076 1148/269/1076
f 1105/226/1073 1148/269/1076 1108/225/1076
f 1108/225/1076 1150/273/1076 1111/229/1076
f 1111/229/1076 1151/274/1076 1114/232/1076
f 1150/273/1076 1152/275/1076 1151/274/1076
f 1114/232/1076 1153/241/1076 1117/235/1076
f 1151/274/1076 1154/276/1076 1153/241/1076
f 1153/241/1085 1155/277/1113 1122/240/1086
f 1152/278/1114 1155/277/1115 1154/276/1116
f 1156/279/1117 1157/277/1118 1155/277/1115
f 1122/240/1086 1157/277/1119 1124/240/1088
f 1157/277/1118 1127/245/1092 1124/240/1088
f 1156/279/1117 1159/267/1103 1158/279/1120
f 1158/280/1120 1138/256/1100 1127/245/1092
f 1147/268/1110 1156/279/1117 1152/278/1114
f 1140/261/1104 1105/226/1067 1102/222/1069
f 1099/221/1062 1131/281/1094 1133/221/1095
f 1160/281/1121 1129/282/1093 1131/281/1094
f 1110/283/1122 1099/221/1062 1107/219/1058
f 1110/283/1122 1161/282/1123 1160/281/1121
f 1113/284/1124 1119/236/1078 1161/282/1123
f 1161/282/1123 1162/236/1082 1129/282/1093
f 1163/215/1125 1170/216/1126 1164/223/1127
f 1173/219/1128 1163/218/1125 1164/220/1127
f 1165/221/1129 1166/218/1130 1163/218/1125
f 1167/217/1131 1166/215/1130 1169/217/1132
f 1168/222/1133 1169/217/1132 1201/222/1134
f 1167/217/1131 1171/226/1135 1170/216/1126
f 1170/216/1136 1173/227/1136 1164/223/1136
f 1171/226/1136 1172/224/1136 1170/216/1136
f 1172/224/1136 1176/230/1136 1173/227/1136
f 1174/225/1136 1175/228/1136 1172/224/1136
f 1175/228/1136 1179/233/1136 1176/230/1136
f 1177/229/1136 1178/231/1136 1175/228/1136
f 1178/231/1136 1182/237/1136 1179/233/1136
f 1180/232/1136 1181/234/1136 1178/231/1136
f 1182/237/1137 1184/238/1138 1185/236/1139
f 1181/234/1140 1187/239/1141 1184/238/1138
f 1185/236/1139 1186/238/1142 1228/236/1143
f 1184/238/1138 1189/239/1144 1186/238/1142
f 1187/239/1141 1190/240/1145 1189/239/1144
f 1183/235/1146 1188/240/1147 1187/239/1141
f 1189/239/1144 1193/245/1148 1191/242/1149
f 1186/238/1142 1191/242/1149 1194/243/1150
f 1191/242/1149 1204/256/1151 1192/244/1152
f 1194/243/1150 1192/244/1152 1196/246/1148
f 1195/248/1153 1196/246/1148 1197/247/1154
f 1228/236/1143 1194/243/1150 1195/248/1153
f 1197/247/1154 1198/250/1155 1199/249/1156
f 1196/246/1148 1200/253/1157 1198/250/1155
f 1199/249/1156 1169/252/1132 1166/251/1130
f 1198/250/1155 1201/254/1134 1169/252/1132
f 1200/253/1157 1205/258/1158 1201/254/1134
f 1192/244/1152 1202/255/1155 1200/253/1157
f 1204/256/1151 1203/259/1159 1202/255/1155
f 1202/255/1155 1207/288/1160 1205/258/1158
f 1208/260/1161 1205/261/1158 1207/260/1160
f 1206/261/1162 1201/222/1134 1205/261/1158
f 1208/263/1161 1203/262/1159 1210/262/1163
f 1206/261/1162 1209/272/1164 1215/264/1165
f 1209/266/1166 1210/262/1163 1212/265/1167
f 1210/262/1163 1225/267/1168 1211/267/1169
f 1212/265/1167 1211/267/1169 1213/268/1170
f 1212/271/1136 1216/273/1136 1214/269/1136
f 1209/272/1136 1214/269/1136 1215/264/1136
f 1214/269/1136 1177/229/1136 1174/225/1136
f 1215/264/1136 1174/225/1136 1171/226/1136
f 1216/273/1136 1180/232/1136 1177/229/1136
f 1213/270/1136 1217/274/1136 1216/273/1136
f 1217/274/1136 1183/235/1136 1180/232/1136
f 1218/275/1136 1219/241/1136 1217/274/1136
f 1219/241/1171 1221/277/1172 1188/240/1147
f 1218/278/1173 1221/277/1172 1220/276/1174
f 1222/279/1175 1223/277/1176 1221/277/1172
f 1188/240/1147 1223/277/1176 1190/240/1145
f 1190/240/1145 1224/280/1177 1193/245/1148
f 1211/267/1169 1224/279/1177 1222/279/1175
f 1193/245/1148 1225/257/1168 1204/256/1151
f 1213/268/1170 1222/279/1175 1218/278/1173
f 1168/222/1133 1215/264/1165 1171/226/1135
f 1226/281/1178 1199/221/1156 1165/221/1129
f 1227/282/1179 1197/281/1154 1226/281/1178
f 1176/283/1180 1165/221/1129 1173/219/1128
f 1179/284/1181 1226/281/1178 1176/283/1180
f 1185/236/1139 1195/282/1153 1227/282/1179
f 1182/237/1182 1227/282/1179 1179/284/1181
f 1229/215/57 1236/216/58 1233/217/59
f 1229/218/60 1239/219/61 1230/220/62
f 1229/218/60 1265/221/63 1231/221/64
f 1233/217/59 1232/215/65 1229/215/57
f 1267/222/66 1233/217/59 1234/222/67
f 1236/216/58 1234/222/67 1233/217/59
f 1230/223/68 1238/224/1183 1236/216/1184
f 1236/216/1184 1240/225/71 1237/226/72
f 1239/227/73 1241/228/74 1238/224/1183
f 1238/224/1183 1243/229/75 1240/225/71
f 1242/230/76 1244/231/77 1241/228/74
f 1241/228/74 1246/232/78 1243/229/75
f 1245/233/79 1247/234/75 1244/231/77
f 1244/231/77 1249/235/78 1246/232/78
f 1251/236/80 1247/234/81 1248/237/82
f 1250/238/1185 1249/235/84 1247/234/81
f 1294/236/85 1250/238/1185 1251/236/80
f 1252/238/1186 1253/239/87 1250/238/1185
f 1255/239/88 1254/240/1187 1253/239/87
f 1253/239/87 1285/241/90 1249/235/84
f 1257/242/91 1256/240/1188 1255/239/88
f 1260/243/1189 1255/239/88 1252/238/1186
f 1258/244/94 1259/245/95 1257/242/91
f 1262/246/96 1257/242/91 1260/243/1189
f 1263/247/97 1260/243/1189 1261/248/98
f 1261/248/98 1252/238/1186 1294/236/85
f 1265/249/63 1262/246/96 1263/247/97
f 1264/250/99 1258/244/94 1262/246/96
f 1232/251/65 1264/250/99 1265/249/63
f 1235/252/100 1266/253/101 1264/250/99
f 1267/254/66 1268/255/102 1266/253/101
f 1266/253/101 1270/256/103 1258/244/94
f 1268/255/102 1291/257/1190 1270/256/103
f 1271/258/105 1269/259/106 1268/255/102
f 1273/260/107 1272/261/108 1274/260/109
f 1271/261/105 1234/222/67 1272/261/108
f 1276/262/110 1273/263/107 1274/263/109
f 1281/264/111 1274/260/109 1272/261/108
f 1278/265/112 1274/263/109 1275/266/113
f 1277/267/114 1269/262/106 1276/262/110
f 1279/268/115 1276/262/110 1278/265/112
f 1280/269/116 1279/270/75 1278/271/78
f 1281/264/117 1278/271/78 1275/272/78
f 1240/225/71 1282/273/78 1280/269/116
f 1237/226/72 1280/269/116 1281/264/117
f 1243/229/75 1283/274/78 1282/273/78
f 1282/273/78 1284/275/78 1279/270/75
f 1246/232/78 1285/241/78 1283/274/78
f 1283/274/78 1286/276/78 1284/275/78
f 1285/241/90 1287/277/118 1286/276/119
f 1287/277/120 1284/278/121 1286/276/122
f 1287/277/120 1290/279/123 1288/279/124
f 1254/240/1187 1289/277/125 1287/277/118
f 1259/245/95 1289/277/125 1256/240/1188
f 1288/279/124 1291/267/1190 1277/267/114
f 1270/256/103 1290/280/123 1259/245/95
f 1284/278/121 1277/267/114 1279/268/115
f 1237/226/126 1272/261/108 1234/222/67
f 1231/221/64 1263/281/97 1292/281/127
f 1292/281/127 1261/282/98 1293/282/128
f 1239/219/61 1292/281/127 1242/283/129
f 1242/283/129 1293/282/128 1245/284/1191
f 1293/282/128 1294/236/85 1251/236/80
f 1245/284/1191 1251/236/80 1248/237/82
f 1299/217/587 1296/223/588 1295/215/589
f 1296/220/590 1297/221/591 1295/218/592
f 1295/218/592 1331/221/593 1298/218/594
f 1295/215/589 1301/217/595 1299/217/587
f 1299/217/587 1333/222/1192 1300/222/597
f 1300/222/597 1302/216/1193 1299/217/587
f 1296/223/599 1304/224/599 1305/227/599
f 1302/216/599 1306/225/599 1304/224/599
f 1305/227/599 1307/228/599 1308/230/599
f 1304/224/599 1309/229/599 1307/228/599
f 1308/230/599 1310/231/599 1311/233/599
f 1307/228/599 1312/232/599 1310/231/599
f 1311/233/599 1313/234/600 1314/237/600
f 1310/231/599 1315/235/599 1313/234/600
f 1313/234/601 1317/236/602 1314/237/603
f 1315/235/604 1316/238/1194 1313/234/601
f 1316/238/1194 1360/236/606 1317/236/602
f 1319/239/1195 1318/238/1196 1316/238/1194
f 1320/240/609 1321/239/1197 1319/239/1195
f 1351/241/611 1319/239/1195 1315/235/604
f 1322/240/1198 1323/242/613 1321/239/1197
f 1321/239/1197 1326/243/1199 1318/238/1196
f 1325/245/1200 1324/244/1199 1323/242/613
f 1323/242/613 1328/246/1201 1326/243/1199
f 1326/243/1199 1329/247/616 1327/248/1202
f 1318/238/1196 1327/248/1202 1360/236/606
f 1328/246/1201 1331/249/593 1329/247/616
f 1324/244/1199 1330/250/1203 1328/246/1201
f 1330/250/1203 1298/251/594 1331/249/593
f 1332/253/1204 1301/252/595 1330/250/1203
f 1334/255/1205 1333/254/1192 1332/253/1204
f 1336/256/613 1332/253/1204 1324/244/1199
f 1357/257/1206 1334/255/1205 1336/256/613
f 1335/259/621 1337/258/622 1334/255/1205
f 1338/261/623 1339/260/1207 1340/260/625
f 1300/222/597 1337/261/622 1338/261/623
f 1342/262/1208 1339/263/1207 1335/262/621
f 1340/260/625 1347/264/1209 1338/261/623
f 1344/265/1210 1340/263/625 1342/262/1208
f 1343/267/629 1335/262/621 1357/267/1206
f 1345/268/630 1342/262/1208 1343/267/629
f 1346/269/599 1345/270/599 1348/273/599
f 1347/264/599 1344/271/599 1346/269/599
f 1306/225/599 1348/273/599 1309/229/599
f 1303/226/599 1346/269/599 1306/225/599
f 1309/229/599 1349/274/599 1312/232/599
f 1348/273/599 1350/275/599 1349/274/599
f 1312/232/599 1351/241/599 1315/235/599
f 1349/274/599 1352/276/599 1351/241/599
f 1352/276/631 1320/240/609 1351/241/611
f 1352/276/632 1354/279/633 1353/277/634
f 1353/277/634 1356/279/1211 1355/277/636
f 1353/277/634 1322/240/1198 1320/240/609
f 1355/277/636 1325/245/1200 1322/240/1198
f 1354/279/633 1357/267/1206 1356/279/1211
f 1356/280/1211 1336/256/613 1325/245/1200
f 1350/278/637 1343/267/629 1354/279/633
f 1338/261/623 1303/226/638 1300/222/597
f 1297/221/591 1329/281/616 1331/221/593
f 1358/281/639 1327/282/1202 1329/281/616
f 1305/219/640 1358/281/639 1297/221/591
f 1308/283/641 1359/282/1212 1358/281/639
f 1359/282/1212 1360/236/606 1327/282/1202
f 1311/284/643 1317/236/602 1359/282/1212
f 1361/215/517 1368/216/518 1362/223/519
f 1371/219/520 1361/218/521 1362/220/1213
f 1361/218/521 1397/221/1214 1364/218/524
f 1365/217/525 1364/215/524 1367/217/526
f 1365/217/525 1399/222/527 1366/222/528
f 1366/222/528 1368/216/518 1365/217/525
f 1362/223/1215 1370/224/1216 1371/227/1217
f 1368/216/532 1372/225/1218 1370/224/1216
f 1371/227/1217 1373/228/1219 1374/230/535
f 1370/224/1216 1375/229/536 1373/228/1219
f 1374/230/535 1376/231/537 1377/233/538
f 1373/228/1219 1378/232/536 1376/231/537
f 1377/233/538 1379/234/536 1380/237/536
f 1376/231/537 1381/235/536 1379/234/536
f 1379/234/539 1383/236/540 1380/237/541
f 1381/235/542 1382/238/543 1379/234/539
f 1382/238/543 1426/236/544 1383/236/540
f 1385/239/545 1384/238/546 1382/238/543
f 1386/240/547 1387/239/548 1385/239/545
f 1417/241/549 1385/239/545 1381/235/542
f 1388/240/550 1389/242/551 1387/239/548
f 1387/239/548 1392/243/552 1384/238/546
f 1391/245/1220 1390/244/1221 1389/242/551
f 1389/242/551 1394/246/552 1392/243/552
f 1392/243/552 1395/247/556 1393/248/1222
f 1384/238/546 1393/248/1222 1426/236/544
f 1394/246/552 1397/249/1214 1395/247/556
f 1390/244/1221 1396/250/1223 1394/246/552
f 1396/250/1223 1364/251/524 1397/249/1214
f 1398/253/1224 1367/252/526 1396/250/1223
f 1400/255/555 1399/254/527 1398/253/1224
f 1402/256/555 1398/253/1224 1390/244/1221
f 1423/257/560 1400/255/555 1402/256/555
f 1401/259/1225 1403/258/1226 1400/255/555
f 1404/261/563 1405/260/564 1406/260/565
f 1366/222/528 1403/261/1226 1404/261/563
f 1408/262/566 1405/263/564 1401/262/1225
f 1406/260/565 1413/264/567 1404/261/563
f 1410/265/568 1406/263/565 1408/262/566
f 1409/267/569 1401/262/1225 1423/267/560
f 1411/268/570 1408/262/566 1409/267/569
f 1412/269/571 1411/270/1227 1414/273/536
f 1413/264/572 1410/271/536 1412/269/571
f 1372/225/1218 1414/273/536 1375/229/536
f 1369/226/573 1412/269/571 1372/225/1218
f 1375/229/536 1415/274/536 1378/232/536
f 1414/273/536 1416/275/536 1415/274/536
f 1378/232/536 1417/241/536 1381/235/536
f 1415/274/536 1418/276/536 1417/241/536
f 1417/241/549 1419/277/574 1386/240/547
f 1416/278/575 1419/277/576 1418/276/577
f 1419/277/576 1422/279/1228 1421/277/1229
f 1386/240/547 1421/277/1229 1388/240/550
f 1421/277/1229 1391/245/1220 1388/240/550
f 1420/279/580 1423/267/560 1422/279/1228
f 1422/280/1228 1402/256/555 1391/245/1220
f 1416/278/575 1409/267/569 1420/279/580
f 1404/261/563 1369/226/581 1366/222/528
f 1363/221/582 1395/281/556 1397/221/1214
f 1424/281/583 1393/282/1222 1395/281/556
f 1371/219/520 1424/281/583 1363/221/582
f 1374/283/584 1425/282/585 1424/281/583
f 1425/282/585 1426/236/544 1393/282/1222
f 1377/284/586 1383/236/540 1425/282/585
f 1428/285/644 1430/286/644 1431/291/644
f 1457/287/645 1427/288/1230 1428/380/647
f 1433/290/649 1427/263/1231 1429/267/649
f 1449/285/644 1430/286/644 1432/260/644
f 1434/267/649 1430/289/648 1433/290/649
f 1438/279/653 1433/290/649 1435/292/653
f 1433/290/649 1437/279/653 1435/292/653
f 1439/277/653 1435/292/653 1436/293/653
f 1435/292/653 1581/277/653 1436/293/653
f 1440/294/654 1434/257/1232 1438/280/656
f 1442/295/657 1438/280/656 1439/277/658
f 1443/296/659 1441/287/660 1440/294/654
f 1445/298/1233 1440/294/1234 1442/295/1235
f 1444/299/1236 1446/297/665 1443/296/659
f 1468/301/666 1443/296/659 1445/298/1237
f 1448/302/668 1441/287/660 1446/297/665
f 1450/303/669 1446/297/665 1447/300/670
f 1448/304/1238 1431/291/671 1449/285/671
f 1450/306/672 1451/305/1239 1448/304/1239
f 1454/306/672 1451/305/1239 1452/307/674
f 1453/304/1240 1431/291/671 1451/305/671
f 1457/287/645 1453/302/675 1455/297/676
f 1455/297/676 1454/303/677 1456/300/678
f 1459/299/1241 1455/297/676 1456/300/678
f 1458/296/680 1457/287/645 1455/297/676
f 1462/301/681 1458/296/680 1459/299/1241
f 1461/298/1242 1460/294/683 1458/296/680
f 1464/308/1243 1462/301/685 1465/309/686
f 1466/310/687 1461/298/687 1464/308/687
f 1468/301/685 1464/308/1243 1465/309/686
f 1445/298/687 1466/310/687 1464/308/687
f 1436/293/691 1463/295/1244 1466/310/1245
f 1442/295/1245 1436/293/691 1466/310/1245
f 1465/309/686 1537/311/692 1467/312/693
f 1469/311/1246 1465/309/686 1467/312/693
f 1469/311/695 1444/299/1236 1468/301/666
f 1470/240/696 1471/313/697 1469/311/695
f 1470/240/698 1467/312/693 1571/315/1247
f 1471/313/697 1447/300/670 1444/299/1236
f 1473/314/700 1472/316/701 1471/313/697
f 1475/317/702 1474/256/703 1473/314/700
f 1477/319/704 1473/314/700 1470/240/696
f 1478/320/3 1476/318/705 1475/317/702
f 1480/322/3 1475/317/702 1477/319/704
f 1481/323/3 1479/321/3 1478/320/3
f 1483/325/3 1478/320/3 1480/322/3
f 1484/326/3 1482/324/3 1481/323/3
f 1486/328/3 1481/323/3 1483/325/3
f 1487/329/3 1485/327/3 1484/326/3
f 1489/331/3 1484/326/3 1486/328/3
f 1491/244/706 1487/329/3 1490/242/707
f 1490/242/707 1489/331/3 1492/239/708
f 1494/332/709 1490/242/707 1493/333/710
f 1493/333/710 1492/239/708 1495/334/711
f 1497/335/1248 1493/333/710 1496/336/713
f 1496/336/713 1495/334/711 1498/337/714
f 1500/338/715 1496/336/713 1499/339/716
f 1499/339/716 1498/337/714 1501/340/717
f 1502/341/1249 1500/341/1250 1499/341/1251
f 1504/341/1252 1499/341/1251 1501/341/1253
f 1502/341/1249 1506/341/1254 1503/341/1255
f 1504/341/1252 1505/341/720 1502/341/1249
f 1508/336/725 1506/338/726 1505/339/727
f 1510/337/728 1505/339/727 1507/340/729
f 1511/333/1256 1509/335/1257 1508/336/725
f 1513/334/732 1508/336/725 1510/337/728
f 1514/242/1258 1512/332/1259 1511/333/1256
f 1516/239/735 1511/333/1256 1513/334/732
f 1517/329/6 1515/244/736 1514/242/1258
f 1519/331/6 1514/242/1258 1516/239/735
f 1517/329/6 1521/327/6 1518/330/6
f 1519/331/6 1520/326/6 1517/329/6
f 1520/326/6 1524/324/6 1521/327/6
f 1522/328/6 1523/323/6 1520/326/6
f 1523/323/6 1527/321/6 1524/324/6
f 1525/325/6 1526/320/6 1523/323/6
f 1526/320/6 1530/318/737 1527/321/6
f 1528/322/6 1529/317/1260 1526/320/6
f 1529/317/1260 1533/256/739 1530/318/737
f 1531/319/740 1532/245/741 1529/317/1260
f 1532/245/741 1536/316/742 1533/256/739
f 1534/240/743 1535/313/1261 1532/245/741
f 1535/313/1261 1456/300/678 1536/316/742
f 1537/311/1262 1459/299/1241 1535/313/1261
f 1467/312/693 1534/240/698 1571/315/1247
f 1533/256/739 1538/342/1263 1539/258/747
f 1536/316/742 1454/303/677 1538/342/1263
f 1538/343/748 1452/307/674 1540/344/749
f 1539/261/752 1540/344/749 1541/345/751
f 1542/343/748 1452/307/674 1450/306/672
f 1543/261/752 1540/344/749 1542/343/748
f 1472/316/701 1450/303/669 1447/300/670
f 1474/256/703 1542/342/753 1472/316/701
f 1476/318/705 1543/258/754 1474/256/703
f 1546/347/1264 1543/261/752 1544/348/756
f 1545/349/3 1476/318/705 1479/321/3
f 1545/351/757 1546/347/1264 1544/348/756
f 1547/348/755 1541/345/751 1546/347/1264
f 1549/351/757 1546/347/1264 1548/350/1265
f 1549/351/757 1550/353/1266 1551/352/761
f 1550/353/1266 1545/351/757 1553/352/1267
f 1551/352/761 1552/355/1268 1570/354/1268
f 1552/355/1268 1553/352/1267 1554/354/1268
f 1553/356/3 1479/321/3 1482/324/3
f 1554/357/3 1482/324/3 1485/327/3
f 1488/330/3 1554/357/3 1485/327/3
f 1557/360/764 1554/354/1268 1555/359/764
f 1491/244/706 1555/358/3 1488/330/3
f 1559/361/1269 1555/359/764 1556/222/1270
f 1558/359/1271 1559/361/1269 1560/222/1270
f 1570/354/1268 1557/360/764 1558/359/1271
f 1562/362/1272 1559/361/1269 1561/363/1273
f 1564/362/1274 1559/361/1269 1556/222/1270
f 1569/364/772 1561/363/1273 1563/365/773
f 1565/364/1275 1561/363/1273 1564/362/1274
f 1564/366/1276 1491/244/706 1494/332/709
f 1565/367/776 1494/332/709 1497/335/1248
f 1566/368/1277 1563/365/773 1565/364/1275
f 1566/370/778 1497/335/1248 1500/338/715
f 1503/341/1255 1566/341/1278 1500/341/1250
f 1568/368/1279 1563/365/773 1567/369/781
f 1503/341/1255 1568/341/1280 1567/341/1281
f 1509/335/1257 1568/370/1282 1506/338/726
f 1512/332/1259 1569/367/785 1509/335/1257
f 1515/244/736 1562/366/1283 1512/332/1259
f 1515/244/736 1558/358/6 1560/254/787
f 1518/330/6 1570/357/6 1558/358/6
f 1524/324/6 1570/357/6 1521/327/6
f 1527/321/6 1551/356/6 1524/324/6
f 1530/318/737 1549/349/6 1527/321/6
f 1530/318/737 1539/258/747 1547/346/6
f 1572/371/788 1534/240/698 1531/319/1284
f 1572/371/788 1470/240/698 1571/315/1247
f 1573/372/1285 1531/319/1284 1528/322/1286
f 1573/372/1285 1477/319/1287 1572/371/788
f 1574/373/1288 1528/322/1286 1525/325/794
f 1574/373/1288 1480/322/1289 1573/372/1285
f 1574/373/1290 1522/328/797 1575/374/797
f 1486/328/797 1574/373/1290 1575/374/797
f 1576/375/800 1522/328/797 1519/331/800
f 1576/375/800 1486/328/797 1575/374/797
f 1576/375/800 1516/239/1291 1577/376/802
f 1577/376/802 1489/331/1292 1576/375/800
f 1577/376/802 1513/334/805 1578/377/806
f 1495/334/807 1577/376/802 1578/377/806
f 1578/377/806 1510/337/808 1579/378/809
f 1498/337/810 1578/377/806 1579/378/809
f 1579/378/809 1507/340/1293 1580/379/1294
f 1501/340/1295 1579/378/809 1580/379/1294
f 1504/341/1252 1580/341/720 1507/341/1296
f 1504/341/1252 1501/341/1253 1580/341/720
f 1463/295/814 1437/280/815 1460/294/683
f 1460/294/683 1429/257/816 1457/287/645
f 1441/287/660 1432/288/817 1434/257/1232
f 1583/285/818 1585/286/818 1582/260/818
f 1612/287/819 1582/288/1297 1584/257/821
f 1584/267/824 1585/289/823 1588/290/824
f 1604/285/818 1585/286/818 1586/291/818
f 1585/289/823 1589/267/1298 1588/290/824
f 1588/290/824 1593/279/826 1590/292/826
f 1590/292/826 1584/267/824 1588/290/824
f 1590/292/826 1594/277/826 1591/293/826
f 1736/277/1299 1590/292/826 1591/293/826
f 1595/294/1300 1589/257/828 1596/287/829
f 1597/295/830 1593/280/831 1595/294/1300
f 1598/296/832 1596/287/829 1601/297/665
f 1600/298/1301 1595/294/1302 1598/296/1303
f 1599/299/1304 1601/297/665 1602/300/837
f 1623/301/838 1598/296/832 1599/299/1304
f 1596/287/829 1603/302/839 1601/297/665
f 1601/297/665 1605/303/840 1602/300/837
f 1603/304/841 1586/291/841 1606/305/841
f 1605/306/842 1606/305/843 1607/307/844
f 1609/306/842 1606/305/843 1608/304/843
f 1608/304/841 1586/291/841 1583/285/841
f 1608/302/845 1612/287/819 1610/297/676
f 1609/303/846 1610/297/676 1611/300/847
f 1614/299/848 1610/297/676 1613/296/849
f 1613/296/849 1612/287/819 1615/294/850
f 1617/301/851 1613/296/849 1616/298/1305
f 1616/298/1305 1615/294/850 1618/295/853
f 1617/301/854 1619/308/1306 1620/309/856
f 1616/298/1307 1621/310/1307 1619/308/1307
f 1619/308/1306 1623/301/854 1620/309/856
f 1621/310/1307 1600/298/1307 1619/308/1307
f 1618/295/861 1591/293/861 1621/310/861
f 1591/293/861 1597/295/861 1621/310/861
f 1692/311/862 1620/309/856 1622/312/863
f 1620/309/856 1624/311/864 1622/312/863
f 1624/311/1308 1599/299/1304 1626/313/866
f 1625/240/867 1626/313/866 1628/314/868
f 1622/312/863 1625/240/869 1726/315/870
f 1626/313/866 1602/300/837 1627/316/871
f 1628/314/868 1627/316/871 1629/256/872
f 1630/317/873 1629/256/872 1631/318/874
f 1632/319/875 1628/314/868 1630/317/873
f 1633/320/3 1631/318/874 1634/321/3
f 1635/322/3 1630/317/873 1633/320/3
f 1636/323/3 1634/321/3 1637/324/3
f 1638/325/3 1633/320/3 1636/323/3
f 1639/326/3 1637/324/3 1640/327/3
f 1641/328/3 1636/323/3 1639/326/3
f 1642/329/3 1640/327/3 1643/330/3
f 1644/331/3 1639/326/3 1642/329/3
f 1642/329/3 1646/244/876 1645/242/877
f 1644/331/3 1645/242/877 1647/239/878
f 1645/242/877 1649/332/879 1648/333/1309
f 1647/239/878 1648/333/1309 1650/334/881
f 1648/333/1309 1652/335/1310 1651/336/883
f 1650/334/881 1651/336/883 1653/337/884
f 1651/336/883 1655/338/885 1654/339/1311
f 1653/337/884 1654/339/1311 1656/340/887
f 1657/341/1312 1655/341/1313 1658/341/1314
f 1659/341/892 1654/341/1315 1657/341/1312
f 1657/341/1312 1661/341/1316 1660/341/1317
f 1659/341/892 1660/341/1317 1662/341/1318
f 1661/338/896 1663/336/897 1660/339/1319
f 1660/339/1319 1665/337/899 1662/340/900
f 1664/335/1320 1666/333/1321 1663/336/897
f 1663/336/897 1668/334/903 1665/337/899
f 1667/332/1322 1669/242/905 1666/333/1321
f 1666/333/1321 1671/239/906 1668/334/903
f 1670/244/907 1672/329/6 1669/242/905
f 1669/242/905 1674/331/6 1671/239/906
f 1672/329/6 1676/327/6 1675/326/6
f 1674/331/6 1675/326/6 1677/328/6
f 1675/326/6 1679/324/6 1678/323/6
f 1677/328/6 1678/323/6 1680/325/6
f 1678/323/6 1682/321/6 1681/320/6
f 1680/325/6 1681/320/6 1683/322/6
f 1681/320/6 1685/318/908 1684/317/909
f 1683/322/6 1684/317/909 1686/319/910
f 1684/317/909 1688/256/911 1687/245/1323
f 1686/319/910 1687/245/1323 1689/240/913
f 1687/245/1323 1691/316/914 1690/313/1324
f 1689/240/913 1690/313/1324 1692/311/1325
f 1690/313/1324 1611/300/847 1614/299/848
f 1692/311/1325 1614/299/848 1617/301/851
f 1689/240/869 1622/312/863 1726/315/870
f 1688/256/911 1693/342/1326 1691/316/914
f 1691/316/914 1609/303/846 1611/300/847
f 1693/343/918 1607/307/844 1609/306/842
f 1694/261/1327 1695/344/920 1693/343/918
f 1697/343/918 1607/307/844 1695/344/920
f 1698/261/919 1695/344/920 1696/345/921
f 1627/316/871 1605/303/840 1697/342/922
f 1629/256/872 1697/342/922 1698/258/923
f 1631/318/874 1698/258/923 1699/346/3
f 1698/261/919 1701/347/1328 1699/348/1328
f 1631/318/874 1700/349/3 1634/321/3
f 1699/348/1328 1703/350/925 1700/351/1329
f 1701/347/1328 1694/261/1327 1702/348/1330
f 1703/350/925 1702/348/1330 1704/351/925
f 1705/353/929 1704/351/925 1706/352/929
f 1708/352/928 1703/350/925 1705/353/929
f 1707/355/932 1706/352/929 1725/354/1331
f 1708/352/928 1707/355/932 1709/354/1332
f 1634/321/3 1708/356/3 1637/324/3
f 1637/324/3 1709/357/3 1640/327/3
f 1643/330/3 1709/357/3 1710/358/3
f 1709/354/1332 1712/360/940 1710/359/1333
f 1646/244/876 1710/358/3 1711/254/1334
f 1711/222/1335 1712/360/940 1714/361/937
f 1715/222/1335 1712/360/940 1713/359/935
f 1713/359/935 1707/355/932 1725/354/1331
f 1717/362/1336 1714/361/937 1715/222/1335
f 1719/362/942 1714/361/937 1716/363/943
f 1724/364/1337 1716/363/943 1717/362/1336
f 1720/364/945 1716/363/943 1718/365/1338
f 1646/244/876 1719/366/1339 1649/332/879
f 1649/332/879 1720/367/948 1652/335/1310
f 1721/368/1340 1718/365/1338 1722/369/1341
f 1652/335/1310 1721/370/951 1655/338/885
f 1658/341/1314 1721/341/1342 1722/341/1343
f 1723/368/1344 1718/365/1338 1724/364/1337
f 1658/341/1314 1723/341/1345 1661/341/1316
f 1723/370/1346 1664/335/1320 1661/338/896
f 1724/367/1347 1667/332/1322 1664/335/1320
f 1717/366/958 1670/244/907 1667/332/1322
f 1670/244/907 1713/358/6 1673/330/6
f 1673/330/6 1725/357/6 1676/327/6
f 1725/357/6 1679/324/6 1676/327/6
f 1706/356/6 1682/321/6 1679/324/6
f 1704/349/6 1685/318/908 1682/321/6
f 1685/318/908 1694/258/959 1688/256/911
f 1727/371/960 1689/240/869 1726/315/870
f 1727/371/960 1625/240/869 1632/319/961
f 1728/372/1348 1686/319/1349 1727/371/960
f 1728/372/1348 1632/319/961 1635/322/1350
f 1729/373/1351 1683/322/966 1728/372/1348
f 1729/373/1351 1635/322/1350 1638/325/1352
f 1677/328/968 1729/373/969 1730/374/968
f 1729/373/969 1641/328/968 1730/374/968
f 1731/375/970 1677/328/968 1730/374/968
f 1731/375/970 1641/328/968 1644/331/971
f 1732/376/972 1674/331/971 1731/375/970
f 1732/376/972 1644/331/971 1647/239/973
f 1668/334/1353 1732/376/972 1733/377/975
f 1732/376/972 1650/334/1354 1733/377/975
f 1665/337/977 1733/377/975 1734/378/978
f 1733/377/975 1653/337/1355 1734/378/978
f 1662/340/1356 1734/378/978 1735/379/1357
f 1734/378/978 1656/340/1358 1735/379/1357
f 1659/341/892 1662/341/1318 1735/341/1359
f 1659/341/892 1735/341/1359 1656/341/1360
f 1618/295/853 1592/280/985 1736/277/1361
f 1615/294/850 1584/257/821 1592/280/985
f 1596/287/829 1587/288/987 1604/380/988
f 1738/223/134 1741/217/135 1737/215/136
f 1738/220/131 1739/221/132 1747/219/133
f 1737/218/137 1773/221/1362 1739/221/132
f 1743/217/139 1737/215/136 1741/217/135
f 1775/222/142 1741/217/135 1742/222/141
f 1744/216/1363 1742/222/141 1741/217/135
f 1738/223/143 1746/224/143 1744/216/143
f 1744/216/143 1748/225/143 1745/226/143
f 1747/227/143 1749/228/143 1746/224/143
f 1746/224/143 1751/229/143 1748/225/143
f 1750/230/143 1752/231/143 1749/228/143
f 1749/228/143 1754/232/143 1751/229/143
f 1753/233/143 1755/234/143 1752/231/143
f 1752/231/143 1757/235/1364 1754/232/143
f 1759/236/144 1755/234/145 1756/237/146
f 1758/238/147 1757/235/148 1755/234/145
f 1802/236/1365 1758/238/147 1759/236/144
f 1760/238/150 1761/239/151 1758/238/147
f 1763/239/153 1762/240/1366 1761/239/151
f 1761/239/151 1793/241/152 1757/235/148
f 1765/242/155 1764/240/156 1763/239/153
f 1768/243/157 1763/239/153 1760/238/150
f 1766/244/162 1767/245/159 1765/242/155
f 1770/246/1367 1765/242/155 1768/243/157
f 1771/247/161 1768/243/157 1769/248/160
f 1769/248/160 1760/238/150 1802/236/1365
f 1773/249/1362 1770/246/1367 1771/247/161
f 1772/250/162 1766/244/162 1770/246/1367
f 1740/251/163 1772/250/162 1773/249/1362
f 1743/252/139 1774/253/157 1772/250/162
f 1775/254/142 1776/255/155 1774/253/157
f 1774/253/157 1778/256/1368 1766/244/162
f 1776/255/155 1799/257/167 1778/256/1368
f 1779/258/165 1777/259/166 1776/255/155
f 1781/260/169 1780/261/168 1782/260/170
f 1779/261/165 1742/222/141 1780/261/168
f 1784/262/171 1781/263/169 1782/263/170
f 1789/264/172 1782/260/170 1780/261/168
f 1786/265/173 1782/263/170 1783/266/174
f 1785/267/176 1777/262/166 1784/262/171
f 1787/268/175 1784/262/171 1786/265/173
f 1788/269/143 1787/270/177 1786/271/143
f 1789/264/143 1786/271/143 1783/272/143
f 1748/225/143 1790/273/143 1788/269/143
f 1745/226/143 1788/269/143 1789/264/143
f 1751/229/143 1791/274/143 1790/273/143
f 1790/273/143 1792/275/143 1787/270/177
f 1754/232/143 1793/241/143 1791/274/143
f 1791/274/143 1794/276/143 1792/275/143
f 1762/240/1366 1794/276/1369 1793/241/152
f 1794/276/179 1796/279/180 1792/278/181
f 1795/277/182 1798/279/1370 1796/279/180
f 1764/240/156 1795/277/182 1762/240/1366
f 1767/245/159 1797/277/184 1764/240/156
f 1796/279/180 1799/267/167 1785/267/176
f 1778/256/1368 1798/280/1370 1767/245/159
f 1792/278/181 1785/267/176 1787/268/175
f 1745/226/185 1780/261/168 1742/222/141
f 1739/221/132 1771/281/161 1800/281/186
f 1800/281/186 1769/282/160 1801/282/187
f 1747/219/133 1800/281/186 1750/283/188
f 1750/283/188 1801/282/187 1753/284/189
f 1801/282/187 1802/236/1365 1759/236/144
f 1753/284/189 1759/236/144 1756/237/146
f 1804/285/190 1806/286/190 1803/260/190
f 1833/287/1371 1803/288/192 1805/257/193
f 1805/267/194 1806/289/195 1809/290/194
f 1825/285/190 1806/286/190 1807/291/190
f 1806/289/195 1810/267/194 1809/290/194
f 1809/290/194 1814/279/1372 1811/292/1372
f 1813/279/1372 1809/290/194 1811/292/1372
f 1811/292/1372 1815/277/1372 1812/293/1372
f 1812/293/1372 1813/279/1372 1811/292/1372
f 1816/294/1373 1810/257/1374 1817/287/199
f 1818/295/200 1814/280/201 1816/294/1373
f 1819/296/202 1817/287/199 1822/297/203
f 1821/298/1375 1816/294/1376 1819/296/1377
f 1820/299/1378 1822/297/203 1823/300/208
f 1844/301/209 1819/296/202 1820/299/1378
f 1817/287/199 1824/302/1379 1822/297/203
f 1822/297/203 1826/303/211 1823/300/208
f 1824/304/212 1807/291/212 1827/305/212
f 1826/306/213 1827/305/214 1828/307/215
f 1830/306/213 1827/305/214 1829/304/214
f 1829/304/212 1807/291/212 1804/285/1380
f 1829/302/216 1833/287/1371 1831/297/217
f 1830/303/218 1831/297/217 1832/300/219
f 1835/299/1381 1831/297/217 1834/296/221
f 1834/296/221 1833/287/1371 1836/294/222
f 1838/301/223 1834/296/221 1837/298/1382
f 1837/298/1382 1836/294/222 1839/295/225
f 1838/301/226 1840/308/227 1841/309/228
f 1837/298/1383 1842/310/1383 1840/308/1383
f 1840/308/227 1844/301/226 1841/309/228
f 1842/310/1383 1821/298/1383 1840/308/1383
f 1839/295/230 1812/293/230 1842/310/230
f 1812/293/230 1818/295/230 1842/310/230
f 1913/311/231 1841/309/228 1843/312/232
f 1841/309/228 1845/311/233 1843/312/232
f 1845/311/1384 1820/299/1378 1847/313/235
f 1846/240/236 1847/313/235 1849/314/237
f 1843/312/232 1846/240/238 1947/315/239
f 1847/313/235 1823/300/208 1848/316/240
f 1849/314/237 1848/316/240 1850/256/241
f 1851/317/242 1850/256/241 1852/318/243
f 1853/319/244 1849/314/237 1851/317/242
f 1854/320/3 1852/318/243 1855/321/3
f 1856/322/3 1851/317/242 1854/320/3
f 1857/323/3 1855/321/3 1858/324/3
f 1859/325/3 1854/320/3 1857/323/3
f 1860/326/3 1858/324/3 1861/327/3
f 1862/328/3 1857/323/3 1860/326/3
f 1863/329/3 1861/327/3 1864/330/3
f 1865/331/3 1860/326/3 1863/329/3
f 1863/329/3 1867/244/245 1866/242/246
f 1865/331/3 1866/242/246 1868/239/247
f 1866/242/246 1870/332/1385 1869/333/1386
f 1868/239/247 1869/333/1386 1871/334/250
f 1869/333/1386 1873/335/1387 1872/336/252
f 1871/334/250 1872/336/252 1874/337/253
f 1872/336/252 1876/338/254 1875/339/255
f 1874/337/253 1875/339/255 1877/340/256
f 1878/341/257 1876/341/1388 1879/341/259
f 1880/341/347 1875/341/1389 1878/341/257
f 1878/341/257 1882/341/1390 1881/341/1391
f 1880/341/347 1881/341/1391 1883/341/1392
f 1882/338/265 1884/336/266 1881/339/1393
f 1881/339/1393 1886/337/268 1883/340/269
f 1885/335/270 1887/333/271 1884/336/266
f 1884/336/266 1889/334/272 1886/337/268
f 1888/332/1394 1890/242/274 1887/333/271
f 1887/333/271 1892/239/275 1889/334/272
f 1891/244/276 1893/329/6 1890/242/274
f 1890/242/274 1895/331/6 1892/239/275
f 1893/329/6 1897/327/6 1896/326/6
f 1895/331/6 1896/326/6 1898/328/6
f 1896/326/6 1900/324/6 1899/323/6
f 1898/328/6 1899/323/6 1901/325/6
f 1899/323/6 1903/321/6 1902/320/6
f 1901/325/6 1902/320/6 1904/322/6
f 1902/320/6 1906/318/277 1905/317/278
f 1904/322/6 1905/317/278 1907/319/279
f 1905/317/278 1909/256/280 1908/245/281
f 1907/319/279 1908/245/281 1910/240/282
f 1908/245/281 1912/316/283 1911/313/1395
f 1910/240/282 1911/313/1395 1913/311/285
f 1911/313/1395 1832/300/219 1835/299/1381
f 1913/311/285 1835/299/1381 1838/301/223
f 1910/240/238 1843/312/232 1947/315/239
f 1909/256/280 1914/342/1396 1912/316/283
f 1912/316/283 1830/303/218 1832/300/219
f 1914/343/287 1828/307/215 1830/306/213
f 1915/261/1397 1916/344/289 1914/343/287
f 1918/343/287 1828/307/215 1916/344/289
f 1919/261/288 1916/344/289 1917/345/291
f 1848/316/240 1826/303/211 1918/342/292
f 1850/256/241 1918/342/292 1919/258/293
f 1852/318/243 1919/258/293 1920/346/3
f 1919/261/288 1922/347/294 1920/348/294
f 1852/318/243 1921/349/3 1855/321/3
f 1920/348/294 1924/350/297 1921/351/1398
f 1922/347/294 1915/261/1397 1923/348/294
f 1924/350/297 1923/348/294 1925/351/1398
f 1926/353/299 1925/351/1398 1927/352/298
f 1921/351/1398 1926/353/299 1929/352/298
f 1928/355/300 1927/352/298 1946/354/300
f 1930/354/300 1926/353/299 1928/355/300
f 1855/321/3 1929/356/3 1858/324/3
f 1858/324/3 1930/357/3 1861/327/3
f 1864/330/3 1930/357/3 1931/358/3
f 1931/359/1399 1928/355/300 1933/360/301
f 1867/244/245 1931/358/3 1932/254/1400
f 1931/359/1399 1935/361/1401 1932/222/303
f 1936/222/303 1933/360/301 1934/359/301
f 1933/360/301 1946/354/300 1934/359/301
f 1938/362/1402 1935/361/1401 1936/222/303
f 1940/362/306 1935/361/1401 1937/363/1403
f 1945/364/308 1937/363/1403 1938/362/1402
f 1941/364/309 1937/363/1403 1939/365/310
f 1867/244/245 1940/366/1404 1870/332/1385
f 1870/332/1385 1941/367/312 1873/335/1387
f 1942/368/1405 1939/365/310 1943/369/314
f 1873/335/1387 1942/370/1406 1876/338/254
f 1879/341/259 1942/341/316 1943/341/1407
f 1944/368/318 1939/365/310 1945/364/308
f 1879/341/259 1944/341/319 1882/341/1390
f 1944/370/1408 1885/335/270 1882/338/265
f 1945/367/321 1888/332/1394 1885/335/270
f 1938/366/322 1891/244/276 1888/332/1394
f 1891/244/276 1934/358/6 1894/330/6
f 1894/330/6 1946/357/6 1897/327/6
f 1946/357/6 1900/324/6 1897/327/6
f 1927/356/6 1903/321/6 1900/324/6
f 1925/349/6 1906/318/277 1903/321/6
f 1906/318/277 1915/258/323 1909/256/280
f 1948/371/324 1910/240/238 1947/315/239
f 1948/371/324 1846/240/238 1853/319/1409
f 1949/372/1410 1907/319/327 1948/371/324
f 1949/372/1410 1853/319/1409 1856/322/328
f 1950/373/329 1904/322/330 1949/372/1410
f 1950/373/329 1856/322/328 1859/325/331
f 1898/328/332 1950/373/1411 1951/374/332
f 1950/373/1411 1862/328/332 1951/374/332
f 1952/375/335 1898/328/332 1951/374/332
f 1952/375/335 1862/328/332 1865/331/335
f 1953/376/337 1895/331/335 1952/375/335
f 1953/376/337 1865/331/335 1868/239/336
f 1889/334/338 1953/376/337 1954/377/339
f 1953/376/337 1871/334/340 1954/377/339
f 1886/337/341 1954/377/339 1955/378/342
f 1954/377/339 1874/337/343 1955/378/342
f 1883/340/1412 1955/378/342 1956/379/345
f 1955/378/342 1877/340/346 1956/379/345
f 1880/341/347 1883/341/1392 1956/341/347
f 1880/341/347 1956/341/347 1877/341/1413
f 1839/295/225 1813/280/349 1957/277/350
f 1836/294/222 1805/257/193 1813/280/349
f 1817/287/199 1808/288/1414 1825/380/352
f 1959/285/353 1961/286/353 1962/291/353
f 1988/287/1415 1958/288/355 1959/380/356
f 1961/289/357 1960/267/358 1964/290/358
f 1980/285/353 1961/286/353 1963/260/353
f 1965/267/358 1961/289/357 1964/290/358
f 1969/279/359 1964/290/358 1966/292/359
f 1964/290/358 1968/279/359 1966/292/359
f 1970/277/359 1966/292/359 1967/293/359
f 1966/292/359 2112/277/359 1967/293/359
f 1971/294/1416 1965/257/361 1969/280/362
f 1973/295/363 1969/280/362 1970/277/364
f 1974/296/365 1972/287/1417 1971/294/1416
f 1976/298/367 1971/294/368 1973/295/1418
f 1975/299/370 1977/297/203 1974/296/365
f 1999/301/371 1974/296/365 1976/298/372
f 1979/302/373 1972/287/1417 1977/297/203
f 1981/303/374 1977/297/203 1978/300/375
f 1979/304/376 1962/291/376 1980/285/376
f 1981/306/377 1982/305/378 1979/304/378
f 1985/306/377 1982/305/378 1983/307/379
f 1984/304/376 1962/291/376 1982/305/376
f 1988/287/1415 1984/302/380 1986/297/217
f 1986/297/217 1985/303/381 1987/300/382
f 1990/299/383 1986/297/217 1987/300/382
f 1989/296/384 1988/287/1415 1986/297/217
f 1993/301/385 1989/296/384 1990/299/383
f 1992/298/1419 1991/294/387 1989/296/384
f 1995/308/388 1993/301/389 1996/309/390
f 1997/310/391 1992/298/392 1995/308/392
f 1999/301/389 1995/308/388 1996/309/390
f 1976/298/391 1997/310/391 1995/308/392
f 1967/293/393 1994/295/1420 1997/310/1421
f 1973/295/395 1967/293/393 1997/310/1421
f 1996/309/390 2068/311/396 1998/312/397
f 2000/311/398 1996/309/390 1998/312/397
f 2000/311/1422 1975/299/370 1999/301/371
f 2001/240/400 2002/313/1423 2000/311/1422
f 2001/240/402 1998/312/397 2102/315/403
f 2002/313/1423 1978/300/375 1975/299/370
f 2004/314/404 2003/316/405 2002/313/1423
f 2006/317/406 2005/256/407 2004/314/404
f 2008/319/408 2004/314/404 2001/240/400
f 2009/320/3 2007/318/409 2006/317/406
f 2011/322/3 2006/317/406 2008/319/408
f 2012/323/3 2010/321/3 2009/320/3
f 2014/325/3 2009/320/3 2011/322/3
f 2015/326/3 2013/324/3 2012/323/3
f 2017/328/3 2012/323/3 2014/325/3
f 2018/329/3 2016/327/3 2015/326/3
f 2020/331/3 2015/326/3 2017/328/3
f 2022/244/410 2018/329/3 2021/242/411
f 2021/242/411 2020/331/3 2023/239/412
f 2025/332/1424 2021/242/411 2024/333/1425
f 2024/333/1425 2023/239/412 2026/334/415
f 2028/335/416 2024/333/1425 2027/336/417
f 2027/336/417 2026/334/415 2029/337/418
f 2031/338/419 2027/336/417 2030/339/1426
f 2030/339/1426 2029/337/418 2032/340/421
f 2033/341/511 2031/341/1427 2030/341/1428
f 2035/341/1429 2030/341/1428 2032/341/1430
f 2033/341/511 2037/341/1431 2034/341/428
f 2035/341/1429 2036/341/1432 2033/341/511
f 2039/336/430 2037/338/431 2036/339/432
f 2041/337/433 2036/339/432 2038/340/434
f 2042/333/435 2040/335/436 2039/336/430
f 2044/334/437 2039/336/430 2041/337/433
f 2045/242/438 2043/332/1433 2042/333/435
f 2047/239/440 2042/333/435 2044/334/437
f 2048/329/6 2046/244/441 2045/242/438
f 2050/331/6 2045/242/438 2047/239/440
f 2048/329/6 2052/327/6 2049/330/6
f 2050/331/6 2051/326/6 2048/329/6
f 2051/326/6 2055/324/6 2052/327/6
f 2053/328/6 2054/323/6 2051/326/6
f 2054/323/6 2058/321/6 2055/324/6
f 2056/325/6 2057/320/6 2054/323/6
f 2057/320/6 2061/318/442 2058/321/6
f 2059/322/6 2060/317/443 2057/320/6
f 2060/317/443 2064/256/444 2061/318/442
f 2062/319/445 2063/245/446 2060/317/443
f 2063/245/446 2067/316/447 2064/256/444
f 2065/240/448 2066/313/1434 2063/245/446
f 2066/313/1434 1987/300/382 2067/316/447
f 2068/311/1435 1990/299/383 2066/313/1434
f 1998/312/397 2065/240/402 2102/315/403
f 2064/256/444 2069/342/1436 2070/258/452
f 2067/316/447 1985/303/381 2069/342/1436
f 2069/343/453 1983/307/379 2071/344/454
f 2070/261/455 2071/344/454 2072/345/456
f 2073/343/453 1983/307/379 1981/306/377
f 2074/261/455 2071/344/454 2073/343/453
f 2003/316/405 1981/303/374 1978/300/375
f 2005/256/407 2073/342/457 2003/316/405
f 2007/318/409 2074/258/458 2005/256/407
f 2075/348/460 2072/345/456 2074/261/455
f 2076/349/3 2007/318/409 2010/321/3
f 2076/351/461 2077/347/459 2075/348/460
f 2078/348/459 2072/345/456 2077/347/459
f 2080/351/461 2077/347/459 2079/350/461
f 2080/351/461 2081/353/1437 2082/352/463
f 2084/352/463 2079/350/461 2076/351/461
f 2082/352/463 2083/355/465 2101/354/465
f 2083/355/465 2084/352/463 2085/354/1438
f 2084/356/3 2010/321/3 2013/324/3
f 2085/357/3 2013/324/3 2016/327/3
f 2019/330/3 2085/357/3 2016/327/3
f 2088/360/466 2085/354/1438 2086/359/466
f 2022/244/410 2086/358/3 2019/330/3
f 2087/222/468 2088/360/466 2086/359/466
f 2091/222/468 2088/360/466 2090/361/1439
f 2101/354/465 2088/360/466 2089/359/466
f 2093/362/1440 2090/361/1439 2092/363/471
f 2095/362/1441 2090/361/1439 2087/222/468
f 2100/364/473 2092/363/471 2094/365/1442
f 2096/364/475 2092/363/471 2095/362/1441
f 2095/366/476 2022/244/410 2025/332/1424
f 2096/367/1443 2025/332/1424 2028/335/416
f 2097/368/1444 2094/365/1442 2096/364/475
f 2097/370/1445 2028/335/416 2031/338/419
f 2034/341/428 2097/341/1446 2031/341/1427
f 2099/368/1447 2094/365/1442 2098/369/1448
f 2034/341/428 2099/341/1449 2098/341/1450
f 2040/335/436 2099/370/485 2037/338/431
f 2043/332/1433 2100/367/486 2040/335/436
f 2046/244/441 2093/366/487 2043/332/1433
f 2046/244/441 2089/358/6 2091/254/488
f 2049/330/6 2101/357/6 2089/358/6
f 2055/324/6 2101/357/6 2052/327/6
f 2058/321/6 2082/356/6 2055/324/6
f 2061/318/442 2080/349/6 2058/321/6
f 2061/318/442 2070/258/452 2078/346/6
f 2103/371/489 2065/240/402 2062/319/490
f 2103/371/489 2001/240/402 2102/315/403
f 2104/372/491 2062/319/490 2059/322/1451
f 2104/372/491 2008/319/1452 2103/371/489
f 2105/373/1453 2059/322/1451 2056/325/1454
f 2105/373/1453 2011/322/1455 2104/372/491
f 2105/373/1456 2053/328/497 2106/374/497
f 2017/328/497 2105/373/1456 2106/374/497
f 2106/374/497 2050/331/498 2107/375/498
f 2107/375/498 2017/328/497 2106/374/497
f 2107/375/498 2047/239/501 2108/376/500
f 2023/239/501 2107/375/498 2108/376/500
f 2108/376/500 2044/334/1457 2109/377/503
f 2026/334/504 2108/376/500 2109/377/503
f 2109/377/503 2041/337/505 2110/378/506
f 2029/337/507 2109/377/503 2110/378/506
f 2110/378/506 2038/340/1458 2111/379/509
f 2032/340/510 2110/378/506 2111/379/509
f 2035/341/1429 2111/341/511 2038/341/1459
f 2035/341/1429 2032/341/1430 2111/341/511
f 1994/295/513 1968/280/514 1991/294/387
f 1991/294/387 1960/257/515 1988/287/1415
f 1972/287/1417 1963/288/516 1965/257/361
f 2119/381/1460 2113/381/1461 2114/381/1462
f 2115/381/1463 2114/381/1462 2113/381/1461
f 2116/381/1464 2115/381/1463 2113/381/1461
f 2116/381/1464 2113/381/1461 2117/381/1465
f 2118/381/1466 2117/381/1465 2113/381/1461
f 2119/381/1460 2118/381/1466 2113/381/1461
f 2121/381/1467 2118/381/1466 2119/381/1460
f 2120/381/1468 2119/381/1460 2114/381/1462
f 2122/381/1469 2119/381/1460 2120/381/1468
f 2122/381/1469 2121/381/1467 2119/381/1460
f 2123/381/1470 2122/381/1469 2120/381/1468
f 2122/381/1469 2123/381/1470 2124/381/1471
f 2122/381/1469 2124/381/1471 2126/381/1472
f 2125/381/1473 2121/381/1467 2122/381/1469
f 2125/381/1473 2122/381/1469 2126/381/1472
f 2126/381/1472 2129/381/1474 2125/381/1473
f 2128/381/1475 2126/381/1472 2124/381/1471
f 2126/381/1472 2127/381/1476 2129/381/1474
f 2128/381/1475 2127/381/1476 2126/381/1472
f 2129/381/1474 2127/381/1476 2133/381/1477
f 2125/381/1473 2129/381/1474 2132/381/1478
f 2130/381/1479 2132/381/1478 2129/381/1474
f 2130/381/1479 2129/381/1474 2131/381/1480
f 2129/381/1474 2133/381/1477 2131/381/1480
f 2134/381/1481 2131/381/1480 2133/381/1477
f 2135/381/1482 2134/381/1481 2133/381/1477
f 2127/381/1476 2136/381/1483 2133/381/1477
f 2135/381/1482 2133/381/1477 2136/381/1483
f 2137/381/1484 2136/381/1483 2128/381/1475
f 2136/381/1483 2137/381/1484 2138/381/1485
f 2136/381/1483 2138/381/1485 2135/381/1482
f 2127/381/1476 2128/381/1475 2136/381/1483
f 2141/381/1486 2139/381/1487 2138/381/1485
f 2138/381/1485 2139/381/1487 2140/381/1488
f 2138/381/1485 2140/381/1488 2135/381/1482
f 2137/381/1484 2141/381/1486 2138/381/1485
f 2137/381/1484 2143/381/1489 2141/381/1486
f 2141/381/1486 2144/381/1490 2139/381/1487
f 2145/381/1491 2141/381/1486 2142/381/1492
f 2143/381/1489 2142/381/1492 2141/381/1486
f 2145/381/1491 2144/381/1490 2141/381/1486
f 2144/381/1490 2145/381/1491 2146/381/1493
f 2147/381/1494 2145/381/1491 2142/381/1492
f 2145/381/1491 2148/381/1495 2146/381/1493
f 2145/381/1491 2147/381/1494 2148/381/1495
f 2148/381/1495 2147/381/1494 2149/381/1496
f 2148/381/1495 2149/381/1496 2150/381/1497
f 2151/381/1498 2148/381/1495 2150/381/1497
f 2151/381/1498 2152/381/1499 2148/381/1495
f 2152/381/1499 2146/381/1493 2148/381/1495
f 2153/381/1500 2155/381/1501 2152/381/1499
f 2154/381/1502 2153/381/1500 2152/381/1499
f 2154/381/1502 2152/381/1499 2151/381/1498
f 2152/381/1499 2155/381/1501 2146/381/1493
f 2155/381/1501 2157/381/1503 2156/381/1504
f 2155/381/1501 2156/381/1504 2146/381/1493
f 2155/381/1501 2159/381/1505 2157/381/1503
f 2153/381/1500 2158/381/1506 2155/381/1501
f 2155/381/1501 2158/381/1506 2159/381/1505
f 2159/381/1505 2160/381/1507 2162/381/1508
f 2158/381/1506 2160/381/1507 2159/381/1505
f 2157/381/1503 2159/381/1505 2161/381/1509
f 2159/381/1505 2162/381/1508 2161/381/1509
f 2162/381/1508 2124/381/1471 2123/381/1470
f 2162/381/1508 2123/381/1470 2161/381/1509
f 2163/381/1510 2124/381/1471 2162/381/1508
f 2160/381/1507 2163/381/1510 2162/381/1508
f 2163/381/1510 2128/381/1475 2124/381/1471
f 2137/381/1484 2128/381/1475 2163/381/1510
f 2143/381/1489 2137/381/1484 2163/381/1510
f 2143/381/1489 2163/381/1510 2164/381/1511
f 2160/381/1507 2164/381/1511 2163/381/1510
f 2166/381/1512 2143/381/1489 2164/381/1511
f 2165/381/1513 2164/381/1511 2160/381/1507
f 2165/381/1513 2166/381/1512 2164/381/1511
f 2168/381/1514 2166/381/1512 2165/381/1513
f 2166/381/1512 2169/381/1515 2143/381/1489
f 2169/381/1515 2166/381/1512 2167/381/1516
f 2168/381/1514 2167/381/1516 2166/381/1512
f 2169/381/1515 2167/381/1516 2170/381/1517
f 2143/381/1489 2169/381/1515 2142/381/1492
f 2169/381/1515 2170/381/1517 2171/381/1518
f 2169/381/1515 2171/381/1518 2142/381/1492
f 2170/381/1517 2172/381/1519 2171/381/1518
f 2147/381/1494 2142/381/1492 2171/381/1518
f 2149/381/1496 2171/381/1518 2172/381/1519
f 2149/381/1496 2147/381/1494 2171/381/1518
f 2173/381/1520 2174/381/1521 2172/381/1519
f 2170/381/1517 2173/381/1520 2172/381/1519
f 2174/381/1521 2149/381/1496 2172/381/1519
f 2173/381/1520 2175/381/1522 2174/381/1521
f 2177/381/1523 2174/381/1521 2175/381/1522
f 2174/381/1521 2176/381/1524 2149/381/1496
f 2177/381/1523 2176/381/1524 2174/381/1521
f 2177/381/1523 2178/381/1525 2176/381/1524
f 2177/381/1523 2175/381/1522 2180/381/1526
f 2179/381/1527 2178/381/1525 2177/381/1523
f 2179/381/1527 2177/381/1523 2180/381/1526
f 2179/381/1527 2180/381/1526 2181/381/1528
f 2182/381/1529 2181/381/1528 2180/381/1526
f 2183/381/1530 2182/381/1529 2180/381/1526
f 2183/381/1530 2180/381/1526 2175/381/1522
f 2182/381/1529 2183/381/1530 2184/381/1531
f 2183/381/1530 2186/381/1532 2184/381/1531
f 2185/381/1533 2183/381/1530 2175/381/1522
f 2183/381/1530 2185/381/1533 2186/381/1532
f 2154/381/1502 2184/381/1531 2186/381/1532
f 2168/381/1514 2154/381/1502 2186/381/1532
f 2185/381/1533 2168/381/1514 2186/381/1532
f 2185/381/1533 2167/381/1516 2168/381/1514
f 2170/381/1517 2167/381/1516 2185/381/1533
f 2170/381/1517 2185/381/1533 2173/381/1520
f 2185/381/1533 2175/381/1522 2173/381/1520
f 2182/381/1529 2184/381/1531 2187/381/1534
f 2188/381/1535 2187/381/1534 2184/381/1531
f 2154/381/1502 2188/381/1535 2184/381/1531
f 2188/381/1535 2189/381/1536 2187/381/1534
f 2189/381/1536 2188/381/1535 2190/381/1537
f 2188/381/1535 2151/381/1498 2190/381/1537
f 2188/381/1535 2154/381/1502 2151/381/1498
f 2192/381/1538 2190/381/1537 2191/381/1539
f 2191/381/1539 2190/381/1537 2151/381/1498
f 2192/381/1538 2193/381/1540 2190/381/1537
f 2189/381/1536 2190/381/1537 2193/381/1540
f 2194/381/1541 2189/381/1536 2193/381/1540
f 2117/381/1465 2194/381/1541 2193/381/1540
f 2117/381/1465 2193/381/1540 2192/381/1538
f 2118/381/1466 2195/381/1542 2194/381/1541
f 2194/381/1541 2195/381/1542 2189/381/1536
f 2118/381/1466 2194/381/1541 2117/381/1465
f 2187/381/1534 2189/381/1536 2195/381/1542
f 2187/381/1534 2195/381/1542 2196/381/1543
f 2196/381/1543 2195/381/1542 2197/381/1544
f 2118/381/1466 2197/381/1544 2195/381/1542
f 2196/381/1543 2197/381/1544 2198/381/1545
f 2198/381/1545 2197/381/1544 2121/381/1467
f 2121/381/1467 2197/381/1544 2118/381/1466
f 2198/381/1545 2199/381/1546 2196/381/1543
f 2198/381/1545 2132/381/1478 2199/381/1546
f 2198/381/1545 2121/381/1467 2125/381/1473
f 2125/381/1473 2132/381/1478 2198/381/1545
f 2199/381/1546 2182/381/1529 2187/381/1534
f 2182/381/1529 2199/381/1546 2181/381/1528
f 2181/381/1528 2199/381/1546 2132/381/1478
f 2199/381/1546 2187/381/1534 2196/381/1543
f 2191/381/1539 2178/381/1525 2192/381/1538
f 2178/381/1525 2117/381/1465 2192/381/1538
f 2191/381/1539 2151/381/1498 2150/381/1497
f 2150/381/1497 2176/381/1524 2191/381/1539
f 2191/381/1539 2176/381/1524 2178/381/1525
f 2200/381/1547 2179/381/1527 2181/381/1528
f 2200/381/1547 2181/381/1528 2130/381/1479
f 2181/381/1528 2132/381/1478 2130/381/1479
f 2115/381/1463 2179/381/1527 2200/381/1547
f 2202/381/1548 2115/381/1463 2200/381/1547
f 2200/381/1547 2130/381/1479 2131/381/1480
f 2200/381/1547 2131/381/1480 2201/381/1549
f 2202/381/1548 2200/381/1547 2201/381/1549
f 2115/381/1463 2202/381/1548 2114/381/1462
f 2114/381/1462 2202/381/1548 2203/381/1550
f 2134/381/1481 2203/381/1550 2202/381/1548
f 2134/381/1481 2202/381/1548 2201/381/1549
f 2114/381/1462 2203/381/1550 2204/381/1551
f 2204/381/1551 2203/381/1550 2140/381/1488
f 2135/381/1482 2140/381/1488 2203/381/1550
f 2135/381/1482 2203/381/1550 2134/381/1481
f 2120/381/1468 2114/381/1462 2204/381/1551
f 2205/381/1552 2120/381/1468 2204/381/1551
f 2204/381/1551 2140/381/1488 2205/381/1552
f 2205/381/1552 2207/381/1553 2120/381/1468
f 2205/381/1552 2140/381/1488 2139/381/1487
f 2205/381/1552 2139/381/1487 2206/381/1554
f 2206/381/1554 2207/381/1553 2205/381/1552
f 2208/381/1555 2123/381/1470 2207/381/1553
f 2206/381/1554 2208/381/1555 2207/381/1553
f 2123/381/1470 2120/381/1468 2207/381/1553
f 2157/381/1503 2161/381/1509 2208/381/1555
f 2157/381/1503 2208/381/1555 2206/381/1554
f 2208/381/1555 2161/381/1509 2123/381/1470
f 2157/381/1503 2206/381/1554 2156/381/1504
f 2139/381/1487 2156/381/1504 2206/381/1554
f 2134/381/1481 2201/381/1549 2131/381/1480
f 2179/381/1527 2116/381/1464 2178/381/1525
f 2115/381/1463 2116/381/1464 2179/381/1527
f 2178/381/1525 2116/381/1464 2117/381/1465
f 2150/381/1497 2149/381/1496 2176/381/1524
f 2165/381/1513 2153/381/1500 2168/381/1514
f 2168/381/1514 2153/381/1500 2154/381/1502
f 2158/381/1506 2165/381/1513 2160/381/1507
f 2165/381/1513 2158/381/1506 2153/381/1500
f 2144/381/1490 2146/381/1493 2156/381/1504
f 2139/381/1487 2144/381/1490 2156/381/1504
f 2215/381/1556 2209/381/1557 2210/381/1558
f 2211/381/1559 2210/381/1558 2209/381/1557
f 2212/381/1560 2211/381/1559 2209/381/1557
f 2212/381/1560 2209/381/1557 2213/381/1561
f 2214/381/1562 2213/381/1561 2209/381/1557
f 2215/381/1556 2214/381/1562 2209/381/1557
f 2219/381/1563 2214/381/1562 2215/381/1556
f 2216/381/1564 2215/381/1556 2210/381/1558
f 2216/381/1564 2217/381/1565 2215/381/1556
f 2218/381/1566 2215/381/1556 2217/381/1565
f 2218/381/1566 2219/381/1563 2215/381/1556
f 2219/381/1563 2218/381/1566 2220/381/1567
f 2219/381/1563 2220/381/1567 2221/381/1568
f 2222/381/1569 2219/381/1563 2221/381/1568
f 2219/381/1563 2223/381/1570 2214/381/1562
f 2222/381/1569 2223/381/1570 2219/381/1563
f 2224/381/1571 2223/381/1570 2222/381/1569
f 2214/381/1562 2223/381/1570 2225/381/1572
f 2224/381/1571 2225/381/1572 2223/381/1570
f 2214/381/1562 2225/381/1572 2227/381/1573
f 2226/381/1574 2225/381/1572 2224/381/1571
f 2227/381/1573 2225/381/1572 2226/381/1574
f 2214/381/1562 2227/381/1573 2213/381/1561
f 2227/381/1573 2226/381/1574 2228/381/1575
f 2227/381/1573 2228/381/1575 2229/381/1576
f 2227/381/1573 2229/381/1576 2213/381/1561
f 2229/381/1576 2212/381/1560 2213/381/1561
f 2229/381/1576 2228/381/1575 2230/381/1577
f 2229/381/1576 2230/381/1577 2231/381/1578
f 2231/381/1578 2232/381/1579 2229/381/1576
f 2229/381/1576 2232/381/1579 2212/381/1560
f 2212/381/1560 2232/381/1579 2233/381/1580
f 2233/381/1580 2232/381/1579 2234/381/1581
f 2231/381/1578 2234/381/1581 2232/381/1579
f 2233/381/1580 2234/381/1581 2235/381/1582
f 2235/381/1582 2234/381/1581 2236/381/1583
f 2237/381/1584 2236/381/1583 2234/381/1581
f 2237/381/1584 2234/381/1581 2231/381/1578
f 2238/381/1585 2236/381/1583 2237/381/1584
f 2231/381/1578 2239/381/1586 2237/381/1584
f 2239/381/1586 2238/381/1585 2237/381/1584
f 2240/381/1587 2239/381/1586 2230/381/1577
f 2231/381/1578 2230/381/1577 2239/381/1586
f 2240/381/1587 2241/381/1588 2239/381/1586
f 2241/381/1588 2242/381/1589 2239/381/1586
f 2239/381/1586 2242/381/1589 2238/381/1585
f 2242/381/1589 2243/381/1590 2238/381/1585
f 2242/381/1589 2245/381/1591 2243/381/1590
f 2244/381/1592 2245/381/1591 2242/381/1589
f 2241/381/1588 2244/381/1592 2242/381/1589
f 2246/381/1593 2245/381/1591 2248/381/1594
f 2245/381/1591 2246/381/1593 2247/381/1595
f 2245/381/1591 2247/381/1595 2243/381/1590
f 2244/381/1592 2248/381/1594 2245/381/1591
f 2246/381/1593 2248/381/1594 2249/381/1596
f 2248/381/1594 2251/381/1597 2249/381/1596
f 2248/381/1594 2250/381/1598 2251/381/1597
f 2250/381/1598 2248/381/1594 2244/381/1592
f 2251/381/1597 2254/381/1599 2252/381/1600
f 2251/381/1597 2252/381/1600 2253/381/1601
f 2251/381/1597 2253/381/1601 2255/381/1602
f 2250/381/1598 2254/381/1599 2251/381/1597
f 2251/381/1597 2255/381/1602 2249/381/1596
f 2246/381/1593 2249/381/1596 2255/381/1602
f 2246/381/1593 2255/381/1602 2256/381/1603
f 2257/381/1604 2256/381/1603 2255/381/1602
f 2257/381/1604 2255/381/1602 2258/381/1605
f 2253/381/1601 2258/381/1605 2255/381/1602
f 2257/381/1604 2258/381/1605 2218/381/1566
f 2218/381/1566 2258/381/1605 2259/381/1606
f 2253/381/1601 2259/381/1606 2258/381/1605
f 2218/381/1566 2259/381/1606 2220/381/1567
f 2260/381/1607 2220/381/1567 2259/381/1606
f 2252/381/1600 2260/381/1607 2259/381/1606
f 2252/381/1600 2259/381/1606 2253/381/1601
f 2261/381/1608 2260/381/1607 2262/381/1609
f 2260/381/1607 2261/381/1608 2220/381/1567
f 2263/381/1610 2262/381/1609 2260/381/1607
f 2263/381/1610 2260/381/1607 2252/381/1600
f 2266/381/1611 2262/381/1609 2263/381/1610
f 2264/381/1612 2263/381/1610 2252/381/1600
f 2265/381/1613 2263/381/1610 2264/381/1612
f 2266/381/1611 2263/381/1610 2265/381/1613
f 2266/381/1611 2267/381/1614 2268/381/1615
f 2265/381/1613 2267/381/1614 2266/381/1611
f 2266/381/1611 2268/381/1615 2269/381/1616
f 2266/381/1611 2269/381/1616 2270/381/1617
f 2266/381/1611 2270/381/1617 2262/381/1609
f 2261/381/1608 2262/381/1609 2270/381/1617
f 2271/381/1618 2261/381/1608 2270/381/1617
f 2269/381/1616 2271/381/1618 2270/381/1617
f 2271/381/1618 2272/381/1619 2261/381/1608
f 2273/381/1620 2272/381/1619 2271/381/1618
f 2274/381/1621 2273/381/1620 2271/381/1618
f 2269/381/1616 2274/381/1621 2271/381/1618
f 2274/381/1621 2275/381/1622 2273/381/1620
f 2276/381/1623 2275/381/1622 2274/381/1621
f 2269/381/1616 2276/381/1623 2274/381/1621
f 2276/381/1623 2211/381/1559 2275/381/1622
f 2211/381/1559 2276/381/1623 2210/381/1558
f 2210/381/1558 2276/381/1623 2268/381/1615
f 2269/381/1616 2268/381/1615 2276/381/1623
f 2275/381/1622 2277/381/1624 2278/381/1625
f 2211/381/1559 2277/381/1624 2275/381/1622
f 2275/381/1622 2278/381/1625 2273/381/1620
f 2278/381/1625 2279/381/1626 2281/381/1627
f 2280/381/1628 2279/381/1626 2278/381/1625
f 2277/381/1624 2280/381/1628 2278/381/1625
f 2278/381/1625 2281/381/1627 2273/381/1620
f 2222/381/1569 2281/381/1627 2279/381/1626
f 2221/381/1568 2281/381/1627 2222/381/1569
f 2273/381/1620 2281/381/1627 2272/381/1619
f 2221/381/1568 2272/381/1619 2281/381/1627
f 2280/381/1628 2282/381/1629 2279/381/1626
f 2283/381/1630 2282/381/1629 2280/381/1628
f 2283/381/1630 2280/381/1628 2284/381/1631
f 2277/381/1624 2233/381/1580 2280/381/1628
f 2280/381/1628 2233/381/1580 2235/381/1582
f 2280/381/1628 2235/381/1582 2284/381/1631
f 2285/381/1632 2284/381/1631 2235/381/1582
f 2286/381/1633 2284/381/1631 2285/381/1632
f 2286/381/1633 2283/381/1630 2284/381/1631
f 2289/381/1634 2286/381/1633 2287/381/1635
f 2288/381/1636 2287/381/1635 2286/381/1633
f 2288/381/1636 2286/381/1633 2285/381/1632
f 2283/381/1630 2286/381/1633 2289/381/1634
f 2283/381/1630 2289/381/1634 2290/381/1637
f 2241/381/1588 2290/381/1637 2289/381/1634
f 2291/381/1638 2241/381/1588 2289/381/1634
f 2289/381/1634 2287/381/1635 2291/381/1638
f 2291/381/1638 2244/381/1592 2241/381/1588
f 2250/381/1598 2244/381/1592 2291/381/1638
f 2291/381/1638 2292/381/1639 2250/381/1598
f 2291/381/1638 2287/381/1635 2292/381/1639
f 2292/381/1639 2293/381/1640 2264/381/1612
f 2292/381/1639 2264/381/1612 2254/381/1599
f 2250/381/1598 2292/381/1639 2254/381/1599
f 2293/381/1640 2292/381/1639 2287/381/1635
f 2293/381/1640 2287/381/1635 2288/381/1636
f 2293/381/1640 2288/381/1636 2294/381/1641
f 2293/381/1640 2294/381/1641 2295/381/1642
f 2264/381/1612 2293/381/1640 2295/381/1642
f 2298/381/1643 2295/381/1642 2294/381/1641
f 2264/381/1612 2295/381/1642 2296/381/1644
f 2297/381/1645 2296/381/1644 2295/381/1642
f 2298/381/1643 2297/381/1645 2295/381/1642
f 2297/381/1645 2298/381/1643 2238/381/1585
f 2299/381/1646 2298/381/1643 2294/381/1641
f 2238/381/1585 2298/381/1643 2236/381/1583
f 2299/381/1646 2236/381/1583 2298/381/1643
f 2235/381/1582 2236/381/1583 2299/381/1646
f 2288/381/1636 2299/381/1646 2294/381/1641
f 2285/381/1632 2235/381/1582 2299/381/1646
f 2288/381/1636 2285/381/1632 2299/381/1646
f 2297/381/1645 2300/381/1647 2296/381/1644
f 2297/381/1645 2238/381/1585 2243/381/1590
f 2300/381/1647 2297/381/1645 2243/381/1590
f 2296/381/1644 2300/381/1647 2301/381/1648
f 2301/381/1648 2300/381/1647 2247/381/1595
f 2300/381/1647 2243/381/1590 2247/381/1595
f 2296/381/1644 2301/381/1648 2265/381/1613
f 2265/381/1613 2301/381/1648 2267/381/1614
f 2302/381/1649 2267/381/1614 2301/381/1648
f 2302/381/1649 2301/381/1648 2303/381/1650
f 2301/381/1648 2247/381/1595 2303/381/1650
f 2303/381/1650 2257/381/1604 2302/381/1649
f 2246/381/1593 2303/381/1650 2247/381/1595
f 2246/381/1593 2256/381/1603 2303/381/1650
f 2303/381/1650 2256/381/1603 2257/381/1604
f 2302/381/1649 2257/381/1604 2217/381/1565
f 2302/381/1649 2217/381/1565 2216/381/1564
f 2216/381/1564 2267/381/1614 2302/381/1649
f 2265/381/1613 2264/381/1612 2296/381/1644
f 2240/381/1587 2304/381/1651 2290/381/1637
f 2241/381/1588 2240/381/1587 2290/381/1637
f 2282/381/1629 2290/381/1637 2304/381/1651
f 2282/381/1629 2283/381/1630 2290/381/1637
f 2226/381/1574 2224/381/1571 2304/381/1651
f 2240/381/1587 2226/381/1574 2304/381/1651
f 2224/381/1571 2282/381/1629 2304/381/1651
f 2224/381/1571 2279/381/1626 2282/381/1629
f 2222/381/1569 2279/381/1626 2224/381/1571
f 2212/381/1560 2233/381/1580 2277/381/1624
f 2211/381/1559 2212/381/1560 2277/381/1624
f 2220/381/1567 2272/381/1619 2221/381/1568
f 2220/381/1567 2261/381/1608 2272/381/1619
f 2210/381/1558 2268/381/1615 2216/381/1564
f 2216/381/1564 2268/381/1615 2267/381/1614
f 2264/381/1612 2252/381/1600 2254/381/1599
f 2257/381/1604 2218/381/1566 2217/381/1565
f 2226/381/1574 2240/381/1587 2230/381/1577
f 2226/381/1574 2230/381/1577 2228/381/1575
f 2305/381/1652 2308/381/1653 2306/381/1654
f 2306/381/1654 2307/381/1655 2305/381/1652
f 2305/381/1652 2309/381/1656 2308/381/1653
f 2308/381/1653 2309/381/1656 2310/381/1657
f 2308/381/1653 2310/381/1657 2311/381/1658
f 2306/381/1654 2312/381/1659 2307/381/1655
f 2319/381/1460 2313/381/1461 2314/381/1660
f 2315/381/1463 2314/381/1660 2313/381/1461
f 2316/381/1464 2315/381/1463 2313/381/1461
f 2316/381/1464 2313/381/1461 2317/381/1465
f 2318/381/1661 2317/381/1465 2313/381/1461
f 2319/381/1460 2318/381/1661 2313/381/1461
f 2323/381/1662 2318/381/1661 2319/381/1460
f 2320/381/1551 2319/381/1460 2314/381/1660
f 2320/381/1551 2321/381/1468 2319/381/1460
f 2322/381/1663 2319/381/1460 2321/381/1468
f 2322/381/1663 2323/381/1662 2319/381/1460
f 2323/381/1662 2324/381/1544 2318/381/1661
f 2325/381/1545 2324/381/1544 2323/381/1662
f 2325/381/1545 2323/381/1662 2326/381/1664
f 2323/381/1662 2327/381/1472 2326/381/1664
f 2323/381/1662 2322/381/1663 2327/381/1472
f 2327/381/1472 2328/381/1476 2331/381/1474
f 2329/381/1665 2328/381/1476 2327/381/1472
f 2329/381/1665 2327/381/1472 2330/381/1471
f 2322/381/1663 2330/381/1471 2327/381/1472
f 2327/381/1472 2331/381/1474 2326/381/1664
f 2326/381/1664 2331/381/1474 2332/381/1478
f 2335/381/1479 2332/381/1478 2331/381/1474
f 2331/381/1474 2328/381/1476 2333/381/1477
f 2331/381/1474 2333/381/1477 2334/381/1480
f 2335/381/1479 2331/381/1474 2334/381/1480
f 2337/381/1547 2335/381/1479 2334/381/1480
f 2336/381/1528 2332/381/1478 2335/381/1479
f 2337/381/1547 2336/381/1528 2335/381/1479
f 2337/381/1547 2338/381/1666 2336/381/1528
f 2337/381/1547 2334/381/1480 2340/381/1549
f 2315/381/1463 2338/381/1666 2337/381/1547
f 2339/381/1548 2315/381/1463 2337/381/1547
f 2339/381/1548 2337/381/1547 2340/381/1549
f 2341/381/1481 2339/381/1548 2340/381/1549
f 2341/381/1481 2340/381/1549 2334/381/1480
f 2341/381/1481 2342/381/1550 2339/381/1548
f 2341/381/1481 2334/381/1480 2333/381/1477
f 2343/381/1667 2342/381/1550 2341/381/1481
f 2343/381/1667 2341/381/1481 2333/381/1477
f 2343/381/1667 2333/381/1477 2344/381/1668
f 2344/381/1668 2345/381/1669 2343/381/1667
f 2345/381/1669 2346/381/1670 2343/381/1667
f 2343/381/1667 2346/381/1670 2342/381/1550
f 2320/381/1551 2342/381/1550 2346/381/1670
f 2320/381/1551 2346/381/1670 2347/381/1671
f 2347/381/1671 2346/381/1670 2348/381/1672
f 2345/381/1669 2348/381/1672 2346/381/1670
f 2350/381/1554 2348/381/1672 2349/381/1490
f 2349/381/1490 2348/381/1672 2345/381/1669
f 2347/381/1671 2348/381/1672 2350/381/1554
f 2350/381/1554 2353/381/1673 2347/381/1671
f 2350/381/1554 2349/381/1490 2351/381/1504
f 2351/381/1504 2352/381/1674 2350/381/1554
f 2350/381/1554 2352/381/1674 2353/381/1673
f 2347/381/1671 2353/381/1673 2321/381/1468
f 2354/381/1675 2321/381/1468 2353/381/1673
f 2352/381/1674 2354/381/1675 2353/381/1673
f 2354/381/1675 2322/381/1663 2321/381/1468
f 2322/381/1663 2354/381/1675 2330/381/1471
f 2355/381/1676 2330/381/1471 2354/381/1675
f 2352/381/1674 2356/381/1509 2354/381/1675
f 2355/381/1676 2354/381/1675 2356/381/1509
f 2357/381/1507 2355/381/1676 2356/381/1509
f 2359/381/1503 2356/381/1509 2352/381/1674
f 2357/381/1507 2356/381/1509 2358/381/1505
f 2359/381/1503 2358/381/1505 2356/381/1509
f 2360/381/1501 2358/381/1505 2359/381/1503
f 2360/381/1501 2359/381/1503 2351/381/1504
f 2351/381/1504 2359/381/1503 2352/381/1674
f 2360/381/1501 2351/381/1504 2361/381/1493
f 2364/381/1677 2360/381/1501 2361/381/1493
f 2360/381/1501 2362/381/1678 2358/381/1505
f 2363/381/1679 2362/381/1678 2360/381/1501
f 2363/381/1679 2360/381/1501 2364/381/1677
f 2365/381/1680 2363/381/1679 2364/381/1677
f 2364/381/1677 2361/381/1493 2367/381/1681
f 2365/381/1680 2364/381/1677 2366/381/1682
f 2366/381/1682 2364/381/1677 2367/381/1681
f 2371/381/1683 2368/381/1684 2367/381/1681
f 2367/381/1681 2368/381/1684 2369/381/1496
f 2367/381/1681 2369/381/1496 2370/381/1497
f 2366/381/1682 2367/381/1681 2370/381/1497
f 2371/381/1683 2367/381/1681 2361/381/1493
f 2368/381/1684 2371/381/1683 2372/381/1685
f 2371/381/1683 2373/381/1686 2372/381/1685
f 2349/381/1490 2371/381/1683 2361/381/1493
f 2371/381/1683 2349/381/1490 2373/381/1686
f 2374/381/1687 2375/381/1688 2373/381/1686
f 2374/381/1687 2373/381/1686 2345/381/1669
f 2349/381/1490 2345/381/1669 2373/381/1686
f 2375/381/1688 2372/381/1685 2373/381/1686
f 2376/381/1512 2378/381/1515 2375/381/1688
f 2376/381/1512 2375/381/1688 2377/381/1689
f 2377/381/1689 2375/381/1688 2374/381/1687
f 2375/381/1688 2378/381/1515 2372/381/1685
f 2378/381/1515 2376/381/1512 2379/381/1516
f 2378/381/1515 2379/381/1516 2380/381/1690
f 2378/381/1515 2380/381/1690 2381/381/1518
f 2378/381/1515 2381/381/1518 2372/381/1685
f 2380/381/1690 2382/381/1519 2381/381/1518
f 2368/381/1684 2372/381/1685 2381/381/1518
f 2369/381/1496 2381/381/1518 2382/381/1519
f 2369/381/1496 2368/381/1684 2381/381/1518
f 2384/381/1691 2382/381/1519 2383/381/1692
f 2380/381/1690 2383/381/1692 2382/381/1519
f 2384/381/1691 2385/381/1693 2382/381/1519
f 2385/381/1693 2369/381/1496 2382/381/1519
f 2386/381/1694 2385/381/1693 2384/381/1691
f 2386/381/1694 2387/381/1695 2385/381/1693
f 2385/381/1693 2387/381/1695 2369/381/1496
f 2386/381/1694 2389/381/1525 2387/381/1695
f 2370/381/1497 2369/381/1496 2387/381/1695
f 2370/381/1497 2387/381/1695 2388/381/1539
f 2388/381/1539 2387/381/1695 2389/381/1525
f 2388/381/1539 2389/381/1525 2390/381/1538
f 2389/381/1525 2317/381/1465 2390/381/1538
f 2389/381/1525 2316/381/1464 2317/381/1465
f 2316/381/1464 2389/381/1525 2386/381/1694
f 2390/381/1538 2392/381/1540 2391/381/1696
f 2390/381/1538 2391/381/1696 2388/381/1539
f 2317/381/1465 2392/381/1540 2390/381/1538
f 2393/381/1536 2391/381/1696 2392/381/1540
f 2317/381/1465 2394/381/1697 2392/381/1540
f 2394/381/1697 2393/381/1536 2392/381/1540
f 2394/381/1697 2395/381/1542 2393/381/1536
f 2318/381/1661 2394/381/1697 2317/381/1465
f 2318/381/1661 2395/381/1542 2394/381/1697
f 2393/381/1536 2395/381/1542 2396/381/1543
f 2396/381/1543 2395/381/1542 2324/381/1544
f 2318/381/1661 2324/381/1544 2395/381/1542
f 2393/381/1536 2396/381/1543 2397/381/1534
f 2396/381/1543 2398/381/1698 2397/381/1534
f 2396/381/1543 2399/381/1546 2398/381/1698
f 2325/381/1545 2399/381/1546 2396/381/1543
f 2396/381/1543 2324/381/1544 2325/381/1545
f 2398/381/1698 2399/381/1546 2336/381/1528
f 2336/381/1528 2399/381/1546 2332/381/1478
f 2325/381/1545 2332/381/1478 2399/381/1546
f 2398/381/1698 2401/381/1530 2400/381/1699
f 2398/381/1698 2400/381/1699 2397/381/1534
f 2401/381/1530 2398/381/1698 2402/381/1700
f 2398/381/1698 2336/381/1528 2402/381/1700
f 2401/381/1530 2402/381/1700 2384/381/1691
f 2386/381/1694 2384/381/1691 2402/381/1700
f 2338/381/1666 2386/381/1694 2402/381/1700
f 2338/381/1666 2402/381/1700 2336/381/1528
f 2401/381/1530 2403/381/1533 2404/381/1532
f 2403/381/1533 2401/381/1530 2384/381/1691
f 2401/381/1530 2404/381/1532 2400/381/1699
f 2365/381/1680 2400/381/1699 2404/381/1532
f 2405/381/1514 2365/381/1680 2404/381/1532
f 2404/381/1532 2403/381/1533 2379/381/1516
f 2404/381/1532 2379/381/1516 2405/381/1514
f 2405/381/1514 2363/381/1679 2365/381/1680
f 2406/381/1701 2363/381/1679 2405/381/1514
f 2405/381/1514 2376/381/1512 2406/381/1701
f 2405/381/1514 2379/381/1516 2376/381/1512
f 2406/381/1701 2362/381/1678 2363/381/1679
f 2362/381/1678 2406/381/1701 2357/381/1507
f 2406/381/1701 2376/381/1512 2377/381/1689
f 2406/381/1701 2377/381/1689 2357/381/1507
f 2379/381/1516 2403/381/1533 2383/381/1692
f 2403/381/1533 2384/381/1691 2383/381/1692
f 2407/381/1535 2397/381/1534 2400/381/1699
f 2365/381/1680 2407/381/1535 2400/381/1699
f 2407/381/1535 2393/381/1536 2397/381/1534
f 2393/381/1536 2407/381/1535 2391/381/1696
f 2407/381/1535 2366/381/1682 2391/381/1696
f 2407/381/1535 2365/381/1680 2366/381/1682
f 2388/381/1539 2391/381/1696 2366/381/1682
f 2388/381/1539 2366/381/1682 2370/381/1497
f 2316/381/1464 2386/381/1694 2338/381/1666
f 2379/381/1516 2383/381/1692 2380/381/1690
f 2377/381/1689 2374/381/1687 2408/381/1510
f 2377/381/1689 2408/381/1510 2355/381/1676
f 2377/381/1689 2355/381/1676 2357/381/1507
f 2408/381/1510 2330/381/1471 2355/381/1676
f 2408/381/1510 2329/381/1665 2330/381/1471
f 2374/381/1687 2329/381/1665 2408/381/1510
f 2374/381/1687 2344/381/1668 2329/381/1665
f 2344/381/1668 2374/381/1687 2345/381/1669
f 2362/381/1678 2357/381/1507 2358/381/1505
f 2349/381/1490 2361/381/1493 2351/381/1504
f 2347/381/1671 2321/381/1468 2320/381/1551
f 2328/381/1476 2329/381/1665 2344/381/1668
f 2328/381/1476 2344/381/1668 2333/381/1477
f 2339/381/1548 2342/381/1550 2320/381/1551
f 2315/381/1463 2339/381/1548 2314/381/1660
f 2339/381/1548 2320/381/1551 2314/381/1660
f 2315/381/1463 2316/381/1464 2338/381/1666
f 2326/381/1664 2332/381/1478 2325/381/1545
f 2415/381/1556 2409/381/1557 2410/381/1558
f 2411/381/1702 2410/381/1558 2409/381/1557
f 2412/381/1560 2411/381/1702 2409/381/1557
f 2412/381/1560 2409/381/1557 2413/381/1561
f 2414/381/1703 2413/381/1561 2409/381/1557
f 2415/381/1556 2414/381/1703 2409/381/1557
f 2415/381/1556 2420/381/1570 2414/381/1703
f 2416/381/1564 2415/381/1556 2410/381/1558
f 2416/381/1564 2417/381/1704 2415/381/1556
f 2418/381/1566 2415/381/1556 2417/381/1704
f 2418/381/1566 2419/381/1705 2415/381/1556
f 2415/381/1556 2419/381/1705 2420/381/1570
f 2421/381/1706 2420/381/1570 2419/381/1705
f 2422/381/1707 2420/381/1570 2421/381/1706
f 2422/381/1707 2423/381/1572 2420/381/1570
f 2414/381/1703 2420/381/1570 2423/381/1572
f 2425/381/1651 2423/381/1572 2422/381/1707
f 2414/381/1703 2423/381/1572 2424/381/1573
f 2424/381/1573 2423/381/1572 2426/381/1574
f 2425/381/1651 2426/381/1574 2423/381/1572
f 2424/381/1573 2426/381/1574 2427/381/1708
f 2429/381/1587 2426/381/1574 2425/381/1651
f 2426/381/1574 2428/381/1577 2427/381/1708
f 2426/381/1574 2429/381/1587 2428/381/1577
f 2429/381/1587 2431/381/1588 2430/381/1586
f 2429/381/1587 2430/381/1586 2428/381/1577
f 2429/381/1587 2425/381/1651 2432/381/1709
f 2431/381/1588 2429/381/1587 2432/381/1709
f 2431/381/1588 2432/381/1709 2433/381/1634
f 2435/381/1710 2432/381/1709 2425/381/1651
f 2434/381/1711 2433/381/1634 2432/381/1709
f 2435/381/1710 2434/381/1711 2432/381/1709
f 2434/381/1711 2435/381/1710 2436/381/1628
f 2437/381/1712 2435/381/1710 2425/381/1651
f 2435/381/1710 2438/381/1625 2436/381/1628
f 2435/381/1710 2437/381/1712 2438/381/1625
f 2438/381/1625 2442/381/1580 2436/381/1628
f 2438/381/1625 2437/381/1712 2439/381/1627
f 2438/381/1625 2439/381/1627 2440/381/1620
f 2443/381/1622 2438/381/1625 2440/381/1620
f 2443/381/1622 2441/381/1624 2438/381/1625
f 2438/381/1625 2441/381/1624 2442/381/1580
f 2411/381/1702 2441/381/1624 2443/381/1622
f 2444/381/1623 2411/381/1702 2443/381/1622
f 2444/381/1623 2443/381/1622 2445/381/1713
f 2445/381/1713 2443/381/1622 2440/381/1620
f 2446/381/1616 2444/381/1623 2445/381/1713
f 2445/381/1713 2440/381/1620 2447/381/1618
f 2446/381/1616 2445/381/1713 2447/381/1618
f 2446/381/1616 2447/381/1618 2448/381/1617
f 2449/381/1619 2448/381/1617 2447/381/1618
f 2440/381/1620 2449/381/1619 2447/381/1618
f 2450/381/1568 2449/381/1619 2439/381/1627
f 2440/381/1620 2439/381/1627 2449/381/1619
f 2452/381/1567 2449/381/1619 2450/381/1568
f 2452/381/1567 2451/381/1608 2449/381/1619
f 2449/381/1619 2451/381/1608 2448/381/1617
f 2454/381/1714 2452/381/1567 2453/381/1606
f 2418/381/1566 2453/381/1606 2452/381/1567
f 2419/381/1705 2418/381/1566 2452/381/1567
f 2419/381/1705 2452/381/1567 2450/381/1568
f 2454/381/1714 2451/381/1608 2452/381/1567
f 2451/381/1608 2454/381/1714 2455/381/1609
f 2456/381/1715 2455/381/1609 2454/381/1714
f 2457/381/1600 2454/381/1714 2453/381/1606
f 2456/381/1715 2454/381/1714 2457/381/1600
f 2458/381/1599 2456/381/1715 2457/381/1600
f 2457/381/1600 2453/381/1606 2460/381/1716
f 2459/381/1717 2458/381/1599 2457/381/1600
f 2459/381/1717 2457/381/1600 2460/381/1716
f 2460/381/1716 2453/381/1606 2462/381/1718
f 2459/381/1717 2460/381/1716 2461/381/1719
f 2460/381/1716 2462/381/1718 2461/381/1719
f 2463/381/1604 2461/381/1719 2462/381/1718
f 2463/381/1604 2462/381/1718 2418/381/1566
f 2418/381/1566 2462/381/1718 2453/381/1606
f 2463/381/1604 2464/381/1603 2461/381/1719
f 2465/381/1650 2464/381/1603 2463/381/1604
f 2465/381/1650 2463/381/1604 2466/381/1720
f 2466/381/1720 2463/381/1604 2417/381/1704
f 2463/381/1604 2418/381/1566 2417/381/1704
f 2466/381/1720 2417/381/1704 2416/381/1564
f 2416/381/1564 2467/381/1721 2466/381/1720
f 2466/381/1720 2467/381/1721 2468/381/1722
f 2466/381/1720 2468/381/1722 2465/381/1650
f 2469/381/1613 2468/381/1722 2467/381/1721
f 2470/381/1644 2468/381/1722 2469/381/1613
f 2470/381/1644 2471/381/1723 2468/381/1722
f 2468/381/1722 2471/381/1723 2472/381/1595
f 2468/381/1722 2472/381/1595 2465/381/1650
f 2471/381/1723 2473/381/1590 2472/381/1595
f 2474/381/1591 2472/381/1595 2473/381/1590
f 2474/381/1591 2475/381/1724 2472/381/1595
f 2472/381/1595 2464/381/1603 2465/381/1650
f 2472/381/1595 2475/381/1724 2464/381/1603
f 2474/381/1591 2476/381/1596 2475/381/1724
f 2475/381/1724 2461/381/1719 2464/381/1603
f 2475/381/1724 2476/381/1596 2461/381/1719
f 2459/381/1717 2461/381/1719 2476/381/1596
f 2477/381/1725 2459/381/1717 2476/381/1596
f 2474/381/1591 2477/381/1725 2476/381/1596
f 2477/381/1725 2478/381/1598 2459/381/1717
f 2478/381/1598 2477/381/1725 2479/381/1592
f 2480/381/1589 2479/381/1592 2477/381/1725
f 2480/381/1589 2477/381/1725 2474/381/1591
f 2430/381/1586 2479/381/1592 2480/381/1589
f 2480/381/1589 2474/381/1591 2473/381/1590
f 2430/381/1586 2480/381/1589 2481/381/1585
f 2480/381/1589 2473/381/1590 2481/381/1585
f 2430/381/1586 2481/381/1585 2482/381/1584
f 2485/381/1645 2481/381/1585 2473/381/1590
f 2481/381/1585 2483/381/1583 2482/381/1584
f 2481/381/1585 2484/381/1643 2483/381/1583
f 2485/381/1645 2484/381/1643 2481/381/1585
f 2471/381/1723 2485/381/1645 2473/381/1590
f 2485/381/1645 2471/381/1723 2470/381/1644
f 2485/381/1645 2470/381/1644 2486/381/1642
f 2484/381/1643 2485/381/1645 2486/381/1642
f 2487/381/1612 2489/381/1640 2486/381/1642
f 2487/381/1612 2486/381/1642 2470/381/1644
f 2484/381/1643 2486/381/1642 2488/381/1641
f 2489/381/1640 2488/381/1641 2486/381/1642
f 2490/381/1726 2489/381/1640 2487/381/1612
f 2489/381/1640 2490/381/1726 2491/381/1635
f 2489/381/1640 2491/381/1635 2492/381/1636
f 2489/381/1640 2492/381/1636 2488/381/1641
f 2492/381/1636 2494/381/1632 2493/381/1646
f 2492/381/1636 2493/381/1646 2488/381/1641
f 2492/381/1636 2495/381/1633 2494/381/1632
f 2492/381/1636 2491/381/1635 2495/381/1633
f 2495/381/1633 2496/381/1631 2494/381/1632
f 2495/381/1633 2434/381/1711 2496/381/1631
f 2434/381/1711 2495/381/1633 2433/381/1634
f 2495/381/1633 2491/381/1635 2497/381/1638
f 2495/381/1633 2497/381/1638 2433/381/1634
f 2497/381/1638 2491/381/1635 2490/381/1726
f 2479/381/1592 2433/381/1634 2497/381/1638
f 2497/381/1638 2490/381/1726 2478/381/1598
f 2478/381/1598 2479/381/1592 2497/381/1638
f 2494/381/1632 2496/381/1631 2498/381/1582
f 2436/381/1628 2498/381/1582 2496/381/1631
f 2434/381/1711 2436/381/1628 2496/381/1631
f 2442/381/1580 2499/381/1727 2498/381/1582
f 2498/381/1582 2499/381/1727 2483/381/1583
f 2498/381/1582 2483/381/1583 2493/381/1646
f 2494/381/1632 2498/381/1582 2493/381/1646
f 2436/381/1628 2442/381/1580 2498/381/1582
f 2482/381/1584 2483/381/1583 2499/381/1727
f 2482/381/1584 2499/381/1727 2501/381/1578
f 2442/381/1580 2500/381/1579 2499/381/1727
f 2501/381/1578 2499/381/1727 2500/381/1579
f 2501/381/1578 2428/381/1577 2430/381/1586
f 2502/381/1576 2428/381/1577 2501/381/1578
f 2501/381/1578 2500/381/1579 2502/381/1576
f 2501/381/1578 2430/381/1586 2482/381/1584
f 2424/381/1573 2427/381/1708 2502/381/1576
f 2424/381/1573 2502/381/1576 2413/381/1561
f 2500/381/1579 2413/381/1561 2502/381/1576
f 2502/381/1576 2427/381/1708 2428/381/1577
f 2412/381/1560 2500/381/1579 2442/381/1580
f 2500/381/1579 2412/381/1560 2413/381/1561
f 2493/381/1646 2483/381/1583 2484/381/1643
f 2493/381/1646 2484/381/1643 2488/381/1641
f 2478/381/1598 2490/381/1726 2458/381/1599
f 2490/381/1726 2487/381/1612 2458/381/1599
f 2456/381/1715 2487/381/1612 2470/381/1644
f 2458/381/1599 2487/381/1612 2456/381/1715
f 2430/381/1586 2431/381/1588 2479/381/1592
f 2479/381/1592 2431/381/1588 2433/381/1634
f 2478/381/1598 2458/381/1599 2459/381/1717
f 2456/381/1715 2470/381/1644 2469/381/1613
f 2469/381/1613 2467/381/1721 2503/381/1611
f 2455/381/1609 2469/381/1613 2503/381/1611
f 2455/381/1609 2456/381/1715 2469/381/1613
f 2503/381/1611 2467/381/1721 2504/381/1615
f 2503/381/1611 2504/381/1615 2446/381/1616
f 2503/381/1611 2448/381/1617 2455/381/1609
f 2503/381/1611 2446/381/1616 2448/381/1617
f 2446/381/1616 2504/381/1615 2444/381/1623
f 2410/381/1558 2444/381/1623 2504/381/1615
f 2410/381/1558 2504/381/1615 2416/381/1564
f 2416/381/1564 2504/381/1615 2467/381/1721
f 2451/381/1608 2455/381/1609 2448/381/1617
f 2421/381/1706 2419/381/1705 2450/381/1568
f 2450/381/1568 2439/381/1627 2421/381/1706
f 2411/381/1702 2444/381/1623 2410/381/1558
f 2412/381/1560 2442/381/1580 2441/381/1624
f 2411/381/1702 2412/381/1560 2441/381/1624
f 2421/381/1706 2439/381/1627 2437/381/1712
f 2437/381/1712 2425/381/1651 2422/381/1707
f 2421/381/1706 2437/381/1712 2422/381/1707
f 2414/381/1703 2424/381/1573 2413/381/1561
f 2511/381/1728 2505/381/1461 2506/381/1660
f 2507/381/1463 2506/381/1660 2505/381/1461
f 2508/381/1464 2507/381/1463 2505/381/1461
f 2508/381/1464 2505/381/1461 2509/381/1729
f 2510/381/1661 2509/381/1729 2505/381/1461
f 2511/381/1728 2510/381/1661 2505/381/1461
f 2515/381/1467 2510/381/1661 2511/381/1728
f 2512/381/1551 2511/381/1728 2506/381/1660
f 2512/381/1551 2513/381/1730 2511/381/1728
f 2514/381/1663 2511/381/1728 2513/381/1730
f 2514/381/1663 2515/381/1467 2511/381/1728
f 2515/381/1467 2514/381/1663 2516/381/1472
f 2515/381/1467 2516/381/1472 2517/381/1473
f 2518/381/1545 2515/381/1467 2517/381/1473
f 2515/381/1467 2519/381/1731 2510/381/1661
f 2518/381/1545 2519/381/1731 2515/381/1467
f 2520/381/1543 2519/381/1731 2518/381/1545
f 2510/381/1661 2519/381/1731 2521/381/1542
f 2520/381/1543 2521/381/1542 2519/381/1731
f 2510/381/1661 2521/381/1542 2523/381/1541
f 2522/381/1732 2521/381/1542 2520/381/1543
f 2523/381/1541 2521/381/1542 2522/381/1732
f 2510/381/1661 2523/381/1541 2509/381/1729
f 2523/381/1541 2522/381/1732 2524/381/1733
f 2509/381/1729 2523/381/1541 2524/381/1733
f 2522/381/1732 2526/381/1537 2524/381/1733
f 2509/381/1729 2524/381/1733 2525/381/1734
f 2525/381/1734 2524/381/1733 2526/381/1537
f 2522/381/1732 2527/381/1735 2526/381/1537
f 2525/381/1734 2526/381/1537 2528/381/1539
f 2527/381/1735 2529/381/1682 2526/381/1537
f 2528/381/1539 2526/381/1537 2529/381/1682
f 2528/381/1539 2529/381/1682 2531/381/1497
f 2527/381/1735 2530/381/1680 2529/381/1682
f 2530/381/1680 2532/381/1736 2529/381/1682
f 2531/381/1497 2529/381/1682 2532/381/1736
f 2531/381/1497 2532/381/1736 2533/381/1737
f 2532/381/1736 2534/381/1493 2533/381/1737
f 2532/381/1736 2536/381/1501 2534/381/1493
f 2530/381/1680 2535/381/1738 2532/381/1736
f 2535/381/1738 2536/381/1501 2532/381/1736
f 2536/381/1501 2538/381/1503 2537/381/1504
f 2536/381/1501 2537/381/1504 2534/381/1493
f 2536/381/1501 2540/381/1739 2538/381/1503
f 2536/381/1501 2539/381/1740 2540/381/1739
f 2535/381/1738 2539/381/1740 2536/381/1501
f 2541/381/1507 2542/381/1509 2540/381/1739
f 2539/381/1740 2541/381/1507 2540/381/1739
f 2538/381/1503 2540/381/1739 2542/381/1509
f 2545/381/1741 2542/381/1509 2543/381/1470
f 2544/381/1742 2543/381/1470 2542/381/1509
f 2541/381/1507 2544/381/1742 2542/381/1509
f 2538/381/1503 2542/381/1509 2545/381/1741
f 2537/381/1504 2538/381/1503 2545/381/1741
f 2537/381/1504 2545/381/1741 2546/381/1554
f 2546/381/1554 2545/381/1741 2547/381/1553
f 2545/381/1741 2543/381/1470 2547/381/1553
f 2546/381/1554 2547/381/1553 2548/381/1671
f 2548/381/1671 2547/381/1553 2513/381/1730
f 2543/381/1470 2513/381/1730 2547/381/1553
f 2548/381/1671 2513/381/1730 2512/381/1551
f 2512/381/1551 2549/381/1743 2548/381/1671
f 2548/381/1671 2549/381/1743 2550/381/1487
f 2548/381/1671 2550/381/1487 2546/381/1554
f 2551/381/1669 2550/381/1487 2549/381/1743
f 2552/381/1486 2550/381/1487 2551/381/1669
f 2552/381/1486 2553/381/1490 2550/381/1487
f 2550/381/1487 2553/381/1490 2537/381/1504
f 2550/381/1487 2537/381/1504 2546/381/1554
f 2553/381/1490 2554/381/1683 2534/381/1493
f 2554/381/1683 2553/381/1490 2552/381/1486
f 2553/381/1490 2534/381/1493 2537/381/1504
f 2554/381/1683 2552/381/1486 2555/381/1685
f 2556/381/1684 2554/381/1683 2555/381/1685
f 2554/381/1683 2533/381/1737 2534/381/1493
f 2554/381/1683 2556/381/1684 2533/381/1737
f 2556/381/1684 2555/381/1685 2557/381/1518
f 2558/381/1519 2556/381/1684 2557/381/1518
f 2558/381/1519 2559/381/1496 2556/381/1684
f 2556/381/1684 2559/381/1496 2531/381/1497
f 2556/381/1684 2531/381/1497 2533/381/1737
f 2560/381/1521 2561/381/1524 2559/381/1496
f 2560/381/1521 2559/381/1496 2558/381/1519
f 2531/381/1497 2559/381/1496 2561/381/1524
f 2562/381/1523 2563/381/1525 2561/381/1524
f 2562/381/1523 2561/381/1524 2560/381/1521
f 2528/381/1539 2561/381/1524 2563/381/1525
f 2531/381/1497 2561/381/1524 2528/381/1539
f 2508/381/1464 2563/381/1525 2562/381/1523
f 2528/381/1539 2563/381/1525 2525/381/1734
f 2525/381/1734 2563/381/1525 2508/381/1464
f 2562/381/1523 2560/381/1521 2564/381/1691
f 2562/381/1523 2564/381/1691 2565/381/1700
f 2508/381/1464 2562/381/1523 2566/381/1527
f 2566/381/1527 2562/381/1523 2565/381/1700
f 2566/381/1527 2565/381/1700 2568/381/1528
f 2507/381/1463 2508/381/1464 2566/381/1527
f 2507/381/1463 2566/381/1527 2567/381/1547
f 2567/381/1547 2566/381/1527 2568/381/1528
f 2569/381/1529 2570/381/1546 2568/381/1528
f 2569/381/1529 2568/381/1528 2565/381/1700
f 2568/381/1528 2570/381/1546 2571/381/1478
f 2568/381/1528 2571/381/1478 2572/381/1479
f 2567/381/1547 2568/381/1528 2572/381/1479
f 2572/381/1479 2571/381/1478 2573/381/1744
f 2572/381/1479 2573/381/1744 2574/381/1480
f 2575/381/1549 2572/381/1479 2574/381/1480
f 2575/381/1549 2567/381/1547 2572/381/1479
f 2576/381/1548 2567/381/1547 2575/381/1549
f 2577/381/1745 2576/381/1548 2575/381/1549
f 2577/381/1745 2575/381/1549 2574/381/1480
f 2577/381/1745 2578/381/1550 2576/381/1548
f 2577/381/1745 2574/381/1480 2580/381/1477
f 2579/381/1482 2578/381/1550 2577/381/1745
f 2579/381/1482 2577/381/1745 2580/381/1477
f 2581/381/1476 2582/381/1746 2580/381/1477
f 2573/381/1744 2581/381/1476 2580/381/1477
f 2573/381/1744 2580/381/1477 2574/381/1480
f 2579/381/1482 2580/381/1477 2582/381/1746
f 2583/381/1687 2582/381/1746 2584/381/1475
f 2582/381/1746 2583/381/1687 2551/381/1669
f 2582/381/1746 2551/381/1669 2579/381/1482
f 2581/381/1476 2584/381/1475 2582/381/1746
f 2584/381/1475 2581/381/1476 2516/381/1472
f 2584/381/1475 2516/381/1472 2585/381/1471
f 2586/381/1510 2584/381/1475 2585/381/1471
f 2583/381/1687 2584/381/1475 2586/381/1510
f 2587/381/1688 2583/381/1687 2586/381/1510
f 2586/381/1510 2585/381/1471 2544/381/1742
f 2587/381/1688 2586/381/1510 2588/381/1511
f 2541/381/1507 2588/381/1511 2586/381/1510
f 2541/381/1507 2586/381/1510 2544/381/1742
f 2589/381/1512 2587/381/1688 2588/381/1511
f 2590/381/1747 2588/381/1511 2541/381/1507
f 2590/381/1747 2589/381/1512 2588/381/1511
f 2591/381/1748 2589/381/1512 2590/381/1747
f 2539/381/1740 2590/381/1747 2541/381/1507
f 2590/381/1747 2539/381/1740 2535/381/1738
f 2590/381/1747 2535/381/1738 2591/381/1748
f 2535/381/1738 2593/381/1532 2591/381/1748
f 2591/381/1748 2592/381/1516 2589/381/1512
f 2593/381/1532 2592/381/1516 2591/381/1748
f 2595/381/1530 2593/381/1532 2594/381/1699
f 2530/381/1680 2594/381/1699 2593/381/1532
f 2535/381/1738 2530/381/1680 2593/381/1532
f 2595/381/1530 2596/381/1749 2593/381/1532
f 2593/381/1532 2596/381/1749 2592/381/1516
f 2597/381/1690 2592/381/1516 2596/381/1749
f 2597/381/1690 2596/381/1749 2598/381/1520
f 2596/381/1749 2595/381/1530 2564/381/1691
f 2596/381/1749 2564/381/1691 2598/381/1520
f 2597/381/1690 2598/381/1520 2558/381/1519
f 2598/381/1520 2560/381/1521 2558/381/1519
f 2598/381/1520 2564/381/1691 2560/381/1521
f 2599/381/1750 2592/381/1516 2597/381/1690
f 2599/381/1750 2597/381/1690 2557/381/1518
f 2597/381/1690 2558/381/1519 2557/381/1518
f 2599/381/1750 2589/381/1512 2592/381/1516
f 2589/381/1512 2599/381/1750 2587/381/1688
f 2599/381/1750 2557/381/1518 2555/381/1685
f 2587/381/1688 2599/381/1750 2555/381/1685
f 2569/381/1529 2595/381/1530 2594/381/1699
f 2595/381/1530 2569/381/1529 2565/381/1700
f 2595/381/1530 2565/381/1700 2564/381/1691
f 2527/381/1735 2600/381/1534 2594/381/1699
f 2530/381/1680 2527/381/1735 2594/381/1699
f 2569/381/1529 2594/381/1699 2600/381/1534
f 2522/381/1732 2520/381/1543 2600/381/1534
f 2527/381/1735 2522/381/1732 2600/381/1534
f 2520/381/1543 2569/381/1529 2600/381/1534
f 2587/381/1688 2555/381/1685 2552/381/1486
f 2583/381/1687 2587/381/1688 2552/381/1486
f 2544/381/1742 2585/381/1471 2543/381/1470
f 2514/381/1663 2543/381/1470 2585/381/1471
f 2514/381/1663 2585/381/1471 2516/381/1472
f 2583/381/1687 2552/381/1486 2551/381/1669
f 2516/381/1472 2581/381/1476 2573/381/1744
f 2579/381/1482 2549/381/1743 2578/381/1550
f 2551/381/1669 2549/381/1743 2579/381/1482
f 2576/381/1548 2578/381/1550 2512/381/1551
f 2512/381/1551 2578/381/1550 2549/381/1743
f 2576/381/1548 2507/381/1463 2567/381/1547
f 2507/381/1463 2576/381/1548 2506/381/1660
f 2576/381/1548 2512/381/1551 2506/381/1660
f 2517/381/1473 2573/381/1744 2571/381/1478
f 2516/381/1472 2573/381/1744 2517/381/1473
f 2518/381/1545 2571/381/1478 2570/381/1546
f 2517/381/1473 2571/381/1478 2518/381/1545
f 2518/381/1545 2570/381/1546 2520/381/1543
f 2520/381/1543 2570/381/1546 2569/381/1529
f 2543/381/1470 2514/381/1663 2513/381/1730
f 2525/381/1734 2508/381/1464 2509/381/1729
f 2607/381/1556 2601/381/1557 2602/381/1558
f 2603/381/1559 2602/381/1558 2601/381/1557
f 2604/381/1751 2603/381/1559 2601/381/1557
f 2604/381/1751 2601/381/1557 2605/381/1752
f 2606/381/1703 2605/381/1752 2601/381/1557
f 2607/381/1556 2606/381/1703 2601/381/1557
f 2610/381/1705 2606/381/1703 2607/381/1556
f 2608/381/1564 2607/381/1556 2602/381/1558
f 2608/381/1564 2609/381/1704 2607/381/1556
f 2611/381/1566 2607/381/1556 2609/381/1704
f 2611/381/1566 2610/381/1705 2607/381/1556
f 2611/381/1566 2612/381/1605 2615/381/1606
f 2613/381/1604 2612/381/1605 2611/381/1566
f 2613/381/1604 2611/381/1566 2609/381/1704
f 2610/381/1705 2611/381/1566 2614/381/1567
f 2611/381/1566 2615/381/1606 2614/381/1567
f 2618/381/1607 2614/381/1567 2615/381/1606
f 2617/381/1753 2615/381/1606 2612/381/1605
f 2616/381/1600 2618/381/1607 2615/381/1606
f 2616/381/1600 2615/381/1606 2617/381/1753
f 2621/381/1715 2618/381/1607 2616/381/1600
f 2618/381/1607 2619/381/1608 2614/381/1567
f 2619/381/1608 2618/381/1607 2620/381/1609
f 2621/381/1715 2620/381/1609 2618/381/1607
f 2622/381/1611 2620/381/1609 2621/381/1715
f 2624/381/1754 2621/381/1715 2616/381/1600
f 2622/381/1611 2621/381/1715 2623/381/1755
f 2621/381/1715 2625/381/1644 2623/381/1755
f 2621/381/1715 2624/381/1754 2625/381/1644
f 2629/381/1645 2626/381/1647 2625/381/1644
f 2625/381/1644 2626/381/1647 2627/381/1722
f 2625/381/1644 2627/381/1722 2623/381/1755
f 2624/381/1754 2628/381/1642 2625/381/1644
f 2629/381/1645 2625/381/1644 2628/381/1642
f 2629/381/1645 2630/381/1643 2631/381/1585
f 2630/381/1643 2629/381/1645 2628/381/1642
f 2629/381/1645 2631/381/1585 2632/381/1590
f 2626/381/1647 2629/381/1645 2632/381/1590
f 2626/381/1647 2632/381/1590 2633/381/1595
f 2634/381/1591 2633/381/1595 2632/381/1590
f 2635/381/1589 2634/381/1591 2632/381/1590
f 2635/381/1589 2632/381/1590 2631/381/1585
f 2636/381/1588 2638/381/1592 2635/381/1589
f 2636/381/1588 2635/381/1589 2637/381/1586
f 2637/381/1586 2635/381/1589 2631/381/1585
f 2635/381/1589 2638/381/1592 2639/381/1594
f 2635/381/1589 2639/381/1594 2634/381/1591
f 2640/381/1598 2639/381/1594 2638/381/1592
f 2639/381/1594 2640/381/1598 2641/381/1717
f 2639/381/1594 2641/381/1717 2642/381/1596
f 2634/381/1591 2639/381/1594 2642/381/1596
f 2634/381/1591 2642/381/1596 2643/381/1593
f 2644/381/1603 2643/381/1593 2642/381/1596
f 2644/381/1603 2642/381/1596 2645/381/1602
f 2642/381/1596 2617/381/1753 2645/381/1602
f 2642/381/1596 2641/381/1717 2617/381/1753
f 2644/381/1603 2645/381/1602 2612/381/1605
f 2617/381/1753 2612/381/1605 2645/381/1602
f 2643/381/1593 2644/381/1603 2646/381/1650
f 2646/381/1650 2644/381/1603 2613/381/1604
f 2644/381/1603 2612/381/1605 2613/381/1604
f 2627/381/1722 2633/381/1595 2646/381/1650
f 2647/381/1756 2627/381/1722 2646/381/1650
f 2646/381/1650 2613/381/1604 2647/381/1756
f 2643/381/1593 2646/381/1650 2633/381/1595
f 2647/381/1756 2613/381/1604 2609/381/1704
f 2647/381/1756 2609/381/1704 2608/381/1564
f 2608/381/1564 2648/381/1614 2647/381/1756
f 2647/381/1756 2648/381/1614 2627/381/1722
f 2622/381/1611 2648/381/1614 2649/381/1615
f 2608/381/1564 2649/381/1615 2648/381/1614
f 2623/381/1755 2627/381/1722 2648/381/1614
f 2623/381/1755 2648/381/1614 2622/381/1611
f 2650/381/1623 2649/381/1615 2608/381/1564
f 2651/381/1757 2649/381/1615 2650/381/1623
f 2622/381/1611 2649/381/1615 2651/381/1757
f 2651/381/1757 2650/381/1623 2652/381/1621
f 2651/381/1757 2652/381/1621 2653/381/1618
f 2651/381/1757 2653/381/1618 2654/381/1617
f 2622/381/1611 2651/381/1757 2654/381/1617
f 2619/381/1608 2620/381/1609 2654/381/1617
f 2655/381/1619 2619/381/1608 2654/381/1617
f 2655/381/1619 2654/381/1617 2653/381/1618
f 2622/381/1611 2654/381/1617 2620/381/1609
f 2619/381/1608 2655/381/1619 2656/381/1568
f 2656/381/1568 2655/381/1619 2657/381/1627
f 2658/381/1620 2657/381/1627 2655/381/1619
f 2658/381/1620 2655/381/1619 2653/381/1618
f 2659/381/1625 2657/381/1627 2658/381/1620
f 2660/381/1758 2659/381/1625 2658/381/1620
f 2652/381/1621 2660/381/1758 2658/381/1620
f 2652/381/1621 2658/381/1620 2653/381/1618
f 2603/381/1559 2661/381/1624 2660/381/1758
f 2660/381/1758 2661/381/1624 2659/381/1625
f 2650/381/1623 2603/381/1559 2660/381/1758
f 2650/381/1623 2660/381/1758 2652/381/1621
f 2659/381/1625 2661/381/1624 2662/381/1580
f 2604/381/1751 2662/381/1580 2661/381/1624
f 2603/381/1559 2604/381/1751 2661/381/1624
f 2604/381/1751 2663/381/1579 2662/381/1580
f 2662/381/1580 2663/381/1579 2664/381/1581
f 2662/381/1580 2664/381/1581 2665/381/1582
f 2666/381/1628 2662/381/1580 2665/381/1582
f 2659/381/1625 2662/381/1580 2666/381/1628
f 2667/381/1630 2669/381/1629 2666/381/1628
f 2667/381/1630 2666/381/1628 2668/381/1631
f 2666/381/1628 2665/381/1582 2668/381/1631
f 2669/381/1629 2659/381/1625 2666/381/1628
f 2669/381/1629 2667/381/1630 2670/381/1709
f 2669/381/1629 2670/381/1709 2671/381/1651
f 2673/381/1707 2669/381/1629 2671/381/1651
f 2669/381/1629 2672/381/1759 2659/381/1625
f 2673/381/1707 2672/381/1759 2669/381/1629
f 2674/381/1706 2672/381/1759 2673/381/1707
f 2673/381/1707 2677/381/1570 2674/381/1706
f 2673/381/1707 2675/381/1572 2677/381/1570
f 2676/381/1574 2675/381/1572 2673/381/1707
f 2676/381/1574 2673/381/1707 2671/381/1651
f 2606/381/1703 2677/381/1570 2675/381/1572
f 2674/381/1706 2677/381/1570 2610/381/1705
f 2610/381/1705 2677/381/1570 2606/381/1703
f 2676/381/1574 2678/381/1587 2679/381/1760
f 2678/381/1587 2676/381/1574 2671/381/1651
f 2676/381/1574 2679/381/1760 2681/381/1708
f 2680/381/1573 2675/381/1572 2676/381/1574
f 2680/381/1573 2676/381/1574 2681/381/1708
f 2680/381/1573 2681/381/1708 2682/381/1761
f 2682/381/1761 2681/381/1708 2679/381/1760
f 2682/381/1761 2679/381/1760 2683/381/1578
f 2683/381/1578 2663/381/1579 2682/381/1761
f 2682/381/1761 2663/381/1579 2604/381/1751
f 2680/381/1573 2682/381/1761 2605/381/1752
f 2682/381/1761 2604/381/1751 2605/381/1752
f 2683/381/1578 2679/381/1760 2637/381/1586
f 2683/381/1578 2637/381/1586 2684/381/1584
f 2684/381/1584 2664/381/1581 2683/381/1578
f 2683/381/1578 2664/381/1581 2663/381/1579
f 2631/381/1585 2685/381/1583 2684/381/1584
f 2637/381/1586 2631/381/1585 2684/381/1584
f 2684/381/1584 2685/381/1583 2664/381/1581
f 2665/381/1582 2664/381/1581 2685/381/1583
f 2665/381/1582 2685/381/1583 2687/381/1762
f 2685/381/1583 2630/381/1643 2686/381/1763
f 2631/381/1585 2630/381/1643 2685/381/1583
f 2685/381/1583 2686/381/1763 2687/381/1762
f 2688/381/1636 2687/381/1762 2686/381/1763
f 2689/381/1632 2665/381/1582 2687/381/1762
f 2688/381/1636 2689/381/1632 2687/381/1762
f 2688/381/1636 2690/381/1633 2689/381/1632
f 2689/381/1632 2668/381/1631 2665/381/1582
f 2690/381/1633 2668/381/1631 2689/381/1632
f 2688/381/1636 2691/381/1635 2690/381/1633
f 2690/381/1633 2691/381/1635 2692/381/1638
f 2690/381/1633 2692/381/1638 2693/381/1634
f 2667/381/1630 2690/381/1633 2693/381/1634
f 2690/381/1633 2667/381/1630 2668/381/1631
f 2636/381/1588 2670/381/1709 2693/381/1634
f 2692/381/1638 2636/381/1588 2693/381/1634
f 2667/381/1630 2693/381/1634 2670/381/1709
f 2692/381/1638 2638/381/1592 2636/381/1588
f 2640/381/1598 2638/381/1592 2692/381/1638
f 2692/381/1638 2694/381/1726 2640/381/1598
f 2692/381/1638 2691/381/1635 2694/381/1726
f 2695/381/1640 2694/381/1726 2691/381/1635
f 2694/381/1726 2695/381/1640 2624/381/1754
f 2694/381/1726 2624/381/1754 2696/381/1764
f 2640/381/1598 2694/381/1726 2696/381/1764
f 2641/381/1717 2696/381/1764 2616/381/1600
f 2624/381/1754 2616/381/1600 2696/381/1764
f 2640/381/1598 2696/381/1764 2641/381/1717
f 2624/381/1754 2695/381/1640 2628/381/1642
f 2688/381/1636 2628/381/1642 2695/381/1640
f 2695/381/1640 2691/381/1635 2688/381/1636
f 2688/381/1636 2686/381/1763 2628/381/1642
f 2630/381/1643 2628/381/1642 2686/381/1763
f 2606/381/1703 2675/381/1572 2680/381/1573
f 2606/381/1703 2680/381/1573 2605/381/1752
f 2678/381/1587 2637/381/1586 2679/381/1760
f 2678/381/1587 2636/381/1588 2637/381/1586
f 2636/381/1588 2678/381/1587 2670/381/1709
f 2678/381/1587 2671/381/1651 2670/381/1709
f 2656/381/1568 2657/381/1627 2674/381/1706
f 2674/381/1706 2657/381/1627 2672/381/1759
f 2674/381/1706 2610/381/1705 2656/381/1568
f 2659/381/1625 2672/381/1759 2657/381/1627
f 2610/381/1705 2614/381/1567 2656/381/1568
f 2619/381/1608 2656/381/1568 2614/381/1567
f 2603/381/1559 2650/381/1623 2602/381/1558
f 2650/381/1623 2608/381/1564 2602/381/1558
f 2634/381/1591 2643/381/1593 2633/381/1595
f 2641/381/1717 2616/381/1600 2617/381/1753
f 2627/381/1722 2626/381/1647 2633/381/1595
f 2703/381/1728 2697/381/1461 2698/381/1462
f 2699/381/1463 2698/381/1462 2697/381/1461
f 2700/381/1765 2699/381/1463 2697/381/1461
f 2700/381/1765 2697/381/1461 2701/381/1465
f 2702/381/1661 2701/381/1465 2697/381/1461
f 2703/381/1728 2702/381/1661 2697/381/1461
f 2706/381/1662 2702/381/1661 2703/381/1728
f 2704/381/1551 2703/381/1728 2698/381/1462
f 2704/381/1551 2705/381/1730 2703/381/1728
f 2707/381/1469 2703/381/1728 2705/381/1730
f 2707/381/1469 2706/381/1662 2703/381/1728
f 2708/381/1470 2707/381/1469 2705/381/1730
f 2707/381/1469 2708/381/1470 2709/381/1471
f 2707/381/1469 2709/381/1471 2710/381/1472
f 2706/381/1662 2707/381/1469 2710/381/1472
f 2714/381/1475 2711/381/1476 2710/381/1472
f 2710/381/1472 2711/381/1476 2712/381/1766
f 2710/381/1472 2712/381/1766 2713/381/1664
f 2706/381/1662 2710/381/1472 2713/381/1664
f 2714/381/1475 2710/381/1472 2709/381/1471
f 2717/381/1687 2714/381/1475 2715/381/1510
f 2715/381/1510 2714/381/1475 2709/381/1471
f 2711/381/1476 2714/381/1475 2716/381/1483
f 2717/381/1687 2716/381/1483 2714/381/1475
f 2716/381/1483 2717/381/1687 2718/381/1485
f 2717/381/1687 2719/381/1486 2718/381/1485
f 2717/381/1687 2720/381/1688 2719/381/1486
f 2720/381/1688 2717/381/1687 2715/381/1510
f 2720/381/1688 2724/381/1515 2721/381/1685
f 2720/381/1688 2721/381/1685 2719/381/1486
f 2722/381/1512 2724/381/1515 2720/381/1688
f 2722/381/1512 2720/381/1688 2723/381/1511
f 2720/381/1688 2715/381/1510 2723/381/1511
f 2724/381/1515 2722/381/1512 2725/381/1516
f 2724/381/1515 2725/381/1516 2726/381/1690
f 2724/381/1515 2726/381/1690 2727/381/1518
f 2724/381/1515 2727/381/1518 2721/381/1685
f 2728/381/1494 2721/381/1685 2727/381/1518
f 2729/381/1496 2728/381/1494 2727/381/1518
f 2729/381/1496 2727/381/1518 2730/381/1519
f 2726/381/1690 2730/381/1519 2727/381/1518
f 2731/381/1693 2729/381/1496 2730/381/1519
f 2732/381/1692 2731/381/1693 2730/381/1519
f 2726/381/1690 2732/381/1692 2730/381/1519
f 2726/381/1690 2733/381/1533 2732/381/1692
f 2732/381/1692 2734/381/1522 2731/381/1693
f 2733/381/1533 2734/381/1522 2732/381/1692
f 2733/381/1533 2735/381/1767 2734/381/1522
f 2737/381/1694 2731/381/1693 2734/381/1522
f 2735/381/1767 2736/381/1526 2734/381/1522
f 2737/381/1694 2734/381/1522 2736/381/1526
f 2700/381/1765 2738/381/1525 2737/381/1694
f 2737/381/1694 2738/381/1525 2739/381/1524
f 2737/381/1694 2739/381/1524 2731/381/1693
f 2740/381/1527 2737/381/1694 2736/381/1526
f 2700/381/1765 2737/381/1694 2740/381/1527
f 2740/381/1527 2736/381/1526 2741/381/1528
f 2742/381/1547 2740/381/1527 2741/381/1528
f 2699/381/1463 2740/381/1527 2742/381/1547
f 2699/381/1463 2700/381/1765 2740/381/1527
f 2742/381/1547 2741/381/1528 2743/381/1479
f 2742/381/1547 2743/381/1479 2746/381/1480
f 2744/381/1548 2699/381/1463 2742/381/1547
f 2744/381/1548 2742/381/1547 2745/381/1768
f 2742/381/1547 2746/381/1480 2745/381/1768
f 2747/381/1481 2745/381/1768 2746/381/1480
f 2743/381/1479 2712/381/1766 2746/381/1480
f 2747/381/1481 2746/381/1480 2748/381/1769
f 2746/381/1480 2711/381/1476 2748/381/1769
f 2746/381/1480 2712/381/1766 2711/381/1476
f 2749/381/1482 2747/381/1481 2748/381/1769
f 2711/381/1476 2716/381/1483 2748/381/1769
f 2749/381/1482 2748/381/1769 2716/381/1483
f 2749/381/1482 2750/381/1488 2751/381/1770
f 2718/381/1485 2750/381/1488 2749/381/1482
f 2716/381/1483 2718/381/1485 2749/381/1482
f 2749/381/1482 2751/381/1770 2747/381/1481
f 2744/381/1548 2751/381/1770 2704/381/1551
f 2704/381/1551 2751/381/1770 2750/381/1488
f 2747/381/1481 2751/381/1770 2744/381/1548
f 2704/381/1551 2750/381/1488 2752/381/1671
f 2752/381/1671 2750/381/1488 2753/381/1487
f 2718/381/1485 2753/381/1487 2750/381/1488
f 2752/381/1671 2753/381/1487 2755/381/1554
f 2719/381/1486 2753/381/1487 2718/381/1485
f 2719/381/1486 2754/381/1490 2753/381/1487
f 2755/381/1554 2753/381/1487 2754/381/1490
f 2755/381/1554 2754/381/1490 2756/381/1504
f 2757/381/1771 2755/381/1554 2756/381/1504
f 2757/381/1771 2758/381/1674 2755/381/1554
f 2755/381/1554 2759/381/1553 2752/381/1671
f 2755/381/1554 2758/381/1674 2759/381/1553
f 2758/381/1674 2708/381/1470 2759/381/1553
f 2752/381/1671 2759/381/1553 2705/381/1730
f 2708/381/1470 2705/381/1730 2759/381/1553
f 2757/381/1771 2760/381/1772 2758/381/1674
f 2758/381/1674 2760/381/1772 2708/381/1470
f 2757/381/1771 2761/381/1739 2760/381/1772
f 2761/381/1739 2762/381/1742 2760/381/1772
f 2762/381/1742 2708/381/1470 2760/381/1772
f 2715/381/1510 2709/381/1471 2762/381/1742
f 2723/381/1511 2715/381/1510 2762/381/1742
f 2723/381/1511 2762/381/1742 2763/381/1507
f 2761/381/1739 2763/381/1507 2762/381/1742
f 2762/381/1742 2709/381/1471 2708/381/1470
f 2764/381/1701 2723/381/1511 2763/381/1507
f 2765/381/1773 2764/381/1701 2763/381/1507
f 2765/381/1773 2763/381/1507 2761/381/1739
f 2767/381/1679 2765/381/1773 2766/381/1774
f 2766/381/1774 2765/381/1773 2761/381/1739
f 2764/381/1701 2765/381/1773 2767/381/1679
f 2767/381/1679 2766/381/1774 2768/381/1736
f 2769/381/1680 2767/381/1679 2768/381/1736
f 2770/381/1748 2767/381/1679 2769/381/1680
f 2764/381/1701 2767/381/1679 2770/381/1748
f 2770/381/1748 2725/381/1516 2722/381/1512
f 2771/381/1532 2725/381/1516 2770/381/1748
f 2770/381/1748 2769/381/1680 2771/381/1532
f 2770/381/1748 2722/381/1512 2764/381/1701
f 2735/381/1767 2771/381/1532 2772/381/1531
f 2769/381/1680 2772/381/1531 2771/381/1532
f 2735/381/1767 2733/381/1533 2771/381/1532
f 2771/381/1532 2733/381/1533 2725/381/1516
f 2775/381/1529 2772/381/1531 2773/381/1534
f 2774/381/1535 2773/381/1534 2772/381/1531
f 2769/381/1680 2774/381/1535 2772/381/1531
f 2775/381/1529 2735/381/1767 2772/381/1531
f 2735/381/1767 2775/381/1529 2736/381/1526
f 2736/381/1526 2775/381/1529 2776/381/1546
f 2776/381/1546 2775/381/1529 2773/381/1534
f 2736/381/1526 2776/381/1546 2741/381/1528
f 2741/381/1528 2776/381/1546 2777/381/1478
f 2778/381/1775 2777/381/1478 2776/381/1546
f 2778/381/1775 2776/381/1546 2779/381/1543
f 2776/381/1546 2773/381/1534 2779/381/1543
f 2779/381/1543 2781/381/1776 2780/381/1544
f 2779/381/1543 2780/381/1544 2778/381/1775
f 2782/381/1536 2781/381/1776 2779/381/1543
f 2782/381/1536 2779/381/1543 2773/381/1534
f 2783/381/1697 2781/381/1776 2782/381/1536
f 2774/381/1535 2782/381/1536 2773/381/1534
f 2783/381/1697 2782/381/1536 2784/381/1540
f 2782/381/1536 2785/381/1696 2784/381/1540
f 2782/381/1536 2774/381/1535 2785/381/1696
f 2787/381/1539 2785/381/1696 2786/381/1498
f 2774/381/1535 2786/381/1498 2785/381/1696
f 2788/381/1777 2785/381/1696 2787/381/1539
f 2788/381/1777 2784/381/1540 2785/381/1696
f 2787/381/1539 2738/381/1525 2788/381/1777
f 2788/381/1777 2738/381/1525 2700/381/1765
f 2783/381/1697 2784/381/1540 2788/381/1777
f 2783/381/1697 2788/381/1777 2701/381/1465
f 2788/381/1777 2700/381/1765 2701/381/1465
f 2787/381/1539 2786/381/1498 2789/381/1497
f 2789/381/1497 2739/381/1524 2787/381/1539
f 2787/381/1539 2739/381/1524 2738/381/1525
f 2790/381/1681 2729/381/1496 2789/381/1497
f 2786/381/1498 2790/381/1681 2789/381/1497
f 2789/381/1497 2729/381/1496 2739/381/1524
f 2792/381/1683 2790/381/1681 2791/381/1493
f 2768/381/1736 2791/381/1493 2790/381/1681
f 2786/381/1498 2768/381/1736 2790/381/1681
f 2792/381/1683 2728/381/1494 2790/381/1681
f 2790/381/1681 2728/381/1494 2729/381/1496
f 2754/381/1490 2792/381/1683 2791/381/1493
f 2792/381/1683 2754/381/1490 2719/381/1486
f 2792/381/1683 2719/381/1486 2721/381/1685
f 2728/381/1494 2792/381/1683 2721/381/1685
f 2754/381/1490 2791/381/1493 2756/381/1504
f 2766/381/1774 2756/381/1504 2791/381/1493
f 2768/381/1736 2766/381/1774 2791/381/1493
f 2769/381/1680 2768/381/1736 2786/381/1498
f 2774/381/1535 2769/381/1680 2786/381/1498
f 2702/381/1661 2781/381/1776 2783/381/1697
f 2702/381/1661 2783/381/1697 2701/381/1465
f 2702/381/1661 2780/381/1544 2781/381/1776
f 2778/381/1775 2780/381/1544 2706/381/1662
f 2706/381/1662 2780/381/1544 2702/381/1661
f 2778/381/1775 2706/381/1662 2713/381/1664
f 2713/381/1664 2777/381/1478 2778/381/1775
f 2741/381/1528 2777/381/1478 2743/381/1479
f 2743/381/1479 2777/381/1478 2712/381/1766
f 2713/381/1664 2712/381/1766 2777/381/1478
f 2766/381/1774 2761/381/1739 2757/381/1771
f 2766/381/1774 2757/381/1771 2756/381/1504
f 2764/381/1701 2722/381/1512 2723/381/1511
f 2752/381/1671 2705/381/1730 2704/381/1551
f 2747/381/1481 2744/381/1548 2745/381/1768
f 2699/381/1463 2744/381/1548 2698/381/1462
f 2744/381/1548 2704/381/1551 2698/381/1462
f 2731/381/1693 2739/381/1524 2729/381/1496
f 2726/381/1690 2725/381/1516 2733/381/1533
f 2799/381/1556 2793/381/1557 2794/381/1558
f 2795/381/1702 2794/381/1558 2793/381/1557
f 2796/381/1560 2795/381/1702 2793/381/1557
f 2796/381/1560 2793/381/1557 2797/381/1561
f 2798/381/1562 2797/381/1561 2793/381/1557
f 2799/381/1556 2798/381/1562 2793/381/1557
f 2802/381/1705 2798/381/1562 2799/381/1556
f 2800/381/1564 2799/381/1556 2794/381/1558
f 2800/381/1564 2801/381/1704 2799/381/1556
f 2803/381/1566 2799/381/1556 2801/381/1704
f 2803/381/1566 2802/381/1705 2799/381/1556
f 2804/381/1605 2803/381/1566 2801/381/1704
f 2803/381/1566 2804/381/1605 2805/381/1778
f 2803/381/1566 2805/381/1778 2806/381/1567
f 2802/381/1705 2803/381/1566 2806/381/1567
f 2802/381/1705 2806/381/1567 2810/381/1568
f 2808/381/1714 2806/381/1567 2805/381/1778
f 2806/381/1567 2807/381/1608 2809/381/1619
f 2808/381/1714 2807/381/1608 2806/381/1567
f 2806/381/1567 2809/381/1619 2810/381/1568
f 2810/381/1568 2809/381/1619 2811/381/1627
f 2812/381/1706 2802/381/1705 2810/381/1568
f 2810/381/1568 2811/381/1627 2812/381/1706
f 2812/381/1706 2813/381/1570 2802/381/1705
f 2814/381/1707 2813/381/1570 2812/381/1706
f 2812/381/1706 2815/381/1626 2814/381/1707
f 2812/381/1706 2811/381/1627 2815/381/1626
f 2816/381/1625 2815/381/1626 2811/381/1627
f 2814/381/1707 2815/381/1626 2818/381/1710
f 2817/381/1628 2815/381/1626 2816/381/1625
f 2817/381/1628 2818/381/1710 2815/381/1626
f 2818/381/1710 2819/381/1630 2820/381/1709
f 2819/381/1630 2818/381/1710 2817/381/1628
f 2818/381/1710 2820/381/1709 2821/381/1651
f 2814/381/1707 2818/381/1710 2821/381/1651
f 2822/381/1587 2821/381/1651 2820/381/1709
f 2821/381/1651 2824/381/1779 2814/381/1707
f 2822/381/1587 2823/381/1780 2821/381/1651
f 2821/381/1651 2823/381/1780 2824/381/1779
f 2813/381/1570 2824/381/1779 2825/381/1573
f 2825/381/1573 2824/381/1779 2823/381/1780
f 2814/381/1707 2824/381/1779 2813/381/1570
f 2825/381/1573 2823/381/1780 2826/381/1708
f 2825/381/1573 2826/381/1708 2827/381/1781
f 2825/381/1573 2827/381/1781 2797/381/1561
f 2798/381/1562 2825/381/1573 2797/381/1561
f 2813/381/1570 2825/381/1573 2798/381/1562
f 2827/381/1781 2826/381/1708 2828/381/1577
f 2827/381/1781 2828/381/1577 2829/381/1578
f 2829/381/1578 2830/381/1579 2827/381/1781
f 2827/381/1781 2796/381/1560 2797/381/1561
f 2827/381/1781 2830/381/1579 2796/381/1560
f 2796/381/1560 2830/381/1579 2831/381/1580
f 2831/381/1580 2830/381/1579 2832/381/1727
f 2829/381/1578 2832/381/1727 2830/381/1579
f 2831/381/1580 2832/381/1727 2833/381/1582
f 2833/381/1582 2832/381/1727 2834/381/1583
f 2835/381/1584 2834/381/1583 2832/381/1727
f 2835/381/1584 2832/381/1727 2829/381/1578
f 2836/381/1585 2834/381/1583 2835/381/1584
f 2837/381/1586 2836/381/1585 2835/381/1584
f 2829/381/1578 2837/381/1586 2835/381/1584
f 2837/381/1586 2838/381/1589 2836/381/1585
f 2839/381/1588 2838/381/1589 2837/381/1586
f 2828/381/1577 2839/381/1588 2837/381/1586
f 2829/381/1578 2828/381/1577 2837/381/1586
f 2839/381/1588 2822/381/1587 2820/381/1709
f 2839/381/1588 2820/381/1709 2840/381/1634
f 2841/381/1782 2839/381/1588 2840/381/1634
f 2841/381/1782 2842/381/1592 2839/381/1588
f 2839/381/1588 2842/381/1592 2838/381/1589
f 2828/381/1577 2822/381/1587 2839/381/1588
f 2842/381/1592 2843/381/1591 2838/381/1589
f 2845/381/1598 2842/381/1592 2841/381/1782
f 2842/381/1592 2844/381/1725 2843/381/1591
f 2845/381/1598 2844/381/1725 2842/381/1592
f 2845/381/1598 2848/381/1639 2846/381/1783
f 2845/381/1598 2846/381/1783 2847/381/1717
f 2844/381/1725 2845/381/1598 2847/381/1717
f 2841/381/1782 2848/381/1639 2845/381/1598
f 2848/381/1639 2849/381/1612 2846/381/1783
f 2848/381/1639 2851/381/1640 2849/381/1612
f 2851/381/1640 2848/381/1639 2850/381/1635
f 2841/381/1782 2850/381/1635 2848/381/1639
f 2851/381/1640 2850/381/1635 2852/381/1636
f 2854/381/1784 2849/381/1612 2851/381/1640
f 2852/381/1636 2853/381/1642 2851/381/1640
f 2854/381/1784 2851/381/1640 2853/381/1642
f 2858/381/1645 2855/381/1647 2854/381/1784
f 2854/381/1784 2855/381/1647 2856/381/1722
f 2854/381/1784 2856/381/1722 2857/381/1613
f 2857/381/1613 2849/381/1612 2854/381/1784
f 2858/381/1645 2854/381/1784 2853/381/1642
f 2859/381/1643 2858/381/1645 2853/381/1642
f 2858/381/1645 2859/381/1643 2836/381/1585
f 2858/381/1645 2836/381/1585 2860/381/1785
f 2855/381/1647 2858/381/1645 2860/381/1785
f 2855/381/1647 2860/381/1785 2861/381/1595
f 2843/381/1591 2861/381/1595 2860/381/1785
f 2838/381/1589 2843/381/1591 2860/381/1785
f 2838/381/1589 2860/381/1785 2836/381/1585
f 2856/381/1722 2855/381/1647 2861/381/1595
f 2856/381/1722 2861/381/1595 2862/381/1650
f 2863/381/1593 2862/381/1650 2861/381/1595
f 2843/381/1591 2863/381/1593 2861/381/1595
f 2863/381/1593 2865/381/1786 2862/381/1650
f 2843/381/1591 2864/381/1787 2863/381/1593
f 2863/381/1593 2864/381/1787 2866/381/1602
f 2863/381/1593 2866/381/1602 2865/381/1786
f 2864/381/1787 2868/381/1753 2866/381/1602
f 2867/381/1604 2865/381/1786 2866/381/1602
f 2867/381/1604 2866/381/1602 2804/381/1605
f 2868/381/1753 2804/381/1605 2866/381/1602
f 2869/381/1788 2805/381/1778 2868/381/1753
f 2868/381/1753 2805/381/1778 2804/381/1605
f 2846/381/1783 2869/381/1788 2868/381/1753
f 2846/381/1783 2868/381/1753 2847/381/1717
f 2864/381/1787 2847/381/1717 2868/381/1753
f 2869/381/1788 2808/381/1714 2805/381/1778
f 2870/381/1610 2808/381/1714 2869/381/1788
f 2849/381/1612 2870/381/1610 2869/381/1788
f 2849/381/1612 2869/381/1788 2846/381/1783
f 2872/381/1611 2871/381/1609 2870/381/1610
f 2870/381/1610 2871/381/1609 2808/381/1714
f 2857/381/1613 2870/381/1610 2849/381/1612
f 2872/381/1611 2870/381/1610 2857/381/1613
f 2872/381/1611 2873/381/1614 2874/381/1615
f 2857/381/1613 2873/381/1614 2872/381/1611
f 2872/381/1611 2874/381/1615 2875/381/1757
f 2872/381/1611 2875/381/1757 2876/381/1617
f 2872/381/1611 2876/381/1617 2871/381/1609
f 2809/381/1619 2876/381/1617 2877/381/1618
f 2875/381/1757 2877/381/1618 2876/381/1617
f 2809/381/1619 2807/381/1608 2876/381/1617
f 2807/381/1608 2871/381/1609 2876/381/1617
f 2878/381/1621 2879/381/1620 2877/381/1618
f 2875/381/1757 2878/381/1621 2877/381/1618
f 2879/381/1620 2809/381/1619 2877/381/1618
f 2879/381/1620 2811/381/1627 2809/381/1619
f 2816/381/1625 2811/381/1627 2879/381/1620
f 2880/381/1789 2816/381/1625 2879/381/1620
f 2878/381/1621 2880/381/1789 2879/381/1620
f 2880/381/1789 2881/381/1624 2816/381/1625
f 2795/381/1702 2881/381/1624 2880/381/1789
f 2882/381/1623 2795/381/1702 2880/381/1789
f 2882/381/1623 2880/381/1789 2878/381/1621
f 2795/381/1702 2882/381/1623 2794/381/1558
f 2882/381/1623 2800/381/1564 2794/381/1558
f 2882/381/1623 2874/381/1615 2800/381/1564
f 2875/381/1757 2874/381/1615 2882/381/1623
f 2875/381/1757 2882/381/1623 2878/381/1621
f 2881/381/1624 2831/381/1580 2817/381/1628
f 2881/381/1624 2817/381/1628 2816/381/1625
f 2796/381/1560 2831/381/1580 2881/381/1624
f 2795/381/1702 2796/381/1560 2881/381/1624
f 2800/381/1564 2874/381/1615 2873/381/1614
f 2800/381/1564 2873/381/1614 2883/381/1649
f 2883/381/1649 2873/381/1614 2856/381/1722
f 2857/381/1613 2856/381/1722 2873/381/1614
f 2883/381/1649 2867/381/1604 2801/381/1704
f 2883/381/1649 2801/381/1704 2800/381/1564
f 2883/381/1649 2856/381/1722 2862/381/1650
f 2862/381/1650 2867/381/1604 2883/381/1649
f 2807/381/1608 2808/381/1714 2871/381/1609
f 2862/381/1650 2865/381/1786 2867/381/1604
f 2804/381/1605 2801/381/1704 2867/381/1604
f 2843/381/1591 2844/381/1725 2864/381/1787
f 2844/381/1725 2847/381/1717 2864/381/1787
f 2836/381/1585 2859/381/1643 2834/381/1583
f 2884/381/1646 2834/381/1583 2859/381/1643
f 2884/381/1646 2859/381/1643 2885/381/1641
f 2859/381/1643 2853/381/1642 2885/381/1641
f 2852/381/1636 2884/381/1646 2885/381/1641
f 2852/381/1636 2885/381/1641 2853/381/1642
f 2886/381/1632 2833/381/1582 2884/381/1646
f 2852/381/1636 2886/381/1632 2884/381/1646
f 2833/381/1582 2834/381/1583 2884/381/1646
f 2886/381/1632 2887/381/1790 2833/381/1582
f 2888/381/1633 2887/381/1790 2886/381/1632
f 2852/381/1636 2888/381/1633 2886/381/1632
f 2840/381/1634 2888/381/1633 2850/381/1635
f 2852/381/1636 2850/381/1635 2888/381/1633
f 2819/381/1630 2888/381/1633 2840/381/1634
f 2888/381/1633 2819/381/1630 2887/381/1790
f 2831/381/1580 2833/381/1582 2887/381/1790
f 2831/381/1580 2887/381/1790 2817/381/1628
f 2819/381/1630 2817/381/1628 2887/381/1790
f 2840/381/1634 2850/381/1635 2841/381/1782
f 2819/381/1630 2840/381/1634 2820/381/1709
f 2823/381/1780 2822/381/1587 2828/381/1577
f 2823/381/1780 2828/381/1577 2826/381/1708
f 2802/381/1705 2813/381/1570 2798/381/1562
f 2895/381/1460 2889/381/1461 2890/381/1462
f 2891/381/1463 2890/381/1462 2889/381/1461
f 2892/381/1464 2891/381/1463 2889/381/1461
f 2892/381/1464 2889/381/1461 2893/381/1729
f 2894/381/1466 2893/381/1729 2889/381/1461
f 2895/381/1460 2894/381/1466 2889/381/1461
f 2899/381/1662 2894/381/1466 2895/381/1460
f 2896/381/1551 2895/381/1460 2890/381/1462
f 2896/381/1551 2897/381/1468 2895/381/1460
f 2898/381/1663 2895/381/1460 2897/381/1468
f 2898/381/1663 2899/381/1662 2895/381/1460
f 2899/381/1662 2900/381/1544 2894/381/1466
f 2901/381/1545 2900/381/1544 2899/381/1662
f 2901/381/1545 2899/381/1662 2903/381/1473
f 2899/381/1662 2898/381/1663 2902/381/1472
f 2899/381/1662 2902/381/1472 2903/381/1473
f 2906/381/1476 2903/381/1473 2902/381/1472
f 2903/381/1473 2905/381/1478 2901/381/1545
f 2906/381/1476 2904/381/1744 2903/381/1473
f 2903/381/1473 2904/381/1744 2905/381/1478
f 2907/381/1665 2906/381/1476 2902/381/1472
f 2906/381/1476 2907/381/1665 2908/381/1791
f 2906/381/1476 2908/381/1791 2909/381/1477
f 2904/381/1744 2906/381/1476 2909/381/1477
f 2904/381/1744 2909/381/1477 2910/381/1792
f 2911/381/1481 2910/381/1792 2909/381/1477
f 2912/381/1482 2911/381/1481 2909/381/1477
f 2912/381/1482 2909/381/1477 2908/381/1791
f 2912/381/1482 2915/381/1550 2911/381/1481
f 2908/381/1791 2913/381/1485 2912/381/1482
f 2913/381/1485 2914/381/1743 2912/381/1482
f 2912/381/1482 2914/381/1743 2915/381/1550
f 2911/381/1481 2915/381/1550 2916/381/1548
f 2890/381/1462 2916/381/1548 2915/381/1550
f 2890/381/1462 2915/381/1550 2896/381/1551
f 2896/381/1551 2915/381/1550 2914/381/1743
f 2916/381/1548 2891/381/1463 2917/381/1547
f 2891/381/1463 2916/381/1548 2890/381/1462
f 2916/381/1548 2917/381/1547 2918/381/1549
f 2911/381/1481 2916/381/1548 2918/381/1549
f 2917/381/1547 2910/381/1792 2918/381/1549
f 2911/381/1481 2918/381/1549 2910/381/1792
f 2917/381/1547 2921/381/1666 2919/381/1528
f 2917/381/1547 2919/381/1528 2920/381/1793
f 2917/381/1547 2920/381/1793 2910/381/1792
f 2891/381/1463 2921/381/1666 2917/381/1547
f 2921/381/1666 2923/381/1694 2922/381/1700
f 2921/381/1666 2922/381/1700 2919/381/1528
f 2892/381/1464 2923/381/1694 2921/381/1666
f 2891/381/1463 2892/381/1464 2921/381/1666
f 2892/381/1464 2924/381/1525 2923/381/1694
f 2923/381/1694 2924/381/1525 2925/381/1695
f 2923/381/1694 2925/381/1695 2926/381/1521
f 2923/381/1694 2926/381/1521 2927/381/1691
f 2923/381/1694 2927/381/1691 2922/381/1700
f 2928/381/1767 2922/381/1700 2927/381/1691
f 2929/381/1533 2928/381/1767 2927/381/1691
f 2929/381/1533 2927/381/1691 2930/381/1692
f 2927/381/1691 2931/381/1519 2930/381/1692
f 2927/381/1691 2926/381/1521 2931/381/1519
f 2932/381/1690 2930/381/1692 2931/381/1519
f 2926/381/1521 2934/381/1794 2931/381/1519
f 2932/381/1690 2931/381/1519 2933/381/1518
f 2934/381/1794 2933/381/1518 2931/381/1519
f 2935/381/1737 2937/381/1494 2934/381/1794
f 2935/381/1737 2934/381/1794 2936/381/1497
f 2936/381/1497 2934/381/1794 2925/381/1695
f 2926/381/1521 2925/381/1695 2934/381/1794
f 2934/381/1794 2937/381/1494 2933/381/1518
f 2938/381/1683 2937/381/1494 2935/381/1737
f 2937/381/1494 2938/381/1683 2939/381/1685
f 2937/381/1494 2939/381/1685 2933/381/1518
f 2940/381/1688 2942/381/1750 2939/381/1685
f 2940/381/1688 2939/381/1685 2941/381/1686
f 2938/381/1683 2941/381/1686 2939/381/1685
f 2942/381/1750 2933/381/1518 2939/381/1685
f 2944/381/1512 2942/381/1750 2940/381/1688
f 2942/381/1750 2932/381/1690 2933/381/1518
f 2942/381/1750 2943/381/1516 2932/381/1690
f 2942/381/1750 2944/381/1512 2943/381/1516
f 2945/381/1514 2943/381/1516 2944/381/1512
f 2944/381/1512 2940/381/1688 2947/381/1511
f 2945/381/1514 2944/381/1512 2946/381/1513
f 2946/381/1513 2944/381/1512 2947/381/1511
f 2946/381/1513 2947/381/1511 2948/381/1507
f 2947/381/1511 2949/381/1676 2948/381/1507
f 2947/381/1511 2950/381/1510 2949/381/1676
f 2947/381/1511 2951/381/1687 2950/381/1510
f 2947/381/1511 2940/381/1688 2951/381/1687
f 2908/381/1791 2951/381/1687 2913/381/1485
f 2951/381/1687 2908/381/1791 2907/381/1665
f 2951/381/1687 2907/381/1665 2950/381/1510
f 2951/381/1687 2941/381/1686 2913/381/1485
f 2951/381/1687 2940/381/1688 2941/381/1686
f 2950/381/1510 2952/381/1471 2949/381/1676
f 2950/381/1510 2907/381/1665 2952/381/1471
f 2949/381/1676 2952/381/1471 2953/381/1675
f 2898/381/1663 2953/381/1675 2952/381/1471
f 2898/381/1663 2952/381/1471 2902/381/1472
f 2907/381/1665 2902/381/1472 2952/381/1471
f 2953/381/1675 2898/381/1663 2897/381/1468
f 2953/381/1675 2897/381/1468 2954/381/1795
f 2955/381/1674 2953/381/1675 2954/381/1795
f 2955/381/1674 2956/381/1509 2953/381/1675
f 2949/381/1676 2953/381/1675 2956/381/1509
f 2957/381/1505 2949/381/1676 2956/381/1509
f 2958/381/1771 2957/381/1505 2956/381/1509
f 2958/381/1771 2956/381/1509 2955/381/1674
f 2958/381/1771 2955/381/1674 2959/381/1554
f 2958/381/1771 2959/381/1554 2960/381/1504
f 2961/381/1501 2958/381/1771 2960/381/1504
f 2961/381/1501 2957/381/1505 2958/381/1771
f 2961/381/1501 2965/381/1678 2957/381/1505
f 2961/381/1501 2960/381/1504 2964/381/1493
f 2962/381/1500 2965/381/1678 2961/381/1501
f 2962/381/1500 2961/381/1501 2963/381/1736
f 2963/381/1736 2961/381/1501 2964/381/1493
f 2946/381/1513 2965/381/1678 2962/381/1500
f 2965/381/1678 2948/381/1507 2957/381/1505
f 2965/381/1678 2946/381/1513 2948/381/1507
f 2963/381/1736 2964/381/1493 2935/381/1737
f 2966/381/1490 2964/381/1493 2960/381/1504
f 2938/381/1683 2935/381/1737 2964/381/1493
f 2966/381/1490 2938/381/1683 2964/381/1493
f 2966/381/1490 2967/381/1672 2913/381/1485
f 2959/381/1554 2967/381/1672 2966/381/1490
f 2959/381/1554 2966/381/1490 2960/381/1504
f 2966/381/1490 2913/381/1485 2941/381/1686
f 2938/381/1683 2966/381/1490 2941/381/1686
f 2968/381/1552 2967/381/1672 2959/381/1554
f 2968/381/1552 2914/381/1743 2967/381/1672
f 2913/381/1485 2967/381/1672 2914/381/1743
f 2896/381/1551 2914/381/1743 2968/381/1552
f 2968/381/1552 2897/381/1468 2896/381/1551
f 2968/381/1552 2954/381/1795 2897/381/1468
f 2959/381/1554 2954/381/1795 2968/381/1552
f 2969/381/1502 2962/381/1500 2963/381/1736
f 2969/381/1502 2963/381/1736 2970/381/1498
f 2936/381/1497 2970/381/1498 2963/381/1736
f 2936/381/1497 2963/381/1736 2935/381/1737
f 2971/381/1535 2969/381/1502 2970/381/1498
f 2971/381/1535 2970/381/1498 2972/381/1696
f 2973/381/1539 2972/381/1696 2970/381/1498
f 2973/381/1539 2970/381/1498 2936/381/1497
f 2974/381/1538 2972/381/1696 2973/381/1539
f 2936/381/1497 2925/381/1695 2973/381/1539
f 2973/381/1539 2925/381/1695 2924/381/1525
f 2973/381/1539 2924/381/1525 2974/381/1538
f 2974/381/1538 2924/381/1525 2892/381/1464
f 2974/381/1538 2892/381/1464 2893/381/1729
f 2974/381/1538 2975/381/1540 2972/381/1696
f 2976/381/1697 2975/381/1540 2974/381/1538
f 2976/381/1697 2974/381/1538 2893/381/1729
f 2976/381/1697 2977/381/1536 2975/381/1540
f 2894/381/1466 2976/381/1697 2893/381/1729
f 2976/381/1697 2978/381/1796 2977/381/1536
f 2894/381/1466 2978/381/1796 2976/381/1697
f 2979/381/1534 2977/381/1536 2978/381/1796
f 2979/381/1534 2978/381/1796 2980/381/1543
f 2980/381/1543 2978/381/1796 2900/381/1544
f 2894/381/1466 2900/381/1544 2978/381/1796
f 2981/381/1546 2979/381/1534 2980/381/1543
f 2980/381/1543 2900/381/1544 2901/381/1545
f 2901/381/1545 2981/381/1546 2980/381/1543
f 2919/381/1528 2981/381/1546 2905/381/1478
f 2901/381/1545 2905/381/1478 2981/381/1546
f 2922/381/1700 2981/381/1546 2919/381/1528
f 2922/381/1700 2982/381/1529 2981/381/1546
f 2981/381/1546 2982/381/1529 2979/381/1534
f 2982/381/1529 2928/381/1767 2983/381/1699
f 2928/381/1767 2982/381/1529 2922/381/1700
f 2982/381/1529 2983/381/1699 2979/381/1534
f 2969/381/1502 2983/381/1699 2984/381/1532
f 2928/381/1767 2984/381/1532 2983/381/1699
f 2969/381/1502 2971/381/1535 2983/381/1699
f 2971/381/1535 2979/381/1534 2983/381/1699
f 2984/381/1532 2929/381/1533 2943/381/1516
f 2984/381/1532 2943/381/1516 2945/381/1514
f 2962/381/1500 2984/381/1532 2945/381/1514
f 2962/381/1500 2969/381/1502 2984/381/1532
f 2928/381/1767 2929/381/1533 2984/381/1532
f 2971/381/1535 2977/381/1536 2979/381/1534
f 2977/381/1536 2972/381/1696 2975/381/1540
f 2977/381/1536 2971/381/1535 2972/381/1696
f 2946/381/1513 2962/381/1500 2945/381/1514
f 2959/381/1554 2955/381/1674 2954/381/1795
f 2957/381/1505 2948/381/1507 2949/381/1676
f 2943/381/1516 2930/381/1692 2932/381/1690
f 2943/381/1516 2929/381/1533 2930/381/1692
f 2920/381/1793 2905/381/1478 2904/381/1744
f 2919/381/1528 2905/381/1478 2920/381/1793
f 2920/381/1793 2904/381/1744 2910/381/1792
f 2991/381/1556 2985/381/1557 2986/381/1558
f 2987/381/1797 2986/381/1558 2985/381/1557
f 2988/381/1560 2987/381/1797 2985/381/1557
f 2988/381/1560 2985/381/1557 2989/381/1561
f 2990/381/1703 2989/381/1561 2985/381/1557
f 2991/381/1556 2990/381/1703 2985/381/1557
f 2991/381/1556 2995/381/1570 2990/381/1703
f 2992/381/1704 2991/381/1556 2986/381/1558
f 2993/381/1566 2991/381/1556 2992/381/1704
f 2993/381/1566 2994/381/1705 2991/381/1556
f 2991/381/1556 2994/381/1705 2995/381/1570
f 2997/381/1571 2995/381/1570 2996/381/1706
f 2996/381/1706 2995/381/1570 2994/381/1705
f 2997/381/1571 2998/381/1572 2995/381/1570
f 2990/381/1703 2995/381/1570 2998/381/1572
f 3001/381/1573 2998/381/1572 2999/381/1574
f 3000/381/1651 2999/381/1574 2998/381/1572
f 3000/381/1651 2998/381/1572 2997/381/1571
f 2990/381/1703 2998/381/1572 3001/381/1573
f 3001/381/1573 2999/381/1574 3002/381/1708
f 3001/381/1573 3002/381/1708 3003/381/1576
f 3001/381/1573 3003/381/1576 2989/381/1561
f 2990/381/1703 3001/381/1573 2989/381/1561
f 3003/381/1576 3004/381/1579 2988/381/1560
f 3005/381/1578 3004/381/1579 3003/381/1576
f 3003/381/1576 3006/381/1577 3005/381/1578
f 3003/381/1576 2988/381/1560 2989/381/1561
f 3003/381/1576 3002/381/1708 3006/381/1577
f 3005/381/1578 3006/381/1577 3007/381/1586
f 3008/381/1587 3007/381/1586 3006/381/1577
f 2999/381/1574 3008/381/1587 3006/381/1577
f 2999/381/1574 3006/381/1577 3002/381/1708
f 3009/381/1588 3008/381/1587 3010/381/1637
f 3008/381/1587 3009/381/1588 3007/381/1586
f 3008/381/1587 2999/381/1574 3000/381/1651
f 3008/381/1587 3000/381/1651 3010/381/1637
f 3009/381/1588 3010/381/1637 3012/381/1634
f 3011/381/1629 3010/381/1637 3000/381/1651
f 3011/381/1629 3013/381/1630 3010/381/1637
f 3013/381/1630 3012/381/1634 3010/381/1637
f 3013/381/1630 3014/381/1633 3012/381/1634
f 3014/381/1633 3013/381/1630 3015/381/1790
f 3013/381/1630 3016/381/1628 3015/381/1790
f 3013/381/1630 3011/381/1629 3016/381/1628
f 3016/381/1628 3011/381/1629 3017/381/1712
f 3016/381/1628 3017/381/1712 3018/381/1625
f 3021/381/1624 3016/381/1628 3018/381/1625
f 3016/381/1628 3019/381/1582 3015/381/1790
f 3016/381/1628 3020/381/1580 3019/381/1582
f 3021/381/1624 3020/381/1580 3016/381/1628
f 2988/381/1560 3020/381/1580 3021/381/1624
f 2987/381/1797 2988/381/1560 3021/381/1624
f 2987/381/1797 3021/381/1624 3022/381/1622
f 3022/381/1622 3021/381/1624 3018/381/1625
f 3023/381/1623 2987/381/1797 3022/381/1622
f 3022/381/1622 3018/381/1625 3025/381/1620
f 3023/381/1623 3022/381/1622 3024/381/1713
f 3024/381/1713 3022/381/1622 3025/381/1620
f 3024/381/1713 3025/381/1620 3026/381/1618
f 3018/381/1625 3028/381/1627 3025/381/1620
f 3025/381/1620 3027/381/1619 3026/381/1618
f 3025/381/1620 3028/381/1627 3027/381/1619
f 2996/381/1706 3028/381/1627 3017/381/1712
f 3018/381/1625 3017/381/1712 3028/381/1627
f 3029/381/1568 3028/381/1627 2996/381/1706
f 3029/381/1568 3027/381/1619 3028/381/1627
f 2994/381/1705 3030/381/1567 3029/381/1568
f 2996/381/1706 2994/381/1705 3029/381/1568
f 3030/381/1567 3027/381/1619 3029/381/1568
f 3030/381/1567 3031/381/1608 3027/381/1619
f 2994/381/1705 2993/381/1566 3030/381/1567
f 3032/381/1714 3031/381/1608 3030/381/1567
f 3032/381/1714 3030/381/1567 3033/381/1606
f 2993/381/1566 3033/381/1606 3030/381/1567
f 3034/381/1788 3032/381/1714 3033/381/1606
f 2993/381/1566 3036/381/1605 3033/381/1606
f 3034/381/1788 3033/381/1606 3035/381/1798
f 3035/381/1798 3033/381/1606 3036/381/1605
f 3037/381/1603 3039/381/1602 3036/381/1605
f 3037/381/1603 3036/381/1605 3038/381/1604
f 3038/381/1604 3036/381/1605 2993/381/1566
f 3035/381/1798 3036/381/1605 3039/381/1602
f 3040/381/1593 3041/381/1787 3039/381/1602
f 3040/381/1593 3039/381/1602 3037/381/1603
f 3042/381/1717 3039/381/1602 3041/381/1787
f 3042/381/1717 3035/381/1798 3039/381/1602
f 3043/381/1725 3042/381/1717 3041/381/1787
f 3043/381/1725 3044/381/1598 3042/381/1717
f 3044/381/1598 3045/381/1599 3042/381/1717
f 3042/381/1717 3045/381/1599 3034/381/1788
f 3042/381/1717 3034/381/1788 3035/381/1798
f 3046/381/1612 3034/381/1788 3045/381/1599
f 3047/381/1726 3046/381/1612 3045/381/1599
f 3044/381/1598 3047/381/1726 3045/381/1599
f 3047/381/1726 3050/381/1640 3046/381/1612
f 3049/381/1638 3047/381/1726 3044/381/1598
f 3050/381/1640 3047/381/1726 3048/381/1635
f 3049/381/1638 3048/381/1635 3047/381/1726
f 3050/381/1640 3048/381/1635 3051/381/1636
f 3052/381/1644 3046/381/1612 3050/381/1640
f 3051/381/1636 3053/381/1642 3050/381/1640
f 3052/381/1644 3050/381/1640 3053/381/1642
f 3054/381/1645 3052/381/1644 3053/381/1642
f 3055/381/1643 3054/381/1645 3053/381/1642
f 3055/381/1643 3053/381/1642 3056/381/1641
f 3051/381/1636 3056/381/1641 3053/381/1642
f 3058/381/1583 3056/381/1641 3057/381/1646
f 3051/381/1636 3057/381/1646 3056/381/1641
f 3058/381/1583 3055/381/1643 3056/381/1641
f 3019/381/1582 3058/381/1583 3057/381/1646
f 3019/381/1582 3061/381/1581 3058/381/1583
f 3059/381/1585 3055/381/1643 3058/381/1583
f 3059/381/1585 3058/381/1583 3060/381/1584
f 3060/381/1584 3058/381/1583 3061/381/1581
f 3060/381/1584 3061/381/1581 3005/381/1578
f 3020/381/1580 3061/381/1581 3019/381/1582
f 3005/381/1578 3061/381/1581 3004/381/1579
f 3020/381/1580 3004/381/1579 3061/381/1581
f 3007/381/1586 3059/381/1585 3060/381/1584
f 3005/381/1578 3007/381/1586 3060/381/1584
f 3054/381/1645 3059/381/1585 3062/381/1590
f 3063/381/1589 3062/381/1590 3059/381/1585
f 3007/381/1586 3063/381/1589 3059/381/1585
f 3054/381/1645 3055/381/1643 3059/381/1585
f 3009/381/1588 3064/381/1592 3063/381/1589
f 3063/381/1589 3064/381/1592 3043/381/1725
f 3063/381/1589 3043/381/1725 3065/381/1591
f 3063/381/1589 3065/381/1591 3062/381/1590
f 3009/381/1588 3063/381/1589 3007/381/1586
f 3065/381/1591 3041/381/1787 3040/381/1593
f 3065/381/1591 3040/381/1593 3066/381/1799
f 3065/381/1591 3066/381/1799 3062/381/1590
f 3065/381/1591 3043/381/1725 3041/381/1787
f 3067/381/1722 3069/381/1723 3066/381/1799
f 3067/381/1722 3066/381/1799 3068/381/1800
f 3066/381/1799 3037/381/1603 3068/381/1800
f 3066/381/1799 3040/381/1593 3037/381/1603
f 3069/381/1723 3062/381/1590 3066/381/1799
f 3069/381/1723 3067/381/1722 3070/381/1613
f 3069/381/1723 3070/381/1613 3052/381/1644
f 3054/381/1645 3069/381/1723 3052/381/1644
f 3069/381/1723 3054/381/1645 3062/381/1590
f 3071/381/1609 3073/381/1715 3070/381/1613
f 3071/381/1609 3070/381/1613 3072/381/1611
f 3070/381/1613 3074/381/1614 3072/381/1611
f 3070/381/1613 3073/381/1715 3046/381/1612
f 3070/381/1613 3067/381/1722 3074/381/1614
f 3070/381/1613 3046/381/1612 3052/381/1644
f 3075/381/1564 3077/381/1615 3074/381/1614
f 3075/381/1564 3074/381/1614 3076/381/1720
f 3076/381/1720 3074/381/1614 3067/381/1722
f 3072/381/1611 3074/381/1614 3077/381/1615
f 3072/381/1611 3077/381/1615 3078/381/1616
f 3078/381/1616 3077/381/1615 3023/381/1623
f 3023/381/1623 3077/381/1615 3075/381/1564
f 3078/381/1616 3023/381/1623 3024/381/1713
f 3078/381/1616 3024/381/1713 3026/381/1618
f 3078/381/1616 3026/381/1618 3079/381/1617
f 3078/381/1616 3079/381/1617 3071/381/1609
f 3078/381/1616 3071/381/1609 3072/381/1611
f 3027/381/1619 3079/381/1617 3026/381/1618
f 3027/381/1619 3031/381/1608 3079/381/1617
f 3031/381/1608 3071/381/1609 3079/381/1617
f 3068/381/1800 3038/381/1604 3076/381/1720
f 3076/381/1720 3038/381/1604 2992/381/1704
f 3076/381/1720 2992/381/1704 3075/381/1564
f 3076/381/1720 3067/381/1722 3068/381/1800
f 3023/381/1623 3075/381/1564 2986/381/1558
f 2992/381/1704 2986/381/1558 3075/381/1564
f 3073/381/1715 3071/381/1609 3032/381/1714
f 3073/381/1715 3032/381/1714 3034/381/1788
f 3046/381/1612 3073/381/1715 3034/381/1788
f 3031/381/1608 3032/381/1714 3071/381/1609
f 3068/381/1800 3037/381/1603 3038/381/1604
f 3044/381/1598 3043/381/1725 3064/381/1592
f 3044/381/1598 3064/381/1592 3049/381/1638
f 3049/381/1638 3064/381/1592 3009/381/1588
f 3015/381/1790 3019/381/1582 3057/381/1646
f 3015/381/1790 3057/381/1646 3080/381/1632
f 3051/381/1636 3080/381/1632 3057/381/1646
f 3014/381/1633 3015/381/1790 3080/381/1632
f 3051/381/1636 3014/381/1633 3080/381/1632
f 3051/381/1636 3048/381/1635 3014/381/1633
f 3014/381/1633 3048/381/1635 3049/381/1638
f 3014/381/1633 3049/381/1638 3012/381/1634
f 3049/381/1638 3009/381/1588 3012/381/1634
f 3038/381/1604 2993/381/1566 2992/381/1704
f 2987/381/1797 3023/381/1623 2986/381/1558
f 2988/381/1560 3004/381/1579 3020/381/1580
f 3017/381/1712 3011/381/1629 3000/381/1651
f 3017/381/1712 3000/381/1651 2997/381/1571
f 2996/381/1706 3017/381/1712 2997/381/1571
f 3087/381/1460 3081/381/1801 3082/381/1660
f 3083/381/1463 3082/381/1660 3081/381/1801
f 3084/381/1464 3083/381/1463 3081/381/1801
f 3084/381/1464 3081/381/1801 3085/381/1802
f 3086/381/1661 3085/381/1802 3081/381/1801
f 3087/381/1460 3086/381/1661 3081/381/1801
f 3090/381/1662 3086/381/1661 3087/381/1460
f 3088/381/1551 3087/381/1460 3082/381/1660
f 3088/381/1551 3089/381/1468 3087/381/1460
f 3091/381/1469 3087/381/1460 3089/381/1468
f 3091/381/1469 3090/381/1662 3087/381/1460
f 3092/381/1675 3091/381/1469 3089/381/1468
f 3091/381/1469 3092/381/1675 3093/381/1471
f 3091/381/1469 3093/381/1471 3094/381/1472
f 3090/381/1662 3091/381/1469 3094/381/1472
f 3090/381/1662 3094/381/1472 3095/381/1473
f 3096/381/1803 3095/381/1473 3094/381/1472
f 3097/381/1665 3096/381/1803 3094/381/1472
f 3097/381/1665 3094/381/1472 3093/381/1471
f 3100/381/1687 3097/381/1665 3098/381/1510
f 3098/381/1510 3097/381/1665 3093/381/1471
f 3096/381/1803 3097/381/1665 3099/381/1483
f 3100/381/1687 3099/381/1483 3097/381/1665
f 3099/381/1483 3100/381/1687 3101/381/1485
f 3100/381/1687 3102/381/1486 3101/381/1485
f 3100/381/1687 3103/381/1688 3102/381/1486
f 3103/381/1688 3100/381/1687 3098/381/1510
f 3103/381/1688 3105/381/1750 3104/381/1492
f 3103/381/1688 3104/381/1492 3102/381/1486
f 3106/381/1512 3105/381/1750 3103/381/1688
f 3106/381/1512 3103/381/1688 3107/381/1689
f 3103/381/1688 3098/381/1510 3107/381/1689
f 3108/381/1701 3106/381/1512 3107/381/1689
f 3108/381/1701 3107/381/1689 3110/381/1507
f 3107/381/1689 3098/381/1510 3109/381/1508
f 3107/381/1689 3109/381/1508 3110/381/1507
f 3111/381/1739 3110/381/1507 3109/381/1508
f 3112/381/1773 3108/381/1701 3110/381/1507
f 3112/381/1773 3110/381/1507 3111/381/1739
f 3114/381/1500 3112/381/1773 3113/381/1501
f 3113/381/1501 3112/381/1773 3111/381/1739
f 3108/381/1701 3112/381/1773 3114/381/1500
f 3114/381/1500 3113/381/1501 3115/381/1736
f 3116/381/1680 3114/381/1500 3115/381/1736
f 3117/381/1748 3114/381/1500 3116/381/1680
f 3108/381/1701 3114/381/1500 3117/381/1748
f 3118/381/1533 3120/381/1516 3117/381/1748
f 3118/381/1533 3117/381/1748 3119/381/1532
f 3117/381/1748 3116/381/1680 3119/381/1532
f 3117/381/1748 3106/381/1512 3108/381/1701
f 3117/381/1748 3120/381/1516 3106/381/1512
f 3105/381/1750 3106/381/1512 3120/381/1516
f 3121/381/1690 3120/381/1516 3118/381/1533
f 3105/381/1750 3120/381/1516 3121/381/1690
f 3121/381/1690 3124/381/1520 3122/381/1519
f 3121/381/1690 3122/381/1519 3123/381/1518
f 3105/381/1750 3121/381/1690 3123/381/1518
f 3121/381/1690 3118/381/1533 3124/381/1520
f 3124/381/1520 3125/381/1521 3122/381/1519
f 3124/381/1520 3126/381/1522 3125/381/1521
f 3118/381/1533 3126/381/1522 3124/381/1520
f 3118/381/1533 3127/381/1804 3126/381/1522
f 3129/381/1694 3125/381/1521 3126/381/1522
f 3127/381/1804 3128/381/1700 3126/381/1522
f 3129/381/1694 3126/381/1522 3128/381/1700
f 3084/381/1464 3130/381/1525 3129/381/1694
f 3129/381/1694 3130/381/1525 3131/381/1695
f 3129/381/1694 3131/381/1695 3125/381/1521
f 3132/381/1527 3129/381/1694 3128/381/1700
f 3084/381/1464 3129/381/1694 3132/381/1527
f 3132/381/1527 3128/381/1700 3133/381/1805
f 3134/381/1547 3132/381/1527 3133/381/1805
f 3083/381/1463 3132/381/1527 3134/381/1547
f 3083/381/1463 3084/381/1464 3132/381/1527
f 3134/381/1547 3133/381/1805 3135/381/1479
f 3134/381/1547 3135/381/1479 3138/381/1480
f 3136/381/1548 3083/381/1463 3134/381/1547
f 3136/381/1548 3134/381/1547 3137/381/1549
f 3134/381/1547 3138/381/1480 3137/381/1549
f 3139/381/1481 3137/381/1549 3138/381/1480
f 3135/381/1479 3141/381/1474 3138/381/1480
f 3139/381/1481 3138/381/1480 3140/381/1769
f 3138/381/1480 3096/381/1803 3140/381/1769
f 3138/381/1480 3141/381/1474 3096/381/1803
f 3096/381/1803 3141/381/1474 3095/381/1473
f 3135/381/1479 3142/381/1478 3141/381/1474
f 3095/381/1473 3141/381/1474 3142/381/1478
f 3144/381/1545 3142/381/1478 3143/381/1546
f 3133/381/1805 3143/381/1546 3142/381/1478
f 3133/381/1805 3142/381/1478 3135/381/1479
f 3095/381/1473 3142/381/1478 3144/381/1545
f 3144/381/1545 3145/381/1544 3090/381/1662
f 3144/381/1545 3090/381/1662 3095/381/1473
f 3146/381/1543 3145/381/1544 3144/381/1545
f 3144/381/1545 3143/381/1546 3146/381/1543
f 3146/381/1543 3147/381/1796 3145/381/1544
f 3143/381/1546 3148/381/1534 3146/381/1543
f 3148/381/1534 3147/381/1796 3146/381/1543
f 3148/381/1534 3152/381/1732 3147/381/1796
f 3143/381/1546 3151/381/1529 3148/381/1534
f 3149/381/1806 3152/381/1732 3148/381/1534
f 3149/381/1806 3148/381/1534 3150/381/1531
f 3151/381/1529 3150/381/1531 3148/381/1534
f 3152/381/1732 3149/381/1806 3153/381/1537
f 3155/381/1697 3147/381/1796 3152/381/1732
f 3152/381/1732 3153/381/1537 3154/381/1540
f 3155/381/1697 3152/381/1732 3154/381/1540
f 3086/381/1661 3147/381/1796 3155/381/1697
f 3155/381/1697 3154/381/1540 3156/381/1538
f 3155/381/1697 3156/381/1538 3085/381/1802
f 3086/381/1661 3155/381/1697 3085/381/1802
f 3156/381/1538 3154/381/1540 3153/381/1537
f 3156/381/1538 3153/381/1537 3157/381/1807
f 3157/381/1807 3130/381/1525 3156/381/1538
f 3156/381/1538 3130/381/1525 3084/381/1464
f 3156/381/1538 3084/381/1464 3085/381/1802
f 3157/381/1807 3153/381/1537 3158/381/1498
f 3157/381/1807 3158/381/1498 3159/381/1497
f 3159/381/1497 3131/381/1695 3157/381/1807
f 3157/381/1807 3131/381/1695 3130/381/1525
f 3160/381/1737 3161/381/1794 3159/381/1497
f 3158/381/1498 3160/381/1737 3159/381/1497
f 3159/381/1497 3161/381/1794 3131/381/1695
f 3125/381/1521 3131/381/1695 3161/381/1794
f 3125/381/1521 3161/381/1794 3122/381/1519
f 3161/381/1794 3162/381/1494 3123/381/1518
f 3160/381/1737 3162/381/1494 3161/381/1794
f 3161/381/1794 3123/381/1518 3122/381/1519
f 3163/381/1683 3162/381/1494 3160/381/1737
f 3162/381/1494 3104/381/1492 3123/381/1518
f 3162/381/1494 3163/381/1683 3104/381/1492
f 3164/381/1490 3163/381/1683 3165/381/1493
f 3163/381/1683 3164/381/1490 3102/381/1486
f 3163/381/1683 3102/381/1486 3104/381/1492
f 3163/381/1683 3160/381/1737 3165/381/1493
f 3164/381/1490 3165/381/1493 3166/381/1504
f 3113/381/1501 3166/381/1504 3165/381/1493
f 3115/381/1736 3113/381/1501 3165/381/1493
f 3115/381/1736 3165/381/1493 3160/381/1737
f 3167/381/1554 3164/381/1490 3166/381/1504
f 3168/381/1771 3167/381/1554 3166/381/1504
f 3113/381/1501 3168/381/1771 3166/381/1504
f 3168/381/1771 3169/381/1674 3167/381/1554
f 3168/381/1771 3170/381/1509 3169/381/1674
f 3113/381/1501 3111/381/1739 3168/381/1771
f 3168/381/1771 3111/381/1739 3170/381/1509
f 3169/381/1674 3170/381/1509 3092/381/1675
f 3111/381/1739 3109/381/1508 3170/381/1509
f 3109/381/1508 3092/381/1675 3170/381/1509
f 3167/381/1554 3169/381/1674 3171/381/1808
f 3169/381/1674 3092/381/1675 3171/381/1808
f 3167/381/1554 3171/381/1808 3172/381/1671
f 3172/381/1671 3171/381/1808 3089/381/1468
f 3092/381/1675 3089/381/1468 3171/381/1808
f 3172/381/1671 3089/381/1468 3088/381/1551
f 3088/381/1551 3173/381/1488 3172/381/1671
f 3172/381/1671 3173/381/1488 3174/381/1487
f 3172/381/1671 3174/381/1487 3167/381/1554
f 3101/381/1485 3174/381/1487 3173/381/1488
f 3102/381/1486 3174/381/1487 3101/381/1485
f 3102/381/1486 3164/381/1490 3174/381/1487
f 3167/381/1554 3174/381/1487 3164/381/1490
f 3088/381/1551 3175/381/1770 3173/381/1488
f 3176/381/1482 3173/381/1488 3175/381/1770
f 3101/381/1485 3173/381/1488 3176/381/1482
f 3176/381/1482 3175/381/1770 3139/381/1481
f 3099/381/1483 3101/381/1485 3176/381/1482
f 3176/381/1482 3140/381/1769 3099/381/1483
f 3176/381/1482 3139/381/1481 3140/381/1769
f 3139/381/1481 3175/381/1770 3136/381/1548
f 3082/381/1660 3136/381/1548 3175/381/1770
f 3082/381/1660 3175/381/1770 3088/381/1551
f 3158/381/1498 3115/381/1736 3160/381/1737
f 3116/381/1680 3115/381/1736 3158/381/1498
f 3149/381/1806 3116/381/1680 3158/381/1498
f 3149/381/1806 3158/381/1498 3153/381/1537
f 3151/381/1529 3127/381/1804 3150/381/1531
f 3127/381/1804 3151/381/1529 3128/381/1700
f 3128/381/1700 3151/381/1529 3143/381/1546
f 3116/381/1680 3149/381/1806 3150/381/1531
f 3116/381/1680 3150/381/1531 3119/381/1532
f 3127/381/1804 3119/381/1532 3150/381/1531
f 3086/381/1661 3145/381/1544 3147/381/1796
f 3090/381/1662 3145/381/1544 3086/381/1661
f 3128/381/1700 3143/381/1546 3133/381/1805
f 3096/381/1803 3099/381/1483 3140/381/1769
f 3139/381/1481 3136/381/1548 3137/381/1549
f 3083/381/1463 3136/381/1548 3082/381/1660
f 3127/381/1804 3118/381/1533 3119/381/1532
f 3105/381/1750 3123/381/1518 3104/381/1492
f 3098/381/1510 3093/381/1471 3109/381/1508
f 3109/381/1508 3093/381/1471 3092/381/1675
f 3183/381/1556 3177/381/1557 3178/381/1558
f 3179/381/1702 3178/381/1558 3177/381/1557
f 3180/381/1809 3179/381/1702 3177/381/1557
f 3180/381/1809 3177/381/1557 3181/381/1561
f 3182/381/1703 3181/381/1561 3177/381/1557
f 3183/381/1556 3182/381/1703 3177/381/1557
f 3186/381/1563 3182/381/1703 3183/381/1556
f 3184/381/1564 3183/381/1556 3178/381/1558
f 3184/381/1564 3185/381/1704 3183/381/1556
f 3185/381/1704 3186/381/1563 3183/381/1556
f 3188/381/1706 3187/381/1570 3186/381/1563
f 3186/381/1563 3187/381/1570 3182/381/1703
f 3188/381/1706 3186/381/1563 3189/381/1568
f 3186/381/1563 3190/381/1567 3189/381/1568
f 3186/381/1563 3191/381/1566 3190/381/1567
f 3185/381/1704 3191/381/1566 3186/381/1563
f 3191/381/1566 3192/381/1778 3190/381/1567
f 3193/381/1604 3191/381/1566 3185/381/1704
f 3191/381/1566 3194/381/1605 3192/381/1778
f 3193/381/1604 3194/381/1605 3191/381/1566
f 3197/381/1603 3194/381/1605 3193/381/1604
f 3195/381/1601 3192/381/1778 3194/381/1605
f 3195/381/1601 3194/381/1605 3196/381/1810
f 3197/381/1603 3196/381/1810 3194/381/1605
f 3199/381/1593 3197/381/1603 3198/381/1800
f 3198/381/1800 3197/381/1603 3193/381/1604
f 3197/381/1603 3199/381/1593 3200/381/1596
f 3197/381/1603 3200/381/1596 3196/381/1810
f 3200/381/1596 3201/381/1597 3195/381/1601
f 3202/381/1811 3201/381/1597 3200/381/1596
f 3199/381/1593 3202/381/1811 3200/381/1596
f 3200/381/1596 3195/381/1601 3196/381/1810
f 3202/381/1811 3203/381/1598 3201/381/1597
f 3203/381/1598 3202/381/1811 3204/381/1592
f 3204/381/1592 3202/381/1811 3205/381/1591
f 3199/381/1593 3205/381/1591 3202/381/1811
f 3205/381/1591 3199/381/1593 3206/381/1595
f 3205/381/1591 3206/381/1595 3207/381/1590
f 3208/381/1589 3205/381/1591 3207/381/1590
f 3204/381/1592 3205/381/1591 3208/381/1589
f 3208/381/1589 3207/381/1590 3209/381/1585
f 3210/381/1586 3208/381/1589 3209/381/1585
f 3210/381/1586 3204/381/1592 3208/381/1589
f 3210/381/1586 3209/381/1585 3211/381/1584
f 3212/381/1812 3210/381/1586 3211/381/1584
f 3212/381/1812 3213/381/1577 3210/381/1586
f 3213/381/1577 3214/381/1588 3210/381/1586
f 3210/381/1586 3214/381/1588 3204/381/1592
f 3213/381/1577 3215/381/1587 3214/381/1588
f 3214/381/1588 3215/381/1587 3216/381/1637
f 3214/381/1588 3216/381/1637 3217/381/1813
f 3218/381/1638 3214/381/1588 3217/381/1813
f 3218/381/1638 3204/381/1592 3214/381/1588
f 3203/381/1598 3204/381/1592 3218/381/1638
f 3218/381/1638 3219/381/1726 3203/381/1598
f 3218/381/1638 3220/381/1635 3219/381/1726
f 3221/381/1633 3220/381/1635 3218/381/1638
f 3221/381/1633 3218/381/1638 3217/381/1813
f 3222/381/1636 3220/381/1635 3221/381/1633
f 3222/381/1636 3221/381/1633 3223/381/1632
f 3221/381/1633 3224/381/1631 3223/381/1632
f 3221/381/1633 3225/381/1711 3224/381/1631
f 3225/381/1711 3221/381/1633 3217/381/1813
f 3225/381/1711 3217/381/1813 3216/381/1637
f 3227/381/1710 3225/381/1711 3216/381/1637
f 3225/381/1711 3226/381/1628 3224/381/1631
f 3225/381/1711 3227/381/1710 3226/381/1628
f 3227/381/1710 3228/381/1625 3226/381/1628
f 3227/381/1710 3216/381/1637 3229/381/1814
f 3227/381/1710 3231/381/1626 3228/381/1625
f 3230/381/1707 3227/381/1710 3229/381/1814
f 3230/381/1707 3231/381/1626 3227/381/1710
f 3228/381/1625 3231/381/1626 3232/381/1815
f 3188/381/1706 3231/381/1626 3230/381/1707
f 3188/381/1706 3232/381/1815 3231/381/1626
f 3228/381/1625 3232/381/1815 3233/381/1620
f 3233/381/1620 3232/381/1815 3234/381/1619
f 3189/381/1568 3234/381/1619 3232/381/1815
f 3189/381/1568 3232/381/1815 3188/381/1706
f 3236/381/1816 3234/381/1619 3235/381/1608
f 3190/381/1567 3235/381/1608 3234/381/1619
f 3190/381/1567 3234/381/1619 3189/381/1568
f 3233/381/1620 3234/381/1619 3236/381/1816
f 3237/381/1713 3233/381/1620 3236/381/1816
f 3236/381/1816 3235/381/1608 3239/381/1617
f 3238/381/1616 3237/381/1713 3236/381/1816
f 3238/381/1616 3236/381/1816 3239/381/1617
f 3241/381/1611 3238/381/1616 3239/381/1617
f 3235/381/1608 3240/381/1609 3239/381/1617
f 3241/381/1611 3239/381/1617 3240/381/1609
f 3241/381/1611 3242/381/1817 3244/381/1615
f 3243/381/1613 3242/381/1817 3241/381/1611
f 3241/381/1611 3245/381/1715 3243/381/1613
f 3241/381/1611 3244/381/1615 3238/381/1616
f 3241/381/1611 3240/381/1609 3245/381/1715
f 3250/381/1764 3246/381/1612 3245/381/1715
f 3245/381/1715 3246/381/1612 3247/381/1644
f 3245/381/1715 3247/381/1644 3243/381/1613
f 3245/381/1715 3240/381/1609 3248/381/1714
f 3245/381/1715 3248/381/1714 3249/381/1788
f 3250/381/1764 3245/381/1715 3249/381/1788
f 3219/381/1726 3246/381/1612 3250/381/1764
f 3201/381/1597 3250/381/1764 3249/381/1788
f 3203/381/1598 3250/381/1764 3201/381/1597
f 3203/381/1598 3219/381/1726 3250/381/1764
f 3249/381/1788 3248/381/1714 3192/381/1778
f 3201/381/1597 3249/381/1788 3195/381/1601
f 3249/381/1788 3192/381/1778 3195/381/1601
f 3235/381/1608 3248/381/1714 3240/381/1609
f 3248/381/1714 3190/381/1567 3192/381/1778
f 3248/381/1714 3235/381/1608 3190/381/1567
f 3251/381/1645 3253/381/1723 3247/381/1644
f 3251/381/1645 3247/381/1644 3252/381/1642
f 3246/381/1612 3252/381/1642 3247/381/1644
f 3253/381/1723 3243/381/1613 3247/381/1644
f 3198/381/1800 3254/381/1722 3253/381/1723
f 3253/381/1723 3254/381/1722 3243/381/1613
f 3198/381/1800 3253/381/1723 3206/381/1595
f 3253/381/1723 3207/381/1590 3206/381/1595
f 3253/381/1723 3251/381/1645 3207/381/1590
f 3243/381/1613 3254/381/1722 3242/381/1817
f 3255/381/1649 3242/381/1817 3254/381/1722
f 3255/381/1649 3254/381/1722 3198/381/1800
f 3255/381/1649 3193/381/1604 3185/381/1704
f 3255/381/1649 3185/381/1704 3184/381/1564
f 3184/381/1564 3242/381/1817 3255/381/1649
f 3198/381/1800 3193/381/1604 3255/381/1649
f 3256/381/1643 3251/381/1645 3252/381/1642
f 3256/381/1643 3252/381/1642 3257/381/1641
f 3246/381/1612 3258/381/1640 3252/381/1642
f 3258/381/1640 3257/381/1641 3252/381/1642
f 3219/381/1726 3258/381/1640 3246/381/1612
f 3258/381/1640 3219/381/1726 3220/381/1635
f 3258/381/1640 3220/381/1635 3222/381/1636
f 3258/381/1640 3222/381/1636 3257/381/1641
f 3222/381/1636 3259/381/1646 3257/381/1641
f 3259/381/1646 3256/381/1643 3257/381/1641
f 3223/381/1632 3260/381/1582 3259/381/1646
f 3222/381/1636 3223/381/1632 3259/381/1646
f 3260/381/1582 3261/381/1583 3259/381/1646
f 3259/381/1646 3261/381/1583 3256/381/1643
f 3211/381/1584 3261/381/1583 3262/381/1581
f 3260/381/1582 3262/381/1581 3261/381/1583
f 3209/381/1585 3256/381/1643 3261/381/1583
f 3209/381/1585 3261/381/1583 3211/381/1584
f 3263/381/1580 3264/381/1579 3262/381/1581
f 3263/381/1580 3262/381/1581 3260/381/1582
f 3211/381/1584 3262/381/1581 3212/381/1812
f 3212/381/1812 3262/381/1581 3264/381/1579
f 3212/381/1812 3264/381/1579 3265/381/1576
f 3264/381/1579 3181/381/1561 3265/381/1576
f 3180/381/1809 3264/381/1579 3263/381/1580
f 3264/381/1579 3180/381/1809 3181/381/1561
f 3265/381/1576 3266/381/1708 3213/381/1577
f 3265/381/1576 3213/381/1577 3212/381/1812
f 3267/381/1818 3265/381/1576 3181/381/1561
f 3267/381/1818 3266/381/1708 3265/381/1576
f 3267/381/1818 3268/381/1574 3266/381/1708
f 3182/381/1703 3267/381/1818 3181/381/1561
f 3267/381/1818 3269/381/1572 3268/381/1574
f 3187/381/1570 3269/381/1572 3267/381/1818
f 3187/381/1570 3267/381/1818 3182/381/1703
f 3268/381/1574 3269/381/1572 3230/381/1707
f 3230/381/1707 3269/381/1572 3187/381/1570
f 3266/381/1708 3268/381/1574 3215/381/1587
f 3215/381/1587 3268/381/1574 3229/381/1814
f 3268/381/1574 3230/381/1707 3229/381/1814
f 3266/381/1708 3215/381/1587 3213/381/1577
f 3226/381/1628 3263/381/1580 3260/381/1582
f 3228/381/1625 3263/381/1580 3226/381/1628
f 3180/381/1809 3263/381/1580 3270/381/1819
f 3228/381/1625 3270/381/1819 3263/381/1580
f 3179/381/1702 3180/381/1809 3270/381/1819
f 3179/381/1702 3270/381/1819 3271/381/1622
f 3233/381/1620 3271/381/1622 3270/381/1819
f 3233/381/1620 3270/381/1819 3228/381/1625
f 3272/381/1623 3179/381/1702 3271/381/1622
f 3272/381/1623 3271/381/1622 3237/381/1713
f 3237/381/1713 3271/381/1622 3233/381/1620
f 3179/381/1702 3272/381/1623 3178/381/1558
f 3178/381/1558 3272/381/1623 3244/381/1615
f 3238/381/1616 3244/381/1615 3272/381/1623
f 3238/381/1616 3272/381/1623 3237/381/1713
f 3223/381/1632 3224/381/1631 3260/381/1582
f 3226/381/1628 3260/381/1582 3224/381/1631
f 3251/381/1645 3256/381/1643 3209/381/1585
f 3251/381/1645 3209/381/1585 3207/381/1590
f 3178/381/1558 3244/381/1615 3184/381/1564
f 3184/381/1564 3244/381/1615 3242/381/1817
f 3230/381/1707 3187/381/1570 3188/381/1706
f 3215/381/1587 3229/381/1814 3216/381/1637
f 3199/381/1593 3198/381/1800 3206/381/1595
f 3279/381/1460 3273/381/1461 3274/381/1660
f 3275/381/1463 3274/381/1660 3273/381/1461
f 3276/381/1464 3275/381/1463 3273/381/1461
f 3276/381/1464 3273/381/1461 3277/381/1729
f 3278/381/1661 3277/381/1729 3273/381/1461
f 3279/381/1460 3278/381/1661 3273/381/1461
f 3281/381/1820 3278/381/1661 3279/381/1460
f 3280/381/1468 3279/381/1460 3274/381/1660
f 3282/381/1469 3279/381/1460 3280/381/1468
f 3282/381/1469 3281/381/1820 3279/381/1460
f 3283/381/1473 3281/381/1820 3282/381/1469
f 3283/381/1473 3282/381/1469 3286/381/1472
f 3282/381/1469 3284/381/1675 3285/381/1471
f 3284/381/1675 3282/381/1469 3280/381/1468
f 3282/381/1469 3285/381/1471 3286/381/1472
f 3288/381/1665 3286/381/1472 3285/381/1471
f 3286/381/1472 3289/381/1744 3283/381/1473
f 3286/381/1472 3287/381/1476 3289/381/1744
f 3288/381/1665 3287/381/1476 3286/381/1472
f 3292/381/1480 3289/381/1744 3287/381/1476
f 3283/381/1473 3289/381/1744 3290/381/1478
f 3291/381/1793 3290/381/1478 3289/381/1744
f 3291/381/1793 3289/381/1744 3292/381/1480
f 3293/381/1768 3291/381/1793 3292/381/1480
f 3292/381/1480 3287/381/1476 3295/381/1477
f 3294/381/1481 3293/381/1768 3292/381/1480
f 3294/381/1481 3292/381/1480 3295/381/1477
f 3297/381/1482 3294/381/1481 3295/381/1477
f 3287/381/1476 3296/381/1821 3295/381/1477
f 3297/381/1482 3295/381/1477 3296/381/1821
f 3300/381/1485 3298/381/1488 3297/381/1482
f 3297/381/1482 3298/381/1488 3299/381/1550
f 3297/381/1482 3299/381/1550 3294/381/1481
f 3296/381/1821 3300/381/1485 3297/381/1482
f 3303/381/1822 3301/381/1487 3300/381/1485
f 3300/381/1485 3301/381/1487 3298/381/1488
f 3302/381/1484 3303/381/1822 3300/381/1485
f 3296/381/1821 3302/381/1484 3300/381/1485
f 3302/381/1484 3305/381/1688 3303/381/1822
f 3303/381/1822 3306/381/1490 3301/381/1487
f 3307/381/1683 3303/381/1822 3304/381/1492
f 3305/381/1688 3304/381/1492 3303/381/1822
f 3307/381/1683 3306/381/1490 3303/381/1822
f 3306/381/1490 3307/381/1683 3308/381/1493
f 3309/381/1823 3307/381/1683 3304/381/1492
f 3307/381/1683 3310/381/1681 3308/381/1493
f 3307/381/1683 3309/381/1823 3310/381/1681
f 3310/381/1681 3309/381/1823 3311/381/1496
f 3310/381/1681 3311/381/1496 3313/381/1497
f 3312/381/1736 3308/381/1493 3310/381/1681
f 3313/381/1497 3312/381/1736 3310/381/1681
f 3313/381/1497 3314/381/1498 3312/381/1736
f 3313/381/1497 3311/381/1496 3316/381/1695
f 3315/381/1539 3314/381/1498 3313/381/1497
f 3313/381/1497 3316/381/1695 3315/381/1539
f 3317/381/1523 3319/381/1525 3316/381/1695
f 3317/381/1523 3316/381/1695 3318/381/1521
f 3318/381/1521 3316/381/1695 3311/381/1496
f 3315/381/1539 3316/381/1695 3319/381/1525
f 3315/381/1539 3319/381/1525 3320/381/1824
f 3319/381/1525 3277/381/1729 3320/381/1824
f 3276/381/1464 3319/381/1525 3317/381/1523
f 3319/381/1525 3276/381/1464 3277/381/1729
f 3320/381/1824 3322/381/1540 3321/381/1537
f 3320/381/1824 3321/381/1537 3315/381/1539
f 3323/381/1697 3320/381/1824 3277/381/1729
f 3323/381/1697 3322/381/1540 3320/381/1824
f 3323/381/1697 3324/381/1536 3322/381/1540
f 3278/381/1661 3323/381/1697 3277/381/1729
f 3323/381/1697 3325/381/1796 3324/381/1536
f 3278/381/1661 3325/381/1796 3323/381/1697
f 3326/381/1534 3324/381/1536 3325/381/1796
f 3326/381/1534 3325/381/1796 3327/381/1543
f 3327/381/1543 3325/381/1796 3328/381/1825
f 3278/381/1661 3328/381/1825 3325/381/1796
f 3327/381/1543 3328/381/1825 3329/381/1545
f 3329/381/1545 3328/381/1825 3281/381/1820
f 3281/381/1820 3328/381/1825 3278/381/1661
f 3283/381/1473 3290/381/1478 3329/381/1545
f 3329/381/1545 3290/381/1478 3330/381/1546
f 3329/381/1545 3330/381/1546 3327/381/1543
f 3329/381/1545 3281/381/1820 3283/381/1473
f 3332/381/1700 3331/381/1529 3330/381/1546
f 3330/381/1546 3331/381/1529 3326/381/1534
f 3330/381/1546 3326/381/1534 3327/381/1543
f 3332/381/1700 3330/381/1546 3333/381/1805
f 3333/381/1805 3330/381/1546 3290/381/1478
f 3334/381/1527 3332/381/1700 3333/381/1805
f 3333/381/1805 3290/381/1478 3291/381/1793
f 3335/381/1547 3334/381/1527 3333/381/1805
f 3335/381/1547 3333/381/1805 3291/381/1793
f 3336/381/1548 3275/381/1463 3335/381/1547
f 3336/381/1548 3335/381/1547 3293/381/1768
f 3293/381/1768 3335/381/1547 3291/381/1793
f 3275/381/1463 3334/381/1527 3335/381/1547
f 3275/381/1463 3336/381/1548 3274/381/1660
f 3274/381/1660 3336/381/1548 3299/381/1550
f 3294/381/1481 3299/381/1550 3336/381/1548
f 3294/381/1481 3336/381/1548 3293/381/1768
f 3275/381/1463 3276/381/1464 3334/381/1527
f 3276/381/1464 3317/381/1523 3334/381/1527
f 3334/381/1527 3317/381/1523 3332/381/1700
f 3338/381/1804 3332/381/1700 3337/381/1691
f 3317/381/1523 3337/381/1691 3332/381/1700
f 3338/381/1804 3331/381/1529 3332/381/1700
f 3339/381/1533 3338/381/1804 3337/381/1691
f 3338/381/1804 3339/381/1533 3340/381/1532
f 3338/381/1804 3340/381/1532 3341/381/1531
f 3331/381/1529 3338/381/1804 3341/381/1531
f 3342/381/1535 3326/381/1534 3341/381/1531
f 3343/381/1502 3342/381/1535 3341/381/1531
f 3343/381/1502 3341/381/1531 3340/381/1532
f 3331/381/1529 3341/381/1531 3326/381/1534
f 3342/381/1535 3343/381/1502 3314/381/1498
f 3343/381/1502 3312/381/1736 3314/381/1498
f 3344/381/1500 3343/381/1502 3340/381/1532
f 3343/381/1502 3344/381/1500 3312/381/1736
f 3344/381/1500 3346/381/1506 3345/381/1501
f 3344/381/1500 3345/381/1501 3312/381/1736
f 3347/381/1826 3346/381/1506 3344/381/1500
f 3347/381/1826 3344/381/1500 3348/381/1514
f 3344/381/1500 3340/381/1532 3348/381/1514
f 3339/381/1533 3349/381/1516 3348/381/1514
f 3348/381/1514 3349/381/1516 3350/381/1512
f 3348/381/1514 3350/381/1512 3347/381/1826
f 3339/381/1533 3348/381/1514 3340/381/1532
f 3350/381/1512 3352/381/1750 3305/381/1688
f 3350/381/1512 3305/381/1688 3351/381/1511
f 3347/381/1826 3350/381/1512 3351/381/1511
f 3352/381/1750 3350/381/1512 3349/381/1516
f 3352/381/1750 3349/381/1516 3353/381/1690
f 3305/381/1688 3352/381/1750 3304/381/1492
f 3353/381/1690 3304/381/1492 3352/381/1750
f 3353/381/1690 3349/381/1516 3339/381/1533
f 3353/381/1690 3339/381/1533 3354/381/1692
f 3353/381/1690 3354/381/1692 3355/381/1519
f 3353/381/1690 3355/381/1519 3356/381/1518
f 3353/381/1690 3356/381/1518 3304/381/1492
f 3309/381/1823 3304/381/1492 3356/381/1518
f 3355/381/1519 3309/381/1823 3356/381/1518
f 3355/381/1519 3311/381/1496 3309/381/1823
f 3318/381/1521 3311/381/1496 3355/381/1519
f 3354/381/1692 3318/381/1521 3355/381/1519
f 3339/381/1533 3337/381/1691 3354/381/1692
f 3354/381/1692 3337/381/1691 3318/381/1521
f 3351/381/1511 3359/381/1510 3357/381/1676
f 3351/381/1511 3357/381/1676 3358/381/1827
f 3347/381/1826 3351/381/1511 3358/381/1827
f 3305/381/1688 3359/381/1510 3351/381/1511
f 3305/381/1688 3302/381/1484 3359/381/1510
f 3359/381/1510 3285/381/1471 3357/381/1676
f 3359/381/1510 3288/381/1665 3285/381/1471
f 3302/381/1484 3288/381/1665 3359/381/1510
f 3346/381/1506 3347/381/1826 3358/381/1827
f 3346/381/1506 3358/381/1827 3360/381/1739
f 3358/381/1827 3361/381/1772 3360/381/1739
f 3358/381/1827 3357/381/1676 3361/381/1772
f 3362/381/1771 3360/381/1739 3361/381/1772
f 3362/381/1771 3361/381/1772 3363/381/1674
f 3363/381/1674 3361/381/1772 3284/381/1675
f 3357/381/1676 3284/381/1675 3361/381/1772
f 3364/381/1504 3362/381/1771 3363/381/1674
f 3364/381/1504 3363/381/1674 3365/381/1554
f 3365/381/1554 3363/381/1674 3366/381/1553
f 3363/381/1674 3284/381/1675 3366/381/1553
f 3365/381/1554 3366/381/1553 3367/381/1552
f 3367/381/1552 3366/381/1553 3280/381/1468
f 3284/381/1675 3280/381/1468 3366/381/1553
f 3367/381/1552 3280/381/1468 3368/381/1551
f 3368/381/1551 3298/381/1488 3367/381/1552
f 3367/381/1552 3298/381/1488 3301/381/1487
f 3367/381/1552 3301/381/1487 3365/381/1554
f 3368/381/1551 3299/381/1550 3298/381/1488
f 3274/381/1660 3299/381/1550 3368/381/1551
f 3280/381/1468 3274/381/1660 3368/381/1551
f 3365/381/1554 3301/381/1487 3306/381/1490
f 3365/381/1554 3306/381/1490 3364/381/1504
f 3345/381/1501 3364/381/1504 3308/381/1493
f 3306/381/1490 3308/381/1493 3364/381/1504
f 3345/381/1501 3362/381/1771 3364/381/1504
f 3345/381/1501 3360/381/1739 3362/381/1771
f 3345/381/1501 3346/381/1506 3360/381/1739
f 3357/381/1676 3285/381/1471 3284/381/1675
f 3312/381/1736 3345/381/1501 3308/381/1493
f 3324/381/1536 3342/381/1535 3321/381/1537
f 3342/381/1535 3324/381/1536 3326/381/1534
f 3342/381/1535 3314/381/1498 3321/381/1537
f 3317/381/1523 3318/381/1521 3337/381/1691
f 3324/381/1536 3321/381/1537 3322/381/1540
f 3315/381/1539 3321/381/1537 3314/381/1498
f 3302/381/1484 3296/381/1821 3288/381/1665
f 3287/381/1476 3288/381/1665 3296/381/1821
f 3375/381/1556 3369/381/1557 3370/381/1558
f 3371/381/1702 3370/381/1558 3369/381/1557
f 3372/381/1809 3371/381/1702 3369/381/1557
f 3372/381/1809 3369/381/1557 3373/381/1561
f 3374/381/1828 3373/381/1561 3369/381/1557
f 3375/381/1556 3374/381/1828 3369/381/1557
f 3375/381/1556 3379/381/1570 3374/381/1828
f 3376/381/1704 3375/381/1556 3370/381/1558
f 3377/381/1829 3375/381/1556 3376/381/1704
f 3377/381/1829 3378/381/1705 3375/381/1556
f 3375/381/1556 3378/381/1705 3379/381/1570
f 3380/381/1706 3379/381/1570 3378/381/1705
f 3381/381/1707 3379/381/1570 3380/381/1706
f 3381/381/1707 3382/381/1572 3379/381/1570
f 3374/381/1828 3379/381/1570 3382/381/1572
f 3384/381/1573 3382/381/1572 3383/381/1574
f 3383/381/1574 3382/381/1572 3381/381/1707
f 3374/381/1828 3382/381/1572 3384/381/1573
f 3384/381/1573 3383/381/1574 3385/381/1708
f 3384/381/1573 3385/381/1708 3386/381/1761
f 3384/381/1573 3386/381/1761 3373/381/1561
f 3374/381/1828 3384/381/1573 3373/381/1561
f 3386/381/1761 3385/381/1708 3387/381/1760
f 3386/381/1761 3387/381/1760 3388/381/1578
f 3388/381/1578 3389/381/1830 3386/381/1761
f 3389/381/1830 3373/381/1561 3386/381/1761
f 3389/381/1830 3372/381/1809 3373/381/1561
f 3372/381/1809 3389/381/1830 3390/381/1831
f 3390/381/1831 3389/381/1830 3391/381/1581
f 3388/381/1578 3391/381/1581 3389/381/1830
f 3390/381/1831 3391/381/1581 3392/381/1582
f 3392/381/1582 3391/381/1581 3393/381/1583
f 3394/381/1584 3393/381/1583 3391/381/1581
f 3394/381/1584 3391/381/1581 3388/381/1578
f 3396/381/1585 3393/381/1583 3394/381/1584
f 3388/381/1578 3395/381/1586 3394/381/1584
f 3395/381/1586 3396/381/1585 3394/381/1584
f 3397/381/1589 3400/381/1590 3396/381/1585
f 3395/381/1586 3397/381/1589 3396/381/1585
f 3396/381/1585 3398/381/1643 3393/381/1583
f 3399/381/1645 3398/381/1643 3396/381/1585
f 3399/381/1645 3396/381/1585 3400/381/1590
f 3401/381/1723 3399/381/1645 3400/381/1590
f 3401/381/1723 3400/381/1590 3402/381/1799
f 3403/381/1591 3402/381/1799 3400/381/1590
f 3397/381/1589 3403/381/1591 3400/381/1590
f 3403/381/1591 3407/381/1593 3402/381/1799
f 3405/381/1592 3403/381/1591 3397/381/1589
f 3403/381/1591 3404/381/1832 3406/381/1596
f 3405/381/1592 3404/381/1832 3403/381/1591
f 3403/381/1591 3406/381/1596 3407/381/1593
f 3407/381/1593 3406/381/1596 3408/381/1719
f 3407/381/1593 3410/381/1800 3402/381/1799
f 3407/381/1593 3408/381/1719 3409/381/1603
f 3407/381/1593 3409/381/1603 3410/381/1800
f 3410/381/1800 3409/381/1603 3411/381/1604
f 3410/381/1800 3411/381/1604 3412/381/1720
f 3412/381/1720 3413/381/1722 3410/381/1800
f 3410/381/1800 3413/381/1722 3401/381/1723
f 3410/381/1800 3401/381/1723 3402/381/1799
f 3412/381/1720 3414/381/1614 3413/381/1722
f 3415/381/1613 3413/381/1722 3414/381/1614
f 3401/381/1723 3413/381/1722 3415/381/1613
f 3415/381/1613 3414/381/1614 3416/381/1611
f 3417/381/1609 3415/381/1613 3416/381/1611
f 3417/381/1609 3418/381/1715 3415/381/1613
f 3415/381/1613 3418/381/1715 3419/381/1612
f 3415/381/1613 3419/381/1612 3420/381/1644
f 3401/381/1723 3415/381/1613 3420/381/1644
f 3399/381/1645 3401/381/1723 3420/381/1644
f 3399/381/1645 3420/381/1644 3421/381/1642
f 3420/381/1644 3422/381/1640 3421/381/1642
f 3420/381/1644 3419/381/1612 3422/381/1640
f 3422/381/1640 3426/381/1635 3423/381/1636
f 3422/381/1640 3423/381/1636 3424/381/1641
f 3422/381/1640 3424/381/1641 3421/381/1642
f 3425/381/1726 3422/381/1640 3419/381/1612
f 3422/381/1640 3425/381/1726 3426/381/1635
f 3423/381/1636 3426/381/1635 3427/381/1633
f 3427/381/1633 3426/381/1635 3428/381/1638
f 3428/381/1638 3426/381/1635 3425/381/1726
f 3427/381/1633 3428/381/1638 3429/381/1634
f 3428/381/1638 3431/381/1588 3429/381/1634
f 3428/381/1638 3405/381/1592 3431/381/1588
f 3430/381/1598 3405/381/1592 3428/381/1638
f 3428/381/1638 3425/381/1726 3430/381/1598
f 3431/381/1588 3405/381/1592 3397/381/1589
f 3431/381/1588 3397/381/1589 3395/381/1586
f 3432/381/1587 3431/381/1588 3395/381/1586
f 3431/381/1588 3432/381/1587 3433/381/1637
f 3431/381/1588 3433/381/1637 3429/381/1634
f 3436/381/1710 3433/381/1637 3434/381/1651
f 3432/381/1587 3434/381/1651 3433/381/1637
f 3435/381/1630 3429/381/1634 3433/381/1637
f 3436/381/1710 3435/381/1630 3433/381/1637
f 3435/381/1630 3436/381/1710 3437/381/1628
f 3438/381/1712 3436/381/1710 3434/381/1651
f 3437/381/1628 3436/381/1710 3438/381/1712
f 3380/381/1706 3439/381/1833 3438/381/1712
f 3380/381/1706 3438/381/1712 3381/381/1707
f 3438/381/1712 3434/381/1651 3381/381/1707
f 3440/381/1625 3438/381/1712 3439/381/1833
f 3437/381/1628 3438/381/1712 3440/381/1625
f 3440/381/1625 3439/381/1833 3441/381/1620
f 3441/381/1620 3442/381/1834 3440/381/1625
f 3440/381/1625 3390/381/1831 3437/381/1628
f 3440/381/1625 3442/381/1834 3390/381/1831
f 3441/381/1620 3443/381/1622 3442/381/1834
f 3372/381/1809 3390/381/1831 3442/381/1834
f 3371/381/1702 3372/381/1809 3442/381/1834
f 3371/381/1702 3442/381/1834 3443/381/1622
f 3444/381/1623 3371/381/1702 3443/381/1622
f 3443/381/1622 3441/381/1620 3446/381/1816
f 3444/381/1623 3443/381/1622 3445/381/1621
f 3443/381/1622 3446/381/1816 3445/381/1621
f 3447/381/1616 3445/381/1621 3446/381/1816
f 3447/381/1616 3446/381/1816 3448/381/1617
f 3449/381/1619 3448/381/1617 3446/381/1816
f 3441/381/1620 3449/381/1619 3446/381/1816
f 3450/381/1608 3449/381/1619 3451/381/1568
f 3449/381/1619 3450/381/1608 3448/381/1617
f 3451/381/1568 3449/381/1619 3439/381/1833
f 3441/381/1620 3439/381/1833 3449/381/1619
f 3450/381/1608 3451/381/1568 3452/381/1567
f 3378/381/1705 3452/381/1567 3451/381/1568
f 3380/381/1706 3378/381/1705 3451/381/1568
f 3451/381/1568 3439/381/1833 3380/381/1706
f 3453/381/1714 3450/381/1608 3452/381/1567
f 3453/381/1714 3452/381/1567 3454/381/1606
f 3377/381/1829 3454/381/1606 3452/381/1567
f 3378/381/1705 3377/381/1829 3452/381/1567
f 3455/381/1788 3453/381/1714 3454/381/1606
f 3455/381/1788 3454/381/1606 3456/381/1798
f 3456/381/1798 3454/381/1606 3457/381/1605
f 3377/381/1829 3457/381/1605 3454/381/1606
f 3456/381/1798 3457/381/1605 3408/381/1719
f 3411/381/1604 3457/381/1605 3377/381/1829
f 3411/381/1604 3408/381/1719 3457/381/1605
f 3458/381/1764 3455/381/1788 3456/381/1798
f 3458/381/1764 3456/381/1798 3459/381/1717
f 3406/381/1596 3456/381/1798 3408/381/1719
f 3406/381/1596 3459/381/1717 3456/381/1798
f 3430/381/1598 3458/381/1764 3459/381/1717
f 3404/381/1832 3430/381/1598 3459/381/1717
f 3404/381/1832 3459/381/1717 3406/381/1596
f 3425/381/1726 3419/381/1612 3458/381/1764
f 3458/381/1764 3419/381/1612 3418/381/1715
f 3458/381/1764 3418/381/1715 3455/381/1788
f 3430/381/1598 3425/381/1726 3458/381/1764
f 3418/381/1715 3453/381/1714 3455/381/1788
f 3450/381/1608 3453/381/1714 3417/381/1609
f 3418/381/1715 3417/381/1609 3453/381/1714
f 3450/381/1608 3417/381/1609 3448/381/1617
f 3416/381/1611 3447/381/1616 3448/381/1617
f 3416/381/1611 3448/381/1617 3417/381/1609
f 3447/381/1616 3460/381/1615 3444/381/1623
f 3416/381/1611 3460/381/1615 3447/381/1616
f 3447/381/1616 3444/381/1623 3445/381/1621
f 3444/381/1623 3460/381/1615 3461/381/1835
f 3461/381/1835 3460/381/1615 3414/381/1614
f 3416/381/1611 3414/381/1614 3460/381/1615
f 3444/381/1623 3461/381/1835 3370/381/1558
f 3376/381/1704 3370/381/1558 3461/381/1835
f 3412/381/1720 3376/381/1704 3461/381/1835
f 3461/381/1835 3414/381/1614 3412/381/1720
f 3371/381/1702 3444/381/1623 3370/381/1558
f 3390/381/1831 3462/381/1631 3437/381/1628
f 3435/381/1630 3437/381/1628 3462/381/1631
f 3462/381/1631 3392/381/1582 3464/381/1646
f 3390/381/1831 3392/381/1582 3462/381/1631
f 3427/381/1633 3435/381/1630 3462/381/1631
f 3427/381/1633 3462/381/1631 3463/381/1632
f 3462/381/1631 3464/381/1646 3463/381/1632
f 3423/381/1636 3463/381/1632 3464/381/1646
f 3423/381/1636 3464/381/1646 3424/381/1641
f 3393/381/1583 3424/381/1641 3464/381/1646
f 3392/381/1582 3393/381/1583 3464/381/1646
f 3423/381/1636 3427/381/1633 3463/381/1632
f 3435/381/1630 3427/381/1633 3429/381/1634
f 3383/381/1574 3381/381/1707 3434/381/1651
f 3432/381/1587 3383/381/1574 3434/381/1651
f 3432/381/1587 3395/381/1586 3387/381/1760
f 3383/381/1574 3432/381/1587 3387/381/1760
f 3430/381/1598 3404/381/1832 3405/381/1592
f 3393/381/1583 3398/381/1643 3424/381/1641
f 3398/381/1643 3421/381/1642 3424/381/1641
f 3398/381/1643 3399/381/1645 3421/381/1642
f 3412/381/1720 3411/381/1604 3376/381/1704
f 3411/381/1604 3377/381/1829 3376/381/1704
f 3411/381/1604 3409/381/1603 3408/381/1719
f 3388/381/1578 3387/381/1760 3395/381/1586
f 3383/381/1574 3387/381/1760 3385/381/1708
f 3471/381/1728 3465/381/1836 3466/381/1462
f 3467/381/1463 3466/381/1462 3465/381/1836
f 3468/381/1765 3467/381/1463 3465/381/1836
f 3468/381/1765 3465/381/1836 3469/381/1465
f 3470/381/1837 3469/381/1465 3465/381/1836
f 3471/381/1728 3470/381/1837 3465/381/1836
f 3474/381/1820 3470/381/1837 3471/381/1728
f 3472/381/1730 3471/381/1728 3466/381/1462
f 3473/381/1663 3471/381/1728 3472/381/1730
f 3473/381/1663 3474/381/1820 3471/381/1728
f 3474/381/1820 3475/381/1544 3470/381/1837
f 3476/381/1775 3475/381/1544 3474/381/1820
f 3476/381/1775 3474/381/1820 3477/381/1473
f 3477/381/1473 3474/381/1820 3473/381/1663
f 3477/381/1473 3478/381/1478 3476/381/1775
f 3477/381/1473 3480/381/1766 3478/381/1478
f 3477/381/1473 3473/381/1663 3479/381/1472
f 3479/381/1472 3480/381/1766 3477/381/1473
f 3479/381/1472 3483/381/1476 3480/381/1766
f 3481/381/1479 3478/381/1478 3480/381/1766
f 3481/381/1479 3480/381/1766 3482/381/1480
f 3482/381/1480 3480/381/1766 3483/381/1476
f 3482/381/1480 3483/381/1476 3484/381/1769
f 3486/381/1475 3483/381/1476 3479/381/1472
f 3483/381/1476 3485/381/1483 3484/381/1769
f 3483/381/1476 3486/381/1475 3485/381/1483
f 3486/381/1475 3479/381/1472 3487/381/1471
f 3488/381/1484 3485/381/1483 3486/381/1475
f 3489/381/1510 3486/381/1475 3487/381/1471
f 3488/381/1484 3486/381/1475 3489/381/1510
f 3491/381/1688 3488/381/1484 3489/381/1510
f 3489/381/1510 3487/381/1471 3490/381/1676
f 3492/381/1689 3489/381/1510 3490/381/1676
f 3491/381/1688 3489/381/1510 3492/381/1689
f 3492/381/1689 3490/381/1676 3493/381/1507
f 3494/381/1701 3492/381/1689 3493/381/1507
f 3494/381/1701 3495/381/1512 3492/381/1689
f 3495/381/1512 3491/381/1688 3492/381/1689
f 3496/381/1514 3495/381/1512 3494/381/1701
f 3496/381/1514 3497/381/1516 3495/381/1512
f 3498/381/1750 3495/381/1512 3497/381/1516
f 3495/381/1512 3498/381/1750 3491/381/1688
f 3498/381/1750 3497/381/1516 3499/381/1690
f 3491/381/1688 3498/381/1750 3501/381/1492
f 3498/381/1750 3499/381/1690 3500/381/1838
f 3498/381/1750 3500/381/1838 3501/381/1492
f 3491/381/1688 3501/381/1492 3502/381/1486
f 3503/381/1683 3502/381/1486 3501/381/1492
f 3504/381/1494 3503/381/1683 3501/381/1492
f 3504/381/1494 3501/381/1492 3500/381/1838
f 3503/381/1683 3504/381/1494 3505/381/1495
f 3505/381/1495 3504/381/1494 3506/381/1496
f 3507/381/1519 3506/381/1496 3504/381/1494
f 3507/381/1519 3504/381/1494 3500/381/1838
f 3508/381/1520 3509/381/1521 3507/381/1519
f 3499/381/1690 3508/381/1520 3507/381/1519
f 3499/381/1690 3507/381/1519 3500/381/1838
f 3509/381/1521 3506/381/1496 3507/381/1519
f 3508/381/1520 3510/381/1691 3509/381/1521
f 3512/381/1694 3509/381/1521 3510/381/1691
f 3509/381/1521 3511/381/1695 3506/381/1496
f 3512/381/1694 3511/381/1695 3509/381/1521
f 3512/381/1694 3513/381/1525 3511/381/1695
f 3512/381/1694 3510/381/1691 3515/381/1526
f 3468/381/1765 3513/381/1525 3512/381/1694
f 3468/381/1765 3512/381/1694 3514/381/1527
f 3514/381/1527 3512/381/1694 3515/381/1526
f 3514/381/1527 3515/381/1526 3516/381/1805
f 3517/381/1529 3516/381/1805 3515/381/1526
f 3518/381/1530 3517/381/1529 3515/381/1526
f 3518/381/1530 3515/381/1526 3510/381/1691
f 3517/381/1529 3518/381/1530 3521/381/1531
f 3519/381/1749 3518/381/1530 3510/381/1691
f 3518/381/1530 3519/381/1749 3520/381/1532
f 3518/381/1530 3520/381/1532 3521/381/1531
f 3517/381/1529 3521/381/1531 3522/381/1534
f 3523/381/1535 3522/381/1534 3521/381/1531
f 3524/381/1680 3523/381/1535 3521/381/1531
f 3524/381/1680 3521/381/1531 3520/381/1532
f 3496/381/1514 3525/381/1500 3524/381/1680
f 3496/381/1514 3524/381/1680 3520/381/1532
f 3524/381/1680 3525/381/1500 3526/381/1736
f 3524/381/1680 3526/381/1736 3527/381/1498
f 3523/381/1535 3524/381/1680 3527/381/1498
f 3527/381/1498 3526/381/1736 3505/381/1495
f 3527/381/1498 3505/381/1495 3528/381/1497
f 3529/381/1539 3527/381/1498 3528/381/1497
f 3529/381/1539 3530/381/1696 3527/381/1498
f 3523/381/1535 3527/381/1498 3530/381/1696
f 3531/381/1734 3530/381/1696 3529/381/1539
f 3531/381/1734 3532/381/1540 3530/381/1696
f 3533/381/1536 3530/381/1696 3532/381/1540
f 3533/381/1536 3523/381/1535 3530/381/1696
f 3522/381/1534 3533/381/1536 3534/381/1796
f 3535/381/1541 3534/381/1796 3533/381/1536
f 3535/381/1541 3533/381/1536 3532/381/1540
f 3523/381/1535 3533/381/1536 3522/381/1534
f 3535/381/1541 3532/381/1540 3531/381/1734
f 3535/381/1541 3531/381/1734 3469/381/1465
f 3470/381/1837 3535/381/1541 3469/381/1465
f 3470/381/1837 3534/381/1796 3535/381/1541
f 3470/381/1837 3475/381/1544 3534/381/1796
f 3522/381/1534 3534/381/1796 3536/381/1543
f 3536/381/1543 3534/381/1796 3475/381/1544
f 3537/381/1546 3522/381/1534 3536/381/1543
f 3476/381/1775 3537/381/1546 3536/381/1543
f 3536/381/1543 3475/381/1544 3476/381/1775
f 3517/381/1529 3537/381/1546 3516/381/1805
f 3537/381/1546 3517/381/1529 3522/381/1534
f 3516/381/1805 3537/381/1546 3478/381/1478
f 3476/381/1775 3478/381/1478 3537/381/1546
f 3529/381/1539 3513/381/1525 3531/381/1734
f 3531/381/1734 3513/381/1525 3468/381/1765
f 3531/381/1734 3468/381/1765 3469/381/1465
f 3528/381/1497 3511/381/1695 3529/381/1539
f 3529/381/1539 3511/381/1695 3513/381/1525
f 3528/381/1497 3506/381/1496 3511/381/1695
f 3505/381/1495 3506/381/1496 3528/381/1497
f 3526/381/1736 3538/381/1501 3539/381/1493
f 3525/381/1500 3538/381/1501 3526/381/1736
f 3526/381/1736 3539/381/1493 3505/381/1495
f 3503/381/1683 3505/381/1495 3539/381/1493
f 3540/381/1490 3503/381/1683 3539/381/1493
f 3540/381/1490 3539/381/1493 3541/381/1504
f 3538/381/1501 3541/381/1504 3539/381/1493
f 3542/381/1554 3540/381/1490 3541/381/1504
f 3543/381/1839 3542/381/1554 3541/381/1504
f 3538/381/1501 3543/381/1839 3541/381/1504
f 3543/381/1839 3546/381/1555 3542/381/1554
f 3538/381/1501 3544/381/1739 3543/381/1839
f 3543/381/1839 3544/381/1739 3545/381/1772
f 3543/381/1839 3545/381/1772 3546/381/1555
f 3546/381/1555 3545/381/1772 3547/381/1675
f 3546/381/1555 3547/381/1675 3548/381/1553
f 3542/381/1554 3546/381/1555 3548/381/1553
f 3549/381/1671 3548/381/1553 3472/381/1730
f 3547/381/1675 3472/381/1730 3548/381/1553
f 3542/381/1554 3548/381/1553 3549/381/1671
f 3549/381/1671 3472/381/1730 3550/381/1551
f 3550/381/1551 3552/381/1670 3549/381/1671
f 3549/381/1671 3551/381/1672 3542/381/1554
f 3549/381/1671 3552/381/1670 3551/381/1672
f 3554/381/1485 3551/381/1672 3552/381/1670
f 3550/381/1551 3553/381/1550 3552/381/1670
f 3555/381/1482 3552/381/1670 3553/381/1550
f 3554/381/1485 3552/381/1670 3555/381/1482
f 3485/381/1483 3554/381/1485 3555/381/1482
f 3555/381/1482 3553/381/1550 3556/381/1481
f 3555/381/1482 3484/381/1769 3485/381/1483
f 3555/381/1482 3556/381/1481 3484/381/1769
f 3556/381/1481 3558/381/1768 3482/381/1480
f 3556/381/1481 3482/381/1480 3484/381/1769
f 3556/381/1481 3553/381/1550 3557/381/1548
f 3556/381/1481 3557/381/1548 3558/381/1768
f 3557/381/1548 3559/381/1840 3558/381/1768
f 3558/381/1768 3481/381/1479 3482/381/1480
f 3558/381/1768 3559/381/1840 3481/381/1479
f 3557/381/1548 3467/381/1463 3559/381/1840
f 3559/381/1840 3516/381/1805 3481/381/1479
f 3559/381/1840 3514/381/1527 3516/381/1805
f 3467/381/1463 3514/381/1527 3559/381/1840
f 3467/381/1463 3557/381/1548 3466/381/1462
f 3557/381/1548 3550/381/1551 3466/381/1462
f 3557/381/1548 3553/381/1550 3550/381/1551
f 3502/381/1486 3551/381/1672 3554/381/1485
f 3488/381/1484 3502/381/1486 3554/381/1485
f 3485/381/1483 3488/381/1484 3554/381/1485
f 3542/381/1554 3551/381/1672 3540/381/1490
f 3502/381/1486 3540/381/1490 3551/381/1672
f 3472/381/1730 3466/381/1462 3550/381/1551
f 3473/381/1663 3547/381/1675 3487/381/1471
f 3547/381/1675 3473/381/1663 3472/381/1730
f 3490/381/1676 3487/381/1471 3547/381/1675
f 3490/381/1676 3547/381/1675 3545/381/1772
f 3544/381/1739 3490/381/1676 3545/381/1772
f 3560/381/1740 3493/381/1507 3544/381/1739
f 3538/381/1501 3560/381/1740 3544/381/1739
f 3544/381/1739 3493/381/1507 3490/381/1676
f 3525/381/1500 3560/381/1740 3538/381/1501
f 3494/381/1701 3560/381/1740 3525/381/1500
f 3560/381/1740 3494/381/1701 3493/381/1507
f 3503/381/1683 3540/381/1490 3502/381/1486
f 3494/381/1701 3525/381/1500 3496/381/1514
f 3519/381/1749 3496/381/1514 3520/381/1532
f 3519/381/1749 3497/381/1516 3496/381/1514
f 3499/381/1690 3497/381/1516 3519/381/1749
f 3499/381/1690 3519/381/1749 3508/381/1520
f 3519/381/1749 3510/381/1691 3508/381/1520
f 3516/381/1805 3478/381/1478 3481/381/1479
f 3467/381/1463 3468/381/1765 3514/381/1527
f 3488/381/1484 3491/381/1688 3502/381/1486
f 3473/381/1663 3487/381/1471 3479/381/1472
f 3562/381/1841 3566/381/1842 3561/381/1843
f 3562/381/1841 3561/381/1843 3563/381/1844
f 3565/381/1845 3564/381/1846 3561/381/1843
f 3565/381/1845 3561/381/1843 3566/381/1842
f 3566/381/1842 3569/381/1847 3565/381/1845
f 3566/381/1842 3562/381/1841 3567/381/1848
f 3566/381/1842 3567/381/1848 3568/381/1849
f 3566/381/1842 3568/381/1849 3569/381/1847
f 3568/381/1849 3570/381/1850 3569/381/1847
f 3571/381/1851 3569/381/1847 3570/381/1850
f 3572/381/1852 3565/381/1845 3569/381/1847
f 3571/381/1851 3572/381/1852 3569/381/1847
f 3572/381/1852 3571/381/1851 3573/381/1853
f 3572/381/1852 3575/381/1854 3565/381/1845
f 3572/381/1852 3573/381/1853 3574/381/1855
f 3575/381/1854 3572/381/1852 3574/381/1855
f 3575/381/1854 3574/381/1855 3577/381/1856
f 3575/381/1854 3564/381/1846 3565/381/1845
f 3575/381/1854 3576/381/1857 3564/381/1846
f 3577/381/1856 3576/381/1857 3575/381/1854
f 3577/381/1856 3578/381/1858 3576/381/1857
f 3579/381/1859 3577/381/1856 3574/381/1855
f 3580/381/1860 3578/381/1858 3577/381/1856
f 3580/381/1860 3577/381/1856 3579/381/1859
f 3581/381/1861 3580/381/1860 3579/381/1859
f 3581/381/1861 3579/381/1859 3582/381/1862
f 3582/381/1862 3583/381/1863 3581/381/1861
f 3582/381/1862 3584/381/1864 3583/381/1863
f 3563/381/1844 3583/381/1863 3584/381/1864
f 3563/381/1844 3584/381/1864 3562/381/1841
f 3562/381/1841 3584/381/1864 3585/381/1865
f 3586/381/1866 3585/381/1865 3584/381/1864
f 3586/381/1866 3584/381/1864 3582/381/1862
f 3582/381/1862 3587/381/1867 3586/381/1866
f 3586/381/1866 3587/381/1867 3588/381/1868
f 3586/381/1866 3588/381/1868 3589/381/1869
f 3586/381/1866 3589/381/1869 3590/381/1870
f 3586/381/1866 3590/381/1870 3585/381/1865
f 3592/381/1871 3585/381/1865 3590/381/1870
f 3589/381/1869 3591/381/1872 3590/381/1870
f 3593/381/1873 3590/381/1870 3591/381/1872
f 3593/381/1873 3592/381/1871 3590/381/1870
f 3597/381/1874 3592/381/1871 3593/381/1873
f 3594/381/1875 3593/381/1873 3591/381/1872
f 3596/381/1876 3593/381/1873 3594/381/1875
f 3597/381/1874 3593/381/1873 3595/381/1877
f 3596/381/1876 3595/381/1877 3593/381/1873
f 3568/381/1849 3592/381/1871 3597/381/1874
f 3568/381/1849 3597/381/1874 3570/381/1850
f 3595/381/1877 3570/381/1850 3597/381/1874
f 3596/381/1876 3598/381/1878 3599/381/1879
f 3596/381/1876 3599/381/1879 3595/381/1877
f 3571/381/1851 3570/381/1850 3599/381/1879
f 3571/381/1851 3599/381/1879 3600/381/1880
f 3600/381/1880 3599/381/1879 3598/381/1878
f 3595/381/1877 3599/381/1879 3570/381/1850
f 3600/381/1880 3601/381/1881 3573/381/1853
f 3602/381/1882 3601/381/1881 3600/381/1880
f 3600/381/1880 3598/381/1878 3602/381/1882
f 3600/381/1880 3573/381/1853 3571/381/1851
f 3602/381/1882 3603/381/1883 3601/381/1881
f 3604/381/1884 3601/381/1881 3603/381/1883
f 3604/381/1884 3605/381/1885 3601/381/1881
f 3606/381/1886 3605/381/1885 3604/381/1884
f 3606/381/1886 3607/381/1887 3605/381/1885
f 3607/381/1887 3606/381/1886 3608/381/1888
f 3607/381/1887 3608/381/1888 3591/381/1872
f 3594/381/1875 3591/381/1872 3608/381/1888
f 3589/381/1869 3607/381/1887 3591/381/1872
f 3607/381/1887 3589/381/1869 3588/381/1868
f 3607/381/1887 3588/381/1868 3605/381/1885
f 3588/381/1868 3601/381/1881 3605/381/1885
f 3588/381/1868 3573/381/1853 3601/381/1881
f 3568/381/1849 3567/381/1848 3592/381/1871
f 3592/381/1871 3567/381/1848 3585/381/1865
f 3587/381/1867 3573/381/1853 3588/381/1868
f 3579/381/1859 3574/381/1855 3587/381/1867
f 3582/381/1862 3579/381/1859 3587/381/1867
f 3587/381/1867 3574/381/1855 3573/381/1853
f 3562/381/1841 3585/381/1865 3567/381/1848
f 3615/381/1889 3609/381/1890 3610/381/1891
f 3611/381/1892 3610/381/1891 3609/381/1890
f 3612/381/1893 3611/381/1892 3609/381/1890
f 3612/381/1893 3609/381/1890 3613/381/1894
f 3614/381/1895 3613/381/1894 3609/381/1890
f 3615/381/1889 3614/381/1895 3609/381/1890
f 3617/381/1896 3614/381/1895 3615/381/1889
f 3616/381/1897 3615/381/1889 3610/381/1891
f 3618/381/1898 3615/381/1889 3616/381/1897
f 3618/381/1898 3617/381/1896 3615/381/1889
f 3619/381/1899 3618/381/1898 3616/381/1897
f 3618/381/1898 3619/381/1899 3620/381/1900
f 3618/381/1898 3620/381/1900 3622/381/1901
f 3621/381/1902 3617/381/1896 3618/381/1898
f 3621/381/1902 3618/381/1898 3622/381/1901
f 3622/381/1901 3625/381/1903 3621/381/1902
f 3624/381/1904 3622/381/1901 3620/381/1900
f 3622/381/1901 3623/381/1905 3625/381/1903
f 3624/381/1904 3623/381/1905 3622/381/1901
f 3625/381/1903 3623/381/1905 3629/381/1906
f 3621/381/1902 3625/381/1903 3628/381/1907
f 3626/381/1908 3628/381/1907 3625/381/1903
f 3626/381/1908 3625/381/1903 3627/381/1909
f 3625/381/1903 3629/381/1906 3627/381/1909
f 3630/381/1910 3627/381/1909 3629/381/1906
f 3631/381/1911 3630/381/1910 3629/381/1906
f 3623/381/1905 3632/381/1912 3629/381/1906
f 3631/381/1911 3629/381/1906 3632/381/1912
f 3633/381/1913 3632/381/1912 3624/381/1904
f 3632/381/1912 3633/381/1913 3634/381/1914
f 3632/381/1912 3634/381/1914 3631/381/1911
f 3623/381/1905 3624/381/1904 3632/381/1912
f 3637/381/1915 3635/381/1916 3634/381/1914
f 3634/381/1914 3635/381/1916 3636/381/1917
f 3634/381/1914 3636/381/1917 3631/381/1911
f 3633/381/1913 3637/381/1915 3634/381/1914
f 3633/381/1913 3639/381/1918 3637/381/1915
f 3637/381/1915 3640/381/1919 3635/381/1916
f 3641/381/1920 3637/381/1915 3638/381/1921
f 3639/381/1918 3638/381/1921 3637/381/1915
f 3641/381/1920 3640/381/1919 3637/381/1915
f 3640/381/1919 3641/381/1920 3642/381/1922
f 3643/381/1923 3641/381/1920 3638/381/1921
f 3641/381/1920 3644/381/1924 3642/381/1922
f 3641/381/1920 3643/381/1923 3644/381/1924
f 3644/381/1924 3643/381/1923 3645/381/1925
f 3644/381/1924 3645/381/1925 3646/381/1926
f 3647/381/1927 3644/381/1924 3646/381/1926
f 3647/381/1927 3648/381/1928 3644/381/1924
f 3648/381/1928 3642/381/1922 3644/381/1924
f 3649/381/1929 3651/381/1930 3648/381/1928
f 3650/381/1931 3649/381/1929 3648/381/1928
f 3650/381/1931 3648/381/1928 3647/381/1927
f 3648/381/1928 3651/381/1930 3642/381/1922
f 3651/381/1930 3653/381/1932 3652/381/1933
f 3651/381/1930 3652/381/1933 3642/381/1922
f 3651/381/1930 3655/381/1934 3653/381/1932
f 3649/381/1929 3654/381/1935 3651/381/1930
f 3651/381/1930 3654/381/1935 3655/381/1934
f 3655/381/1934 3656/381/1936 3658/381/1937
f 3654/381/1935 3656/381/1936 3655/381/1934
f 3653/381/1932 3655/381/1934 3657/381/1938
f 3655/381/1934 3658/381/1937 3657/381/1938
f 3658/381/1937 3620/381/1900 3619/381/1899
f 3658/381/1937 3619/381/1899 3657/381/1938
f 3659/381/1939 3620/381/1900 3658/381/1937
f 3656/381/1936 3659/381/1939 3658/381/1937
f 3659/381/1939 3624/381/1904 3620/381/1900
f 3633/381/1913 3624/381/1904 3659/381/1939
f 3639/381/1918 3633/381/1913 3659/381/1939
f 3639/381/1918 3659/381/1939 3660/381/1940
f 3656/381/1936 3660/381/1940 3659/381/1939
f 3662/381/1941 3639/381/1918 3660/381/1940
f 3661/381/1942 3660/381/1940 3656/381/1936
f 3661/381/1942 3662/381/1941 3660/381/1940
f 3664/381/1943 3662/381/1941 3661/381/1942
f 3662/381/1941 3665/381/1944 3639/381/1918
f 3665/381/1944 3662/381/1941 3663/381/1945
f 3664/381/1943 3663/381/1945 3662/381/1941
f 3665/381/1944 3663/381/1945 3666/381/1946
f 3639/381/1918 3665/381/1944 3638/381/1921
f 3665/381/1944 3666/381/1946 3667/381/1947
f 3665/381/1944 3667/381/1947 3638/381/1921
f 3666/381/1946 3668/381/1948 3667/381/1947
f 3643/381/1923 3638/381/1921 3667/381/1947
f 3645/381/1925 3667/381/1947 3668/381/1948
f 3645/381/1925 3643/381/1923 3667/381/1947
f 3669/381/1949 3670/381/1950 3668/381/1948
f 3666/381/1946 3669/381/1949 3668/381/1948
f 3670/381/1950 3645/381/1925 3668/381/1948
f 3669/381/1949 3671/381/1951 3670/381/1950
f 3673/381/1952 3670/381/1950 3671/381/1951
f 3670/381/1950 3672/381/1953 3645/381/1925
f 3673/381/1952 3672/381/1953 3670/381/1950
f 3673/381/1952 3674/381/1954 3672/381/1953
f 3673/381/1952 3671/381/1951 3676/381/1955
f 3675/381/1956 3674/381/1954 3673/381/1952
f 3675/381/1956 3673/381/1952 3676/381/1955
f 3675/381/1956 3676/381/1955 3677/381/1957
f 3678/381/1958 3677/381/1957 3676/381/1955
f 3679/381/1959 3678/381/1958 3676/381/1955
f 3679/381/1959 3676/381/1955 3671/381/1951
f 3678/381/1958 3679/381/1959 3680/381/1960
f 3679/381/1959 3682/381/1961 3680/381/1960
f 3681/381/1962 3679/381/1959 3671/381/1951
f 3679/381/1959 3681/381/1962 3682/381/1961
f 3650/381/1931 3680/381/1960 3682/381/1961
f 3664/381/1943 3650/381/1931 3682/381/1961
f 3681/381/1962 3664/381/1943 3682/381/1961
f 3681/381/1962 3663/381/1945 3664/381/1943
f 3666/381/1946 3663/381/1945 3681/381/1962
f 3666/381/1946 3681/381/1962 3669/381/1949
f 3681/381/1962 3671/381/1951 3669/381/1949
f 3678/381/1958 3680/381/1960 3683/381/1963
f 3684/381/1964 3683/381/1963 3680/381/1960
f 3650/381/1931 3684/381/1964 3680/381/1960
f 3684/381/1964 3685/381/1965 3683/381/1963
f 3685/381/1965 3684/381/1964 3686/381/1966
f 3684/381/1964 3647/381/1927 3686/381/1966
f 3684/381/1964 3650/381/1931 3647/381/1927
f 3688/381/1967 3686/381/1966 3687/381/1968
f 3687/381/1968 3686/381/1966 3647/381/1927
f 3688/381/1967 3689/381/1969 3686/381/1966
f 3685/381/1965 3686/381/1966 3689/381/1969
f 3690/381/1970 3685/381/1965 3689/381/1969
f 3613/381/1894 3690/381/1970 3689/381/1969
f 3613/381/1894 3689/381/1969 3688/381/1967
f 3614/381/1895 3691/381/1971 3690/381/1970
f 3690/381/1970 3691/381/1971 3685/381/1965
f 3614/381/1895 3690/381/1970 3613/381/1894
f 3683/381/1963 3685/381/1965 3691/381/1971
f 3683/381/1963 3691/381/1971 3692/381/1972
f 3692/381/1972 3691/381/1971 3693/381/1973
f 3614/381/1895 3693/381/1973 3691/381/1971
f 3692/381/1972 3693/381/1973 3694/381/1974
f 3694/381/1974 3693/381/1973 3617/381/1896
f 3617/381/1896 3693/381/1973 3614/381/1895
f 3694/381/1974 3695/381/1975 3692/381/1972
f 3694/381/1974 3628/381/1907 3695/381/1975
f 3694/381/1974 3617/381/1896 3621/381/1902
f 3621/381/1902 3628/381/1907 3694/381/1974
f 3695/381/1975 3678/381/1958 3683/381/1963
f 3678/381/1958 3695/381/1975 3677/381/1957
f 3677/381/1957 3695/381/1975 3628/381/1907
f 3695/381/1975 3683/381/1963 3692/381/1972
f 3687/381/1968 3674/381/1954 3688/381/1967
f 3674/381/1954 3613/381/1894 3688/381/1967
f 3687/381/1968 3647/381/1927 3646/381/1926
f 3646/381/1926 3672/381/1953 3687/381/1968
f 3687/381/1968 3672/381/1953 3674/381/1954
f 3696/381/1976 3675/381/1956 3677/381/1957
f 3696/381/1976 3677/381/1957 3626/381/1908
f 3677/381/1957 3628/381/1907 3626/381/1908
f 3611/381/1892 3675/381/1956 3696/381/1976
f 3698/381/1977 3611/381/1892 3696/381/1976
f 3696/381/1976 3626/381/1908 3627/381/1909
f 3696/381/1976 3627/381/1909 3697/381/1978
f 3698/381/1977 3696/381/1976 3697/381/1978
f 3611/381/1892 3698/381/1977 3610/381/1891
f 3610/381/1891 3698/381/1977 3699/381/1979
f 3630/381/1910 3699/381/1979 3698/381/1977
f 3630/381/1910 3698/381/1977 3697/381/1978
f 3610/381/1891 3699/381/1979 3700/381/1980
f 3700/381/1980 3699/381/1979 3636/381/1917
f 3631/381/1911 3636/381/1917 3699/381/1979
f 3631/381/1911 3699/381/1979 3630/381/1910
f 3616/381/1897 3610/381/1891 3700/381/1980
f 3701/381/1981 3616/381/1897 3700/381/1980
f 3700/381/1980 3636/381/1917 3701/381/1981
f 3701/381/1981 3703/381/1982 3616/381/1897
f 3701/381/1981 3636/381/1917 3635/381/1916
f 3701/381/1981 3635/381/1916 3702/381/1983
f 3702/381/1983 3703/381/1982 3701/381/1981
f 3704/381/1984 3619/381/1899 3703/381/1982
f 3702/381/1983 3704/381/1984 3703/381/1982
f 3619/381/1899 3616/381/1897 3703/381/1982
f 3653/381/1932 3657/381/1938 3704/381/1984
f 3653/381/1932 3704/381/1984 3702/381/1983
f 3704/381/1984 3657/381/1938 3619/381/1899
f 3653/381/1932 3702/381/1983 3652/381/1933
f 3635/381/1916 3652/381/1933 3702/381/1983
f 3630/381/1910 3697/381/1978 3627/381/1909
f 3675/381/1956 3612/381/1893 3674/381/1954
f 3611/381/1892 3612/381/1893 3675/381/1956
f 3674/381/1954 3612/381/1893 3613/381/1894
f 3646/381/1926 3645/381/1925 3672/381/1953
f 3661/381/1942 3649/381/1929 3664/381/1943
f 3664/381/1943 3649/381/1929 3650/381/1931
f 3654/381/1935 3661/381/1942 3656/381/1936
f 3661/381/1942 3654/381/1935 3649/381/1929
f 3640/381/1919 3642/381/1922 3652/381/1933
f 3635/381/1916 3640/381/1919 3652/381/1933
f 3711/381/1985 3705/381/1986 3706/381/1987
f 3707/381/1988 3706/381/1987 3705/381/1986
f 3708/381/1989 3707/381/1988 3705/381/1986
f 3708/381/1989 3705/381/1986 3709/381/1990
f 3710/381/1991 3709/381/1990 3705/381/1986
f 3711/381/1985 3710/381/1991 3705/381/1986
f 3715/381/1992 3710/381/1991 3711/381/1985
f 3712/381/1993 3711/381/1985 3706/381/1987
f 3712/381/1993 3713/381/1994 3711/381/1985
f 3714/381/1995 3711/381/1985 3713/381/1994
f 3714/381/1995 3715/381/1992 3711/381/1985
f 3715/381/1992 3714/381/1995 3716/381/1996
f 3715/381/1992 3716/381/1996 3717/381/1997
f 3718/381/1998 3715/381/1992 3717/381/1997
f 3715/381/1992 3719/381/1999 3710/381/1991
f 3718/381/1998 3719/381/1999 3715/381/1992
f 3720/381/2000 3719/381/1999 3718/381/1998
f 3710/381/1991 3719/381/1999 3721/381/2001
f 3720/381/2000 3721/381/2001 3719/381/1999
f 3710/381/1991 3721/381/2001 3723/381/2002
f 3722/381/2003 3721/381/2001 3720/381/2000
f 3723/381/2002 3721/381/2001 3722/381/2003
f 3710/381/1991 3723/381/2002 3709/381/1990
f 3723/381/2002 3722/381/2003 3724/381/2004
f 3723/381/2002 3724/381/2004 3725/381/2005
f 3723/381/2002 3725/381/2005 3709/381/1990
f 3725/381/2005 3708/381/1989 3709/381/1990
f 3725/381/2005 3724/381/2004 3726/381/2006
f 3725/381/2005 3726/381/2006 3727/381/2007
f 3727/381/2007 3728/381/2008 3725/381/2005
f 3725/381/2005 3728/381/2008 3708/381/1989
f 3708/381/1989 3728/381/2008 3729/381/2009
f 3729/381/2009 3728/381/2008 3730/381/2010
f 3727/381/2007 3730/381/2010 3728/381/2008
f 3729/381/2009 3730/381/2010 3731/381/2011
f 3731/381/2011 3730/381/2010 3732/381/2012
f 3733/381/2013 3732/381/2012 3730/381/2010
f 3733/381/2013 3730/381/2010 3727/381/2007
f 3734/381/2014 3732/381/2012 3733/381/2013
f 3727/381/2007 3735/381/2015 3733/381/2013
f 3735/381/2015 3734/381/2014 3733/381/2013
f 3736/381/2016 3735/381/2015 3726/381/2006
f 3727/381/2007 3726/381/2006 3735/381/2015
f 3736/381/2016 3737/381/2017 3735/381/2015
f 3737/381/2017 3738/381/2018 3735/381/2015
f 3735/381/2015 3738/381/2018 3734/381/2014
f 3738/381/2018 3739/381/2019 3734/381/2014
f 3738/381/2018 3741/381/2020 3739/381/2019
f 3740/381/2021 3741/381/2020 3738/381/2018
f 3737/381/2017 3740/381/2021 3738/381/2018
f 3742/381/2022 3741/381/2020 3744/381/2023
f 3741/381/2020 3742/381/2022 3743/381/2024
f 3741/381/2020 3743/381/2024 3739/381/2019
f 3740/381/2021 3744/381/2023 3741/381/2020
f 3742/381/2022 3744/381/2023 3745/381/2025
f 3744/381/2023 3747/381/2026 3745/381/2025
f 3744/381/2023 3746/381/2027 3747/381/2026
f 3746/381/2027 3744/381/2023 3740/381/2021
f 3747/381/2026 3750/381/2028 3748/381/2029
f 3747/381/2026 3748/381/2029 3749/381/2030
f 3747/381/2026 3749/381/2030 3751/381/2031
f 3746/381/2027 3750/381/2028 3747/381/2026
f 3747/381/2026 3751/381/2031 3745/381/2025
f 3742/381/2022 3745/381/2025 3751/381/2031
f 3742/381/2022 3751/381/2031 3752/381/2032
f 3753/381/2033 3752/381/2032 3751/381/2031
f 3753/381/2033 3751/381/2031 3754/381/2034
f 3749/381/2030 3754/381/2034 3751/381/2031
f 3753/381/2033 3754/381/2034 3714/381/1995
f 3714/381/1995 3754/381/2034 3755/381/2035
f 3749/381/2030 3755/381/2035 3754/381/2034
f 3714/381/1995 3755/381/2035 3716/381/1996
f 3756/381/2036 3716/381/1996 3755/381/2035
f 3748/381/2029 3756/381/2036 3755/381/2035
f 3748/381/2029 3755/381/2035 3749/381/2030
f 3757/381/2037 3756/381/2036 3758/381/2038
f 3756/381/2036 3757/381/2037 3716/381/1996
f 3759/381/2039 3758/381/2038 3756/381/2036
f 3759/381/2039 3756/381/2036 3748/381/2029
f 3762/381/2040 3758/381/2038 3759/381/2039
f 3760/381/2041 3759/381/2039 3748/381/2029
f 3761/381/2042 3759/381/2039 3760/381/2041
f 3762/381/2040 3759/381/2039 3761/381/2042
f 3762/381/2040 3763/381/2043 3764/381/2044
f 3761/381/2042 3763/381/2043 3762/381/2040
f 3762/381/2040 3764/381/2044 3765/381/2045
f 3762/381/2040 3765/381/2045 3766/381/2046
f 3762/381/2040 3766/381/2046 3758/381/2038
f 3757/381/2037 3758/381/2038 3766/381/2046
f 3767/381/2047 3757/381/2037 3766/381/2046
f 3765/381/2045 3767/381/2047 3766/381/2046
f 3767/381/2047 3768/381/2048 3757/381/2037
f 3769/381/2049 3768/381/2048 3767/381/2047
f 3770/381/2050 3769/381/2049 3767/381/2047
f 3765/381/2045 3770/381/2050 3767/381/2047
f 3770/381/2050 3771/381/2051 3769/381/2049
f 3772/381/2052 3771/381/2051 3770/381/2050
f 3765/381/2045 3772/381/2052 3770/381/2050
f 3772/381/2052 3707/381/1988 3771/381/2051
f 3707/381/1988 3772/381/2052 3706/381/1987
f 3706/381/1987 3772/381/2052 3764/381/2044
f 3765/381/2045 3764/381/2044 3772/381/2052
f 3771/381/2051 3773/381/2053 3774/381/2054
f 3707/381/1988 3773/381/2053 3771/381/2051
f 3771/381/2051 3774/381/2054 3769/381/2049
f 3774/381/2054 3775/381/2055 3777/381/2056
f 3776/381/2057 3775/381/2055 3774/381/2054
f 3773/381/2053 3776/381/2057 3774/381/2054
f 3774/381/2054 3777/381/2056 3769/381/2049
f 3718/381/1998 3777/381/2056 3775/381/2055
f 3717/381/1997 3777/381/2056 3718/381/1998
f 3769/381/2049 3777/381/2056 3768/381/2048
f 3717/381/1997 3768/381/2048 3777/381/2056
f 3776/381/2057 3778/381/2058 3775/381/2055
f 3779/381/2059 3778/381/2058 3776/381/2057
f 3779/381/2059 3776/381/2057 3780/381/2060
f 3773/381/2053 3729/381/2009 3776/381/2057
f 3776/381/2057 3729/381/2009 3731/381/2011
f 3776/381/2057 3731/381/2011 3780/381/2060
f 3781/381/2061 3780/381/2060 3731/381/2011
f 3782/381/2062 3780/381/2060 3781/381/2061
f 3782/381/2062 3779/381/2059 3780/381/2060
f 3785/381/2063 3782/381/2062 3783/381/2064
f 3784/381/2065 3783/381/2064 3782/381/2062
f 3784/381/2065 3782/381/2062 3781/381/2061
f 3779/381/2059 3782/381/2062 3785/381/2063
f 3779/381/2059 3785/381/2063 3786/381/2066
f 3737/381/2017 3786/381/2066 3785/381/2063
f 3787/381/2067 3737/381/2017 3785/381/2063
f 3785/381/2063 3783/381/2064 3787/381/2067
f 3787/381/2067 3740/381/2021 3737/381/2017
f 3746/381/2027 3740/381/2021 3787/381/2067
f 3787/381/2067 3788/381/2068 3746/381/2027
f 3787/381/2067 3783/381/2064 3788/381/2068
f 3788/381/2068 3789/381/2069 3760/381/2041
f 3788/381/2068 3760/381/2041 3750/381/2028
f 3746/381/2027 3788/381/2068 3750/381/2028
f 3789/381/2069 3788/381/2068 3783/381/2064
f 3789/381/2069 3783/381/2064 3784/381/2065
f 3789/381/2069 3784/381/2065 3790/381/2070
f 3789/381/2069 3790/381/2070 3791/381/2071
f 3760/381/2041 3789/381/2069 3791/381/2071
f 3794/381/2072 3791/381/2071 3790/381/2070
f 3760/381/2041 3791/381/2071 3792/381/2073
f 3793/381/2074 3792/381/2073 3791/381/2071
f 3794/381/2072 3793/381/2074 3791/381/2071
f 3793/381/2074 3794/381/2072 3734/381/2014
f 3795/381/2075 3794/381/2072 3790/381/2070
f 3734/381/2014 3794/381/2072 3732/381/2012
f 3795/381/2075 3732/381/2012 3794/381/2072
f 3731/381/2011 3732/381/2012 3795/381/2075
f 3784/381/2065 3795/381/2075 3790/381/2070
f 3781/381/2061 3731/381/2011 3795/381/2075
f 3784/381/2065 3781/381/2061 3795/381/2075
f 3793/381/2074 3796/381/2076 3792/381/2073
f 3793/381/2074 3734/381/2014 3739/381/2019
f 3796/381/2076 3793/381/2074 3739/381/2019
f 3792/381/2073 3796/381/2076 3797/381/2077
f 3797/381/2077 3796/381/2076 3743/381/2024
f 3796/381/2076 3739/381/2019 3743/381/2024
f 3792/381/2073 3797/381/2077 3761/381/2042
f 3761/381/2042 3797/381/2077 3763/381/2043
f 3798/381/2078 3763/381/2043 3797/381/2077
f 3798/381/2078 3797/381/2077 3799/381/2079
f 3797/381/2077 3743/381/2024 3799/381/2079
f 3799/381/2079 3753/381/2033 3798/381/2078
f 3742/381/2022 3799/381/2079 3743/381/2024
f 3742/381/2022 3752/381/2032 3799/381/2079
f 3799/381/2079 3752/381/2032 3753/381/2033
f 3798/381/2078 3753/381/2033 3713/381/1994
f 3798/381/2078 3713/381/1994 3712/381/1993
f 3712/381/1993 3763/381/2043 3798/381/2078
f 3761/381/2042 3760/381/2041 3792/381/2073
f 3736/381/2016 3800/381/2080 3786/381/2066
f 3737/381/2017 3736/381/2016 3786/381/2066
f 3778/381/2058 3786/381/2066 3800/381/2080
f 3778/381/2058 3779/381/2059 3786/381/2066
f 3722/381/2003 3720/381/2000 3800/381/2080
f 3736/381/2016 3722/381/2003 3800/381/2080
f 3720/381/2000 3778/381/2058 3800/381/2080
f 3720/381/2000 3775/381/2055 3778/381/2058
f 3718/381/1998 3775/381/2055 3720/381/2000
f 3708/381/1989 3729/381/2009 3773/381/2053
f 3707/381/1988 3708/381/1989 3773/381/2053
f 3716/381/1996 3768/381/2048 3717/381/1997
f 3716/381/1996 3757/381/2037 3768/381/2048
f 3706/381/1987 3764/381/2044 3712/381/1993
f 3712/381/1993 3764/381/2044 3763/381/2043
f 3760/381/2041 3748/381/2029 3750/381/2028
f 3753/381/2033 3714/381/1995 3713/381/1994
f 3722/381/2003 3736/381/2016 3726/381/2006
f 3722/381/2003 3726/381/2006 3724/381/2004
f 3801/381/2081 3802/381/2082 3804/381/2083
f 3802/381/2082 3801/381/2081 3803/381/2084
f 3801/381/2081 3804/381/2083 3805/381/2085
f 3804/381/2083 3806/381/2086 3805/381/2085
f 3804/381/2083 3807/381/2087 3806/381/2086
f 3802/381/2082 3803/381/2084 3808/381/2088
f 3815/381/2089 3809/381/1890 3810/381/1891
f 3811/381/1892 3810/381/1891 3809/381/1890
f 3812/381/1893 3811/381/1892 3809/381/1890
f 3812/381/1893 3809/381/1890 3813/381/1894
f 3814/381/1895 3813/381/1894 3809/381/1890
f 3815/381/2089 3814/381/1895 3809/381/1890
f 3819/381/1896 3814/381/1895 3815/381/2089
f 3816/381/1980 3815/381/2089 3810/381/1891
f 3816/381/1980 3817/381/1897 3815/381/2089
f 3818/381/2090 3815/381/2089 3817/381/1897
f 3818/381/2090 3819/381/1896 3815/381/2089
f 3819/381/1896 3820/381/2091 3814/381/1895
f 3821/381/1974 3820/381/2091 3819/381/1896
f 3821/381/1974 3819/381/1896 3822/381/1902
f 3819/381/1896 3823/381/1901 3822/381/1902
f 3819/381/1896 3818/381/2090 3823/381/1901
f 3823/381/1901 3824/381/1905 3827/381/1903
f 3825/381/1904 3824/381/1905 3823/381/1901
f 3825/381/1904 3823/381/1901 3826/381/1900
f 3818/381/2090 3826/381/1900 3823/381/1901
f 3823/381/1901 3827/381/1903 3822/381/1902
f 3822/381/1902 3827/381/1903 3828/381/2092
f 3831/381/1908 3828/381/2092 3827/381/1903
f 3827/381/1903 3824/381/1905 3829/381/1906
f 3827/381/1903 3829/381/1906 3830/381/2093
f 3831/381/1908 3827/381/1903 3830/381/2093
f 3833/381/2094 3831/381/1908 3830/381/2093
f 3832/381/2095 3828/381/2092 3831/381/1908
f 3833/381/2094 3832/381/2095 3831/381/1908
f 3833/381/2094 3834/381/2096 3832/381/2095
f 3833/381/2094 3830/381/2093 3836/381/1978
f 3811/381/1892 3834/381/2096 3833/381/2094
f 3835/381/1977 3811/381/1892 3833/381/2094
f 3835/381/1977 3833/381/2094 3836/381/1978
f 3837/381/2097 3835/381/1977 3836/381/1978
f 3837/381/2097 3836/381/1978 3830/381/2093
f 3837/381/2097 3838/381/2098 3835/381/1977
f 3837/381/2097 3830/381/2093 3829/381/1906
f 3839/381/1911 3838/381/2098 3837/381/2097
f 3839/381/1911 3837/381/2097 3829/381/1906
f 3839/381/1911 3829/381/1906 3840/381/2099
f 3840/381/2099 3841/381/2100 3839/381/1911
f 3841/381/2100 3842/381/1917 3839/381/1911
f 3839/381/1911 3842/381/1917 3838/381/2098
f 3816/381/1980 3838/381/2098 3842/381/1917
f 3816/381/1980 3842/381/1917 3843/381/1981
f 3843/381/1981 3842/381/1917 3844/381/2101
f 3841/381/2100 3844/381/2101 3842/381/1917
f 3846/381/1983 3844/381/2101 3845/381/2102
f 3845/381/2102 3844/381/2101 3841/381/2100
f 3843/381/1981 3844/381/2101 3846/381/1983
f 3846/381/1983 3849/381/2103 3843/381/1981
f 3846/381/1983 3845/381/2102 3847/381/2104
f 3847/381/2104 3848/381/1984 3846/381/1983
f 3846/381/1983 3848/381/1984 3849/381/2103
f 3843/381/1981 3849/381/2103 3817/381/1897
f 3850/381/1899 3817/381/1897 3849/381/2103
f 3848/381/1984 3850/381/1899 3849/381/2103
f 3850/381/1899 3818/381/2090 3817/381/1897
f 3818/381/2090 3850/381/1899 3826/381/1900
f 3851/381/1937 3826/381/1900 3850/381/1899
f 3848/381/1984 3852/381/1938 3850/381/1899
f 3851/381/1937 3850/381/1899 3852/381/1938
f 3853/381/1936 3851/381/1937 3852/381/1938
f 3855/381/1932 3852/381/1938 3848/381/1984
f 3853/381/1936 3852/381/1938 3854/381/2105
f 3855/381/1932 3854/381/2105 3852/381/1938
f 3856/381/2106 3854/381/2105 3855/381/1932
f 3856/381/2106 3855/381/1932 3847/381/2104
f 3847/381/2104 3855/381/1932 3848/381/1984
f 3856/381/2106 3847/381/2104 3857/381/1922
f 3860/381/2107 3856/381/2106 3857/381/1922
f 3856/381/2106 3858/381/1935 3854/381/2105
f 3859/381/1929 3858/381/1935 3856/381/2106
f 3859/381/1929 3856/381/2106 3860/381/2107
f 3861/381/1931 3859/381/1929 3860/381/2107
f 3860/381/2107 3857/381/1922 3863/381/1924
f 3861/381/1931 3860/381/2107 3862/381/2108
f 3862/381/2108 3860/381/2107 3863/381/1924
f 3867/381/2109 3864/381/1923 3863/381/1924
f 3863/381/1924 3864/381/1923 3865/381/1925
f 3863/381/1924 3865/381/1925 3866/381/1926
f 3862/381/2108 3863/381/1924 3866/381/1926
f 3867/381/2109 3863/381/1924 3857/381/1922
f 3864/381/1923 3867/381/2109 3868/381/1921
f 3867/381/2109 3869/381/1915 3868/381/1921
f 3845/381/2102 3867/381/2109 3857/381/1922
f 3867/381/2109 3845/381/2102 3869/381/1915
f 3870/381/2110 3871/381/2111 3869/381/1915
f 3870/381/2110 3869/381/1915 3841/381/2100
f 3845/381/2102 3841/381/2100 3869/381/1915
f 3871/381/2111 3868/381/1921 3869/381/1915
f 3872/381/1941 3874/381/1944 3871/381/2111
f 3872/381/1941 3871/381/2111 3873/381/1940
f 3873/381/1940 3871/381/2111 3870/381/2110
f 3871/381/2111 3874/381/1944 3868/381/1921
f 3874/381/1944 3872/381/1941 3875/381/1945
f 3874/381/1944 3875/381/1945 3876/381/1946
f 3874/381/1944 3876/381/1946 3877/381/2112
f 3874/381/1944 3877/381/2112 3868/381/1921
f 3876/381/1946 3878/381/1948 3877/381/2112
f 3864/381/1923 3868/381/1921 3877/381/2112
f 3865/381/1925 3877/381/2112 3878/381/1948
f 3865/381/1925 3864/381/1923 3877/381/2112
f 3880/381/2113 3878/381/1948 3879/381/1949
f 3876/381/1946 3879/381/1949 3878/381/1948
f 3880/381/2113 3881/381/2114 3878/381/1948
f 3881/381/2114 3865/381/1925 3878/381/1948
f 3882/381/2115 3881/381/2114 3880/381/2113
f 3882/381/2115 3883/381/1953 3881/381/2114
f 3881/381/2114 3883/381/1953 3865/381/1925
f 3882/381/2115 3885/381/1954 3883/381/1953
f 3866/381/1926 3865/381/1925 3883/381/1953
f 3866/381/1926 3883/381/1953 3884/381/1968
f 3884/381/1968 3883/381/1953 3885/381/1954
f 3884/381/1968 3885/381/1954 3886/381/1967
f 3885/381/1954 3813/381/1894 3886/381/1967
f 3885/381/1954 3812/381/1893 3813/381/1894
f 3812/381/1893 3885/381/1954 3882/381/2115
f 3886/381/1967 3888/381/1969 3887/381/2116
f 3886/381/1967 3887/381/2116 3884/381/1968
f 3813/381/1894 3888/381/1969 3886/381/1967
f 3889/381/2117 3887/381/2116 3888/381/1969
f 3813/381/1894 3890/381/1970 3888/381/1969
f 3890/381/1970 3889/381/2117 3888/381/1969
f 3890/381/1970 3891/381/2118 3889/381/2117
f 3814/381/1895 3890/381/1970 3813/381/1894
f 3814/381/1895 3891/381/2118 3890/381/1970
f 3889/381/2117 3891/381/2118 3892/381/2119
f 3892/381/2119 3891/381/2118 3820/381/2091
f 3814/381/1895 3820/381/2091 3891/381/2118
f 3889/381/2117 3892/381/2119 3893/381/1963
f 3892/381/2119 3894/381/1958 3893/381/1963
f 3892/381/2119 3895/381/2120 3894/381/1958
f 3821/381/1974 3895/381/2120 3892/381/2119
f 3892/381/2119 3820/381/2091 3821/381/1974
f 3894/381/1958 3895/381/2120 3832/381/2095
f 3832/381/2095 3895/381/2120 3828/381/2092
f 3821/381/1974 3828/381/2092 3895/381/2120
f 3894/381/1958 3897/381/2121 3896/381/2122
f 3894/381/1958 3896/381/2122 3893/381/1963
f 3897/381/2121 3894/381/1958 3898/381/1955
f 3894/381/1958 3832/381/2095 3898/381/1955
f 3897/381/2121 3898/381/1955 3880/381/2113
f 3882/381/2115 3880/381/2113 3898/381/1955
f 3834/381/2096 3882/381/2115 3898/381/1955
f 3834/381/2096 3898/381/1955 3832/381/2095
f 3897/381/2121 3899/381/2123 3900/381/1961
f 3899/381/2123 3897/381/2121 3880/381/2113
f 3897/381/2121 3900/381/1961 3896/381/2122
f 3861/381/1931 3896/381/2122 3900/381/1961
f 3901/381/1943 3861/381/1931 3900/381/1961
f 3900/381/1961 3899/381/2123 3875/381/1945
f 3900/381/1961 3875/381/1945 3901/381/1943
f 3901/381/1943 3859/381/1929 3861/381/1931
f 3902/381/1942 3859/381/1929 3901/381/1943
f 3901/381/1943 3872/381/1941 3902/381/1942
f 3901/381/1943 3875/381/1945 3872/381/1941
f 3902/381/1942 3858/381/1935 3859/381/1929
f 3858/381/1935 3902/381/1942 3853/381/1936
f 3902/381/1942 3872/381/1941 3873/381/1940
f 3902/381/1942 3873/381/1940 3853/381/1936
f 3875/381/1945 3899/381/2123 3879/381/1949
f 3899/381/2123 3880/381/2113 3879/381/1949
f 3903/381/2124 3893/381/1963 3896/381/2122
f 3861/381/1931 3903/381/2124 3896/381/2122
f 3903/381/2124 3889/381/2117 3893/381/1963
f 3889/381/2117 3903/381/2124 3887/381/2116
f 3903/381/2124 3862/381/2108 3887/381/2116
f 3903/381/2124 3861/381/1931 3862/381/2108
f 3884/381/1968 3887/381/2116 3862/381/2108
f 3884/381/1968 3862/381/2108 3866/381/1926
f 3812/381/1893 3882/381/2115 3834/381/2096
f 3875/381/1945 3879/381/1949 3876/381/1946
f 3873/381/1940 3870/381/2110 3904/381/1939
f 3873/381/1940 3904/381/1939 3851/381/1937
f 3873/381/1940 3851/381/1937 3853/381/1936
f 3904/381/1939 3826/381/1900 3851/381/1937
f 3904/381/1939 3825/381/1904 3826/381/1900
f 3870/381/2110 3825/381/1904 3904/381/1939
f 3870/381/2110 3840/381/2099 3825/381/1904
f 3840/381/2099 3870/381/2110 3841/381/2100
f 3858/381/1935 3853/381/1936 3854/381/2105
f 3845/381/2102 3857/381/1922 3847/381/2104
f 3843/381/1981 3817/381/1897 3816/381/1980
f 3824/381/1905 3825/381/1904 3840/381/2099
f 3824/381/1905 3840/381/2099 3829/381/1906
f 3835/381/1977 3838/381/2098 3816/381/1980
f 3811/381/1892 3835/381/1977 3810/381/1891
f 3835/381/1977 3816/381/1980 3810/381/1891
f 3811/381/1892 3812/381/1893 3834/381/2096
f 3822/381/1902 3828/381/2092 3821/381/1974
f 3911/381/1985 3905/381/1986 3906/381/1987
f 3907/381/1988 3906/381/1987 3905/381/1986
f 3908/381/1989 3907/381/1988 3905/381/1986
f 3908/381/1989 3905/381/1986 3909/381/1990
f 3910/381/2125 3909/381/1990 3905/381/1986
f 3911/381/1985 3910/381/2125 3905/381/1986
f 3911/381/1985 3916/381/1999 3910/381/2125
f 3912/381/1993 3911/381/1985 3906/381/1987
f 3912/381/1993 3913/381/1994 3911/381/1985
f 3914/381/1995 3911/381/1985 3913/381/1994
f 3914/381/1995 3915/381/1992 3911/381/1985
f 3911/381/1985 3915/381/1992 3916/381/1999
f 3917/381/2126 3916/381/1999 3915/381/1992
f 3918/381/2000 3916/381/1999 3917/381/2126
f 3918/381/2000 3919/381/2001 3916/381/1999
f 3910/381/2125 3916/381/1999 3919/381/2001
f 3921/381/2080 3919/381/2001 3918/381/2000
f 3910/381/2125 3919/381/2001 3920/381/2002
f 3920/381/2002 3919/381/2001 3922/381/2003
f 3921/381/2080 3922/381/2003 3919/381/2001
f 3920/381/2002 3922/381/2003 3923/381/2004
f 3925/381/2127 3922/381/2003 3921/381/2080
f 3922/381/2003 3924/381/2006 3923/381/2004
f 3922/381/2003 3925/381/2127 3924/381/2006
f 3925/381/2127 3927/381/2017 3926/381/2128
f 3925/381/2127 3926/381/2128 3924/381/2006
f 3925/381/2127 3921/381/2080 3928/381/2066
f 3927/381/2017 3925/381/2127 3928/381/2066
f 3927/381/2017 3928/381/2066 3929/381/2063
f 3931/381/2129 3928/381/2066 3921/381/2080
f 3930/381/2059 3929/381/2063 3928/381/2066
f 3931/381/2129 3930/381/2059 3928/381/2066
f 3930/381/2059 3931/381/2129 3932/381/2057
f 3933/381/2130 3931/381/2129 3921/381/2080
f 3931/381/2129 3934/381/2131 3932/381/2057
f 3931/381/2129 3933/381/2130 3934/381/2131
f 3934/381/2131 3938/381/2009 3932/381/2057
f 3934/381/2131 3933/381/2130 3935/381/2132
f 3934/381/2131 3935/381/2132 3936/381/2049
f 3939/381/2051 3934/381/2131 3936/381/2049
f 3939/381/2051 3937/381/2053 3934/381/2131
f 3934/381/2131 3937/381/2053 3938/381/2009
f 3907/381/1988 3937/381/2053 3939/381/2051
f 3940/381/2052 3907/381/1988 3939/381/2051
f 3940/381/2052 3939/381/2051 3941/381/2050
f 3941/381/2050 3939/381/2051 3936/381/2049
f 3942/381/2045 3940/381/2052 3941/381/2050
f 3941/381/2050 3936/381/2049 3943/381/2133
f 3942/381/2045 3941/381/2050 3943/381/2133
f 3942/381/2045 3943/381/2133 3944/381/2134
f 3945/381/2135 3944/381/2134 3943/381/2133
f 3936/381/2049 3945/381/2135 3943/381/2133
f 3946/381/2136 3945/381/2135 3935/381/2132
f 3936/381/2049 3935/381/2132 3945/381/2135
f 3948/381/1996 3945/381/2135 3946/381/2136
f 3948/381/1996 3947/381/2037 3945/381/2135
f 3945/381/2135 3947/381/2037 3944/381/2134
f 3950/381/2036 3948/381/1996 3949/381/2035
f 3914/381/1995 3949/381/2035 3948/381/1996
f 3915/381/1992 3914/381/1995 3948/381/1996
f 3915/381/1992 3948/381/1996 3946/381/2136
f 3950/381/2036 3947/381/2037 3948/381/1996
f 3947/381/2037 3950/381/2036 3951/381/2038
f 3952/381/2039 3951/381/2038 3950/381/2036
f 3953/381/2029 3950/381/2036 3949/381/2035
f 3952/381/2039 3950/381/2036 3953/381/2029
f 3954/381/2028 3952/381/2039 3953/381/2029
f 3953/381/2029 3949/381/2035 3956/381/2137
f 3955/381/2026 3954/381/2028 3953/381/2029
f 3955/381/2026 3953/381/2029 3956/381/2137
f 3956/381/2137 3949/381/2035 3958/381/2034
f 3955/381/2026 3956/381/2137 3957/381/2031
f 3956/381/2137 3958/381/2034 3957/381/2031
f 3959/381/2033 3957/381/2031 3958/381/2034
f 3959/381/2033 3958/381/2034 3914/381/1995
f 3914/381/1995 3958/381/2034 3949/381/2035
f 3959/381/2033 3960/381/2032 3957/381/2031
f 3961/381/2079 3960/381/2032 3959/381/2033
f 3961/381/2079 3959/381/2033 3962/381/2078
f 3962/381/2078 3959/381/2033 3913/381/1994
f 3959/381/2033 3914/381/1995 3913/381/1994
f 3962/381/2078 3913/381/1994 3912/381/1993
f 3912/381/1993 3963/381/2138 3962/381/2078
f 3962/381/2078 3963/381/2138 3964/381/2139
f 3962/381/2078 3964/381/2139 3961/381/2079
f 3965/381/2042 3964/381/2139 3963/381/2138
f 3966/381/2140 3964/381/2139 3965/381/2042
f 3966/381/2140 3967/381/2076 3964/381/2139
f 3964/381/2139 3967/381/2076 3968/381/2141
f 3964/381/2139 3968/381/2141 3961/381/2079
f 3967/381/2076 3969/381/2142 3968/381/2141
f 3970/381/2143 3968/381/2141 3969/381/2142
f 3970/381/2143 3971/381/2144 3968/381/2141
f 3968/381/2141 3960/381/2032 3961/381/2079
f 3968/381/2141 3971/381/2144 3960/381/2032
f 3970/381/2143 3972/381/2025 3971/381/2144
f 3971/381/2144 3957/381/2031 3960/381/2032
f 3971/381/2144 3972/381/2025 3957/381/2031
f 3955/381/2026 3957/381/2031 3972/381/2025
f 3973/381/2145 3955/381/2026 3972/381/2025
f 3970/381/2143 3973/381/2145 3972/381/2025
f 3973/381/2145 3974/381/2027 3955/381/2026
f 3974/381/2027 3973/381/2145 3975/381/2021
f 3976/381/2018 3975/381/2021 3973/381/2145
f 3976/381/2018 3973/381/2145 3970/381/2143
f 3926/381/2128 3975/381/2021 3976/381/2018
f 3976/381/2018 3970/381/2143 3969/381/2142
f 3926/381/2128 3976/381/2018 3977/381/2014
f 3976/381/2018 3969/381/2142 3977/381/2014
f 3926/381/2128 3977/381/2014 3978/381/2013
f 3981/381/2074 3977/381/2014 3969/381/2142
f 3977/381/2014 3979/381/2012 3978/381/2013
f 3977/381/2014 3980/381/2072 3979/381/2012
f 3981/381/2074 3980/381/2072 3977/381/2014
f 3967/381/2076 3981/381/2074 3969/381/2142
f 3981/381/2074 3967/381/2076 3966/381/2140
f 3981/381/2074 3966/381/2140 3982/381/2146
f 3980/381/2072 3981/381/2074 3982/381/2146
f 3983/381/2041 3985/381/2147 3982/381/2146
f 3983/381/2041 3982/381/2146 3966/381/2140
f 3980/381/2072 3982/381/2146 3984/381/2070
f 3985/381/2147 3984/381/2070 3982/381/2146
f 3986/381/2148 3985/381/2147 3983/381/2041
f 3985/381/2147 3986/381/2148 3987/381/2064
f 3985/381/2147 3987/381/2064 3988/381/2065
f 3985/381/2147 3988/381/2065 3984/381/2070
f 3988/381/2065 3990/381/2149 3989/381/2150
f 3988/381/2065 3989/381/2150 3984/381/2070
f 3988/381/2065 3991/381/2062 3990/381/2149
f 3988/381/2065 3987/381/2064 3991/381/2062
f 3991/381/2062 3992/381/2060 3990/381/2149
f 3991/381/2062 3930/381/2059 3992/381/2060
f 3930/381/2059 3991/381/2062 3929/381/2063
f 3991/381/2062 3987/381/2064 3993/381/2067
f 3991/381/2062 3993/381/2067 3929/381/2063
f 3993/381/2067 3987/381/2064 3986/381/2148
f 3975/381/2021 3929/381/2063 3993/381/2067
f 3993/381/2067 3986/381/2148 3974/381/2027
f 3974/381/2027 3975/381/2021 3993/381/2067
f 3990/381/2149 3992/381/2060 3994/381/2011
f 3932/381/2057 3994/381/2011 3992/381/2060
f 3930/381/2059 3932/381/2057 3992/381/2060
f 3938/381/2009 3995/381/2151 3994/381/2011
f 3994/381/2011 3995/381/2151 3979/381/2012
f 3994/381/2011 3979/381/2012 3989/381/2150
f 3990/381/2149 3994/381/2011 3989/381/2150
f 3932/381/2057 3938/381/2009 3994/381/2011
f 3978/381/2013 3979/381/2012 3995/381/2151
f 3978/381/2013 3995/381/2151 3997/381/2007
f 3938/381/2009 3996/381/2152 3995/381/2151
f 3997/381/2007 3995/381/2151 3996/381/2152
f 3997/381/2007 3924/381/2006 3926/381/2128
f 3998/381/2153 3924/381/2006 3997/381/2007
f 3997/381/2007 3996/381/2152 3998/381/2153
f 3997/381/2007 3926/381/2128 3978/381/2013
f 3920/381/2002 3923/381/2004 3998/381/2153
f 3920/381/2002 3998/381/2153 3909/381/1990
f 3996/381/2152 3909/381/1990 3998/381/2153
f 3998/381/2153 3923/381/2004 3924/381/2006
f 3908/381/1989 3996/381/2152 3938/381/2009
f 3996/381/2152 3908/381/1989 3909/381/1990
f 3989/381/2150 3979/381/2012 3980/381/2072
f 3989/381/2150 3980/381/2072 3984/381/2070
f 3974/381/2027 3986/381/2148 3954/381/2028
f 3986/381/2148 3983/381/2041 3954/381/2028
f 3952/381/2039 3983/381/2041 3966/381/2140
f 3954/381/2028 3983/381/2041 3952/381/2039
f 3926/381/2128 3927/381/2017 3975/381/2021
f 3975/381/2021 3927/381/2017 3929/381/2063
f 3974/381/2027 3954/381/2028 3955/381/2026
f 3952/381/2039 3966/381/2140 3965/381/2042
f 3965/381/2042 3963/381/2138 3999/381/2040
f 3951/381/2038 3965/381/2042 3999/381/2040
f 3951/381/2038 3952/381/2039 3965/381/2042
f 3999/381/2040 3963/381/2138 4000/381/2044
f 3999/381/2040 4000/381/2044 3942/381/2045
f 3999/381/2040 3944/381/2134 3951/381/2038
f 3999/381/2040 3942/381/2045 3944/381/2134
f 3942/381/2045 4000/381/2044 3940/381/2052
f 3906/381/1987 3940/381/2052 4000/381/2044
f 3906/381/1987 4000/381/2044 3912/381/1993
f 3912/381/1993 4000/381/2044 3963/381/2138
f 3947/381/2037 3951/381/2038 3944/381/2134
f 3917/381/2126 3915/381/1992 3946/381/2136
f 3946/381/2136 3935/381/2132 3917/381/2126
f 3907/381/1988 3940/381/2052 3906/381/1987
f 3908/381/1989 3938/381/2009 3937/381/2053
f 3907/381/1988 3908/381/1989 3937/381/2053
f 3917/381/2126 3935/381/2132 3933/381/2130
f 3933/381/2130 3921/381/2080 3918/381/2000
f 3917/381/2126 3933/381/2130 3918/381/2000
f 3910/381/2125 3920/381/2002 3909/381/1990
f 4007/381/2089 4001/381/1890 4002/381/1891
f 4003/381/1892 4002/381/1891 4001/381/1890
f 4004/381/1893 4003/381/1892 4001/381/1890
f 4004/381/1893 4001/381/1890 4005/381/1894
f 4006/381/2154 4005/381/1894 4001/381/1890
f 4007/381/2089 4006/381/2154 4001/381/1890
f 4011/381/2155 4006/381/2154 4007/381/2089
f 4008/381/1980 4007/381/2089 4002/381/1891
f 4008/381/1980 4009/381/1897 4007/381/2089
f 4010/381/1898 4007/381/2089 4009/381/1897
f 4010/381/1898 4011/381/2155 4007/381/2089
f 4011/381/2155 4010/381/1898 4012/381/1901
f 4011/381/2155 4012/381/1901 4013/381/1902
f 4014/381/1974 4011/381/2155 4013/381/1902
f 4011/381/2155 4015/381/1973 4006/381/2154
f 4014/381/1974 4015/381/1973 4011/381/2155
f 4016/381/2119 4015/381/1973 4014/381/1974
f 4006/381/2154 4015/381/1973 4017/381/1971
f 4016/381/2119 4017/381/1971 4015/381/1973
f 4006/381/2154 4017/381/1971 4019/381/2156
f 4018/381/2117 4017/381/1971 4016/381/2119
f 4019/381/2156 4017/381/1971 4018/381/2117
f 4006/381/2154 4019/381/2156 4005/381/1894
f 4019/381/2156 4018/381/2117 4020/381/1969
f 4005/381/1894 4019/381/2156 4020/381/1969
f 4018/381/2117 4022/381/2116 4020/381/1969
f 4005/381/1894 4020/381/1969 4021/381/2157
f 4021/381/2157 4020/381/1969 4022/381/2116
f 4018/381/2117 4023/381/1964 4022/381/2116
f 4021/381/2157 4022/381/2116 4024/381/1968
f 4023/381/1964 4025/381/2158 4022/381/2116
f 4024/381/1968 4022/381/2116 4025/381/2158
f 4024/381/1968 4025/381/2158 4027/381/1926
f 4023/381/1964 4026/381/1931 4025/381/2158
f 4026/381/1931 4028/381/1928 4025/381/2158
f 4027/381/1926 4025/381/2158 4028/381/1928
f 4027/381/1926 4028/381/1928 4029/381/1924
f 4028/381/1928 4030/381/2159 4029/381/1924
f 4028/381/1928 4032/381/2106 4030/381/2159
f 4026/381/1931 4031/381/1929 4028/381/1928
f 4031/381/1929 4032/381/2106 4028/381/1928
f 4032/381/2106 4034/381/2160 4033/381/1933
f 4032/381/2106 4033/381/1933 4030/381/2159
f 4032/381/2106 4036/381/1934 4034/381/2160
f 4032/381/2106 4035/381/2161 4036/381/1934
f 4031/381/1929 4035/381/2161 4032/381/2106
f 4037/381/1936 4038/381/1938 4036/381/1934
f 4035/381/2161 4037/381/1936 4036/381/1934
f 4034/381/2160 4036/381/1934 4038/381/1938
f 4041/381/1984 4038/381/1938 4039/381/1899
f 4040/381/2162 4039/381/1899 4038/381/1938
f 4037/381/1936 4040/381/2162 4038/381/1938
f 4034/381/2160 4038/381/1938 4041/381/1984
f 4033/381/1933 4034/381/2160 4041/381/1984
f 4033/381/1933 4041/381/1984 4042/381/1983
f 4042/381/1983 4041/381/1984 4043/381/2103
f 4041/381/1984 4039/381/1899 4043/381/2103
f 4042/381/1983 4043/381/2103 4044/381/1981
f 4044/381/1981 4043/381/2103 4009/381/1897
f 4039/381/1899 4009/381/1897 4043/381/2103
f 4044/381/1981 4009/381/1897 4008/381/1980
f 4008/381/1980 4045/381/1917 4044/381/1981
f 4044/381/1981 4045/381/1917 4046/381/2163
f 4044/381/1981 4046/381/2163 4042/381/1983
f 4047/381/2100 4046/381/2163 4045/381/1917
f 4048/381/2164 4046/381/2163 4047/381/2100
f 4048/381/2164 4049/381/2165 4046/381/2163
f 4046/381/2163 4049/381/2165 4033/381/1933
f 4046/381/2163 4033/381/1933 4042/381/1983
f 4049/381/2165 4050/381/1920 4030/381/2159
f 4050/381/1920 4049/381/2165 4048/381/2164
f 4049/381/2165 4030/381/2159 4033/381/1933
f 4050/381/1920 4048/381/2164 4051/381/1921
f 4052/381/1923 4050/381/1920 4051/381/1921
f 4050/381/1920 4029/381/1924 4030/381/2159
f 4050/381/1920 4052/381/1923 4029/381/1924
f 4052/381/1923 4051/381/1921 4053/381/2112
f 4054/381/2166 4052/381/1923 4053/381/2112
f 4054/381/2166 4055/381/2167 4052/381/1923
f 4052/381/1923 4055/381/2167 4027/381/1926
f 4052/381/1923 4027/381/1926 4029/381/1924
f 4056/381/2114 4057/381/1953 4055/381/2167
f 4056/381/2114 4055/381/2167 4054/381/2166
f 4027/381/1926 4055/381/2167 4057/381/1953
f 4058/381/2115 4059/381/1954 4057/381/1953
f 4058/381/2115 4057/381/1953 4056/381/2114
f 4024/381/1968 4057/381/1953 4059/381/1954
f 4027/381/1926 4057/381/1953 4024/381/1968
f 4004/381/1893 4059/381/1954 4058/381/2115
f 4024/381/1968 4059/381/1954 4021/381/2157
f 4021/381/2157 4059/381/1954 4004/381/1893
f 4058/381/2115 4056/381/2114 4060/381/2113
f 4058/381/2115 4060/381/2113 4061/381/1955
f 4004/381/1893 4058/381/2115 4062/381/2096
f 4062/381/2096 4058/381/2115 4061/381/1955
f 4062/381/2096 4061/381/1955 4064/381/1957
f 4003/381/1892 4004/381/1893 4062/381/2096
f 4003/381/1892 4062/381/2096 4063/381/1976
f 4063/381/1976 4062/381/2096 4064/381/1957
f 4065/381/2168 4066/381/2120 4064/381/1957
f 4065/381/2168 4064/381/1957 4061/381/1955
f 4064/381/1957 4066/381/2120 4067/381/2169
f 4064/381/1957 4067/381/2169 4068/381/1908
f 4063/381/1976 4064/381/1957 4068/381/1908
f 4068/381/1908 4067/381/2169 4069/381/1903
f 4068/381/1908 4069/381/1903 4070/381/2093
f 4071/381/2170 4068/381/1908 4070/381/2093
f 4071/381/2170 4063/381/1976 4068/381/1908
f 4072/381/1977 4063/381/1976 4071/381/2170
f 4073/381/2171 4072/381/1977 4071/381/2170
f 4073/381/2171 4071/381/2170 4070/381/2093
f 4073/381/2171 4074/381/2172 4072/381/1977
f 4073/381/2171 4070/381/2093 4076/381/1906
f 4075/381/2173 4074/381/2172 4073/381/2171
f 4075/381/2173 4073/381/2171 4076/381/1906
f 4077/381/2174 4078/381/2099 4076/381/1906
f 4069/381/1903 4077/381/2174 4076/381/1906
f 4069/381/1903 4076/381/1906 4070/381/2093
f 4075/381/2173 4076/381/1906 4078/381/2099
f 4079/381/1913 4078/381/2099 4080/381/1904
f 4078/381/2099 4079/381/1913 4047/381/2100
f 4078/381/2099 4047/381/2100 4075/381/2173
f 4077/381/2174 4080/381/1904 4078/381/2099
f 4080/381/1904 4077/381/2174 4012/381/1901
f 4080/381/1904 4012/381/1901 4081/381/1900
f 4082/381/1939 4080/381/1904 4081/381/1900
f 4079/381/1913 4080/381/1904 4082/381/1939
f 4083/381/1918 4079/381/1913 4082/381/1939
f 4082/381/1939 4081/381/1900 4040/381/2162
f 4083/381/1918 4082/381/1939 4084/381/2175
f 4037/381/1936 4084/381/2175 4082/381/1939
f 4037/381/1936 4082/381/1939 4040/381/2162
f 4085/381/2176 4083/381/1918 4084/381/2175
f 4086/381/2177 4084/381/2175 4037/381/1936
f 4086/381/2177 4085/381/2176 4084/381/2175
f 4087/381/1943 4085/381/2176 4086/381/2177
f 4035/381/2161 4086/381/2177 4037/381/1936
f 4086/381/2177 4035/381/2161 4031/381/1929
f 4086/381/2177 4031/381/1929 4087/381/1943
f 4031/381/1929 4089/381/1961 4087/381/1943
f 4087/381/1943 4088/381/1945 4085/381/2176
f 4089/381/1961 4088/381/1945 4087/381/1943
f 4091/381/2178 4089/381/1961 4090/381/2179
f 4026/381/1931 4090/381/2179 4089/381/1961
f 4031/381/1929 4026/381/1931 4089/381/1961
f 4091/381/2178 4092/381/2123 4089/381/1961
f 4089/381/1961 4092/381/2123 4088/381/1945
f 4093/381/2180 4088/381/1945 4092/381/2123
f 4093/381/2180 4092/381/2123 4094/381/2181
f 4092/381/2123 4091/381/2178 4060/381/2113
f 4092/381/2123 4060/381/2113 4094/381/2181
f 4093/381/2180 4094/381/2181 4054/381/2166
f 4094/381/2181 4056/381/2114 4054/381/2166
f 4094/381/2181 4060/381/2113 4056/381/2114
f 4095/381/1944 4088/381/1945 4093/381/2180
f 4095/381/1944 4093/381/2180 4053/381/2112
f 4093/381/2180 4054/381/2166 4053/381/2112
f 4095/381/1944 4085/381/2176 4088/381/1945
f 4085/381/2176 4095/381/1944 4083/381/1918
f 4095/381/1944 4053/381/2112 4051/381/1921
f 4083/381/1918 4095/381/1944 4051/381/1921
f 4065/381/2168 4091/381/2178 4090/381/2179
f 4091/381/2178 4065/381/2168 4061/381/1955
f 4091/381/2178 4061/381/1955 4060/381/2113
f 4023/381/1964 4096/381/1963 4090/381/2179
f 4026/381/1931 4023/381/1964 4090/381/2179
f 4065/381/2168 4090/381/2179 4096/381/1963
f 4018/381/2117 4016/381/2119 4096/381/1963
f 4023/381/1964 4018/381/2117 4096/381/1963
f 4016/381/2119 4065/381/2168 4096/381/1963
f 4083/381/1918 4051/381/1921 4048/381/2164
f 4079/381/1913 4083/381/1918 4048/381/2164
f 4040/381/2162 4081/381/1900 4039/381/1899
f 4010/381/1898 4039/381/1899 4081/381/1900
f 4010/381/1898 4081/381/1900 4012/381/1901
f 4079/381/1913 4048/381/2164 4047/381/2100
f 4012/381/1901 4077/381/2174 4069/381/1903
f 4075/381/2173 4045/381/1917 4074/381/2172
f 4047/381/2100 4045/381/1917 4075/381/2173
f 4072/381/1977 4074/381/2172 4008/381/1980
f 4008/381/1980 4074/381/2172 4045/381/1917
f 4072/381/1977 4003/381/1892 4063/381/1976
f 4003/381/1892 4072/381/1977 4002/381/1891
f 4072/381/1977 4008/381/1980 4002/381/1891
f 4013/381/1902 4069/381/1903 4067/381/2169
f 4012/381/1901 4069/381/1903 4013/381/1902
f 4014/381/1974 4067/381/2169 4066/381/2120
f 4013/381/1902 4067/381/2169 4014/381/1974
f 4014/381/1974 4066/381/2120 4016/381/2119
f 4016/381/2119 4066/381/2120 4065/381/2168
f 4039/381/1899 4010/381/1898 4009/381/1897
f 4021/381/2157 4004/381/1893 4005/381/1894
f 4103/381/1985 4097/381/1986 4098/381/1987
f 4099/381/1988 4098/381/1987 4097/381/1986
f 4100/381/1989 4099/381/1988 4097/381/1986
f 4100/381/1989 4097/381/1986 4101/381/1990
f 4102/381/2125 4101/381/1990 4097/381/1986
f 4103/381/1985 4102/381/2125 4097/381/1986
f 4106/381/1992 4102/381/2125 4103/381/1985
f 4104/381/1993 4103/381/1985 4098/381/1987
f 4104/381/1993 4105/381/1994 4103/381/1985
f 4107/381/2182 4103/381/1985 4105/381/1994
f 4107/381/2182 4106/381/1992 4103/381/1985
f 4107/381/2182 4108/381/2034 4111/381/2035
f 4109/381/2183 4108/381/2034 4107/381/2182
f 4109/381/2183 4107/381/2182 4105/381/1994
f 4106/381/1992 4107/381/2182 4110/381/1996
f 4107/381/2182 4111/381/2035 4110/381/1996
f 4114/381/2036 4110/381/1996 4111/381/2035
f 4113/381/2030 4111/381/2035 4108/381/2034
f 4112/381/2029 4114/381/2036 4111/381/2035
f 4112/381/2029 4111/381/2035 4113/381/2030
f 4117/381/2039 4114/381/2036 4112/381/2029
f 4114/381/2036 4115/381/2037 4110/381/1996
f 4115/381/2037 4114/381/2036 4116/381/2038
f 4117/381/2039 4116/381/2038 4114/381/2036
f 4118/381/2040 4116/381/2038 4117/381/2039
f 4120/381/2041 4117/381/2039 4112/381/2029
f 4118/381/2040 4117/381/2039 4119/381/2042
f 4117/381/2039 4121/381/2073 4119/381/2042
f 4117/381/2039 4120/381/2041 4121/381/2073
f 4125/381/2074 4122/381/2076 4121/381/2073
f 4121/381/2073 4122/381/2076 4123/381/2077
f 4121/381/2073 4123/381/2077 4119/381/2042
f 4120/381/2041 4124/381/2071 4121/381/2073
f 4125/381/2074 4121/381/2073 4124/381/2071
f 4125/381/2074 4126/381/2072 4127/381/2014
f 4126/381/2072 4125/381/2074 4124/381/2071
f 4125/381/2074 4127/381/2014 4128/381/2019
f 4122/381/2076 4125/381/2074 4128/381/2019
f 4122/381/2076 4128/381/2019 4129/381/2024
f 4130/381/2143 4129/381/2024 4128/381/2019
f 4131/381/2018 4130/381/2143 4128/381/2019
f 4131/381/2018 4128/381/2019 4127/381/2014
f 4132/381/2017 4134/381/2021 4131/381/2018
f 4132/381/2017 4131/381/2018 4133/381/2128
f 4133/381/2128 4131/381/2018 4127/381/2014
f 4131/381/2018 4134/381/2021 4135/381/2023
f 4131/381/2018 4135/381/2023 4130/381/2143
f 4136/381/2027 4135/381/2023 4134/381/2021
f 4135/381/2023 4136/381/2027 4137/381/2026
f 4135/381/2023 4137/381/2026 4138/381/2025
f 4130/381/2143 4135/381/2023 4138/381/2025
f 4130/381/2143 4138/381/2025 4139/381/2022
f 4140/381/2032 4139/381/2022 4138/381/2025
f 4140/381/2032 4138/381/2025 4141/381/2031
f 4138/381/2025 4113/381/2030 4141/381/2031
f 4138/381/2025 4137/381/2026 4113/381/2030
f 4140/381/2032 4141/381/2031 4108/381/2034
f 4113/381/2030 4108/381/2034 4141/381/2031
f 4139/381/2022 4140/381/2032 4142/381/2184
f 4142/381/2184 4140/381/2032 4109/381/2183
f 4140/381/2032 4108/381/2034 4109/381/2183
f 4123/381/2077 4129/381/2024 4142/381/2184
f 4143/381/2078 4123/381/2077 4142/381/2184
f 4142/381/2184 4109/381/2183 4143/381/2078
f 4139/381/2022 4142/381/2184 4129/381/2024
f 4143/381/2078 4109/381/2183 4105/381/1994
f 4143/381/2078 4105/381/1994 4104/381/1993
f 4104/381/1993 4144/381/2138 4143/381/2078
f 4143/381/2078 4144/381/2138 4123/381/2077
f 4118/381/2040 4144/381/2138 4145/381/2044
f 4104/381/1993 4145/381/2044 4144/381/2138
f 4119/381/2042 4123/381/2077 4144/381/2138
f 4119/381/2042 4144/381/2138 4118/381/2040
f 4146/381/2052 4145/381/2044 4104/381/1993
f 4147/381/2045 4145/381/2044 4146/381/2052
f 4118/381/2040 4145/381/2044 4147/381/2045
f 4147/381/2045 4146/381/2052 4148/381/2050
f 4147/381/2045 4148/381/2050 4149/381/2047
f 4147/381/2045 4149/381/2047 4150/381/2134
f 4118/381/2040 4147/381/2045 4150/381/2134
f 4115/381/2037 4116/381/2038 4150/381/2134
f 4151/381/2135 4115/381/2037 4150/381/2134
f 4151/381/2135 4150/381/2134 4149/381/2047
f 4118/381/2040 4150/381/2134 4116/381/2038
f 4115/381/2037 4151/381/2135 4152/381/1997
f 4152/381/1997 4151/381/2135 4153/381/2132
f 4154/381/2049 4153/381/2132 4151/381/2135
f 4154/381/2049 4151/381/2135 4149/381/2047
f 4155/381/2185 4153/381/2132 4154/381/2049
f 4156/381/2186 4155/381/2185 4154/381/2049
f 4148/381/2050 4156/381/2186 4154/381/2049
f 4148/381/2050 4154/381/2049 4149/381/2047
f 4099/381/1988 4157/381/2053 4156/381/2186
f 4156/381/2186 4157/381/2053 4155/381/2185
f 4146/381/2052 4099/381/1988 4156/381/2186
f 4146/381/2052 4156/381/2186 4148/381/2050
f 4155/381/2185 4157/381/2053 4158/381/2009
f 4100/381/1989 4158/381/2009 4157/381/2053
f 4099/381/1988 4100/381/1989 4157/381/2053
f 4100/381/1989 4159/381/2008 4158/381/2009
f 4158/381/2009 4159/381/2008 4160/381/2010
f 4158/381/2009 4160/381/2010 4161/381/2011
f 4162/381/2057 4158/381/2009 4161/381/2011
f 4155/381/2185 4158/381/2009 4162/381/2057
f 4163/381/2059 4165/381/2058 4162/381/2057
f 4163/381/2059 4162/381/2057 4164/381/2060
f 4162/381/2057 4161/381/2011 4164/381/2060
f 4165/381/2058 4155/381/2185 4162/381/2057
f 4165/381/2058 4163/381/2059 4166/381/2066
f 4165/381/2058 4166/381/2066 4167/381/2187
f 4169/381/2188 4165/381/2058 4167/381/2187
f 4165/381/2058 4168/381/2130 4155/381/2185
f 4169/381/2188 4168/381/2130 4165/381/2058
f 4170/381/2126 4168/381/2130 4169/381/2188
f 4169/381/2188 4173/381/1999 4170/381/2126
f 4169/381/2188 4171/381/2001 4173/381/1999
f 4172/381/2003 4171/381/2001 4169/381/2188
f 4172/381/2003 4169/381/2188 4167/381/2187
f 4102/381/2125 4173/381/1999 4171/381/2001
f 4170/381/2126 4173/381/1999 4106/381/1992
f 4106/381/1992 4173/381/1999 4102/381/2125
f 4172/381/2003 4174/381/2189 4175/381/2006
f 4174/381/2189 4172/381/2003 4167/381/2187
f 4172/381/2003 4175/381/2006 4177/381/2190
f 4176/381/2002 4171/381/2001 4172/381/2003
f 4176/381/2002 4172/381/2003 4177/381/2190
f 4176/381/2002 4177/381/2190 4178/381/2153
f 4178/381/2153 4177/381/2190 4175/381/2006
f 4178/381/2153 4175/381/2006 4179/381/2007
f 4179/381/2007 4159/381/2008 4178/381/2153
f 4178/381/2153 4159/381/2008 4100/381/1989
f 4176/381/2002 4178/381/2153 4101/381/1990
f 4178/381/2153 4100/381/1989 4101/381/1990
f 4179/381/2007 4175/381/2006 4133/381/2128
f 4179/381/2007 4133/381/2128 4180/381/2013
f 4180/381/2013 4160/381/2010 4179/381/2007
f 4179/381/2007 4160/381/2010 4159/381/2008
f 4127/381/2014 4181/381/2012 4180/381/2013
f 4133/381/2128 4127/381/2014 4180/381/2013
f 4180/381/2013 4181/381/2012 4160/381/2010
f 4161/381/2011 4160/381/2010 4181/381/2012
f 4161/381/2011 4181/381/2012 4183/381/2150
f 4181/381/2012 4126/381/2072 4182/381/2070
f 4127/381/2014 4126/381/2072 4181/381/2012
f 4181/381/2012 4182/381/2070 4183/381/2150
f 4184/381/2065 4183/381/2150 4182/381/2070
f 4185/381/2061 4161/381/2011 4183/381/2150
f 4184/381/2065 4185/381/2061 4183/381/2150
f 4184/381/2065 4186/381/2062 4185/381/2061
f 4185/381/2061 4164/381/2060 4161/381/2011
f 4186/381/2062 4164/381/2060 4185/381/2061
f 4184/381/2065 4187/381/2064 4186/381/2062
f 4186/381/2062 4187/381/2064 4188/381/2067
f 4186/381/2062 4188/381/2067 4189/381/2063
f 4163/381/2059 4186/381/2062 4189/381/2063
f 4186/381/2062 4163/381/2059 4164/381/2060
f 4132/381/2017 4166/381/2066 4189/381/2063
f 4188/381/2067 4132/381/2017 4189/381/2063
f 4163/381/2059 4189/381/2063 4166/381/2066
f 4188/381/2067 4134/381/2021 4132/381/2017
f 4136/381/2027 4134/381/2021 4188/381/2067
f 4188/381/2067 4190/381/2191 4136/381/2027
f 4188/381/2067 4187/381/2064 4190/381/2191
f 4191/381/2192 4190/381/2191 4187/381/2064
f 4190/381/2191 4191/381/2192 4120/381/2041
f 4190/381/2191 4120/381/2041 4192/381/2193
f 4136/381/2027 4190/381/2191 4192/381/2193
f 4137/381/2026 4192/381/2193 4112/381/2029
f 4120/381/2041 4112/381/2029 4192/381/2193
f 4136/381/2027 4192/381/2193 4137/381/2026
f 4120/381/2041 4191/381/2192 4124/381/2071
f 4184/381/2065 4124/381/2071 4191/381/2192
f 4191/381/2192 4187/381/2064 4184/381/2065
f 4184/381/2065 4182/381/2070 4124/381/2071
f 4126/381/2072 4124/381/2071 4182/381/2070
f 4102/381/2125 4171/381/2001 4176/381/2002
f 4102/381/2125 4176/381/2002 4101/381/1990
f 4174/381/2189 4133/381/2128 4175/381/2006
f 4174/381/2189 4132/381/2017 4133/381/2128
f 4132/381/2017 4174/381/2189 4166/381/2066
f 4174/381/2189 4167/381/2187 4166/381/2066
f 4152/381/1997 4153/381/2132 4170/381/2126
f 4170/381/2126 4153/381/2132 4168/381/2130
f 4170/381/2126 4106/381/1992 4152/381/1997
f 4155/381/2185 4168/381/2130 4153/381/2132
f 4106/381/1992 4110/381/1996 4152/381/1997
f 4115/381/2037 4152/381/1997 4110/381/1996
f 4099/381/1988 4146/381/2052 4098/381/1987
f 4146/381/2052 4104/381/1993 4098/381/1987
f 4130/381/2143 4139/381/2022 4129/381/2024
f 4137/381/2026 4112/381/2029 4113/381/2030
f 4123/381/2077 4122/381/2076 4129/381/2024
f 4199/381/2089 4193/381/1890 4194/381/1891
f 4195/381/1892 4194/381/1891 4193/381/1890
f 4196/381/1893 4195/381/1892 4193/381/1890
f 4196/381/1893 4193/381/1890 4197/381/1894
f 4198/381/1895 4197/381/1894 4193/381/1890
f 4199/381/2089 4198/381/1895 4193/381/1890
f 4202/381/2155 4198/381/1895 4199/381/2089
f 4200/381/1980 4199/381/2089 4194/381/1891
f 4200/381/1980 4201/381/1897 4199/381/2089
f 4203/381/1898 4199/381/2089 4201/381/1897
f 4203/381/1898 4202/381/2155 4199/381/2089
f 4204/381/1899 4203/381/1898 4201/381/1897
f 4203/381/1898 4204/381/1899 4205/381/1900
f 4203/381/1898 4205/381/1900 4206/381/1901
f 4202/381/2155 4203/381/1898 4206/381/1901
f 4210/381/1904 4207/381/1905 4206/381/1901
f 4206/381/1901 4207/381/1905 4208/381/1903
f 4206/381/1901 4208/381/1903 4209/381/1902
f 4202/381/2155 4206/381/1901 4209/381/1902
f 4210/381/1904 4206/381/1901 4205/381/1900
f 4213/381/1913 4210/381/1904 4211/381/1939
f 4211/381/1939 4210/381/1904 4205/381/1900
f 4207/381/1905 4210/381/1904 4212/381/1912
f 4213/381/1913 4212/381/1912 4210/381/1904
f 4212/381/1912 4213/381/1913 4214/381/1914
f 4213/381/1913 4215/381/1915 4214/381/1914
f 4213/381/1913 4216/381/2194 4215/381/1915
f 4216/381/2194 4213/381/1913 4211/381/1939
f 4216/381/2194 4220/381/1944 4217/381/1921
f 4216/381/2194 4217/381/1921 4215/381/1915
f 4218/381/1941 4220/381/1944 4216/381/2194
f 4218/381/1941 4216/381/2194 4219/381/1940
f 4216/381/2194 4211/381/1939 4219/381/1940
f 4220/381/1944 4218/381/1941 4221/381/2195
f 4220/381/1944 4221/381/2195 4222/381/2180
f 4220/381/1944 4222/381/2180 4223/381/2112
f 4220/381/1944 4223/381/2112 4217/381/1921
f 4224/381/1923 4217/381/1921 4223/381/2112
f 4225/381/1925 4224/381/1923 4223/381/2112
f 4225/381/1925 4223/381/2112 4226/381/1948
f 4222/381/2180 4226/381/1948 4223/381/2112
f 4227/381/1950 4225/381/1925 4226/381/1948
f 4228/381/1949 4227/381/1950 4226/381/1948
f 4222/381/2180 4228/381/1949 4226/381/1948
f 4222/381/2180 4229/381/2123 4228/381/1949
f 4228/381/1949 4230/381/2113 4227/381/1950
f 4229/381/2123 4230/381/2113 4228/381/1949
f 4229/381/2123 4231/381/2121 4230/381/2113
f 4233/381/2115 4227/381/1950 4230/381/2113
f 4231/381/2121 4232/381/1955 4230/381/2113
f 4233/381/2115 4230/381/2113 4232/381/1955
f 4196/381/1893 4234/381/1954 4233/381/2115
f 4233/381/2115 4234/381/1954 4235/381/1953
f 4233/381/2115 4235/381/1953 4227/381/1950
f 4236/381/2096 4233/381/2115 4232/381/1955
f 4196/381/1893 4233/381/2115 4236/381/2096
f 4236/381/2096 4232/381/1955 4237/381/1957
f 4238/381/1976 4236/381/2096 4237/381/1957
f 4195/381/1892 4236/381/2096 4238/381/1976
f 4195/381/1892 4196/381/1893 4236/381/2096
f 4238/381/1976 4237/381/1957 4239/381/2196
f 4238/381/1976 4239/381/2196 4242/381/2197
f 4240/381/2198 4195/381/1892 4238/381/1976
f 4240/381/2198 4238/381/1976 4241/381/2170
f 4238/381/1976 4242/381/2197 4241/381/2170
f 4243/381/2097 4241/381/2170 4242/381/2197
f 4239/381/2196 4208/381/1903 4242/381/2197
f 4243/381/2097 4242/381/2197 4244/381/2199
f 4242/381/2197 4207/381/1905 4244/381/2199
f 4242/381/2197 4208/381/1903 4207/381/1905
f 4245/381/2173 4243/381/2097 4244/381/2199
f 4207/381/1905 4212/381/1912 4244/381/2199
f 4245/381/2173 4244/381/2199 4212/381/1912
f 4245/381/2173 4246/381/2200 4247/381/2098
f 4214/381/1914 4246/381/2200 4245/381/2173
f 4212/381/1912 4214/381/1914 4245/381/2173
f 4245/381/2173 4247/381/2098 4243/381/2097
f 4240/381/2198 4247/381/2098 4200/381/1980
f 4200/381/1980 4247/381/2098 4246/381/2200
f 4243/381/2097 4247/381/2098 4240/381/2198
f 4200/381/1980 4246/381/2200 4248/381/2201
f 4248/381/2201 4246/381/2200 4249/381/1916
f 4214/381/1914 4249/381/1916 4246/381/2200
f 4248/381/2201 4249/381/1916 4251/381/1983
f 4215/381/1915 4249/381/1916 4214/381/1914
f 4215/381/1915 4250/381/2102 4249/381/1916
f 4251/381/1983 4249/381/1916 4250/381/2102
f 4251/381/1983 4250/381/2102 4252/381/1933
f 4253/381/2160 4251/381/1983 4252/381/1933
f 4253/381/2160 4254/381/1984 4251/381/1983
f 4251/381/1983 4255/381/2103 4248/381/2201
f 4251/381/1983 4254/381/1984 4255/381/2103
f 4254/381/1984 4204/381/1899 4255/381/2103
f 4248/381/2201 4255/381/2103 4201/381/1897
f 4204/381/1899 4201/381/1897 4255/381/2103
f 4253/381/2160 4256/381/1938 4254/381/1984
f 4254/381/1984 4256/381/1938 4204/381/1899
f 4253/381/2160 4257/381/2105 4256/381/1938
f 4257/381/2105 4258/381/2202 4256/381/1938
f 4258/381/2202 4204/381/1899 4256/381/1938
f 4211/381/1939 4205/381/1900 4258/381/2202
f 4219/381/1940 4211/381/1939 4258/381/2202
f 4219/381/1940 4258/381/2202 4259/381/1936
f 4257/381/2105 4259/381/1936 4258/381/2202
f 4258/381/2202 4205/381/1900 4204/381/1899
f 4260/381/1942 4219/381/1940 4259/381/1936
f 4261/381/1935 4260/381/1942 4259/381/1936
f 4261/381/1935 4259/381/1936 4257/381/2105
f 4263/381/2203 4261/381/1935 4262/381/1930
f 4262/381/1930 4261/381/1935 4257/381/2105
f 4260/381/1942 4261/381/1935 4263/381/2203
f 4263/381/2203 4262/381/1930 4264/381/1928
f 4265/381/1931 4263/381/2203 4264/381/1928
f 4266/381/1943 4263/381/2203 4265/381/1931
f 4260/381/1942 4263/381/2203 4266/381/1943
f 4266/381/1943 4221/381/2195 4218/381/1941
f 4267/381/1961 4221/381/2195 4266/381/1943
f 4266/381/1943 4265/381/1931 4267/381/1961
f 4266/381/1943 4218/381/1941 4260/381/1942
f 4231/381/2121 4267/381/1961 4268/381/1960
f 4265/381/1931 4268/381/1960 4267/381/1961
f 4231/381/2121 4229/381/2123 4267/381/1961
f 4267/381/1961 4229/381/2123 4221/381/2195
f 4271/381/1958 4268/381/1960 4269/381/1963
f 4270/381/1964 4269/381/1963 4268/381/1960
f 4265/381/1931 4270/381/1964 4268/381/1960
f 4271/381/1958 4231/381/2121 4268/381/1960
f 4231/381/2121 4271/381/1958 4232/381/1955
f 4232/381/1955 4271/381/1958 4272/381/2120
f 4272/381/2120 4271/381/1958 4269/381/1963
f 4232/381/1955 4272/381/2120 4237/381/1957
f 4237/381/1957 4272/381/2120 4273/381/1907
f 4274/381/2204 4273/381/1907 4272/381/2120
f 4274/381/2204 4272/381/2120 4275/381/1972
f 4272/381/2120 4269/381/1963 4275/381/1972
f 4275/381/1972 4277/381/1971 4276/381/1973
f 4275/381/1972 4276/381/1973 4274/381/2204
f 4278/381/2205 4277/381/1971 4275/381/1972
f 4278/381/2205 4275/381/1972 4269/381/1963
f 4279/381/2206 4277/381/1971 4278/381/2205
f 4270/381/1964 4278/381/2205 4269/381/1963
f 4279/381/2206 4278/381/2205 4280/381/1969
f 4278/381/2205 4281/381/2116 4280/381/1969
f 4278/381/2205 4270/381/1964 4281/381/2116
f 4283/381/2207 4281/381/2116 4282/381/2208
f 4270/381/1964 4282/381/2208 4281/381/2116
f 4284/381/2209 4281/381/2116 4283/381/2207
f 4284/381/2209 4280/381/1969 4281/381/2116
f 4283/381/2207 4234/381/1954 4284/381/2209
f 4284/381/2209 4234/381/1954 4196/381/1893
f 4279/381/2206 4280/381/1969 4284/381/2209
f 4279/381/2206 4284/381/2209 4197/381/1894
f 4284/381/2209 4196/381/1893 4197/381/1894
f 4283/381/2207 4282/381/2208 4285/381/1926
f 4285/381/1926 4235/381/1953 4283/381/2207
f 4283/381/2207 4235/381/1953 4234/381/1954
f 4286/381/1924 4225/381/1925 4285/381/1926
f 4282/381/2208 4286/381/1924 4285/381/1926
f 4285/381/1926 4225/381/1925 4235/381/1953
f 4288/381/2109 4286/381/1924 4287/381/1922
f 4264/381/1928 4287/381/1922 4286/381/1924
f 4282/381/2208 4264/381/1928 4286/381/1924
f 4288/381/2109 4224/381/1923 4286/381/1924
f 4286/381/1924 4224/381/1923 4225/381/1925
f 4250/381/2102 4288/381/2109 4287/381/1922
f 4288/381/2109 4250/381/2102 4215/381/1915
f 4288/381/2109 4215/381/1915 4217/381/1921
f 4224/381/1923 4288/381/2109 4217/381/1921
f 4250/381/2102 4287/381/1922 4252/381/1933
f 4262/381/1930 4252/381/1933 4287/381/1922
f 4264/381/1928 4262/381/1930 4287/381/1922
f 4265/381/1931 4264/381/1928 4282/381/2208
f 4270/381/1964 4265/381/1931 4282/381/2208
f 4198/381/1895 4277/381/1971 4279/381/2206
f 4198/381/1895 4279/381/2206 4197/381/1894
f 4198/381/1895 4276/381/1973 4277/381/1971
f 4274/381/2204 4276/381/1973 4202/381/2155
f 4202/381/2155 4276/381/1973 4198/381/1895
f 4274/381/2204 4202/381/2155 4209/381/1902
f 4209/381/1902 4273/381/1907 4274/381/2204
f 4237/381/1957 4273/381/1907 4239/381/2196
f 4239/381/2196 4273/381/1907 4208/381/1903
f 4209/381/1902 4208/381/1903 4273/381/1907
f 4262/381/1930 4257/381/2105 4253/381/2160
f 4262/381/1930 4253/381/2160 4252/381/1933
f 4260/381/1942 4218/381/1941 4219/381/1940
f 4248/381/2201 4201/381/1897 4200/381/1980
f 4243/381/2097 4240/381/2198 4241/381/2170
f 4195/381/1892 4240/381/2198 4194/381/1891
f 4240/381/2198 4200/381/1980 4194/381/1891
f 4227/381/1950 4235/381/1953 4225/381/1925
f 4222/381/2180 4221/381/2195 4229/381/2123
f 4295/381/1985 4289/381/1986 4290/381/1987
f 4291/381/1988 4290/381/1987 4289/381/1986
f 4292/381/1989 4291/381/1988 4289/381/1986
f 4292/381/1989 4289/381/1986 4293/381/1990
f 4294/381/1991 4293/381/1990 4289/381/1986
f 4295/381/1985 4294/381/1991 4289/381/1986
f 4298/381/1992 4294/381/1991 4295/381/1985
f 4296/381/1993 4295/381/1985 4290/381/1987
f 4296/381/1993 4297/381/1994 4295/381/1985
f 4299/381/1995 4295/381/1985 4297/381/1994
f 4299/381/1995 4298/381/1992 4295/381/1985
f 4300/381/2034 4299/381/1995 4297/381/1994
f 4299/381/1995 4300/381/2034 4301/381/2210
f 4299/381/1995 4301/381/2210 4302/381/1996
f 4298/381/1992 4299/381/1995 4302/381/1996
f 4298/381/1992 4302/381/1996 4306/381/1997
f 4304/381/2036 4302/381/1996 4301/381/2210
f 4302/381/1996 4303/381/2037 4305/381/2135
f 4304/381/2036 4303/381/2037 4302/381/1996
f 4302/381/1996 4305/381/2135 4306/381/1997
f 4306/381/1997 4305/381/2135 4307/381/2132
f 4308/381/1998 4298/381/1992 4306/381/1997
f 4306/381/1997 4307/381/2132 4308/381/1998
f 4308/381/1998 4309/381/1999 4298/381/1992
f 4310/381/2000 4309/381/1999 4308/381/1998
f 4308/381/1998 4311/381/2055 4310/381/2000
f 4308/381/1998 4307/381/2132 4311/381/2055
f 4312/381/2185 4311/381/2055 4307/381/2132
f 4310/381/2000 4311/381/2055 4314/381/2129
f 4313/381/2057 4311/381/2055 4312/381/2185
f 4313/381/2057 4314/381/2129 4311/381/2055
f 4314/381/2129 4315/381/2211 4316/381/2066
f 4315/381/2211 4314/381/2129 4313/381/2057
f 4314/381/2129 4316/381/2066 4317/381/2080
f 4310/381/2000 4314/381/2129 4317/381/2080
f 4318/381/2127 4317/381/2080 4316/381/2066
f 4317/381/2080 4320/381/2212 4310/381/2000
f 4318/381/2127 4319/381/2003 4317/381/2080
f 4317/381/2080 4319/381/2003 4320/381/2212
f 4309/381/1999 4320/381/2212 4321/381/2002
f 4321/381/2002 4320/381/2212 4319/381/2003
f 4310/381/2000 4320/381/2212 4309/381/1999
f 4321/381/2002 4319/381/2003 4322/381/2190
f 4321/381/2002 4322/381/2190 4323/381/2005
f 4321/381/2002 4323/381/2005 4293/381/1990
f 4294/381/1991 4321/381/2002 4293/381/1990
f 4309/381/1999 4321/381/2002 4294/381/1991
f 4323/381/2005 4322/381/2190 4324/381/2006
f 4323/381/2005 4324/381/2006 4325/381/2007
f 4325/381/2007 4326/381/2008 4323/381/2005
f 4323/381/2005 4292/381/1989 4293/381/1990
f 4323/381/2005 4326/381/2008 4292/381/1989
f 4292/381/1989 4326/381/2008 4327/381/2009
f 4327/381/2009 4326/381/2008 4328/381/2151
f 4325/381/2007 4328/381/2151 4326/381/2008
f 4327/381/2009 4328/381/2151 4329/381/2213
f 4329/381/2213 4328/381/2151 4330/381/2012
f 4331/381/2013 4330/381/2012 4328/381/2151
f 4331/381/2013 4328/381/2151 4325/381/2007
f 4332/381/2014 4330/381/2012 4331/381/2013
f 4333/381/2128 4332/381/2014 4331/381/2013
f 4325/381/2007 4333/381/2128 4331/381/2013
f 4333/381/2128 4334/381/2018 4332/381/2014
f 4335/381/2017 4334/381/2018 4333/381/2128
f 4324/381/2006 4335/381/2017 4333/381/2128
f 4325/381/2007 4324/381/2006 4333/381/2128
f 4335/381/2017 4318/381/2127 4316/381/2066
f 4335/381/2017 4316/381/2066 4336/381/2063
f 4337/381/2067 4335/381/2017 4336/381/2063
f 4337/381/2067 4338/381/2021 4335/381/2017
f 4335/381/2017 4338/381/2021 4334/381/2018
f 4324/381/2006 4318/381/2127 4335/381/2017
f 4338/381/2021 4339/381/2143 4334/381/2018
f 4341/381/2214 4338/381/2021 4337/381/2067
f 4338/381/2021 4340/381/2145 4339/381/2143
f 4341/381/2214 4340/381/2145 4338/381/2021
f 4341/381/2214 4344/381/2148 4342/381/2193
f 4341/381/2214 4342/381/2193 4343/381/2026
f 4340/381/2145 4341/381/2214 4343/381/2026
f 4337/381/2067 4344/381/2148 4341/381/2214
f 4344/381/2148 4345/381/2041 4342/381/2193
f 4344/381/2148 4347/381/2147 4345/381/2041
f 4347/381/2147 4344/381/2148 4346/381/2064
f 4337/381/2067 4346/381/2064 4344/381/2148
f 4347/381/2147 4346/381/2064 4348/381/2215
f 4350/381/2216 4345/381/2041 4347/381/2147
f 4348/381/2215 4349/381/2071 4347/381/2147
f 4350/381/2216 4347/381/2147 4349/381/2071
f 4354/381/2074 4351/381/2217 4350/381/2216
f 4350/381/2216 4351/381/2217 4352/381/2139
f 4350/381/2216 4352/381/2139 4353/381/2042
f 4353/381/2042 4345/381/2041 4350/381/2216
f 4354/381/2074 4350/381/2216 4349/381/2071
f 4355/381/2072 4354/381/2074 4349/381/2071
f 4354/381/2074 4355/381/2072 4332/381/2014
f 4354/381/2074 4332/381/2014 4356/381/2142
f 4351/381/2217 4354/381/2074 4356/381/2142
f 4351/381/2217 4356/381/2142 4357/381/2024
f 4339/381/2143 4357/381/2024 4356/381/2142
f 4334/381/2018 4339/381/2143 4356/381/2142
f 4334/381/2018 4356/381/2142 4332/381/2014
f 4352/381/2139 4351/381/2217 4357/381/2024
f 4352/381/2139 4357/381/2024 4358/381/2079
f 4359/381/2022 4358/381/2079 4357/381/2024
f 4339/381/2143 4359/381/2022 4357/381/2024
f 4359/381/2022 4361/381/2032 4358/381/2079
f 4339/381/2143 4360/381/2025 4359/381/2022
f 4359/381/2022 4360/381/2025 4362/381/2031
f 4359/381/2022 4362/381/2031 4361/381/2032
f 4360/381/2025 4364/381/2030 4362/381/2031
f 4363/381/2183 4361/381/2032 4362/381/2031
f 4363/381/2183 4362/381/2031 4300/381/2034
f 4364/381/2030 4300/381/2034 4362/381/2031
f 4365/381/2218 4301/381/2210 4364/381/2030
f 4364/381/2030 4301/381/2210 4300/381/2034
f 4342/381/2193 4365/381/2218 4364/381/2030
f 4342/381/2193 4364/381/2030 4343/381/2026
f 4360/381/2025 4343/381/2026 4364/381/2030
f 4365/381/2218 4304/381/2036 4301/381/2210
f 4366/381/2039 4304/381/2036 4365/381/2218
f 4345/381/2041 4366/381/2039 4365/381/2218
f 4345/381/2041 4365/381/2218 4342/381/2193
f 4368/381/2040 4367/381/2219 4366/381/2039
f 4366/381/2039 4367/381/2219 4304/381/2036
f 4353/381/2042 4366/381/2039 4345/381/2041
f 4368/381/2040 4366/381/2039 4353/381/2042
f 4368/381/2040 4369/381/2043 4370/381/2044
f 4353/381/2042 4369/381/2043 4368/381/2040
f 4368/381/2040 4370/381/2044 4371/381/2045
f 4368/381/2040 4371/381/2045 4372/381/2134
f 4368/381/2040 4372/381/2134 4367/381/2219
f 4305/381/2135 4372/381/2134 4373/381/2133
f 4371/381/2045 4373/381/2133 4372/381/2134
f 4305/381/2135 4303/381/2037 4372/381/2134
f 4303/381/2037 4367/381/2219 4372/381/2134
f 4374/381/2220 4375/381/2049 4373/381/2133
f 4371/381/2045 4374/381/2220 4373/381/2133
f 4375/381/2049 4305/381/2135 4373/381/2133
f 4375/381/2049 4307/381/2132 4305/381/2135
f 4312/381/2185 4307/381/2132 4375/381/2049
f 4376/381/2186 4312/381/2185 4375/381/2049
f 4374/381/2220 4376/381/2186 4375/381/2049
f 4376/381/2186 4377/381/2053 4312/381/2185
f 4291/381/1988 4377/381/2053 4376/381/2186
f 4378/381/2052 4291/381/1988 4376/381/2186
f 4378/381/2052 4376/381/2186 4374/381/2220
f 4291/381/1988 4378/381/2052 4290/381/1987
f 4378/381/2052 4296/381/1993 4290/381/1987
f 4378/381/2052 4370/381/2044 4296/381/1993
f 4371/381/2045 4370/381/2044 4378/381/2052
f 4371/381/2045 4378/381/2052 4374/381/2220
f 4377/381/2053 4327/381/2009 4313/381/2057
f 4377/381/2053 4313/381/2057 4312/381/2185
f 4292/381/1989 4327/381/2009 4377/381/2053
f 4291/381/1988 4292/381/1989 4377/381/2053
f 4296/381/1993 4370/381/2044 4369/381/2043
f 4296/381/1993 4369/381/2043 4379/381/2078
f 4379/381/2078 4369/381/2043 4352/381/2139
f 4353/381/2042 4352/381/2139 4369/381/2043
f 4379/381/2078 4363/381/2183 4297/381/1994
f 4379/381/2078 4297/381/1994 4296/381/1993
f 4379/381/2078 4352/381/2139 4358/381/2079
f 4358/381/2079 4363/381/2183 4379/381/2078
f 4303/381/2037 4304/381/2036 4367/381/2219
f 4358/381/2079 4361/381/2032 4363/381/2183
f 4300/381/2034 4297/381/1994 4363/381/2183
f 4339/381/2143 4340/381/2145 4360/381/2025
f 4340/381/2145 4343/381/2026 4360/381/2025
f 4332/381/2014 4355/381/2072 4330/381/2012
f 4380/381/2150 4330/381/2012 4355/381/2072
f 4380/381/2150 4355/381/2072 4381/381/2070
f 4355/381/2072 4349/381/2071 4381/381/2070
f 4348/381/2215 4380/381/2150 4381/381/2070
f 4348/381/2215 4381/381/2070 4349/381/2071
f 4382/381/2061 4329/381/2213 4380/381/2150
f 4348/381/2215 4382/381/2061 4380/381/2150
f 4329/381/2213 4330/381/2012 4380/381/2150
f 4382/381/2061 4383/381/2060 4329/381/2213
f 4384/381/2062 4383/381/2060 4382/381/2061
f 4348/381/2215 4384/381/2062 4382/381/2061
f 4336/381/2063 4384/381/2062 4346/381/2064
f 4348/381/2215 4346/381/2064 4384/381/2062
f 4315/381/2211 4384/381/2062 4336/381/2063
f 4384/381/2062 4315/381/2211 4383/381/2060
f 4327/381/2009 4329/381/2213 4383/381/2060
f 4327/381/2009 4383/381/2060 4313/381/2057
f 4315/381/2211 4313/381/2057 4383/381/2060
f 4336/381/2063 4346/381/2064 4337/381/2067
f 4315/381/2211 4336/381/2063 4316/381/2066
f 4319/381/2003 4318/381/2127 4324/381/2006
f 4319/381/2003 4324/381/2006 4322/381/2190
f 4298/381/1992 4309/381/1999 4294/381/1991
f 4391/381/1889 4385/381/1890 4386/381/1891
f 4387/381/1892 4386/381/1891 4385/381/1890
f 4388/381/1893 4387/381/1892 4385/381/1890
f 4388/381/1893 4385/381/1890 4389/381/1894
f 4390/381/1895 4389/381/1894 4385/381/1890
f 4391/381/1889 4390/381/1895 4385/381/1890
f 4395/381/2155 4390/381/1895 4391/381/1889
f 4392/381/1980 4391/381/1889 4386/381/1891
f 4392/381/1980 4393/381/1897 4391/381/1889
f 4394/381/1898 4391/381/1889 4393/381/1897
f 4394/381/1898 4395/381/2155 4391/381/1889
f 4395/381/2155 4396/381/2091 4390/381/1895
f 4397/381/2204 4396/381/2091 4395/381/2155
f 4397/381/2204 4395/381/2155 4399/381/1902
f 4395/381/2155 4394/381/1898 4398/381/1901
f 4395/381/2155 4398/381/1901 4399/381/1902
f 4402/381/2174 4399/381/1902 4398/381/1901
f 4399/381/1902 4401/381/1907 4397/381/2204
f 4402/381/2174 4400/381/1903 4399/381/1902
f 4399/381/1902 4400/381/1903 4401/381/1907
f 4403/381/1904 4402/381/2174 4398/381/1901
f 4402/381/2174 4403/381/1904 4404/381/1912
f 4402/381/2174 4404/381/1912 4405/381/1906
f 4400/381/1903 4402/381/2174 4405/381/1906
f 4400/381/1903 4405/381/1906 4406/381/2093
f 4407/381/2097 4406/381/2093 4405/381/1906
f 4408/381/1911 4407/381/2097 4405/381/1906
f 4408/381/1911 4405/381/1906 4404/381/1912
f 4408/381/1911 4411/381/2172 4407/381/2097
f 4404/381/1912 4409/381/2100 4408/381/1911
f 4409/381/2100 4410/381/1917 4408/381/1911
f 4408/381/1911 4410/381/1917 4411/381/2172
f 4407/381/2097 4411/381/2172 4412/381/1977
f 4386/381/1891 4412/381/1977 4411/381/2172
f 4386/381/1891 4411/381/2172 4392/381/1980
f 4392/381/1980 4411/381/2172 4410/381/1917
f 4412/381/1977 4387/381/1892 4413/381/1976
f 4387/381/1892 4412/381/1977 4386/381/1891
f 4412/381/1977 4413/381/1976 4414/381/1978
f 4407/381/2097 4412/381/1977 4414/381/1978
f 4413/381/1976 4406/381/2093 4414/381/1978
f 4407/381/2097 4414/381/1978 4406/381/2093
f 4413/381/1976 4417/381/1956 4415/381/2095
f 4413/381/1976 4415/381/2095 4416/381/1908
f 4413/381/1976 4416/381/1908 4406/381/2093
f 4387/381/1892 4417/381/1956 4413/381/1976
f 4417/381/1956 4419/381/2221 4418/381/2222
f 4417/381/1956 4418/381/2222 4415/381/2095
f 4388/381/1893 4419/381/2221 4417/381/1956
f 4387/381/1892 4388/381/1893 4417/381/1956
f 4388/381/1893 4420/381/1954 4419/381/2221
f 4419/381/2221 4420/381/1954 4421/381/1953
f 4419/381/2221 4421/381/1953 4422/381/1950
f 4419/381/2221 4422/381/1950 4423/381/2113
f 4419/381/2221 4423/381/2113 4418/381/2222
f 4424/381/1959 4418/381/2222 4423/381/2113
f 4425/381/1962 4424/381/1959 4423/381/2113
f 4425/381/1962 4423/381/2113 4426/381/2181
f 4423/381/2113 4427/381/1948 4426/381/2181
f 4423/381/2113 4422/381/1950 4427/381/1948
f 4428/381/2180 4426/381/2181 4427/381/1948
f 4422/381/1950 4430/381/2167 4427/381/1948
f 4428/381/2180 4427/381/1948 4429/381/2112
f 4430/381/2167 4429/381/2112 4427/381/1948
f 4431/381/1924 4433/381/1923 4430/381/2167
f 4431/381/1924 4430/381/2167 4432/381/1926
f 4432/381/1926 4430/381/2167 4421/381/1953
f 4422/381/1950 4421/381/1953 4430/381/2167
f 4430/381/2167 4433/381/1923 4429/381/2112
f 4434/381/1920 4433/381/1923 4431/381/1924
f 4433/381/1923 4434/381/1920 4435/381/1921
f 4433/381/1923 4435/381/1921 4429/381/2112
f 4436/381/2111 4438/381/2223 4435/381/1921
f 4436/381/2111 4435/381/1921 4437/381/2224
f 4434/381/1920 4437/381/2224 4435/381/1921
f 4438/381/2223 4429/381/2112 4435/381/1921
f 4440/381/1941 4438/381/2223 4436/381/2111
f 4438/381/2223 4428/381/2180 4429/381/2112
f 4438/381/2223 4439/381/1945 4428/381/2180
f 4438/381/2223 4440/381/1941 4439/381/1945
f 4441/381/1943 4439/381/1945 4440/381/1941
f 4440/381/1941 4436/381/2111 4443/381/1940
f 4441/381/1943 4440/381/1941 4442/381/1942
f 4442/381/1942 4440/381/1941 4443/381/1940
f 4442/381/1942 4443/381/1940 4444/381/1936
f 4443/381/1940 4445/381/2225 4444/381/1936
f 4443/381/1940 4446/381/1939 4445/381/2225
f 4443/381/1940 4447/381/2110 4446/381/1939
f 4443/381/1940 4436/381/2111 4447/381/2110
f 4404/381/1912 4447/381/2110 4409/381/2100
f 4447/381/2110 4404/381/1912 4403/381/1904
f 4447/381/2110 4403/381/1904 4446/381/1939
f 4447/381/2110 4437/381/2224 4409/381/2100
f 4447/381/2110 4436/381/2111 4437/381/2224
f 4446/381/1939 4448/381/1900 4445/381/2225
f 4446/381/1939 4403/381/1904 4448/381/1900
f 4445/381/2225 4448/381/1900 4449/381/2226
f 4394/381/1898 4449/381/2226 4448/381/1900
f 4394/381/1898 4448/381/1900 4398/381/1901
f 4403/381/1904 4398/381/1901 4448/381/1900
f 4449/381/2226 4394/381/1898 4393/381/1897
f 4449/381/2226 4393/381/1897 4450/381/2103
f 4451/381/2227 4449/381/2226 4450/381/2103
f 4451/381/2227 4452/381/1938 4449/381/2226
f 4445/381/2225 4449/381/2226 4452/381/1938
f 4453/381/2228 4445/381/2225 4452/381/1938
f 4454/381/2160 4453/381/2228 4452/381/1938
f 4454/381/2160 4452/381/1938 4451/381/2227
f 4454/381/2160 4451/381/2227 4455/381/1983
f 4454/381/2160 4455/381/1983 4456/381/1933
f 4457/381/1930 4454/381/2160 4456/381/1933
f 4457/381/1930 4453/381/2228 4454/381/2160
f 4457/381/1930 4461/381/1935 4453/381/2228
f 4457/381/1930 4456/381/1933 4460/381/1922
f 4458/381/1929 4461/381/1935 4457/381/1930
f 4458/381/1929 4457/381/1930 4459/381/2107
f 4459/381/2107 4457/381/1930 4460/381/1922
f 4442/381/1942 4461/381/1935 4458/381/1929
f 4461/381/1935 4444/381/1936 4453/381/2228
f 4461/381/1935 4442/381/1942 4444/381/1936
f 4459/381/2107 4460/381/1922 4431/381/1924
f 4462/381/1919 4460/381/1922 4456/381/1933
f 4434/381/1920 4431/381/1924 4460/381/1922
f 4462/381/1919 4434/381/1920 4460/381/1922
f 4462/381/1919 4463/381/2163 4409/381/2100
f 4455/381/1983 4463/381/2163 4462/381/1919
f 4455/381/1983 4462/381/1919 4456/381/1933
f 4462/381/1919 4409/381/2100 4437/381/2224
f 4434/381/1920 4462/381/1919 4437/381/2224
f 4464/381/2229 4463/381/2163 4455/381/1983
f 4464/381/2229 4410/381/1917 4463/381/2163
f 4409/381/2100 4463/381/2163 4410/381/1917
f 4392/381/1980 4410/381/1917 4464/381/2229
f 4464/381/2229 4393/381/1897 4392/381/1980
f 4464/381/2229 4450/381/2103 4393/381/1897
f 4455/381/1983 4450/381/2103 4464/381/2229
f 4465/381/1931 4458/381/1929 4459/381/2107
f 4465/381/1931 4459/381/2107 4466/381/2208
f 4432/381/1926 4466/381/2208 4459/381/2107
f 4432/381/1926 4459/381/2107 4431/381/1924
f 4467/381/2230 4465/381/1931 4466/381/2208
f 4467/381/2230 4466/381/2208 4468/381/2116
f 4469/381/2207 4468/381/2116 4466/381/2208
f 4469/381/2207 4466/381/2208 4432/381/1926
f 4470/381/2209 4468/381/2116 4469/381/2207
f 4432/381/1926 4421/381/1953 4469/381/2207
f 4469/381/2207 4421/381/1953 4420/381/1954
f 4469/381/2207 4420/381/1954 4470/381/2209
f 4470/381/2209 4420/381/1954 4388/381/1893
f 4470/381/2209 4388/381/1893 4389/381/1894
f 4470/381/2209 4471/381/1969 4468/381/2116
f 4472/381/2156 4471/381/1969 4470/381/2209
f 4472/381/2156 4470/381/2209 4389/381/1894
f 4472/381/2156 4473/381/2117 4471/381/1969
f 4390/381/1895 4472/381/2156 4389/381/1894
f 4472/381/2156 4474/381/2118 4473/381/2117
f 4390/381/1895 4474/381/2118 4472/381/2156
f 4475/381/1963 4473/381/2117 4474/381/2118
f 4475/381/1963 4474/381/2118 4476/381/1972
f 4476/381/1972 4474/381/2118 4396/381/2091
f 4390/381/1895 4396/381/2091 4474/381/2118
f 4477/381/2231 4475/381/1963 4476/381/1972
f 4476/381/1972 4396/381/2091 4397/381/2204
f 4397/381/2204 4477/381/2231 4476/381/1972
f 4415/381/2095 4477/381/2231 4401/381/1907
f 4397/381/2204 4401/381/1907 4477/381/2231
f 4418/381/2222 4477/381/2231 4415/381/2095
f 4418/381/2222 4478/381/2168 4477/381/2231
f 4477/381/2231 4478/381/2168 4475/381/1963
f 4478/381/2168 4424/381/1959 4479/381/1960
f 4424/381/1959 4478/381/2168 4418/381/2222
f 4478/381/2168 4479/381/1960 4475/381/1963
f 4465/381/1931 4479/381/1960 4480/381/1961
f 4424/381/1959 4480/381/1961 4479/381/1960
f 4465/381/1931 4467/381/2230 4479/381/1960
f 4467/381/2230 4475/381/1963 4479/381/1960
f 4480/381/1961 4425/381/1962 4439/381/1945
f 4480/381/1961 4439/381/1945 4441/381/1943
f 4458/381/1929 4480/381/1961 4441/381/1943
f 4458/381/1929 4465/381/1931 4480/381/1961
f 4424/381/1959 4425/381/1962 4480/381/1961
f 4467/381/2230 4473/381/2117 4475/381/1963
f 4473/381/2117 4468/381/2116 4471/381/1969
f 4473/381/2117 4467/381/2230 4468/381/2116
f 4442/381/1942 4458/381/1929 4441/381/1943
f 4455/381/1983 4451/381/2227 4450/381/2103
f 4453/381/2228 4444/381/1936 4445/381/2225
f 4439/381/1945 4426/381/2181 4428/381/2180
f 4439/381/1945 4425/381/1962 4426/381/2181
f 4416/381/1908 4401/381/1907 4400/381/1903
f 4415/381/2095 4401/381/1907 4416/381/1908
f 4416/381/1908 4400/381/1903 4406/381/2093
f 4487/381/1985 4481/381/1986 4482/381/1987
f 4483/381/1988 4482/381/1987 4481/381/1986
f 4484/381/2232 4483/381/1988 4481/381/1986
f 4484/381/2232 4481/381/1986 4485/381/2233
f 4486/381/2125 4485/381/2233 4481/381/1986
f 4487/381/1985 4486/381/2125 4481/381/1986
f 4487/381/1985 4491/381/1999 4486/381/2125
f 4488/381/1994 4487/381/1985 4482/381/1987
f 4489/381/1995 4487/381/1985 4488/381/1994
f 4489/381/1995 4490/381/1992 4487/381/1985
f 4487/381/1985 4490/381/1992 4491/381/1999
f 4493/381/2000 4491/381/1999 4492/381/1998
f 4492/381/1998 4491/381/1999 4490/381/1992
f 4493/381/2000 4494/381/2001 4491/381/1999
f 4486/381/2125 4491/381/1999 4494/381/2001
f 4497/381/2234 4494/381/2001 4495/381/2003
f 4496/381/2080 4495/381/2003 4494/381/2001
f 4496/381/2080 4494/381/2001 4493/381/2000
f 4486/381/2125 4494/381/2001 4497/381/2234
f 4497/381/2234 4495/381/2003 4498/381/2004
f 4497/381/2234 4498/381/2004 4499/381/2005
f 4497/381/2234 4499/381/2005 4485/381/2233
f 4486/381/2125 4497/381/2234 4485/381/2233
f 4499/381/2005 4500/381/2152 4484/381/2232
f 4501/381/2007 4500/381/2152 4499/381/2005
f 4499/381/2005 4502/381/2006 4501/381/2007
f 4499/381/2005 4484/381/2232 4485/381/2233
f 4499/381/2005 4498/381/2004 4502/381/2006
f 4501/381/2007 4502/381/2006 4503/381/2128
f 4504/381/2235 4503/381/2128 4502/381/2006
f 4495/381/2003 4504/381/2235 4502/381/2006
f 4495/381/2003 4502/381/2006 4498/381/2004
f 4505/381/2017 4504/381/2235 4506/381/2066
f 4504/381/2235 4505/381/2017 4503/381/2128
f 4504/381/2235 4495/381/2003 4496/381/2080
f 4504/381/2235 4496/381/2080 4506/381/2066
f 4505/381/2017 4506/381/2066 4508/381/2063
f 4507/381/2058 4506/381/2066 4496/381/2080
f 4507/381/2058 4509/381/2059 4506/381/2066
f 4509/381/2059 4508/381/2063 4506/381/2066
f 4509/381/2059 4510/381/2062 4508/381/2063
f 4510/381/2062 4509/381/2059 4511/381/2060
f 4509/381/2059 4512/381/2057 4511/381/2060
f 4509/381/2059 4507/381/2058 4512/381/2057
f 4512/381/2057 4507/381/2058 4513/381/2055
f 4512/381/2057 4513/381/2055 4514/381/2131
f 4517/381/2053 4512/381/2057 4514/381/2131
f 4512/381/2057 4515/381/2213 4511/381/2060
f 4512/381/2057 4516/381/2009 4515/381/2213
f 4517/381/2053 4516/381/2009 4512/381/2057
f 4484/381/2232 4516/381/2009 4517/381/2053
f 4483/381/1988 4484/381/2232 4517/381/2053
f 4483/381/1988 4517/381/2053 4518/381/2051
f 4518/381/2051 4517/381/2053 4514/381/2131
f 4519/381/2052 4483/381/1988 4518/381/2051
f 4518/381/2051 4514/381/2131 4521/381/2236
f 4519/381/2052 4518/381/2051 4520/381/2050
f 4520/381/2050 4518/381/2051 4521/381/2236
f 4520/381/2050 4521/381/2236 4522/381/2047
f 4514/381/2131 4524/381/2132 4521/381/2236
f 4521/381/2236 4523/381/2135 4522/381/2047
f 4521/381/2236 4524/381/2132 4523/381/2135
f 4492/381/1998 4524/381/2132 4513/381/2055
f 4514/381/2131 4513/381/2055 4524/381/2132
f 4525/381/2136 4524/381/2132 4492/381/1998
f 4525/381/2136 4523/381/2135 4524/381/2132
f 4490/381/1992 4526/381/1996 4525/381/2136
f 4492/381/1998 4490/381/1992 4525/381/2136
f 4526/381/1996 4523/381/2135 4525/381/2136
f 4526/381/1996 4527/381/2037 4523/381/2135
f 4490/381/1992 4489/381/1995 4526/381/1996
f 4528/381/2036 4527/381/2037 4526/381/1996
f 4528/381/2036 4526/381/1996 4529/381/2035
f 4489/381/1995 4529/381/2035 4526/381/1996
f 4530/381/2029 4528/381/2036 4529/381/2035
f 4489/381/1995 4532/381/2034 4529/381/2035
f 4530/381/2029 4529/381/2035 4531/381/2137
f 4531/381/2137 4529/381/2035 4532/381/2034
f 4533/381/2032 4535/381/2237 4532/381/2034
f 4533/381/2032 4532/381/2034 4534/381/2238
f 4534/381/2238 4532/381/2034 4489/381/1995
f 4531/381/2137 4532/381/2034 4535/381/2237
f 4536/381/2239 4537/381/2025 4535/381/2237
f 4536/381/2239 4535/381/2237 4533/381/2032
f 4538/381/2026 4535/381/2237 4537/381/2025
f 4538/381/2026 4531/381/2137 4535/381/2237
f 4539/381/2145 4538/381/2026 4537/381/2025
f 4539/381/2145 4540/381/2027 4538/381/2026
f 4540/381/2027 4541/381/2193 4538/381/2026
f 4538/381/2026 4541/381/2193 4530/381/2029
f 4538/381/2026 4530/381/2029 4531/381/2137
f 4542/381/2041 4530/381/2029 4541/381/2193
f 4543/381/2148 4542/381/2041 4541/381/2193
f 4540/381/2027 4543/381/2148 4541/381/2193
f 4543/381/2148 4546/381/2192 4542/381/2041
f 4545/381/2067 4543/381/2148 4540/381/2027
f 4546/381/2192 4543/381/2148 4544/381/2064
f 4545/381/2067 4544/381/2064 4543/381/2148
f 4546/381/2192 4544/381/2064 4547/381/2065
f 4548/381/2216 4542/381/2041 4546/381/2192
f 4547/381/2065 4549/381/2071 4546/381/2192
f 4548/381/2216 4546/381/2192 4549/381/2071
f 4550/381/2074 4548/381/2216 4549/381/2071
f 4551/381/2240 4550/381/2074 4549/381/2071
f 4551/381/2240 4549/381/2071 4552/381/2070
f 4547/381/2065 4552/381/2070 4549/381/2071
f 4554/381/2012 4552/381/2070 4553/381/2150
f 4547/381/2065 4553/381/2150 4552/381/2070
f 4554/381/2012 4551/381/2240 4552/381/2070
f 4515/381/2213 4554/381/2012 4553/381/2150
f 4515/381/2213 4557/381/2010 4554/381/2012
f 4555/381/2014 4551/381/2240 4554/381/2012
f 4555/381/2014 4554/381/2012 4556/381/2013
f 4556/381/2013 4554/381/2012 4557/381/2010
f 4556/381/2013 4557/381/2010 4501/381/2007
f 4516/381/2009 4557/381/2010 4515/381/2213
f 4501/381/2007 4557/381/2010 4500/381/2152
f 4516/381/2009 4500/381/2152 4557/381/2010
f 4503/381/2128 4555/381/2014 4556/381/2013
f 4501/381/2007 4503/381/2128 4556/381/2013
f 4550/381/2074 4555/381/2014 4558/381/2019
f 4559/381/2018 4558/381/2019 4555/381/2014
f 4503/381/2128 4559/381/2018 4555/381/2014
f 4550/381/2074 4551/381/2240 4555/381/2014
f 4505/381/2017 4560/381/2021 4559/381/2018
f 4559/381/2018 4560/381/2021 4539/381/2145
f 4559/381/2018 4539/381/2145 4561/381/2143
f 4559/381/2018 4561/381/2143 4558/381/2019
f 4505/381/2017 4559/381/2018 4503/381/2128
f 4561/381/2143 4537/381/2025 4536/381/2239
f 4561/381/2143 4536/381/2239 4562/381/2024
f 4561/381/2143 4562/381/2024 4558/381/2019
f 4561/381/2143 4539/381/2145 4537/381/2025
f 4563/381/2139 4565/381/2076 4562/381/2024
f 4563/381/2139 4562/381/2024 4564/381/2079
f 4562/381/2024 4533/381/2032 4564/381/2079
f 4562/381/2024 4536/381/2239 4533/381/2032
f 4565/381/2076 4558/381/2019 4562/381/2024
f 4565/381/2076 4563/381/2139 4566/381/2042
f 4565/381/2076 4566/381/2042 4548/381/2216
f 4550/381/2074 4565/381/2076 4548/381/2216
f 4565/381/2076 4550/381/2074 4558/381/2019
f 4567/381/2038 4569/381/2241 4566/381/2042
f 4567/381/2038 4566/381/2042 4568/381/2040
f 4566/381/2042 4570/381/2138 4568/381/2040
f 4566/381/2042 4569/381/2241 4542/381/2041
f 4566/381/2042 4563/381/2139 4570/381/2138
f 4566/381/2042 4542/381/2041 4548/381/2216
f 4571/381/1993 4573/381/2044 4570/381/2138
f 4571/381/1993 4570/381/2138 4572/381/2078
f 4572/381/2078 4570/381/2138 4563/381/2139
f 4568/381/2040 4570/381/2138 4573/381/2044
f 4568/381/2040 4573/381/2044 4574/381/2045
f 4574/381/2045 4573/381/2044 4519/381/2052
f 4519/381/2052 4573/381/2044 4571/381/1993
f 4574/381/2045 4519/381/2052 4520/381/2050
f 4574/381/2045 4520/381/2050 4522/381/2047
f 4574/381/2045 4522/381/2047 4575/381/2046
f 4574/381/2045 4575/381/2046 4567/381/2038
f 4574/381/2045 4567/381/2038 4568/381/2040
f 4523/381/2135 4575/381/2046 4522/381/2047
f 4523/381/2135 4527/381/2037 4575/381/2046
f 4527/381/2037 4567/381/2038 4575/381/2046
f 4564/381/2079 4534/381/2238 4572/381/2078
f 4572/381/2078 4534/381/2238 4488/381/1994
f 4572/381/2078 4488/381/1994 4571/381/1993
f 4572/381/2078 4563/381/2139 4564/381/2079
f 4519/381/2052 4571/381/1993 4482/381/1987
f 4488/381/1994 4482/381/1987 4571/381/1993
f 4569/381/2241 4567/381/2038 4528/381/2036
f 4569/381/2241 4528/381/2036 4530/381/2029
f 4542/381/2041 4569/381/2241 4530/381/2029
f 4527/381/2037 4528/381/2036 4567/381/2038
f 4564/381/2079 4533/381/2032 4534/381/2238
f 4540/381/2027 4539/381/2145 4560/381/2021
f 4540/381/2027 4560/381/2021 4545/381/2067
f 4545/381/2067 4560/381/2021 4505/381/2017
f 4511/381/2060 4515/381/2213 4553/381/2150
f 4511/381/2060 4553/381/2150 4576/381/2149
f 4547/381/2065 4576/381/2149 4553/381/2150
f 4510/381/2062 4511/381/2060 4576/381/2149
f 4547/381/2065 4510/381/2062 4576/381/2149
f 4547/381/2065 4544/381/2064 4510/381/2062
f 4510/381/2062 4544/381/2064 4545/381/2067
f 4510/381/2062 4545/381/2067 4508/381/2063
f 4545/381/2067 4505/381/2017 4508/381/2063
f 4534/381/2238 4489/381/1995 4488/381/1994
f 4483/381/1988 4519/381/2052 4482/381/1987
f 4484/381/2232 4500/381/2152 4516/381/2009
f 4513/381/2055 4507/381/2058 4496/381/2080
f 4513/381/2055 4496/381/2080 4493/381/2000
f 4492/381/1998 4513/381/2055 4493/381/2000
f 4583/381/2089 4577/381/1890 4578/381/1891
f 4579/381/1892 4578/381/1891 4577/381/1890
f 4580/381/1893 4579/381/1892 4577/381/1890
f 4580/381/1893 4577/381/1890 4581/381/1894
f 4582/381/2154 4581/381/1894 4577/381/1890
f 4583/381/2089 4582/381/2154 4577/381/1890
f 4586/381/2155 4582/381/2154 4583/381/2089
f 4584/381/1980 4583/381/2089 4578/381/1891
f 4584/381/1980 4585/381/2242 4583/381/2089
f 4587/381/1898 4583/381/2089 4585/381/2242
f 4587/381/1898 4586/381/2155 4583/381/2089
f 4588/381/1899 4587/381/1898 4585/381/2242
f 4587/381/1898 4588/381/1899 4589/381/1900
f 4587/381/1898 4589/381/1900 4590/381/1901
f 4586/381/2155 4587/381/1898 4590/381/1901
f 4586/381/2155 4590/381/1901 4591/381/1902
f 4592/381/1905 4591/381/1902 4590/381/1901
f 4593/381/1904 4592/381/1905 4590/381/1901
f 4593/381/1904 4590/381/1901 4589/381/1900
f 4596/381/2110 4593/381/1904 4594/381/1939
f 4594/381/1939 4593/381/1904 4589/381/1900
f 4592/381/1905 4593/381/1904 4595/381/1912
f 4596/381/2110 4595/381/1912 4593/381/1904
f 4595/381/1912 4596/381/2110 4597/381/1914
f 4596/381/2110 4598/381/2164 4597/381/1914
f 4596/381/2110 4599/381/2194 4598/381/2164
f 4599/381/2194 4596/381/2110 4594/381/1939
f 4599/381/2194 4601/381/2223 4600/381/1921
f 4599/381/2194 4600/381/1921 4598/381/2164
f 4602/381/1941 4601/381/2223 4599/381/2194
f 4602/381/1941 4599/381/2194 4603/381/1940
f 4599/381/2194 4594/381/1939 4603/381/1940
f 4604/381/1942 4602/381/1941 4603/381/1940
f 4604/381/1942 4603/381/1940 4606/381/1936
f 4603/381/1940 4594/381/1939 4605/381/1937
f 4603/381/1940 4605/381/1937 4606/381/1936
f 4607/381/2105 4606/381/1936 4605/381/1937
f 4608/381/1935 4604/381/1942 4606/381/1936
f 4608/381/1935 4606/381/1936 4607/381/2105
f 4610/381/2203 4608/381/1935 4609/381/1930
f 4609/381/1930 4608/381/1935 4607/381/2105
f 4604/381/1942 4608/381/1935 4610/381/2203
f 4610/381/2203 4609/381/1930 4611/381/1928
f 4612/381/1931 4610/381/2203 4611/381/1928
f 4613/381/1943 4610/381/2203 4612/381/1931
f 4604/381/1942 4610/381/2203 4613/381/1943
f 4614/381/1962 4616/381/2195 4613/381/1943
f 4614/381/1962 4613/381/1943 4615/381/1961
f 4613/381/1943 4612/381/1931 4615/381/1961
f 4613/381/1943 4602/381/1941 4604/381/1942
f 4613/381/1943 4616/381/2195 4602/381/1941
f 4601/381/2223 4602/381/1941 4616/381/2195
f 4617/381/2180 4616/381/2195 4614/381/1962
f 4601/381/2223 4616/381/2195 4617/381/2180
f 4617/381/2180 4620/381/2243 4618/381/1948
f 4617/381/2180 4618/381/1948 4619/381/2112
f 4601/381/2223 4617/381/2180 4619/381/2112
f 4617/381/2180 4614/381/1962 4620/381/2243
f 4620/381/2243 4621/381/1950 4618/381/1948
f 4620/381/2243 4622/381/2244 4621/381/1950
f 4614/381/1962 4622/381/2244 4620/381/2243
f 4614/381/1962 4623/381/2178 4622/381/2244
f 4625/381/2115 4621/381/1950 4622/381/2244
f 4623/381/2178 4624/381/1955 4622/381/2244
f 4625/381/2115 4622/381/2244 4624/381/1955
f 4580/381/1893 4626/381/2245 4625/381/2115
f 4625/381/2115 4626/381/2245 4627/381/1953
f 4625/381/2115 4627/381/1953 4621/381/1950
f 4628/381/2096 4625/381/2115 4624/381/1955
f 4580/381/1893 4625/381/2115 4628/381/2096
f 4628/381/2096 4624/381/1955 4629/381/1957
f 4630/381/1976 4628/381/2096 4629/381/1957
f 4579/381/1892 4628/381/2096 4630/381/1976
f 4579/381/1892 4580/381/1893 4628/381/2096
f 4630/381/1976 4629/381/1957 4631/381/1908
f 4630/381/1976 4631/381/1908 4634/381/2197
f 4632/381/1977 4579/381/1892 4630/381/1976
f 4632/381/1977 4630/381/1976 4633/381/1978
f 4630/381/1976 4634/381/2197 4633/381/1978
f 4635/381/2246 4633/381/1978 4634/381/2197
f 4631/381/1908 4637/381/1903 4634/381/2197
f 4635/381/2246 4634/381/2197 4636/381/2199
f 4634/381/2197 4592/381/1905 4636/381/2199
f 4634/381/2197 4637/381/1903 4592/381/1905
f 4592/381/1905 4637/381/1903 4591/381/1902
f 4631/381/1908 4638/381/2169 4637/381/1903
f 4591/381/1902 4637/381/1903 4638/381/2169
f 4640/381/1974 4638/381/2169 4639/381/2120
f 4629/381/1957 4639/381/2120 4638/381/2169
f 4629/381/1957 4638/381/2169 4631/381/1908
f 4591/381/1902 4638/381/2169 4640/381/1974
f 4640/381/1974 4641/381/2091 4586/381/2155
f 4640/381/1974 4586/381/2155 4591/381/1902
f 4642/381/2119 4641/381/2091 4640/381/1974
f 4640/381/1974 4639/381/2120 4642/381/2119
f 4642/381/2119 4643/381/1971 4641/381/2091
f 4639/381/2120 4644/381/1963 4642/381/2119
f 4644/381/1963 4643/381/1971 4642/381/2119
f 4644/381/1963 4648/381/2117 4643/381/1971
f 4639/381/2120 4647/381/1958 4644/381/1963
f 4645/381/1964 4648/381/2117 4644/381/1963
f 4645/381/1964 4644/381/1963 4646/381/2179
f 4647/381/1958 4646/381/2179 4644/381/1963
f 4648/381/2117 4645/381/1964 4649/381/2247
f 4651/381/2206 4643/381/1971 4648/381/2117
f 4648/381/2117 4649/381/2247 4650/381/1969
f 4651/381/2206 4648/381/2117 4650/381/1969
f 4582/381/2154 4643/381/1971 4651/381/2206
f 4651/381/2206 4650/381/1969 4652/381/1967
f 4651/381/2206 4652/381/1967 4581/381/1894
f 4582/381/2154 4651/381/2206 4581/381/1894
f 4652/381/1967 4650/381/1969 4649/381/2247
f 4652/381/1967 4649/381/2247 4653/381/1968
f 4653/381/1968 4626/381/2245 4652/381/1967
f 4652/381/1967 4626/381/2245 4580/381/1893
f 4652/381/1967 4580/381/1893 4581/381/1894
f 4653/381/1968 4649/381/2247 4654/381/2248
f 4653/381/1968 4654/381/2248 4655/381/1926
f 4655/381/1926 4627/381/1953 4653/381/1968
f 4653/381/1968 4627/381/1953 4626/381/2245
f 4656/381/1924 4657/381/1925 4655/381/1926
f 4654/381/2248 4656/381/1924 4655/381/1926
f 4655/381/1926 4657/381/1925 4627/381/1953
f 4621/381/1950 4627/381/1953 4657/381/1925
f 4621/381/1950 4657/381/1925 4618/381/1948
f 4657/381/1925 4658/381/1923 4619/381/2112
f 4656/381/1924 4658/381/1923 4657/381/1925
f 4657/381/1925 4619/381/2112 4618/381/1948
f 4659/381/2109 4658/381/1923 4656/381/1924
f 4658/381/1923 4600/381/1921 4619/381/2112
f 4658/381/1923 4659/381/2109 4600/381/1921
f 4660/381/1919 4659/381/2109 4661/381/1922
f 4659/381/2109 4660/381/1919 4598/381/2164
f 4659/381/2109 4598/381/2164 4600/381/1921
f 4659/381/2109 4656/381/1924 4661/381/1922
f 4660/381/1919 4661/381/1922 4662/381/1933
f 4609/381/1930 4662/381/1933 4661/381/1922
f 4611/381/1928 4609/381/1930 4661/381/1922
f 4611/381/1928 4661/381/1922 4656/381/1924
f 4663/381/1983 4660/381/1919 4662/381/1933
f 4664/381/2160 4663/381/1983 4662/381/1933
f 4609/381/1930 4664/381/2160 4662/381/1933
f 4664/381/2160 4665/381/1984 4663/381/1983
f 4664/381/2160 4666/381/1938 4665/381/1984
f 4609/381/1930 4607/381/2105 4664/381/2160
f 4664/381/2160 4607/381/2105 4666/381/1938
f 4665/381/1984 4666/381/1938 4588/381/1899
f 4607/381/2105 4605/381/1937 4666/381/1938
f 4605/381/1937 4588/381/1899 4666/381/1938
f 4663/381/1983 4665/381/1984 4667/381/2103
f 4665/381/1984 4588/381/1899 4667/381/2103
f 4663/381/1983 4667/381/2103 4668/381/1981
f 4668/381/1981 4667/381/2103 4585/381/2242
f 4588/381/1899 4585/381/2242 4667/381/2103
f 4668/381/1981 4585/381/2242 4584/381/1980
f 4584/381/1980 4669/381/2200 4668/381/1981
f 4668/381/1981 4669/381/2200 4670/381/1916
f 4668/381/1981 4670/381/1916 4663/381/1983
f 4597/381/1914 4670/381/1916 4669/381/2200
f 4598/381/2164 4670/381/1916 4597/381/1914
f 4598/381/2164 4660/381/1919 4670/381/1916
f 4663/381/1983 4670/381/1916 4660/381/1919
f 4584/381/1980 4671/381/2172 4669/381/2200
f 4672/381/2173 4669/381/2200 4671/381/2172
f 4597/381/1914 4669/381/2200 4672/381/2173
f 4672/381/2173 4671/381/2172 4635/381/2246
f 4595/381/1912 4597/381/1914 4672/381/2173
f 4672/381/2173 4636/381/2199 4595/381/1912
f 4672/381/2173 4635/381/2246 4636/381/2199
f 4635/381/2246 4671/381/2172 4632/381/1977
f 4578/381/1891 4632/381/1977 4671/381/2172
f 4578/381/1891 4671/381/2172 4584/381/1980
f 4654/381/2248 4611/381/1928 4656/381/1924
f 4612/381/1931 4611/381/1928 4654/381/2248
f 4645/381/1964 4612/381/1931 4654/381/2248
f 4645/381/1964 4654/381/2248 4649/381/2247
f 4647/381/1958 4623/381/2178 4646/381/2179
f 4623/381/2178 4647/381/1958 4624/381/1955
f 4624/381/1955 4647/381/1958 4639/381/2120
f 4612/381/1931 4645/381/1964 4646/381/2179
f 4612/381/1931 4646/381/2179 4615/381/1961
f 4623/381/2178 4615/381/1961 4646/381/2179
f 4582/381/2154 4641/381/2091 4643/381/1971
f 4586/381/2155 4641/381/2091 4582/381/2154
f 4624/381/1955 4639/381/2120 4629/381/1957
f 4592/381/1905 4595/381/1912 4636/381/2199
f 4635/381/2246 4632/381/1977 4633/381/1978
f 4579/381/1892 4632/381/1977 4578/381/1891
f 4623/381/2178 4614/381/1962 4615/381/1961
f 4601/381/2223 4619/381/2112 4600/381/1921
f 4594/381/1939 4589/381/1900 4605/381/1937
f 4605/381/1937 4589/381/1900 4588/381/1899
f 4679/381/1985 4673/381/2249 4674/381/1987
f 4675/381/1988 4674/381/1987 4673/381/2249
f 4676/381/1989 4675/381/1988 4673/381/2249
f 4676/381/1989 4673/381/2249 4677/381/1990
f 4678/381/2125 4677/381/1990 4673/381/2249
f 4679/381/1985 4678/381/2125 4673/381/2249
f 4682/381/1992 4678/381/2125 4679/381/1985
f 4680/381/1993 4679/381/1985 4674/381/1987
f 4680/381/1993 4681/381/1994 4679/381/1985
f 4681/381/1994 4682/381/1992 4679/381/1985
f 4684/381/2126 4683/381/1999 4682/381/1992
f 4682/381/1992 4683/381/1999 4678/381/2125
f 4684/381/2126 4682/381/1992 4685/381/1997
f 4682/381/1992 4686/381/1996 4685/381/1997
f 4682/381/1992 4687/381/1995 4686/381/1996
f 4681/381/1994 4687/381/1995 4682/381/1992
f 4687/381/1995 4688/381/2035 4686/381/1996
f 4689/381/2033 4687/381/1995 4681/381/1994
f 4687/381/1995 4690/381/2034 4688/381/2035
f 4689/381/2033 4690/381/2034 4687/381/1995
f 4693/381/2032 4690/381/2034 4689/381/2033
f 4691/381/2030 4688/381/2035 4690/381/2034
f 4691/381/2030 4690/381/2034 4692/381/2250
f 4693/381/2032 4692/381/2250 4690/381/2034
f 4695/381/2022 4693/381/2032 4694/381/2184
f 4694/381/2184 4693/381/2032 4689/381/2033
f 4693/381/2032 4695/381/2022 4696/381/2251
f 4693/381/2032 4696/381/2251 4692/381/2250
f 4696/381/2251 4697/381/2026 4691/381/2030
f 4698/381/2023 4697/381/2026 4696/381/2251
f 4695/381/2022 4698/381/2023 4696/381/2251
f 4696/381/2251 4691/381/2030 4692/381/2250
f 4698/381/2023 4699/381/2027 4697/381/2026
f 4699/381/2027 4698/381/2023 4700/381/2021
f 4700/381/2021 4698/381/2023 4701/381/2020
f 4695/381/2022 4701/381/2020 4698/381/2023
f 4701/381/2020 4695/381/2022 4702/381/2024
f 4701/381/2020 4702/381/2024 4703/381/2019
f 4704/381/2018 4701/381/2020 4703/381/2019
f 4700/381/2021 4701/381/2020 4704/381/2018
f 4704/381/2018 4703/381/2019 4705/381/2252
f 4706/381/2128 4704/381/2018 4705/381/2252
f 4706/381/2128 4700/381/2021 4704/381/2018
f 4706/381/2128 4705/381/2252 4707/381/2013
f 4708/381/2007 4706/381/2128 4707/381/2013
f 4708/381/2007 4709/381/2006 4706/381/2128
f 4709/381/2006 4710/381/2017 4706/381/2128
f 4706/381/2128 4710/381/2017 4700/381/2021
f 4709/381/2006 4711/381/2189 4710/381/2017
f 4710/381/2017 4711/381/2189 4712/381/2066
f 4710/381/2017 4712/381/2066 4713/381/2063
f 4714/381/2067 4710/381/2017 4713/381/2063
f 4714/381/2067 4700/381/2021 4710/381/2017
f 4699/381/2027 4700/381/2021 4714/381/2067
f 4714/381/2067 4715/381/2191 4699/381/2027
f 4714/381/2067 4716/381/2064 4715/381/2191
f 4717/381/2062 4716/381/2064 4714/381/2067
f 4717/381/2062 4714/381/2067 4713/381/2063
f 4718/381/2065 4716/381/2064 4717/381/2062
f 4718/381/2065 4717/381/2062 4719/381/2061
f 4717/381/2062 4720/381/2060 4719/381/2061
f 4717/381/2062 4721/381/2211 4720/381/2060
f 4721/381/2211 4717/381/2062 4713/381/2063
f 4721/381/2211 4713/381/2063 4712/381/2066
f 4723/381/2058 4721/381/2211 4712/381/2066
f 4721/381/2211 4722/381/2057 4720/381/2060
f 4721/381/2211 4723/381/2058 4722/381/2057
f 4723/381/2058 4724/381/2054 4722/381/2057
f 4723/381/2058 4712/381/2066 4725/381/2080
f 4723/381/2058 4727/381/2130 4724/381/2054
f 4726/381/2000 4723/381/2058 4725/381/2080
f 4726/381/2000 4727/381/2130 4723/381/2058
f 4724/381/2054 4727/381/2130 4728/381/2132
f 4684/381/2126 4727/381/2130 4726/381/2000
f 4684/381/2126 4728/381/2132 4727/381/2130
f 4724/381/2054 4728/381/2132 4729/381/2236
f 4729/381/2236 4728/381/2132 4730/381/2048
f 4685/381/1997 4730/381/2048 4728/381/2132
f 4685/381/1997 4728/381/2132 4684/381/2126
f 4732/381/2133 4730/381/2048 4731/381/2037
f 4686/381/1996 4731/381/2037 4730/381/2048
f 4686/381/1996 4730/381/2048 4685/381/1997
f 4729/381/2236 4730/381/2048 4732/381/2133
f 4733/381/2220 4729/381/2236 4732/381/2133
f 4732/381/2133 4731/381/2037 4735/381/2046
f 4734/381/2253 4733/381/2220 4732/381/2133
f 4734/381/2253 4732/381/2133 4735/381/2046
f 4737/381/2040 4734/381/2253 4735/381/2046
f 4731/381/2037 4736/381/2254 4735/381/2046
f 4737/381/2040 4735/381/2046 4736/381/2254
f 4737/381/2040 4738/381/2138 4740/381/2044
f 4739/381/2042 4738/381/2138 4737/381/2040
f 4737/381/2040 4741/381/2039 4739/381/2042
f 4737/381/2040 4740/381/2044 4734/381/2253
f 4737/381/2040 4736/381/2254 4741/381/2039
f 4746/381/2193 4742/381/2041 4741/381/2039
f 4741/381/2039 4742/381/2041 4743/381/2216
f 4741/381/2039 4743/381/2216 4739/381/2042
f 4741/381/2039 4736/381/2254 4744/381/2036
f 4741/381/2039 4744/381/2036 4745/381/2029
f 4746/381/2193 4741/381/2039 4745/381/2029
f 4715/381/2191 4742/381/2041 4746/381/2193
f 4697/381/2026 4746/381/2193 4745/381/2029
f 4699/381/2027 4746/381/2193 4697/381/2026
f 4699/381/2027 4715/381/2191 4746/381/2193
f 4745/381/2029 4744/381/2036 4688/381/2035
f 4697/381/2026 4745/381/2029 4691/381/2030
f 4745/381/2029 4688/381/2035 4691/381/2030
f 4731/381/2037 4744/381/2036 4736/381/2254
f 4744/381/2036 4686/381/1996 4688/381/2035
f 4744/381/2036 4731/381/2037 4686/381/1996
f 4747/381/2074 4749/381/2076 4743/381/2216
f 4747/381/2074 4743/381/2216 4748/381/2071
f 4742/381/2041 4748/381/2071 4743/381/2216
f 4749/381/2076 4739/381/2042 4743/381/2216
f 4694/381/2184 4750/381/2139 4749/381/2076
f 4749/381/2076 4750/381/2139 4739/381/2042
f 4694/381/2184 4749/381/2076 4702/381/2024
f 4749/381/2076 4703/381/2019 4702/381/2024
f 4749/381/2076 4747/381/2074 4703/381/2019
f 4739/381/2042 4750/381/2139 4738/381/2138
f 4751/381/2078 4738/381/2138 4750/381/2139
f 4751/381/2078 4750/381/2139 4694/381/2184
f 4751/381/2078 4689/381/2033 4681/381/1994
f 4751/381/2078 4681/381/1994 4680/381/1993
f 4680/381/1993 4738/381/2138 4751/381/2078
f 4694/381/2184 4689/381/2033 4751/381/2078
f 4752/381/2072 4747/381/2074 4748/381/2071
f 4752/381/2072 4748/381/2071 4753/381/2070
f 4742/381/2041 4754/381/2147 4748/381/2071
f 4754/381/2147 4753/381/2070 4748/381/2071
f 4715/381/2191 4754/381/2147 4742/381/2041
f 4754/381/2147 4715/381/2191 4716/381/2064
f 4754/381/2147 4716/381/2064 4718/381/2065
f 4754/381/2147 4718/381/2065 4753/381/2070
f 4718/381/2065 4755/381/2075 4753/381/2070
f 4755/381/2075 4752/381/2072 4753/381/2070
f 4719/381/2061 4756/381/2213 4755/381/2075
f 4718/381/2065 4719/381/2061 4755/381/2075
f 4756/381/2213 4757/381/2012 4755/381/2075
f 4755/381/2075 4757/381/2012 4752/381/2072
f 4707/381/2013 4757/381/2012 4758/381/2151
f 4756/381/2213 4758/381/2151 4757/381/2012
f 4705/381/2252 4752/381/2072 4757/381/2012
f 4705/381/2252 4757/381/2012 4707/381/2013
f 4759/381/2009 4760/381/2152 4758/381/2151
f 4759/381/2009 4758/381/2151 4756/381/2213
f 4707/381/2013 4758/381/2151 4708/381/2007
f 4708/381/2007 4758/381/2151 4760/381/2152
f 4708/381/2007 4760/381/2152 4761/381/2005
f 4760/381/2152 4677/381/1990 4761/381/2005
f 4676/381/1989 4760/381/2152 4759/381/2009
f 4760/381/2152 4676/381/1989 4677/381/1990
f 4761/381/2005 4762/381/2190 4709/381/2006
f 4761/381/2005 4709/381/2006 4708/381/2007
f 4763/381/2234 4761/381/2005 4677/381/1990
f 4763/381/2234 4762/381/2190 4761/381/2005
f 4763/381/2234 4764/381/2003 4762/381/2190
f 4678/381/2125 4763/381/2234 4677/381/1990
f 4763/381/2234 4765/381/2001 4764/381/2003
f 4683/381/1999 4765/381/2001 4763/381/2234
f 4683/381/1999 4763/381/2234 4678/381/2125
f 4764/381/2003 4765/381/2001 4726/381/2000
f 4726/381/2000 4765/381/2001 4683/381/1999
f 4762/381/2190 4764/381/2003 4711/381/2189
f 4711/381/2189 4764/381/2003 4725/381/2080
f 4764/381/2003 4726/381/2000 4725/381/2080
f 4762/381/2190 4711/381/2189 4709/381/2006
f 4722/381/2057 4759/381/2009 4756/381/2213
f 4724/381/2054 4759/381/2009 4722/381/2057
f 4676/381/1989 4759/381/2009 4766/381/2053
f 4724/381/2054 4766/381/2053 4759/381/2009
f 4675/381/1988 4676/381/1989 4766/381/2053
f 4675/381/1988 4766/381/2053 4767/381/2186
f 4729/381/2236 4767/381/2186 4766/381/2053
f 4729/381/2236 4766/381/2053 4724/381/2054
f 4768/381/2052 4675/381/1988 4767/381/2186
f 4768/381/2052 4767/381/2186 4733/381/2220
f 4733/381/2220 4767/381/2186 4729/381/2236
f 4675/381/1988 4768/381/2052 4674/381/1987
f 4674/381/1987 4768/381/2052 4740/381/2044
f 4734/381/2253 4740/381/2044 4768/381/2052
f 4734/381/2253 4768/381/2052 4733/381/2220
f 4719/381/2061 4720/381/2060 4756/381/2213
f 4722/381/2057 4756/381/2213 4720/381/2060
f 4747/381/2074 4752/381/2072 4705/381/2252
f 4747/381/2074 4705/381/2252 4703/381/2019
f 4674/381/1987 4740/381/2044 4680/381/1993
f 4680/381/1993 4740/381/2044 4738/381/2138
f 4726/381/2000 4683/381/1999 4684/381/2126
f 4711/381/2189 4725/381/2080 4712/381/2066
f 4695/381/2022 4694/381/2184 4702/381/2024
f 4775/381/2089 4769/381/1890 4770/381/1891
f 4771/381/2255 4770/381/1891 4769/381/1890
f 4772/381/1893 4771/381/2255 4769/381/1890
f 4772/381/1893 4769/381/1890 4773/381/1894
f 4774/381/1895 4773/381/1894 4769/381/1890
f 4775/381/2089 4774/381/1895 4769/381/1890
f 4777/381/1896 4774/381/1895 4775/381/2089
f 4776/381/1897 4775/381/2089 4770/381/1891
f 4778/381/1898 4775/381/2089 4776/381/1897
f 4778/381/1898 4777/381/1896 4775/381/2089
f 4779/381/1902 4777/381/1896 4778/381/1898
f 4779/381/1902 4778/381/1898 4782/381/1901
f 4778/381/1898 4780/381/1899 4781/381/1900
f 4780/381/1899 4778/381/1898 4776/381/1897
f 4778/381/1898 4781/381/1900 4782/381/1901
f 4784/381/1904 4782/381/1901 4781/381/1900
f 4782/381/1901 4785/381/1903 4779/381/1902
f 4782/381/1901 4783/381/1905 4785/381/1903
f 4784/381/1904 4783/381/1905 4782/381/1901
f 4788/381/2197 4785/381/1903 4783/381/1905
f 4779/381/1902 4785/381/1903 4786/381/2169
f 4787/381/1908 4786/381/2169 4785/381/1903
f 4787/381/1908 4785/381/1903 4788/381/2197
f 4789/381/1978 4787/381/1908 4788/381/2197
f 4788/381/2197 4783/381/1905 4791/381/1906
f 4790/381/2097 4789/381/1978 4788/381/2197
f 4790/381/2097 4788/381/2197 4791/381/1906
f 4793/381/1911 4790/381/2097 4791/381/1906
f 4783/381/1905 4792/381/1912 4791/381/1906
f 4793/381/1911 4791/381/1906 4792/381/1912
f 4796/381/1914 4794/381/1917 4793/381/1911
f 4793/381/1911 4794/381/1917 4795/381/2172
f 4793/381/1911 4795/381/2172 4790/381/2097
f 4792/381/1912 4796/381/1914 4793/381/1911
f 4799/381/2164 4797/381/2163 4796/381/1914
f 4796/381/1914 4797/381/2163 4794/381/1917
f 4798/381/1913 4799/381/2164 4796/381/1914
f 4792/381/1912 4798/381/1913 4796/381/1914
f 4798/381/1913 4801/381/1918 4799/381/2164
f 4799/381/2164 4802/381/1919 4797/381/2163
f 4803/381/2109 4799/381/2164 4800/381/2256
f 4801/381/1918 4800/381/2256 4799/381/2164
f 4803/381/2109 4802/381/1919 4799/381/2164
f 4802/381/1919 4803/381/2109 4804/381/1922
f 4805/381/1923 4803/381/2109 4800/381/2256
f 4803/381/2109 4806/381/1924 4804/381/1922
f 4803/381/2109 4805/381/1923 4806/381/1924
f 4806/381/1924 4805/381/1923 4807/381/1925
f 4806/381/1924 4807/381/1925 4809/381/1926
f 4808/381/2107 4804/381/1922 4806/381/1924
f 4809/381/1926 4808/381/2107 4806/381/1924
f 4809/381/1926 4810/381/1927 4808/381/2107
f 4809/381/1926 4807/381/1925 4812/381/1953
f 4811/381/1968 4810/381/1927 4809/381/1926
f 4809/381/1926 4812/381/1953 4811/381/1968
f 4813/381/2115 4815/381/1954 4812/381/1953
f 4813/381/2115 4812/381/1953 4814/381/2257
f 4814/381/2257 4812/381/1953 4807/381/1925
f 4811/381/1968 4812/381/1953 4815/381/1954
f 4811/381/1968 4815/381/1954 4816/381/2157
f 4815/381/1954 4773/381/1894 4816/381/2157
f 4772/381/1893 4815/381/1954 4813/381/2115
f 4815/381/1954 4772/381/1893 4773/381/1894
f 4816/381/2157 4818/381/2258 4817/381/2116
f 4816/381/2157 4817/381/2116 4811/381/1968
f 4819/381/2156 4816/381/2157 4773/381/1894
f 4819/381/2156 4818/381/2258 4816/381/2157
f 4819/381/2156 4820/381/2205 4818/381/2258
f 4774/381/1895 4819/381/2156 4773/381/1894
f 4819/381/2156 4821/381/1971 4820/381/2205
f 4774/381/1895 4821/381/1971 4819/381/2156
f 4822/381/1963 4820/381/2205 4821/381/1971
f 4822/381/1963 4821/381/1971 4823/381/1972
f 4823/381/1972 4821/381/1971 4824/381/2091
f 4774/381/1895 4824/381/2091 4821/381/1971
f 4823/381/1972 4824/381/2091 4825/381/1974
f 4825/381/1974 4824/381/2091 4777/381/1896
f 4777/381/1896 4824/381/2091 4774/381/1895
f 4779/381/1902 4786/381/2169 4825/381/1974
f 4825/381/1974 4786/381/2169 4826/381/2120
f 4825/381/1974 4826/381/2120 4823/381/1972
f 4825/381/1974 4777/381/1896 4779/381/1902
f 4828/381/1955 4827/381/1958 4826/381/2120
f 4826/381/2120 4827/381/1958 4822/381/1963
f 4826/381/2120 4822/381/1963 4823/381/1972
f 4828/381/1955 4826/381/2120 4829/381/2095
f 4829/381/2095 4826/381/2120 4786/381/2169
f 4830/381/2096 4828/381/1955 4829/381/2095
f 4829/381/2095 4786/381/2169 4787/381/1908
f 4831/381/1976 4830/381/2096 4829/381/2095
f 4831/381/1976 4829/381/2095 4787/381/1908
f 4832/381/1977 4771/381/2255 4831/381/1976
f 4832/381/1977 4831/381/1976 4789/381/1978
f 4789/381/1978 4831/381/1976 4787/381/1908
f 4771/381/2255 4830/381/2096 4831/381/1976
f 4771/381/2255 4832/381/1977 4770/381/1891
f 4770/381/1891 4832/381/1977 4795/381/2172
f 4790/381/2097 4795/381/2172 4832/381/1977
f 4790/381/2097 4832/381/1977 4789/381/1978
f 4771/381/2255 4772/381/1893 4830/381/2096
f 4772/381/1893 4813/381/2115 4830/381/2096
f 4830/381/2096 4813/381/2115 4828/381/1955
f 4834/381/2178 4828/381/1955 4833/381/2113
f 4813/381/2115 4833/381/2113 4828/381/1955
f 4834/381/2178 4827/381/1958 4828/381/1955
f 4835/381/1962 4834/381/2178 4833/381/2113
f 4834/381/2178 4835/381/1962 4836/381/1961
f 4834/381/2178 4836/381/1961 4837/381/2122
f 4827/381/1958 4834/381/2178 4837/381/2122
f 4838/381/1964 4822/381/1963 4837/381/2122
f 4839/381/1931 4838/381/1964 4837/381/2122
f 4839/381/1931 4837/381/2122 4836/381/1961
f 4827/381/1958 4837/381/2122 4822/381/1963
f 4838/381/1964 4839/381/1931 4810/381/1927
f 4839/381/1931 4808/381/2107 4810/381/1927
f 4840/381/1929 4839/381/1931 4836/381/1961
f 4839/381/1931 4840/381/1929 4808/381/2107
f 4840/381/1929 4842/381/2161 4841/381/1930
f 4840/381/1929 4841/381/1930 4808/381/2107
f 4843/381/1942 4842/381/2161 4840/381/1929
f 4843/381/1942 4840/381/1929 4844/381/1943
f 4840/381/1929 4836/381/1961 4844/381/1943
f 4835/381/1962 4845/381/1945 4844/381/1943
f 4844/381/1943 4845/381/1945 4846/381/1941
f 4844/381/1943 4846/381/1941 4843/381/1942
f 4835/381/1962 4844/381/1943 4836/381/1961
f 4846/381/1941 4848/381/1944 4801/381/1918
f 4846/381/1941 4801/381/1918 4847/381/1940
f 4843/381/1942 4846/381/1941 4847/381/1940
f 4848/381/1944 4846/381/1941 4845/381/1945
f 4848/381/1944 4845/381/1945 4849/381/2180
f 4801/381/1918 4848/381/1944 4800/381/2256
f 4849/381/2180 4800/381/2256 4848/381/1944
f 4849/381/2180 4845/381/1945 4835/381/1962
f 4849/381/2180 4835/381/1962 4850/381/2259
f 4849/381/2180 4850/381/2259 4851/381/2166
f 4849/381/2180 4851/381/2166 4852/381/2112
f 4849/381/2180 4852/381/2112 4800/381/2256
f 4805/381/1923 4800/381/2256 4852/381/2112
f 4851/381/2166 4805/381/1923 4852/381/2112
f 4851/381/2166 4807/381/1925 4805/381/1923
f 4814/381/2257 4807/381/1925 4851/381/2166
f 4850/381/2259 4814/381/2257 4851/381/2166
f 4835/381/1962 4833/381/2113 4850/381/2259
f 4850/381/2259 4833/381/2113 4814/381/2257
f 4847/381/1940 4855/381/2260 4853/381/1937
f 4847/381/1940 4853/381/1937 4854/381/1936
f 4843/381/1942 4847/381/1940 4854/381/1936
f 4801/381/1918 4855/381/2260 4847/381/1940
f 4801/381/1918 4798/381/1913 4855/381/2260
f 4855/381/2260 4781/381/1900 4853/381/1937
f 4855/381/2260 4784/381/1904 4781/381/1900
f 4798/381/1913 4784/381/1904 4855/381/2260
f 4842/381/2161 4843/381/1942 4854/381/1936
f 4842/381/2161 4854/381/1936 4856/381/2105
f 4854/381/1936 4857/381/1938 4856/381/2105
f 4854/381/1936 4853/381/1937 4857/381/1938
f 4858/381/2160 4856/381/2105 4857/381/1938
f 4858/381/2160 4857/381/1938 4859/381/2227
f 4859/381/2227 4857/381/1938 4780/381/1899
f 4853/381/1937 4780/381/1899 4857/381/1938
f 4860/381/1933 4858/381/2160 4859/381/2227
f 4860/381/1933 4859/381/2227 4861/381/1983
f 4861/381/1983 4859/381/2227 4862/381/2103
f 4859/381/2227 4780/381/1899 4862/381/2103
f 4861/381/1983 4862/381/2103 4863/381/2201
f 4863/381/2201 4862/381/2103 4776/381/1897
f 4780/381/1899 4776/381/1897 4862/381/2103
f 4863/381/2201 4776/381/1897 4864/381/1980
f 4864/381/1980 4794/381/1917 4863/381/2201
f 4863/381/2201 4794/381/1917 4797/381/2163
f 4863/381/2201 4797/381/2163 4861/381/1983
f 4864/381/1980 4795/381/2172 4794/381/1917
f 4770/381/1891 4795/381/2172 4864/381/1980
f 4776/381/1897 4770/381/1891 4864/381/1980
f 4861/381/1983 4797/381/2163 4802/381/1919
f 4861/381/1983 4802/381/1919 4860/381/1933
f 4841/381/1930 4860/381/1933 4804/381/1922
f 4802/381/1919 4804/381/1922 4860/381/1933
f 4841/381/1930 4858/381/2160 4860/381/1933
f 4841/381/1930 4856/381/2105 4858/381/2160
f 4841/381/1930 4842/381/2161 4856/381/2105
f 4853/381/1937 4781/381/1900 4780/381/1899
f 4808/381/2107 4841/381/1930 4804/381/1922
f 4820/381/2205 4838/381/1964 4817/381/2116
f 4838/381/1964 4820/381/2205 4822/381/1963
f 4838/381/1964 4810/381/1927 4817/381/2116
f 4813/381/2115 4814/381/2257 4833/381/2113
f 4820/381/2205 4817/381/2116 4818/381/2258
f 4811/381/1968 4817/381/2116 4810/381/1927
f 4798/381/1913 4792/381/1912 4784/381/1904
f 4783/381/1905 4784/381/1904 4792/381/1912
f 4871/381/1985 4865/381/1986 4866/381/1987
f 4867/381/2261 4866/381/1987 4865/381/1986
f 4868/381/2232 4867/381/2261 4865/381/1986
f 4868/381/2232 4865/381/1986 4869/381/2233
f 4870/381/2125 4869/381/2233 4865/381/1986
f 4871/381/1985 4870/381/2125 4865/381/1986
f 4871/381/1985 4875/381/1999 4870/381/2125
f 4872/381/1994 4871/381/1985 4866/381/1987
f 4873/381/1995 4871/381/1985 4872/381/1994
f 4873/381/1995 4874/381/1992 4871/381/1985
f 4871/381/1985 4874/381/1992 4875/381/1999
f 4876/381/1998 4875/381/1999 4874/381/1992
f 4877/381/2000 4875/381/1999 4876/381/1998
f 4877/381/2000 4878/381/2001 4875/381/1999
f 4870/381/2125 4875/381/1999 4878/381/2001
f 4880/381/2234 4878/381/2001 4879/381/2003
f 4879/381/2003 4878/381/2001 4877/381/2000
f 4870/381/2125 4878/381/2001 4880/381/2234
f 4880/381/2234 4879/381/2003 4881/381/2004
f 4880/381/2234 4881/381/2004 4882/381/2005
f 4880/381/2234 4882/381/2005 4869/381/2233
f 4870/381/2125 4880/381/2234 4869/381/2233
f 4882/381/2005 4881/381/2004 4883/381/2006
f 4882/381/2005 4883/381/2006 4884/381/2007
f 4884/381/2007 4885/381/2008 4882/381/2005
f 4885/381/2008 4869/381/2233 4882/381/2005
f 4885/381/2008 4868/381/2232 4869/381/2233
f 4868/381/2232 4885/381/2008 4886/381/2009
f 4886/381/2009 4885/381/2008 4887/381/2262
f 4884/381/2007 4887/381/2262 4885/381/2008
f 4886/381/2009 4887/381/2262 4888/381/2011
f 4888/381/2011 4887/381/2262 4889/381/2012
f 4890/381/2013 4889/381/2012 4887/381/2262
f 4890/381/2013 4887/381/2262 4884/381/2007
f 4892/381/2014 4889/381/2012 4890/381/2013
f 4884/381/2007 4891/381/2128 4890/381/2013
f 4891/381/2128 4892/381/2014 4890/381/2013
f 4893/381/2018 4896/381/2019 4892/381/2014
f 4891/381/2128 4893/381/2018 4892/381/2014
f 4892/381/2014 4894/381/2072 4889/381/2012
f 4895/381/2074 4894/381/2072 4892/381/2014
f 4895/381/2074 4892/381/2014 4896/381/2019
f 4897/381/2076 4895/381/2074 4896/381/2019
f 4897/381/2076 4896/381/2019 4898/381/2024
f 4899/381/2143 4898/381/2024 4896/381/2019
f 4893/381/2018 4899/381/2143 4896/381/2019
f 4899/381/2143 4903/381/2144 4898/381/2024
f 4901/381/2021 4899/381/2143 4893/381/2018
f 4899/381/2143 4900/381/2145 4902/381/2025
f 4901/381/2021 4900/381/2145 4899/381/2143
f 4899/381/2143 4902/381/2025 4903/381/2144
f 4903/381/2144 4902/381/2025 4904/381/2250
f 4903/381/2144 4906/381/2184 4898/381/2024
f 4903/381/2144 4904/381/2250 4905/381/2032
f 4903/381/2144 4905/381/2032 4906/381/2184
f 4906/381/2184 4905/381/2032 4907/381/2183
f 4906/381/2184 4907/381/2183 4908/381/2078
f 4908/381/2078 4909/381/2077 4906/381/2184
f 4906/381/2184 4909/381/2077 4897/381/2076
f 4906/381/2184 4897/381/2076 4898/381/2024
f 4908/381/2078 4910/381/2138 4909/381/2077
f 4911/381/2042 4909/381/2077 4910/381/2138
f 4897/381/2076 4909/381/2077 4911/381/2042
f 4911/381/2042 4910/381/2138 4912/381/2040
f 4913/381/2254 4911/381/2042 4912/381/2040
f 4913/381/2254 4914/381/2241 4911/381/2042
f 4911/381/2042 4914/381/2241 4915/381/2041
f 4911/381/2042 4915/381/2041 4916/381/2073
f 4897/381/2076 4911/381/2042 4916/381/2073
f 4895/381/2074 4897/381/2076 4916/381/2073
f 4895/381/2074 4916/381/2073 4917/381/2146
f 4916/381/2073 4918/381/2147 4917/381/2146
f 4916/381/2073 4915/381/2041 4918/381/2147
f 4918/381/2147 4922/381/2064 4919/381/2215
f 4918/381/2147 4919/381/2215 4920/381/2263
f 4918/381/2147 4920/381/2263 4917/381/2146
f 4921/381/2148 4918/381/2147 4915/381/2041
f 4918/381/2147 4921/381/2148 4922/381/2064
f 4919/381/2215 4922/381/2064 4923/381/2062
f 4923/381/2062 4922/381/2064 4924/381/2067
f 4924/381/2067 4922/381/2064 4921/381/2148
f 4923/381/2062 4924/381/2067 4925/381/2063
f 4924/381/2067 4927/381/2017 4925/381/2063
f 4924/381/2067 4901/381/2021 4927/381/2017
f 4926/381/2214 4901/381/2021 4924/381/2067
f 4924/381/2067 4921/381/2148 4926/381/2214
f 4927/381/2017 4901/381/2021 4893/381/2018
f 4927/381/2017 4893/381/2018 4891/381/2128
f 4928/381/2235 4927/381/2017 4891/381/2128
f 4927/381/2017 4928/381/2235 4929/381/2066
f 4927/381/2017 4929/381/2066 4925/381/2063
f 4932/381/2058 4929/381/2066 4930/381/2080
f 4928/381/2235 4930/381/2080 4929/381/2066
f 4931/381/2059 4925/381/2063 4929/381/2066
f 4932/381/2058 4931/381/2059 4929/381/2066
f 4931/381/2059 4932/381/2058 4933/381/2057
f 4934/381/2130 4932/381/2058 4930/381/2080
f 4933/381/2057 4932/381/2058 4934/381/2130
f 4876/381/1998 4935/381/2264 4934/381/2130
f 4876/381/1998 4934/381/2130 4877/381/2000
f 4934/381/2130 4930/381/2080 4877/381/2000
f 4936/381/2185 4934/381/2130 4935/381/2264
f 4933/381/2057 4934/381/2130 4936/381/2185
f 4936/381/2185 4935/381/2264 4937/381/2236
f 4937/381/2236 4938/381/2053 4936/381/2185
f 4936/381/2185 4886/381/2009 4933/381/2057
f 4936/381/2185 4938/381/2053 4886/381/2009
f 4937/381/2236 4939/381/2186 4938/381/2053
f 4868/381/2232 4886/381/2009 4938/381/2053
f 4867/381/2261 4868/381/2232 4938/381/2053
f 4867/381/2261 4938/381/2053 4939/381/2186
f 4940/381/2052 4867/381/2261 4939/381/2186
f 4939/381/2186 4937/381/2236 4942/381/2133
f 4940/381/2052 4939/381/2186 4941/381/2220
f 4939/381/2186 4942/381/2133 4941/381/2220
f 4943/381/2045 4941/381/2220 4942/381/2133
f 4943/381/2045 4942/381/2133 4944/381/2134
f 4945/381/2048 4944/381/2134 4942/381/2133
f 4937/381/2236 4945/381/2048 4942/381/2133
f 4946/381/2037 4945/381/2048 4947/381/1997
f 4945/381/2048 4946/381/2037 4944/381/2134
f 4947/381/1997 4945/381/2048 4935/381/2264
f 4937/381/2236 4935/381/2264 4945/381/2048
f 4946/381/2037 4947/381/1997 4948/381/1996
f 4874/381/1992 4948/381/1996 4947/381/1997
f 4876/381/1998 4874/381/1992 4947/381/1997
f 4947/381/1997 4935/381/2264 4876/381/1998
f 4949/381/2036 4946/381/2037 4948/381/1996
f 4949/381/2036 4948/381/1996 4950/381/2035
f 4873/381/1995 4950/381/2035 4948/381/1996
f 4874/381/1992 4873/381/1995 4948/381/1996
f 4951/381/2029 4949/381/2036 4950/381/2035
f 4951/381/2029 4950/381/2035 4952/381/2030
f 4952/381/2030 4950/381/2035 4953/381/2034
f 4873/381/1995 4953/381/2034 4950/381/2035
f 4952/381/2030 4953/381/2034 4904/381/2250
f 4907/381/2183 4953/381/2034 4873/381/1995
f 4907/381/2183 4904/381/2250 4953/381/2034
f 4954/381/2265 4951/381/2029 4952/381/2030
f 4954/381/2265 4952/381/2030 4955/381/2026
f 4902/381/2025 4952/381/2030 4904/381/2250
f 4902/381/2025 4955/381/2026 4952/381/2030
f 4926/381/2214 4954/381/2265 4955/381/2026
f 4900/381/2145 4926/381/2214 4955/381/2026
f 4900/381/2145 4955/381/2026 4902/381/2025
f 4921/381/2148 4915/381/2041 4954/381/2265
f 4954/381/2265 4915/381/2041 4914/381/2241
f 4954/381/2265 4914/381/2241 4951/381/2029
f 4926/381/2214 4921/381/2148 4954/381/2265
f 4914/381/2241 4949/381/2036 4951/381/2029
f 4946/381/2037 4949/381/2036 4913/381/2254
f 4914/381/2241 4913/381/2254 4949/381/2036
f 4946/381/2037 4913/381/2254 4944/381/2134
f 4912/381/2040 4943/381/2045 4944/381/2134
f 4912/381/2040 4944/381/2134 4913/381/2254
f 4943/381/2045 4956/381/2044 4940/381/2052
f 4912/381/2040 4956/381/2044 4943/381/2045
f 4943/381/2045 4940/381/2052 4941/381/2220
f 4940/381/2052 4956/381/2044 4957/381/2266
f 4957/381/2266 4956/381/2044 4910/381/2138
f 4912/381/2040 4910/381/2138 4956/381/2044
f 4940/381/2052 4957/381/2266 4866/381/1987
f 4872/381/1994 4866/381/1987 4957/381/2266
f 4908/381/2078 4872/381/1994 4957/381/2266
f 4957/381/2266 4910/381/2138 4908/381/2078
f 4867/381/2261 4940/381/2052 4866/381/1987
f 4886/381/2009 4958/381/2060 4933/381/2057
f 4931/381/2059 4933/381/2057 4958/381/2060
f 4958/381/2060 4888/381/2011 4960/381/2150
f 4886/381/2009 4888/381/2011 4958/381/2060
f 4923/381/2062 4931/381/2059 4958/381/2060
f 4923/381/2062 4958/381/2060 4959/381/2267
f 4958/381/2060 4960/381/2150 4959/381/2267
f 4919/381/2215 4959/381/2267 4960/381/2150
f 4919/381/2215 4960/381/2150 4920/381/2263
f 4889/381/2012 4920/381/2263 4960/381/2150
f 4888/381/2011 4889/381/2012 4960/381/2150
f 4919/381/2215 4923/381/2062 4959/381/2267
f 4931/381/2059 4923/381/2062 4925/381/2063
f 4879/381/2003 4877/381/2000 4930/381/2080
f 4928/381/2235 4879/381/2003 4930/381/2080
f 4928/381/2235 4891/381/2128 4883/381/2006
f 4879/381/2003 4928/381/2235 4883/381/2006
f 4926/381/2214 4900/381/2145 4901/381/2021
f 4889/381/2012 4894/381/2072 4920/381/2263
f 4894/381/2072 4917/381/2146 4920/381/2263
f 4894/381/2072 4895/381/2074 4917/381/2146
f 4908/381/2078 4907/381/2183 4872/381/1994
f 4907/381/2183 4873/381/1995 4872/381/1994
f 4907/381/2183 4905/381/2032 4904/381/2250
f 4884/381/2007 4883/381/2006 4891/381/2128
f 4879/381/2003 4883/381/2006 4881/381/2004
f 4967/381/1889 4961/381/1890 4962/381/1891
f 4963/381/1892 4962/381/1891 4961/381/1890
f 4964/381/1893 4963/381/1892 4961/381/1890
f 4964/381/1893 4961/381/1890 4965/381/1894
f 4966/381/1895 4965/381/1894 4961/381/1890
f 4967/381/1889 4966/381/1895 4961/381/1890
f 4970/381/1896 4966/381/1895 4967/381/1889
f 4968/381/1897 4967/381/1889 4962/381/1891
f 4969/381/1898 4967/381/1889 4968/381/1897
f 4969/381/1898 4970/381/1896 4967/381/1889
f 4970/381/1896 4971/381/2091 4966/381/1895
f 4972/381/1974 4971/381/2091 4970/381/1896
f 4972/381/1974 4970/381/1896 4973/381/1902
f 4973/381/1902 4970/381/1896 4969/381/1898
f 4973/381/1902 4974/381/2169 4972/381/1974
f 4973/381/1902 4976/381/1903 4974/381/2169
f 4973/381/1902 4969/381/1898 4975/381/1901
f 4975/381/1901 4976/381/1903 4973/381/1902
f 4975/381/1901 4979/381/2174 4976/381/1903
f 4977/381/1908 4974/381/2169 4976/381/1903
f 4977/381/1908 4976/381/1903 4978/381/2197
f 4978/381/2197 4976/381/1903 4979/381/2174
f 4978/381/2197 4979/381/2174 4980/381/2199
f 4982/381/1904 4979/381/2174 4975/381/1901
f 4979/381/2174 4981/381/2099 4980/381/2199
f 4979/381/2174 4982/381/1904 4981/381/2099
f 4982/381/1904 4975/381/1901 4983/381/1900
f 4984/381/2110 4981/381/2099 4982/381/1904
f 4985/381/1939 4982/381/1904 4983/381/1900
f 4984/381/2110 4982/381/1904 4985/381/1939
f 4987/381/2111 4984/381/2110 4985/381/1939
f 4985/381/1939 4983/381/1900 4986/381/2268
f 4988/381/1940 4985/381/1939 4986/381/2268
f 4987/381/2111 4985/381/1939 4988/381/1940
f 4988/381/1940 4986/381/2268 4989/381/1936
f 4990/381/1942 4988/381/1940 4989/381/1936
f 4990/381/1942 4991/381/2176 4988/381/1940
f 4991/381/2176 4987/381/2111 4988/381/1940
f 4992/381/1943 4991/381/2176 4990/381/1942
f 4992/381/1943 4993/381/2195 4991/381/2176
f 4994/381/2223 4991/381/2176 4993/381/2195
f 4991/381/2176 4994/381/2223 4987/381/2111
f 4994/381/2223 4993/381/2195 4995/381/2180
f 4987/381/2111 4994/381/2223 4997/381/1921
f 4994/381/2223 4995/381/2180 4996/381/2269
f 4994/381/2223 4996/381/2269 4997/381/1921
f 4987/381/2111 4997/381/1921 4998/381/2270
f 4999/381/2109 4998/381/2270 4997/381/1921
f 5000/381/1923 4999/381/2109 4997/381/1921
f 5000/381/1923 4997/381/1921 4996/381/2269
f 4999/381/2109 5000/381/1923 5001/381/1924
f 5001/381/1924 5000/381/1923 5002/381/1925
f 5003/381/1948 5002/381/1925 5000/381/1923
f 5003/381/1948 5000/381/1923 4996/381/2269
f 5004/381/2259 5005/381/2114 5003/381/1948
f 4995/381/2180 5004/381/2259 5003/381/1948
f 4995/381/2180 5003/381/1948 4996/381/2269
f 5005/381/2114 5002/381/1925 5003/381/1948
f 5004/381/2259 5006/381/2113 5005/381/2114
f 5008/381/2115 5005/381/2114 5006/381/2113
f 5005/381/2114 5007/381/1953 5002/381/1925
f 5008/381/2115 5007/381/1953 5005/381/2114
f 5008/381/2115 5009/381/2271 5007/381/1953
f 5008/381/2115 5006/381/2113 5011/381/2222
f 4964/381/1893 5009/381/2271 5008/381/2115
f 4964/381/1893 5008/381/2115 5010/381/2272
f 5010/381/2272 5008/381/2115 5011/381/2222
f 5010/381/2272 5011/381/2222 5012/381/1957
f 5013/381/1958 5012/381/1957 5011/381/2222
f 5014/381/2178 5013/381/1958 5011/381/2222
f 5014/381/2178 5011/381/2222 5006/381/2113
f 5013/381/1958 5014/381/2178 5017/381/2179
f 5015/381/2123 5014/381/2178 5006/381/2113
f 5014/381/2178 5015/381/2123 5016/381/1961
f 5014/381/2178 5016/381/1961 5017/381/2179
f 5013/381/1958 5017/381/2179 5018/381/1963
f 5019/381/1964 5018/381/1963 5017/381/2179
f 5020/381/1931 5019/381/1964 5017/381/2179
f 5020/381/1931 5017/381/2179 5016/381/1961
f 4992/381/1943 5021/381/1929 5020/381/1931
f 4992/381/1943 5020/381/1931 5016/381/1961
f 5020/381/1931 5021/381/1929 5022/381/2107
f 5020/381/1931 5022/381/2107 5023/381/2248
f 5019/381/1964 5020/381/1931 5023/381/2248
f 5023/381/2248 5022/381/2107 5001/381/1924
f 5023/381/2248 5001/381/1924 5024/381/1926
f 5025/381/1968 5023/381/2248 5024/381/1926
f 5025/381/1968 5026/381/2116 5023/381/2248
f 5019/381/1964 5023/381/2248 5026/381/2116
f 5027/381/1967 5026/381/2116 5025/381/1968
f 5027/381/1967 5028/381/1969 5026/381/2116
f 5029/381/2205 5026/381/2116 5028/381/1969
f 5029/381/2205 5019/381/1964 5026/381/2116
f 5018/381/1963 5029/381/2205 5030/381/1971
f 5031/381/2206 5030/381/1971 5029/381/2205
f 5031/381/2206 5029/381/2205 5028/381/1969
f 5019/381/1964 5029/381/2205 5018/381/1963
f 5031/381/2206 5028/381/1969 5027/381/1967
f 5031/381/2206 5027/381/1967 4965/381/1894
f 4966/381/1895 5031/381/2206 4965/381/1894
f 4966/381/1895 5030/381/1971 5031/381/2206
f 4966/381/1895 4971/381/2091 5030/381/1971
f 5018/381/1963 5030/381/1971 5032/381/1972
f 5032/381/1972 5030/381/1971 4971/381/2091
f 5033/381/2120 5018/381/1963 5032/381/1972
f 4972/381/1974 5033/381/2120 5032/381/1972
f 5032/381/1972 4971/381/2091 4972/381/1974
f 5013/381/1958 5033/381/2120 5012/381/1957
f 5033/381/2120 5013/381/1958 5018/381/1963
f 5012/381/1957 5033/381/2120 4974/381/2169
f 4972/381/1974 4974/381/2169 5033/381/2120
f 5025/381/1968 5009/381/2271 5027/381/1967
f 5027/381/1967 5009/381/2271 4964/381/1893
f 5027/381/1967 4964/381/1893 4965/381/1894
f 5024/381/1926 5007/381/1953 5025/381/1968
f 5025/381/1968 5007/381/1953 5009/381/2271
f 5024/381/1926 5002/381/1925 5007/381/1953
f 5001/381/1924 5002/381/1925 5024/381/1926
f 5022/381/2107 5034/381/1930 5035/381/1922
f 5021/381/1929 5034/381/1930 5022/381/2107
f 5022/381/2107 5035/381/1922 5001/381/1924
f 4999/381/2109 5001/381/1924 5035/381/1922
f 5036/381/1919 4999/381/2109 5035/381/1922
f 5036/381/1919 5035/381/1922 5037/381/2104
f 5034/381/1930 5037/381/2104 5035/381/1922
f 5038/381/1983 5036/381/1919 5037/381/2104
f 5039/381/2160 5038/381/1983 5037/381/2104
f 5034/381/1930 5039/381/2160 5037/381/2104
f 5039/381/2160 5042/381/1984 5038/381/1983
f 5034/381/1930 5040/381/2273 5039/381/2160
f 5039/381/2160 5040/381/2273 5041/381/1938
f 5039/381/2160 5041/381/1938 5042/381/1984
f 5042/381/1984 5041/381/1938 5043/381/1899
f 5042/381/1984 5043/381/1899 5044/381/2103
f 5038/381/1983 5042/381/1984 5044/381/2103
f 5045/381/2201 5044/381/2103 4968/381/1897
f 5043/381/1899 4968/381/1897 5044/381/2103
f 5038/381/1983 5044/381/2103 5045/381/2201
f 5045/381/2201 4968/381/1897 5046/381/1980
f 5046/381/1980 5048/381/1917 5045/381/2201
f 5045/381/2201 5047/381/2163 5038/381/1983
f 5045/381/2201 5048/381/1917 5047/381/2163
f 5050/381/1914 5047/381/2163 5048/381/1917
f 5046/381/1980 5049/381/2172 5048/381/1917
f 5051/381/2173 5048/381/1917 5049/381/2172
f 5050/381/1914 5048/381/1917 5051/381/2173
f 4981/381/2099 5050/381/1914 5051/381/2173
f 5051/381/2173 5049/381/2172 5052/381/1910
f 5051/381/2173 4980/381/2199 4981/381/2099
f 5051/381/2173 5052/381/1910 4980/381/2199
f 5052/381/1910 5054/381/1978 4978/381/2197
f 5052/381/1910 4978/381/2197 4980/381/2199
f 5052/381/1910 5049/381/2172 5053/381/1977
f 5052/381/1910 5053/381/1977 5054/381/1978
f 5053/381/1977 5055/381/1976 5054/381/1978
f 5054/381/1978 4977/381/1908 4978/381/2197
f 5054/381/1978 5055/381/1976 4977/381/1908
f 5053/381/1977 4963/381/1892 5055/381/1976
f 5055/381/1976 5012/381/1957 4977/381/1908
f 5055/381/1976 5010/381/2272 5012/381/1957
f 4963/381/1892 5010/381/2272 5055/381/1976
f 4963/381/1892 5053/381/1977 4962/381/1891
f 5053/381/1977 5046/381/1980 4962/381/1891
f 5053/381/1977 5049/381/2172 5046/381/1980
f 4998/381/2270 5047/381/2163 5050/381/1914
f 4984/381/2110 4998/381/2270 5050/381/1914
f 4981/381/2099 4984/381/2110 5050/381/1914
f 5038/381/1983 5047/381/2163 5036/381/1919
f 4998/381/2270 5036/381/1919 5047/381/2163
f 4968/381/1897 4962/381/1891 5046/381/1980
f 4969/381/1898 5043/381/1899 4983/381/1900
f 5043/381/1899 4969/381/1898 4968/381/1897
f 4986/381/2268 4983/381/1900 5043/381/1899
f 4986/381/2268 5043/381/1899 5041/381/1938
f 5040/381/2273 4986/381/2268 5041/381/1938
f 5056/381/1935 4989/381/1936 5040/381/2273
f 5034/381/1930 5056/381/1935 5040/381/2273
f 5040/381/2273 4989/381/1936 4986/381/2268
f 5021/381/1929 5056/381/1935 5034/381/1930
f 4990/381/1942 5056/381/1935 5021/381/1929
f 5056/381/1935 4990/381/1942 4989/381/1936
f 4999/381/2109 5036/381/1919 4998/381/2270
f 4990/381/1942 5021/381/1929 4992/381/1943
f 5015/381/2123 4992/381/1943 5016/381/1961
f 5015/381/2123 4993/381/2195 4992/381/1943
f 4995/381/2180 4993/381/2195 5015/381/2123
f 4995/381/2180 5015/381/2123 5004/381/2259
f 5015/381/2123 5006/381/2113 5004/381/2259
f 5012/381/1957 4974/381/2169 4977/381/1908
f 4963/381/1892 4964/381/1893 5010/381/2272
f 4984/381/2110 4987/381/2111 4998/381/2270
f 4969/381/1898 4983/381/1900 4975/381/1901
f 5058/381/2274 5062/381/2275 5057/381/2276
f 5058/381/2274 5057/381/2276 5059/381/2277
f 5061/381/2278 5060/381/2279 5057/381/2276
f 5061/381/2278 5057/381/2276 5062/381/2275
f 5062/381/2275 5065/381/2280 5061/381/2278
f 5062/381/2275 5058/381/2274 5063/381/2281
f 5062/381/2275 5063/381/2281 5064/381/2282
f 5062/381/2275 5064/381/2282 5065/381/2280
f 5064/381/2282 5066/381/2283 5065/381/2280
f 5067/381/2284 5065/381/2280 5066/381/2283
f 5068/381/2285 5061/381/2278 5065/381/2280
f 5067/381/2284 5068/381/2285 5065/381/2280
f 5068/381/2285 5067/381/2284 5069/381/2286
f 5068/381/2285 5071/381/2287 5061/381/2278
f 5068/381/2285 5069/381/2286 5070/381/2288
f 5071/381/2287 5068/381/2285 5070/381/2288
f 5071/381/2287 5070/381/2288 5073/381/2289
f 5071/381/2287 5060/381/2279 5061/381/2278
f 5071/381/2287 5072/381/2290 5060/381/2279
f 5073/381/2289 5072/381/2290 5071/381/2287
f 5073/381/2289 5074/381/2291 5072/381/2290
f 5075/381/2292 5073/381/2289 5070/381/2288
f 5076/381/2293 5074/381/2291 5073/381/2289
f 5076/381/2293 5073/381/2289 5075/381/2292
f 5077/381/2294 5076/381/2293 5075/381/2292
f 5077/381/2294 5075/381/2292 5078/381/2295
f 5078/381/2295 5079/381/2296 5077/381/2294
f 5078/381/2295 5080/381/2297 5079/381/2296
f 5059/381/2277 5079/381/2296 5080/381/2297
f 5059/381/2277 5080/381/2297 5058/381/2274
f 5058/381/2274 5080/381/2297 5081/381/2298
f 5082/381/2299 5081/381/2298 5080/381/2297
f 5082/381/2299 5080/381/2297 5078/381/2295
f 5078/381/2295 5083/381/2300 5082/381/2299
f 5082/381/2299 5083/381/2300 5084/381/2301
f 5082/381/2299 5084/381/2301 5085/381/2302
f 5082/381/2299 5085/381/2302 5086/381/2303
f 5082/381/2299 5086/381/2303 5081/381/2298
f 5088/381/2304 5081/381/2298 5086/381/2303
f 5085/381/2302 5087/381/2305 5086/381/2303
f 5089/381/2306 5086/381/2303 5087/381/2305
f 5089/381/2306 5088/381/2304 5086/381/2303
f 5093/381/2307 5088/381/2304 5089/381/2306
f 5090/381/2308 5089/381/2306 5087/381/2305
f 5092/381/2309 5089/381/2306 5090/381/2308
f 5093/381/2307 5089/381/2306 5091/381/2310
f 5092/381/2309 5091/381/2310 5089/381/2306
f 5064/381/2282 5088/381/2304 5093/381/2307
f 5064/381/2282 5093/381/2307 5066/381/2283
f 5091/381/2310 5066/381/2283 5093/381/2307
f 5092/381/2309 5094/381/2311 5095/381/2312
f 5092/381/2309 5095/381/2312 5091/381/2310
f 5067/381/2284 5066/381/2283 5095/381/2312
f 5067/381/2284 5095/381/2312 5096/381/2313
f 5096/381/2313 5095/381/2312 5094/381/2311
f 5091/381/2310 5095/381/2312 5066/381/2283
f 5096/381/2313 5097/381/2314 5069/381/2286
f 5098/381/2315 5097/381/2314 5096/381/2313
f 5096/381/2313 5094/381/2311 5098/381/2315
f 5096/381/2313 5069/381/2286 5067/381/2284
f 5098/381/2315 5099/381/2316 5097/381/2314
f 5100/381/2317 5097/381/2314 5099/381/2316
f 5100/381/2317 5101/381/2318 5097/381/2314
f 5102/381/2319 5101/381/2318 5100/381/2317
f 5102/381/2319 5103/381/2320 5101/381/2318
f 5103/381/2320 5102/381/2319 5104/381/2321
f 5103/381/2320 5104/381/2321 5087/381/2305
f 5090/381/2308 5087/381/2305 5104/381/2321
f 5085/381/2302 5103/381/2320 5087/381/2305
f 5103/381/2320 5085/381/2302 5084/381/2301
f 5103/381/2320 5084/381/2301 5101/381/2318
f 5084/381/2301 5097/381/2314 5101/381/2318
f 5084/381/2301 5069/381/2286 5097/381/2314
f 5064/381/2282 5063/381/2281 5088/381/2304
f 5088/381/2304 5063/381/2281 5081/381/2298
f 5083/381/2300 5069/381/2286 5084/381/2301
f 5075/381/2292 5070/381/2288 5083/381/2300
f 5078/381/2295 5075/381/2292 5083/381/2300
f 5083/381/2300 5070/381/2288 5069/381/2286
f 5058/381/2274 5081/381/2298 5063/381/2281
f 2/1/1 4/7/1 14/2/2
f 23/42/3 14/382/3 4/4/3
f 8/5/3 15/39/3 24/383/3
f 8/5/3 24/383/3 25/384/3
f 21/385/3 23/42/3 4/4/3
f 8/5/3 25/384/3 22/6/3
f 22/6/3 21/385/3 4/4/3
f 8/7/4 6/386/4 16/8/5
f 27/387/6 29/36/6 16/388/6
f 2/10/6 13/389/6 28/390/6
f 2/10/6 28/390/6 30/391/6
f 27/387/6 16/388/6 6/9/6
f 2/10/6 30/391/6 26/11/6
f 26/11/6 27/387/6 6/9/6
f 7/12/7 5/392/7 1/13/7
f 4/15/8 2/12/8 6/14/8
f 36/19/6 31/393/6 9/17/6
f 9/17/6 20/394/6 35/18/6
f 33/22/6 34/395/6 19/20/6
f 19/20/6 12/26/6 32/21/6
f 11/23/9 12/38/9 19/24/10
f 42/28/3 38/396/3 11/26/3
f 11/26/3 18/397/3 41/27/3
f 39/31/3 40/398/3 17/29/3
f 17/29/3 10/41/3 37/30/3
f 9/32/11 10/23/11 17/25/12
f 28/390/6 13/389/6 9/17/6
f 9/17/6 31/393/6 45/34/6
f 46/35/6 28/390/6 9/17/6
f 44/399/6 32/21/6 12/26/6
f 12/26/6 16/388/6 29/36/6
f 43/37/6 44/399/6 12/26/6
f 15/2/5 16/8/5 12/38/13
f 49/400/3 24/383/3 15/39/3
f 11/26/3 38/396/3 50/40/3
f 50/40/3 49/400/3 15/39/3
f 47/401/3 37/30/3 10/41/3
f 10/41/3 14/382/3 23/42/3
f 48/43/3 47/401/3 10/41/3
f 13/3/2 14/2/2 10/23/14
f 20/33/12 17/25/12 3/44/15
f 53/402/3 41/27/3 18/397/3
f 3/47/3 17/29/3 40/398/3
f 3/47/3 40/398/3 51/403/3
f 53/402/3 18/397/3 7/46/3
f 3/47/3 51/403/3 52/48/3
f 52/48/3 53/402/3 7/46/3
f 18/25/10 19/24/10 5/49/16
f 56/404/6 35/18/6 20/394/6
f 5/51/6 19/20/6 34/395/6
f 5/51/6 34/395/6 54/405/6
f 56/404/6 20/394/6 1/50/6
f 5/51/6 54/405/6 55/52/6
f 55/52/6 56/404/6 1/50/6
f 46/74/27 48/73/26 23/53/17
f 23/53/17 21/386/17 30/54/17
f 28/55/17 46/74/27 23/53/17
f 25/56/7 27/406/7 26/57/7
f 32/59/18 44/80/18 50/407/18
f 38/60/18 42/408/19 33/61/19
f 32/59/18 50/407/18 38/60/18
f 29/64/20 27/76/20 25/409/20
f 24/62/20 49/79/29 43/63/21
f 29/64/20 25/409/20 24/62/20
f 22/58/7 26/57/7 30/16/7
f 37/68/22 47/410/22 45/72/22
f 31/66/22 36/411/23 39/67/23
f 37/68/22 45/72/22 31/66/22
f 34/69/24 33/61/19 42/408/19
f 41/70/24 53/412/24 54/71/24
f 34/69/24 42/408/19 41/70/24
f 45/72/25 47/410/25 48/73/26
f 40/77/28 39/67/23 36/411/23
f 35/75/28 56/409/28 51/76/28
f 40/77/28 36/411/23 35/75/28
f 53/78/8 52/81/8 55/58/8
f 49/79/29 50/407/30 44/80/30
f 52/81/8 51/413/8 56/56/8
f 70/82/2 60/414/1 58/83/1
f 64/85/8 62/415/8 80/86/8
f 67/88/9 68/115/9 74/89/10
f 80/141/3 81/416/3 83/91/3
f 83/91/3 82/417/3 69/92/3
f 58/93/3 80/141/3 83/91/3
f 62/94/4 64/414/4 72/82/31
f 80/86/8 58/418/8 60/96/8
f 65/99/3 84/419/3 85/97/3
f 85/97/3 86/420/3 76/98/3
f 64/102/6 78/138/6 88/421/6
f 89/100/6 87/131/6 72/101/6
f 64/102/6 88/421/6 89/100/6
f 79/123/3 91/422/3 90/103/3
f 90/103/3 92/114/3 75/104/3
f 61/105/3 79/123/3 90/103/3
f 73/89/12 66/115/11 65/106/11
f 65/99/3 69/92/3 82/417/3
f 65/99/3 82/417/3 94/108/3
f 93/109/3 84/419/3 65/99/3
f 75/90/10 74/89/10 63/110/16
f 95/112/3 96/423/3 67/113/3
f 67/113/3 75/104/3 92/114/3
f 66/115/14 70/82/2 69/84/2
f 59/110/15 73/89/12 76/107/12
f 74/119/6 68/130/6 99/117/6
f 98/118/6 97/424/6 74/119/6
f 77/120/7 79/87/7 61/96/7
f 76/98/3 86/420/3 100/122/3
f 100/122/3 91/422/3 79/123/3
f 57/124/3 76/98/3 100/122/3
f 73/126/6 103/425/6 102/125/6
f 102/125/6 101/426/6 66/99/6
f 66/99/6 101/426/6 104/427/6
f 106/127/6 105/428/6 70/128/6
f 66/99/6 104/427/6 106/127/6
f 108/429/6 99/117/6 68/130/6
f 68/130/6 72/101/6 87/131/6
f 107/129/6 108/429/6 68/130/6
f 67/88/13 71/95/5 72/82/31
f 67/113/3 96/423/3 110/430/3
f 109/132/3 111/431/3 71/133/3
f 67/113/3 110/430/3 109/132/3
f 63/136/6 74/119/6 97/424/6
f 113/134/6 112/432/6 77/135/6
f 63/136/6 97/424/6 113/134/6
f 60/139/6 70/128/6 105/428/6
f 114/137/6 88/421/6 78/138/6
f 60/139/6 105/428/6 114/137/6
f 71/133/3 111/431/3 115/140/3
f 115/140/3 81/416/3 80/141/3
f 62/142/3 71/133/3 115/140/3
f 57/85/7 79/87/7 77/120/7
f 59/145/6 77/135/6 112/432/6
f 116/144/6 103/425/6 73/126/6
f 59/145/6 112/432/6 116/144/6
f 82/148/32 83/110/32 114/116/32
f 105/146/32 106/161/33 94/147/33
f 82/148/32 114/116/32 105/146/32
f 115/149/7 89/165/7 88/150/7
f 96/152/34 95/158/41 98/433/41
f 99/153/34 108/434/34 110/154/34
f 96/152/34 98/433/41 99/153/34
f 89/111/35 115/110/35 111/148/35
f 111/148/35 109/147/36 107/155/36
f 87/156/35 89/111/35 111/148/35
f 88/150/7 114/435/7 83/143/7
f 93/154/39 104/436/37 101/157/37
f 101/157/37 102/437/2322 85/158/38
f 85/158/38 84/152/2323 93/154/39
f 95/158/41 92/438/2324 90/159/40
f 90/159/40 113/439/40 97/160/40
f 97/160/40 98/433/41 95/158/41
f 106/161/33 104/436/42 93/154/42
f 85/158/38 102/437/2322 103/162/43
f 103/162/43 116/440/43 100/159/43
f 100/159/43 86/438/2325 85/158/38
f 113/163/8 90/435/8 91/150/8
f 110/154/44 108/434/44 107/155/36
f 112/164/8 91/150/8 100/165/8
f 118/167/45 120/441/45 130/168/46
f 140/170/8 122/442/8 124/171/8
f 134/173/47 128/196/48 127/174/48
f 143/176/6 140/211/6 118/177/6
f 132/168/49 124/441/50 122/179/50
f 120/181/8 118/443/8 140/170/8
f 141/182/6 125/192/6 136/183/6
f 144/185/3 138/444/3 124/186/3
f 121/188/6 135/195/6 146/184/6
f 125/190/51 126/196/51 133/173/52
f 141/182/6 143/176/6 129/178/6
f 123/193/53 134/173/47 135/175/47
f 135/195/6 127/445/6 141/182/6
f 129/169/46 130/168/46 126/196/54
f 136/191/52 133/173/52 119/193/55
f 134/198/3 145/205/3 142/199/3
f 121/181/7 139/172/7 137/201/7
f 146/184/6 136/183/6 117/203/6
f 133/204/3 126/192/3 142/199/3
f 130/206/3 144/185/3 142/199/3
f 142/199/3 144/185/3 132/187/3
f 128/196/56 132/168/49 131/180/49
f 141/182/6 127/445/6 131/207/6
f 123/208/3 137/214/3 145/205/3
f 120/209/3 138/444/3 144/185/3
f 143/176/6 131/207/6 122/210/6
f 137/201/7 139/172/7 117/171/7
f 119/213/3 133/204/3 145/205/3
f 147/215/57 148/223/2326 154/216/58
f 147/218/60 149/221/64 157/219/61
f 147/218/60 150/218/65 183/221/63
f 151/217/59 153/217/100 150/215/65
f 185/222/66 153/217/100 151/217/59
f 154/216/58 155/226/126 152/222/67
f 148/223/68 157/227/73 156/224/69
f 154/216/70 156/224/69 158/225/71
f 157/227/73 160/230/76 159/228/74
f 156/224/69 159/228/74 161/229/75
f 160/230/76 163/233/79 162/231/77
f 159/228/74 162/231/77 164/232/78
f 163/233/79 166/237/78 165/234/75
f 162/231/77 165/234/75 167/235/78
f 169/236/80 168/238/83 165/234/81
f 168/238/83 171/239/87 167/235/84
f 212/236/85 170/238/86 168/238/83
f 170/238/86 173/239/88 171/239/87
f 173/239/88 174/240/92 172/240/89
f 171/239/87 172/240/89 203/241/90
f 175/242/91 177/245/95 174/240/92
f 178/243/93 175/242/91 173/239/88
f 176/244/94 188/256/103 177/245/95
f 180/246/96 176/244/94 175/242/91
f 181/247/97 180/246/96 178/243/93
f 179/248/98 178/243/93 170/238/86
f 183/249/63 182/250/99 180/246/96
f 182/250/99 184/253/101 176/244/94
f 150/251/65 153/252/100 182/250/99
f 153/252/100 185/254/66 184/253/101
f 185/254/66 189/258/105 186/255/102
f 184/253/101 186/255/102 188/256/103
f 186/255/102 187/259/106 209/257/104
f 189/258/105 191/288/107 187/259/106
f 191/260/107 189/261/105 190/261/108
f 189/261/105 185/222/66 152/222/67
f 194/262/110 187/262/106 191/263/107
f 199/264/111 193/272/113 192/260/109
f 196/265/112 194/262/110 192/263/109
f 195/267/114 209/267/104 187/262/106
f 197/268/115 195/267/114 194/262/110
f 198/269/116 200/273/78 197/270/78
f 199/264/117 198/269/116 196/271/78
f 158/225/71 161/229/75 200/273/78
f 155/226/72 158/225/71 198/269/116
f 161/229/75 164/232/78 201/274/78
f 200/273/78 201/274/78 202/275/78
f 164/232/78 167/235/78 203/241/78
f 201/274/78 203/241/78 204/276/78
f 203/241/90 172/240/89 205/277/118
f 205/277/120 206/279/124 202/278/121
f 205/277/120 207/277/125 208/279/123
f 172/240/89 174/240/92 207/277/125
f 177/245/95 208/280/123 207/277/125
f 206/279/124 208/279/123 209/267/104
f 188/256/103 209/257/104 208/280/123
f 202/278/121 206/279/124 195/267/114
f 155/226/126 199/264/111 190/261/108
f 149/221/64 183/221/63 181/281/97
f 210/281/127 181/281/97 179/282/98
f 157/219/61 149/221/64 210/281/127
f 160/283/129 210/281/127 211/282/128
f 211/282/128 179/282/98 212/236/85
f 163/284/130 211/282/128 169/236/80
f 214/220/131 213/218/137 215/221/132
f 214/223/134 220/216/140 217/217/135
f 213/218/137 216/218/163 249/221/138
f 219/217/139 216/215/163 213/215/136
f 220/216/140 221/226/185 218/222/141
f 251/222/142 219/217/139 217/217/135
f 214/223/143 223/227/143 222/224/143
f 220/216/143 222/224/143 224/225/143
f 223/227/143 226/230/143 225/228/143
f 222/224/143 225/228/143 227/229/143
f 226/230/143 229/233/143 228/231/143
f 225/228/143 228/231/143 230/232/143
f 229/233/143 232/237/143 231/234/143
f 228/231/143 231/234/143 233/235/143
f 235/236/144 234/238/147 231/234/145
f 234/238/147 237/239/151 233/235/148
f 278/236/149 236/238/150 234/238/147
f 236/238/150 239/239/153 237/239/151
f 237/239/151 238/240/154 269/241/152
f 239/239/153 240/240/156 238/240/154
f 241/242/155 243/245/159 240/240/156
f 244/243/157 241/242/155 239/239/153
f 246/246/158 242/244/159 241/242/155
f 242/244/159 254/256/164 243/245/159
f 245/248/160 244/243/157 236/238/150
f 247/247/161 246/246/158 244/243/157
f 249/249/138 248/250/162 246/246/158
f 248/250/162 250/253/162 242/244/159
f 216/251/163 219/252/139 248/250/162
f 219/252/139 251/254/142 250/253/162
f 251/254/142 255/258/165 252/255/155
f 250/253/162 252/255/155 254/256/164
f 255/258/165 257/288/169 253/259/166
f 252/255/155 253/259/166 275/257/167
f 255/261/165 251/222/142 218/222/141
f 257/260/169 255/261/165 256/261/168
f 260/262/171 253/262/166 257/263/169
f 265/264/172 259/272/174 258/260/170
f 262/265/173 260/262/171 258/263/170
f 263/268/175 261/267/176 260/262/171
f 261/267/176 275/267/167 253/262/166
f 264/269/143 266/273/143 263/270/177
f 265/264/143 264/269/143 262/271/143
f 221/226/143 224/225/143 264/269/143
f 224/225/143 227/229/143 266/273/143
f 227/229/143 230/232/143 267/274/143
f 266/273/143 267/274/143 268/275/143
f 230/232/143 233/235/143 269/241/143
f 267/274/143 269/241/143 270/276/143
f 238/240/154 271/277/182 270/276/178
f 270/276/179 271/277/182 272/279/180
f 271/277/182 273/277/184 274/279/183
f 240/240/156 273/277/184 271/277/182
f 243/245/159 274/280/183 273/277/184
f 272/279/180 274/279/183 275/267/167
f 254/256/164 275/257/167 274/280/183
f 268/278/181 272/279/180 261/267/176
f 221/226/185 265/264/172 256/261/168
f 215/221/132 249/221/138 247/281/161
f 276/281/186 247/281/161 245/282/160
f 223/219/133 215/221/132 276/281/186
f 226/283/188 276/281/186 277/282/187
f 229/284/189 277/282/187 235/236/144
f 277/282/187 245/282/160 278/236/149
f 280/285/190 283/291/190 282/286/190
f 309/287/191 280/380/2327 279/288/192
f 281/267/194 279/263/195 282/289/195
f 301/285/190 284/260/190 282/286/190
f 285/290/194 282/289/195 284/263/195
f 287/292/196 285/290/194 286/267/194
f 287/292/196 289/279/196 281/267/194
f 288/293/196 287/292/196 290/279/196
f 288/293/196 433/277/196 289/279/196
f 292/294/197 290/280/201 286/257/198
f 294/295/200 291/277/2328 290/280/201
f 295/296/202 292/294/197 293/287/199
f 297/298/204 294/295/2329 292/294/205
f 296/299/207 295/296/202 298/297/203
f 320/301/209 297/298/2330 295/296/202
f 293/287/199 301/380/352 300/302/210
f 298/297/203 300/302/210 302/303/211
f 300/304/212 301/285/212 283/291/212
f 302/306/213 300/304/214 303/305/214
f 306/306/213 304/307/215 303/305/214
f 305/304/212 303/305/212 283/291/212
f 305/302/216 280/380/2327 309/287/191
f 306/303/218 305/302/216 307/297/217
f 311/299/220 308/300/219 307/297/217
f 310/296/221 307/297/217 309/287/191
f 314/301/223 311/299/220 310/296/221
f 313/298/224 310/296/221 312/294/222
f 314/301/226 313/298/227 316/308/227
f 313/298/229 315/295/229 318/310/229
f 316/308/227 297/298/227 320/301/226
f 318/310/229 294/295/229 297/298/229
f 315/295/230 433/277/230 288/293/230
f 288/293/230 291/277/230 294/295/230
f 389/311/231 314/301/226 317/309/228
f 317/309/228 320/301/226 321/311/233
f 321/311/234 320/301/209 296/299/207
f 322/240/236 321/311/234 323/313/235
f 319/312/232 321/311/233 322/240/238
f 323/313/235 296/299/207 299/300/208
f 325/314/237 323/313/235 324/316/240
f 327/317/242 325/314/237 326/256/241
f 329/319/244 322/240/236 325/314/237
f 330/320/3 327/317/242 328/318/243
f 332/322/3 329/319/244 327/317/242
f 333/323/3 330/320/3 331/321/3
f 335/325/3 332/322/3 330/320/3
f 336/326/3 333/323/3 334/324/3
f 338/328/3 335/325/3 333/323/3
f 339/329/3 336/326/3 337/327/3
f 341/331/3 338/328/3 336/326/3
f 339/329/3 340/330/3 343/244/245
f 341/331/3 339/329/3 342/242/246
f 342/242/246 343/244/245 346/332/248
f 344/239/247 342/242/246 345/333/249
f 345/333/249 346/332/248 349/335/251
f 347/334/250 345/333/249 348/336/252
f 348/336/252 349/335/251 352/338/254
f 350/337/253 348/336/252 351/339/255
f 354/341/257 351/341/261 352/341/258
f 356/341/260 353/341/348 351/341/261
f 354/341/257 355/341/259 358/341/262
f 356/341/260 354/341/257 357/341/263
f 358/338/265 361/335/270 360/336/266
f 357/339/267 360/336/266 362/337/268
f 361/335/270 364/332/273 363/333/271
f 360/336/266 363/333/271 365/334/272
f 364/332/273 367/244/276 366/242/274
f 363/333/271 366/242/274 368/239/275
f 367/244/276 370/330/6 369/329/6
f 366/242/274 369/329/6 371/331/6
f 369/329/6 370/330/6 373/327/6
f 371/331/6 369/329/6 372/326/6
f 372/326/6 373/327/6 376/324/6
f 374/328/6 372/326/6 375/323/6
f 375/323/6 376/324/6 379/321/6
f 377/325/6 375/323/6 378/320/6
f 378/320/6 379/321/6 382/318/277
f 380/322/6 378/320/6 381/317/278
f 381/317/278 382/318/277 385/256/280
f 383/319/279 381/317/278 384/245/281
f 384/245/281 385/256/280 388/316/283
f 386/240/282 384/245/281 387/313/284
f 387/313/284 388/316/283 308/300/219
f 389/311/285 387/313/284 311/299/220
f 386/240/238 389/311/231 319/312/232
f 385/256/280 391/258/323 390/342/286
f 388/316/283 390/342/286 306/303/218
f 390/343/287 392/344/289 304/307/215
f 391/261/288 393/345/291 392/344/289
f 394/343/287 302/306/213 304/307/215
f 395/261/290 394/343/287 392/344/289
f 324/316/240 299/300/208 302/303/211
f 326/256/241 324/316/240 394/342/292
f 328/318/243 326/256/241 395/258/293
f 395/261/290 393/345/291 398/347/294
f 328/318/243 396/346/3 397/349/3
f 396/348/295 398/347/294 400/350/296
f 398/347/294 393/345/291 391/261/288
f 400/350/296 398/347/294 399/348/295
f 403/352/298 402/353/299 400/350/296
f 397/351/297 400/350/296 402/353/299
f 422/354/300 404/355/300 402/353/299
f 406/354/300 405/352/298 402/353/299
f 331/321/3 397/349/3 405/356/3
f 334/324/3 405/356/3 406/357/3
f 340/330/3 337/327/3 406/357/3
f 407/359/301 406/354/300 404/355/300
f 343/244/245 340/330/3 407/358/3
f 408/222/303 407/359/301 409/360/301
f 411/361/304 409/360/301 410/359/301
f 409/360/301 404/355/300 422/354/300
f 414/362/305 413/363/307 411/361/304
f 416/362/306 408/222/303 411/361/304
f 421/364/308 415/365/310 413/363/307
f 417/364/309 416/362/306 413/363/307
f 343/244/245 408/254/302 416/366/311
f 346/332/248 416/366/311 417/367/312
f 418/368/313 417/364/309 415/365/310
f 349/335/251 417/367/312 418/370/315
f 355/341/259 352/341/258 418/341/316
f 420/368/318 419/369/314 415/365/310
f 355/341/259 419/341/317 420/341/319
f 420/370/320 421/367/321 361/335/270
f 421/367/321 414/366/322 364/332/273
f 414/366/322 412/254/2331 367/244/276
f 367/244/276 412/254/2331 410/358/6
f 370/330/6 410/358/6 422/357/6
f 422/357/6 403/356/6 376/324/6
f 403/356/6 401/349/6 379/321/6
f 401/349/6 399/346/6 382/318/277
f 382/318/277 399/346/6 391/258/323
f 424/371/324 383/319/327 386/240/238
f 424/371/324 423/315/239 322/240/238
f 425/372/326 380/322/330 383/319/327
f 425/372/326 424/371/324 329/319/325
f 426/373/329 377/325/331 380/322/330
f 426/373/329 425/372/326 332/322/328
f 374/328/332 377/325/1411 426/373/333
f 427/374/334 426/373/333 335/325/333
f 428/375/335 371/331/335 374/328/332
f 427/374/334 338/328/332 341/331/335
f 368/239/336 371/331/335 428/375/335
f 428/375/335 341/331/335 344/239/336
f 365/334/338 368/239/336 429/376/337
f 429/376/337 344/239/336 347/334/340
f 362/337/341 365/334/338 430/377/339
f 430/377/339 347/334/340 350/337/343
f 359/340/344 362/337/341 431/378/342
f 431/378/342 350/337/343 353/340/346
f 315/295/225 312/294/222 289/280/349
f 312/294/222 309/287/191 281/257/193
f 293/287/199 286/257/198 284/288/351
f 435/285/353 434/260/353 437/286/353
f 464/287/354 436/257/515 434/288/355
f 437/289/357 434/263/357 436/267/358
f 456/285/353 438/291/353 437/286/353
f 440/290/358 441/267/358 439/263/357
f 445/279/359 441/267/358 440/290/358
f 440/290/358 436/267/358 444/279/359
f 446/277/359 445/279/359 442/292/359
f 442/292/359 444/279/359 588/277/359
f 447/294/360 448/287/366 441/257/361
f 449/295/363 447/294/360 445/280/362
f 450/296/365 453/297/203 448/287/366
f 452/298/367 450/296/2332 447/294/368
f 451/299/370 454/300/375 453/297/203
f 475/301/371 451/299/370 450/296/365
f 455/302/373 456/380/2333 448/287/366
f 457/303/374 455/302/373 453/297/203
f 455/304/376 458/305/376 438/291/376
f 457/306/377 459/307/379 458/305/378
f 461/306/377 460/304/378 458/305/378
f 460/304/376 435/285/376 438/291/376
f 464/287/354 435/380/356 460/302/380
f 462/297/217 460/302/380 461/303/381
f 466/299/383 465/296/384 462/297/217
f 465/296/384 467/294/387 464/287/354
f 469/301/385 468/298/386 465/296/384
f 468/298/386 470/295/513 467/294/387
f 471/308/388 468/298/388 469/301/389
f 473/310/391 470/295/391 468/298/391
f 475/301/389 452/298/388 471/308/388
f 452/298/391 449/295/391 473/310/391
f 443/293/393 588/277/393 470/295/394
f 449/295/395 446/277/393 443/293/393
f 472/309/390 469/301/389 544/311/396
f 476/311/398 475/301/389 472/309/390
f 476/311/399 478/313/401 451/299/370
f 477/240/400 480/314/404 478/313/401
f 477/240/402 476/311/398 474/312/397
f 478/313/401 479/316/405 454/300/375
f 480/314/404 481/256/407 479/316/405
f 482/317/406 483/318/409 481/256/407
f 484/319/408 482/317/406 480/314/404
f 485/320/3 486/321/3 483/318/409
f 487/322/3 485/320/3 482/317/406
f 488/323/3 489/324/3 486/321/3
f 490/325/3 488/323/3 485/320/3
f 491/326/3 492/327/3 489/324/3
f 493/328/3 491/326/3 488/323/3
f 494/329/3 495/330/3 492/327/3
f 496/331/3 494/329/3 491/326/3
f 498/244/410 495/330/3 494/329/3
f 497/242/411 494/329/3 496/331/3
f 501/332/413 498/244/410 497/242/411
f 500/333/414 497/242/411 499/239/412
f 504/335/416 501/332/413 500/333/414
f 503/336/417 500/333/414 502/334/415
f 507/338/419 504/335/416 503/336/417
f 506/339/420 503/336/417 505/337/418
f 509/341/422 510/341/428 507/341/423
f 511/341/425 509/341/422 506/341/424
f 509/341/422 512/341/429 513/341/427
f 511/341/425 514/341/512 512/341/429
f 515/336/430 516/335/436 513/338/431
f 517/337/433 515/336/430 512/339/432
f 518/333/435 519/332/439 516/335/436
f 520/334/437 518/333/435 515/336/430
f 521/242/438 522/244/441 519/332/439
f 523/239/440 521/242/438 518/333/435
f 524/329/6 525/330/6 522/244/441
f 526/331/6 524/329/6 521/242/438
f 524/329/6 527/326/6 528/327/6
f 526/331/6 529/328/6 527/326/6
f 527/326/6 530/323/6 531/324/6
f 529/328/6 532/325/6 530/323/6
f 530/323/6 533/320/6 534/321/6
f 532/325/6 535/322/6 533/320/6
f 533/320/6 536/317/443 537/318/442
f 535/322/6 538/319/445 536/317/443
f 536/317/443 539/245/446 540/256/444
f 538/319/445 541/240/448 539/245/446
f 539/245/446 542/313/449 543/316/447
f 541/240/448 544/311/450 542/313/449
f 542/313/449 466/299/383 463/300/382
f 544/311/450 469/301/385 466/299/383
f 474/312/397 544/311/396 541/240/402
f 540/256/444 543/316/447 545/342/451
f 543/316/447 463/300/382 461/303/381
f 545/343/453 461/306/377 459/307/379
f 546/261/455 545/343/453 547/344/454
f 549/343/453 547/344/454 459/307/379
f 550/261/455 548/345/456 547/344/454
f 479/316/405 549/342/457 457/303/374
f 481/256/407 550/258/458 549/342/457
f 483/318/409 551/346/3 550/258/458
f 553/347/459 548/345/456 550/261/455
f 552/349/3 551/346/3 483/318/409
f 555/350/461 553/347/459 551/348/460
f 554/348/459 546/261/455 548/345/456
f 554/348/459 553/347/459 555/350/461
f 556/351/461 555/350/461 557/353/463
f 560/352/464 557/353/463 555/350/461
f 558/352/463 557/353/463 559/355/465
f 559/355/465 557/353/463 560/352/464
f 560/356/3 552/349/3 486/321/3
f 561/357/3 560/356/3 489/324/3
f 495/330/3 562/358/3 561/357/3
f 564/360/466 559/355/465 561/354/465
f 498/244/410 563/254/2334 562/358/3
f 566/361/467 564/360/466 562/359/466
f 565/359/466 564/360/466 566/361/467
f 565/359/466 577/354/465 559/355/465
f 569/362/470 567/222/469 566/361/467
f 571/362/472 568/363/471 566/361/467
f 576/364/473 569/362/470 568/363/471
f 572/364/475 570/365/474 568/363/471
f 571/366/476 563/254/2334 498/244/410
f 572/367/477 571/366/476 501/332/413
f 573/368/478 574/369/482 570/365/474
f 573/370/479 572/367/477 504/335/416
f 510/341/428 574/341/484 573/341/480
f 575/368/481 576/364/473 570/365/474
f 510/341/428 513/341/427 575/341/483
f 516/335/436 576/367/486 575/370/485
f 519/332/439 569/366/487 576/367/486
f 522/244/441 567/254/488 569/366/487
f 522/244/441 525/330/6 565/358/6
f 525/330/6 528/327/6 577/357/6
f 531/324/6 558/356/6 577/357/6
f 534/321/6 556/349/6 558/356/6
f 537/318/442 554/346/6 556/349/6
f 537/318/442 540/256/444 546/258/452
f 579/371/489 578/315/403 541/240/402
f 579/371/489 484/319/493 477/240/402
f 580/372/491 579/371/489 538/319/490
f 580/372/491 487/322/495 484/319/493
f 581/373/337 580/372/491 535/322/492
f 581/373/337 490/325/494 487/322/495
f 581/373/496 532/325/496 529/328/497
f 493/328/497 490/325/496 581/373/496
f 582/374/497 529/328/497 526/331/498
f 496/331/499 493/328/497 582/374/497
f 584/376/500 583/375/498 526/331/498
f 499/239/501 496/331/499 583/375/498
f 584/376/500 523/239/501 520/334/502
f 502/334/504 499/239/501 584/376/500
f 585/377/503 520/334/502 517/337/505
f 505/337/507 502/334/504 585/377/503
f 586/378/506 517/337/505 514/340/508
f 508/340/510 505/337/507 586/378/506
f 470/295/513 588/277/2335 444/280/514
f 467/294/387 444/280/514 436/257/515
f 448/287/366 456/380/2333 439/288/516
f 589/215/517 593/217/525 596/216/518
f 599/219/520 591/221/582 589/218/521
f 589/218/521 591/221/582 625/221/523
f 593/217/525 589/215/517 592/215/524
f 593/217/525 595/217/526 627/222/527
f 594/222/528 597/226/581 596/216/518
f 590/223/529 596/216/532 598/224/530
f 596/216/532 597/226/573 600/225/533
f 599/227/531 598/224/530 601/228/534
f 598/224/530 600/225/533 603/229/536
f 602/230/535 601/228/534 604/231/537
f 601/228/534 603/229/536 606/232/536
f 605/233/538 604/231/537 607/234/536
f 604/231/537 606/232/536 609/235/536
f 607/234/539 610/238/543 611/236/540
f 609/235/542 613/239/545 610/238/543
f 610/238/543 612/238/546 654/236/544
f 613/239/545 615/239/548 612/238/546
f 614/240/547 616/240/550 615/239/548
f 645/241/549 614/240/547 613/239/545
f 616/240/550 619/245/553 617/242/551
f 615/239/548 617/242/551 620/243/552
f 619/245/553 630/256/555 618/244/554
f 617/242/551 618/244/554 622/246/555
f 620/243/552 622/246/555 623/247/556
f 612/238/546 620/243/552 621/248/557
f 622/246/555 624/250/553 625/249/523
f 618/244/554 626/253/558 624/250/553
f 624/250/553 595/252/526 592/251/524
f 626/253/558 627/254/527 595/252/526
f 628/255/559 631/258/562 627/254/527
f 630/256/555 628/255/559 626/253/558
f 651/257/560 629/259/561 628/255/559
f 629/259/561 633/288/564 631/258/562
f 632/261/563 631/261/562 633/260/564
f 594/222/528 627/222/527 631/261/562
f 636/262/566 634/263/565 633/263/564
f 634/260/565 635/272/2336 641/264/567
f 638/265/568 635/266/2336 634/263/565
f 637/267/569 636/262/566 629/262/561
f 639/268/570 638/265/568 636/262/566
f 640/269/571 638/271/536 639/270/536
f 641/264/572 635/272/536 638/271/536
f 600/225/533 640/269/571 642/273/536
f 597/226/573 641/264/572 640/269/571
f 603/229/536 642/273/536 643/274/536
f 642/273/536 639/270/536 644/275/536
f 606/232/536 643/274/536 645/241/536
f 643/274/536 644/275/536 646/276/536
f 645/241/549 646/276/2337 647/277/574
f 644/278/575 648/279/580 647/277/576
f 647/277/576 648/279/580 650/279/578
f 614/240/547 647/277/574 649/277/579
f 649/277/579 650/280/578 619/245/553
f 648/279/580 637/267/569 651/267/560
f 650/280/578 651/257/560 630/256/555
f 644/278/575 639/268/570 637/267/569
f 632/261/563 641/264/567 597/226/581
f 591/221/582 652/281/583 623/281/556
f 652/281/583 653/282/585 621/282/557
f 599/219/520 602/283/584 652/281/583
f 602/283/584 605/284/586 653/282/585
f 653/282/585 611/236/540 654/236/544
f 605/284/586 608/237/541 611/236/540
f 659/217/587 662/216/598 656/223/588
f 656/220/590 665/219/640 657/221/591
f 655/218/592 657/221/591 691/221/593
f 655/215/589 658/215/594 661/217/595
f 659/217/587 661/217/595 693/222/596
f 660/222/597 663/226/638 662/216/598
f 656/223/599 662/216/599 664/224/599
f 662/216/599 663/226/599 666/225/599
f 665/227/599 664/224/599 667/228/599
f 664/224/599 666/225/599 669/229/599
f 668/230/599 667/228/599 670/231/599
f 667/228/599 669/229/599 672/232/599
f 671/233/599 670/231/599 673/234/600
f 670/231/599 672/232/599 675/235/599
f 673/234/601 676/238/605 677/236/602
f 675/235/604 679/239/607 676/238/605
f 676/238/605 678/238/608 720/236/606
f 679/239/607 681/239/610 678/238/608
f 680/240/609 682/240/612 681/239/610
f 711/241/611 680/240/609 679/239/607
f 682/240/612 685/245/615 683/242/613
f 681/239/610 683/242/613 686/243/614
f 685/245/615 696/256/613 684/244/615
f 683/242/613 684/244/615 688/246/615
f 686/243/614 688/246/615 689/247/616
f 678/238/608 686/243/614 687/248/617
f 688/246/615 690/250/614 691/249/593
f 684/244/615 692/253/618 690/250/614
f 690/250/614 661/252/595 658/251/594
f 692/253/618 693/254/596 661/252/595
f 694/255/619 697/258/622 693/254/596
f 696/256/613 694/255/619 692/253/618
f 717/257/620 695/259/621 694/255/619
f 695/259/621 699/288/624 697/258/622
f 698/261/623 697/261/622 699/260/624
f 660/222/597 693/222/596 697/261/622
f 702/262/626 700/263/625 699/263/624
f 700/260/625 701/272/2338 707/264/627
f 704/265/628 701/266/2338 700/263/625
f 703/267/629 702/262/626 695/262/621
f 705/268/630 704/265/628 702/262/626
f 706/269/599 704/271/599 705/270/599
f 707/264/599 701/272/599 704/271/599
f 666/225/599 706/269/599 708/273/599
f 663/226/599 707/264/599 706/269/599
f 669/229/599 708/273/599 709/274/599
f 708/273/599 705/270/599 710/275/599
f 672/232/599 709/274/599 711/241/599
f 709/274/599 710/275/599 712/276/599
f 712/276/631 713/277/634 680/240/609
f 712/276/632 710/278/637 714/279/633
f 713/277/634 714/279/633 716/279/635
f 713/277/634 715/277/636 682/240/612
f 715/277/636 716/280/635 685/245/615
f 714/279/633 703/267/629 717/267/620
f 716/280/635 717/257/620 696/256/613
f 710/278/637 705/268/630 703/267/629
f 698/261/623 707/264/627 663/226/638
f 657/221/591 718/281/639 689/281/616
f 718/281/639 719/282/642 687/282/617
f 665/219/640 668/283/641 718/281/639
f 668/283/641 671/284/643 719/282/642
f 719/282/642 677/236/602 720/236/606
f 671/284/643 674/237/603 677/236/602
f 722/285/644 721/260/644 724/286/644
f 751/287/645 723/257/816 721/288/646
f 724/289/648 721/263/648 723/267/649
f 743/285/644 725/291/644 724/286/644
f 727/290/649 728/267/649 726/263/648
f 732/279/650 728/267/649 727/290/649
f 729/292/651 727/290/649 723/267/649
f 733/277/653 732/279/650 729/292/651
f 730/293/653 729/292/651 731/279/652
f 734/294/654 735/287/660 728/257/655
f 736/295/657 734/294/654 732/280/656
f 737/296/659 740/297/665 735/287/660
f 739/298/661 737/296/2339 734/294/662
f 738/299/664 741/300/670 740/297/665
f 762/301/666 738/299/664 737/296/659
f 742/302/668 743/380/2340 735/287/660
f 744/303/669 742/302/668 740/297/665
f 742/304/671 745/305/671 725/291/671
f 744/306/672 746/307/674 745/305/673
f 748/306/672 747/304/2341 745/305/673
f 747/304/671 722/285/671 725/291/671
f 751/287/645 722/380/647 747/302/675
f 749/297/676 747/302/675 748/303/677
f 753/299/679 752/296/680 749/297/676
f 752/296/680 754/294/683 751/287/645
f 756/301/681 755/298/682 752/296/680
f 755/298/682 757/295/814 754/294/683
f 758/308/684 755/298/684 756/301/685
f 760/310/687 757/295/2342 755/298/688
f 762/301/685 739/298/684 758/308/684
f 739/298/690 736/295/2342 760/310/687
f 730/293/691 875/277/691 757/295/691
f 736/295/691 733/277/691 730/293/691
f 759/309/686 756/301/685 831/311/692
f 763/311/694 762/301/685 759/309/686
f 763/311/695 765/313/697 738/299/664
f 764/240/696 767/314/700 765/313/697
f 764/240/698 763/311/694 761/312/693
f 765/313/697 766/316/701 741/300/670
f 767/314/700 768/256/703 766/316/701
f 769/317/702 770/318/705 768/256/703
f 771/319/704 769/317/702 767/314/700
f 772/320/3 773/321/3 770/318/705
f 774/322/3 772/320/3 769/317/702
f 775/323/3 776/324/3 773/321/3
f 777/325/3 775/323/3 772/320/3
f 778/326/3 779/327/3 776/324/3
f 780/328/3 778/326/3 775/323/3
f 781/329/3 782/330/3 779/327/3
f 783/331/3 781/329/3 778/326/3
f 785/244/706 782/330/3 781/329/3
f 784/242/707 781/329/3 783/331/3
f 788/332/709 785/244/706 784/242/707
f 787/333/710 784/242/707 786/239/708
f 791/335/712 788/332/709 787/333/710
f 790/336/713 787/333/710 789/334/711
f 794/338/715 791/335/712 790/336/713
f 793/339/716 790/336/713 792/337/714
f 796/341/718 797/341/723 794/341/719
f 798/341/721 796/341/718 793/341/720
f 796/341/718 799/341/724 800/341/722
f 798/341/721 801/341/718 799/341/724
f 802/336/725 803/335/731 800/338/726
f 804/337/728 802/336/725 799/339/727
f 805/333/730 806/332/734 803/335/731
f 807/334/732 805/333/730 802/336/725
f 808/242/733 809/244/736 806/332/734
f 810/239/735 808/242/733 805/333/730
f 811/329/6 812/330/6 809/244/736
f 813/331/6 811/329/6 808/242/733
f 811/329/6 814/326/6 815/327/6
f 813/331/6 816/328/6 814/326/6
f 814/326/6 817/323/6 818/324/6
f 816/328/6 819/325/6 817/323/6
f 817/323/6 820/320/6 821/321/6
f 819/325/6 822/322/6 820/320/6
f 820/320/6 823/317/738 824/318/737
f 822/322/6 825/319/740 823/317/738
f 823/317/738 826/245/741 827/256/739
f 825/319/740 828/240/743 826/245/741
f 826/245/741 829/313/744 830/316/742
f 828/240/743 831/311/745 829/313/744
f 829/313/744 753/299/679 750/300/678
f 831/311/745 756/301/681 753/299/679
f 761/312/693 831/311/692 828/240/698
f 827/256/739 830/316/742 832/342/746
f 830/316/742 750/300/678 748/303/677
f 832/343/748 748/306/672 746/307/674
f 833/261/750 832/343/748 834/344/749
f 836/343/748 834/344/749 746/307/674
f 837/261/752 835/345/751 834/344/749
f 766/316/701 836/342/753 744/303/669
f 768/256/703 837/258/754 836/342/753
f 770/318/705 838/346/3 837/258/754
f 840/347/755 835/345/751 837/261/752
f 839/349/3 838/346/3 770/318/705
f 842/350/757 840/347/755 838/348/756
f 841/348/759 833/261/750 835/345/751
f 843/351/757 841/348/759 840/347/755
f 843/351/757 842/350/757 844/353/760
f 847/352/761 844/353/760 842/350/757
f 864/354/762 845/352/761 844/353/760
f 846/355/762 844/353/760 847/352/761
f 847/356/3 839/349/3 773/321/3
f 848/357/3 847/356/3 776/324/3
f 782/330/3 849/358/3 848/357/3
f 849/359/764 851/360/768 846/355/762
f 785/244/706 850/254/2343 849/358/3
f 853/361/765 851/360/768 849/359/764
f 852/359/764 851/360/768 853/361/765
f 852/359/764 864/354/762 846/355/762
f 856/362/769 854/222/767 853/361/765
f 858/362/771 855/363/770 853/361/765
f 863/364/772 856/362/769 855/363/770
f 859/364/774 857/365/773 855/363/770
f 858/366/775 850/254/2343 785/244/706
f 859/367/776 858/366/775 788/332/709
f 860/368/777 861/369/781 857/365/773
f 860/370/778 859/367/776 791/335/712
f 797/341/723 861/341/783 860/341/779
f 862/368/780 863/364/772 857/365/773
f 797/341/723 800/341/722 862/341/782
f 803/335/731 863/367/785 862/370/784
f 806/332/734 856/366/786 863/367/785
f 809/244/736 854/254/787 856/366/786
f 809/244/736 812/330/6 852/358/6
f 812/330/6 815/327/6 864/357/6
f 818/324/6 845/356/6 864/357/6
f 821/321/6 843/349/6 845/356/6
f 824/318/737 841/346/6 843/349/6
f 824/318/737 827/256/739 833/258/747
f 866/371/788 865/315/699 828/240/698
f 866/371/788 771/319/792 764/240/698
f 867/372/790 866/371/788 825/319/789
f 867/372/790 774/322/795 771/319/792
f 868/373/793 867/372/790 822/322/791
f 868/373/793 777/325/2344 774/322/795
f 868/373/796 819/325/1290 816/328/797
f 869/374/798 780/328/801 777/325/796
f 869/374/798 816/328/797 813/331/799
f 870/375/800 783/331/2345 780/328/801
f 871/376/802 870/375/800 813/331/799
f 786/239/804 783/331/2345 870/375/800
f 871/376/802 810/239/803 807/334/805
f 789/334/807 786/239/804 871/376/802
f 872/377/806 807/334/805 804/337/808
f 792/337/810 789/334/807 872/377/806
f 873/378/809 804/337/808 801/340/811
f 795/340/813 792/337/810 873/378/809
f 757/295/814 875/277/2346 731/280/815
f 754/294/683 731/280/815 723/257/816
f 735/287/660 743/380/2340 726/288/817
f 877/285/818 880/291/818 879/286/818
f 906/287/819 877/380/2347 876/288/820
f 878/267/822 876/263/823 879/289/823
f 898/285/818 881/260/818 879/286/818
f 882/290/824 879/289/823 881/263/823
f 882/290/824 883/267/824 887/279/825
f 886/279/825 878/267/822 882/290/824
f 885/293/826 884/292/825 887/279/825
f 1030/277/826 886/279/825 884/292/825
f 889/294/827 887/280/831 883/257/828
f 891/295/830 888/277/2348 887/280/831
f 892/296/832 889/294/827 890/287/829
f 894/298/833 891/295/2349 889/294/834
f 893/299/836 892/296/832 895/297/665
f 917/301/838 894/298/2350 892/296/832
f 890/287/829 898/380/988 897/302/839
f 895/297/665 897/302/839 899/303/840
f 897/304/841 898/285/841 880/291/841
f 899/306/842 897/304/843 900/305/843
f 903/306/842 901/307/844 900/305/843
f 902/304/841 900/305/841 880/291/841
f 902/302/845 877/380/2347 906/287/819
f 903/303/846 902/302/845 904/297/676
f 908/299/848 905/300/847 904/297/676
f 907/296/849 904/297/676 906/287/819
f 911/301/851 908/299/848 907/296/849
f 910/298/852 907/296/849 909/294/850
f 911/301/854 910/298/855 913/308/855
f 910/298/857 912/295/858 915/310/858
f 913/308/855 894/298/855 917/301/854
f 915/310/858 891/295/860 894/298/860
f 912/295/861 1030/277/861 885/293/861
f 885/293/861 888/277/861 891/295/861
f 986/311/862 911/301/854 914/309/856
f 914/309/856 917/301/854 918/311/864
f 918/311/865 917/301/838 893/299/836
f 919/240/867 918/311/865 920/313/866
f 916/312/863 918/311/864 919/240/869
f 920/313/866 893/299/836 896/300/837
f 922/314/868 920/313/866 921/316/871
f 924/317/873 922/314/868 923/256/872
f 926/319/875 919/240/867 922/314/868
f 927/320/3 924/317/873 925/318/874
f 929/322/3 926/319/875 924/317/873
f 930/323/3 927/320/3 928/321/3
f 932/325/3 929/322/3 927/320/3
f 933/326/3 930/323/3 931/324/3
f 935/328/3 932/325/3 930/323/3
f 936/329/3 933/326/3 934/327/3
f 938/331/3 935/328/3 933/326/3
f 936/329/3 937/330/3 940/244/876
f 938/331/3 936/329/3 939/242/877
f 939/242/877 940/244/876 943/332/879
f 941/239/878 939/242/877 942/333/880
f 942/333/880 943/332/879 946/335/882
f 944/334/881 942/333/880 945/336/883
f 945/336/883 946/335/882 949/338/885
f 947/337/884 945/336/883 948/339/886
f 951/341/888 948/341/892 949/341/889
f 953/341/891 950/341/984 948/341/892
f 951/341/888 952/341/890 955/341/893
f 953/341/891 951/341/888 954/341/894
f 955/338/896 958/335/901 957/336/897
f 954/339/898 957/336/897 959/337/899
f 958/335/901 961/332/904 960/333/902
f 957/336/897 960/333/902 962/334/903
f 961/332/904 964/244/907 963/242/905
f 960/333/902 963/242/905 965/239/906
f 964/244/907 967/330/6 966/329/6
f 963/242/905 966/329/6 968/331/6
f 966/329/6 967/330/6 970/327/6
f 968/331/6 966/329/6 969/326/6
f 969/326/6 970/327/6 973/324/6
f 971/328/6 969/326/6 972/323/6
f 972/323/6 973/324/6 976/321/6
f 974/325/6 972/323/6 975/320/6
f 975/320/6 976/321/6 979/318/908
f 977/322/6 975/320/6 978/317/909
f 978/317/909 979/318/908 982/256/911
f 980/319/910 978/317/909 981/245/912
f 981/245/912 982/256/911 985/316/914
f 983/240/913 981/245/912 984/313/915
f 984/313/915 985/316/914 905/300/847
f 986/311/916 984/313/915 908/299/848
f 983/240/869 986/311/862 916/312/863
f 982/256/911 988/258/959 987/342/917
f 985/316/914 987/342/917 903/303/846
f 987/343/918 989/344/920 901/307/844
f 988/261/919 990/345/921 989/344/920
f 991/343/918 899/306/842 901/307/844
f 992/261/919 991/343/918 989/344/920
f 921/316/871 896/300/837 899/303/840
f 923/256/872 921/316/871 991/342/922
f 925/318/874 923/256/872 992/258/923
f 993/348/924 992/261/919 990/345/921
f 925/318/874 993/346/3 994/349/3
f 993/348/924 995/347/924 997/350/925
f 995/347/924 990/345/921 988/261/919
f 998/351/925 997/350/925 995/347/924
f 1000/352/928 999/353/929 997/350/925
f 994/351/926 997/350/925 999/353/929
f 1001/355/931 999/353/929 1000/352/928
f 1003/354/933 1002/352/930 999/353/929
f 928/321/3 994/349/3 1002/356/3
f 931/324/3 1002/356/3 1003/357/3
f 937/330/3 934/327/3 1003/357/3
f 1003/354/933 1001/355/931 1006/360/934
f 940/244/876 937/330/3 1004/358/3
f 1004/359/935 1006/360/934 1008/361/937
f 1009/222/939 1008/361/937 1006/360/934
f 1007/359/940 1006/360/934 1001/355/931
f 1011/362/941 1010/363/943 1008/361/937
f 1013/362/942 1005/222/938 1008/361/937
f 1018/364/944 1012/365/946 1010/363/943
f 1014/364/945 1013/362/942 1010/363/943
f 940/244/876 1005/254/936 1013/366/947
f 943/332/879 1013/366/947 1014/367/948
f 1015/368/949 1014/364/945 1012/365/946
f 946/335/882 1014/367/948 1015/370/951
f 952/341/890 949/341/889 1015/341/952
f 1017/368/954 1016/369/950 1012/365/946
f 952/341/890 1016/341/953 1017/341/955
f 1017/370/956 1018/367/957 958/335/901
f 1018/367/957 1011/366/958 961/332/904
f 1011/366/958 1009/254/2351 964/244/907
f 964/244/907 1009/254/2351 1007/358/6
f 967/330/6 1007/358/6 1019/357/6
f 1019/357/6 1000/356/6 973/324/6
f 1000/356/6 998/349/6 976/321/6
f 998/349/6 996/346/6 979/318/908
f 979/318/908 996/346/6 988/258/959
f 1021/371/960 980/319/963 983/240/869
f 1021/371/960 1020/315/870 919/240/869
f 1022/372/962 977/322/966 980/319/963
f 1022/372/962 1021/371/960 926/319/961
f 1023/373/965 974/325/2352 977/322/966
f 1023/373/965 1022/372/962 929/322/964
f 1024/374/968 971/328/968 974/325/969
f 1023/373/969 932/325/969 935/328/968
f 968/331/970 971/328/968 1024/374/968
f 1025/375/971 1024/374/968 935/328/968
f 1026/376/972 965/239/973 968/331/970
f 1025/375/971 938/331/971 941/239/973
f 962/334/974 965/239/973 1026/376/972
f 1026/376/972 941/239/973 944/334/976
f 959/337/977 962/334/974 1027/377/975
f 1027/377/975 944/334/976 947/337/979
f 956/340/980 959/337/977 1028/378/978
f 1028/378/978 947/337/979 950/340/982
f 912/295/853 909/294/850 886/280/985
f 909/294/850 906/287/819 878/257/821
f 890/287/829 883/257/828 881/288/987
f 1031/215/989 1032/223/993 1038/216/990
f 1031/218/989 1033/221/995 1041/219/992
f 1034/218/994 1067/221/1026 1033/221/995
f 1035/217/991 1037/217/1029 1034/215/996
f 1069/222/997 1037/217/1029 1035/217/991
f 1035/217/991 1038/216/990 1039/226/999
f 1041/227/1000 1040/224/1003 1038/216/1001
f 1040/224/1003 1042/225/1007 1039/226/1004
f 1044/230/1005 1043/228/1006 1040/224/1003
f 1040/224/1003 1043/228/1006 1045/229/1006
f 1044/230/1005 1047/233/1006 1046/231/1006
f 1043/228/1006 1046/231/1006 1048/232/1006
f 1047/233/1006 1050/237/1007 1049/234/1007
f 1046/231/1006 1049/234/1007 1051/235/1006
f 1053/236/1008 1052/238/1011 1049/234/1009
f 1052/238/1011 1055/239/1015 1051/235/1012
f 1096/236/1013 1054/238/1014 1052/238/1011
f 1054/238/1014 1057/239/1020 1055/239/1015
f 1055/239/1015 1057/239/1020 1058/240/1016
f 1051/235/1012 1055/239/1015 1056/240/1017
f 1059/242/1019 1061/245/1019 1058/240/1016
f 1062/243/1021 1059/242/1019 1057/239/1020
f 1060/244/1022 1072/256/1032 1061/245/1019
f 1064/246/1023 1060/244/1022 1059/242/1019
f 1065/247/1024 1064/246/1023 1062/243/1021
f 1063/248/1025 1062/243/1021 1054/238/1014
f 1067/249/1026 1066/250/1027 1064/246/1023
f 1066/250/1027 1068/253/1030 1060/244/1022
f 1034/251/1028 1037/252/1029 1066/250/1027
f 1037/252/1029 1069/254/997 1068/253/1030
f 1069/254/997 1073/258/1034 1070/255/1031
f 1068/253/1030 1070/255/1031 1072/256/1032
f 1070/255/1031 1071/259/1035 1093/257/1033
f 1073/258/1034 1075/288/1036 1071/259/1035
f 1075/260/1036 1073/261/1034 1074/261/1037
f 1073/261/1034 1069/222/997 1036/222/998
f 1078/262/1039 1071/262/1035 1075/263/1036
f 1083/264/1040 1077/272/1042 1076/260/1038
f 1080/265/1041 1078/262/1039 1076/263/1038
f 1079/267/1043 1093/267/1033 1071/262/1035
f 1081/268/1044 1079/267/1043 1078/262/1039
f 1082/269/1006 1084/273/1007 1081/270/1007
f 1083/264/1006 1082/269/1006 1080/271/1006
f 1042/225/1007 1045/229/1006 1084/273/1007
f 1039/226/1004 1042/225/1007 1082/269/1006
f 1045/229/1006 1048/232/1006 1085/274/1006
f 1084/273/1007 1085/274/1006 1086/275/1007
f 1048/232/1006 1051/235/1006 1087/241/1006
f 1085/274/1006 1087/241/1006 1088/276/1006
f 1087/241/1018 1056/240/1017 1089/277/1045
f 1089/277/1047 1090/279/1051 1086/278/1048
f 1091/277/1050 1092/279/1053 1090/279/1051
f 1056/240/1017 1058/240/1016 1091/277/1052
f 1061/245/1019 1092/280/1053 1091/277/1050
f 1092/279/1053 1093/267/1033 1079/267/1043
f 1072/256/1032 1093/257/1033 1092/280/1053
f 1090/279/1051 1079/267/1043 1081/268/1044
f 1039/226/999 1083/264/1040 1074/261/1037
f 1033/221/995 1067/221/1026 1065/281/1024
f 1094/281/1054 1065/281/1024 1063/282/1025
f 1033/221/995 1094/281/1054 1044/283/1056
f 1044/283/1056 1094/281/1054 1095/282/1055
f 1095/282/1055 1063/282/1025 1096/236/1013
f 1047/284/1057 1095/282/1055 1053/236/1008
f 1107/219/1058 1099/221/1062 1097/218/1059
f 1097/215/1059 1101/217/1064 1104/216/1061
f 1099/221/1062 1133/221/1095 1100/218/1063
f 1101/217/1064 1097/215/1059 1100/215/1065
f 1101/217/1064 1102/222/1069 1105/226/1067
f 1101/217/1064 1103/217/1066 1135/222/1068
f 1104/216/1070 1106/224/1074 1107/227/1071
f 1105/226/1073 1108/225/1076 1106/224/1074
f 1106/224/1074 1109/228/1076 1110/230/1075
f 1106/224/1074 1108/225/1076 1111/229/1076
f 1110/230/1075 1109/228/1076 1112/231/1076
f 1109/228/1076 1111/229/1076 1114/232/1076
f 1113/233/1076 1112/231/1076 1115/234/1076
f 1112/231/1076 1114/232/1076 1117/235/1076
f 1115/234/1077 1118/238/1081 1119/236/1078
f 1117/235/1080 1121/239/1083 1118/238/1081
f 1118/238/1081 1120/238/1084 1162/236/1082
f 1121/239/1083 1123/239/1087 1120/238/1084
f 1153/241/1085 1122/240/1086 1121/239/1083
f 1122/240/1086 1124/240/1088 1123/239/1087
f 1124/240/1088 1127/245/1092 1125/242/1089
f 1123/239/1087 1125/242/1089 1128/243/1090
f 1125/242/1089 1126/244/1090 1130/246/1091
f 1127/245/1092 1138/256/1100 1126/244/1090
f 1120/238/1084 1128/243/1090 1129/248/1093
f 1128/243/1090 1130/246/1091 1131/247/1094
f 1130/246/1091 1132/250/1096 1133/249/1095
f 1126/244/1090 1134/253/1098 1132/250/1096
f 1132/250/1096 1103/252/1066 1100/251/1097
f 1134/253/1098 1135/254/1068 1103/252/1066
f 1136/255/1099 1139/258/1102 1135/254/1068
f 1138/256/1100 1136/255/1099 1134/253/1098
f 1137/259/1101 1141/288/1105 1139/258/1102
f 1159/257/1103 1137/259/1101 1136/255/1099
f 1102/222/1069 1135/222/1068 1139/261/1102
f 1140/261/1104 1139/261/1102 1141/260/1105
f 1144/262/1107 1142/263/1106 1141/263/1105
f 1142/260/1106 1143/272/2353 1149/264/1108
f 1146/265/1109 1143/266/2353 1142/263/1106
f 1147/268/1110 1146/265/1109 1144/262/1107
f 1145/267/1111 1144/262/1107 1137/262/1101
f 1148/269/1076 1146/271/1076 1147/270/1076
f 1149/264/1112 1143/272/1076 1146/271/1076
f 1105/226/1073 1149/264/1112 1148/269/1076
f 1108/225/1076 1148/269/1076 1150/273/1076
f 1111/229/1076 1150/273/1076 1151/274/1076
f 1150/273/1076 1147/270/1076 1152/275/1076
f 1114/232/1076 1151/274/1076 1153/241/1076
f 1151/274/1076 1152/275/1076 1154/276/1076
f 1153/241/1085 1154/276/2354 1155/277/1113
f 1152/278/1114 1156/279/1117 1155/277/1115
f 1156/279/1117 1158/279/1120 1157/277/1118
f 1122/240/1086 1155/277/1113 1157/277/1119
f 1157/277/1118 1158/280/1120 1127/245/1092
f 1156/279/1117 1145/267/1111 1159/267/1103
f 1158/280/1120 1159/257/1103 1138/256/1100
f 1147/268/1110 1145/267/1111 1156/279/1117
f 1140/261/1104 1149/264/1108 1105/226/1067
f 1099/221/1062 1160/281/1121 1131/281/1094
f 1160/281/1121 1161/282/1123 1129/282/1093
f 1110/283/1122 1160/281/1121 1099/221/1062
f 1110/283/1122 1113/284/1124 1161/282/1123
f 1113/284/1124 1116/237/1079 1119/236/1078
f 1161/282/1123 1119/236/1078 1162/236/1082
f 1163/215/1125 1167/217/1131 1170/216/1126
f 1173/219/1128 1165/221/1129 1163/218/1125
f 1165/221/1129 1199/221/1156 1166/218/1130
f 1167/217/1131 1163/215/1125 1166/215/1130
f 1168/222/1133 1167/217/1131 1169/217/1132
f 1167/217/1131 1168/222/1133 1171/226/1135
f 1170/216/1136 1172/224/1136 1173/227/1136
f 1171/226/1136 1174/225/1136 1172/224/1136
f 1172/224/1136 1175/228/1136 1176/230/1136
f 1174/225/1136 1177/229/1136 1175/228/1136
f 1175/228/1136 1178/231/1136 1179/233/1136
f 1177/229/1136 1180/232/1136 1178/231/1136
f 1178/231/1136 1181/234/1136 1182/237/1136
f 1180/232/1136 1183/235/1136 1181/234/1136
f 1182/237/1137 1181/234/1140 1184/238/1138
f 1181/234/1140 1183/235/1146 1187/239/1141
f 1185/236/1139 1184/238/1138 1186/238/1142
f 1184/238/1138 1187/239/1141 1189/239/1144
f 1187/239/1141 1188/240/1147 1190/240/1145
f 1183/235/1146 1219/241/1171 1188/240/1147
f 1189/239/1144 1190/240/1145 1193/245/1148
f 1186/238/1142 1189/239/1144 1191/242/1149
f 1191/242/1149 1193/245/1148 1204/256/1151
f 1194/243/1150 1191/242/1149 1192/244/1152
f 1195/248/1153 1194/243/1150 1196/246/1148
f 1228/236/1143 1186/238/1142 1194/243/1150
f 1197/247/1154 1196/246/1148 1198/250/1155
f 1196/246/1148 1192/244/1152 1200/253/1157
f 1199/249/1156 1198/250/1155 1169/252/1132
f 1198/250/1155 1200/253/1157 1201/254/1134
f 1200/253/1157 1202/255/1155 1205/258/1158
f 1192/244/1152 1204/256/1151 1202/255/1155
f 1204/256/1151 1225/257/1168 1203/259/1159
f 1202/255/1155 1203/259/1159 1207/288/1160
f 1208/260/1161 1206/261/1162 1205/261/1158
f 1206/261/1162 1168/222/1133 1201/222/1134
f 1208/263/1161 1207/263/1160 1203/262/1159
f 1206/261/1162 1208/260/1161 1209/272/1164
f 1209/266/1166 1208/263/1161 1210/262/1163
f 1210/262/1163 1203/262/1159 1225/267/1168
f 1212/265/1167 1210/262/1163 1211/267/1169
f 1212/271/1136 1213/270/1136 1216/273/1136
f 1209/272/1136 1212/271/1136 1214/269/1136
f 1214/269/1136 1216/273/1136 1177/229/1136
f 1215/264/1136 1214/269/1136 1174/225/1136
f 1216/273/1136 1217/274/1136 1180/232/1136
f 1213/270/1136 1218/275/1136 1217/274/1136
f 1217/274/1136 1219/241/1136 1183/235/1136
f 1218/275/1136 1220/276/1136 1219/241/1136
f 1219/241/1171 1220/276/1174 1221/277/1172
f 1218/278/1173 1222/279/1175 1221/277/1172
f 1222/279/1175 1224/279/1177 1223/277/1176
f 1188/240/1147 1221/277/1172 1223/277/1176
f 1190/240/1145 1223/277/1176 1224/280/1177
f 1211/267/1169 1225/267/1168 1224/279/1177
f 1193/245/1148 1224/280/1177 1225/257/1168
f 1213/268/1170 1211/267/1169 1222/279/1175
f 1168/222/1133 1206/261/1162 1215/264/1165
f 1226/281/1178 1197/281/1154 1199/221/1156
f 1227/282/1179 1195/282/1153 1197/281/1154
f 1176/283/1180 1226/281/1178 1165/221/1129
f 1179/284/1181 1227/282/1179 1226/281/1178
f 1185/236/1139 1228/236/1143 1195/282/1153
f 1182/237/1182 1185/236/1139 1227/282/1179
f 1229/215/57 1230/223/2355 1236/216/58
f 1229/218/60 1231/221/64 1239/219/61
f 1229/218/60 1232/218/65 1265/221/63
f 1233/217/59 1235/217/100 1232/215/65
f 1267/222/66 1235/217/100 1233/217/59
f 1236/216/58 1237/226/126 1234/222/67
f 1230/223/68 1239/227/73 1238/224/1183
f 1236/216/1184 1238/224/1183 1240/225/71
f 1239/227/73 1242/230/76 1241/228/74
f 1238/224/1183 1241/228/74 1243/229/75
f 1242/230/76 1245/233/79 1244/231/77
f 1241/228/74 1244/231/77 1246/232/78
f 1245/233/79 1248/237/78 1247/234/75
f 1244/231/77 1247/234/75 1249/235/78
f 1251/236/80 1250/238/1185 1247/234/81
f 1250/238/1185 1253/239/87 1249/235/84
f 1294/236/85 1252/238/1186 1250/238/1185
f 1252/238/1186 1255/239/88 1253/239/87
f 1255/239/88 1256/240/1188 1254/240/1187
f 1253/239/87 1254/240/1187 1285/241/90
f 1257/242/91 1259/245/95 1256/240/1188
f 1260/243/1189 1257/242/91 1255/239/88
f 1258/244/94 1270/256/103 1259/245/95
f 1262/246/96 1258/244/94 1257/242/91
f 1263/247/97 1262/246/96 1260/243/1189
f 1261/248/98 1260/243/1189 1252/238/1186
f 1265/249/63 1264/250/99 1262/246/96
f 1264/250/99 1266/253/101 1258/244/94
f 1232/251/65 1235/252/100 1264/250/99
f 1235/252/100 1267/254/66 1266/253/101
f 1267/254/66 1271/258/105 1268/255/102
f 1266/253/101 1268/255/102 1270/256/103
f 1268/255/102 1269/259/106 1291/257/1190
f 1271/258/105 1273/288/107 1269/259/106
f 1273/260/107 1271/261/105 1272/261/108
f 1271/261/105 1267/222/66 1234/222/67
f 1276/262/110 1269/262/106 1273/263/107
f 1281/264/111 1275/272/113 1274/260/109
f 1278/265/112 1276/262/110 1274/263/109
f 1277/267/114 1291/267/1190 1269/262/106
f 1279/268/115 1277/267/114 1276/262/110
f 1280/269/116 1282/273/78 1279/270/75
f 1281/264/117 1280/269/116 1278/271/78
f 1240/225/71 1243/229/75 1282/273/78
f 1237/226/72 1240/225/71 1280/269/116
f 1243/229/75 1246/232/78 1283/274/78
f 1282/273/78 1283/274/78 1284/275/78
f 1246/232/78 1249/235/78 1285/241/78
f 1283/274/78 1285/241/78 1286/276/78
f 1285/241/90 1254/240/1187 1287/277/118
f 1287/277/120 1288/279/124 1284/278/121
f 1287/277/120 1289/277/125 1290/279/123
f 1254/240/1187 1256/240/1188 1289/277/125
f 1259/245/95 1290/280/123 1289/277/125
f 1288/279/124 1290/279/123 1291/267/1190
f 1270/256/103 1291/257/1190 1290/280/123
f 1284/278/121 1288/279/124 1277/267/114
f 1237/226/126 1281/264/111 1272/261/108
f 1231/221/64 1265/221/63 1263/281/97
f 1292/281/127 1263/281/97 1261/282/98
f 1239/219/61 1231/221/64 1292/281/127
f 1242/283/129 1292/281/127 1293/282/128
f 1293/282/128 1261/282/98 1294/236/85
f 1245/284/1191 1293/282/128 1251/236/80
f 1299/217/587 1302/216/1193 1296/223/588
f 1296/220/590 1305/219/640 1297/221/591
f 1295/218/592 1297/221/591 1331/221/593
f 1295/215/589 1298/215/594 1301/217/595
f 1299/217/587 1301/217/595 1333/222/1192
f 1300/222/597 1303/226/638 1302/216/1193
f 1296/223/599 1302/216/599 1304/224/599
f 1302/216/599 1303/226/599 1306/225/599
f 1305/227/599 1304/224/599 1307/228/599
f 1304/224/599 1306/225/599 1309/229/599
f 1308/230/599 1307/228/599 1310/231/599
f 1307/228/599 1309/229/599 1312/232/599
f 1311/233/599 1310/231/599 1313/234/600
f 1310/231/599 1312/232/599 1315/235/599
f 1313/234/601 1316/238/1194 1317/236/602
f 1315/235/604 1319/239/1195 1316/238/1194
f 1316/238/1194 1318/238/1196 1360/236/606
f 1319/239/1195 1321/239/1197 1318/238/1196
f 1320/240/609 1322/240/1198 1321/239/1197
f 1351/241/611 1320/240/609 1319/239/1195
f 1322/240/1198 1325/245/1200 1323/242/613
f 1321/239/1197 1323/242/613 1326/243/1199
f 1325/245/1200 1336/256/613 1324/244/1199
f 1323/242/613 1324/244/1199 1328/246/1201
f 1326/243/1199 1328/246/1201 1329/247/616
f 1318/238/1196 1326/243/1199 1327/248/1202
f 1328/246/1201 1330/250/1203 1331/249/593
f 1324/244/1199 1332/253/1204 1330/250/1203
f 1330/250/1203 1301/252/595 1298/251/594
f 1332/253/1204 1333/254/1192 1301/252/595
f 1334/255/1205 1337/258/622 1333/254/1192
f 1336/256/613 1334/255/1205 1332/253/1204
f 1357/257/1206 1335/259/621 1334/255/1205
f 1335/259/621 1339/288/1207 1337/258/622
f 1338/261/623 1337/261/622 1339/260/1207
f 1300/222/597 1333/222/1192 1337/261/622
f 1342/262/1208 1340/263/625 1339/263/1207
f 1340/260/625 1341/272/2356 1347/264/1209
f 1344/265/1210 1341/266/2356 1340/263/625
f 1343/267/629 1342/262/1208 1335/262/621
f 1345/268/630 1344/265/1210 1342/262/1208
f 1346/269/599 1344/271/599 1345/270/599
f 1347/264/599 1341/272/599 1344/271/599
f 1306/225/599 1346/269/599 1348/273/599
f 1303/226/599 1347/264/599 1346/269/599
f 1309/229/599 1348/273/599 1349/274/599
f 1348/273/599 1345/270/599 1350/275/599
f 1312/232/599 1349/274/599 1351/241/599
f 1349/274/599 1350/275/599 1352/276/599
f 1352/276/631 1353/277/634 1320/240/609
f 1352/276/632 1350/278/637 1354/279/633
f 1353/277/634 1354/279/633 1356/279/1211
f 1353/277/634 1355/277/636 1322/240/1198
f 1355/277/636 1356/280/1211 1325/245/1200
f 1354/279/633 1343/267/629 1357/267/1206
f 1356/280/1211 1357/257/1206 1336/256/613
f 1350/278/637 1345/268/630 1343/267/629
f 1338/261/623 1347/264/1209 1303/226/638
f 1297/221/591 1358/281/639 1329/281/616
f 1358/281/639 1359/282/1212 1327/282/1202
f 1305/219/640 1308/283/641 1358/281/639
f 1308/283/641 1311/284/643 1359/282/1212
f 1359/282/1212 1317/236/602 1360/236/606
f 1311/284/643 1314/237/603 1317/236/602
f 1361/215/517 1365/217/525 1368/216/518
f 1371/219/520 1363/221/582 1361/218/521
f 1361/218/521 1363/221/582 1397/221/1214
f 1365/217/525 1361/215/517 1364/215/524
f 1365/217/525 1367/217/526 1399/222/527
f 1366/222/528 1369/226/581 1368/216/518
f 1362/223/1215 1368/216/532 1370/224/1216
f 1368/216/532 1369/226/573 1372/225/1218
f 1371/227/1217 1370/224/1216 1373/228/1219
f 1370/224/1216 1372/225/1218 1375/229/536
f 1374/230/535 1373/228/1219 1376/231/537
f 1373/228/1219 1375/229/536 1378/232/536
f 1377/233/538 1376/231/537 1379/234/536
f 1376/231/537 1378/232/536 1381/235/536
f 1379/234/539 1382/238/543 1383/236/540
f 1381/235/542 1385/239/545 1382/238/543
f 1382/238/543 1384/238/546 1426/236/544
f 1385/239/545 1387/239/548 1384/238/546
f 1386/240/547 1388/240/550 1387/239/548
f 1417/241/549 1386/240/547 1385/239/545
f 1388/240/550 1391/245/1220 1389/242/551
f 1387/239/548 1389/242/551 1392/243/552
f 1391/245/1220 1402/256/555 1390/244/1221
f 1389/242/551 1390/244/1221 1394/246/552
f 1392/243/552 1394/246/552 1395/247/556
f 1384/238/546 1392/243/552 1393/248/1222
f 1394/246/552 1396/250/1223 1397/249/1214
f 1390/244/1221 1398/253/1224 1396/250/1223
f 1396/250/1223 1367/252/526 1364/251/524
f 1398/253/1224 1399/254/527 1367/252/526
f 1400/255/555 1403/258/1226 1399/254/527
f 1402/256/555 1400/255/555 1398/253/1224
f 1423/257/560 1401/259/1225 1400/255/555
f 1401/259/1225 1405/288/564 1403/258/1226
f 1404/261/563 1403/261/1226 1405/260/564
f 1366/222/528 1399/222/527 1403/261/1226
f 1408/262/566 1406/263/565 1405/263/564
f 1406/260/565 1407/272/2336 1413/264/567
f 1410/265/568 1407/266/2336 1406/263/565
f 1409/267/569 1408/262/566 1401/262/1225
f 1411/268/570 1410/265/568 1408/262/566
f 1412/269/571 1410/271/536 1411/270/1227
f 1413/264/572 1407/272/536 1410/271/536
f 1372/225/1218 1412/269/571 1414/273/536
f 1369/226/573 1413/264/572 1412/269/571
f 1375/229/536 1414/273/536 1415/274/536
f 1414/273/536 1411/270/1227 1416/275/536
f 1378/232/536 1415/274/536 1417/241/536
f 1415/274/536 1416/275/536 1418/276/536
f 1417/241/549 1418/276/2337 1419/277/574
f 1416/278/575 1420/279/580 1419/277/576
f 1419/277/576 1420/279/580 1422/279/1228
f 1386/240/547 1419/277/574 1421/277/1229
f 1421/277/1229 1422/280/1228 1391/245/1220
f 1420/279/580 1409/267/569 1423/267/560
f 1422/280/1228 1423/257/560 1402/256/555
f 1416/278/575 1411/268/570 1409/267/569
f 1404/261/563 1413/264/567 1369/226/581
f 1363/221/582 1424/281/583 1395/281/556
f 1424/281/583 1425/282/585 1393/282/1222
f 1371/219/520 1374/283/584 1424/281/583
f 1374/283/584 1377/284/586 1425/282/585
f 1425/282/585 1383/236/540 1426/236/544
f 1377/284/586 1380/237/541 1383/236/540
f 1428/285/644 1427/260/644 1430/286/644
f 1457/287/645 1429/257/816 1427/288/1230
f 1433/290/649 1430/289/648 1427/263/1231
f 1449/285/644 1431/291/644 1430/286/644
f 1434/267/649 1432/263/2357 1430/289/648
f 1438/279/653 1434/267/649 1433/290/649
f 1433/290/649 1429/267/649 1437/279/653
f 1439/277/653 1438/279/653 1435/292/653
f 1435/292/653 1437/279/653 1581/277/653
f 1440/294/654 1441/287/660 1434/257/1232
f 1442/295/657 1440/294/654 1438/280/656
f 1443/296/659 1446/297/665 1441/287/660
f 1445/298/1233 1443/296/2358 1440/294/1234
f 1444/299/1236 1447/300/670 1446/297/665
f 1468/301/666 1444/299/1236 1443/296/659
f 1448/302/668 1449/380/2340 1441/287/660
f 1450/303/669 1448/302/668 1446/297/665
f 1448/304/1238 1451/305/671 1431/291/671
f 1450/306/672 1452/307/674 1451/305/1239
f 1454/306/672 1453/304/1239 1451/305/1239
f 1453/304/1240 1428/285/1240 1431/291/671
f 1457/287/645 1428/380/647 1453/302/675
f 1455/297/676 1453/302/675 1454/303/677
f 1459/299/1241 1458/296/680 1455/297/676
f 1458/296/680 1460/294/683 1457/287/645
f 1462/301/681 1461/298/1242 1458/296/680
f 1461/298/1242 1463/295/814 1460/294/683
f 1464/308/1243 1461/298/1243 1462/301/685
f 1466/310/687 1463/295/687 1461/298/687
f 1468/301/685 1445/298/1243 1464/308/1243
f 1445/298/687 1442/295/687 1466/310/687
f 1436/293/691 1581/277/2359 1463/295/1244
f 1442/295/1245 1439/277/2360 1436/293/691
f 1465/309/686 1462/301/685 1537/311/692
f 1469/311/1246 1468/301/685 1465/309/686
f 1469/311/695 1471/313/697 1444/299/1236
f 1470/240/696 1473/314/700 1471/313/697
f 1470/240/698 1469/311/1246 1467/312/693
f 1471/313/697 1472/316/701 1447/300/670
f 1473/314/700 1474/256/703 1472/316/701
f 1475/317/702 1476/318/705 1474/256/703
f 1477/319/704 1475/317/702 1473/314/700
f 1478/320/3 1479/321/3 1476/318/705
f 1480/322/3 1478/320/3 1475/317/702
f 1481/323/3 1482/324/3 1479/321/3
f 1483/325/3 1481/323/3 1478/320/3
f 1484/326/3 1485/327/3 1482/324/3
f 1486/328/3 1484/326/3 1481/323/3
f 1487/329/3 1488/330/3 1485/327/3
f 1489/331/3 1487/329/3 1484/326/3
f 1491/244/706 1488/330/3 1487/329/3
f 1490/242/707 1487/329/3 1489/331/3
f 1494/332/709 1491/244/706 1490/242/707
f 1493/333/710 1490/242/707 1492/239/708
f 1497/335/1248 1494/332/709 1493/333/710
f 1496/336/713 1493/333/710 1495/334/711
f 1500/338/715 1497/335/1248 1496/336/713
f 1499/339/716 1496/336/713 1498/337/714
f 1502/341/1249 1503/341/1255 1500/341/1250
f 1504/341/1252 1502/341/1249 1499/341/1251
f 1502/341/1249 1505/341/720 1506/341/1254
f 1504/341/1252 1507/341/1296 1505/341/720
f 1508/336/725 1509/335/1257 1506/338/726
f 1510/337/728 1508/336/725 1505/339/727
f 1511/333/1256 1512/332/1259 1509/335/1257
f 1513/334/732 1511/333/1256 1508/336/725
f 1514/242/1258 1515/244/736 1512/332/1259
f 1516/239/735 1514/242/1258 1511/333/1256
f 1517/329/6 1518/330/6 1515/244/736
f 1519/331/6 1517/329/6 1514/242/1258
f 1517/329/6 1520/326/6 1521/327/6
f 1519/331/6 1522/328/6 1520/326/6
f 1520/326/6 1523/323/6 1524/324/6
f 1522/328/6 1525/325/6 1523/323/6
f 1523/323/6 1526/320/6 1527/321/6
f 1525/325/6 1528/322/6 1526/320/6
f 1526/320/6 1529/317/1260 1530/318/737
f 1528/322/6 1531/319/740 1529/317/1260
f 1529/317/1260 1532/245/741 1533/256/739
f 1531/319/740 1534/240/743 1532/245/741
f 1532/245/741 1535/313/1261 1536/316/742
f 1534/240/743 1537/311/1262 1535/313/1261
f 1535/313/1261 1459/299/1241 1456/300/678
f 1537/311/1262 1462/301/681 1459/299/1241
f 1467/312/693 1537/311/692 1534/240/698
f 1533/256/739 1536/316/742 1538/342/1263
f 1536/316/742 1456/300/678 1454/303/677
f 1538/343/748 1454/306/672 1452/307/674
f 1539/261/752 1538/343/748 1540/344/749
f 1542/343/748 1540/344/749 1452/307/674
f 1543/261/752 1541/345/751 1540/344/749
f 1472/316/701 1542/342/753 1450/303/669
f 1474/256/703 1543/258/754 1542/342/753
f 1476/318/705 1544/346/3 1543/258/754
f 1546/347/1264 1541/345/751 1543/261/752
f 1545/349/3 1544/346/3 1476/318/705
f 1545/351/757 1548/350/1265 1546/347/1264
f 1547/348/755 1539/261/752 1541/345/751
f 1549/351/757 1547/348/755 1546/347/1264
f 1549/351/757 1548/350/1265 1550/353/1266
f 1550/353/1266 1548/350/1265 1545/351/757
f 1551/352/761 1550/353/1266 1552/355/1268
f 1552/355/1268 1550/353/1266 1553/352/1267
f 1553/356/3 1545/349/3 1479/321/3
f 1554/357/3 1553/356/3 1482/324/3
f 1488/330/3 1555/358/3 1554/357/3
f 1557/360/764 1552/355/1268 1554/354/1268
f 1491/244/706 1556/254/2361 1555/358/3
f 1559/361/1269 1557/360/764 1555/359/764
f 1558/359/1271 1557/360/764 1559/361/1269
f 1570/354/1268 1552/355/1268 1557/360/764
f 1562/362/1272 1560/222/1270 1559/361/1269
f 1564/362/1274 1561/363/1273 1559/361/1269
f 1569/364/772 1562/362/1272 1561/363/1273
f 1565/364/1275 1563/365/773 1561/363/1273
f 1564/366/1276 1556/254/2361 1491/244/706
f 1565/367/776 1564/366/1276 1494/332/709
f 1566/368/1277 1567/369/781 1563/365/773
f 1566/370/778 1565/367/776 1497/335/1248
f 1503/341/1255 1567/341/1281 1566/341/1278
f 1568/368/1279 1569/364/772 1563/365/773
f 1503/341/1255 1506/341/1254 1568/341/1280
f 1509/335/1257 1569/367/785 1568/370/1282
f 1512/332/1259 1562/366/1283 1569/367/785
f 1515/244/736 1560/254/787 1562/366/1283
f 1515/244/736 1518/330/6 1558/358/6
f 1518/330/6 1521/327/6 1570/357/6
f 1524/324/6 1551/356/6 1570/357/6
f 1527/321/6 1549/349/6 1551/356/6
f 1530/318/737 1547/346/6 1549/349/6
f 1530/318/737 1533/256/739 1539/258/747
f 1572/371/788 1571/315/1247 1534/240/698
f 1572/371/788 1477/319/1287 1470/240/698
f 1573/372/1285 1572/371/788 1531/319/1284
f 1573/372/1285 1480/322/1289 1477/319/1287
f 1574/373/1288 1573/372/1285 1528/322/1286
f 1574/373/1288 1483/325/794 1480/322/1289
f 1574/373/1290 1525/325/1290 1522/328/797
f 1486/328/797 1483/325/1290 1574/373/1290
f 1576/375/800 1575/374/797 1522/328/797
f 1576/375/800 1489/331/1292 1486/328/797
f 1576/375/800 1519/331/800 1516/239/1291
f 1577/376/802 1492/239/804 1489/331/1292
f 1577/376/802 1516/239/1291 1513/334/805
f 1495/334/807 1492/239/804 1577/376/802
f 1578/377/806 1513/334/805 1510/337/808
f 1498/337/810 1495/334/807 1578/377/806
f 1579/378/809 1510/337/808 1507/340/1293
f 1501/340/1295 1498/337/810 1579/378/809
f 1463/295/814 1581/277/2346 1437/280/815
f 1460/294/683 1437/280/815 1429/257/816
f 1441/287/660 1449/380/2340 1432/288/817
f 1583/285/818 1586/291/818 1585/286/818
f 1612/287/819 1583/380/2347 1582/288/1297
f 1584/267/824 1582/263/2362 1585/289/823
f 1604/285/818 1587/260/818 1585/286/818
f 1585/289/823 1587/263/2363 1589/267/1298
f 1588/290/824 1589/267/1298 1593/279/826
f 1590/292/826 1592/279/1299 1584/267/824
f 1590/292/826 1593/279/826 1594/277/826
f 1736/277/1299 1592/279/1299 1590/292/826
f 1595/294/1300 1593/280/831 1589/257/828
f 1597/295/830 1594/277/2348 1593/280/831
f 1598/296/832 1595/294/1300 1596/287/829
f 1600/298/1301 1597/295/2364 1595/294/1302
f 1599/299/1304 1598/296/832 1601/297/665
f 1623/301/838 1600/298/2365 1598/296/832
f 1596/287/829 1604/380/988 1603/302/839
f 1601/297/665 1603/302/839 1605/303/840
f 1603/304/841 1604/285/2366 1586/291/841
f 1605/306/842 1603/304/843 1606/305/843
f 1609/306/842 1607/307/844 1606/305/843
f 1608/304/841 1606/305/841 1586/291/841
f 1608/302/845 1583/380/2347 1612/287/819
f 1609/303/846 1608/302/845 1610/297/676
f 1614/299/848 1611/300/847 1610/297/676
f 1613/296/849 1610/297/676 1612/287/819
f 1617/301/851 1614/299/848 1613/296/849
f 1616/298/1305 1613/296/849 1615/294/850
f 1617/301/854 1616/298/1306 1619/308/1306
f 1616/298/1307 1618/295/1307 1621/310/1307
f 1619/308/1306 1600/298/1306 1623/301/854
f 1621/310/1307 1597/295/1307 1600/298/1307
f 1618/295/861 1736/277/861 1591/293/861
f 1591/293/861 1594/277/861 1597/295/861
f 1692/311/862 1617/301/854 1620/309/856
f 1620/309/856 1623/301/854 1624/311/864
f 1624/311/1308 1623/301/838 1599/299/1304
f 1625/240/867 1624/311/1308 1626/313/866
f 1622/312/863 1624/311/864 1625/240/869
f 1626/313/866 1599/299/1304 1602/300/837
f 1628/314/868 1626/313/866 1627/316/871
f 1630/317/873 1628/314/868 1629/256/872
f 1632/319/875 1625/240/867 1628/314/868
f 1633/320/3 1630/317/873 1631/318/874
f 1635/322/3 1632/319/875 1630/317/873
f 1636/323/3 1633/320/3 1634/321/3
f 1638/325/3 1635/322/3 1633/320/3
f 1639/326/3 1636/323/3 1637/324/3
f 1641/328/3 1638/325/3 1636/323/3
f 1642/329/3 1639/326/3 1640/327/3
f 1644/331/3 1641/328/3 1639/326/3
f 1642/329/3 1643/330/3 1646/244/876
f 1644/331/3 1642/329/3 1645/242/877
f 1645/242/877 1646/244/876 1649/332/879
f 1647/239/878 1645/242/877 1648/333/1309
f 1648/333/1309 1649/332/879 1652/335/1310
f 1650/334/881 1648/333/1309 1651/336/883
f 1651/336/883 1652/335/1310 1655/338/885
f 1653/337/884 1651/336/883 1654/339/1311
f 1657/341/1312 1654/341/1315 1655/341/1313
f 1659/341/892 1656/341/1360 1654/341/1315
f 1657/341/1312 1658/341/1314 1661/341/1316
f 1659/341/892 1657/341/1312 1660/341/1317
f 1661/338/896 1664/335/1320 1663/336/897
f 1660/339/1319 1663/336/897 1665/337/899
f 1664/335/1320 1667/332/1322 1666/333/1321
f 1663/336/897 1666/333/1321 1668/334/903
f 1667/332/1322 1670/244/907 1669/242/905
f 1666/333/1321 1669/242/905 1671/239/906
f 1670/244/907 1673/330/6 1672/329/6
f 1669/242/905 1672/329/6 1674/331/6
f 1672/329/6 1673/330/6 1676/327/6
f 1674/331/6 1672/329/6 1675/326/6
f 1675/326/6 1676/327/6 1679/324/6
f 1677/328/6 1675/326/6 1678/323/6
f 1678/323/6 1679/324/6 1682/321/6
f 1680/325/6 1678/323/6 1681/320/6
f 1681/320/6 1682/321/6 1685/318/908
f 1683/322/6 1681/320/6 1684/317/909
f 1684/317/909 1685/318/908 1688/256/911
f 1686/319/910 1684/317/909 1687/245/1323
f 1687/245/1323 1688/256/911 1691/316/914
f 1689/240/913 1687/245/1323 1690/313/1324
f 1690/313/1324 1691/316/914 1611/300/847
f 1692/311/1325 1690/313/1324 1614/299/848
f 1689/240/869 1692/311/862 1622/312/863
f 1688/256/911 1694/258/959 1693/342/1326
f 1691/316/914 1693/342/1326 1609/303/846
f 1693/343/918 1695/344/920 1607/307/844
f 1694/261/1327 1696/345/921 1695/344/920
f 1697/343/918 1605/306/842 1607/307/844
f 1698/261/919 1697/343/918 1695/344/920
f 1627/316/871 1602/300/837 1605/303/840
f 1629/256/872 1627/316/871 1697/342/922
f 1631/318/874 1629/256/872 1698/258/923
f 1698/261/919 1696/345/921 1701/347/1328
f 1631/318/874 1699/346/3 1700/349/3
f 1699/348/1328 1701/347/1328 1703/350/925
f 1701/347/1328 1696/345/921 1694/261/1327
f 1703/350/925 1701/347/1328 1702/348/1330
f 1705/353/929 1703/350/925 1704/351/925
f 1708/352/928 1700/351/1329 1703/350/925
f 1707/355/932 1705/353/929 1706/352/929
f 1708/352/928 1705/353/929 1707/355/932
f 1634/321/3 1700/349/3 1708/356/3
f 1637/324/3 1708/356/3 1709/357/3
f 1643/330/3 1640/327/3 1709/357/3
f 1709/354/1332 1707/355/932 1712/360/940
f 1646/244/876 1643/330/3 1710/358/3
f 1711/222/1335 1710/359/1333 1712/360/940
f 1715/222/1335 1714/361/937 1712/360/940
f 1713/359/935 1712/360/940 1707/355/932
f 1717/362/1336 1716/363/943 1714/361/937
f 1719/362/942 1711/222/1335 1714/361/937
f 1724/364/1337 1718/365/1338 1716/363/943
f 1720/364/945 1719/362/942 1716/363/943
f 1646/244/876 1711/254/1334 1719/366/1339
f 1649/332/879 1719/366/1339 1720/367/948
f 1721/368/1340 1720/364/945 1718/365/1338
f 1652/335/1310 1720/367/948 1721/370/951
f 1658/341/1314 1655/341/1313 1721/341/1342
f 1723/368/1344 1722/369/1341 1718/365/1338
f 1658/341/1314 1722/341/1343 1723/341/1345
f 1723/370/1346 1724/367/1347 1664/335/1320
f 1724/367/1347 1717/366/958 1667/332/1322
f 1717/366/958 1715/254/2367 1670/244/907
f 1670/244/907 1715/254/2367 1713/358/6
f 1673/330/6 1713/358/6 1725/357/6
f 1725/357/6 1706/356/6 1679/324/6
f 1706/356/6 1704/349/6 1682/321/6
f 1704/349/6 1702/346/6 1685/318/908
f 1685/318/908 1702/346/6 1694/258/959
f 1727/371/960 1686/319/1349 1689/240/869
f 1727/371/960 1726/315/870 1625/240/869
f 1728/372/1348 1683/322/966 1686/319/1349
f 1728/372/1348 1727/371/960 1632/319/961
f 1729/373/1351 1680/325/967 1683/322/966
f 1729/373/1351 1728/372/1348 1635/322/1350
f 1677/328/968 1680/325/2368 1729/373/969
f 1729/373/969 1638/325/969 1641/328/968
f 1731/375/970 1674/331/971 1677/328/968
f 1731/375/970 1730/374/968 1641/328/968
f 1732/376/972 1671/239/973 1674/331/971
f 1732/376/972 1731/375/970 1644/331/971
f 1668/334/1353 1671/239/973 1732/376/972
f 1732/376/972 1647/239/973 1650/334/1354
f 1665/337/977 1668/334/1353 1733/377/975
f 1733/377/975 1650/334/1354 1653/337/1355
f 1662/340/1356 1665/337/977 1734/378/978
f 1734/378/978 1653/337/1355 1656/340/1358
f 1618/295/853 1615/294/850 1592/280/985
f 1615/294/850 1612/287/819 1584/257/821
f 1596/287/829 1589/257/828 1587/288/987
f 1738/223/134 1744/216/1363 1741/217/135
f 1738/220/131 1737/218/137 1739/221/132
f 1737/218/137 1740/218/163 1773/221/1362
f 1743/217/139 1740/215/163 1737/215/136
f 1775/222/142 1743/217/139 1741/217/135
f 1744/216/1363 1745/226/185 1742/222/141
f 1738/223/143 1747/227/143 1746/224/143
f 1744/216/143 1746/224/143 1748/225/143
f 1747/227/143 1750/230/143 1749/228/143
f 1746/224/143 1749/228/143 1751/229/143
f 1750/230/143 1753/233/143 1752/231/143
f 1749/228/143 1752/231/143 1754/232/143
f 1753/233/143 1756/237/143 1755/234/143
f 1752/231/143 1755/234/143 1757/235/1364
f 1759/236/144 1758/238/147 1755/234/145
f 1758/238/147 1761/239/151 1757/235/148
f 1802/236/1365 1760/238/150 1758/238/147
f 1760/238/150 1763/239/153 1761/239/151
f 1763/239/153 1764/240/156 1762/240/1366
f 1761/239/151 1762/240/1366 1793/241/152
f 1765/242/155 1767/245/159 1764/240/156
f 1768/243/157 1765/242/155 1763/239/153
f 1766/244/162 1778/256/1368 1767/245/159
f 1770/246/1367 1766/244/162 1765/242/155
f 1771/247/161 1770/246/1367 1768/243/157
f 1769/248/160 1768/243/157 1760/238/150
f 1773/249/1362 1772/250/162 1770/246/1367
f 1772/250/162 1774/253/157 1766/244/162
f 1740/251/163 1743/252/139 1772/250/162
f 1743/252/139 1775/254/142 1774/253/157
f 1775/254/142 1779/258/165 1776/255/155
f 1774/253/157 1776/255/155 1778/256/1368
f 1776/255/155 1777/259/166 1799/257/167
f 1779/258/165 1781/288/169 1777/259/166
f 1781/260/169 1779/261/165 1780/261/168
f 1779/261/165 1775/222/142 1742/222/141
f 1784/262/171 1777/262/166 1781/263/169
f 1789/264/172 1783/272/174 1782/260/170
f 1786/265/173 1784/262/171 1782/263/170
f 1785/267/176 1799/267/167 1777/262/166
f 1787/268/175 1785/267/176 1784/262/171
f 1788/269/143 1790/273/143 1787/270/177
f 1789/264/143 1788/269/143 1786/271/143
f 1748/225/143 1751/229/143 1790/273/143
f 1745/226/143 1748/225/143 1788/269/143
f 1751/229/143 1754/232/143 1791/274/143
f 1790/273/143 1791/274/143 1792/275/143
f 1754/232/143 1757/235/1364 1793/241/143
f 1791/274/143 1793/241/143 1794/276/143
f 1762/240/1366 1795/277/182 1794/276/1369
f 1794/276/179 1795/277/182 1796/279/180
f 1795/277/182 1797/277/184 1798/279/1370
f 1764/240/156 1797/277/184 1795/277/182
f 1767/245/159 1798/280/1370 1797/277/184
f 1796/279/180 1798/279/1370 1799/267/167
f 1778/256/1368 1799/257/167 1798/280/1370
f 1792/278/181 1796/279/180 1785/267/176
f 1745/226/185 1789/264/172 1780/261/168
f 1739/221/132 1773/221/1362 1771/281/161
f 1800/281/186 1771/281/161 1769/282/160
f 1747/219/133 1739/221/132 1800/281/186
f 1750/283/188 1800/281/186 1801/282/187
f 1801/282/187 1769/282/160 1802/236/1365
f 1753/284/189 1801/282/187 1759/236/144
f 1804/285/190 1807/291/190 1806/286/190
f 1833/287/1371 1804/380/2327 1803/288/192
f 1805/267/194 1803/263/195 1806/289/195
f 1825/285/190 1808/260/190 1806/286/190
f 1806/289/195 1808/263/195 1810/267/194
f 1809/290/194 1810/267/194 1814/279/1372
f 1813/279/1372 1805/267/194 1809/290/194
f 1811/292/1372 1814/279/1372 1815/277/1372
f 1812/293/1372 1957/277/1372 1813/279/1372
f 1816/294/1373 1814/280/201 1810/257/1374
f 1818/295/200 1815/277/2328 1814/280/201
f 1819/296/202 1816/294/1373 1817/287/199
f 1821/298/1375 1818/295/2369 1816/294/1376
f 1820/299/1378 1819/296/202 1822/297/203
f 1844/301/209 1821/298/2370 1819/296/202
f 1817/287/199 1825/380/352 1824/302/1379
f 1822/297/203 1824/302/1379 1826/303/211
f 1824/304/212 1825/285/212 1807/291/212
f 1826/306/213 1824/304/214 1827/305/214
f 1830/306/213 1828/307/215 1827/305/214
f 1829/304/212 1827/305/212 1807/291/212
f 1829/302/216 1804/380/2327 1833/287/1371
f 1830/303/218 1829/302/216 1831/297/217
f 1835/299/1381 1832/300/219 1831/297/217
f 1834/296/221 1831/297/217 1833/287/1371
f 1838/301/223 1835/299/1381 1834/296/221
f 1837/298/1382 1834/296/221 1836/294/222
f 1838/301/226 1837/298/227 1840/308/227
f 1837/298/1383 1839/295/1383 1842/310/1383
f 1840/308/227 1821/298/227 1844/301/226
f 1842/310/1383 1818/295/1383 1821/298/1383
f 1839/295/230 1957/277/230 1812/293/230
f 1812/293/230 1815/277/230 1818/295/230
f 1913/311/231 1838/301/226 1841/309/228
f 1841/309/228 1844/301/226 1845/311/233
f 1845/311/1384 1844/301/209 1820/299/1378
f 1846/240/236 1845/311/1384 1847/313/235
f 1843/312/232 1845/311/233 1846/240/238
f 1847/313/235 1820/299/1378 1823/300/208
f 1849/314/237 1847/313/235 1848/316/240
f 1851/317/242 1849/314/237 1850/256/241
f 1853/319/244 1846/240/236 1849/314/237
f 1854/320/3 1851/317/242 1852/318/243
f 1856/322/3 1853/319/244 1851/317/242
f 1857/323/3 1854/320/3 1855/321/3
f 1859/325/3 1856/322/3 1854/320/3
f 1860/326/3 1857/323/3 1858/324/3
f 1862/328/3 1859/325/3 1857/323/3
f 1863/329/3 1860/326/3 1861/327/3
f 1865/331/3 1862/328/3 1860/326/3
f 1863/329/3 1864/330/3 1867/244/245
f 1865/331/3 1863/329/3 1866/242/246
f 1866/242/246 1867/244/245 1870/332/1385
f 1868/239/247 1866/242/246 1869/333/1386
f 1869/333/1386 1870/332/1385 1873/335/1387
f 1871/334/250 1869/333/1386 1872/336/252
f 1872/336/252 1873/335/1387 1876/338/254
f 1874/337/253 1872/336/252 1875/339/255
f 1878/341/257 1875/341/1389 1876/341/1388
f 1880/341/347 1877/341/1413 1875/341/1389
f 1878/341/257 1879/341/259 1882/341/1390
f 1880/341/347 1878/341/257 1881/341/1391
f 1882/338/265 1885/335/270 1884/336/266
f 1881/339/1393 1884/336/266 1886/337/268
f 1885/335/270 1888/332/1394 1887/333/271
f 1884/336/266 1887/333/271 1889/334/272
f 1888/332/1394 1891/244/276 1890/242/274
f 1887/333/271 1890/242/274 1892/239/275
f 1891/244/276 1894/330/6 1893/329/6
f 1890/242/274 1893/329/6 1895/331/6
f 1893/329/6 1894/330/6 1897/327/6
f 1895/331/6 1893/329/6 1896/326/6
f 1896/326/6 1897/327/6 1900/324/6
f 1898/328/6 1896/326/6 1899/323/6
f 1899/323/6 1900/324/6 1903/321/6
f 1901/325/6 1899/323/6 1902/320/6
f 1902/320/6 1903/321/6 1906/318/277
f 1904/322/6 1902/320/6 1905/317/278
f 1905/317/278 1906/318/277 1909/256/280
f 1907/319/279 1905/317/278 1908/245/281
f 1908/245/281 1909/256/280 1912/316/283
f 1910/240/282 1908/245/281 1911/313/1395
f 1911/313/1395 1912/316/283 1832/300/219
f 1913/311/285 1911/313/1395 1835/299/1381
f 1910/240/238 1913/311/231 1843/312/232
f 1909/256/280 1915/258/323 1914/342/1396
f 1912/316/283 1914/342/1396 1830/303/218
f 1914/343/287 1916/344/289 1828/307/215
f 1915/261/1397 1917/345/291 1916/344/289
f 1918/343/287 1826/306/213 1828/307/215
f 1919/261/288 1918/343/287 1916/344/289
f 1848/316/240 1823/300/208 1826/303/211
f 1850/256/241 1848/316/240 1918/342/292
f 1852/318/243 1850/256/241 1919/258/293
f 1919/261/288 1917/345/291 1922/347/294
f 1852/318/243 1920/346/3 1921/349/3
f 1920/348/294 1922/347/294 1924/350/297
f 1922/347/294 1917/345/291 1915/261/1397
f 1924/350/297 1922/347/294 1923/348/294
f 1926/353/299 1924/350/297 1925/351/1398
f 1921/351/1398 1924/350/297 1926/353/299
f 1928/355/300 1926/353/299 1927/352/298
f 1930/354/300 1929/352/298 1926/353/299
f 1855/321/3 1921/349/3 1929/356/3
f 1858/324/3 1929/356/3 1930/357/3
f 1864/330/3 1861/327/3 1930/357/3
f 1931/359/1399 1930/354/300 1928/355/300
f 1867/244/245 1864/330/3 1931/358/3
f 1931/359/1399 1933/360/301 1935/361/1401
f 1936/222/303 1935/361/1401 1933/360/301
f 1933/360/301 1928/355/300 1946/354/300
f 1938/362/1402 1937/363/1403 1935/361/1401
f 1940/362/306 1932/222/303 1935/361/1401
f 1945/364/308 1939/365/310 1937/363/1403
f 1941/364/309 1940/362/306 1937/363/1403
f 1867/244/245 1932/254/1400 1940/366/1404
f 1870/332/1385 1940/366/1404 1941/367/312
f 1942/368/1405 1941/364/309 1939/365/310
f 1873/335/1387 1941/367/312 1942/370/1406
f 1879/341/259 1876/341/1388 1942/341/316
f 1944/368/318 1943/369/314 1939/365/310
f 1879/341/259 1943/341/1407 1944/341/319
f 1944/370/1408 1945/367/321 1885/335/270
f 1945/367/321 1938/366/322 1888/332/1394
f 1938/366/322 1936/254/2331 1891/244/276
f 1891/244/276 1936/254/2331 1934/358/6
f 1894/330/6 1934/358/6 1946/357/6
f 1946/357/6 1927/356/6 1900/324/6
f 1927/356/6 1925/349/6 1903/321/6
f 1925/349/6 1923/346/6 1906/318/277
f 1906/318/277 1923/346/6 1915/258/323
f 1948/371/324 1907/319/327 1910/240/238
f 1948/371/324 1947/315/239 1846/240/238
f 1949/372/1410 1904/322/330 1907/319/327
f 1949/372/1410 1948/371/324 1853/319/1409
f 1950/373/329 1901/325/331 1904/322/330
f 1950/373/329 1949/372/1410 1856/322/328
f 1898/328/332 1901/325/1411 1950/373/1411
f 1950/373/1411 1859/325/1411 1862/328/332
f 1952/375/335 1895/331/335 1898/328/332
f 1952/375/335 1951/374/332 1862/328/332
f 1953/376/337 1892/239/336 1895/331/335
f 1953/376/337 1952/375/335 1865/331/335
f 1889/334/338 1892/239/336 1953/376/337
f 1953/376/337 1868/239/336 1871/334/340
f 1886/337/341 1889/334/338 1954/377/339
f 1954/377/339 1871/334/340 1874/337/343
f 1883/340/1412 1886/337/341 1955/378/342
f 1955/378/342 1874/337/343 1877/340/346
f 1839/295/225 1836/294/222 1813/280/349
f 1836/294/222 1833/287/1371 1805/257/193
f 1817/287/199 1810/257/1374 1808/288/1414
f 1959/285/353 1958/260/353 1961/286/353
f 1988/287/1415 1960/257/515 1958/288/355
f 1961/289/357 1958/263/357 1960/267/358
f 1980/285/353 1962/291/353 1961/286/353
f 1965/267/358 1963/263/357 1961/289/357
f 1969/279/359 1965/267/358 1964/290/358
f 1964/290/358 1960/267/358 1968/279/359
f 1970/277/359 1969/279/359 1966/292/359
f 1966/292/359 1968/279/359 2112/277/359
f 1971/294/1416 1972/287/1417 1965/257/361
f 1973/295/363 1971/294/1416 1969/280/362
f 1974/296/365 1977/297/203 1972/287/1417
f 1976/298/367 1974/296/2371 1971/294/368
f 1975/299/370 1978/300/375 1977/297/203
f 1999/301/371 1975/299/370 1974/296/365
f 1979/302/373 1980/380/2333 1972/287/1417
f 1981/303/374 1979/302/373 1977/297/203
f 1979/304/376 1982/305/376 1962/291/376
f 1981/306/377 1983/307/379 1982/305/378
f 1985/306/377 1984/304/378 1982/305/378
f 1984/304/376 1959/285/376 1962/291/376
f 1988/287/1415 1959/380/356 1984/302/380
f 1986/297/217 1984/302/380 1985/303/381
f 1990/299/383 1989/296/384 1986/297/217
f 1989/296/384 1991/294/387 1988/287/1415
f 1993/301/385 1992/298/1419 1989/296/384
f 1992/298/1419 1994/295/513 1991/294/387
f 1995/308/388 1992/298/388 1993/301/389
f 1997/310/391 1994/295/392 1992/298/392
f 1999/301/389 1976/298/388 1995/308/388
f 1976/298/391 1973/295/391 1997/310/391
f 1967/293/393 2112/277/1420 1994/295/1420
f 1973/295/395 1970/277/393 1967/293/393
f 1996/309/390 1993/301/389 2068/311/396
f 2000/311/398 1999/301/389 1996/309/390
f 2000/311/1422 2002/313/1423 1975/299/370
f 2001/240/400 2004/314/404 2002/313/1423
f 2001/240/402 2000/311/398 1998/312/397
f 2002/313/1423 2003/316/405 1978/300/375
f 2004/314/404 2005/256/407 2003/316/405
f 2006/317/406 2007/318/409 2005/256/407
f 2008/319/408 2006/317/406 2004/314/404
f 2009/320/3 2010/321/3 2007/318/409
f 2011/322/3 2009/320/3 2006/317/406
f 2012/323/3 2013/324/3 2010/321/3
f 2014/325/3 2012/323/3 2009/320/3
f 2015/326/3 2016/327/3 2013/324/3
f 2017/328/3 2015/326/3 2012/323/3
f 2018/329/3 2019/330/3 2016/327/3
f 2020/331/3 2018/329/3 2015/326/3
f 2022/244/410 2019/330/3 2018/329/3
f 2021/242/411 2018/329/3 2020/331/3
f 2025/332/1424 2022/244/410 2021/242/411
f 2024/333/1425 2021/242/411 2023/239/412
f 2028/335/416 2025/332/1424 2024/333/1425
f 2027/336/417 2024/333/1425 2026/334/415
f 2031/338/419 2028/335/416 2027/336/417
f 2030/339/1426 2027/336/417 2029/337/418
f 2033/341/511 2034/341/428 2031/341/1427
f 2035/341/1429 2033/341/511 2030/341/1428
f 2033/341/511 2036/341/1432 2037/341/1431
f 2035/341/1429 2038/341/1459 2036/341/1432
f 2039/336/430 2040/335/436 2037/338/431
f 2041/337/433 2039/336/430 2036/339/432
f 2042/333/435 2043/332/1433 2040/335/436
f 2044/334/437 2042/333/435 2039/336/430
f 2045/242/438 2046/244/441 2043/332/1433
f 2047/239/440 2045/242/438 2042/333/435
f 2048/329/6 2049/330/6 2046/244/441
f 2050/331/6 2048/329/6 2045/242/438
f 2048/329/6 2051/326/6 2052/327/6
f 2050/331/6 2053/328/6 2051/326/6
f 2051/326/6 2054/323/6 2055/324/6
f 2053/328/6 2056/325/6 2054/323/6
f 2054/323/6 2057/320/6 2058/321/6
f 2056/325/6 2059/322/6 2057/320/6
f 2057/320/6 2060/317/443 2061/318/442
f 2059/322/6 2062/319/445 2060/317/443
f 2060/317/443 2063/245/446 2064/256/444
f 2062/319/445 2065/240/448 2063/245/446
f 2063/245/446 2066/313/1434 2067/316/447
f 2065/240/448 2068/311/1435 2066/313/1434
f 2066/313/1434 1990/299/383 1987/300/382
f 2068/311/1435 1993/301/385 1990/299/383
f 1998/312/397 2068/311/396 2065/240/402
f 2064/256/444 2067/316/447 2069/342/1436
f 2067/316/447 1987/300/382 1985/303/381
f 2069/343/453 1985/306/377 1983/307/379
f 2070/261/455 2069/343/453 2071/344/454
f 2073/343/453 2071/344/454 1983/307/379
f 2074/261/455 2072/345/456 2071/344/454
f 2003/316/405 2073/342/457 1981/303/374
f 2005/256/407 2074/258/458 2073/342/457
f 2007/318/409 2075/346/3 2074/258/458
f 2075/348/460 2077/347/459 2072/345/456
f 2076/349/3 2075/346/3 2007/318/409
f 2076/351/461 2079/350/461 2077/347/459
f 2078/348/459 2070/261/455 2072/345/456
f 2080/351/461 2078/348/459 2077/347/459
f 2080/351/461 2079/350/461 2081/353/1437
f 2084/352/463 2081/353/1437 2079/350/461
f 2082/352/463 2081/353/1437 2083/355/465
f 2083/355/465 2081/353/1437 2084/352/463
f 2084/356/3 2076/349/3 2010/321/3
f 2085/357/3 2084/356/3 2013/324/3
f 2019/330/3 2086/358/3 2085/357/3
f 2088/360/466 2083/355/465 2085/354/1438
f 2022/244/410 2087/254/2334 2086/358/3
f 2087/222/468 2090/361/1439 2088/360/466
f 2091/222/468 2089/359/466 2088/360/466
f 2101/354/465 2083/355/465 2088/360/466
f 2093/362/1440 2091/222/468 2090/361/1439
f 2095/362/1441 2092/363/471 2090/361/1439
f 2100/364/473 2093/362/1440 2092/363/471
f 2096/364/475 2094/365/1442 2092/363/471
f 2095/366/476 2087/254/2334 2022/244/410
f 2096/367/1443 2095/366/476 2025/332/1424
f 2097/368/1444 2098/369/1448 2094/365/1442
f 2097/370/1445 2096/367/1443 2028/335/416
f 2034/341/428 2098/341/1450 2097/341/1446
f 2099/368/1447 2100/364/473 2094/365/1442
f 2034/341/428 2037/341/1431 2099/341/1449
f 2040/335/436 2100/367/486 2099/370/485
f 2043/332/1433 2093/366/487 2100/367/486
f 2046/244/441 2091/254/488 2093/366/487
f 2046/244/441 2049/330/6 2089/358/6
f 2049/330/6 2052/327/6 2101/357/6
f 2055/324/6 2082/356/6 2101/357/6
f 2058/321/6 2080/349/6 2082/356/6
f 2061/318/442 2078/346/6 2080/349/6
f 2061/318/442 2064/256/444 2070/258/452
f 2103/371/489 2102/315/403 2065/240/402
f 2103/371/489 2008/319/1452 2001/240/402
f 2104/372/491 2103/371/489 2062/319/490
f 2104/372/491 2011/322/1455 2008/319/1452
f 2105/373/1453 2104/372/491 2059/322/1451
f 2105/373/1453 2014/325/2372 2011/322/1455
f 2105/373/1456 2056/325/2373 2053/328/497
f 2017/328/497 2014/325/2374 2105/373/1456
f 2106/374/497 2053/328/497 2050/331/498
f 2107/375/498 2020/331/498 2017/328/497
f 2107/375/498 2050/331/498 2047/239/501
f 2023/239/501 2020/331/498 2107/375/498
f 2108/376/500 2047/239/501 2044/334/1457
f 2026/334/504 2023/239/501 2108/376/500
f 2109/377/503 2044/334/1457 2041/337/505
f 2029/337/507 2026/334/504 2109/377/503
f 2110/378/506 2041/337/505 2038/340/1458
f 2032/340/510 2029/337/507 2110/378/506
f 1994/295/513 2112/277/2335 1968/280/514
f 1991/294/387 1968/280/514 1960/257/515
f 1972/287/1417 1980/380/2333 1963/288/516
