# Blender 4.4.0
# www.blender.org
mtllib liquid .mtl
o LiquidPuddle
v -0.000606 0.017526 0.009109
v 1.865346 0.014856 -0.047575
v 1.818801 0.254314 -0.047575
v 1.769074 0.483911 -0.047575
v 1.586495 0.675632 -0.047575
v 1.703748 1.010540 -0.047575
v 1.612638 1.248320 -0.047575
v 1.328138 1.325454 -0.047575
v 0.983758 1.290917 -0.047575
v 0.836653 1.467184 -0.047575
v 0.613430 1.481380 -0.047575
v 0.405142 1.567464 -0.047575
v 0.242769 1.954273 -0.047575
v 0.017083 1.939296 -0.047575
v -0.192941 1.512546 -0.047575
v -0.457076 1.687916 -0.047575
v -0.633060 1.562888 -0.047575
v -0.777832 1.366174 -0.047575
v -1.003344 1.305098 -0.047575
v -1.363020 1.366174 -0.047575
v -1.574079 1.218983 -0.047575
v -1.810059 1.056863 -0.047575
v -1.821831 0.784244 -0.047575
v -1.619977 0.452290 -0.047575
v -1.843824 0.246744 -0.047575
v -1.984616 0.013169 -0.047575
v -1.925354 -0.232252 -0.047575
v -1.639820 -0.408817 -0.047575
v -1.266340 -0.499005 -0.047575
v -1.123976 -0.636259 -0.047575
v -1.158927 -0.895424 -0.047575
v -1.295588 -1.286102 -0.047575
v -1.009091 -1.285983 -0.047575
v -0.837729 -1.459484 -0.047575
v -0.737095 -1.764411 -0.047575
v -0.455316 -1.662355 -0.047575
v -0.229139 -1.745988 -0.047575
v -0.007147 -1.704174 -0.047575
v 0.215456 -1.587922 -0.047575
v 0.508166 -1.824464 -0.047575
v 0.768346 -1.861637 -0.047575
v 0.821375 -1.436430 -0.047575
v 0.932585 -1.202136 -0.047575
v 1.030187 -1.027382 -0.047575
v 1.001763 -0.755454 -0.047575
v 1.283412 -0.709337 -0.047575
v 1.608447 -0.644000 -0.047575
v 1.727653 -0.447921 -0.047575
v 1.799079 -0.219460 -0.047575
v 1.865346 0.014856 -0.079334
v 1.818801 0.254314 -0.079334
v 1.769074 0.483911 -0.079334
v 1.586495 0.675632 -0.079334
v 1.703747 1.010539 -0.079334
v 1.612638 1.248320 -0.079334
v 1.328138 1.325453 -0.079334
v 0.983758 1.290917 -0.079334
v 0.836653 1.467183 -0.079334
v 0.613430 1.481380 -0.079334
v 0.405142 1.567464 -0.079334
v 0.242769 1.954273 -0.079335
v 0.017083 1.939296 -0.079335
v -0.192941 1.512546 -0.079334
v -0.457076 1.687916 -0.079334
v -0.633059 1.562888 -0.079334
v -0.777832 1.366174 -0.079334
v -1.003344 1.305098 -0.079334
v -1.363020 1.366174 -0.079334
v -1.574080 1.218984 -0.079334
v -1.810059 1.056863 -0.079334
v -1.821831 0.784244 -0.079334
v -1.619977 0.452290 -0.079334
v -1.843824 0.246744 -0.079334
v -1.984617 0.013169 -0.079334
v -1.925354 -0.232252 -0.079334
v -1.639820 -0.408817 -0.079334
v -1.266340 -0.499005 -0.079334
v -1.123976 -0.636259 -0.079334
v -1.158927 -0.895424 -0.079334
v -1.295588 -1.286102 -0.079334
v -1.009091 -1.285983 -0.079334
v -0.837729 -1.459484 -0.079334
v -0.737095 -1.764411 -0.079334
v -0.455316 -1.662355 -0.079334
v -0.229139 -1.745988 -0.079334
v -0.007147 -1.704174 -0.079334
v 0.215456 -1.587922 -0.079334
v 0.508166 -1.824464 -0.079334
v 0.768346 -1.861637 -0.079334
v 0.821375 -1.436430 -0.079334
v 0.932585 -1.202136 -0.079334
v 1.030187 -1.027382 -0.079334
v 1.001763 -0.755454 -0.079334
v 1.283412 -0.709337 -0.079334
v 1.608447 -0.644000 -0.079334
v 1.727653 -0.447921 -0.079334
v 1.799080 -0.219460 -0.079334
v -0.000606 0.017526 -0.085168
v 0.812748 0.121888 -0.011496
v 1.234588 0.177366 -0.024516
v 1.568438 0.221346 -0.036429
v 0.825867 0.015537 -0.011496
v 1.261636 0.015048 -0.024516
v 1.606960 0.014878 -0.036429
v 1.869496 0.074954 -0.047876
v 1.865849 0.134461 -0.048177
v 1.840486 0.193402 -0.047876
v 0.780845 0.222074 -0.011496
v 1.194638 0.331461 -0.024516
v 1.523242 0.418629 -0.036429
v 1.823806 0.318601 -0.047876
v 1.829669 0.380636 -0.048177
v 1.808007 0.434970 -0.047876
v 0.726694 0.319010 -0.011496
v 1.085530 0.467531 -0.024516
v 1.370631 0.585844 -0.036429
v 1.727735 0.530791 -0.047876
v 1.678685 0.575287 -0.048177
v 1.620378 0.619094 -0.047876
v 0.747737 0.453947 -0.011496
v 1.148878 0.687316 -0.024516
v 1.466644 0.872301 -0.036429
v 1.605296 0.755309 -0.047876
v 1.648145 0.844755 -0.048177
v 1.680833 0.929010 -0.047876
v 0.709753 0.557493 -0.011496
v 1.089659 0.848069 -0.024516
v 1.389289 1.077392 -0.036429
v 1.720636 1.092317 -0.047876
v 1.714094 1.161940 -0.048177
v 1.670513 1.209235 -0.047876
v 0.588954 0.593435 -0.011496
v 0.898615 0.900158 -0.024516
v 1.144209 1.143490 -0.036429
v 1.562765 1.292255 -0.047876
v 1.505043 1.325569 -0.048177
v 1.422039 1.332600 -0.047876
v 0.451011 0.598047 -0.011496
v 0.673132 0.887199 -0.024516
v 0.849849 1.117031 -0.036429
v 1.240133 1.318502 -0.047876
v 1.152637 1.307404 -0.048177
v 1.060757 1.289919 -0.047876
v 0.368426 0.653710 -0.011496
v 0.564501 0.994593 -0.024516
v 0.720234 1.265124 -0.036429
v 0.938631 1.331059 -0.047876
v 0.909106 1.387055 -0.048177
v 0.875364 1.431838 -0.047876
v 0.274872 0.673946 -0.011496
v 0.416659 1.011098 -0.024516
v 0.529036 1.279412 -0.036429
v 0.794946 1.497770 -0.047876
v 0.744068 1.511033 -0.048177
v 0.679741 1.498009 -0.047876
v 0.183523 0.726295 -0.011496
v 0.276119 1.076838 -0.024516
v 0.349661 1.355937 -0.036429
v 0.556591 1.484158 -0.047876
v 0.504914 1.499037 -0.048177
v 0.452782 1.518869 -0.047876
v 0.104364 0.858601 -0.011496
v 0.162575 1.320039 -0.024516
v 0.208627 1.683976 -0.036429
v 0.366730 1.663867 -0.047876
v 0.330880 1.777099 -0.048177
v 0.289820 1.872945 -0.047876
v 0.008867 0.849675 -0.011496
v 0.012530 1.307673 -0.024516
v 0.015113 1.670031 -0.036429
v 0.190654 2.025019 -0.047876
v 0.134237 2.056299 -0.048177
v 0.074953 2.021923 -0.047876
v -0.089747 0.720832 -0.011496
v -0.132818 1.049779 -0.024516
v -0.166972 1.311893 -0.036429
v -0.035771 1.832801 -0.047876
v -0.085567 1.711153 -0.048177
v -0.136100 1.588017 -0.047876
v -0.198908 0.742958 -0.011496
v -0.307418 1.138999 -0.024516
v -0.393245 1.453584 -0.036429
v -0.259598 1.523613 -0.047876
v -0.329547 1.583506 -0.048177
v -0.395490 1.643563 -0.047876
v -0.281172 0.703531 -0.011496
v -0.428743 1.064229 -0.024516
v -0.545596 1.349442 -0.036429
v -0.514464 1.707905 -0.047876
v -0.562919 1.690921 -0.048177
v -0.599465 1.632272 -0.047876
v -0.351608 0.625804 -0.011496
v -0.529206 0.934403 -0.024516
v -0.670876 1.180442 -0.036429
v -0.672070 1.512141 -0.047876
v -0.710561 1.467562 -0.048177
v -0.742759 1.413842 -0.047876
v -0.456231 0.598840 -0.011496
v -0.684601 0.893801 -0.024516
v -0.866181 1.128276 -0.036429
v -0.824961 1.340465 -0.047876
v -0.878432 1.324996 -0.048177
v -0.933395 1.307995 -0.047876
v -0.599417 0.606093 -0.011496
v -0.919573 0.925149 -0.024516
v -1.173437 1.177852 -0.036429
v -1.098823 1.329813 -0.047876
v -1.200244 1.359712 -0.048177
v -1.286808 1.370477 -0.047876
v -0.705123 0.552871 -0.011496
v -1.069369 0.832300 -0.024516
v -1.357668 1.053301 -0.036429
v -1.435487 1.353934 -0.047876
v -1.493959 1.324767 -0.048177
v -1.531846 1.272580 -0.047876
v -0.795775 0.474107 -0.011496
v -1.222145 0.718670 -0.024516
v -1.558937 0.912279 -0.036429
v -1.642456 1.183887 -0.047876
v -1.714716 1.152675 -0.048177
v -1.766620 1.108093 -0.047876
v -0.800400 0.355301 -0.011496
v -1.228818 0.535043 -0.024516
v -1.568376 0.677601 -0.036429
v -1.856961 1.007088 -0.047876
v -1.883267 0.948432 -0.048177
v -1.865917 0.870891 -0.047876
v -0.748900 0.218150 -0.011496
v -1.111453 0.315389 -0.024516
v -1.400337 0.393079 -0.036429
v -1.772168 0.699872 -0.047876
v -1.715068 0.615783 -0.048177
v -1.651901 0.529788 -0.047876
v -0.817496 0.116897 -0.011496
v -1.246999 0.171044 -0.024516
v -1.588195 0.214338 -0.036429
v -1.650613 0.392693 -0.047876
v -1.715221 0.343826 -0.048177
v -1.779202 0.296089 -0.047876
v -0.875520 0.013973 -0.011496
v -1.341709 0.013566 -0.024516
v -1.709856 0.013355 -0.036429
v -1.912886 0.194692 -0.047876
v -1.964440 0.138520 -0.048177
v -1.980494 0.077403 -0.047876
v -0.847119 -0.091255 -0.011496
v -1.300364 -0.151024 -0.024516
v -1.658351 -0.197756 -0.036429
v -1.999513 -0.051715 -0.047876
v -2.002866 -0.114885 -0.048177
v -1.971691 -0.174694 -0.047876
v -0.727014 -0.168863 -0.011496
v -1.109595 -0.270033 -0.024516
v -1.412835 -0.349699 -0.036429
v -1.884046 -0.288076 -0.047876
v -1.828888 -0.337545 -0.048177
v -1.740907 -0.376631 -0.047876
v -0.578939 -0.216990 -0.011496
v -0.865139 -0.334921 -0.024516
v -1.093409 -0.428515 -0.036429
v -1.547412 -0.437952 -0.047876
v -1.455027 -0.461825 -0.048177
v -1.354033 -0.479227 -0.047876
v -0.511036 -0.281639 -0.011496
v -0.765677 -0.428963 -0.024516
v -0.969557 -0.546874 -0.036429
v -1.212667 -0.529127 -0.047876
v -1.178443 -0.563995 -0.048177
v -1.146425 -0.597653 -0.047876
v -0.524512 -0.399755 -0.011496
v -0.790087 -0.607240 -0.024516
v -1.000472 -0.771470 -0.036429
v -1.120106 -0.686502 -0.047876
v -1.125810 -0.745060 -0.048177
v -1.133458 -0.810060 -0.047876
v -0.553240 -0.542037 -0.011496
v -0.866112 -0.855494 -0.024516
v -1.113071 -1.103005 -0.036429
v -1.214091 -1.010268 -0.047876
v -1.271290 -1.128685 -0.048177
v -1.299729 -1.222078 -0.047876
v -0.458238 -0.576059 -0.011496
v -0.688788 -0.872754 -0.024516
v -0.871388 -1.108219 -0.036429
v -1.260959 -1.321637 -0.047876
v -1.194600 -1.326205 -0.048177
v -1.100771 -1.303587 -0.047876
v -0.378089 -0.651114 -0.011496
v -0.570030 -0.989276 -0.024516
v -0.722668 -1.257461 -0.036429
v -0.946410 -1.302558 -0.047876
v -0.903147 -1.341929 -0.048177
v -0.865314 -1.389641 -0.047876
v -0.318412 -0.754452 -0.011496
v -0.494553 -1.179228 -0.024516
v -0.633797 -1.515095 -0.036429
v -0.824950 -1.561626 -0.047876
v -0.811686 -1.663484 -0.048177
v -0.781986 -1.730681 -0.047876
v -0.207161 -0.745770 -0.011496
v -0.311050 -1.129554 -0.024516
v -0.393284 -1.433361 -0.036429
v -0.681197 -1.771968 -0.047876
v -0.613027 -1.749490 -0.048177
v -0.533202 -1.699642 -0.047876
v -0.102265 -0.763121 -0.011496
v -0.155108 -1.175209 -0.024516
v -0.197347 -1.501781 -0.036429
v -0.391758 -1.672034 -0.047876
v -0.337110 -1.703718 -0.048177
v -0.283262 -1.726616 -0.047876
v -0.003511 -0.747454 -0.011496
v -0.005168 -1.148181 -0.024516
v -0.006313 -1.466098 -0.036429
v -0.175091 -1.769148 -0.047876
v -0.120120 -1.775578 -0.048177
v -0.063527 -1.747281 -0.047876
v 0.100119 -0.721124 -0.011496
v 0.148008 -1.082320 -0.024516
v 0.186269 -1.369837 -0.036429
v 0.047247 -1.668578 -0.047876
v 0.100654 -1.634525 -0.048177
v 0.155290 -1.597603 -0.047876
v 0.225262 -0.794577 -0.011496
v 0.344210 -1.227311 -0.024516
v 0.438044 -1.569302 -0.036429
v 0.284186 -1.631036 -0.047876
v 0.357343 -1.699765 -0.048177
v 0.430869 -1.762727 -0.047876
v 0.330765 -0.795699 -0.011496
v 0.515192 -1.244995 -0.024516
v 0.660632 -1.599144 -0.036429
v 0.591060 -1.889894 -0.047876
v 0.667590 -1.929509 -0.048177
v 0.725900 -1.915547 -0.047876
v 0.370379 -0.644533 -0.011496
v 0.559209 -0.975694 -0.024516
v 0.708796 -1.238259 -0.036429
v 0.799104 -1.786112 -0.047876
v 0.815430 -1.684708 -0.048177
v 0.817158 -1.556491 -0.047876
v 0.415740 -0.531163 -0.011496
v 0.632389 -0.811590 -0.024516
v 0.803968 -1.034473 -0.036429
v 0.843307 -1.356448 -0.047876
v 0.873483 -1.300377 -0.048177
v 0.900832 -1.246895 -0.047876
v 0.451838 -0.443855 -0.011496
v 0.694205 -0.688399 -0.024516
v 0.886589 -0.882422 -0.036429
v 0.975040 -1.172977 -0.047876
v 1.012465 -1.141805 -0.048177
v 1.028986 -1.090996 -0.047876
v 0.465444 -0.342112 -0.011496
v 0.688239 -0.514143 -0.024516
v 0.866151 -0.651171 -0.036429
v 1.024807 -0.960995 -0.047876
v 1.012744 -0.890230 -0.048177
v 0.996990 -0.815314 -0.047876
v 0.575024 -0.306524 -0.011496
v 0.871066 -0.475170 -0.024516
v 1.106435 -0.609026 -0.036429
v 1.047528 -0.727308 -0.047876
v 1.118513 -0.718354 -0.048177
v 1.195711 -0.712601 -0.047876
v 0.706266 -0.271526 -0.011496
v 1.085340 -0.428574 -0.024516
v 1.385018 -0.552217 -0.036429
v 1.385546 -0.709020 -0.047876
v 1.481313 -0.701496 -0.048177
v 1.551556 -0.677758 -0.047876
v 0.768806 -0.189674 -0.011496
v 1.170866 -0.298361 -0.024516
v 1.489180 -0.383990 -0.036429
v 1.665001 -0.607323 -0.047876
v 1.706300 -0.563250 -0.048177
v 1.719458 -0.507469 -0.047876
v 0.803130 -0.088947 -0.011496
v 1.220389 -0.143794 -0.024516
v 1.551041 -0.187081 -0.036429
v 1.753227 -0.392677 -0.047876
v 1.779120 -0.338090 -0.048177
v 1.787777 -0.279445 -0.047876
v 1.868935 -0.045155 -0.047876
v 1.862980 -0.104088 -0.048177
v 1.831817 -0.161502 -0.047876
v 2.022136 0.014858 -0.057733
v 2.074400 0.014858 -0.066614
v 2.022136 0.014858 -0.073916
v 1.869497 0.074954 -0.079334
v 1.865849 0.134461 -0.079334
v 1.840486 0.193402 -0.079334
v 1.970804 0.274328 -0.057733
v 2.021471 0.280999 -0.066614
v 1.970804 0.274328 -0.073916
v 1.823806 0.318601 -0.079334
v 1.829669 0.380636 -0.079334
v 1.808007 0.434970 -0.079334
v 1.918241 0.523532 -0.057733
v 1.967963 0.536739 -0.066614
v 1.918241 0.523532 -0.073916
v 1.727735 0.530791 -0.079334
v 1.678685 0.575287 -0.079334
v 1.620379 0.619094 -0.079334
v 1.717847 0.730296 -0.057733
v 1.761630 0.748518 -0.066615
v 1.717847 0.730296 -0.073916
v 1.605296 0.755309 -0.079334
v 1.648145 0.844755 -0.079334
v 1.680833 0.929010 -0.079334
v 1.847529 1.094399 -0.057733
v 1.895456 1.122352 -0.066615
v 1.847529 1.094399 -0.073916
v 1.720636 1.092317 -0.079334
v 1.714094 1.161940 -0.079334
v 1.670513 1.209235 -0.079334
v 1.748047 1.351946 -0.057733
v 1.793183 1.386488 -0.066615
v 1.748047 1.351946 -0.073916
v 1.562765 1.292255 -0.079334
v 1.505042 1.325569 -0.079334
v 1.422039 1.332599 -0.079334
v 1.439770 1.435854 -0.057733
v 1.476981 1.472655 -0.066615
v 1.439770 1.435854 -0.073916
v 1.240133 1.318502 -0.079334
v 1.152636 1.307404 -0.079334
v 1.060757 1.289919 -0.079334
v 1.065256 1.396707 -0.057733
v 1.092422 1.431970 -0.066615
v 1.065256 1.396707 -0.073916
v 0.938631 1.331059 -0.079334
v 0.909105 1.387055 -0.079334
v 0.875364 1.431838 -0.079334
v 0.907281 1.589742 -0.057733
v 0.930824 1.630595 -0.066615
v 0.907281 1.589742 -0.073916
v 0.794946 1.497770 -0.079334
v 0.744068 1.511033 -0.079334
v 0.679741 1.498009 -0.079334
v 0.664685 1.604107 -0.057733
v 0.681770 1.645016 -0.066615
v 0.664685 1.604107 -0.073916
v 0.556591 1.484158 -0.079334
v 0.504914 1.499037 -0.079334
v 0.452782 1.518869 -0.079334
v 0.438872 1.696205 -0.057733
v 0.450116 1.739119 -0.066615
v 0.438873 1.696205 -0.073916
v 0.366730 1.663867 -0.079334
v 0.330880 1.777099 -0.079334
v 0.289820 1.872945 -0.079334
v 0.263441 2.118003 -0.057733
v 0.270332 2.172579 -0.066615
v 0.263441 2.118003 -0.073916
v 0.190654 2.025019 -0.079335
v 0.134237 2.056299 -0.079335
v 0.074953 2.021924 -0.079335
v 0.018284 2.102421 -0.057733
v 0.018685 2.156796 -0.066615
v 0.018284 2.102421 -0.073916
v -0.035771 1.832801 -0.079334
v -0.085567 1.711152 -0.079334
v -0.136100 1.588017 -0.079334
v -0.208758 1.634952 -0.057733
v -0.214030 1.675754 -0.066615
v -0.208758 1.634952 -0.073916
v -0.259598 1.523613 -0.079334
v -0.329547 1.583506 -0.079334
v -0.395490 1.643563 -0.079334
v -0.495753 1.829959 -0.057733
v -0.508645 1.877306 -0.066615
v -0.495753 1.829959 -0.073916
v -0.514464 1.707905 -0.079334
v -0.562919 1.690921 -0.079334
v -0.599465 1.632272 -0.079334
v -0.686137 1.692414 -0.057733
v -0.703829 1.735589 -0.066615
v -0.686137 1.692414 -0.073916
v -0.672070 1.512141 -0.079334
v -0.710561 1.467561 -0.079334
v -0.742759 1.413842 -0.079334
v -0.842870 1.479110 -0.057733
v -0.864549 1.516756 -0.066615
v -0.842870 1.479111 -0.073916
v -0.824961 1.340465 -0.079334
v -0.878432 1.324996 -0.079334
v -0.933395 1.307995 -0.079334
v -1.086761 1.412592 -0.057733
v -1.114567 1.448423 -0.066615
v -1.086761 1.412592 -0.073916
v -1.098823 1.329813 -0.079334
v -1.200244 1.359712 -0.079334
v -1.286809 1.370477 -0.079334
v -1.478007 1.480340 -0.057733
v -1.516336 1.518396 -0.066615
v -1.478007 1.480340 -0.073916
v -1.435487 1.353934 -0.079334
v -1.493959 1.324767 -0.079334
v -1.531846 1.272580 -0.079334
v -1.705499 1.319566 -0.057733
v -1.749305 1.353094 -0.066615
v -1.705499 1.319566 -0.073916
v -1.642456 1.183887 -0.079334
v -1.714716 1.152675 -0.079334
v -1.766620 1.108093 -0.079334
v -1.962316 1.144557 -0.057733
v -2.013068 1.173788 -0.066615
v -1.962316 1.144557 -0.073916
v -1.856961 1.007088 -0.079334
v -1.883267 0.948432 -0.079334
v -1.865917 0.870891 -0.079334
v -1.975541 0.848953 -0.057733
v -2.026778 0.870522 -0.066615
v -1.975541 0.848953 -0.073916
v -1.772168 0.699872 -0.079334
v -1.715068 0.615783 -0.079334
v -1.651901 0.529788 -0.079334
v -1.753755 0.488374 -0.057733
v -1.798347 0.500401 -0.066614
v -1.753755 0.488374 -0.073916
v -1.650613 0.392693 -0.079334
v -1.715221 0.343826 -0.079334
v -1.779202 0.296089 -0.079334
v -1.998989 0.266411 -0.057733
v -2.050710 0.272966 -0.066614
v -1.998989 0.266411 -0.073916
v -1.912886 0.194692 -0.079334
v -1.964440 0.138520 -0.079334
v -1.980494 0.077403 -0.079334
v -2.151243 0.013052 -0.057733
v -2.206784 0.013013 -0.066614
v -2.151242 0.013052 -0.073916
v -1.999513 -0.051715 -0.079334
v -2.002866 -0.114885 -0.079334
v -1.971691 -0.174694 -0.079334
v -2.087251 -0.253116 -0.057733
v -2.141217 -0.260071 -0.066614
v -2.087251 -0.253116 -0.073916
v -1.884047 -0.288076 -0.079334
v -1.828888 -0.337545 -0.079334
v -1.740906 -0.376631 -0.079334
v -1.777569 -0.444620 -0.057733
v -1.823486 -0.456555 -0.066614
v -1.777569 -0.444620 -0.073916
v -1.547412 -0.437952 -0.079334
v -1.455027 -0.461825 -0.079334
v -1.354033 -0.479227 -0.079334
v -1.371581 -0.541845 -0.057733
v -1.406661 -0.556125 -0.066614
v -1.371581 -0.541845 -0.073916
v -1.212667 -0.529127 -0.079334
v -1.178443 -0.563995 -0.079334
v -1.146425 -0.597653 -0.079334
v -1.217946 -0.690665 -0.057733
v -1.249269 -0.708800 -0.066614
v -1.217946 -0.690665 -0.073916
v -1.120106 -0.686502 -0.079334
v -1.125810 -0.745060 -0.079334
v -1.133458 -0.810060 -0.079334
v -1.255228 -0.970793 -0.057733
v -1.287328 -0.995916 -0.066614
v -1.255228 -0.970793 -0.073916
v -1.214091 -1.010268 -0.079334
v -1.271290 -1.128685 -0.079334
v -1.299729 -1.222078 -0.079334
v -1.406015 -1.396905 -0.057733
v -1.442824 -1.433839 -0.066614
v -1.406015 -1.396905 -0.073916
v -1.260959 -1.321637 -0.079334
v -1.194600 -1.326205 -0.079334
v -1.100771 -1.303587 -0.079334
v -1.092804 -1.394078 -0.057733
v -1.120708 -1.430109 -0.066614
v -1.092804 -1.394078 -0.073916
v -0.946410 -1.302558 -0.079334
v -0.903147 -1.341929 -0.079334
v -0.865314 -1.389641 -0.079334
v -0.907671 -1.582268 -0.057733
v -0.930985 -1.623195 -0.066614
v -0.907671 -1.582268 -0.073916
v -0.824950 -1.561626 -0.079334
v -0.811686 -1.663484 -0.079334
v -0.781986 -1.730681 -0.079334
v -0.799649 -1.915411 -0.057733
v -0.820500 -1.965745 -0.066614
v -0.799649 -1.915411 -0.073916
v -0.681197 -1.771968 -0.079334
v -0.613027 -1.749490 -0.079334
v -0.533202 -1.699642 -0.079334
v -0.493029 -1.801549 -0.057733
v -0.505600 -1.847948 -0.066614
v -0.493029 -1.801549 -0.073916
v -0.391758 -1.672034 -0.079334
v -0.337110 -1.703718 -0.079334
v -0.283262 -1.726616 -0.079334
v -0.248457 -1.894155 -0.057733
v -0.254897 -1.943544 -0.066614
v -0.248457 -1.894155 -0.073916
v -0.175091 -1.769149 -0.079334
v -0.120120 -1.775578 -0.079334
v -0.063527 -1.747281 -0.079334
v -0.007649 -1.848668 -0.057733
v -0.007817 -1.896832 -0.066614
v -0.007649 -1.848668 -0.073916
v 0.047247 -1.668578 -0.079334
v 0.100654 -1.634525 -0.079334
v 0.155290 -1.597603 -0.079334
v 0.233247 -1.720680 -0.057733
v 0.239177 -1.764932 -0.066614
v 0.233247 -1.720680 -0.073916
v 0.284186 -1.631036 -0.079334
v 0.357344 -1.699765 -0.079334
v 0.430869 -1.762727 -0.079334
v 0.550703 -1.979194 -0.057733
v 0.564882 -2.030770 -0.066614
v 0.550703 -1.979193 -0.073916
v 0.591060 -1.889894 -0.079334
v 0.667590 -1.929509 -0.079334
v 0.725900 -1.915547 -0.079334
v 0.833548 -2.020563 -0.057733
v 0.855282 -2.073538 -0.066614
v 0.833548 -2.020563 -0.073916
v 0.799104 -1.786112 -0.079334
v 0.815430 -1.684708 -0.079334
v 0.817158 -1.556492 -0.079334
v 0.889783 -1.556927 -0.057733
v 0.912586 -1.597092 -0.066614
v 0.889783 -1.556927 -0.073916
v 0.843308 -1.356448 -0.079334
v 0.873483 -1.300377 -0.079334
v 0.900832 -1.246895 -0.079334
v 1.010664 -1.304003 -0.057733
v 1.036691 -1.337958 -0.066614
v 1.010664 -1.304003 -0.073916
v 0.975040 -1.172977 -0.079334
v 1.012465 -1.141805 -0.079334
v 1.028986 -1.090996 -0.079334
v 1.117273 -1.115313 -0.057733
v 1.146302 -1.144624 -0.066614
v 1.117274 -1.115313 -0.073916
v 1.024807 -0.960995 -0.079334
v 1.012744 -0.890230 -0.079334
v 0.996990 -0.815314 -0.079334
v 1.084410 -0.818984 -0.057733
v 1.111959 -0.840161 -0.066614
v 1.084410 -0.818984 -0.073916
v 1.047528 -0.727307 -0.079334
v 1.118513 -0.718354 -0.079334
v 1.195711 -0.712601 -0.079334
v 1.390926 -0.770229 -0.057733
v 1.426764 -0.790526 -0.066614
v 1.390926 -0.770229 -0.073916
v 1.385546 -0.709020 -0.079334
v 1.481313 -0.701496 -0.079334
v 1.551557 -0.677758 -0.079334
v 1.743911 -0.699590 -0.057733
v 1.789065 -0.718120 -0.066614
v 1.743911 -0.699590 -0.073916
v 1.665001 -0.607323 -0.079334
v 1.706300 -0.563250 -0.079334
v 1.719458 -0.507469 -0.079334
v 1.872402 -0.486695 -0.057733
v 1.920652 -0.499619 -0.066614
v 1.872402 -0.486695 -0.073916
v 1.753227 -0.392677 -0.079334
v 1.779120 -0.338090 -0.079334
v 1.787777 -0.279445 -0.079334
v 1.949681 -0.239108 -0.057733
v 1.999882 -0.245656 -0.066614
v 1.949681 -0.239108 -0.073916
v 1.868935 -0.045155 -0.079334
v 1.862980 -0.104088 -0.079334
v 1.831817 -0.161502 -0.079334
v 1.606960 0.014878 -0.082707
v 1.261636 0.015048 -0.084439
v 0.825867 0.015537 -0.085077
v 1.568438 0.221346 -0.082707
v 1.234589 0.177366 -0.084439
v 0.812748 0.121888 -0.085077
v 1.523242 0.418629 -0.082707
v 1.194638 0.331461 -0.084439
v 0.780845 0.222074 -0.085077
v 1.370631 0.585844 -0.082707
v 1.085530 0.467531 -0.084439
v 0.726694 0.319010 -0.085077
v 1.466644 0.872301 -0.082707
v 1.148878 0.687316 -0.084439
v 0.747737 0.453947 -0.085077
v 1.389289 1.077392 -0.082707
v 1.089659 0.848069 -0.084439
v 0.709753 0.557493 -0.085077
v 1.144209 1.143490 -0.082707
v 0.898615 0.900158 -0.084439
v 0.588953 0.593435 -0.085077
v 0.849849 1.117031 -0.082707
v 0.673132 0.887199 -0.084439
v 0.451011 0.598047 -0.085077
v 0.720234 1.265124 -0.082707
v 0.564501 0.994593 -0.084439
v 0.368426 0.653710 -0.085077
v 0.529036 1.279412 -0.082707
v 0.416659 1.011098 -0.084439
v 0.274872 0.673946 -0.085077
v 0.349661 1.355937 -0.082707
v 0.276119 1.076838 -0.084439
v 0.183523 0.726295 -0.085077
v 0.208627 1.683976 -0.082707
v 0.162575 1.320039 -0.084439
v 0.104364 0.858601 -0.085077
v 0.015113 1.670031 -0.082707
v 0.012530 1.307673 -0.084439
v 0.008867 0.849675 -0.085077
v -0.166972 1.311893 -0.082707
v -0.132818 1.049779 -0.084439
v -0.089747 0.720832 -0.085077
v -0.393245 1.453584 -0.082707
v -0.307418 1.138999 -0.084439
v -0.198908 0.742958 -0.085077
v -0.545596 1.349442 -0.082707
v -0.428743 1.064229 -0.084439
v -0.281172 0.703531 -0.085077
v -0.670876 1.180442 -0.082707
v -0.529206 0.934403 -0.084439
v -0.351608 0.625804 -0.085077
v -0.866181 1.128276 -0.082707
v -0.684601 0.893802 -0.084439
v -0.456231 0.598840 -0.085077
v -1.173437 1.177852 -0.082707
v -0.919573 0.925149 -0.084439
v -0.599417 0.606093 -0.085077
v -1.357668 1.053301 -0.082707
v -1.069369 0.832299 -0.084439
v -0.705123 0.552871 -0.085077
v -1.558937 0.912279 -0.082707
v -1.222145 0.718670 -0.084439
v -0.795775 0.474107 -0.085077
v -1.568376 0.677601 -0.082707
v -1.228818 0.535043 -0.084439
v -0.800400 0.355301 -0.085077
v -1.400337 0.393079 -0.082707
v -1.111453 0.315389 -0.084439
v -0.748900 0.218150 -0.085077
v -1.588195 0.214338 -0.082707
v -1.246999 0.171044 -0.084439
v -0.817496 0.116897 -0.085077
v -1.709856 0.013355 -0.082707
v -1.341709 0.013566 -0.084439
v -0.875520 0.013973 -0.085077
v -1.658351 -0.197756 -0.082707
v -1.300364 -0.151024 -0.084439
v -0.847119 -0.091255 -0.085077
v -1.412835 -0.349699 -0.082707
v -1.109595 -0.270033 -0.084439
v -0.727014 -0.168863 -0.085077
v -1.093409 -0.428515 -0.082707
v -0.865139 -0.334921 -0.084438
v -0.578939 -0.216990 -0.085077
v -0.969557 -0.546874 -0.082707
v -0.765678 -0.428963 -0.084438
v -0.511036 -0.281639 -0.085077
v -1.000472 -0.771470 -0.082707
v -0.790087 -0.607240 -0.084438
v -0.524512 -0.399755 -0.085077
v -1.113071 -1.103005 -0.082707
v -0.866112 -0.855494 -0.084438
v -0.553240 -0.542037 -0.085077
v -0.871388 -1.108219 -0.082707
v -0.688788 -0.872754 -0.084438
v -0.458238 -0.576059 -0.085077
v -0.722667 -1.257461 -0.082707
v -0.570030 -0.989276 -0.084438
v -0.378089 -0.651114 -0.085076
v -0.633798 -1.515096 -0.082707
v -0.494553 -1.179228 -0.084438
v -0.318412 -0.754452 -0.085076
v -0.393284 -1.433361 -0.082707
v -0.311050 -1.129555 -0.084438
v -0.207161 -0.745770 -0.085076
v -0.197347 -1.501781 -0.082707
v -0.155108 -1.175209 -0.084438
v -0.102265 -0.763121 -0.085076
v -0.006313 -1.466098 -0.082707
v -0.005168 -1.148181 -0.084438
v -0.003511 -0.747454 -0.085076
v 0.186269 -1.369837 -0.082707
v 0.148008 -1.082320 -0.084438
v 0.100119 -0.721124 -0.085076
v 0.438044 -1.569302 -0.082707
v 0.344210 -1.227311 -0.084438
v 0.225262 -0.794577 -0.085076
v 0.660632 -1.599144 -0.082707
v 0.515192 -1.244995 -0.084438
v 0.330765 -0.795699 -0.085076
v 0.708796 -1.238259 -0.082707
v 0.559209 -0.975693 -0.084438
v 0.370379 -0.644533 -0.085076
v 0.803968 -1.034473 -0.082707
v 0.632389 -0.811590 -0.084438
v 0.415740 -0.531163 -0.085077
v 0.886589 -0.882422 -0.082707
v 0.694205 -0.688399 -0.084438
v 0.451838 -0.443855 -0.085077
v 0.866151 -0.651172 -0.082707
v 0.688239 -0.514143 -0.084438
v 0.465444 -0.342112 -0.085077
v 1.106434 -0.609025 -0.082707
v 0.871066 -0.475170 -0.084438
v 0.575024 -0.306524 -0.085077
v 1.385018 -0.552217 -0.082707
v 1.085340 -0.428574 -0.084438
v 0.706266 -0.271526 -0.085077
v 1.489180 -0.383990 -0.082707
v 1.170866 -0.298361 -0.084438
v 0.768806 -0.189674 -0.085077
v 1.551041 -0.187081 -0.082707
v 1.220389 -0.143794 -0.084439
v 0.803130 -0.088947 -0.085077
v 1.424819 0.106363 -0.030027
v 1.007320 0.080148 -0.016848
v 1.323118 0.067194 -0.026499
v 1.625568 0.068829 -0.037144
v 1.640440 0.120043 -0.037962
v 1.601919 0.168554 -0.037144
v 1.308684 0.132143 -0.026499
v 1.396185 0.293661 -0.030027
v 0.984366 0.210663 -0.016848
v 1.292912 0.239717 -0.026499
v 1.586783 0.280815 -0.037144
v 1.608424 0.336336 -0.037962
v 1.572348 0.378435 -0.037144
v 1.282129 0.302908 -0.026499
v 1.283555 0.443803 -0.030027
v 0.912887 0.321397 -0.016848
v 1.216076 0.387897 -0.026499
v 1.500734 0.464685 -0.037144
v 1.476230 0.507782 -0.037962
v 1.412585 0.539895 -0.037144
v 1.161635 0.438076 -0.026499
v 1.260030 0.649357 -0.030027
v 0.895404 0.465979 -0.016848
v 1.148299 0.555809 -0.026499
v 1.399014 0.662120 -0.037144
v 1.449338 0.744650 -0.037962
v 1.460293 0.807303 -0.037144
v 1.185033 0.648928 -0.026499
v 1.306173 0.889399 -0.030027
v 0.915033 0.628867 -0.016848
v 1.213988 0.787575 -0.026499
v 1.495330 0.953526 -0.037144
v 1.506449 1.023070 -0.037962
v 1.453765 1.052038 -0.037144
v 1.187590 0.851739 -0.026499
v 1.148040 1.014021 -0.030027
v 0.807708 0.716098 -0.016848
v 1.096208 0.923238 -0.026499
v 1.357300 1.126500 -0.037144
v 1.322963 1.166863 -0.037962
v 1.238847 1.160206 -0.037144
v 1.019268 0.945002 -0.026499
v 0.881644 1.003329 -0.030027
v 0.627944 0.718342 -0.016848
v 0.865215 0.936958 -0.026499
v 1.076019 1.148072 -0.037144
v 1.013690 1.151549 -0.037962
v 0.926185 1.125525 -0.037144
v 0.769225 0.924342 -0.026499
v 0.695244 1.063524 -0.030027
v 0.494906 0.759075 -0.016848
v 0.662845 0.959162 -0.026499
v 0.816500 1.162348 -0.037144
v 0.799490 1.221447 -0.037962
v 0.761975 1.245406 -0.037144
v 0.625593 1.010842 -0.026499
v 0.567414 1.155996 -0.030027
v 0.399044 0.818186 -0.016848
v 0.553552 1.065081 -0.026499
v 0.689501 1.304225 -0.037144
v 0.654019 1.329994 -0.037962
v 0.593125 1.305333 -0.037144
v 0.491543 1.067105 -0.026499
v 0.386436 1.151859 -0.030027
v 0.275823 0.830239 -0.016848
v 0.387004 1.061694 -0.026499
v 0.482860 1.293721 -0.037144
v 0.444096 1.320484 -0.037962
v 0.395562 1.323988 -0.037144
v 0.330281 1.082849 -0.026499
v 0.252442 1.361112 -0.030027
v 0.177869 0.968268 -0.016848
v 0.254285 1.204434 -0.026499
v 0.318147 1.453629 -0.037144
v 0.290861 1.564317 -0.037962
v 0.252938 1.627270 -0.037144
v 0.211159 1.314004 -0.026499
v 0.102287 1.567047 -0.030027
v 0.071553 1.092076 -0.016848
v 0.125248 1.436229 -0.026499
v 0.163932 1.762578 -0.037144
v 0.117975 1.808287 -0.037962
v 0.067045 1.759429 -0.037144
v 0.062791 1.433598 -0.026499
v -0.065632 1.313197 -0.030027
v -0.047367 0.941939 -0.016848
v -0.033235 1.282479 -0.026499
v -0.032348 1.591267 -0.037144
v -0.075290 1.506842 -0.037962
v -0.117283 1.389637 -0.037144
v -0.089165 1.157307 -0.026499
v -0.251637 1.215748 -0.030027
v -0.177839 0.873539 -0.016848
v -0.195766 1.101539 -0.026499
v -0.228080 1.331835 -0.037144
v -0.289732 1.394621 -0.037962
v -0.341805 1.428448 -0.037144
v -0.268928 1.158550 -0.026499
v -0.429010 1.291219 -0.030027
v -0.300773 0.907089 -0.016848
v -0.370913 1.205700 -0.026499
v -0.448454 1.485128 -0.037144
v -0.494737 1.487707 -0.037962
v -0.520292 1.423232 -0.037144
v -0.418088 1.167575 -0.026499
v -0.542939 1.125488 -0.030027
v -0.385142 0.804233 -0.016848
v -0.482551 1.069829 -0.026499
v -0.585653 1.316196 -0.037144
v -0.624788 1.292329 -0.037962
v -0.645313 1.233608 -0.037144
v -0.521744 1.016518 -0.026499
v -0.672705 1.017581 -0.030027
v -0.481709 0.731206 -0.016848
v -0.595031 0.954201 -0.026499
v -0.719351 1.167904 -0.037144
v -0.772704 1.167184 -0.037962
v -0.811051 1.140845 -0.037144
v -0.655280 0.936841 -0.026499
v -0.916416 1.041313 -0.030027
v -0.647856 0.739345 -0.016848
v -0.795944 0.952101 -0.026499
v -0.959200 1.159975 -0.037144
v -1.055218 1.197133 -0.037962
v -1.116145 1.192822 -0.037144
v -0.896386 0.971551 -0.026499
v -1.140335 1.013934 -0.030027
v -0.804823 0.717606 -0.016848
v -1.024718 0.956308 -0.026499
v -1.249533 1.177861 -0.037144
v -1.313374 1.166267 -0.037962
v -1.331712 1.110482 -0.037144
v -1.079621 0.913864 -0.026499
v -1.309364 0.883754 -0.030027
v -0.925248 0.629140 -0.016848
v -1.176051 0.838638 -0.026499
v -1.431065 1.031077 -0.037144
v -1.507555 1.015219 -0.037962
v -1.534613 0.966687 -0.037144
v -1.242105 0.795941 -0.026499
v -1.434630 0.726512 -0.030027
v -1.003905 0.514415 -0.016848
v -1.315859 0.706753 -0.026499
v -1.615137 0.875821 -0.037144
v -1.655033 0.835387 -0.037962
v -1.622288 0.761329 -0.037144
v -1.320130 0.632422 -0.026499
v -1.311942 0.474606 -0.030027
v -0.934781 0.342715 -0.016848
v -1.246451 0.487021 -0.026499
v -1.539082 0.608176 -0.037144
v -1.508341 0.543361 -0.037962
v -1.440537 0.465754 -0.037144
v -1.186045 0.395323 -0.026499
v -1.312938 0.266909 -0.030027
v -0.938312 0.195874 -0.016848
v -1.186082 0.276510 -0.026499
v -1.439524 0.342699 -0.037144
v -1.508657 0.304253 -0.037962
v -1.545429 0.260690 -0.037144
v -1.251850 0.222140 -0.026499
v -1.498086 0.108763 -0.030027
v -1.053255 0.079880 -0.016848
v -1.360905 0.132491 -0.026499
v -1.664575 0.169457 -0.037144
v -1.726704 0.123468 -0.037962
v -1.721725 0.070928 -0.037144
v -1.398196 0.068550 -0.026499
v -1.527659 -0.083881 -0.030027
v -1.074175 -0.053736 -0.016848
v -1.414976 -0.042188 -0.026499
v -1.738832 -0.044822 -0.037144
v -1.760535 -0.099145 -0.037962
v -1.715214 -0.148147 -0.037144
v -1.399346 -0.109160 -0.026499
v -1.394752 -0.253197 -0.030027
v -0.980493 -0.171235 -0.016848
v -1.323339 -0.206461 -0.026499
v -1.636540 -0.249798 -0.037144
v -1.607564 -0.294759 -0.037961
v -1.516294 -0.324200 -0.037144
v -1.245487 -0.254749 -0.026499
v -1.112466 -0.348967 -0.030027
v -0.791056 -0.241710 -0.016848
v -1.082044 -0.309016 -0.026499
v -1.343145 -0.379381 -0.037144
v -1.279529 -0.404204 -0.037961
v -1.181488 -0.414584 -0.037144
v -0.978410 -0.332626 -0.026499
v -0.902484 -0.428029 -0.030027
v -0.646814 -0.301207 -0.016848
v -0.857534 -0.377227 -0.026499
v -1.054804 -0.459541 -0.037144
v -1.036612 -0.494246 -0.037961
v -0.998494 -0.517176 -0.037144
v -0.820205 -0.414832 -0.026499
v -0.862149 -0.567874 -0.030027
v -0.617378 -0.404576 -0.016848
v -0.797215 -0.493883 -0.026499
v -0.974848 -0.597181 -0.037144
v -0.990308 -0.653763 -0.037961
v -0.986564 -0.701795 -0.037144
v -0.805225 -0.562666 -0.026499
v -0.968557 -0.856462 -0.030027
v -0.677973 -0.595245 -0.016848
v -0.868942 -0.730414 -0.026499
v -1.058172 -0.880782 -0.037144
v -1.117246 -0.990143 -0.037961
v -1.127887 -1.056664 -0.037144
v -0.911078 -0.841660 -0.026499
v -0.910058 -1.007318 -0.030027
v -0.636816 -0.702187 -0.016848
v -0.877571 -0.927953 -0.026499
v -1.093100 -1.146029 -0.037144
v -1.049834 -1.163805 -0.037961
v -0.960674 -1.133223 -0.037144
v -0.794656 -0.922962 -0.026499
v -0.692260 -1.025093 -0.030027
v -0.497195 -0.731922 -0.016848
v -0.667163 -0.929636 -0.026499
v -0.822904 -1.133241 -0.037144
v -0.794574 -1.178821 -0.037961
v -0.754154 -1.206393 -0.037144
v -0.621811 -0.977059 -0.026499
v -0.618713 -1.264303 -0.030027
v -0.434313 -0.882234 -0.016848
v -0.581979 -1.117757 -0.026499
v -0.717320 -1.359725 -0.037144
v -0.713397 -1.460221 -0.037961
v -0.680231 -1.499648 -0.037144
v -0.556475 -1.205589 -0.026499
v -0.467409 -1.331319 -0.030027
v -0.328261 -0.933345 -0.016848
v -0.469670 -1.243118 -0.026499
v -0.589832 -1.536923 -0.037144
v -0.538821 -1.536113 -0.037961
v -0.466363 -1.478909 -0.037144
v -0.390768 -1.209223 -0.026499
v -0.258202 -1.299282 -0.030027
v -0.184927 -0.919432 -0.016848
v -0.270173 -1.189127 -0.026499
v -0.339653 -1.454605 -0.037144
v -0.296544 -1.496473 -0.037961
v -0.247867 -1.498830 -0.037144
v -0.209837 -1.215665 -0.026499
v -0.091702 -1.350102 -0.030027
v -0.064841 -0.943758 -0.016848
v -0.115065 -1.247198 -0.026499
v -0.150647 -1.536343 -0.037144
v -0.105603 -1.558815 -0.037961
v -0.056934 -1.518093 -0.037144
v -0.054224 -1.235552 -0.026499
v 0.077241 -1.247270 -0.030027
v 0.055883 -0.885692 -0.016848
v 0.042216 -1.173763 -0.026499
v 0.042550 -1.448249 -0.037144
v 0.088573 -1.435809 -0.037961
v 0.133794 -1.390283 -0.037144
v 0.102061 -1.138513 -0.026499
v 0.273602 -1.296744 -0.030027
v 0.195536 -0.919271 -0.016848
v 0.214193 -1.167027 -0.026499
v 0.249542 -1.420234 -0.037144
v 0.314323 -1.493097 -0.037961
v 0.372780 -1.529138 -0.037144
v 0.294060 -1.235083 -0.026499
v 0.508098 -1.464894 -0.030027
v 0.353969 -1.015877 -0.016848
v 0.429683 -1.335703 -0.026499
v 0.516167 -1.642087 -0.037144
v 0.586591 -1.693581 -0.037961
v 0.628884 -1.662712 -0.037144
v 0.502014 -1.347724 -0.026499
v 0.621857 -1.281818 -0.030027
v 0.437057 -0.898039 -0.016848
v 0.566573 -1.240643 -0.026499
v 0.694731 -1.547167 -0.037144
v 0.716749 -1.479151 -0.037961
v 0.711020 -1.356412 -0.037144
v 0.578727 -1.120036 -0.026499
v 0.668199 -0.992356 -0.030027
v 0.475867 -0.705920 -0.016848
v 0.604021 -0.951991 -0.026499
v 0.734819 -1.177519 -0.037144
v 0.768204 -1.142081 -0.037961
v 0.782920 -1.084454 -0.037144
v 0.634906 -0.890293 -0.026499
v 0.771671 -0.867376 -0.030027
v 0.541383 -0.606211 -0.016848
v 0.695715 -0.821147 -0.026499
v 0.849092 -1.017473 -0.037144
v 0.889847 -1.001863 -0.037961
v 0.893775 -0.947851 -0.037144
v 0.723890 -0.774923 -0.026499
v 0.774665 -0.677292 -0.030027
v 0.552074 -0.477718 -0.016848
v 0.723917 -0.664945 -0.026499
v 0.890478 -0.831498 -0.037144
v 0.890666 -0.781098 -0.037961
v 0.868887 -0.710319 -0.037144
v 0.712421 -0.588022 -0.026499
v 0.857233 -0.546906 -0.030027
v 0.615857 -0.388058 -0.016848
v 0.758569 -0.512903 -0.026499
v 0.914542 -0.631469 -0.037144
v 0.984029 -0.630165 -0.037961
v 1.038130 -0.618012 -0.037144
v 0.837463 -0.502641 -0.026499
v 1.129836 -0.530865 -0.030027
v 0.794991 -0.366997 -0.016848
v 0.996115 -0.495383 -0.026499
v 1.207793 -0.614280 -0.037144
v 1.302083 -0.614689 -0.037961
v 1.346850 -0.587799 -0.037144
v 1.085592 -0.477792 -0.026499
v 1.301644 -0.425763 -0.030027
v 0.916142 -0.293815 -0.016848
v 1.183885 -0.417378 -0.026499
v 1.448674 -0.524656 -0.037144
v 1.499890 -0.493241 -0.037961
v 1.495128 -0.440967 -0.037144
v 1.215023 -0.363398 -0.026499
v 1.359151 -0.254636 -0.030027
v 0.962588 -0.175396 -0.016848
v 1.246772 -0.265001 -0.026499
v 1.525747 -0.338066 -0.037144
v 1.564305 -0.295449 -0.037961
v 1.554945 -0.242764 -0.037144
v 1.265974 -0.202983 -0.026499
v 1.422059 -0.075914 -0.030027
v 1.003879 -0.049011 -0.016848
v 1.302650 -0.100752 -0.026499
v 1.594289 -0.136898 -0.037144
v 1.637801 -0.089710 -0.037962
v 1.624971 -0.038994 -0.037144
v 1.321883 -0.037021 -0.026499
v 2.020123 0.079281 -0.057860
v 2.070332 0.080723 -0.066652
v 2.020123 0.079281 -0.073921
v 2.009479 0.143666 -0.057987
v 2.057356 0.146734 -0.066690
v 2.009479 0.143666 -0.073926
v 1.988031 0.208240 -0.057860
v 2.037212 0.213186 -0.066652
v 1.988031 0.208240 -0.073921
v 1.970151 0.342450 -0.057860
v 2.018933 0.350399 -0.066652
v 1.970151 0.342450 -0.073921
v 1.970542 0.408810 -0.057987
v 2.017499 0.418201 -0.066690
v 1.970542 0.408810 -0.073926
v 1.953696 0.469382 -0.057860
v 2.002259 0.480853 -0.066652
v 1.953696 0.469382 -0.073921
v 1.867645 0.572098 -0.057860
v 1.914282 0.585867 -0.066652
v 1.867645 0.572098 -0.073921
v 1.807862 0.618405 -0.057987
v 1.850921 0.632777 -0.066690
v 1.807862 0.618405 -0.073926
v 1.749318 0.667684 -0.057860
v 1.792297 0.683880 -0.066652
v 1.749318 0.667684 -0.073921
v 1.733150 0.813701 -0.057860
v 1.775767 0.833166 -0.066652
v 1.733150 0.813701 -0.073921
v 1.774977 0.908621 -0.057987
v 1.817255 0.929910 -0.066690
v 1.774977 0.908621 -0.073926
v 1.816876 1.003498 -0.057860
v 1.862223 1.028328 -0.066652
v 1.816876 1.003498 -0.073921
v 1.859547 1.178559 -0.057860
v 1.905851 1.207307 -0.066652
v 1.859547 1.178559 -0.073921
v 1.846118 1.250282 -0.057987
v 1.890125 1.279730 -0.066690
v 1.846117 1.250282 -0.073926
v 1.804547 1.305794 -0.057860
v 1.849226 1.337980 -0.066652
v 1.804547 1.305794 -0.073921
v 1.689044 1.394789 -0.057860
v 1.731137 1.428967 -0.066652
v 1.689044 1.394789 -0.073921
v 1.620933 1.426516 -0.057987
v 1.659563 1.460165 -0.066690
v 1.620933 1.426516 -0.073926
v 1.535830 1.438899 -0.057860
v 1.573760 1.474332 -0.066652
v 1.535830 1.438898 -0.073921
v 1.340830 1.423784 -0.057860
v 1.374396 1.458878 -0.066652
v 1.340830 1.423784 -0.073921
v 1.241325 1.406866 -0.057987
v 1.270888 1.440020 -0.066690
v 1.241325 1.406866 -0.073926
v 1.144771 1.391690 -0.057860
v 1.172776 1.425614 -0.066652
v 1.144771 1.391690 -0.073921
v 1.013857 1.435792 -0.057860
v 1.038933 1.470703 -0.066652
v 1.013857 1.435792 -0.073921
v 0.979059 1.492666 -0.057987
v 1.002377 1.527869 -0.066690
v 0.979059 1.492666 -0.073926
v 0.945781 1.546664 -0.057860
v 0.969253 1.584940 -0.066652
v 0.945781 1.546664 -0.073921
v 0.859577 1.617344 -0.057860
v 0.881120 1.657202 -0.066652
v 0.859577 1.617344 -0.073921
v 0.801367 1.626248 -0.057987
v 0.820466 1.664653 -0.066690
v 0.801367 1.626248 -0.073926
v 0.733743 1.617029 -0.057860
v 0.751743 1.656703 -0.066652
v 0.733743 1.617029 -0.073921
v 0.601729 1.602178 -0.057860
v 0.616775 1.641517 -0.066652
v 0.601729 1.602177 -0.073921
v 0.543757 1.613191 -0.057987
v 0.556705 1.651243 -0.066690
v 0.543758 1.613191 -0.073926
v 0.488641 1.639301 -0.057860
v 0.500594 1.679446 -0.066652
v 0.488641 1.639301 -0.073921
v 0.396398 1.794737 -0.057860
v 0.406287 1.838361 -0.066652
v 0.396398 1.794737 -0.073921
v 0.356357 1.912742 -0.057987
v 0.364849 1.957957 -0.066690
v 0.356357 1.912742 -0.073926
v 0.312951 2.023872 -0.057860
v 0.320661 2.074181 -0.066652
v 0.312951 2.023872 -0.073921
v 0.206648 2.186897 -0.057860
v 0.211980 2.240855 -0.066652
v 0.206648 2.186897 -0.073921
v 0.144576 2.213633 -0.057987
v 0.148022 2.266078 -0.066690
v 0.144576 2.213633 -0.073926
v 0.080336 2.183891 -0.057860
v 0.082130 2.237880 -0.066652
v 0.080336 2.183891 -0.073921
v -0.038356 1.981150 -0.057860
v -0.039218 2.030600 -0.066652
v -0.038356 1.981150 -0.073921
v -0.092147 1.841652 -0.057987
v -0.094340 1.885152 -0.066690
v -0.092147 1.841652 -0.073926
v -0.147287 1.711790 -0.057860
v -0.151017 1.753048 -0.066652
v -0.147287 1.711790 -0.073921
v -0.279674 1.642751 -0.057860
v -0.286365 1.682464 -0.066652
v -0.279674 1.642751 -0.073921
v -0.354916 1.704179 -0.057987
v -0.363372 1.744403 -0.066690
v -0.354916 1.704179 -0.073926
v -0.428068 1.776158 -0.057860
v -0.438928 1.820357 -0.066652
v -0.428068 1.776158 -0.073921
v -0.555604 1.845136 -0.057860
v -0.569318 1.890880 -0.066652
v -0.555604 1.845136 -0.073921
v -0.606275 1.820042 -0.057987
v -0.620727 1.863082 -0.066690
v -0.606275 1.820041 -0.073926
v -0.647975 1.761624 -0.057860
v -0.664145 1.804741 -0.066652
v -0.647975 1.761624 -0.073921
v -0.725804 1.632843 -0.057860
v -0.743716 1.673077 -0.066652
v -0.725804 1.632843 -0.073921
v -0.765251 1.579356 -0.057987
v -0.783480 1.616621 -0.066690
v -0.765250 1.579356 -0.073926
v -0.802688 1.525737 -0.057860
v -0.822665 1.563035 -0.066652
v -0.802688 1.525737 -0.073921
v -0.890804 1.447078 -0.057860
v -0.912752 1.482616 -0.066652
v -0.890804 1.447078 -0.073921
v -0.946001 1.425790 -0.057987
v -0.968524 1.459388 -0.066690
v -0.946001 1.425790 -0.073926
v -1.008598 1.411535 -0.057860
v -1.033665 1.446049 -0.066652
v -1.008598 1.411535 -0.073921
v -1.185932 1.434926 -0.057860
v -1.214969 1.469964 -0.066652
v -1.185932 1.434926 -0.073921
v -1.292641 1.463254 -0.057987
v -1.323439 1.497768 -0.066690
v -1.292641 1.463254 -0.073926
v -1.391453 1.480084 -0.057860
v -1.426335 1.516619 -0.066652
v -1.391453 1.480084 -0.073921
v -1.550832 1.462351 -0.057860
v -1.589280 1.498490 -0.066652
v -1.550832 1.462351 -0.073921
v -1.608976 1.425638 -0.057987
v -1.647315 1.459262 -0.066690
v -1.608976 1.425639 -0.073926
v -1.655061 1.373053 -0.057860
v -1.696132 1.406544 -0.066652
v -1.655061 1.373053 -0.073921
v -1.773630 1.277977 -0.057860
v -1.817355 1.309340 -0.066652
v -1.773630 1.277977 -0.073921
v -1.846714 1.240265 -0.057987
v -1.890713 1.269462 -0.066690
v -1.846714 1.240265 -0.073926
v -1.909443 1.195829 -0.057860
v -1.957050 1.225075 -0.066652
v -1.909443 1.195829 -0.073921
v -2.006288 1.087557 -0.057860
v -2.056064 1.114379 -0.066652
v -2.006289 1.087557 -0.073921
v -2.028334 1.020334 -0.057987
v -2.076690 1.044302 -0.066690
v -2.028334 1.020334 -0.073926
v -2.016305 0.939159 -0.057860
v -2.066434 0.961915 -0.066652
v -2.016304 0.939159 -0.073921
v -1.915804 0.755831 -0.057860
v -1.963682 0.774484 -0.066652
v -1.915803 0.755831 -0.073921
v -1.847030 0.662021 -0.057987
v -1.891018 0.677434 -0.066690
v -1.847030 0.662021 -0.073926
v -1.783135 0.570155 -0.057860
v -1.826879 0.583611 -0.066652
v -1.783135 0.570155 -0.073921
v -1.781754 0.423193 -0.057860
v -1.825467 0.433360 -0.066652
v -1.781753 0.423193 -0.073921
v -1.847171 0.369129 -0.057987
v -1.891155 0.377564 -0.066690
v -1.847171 0.369129 -0.073926
v -1.923266 0.318446 -0.057860
v -1.971288 0.325899 -0.066652
v -1.923266 0.318446 -0.073921
v -2.066576 0.209753 -0.057860
v -2.117805 0.214774 -0.066652
v -2.066575 0.209753 -0.073921
v -2.115716 0.148057 -0.057987
v -2.166142 0.151236 -0.066690
v -2.115716 0.148057 -0.073926
v -2.140010 0.081907 -0.057860
v -2.193183 0.083408 -0.066652
v -2.140010 0.081907 -0.073921
v -2.160398 -0.056503 -0.057860
v -2.214026 -0.058099 -0.066652
v -2.160398 -0.056503 -0.073921
v -2.157094 -0.124878 -0.057987
v -2.208502 -0.128210 -0.066690
v -2.157094 -0.124878 -0.073926
v -2.130233 -0.190529 -0.057860
v -2.183081 -0.195808 -0.066652
v -2.130233 -0.190529 -0.073921
v -2.036282 -0.312072 -0.057860
v -2.087027 -0.320071 -0.066652
v -2.036282 -0.312072 -0.073921
v -1.969725 -0.364698 -0.057987
v -2.016670 -0.373749 -0.066690
v -1.969724 -0.364698 -0.073926
v -1.880278 -0.408588 -0.057860
v -1.926736 -0.419241 -0.066652
v -1.880278 -0.408588 -0.073921
v -1.672856 -0.474321 -0.057860
v -1.714671 -0.486444 -0.066652
v -1.672856 -0.474321 -0.073921
v -1.566996 -0.498521 -0.057987
v -1.604319 -0.510753 -0.066690
v -1.566996 -0.498521 -0.073926
v -1.461585 -0.518977 -0.057860
v -1.497435 -0.532227 -0.066652
v -1.461585 -0.518977 -0.073921
v -1.310045 -0.572467 -0.057860
v -1.342504 -0.586913 -0.066652
v -1.310045 -0.572466 -0.073921
v -1.269088 -0.608528 -0.057987
v -1.299303 -0.623372 -0.066690
v -1.269088 -0.608528 -0.073926
v -1.238278 -0.647128 -0.057860
v -1.268896 -0.663619 -0.066652
v -1.238278 -0.647128 -0.073921
v -1.210064 -0.742370 -0.057860
v -1.240051 -0.760992 -0.066652
v -1.210064 -0.742370 -0.073921
v -1.212407 -0.803488 -0.057987
v -1.241272 -0.822964 -0.066690
v -1.212407 -0.803488 -0.073926
v -1.224268 -0.876500 -0.057860
v -1.254538 -0.898646 -0.066652
v -1.224268 -0.876500 -0.073921
v -1.310708 -1.091119 -0.057860
v -1.342914 -1.118069 -0.066652
v -1.310708 -1.091119 -0.073921
v -1.369214 -1.216763 -0.057987
v -1.401855 -1.246123 -0.066690
v -1.369214 -1.216763 -0.073926
v -1.405473 -1.323297 -0.057860
v -1.440721 -1.357037 -0.066652
v -1.405473 -1.323297 -0.073921
v -1.363913 -1.430022 -0.057860
v -1.398232 -1.466150 -0.066652
v -1.363913 -1.430022 -0.073921
v -1.286618 -1.429487 -0.057987
v -1.317291 -1.463914 -0.066690
v -1.286618 -1.429487 -0.073926
v -1.187945 -1.408846 -0.057860
v -1.217003 -1.443932 -0.066652
v -1.187945 -1.408846 -0.073921
v -1.022472 -1.407738 -0.057860
v -1.047826 -1.442798 -0.066652
v -1.022472 -1.407738 -0.073921
v -0.972599 -1.446264 -0.057987
v -0.995750 -1.481043 -0.066690
v -0.972600 -1.446264 -0.073926
v -0.934489 -1.502655 -0.057860
v -0.957548 -1.540327 -0.066652
v -0.934489 -1.502655 -0.073921
v -0.891223 -1.687023 -0.057860
v -0.913315 -1.728822 -0.066652
v -0.891223 -1.687023 -0.073921
v -0.874199 -1.792745 -0.057987
v -0.895037 -1.835832 -0.066690
v -0.874199 -1.792745 -0.073926
v -0.845024 -1.872624 -0.057860
v -0.866037 -1.919939 -0.066652
v -0.845024 -1.872624 -0.073921
v -0.736982 -1.916880 -0.057860
v -0.755577 -1.965185 -0.066652
v -0.736982 -1.916880 -0.073921
v -0.660237 -1.885335 -0.057987
v -0.675974 -1.930617 -0.066690
v -0.660237 -1.885335 -0.073926
v -0.575124 -1.836286 -0.057860
v -0.589098 -1.881834 -0.066652
v -0.575124 -1.836286 -0.073921
v -0.423500 -1.806689 -0.057860
v -0.434080 -1.851574 -0.066652
v -0.423499 -1.806689 -0.073921
v -0.363039 -1.835960 -0.057987
v -0.371683 -1.880041 -0.066690
v -0.363039 -1.835960 -0.073926
v -0.305662 -1.867234 -0.057860
v -0.313128 -1.914107 -0.066652
v -0.305662 -1.867234 -0.073921
v -0.189707 -1.912831 -0.057860
v -0.194579 -1.960725 -0.066652
v -0.189707 -1.912831 -0.073921
v -0.129367 -1.913463 -0.057987
v -0.132450 -1.959425 -0.066690
v -0.129367 -1.913463 -0.073926
v -0.068094 -1.888923 -0.057860
v -0.069616 -1.936137 -0.066652
v -0.068094 -1.888923 -0.073921
v 0.050651 -1.804551 -0.057860
v 0.051786 -1.849876 -0.066652
v 0.050651 -1.804551 -0.073921
v 0.108392 -1.761419 -0.057987
v 0.110971 -1.803716 -0.066690
v 0.108392 -1.761418 -0.073926
v 0.168107 -1.726137 -0.057860
v 0.172379 -1.768982 -0.066652
v 0.168107 -1.726137 -0.073921
v 0.306279 -1.761976 -0.057860
v 0.313643 -1.805623 -0.066652
v 0.306279 -1.761976 -0.073921
v 0.384831 -1.831690 -0.057987
v 0.393994 -1.875665 -0.066690
v 0.384831 -1.831690 -0.073926
v 0.466139 -1.906598 -0.057860
v 0.477896 -1.954555 -0.066652
v 0.466139 -1.906598 -0.073921
v 0.637861 -2.042922 -0.057860
v 0.653461 -2.093932 -0.066652
v 0.637861 -2.042922 -0.073921
v 0.719026 -2.079318 -0.057987
v 0.736171 -2.129255 -0.066690
v 0.719026 -2.079318 -0.073925
v 0.785187 -2.071467 -0.057860
v 0.804949 -2.123440 -0.066652
v 0.785187 -2.071467 -0.073921
v 0.863659 -1.932714 -0.057860
v 0.885177 -1.981582 -0.066652
v 0.863659 -1.932714 -0.073921
v 0.878223 -1.815568 -0.057987
v 0.899154 -1.859187 -0.066690
v 0.878223 -1.815568 -0.073926
v 0.882622 -1.681083 -0.057860
v 0.904443 -1.722613 -0.066652
v 0.882622 -1.681083 -0.073921
v 0.910652 -1.466640 -0.057860
v 0.933100 -1.503370 -0.066652
v 0.910652 -1.466640 -0.073921
v 0.940690 -1.401542 -0.057987
v 0.963093 -1.435263 -0.066690
v 0.940691 -1.401541 -0.073926
v 0.973494 -1.347902 -0.057860
v 0.997715 -1.381571 -0.066652
v 0.973494 -1.347902 -0.073921
v 1.053044 -1.268668 -0.057860
v 1.079046 -1.300564 -0.066652
v 1.053044 -1.268668 -0.073921
v 1.090443 -1.230869 -0.057987
v 1.116436 -1.260556 -0.066690
v 1.090443 -1.230869 -0.073926
v 1.112258 -1.179790 -0.057860
v 1.140015 -1.209387 -0.066652
v 1.112258 -1.179790 -0.073921
v 1.107776 -1.040431 -0.057860
v 1.135432 -1.066910 -0.066652
v 1.107776 -1.040431 -0.073921
v 1.090667 -0.959872 -0.057987
v 1.116642 -0.983086 -0.066690
v 1.090668 -0.959872 -0.073926
v 1.076325 -0.880876 -0.057860
v 1.102770 -0.902729 -0.066652
v 1.076325 -0.880876 -0.073921
v 1.130499 -0.786535 -0.057860
v 1.158155 -0.806278 -0.066652
v 1.130499 -0.786535 -0.073921
v 1.204530 -0.774742 -0.057987
v 1.233202 -0.793538 -0.066690
v 1.204530 -0.774742 -0.073926
v 1.292582 -0.771210 -0.057860
v 1.324872 -0.790746 -0.066652
v 1.292582 -0.771210 -0.073921
v 1.496083 -0.767374 -0.057860
v 1.532928 -0.786825 -0.066652
v 1.496083 -0.767374 -0.073921
v 1.595379 -0.756673 -0.057987
v 1.633400 -0.775065 -0.066690
v 1.595379 -0.756673 -0.073926
v 1.677268 -0.733427 -0.057860
v 1.719172 -0.751984 -0.066652
v 1.677268 -0.733427 -0.073921
v 1.798877 -0.657923 -0.057860
v 1.843502 -0.674790 -0.066652
v 1.798877 -0.657923 -0.073921
v 1.837685 -0.607771 -0.057987
v 1.881480 -0.622612 -0.066690
v 1.837685 -0.607771 -0.073926
v 1.857785 -0.548966 -0.057860
v 1.903893 -0.562798 -0.066652
v 1.857785 -0.548966 -0.073921
v 1.893982 -0.425911 -0.057860
v 1.940900 -0.436989 -0.066652
v 1.893982 -0.425911 -0.073921
v 1.916059 -0.365257 -0.057987
v 1.961705 -0.374313 -0.066690
v 1.916059 -0.365257 -0.073926
v 1.931532 -0.302612 -0.057860
v 1.979451 -0.310335 -0.066652
v 1.931532 -0.302612 -0.073921
v 1.978742 -0.176181 -0.057860
v 2.027718 -0.181074 -0.066652
v 1.978742 -0.176181 -0.073921
v 2.006405 -0.113243 -0.057987
v 2.054214 -0.116295 -0.066690
v 2.006405 -0.113243 -0.073926
v 2.019522 -0.049472 -0.057860
v 2.069717 -0.050911 -0.066652
v 2.019522 -0.049472 -0.073921
v 1.424819 0.106363 -0.084074
v 1.007320 0.080148 -0.084989
v 1.308684 0.132143 -0.084376
v 1.601919 0.168554 -0.082695
v 1.640441 0.120043 -0.082659
v 1.625568 0.068829 -0.082695
v 1.323118 0.067194 -0.084376
v 1.396185 0.293661 -0.084074
v 0.984366 0.210663 -0.084989
v 1.282129 0.302908 -0.084376
v 1.572348 0.378435 -0.082695
v 1.608424 0.336336 -0.082660
v 1.586784 0.280815 -0.082695
v 1.292912 0.239717 -0.084376
v 1.283555 0.443803 -0.084074
v 0.912887 0.321397 -0.084989
v 1.161635 0.438076 -0.084376
v 1.412585 0.539895 -0.082695
v 1.476230 0.507782 -0.082660
v 1.500734 0.464685 -0.082695
v 1.216076 0.387897 -0.084376
v 1.260030 0.649357 -0.084074
v 0.895404 0.465979 -0.084989
v 1.185033 0.648928 -0.084376
v 1.460293 0.807303 -0.082695
v 1.449338 0.744650 -0.082660
v 1.399014 0.662120 -0.082695
v 1.148299 0.555809 -0.084376
v 1.306173 0.889399 -0.084074
v 0.915033 0.628867 -0.084989
v 1.187590 0.851739 -0.084376
v 1.453765 1.052038 -0.082695
v 1.506449 1.023070 -0.082660
v 1.495330 0.953526 -0.082695
v 1.213988 0.787575 -0.084376
v 1.148040 1.014021 -0.084074
v 0.807708 0.716098 -0.084989
v 1.019268 0.945002 -0.084376
v 1.238847 1.160206 -0.082695
v 1.322963 1.166863 -0.082660
v 1.357300 1.126500 -0.082695
v 1.096208 0.923238 -0.084376
v 0.881644 1.003329 -0.084074
v 0.627945 0.718342 -0.084989
v 0.769225 0.924342 -0.084376
v 0.926185 1.125525 -0.082695
v 1.013690 1.151549 -0.082660
v 1.076019 1.148071 -0.082695
v 0.865215 0.936958 -0.084376
v 0.695244 1.063524 -0.084074
v 0.494906 0.759075 -0.084989
v 0.625593 1.010842 -0.084376
v 0.761975 1.245406 -0.082695
v 0.799490 1.221447 -0.082660
v 0.816500 1.162348 -0.082695
v 0.662845 0.959162 -0.084376
v 0.567414 1.155996 -0.084074
v 0.399044 0.818186 -0.084989
v 0.491543 1.067105 -0.084376
v 0.593125 1.305333 -0.082695
v 0.654019 1.329994 -0.082660
v 0.689501 1.304225 -0.082695
v 0.553552 1.065081 -0.084376
v 0.386436 1.151859 -0.084074
v 0.275823 0.830239 -0.084989
v 0.330281 1.082849 -0.084376
v 0.395562 1.323988 -0.082695
v 0.444096 1.320484 -0.082660
v 0.482860 1.293721 -0.082695
v 0.387004 1.061694 -0.084376
v 0.252442 1.361112 -0.084074
v 0.177869 0.968268 -0.084989
v 0.211159 1.314004 -0.084376
v 0.252938 1.627270 -0.082695
v 0.290861 1.564317 -0.082660
v 0.318147 1.453629 -0.082695
v 0.254285 1.204435 -0.084376
v 0.102287 1.567047 -0.084074
v 0.071553 1.092076 -0.084989
v 0.062791 1.433598 -0.084376
v 0.067045 1.759429 -0.082695
v 0.117975 1.808287 -0.082660
v 0.163932 1.762578 -0.082695
v 0.125248 1.436229 -0.084376
v -0.065632 1.313197 -0.084074
v -0.047367 0.941939 -0.084989
v -0.089165 1.157307 -0.084376
v -0.117283 1.389637 -0.082695
v -0.075290 1.506842 -0.082660
v -0.032348 1.591267 -0.082695
v -0.033235 1.282479 -0.084376
v -0.251637 1.215748 -0.084074
v -0.177839 0.873539 -0.084989
v -0.268928 1.158550 -0.084376
v -0.341805 1.428448 -0.082695
v -0.289732 1.394621 -0.082660
v -0.228080 1.331835 -0.082695
v -0.195766 1.101539 -0.084376
v -0.429010 1.291219 -0.084074
v -0.300773 0.907088 -0.084989
v -0.418088 1.167575 -0.084376
v -0.520292 1.423232 -0.082695
v -0.494737 1.487707 -0.082660
v -0.448454 1.485128 -0.082695
v -0.370913 1.205701 -0.084376
v -0.542939 1.125488 -0.084074
v -0.385142 0.804233 -0.084989
v -0.521744 1.016518 -0.084376
v -0.645313 1.233608 -0.082695
v -0.624788 1.292329 -0.082660
v -0.585653 1.316196 -0.082695
v -0.482551 1.069829 -0.084376
v -0.672705 1.017580 -0.084074
v -0.481709 0.731206 -0.084989
v -0.655280 0.936841 -0.084376
v -0.811051 1.140845 -0.082695
v -0.772704 1.167184 -0.082660
v -0.719351 1.167904 -0.082695
v -0.595031 0.954201 -0.084376
v -0.916416 1.041313 -0.084074
v -0.647856 0.739345 -0.084989
v -0.896386 0.971551 -0.084376
v -1.116145 1.192822 -0.082695
v -1.055218 1.197133 -0.082660
v -0.959200 1.159975 -0.082695
v -0.795944 0.952101 -0.084376
v -1.140335 1.013934 -0.084074
v -0.804823 0.717606 -0.084989
v -1.079621 0.913864 -0.084376
v -1.331712 1.110481 -0.082695
v -1.313374 1.166267 -0.082660
v -1.249533 1.177861 -0.082695
v -1.024718 0.956308 -0.084376
v -1.309364 0.883754 -0.084074
v -0.925248 0.629140 -0.084989
v -1.242105 0.795941 -0.084376
v -1.534613 0.966687 -0.082695
v -1.507555 1.015219 -0.082660
v -1.431065 1.031077 -0.082695
v -1.176051 0.838638 -0.084376
v -1.434629 0.726512 -0.084074
v -1.003905 0.514415 -0.084989
v -1.320130 0.632422 -0.084376
v -1.622288 0.761329 -0.082695
v -1.655033 0.835387 -0.082660
v -1.615137 0.875821 -0.082695
v -1.315859 0.706753 -0.084376
v -1.311942 0.474606 -0.084074
v -0.934781 0.342715 -0.084989
v -1.186046 0.395323 -0.084376
v -1.440537 0.465754 -0.082695
v -1.508341 0.543361 -0.082660
v -1.539082 0.608176 -0.082695
v -1.246451 0.487021 -0.084376
v -1.312938 0.266909 -0.084074
v -0.938312 0.195874 -0.084989
v -1.251850 0.222140 -0.084376
v -1.545429 0.260690 -0.082695
v -1.508657 0.304254 -0.082660
v -1.439524 0.342699 -0.082695
v -1.186083 0.276510 -0.084376
v -1.498086 0.108763 -0.084074
v -1.053255 0.079880 -0.084989
v -1.398196 0.068550 -0.084376
v -1.721725 0.070928 -0.082695
v -1.726704 0.123468 -0.082659
v -1.664575 0.169457 -0.082695
v -1.360905 0.132491 -0.084376
v -1.527659 -0.083881 -0.084074
v -1.074175 -0.053736 -0.084989
v -1.399346 -0.109160 -0.084376
v -1.715214 -0.148147 -0.082695
v -1.760535 -0.099145 -0.082659
v -1.738833 -0.044822 -0.082695
v -1.414976 -0.042188 -0.084376
v -1.394751 -0.253197 -0.084074
v -0.980493 -0.171235 -0.084989
v -1.245487 -0.254749 -0.084376
v -1.516294 -0.324200 -0.082695
v -1.607564 -0.294759 -0.082659
v -1.636540 -0.249798 -0.082695
v -1.323339 -0.206461 -0.084376
v -1.112466 -0.348967 -0.084074
v -0.791056 -0.241710 -0.084989
v -0.978410 -0.332626 -0.084376
v -1.181488 -0.414584 -0.082695
v -1.279529 -0.404204 -0.082659
v -1.343145 -0.379381 -0.082695
v -1.082044 -0.309016 -0.084376
v -0.902484 -0.428029 -0.084074
v -0.646814 -0.301207 -0.084989
v -0.820205 -0.414832 -0.084376
v -0.998494 -0.517176 -0.082695
v -1.036612 -0.494246 -0.082659
v -1.054804 -0.459541 -0.082695
v -0.857534 -0.377227 -0.084376
v -0.862149 -0.567874 -0.084074
v -0.617378 -0.404576 -0.084989
v -0.805225 -0.562666 -0.084376
v -0.986564 -0.701795 -0.082695
v -0.990308 -0.653763 -0.082659
v -0.974848 -0.597181 -0.082695
v -0.797215 -0.493883 -0.084376
v -0.968557 -0.856462 -0.084074
v -0.677972 -0.595245 -0.084989
v -0.911078 -0.841661 -0.084376
v -1.127888 -1.056664 -0.082695
v -1.117246 -0.990143 -0.082659
v -1.058172 -0.880782 -0.082695
v -0.868942 -0.730414 -0.084376
v -0.910058 -1.007318 -0.084074
v -0.636816 -0.702187 -0.084989
v -0.794656 -0.922962 -0.084376
v -0.960674 -1.133223 -0.082695
v -1.049834 -1.163805 -0.082659
v -1.093100 -1.146029 -0.082695
v -0.877571 -0.927953 -0.084376
v -0.692260 -1.025093 -0.084074
v -0.497195 -0.731922 -0.084989
v -0.621811 -0.977059 -0.084376
v -0.754154 -1.206393 -0.082695
v -0.794574 -1.178821 -0.082659
v -0.822904 -1.133241 -0.082695
v -0.667163 -0.929636 -0.084376
v -0.618713 -1.264303 -0.084074
v -0.434313 -0.882234 -0.084989
v -0.556475 -1.205589 -0.084376
v -0.680231 -1.499648 -0.082695
v -0.713398 -1.460221 -0.082659
v -0.717320 -1.359725 -0.082695
v -0.581979 -1.117757 -0.084376
v -0.467410 -1.331319 -0.084074
v -0.328261 -0.933345 -0.084989
v -0.390768 -1.209223 -0.084376
v -0.466363 -1.478909 -0.082695
v -0.538821 -1.536113 -0.082659
v -0.589832 -1.536923 -0.082695
v -0.469671 -1.243118 -0.084376
v -0.258202 -1.299282 -0.084074
v -0.184927 -0.919432 -0.084989
v -0.209837 -1.215665 -0.084376
v -0.247867 -1.498830 -0.082695
v -0.296544 -1.496473 -0.082659
v -0.339653 -1.454605 -0.082695
v -0.270173 -1.189127 -0.084376
v -0.091702 -1.350102 -0.084074
v -0.064841 -0.943758 -0.084989
v -0.054224 -1.235552 -0.084376
v -0.056934 -1.518093 -0.082695
v -0.105603 -1.558815 -0.082659
v -0.150647 -1.536343 -0.082695
v -0.115065 -1.247198 -0.084376
v 0.077241 -1.247270 -0.084074
v 0.055883 -0.885692 -0.084989
v 0.102061 -1.138512 -0.084376
v 0.133794 -1.390283 -0.082695
v 0.088573 -1.435809 -0.082659
v 0.042550 -1.448249 -0.082695
v 0.042216 -1.173762 -0.084376
v 0.273602 -1.296744 -0.084074
v 0.195536 -0.919271 -0.084989
v 0.294059 -1.235084 -0.084376
v 0.372780 -1.529138 -0.082695
v 0.314323 -1.493097 -0.082659
v 0.249542 -1.420234 -0.082695
v 0.214193 -1.167027 -0.084376
v 0.508098 -1.464894 -0.084074
v 0.353969 -1.015877 -0.084989
v 0.502014 -1.347724 -0.084376
v 0.628884 -1.662712 -0.082695
v 0.586591 -1.693581 -0.082659
v 0.516167 -1.642087 -0.082695
v 0.429683 -1.335702 -0.084376
v 0.621857 -1.281818 -0.084074
v 0.437057 -0.898039 -0.084989
v 0.578727 -1.120036 -0.084376
v 0.711020 -1.356412 -0.082695
v 0.716749 -1.479151 -0.082659
v 0.694731 -1.547167 -0.082695
v 0.566573 -1.240643 -0.084376
v 0.668199 -0.992356 -0.084074
v 0.475867 -0.705920 -0.084989
v 0.634906 -0.890293 -0.084376
v 0.782920 -1.084453 -0.082695
v 0.768204 -1.142081 -0.082659
v 0.734819 -1.177519 -0.082695
v 0.604021 -0.951991 -0.084376
v 0.771671 -0.867376 -0.084074
v 0.541383 -0.606211 -0.084989
v 0.723890 -0.774923 -0.084376
v 0.893775 -0.947851 -0.082695
v 0.889847 -1.001863 -0.082659
v 0.849092 -1.017473 -0.082695
v 0.695715 -0.821147 -0.084376
v 0.774665 -0.677292 -0.084074
v 0.552074 -0.477718 -0.084989
v 0.712421 -0.588022 -0.084376
v 0.868887 -0.710319 -0.082695
v 0.890666 -0.781098 -0.082659
v 0.890478 -0.831498 -0.082695
v 0.723917 -0.664945 -0.084376
v 0.857233 -0.546906 -0.084074
v 0.615857 -0.388058 -0.084989
v 0.837463 -0.502641 -0.084376
v 1.038130 -0.618012 -0.082695
v 0.984029 -0.630165 -0.082659
v 0.914542 -0.631469 -0.082695
v 0.758569 -0.512903 -0.084376
v 1.129836 -0.530865 -0.084074
v 0.794991 -0.366997 -0.084989
v 1.085592 -0.477792 -0.084376
v 1.346850 -0.587799 -0.082695
v 1.302083 -0.614689 -0.082659
v 1.207793 -0.614281 -0.082695
v 0.996115 -0.495383 -0.084376
v 1.301644 -0.425763 -0.084074
v 0.916142 -0.293815 -0.084989
v 1.215023 -0.363397 -0.084376
v 1.495127 -0.440967 -0.082695
v 1.499890 -0.493241 -0.082659
v 1.448674 -0.524657 -0.082695
v 1.183885 -0.417378 -0.084376
v 1.359151 -0.254636 -0.084074
v 0.962588 -0.175396 -0.084989
v 1.265974 -0.202983 -0.084376
v 1.554945 -0.242764 -0.082695
v 1.564305 -0.295449 -0.082659
v 1.525747 -0.338066 -0.082695
v 1.246772 -0.265001 -0.084376
v 1.422059 -0.075914 -0.084074
v 1.003879 -0.049011 -0.084989
v 1.321883 -0.037021 -0.084376
v 1.624971 -0.038994 -0.082695
v 1.637801 -0.089710 -0.082659
v 1.594289 -0.136898 -0.082695
v 1.302650 -0.100752 -0.084376
v 0.060090 0.503860 -0.002805
v 0.004983 0.508535 -0.003049
v -0.063545 0.514103 -0.005439
v -0.138097 0.520497 -0.005177
v -0.194460 0.491512 -0.005128
v -0.255889 0.459925 -0.005877
v -0.321075 0.426401 -0.005384
v -0.383784 0.394148 -0.004076
v -0.450853 0.359657 -0.004059
v -0.488326 0.297572 -0.003529
v -0.480933 0.220381 -0.003266
v -0.474045 0.144459 -0.003928
v -0.466889 0.074247 -0.002652
v -0.460978 0.015657 -0.001733
v -0.428323 -0.037437 -0.001302
v -0.399910 -0.084931 -0.002218
v -0.371761 -0.132978 -0.004115
v -0.341888 -0.182501 -0.004668
v -0.311775 -0.230314 -0.003129
v -0.285813 -0.271257 -0.001525
v -0.258510 -0.316995 -0.002503
v -0.222800 -0.376048 -0.003020
v -0.186862 -0.434904 -0.002967
v -0.130539 -0.462622 -0.003853
v -0.062127 -0.454899 -0.003361
v -0.002375 -0.448473 -0.003443
v 0.062009 -0.441654 -0.003700
v 0.124971 -0.433984 -0.002347
v 0.164578 -0.387856 -0.001162
v 0.202489 -0.344917 -0.002171
v 0.241091 -0.300998 -0.002853
v 0.274482 -0.262996 -0.003419
v 0.310398 -0.222467 -0.004641
v 0.347923 -0.178678 -0.003367
v 0.381928 -0.138899 -0.002042
v 0.419662 -0.095650 -0.002146
v 0.443584 -0.041317 -0.002279
v 0.469048 0.016396 -0.002600
v 0.497940 0.081495 -0.003521
v 0.531462 0.156798 -0.004920
v 0.535523 0.239765 -0.006080
v 0.480203 0.297926 -0.004130
v 0.433195 0.347272 -0.003474
v 0.386747 0.395911 -0.004429
v 0.335480 0.449541 -0.006225
v 0.270847 0.485492 -0.006048
v 0.198392 0.491708 -0.005776
v 0.124252 0.498142 -0.004863
v 0.558068 0.216070 -0.006753
v -0.168061 -0.466869 -0.004109
v -0.492595 0.338192 -0.004585
v 0.303942 0.482557 -0.006985
v 0.037933 0.326322 0.001544
v 0.002975 0.332113 0.001319
v -0.041371 0.339155 -0.000314
v -0.090787 0.347425 -0.000261
v -0.122294 0.315062 0.000172
v -0.153686 0.282810 0.000123
v -0.184072 0.251603 0.000812
v -0.210818 0.224142 0.001876
v -0.212125 0.178254 0.002923
v -0.213272 0.139638 0.003598
v -0.214348 0.107795 0.003602
v -0.215547 0.075154 0.003190
v -0.216497 0.043788 0.003663
v -0.217335 0.016646 0.004005
v -0.218296 -0.010448 0.003810
v -0.211861 -0.036679 0.003117
v -0.205010 -0.065360 0.001826
v -0.197029 -0.097598 0.001180
v -0.188124 -0.131828 0.001734
v -0.179733 -0.163846 0.002430
v -0.170231 -0.202490 0.001472
v -0.146872 -0.241557 0.001125
v -0.123336 -0.280595 0.001152
v -0.078221 -0.269288 0.001367
v -0.036581 -0.258726 0.001817
v -0.001622 -0.250005 0.001903
v 0.034648 -0.241003 0.001897
v 0.068817 -0.232083 0.002776
v 0.098102 -0.224716 0.002971
v 0.120283 -0.198212 0.002395
v 0.142702 -0.171335 0.002017
v 0.161956 -0.148247 0.001706
v 0.182498 -0.123770 0.001014
v 0.203914 -0.097608 0.001788
v 0.223208 -0.073995 0.002585
v 0.244399 -0.048453 0.002548
v 0.269560 -0.018263 0.002183
v 0.304986 0.056737 0.001367
v 0.298830 0.016806 0.001644
v 0.311557 0.099237 0.000878
v 0.319463 0.150203 0.000041
v 0.285670 0.184478 0.001227
v 0.257037 0.213369 0.001636
v 0.228799 0.241620 0.001091
v 0.197783 0.272541 0.000057
v 0.165886 0.304547 -0.000187
v 0.122870 0.311750 -0.000127
v 0.077813 0.319384 0.000333
vn 0.0298 0.0043 0.9995
vn 0.0327 0.0028 0.9995
vn 0.0350 0.0081 0.9994
vn 0.0326 0.0089 0.9994
vn 0.0397 0.0016 0.9992
vn 0.0411 0.0097 0.9991
vn 0.0390 0.0132 0.9992
vn 0.0001 -0.0009 1.0000
vn 0.0249 -0.0012 0.9997
vn 0.0246 0.0054 0.9997
vn 0.0262 -0.0011 0.9997
vn 0.0312 -0.0006 0.9995
vn 0.0260 0.0055 0.9996
vn 0.0315 0.0051 0.9995
vn 0.0540 -0.0003 0.9985
vn 0.0554 0.0049 0.9985
vn 0.0382 -0.0003 0.9993
vn 0.0564 0.0138 0.9983
vn 0.0537 0.0072 0.9985
vn 0.0385 0.0053 0.9992
vn 0.0543 0.0164 0.9984
vn 0.0288 0.0086 0.9995
vn 0.0332 0.0022 0.9994
vn 0.0350 0.0056 0.9994
vn 0.0306 0.0135 0.9994
vn 0.0409 -0.0013 0.9992
vn 0.0414 0.0061 0.9991
vn 0.0366 0.0196 0.9991
vn 0.0239 0.0103 0.9997
vn 0.0248 0.0117 0.9996
vn 0.0277 0.0198 0.9994
vn 0.0566 -0.0001 0.9984
vn 0.0573 0.0079 0.9983
vn 0.0468 0.0400 0.9981
vn 0.0332 0.0275 0.9991
vn 0.0521 0.0249 0.9983
vn 0.0276 0.0189 0.9994
vn 0.0277 0.0268 0.9993
vn 0.0288 0.0329 0.9990
vn 0.0299 0.0235 0.9993
vn 0.0328 0.0341 0.9989
vn 0.0331 0.0385 0.9987
vn 0.0351 0.0290 0.9990
vn 0.0271 0.0040 0.9996
vn 0.0289 0.0044 0.9996
vn 0.0361 0.0045 0.9993
vn 0.0447 0.0512 0.9977
vn 0.0447 0.0539 0.9975
vn 0.0587 0.0073 0.9983
vn 0.0432 0.0051 0.9991
vn 0.0483 0.0383 0.9981
vn 0.0389 -0.0089 0.9992
vn 0.0453 -0.0136 0.9989
vn 0.0510 -0.0211 0.9985
vn 0.0441 -0.0146 0.9989
vn 0.0546 -0.0177 0.9983
vn 0.0587 -0.0245 0.9980
vn 0.0547 -0.0194 0.9983
vn 0.0265 0.0018 0.9996
vn 0.0284 0.0009 0.9996
vn 0.0379 -0.0065 0.9993
vn 0.0742 -0.0228 0.9970
vn 0.0814 -0.0351 0.9961
vn 0.0701 -0.0181 0.9974
vn 0.0492 -0.0119 0.9987
vn 0.0780 -0.0304 0.9965
vn 0.0260 0.0091 0.9996
vn 0.0339 0.0021 0.9994
vn 0.0301 0.0124 0.9995
vn 0.0230 0.0185 0.9996
vn 0.0443 -0.0019 0.9990
vn 0.0356 0.0149 0.9993
vn 0.0253 0.0267 0.9993
vn 0.0154 0.0179 0.9997
vn 0.0158 0.0184 0.9997
vn 0.0182 0.0228 0.9996
vn 0.0613 -0.0009 0.9981
vn 0.0495 0.0208 0.9986
vn 0.0313 0.0408 0.9987
vn 0.0222 0.0287 0.9993
vn 0.0368 0.0361 0.9987
vn 0.0085 0.0324 0.9994
vn 0.0148 0.0292 0.9995
vn 0.0105 0.0382 0.9992
vn 0.0036 0.0423 0.9991
vn 0.0208 0.0326 0.9992
vn 0.0125 0.0447 0.9989
vn 0.0009 0.0551 0.9985
vn 0.0047 0.0310 0.9995
vn 0.0042 0.0335 0.9994
vn -0.0012 0.0460 0.9989
vn 0.0279 0.0475 0.9985
vn 0.0172 0.0622 0.9979
vn -0.0073 0.0845 0.9964
vn -0.0045 0.0596 0.9982
vn 0.0027 0.0758 0.9971
vn -0.0007 0.0446 0.9990
vn -0.0051 0.0515 0.9987
vn -0.0086 0.0592 0.9982
vn -0.0025 0.0513 0.9987
vn -0.0076 0.0641 0.9979
vn -0.0099 0.0679 0.9976
vn -0.0039 0.0618 0.9981
vn 0.0086 0.0292 0.9995
vn 0.0092 0.0312 0.9995
vn 0.0123 0.0377 0.9992
vn -0.0132 0.0916 0.9957
vn -0.0146 0.0942 0.9954
vn 0.0213 0.0605 0.9979
vn 0.0152 0.0446 0.9989
vn -0.0039 0.0834 0.9965
vn 0.0222 0.0266 0.9994
vn 0.0285 0.0271 0.9992
vn 0.0362 0.0246 0.9990
vn 0.0287 0.0257 0.9993
vn 0.0356 0.0310 0.9989
vn 0.0426 0.0281 0.9987
vn 0.0357 0.0304 0.9989
vn 0.0111 0.0264 0.9996
vn 0.0122 0.0270 0.9996
vn 0.0196 0.0286 0.9994
vn 0.0477 0.0431 0.9979
vn 0.0595 0.0376 0.9975
vn 0.0393 0.0475 0.9981
vn 0.0270 0.0337 0.9991
vn 0.0534 0.0404 0.9978
vn 0.0054 0.0347 0.9994
vn 0.0109 0.0351 0.9993
vn 0.0007 0.0437 0.9990
vn -0.0040 0.0432 0.9991
vn 0.0170 0.0411 0.9990
vn 0.0005 0.0516 0.9987
vn -0.0102 0.0547 0.9985
vn 0.0104 0.0270 0.9996
vn 0.0101 0.0297 0.9995
vn 0.0008 0.0401 0.9992
vn 0.0212 0.0596 0.9980
vn -0.0002 0.0719 0.9974
vn -0.0077 0.0713 0.9974
vn -0.0045 0.0509 0.9987
vn -0.0126 0.0754 0.9971
vn 0.0168 0.0332 0.9993
vn 0.0086 0.0394 0.9992
vn 0.0144 0.0404 0.9991
vn 0.0232 0.0347 0.9991
vn 0.0066 0.0479 0.9988
vn 0.0160 0.0466 0.9988
vn 0.0294 0.0404 0.9988
vn 0.0242 0.0228 0.9994
vn 0.0271 0.0247 0.9993
vn 0.0416 0.0281 0.9987
vn 0.0059 0.0670 0.9977
vn 0.0210 0.0631 0.9978
vn 0.0732 0.0452 0.9963
vn 0.0532 0.0329 0.9980
vn 0.0417 0.0546 0.9976
vn 0.0454 0.0233 0.9987
vn 0.0595 0.0245 0.9979
vn 0.0662 0.0250 0.9975
vn 0.0507 0.0243 0.9984
vn 0.0751 0.0285 0.9968
vn 0.0762 0.0287 0.9967
vn 0.0630 0.0299 0.9976
vn 0.0158 0.0225 0.9996
vn 0.0178 0.0228 0.9996
vn 0.0333 0.0255 0.9991
vn 0.1020 0.0396 0.9940
vn 0.1071 0.0393 0.9935
vn 0.0694 0.0436 0.9966
vn 0.0475 0.0310 0.9984
vn 0.0919 0.0412 0.9949
vn -0.0029 0.0266 0.9996
vn 0.0167 0.0280 0.9995
vn -0.0014 0.0319 0.9995
vn -0.0223 0.0304 0.9993
vn 0.0301 0.0339 0.9990
vn -0.0014 0.0386 0.9993
vn -0.0373 0.0381 0.9986
vn -0.0176 0.0249 0.9995
vn -0.0212 0.0259 0.9994
vn -0.0454 0.0306 0.9985
vn 0.0411 0.0485 0.9980
vn -0.0019 0.0546 0.9985
vn -0.0953 0.0533 0.9940
vn -0.0652 0.0378 0.9972
vn -0.0512 0.0542 0.9972
vn -0.0484 0.0314 0.9983
vn -0.0656 0.0319 0.9973
vn -0.0815 0.0351 0.9961
vn -0.0603 0.0354 0.9976
vn -0.0874 0.0387 0.9954
vn -0.0937 0.0400 0.9948
vn -0.0718 0.0417 0.9965
vn -0.0134 0.0276 0.9995
vn -0.0148 0.0308 0.9994
vn -0.0198 0.0390 0.9990
vn -0.1273 0.0536 0.9904
vn -0.1317 0.0546 0.9898
vn -0.0299 0.0609 0.9977
vn -0.0231 0.0457 0.9987
vn -0.0963 0.0568 0.9937
vn 0.0149 0.0400 0.9991
vn 0.0209 0.0460 0.9987
vn 0.0426 0.0517 0.9978
vn 0.0329 0.0457 0.9984
vn 0.0247 0.0540 0.9982
vn 0.0496 0.0591 0.9970
vn 0.0472 0.0569 0.9973
vn -0.0030 0.0276 0.9996
vn -0.0010 0.0298 0.9996
vn 0.0152 0.0388 0.9991
vn 0.0324 0.0725 0.9968
vn 0.0707 0.0813 0.9942
vn 0.0417 0.0725 0.9965
vn 0.0274 0.0504 0.9984
vn 0.0716 0.0805 0.9942
vn -0.0149 0.0278 0.9995
vn -0.0053 0.0339 0.9994
vn -0.0256 0.0305 0.9992
vn -0.0327 0.0254 0.9991
vn -0.0001 0.0440 0.9990
vn -0.0311 0.0361 0.9989
vn -0.0474 0.0282 0.9985
vn -0.0174 0.0229 0.9996
vn -0.0194 0.0236 0.9995
vn -0.0329 0.0243 0.9992
vn -0.0035 0.0619 0.9981
vn -0.0448 0.0499 0.9978
vn -0.0638 0.0388 0.9972
vn -0.0448 0.0280 0.9986
vn -0.0649 0.0400 0.9971
vn -0.0298 0.0245 0.9993
vn -0.0340 0.0258 0.9991
vn -0.0378 0.0273 0.9989
vn -0.0343 0.0263 0.9991
vn -0.0408 0.0311 0.9987
vn -0.0436 0.0318 0.9985
vn -0.0423 0.0307 0.9986
vn -0.0152 0.0251 0.9996
vn -0.0170 0.0273 0.9995
vn -0.0242 0.0302 0.9992
vn -0.0592 0.0421 0.9974
vn -0.0601 0.0434 0.9973
vn -0.0431 0.0486 0.9979
vn -0.0308 0.0353 0.9989
vn -0.0563 0.0434 0.9975
vn -0.0099 0.0373 0.9993
vn -0.0156 0.0376 0.9992
vn -0.0125 0.0428 0.9990
vn -0.0069 0.0431 0.9990
vn -0.0199 0.0436 0.9988
vn -0.0148 0.0490 0.9987
vn -0.0070 0.0522 0.9986
vn -0.0029 0.0332 0.9994
vn -0.0025 0.0364 0.9993
vn 0.0037 0.0493 0.9988
vn -0.0297 0.0584 0.9979
vn -0.0203 0.0664 0.9976
vn 0.0103 0.0857 0.9963
vn 0.0072 0.0618 0.9981
vn -0.0079 0.0731 0.9973
vn 0.0048 0.0459 0.9989
vn 0.0122 0.0572 0.9983
vn 0.0126 0.0602 0.9981
vn 0.0042 0.0484 0.9988
vn 0.0182 0.0717 0.9973
vn 0.0146 0.0697 0.9975
vn 0.0040 0.0585 0.9983
vn -0.0049 0.0300 0.9995
vn -0.0050 0.0314 0.9995
vn -0.0048 0.0380 0.9993
vn 0.0240 0.0982 0.9949
vn 0.0214 0.0973 0.9950
vn -0.0065 0.0687 0.9976
vn -0.0050 0.0481 0.9988
vn 0.0082 0.0843 0.9964
vn -0.0143 0.0262 0.9996
vn -0.0131 0.0315 0.9994
vn -0.0210 0.0265 0.9994
vn -0.0214 0.0226 0.9995
vn -0.0139 0.0406 0.9991
vn -0.0252 0.0308 0.9992
vn -0.0284 0.0243 0.9993
vn -0.0138 0.0206 0.9997
vn -0.0144 0.0213 0.9997
vn -0.0186 0.0243 0.9995
vn -0.0214 0.0551 0.9983
vn -0.0352 0.0421 0.9985
vn -0.0324 0.0401 0.9987
vn -0.0232 0.0290 0.9993
vn -0.0387 0.0349 0.9986
vn -0.0177 0.0223 0.9996
vn -0.0171 0.0287 0.9994
vn -0.0188 0.0299 0.9994
vn -0.0202 0.0233 0.9995
vn -0.0192 0.0366 0.9991
vn -0.0219 0.0351 0.9991
vn -0.0252 0.0272 0.9993
vn -0.0205 0.0095 0.9997
vn -0.0208 0.0103 0.9997
vn -0.0222 0.0167 0.9996
vn -0.0276 0.0493 0.9984
vn -0.0298 0.0488 0.9984
vn -0.0368 0.0331 0.9988
vn -0.0262 0.0229 0.9994
vn -0.0339 0.0404 0.9986
vn -0.0289 0.0005 0.9996
vn -0.0268 0.0106 0.9996
vn -0.0339 0.0018 0.9994
vn -0.0366 -0.0092 0.9993
vn -0.0304 0.0180 0.9994
vn -0.0403 0.0023 0.9992
vn -0.0473 -0.0168 0.9987
vn -0.0280 -0.0053 0.9996
vn -0.0300 -0.0068 0.9995
vn -0.0399 -0.0187 0.9990
vn -0.0439 0.0237 0.9988
vn -0.0562 0.0030 0.9984
vn -0.0730 -0.0413 0.9965
vn -0.0514 -0.0281 0.9983
vn -0.0658 -0.0219 0.9976
vn -0.0397 -0.0183 0.9990
vn -0.0448 -0.0273 0.9986
vn -0.0510 -0.0348 0.9981
vn -0.0456 -0.0236 0.9987
vn -0.0558 -0.0363 0.9978
vn -0.0585 -0.0400 0.9975
vn -0.0543 -0.0291 0.9981
vn -0.0270 0.0021 0.9996
vn -0.0297 0.0022 0.9996
vn -0.0375 0.0007 0.9993
vn -0.0791 -0.0543 0.9954
vn -0.0809 -0.0567 0.9951
vn -0.0601 0.0003 0.9982
vn -0.0445 0.0001 0.9990
vn -0.0738 -0.0382 0.9965
vn -0.0291 0.0235 0.9993
vn -0.0324 0.0260 0.9991
vn -0.0315 0.0397 0.9987
vn -0.0291 0.0354 0.9989
vn -0.0382 0.0304 0.9988
vn -0.0359 0.0457 0.9983
vn -0.0343 0.0467 0.9983
vn -0.0234 0.0145 0.9996
vn -0.0248 0.0168 0.9996
vn -0.0280 0.0313 0.9991
vn -0.0522 0.0398 0.9978
vn -0.0488 0.0638 0.9968
vn -0.0469 0.0630 0.9969
vn -0.0336 0.0437 0.9985
vn -0.0470 0.0685 0.9965
vn -0.0272 0.0165 0.9995
vn -0.0293 0.0267 0.9992
vn -0.0323 0.0191 0.9993
vn -0.0303 0.0102 0.9995
vn -0.0352 0.0375 0.9987
vn -0.0381 0.0223 0.9990
vn -0.0372 0.0082 0.9993
vn -0.0236 0.0035 0.9997
vn -0.0243 0.0036 0.9997
vn -0.0291 0.0044 0.9996
vn -0.0495 0.0506 0.9975
vn -0.0529 0.0311 0.9981
vn -0.0507 0.0075 0.9987
vn -0.0359 0.0054 0.9993
vn -0.0523 0.0136 0.9985
vn -0.0271 -0.0072 0.9996
vn -0.0304 -0.0004 0.9995
vn -0.0324 -0.0076 0.9994
vn -0.0294 -0.0148 0.9995
vn -0.0372 0.0034 0.9993
vn -0.0384 -0.0088 0.9992
vn -0.0355 -0.0218 0.9991
vn -0.0219 -0.0189 0.9996
vn -0.0226 -0.0190 0.9996
vn -0.0272 -0.0213 0.9994
vn -0.0522 0.0027 0.9986
vn -0.0532 -0.0122 0.9985
vn -0.0477 -0.0375 0.9982
vn -0.0338 -0.0264 0.9991
vn -0.0501 -0.0283 0.9983
vn -0.0228 -0.0375 0.9990
vn -0.0268 -0.0313 0.9991
vn -0.0272 -0.0448 0.9986
vn -0.0231 -0.0519 0.9984
vn -0.0339 -0.0341 0.9988
vn -0.0319 -0.0520 0.9981
vn -0.0268 -0.0690 0.9973
vn -0.0181 -0.0401 0.9990
vn -0.0187 -0.0428 0.9989
vn -0.0205 -0.0590 0.9980
vn -0.0472 -0.0503 0.9976
vn -0.0441 -0.0729 0.9964
vn -0.0335 -0.1083 0.9936
vn -0.0242 -0.0764 0.9968
vn -0.0379 -0.0945 0.9948
vn -0.0180 -0.0627 0.9979
vn -0.0186 -0.0685 0.9975
vn -0.0181 -0.0831 0.9964
vn -0.0181 -0.0761 0.9969
vn -0.0229 -0.0847 0.9961
vn -0.0209 -0.0951 0.9952
vn -0.0204 -0.0944 0.9953
vn -0.0204 -0.0375 0.9991
vn -0.0220 -0.0418 0.9989
vn -0.0235 -0.0593 0.9980
vn -0.0309 -0.1213 0.9921
vn -0.0282 -0.1326 0.9908
vn -0.0376 -0.1022 0.9941
vn -0.0273 -0.0742 0.9969
vn -0.0289 -0.1280 0.9914
vn -0.0325 -0.0337 0.9989
vn -0.0321 -0.0429 0.9986
vn -0.0384 -0.0377 0.9986
vn -0.0392 -0.0294 0.9988
vn -0.0373 -0.0530 0.9979
vn -0.0445 -0.0428 0.9981
vn -0.0473 -0.0327 0.9983
vn -0.0341 -0.0106 0.9994
vn -0.0379 -0.0117 0.9992
vn -0.0459 -0.0134 0.9989
vn -0.0503 -0.0747 0.9959
vn -0.0604 -0.0576 0.9965
vn -0.0751 -0.0225 0.9969
vn -0.0546 -0.0162 0.9984
vn -0.0664 -0.0419 0.9969
vn -0.0554 0.0064 0.9984
vn -0.0569 0.0009 0.9984
vn -0.0644 0.0073 0.9979
vn -0.0635 0.0127 0.9979
vn -0.0659 -0.0010 0.9978
vn -0.0730 0.0073 0.9973
vn -0.0785 0.0179 0.9968
vn -0.0450 0.0072 0.9990
vn -0.0493 0.0091 0.9987
vn -0.0715 0.0250 0.9971
vn -0.0882 -0.0045 0.9961
vn -0.0992 0.0096 0.9950
vn -0.1254 0.0492 0.9909
vn -0.0904 0.0351 0.9953
vn -0.1093 0.0263 0.9937
vn -0.0573 0.0157 0.9982
vn -0.0781 0.0330 0.9964
vn -0.0796 0.0315 0.9963
vn -0.0572 0.0122 0.9983
vn -0.1003 0.0467 0.9939
vn -0.0924 0.0369 0.9950
vn -0.0693 0.0129 0.9975
vn -0.0283 -0.0089 0.9996
vn -0.0285 -0.0093 0.9996
vn -0.0315 -0.0119 0.9994
vn -0.1382 0.0639 0.9883
vn -0.1303 0.0535 0.9900
vn -0.0596 -0.0211 0.9980
vn -0.0406 -0.0147 0.9991
vn -0.1010 0.0219 0.9946
vn -0.0071 -0.0349 0.9994
vn -0.0103 -0.0351 0.9993
vn 0.0045 -0.0530 0.9986
vn 0.0055 -0.0511 0.9987
vn -0.0149 -0.0421 0.9990
vn 0.0061 -0.0626 0.9980
vn 0.0123 -0.0666 0.9977
vn -0.0143 -0.0237 0.9996
vn -0.0142 -0.0262 0.9996
vn -0.0054 -0.0418 0.9991
vn -0.0177 -0.0633 0.9978
vn 0.0104 -0.0884 0.9960
vn -0.0008 -0.0759 0.9971
vn -0.0013 -0.0546 0.9985
vn 0.0164 -0.0918 0.9956
vn -0.0247 -0.0260 0.9994
vn -0.0201 -0.0334 0.9992
vn -0.0308 -0.0292 0.9991
vn -0.0353 -0.0228 0.9991
vn -0.0205 -0.0414 0.9989
vn -0.0352 -0.0334 0.9988
vn -0.0456 -0.0246 0.9987
vn -0.0229 -0.0179 0.9996
vn -0.0258 -0.0185 0.9995
vn -0.0444 -0.0153 0.9989
vn -0.0260 -0.0577 0.9980
vn -0.0475 -0.0449 0.9979
vn -0.0837 -0.0205 0.9963
vn -0.0596 -0.0153 0.9981
vn -0.0649 -0.0324 0.9974
vn -0.0350 -0.0161 0.9993
vn -0.0525 -0.0114 0.9986
vn -0.0519 -0.0140 0.9986
vn -0.0332 -0.0195 0.9993
vn -0.0697 -0.0106 0.9975
vn -0.0611 -0.0161 0.9980
vn -0.0382 -0.0257 0.9989
vn -0.0125 -0.0218 0.9997
vn -0.0125 -0.0223 0.9997
vn -0.0123 -0.0269 0.9996
vn -0.0958 -0.0152 0.9953
vn -0.0865 -0.0214 0.9960
vn -0.0205 -0.0499 0.9985
vn -0.0143 -0.0343 0.9993
vn -0.0577 -0.0347 0.9977
vn 0.0063 -0.0337 0.9994
vn 0.0065 -0.0363 0.9993
vn 0.0204 -0.0445 0.9988
vn 0.0179 -0.0416 0.9990
vn 0.0069 -0.0444 0.9990
vn 0.0244 -0.0520 0.9984
vn 0.0261 -0.0515 0.9983
vn -0.0011 -0.0268 0.9996
vn -0.0006 -0.0285 0.9996
vn 0.0046 -0.0367 0.9993
vn 0.0138 -0.0642 0.9978
vn 0.0356 -0.0724 0.9967
vn 0.0111 -0.0619 0.9980
vn 0.0079 -0.0450 0.9990
vn 0.0349 -0.0708 0.9969
vn -0.0073 -0.0315 0.9995
vn -0.0096 -0.0347 0.9994
vn -0.0166 -0.0356 0.9992
vn -0.0130 -0.0333 0.9994
vn -0.0122 -0.0411 0.9991
vn -0.0198 -0.0412 0.9990
vn -0.0170 -0.0399 0.9991
vn -0.0000 -0.0264 0.9997
vn -0.0009 -0.0277 0.9996
vn -0.0086 -0.0319 0.9995
vn -0.0152 -0.0565 0.9983
vn -0.0280 -0.0559 0.9980
vn -0.0216 -0.0545 0.9983
vn -0.0145 -0.0387 0.9991
vn -0.0271 -0.0549 0.9981
vn 0.0056 -0.0314 0.9995
vn -0.0029 -0.0337 0.9994
vn 0.0073 -0.0372 0.9993
vn 0.0160 -0.0351 0.9993
vn -0.0088 -0.0408 0.9991
vn 0.0087 -0.0441 0.9990
vn 0.0252 -0.0430 0.9988
vn 0.0056 -0.0269 0.9996
vn 0.0071 -0.0287 0.9996
vn 0.0193 -0.0341 0.9992
vn -0.0100 -0.0577 0.9983
vn 0.0123 -0.0613 0.9980
vn 0.0423 -0.0589 0.9974
vn 0.0290 -0.0419 0.9987
vn 0.0332 -0.0602 0.9976
vn 0.0119 -0.0340 0.9994
vn 0.0218 -0.0361 0.9991
vn 0.0242 -0.0391 0.9989
vn 0.0131 -0.0378 0.9992
vn 0.0292 -0.0432 0.9986
vn 0.0283 -0.0450 0.9986
vn 0.0155 -0.0446 0.9989
vn -0.0055 -0.0286 0.9996
vn -0.0061 -0.0313 0.9995
vn -0.0093 -0.0390 0.9992
vn 0.0442 -0.0599 0.9972
vn 0.0396 -0.0612 0.9973
vn -0.0153 -0.0633 0.9979
vn -0.0115 -0.0465 0.9989
vn 0.0196 -0.0608 0.9980
vn -0.0257 -0.0385 0.9989
vn -0.0314 -0.0436 0.9986
vn -0.0415 -0.0475 0.9980
vn -0.0342 -0.0424 0.9985
vn -0.0383 -0.0520 0.9979
vn -0.0476 -0.0544 0.9974
vn -0.0444 -0.0524 0.9976
vn -0.0090 -0.0279 0.9996
vn -0.0111 -0.0295 0.9995
vn -0.0270 -0.0392 0.9989
vn -0.0506 -0.0709 0.9962
vn -0.0668 -0.0750 0.9949
vn -0.0570 -0.0707 0.9959
vn -0.0393 -0.0500 0.9980
vn -0.0653 -0.0737 0.9951
vn -0.0021 -0.0286 0.9996
vn -0.0185 -0.0373 0.9991
vn -0.0065 -0.0358 0.9993
vn 0.0103 -0.0270 0.9996
vn -0.0305 -0.0482 0.9984
vn -0.0081 -0.0429 0.9990
vn 0.0192 -0.0314 0.9993
vn 0.0188 -0.0177 0.9997
vn 0.0198 -0.0177 0.9996
vn 0.0287 -0.0186 0.9994
vn -0.0416 -0.0673 0.9969
vn -0.0122 -0.0603 0.9981
vn 0.0579 -0.0309 0.9978
vn 0.0395 -0.0220 0.9990
vn 0.0249 -0.0460 0.9986
vn 0.0483 -0.0094 0.9988
vn 0.0497 -0.0110 0.9987
vn 0.0682 -0.0059 0.9977
vn 0.0655 -0.0050 0.9978
vn 0.0603 -0.0143 0.9981
vn 0.0790 -0.0067 0.9969
vn 0.0842 -0.0034 0.9964
vn 0.0351 -0.0114 0.9993
vn 0.0382 -0.0118 0.9992
vn 0.0554 -0.0099 0.9984
vn 0.0882 -0.0185 0.9959
vn 0.1114 -0.0083 0.9937
vn 0.0978 -0.0139 0.9951
vn 0.0705 -0.0102 0.9975
vn 0.1153 -0.0054 0.9933
vn 0.0394 -0.0171 0.9991
vn 0.0451 -0.0172 0.9988
vn 0.0433 -0.0221 0.9988
vn 0.0379 -0.0225 0.9990
vn 0.0553 -0.0200 0.9983
vn 0.0491 -0.0260 0.9985
vn 0.0433 -0.0279 0.9987
vn 0.0322 -0.0131 0.9994
vn 0.0332 -0.0146 0.9993
vn 0.0315 -0.0242 0.9992
vn 0.0776 -0.0267 0.9966
vn 0.0664 -0.0356 0.9972
vn 0.0462 -0.0464 0.9979
vn 0.0340 -0.0326 0.9989
vn 0.0569 -0.0404 0.9976
vn 0.0365 -0.0160 0.9992
vn 0.0302 -0.0265 0.9992
vn 0.0381 -0.0235 0.9990
vn 0.0461 -0.0120 0.9989
vn 0.0316 -0.0366 0.9988
vn 0.0445 -0.0284 0.9986
vn 0.0606 -0.0106 0.9981
vn 0.0360 -0.0093 0.9993
vn 0.0393 -0.0088 0.9992
vn 0.0549 -0.0017 0.9985
vn 0.0455 -0.0500 0.9977
vn 0.0614 -0.0397 0.9973
vn 0.1033 0.0050 0.9946
vn 0.0722 0.0024 0.9974
vn 0.0830 -0.0170 0.9964
vn 0.0546 -0.0022 0.9985
vn 0.0661 0.0070 0.9978
vn 0.0775 0.0131 0.9969
vn 0.0646 0.0014 0.9979
vn 0.0834 0.0118 0.9964
vn 0.0890 0.0154 0.9959
vn 0.0776 0.0031 0.9970
vn 0.0266 -0.0228 0.9994
vn 0.0298 -0.0251 0.9992
vn 0.0406 -0.0268 0.9988
vn 0.1196 0.0204 0.9926
vn 0.1236 0.0230 0.9921
vn 0.0668 -0.0391 0.9970
vn 0.0495 -0.0294 0.9983
vn 0.1046 0.0030 0.9945
vn 0.0153 -0.0554 0.9983
vn 0.0195 -0.0584 0.9981
vn 0.0092 -0.0775 0.9970
vn 0.0072 -0.0724 0.9973
vn 0.0243 -0.0665 0.9975
vn 0.0104 -0.0882 0.9961
vn 0.0047 -0.0940 0.9956
vn 0.0123 -0.0417 0.9991
vn 0.0121 -0.0469 0.9988
vn 0.0051 -0.0731 0.9973
vn 0.0342 -0.0879 0.9955
vn 0.0133 -0.1215 0.9925
vn 0.0021 -0.1349 0.9909
vn 0.0023 -0.0956 0.9954
vn 0.0041 -0.1337 0.9910
vn 0.0116 -0.0528 0.9985
vn 0.0067 -0.0710 0.9975
vn 0.0122 -0.0662 0.9977
vn 0.0167 -0.0489 0.9987
vn 0.0047 -0.0929 0.9957
vn 0.0143 -0.0767 0.9969
vn 0.0227 -0.0561 0.9982
vn 0.0168 -0.0300 0.9994
vn 0.0175 -0.0306 0.9994
vn 0.0214 -0.0350 0.9992
vn 0.0073 -0.1276 0.9918
vn 0.0192 -0.1076 0.9940
vn 0.0375 -0.0622 0.9974
vn 0.0266 -0.0437 0.9987
vn 0.0307 -0.0815 0.9962
vn 0.0261 -0.0188 0.9995
vn 0.0267 -0.0263 0.9993
vn 0.0324 -0.0185 0.9993
vn 0.0319 -0.0117 0.9994
vn 0.0312 -0.0357 0.9989
vn 0.0384 -0.0214 0.9990
vn 0.0402 -0.0098 0.9991
vn 0.0234 -0.0127 0.9996
vn 0.0246 -0.0127 0.9996
vn 0.0308 -0.0110 0.9995
vn 0.0448 -0.0476 0.9979
vn 0.0533 -0.0294 0.9981
vn 0.0536 -0.0158 0.9984
vn 0.0381 -0.0116 0.9992
vn 0.0556 -0.0156 0.9983
vn 0.0296 -0.0098 0.9995
vn 0.0323 -0.0121 0.9994
vn 0.0352 -0.0109 0.9993
vn 0.0330 -0.0086 0.9994
vn 0.0386 -0.0161 0.9991
vn 0.0412 -0.0126 0.9991
vn 0.0400 -0.0087 0.9992
vn 0.0247 -0.0069 0.9997
vn 0.0261 -0.0074 0.9996
vn 0.0312 -0.0106 0.9995
vn 0.0542 -0.0200 0.9983
vn 0.0565 -0.0172 0.9983
vn 0.0529 -0.0197 0.9984
vn 0.0379 -0.0139 0.9992
vn 0.0553 -0.0143 0.9984
vn 0.0296 -0.0071 0.9995
vn 0.0323 -0.0132 0.9994
vn 0.0348 -0.0108 0.9993
vn 0.0326 -0.0043 0.9995
vn 0.0387 -0.0192 0.9991
vn 0.0409 -0.0128 0.9991
vn 0.0397 -0.0027 0.9992
vn 0.0540 -0.0247 0.9982
vn 0.0564 -0.0181 0.9982
vn 0.0555 -0.0063 0.9984
vn 0.1214 0.0143 0.9925
vn 0.9935 0.1127 -0.0143
vn 0.9720 0.2347 -0.0150
vn 0.1227 0.0308 0.9920
vn 0.0918 0.0094 -0.9957
vn 0.0932 0.0235 -0.9954
vn 0.9621 0.2721 -0.0154
vn 0.1174 0.0326 0.9925
vn 0.0877 0.0258 -0.9958
vn 0.1189 -0.0006 0.9929
vn 0.9999 -0.0045 -0.0138
vn 0.0893 -0.0004 -0.9960
vn 0.0239 -0.0001 -0.9997
vn 0.0253 -0.0000 -0.9997
vn 0.0264 0.0065 -0.9996
vn 0.0242 0.0095 -0.9997
vn 0.0232 0.0031 -0.9997
vn 0.0850 0.0113 -0.9963
vn 0.9911 0.1320 -0.0157
vn 0.1151 0.0153 0.9932
vn 0.1222 0.0022 0.9925
vn 0.9997 0.0175 -0.0151
vn 0.9907 0.1352 -0.0143
vn 0.1260 0.0164 0.9919
vn 0.0919 0.0002 -0.9958
vn 0.0962 0.0124 -0.9953
vn 0.9245 0.3810 -0.0137
vn 0.1166 0.0518 0.9918
vn 0.0884 0.0411 -0.9952
vn 0.0259 -0.0022 -0.9997
vn 0.0270 0.0037 -0.9996
vn 0.0235 0.0139 -0.9996
vn 0.0209 0.0182 -0.9996
vn 0.0782 0.0687 -0.9946
vn 0.7901 0.6129 -0.0146
vn 0.1035 0.0899 0.9906
vn 0.0959 0.1164 0.9886
vn 0.6564 0.7542 -0.0178
vn 0.6181 0.7858 -0.0195
vn 0.0954 0.1165 0.9886
vn 0.0729 0.0871 -0.9935
vn 0.0720 0.0875 -0.9936
vn 0.7622 0.6471 -0.0194
vn 0.1018 0.0777 0.9918
vn 0.0745 0.0579 -0.9955
vn 0.0210 0.0213 -0.9996
vn 0.0206 0.0245 -0.9995
vn 0.0204 0.0186 -0.9996
vn 0.0244 0.0034 -0.9997
vn 0.0865 0.0128 -0.9962
vn 0.9972 0.0714 -0.0209
vn 0.1203 0.0166 0.9926
vn 0.1548 -0.0442 0.9870
vn 0.9391 -0.3430 -0.0227
vn 0.9128 -0.4078 -0.0236
vn 0.1746 -0.0763 0.9817
vn 0.1151 -0.0329 -0.9928
vn 0.1322 -0.0576 -0.9895
vn 0.9373 -0.3478 -0.0213
vn 0.1714 -0.0707 0.9827
vn 0.1298 -0.0531 -0.9901
vn 0.0336 -0.0116 -0.9994
vn 0.0373 -0.0159 -0.9992
vn 0.0347 -0.0123 -0.9993
vn 0.0318 -0.0087 -0.9995
vn 0.1180 -0.0328 -0.9925
vn 0.9824 -0.1859 -0.0166
vn 0.1551 -0.0419 0.9870
vn 0.1351 -0.0002 0.9908
vn 0.9963 0.0844 -0.0136
vn 0.9078 0.4193 -0.0125
vn 0.1105 0.0462 0.9928
vn 0.1042 -0.0021 -0.9946
vn 0.0852 0.0353 -0.9957
vn 0.7403 0.6721 -0.0126
vn 0.0831 0.0777 0.9935
vn 0.0622 0.0601 -0.9962
vn 0.0296 -0.0026 -0.9996
vn 0.0237 0.0099 -0.9997
vn 0.0156 0.0183 -0.9997
vn 0.0138 0.0181 -0.9997
vn 0.0514 0.0676 -0.9964
vn 0.6161 0.7875 -0.0132
vn 0.0687 0.0900 0.9936
vn 0.0592 0.1077 0.9924
vn 0.5105 0.8597 -0.0140
vn 0.3242 0.9459 -0.0153
vn 0.0366 0.1380 0.9898
vn 0.0455 0.0809 -0.9957
vn 0.0275 0.1062 -0.9940
vn 0.1061 0.9942 -0.0172
vn 0.0069 0.1641 0.9864
vn 0.0035 0.1263 -0.9920
vn 0.0140 0.0203 -0.9997
vn 0.0079 0.0295 -0.9995
vn -0.0006 0.0366 -0.9993
vn -0.0036 0.0382 -0.9993
vn -0.0137 0.1398 -0.9901
vn -0.0483 0.9986 -0.0202
vn -0.0171 0.1842 0.9827
vn -0.0319 0.2001 0.9793
vn -0.1387 0.9901 -0.0239
vn -0.1689 0.9853 -0.0253
vn -0.0320 0.2012 0.9790
vn -0.0235 0.1511 -0.9882
vn -0.0239 0.1523 -0.9881
vn -0.0947 0.9952 -0.0240
vn -0.0046 0.1728 0.9850
vn -0.0035 0.1287 -0.9917
vn -0.0045 0.0403 -0.9992
vn -0.0065 0.0431 -0.9991
vn -0.0030 0.0382 -0.9993
vn 0.0093 0.0252 -0.9996
vn 0.0340 0.0892 -0.9954
vn 0.2796 0.9599 -0.0219
vn 0.0458 0.1239 0.9912
vn 0.0981 0.0916 0.9910
vn 0.7525 0.6583 -0.0198
vn 0.8547 0.5188 -0.0191
vn 0.1290 0.0797 0.9884
vn 0.0733 0.0668 -0.9951
vn 0.0974 0.0603 -0.9934
vn 0.7999 0.5998 -0.0170
vn 0.1218 0.0855 0.9889
vn 0.0914 0.0656 -0.9937
vn 0.0227 0.0176 -0.9996
vn 0.0274 0.0174 -0.9995
vn 0.0225 0.0197 -0.9996
vn 0.0178 0.0213 -0.9996
vn 0.0675 0.0804 -0.9945
vn 0.6184 0.7858 -0.0144
vn 0.0884 0.1060 0.9904
vn 0.0424 0.1352 0.9899
vn 0.3292 0.9442 -0.0150
vn 0.0380 0.9991 -0.0172
vn -0.0025 0.1584 0.9874
vn 0.0336 0.1028 -0.9941
vn -0.0025 0.1216 -0.9926
vn -0.1388 0.9901 -0.0190
vn -0.0249 0.1618 0.9865
vn -0.0205 0.1228 -0.9922
vn 0.0120 0.0265 -0.9996
vn -0.0003 0.0340 -0.9994
vn -0.0081 0.0353 -0.9993
vn -0.0032 0.0311 -0.9995
vn -0.0115 0.1134 -0.9935
vn -0.1302 0.9913 -0.0199
vn -0.0159 0.1527 0.9882
vn 0.0102 0.1434 0.9896
vn 0.0417 0.9989 -0.0200
vn 0.3076 0.9513 -0.0200
vn 0.0434 0.1328 0.9902
vn 0.0096 0.1060 -0.9943
vn 0.0323 0.0990 -0.9946
vn 0.6553 0.7551 -0.0223
vn 0.0872 0.1143 0.9896
vn 0.0617 0.0850 -0.9945
vn 0.0051 0.0288 -0.9996
vn 0.0095 0.0286 -0.9995
vn 0.0155 0.0246 -0.9996
vn 0.0309 0.0198 -0.9993
vn 0.1083 0.0715 -0.9915
vn 0.8862 0.4626 -0.0264
vn 0.1495 0.0960 0.9841
vn 0.2107 0.0842 0.9739
vn 0.9404 0.3390 -0.0284
vn 0.9354 0.3525 -0.0280
vn 0.2299 0.0827 0.9697
vn 0.1589 0.0633 -0.9853
vn 0.1760 0.0630 -0.9824
vn 0.8982 0.4390 -0.0242
vn 0.2045 0.0873 0.9750
vn 0.1561 0.0665 -0.9855
vn 0.0477 0.0174 -0.9987
vn 0.0496 0.0181 -0.9986
vn 0.0406 0.0191 -0.9990
vn 0.0322 0.0196 -0.9993
vn 0.1196 0.0717 -0.9902
vn 0.7999 0.5999 -0.0180
vn 0.1552 0.0949 0.9833
vn 0.0908 0.1090 0.9899
vn 0.5326 0.8462 -0.0131
vn 0.0004 0.9999 -0.0115
vn -0.0045 0.1249 0.9922
vn 0.0725 0.0834 -0.9939
vn -0.0038 0.0976 -0.9952
vn -0.5425 0.8399 -0.0141
vn -0.1142 0.1211 0.9861
vn -0.0917 0.0932 -0.9914
vn 0.0220 0.0223 -0.9995
vn -0.0010 0.0267 -0.9996
vn -0.0273 0.0254 -0.9993
vn -0.0450 0.0242 -0.9987
vn -0.1653 0.0873 -0.9824
vn -0.8179 0.5749 -0.0218
vn -0.2113 0.1145 0.9707
vn -0.2746 0.1118 0.9550
vn -0.9116 0.4097 -0.0317
vn -0.9316 0.3617 -0.0354
vn -0.2745 0.1132 0.9549
vn -0.2115 0.0858 -0.9736
vn -0.2087 0.0867 -0.9741
vn -0.8992 0.4364 -0.0329
vn -0.1918 0.1185 0.9743
vn -0.1405 0.0886 -0.9861
vn -0.0569 0.0246 -0.9981
vn -0.0598 0.0251 -0.9979
vn -0.0433 0.0251 -0.9987
vn -0.0114 0.0248 -0.9996
vn -0.0372 0.0858 -0.9956
vn -0.5109 0.8592 -0.0293
vn -0.0555 0.1212 0.9911
vn 0.0613 0.1475 0.9872
vn 0.4996 0.8658 -0.0274
vn 0.6908 0.7224 -0.0298
vn 0.1501 0.1715 0.9737
vn 0.0437 0.1075 -0.9932
vn 0.1120 0.1295 -0.9852
vn 0.6454 0.7634 -0.0261
vn 0.1614 0.1740 0.9714
vn 0.1231 0.1328 -0.9835
vn 0.0153 0.0315 -0.9994
vn 0.0315 0.0370 -0.9988
vn 0.0310 0.0365 -0.9989
vn 0.0204 0.0335 -0.9992
vn 0.0774 0.1251 -0.9891
vn 0.3626 0.9318 -0.0164
vn 0.0973 0.1622 0.9819
vn -0.0126 0.1401 0.9901
vn -0.1543 0.9879 -0.0129
vn -0.6168 0.7870 -0.0151
vn -0.1027 0.1099 0.9886
vn -0.0077 0.1092 -0.9940
vn -0.0801 0.0845 -0.9932
vn -0.8275 0.5611 -0.0182
vn -0.1393 0.0875 0.9864
vn -0.1074 0.0654 -0.9921
vn 0.0011 0.0302 -0.9995
vn -0.0217 0.0238 -0.9995
vn -0.0321 0.0173 -0.9993
vn -0.0280 0.0171 -0.9995
vn -0.1020 0.0625 -0.9928
vn -0.8615 0.5074 -0.0201
vn -0.1368 0.0835 0.9871
vn -0.1300 0.0895 0.9875
vn -0.8303 0.5570 -0.0202
vn -0.8123 0.5829 -0.0198
vn -0.1292 0.0930 0.9872
vn -0.0961 0.0680 -0.9930
vn -0.0977 0.0704 -0.9927
vn -0.7897 0.6132 -0.0192
vn -0.1173 0.0945 0.9886
vn -0.0890 0.0700 -0.9936
vn -0.0243 0.0200 -0.9995
vn -0.0277 0.0201 -0.9994
vn -0.0274 0.0183 -0.9995
vn -0.0185 0.0210 -0.9996
vn -0.0673 0.0768 -0.9948
vn -0.6759 0.7368 -0.0189
vn -0.0914 0.1038 0.9904
vn -0.0658 0.1222 0.9903
vn -0.4700 0.8825 -0.0189
vn -0.2765 0.9608 -0.0199
vn -0.0438 0.1402 0.9892
vn -0.0475 0.0917 -0.9946
vn -0.0331 0.1049 -0.9939
vn -0.0512 0.9984 -0.0223
vn -0.0163 0.1553 0.9877
vn -0.0142 0.1141 -0.9934
vn -0.0111 0.0272 -0.9996
vn -0.0094 0.0302 -0.9995
vn -0.0058 0.0307 -0.9995
vn 0.0040 0.0371 -0.9993
vn 0.0134 0.1325 -0.9911
vn 0.1693 0.9853 -0.0249
vn 0.0196 0.1795 0.9836
vn 0.0484 0.2061 0.9773
vn 0.2438 0.9695 -0.0257
vn 0.1918 0.9811 -0.0243
vn 0.0482 0.2105 0.9764
vn 0.0373 0.1559 -0.9871
vn 0.0374 0.1611 -0.9862
vn 0.0544 0.9983 -0.0205
vn 0.0227 0.1879 0.9819
vn 0.0173 0.1431 -0.9896
vn 0.0125 0.0456 -0.9989
vn 0.0101 0.0453 -0.9989
vn 0.0026 0.0376 -0.9993
vn -0.0025 0.0314 -0.9995
vn -0.0087 0.1173 -0.9931
vn -0.1716 0.9851 -0.0155
vn -0.0127 0.1535 0.9881
vn -0.0497 0.1203 0.9915
vn -0.4401 0.8979 -0.0135
vn -0.6580 0.7529 -0.0136
vn -0.0778 0.0922 0.9927
vn -0.0365 0.0931 -0.9950
vn -0.0593 0.0706 -0.9957
vn -0.7282 0.6852 -0.0143
vn -0.0824 0.0774 0.9936
vn -0.0626 0.0569 -0.9964
vn -0.0082 0.0272 -0.9996
vn -0.0166 0.0199 -0.9997
vn -0.0187 0.0141 -0.9997
vn -0.0140 0.0172 -0.9998
vn -0.0516 0.0629 -0.9967
vn -0.6134 0.7896 -0.0152
vn -0.0697 0.0855 0.9939
vn -0.0609 0.1041 0.9927
vn -0.4929 0.8699 -0.0153
vn -0.5306 0.8475 -0.0148
vn -0.0642 0.1073 0.9922
vn -0.0448 0.0788 -0.9959
vn -0.0486 0.0816 -0.9955
vn -0.6375 0.7704 -0.0137
vn -0.0726 0.0921 0.9931
vn -0.0555 0.0687 -0.9961
vn -0.0112 0.0237 -0.9997
vn -0.0139 0.0228 -0.9996
vn -0.0165 0.0168 -0.9997
vn -0.0163 0.0148 -0.9998
vn -0.0612 0.0557 -0.9966
vn -0.7533 0.6575 -0.0124
vn -0.0814 0.0738 0.9939
vn -0.0996 0.0500 0.9938
vn -0.8916 0.4526 -0.0120
vn -0.9921 0.1247 -0.0128
vn -0.1259 0.0056 0.9920
vn -0.0754 0.0393 -0.9964
vn -0.0972 0.0036 -0.9953
vn -0.9762 -0.2163 -0.0150
vn -0.1447 -0.0472 0.9883
vn -0.1113 -0.0384 -0.9930
vn -0.0194 0.0128 -0.9997
vn -0.0270 0.0012 -0.9996
vn -0.0314 -0.0126 -0.9994
vn -0.0331 -0.0192 -0.9993
vn -0.1215 -0.0714 -0.9900
vn -0.8987 -0.4382 -0.0191
vn -0.1597 -0.0924 0.9828
vn -0.1718 -0.1218 0.9776
vn -0.8309 -0.5559 -0.0242
vn -0.8069 -0.5901 -0.0263
vn -0.1723 -0.1215 0.9775
vn -0.1303 -0.0920 -0.9872
vn -0.1304 -0.0916 -0.9872
vn -0.8565 -0.5156 -0.0248
vn -0.1534 -0.0755 0.9853
vn -0.1138 -0.0556 -0.9919
vn -0.0354 -0.0231 -0.9991
vn -0.0370 -0.0257 -0.9990
vn -0.0331 -0.0183 -0.9993
vn -0.0248 0.0005 -0.9997
vn -0.0874 0.0028 -0.9962
vn -0.9985 -0.0502 -0.0224
vn -0.1221 0.0025 0.9925
vn -0.1089 0.0792 0.9909
vn -0.7580 0.6519 -0.0214
vn -0.5725 0.8196 -0.0229
vn -0.1036 0.1360 0.9853
vn -0.0797 0.0584 -0.9951
vn -0.0782 0.1015 -0.9918
vn -0.5561 0.8308 -0.0223
vn -0.1005 0.1518 0.9833
vn -0.0762 0.1134 -0.9906
vn -0.0223 0.0190 -0.9996
vn -0.0223 0.0287 -0.9993
vn -0.0217 0.0289 -0.9993
vn -0.0209 0.0286 -0.9994
vn -0.0766 0.1053 -0.9915
vn -0.6270 0.7788 -0.0189
vn -0.1017 0.1385 0.9851
vn -0.1087 0.1089 0.9881
vn -0.7507 0.6604 -0.0161
vn -0.8879 0.4598 -0.0146
vn -0.1164 0.0698 0.9907
vn -0.0822 0.0850 -0.9930
vn -0.0891 0.0540 -0.9946
vn -0.9660 0.2582 -0.0137
vn -0.1151 0.0335 0.9928
vn -0.0873 0.0242 -0.9959
vn -0.0224 0.0258 -0.9994
vn -0.0250 0.0149 -0.9996
vn -0.0240 0.0042 -0.9997
vn -0.0224 0.0034 -0.9997
vn -0.0834 0.0125 -0.9964
vn -0.9897 0.1428 -0.0134
vn -0.1114 0.0166 0.9936
vn -0.1149 0.0028 0.9934
vn -0.9997 0.0199 -0.0131
vn -0.9788 -0.2046 -0.0132
vn -0.1174 -0.0273 0.9927
vn -0.0870 0.0036 -0.9962
vn -0.0899 -0.0211 -0.9957
vn -0.8982 -0.4393 -0.0138
vn -0.1107 -0.0597 0.9921
vn -0.0838 -0.0470 -0.9954
vn -0.0239 0.0033 -0.9997
vn -0.0252 -0.0059 -0.9997
vn -0.0227 -0.0153 -0.9996
vn -0.0212 -0.0169 -0.9996
vn -0.0788 -0.0631 -0.9949
vn -0.8051 -0.5929 -0.0150
vn -0.1048 -0.0832 0.9910
vn -0.1028 -0.1152 0.9880
vn -0.7079 -0.7061 -0.0171
vn -0.5703 -0.8212 -0.0198
vn -0.0951 -0.1614 0.9823
vn -0.0782 -0.0870 -0.9931
vn -0.0724 -0.1249 -0.9895
vn -0.4234 -0.9056 -0.0227
vn -0.0815 -0.2015 0.9761
vn -0.0612 -0.1560 -0.9859
vn -0.0220 -0.0213 -0.9995
vn -0.0205 -0.0347 -0.9992
vn -0.0166 -0.0460 -0.9988
vn -0.0149 -0.0492 -0.9987
vn -0.0530 -0.1772 -0.9827
vn -0.3231 -0.9460 -0.0263
vn -0.0705 -0.2321 0.9701
vn -0.0634 -0.2613 0.9632
vn -0.2587 -0.9655 -0.0303
vn -0.2138 -0.9763 -0.0323
vn -0.0583 -0.2791 0.9585
vn -0.0486 -0.1991 -0.9788
vn -0.0445 -0.2142 -0.9758
vn -0.2049 -0.9783 -0.0322
vn -0.0617 -0.2622 0.9630
vn -0.0465 -0.1992 -0.9789
vn -0.0147 -0.0534 -0.9985
vn -0.0130 -0.0613 -0.9980
vn -0.0122 -0.0599 -0.9981
vn -0.0168 -0.0439 -0.9989
vn -0.0606 -0.1547 -0.9861
vn -0.2934 -0.9555 -0.0306
vn -0.0801 -0.2101 0.9744
vn -0.1057 -0.1572 0.9819
vn -0.5064 -0.8618 -0.0271
vn -0.7103 -0.7035 -0.0239
vn -0.1276 -0.1198 0.9846
vn -0.0802 -0.1141 -0.9902
vn -0.0959 -0.0894 -0.9914
vn -0.8556 -0.5172 -0.0225
vn -0.1418 -0.0850 0.9862
vn -0.1046 -0.0650 -0.9924
vn -0.0237 -0.0299 -0.9993
vn -0.0276 -0.0260 -0.9993
vn -0.0280 -0.0212 -0.9994
vn -0.0323 -0.0099 -0.9994
vn -0.1170 -0.0361 -0.9925
vn -0.9629 -0.2687 -0.0225
vn -0.1584 -0.0484 0.9862
vn -0.1830 -0.0139 0.9830
vn -0.9990 -0.0367 -0.0243
vn -0.9912 0.1295 -0.0276
vn -0.2073 0.0182 0.9781
vn -0.1373 -0.0093 -0.9905
vn -0.1556 0.0128 -0.9877
vn -0.9580 0.2849 -0.0318
vn -0.2287 0.0544 0.9720
vn -0.1699 0.0378 -0.9847
vn -0.0407 0.0002 -0.9992
vn -0.0449 0.0039 -0.9990
vn -0.0468 0.0089 -0.9989
vn -0.0551 0.0211 -0.9983
vn -0.1928 0.0727 -0.9785
vn -0.9160 0.3996 -0.0349
vn -0.2577 0.0989 0.9612
vn -0.2831 0.1300 0.9502
vn -0.9074 0.4189 -0.0346
vn -0.9389 0.3429 -0.0309
vn -0.2766 0.1169 0.9539
vn -0.2170 0.1004 -0.9710
vn -0.2149 0.0921 -0.9723
vn -0.9951 0.0962 -0.0212
vn -0.2276 0.0566 0.9721
vn -0.1771 0.0455 -0.9831
vn -0.0644 0.0310 -0.9974
vn -0.0613 0.0257 -0.9978
vn -0.0466 0.0096 -0.9989
vn -0.0287 -0.0094 -0.9995
vn -0.1107 -0.0357 -0.9932
vn -0.8669 -0.4983 -0.0118
vn -0.1406 -0.0474 0.9889
vn -0.0332 -0.1499 0.9881
vn -0.3709 -0.9286 -0.0138
vn 0.0660 -0.9976 -0.0209
vn 0.0265 -0.1951 0.9804
vn -0.0256 -0.1163 -0.9929
vn 0.0214 -0.1502 -0.9884
vn 0.1874 -0.9820 -0.0241
vn 0.0328 -0.1934 0.9806
vn 0.0255 -0.1461 -0.9889
vn -0.0097 -0.0289 -0.9995
vn 0.0052 -0.0417 -0.9991
vn 0.0091 -0.0427 -0.9990
vn -0.0008 -0.0323 -0.9995
vn -0.0043 -0.1152 -0.9933
vn 0.0599 -0.9979 -0.0236
vn -0.0040 -0.1578 0.9875
vn -0.0534 -0.1208 0.9912
vn -0.3656 -0.9305 -0.0209
vn -0.7481 -0.6633 -0.0203
vn -0.0990 -0.0941 0.9906
vn -0.0410 -0.0873 -0.9953
vn -0.0731 -0.0702 -0.9949
vn -0.9224 -0.3856 -0.0225
vn -0.1376 -0.0683 0.9881
vn -0.0999 -0.0522 -0.9936
vn -0.0134 -0.0236 -0.9996
vn -0.0212 -0.0203 -0.9996
vn -0.0263 -0.0158 -0.9995
vn -0.0363 -0.0092 -0.9993
vn -0.1297 -0.0339 -0.9910
vn -0.9804 -0.1956 -0.0244
vn -0.1756 -0.0446 0.9834
vn -0.2022 -0.0333 0.9788
vn -0.9862 -0.1639 -0.0240
vn -0.9563 -0.2917 -0.0208
vn -0.1915 -0.0442 0.9805
vn -0.1540 -0.0244 -0.9878
vn -0.1478 -0.0331 -0.9885
vn -0.8051 -0.5929 -0.0149
vn -0.1364 -0.0741 0.9879
vn -0.1051 -0.0569 -0.9928
vn -0.0454 -0.0058 -0.9990
vn -0.0409 -0.0097 -0.9991
vn -0.0256 -0.0170 -0.9995
vn -0.0095 -0.0232 -0.9997
vn -0.0366 -0.0892 -0.9953
vn -0.3805 -0.9247 -0.0114
vn -0.0473 -0.1155 0.9922
vn 0.0380 -0.1458 0.9886
vn 0.1392 -0.9902 -0.0150
vn 0.4186 -0.9080 -0.0201
vn 0.0804 -0.1579 0.9842
vn 0.0291 -0.1119 -0.9933
vn 0.0620 -0.1205 -0.9908
vn 0.4660 -0.8845 -0.0216
vn 0.0712 -0.1496 0.9862
vn 0.0539 -0.1121 -0.9922
vn 0.0048 -0.0294 -0.9996
vn 0.0167 -0.0337 -0.9993
vn 0.0174 -0.0322 -0.9993
vn 0.0043 -0.0262 -0.9996
vn 0.0142 -0.0938 -0.9955
vn 0.2393 -0.9707 -0.0206
vn 0.0210 -0.1289 0.9914
vn -0.0303 -0.1192 0.9924
vn -0.2495 -0.9682 -0.0183
vn -0.4648 -0.8853 -0.0174
vn -0.0608 -0.1195 0.9910
vn -0.0238 -0.0874 -0.9959
vn -0.0457 -0.0900 -0.9949
vn -0.4623 -0.8866 -0.0164
vn -0.0632 -0.1189 0.9909
vn -0.0462 -0.0899 -0.9949
vn -0.0088 -0.0243 -0.9997
vn -0.0128 -0.0258 -0.9996
vn -0.0100 -0.0253 -0.9996
vn -0.0097 -0.0243 -0.9997
vn -0.0366 -0.0907 -0.9952
vn -0.3534 -0.9353 -0.0146
vn -0.0483 -0.1204 0.9915
vn -0.0184 -0.1285 0.9915
vn -0.1359 -0.9906 -0.0141
vn 0.1620 -0.9867 -0.0148
vn 0.0283 -0.1357 0.9903
vn -0.0156 -0.0977 -0.9951
vn 0.0222 -0.1042 -0.9943
vn 0.4252 -0.9050 -0.0161
vn 0.0704 -0.1321 0.9887
vn 0.0556 -0.1003 -0.9934
vn -0.0070 -0.0264 -0.9996
vn 0.0060 -0.0292 -0.9996
vn 0.0179 -0.0277 -0.9995
vn 0.0190 -0.0262 -0.9995
vn 0.0703 -0.0964 -0.9929
vn 0.5656 -0.8245 -0.0181
vn 0.0929 -0.1282 0.9874
vn 0.0992 -0.1291 0.9867
vn 0.6113 -0.7911 -0.0204
vn 0.5735 -0.8190 -0.0208
vn 0.0848 -0.1301 0.9879
vn 0.0732 -0.0973 -0.9926
vn 0.0632 -0.0978 -0.9932
vn 0.3262 -0.9451 -0.0204
vn 0.0383 -0.1267 0.9912
vn 0.0293 -0.0929 -0.9952
vn 0.0175 -0.0271 -0.9995
vn 0.0178 -0.0280 -0.9995
vn 0.0107 -0.0263 -0.9996
vn -0.0060 -0.0266 -0.9996
vn -0.0199 -0.0944 -0.9953
vn -0.2979 -0.9543 -0.0225
vn -0.0291 -0.1305 0.9910
vn -0.1017 -0.1484 0.9837
vn -0.6216 -0.7830 -0.0250
vn -0.6773 -0.7353 -0.0265
vn -0.1427 -0.1595 0.9768
vn -0.0757 -0.1105 -0.9910
vn -0.1077 -0.1208 -0.9868
vn -0.6612 -0.7498 -0.0253
vn -0.1444 -0.1589 0.9767
vn -0.1086 -0.1203 -0.9868
vn -0.0241 -0.0318 -0.9992
vn -0.0303 -0.0343 -0.9990
vn -0.0278 -0.0331 -0.9991
vn -0.0261 -0.0318 -0.9992
vn -0.0954 -0.1157 -0.9887
vn -0.6002 -0.7995 -0.0216
vn -0.1249 -0.1528 0.9803
vn -0.0903 -0.1469 0.9850
vn -0.4499 -0.8929 -0.0173
vn -0.0937 -0.9955 -0.0133
vn -0.0305 -0.1360 0.9902
vn -0.0714 -0.1125 -0.9911
vn -0.0247 -0.1055 -0.9941
vn 0.4167 -0.9090 -0.0112
vn 0.0530 -0.1068 0.9929
vn 0.0425 -0.0821 -0.9957
vn -0.0218 -0.0317 -0.9993
vn -0.0063 -0.0291 -0.9996
vn 0.0140 -0.0210 -0.9997
vn 0.0273 -0.0138 -0.9995
vn 0.1035 -0.0513 -0.9933
vn 0.8111 -0.5847 -0.0135
vn 0.1331 -0.0680 0.9888
vn 0.1995 -0.0366 0.9792
vn 0.9627 -0.2698 -0.0206
vn 0.9944 -0.1024 -0.0264
vn 0.2410 -0.0157 0.9704
vn 0.1533 -0.0276 -0.9878
vn 0.1855 -0.0114 -0.9826
vn 0.9988 -0.0407 -0.0286
vn 0.2403 -0.0126 0.9706
vn 0.1826 -0.0091 -0.9831
vn 0.0396 -0.0090 -0.9992
vn 0.0520 -0.0036 -0.9986
vn 0.0540 -0.0014 -0.9985
vn 0.0423 -0.0065 -0.9991
vn 0.1500 -0.0242 -0.9884
vn 0.9953 -0.0927 -0.0279
vn 0.2031 -0.0311 0.9787
vn 0.1643 -0.0568 0.9848
vn 0.9626 -0.2699 -0.0247
vn 0.8917 -0.4522 -0.0213
vn 0.1397 -0.0764 0.9872
vn 0.1202 -0.0440 -0.9918
vn 0.1045 -0.0577 -0.9928
vn 0.8112 -0.5844 -0.0193
vn 0.1178 -0.0884 0.9891
vn 0.0891 -0.0651 -0.9939
vn 0.0320 -0.0134 -0.9994
vn 0.0301 -0.0164 -0.9994
vn 0.0274 -0.0166 -0.9995
vn 0.0200 -0.0202 -0.9996
vn 0.0735 -0.0743 -0.9945
vn 0.7089 -0.7051 -0.0182
vn 0.0990 -0.1000 0.9900
vn 0.1018 -0.1068 0.9891
vn 0.6875 -0.7259 -0.0174
vn 0.8164 -0.5772 -0.0172
vn 0.1353 -0.0873 0.9870
vn 0.0756 -0.0818 -0.9938
vn 0.1043 -0.0667 -0.9923
vn 0.9532 -0.3017 -0.0182
vn 0.1805 -0.0394 0.9828
vn 0.1404 -0.0279 -0.9897
vn 0.0186 -0.0244 -0.9995
vn 0.0294 -0.0187 -0.9994
vn 0.0409 -0.0054 -0.9991
vn 0.0474 0.0030 -0.9989
vn 0.1736 0.0118 -0.9847
vn 0.9993 -0.0291 -0.0224
vn 0.2258 0.0133 0.9741
vn 0.2584 0.0487 0.9648
vn 0.9880 0.1516 -0.0293
vn 0.9781 0.2055 -0.0321
vn 0.2597 0.0495 0.9644
vn 0.1972 0.0368 -0.9797
vn 0.1973 0.0371 -0.9796
vn 0.9949 0.0964 -0.0304
vn 0.2128 0.0015 0.9771
vn 0.1578 0.0007 -0.9875
vn 0.0531 0.0076 -0.9986
vn 0.0565 0.0102 -0.9984
vn 0.0474 0.0027 -0.9989
vn 0.0274 -0.0163 -0.9995
vn 0.0953 -0.0575 -0.9938
vn 0.8775 -0.4788 -0.0291
vn 0.1338 -0.0796 0.9878
vn 0.0739 -0.1756 0.9817
vn 0.2911 -0.9562 -0.0296
vn 0.0620 -0.9975 -0.0330
vn 0.0284 -0.2522 0.9673
vn 0.0546 -0.1289 -0.9901
vn 0.0226 -0.1894 -0.9816
vn 0.0108 -0.9994 -0.0340
vn 0.0067 -0.2820 0.9594
vn 0.0064 -0.2128 -0.9771
vn 0.0139 -0.0399 -0.9991
vn 0.0066 -0.0546 -0.9985
vn 0.0035 -0.0580 -0.9983
vn 0.0008 -0.0608 -0.9982
vn 0.0026 -0.2154 -0.9765
vn 0.0269 -0.9991 -0.0314
vn 0.0039 -0.2827 0.9592
vn 0.0160 -0.2674 0.9635
vn 0.0970 -0.9949 -0.0282
vn 0.2305 -0.9728 -0.0248
vn 0.0393 -0.2339 0.9715
vn 0.0106 -0.2066 -0.9784
vn 0.0293 -0.1811 -0.9830
vn 0.3949 -0.9185 -0.0208
vn 0.0639 -0.1835 0.9809
vn 0.0488 -0.1399 -0.9890
vn 0.0018 -0.0611 -0.9981
vn 0.0086 -0.0509 -0.9987
vn 0.0149 -0.0358 -0.9992
vn 0.0167 -0.0283 -0.9995
vn 0.0616 -0.1054 -0.9925
vn 0.5623 -0.8268 -0.0170
vn 0.0819 -0.1382 0.9870
vn 0.1000 -0.1023 0.9897
vn 0.7366 -0.6762 -0.0151
vn 0.8867 -0.4622 -0.0148
vn 0.1174 -0.0647 0.9910
vn 0.0753 -0.0798 -0.9940
vn 0.0898 -0.0498 -0.9947
vn 0.9559 -0.2932 -0.0149
vn 0.1207 -0.0370 0.9920
vn 0.0915 -0.0265 -0.9954
vn 0.0197 -0.0244 -0.9995
vn 0.0252 -0.0140 -0.9996
vn 0.0260 -0.0049 -0.9997
vn 0.0234 -0.0069 -0.9997
vn 0.0865 -0.0254 -0.9959
vn 0.9591 -0.2826 -0.0153
vn 0.1162 -0.0342 0.9926
vn 0.1181 -0.0403 0.9922
vn 0.9465 -0.3223 -0.0154
vn 0.9571 -0.2892 -0.0155
vn 0.1224 -0.0374 0.9918
vn 0.0883 -0.0317 -0.9956
vn 0.0928 -0.0284 -0.9953
vn 0.9614 -0.2748 -0.0156
vn 0.1191 -0.0337 0.9923
vn 0.0896 -0.0238 -0.9957
vn 0.0239 -0.0112 -0.9997
vn 0.0263 -0.0080 -0.9996
vn 0.0252 -0.0042 -0.9997
vn 0.0230 -0.0085 -0.9997
vn 0.0848 -0.0312 -0.9959
vn 0.9339 -0.3573 -0.0157
vn 0.1142 -0.0422 0.9926
vn 0.1174 -0.0509 0.9918
vn 0.9186 -0.3949 -0.0155
vn 0.9561 -0.2927 -0.0150
vn 0.1232 -0.0403 0.9916
vn 0.0881 -0.0398 -0.9953
vn 0.0938 -0.0309 -0.9951
vn 0.9908 -0.1349 -0.0142
vn 0.1218 -0.0175 0.9924
vn 0.0923 -0.0119 -0.9957
vn 0.0242 -0.0134 -0.9996
vn 0.0265 -0.0085 -0.9996
vn 0.0254 -0.0007 -0.9997
vn 0.0014 0.0002 -1.0000
vn 0.0033 0.0027 -1.0000
vn 0.0054 0.0012 -1.0000
vn 0.0035 -0.0016 -1.0000
vn 0.0091 0.0064 -0.9999
vn 0.0111 0.0026 -0.9999
vn 0.0098 -0.0029 -0.9999
vn -0.0000 -0.0000 -1.0000
vn 0.0003 0.0001 -1.0000
vn 0.0003 -0.0000 -1.0000
vn 0.0025 0.0004 -1.0000
vn 0.0024 -0.0000 -1.0000
vn 0.0083 0.0011 -1.0000
vn 0.0085 -0.0001 -1.0000
vn 0.0013 0.0005 -1.0000
vn 0.0028 0.0035 -1.0000
vn 0.0054 0.0009 -1.0000
vn 0.0038 -0.0015 -1.0000
vn 0.0083 0.0083 -0.9999
vn 0.0113 0.0017 -0.9999
vn 0.0104 -0.0035 -0.9999
vn 0.0003 0.0002 -1.0000
vn 0.0022 0.0016 -1.0000
vn 0.0075 0.0064 -1.0000
vn 0.0013 0.0008 -1.0000
vn 0.0026 0.0038 -1.0000
vn 0.0044 0.0051 -1.0000
vn 0.0034 0.0010 -1.0000
vn 0.0072 0.0096 -0.9999
vn 0.0088 0.0099 -0.9999
vn 0.0090 0.0053 -0.9999
vn 0.0004 0.0001 -1.0000
vn 0.0027 0.0004 -1.0000
vn 0.0090 0.0012 -1.0000
vn 0.0018 -0.0005 -1.0000
vn 0.0035 0.0001 -1.0000
vn 0.0079 -0.0034 -1.0000
vn 0.0055 -0.0028 -1.0000
vn 0.0121 -0.0022 -0.9999
vn 0.0150 -0.0061 -0.9999
vn 0.0143 -0.0068 -0.9999
vn 0.0004 -0.0000 -1.0000
vn 0.0032 -0.0005 -1.0000
vn 0.0116 -0.0030 -0.9999
vn 0.0013 0.0004 -1.0000
vn 0.0014 0.0035 -1.0000
vn 0.0047 0.0019 -1.0000
vn 0.0048 -0.0015 -1.0000
vn 0.0044 0.0092 -0.9999
vn 0.0099 0.0041 -0.9999
vn 0.0128 -0.0034 -0.9999
vn 0.0002 0.0002 -1.0000
vn 0.0015 0.0018 -1.0000
vn 0.0049 0.0064 -1.0000
vn 0.0003 0.0016 -1.0000
vn -0.0010 0.0061 -1.0000
vn 0.0015 0.0061 -1.0000
vn 0.0027 0.0017 -1.0000
vn -0.0022 0.0162 -0.9999
vn 0.0033 0.0122 -0.9999
vn 0.0071 0.0058 -1.0000
vn 0.0001 0.0004 -1.0000
vn -0.0000 0.0039 -1.0000
vn -0.0012 0.0140 -0.9999
vn -0.0001 0.0021 -1.0000
vn -0.0015 0.0065 -1.0000
vn -0.0015 0.0092 -1.0000
vn 0.0008 0.0038 -1.0000
vn -0.0033 0.0168 -0.9999
vn -0.0023 0.0173 -0.9998
vn 0.0004 0.0136 -0.9999
vn 0.0002 0.0004 -1.0000
vn 0.0011 0.0028 -1.0000
vn 0.0034 0.0093 -1.0000
vn 0.0010 0.0013 -1.0000
vn 0.0012 0.0038 -1.0000
vn 0.0055 0.0038 -1.0000
vn 0.0043 0.0019 -1.0000
vn 0.0058 0.0094 -0.9999
vn 0.0112 0.0076 -0.9999
vn 0.0111 0.0053 -0.9999
vn 0.0002 0.0003 -1.0000
vn 0.0016 0.0022 -1.0000
vn 0.0062 0.0076 -1.0000
vn -0.0024 0.0056 -1.0000
vn 0.0001 0.0068 -1.0000
vn 0.0032 0.0027 -1.0000
vn -0.0060 0.0150 -0.9999
vn 0.0001 0.0141 -0.9999
vn 0.0076 0.0085 -0.9999
vn 0.0001 0.0032 -1.0000
vn -0.0010 0.0113 -0.9999
vn 0.0009 0.0015 -1.0000
vn 0.0009 0.0039 -1.0000
vn 0.0023 0.0062 -1.0000
vn 0.0025 0.0035 -1.0000
vn 0.0034 0.0103 -0.9999
vn 0.0042 0.0122 -0.9999
vn 0.0049 0.0101 -0.9999
vn 0.0003 0.0003 -1.0000
vn 0.0031 0.0024 -1.0000
vn 0.0114 0.0074 -0.9999
vn 0.0022 0.0011 -1.0000
vn 0.0030 0.0027 -1.0000
vn 0.0105 0.0038 -0.9999
vn 0.0082 0.0023 -1.0000
vn 0.0128 0.0079 -0.9999
vn 0.0195 0.0074 -0.9998
vn 0.0213 0.0062 -0.9998
vn 0.0029 0.0023 -1.0000
vn 0.0117 0.0073 -0.9999
vn -0.0002 0.0013 -1.0000
vn -0.0050 0.0035 -1.0000
vn -0.0003 0.0050 -1.0000
vn 0.0042 0.0029 -1.0000
vn -0.0135 0.0097 -0.9999
vn -0.0005 0.0110 -0.9999
vn 0.0113 0.0082 -0.9999
vn -0.0003 0.0004 -1.0000
vn -0.0044 0.0029 -1.0000
vn -0.0165 0.0091 -0.9998
vn -0.0023 0.0015 -1.0000
vn -0.0077 0.0037 -1.0000
vn -0.0127 0.0053 -0.9999
vn -0.0042 0.0030 -1.0000
vn -0.0197 0.0097 -0.9998
vn -0.0231 0.0101 -0.9997
vn -0.0188 0.0097 -0.9998
vn -0.0002 0.0004 -1.0000
vn -0.0013 0.0030 -1.0000
vn -0.0044 0.0094 -0.9999
vn 0.0006 0.0018 -1.0000
vn 0.0013 0.0040 -1.0000
vn 0.0066 0.0079 -0.9999
vn 0.0034 0.0051 -1.0000
vn 0.0085 0.0133 -0.9999
vn 0.0120 0.0149 -0.9998
vn 0.0085 0.0130 -0.9999
vn -0.0000 0.0004 -1.0000
vn 0.0014 0.0034 -1.0000
vn 0.0072 0.0122 -0.9999
vn -0.0006 0.0013 -1.0000
vn -0.0056 0.0020 -1.0000
vn -0.0039 0.0048 -1.0000
vn 0.0020 0.0045 -1.0000
vn -0.0152 0.0056 -0.9999
vn -0.0087 0.0101 -0.9999
vn 0.0039 0.0124 -0.9999
vn -0.0003 0.0003 -1.0000
vn -0.0026 0.0020 -1.0000
vn -0.0101 0.0063 -0.9999
vn -0.0015 0.0011 -1.0000
vn -0.0054 0.0019 -1.0000
vn -0.0060 0.0041 -1.0000
vn -0.0018 0.0034 -1.0000
vn -0.0134 0.0057 -0.9999
vn -0.0115 0.0085 -0.9999
vn -0.0066 0.0089 -0.9999
vn -0.0002 0.0003 -1.0000
vn -0.0019 0.0023 -1.0000
vn -0.0067 0.0077 -0.9999
vn -0.0004 0.0018 -1.0000
vn -0.0020 0.0033 -1.0000
vn -0.0018 0.0067 -1.0000
vn -0.0001 0.0049 -1.0000
vn -0.0045 0.0102 -0.9999
vn -0.0040 0.0128 -0.9999
vn -0.0017 0.0123 -0.9999
vn -0.0001 0.0005 -1.0000
vn 0.0001 0.0039 -1.0000
vn 0.0014 0.0137 -0.9999
vn 0.0003 0.0022 -1.0000
vn -0.0010 0.0035 -1.0000
vn 0.0021 0.0095 -1.0000
vn 0.0028 0.0074 -1.0000
vn -0.0012 0.0125 -0.9999
vn 0.0038 0.0181 -0.9998
vn 0.0070 0.0196 -0.9998
vn -0.0001 0.0004 -1.0000
vn -0.0005 0.0031 -1.0000
vn -0.0010 0.0114 -0.9999
vn -0.0033 0.0011 -1.0000
vn -0.0032 0.0042 -1.0000
vn -0.0000 0.0049 -1.0000
vn -0.0088 0.0036 -1.0000
vn -0.0069 0.0085 -0.9999
vn -0.0011 0.0126 -0.9999
vn -0.0015 0.0018 -1.0000
vn -0.0051 0.0062 -1.0000
vn -0.0008 0.0011 -1.0000
vn -0.0030 0.0010 -1.0000
vn -0.0029 0.0047 -1.0000
vn -0.0009 0.0044 -1.0000
vn -0.0077 0.0042 -1.0000
vn -0.0059 0.0094 -0.9999
vn -0.0029 0.0112 -0.9999
vn -0.0003 0.0001 -1.0000
vn -0.0017 0.0014 -1.0000
vn -0.0059 0.0052 -1.0000
vn -0.0014 -0.0001 -1.0000
vn -0.0049 -0.0029 -1.0000
vn -0.0053 0.0002 -1.0000
vn -0.0020 0.0028 -1.0000
vn -0.0132 -0.0074 -0.9999
vn -0.0112 0.0006 -0.9999
vn -0.0061 0.0072 -1.0000
vn -0.0004 -0.0001 -1.0000
vn -0.0035 -0.0016 -1.0000
vn -0.0122 -0.0069 -0.9999
vn -0.0019 -0.0009 -1.0000
vn -0.0053 -0.0039 -1.0000
vn -0.0079 -0.0055 -1.0000
vn -0.0037 -0.0010 -1.0000
vn -0.0138 -0.0096 -0.9999
vn -0.0149 -0.0099 -0.9998
vn -0.0127 -0.0062 -0.9999
vn -0.0004 -0.0000 -1.0000
vn -0.0028 0.0001 -1.0000
vn -0.0092 0.0002 -1.0000
vn -0.0014 0.0011 -1.0000
vn -0.0031 0.0018 -1.0000
vn -0.0048 0.0062 -1.0000
vn -0.0031 0.0040 -1.0000
vn -0.0088 0.0083 -0.9999
vn -0.0093 0.0114 -0.9999
vn -0.0083 0.0099 -0.9999
vn -0.0003 0.0002 -1.0000
vn -0.0024 0.0026 -1.0000
vn -0.0078 0.0103 -0.9999
vn -0.0013 0.0009 -1.0000
vn -0.0033 -0.0008 -1.0000
vn -0.0050 0.0031 -1.0000
vn -0.0030 0.0050 -1.0000
vn -0.0093 -0.0011 -1.0000
vn -0.0104 0.0062 -0.9999
vn -0.0083 0.0128 -0.9999
vn -0.0003 -0.0000 -1.0000
vn -0.0023 0.0003 -1.0000
vn -0.0080 0.0012 -1.0000
vn -0.0013 -0.0004 -1.0000
vn -0.0030 -0.0035 -1.0000
vn -0.0050 -0.0012 -1.0000
vn -0.0033 0.0018 -1.0000
vn -0.0084 -0.0087 -0.9999
vn -0.0106 -0.0025 -0.9999
vn -0.0093 0.0040 -0.9999
vn -0.0003 -0.0002 -1.0000
vn -0.0022 -0.0016 -1.0000
vn -0.0077 -0.0061 -1.0000
vn -0.0010 -0.0020 -1.0000
vn -0.0020 -0.0079 -1.0000
vn -0.0042 -0.0072 -1.0000
vn -0.0031 -0.0013 -1.0000
vn -0.0057 -0.0208 -0.9998
vn -0.0084 -0.0140 -0.9999
vn -0.0089 -0.0055 -0.9999
vn -0.0003 -0.0005 -1.0000
vn -0.0020 -0.0052 -1.0000
vn -0.0056 -0.0182 -0.9998
vn -0.0007 -0.0032 -1.0000
vn -0.0013 -0.0103 -0.9999
vn -0.0026 -0.0132 -0.9999
vn -0.0023 -0.0044 -1.0000
vn -0.0036 -0.0266 -0.9996
vn -0.0054 -0.0243 -0.9997
vn -0.0066 -0.0177 -0.9998
vn -0.0022 -0.0046 -1.0000
vn -0.0063 -0.0163 -0.9998
vn -0.0014 -0.0017 -1.0000
vn -0.0031 -0.0049 -1.0000
vn -0.0058 -0.0060 -1.0000
vn -0.0039 -0.0025 -1.0000
vn -0.0092 -0.0116 -0.9999
vn -0.0117 -0.0111 -0.9999
vn -0.0105 -0.0085 -0.9999
vn -0.0005 -0.0002 -1.0000
vn -0.0035 -0.0011 -1.0000
vn -0.0117 -0.0036 -0.9999
vn -0.0027 0.0005 -1.0000
vn -0.0047 -0.0003 -1.0000
vn -0.0101 0.0015 -0.9999
vn -0.0072 0.0018 -1.0000
vn -0.0163 0.0009 -0.9999
vn -0.0186 0.0016 -0.9998
vn -0.0180 0.0032 -0.9998
vn -0.0007 0.0001 -1.0000
vn -0.0063 0.0019 -1.0000
vn -0.0207 0.0078 -0.9998
vn -0.0028 0.0008 -1.0000
vn -0.0041 -0.0006 -1.0000
vn -0.0125 0.0051 -0.9999
vn -0.0101 0.0053 -0.9999
vn -0.0157 0.0012 -0.9999
vn -0.0241 0.0097 -0.9997
vn -0.0271 0.0144 -0.9995
vn -0.0003 -0.0001 -1.0000
vn -0.0026 -0.0010 -1.0000
vn -0.0102 -0.0033 -0.9999
vn -0.0004 -0.0016 -1.0000
vn 0.0021 -0.0068 -1.0000
vn 0.0007 -0.0083 -1.0000
vn -0.0030 -0.0020 -1.0000
vn 0.0056 -0.0184 -0.9998
vn 0.0016 -0.0167 -0.9999
vn -0.0065 -0.0086 -0.9999
vn -0.0002 -0.0004 -1.0000
vn -0.0005 -0.0033 -1.0000
vn -0.0005 -0.0119 -0.9999
vn -0.0012 -0.0012 -1.0000
vn -0.0022 -0.0030 -1.0000
vn -0.0048 -0.0044 -1.0000
vn -0.0032 -0.0026 -1.0000
vn -0.0077 -0.0076 -0.9999
vn -0.0090 -0.0087 -0.9999
vn -0.0074 -0.0076 -0.9999
vn -0.0036 -0.0014 -1.0000
vn -0.0133 -0.0036 -0.9999
vn -0.0017 -0.0008 -1.0000
vn -0.0014 -0.0030 -1.0000
vn -0.0082 -0.0021 -1.0000
vn -0.0075 -0.0003 -1.0000
vn -0.0070 -0.0079 -0.9999
vn -0.0163 -0.0042 -0.9999
vn -0.0201 -0.0010 -0.9998
vn -0.0001 -0.0003 -1.0000
vn -0.0010 -0.0022 -1.0000
vn -0.0034 -0.0081 -1.0000
vn 0.0003 -0.0016 -1.0000
vn 0.0035 -0.0050 -1.0000
vn 0.0032 -0.0069 -1.0000
vn -0.0014 -0.0031 -1.0000
vn 0.0093 -0.0134 -0.9999
vn 0.0064 -0.0137 -0.9999
vn -0.0012 -0.0102 -0.9999
vn -0.0000 -0.0004 -1.0000
vn 0.0003 -0.0028 -1.0000
vn 0.0015 -0.0096 -1.0000
vn -0.0003 -0.0015 -1.0000
vn 0.0005 -0.0038 -1.0000
vn -0.0025 -0.0055 -1.0000
vn -0.0025 -0.0033 -1.0000
vn -0.0008 -0.0103 -0.9999
vn -0.0051 -0.0110 -0.9999
vn -0.0059 -0.0089 -0.9999
vn -0.0007 -0.0025 -1.0000
vn -0.0033 -0.0087 -1.0000
vn 0.0003 -0.0015 -1.0000
vn 0.0039 -0.0039 -1.0000
vn 0.0012 -0.0058 -1.0000
vn -0.0024 -0.0034 -1.0000
vn 0.0100 -0.0107 -0.9999
vn 0.0024 -0.0122 -0.9999
vn -0.0058 -0.0098 -0.9999
vn 0.0001 -0.0004 -1.0000
vn 0.0015 -0.0028 -1.0000
vn 0.0067 -0.0095 -0.9999
vn 0.0005 -0.0016 -1.0000
vn 0.0029 -0.0038 -1.0000
vn 0.0038 -0.0060 -1.0000
vn 0.0004 -0.0037 -1.0000
vn 0.0068 -0.0101 -0.9999
vn 0.0071 -0.0118 -0.9999
vn 0.0036 -0.0106 -0.9999
vn -0.0001 -0.0004 -1.0000
vn -0.0006 -0.0030 -1.0000
vn -0.0022 -0.0098 -0.9999
vn -0.0013 -0.0018 -1.0000
vn -0.0016 -0.0036 -1.0000
vn -0.0066 -0.0073 -1.0000
vn -0.0049 -0.0050 -1.0000
vn -0.0079 -0.0121 -0.9999
vn -0.0119 -0.0139 -0.9998
vn -0.0121 -0.0130 -0.9998
vn -0.0023 -0.0035 -1.0000
vn -0.0095 -0.0118 -0.9999
vn -0.0001 -0.0014 -1.0000
vn 0.0033 -0.0021 -1.0000
vn -0.0011 -0.0056 -1.0000
vn -0.0041 -0.0047 -1.0000
vn 0.0082 -0.0068 -0.9999
vn -0.0024 -0.0120 -0.9999
vn -0.0111 -0.0130 -0.9999
vn 0.0002 -0.0002 -1.0000
vn 0.0024 -0.0016 -1.0000
vn 0.0097 -0.0050 -0.9999
vn 0.0024 -0.0004 -1.0000
vn 0.0088 0.0003 -1.0000
vn 0.0108 -0.0008 -0.9999
vn 0.0032 -0.0019 -1.0000
vn 0.0235 0.0007 -0.9997
vn 0.0205 -0.0017 -0.9998
vn 0.0127 -0.0047 -0.9999
vn 0.0005 -0.0002 -1.0000
vn 0.0045 -0.0011 -1.0000
vn 0.0158 -0.0025 -0.9999
vn 0.0020 -0.0007 -1.0000
vn 0.0056 -0.0013 -1.0000
vn 0.0069 -0.0032 -1.0000
vn 0.0029 -0.0025 -1.0000
vn 0.0134 -0.0046 -0.9999
vn 0.0127 -0.0069 -0.9999
vn 0.0100 -0.0066 -0.9999
vn 0.0004 -0.0002 -1.0000
vn 0.0023 -0.0020 -1.0000
vn 0.0073 -0.0072 -0.9999
vn 0.0019 -0.0006 -1.0000
vn 0.0070 0.0006 -1.0000
vn 0.0061 -0.0035 -1.0000
vn 0.0014 -0.0042 -1.0000
vn 0.0185 0.0006 -0.9998
vn 0.0124 -0.0077 -0.9999
vn 0.0046 -0.0115 -0.9999
vn 0.0005 -0.0001 -1.0000
vn 0.0047 -0.0002 -1.0000
vn 0.0173 0.0009 -0.9999
vn 0.0026 -0.0001 -1.0000
vn 0.0081 0.0015 -1.0000
vn 0.0120 0.0022 -0.9999
vn 0.0048 -0.0010 -1.0000
vn 0.0208 0.0036 -0.9998
vn 0.0225 0.0036 -0.9997
vn 0.0179 0.0001 -0.9998
vn 0.0004 -0.0003 -1.0000
vn 0.0031 -0.0020 -1.0000
vn 0.0102 -0.0061 -0.9999
vn 0.0006 -0.0027 -1.0000
vn 0.0017 -0.0049 -1.0000
vn 0.0012 -0.0121 -0.9999
vn 0.0011 -0.0075 -1.0000
vn 0.0032 -0.0194 -0.9998
vn 0.0030 -0.0219 -0.9998
vn 0.0036 -0.0185 -0.9998
vn 0.0002 -0.0006 -1.0000
vn 0.0006 -0.0065 -1.0000
vn 0.0005 -0.0226 -0.9997
vn 0.0004 -0.0027 -1.0000
vn 0.0026 -0.0029 -1.0000
vn 0.0017 -0.0106 -0.9999
vn -0.0004 -0.0100 -0.9999
vn 0.0071 -0.0110 -0.9999
vn 0.0036 -0.0204 -0.9998
vn -0.0009 -0.0267 -0.9996
vn 0.0003 -0.0003 -1.0000
vn 0.0019 -0.0027 -1.0000
vn 0.0061 -0.0102 -0.9999
vn 0.0012 -0.0010 -1.0000
vn 0.0040 0.0006 -1.0000
vn 0.0050 -0.0030 -1.0000
vn 0.0021 -0.0049 -1.0000
vn 0.0108 0.0009 -0.9999
vn 0.0106 -0.0059 -0.9999
vn 0.0064 -0.0124 -0.9999
vn 0.0003 -0.0001 -1.0000
vn 0.0024 -0.0008 -1.0000
vn 0.0084 -0.0025 -1.0000
vn 0.0014 -0.0005 -1.0000
vn 0.0038 0.0008 -1.0000
vn 0.0054 -0.0017 -1.0000
vn 0.0030 -0.0030 -1.0000
vn 0.0102 0.0011 -0.9999
vn 0.0111 -0.0034 -0.9999
vn 0.0086 -0.0071 -0.9999
vn 0.0083 -0.0030 -1.0000
vn 0.0014 -0.0003 -1.0000
vn 0.0035 0.0014 -1.0000
vn 0.0033 -0.0032 -1.0000
vn 0.0099 0.0026 -0.9999
vn 0.0111 -0.0035 -0.9999
vn 0.0091 -0.0080 -0.9999
vn 0.0253 -0.0012 0.9997
vn 0.0251 -0.0070 0.9997
vn 0.0170 -0.0302 0.9994
vn 0.0127 -0.0429 0.9990
vn 0.0369 -0.0095 0.9993
vn 0.0328 -0.0133 0.9994
vn 0.0190 -0.0177 0.9997
vn -0.0093 -0.0283 0.9996
vn 0.0057 -0.0276 0.9996
vn -0.0000 -0.0268 0.9996
vn -0.0126 -0.0219 0.9997
vn -0.0235 -0.0185 0.9996
vn -0.0460 0.0073 0.9989
vn -0.0212 -0.0386 0.9990
vn -0.0183 -0.0407 0.9990
vn -0.0237 0.0035 0.9997
vn -0.0239 0.0148 0.9996
vn -0.0286 -0.0055 0.9996
vn -0.0207 0.0096 0.9997
vn -0.0049 0.0305 0.9995
vn -0.0030 0.0342 0.9994
vn -0.0178 0.0232 0.9996
vn -0.0028 0.0284 0.9996
vn -0.0181 0.0252 0.9995
vn 0.0161 0.0225 0.9996
vn 0.0108 0.0279 0.9996
vn 0.0113 0.0268 0.9996
vn 0.0047 0.0316 0.9995
vn 0.0155 0.0180 0.9997
vn 0.0278 0.0041 0.9996
vn 0.0241 0.0133 0.9996
vn 0.0245 0.0105 0.9996
vn 0.0237 -0.0128 0.9996
vn 0.0276 -0.0238 0.9993
vn 0.0358 -0.0117 0.9993
vn -0.0056 -0.0296 0.9995
vn -0.0012 -0.0274 0.9996
vn 0.0021 -0.0281 0.9996
vn -0.0146 -0.0241 0.9996
vn -0.0356 -0.0111 0.9993
vn -0.0220 -0.0190 0.9996
vn -0.0279 0.0024 0.9996
vn -0.0139 0.0209 0.9997
vn -0.0157 0.0260 0.9995
vn -0.0139 0.0287 0.9995
vn 0.0248 0.0235 0.9994
vn 0.0088 0.0301 0.9995
vn 0.0269 0.0018 0.9996
vn 0.0250 0.0055 0.9997
vn -0.0160 0.0183 0.9997
vn 0.0164 0.0243 0.9996
s 1
usemtl LiquidMaterial
f 820//1 821//2 819//3 825//4
f 822//5 823//6 819//3 821//2
f 824//7 825//4 819//3 823//6
f 1//8 2013//9 2012//10
f 102//11 103//12 821//2 820//1
f 99//13 820//1 825//4 100//14
f 2//15 105//16 822//5 104//17
f 105//16 106//18 823//6 822//5
f 104//17 822//5 821//2 103//12
f 3//19 101//20 824//7 107//21
f 101//20 100//14 825//4 824//7
f 107//21 824//7 823//6 106//18
f 827//22 828//23 826//24 832//25
f 829//26 830//27 826//24 828//23
f 831//28 832//25 826//24 830//27
f 1//8 2012//10 2014//29
f 99//13 100//14 828//23 827//22
f 108//30 827//22 832//25 109//31
f 3//19 111//32 829//26 101//20
f 111//32 112//33 830//27 829//26
f 101//20 829//26 828//23 100//14
f 4//34 110//35 831//28 113//36
f 110//35 109//31 832//25 831//28
f 113//36 831//28 830//27 112//33
f 834//37 835//38 833//39 839//40
f 836//41 837//42 833//39 835//38
f 838//43 839//40 833//39 837//42
f 1//8 2014//29 2015//44
f 108//30 109//31 835//38 834//37
f 114//45 834//37 839//40 115//46
f 4//34 117//47 836//41 110//35
f 117//47 118//48 837//42 836//41
f 110//35 836//41 835//38 109//31
f 5//49 116//50 838//43 119//51
f 116//50 115//46 839//40 838//43
f 119//51 838//43 837//42 118//48
f 841//52 842//53 840//54 846//55
f 843//56 844//57 840//54 842//53
f 845//58 846//55 840//54 844//57
f 1//8 2015//44 2016//59
f 114//45 115//46 842//53 841//52
f 120//60 841//52 846//55 121//61
f 5//49 123//62 843//56 116//50
f 123//62 124//63 844//57 843//56
f 116//50 843//56 842//53 115//46
f 6//64 122//65 845//58 125//66
f 122//65 121//61 846//55 845//58
f 125//66 845//58 844//57 124//63
f 848//67 849//68 847//69 853//70
f 850//71 851//72 847//69 849//68
f 852//73 853//70 847//69 851//72
f 1//8 2016//59 2017//74
f 120//60 121//61 849//68 848//67
f 126//75 848//67 853//70 127//76
f 6//64 129//77 850//71 122//65
f 129//77 130//78 851//72 850//71
f 122//65 850//71 849//68 121//61
f 7//79 128//80 852//73 131//81
f 128//80 127//76 853//70 852//73
f 131//81 852//73 851//72 130//78
f 855//82 856//83 854//84 860//85
f 857//86 858//87 854//84 856//83
f 859//88 860//85 854//84 858//87
f 1//8 2017//74 2018//89
f 126//75 127//76 856//83 855//82
f 132//90 855//82 860//85 133//91
f 7//79 135//92 857//86 128//80
f 135//92 136//93 858//87 857//86
f 128//80 857//86 856//83 127//76
f 8//94 134//95 859//88 137//96
f 134//95 133//91 860//85 859//88
f 137//96 859//88 858//87 136//93
f 862//97 863//98 861//99 867//100
f 864//101 865//102 861//99 863//98
f 866//103 867//100 861//99 865//102
f 1//8 2018//89 2019//104
f 132//90 133//91 863//98 862//97
f 138//105 862//97 867//100 139//106
f 8//94 141//107 864//101 134//95
f 141//107 142//108 865//102 864//101
f 134//95 864//101 863//98 133//91
f 9//109 140//110 866//103 143//111
f 140//110 139//106 867//100 866//103
f 143//111 866//103 865//102 142//108
f 869//112 870//113 868//114 874//115
f 871//116 872//117 868//114 870//113
f 873//118 874//115 868//114 872//117
f 1//8 2019//104 2020//119
f 138//105 139//106 870//113 869//112
f 144//120 869//112 874//115 145//121
f 9//109 147//122 871//116 140//110
f 147//122 148//123 872//117 871//116
f 140//110 871//116 870//113 139//106
f 10//124 146//125 873//118 149//126
f 146//125 145//121 874//115 873//118
f 149//126 873//118 872//117 148//123
f 876//127 877//128 875//129 881//130
f 878//131 879//132 875//129 877//128
f 880//133 881//130 875//129 879//132
f 1//8 2020//119 2021//134
f 144//120 145//121 877//128 876//127
f 150//135 876//127 881//130 151//136
f 10//124 153//137 878//131 146//125
f 153//137 154//138 879//132 878//131
f 146//125 878//131 877//128 145//121
f 11//139 152//140 880//133 155//141
f 152//140 151//136 881//130 880//133
f 155//141 880//133 879//132 154//138
f 883//142 884//143 882//144 888//145
f 885//146 886//147 882//144 884//143
f 887//148 888//145 882//144 886//147
f 1//8 2021//134 2022//149
f 150//135 151//136 884//143 883//142
f 156//150 883//142 888//145 157//151
f 11//139 159//152 885//146 152//140
f 159//152 160//153 886//147 885//146
f 152//140 885//146 884//143 151//136
f 12//154 158//155 887//148 161//156
f 158//155 157//151 888//145 887//148
f 161//156 887//148 886//147 160//153
f 890//157 891//158 889//159 895//160
f 892//161 893//162 889//159 891//158
f 894//163 895//160 889//159 893//162
f 1//8 2022//149 1975//164
f 156//150 157//151 891//158 890//157
f 162//165 890//157 895//160 163//166
f 12//154 165//167 892//161 158//155
f 165//167 166//168 893//162 892//161
f 158//155 892//161 891//158 157//151
f 13//169 164//170 894//163 167//171
f 164//170 163//166 895//160 894//163
f 167//171 894//163 893//162 166//168
f 897//172 898//173 896//174 902//175
f 899//176 900//177 896//174 898//173
f 901//178 902//175 896//174 900//177
f 1//8 1975//164 1976//179
f 162//165 163//166 898//173 897//172
f 168//180 897//172 902//175 169//181
f 13//169 171//182 899//176 164//170
f 171//182 172//183 900//177 899//176
f 164//170 899//176 898//173 163//166
f 14//184 170//185 901//178 173//186
f 170//185 169//181 902//175 901//178
f 173//186 901//178 900//177 172//183
f 904//187 905//188 903//189 909//190
f 906//191 907//192 903//189 905//188
f 908//193 909//190 903//189 907//192
f 1//8 1976//179 1977//194
f 168//180 169//181 905//188 904//187
f 174//195 904//187 909//190 175//196
f 14//184 177//197 906//191 170//185
f 177//197 178//198 907//192 906//191
f 170//185 906//191 905//188 169//181
f 15//199 176//200 908//193 179//201
f 176//200 175//196 909//190 908//193
f 179//201 908//193 907//192 178//198
f 911//202 912//203 910//204 916//205
f 913//206 914//207 910//204 912//203
f 915//208 916//205 910//204 914//207
f 1//8 1977//194 1978//209
f 174//195 175//196 912//203 911//202
f 180//210 911//202 916//205 181//211
f 15//199 183//212 913//206 176//200
f 183//212 184//213 914//207 913//206
f 176//200 913//206 912//203 175//196
f 16//214 182//215 915//208 185//216
f 182//215 181//211 916//205 915//208
f 185//216 915//208 914//207 184//213
f 918//217 919//218 917//219 923//220
f 920//221 921//222 917//219 919//218
f 922//223 923//220 917//219 921//222
f 1//8 1978//209 1979//224
f 180//210 181//211 919//218 918//217
f 186//225 918//217 923//220 187//226
f 16//214 189//227 920//221 182//215
f 189//227 190//228 921//222 920//221
f 182//215 920//221 919//218 181//211
f 17//229 188//230 922//223 191//231
f 188//230 187//226 923//220 922//223
f 191//231 922//223 921//222 190//228
f 925//232 926//233 924//234 930//235
f 927//236 928//237 924//234 926//233
f 929//238 930//235 924//234 928//237
f 1//8 1979//224 1980//239
f 186//225 187//226 926//233 925//232
f 192//240 925//232 930//235 193//241
f 17//229 195//242 927//236 188//230
f 195//242 196//243 928//237 927//236
f 188//230 927//236 926//233 187//226
f 18//244 194//245 929//238 197//246
f 194//245 193//241 930//235 929//238
f 197//246 929//238 928//237 196//243
f 932//247 933//248 931//249 937//250
f 934//251 935//252 931//249 933//248
f 936//253 937//250 931//249 935//252
f 1//8 1980//239 1981//254
f 192//240 193//241 933//248 932//247
f 198//255 932//247 937//250 199//256
f 18//244 201//257 934//251 194//245
f 201//257 202//258 935//252 934//251
f 194//245 934//251 933//248 193//241
f 19//259 200//260 936//253 203//261
f 200//260 199//256 937//250 936//253
f 203//261 936//253 935//252 202//258
f 939//262 940//263 938//264 944//265
f 941//266 942//267 938//264 940//263
f 943//268 944//265 938//264 942//267
f 1//8 1981//254 1982//269
f 198//255 199//256 940//263 939//262
f 204//270 939//262 944//265 205//271
f 19//259 207//272 941//266 200//260
f 207//272 208//273 942//267 941//266
f 200//260 941//266 940//263 199//256
f 20//274 206//275 943//268 209//276
f 206//275 205//271 944//265 943//268
f 209//276 943//268 942//267 208//273
f 946//277 947//278 945//279 951//280
f 948//281 949//282 945//279 947//278
f 950//283 951//280 945//279 949//282
f 1//8 1982//269 1983//284
f 204//270 205//271 947//278 946//277
f 210//285 946//277 951//280 211//286
f 20//274 213//287 948//281 206//275
f 213//287 214//288 949//282 948//281
f 206//275 948//281 947//278 205//271
f 21//289 212//290 950//283 215//291
f 212//290 211//286 951//280 950//283
f 215//291 950//283 949//282 214//288
f 953//292 954//293 952//294 958//295
f 955//296 956//297 952//294 954//293
f 957//298 958//295 952//294 956//297
f 1//8 1983//284 1984//299
f 210//285 211//286 954//293 953//292
f 216//300 953//292 958//295 217//301
f 21//289 219//302 955//296 212//290
f 219//302 220//303 956//297 955//296
f 212//290 955//296 954//293 211//286
f 22//304 218//305 957//298 221//306
f 218//305 217//301 958//295 957//298
f 221//306 957//298 956//297 220//303
f 960//307 961//308 959//309 965//310
f 962//311 963//312 959//309 961//308
f 964//313 965//310 959//309 963//312
f 1//8 1984//299 1985//314
f 216//300 217//301 961//308 960//307
f 222//315 960//307 965//310 223//316
f 22//304 225//317 962//311 218//305
f 225//317 226//318 963//312 962//311
f 218//305 962//311 961//308 217//301
f 23//319 224//320 964//313 227//321
f 224//320 223//316 965//310 964//313
f 227//321 964//313 963//312 226//318
f 967//322 968//323 966//324 972//325
f 969//326 970//327 966//324 968//323
f 971//328 972//325 966//324 970//327
f 1//8 1985//314 1986//329
f 222//315 223//316 968//323 967//322
f 228//330 967//322 972//325 229//331
f 23//319 231//332 969//326 224//320
f 231//332 232//333 970//327 969//326
f 224//320 969//326 968//323 223//316
f 24//334 230//335 971//328 233//336
f 230//335 229//331 972//325 971//328
f 233//336 971//328 970//327 232//333
f 974//337 975//338 973//339 979//340
f 976//341 977//342 973//339 975//338
f 978//343 979//340 973//339 977//342
f 1//8 1986//329 1987//344
f 228//330 229//331 975//338 974//337
f 234//345 974//337 979//340 235//346
f 24//334 237//347 976//341 230//335
f 237//347 238//348 977//342 976//341
f 230//335 976//341 975//338 229//331
f 25//349 236//350 978//343 239//351
f 236//350 235//346 979//340 978//343
f 239//351 978//343 977//342 238//348
f 981//352 982//353 980//354 986//355
f 983//356 984//357 980//354 982//353
f 985//358 986//355 980//354 984//357
f 1//8 1987//344 1988//359
f 234//345 235//346 982//353 981//352
f 240//360 981//352 986//355 241//361
f 25//349 243//362 983//356 236//350
f 243//362 244//363 984//357 983//356
f 236//350 983//356 982//353 235//346
f 26//364 242//365 985//358 245//366
f 242//365 241//361 986//355 985//358
f 245//366 985//358 984//357 244//363
f 988//367 989//368 987//369 993//370
f 990//371 991//372 987//369 989//368
f 992//373 993//370 987//369 991//372
f 1//8 1988//359 1989//374
f 240//360 241//361 989//368 988//367
f 246//375 988//367 993//370 247//376
f 26//364 249//377 990//371 242//365
f 249//377 250//378 991//372 990//371
f 242//365 990//371 989//368 241//361
f 27//379 248//380 992//373 251//381
f 248//380 247//376 993//370 992//373
f 251//381 992//373 991//372 250//378
f 995//382 996//383 994//384 1000//385
f 997//386 998//387 994//384 996//383
f 999//388 1000//385 994//384 998//387
f 1//8 1989//374 1990//389
f 246//375 247//376 996//383 995//382
f 252//390 995//382 1000//385 253//391
f 27//379 255//392 997//386 248//380
f 255//392 256//393 998//387 997//386
f 248//380 997//386 996//383 247//376
f 28//394 254//395 999//388 257//396
f 254//395 253//391 1000//385 999//388
f 257//396 999//388 998//387 256//393
f 1002//397 1003//398 1001//399 1007//400
f 1004//401 1005//402 1001//399 1003//398
f 1006//403 1007//400 1001//399 1005//402
f 1//8 1990//389 1991//404
f 252//390 253//391 1003//398 1002//397
f 258//405 1002//397 1007//400 259//406
f 28//394 261//407 1004//401 254//395
f 261//407 262//408 1005//402 1004//401
f 254//395 1004//401 1003//398 253//391
f 29//409 260//410 1006//403 263//411
f 260//410 259//406 1007//400 1006//403
f 263//411 1006//403 1005//402 262//408
f 1009//412 1010//413 1008//414 1014//415
f 1011//416 1012//417 1008//414 1010//413
f 1013//418 1014//415 1008//414 1012//417
f 1//8 1991//404 1992//419
f 258//405 259//406 1010//413 1009//412
f 264//420 1009//412 1014//415 265//421
f 29//409 267//422 1011//416 260//410
f 267//422 268//423 1012//417 1011//416
f 260//410 1011//416 1010//413 259//406
f 30//424 266//425 1013//418 269//426
f 266//425 265//421 1014//415 1013//418
f 269//426 1013//418 1012//417 268//423
f 1016//427 1017//428 1015//429 1021//430
f 1018//431 1019//432 1015//429 1017//428
f 1020//433 1021//430 1015//429 1019//432
f 1//8 1992//419 1993//434
f 264//420 265//421 1017//428 1016//427
f 270//435 1016//427 1021//430 271//436
f 30//424 273//437 1018//431 266//425
f 273//437 274//438 1019//432 1018//431
f 266//425 1018//431 1017//428 265//421
f 31//439 272//440 1020//433 275//441
f 272//440 271//436 1021//430 1020//433
f 275//441 1020//433 1019//432 274//438
f 1023//442 1024//443 1022//444 1028//445
f 1025//446 1026//447 1022//444 1024//443
f 1027//448 1028//445 1022//444 1026//447
f 1//8 1993//434 1994//449
f 270//435 271//436 1024//443 1023//442
f 276//450 1023//442 1028//445 277//451
f 31//439 279//452 1025//446 272//440
f 279//452 280//453 1026//447 1025//446
f 272//440 1025//446 1024//443 271//436
f 32//454 278//455 1027//448 281//456
f 278//455 277//451 1028//445 1027//448
f 281//456 1027//448 1026//447 280//453
f 1030//457 1031//458 1029//459 1035//460
f 1032//461 1033//462 1029//459 1031//458
f 1034//463 1035//460 1029//459 1033//462
f 1//8 1994//449 1995//464
f 276//450 277//451 1031//458 1030//457
f 282//465 1030//457 1035//460 283//466
f 32//454 285//467 1032//461 278//455
f 285//467 286//468 1033//462 1032//461
f 278//455 1032//461 1031//458 277//451
f 33//469 284//470 1034//463 287//471
f 284//470 283//466 1035//460 1034//463
f 287//471 1034//463 1033//462 286//468
f 1037//472 1038//473 1036//474 1042//475
f 1039//476 1040//477 1036//474 1038//473
f 1041//478 1042//475 1036//474 1040//477
f 1//8 1995//464 1996//479
f 282//465 283//466 1038//473 1037//472
f 288//480 1037//472 1042//475 289//481
f 33//469 291//482 1039//476 284//470
f 291//482 292//483 1040//477 1039//476
f 284//470 1039//476 1038//473 283//466
f 34//484 290//485 1041//478 293//486
f 290//485 289//481 1042//475 1041//478
f 293//486 1041//478 1040//477 292//483
f 1044//487 1045//488 1043//489 1049//490
f 1046//491 1047//492 1043//489 1045//488
f 1048//493 1049//490 1043//489 1047//492
f 1//8 1996//479 1997//494
f 288//480 289//481 1045//488 1044//487
f 294//495 1044//487 1049//490 295//496
f 34//484 297//497 1046//491 290//485
f 297//497 298//498 1047//492 1046//491
f 290//485 1046//491 1045//488 289//481
f 35//499 296//500 1048//493 299//501
f 296//500 295//496 1049//490 1048//493
f 299//501 1048//493 1047//492 298//498
f 1051//502 1052//503 1050//504 1056//505
f 1053//506 1054//507 1050//504 1052//503
f 1055//508 1056//505 1050//504 1054//507
f 1//8 1997//494 1998//509
f 294//495 295//496 1052//503 1051//502
f 300//510 1051//502 1056//505 301//511
f 35//499 303//512 1053//506 296//500
f 303//512 304//513 1054//507 1053//506
f 296//500 1053//506 1052//503 295//496
f 36//514 302//515 1055//508 305//516
f 302//515 301//511 1056//505 1055//508
f 305//516 1055//508 1054//507 304//513
f 1058//517 1059//518 1057//519 1063//520
f 1060//521 1061//522 1057//519 1059//518
f 1062//523 1063//520 1057//519 1061//522
f 1//8 1998//509 1999//524
f 300//510 301//511 1059//518 1058//517
f 306//525 1058//517 1063//520 307//526
f 36//514 309//527 1060//521 302//515
f 309//527 310//528 1061//522 1060//521
f 302//515 1060//521 1059//518 301//511
f 37//529 308//530 1062//523 311//531
f 308//530 307//526 1063//520 1062//523
f 311//531 1062//523 1061//522 310//528
f 1065//532 1066//533 1064//534 1070//535
f 1067//536 1068//537 1064//534 1066//533
f 1069//538 1070//535 1064//534 1068//537
f 1//8 1999//524 2000//539
f 306//525 307//526 1066//533 1065//532
f 312//540 1065//532 1070//535 313//541
f 37//529 315//542 1067//536 308//530
f 315//542 316//543 1068//537 1067//536
f 308//530 1067//536 1066//533 307//526
f 38//544 314//545 1069//538 317//546
f 314//545 313//541 1070//535 1069//538
f 317//546 1069//538 1068//537 316//543
f 1072//547 1073//548 1071//549 1077//550
f 1074//551 1075//552 1071//549 1073//548
f 1076//553 1077//550 1071//549 1075//552
f 1//8 2000//539 2001//554
f 312//540 313//541 1073//548 1072//547
f 318//555 1072//547 1077//550 319//556
f 38//544 321//557 1074//551 314//545
f 321//557 322//558 1075//552 1074//551
f 314//545 1074//551 1073//548 313//541
f 39//559 320//560 1076//553 323//561
f 320//560 319//556 1077//550 1076//553
f 323//561 1076//553 1075//552 322//558
f 1079//562 1080//563 1078//564 1084//565
f 1081//566 1082//567 1078//564 1080//563
f 1083//568 1084//565 1078//564 1082//567
f 1//8 2001//554 2002//569
f 318//555 319//556 1080//563 1079//562
f 324//570 1079//562 1084//565 325//571
f 39//559 327//572 1081//566 320//560
f 327//572 328//573 1082//567 1081//566
f 320//560 1081//566 1080//563 319//556
f 40//574 326//575 1083//568 329//576
f 326//575 325//571 1084//565 1083//568
f 329//576 1083//568 1082//567 328//573
f 1086//577 1087//578 1085//579 1091//580
f 1088//581 1089//582 1085//579 1087//578
f 1090//583 1091//580 1085//579 1089//582
f 1//8 2002//569 2003//584
f 324//570 325//571 1087//578 1086//577
f 330//585 1086//577 1091//580 331//586
f 40//574 333//587 1088//581 326//575
f 333//587 334//588 1089//582 1088//581
f 326//575 1088//581 1087//578 325//571
f 41//589 332//590 1090//583 335//591
f 332//590 331//586 1091//580 1090//583
f 335//591 1090//583 1089//582 334//588
f 1093//592 1094//593 1092//594 1098//595
f 1095//596 1096//597 1092//594 1094//593
f 1097//598 1098//595 1092//594 1096//597
f 1//8 2003//584 2004//599
f 330//585 331//586 1094//593 1093//592
f 336//600 1093//592 1098//595 337//601
f 41//589 339//602 1095//596 332//590
f 339//602 340//603 1096//597 1095//596
f 332//590 1095//596 1094//593 331//586
f 42//604 338//605 1097//598 341//606
f 338//605 337//601 1098//595 1097//598
f 341//606 1097//598 1096//597 340//603
f 1100//607 1101//608 1099//609 1105//610
f 1102//611 1103//612 1099//609 1101//608
f 1104//613 1105//610 1099//609 1103//612
f 1//8 2004//599 2005//614
f 336//600 337//601 1101//608 1100//607
f 342//615 1100//607 1105//610 343//616
f 42//604 345//617 1102//611 338//605
f 345//617 346//618 1103//612 1102//611
f 338//605 1102//611 1101//608 337//601
f 43//619 344//620 1104//613 347//621
f 344//620 343//616 1105//610 1104//613
f 347//621 1104//613 1103//612 346//618
f 1107//622 1108//623 1106//624 1112//625
f 1109//626 1110//627 1106//624 1108//623
f 1111//628 1112//625 1106//624 1110//627
f 1//8 2005//614 2006//629
f 342//615 343//616 1108//623 1107//622
f 348//630 1107//622 1112//625 349//631
f 43//619 351//632 1109//626 344//620
f 351//632 352//633 1110//627 1109//626
f 344//620 1109//626 1108//623 343//616
f 44//634 350//635 1111//628 353//636
f 350//635 349//631 1112//625 1111//628
f 353//636 1111//628 1110//627 352//633
f 1114//637 1115//638 1113//639 1119//640
f 1116//641 1117//642 1113//639 1115//638
f 1118//643 1119//640 1113//639 1117//642
f 1//8 2006//629 2007//644
f 348//630 349//631 1115//638 1114//637
f 354//645 1114//637 1119//640 355//646
f 44//634 357//647 1116//641 350//635
f 357//647 358//648 1117//642 1116//641
f 350//635 1116//641 1115//638 349//631
f 45//649 356//650 1118//643 359//651
f 356//650 355//646 1119//640 1118//643
f 359//651 1118//643 1117//642 358//648
f 1121//652 1122//653 1120//654 1126//655
f 1123//656 1124//657 1120//654 1122//653
f 1125//658 1126//655 1120//654 1124//657
f 1//8 2007//644 2008//659
f 354//645 355//646 1122//653 1121//652
f 360//660 1121//652 1126//655 361//661
f 45//649 363//662 1123//656 356//650
f 363//662 364//663 1124//657 1123//656
f 356//650 1123//656 1122//653 355//646
f 46//664 362//665 1125//658 365//666
f 362//665 361//661 1126//655 1125//658
f 365//666 1125//658 1124//657 364//663
f 1128//667 1129//668 1127//669 1133//670
f 1130//671 1131//672 1127//669 1129//668
f 1132//673 1133//670 1127//669 1131//672
f 1//8 2008//659 2009//674
f 360//660 361//661 1129//668 1128//667
f 366//675 1128//667 1133//670 367//676
f 46//664 369//677 1130//671 362//665
f 369//677 370//678 1131//672 1130//671
f 362//665 1130//671 1129//668 361//661
f 47//679 368//680 1132//673 371//681
f 368//680 367//676 1133//670 1132//673
f 371//681 1132//673 1131//672 370//678
f 1135//682 1136//683 1134//684 1140//685
f 1137//686 1138//687 1134//684 1136//683
f 1139//688 1140//685 1134//684 1138//687
f 1//8 2009//674 2010//689
f 366//675 367//676 1136//683 1135//682
f 372//690 1135//682 1140//685 373//691
f 47//679 375//692 1137//686 368//680
f 375//692 376//693 1138//687 1137//686
f 368//680 1137//686 1136//683 367//676
f 48//694 374//695 1139//688 377//696
f 374//695 373//691 1140//685 1139//688
f 377//696 1139//688 1138//687 376//693
f 1142//697 1143//698 1141//699 1147//700
f 1144//701 1145//702 1141//699 1143//698
f 1146//703 1147//700 1141//699 1145//702
f 1//8 2010//689 2011//704
f 372//690 373//691 1143//698 1142//697
f 378//705 1142//697 1147//700 379//706
f 48//694 381//707 1144//701 374//695
f 381//707 382//708 1145//702 1144//701
f 374//695 1144//701 1143//698 373//691
f 49//709 380//710 1146//703 383//711
f 380//710 379//706 1147//700 1146//703
f 383//711 1146//703 1145//702 382//708
f 1149//712 1150//713 1148//714 1154//715
f 1151//716 1152//717 1148//714 1150//713
f 1153//718 1154//715 1148//714 1152//717
f 1//8 2011//704 2013//9
f 378//705 379//706 1150//713 1149//712
f 102//11 1149//712 1154//715 103//12
f 49//709 386//719 1151//716 380//710
f 386//719 385//720 1152//717 1151//716
f 380//710 1151//716 1150//713 379//706
f 2//15 104//17 1153//718 384//721
f 104//17 103//12 1154//715 1153//718
f 384//721 1153//718 1152//717 385//720
f 1155//722 1156//723 1159//724 1158//725
f 1156//723 1157//726 1160//727 1159//724
f 1158//725 1159//724 1162//728 1161//729
f 1159//724 1160//727 1163//730 1162//728
f 2//15 387//731 1155//722 105//16
f 387//731 388//732 1156//723 1155//722
f 388//732 389//733 1157//726 1156//723
f 389//733 50//734 390//735 1157//726
f 1157//726 390//735 391//736 1160//727
f 1160//727 391//736 392//737 1163//730
f 1163//730 392//737 51//738 395//739
f 1162//728 1163//730 395//739 394//740
f 1161//729 1162//728 394//740 393//741
f 107//21 1161//729 393//741 3//19
f 106//18 1158//725 1161//729 107//21
f 105//16 1155//722 1158//725 106//18
f 1164//742 1165//743 1168//744 1167//745
f 1165//743 1166//746 1169//747 1168//744
f 1167//745 1168//744 1171//748 1170//749
f 1168//744 1169//747 1172//750 1171//748
f 3//19 393//741 1164//742 111//32
f 393//741 394//740 1165//743 1164//742
f 394//740 395//739 1166//746 1165//743
f 395//739 51//738 396//751 1166//746
f 1166//746 396//751 397//752 1169//747
f 1169//747 397//752 398//753 1172//750
f 1172//750 398//753 52//754 401//755
f 1171//748 1172//750 401//755 400//756
f 1170//749 1171//748 400//756 399//757
f 113//36 1170//749 399//757 4//34
f 112//33 1167//745 1170//749 113//36
f 111//32 1164//742 1167//745 112//33
f 1173//758 1174//759 1177//760 1176//761
f 1174//759 1175//762 1178//763 1177//760
f 1176//761 1177//760 1180//764 1179//765
f 1177//760 1178//763 1181//766 1180//764
f 4//34 399//757 1173//758 117//47
f 399//757 400//756 1174//759 1173//758
f 400//756 401//755 1175//762 1174//759
f 401//755 52//754 402//767 1175//762
f 1175//762 402//767 403//768 1178//763
f 1178//763 403//768 404//769 1181//766
f 1181//766 404//769 53//770 407//771
f 1180//764 1181//766 407//771 406//772
f 1179//765 1180//764 406//772 405//773
f 119//51 1179//765 405//773 5//49
f 118//48 1176//761 1179//765 119//51
f 117//47 1173//758 1176//761 118//48
f 1182//774 1183//775 1186//776 1185//777
f 1183//775 1184//778 1187//779 1186//776
f 1185//777 1186//776 1189//780 1188//781
f 1186//776 1187//779 1190//782 1189//780
f 5//49 405//773 1182//774 123//62
f 405//773 406//772 1183//775 1182//774
f 406//772 407//771 1184//778 1183//775
f 407//771 53//770 408//783 1184//778
f 1184//778 408//783 409//784 1187//779
f 1187//779 409//784 410//785 1190//782
f 1190//782 410//785 54//786 413//787
f 1189//780 1190//782 413//787 412//788
f 1188//781 1189//780 412//788 411//789
f 125//66 1188//781 411//789 6//64
f 124//63 1185//777 1188//781 125//66
f 123//62 1182//774 1185//777 124//63
f 1191//790 1192//791 1195//792 1194//793
f 1192//791 1193//794 1196//795 1195//792
f 1194//793 1195//792 1198//796 1197//797
f 1195//792 1196//795 1199//798 1198//796
f 6//64 411//789 1191//790 129//77
f 411//789 412//788 1192//791 1191//790
f 412//788 413//787 1193//794 1192//791
f 413//787 54//786 414//799 1193//794
f 1193//794 414//799 415//800 1196//795
f 1196//795 415//800 416//801 1199//798
f 1199//798 416//801 55//802 419//803
f 1198//796 1199//798 419//803 418//804
f 1197//797 1198//796 418//804 417//805
f 131//81 1197//797 417//805 7//79
f 130//78 1194//793 1197//797 131//81
f 129//77 1191//790 1194//793 130//78
f 1200//806 1201//807 1204//808 1203//809
f 1201//807 1202//810 1205//811 1204//808
f 1203//809 1204//808 1207//812 1206//813
f 1204//808 1205//811 1208//814 1207//812
f 7//79 417//805 1200//806 135//92
f 417//805 418//804 1201//807 1200//806
f 418//804 419//803 1202//810 1201//807
f 419//803 55//802 420//815 1202//810
f 1202//810 420//815 421//816 1205//811
f 1205//811 421//816 422//817 1208//814
f 1208//814 422//817 56//818 425//819
f 1207//812 1208//814 425//819 424//820
f 1206//813 1207//812 424//820 423//821
f 137//96 1206//813 423//821 8//94
f 136//93 1203//809 1206//813 137//96
f 135//92 1200//806 1203//809 136//93
f 1209//822 1210//823 1213//824 1212//825
f 1210//823 1211//826 1214//827 1213//824
f 1212//825 1213//824 1216//828 1215//829
f 1213//824 1214//827 1217//830 1216//828
f 8//94 423//821 1209//822 141//107
f 423//821 424//820 1210//823 1209//822
f 424//820 425//819 1211//826 1210//823
f 425//819 56//818 426//831 1211//826
f 1211//826 426//831 427//832 1214//827
f 1214//827 427//832 428//833 1217//830
f 1217//830 428//833 57//834 431//835
f 1216//828 1217//830 431//835 430//836
f 1215//829 1216//828 430//836 429//837
f 143//111 1215//829 429//837 9//109
f 142//108 1212//825 1215//829 143//111
f 141//107 1209//822 1212//825 142//108
f 1218//838 1219//839 1222//840 1221//841
f 1219//839 1220//842 1223//843 1222//840
f 1221//841 1222//840 1225//844 1224//845
f 1222//840 1223//843 1226//846 1225//844
f 9//109 429//837 1218//838 147//122
f 429//837 430//836 1219//839 1218//838
f 430//836 431//835 1220//842 1219//839
f 431//835 57//834 432//847 1220//842
f 1220//842 432//847 433//848 1223//843
f 1223//843 433//848 434//849 1226//846
f 1226//846 434//849 58//850 437//851
f 1225//844 1226//846 437//851 436//852
f 1224//845 1225//844 436//852 435//853
f 149//126 1224//845 435//853 10//124
f 148//123 1221//841 1224//845 149//126
f 147//122 1218//838 1221//841 148//123
f 1227//854 1228//855 1231//856 1230//857
f 1228//855 1229//858 1232//859 1231//856
f 1230//857 1231//856 1234//860 1233//861
f 1231//856 1232//859 1235//862 1234//860
f 10//124 435//853 1227//854 153//137
f 435//853 436//852 1228//855 1227//854
f 436//852 437//851 1229//858 1228//855
f 437//851 58//850 438//863 1229//858
f 1229//858 438//863 439//864 1232//859
f 1232//859 439//864 440//865 1235//862
f 1235//862 440//865 59//866 443//867
f 1234//860 1235//862 443//867 442//868
f 1233//861 1234//860 442//868 441//869
f 155//141 1233//861 441//869 11//139
f 154//138 1230//857 1233//861 155//141
f 153//137 1227//854 1230//857 154//138
f 1236//870 1237//871 1240//872 1239//873
f 1237//871 1238//874 1241//875 1240//872
f 1239//873 1240//872 1243//876 1242//877
f 1240//872 1241//875 1244//878 1243//876
f 11//139 441//869 1236//870 159//152
f 441//869 442//868 1237//871 1236//870
f 442//868 443//867 1238//874 1237//871
f 443//867 59//866 444//879 1238//874
f 1238//874 444//879 445//880 1241//875
f 1241//875 445//880 446//881 1244//878
f 1244//878 446//881 60//882 449//883
f 1243//876 1244//878 449//883 448//884
f 1242//877 1243//876 448//884 447//885
f 161//156 1242//877 447//885 12//154
f 160//153 1239//873 1242//877 161//156
f 159//152 1236//870 1239//873 160//153
f 1245//886 1246//887 1249//888 1248//889
f 1246//887 1247//890 1250//891 1249//888
f 1248//889 1249//888 1252//892 1251//893
f 1249//888 1250//891 1253//894 1252//892
f 12//154 447//885 1245//886 165//167
f 447//885 448//884 1246//887 1245//886
f 448//884 449//883 1247//890 1246//887
f 449//883 60//882 450//895 1247//890
f 1247//890 450//895 451//896 1250//891
f 1250//891 451//896 452//897 1253//894
f 1253//894 452//897 61//898 455//899
f 1252//892 1253//894 455//899 454//900
f 1251//893 1252//892 454//900 453//901
f 167//171 1251//893 453//901 13//169
f 166//168 1248//889 1251//893 167//171
f 165//167 1245//886 1248//889 166//168
f 1254//902 1255//903 1258//904 1257//905
f 1255//903 1256//906 1259//907 1258//904
f 1257//905 1258//904 1261//908 1260//909
f 1258//904 1259//907 1262//910 1261//908
f 13//169 453//901 1254//902 171//182
f 453//901 454//900 1255//903 1254//902
f 454//900 455//899 1256//906 1255//903
f 455//899 61//898 456//911 1256//906
f 1256//906 456//911 457//912 1259//907
f 1259//907 457//912 458//913 1262//910
f 1262//910 458//913 62//914 461//915
f 1261//908 1262//910 461//915 460//916
f 1260//909 1261//908 460//916 459//917
f 173//186 1260//909 459//917 14//184
f 172//183 1257//905 1260//909 173//186
f 171//182 1254//902 1257//905 172//183
f 1263//918 1264//919 1267//920 1266//921
f 1264//919 1265//922 1268//923 1267//920
f 1266//921 1267//920 1270//924 1269//925
f 1267//920 1268//923 1271//926 1270//924
f 14//184 459//917 1263//918 177//197
f 459//917 460//916 1264//919 1263//918
f 460//916 461//915 1265//922 1264//919
f 461//915 62//914 462//927 1265//922
f 1265//922 462//927 463//928 1268//923
f 1268//923 463//928 464//929 1271//926
f 1271//926 464//929 63//930 467//931
f 1270//924 1271//926 467//931 466//932
f 1269//925 1270//924 466//932 465//933
f 179//201 1269//925 465//933 15//199
f 178//198 1266//921 1269//925 179//201
f 177//197 1263//918 1266//921 178//198
f 1272//934 1273//935 1276//936 1275//937
f 1273//935 1274//938 1277//939 1276//936
f 1275//937 1276//936 1279//940 1278//941
f 1276//936 1277//939 1280//942 1279//940
f 15//199 465//933 1272//934 183//212
f 465//933 466//932 1273//935 1272//934
f 466//932 467//931 1274//938 1273//935
f 467//931 63//930 468//943 1274//938
f 1274//938 468//943 469//944 1277//939
f 1277//939 469//944 470//945 1280//942
f 1280//942 470//945 64//946 473//947
f 1279//940 1280//942 473//947 472//948
f 1278//941 1279//940 472//948 471//949
f 185//216 1278//941 471//949 16//214
f 184//213 1275//937 1278//941 185//216
f 183//212 1272//934 1275//937 184//213
f 1281//950 1282//951 1285//952 1284//953
f 1282//951 1283//954 1286//955 1285//952
f 1284//953 1285//952 1288//956 1287//957
f 1285//952 1286//955 1289//958 1288//956
f 16//214 471//949 1281//950 189//227
f 471//949 472//948 1282//951 1281//950
f 472//948 473//947 1283//954 1282//951
f 473//947 64//946 474//959 1283//954
f 1283//954 474//959 475//960 1286//955
f 1286//955 475//960 476//961 1289//958
f 1289//958 476//961 65//962 479//963
f 1288//956 1289//958 479//963 478//964
f 1287//957 1288//956 478//964 477//965
f 191//231 1287//957 477//965 17//229
f 190//228 1284//953 1287//957 191//231
f 189//227 1281//950 1284//953 190//228
f 1290//966 1291//967 1294//968 1293//969
f 1291//967 1292//970 1295//971 1294//968
f 1293//969 1294//968 1297//972 1296//973
f 1294//968 1295//971 1298//974 1297//972
f 17//229 477//965 1290//966 195//242
f 477//965 478//964 1291//967 1290//966
f 478//964 479//963 1292//970 1291//967
f 479//963 65//962 480//975 1292//970
f 1292//970 480//975 481//976 1295//971
f 1295//971 481//976 482//977 1298//974
f 1298//974 482//977 66//978 485//979
f 1297//972 1298//974 485//979 484//980
f 1296//973 1297//972 484//980 483//981
f 197//246 1296//973 483//981 18//244
f 196//243 1293//969 1296//973 197//246
f 195//242 1290//966 1293//969 196//243
f 1299//982 1300//983 1303//984 1302//985
f 1300//983 1301//986 1304//987 1303//984
f 1302//985 1303//984 1306//988 1305//989
f 1303//984 1304//987 1307//990 1306//988
f 18//244 483//981 1299//982 201//257
f 483//981 484//980 1300//983 1299//982
f 484//980 485//979 1301//986 1300//983
f 485//979 66//978 486//991 1301//986
f 1301//986 486//991 487//992 1304//987
f 1304//987 487//992 488//993 1307//990
f 1307//990 488//993 67//994 491//995
f 1306//988 1307//990 491//995 490//996
f 1305//989 1306//988 490//996 489//997
f 203//261 1305//989 489//997 19//259
f 202//258 1302//985 1305//989 203//261
f 201//257 1299//982 1302//985 202//258
f 1308//998 1309//999 1312//1000 1311//1001
f 1309//999 1310//1002 1313//1003 1312//1000
f 1311//1001 1312//1000 1315//1004 1314//1005
f 1312//1000 1313//1003 1316//1006 1315//1004
f 19//259 489//997 1308//998 207//272
f 489//997 490//996 1309//999 1308//998
f 490//996 491//995 1310//1002 1309//999
f 491//995 67//994 492//1007 1310//1002
f 1310//1002 492//1007 493//1008 1313//1003
f 1313//1003 493//1008 494//1009 1316//1006
f 1316//1006 494//1009 68//1010 497//1011
f 1315//1004 1316//1006 497//1011 496//1012
f 1314//1005 1315//1004 496//1012 495//1013
f 209//276 1314//1005 495//1013 20//274
f 208//273 1311//1001 1314//1005 209//276
f 207//272 1308//998 1311//1001 208//273
f 1317//1014 1318//1015 1321//1016 1320//1017
f 1318//1015 1319//1018 1322//1019 1321//1016
f 1320//1017 1321//1016 1324//1020 1323//1021
f 1321//1016 1322//1019 1325//1022 1324//1020
f 20//274 495//1013 1317//1014 213//287
f 495//1013 496//1012 1318//1015 1317//1014
f 496//1012 497//1011 1319//1018 1318//1015
f 497//1011 68//1010 498//1023 1319//1018
f 1319//1018 498//1023 499//1024 1322//1019
f 1322//1019 499//1024 500//1025 1325//1022
f 1325//1022 500//1025 69//1026 503//1027
f 1324//1020 1325//1022 503//1027 502//1028
f 1323//1021 1324//1020 502//1028 501//1029
f 215//291 1323//1021 501//1029 21//289
f 214//288 1320//1017 1323//1021 215//291
f 213//287 1317//1014 1320//1017 214//288
f 1326//1030 1327//1031 1330//1032 1329//1033
f 1327//1031 1328//1034 1331//1035 1330//1032
f 1329//1033 1330//1032 1333//1036 1332//1037
f 1330//1032 1331//1035 1334//1038 1333//1036
f 21//289 501//1029 1326//1030 219//302
f 501//1029 502//1028 1327//1031 1326//1030
f 502//1028 503//1027 1328//1034 1327//1031
f 503//1027 69//1026 504//1039 1328//1034
f 1328//1034 504//1039 505//1040 1331//1035
f 1331//1035 505//1040 506//1041 1334//1038
f 1334//1038 506//1041 70//1042 509//1043
f 1333//1036 1334//1038 509//1043 508//1044
f 1332//1037 1333//1036 508//1044 507//1045
f 221//306 1332//1037 507//1045 22//304
f 220//303 1329//1033 1332//1037 221//306
f 219//302 1326//1030 1329//1033 220//303
f 1335//1046 1336//1047 1339//1048 1338//1049
f 1336//1047 1337//1050 1340//1051 1339//1048
f 1338//1049 1339//1048 1342//1052 1341//1053
f 1339//1048 1340//1051 1343//1054 1342//1052
f 22//304 507//1045 1335//1046 225//317
f 507//1045 508//1044 1336//1047 1335//1046
f 508//1044 509//1043 1337//1050 1336//1047
f 509//1043 70//1042 510//1055 1337//1050
f 1337//1050 510//1055 511//1056 1340//1051
f 1340//1051 511//1056 512//1057 1343//1054
f 1343//1054 512//1057 71//1058 515//1059
f 1342//1052 1343//1054 515//1059 514//1060
f 1341//1053 1342//1052 514//1060 513//1061
f 227//321 1341//1053 513//1061 23//319
f 226//318 1338//1049 1341//1053 227//321
f 225//317 1335//1046 1338//1049 226//318
f 1344//1062 1345//1063 1348//1064 1347//1065
f 1345//1063 1346//1066 1349//1067 1348//1064
f 1347//1065 1348//1064 1351//1068 1350//1069
f 1348//1064 1349//1067 1352//1070 1351//1068
f 23//319 513//1061 1344//1062 231//332
f 513//1061 514//1060 1345//1063 1344//1062
f 514//1060 515//1059 1346//1066 1345//1063
f 515//1059 71//1058 516//1071 1346//1066
f 1346//1066 516//1071 517//1072 1349//1067
f 1349//1067 517//1072 518//1073 1352//1070
f 1352//1070 518//1073 72//1074 521//1075
f 1351//1068 1352//1070 521//1075 520//1076
f 1350//1069 1351//1068 520//1076 519//1077
f 233//336 1350//1069 519//1077 24//334
f 232//333 1347//1065 1350//1069 233//336
f 231//332 1344//1062 1347//1065 232//333
f 1353//1078 1354//1079 1357//1080 1356//1081
f 1354//1079 1355//1082 1358//1083 1357//1080
f 1356//1081 1357//1080 1360//1084 1359//1085
f 1357//1080 1358//1083 1361//1086 1360//1084
f 24//334 519//1077 1353//1078 237//347
f 519//1077 520//1076 1354//1079 1353//1078
f 520//1076 521//1075 1355//1082 1354//1079
f 521//1075 72//1074 522//1087 1355//1082
f 1355//1082 522//1087 523//1088 1358//1083
f 1358//1083 523//1088 524//1089 1361//1086
f 1361//1086 524//1089 73//1090 527//1091
f 1360//1084 1361//1086 527//1091 526//1092
f 1359//1085 1360//1084 526//1092 525//1093
f 239//351 1359//1085 525//1093 25//349
f 238//348 1356//1081 1359//1085 239//351
f 237//347 1353//1078 1356//1081 238//348
f 1362//1094 1363//1095 1366//1096 1365//1097
f 1363//1095 1364//1098 1367//1099 1366//1096
f 1365//1097 1366//1096 1369//1100 1368//1101
f 1366//1096 1367//1099 1370//1102 1369//1100
f 25//349 525//1093 1362//1094 243//362
f 525//1093 526//1092 1363//1095 1362//1094
f 526//1092 527//1091 1364//1098 1363//1095
f 527//1091 73//1090 528//1103 1364//1098
f 1364//1098 528//1103 529//1104 1367//1099
f 1367//1099 529//1104 530//1105 1370//1102
f 1370//1102 530//1105 74//1106 533//1107
f 1369//1100 1370//1102 533//1107 532//1108
f 1368//1101 1369//1100 532//1108 531//1109
f 245//366 1368//1101 531//1109 26//364
f 244//363 1365//1097 1368//1101 245//366
f 243//362 1362//1094 1365//1097 244//363
f 1371//1110 1372//1111 1375//1112 1374//1113
f 1372//1111 1373//1114 1376//1115 1375//1112
f 1374//1113 1375//1112 1378//1116 1377//1117
f 1375//1112 1376//1115 1379//1118 1378//1116
f 26//364 531//1109 1371//1110 249//377
f 531//1109 532//1108 1372//1111 1371//1110
f 532//1108 533//1107 1373//1114 1372//1111
f 533//1107 74//1106 534//1119 1373//1114
f 1373//1114 534//1119 535//1120 1376//1115
f 1376//1115 535//1120 536//1121 1379//1118
f 1379//1118 536//1121 75//1122 539//1123
f 1378//1116 1379//1118 539//1123 538//1124
f 1377//1117 1378//1116 538//1124 537//1125
f 251//381 1377//1117 537//1125 27//379
f 250//378 1374//1113 1377//1117 251//381
f 249//377 1371//1110 1374//1113 250//378
f 1380//1126 1381//1127 1384//1128 1383//1129
f 1381//1127 1382//1130 1385//1131 1384//1128
f 1383//1129 1384//1128 1387//1132 1386//1133
f 1384//1128 1385//1131 1388//1134 1387//1132
f 27//379 537//1125 1380//1126 255//392
f 537//1125 538//1124 1381//1127 1380//1126
f 538//1124 539//1123 1382//1130 1381//1127
f 539//1123 75//1122 540//1135 1382//1130
f 1382//1130 540//1135 541//1136 1385//1131
f 1385//1131 541//1136 542//1137 1388//1134
f 1388//1134 542//1137 76//1138 545//1139
f 1387//1132 1388//1134 545//1139 544//1140
f 1386//1133 1387//1132 544//1140 543//1141
f 257//396 1386//1133 543//1141 28//394
f 256//393 1383//1129 1386//1133 257//396
f 255//392 1380//1126 1383//1129 256//393
f 1389//1142 1390//1143 1393//1144 1392//1145
f 1390//1143 1391//1146 1394//1147 1393//1144
f 1392//1145 1393//1144 1396//1148 1395//1149
f 1393//1144 1394//1147 1397//1150 1396//1148
f 28//394 543//1141 1389//1142 261//407
f 543//1141 544//1140 1390//1143 1389//1142
f 544//1140 545//1139 1391//1146 1390//1143
f 545//1139 76//1138 546//1151 1391//1146
f 1391//1146 546//1151 547//1152 1394//1147
f 1394//1147 547//1152 548//1153 1397//1150
f 1397//1150 548//1153 77//1154 551//1155
f 1396//1148 1397//1150 551//1155 550//1156
f 1395//1149 1396//1148 550//1156 549//1157
f 263//411 1395//1149 549//1157 29//409
f 262//408 1392//1145 1395//1149 263//411
f 261//407 1389//1142 1392//1145 262//408
f 1398//1158 1399//1159 1402//1160 1401//1161
f 1399//1159 1400//1162 1403//1163 1402//1160
f 1401//1161 1402//1160 1405//1164 1404//1165
f 1402//1160 1403//1163 1406//1166 1405//1164
f 29//409 549//1157 1398//1158 267//422
f 549//1157 550//1156 1399//1159 1398//1158
f 550//1156 551//1155 1400//1162 1399//1159
f 551//1155 77//1154 552//1167 1400//1162
f 1400//1162 552//1167 553//1168 1403//1163
f 1403//1163 553//1168 554//1169 1406//1166
f 1406//1166 554//1169 78//1170 557//1171
f 1405//1164 1406//1166 557//1171 556//1172
f 1404//1165 1405//1164 556//1172 555//1173
f 269//426 1404//1165 555//1173 30//424
f 268//423 1401//1161 1404//1165 269//426
f 267//422 1398//1158 1401//1161 268//423
f 1407//1174 1408//1175 1411//1176 1410//1177
f 1408//1175 1409//1178 1412//1179 1411//1176
f 1410//1177 1411//1176 1414//1180 1413//1181
f 1411//1176 1412//1179 1415//1182 1414//1180
f 30//424 555//1173 1407//1174 273//437
f 555//1173 556//1172 1408//1175 1407//1174
f 556//1172 557//1171 1409//1178 1408//1175
f 557//1171 78//1170 558//1183 1409//1178
f 1409//1178 558//1183 559//1184 1412//1179
f 1412//1179 559//1184 560//1185 1415//1182
f 1415//1182 560//1185 79//1186 563//1187
f 1414//1180 1415//1182 563//1187 562//1188
f 1413//1181 1414//1180 562//1188 561//1189
f 275//441 1413//1181 561//1189 31//439
f 274//438 1410//1177 1413//1181 275//441
f 273//437 1407//1174 1410//1177 274//438
f 1416//1190 1417//1191 1420//1192 1419//1193
f 1417//1191 1418//1194 1421//1195 1420//1192
f 1419//1193 1420//1192 1423//1196 1422//1197
f 1420//1192 1421//1195 1424//1198 1423//1196
f 31//439 561//1189 1416//1190 279//452
f 561//1189 562//1188 1417//1191 1416//1190
f 562//1188 563//1187 1418//1194 1417//1191
f 563//1187 79//1186 564//1199 1418//1194
f 1418//1194 564//1199 565//1200 1421//1195
f 1421//1195 565//1200 566//1201 1424//1198
f 1424//1198 566//1201 80//1202 569//1203
f 1423//1196 1424//1198 569//1203 568//1204
f 1422//1197 1423//1196 568//1204 567//1205
f 281//456 1422//1197 567//1205 32//454
f 280//453 1419//1193 1422//1197 281//456
f 279//452 1416//1190 1419//1193 280//453
f 1425//1206 1426//1207 1429//1208 1428//1209
f 1426//1207 1427//1210 1430//1211 1429//1208
f 1428//1209 1429//1208 1432//1212 1431//1213
f 1429//1208 1430//1211 1433//1214 1432//1212
f 32//454 567//1205 1425//1206 285//467
f 567//1205 568//1204 1426//1207 1425//1206
f 568//1204 569//1203 1427//1210 1426//1207
f 569//1203 80//1202 570//1215 1427//1210
f 1427//1210 570//1215 571//1216 1430//1211
f 1430//1211 571//1216 572//1217 1433//1214
f 1433//1214 572//1217 81//1218 575//1219
f 1432//1212 1433//1214 575//1219 574//1220
f 1431//1213 1432//1212 574//1220 573//1221
f 287//471 1431//1213 573//1221 33//469
f 286//468 1428//1209 1431//1213 287//471
f 285//467 1425//1206 1428//1209 286//468
f 1434//1222 1435//1223 1438//1224 1437//1225
f 1435//1223 1436//1226 1439//1227 1438//1224
f 1437//1225 1438//1224 1441//1228 1440//1229
f 1438//1224 1439//1227 1442//1230 1441//1228
f 33//469 573//1221 1434//1222 291//482
f 573//1221 574//1220 1435//1223 1434//1222
f 574//1220 575//1219 1436//1226 1435//1223
f 575//1219 81//1218 576//1231 1436//1226
f 1436//1226 576//1231 577//1232 1439//1227
f 1439//1227 577//1232 578//1233 1442//1230
f 1442//1230 578//1233 82//1234 581//1235
f 1441//1228 1442//1230 581//1235 580//1236
f 1440//1229 1441//1228 580//1236 579//1237
f 293//486 1440//1229 579//1237 34//484
f 292//483 1437//1225 1440//1229 293//486
f 291//482 1434//1222 1437//1225 292//483
f 1443//1238 1444//1239 1447//1240 1446//1241
f 1444//1239 1445//1242 1448//1243 1447//1240
f 1446//1241 1447//1240 1450//1244 1449//1245
f 1447//1240 1448//1243 1451//1246 1450//1244
f 34//484 579//1237 1443//1238 297//497
f 579//1237 580//1236 1444//1239 1443//1238
f 580//1236 581//1235 1445//1242 1444//1239
f 581//1235 82//1234 582//1247 1445//1242
f 1445//1242 582//1247 583//1248 1448//1243
f 1448//1243 583//1248 584//1249 1451//1246
f 1451//1246 584//1249 83//1250 587//1251
f 1450//1244 1451//1246 587//1251 586//1252
f 1449//1245 1450//1244 586//1252 585//1253
f 299//501 1449//1245 585//1253 35//499
f 298//498 1446//1241 1449//1245 299//501
f 297//497 1443//1238 1446//1241 298//498
f 1452//1254 1453//1255 1456//1256 1455//1257
f 1453//1255 1454//1258 1457//1259 1456//1256
f 1455//1257 1456//1256 1459//1260 1458//1261
f 1456//1256 1457//1259 1460//1262 1459//1260
f 35//499 585//1253 1452//1254 303//512
f 585//1253 586//1252 1453//1255 1452//1254
f 586//1252 587//1251 1454//1258 1453//1255
f 587//1251 83//1250 588//1263 1454//1258
f 1454//1258 588//1263 589//1264 1457//1259
f 1457//1259 589//1264 590//1265 1460//1262
f 1460//1262 590//1265 84//1266 593//1267
f 1459//1260 1460//1262 593//1267 592//1268
f 1458//1261 1459//1260 592//1268 591//1269
f 305//516 1458//1261 591//1269 36//514
f 304//513 1455//1257 1458//1261 305//516
f 303//512 1452//1254 1455//1257 304//513
f 1461//1270 1462//1271 1465//1272 1464//1273
f 1462//1271 1463//1274 1466//1275 1465//1272
f 1464//1273 1465//1272 1468//1276 1467//1277
f 1465//1272 1466//1275 1469//1278 1468//1276
f 36//514 591//1269 1461//1270 309//527
f 591//1269 592//1268 1462//1271 1461//1270
f 592//1268 593//1267 1463//1274 1462//1271
f 593//1267 84//1266 594//1279 1463//1274
f 1463//1274 594//1279 595//1280 1466//1275
f 1466//1275 595//1280 596//1281 1469//1278
f 1469//1278 596//1281 85//1282 599//1283
f 1468//1276 1469//1278 599//1283 598//1284
f 1467//1277 1468//1276 598//1284 597//1285
f 311//531 1467//1277 597//1285 37//529
f 310//528 1464//1273 1467//1277 311//531
f 309//527 1461//1270 1464//1273 310//528
f 1470//1286 1471//1287 1474//1288 1473//1289
f 1471//1287 1472//1290 1475//1291 1474//1288
f 1473//1289 1474//1288 1477//1292 1476//1293
f 1474//1288 1475//1291 1478//1294 1477//1292
f 37//529 597//1285 1470//1286 315//542
f 597//1285 598//1284 1471//1287 1470//1286
f 598//1284 599//1283 1472//1290 1471//1287
f 599//1283 85//1282 600//1295 1472//1290
f 1472//1290 600//1295 601//1296 1475//1291
f 1475//1291 601//1296 602//1297 1478//1294
f 1478//1294 602//1297 86//1298 605//1299
f 1477//1292 1478//1294 605//1299 604//1300
f 1476//1293 1477//1292 604//1300 603//1301
f 317//546 1476//1293 603//1301 38//544
f 316//543 1473//1289 1476//1293 317//546
f 315//542 1470//1286 1473//1289 316//543
f 1479//1302 1480//1303 1483//1304 1482//1305
f 1480//1303 1481//1306 1484//1307 1483//1304
f 1482//1305 1483//1304 1486//1308 1485//1309
f 1483//1304 1484//1307 1487//1310 1486//1308
f 38//544 603//1301 1479//1302 321//557
f 603//1301 604//1300 1480//1303 1479//1302
f 604//1300 605//1299 1481//1306 1480//1303
f 605//1299 86//1298 606//1311 1481//1306
f 1481//1306 606//1311 607//1312 1484//1307
f 1484//1307 607//1312 608//1313 1487//1310
f 1487//1310 608//1313 87//1314 611//1315
f 1486//1308 1487//1310 611//1315 610//1316
f 1485//1309 1486//1308 610//1316 609//1317
f 323//561 1485//1309 609//1317 39//559
f 322//558 1482//1305 1485//1309 323//561
f 321//557 1479//1302 1482//1305 322//558
f 1488//1318 1489//1319 1492//1320 1491//1321
f 1489//1319 1490//1322 1493//1323 1492//1320
f 1491//1321 1492//1320 1495//1324 1494//1325
f 1492//1320 1493//1323 1496//1326 1495//1324
f 39//559 609//1317 1488//1318 327//572
f 609//1317 610//1316 1489//1319 1488//1318
f 610//1316 611//1315 1490//1322 1489//1319
f 611//1315 87//1314 612//1327 1490//1322
f 1490//1322 612//1327 613//1328 1493//1323
f 1493//1323 613//1328 614//1329 1496//1326
f 1496//1326 614//1329 88//1330 617//1331
f 1495//1324 1496//1326 617//1331 616//1332
f 1494//1325 1495//1324 616//1332 615//1333
f 329//576 1494//1325 615//1333 40//574
f 328//573 1491//1321 1494//1325 329//576
f 327//572 1488//1318 1491//1321 328//573
f 1497//1334 1498//1335 1501//1336 1500//1337
f 1498//1335 1499//1338 1502//1339 1501//1336
f 1500//1337 1501//1336 1504//1340 1503//1341
f 1501//1336 1502//1339 1505//1342 1504//1340
f 40//574 615//1333 1497//1334 333//587
f 615//1333 616//1332 1498//1335 1497//1334
f 616//1332 617//1331 1499//1338 1498//1335
f 617//1331 88//1330 618//1343 1499//1338
f 1499//1338 618//1343 619//1344 1502//1339
f 1502//1339 619//1344 620//1345 1505//1342
f 1505//1342 620//1345 89//1346 623//1347
f 1504//1340 1505//1342 623//1347 622//1348
f 1503//1341 1504//1340 622//1348 621//1349
f 335//591 1503//1341 621//1349 41//589
f 334//588 1500//1337 1503//1341 335//591
f 333//587 1497//1334 1500//1337 334//588
f 1506//1350 1507//1351 1510//1352 1509//1353
f 1507//1351 1508//1354 1511//1355 1510//1352
f 1509//1353 1510//1352 1513//1356 1512//1357
f 1510//1352 1511//1355 1514//1358 1513//1356
f 41//589 621//1349 1506//1350 339//602
f 621//1349 622//1348 1507//1351 1506//1350
f 622//1348 623//1347 1508//1354 1507//1351
f 623//1347 89//1346 624//1359 1508//1354
f 1508//1354 624//1359 625//1360 1511//1355
f 1511//1355 625//1360 626//1361 1514//1358
f 1514//1358 626//1361 90//1362 629//1363
f 1513//1356 1514//1358 629//1363 628//1364
f 1512//1357 1513//1356 628//1364 627//1365
f 341//606 1512//1357 627//1365 42//604
f 340//603 1509//1353 1512//1357 341//606
f 339//602 1506//1350 1509//1353 340//603
f 1515//1366 1516//1367 1519//1368 1518//1369
f 1516//1367 1517//1370 1520//1371 1519//1368
f 1518//1369 1519//1368 1522//1372 1521//1373
f 1519//1368 1520//1371 1523//1374 1522//1372
f 42//604 627//1365 1515//1366 345//617
f 627//1365 628//1364 1516//1367 1515//1366
f 628//1364 629//1363 1517//1370 1516//1367
f 629//1363 90//1362 630//1375 1517//1370
f 1517//1370 630//1375 631//1376 1520//1371
f 1520//1371 631//1376 632//1377 1523//1374
f 1523//1374 632//1377 91//1378 635//1379
f 1522//1372 1523//1374 635//1379 634//1380
f 1521//1373 1522//1372 634//1380 633//1381
f 347//621 1521//1373 633//1381 43//619
f 346//618 1518//1369 1521//1373 347//621
f 345//617 1515//1366 1518//1369 346//618
f 1524//1382 1525//1383 1528//1384 1527//1385
f 1525//1383 1526//1386 1529//1387 1528//1384
f 1527//1385 1528//1384 1531//1388 1530//1389
f 1528//1384 1529//1387 1532//1390 1531//1388
f 43//619 633//1381 1524//1382 351//632
f 633//1381 634//1380 1525//1383 1524//1382
f 634//1380 635//1379 1526//1386 1525//1383
f 635//1379 91//1378 636//1391 1526//1386
f 1526//1386 636//1391 637//1392 1529//1387
f 1529//1387 637//1392 638//1393 1532//1390
f 1532//1390 638//1393 92//1394 641//1395
f 1531//1388 1532//1390 641//1395 640//1396
f 1530//1389 1531//1388 640//1396 639//1397
f 353//636 1530//1389 639//1397 44//634
f 352//633 1527//1385 1530//1389 353//636
f 351//632 1524//1382 1527//1385 352//633
f 1533//1398 1534//1399 1537//1400 1536//1401
f 1534//1399 1535//1402 1538//1403 1537//1400
f 1536//1401 1537//1400 1540//1404 1539//1405
f 1537//1400 1538//1403 1541//1406 1540//1404
f 44//634 639//1397 1533//1398 357//647
f 639//1397 640//1396 1534//1399 1533//1398
f 640//1396 641//1395 1535//1402 1534//1399
f 641//1395 92//1394 642//1407 1535//1402
f 1535//1402 642//1407 643//1408 1538//1403
f 1538//1403 643//1408 644//1409 1541//1406
f 1541//1406 644//1409 93//1410 647//1411
f 1540//1404 1541//1406 647//1411 646//1412
f 1539//1405 1540//1404 646//1412 645//1413
f 359//651 1539//1405 645//1413 45//649
f 358//648 1536//1401 1539//1405 359//651
f 357//647 1533//1398 1536//1401 358//648
f 1542//1414 1543//1415 1546//1416 1545//1417
f 1543//1415 1544//1418 1547//1419 1546//1416
f 1545//1417 1546//1416 1549//1420 1548//1421
f 1546//1416 1547//1419 1550//1422 1549//1420
f 45//649 645//1413 1542//1414 363//662
f 645//1413 646//1412 1543//1415 1542//1414
f 646//1412 647//1411 1544//1418 1543//1415
f 647//1411 93//1410 648//1423 1544//1418
f 1544//1418 648//1423 649//1424 1547//1419
f 1547//1419 649//1424 650//1425 1550//1422
f 1550//1422 650//1425 94//1426 653//1427
f 1549//1420 1550//1422 653//1427 652//1428
f 1548//1421 1549//1420 652//1428 651//1429
f 365//666 1548//1421 651//1429 46//664
f 364//663 1545//1417 1548//1421 365//666
f 363//662 1542//1414 1545//1417 364//663
f 1551//1430 1552//1431 1555//1432 1554//1433
f 1552//1431 1553//1434 1556//1435 1555//1432
f 1554//1433 1555//1432 1558//1436 1557//1437
f 1555//1432 1556//1435 1559//1438 1558//1436
f 46//664 651//1429 1551//1430 369//677
f 651//1429 652//1428 1552//1431 1551//1430
f 652//1428 653//1427 1553//1434 1552//1431
f 653//1427 94//1426 654//1439 1553//1434
f 1553//1434 654//1439 655//1440 1556//1435
f 1556//1435 655//1440 656//1441 1559//1438
f 1559//1438 656//1441 95//1442 659//1443
f 1558//1436 1559//1438 659//1443 658//1444
f 1557//1437 1558//1436 658//1444 657//1445
f 371//681 1557//1437 657//1445 47//679
f 370//678 1554//1433 1557//1437 371//681
f 369//677 1551//1430 1554//1433 370//678
f 1560//1446 1561//1447 1564//1448 1563//1449
f 1561//1447 1562//1450 1565//1451 1564//1448
f 1563//1449 1564//1448 1567//1452 1566//1453
f 1564//1448 1565//1451 1568//1454 1567//1452
f 47//679 657//1445 1560//1446 375//692
f 657//1445 658//1444 1561//1447 1560//1446
f 658//1444 659//1443 1562//1450 1561//1447
f 659//1443 95//1442 660//1455 1562//1450
f 1562//1450 660//1455 661//1456 1565//1451
f 1565//1451 661//1456 662//1457 1568//1454
f 1568//1454 662//1457 96//1458 665//1459
f 1567//1452 1568//1454 665//1459 664//1460
f 1566//1453 1567//1452 664//1460 663//1461
f 377//696 1566//1453 663//1461 48//694
f 376//693 1563//1449 1566//1453 377//696
f 375//692 1560//1446 1563//1449 376//693
f 1569//1462 1570//1463 1573//1464 1572//1465
f 1570//1463 1571//1466 1574//1467 1573//1464
f 1572//1465 1573//1464 1576//1468 1575//1469
f 1573//1464 1574//1467 1577//1470 1576//1468
f 48//694 663//1461 1569//1462 381//707
f 663//1461 664//1460 1570//1463 1569//1462
f 664//1460 665//1459 1571//1466 1570//1463
f 665//1459 96//1458 666//1471 1571//1466
f 1571//1466 666//1471 667//1472 1574//1467
f 1574//1467 667//1472 668//1473 1577//1470
f 1577//1470 668//1473 97//1474 671//1475
f 1576//1468 1577//1470 671//1475 670//1476
f 1575//1469 1576//1468 670//1476 669//1477
f 383//711 1575//1469 669//1477 49//709
f 382//708 1572//1465 1575//1469 383//711
f 381//707 1569//1462 1572//1465 382//708
f 1578//1478 1579//1479 1582//1480 1581//1481
f 1579//1479 1580//1482 1583//1483 1582//1480
f 1581//1481 1582//1480 1585//1484 1584//1485
f 1582//1480 1583//1483 1586//1486 1585//1484
f 49//709 669//1477 1578//1478 386//719
f 669//1477 670//1476 1579//1479 1578//1478
f 670//1476 671//1475 1580//1482 1579//1479
f 671//1475 97//1474 674//1487 1580//1482
f 1580//1482 674//1487 673//1488 1583//1483
f 1583//1483 673//1488 672//1489 1586//1486
f 1586//1486 672//1489 50//734 389//733
f 1585//1484 1586//1486 389//733 388//732
f 1584//1485 1585//1484 388//732 387//731
f 384//721 1584//1485 387//731 2//15
f 385//720 1581//1481 1584//1485 384//721
f 386//719 1578//1478 1581//1481 385//720
f 1588//1490 1589//1491 1587//1492 1593//1493
f 1590//1494 1591//1495 1587//1492 1589//1491
f 1592//1496 1593//1493 1587//1492 1591//1495
f 98//1497 680//1498 1588//1490 677//1499
f 680//1498 679//1500 1589//1491 1588//1490
f 677//1499 1588//1490 1593//1493 676//1501
f 51//738 392//737 1590//1494 678//1502
f 392//737 391//736 1591//1495 1590//1494
f 678//1502 1590//1494 1589//1491 679//1500
f 50//734 675//1503 1592//1496 390//735
f 675//1503 676//1501 1593//1493 1592//1496
f 390//735 1592//1496 1591//1495 391//736
f 1595//1504 1596//1505 1594//1506 1600//1507
f 1597//1508 1598//1509 1594//1506 1596//1505
f 1599//1510 1600//1507 1594//1506 1598//1509
f 98//1497 683//1511 1595//1504 680//1498
f 683//1511 682//1512 1596//1505 1595//1504
f 680//1498 1595//1504 1600//1507 679//1500
f 52//754 398//753 1597//1508 681//1513
f 398//753 397//752 1598//1509 1597//1508
f 681//1513 1597//1508 1596//1505 682//1512
f 51//738 678//1502 1599//1510 396//751
f 678//1502 679//1500 1600//1507 1599//1510
f 396//751 1599//1510 1598//1509 397//752
f 1602//1514 1603//1515 1601//1516 1607//1517
f 1604//1518 1605//1519 1601//1516 1603//1515
f 1606//1520 1607//1517 1601//1516 1605//1519
f 98//1497 686//1521 1602//1514 683//1511
f 686//1521 685//1522 1603//1515 1602//1514
f 683//1511 1602//1514 1607//1517 682//1512
f 53//770 404//769 1604//1518 684//1523
f 404//769 403//768 1605//1519 1604//1518
f 684//1523 1604//1518 1603//1515 685//1522
f 52//754 681//1513 1606//1520 402//767
f 681//1513 682//1512 1607//1517 1606//1520
f 402//767 1606//1520 1605//1519 403//768
f 1609//1524 1610//1525 1608//1526 1614//1527
f 1611//1528 1612//1529 1608//1526 1610//1525
f 1613//1530 1614//1527 1608//1526 1612//1529
f 98//1497 689//1531 1609//1524 686//1521
f 689//1531 688//1532 1610//1525 1609//1524
f 686//1521 1609//1524 1614//1527 685//1522
f 54//786 410//785 1611//1528 687//1533
f 410//785 409//784 1612//1529 1611//1528
f 687//1533 1611//1528 1610//1525 688//1532
f 53//770 684//1523 1613//1530 408//783
f 684//1523 685//1522 1614//1527 1613//1530
f 408//783 1613//1530 1612//1529 409//784
f 1616//1534 1617//1535 1615//1536 1621//1537
f 1618//1538 1619//1539 1615//1536 1617//1535
f 1620//1540 1621//1537 1615//1536 1619//1539
f 98//1497 692//1541 1616//1534 689//1531
f 692//1541 691//1542 1617//1535 1616//1534
f 689//1531 1616//1534 1621//1537 688//1532
f 55//802 416//801 1618//1538 690//1543
f 416//801 415//800 1619//1539 1618//1538
f 690//1543 1618//1538 1617//1535 691//1542
f 54//786 687//1533 1620//1540 414//799
f 687//1533 688//1532 1621//1537 1620//1540
f 414//799 1620//1540 1619//1539 415//800
f 1623//1544 1624//1545 1622//1546 1628//1547
f 1625//1548 1626//1549 1622//1546 1624//1545
f 1627//1550 1628//1547 1622//1546 1626//1549
f 98//1497 695//1551 1623//1544 692//1541
f 695//1551 694//1552 1624//1545 1623//1544
f 692//1541 1623//1544 1628//1547 691//1542
f 56//818 422//817 1625//1548 693//1553
f 422//817 421//816 1626//1549 1625//1548
f 693//1553 1625//1548 1624//1545 694//1552
f 55//802 690//1543 1627//1550 420//815
f 690//1543 691//1542 1628//1547 1627//1550
f 420//815 1627//1550 1626//1549 421//816
f 1630//1554 1631//1555 1629//1556 1635//1557
f 1632//1558 1633//1559 1629//1556 1631//1555
f 1634//1560 1635//1557 1629//1556 1633//1559
f 98//1497 698//1561 1630//1554 695//1551
f 698//1561 697//1562 1631//1555 1630//1554
f 695//1551 1630//1554 1635//1557 694//1552
f 57//834 428//833 1632//1558 696//1563
f 428//833 427//832 1633//1559 1632//1558
f 696//1563 1632//1558 1631//1555 697//1562
f 56//818 693//1553 1634//1560 426//831
f 693//1553 694//1552 1635//1557 1634//1560
f 426//831 1634//1560 1633//1559 427//832
f 1637//1564 1638//1565 1636//1566 1642//1567
f 1639//1568 1640//1569 1636//1566 1638//1565
f 1641//1570 1642//1567 1636//1566 1640//1569
f 98//1497 701//1571 1637//1564 698//1561
f 701//1571 700//1572 1638//1565 1637//1564
f 698//1561 1637//1564 1642//1567 697//1562
f 58//850 434//849 1639//1568 699//1573
f 434//849 433//848 1640//1569 1639//1568
f 699//1573 1639//1568 1638//1565 700//1572
f 57//834 696//1563 1641//1570 432//847
f 696//1563 697//1562 1642//1567 1641//1570
f 432//847 1641//1570 1640//1569 433//848
f 1644//1544 1645//1574 1643//1575 1649//1576
f 1646//1577 1647//1578 1643//1575 1645//1574
f 1648//1579 1649//1576 1643//1575 1647//1578
f 98//1497 704//1551 1644//1544 701//1571
f 704//1551 703//1580 1645//1574 1644//1544
f 701//1571 1644//1544 1649//1576 700//1572
f 59//866 440//865 1646//1577 702//1581
f 440//865 439//864 1647//1578 1646//1577
f 702//1581 1646//1577 1645//1574 703//1580
f 58//850 699//1573 1648//1579 438//863
f 699//1573 700//1572 1649//1576 1648//1579
f 438//863 1648//1579 1647//1578 439//864
f 1651//1582 1652//1583 1650//1584 1656//1585
f 1653//1586 1654//1587 1650//1584 1652//1583
f 1655//1588 1656//1585 1650//1584 1654//1587
f 98//1497 707//1589 1651//1582 704//1551
f 707//1589 706//1590 1652//1583 1651//1582
f 704//1551 1651//1582 1656//1585 703//1580
f 60//882 446//881 1653//1586 705//1591
f 446//881 445//880 1654//1587 1653//1586
f 705//1591 1653//1586 1652//1583 706//1590
f 59//866 702//1581 1655//1588 444//879
f 702//1581 703//1580 1656//1585 1655//1588
f 444//879 1655//1588 1654//1587 445//880
f 1658//1592 1659//1593 1657//1594 1663//1595
f 1660//1596 1661//1597 1657//1594 1659//1593
f 1662//1598 1663//1595 1657//1594 1661//1597
f 98//1497 710//1571 1658//1592 707//1589
f 710//1571 709//1599 1659//1593 1658//1592
f 707//1589 1658//1592 1663//1595 706//1590
f 61//898 452//897 1660//1596 708//1600
f 452//897 451//896 1661//1597 1660//1596
f 708//1600 1660//1596 1659//1593 709//1599
f 60//882 705//1591 1662//1598 450//895
f 705//1591 706//1590 1663//1595 1662//1598
f 450//895 1662//1598 1661//1597 451//896
f 1665//1601 1666//1602 1664//1603 1670//1604
f 1667//1605 1668//1606 1664//1603 1666//1602
f 1669//1607 1670//1604 1664//1603 1668//1606
f 98//1497 713//1608 1665//1601 710//1571
f 713//1608 712//1609 1666//1602 1665//1601
f 710//1571 1665//1601 1670//1604 709//1599
f 62//914 458//913 1667//1605 711//1610
f 458//913 457//912 1668//1606 1667//1605
f 711//1610 1667//1605 1666//1602 712//1609
f 61//898 708//1600 1669//1607 456//911
f 708//1600 709//1599 1670//1604 1669//1607
f 456//911 1669//1607 1668//1606 457//912
f 1672//1611 1673//1612 1671//1613 1677//1614
f 1674//1615 1675//1616 1671//1613 1673//1612
f 1676//1617 1677//1614 1671//1613 1675//1616
f 98//1497 716//1618 1672//1611 713//1608
f 716//1618 715//1619 1673//1612 1672//1611
f 713//1608 1672//1611 1677//1614 712//1609
f 63//930 464//929 1674//1615 714//1620
f 464//929 463//928 1675//1616 1674//1615
f 714//1620 1674//1615 1673//1612 715//1619
f 62//914 711//1610 1676//1617 462//927
f 711//1610 712//1609 1677//1614 1676//1617
f 462//927 1676//1617 1675//1616 463//928
f 1679//1621 1680//1622 1678//1623 1684//1624
f 1681//1625 1682//1626 1678//1623 1680//1622
f 1683//1627 1684//1624 1678//1623 1682//1626
f 98//1497 719//1628 1679//1621 716//1618
f 719//1628 718//1629 1680//1622 1679//1621
f 716//1618 1679//1621 1684//1624 715//1619
f 64//946 470//945 1681//1625 717//1630
f 470//945 469//944 1682//1626 1681//1625
f 717//1630 1681//1625 1680//1622 718//1629
f 63//930 714//1620 1683//1627 468//943
f 714//1620 715//1619 1684//1624 1683//1627
f 468//943 1683//1627 1682//1626 469//944
f 1686//1631 1687//1632 1685//1633 1691//1634
f 1688//1635 1689//1636 1685//1633 1687//1632
f 1690//1637 1691//1634 1685//1633 1689//1636
f 98//1497 722//1638 1686//1631 719//1628
f 722//1638 721//1639 1687//1632 1686//1631
f 719//1628 1686//1631 1691//1634 718//1629
f 65//962 476//961 1688//1635 720//1640
f 476//961 475//960 1689//1636 1688//1635
f 720//1640 1688//1635 1687//1632 721//1639
f 64//946 717//1630 1690//1637 474//959
f 717//1630 718//1629 1691//1634 1690//1637
f 474//959 1690//1637 1689//1636 475//960
f 1693//1641 1694//1642 1692//1643 1698//1644
f 1695//1645 1696//1646 1692//1643 1694//1642
f 1697//1647 1698//1644 1692//1643 1696//1646
f 98//1497 725//1648 1693//1641 722//1638
f 725//1648 724//1649 1694//1642 1693//1641
f 722//1638 1693//1641 1698//1644 721//1639
f 66//978 482//977 1695//1645 723//1650
f 482//977 481//976 1696//1646 1695//1645
f 723//1650 1695//1645 1694//1642 724//1649
f 65//962 720//1640 1697//1647 480//975
f 720//1640 721//1639 1698//1644 1697//1647
f 480//975 1697//1647 1696//1646 481//976
f 1700//1651 1701//1652 1699//1653 1705//1654
f 1702//1655 1703//1656 1699//1653 1701//1652
f 1704//1657 1705//1654 1699//1653 1703//1656
f 98//1497 728//1658 1700//1651 725//1648
f 728//1658 727//1659 1701//1652 1700//1651
f 725//1648 1700//1651 1705//1654 724//1649
f 67//994 488//993 1702//1655 726//1660
f 488//993 487//992 1703//1656 1702//1655
f 726//1660 1702//1655 1701//1652 727//1659
f 66//978 723//1650 1704//1657 486//991
f 723//1650 724//1649 1705//1654 1704//1657
f 486//991 1704//1657 1703//1656 487//992
f 1707//1661 1708//1662 1706//1663 1712//1664
f 1709//1665 1710//1666 1706//1663 1708//1662
f 1711//1667 1712//1664 1706//1663 1710//1666
f 98//1497 731//1668 1707//1661 728//1658
f 731//1668 730//1669 1708//1662 1707//1661
f 728//1658 1707//1661 1712//1664 727//1659
f 68//1010 494//1009 1709//1665 729//1670
f 494//1009 493//1008 1710//1666 1709//1665
f 729//1670 1709//1665 1708//1662 730//1669
f 67//994 726//1660 1711//1667 492//1007
f 726//1660 727//1659 1712//1664 1711//1667
f 492//1007 1711//1667 1710//1666 493//1008
f 1714//1631 1715//1671 1713//1672 1719//1673
f 1716//1674 1717//1675 1713//1672 1715//1671
f 1718//1676 1719//1673 1713//1672 1717//1675
f 98//1497 734//1648 1714//1631 731//1668
f 734//1648 733//1677 1715//1671 1714//1631
f 731//1668 1714//1631 1719//1673 730//1669
f 69//1026 500//1025 1716//1674 732//1678
f 500//1025 499//1024 1717//1675 1716//1674
f 732//1678 1716//1674 1715//1671 733//1677
f 68//1010 729//1670 1718//1676 498//1023
f 729//1670 730//1669 1719//1673 1718//1676
f 498//1023 1718//1676 1717//1675 499//1024
f 1721//1679 1722//1680 1720//1681 1726//1682
f 1723//1683 1724//1684 1720//1681 1722//1680
f 1725//1685 1726//1682 1720//1681 1724//1684
f 98//1497 737//1686 1721//1679 734//1648
f 737//1686 736//1687 1722//1680 1721//1679
f 734//1648 1721//1679 1726//1682 733//1677
f 70//1042 506//1041 1723//1683 735//1688
f 506//1041 505//1040 1724//1684 1723//1683
f 735//1688 1723//1683 1722//1680 736//1687
f 69//1026 732//1678 1725//1685 504//1039
f 732//1678 733//1677 1726//1682 1725//1685
f 504//1039 1725//1685 1724//1684 505//1040
f 1728//1689 1729//1690 1727//1691 1733//1692
f 1730//1693 1731//1694 1727//1691 1729//1690
f 1732//1695 1733//1692 1727//1691 1731//1694
f 98//1497 740//1696 1728//1689 737//1686
f 740//1696 739//1697 1729//1690 1728//1689
f 737//1686 1728//1689 1733//1692 736//1687
f 71//1058 512//1057 1730//1693 738//1698
f 512//1057 511//1056 1731//1694 1730//1693
f 738//1698 1730//1693 1729//1690 739//1697
f 70//1042 735//1688 1732//1695 510//1055
f 735//1688 736//1687 1733//1692 1732//1695
f 510//1055 1732//1695 1731//1694 511//1056
f 1735//1699 1736//1700 1734//1701 1740//1702
f 1737//1703 1738//1704 1734//1701 1736//1700
f 1739//1705 1740//1702 1734//1701 1738//1704
f 98//1497 743//1706 1735//1699 740//1696
f 743//1706 742//1707 1736//1700 1735//1699
f 740//1696 1735//1699 1740//1702 739//1697
f 72//1074 518//1073 1737//1703 741//1708
f 518//1073 517//1072 1738//1704 1737//1703
f 741//1708 1737//1703 1736//1700 742//1707
f 71//1058 738//1698 1739//1705 516//1071
f 738//1698 739//1697 1740//1702 1739//1705
f 516//1071 1739//1705 1738//1704 517//1072
f 1742//1709 1743//1710 1741//1711 1747//1712
f 1744//1713 1745//1714 1741//1711 1743//1710
f 1746//1715 1747//1712 1741//1711 1745//1714
f 98//1497 746//1716 1742//1709 743//1706
f 746//1716 745//1717 1743//1710 1742//1709
f 743//1706 1742//1709 1747//1712 742//1707
f 73//1090 524//1089 1744//1713 744//1718
f 524//1089 523//1088 1745//1714 1744//1713
f 744//1718 1744//1713 1743//1710 745//1717
f 72//1074 741//1708 1746//1715 522//1087
f 741//1708 742//1707 1747//1712 1746//1715
f 522//1087 1746//1715 1745//1714 523//1088
f 1749//1719 1750//1720 1748//1721 1754//1722
f 1751//1723 1752//1724 1748//1721 1750//1720
f 1753//1725 1754//1722 1748//1721 1752//1724
f 98//1497 749//1726 1749//1719 746//1716
f 749//1726 748//1727 1750//1720 1749//1719
f 746//1716 1749//1719 1754//1722 745//1717
f 74//1106 530//1105 1751//1723 747//1728
f 530//1105 529//1104 1752//1724 1751//1723
f 747//1728 1751//1723 1750//1720 748//1727
f 73//1090 744//1718 1753//1725 528//1103
f 744//1718 745//1717 1754//1722 1753//1725
f 528//1103 1753//1725 1752//1724 529//1104
f 1756//1729 1757//1730 1755//1731 1761//1732
f 1758//1733 1759//1734 1755//1731 1757//1730
f 1760//1735 1761//1732 1755//1731 1759//1734
f 98//1497 752//1736 1756//1729 749//1726
f 752//1736 751//1737 1757//1730 1756//1729
f 749//1726 1756//1729 1761//1732 748//1727
f 75//1122 536//1121 1758//1733 750//1738
f 536//1121 535//1120 1759//1734 1758//1733
f 750//1738 1758//1733 1757//1730 751//1737
f 74//1106 747//1728 1760//1735 534//1119
f 747//1728 748//1727 1761//1732 1760//1735
f 534//1119 1760//1735 1759//1734 535//1120
f 1763//1739 1764//1740 1762//1741 1768//1742
f 1765//1743 1766//1744 1762//1741 1764//1740
f 1767//1745 1768//1742 1762//1741 1766//1744
f 98//1497 755//1746 1763//1739 752//1736
f 755//1746 754//1747 1764//1740 1763//1739
f 752//1736 1763//1739 1768//1742 751//1737
f 76//1138 542//1137 1765//1743 753//1748
f 542//1137 541//1136 1766//1744 1765//1743
f 753//1748 1765//1743 1764//1740 754//1747
f 75//1122 750//1738 1767//1745 540//1135
f 750//1738 751//1737 1768//1742 1767//1745
f 540//1135 1767//1745 1766//1744 541//1136
f 1770//1749 1771//1750 1769//1751 1775//1752
f 1772//1753 1773//1754 1769//1751 1771//1750
f 1774//1755 1775//1752 1769//1751 1773//1754
f 98//1497 758//1746 1770//1749 755//1746
f 758//1746 757//1756 1771//1750 1770//1749
f 755//1746 1770//1749 1775//1752 754//1747
f 77//1154 548//1153 1772//1753 756//1757
f 548//1153 547//1152 1773//1754 1772//1753
f 756//1757 1772//1753 1771//1750 757//1756
f 76//1138 753//1748 1774//1755 546//1151
f 753//1748 754//1747 1775//1752 1774//1755
f 546//1151 1774//1755 1773//1754 547//1152
f 1777//1758 1778//1759 1776//1760 1782//1761
f 1779//1762 1780//1763 1776//1760 1778//1759
f 1781//1764 1782//1761 1776//1760 1780//1763
f 98//1497 761//1765 1777//1758 758//1746
f 761//1765 760//1766 1778//1759 1777//1758
f 758//1746 1777//1758 1782//1761 757//1756
f 78//1170 554//1169 1779//1762 759//1767
f 554//1169 553//1168 1780//1763 1779//1762
f 759//1767 1779//1762 1778//1759 760//1766
f 77//1154 756//1757 1781//1764 552//1167
f 756//1757 757//1756 1782//1761 1781//1764
f 552//1167 1781//1764 1780//1763 553//1168
f 1784//1768 1785//1769 1783//1770 1789//1771
f 1786//1772 1787//1773 1783//1770 1785//1769
f 1788//1774 1789//1771 1783//1770 1787//1773
f 98//1497 764//1775 1784//1768 761//1765
f 764//1775 763//1776 1785//1769 1784//1768
f 761//1765 1784//1768 1789//1771 760//1766
f 79//1186 560//1185 1786//1772 762//1777
f 560//1185 559//1184 1787//1773 1786//1772
f 762//1777 1786//1772 1785//1769 763//1776
f 78//1170 759//1767 1788//1774 558//1183
f 759//1767 760//1766 1789//1771 1788//1774
f 558//1183 1788//1774 1787//1773 559//1184
f 1791//1778 1792//1779 1790//1780 1796//1781
f 1793//1782 1794//1783 1790//1780 1792//1779
f 1795//1784 1796//1781 1790//1780 1794//1783
f 98//1497 767//1785 1791//1778 764//1775
f 767//1785 766//1786 1792//1779 1791//1778
f 764//1775 1791//1778 1796//1781 763//1776
f 80//1202 566//1201 1793//1782 765//1787
f 566//1201 565//1200 1794//1783 1793//1782
f 765//1787 1793//1782 1792//1779 766//1786
f 79//1186 762//1777 1795//1784 564//1199
f 762//1777 763//1776 1796//1781 1795//1784
f 564//1199 1795//1784 1794//1783 565//1200
f 1798//1788 1799//1789 1797//1790 1803//1791
f 1800//1792 1801//1793 1797//1790 1799//1789
f 1802//1794 1803//1791 1797//1790 1801//1793
f 98//1497 770//1795 1798//1788 767//1785
f 770//1795 769//1796 1799//1789 1798//1788
f 767//1785 1798//1788 1803//1791 766//1786
f 81//1218 572//1217 1800//1792 768//1797
f 572//1217 571//1216 1801//1793 1800//1792
f 768//1797 1800//1792 1799//1789 769//1796
f 80//1202 765//1787 1802//1794 570//1215
f 765//1787 766//1786 1803//1791 1802//1794
f 570//1215 1802//1794 1801//1793 571//1216
f 1805//1798 1806//1799 1804//1800 1810//1801
f 1807//1802 1808//1803 1804//1800 1806//1799
f 1809//1804 1810//1801 1804//1800 1808//1803
f 98//1497 773//1736 1805//1798 770//1795
f 773//1736 772//1805 1806//1799 1805//1798
f 770//1795 1805//1798 1810//1801 769//1796
f 82//1234 578//1233 1807//1802 771//1806
f 578//1233 577//1232 1808//1803 1807//1802
f 771//1806 1807//1802 1806//1799 772//1805
f 81//1218 768//1797 1809//1804 576//1231
f 768//1797 769//1796 1810//1801 1809//1804
f 576//1231 1809//1804 1808//1803 577//1232
f 1812//1807 1813//1808 1811//1809 1817//1810
f 1814//1811 1815//1812 1811//1809 1813//1808
f 1816//1813 1817//1810 1811//1809 1815//1812
f 98//1497 776//1814 1812//1807 773//1736
f 776//1814 775//1815 1813//1808 1812//1807
f 773//1736 1812//1807 1817//1810 772//1805
f 83//1250 584//1249 1814//1811 774//1816
f 584//1249 583//1248 1815//1812 1814//1811
f 774//1816 1814//1811 1813//1808 775//1815
f 82//1234 771//1806 1816//1813 582//1247
f 771//1806 772//1805 1817//1810 1816//1813
f 582//1247 1816//1813 1815//1812 583//1248
f 1819//1817 1820//1818 1818//1819 1824//1820
f 1821//1821 1822//1822 1818//1819 1820//1818
f 1823//1823 1824//1820 1818//1819 1822//1822
f 98//1497 779//1824 1819//1817 776//1814
f 779//1824 778//1825 1820//1818 1819//1817
f 776//1814 1819//1817 1824//1820 775//1815
f 84//1266 590//1265 1821//1821 777//1826
f 590//1265 589//1264 1822//1822 1821//1821
f 777//1826 1821//1821 1820//1818 778//1825
f 83//1250 774//1816 1823//1823 588//1263
f 774//1816 775//1815 1824//1820 1823//1823
f 588//1263 1823//1823 1822//1822 589//1264
f 1826//1827 1827//1828 1825//1829 1831//1830
f 1828//1831 1829//1832 1825//1829 1827//1828
f 1830//1833 1831//1830 1825//1829 1829//1832
f 98//1497 782//1824 1826//1827 779//1824
f 782//1824 781//1834 1827//1828 1826//1827
f 779//1824 1826//1827 1831//1830 778//1825
f 85//1282 596//1281 1828//1831 780//1835
f 596//1281 595//1280 1829//1832 1828//1831
f 780//1835 1828//1831 1827//1828 781//1834
f 84//1266 777//1826 1830//1833 594//1279
f 777//1826 778//1825 1831//1830 1830//1833
f 594//1279 1830//1833 1829//1832 595//1280
f 1833//1836 1834//1837 1832//1838 1838//1839
f 1835//1840 1836//1841 1832//1838 1834//1837
f 1837//1842 1838//1839 1832//1838 1836//1841
f 98//1497 785//1843 1833//1836 782//1824
f 785//1843 784//1844 1834//1837 1833//1836
f 782//1824 1833//1836 1838//1839 781//1834
f 86//1298 602//1297 1835//1840 783//1845
f 602//1297 601//1296 1836//1841 1835//1840
f 783//1845 1835//1840 1834//1837 784//1844
f 85//1282 780//1835 1837//1842 600//1295
f 780//1835 781//1834 1838//1839 1837//1842
f 600//1295 1837//1842 1836//1841 601//1296
f 1840//1846 1841//1847 1839//1848 1845//1849
f 1842//1850 1843//1851 1839//1848 1841//1847
f 1844//1852 1845//1849 1839//1848 1843//1851
f 98//1497 788//1853 1840//1846 785//1843
f 788//1853 787//1854 1841//1847 1840//1846
f 785//1843 1840//1846 1845//1849 784//1844
f 87//1314 608//1313 1842//1850 786//1855
f 608//1313 607//1312 1843//1851 1842//1850
f 786//1855 1842//1850 1841//1847 787//1854
f 86//1298 783//1845 1844//1852 606//1311
f 783//1845 784//1844 1845//1849 1844//1852
f 606//1311 1844//1852 1843//1851 607//1312
f 1847//1856 1848//1857 1846//1858 1852//1859
f 1849//1860 1850//1861 1846//1858 1848//1857
f 1851//1862 1852//1859 1846//1858 1850//1861
f 98//1497 791//1853 1847//1856 788//1853
f 791//1853 790//1863 1848//1857 1847//1856
f 788//1853 1847//1856 1852//1859 787//1854
f 88//1330 614//1329 1849//1860 789//1864
f 614//1329 613//1328 1850//1861 1849//1860
f 789//1864 1849//1860 1848//1857 790//1863
f 87//1314 786//1855 1851//1862 612//1327
f 786//1855 787//1854 1852//1859 1851//1862
f 612//1327 1851//1862 1850//1861 613//1328
f 1854//1865 1855//1866 1853//1867 1859//1868
f 1856//1869 1857//1870 1853//1867 1855//1866
f 1858//1871 1859//1868 1853//1867 1857//1870
f 98//1497 794//1872 1854//1865 791//1853
f 794//1872 793//1873 1855//1866 1854//1865
f 791//1853 1854//1865 1859//1868 790//1863
f 89//1346 620//1345 1856//1869 792//1874
f 620//1345 619//1344 1857//1870 1856//1869
f 792//1874 1856//1869 1855//1866 793//1873
f 88//1330 789//1864 1858//1871 618//1343
f 789//1864 790//1863 1859//1868 1858//1871
f 618//1343 1858//1871 1857//1870 619//1344
f 1861//1875 1862//1876 1860//1877 1866//1878
f 1863//1879 1864//1880 1860//1877 1862//1876
f 1865//1881 1866//1878 1860//1877 1864//1880
f 98//1497 797//1882 1861//1875 794//1872
f 797//1882 796//1883 1862//1876 1861//1875
f 794//1872 1861//1875 1866//1878 793//1873
f 90//1362 626//1361 1863//1879 795//1884
f 626//1361 625//1360 1864//1880 1863//1879
f 795//1884 1863//1879 1862//1876 796//1883
f 89//1346 792//1874 1865//1881 624//1359
f 792//1874 793//1873 1866//1878 1865//1881
f 624//1359 1865//1881 1864//1880 625//1360
f 1868//1885 1869//1886 1867//1887 1873//1888
f 1870//1889 1871//1890 1867//1887 1869//1886
f 1872//1891 1873//1888 1867//1887 1871//1890
f 98//1497 800//1892 1868//1885 797//1882
f 800//1892 799//1893 1869//1886 1868//1885
f 797//1882 1868//1885 1873//1888 796//1883
f 91//1378 632//1377 1870//1889 798//1894
f 632//1377 631//1376 1871//1890 1870//1889
f 798//1894 1870//1889 1869//1886 799//1893
f 90//1362 795//1884 1872//1891 630//1375
f 795//1884 796//1883 1873//1888 1872//1891
f 630//1375 1872//1891 1871//1890 631//1376
f 1875//1895 1876//1896 1874//1897 1880//1898
f 1877//1899 1878//1900 1874//1897 1876//1896
f 1879//1901 1880//1898 1874//1897 1878//1900
f 98//1497 803//1902 1875//1895 800//1892
f 803//1902 802//1903 1876//1896 1875//1895
f 800//1892 1875//1895 1880//1898 799//1893
f 92//1394 638//1393 1877//1899 801//1904
f 638//1393 637//1392 1878//1900 1877//1899
f 801//1904 1877//1899 1876//1896 802//1903
f 91//1378 798//1894 1879//1901 636//1391
f 798//1894 799//1893 1880//1898 1879//1901
f 636//1391 1879//1901 1878//1900 637//1392
f 1882//1905 1883//1906 1881//1907 1887//1908
f 1884//1909 1885//1910 1881//1907 1883//1906
f 1886//1911 1887//1908 1881//1907 1885//1910
f 98//1497 806//1912 1882//1905 803//1902
f 806//1912 805//1913 1883//1906 1882//1905
f 803//1902 1882//1905 1887//1908 802//1903
f 93//1410 644//1409 1884//1909 804//1914
f 644//1409 643//1408 1885//1910 1884//1909
f 804//1914 1884//1909 1883//1906 805//1913
f 92//1394 801//1904 1886//1911 642//1407
f 801//1904 802//1903 1887//1908 1886//1911
f 642//1407 1886//1911 1885//1910 643//1408
f 1889//1915 1890//1916 1888//1917 1894//1918
f 1891//1919 1892//1920 1888//1917 1890//1916
f 1893//1921 1894//1918 1888//1917 1892//1920
f 98//1497 809//1922 1889//1915 806//1912
f 809//1922 808//1923 1890//1916 1889//1915
f 806//1912 1889//1915 1894//1918 805//1913
f 94//1426 650//1425 1891//1919 807//1924
f 650//1425 649//1424 1892//1920 1891//1919
f 807//1924 1891//1919 1890//1916 808//1923
f 93//1410 804//1914 1893//1921 648//1423
f 804//1914 805//1913 1894//1918 1893//1921
f 648//1423 1893//1921 1892//1920 649//1424
f 1896//1925 1897//1926 1895//1927 1901//1928
f 1898//1929 1899//1930 1895//1927 1897//1926
f 1900//1931 1901//1928 1895//1927 1899//1930
f 98//1497 812//1932 1896//1925 809//1922
f 812//1932 811//1933 1897//1926 1896//1925
f 809//1922 1896//1925 1901//1928 808//1923
f 95//1442 656//1441 1898//1929 810//1934
f 656//1441 655//1440 1899//1930 1898//1929
f 810//1934 1898//1929 1897//1926 811//1933
f 94//1426 807//1924 1900//1931 654//1439
f 807//1924 808//1923 1901//1928 1900//1931
f 654//1439 1900//1931 1899//1930 655//1440
f 1903//1935 1904//1936 1902//1937 1908//1938
f 1905//1939 1906//1940 1902//1937 1904//1936
f 1907//1941 1908//1938 1902//1937 1906//1940
f 98//1497 815//1942 1903//1935 812//1932
f 815//1942 814//1943 1904//1936 1903//1935
f 812//1932 1903//1935 1908//1938 811//1933
f 96//1458 662//1457 1905//1939 813//1944
f 662//1457 661//1456 1906//1940 1905//1939
f 813//1944 1905//1939 1904//1936 814//1943
f 95//1442 810//1934 1907//1941 660//1455
f 810//1934 811//1933 1908//1938 1907//1941
f 660//1455 1907//1941 1906//1940 661//1456
f 1910//1945 1911//1946 1909//1947 1915//1948
f 1912//1949 1913//1950 1909//1947 1911//1946
f 1914//1951 1915//1948 1909//1947 1913//1950
f 98//1497 818//1942 1910//1945 815//1942
f 818//1942 817//1943 1911//1946 1910//1945
f 815//1942 1910//1945 1915//1948 814//1943
f 97//1474 668//1473 1912//1949 816//1952
f 668//1473 667//1472 1913//1950 1912//1949
f 816//1952 1912//1949 1911//1946 817//1943
f 96//1458 813//1944 1914//1951 666//1471
f 813//1944 814//1943 1915//1948 1914//1951
f 666//1471 1914//1951 1913//1950 667//1472
f 1917//1953 1918//1954 1916//1947 1922//1955
f 1919//1956 1920//1957 1916//1947 1918//1954
f 1921//1958 1922//1955 1916//1947 1920//1957
f 98//1497 677//1499 1917//1953 818//1942
f 677//1499 676//1501 1918//1954 1917//1953
f 818//1942 1917//1953 1922//1955 817//1943
f 50//734 672//1489 1919//1956 675//1503
f 672//1489 673//1488 1920//1957 1919//1956
f 675//1503 1919//1956 1918//1954 676//1501
f 97//1474 816//1952 1921//1958 674//1487
f 816//1952 817//1943 1922//1955 1921//1958
f 674//1487 1921//1958 1920//1957 673//1488
f 1960//1959 1959//1960 378//705 1149//712 102//11
f 1957//1961 1956//1962 360//660 1128//667 366//675
f 1954//1963 1953//1964 342//615 1107//622 348//630
f 1951//1965 1950//1966 324//570 1086//577 330//585
f 1948//1967 1947//1968 306//525 1065//532 312//540
f 1945//1969 1944//1970 288//480 1044//487 294//495
f 1942//449 1941//1971 270//435 1023//442 276//450
f 1939//1972 1938//1973 252//390 1002//397 258//405
f 1936//1974 1935//1975 234//345 981//352 240//360
f 1933//1976 1932//1977 216//300 960//307 222//315
f 1930//1978 1929//1979 198//255 939//262 204//270
f 1927//1980 1926//1981 180//210 918//217 186//225
f 1924//1982 1923//1983 162//165 897//172 168//180
f 1969//1984 1968//1985 144//120 876//127 150//135
f 1966//1986 1965//1987 126//75 855//82 132//90
f 1963//1988 1971//1989 1962//1990 108//30 834//37 114//45
f 1958//1991 1957//1961 366//675 1135//682 372//690
f 1955//1992 1954//1963 348//630 1114//637 354//645
f 1952//1993 1951//1965 330//585 1093//592 336//600
f 1949//1994 1948//1967 312//540 1072//547 318//555
f 1946//1995 1972//1996 1945//1969 294//495 1051//502 300//510
f 1943//1997 1942//449 276//450 1030//457 282//465
f 1940//1998 1939//1972 258//405 1009//412 264//420
f 1937//1999 1936//1974 240//360 988//367 246//375
f 1934//2000 1933//1976 222//315 967//322 228//330
f 1931//2001 1930//1978 204//270 946//277 210//285
f 1928//2002 1927//1980 186//225 925//232 192//240
f 1925//2003 1924//1982 168//180 904//187 174//195
f 1970//2004 1969//1984 150//135 883//142 156//150
f 1967//2005 1966//1986 132//90 862//97 138//105
f 1964//2006 1963//1988 114//45 841//52 120//60
f 1961//2007 1960//1959 102//11 820//1 99//13
f 1959//1960 1958//1991 372//690 1142//697 378//705
f 1956//1962 1955//1992 354//645 1121//652 360//660
f 1953//1964 1952//1993 336//600 1100//607 342//615
f 1950//1966 1949//1994 318//555 1079//562 324//570
f 1947//1968 1946//1995 300//510 1058//517 306//525
f 1944//1970 1943//1997 282//465 1037//472 288//480
f 1941//1971 1940//1998 264//420 1016//427 270//435
f 1938//1973 1937//1999 246//375 995//382 252//390
f 1935//1975 1934//2000 228//330 974//337 234//345
f 1932//1977 1973//2008 1931//2001 210//285 953//292 216//300
f 1929//1979 1928//2002 192//240 932//247 198//255
f 1926//1981 1925//2003 174//195 911//202 180//210
f 1923//1983 1970//2004 156//150 890//157 162//165
f 1968//1985 1974//2009 1967//2005 138//105 869//112 144//120
f 1965//1987 1964//2006 120//60 848//67 126//75
f 1962//1990 1961//2007 99//13 827//22 108//30
f 2013//9 2011//704 1959//1960 1960//1959
f 2009//674 2008//659 1956//1962 1957//1961
f 2006//629 2005//614 1953//1964 1954//1963
f 2003//584 2002//569 1950//1966 1951//1965
f 2000//539 1999//524 1947//1968 1948//1967
f 1997//494 1996//479 1944//1970 1945//1969
f 1994//449 1993//434 1941//1971 1942//449
f 1991//404 1990//389 1938//1973 1939//1972
f 1988//359 1987//344 1935//1975 1936//1974
f 1985//314 1984//299 1932//1977 1933//1976
f 1982//269 1981//254 1929//1979 1930//1978
f 1979//224 1978//209 1926//1981 1927//1980
f 1976//179 1975//164 1923//1983 1924//1982
f 2021//134 2020//119 1968//1985 1969//1984
f 2018//89 2017//74 1965//1987 1966//1986
f 2015//44 2014//29 1962//1990 1971//1989 1963//1988
f 2010//689 2009//674 1957//1961 1958//1991
f 2007//644 2006//629 1954//1963 1955//1992
f 2004//599 2003//584 1951//1965 1952//1993
f 2001//554 2000//539 1948//1967 1949//1994
f 1998//509 1997//494 1945//1969 1972//1996 1946//1995
f 1995//464 1994//449 1942//449 1943//1997
f 1992//419 1991//404 1939//1972 1940//1998
f 1989//374 1988//359 1936//1974 1937//1999
f 1986//329 1985//314 1933//1976 1934//2000
f 1983//284 1982//269 1930//1978 1931//2001
f 1980//239 1979//224 1927//1980 1928//2002
f 1977//194 1976//179 1924//1982 1925//2003
f 2022//149 2021//134 1969//1984 1970//2004
f 2019//104 2018//89 1966//1986 1967//2005
f 2016//59 2015//44 1963//1988 1964//2006
f 2012//10 2013//9 1960//1959 1961//2007
f 2011//704 2010//689 1958//1991 1959//1960
f 2008//659 2007//644 1955//1992 1956//1962
f 2005//614 2004//599 1952//1993 1953//1964
f 2002//569 2001//554 1949//1994 1950//1966
f 1999//524 1998//509 1946//1995 1947//1968
f 1996//479 1995//464 1943//1997 1944//1970
f 1993//434 1992//419 1940//1998 1941//1971
f 1990//389 1989//374 1937//1999 1938//1973
f 1987//344 1986//329 1934//2000 1935//1975
f 1984//299 1983//284 1931//2001 1973//2008 1932//1977
f 1981//254 1980//239 1928//2002 1929//1979
f 1978//209 1977//194 1925//2003 1926//1981
f 1975//164 2022//149 1970//2004 1923//1983
f 2020//119 2019//104 1967//2005 1974//2009 1968//1985
f 2017//74 2016//59 1964//2006 1965//1987
f 2014//29 2012//10 1961//2007 1962//1990
