# Blender 4.4.1
# www.blender.org
mtllib time.mtl
o Text.006
v 0.233639 -0.218516 0.039211
v 0.229642 -0.218424 0.039211
v 0.225784 -0.218148 0.039211
v 0.222068 -0.217688 0.039211
v 0.218491 -0.217044 0.039211
v 0.215055 -0.216216 0.039211
v 0.211760 -0.215204 0.039211
v 0.208605 -0.214008 0.039211
v 0.205590 -0.212628 0.039211
v 0.202716 -0.211063 0.039211
v 0.199982 -0.209315 0.039211
v 0.197389 -0.207383 0.039211
v 0.194936 -0.205267 0.039211
v 0.192653 -0.203000 0.039211
v 0.190568 -0.200618 0.039211
v 0.188682 -0.198119 0.039211
v 0.186994 -0.195504 0.039211
v 0.185505 -0.192772 0.039211
v 0.184215 -0.189925 0.039211
v 0.183123 -0.186961 0.039211
v 0.182229 -0.183881 0.039211
v 0.181534 -0.180685 0.039211
v 0.181038 -0.177373 0.039211
v 0.180740 -0.173944 0.039211
v 0.180641 -0.170399 0.039211
v 0.180648 -0.169469 0.039211
v 0.180670 -0.168540 0.039211
v 0.180706 -0.167610 0.039211
v 0.180757 -0.166680 0.039211
v 0.180822 -0.165750 0.039211
v 0.180902 -0.164820 0.039211
v 0.180997 -0.163891 0.039211
v 0.181106 -0.162961 0.039211
v 0.181229 -0.162031 0.039211
v 0.181367 -0.161101 0.039211
v 0.181520 -0.160171 0.039211
v 0.181687 -0.159242 0.039211
v 0.181859 -0.158317 0.039211
v 0.182026 -0.157401 0.039211
v 0.182188 -0.156496 0.039211
v 0.182345 -0.155600 0.039211
v 0.182498 -0.154714 0.039211
v 0.182646 -0.153837 0.039211
v 0.182788 -0.152970 0.039211
v 0.182926 -0.152113 0.039211
v 0.183060 -0.151266 0.039211
v 0.183188 -0.150428 0.039211
v 0.183311 -0.149600 0.039211
v 0.183430 -0.148781 0.039211
v 0.228758 0.040898 0.039211
v 0.228985 0.041818 0.039211
v 0.229203 0.042719 0.039211
v 0.229412 0.043600 0.039211
v 0.229610 0.044462 0.039211
v 0.229799 0.045305 0.039211
v 0.229978 0.046128 0.039211
v 0.230148 0.046932 0.039211
v 0.230308 0.047716 0.039211
v 0.230458 0.048482 0.039211
v 0.230598 0.049227 0.039211
v 0.230729 0.049954 0.039211
v 0.230850 0.050661 0.039211
v 0.230961 0.051358 0.039211
v 0.231063 0.052055 0.039211
v 0.231155 0.052753 0.039211
v 0.231237 0.053450 0.039211
v 0.231310 0.054148 0.039211
v 0.231373 0.054845 0.039211
v 0.231426 0.055542 0.039211
v 0.231470 0.056240 0.039211
v 0.231504 0.056937 0.039211
v 0.231528 0.057634 0.039211
v 0.231542 0.058332 0.039211
v 0.231547 0.059029 0.039211
v 0.231496 0.061184 0.039211
v 0.231344 0.063232 0.039211
v 0.231090 0.065174 0.039211
v 0.230734 0.067010 0.039211
v 0.230276 0.068739 0.039211
v 0.229717 0.070361 0.039211
v 0.229056 0.071877 0.039211
v 0.228293 0.073286 0.039211
v 0.227429 0.074589 0.039211
v 0.226462 0.075785 0.039211
v 0.225395 0.076874 0.039211
v 0.224225 0.077857 0.039211
v 0.222978 0.078748 0.039211
v 0.221678 0.079562 0.039211
v 0.220324 0.080298 0.039211
v 0.218917 0.080957 0.039211
v 0.217457 0.081538 0.039211
v 0.215944 0.082041 0.039211
v 0.214377 0.082468 0.039211
v 0.212758 0.082816 0.039211
v 0.211084 0.083088 0.039211
v 0.209358 0.083281 0.039211
v 0.207578 0.083398 0.039211
v 0.205745 0.083436 0.039211
v 0.202367 0.083318 0.039211
v 0.198975 0.082962 0.039211
v 0.195568 0.082368 0.039211
v 0.192147 0.081538 0.039211
v 0.188711 0.080470 0.039211
v 0.185261 0.079165 0.039211
v 0.181796 0.077623 0.039211
v 0.178316 0.075843 0.039211
v 0.174822 0.073826 0.039211
v 0.171314 0.071572 0.039211
v 0.167791 0.069080 0.039211
v 0.164253 0.066351 0.039211
v 0.160732 0.063419 0.039211
v 0.157260 0.060317 0.039211
v 0.153836 0.057046 0.039211
v 0.150461 0.053605 0.039211
v 0.147134 0.049995 0.039211
v 0.143855 0.046215 0.039211
v 0.140625 0.042266 0.039211
v 0.137444 0.038147 0.039211
v 0.134310 0.033859 0.039211
v 0.131226 0.029401 0.039211
v 0.128189 0.024774 0.039211
v 0.125201 0.019977 0.039211
v 0.122293 0.015043 0.039211
v 0.119497 0.010001 0.039211
v 0.116811 0.004854 0.039211
v 0.114237 -0.000401 0.039211
v 0.111775 -0.005762 0.039211
v 0.109424 -0.011229 0.039211
v 0.107184 -0.016803 0.039211
v 0.105056 -0.022483 0.039211
v 0.103039 -0.028271 0.039211
v 0.101133 -0.034164 0.039211
v 0.099339 -0.040164 0.039211
v 0.097656 -0.046271 0.039211
v 0.117182 0.042293 0.039211
v 0.122063 0.042293 0.039211
v 0.125499 0.046787 0.039211
v 0.129066 0.051203 0.039211
v 0.132763 0.055542 0.039211
v 0.136591 0.059804 0.039211
v 0.140550 0.063988 0.039211
v 0.144640 0.068095 0.039211
v 0.148860 0.072124 0.039211
v 0.153212 0.076075 0.039211
v 0.157694 0.079949 0.039211
v 0.162306 0.083746 0.039211
v 0.167050 0.087465 0.039211
v 0.171924 0.091107 0.039211
v 0.176914 0.094560 0.039211
v 0.182006 0.097713 0.039211
v 0.187200 0.100565 0.039211
v 0.192496 0.103117 0.039211
v 0.197893 0.105369 0.039211
v 0.203392 0.107320 0.039211
v 0.208992 0.108972 0.039211
v 0.214695 0.110323 0.039211
v 0.220499 0.111374 0.039211
v 0.226404 0.112124 0.039211
v 0.232412 0.112575 0.039211
v 0.238521 0.112725 0.039211
v 0.242884 0.112631 0.039211
v 0.247141 0.112347 0.039211
v 0.251291 0.111875 0.039211
v 0.255335 0.111214 0.039211
v 0.259272 0.110364 0.039211
v 0.263102 0.109325 0.039211
v 0.266826 0.108098 0.039211
v 0.270444 0.106681 0.039211
v 0.273955 0.105076 0.039211
v 0.277359 0.103282 0.039211
v 0.280657 0.101299 0.039211
v 0.283848 0.099127 0.039211
v 0.286856 0.096746 0.039211
v 0.289602 0.094139 0.039211
v 0.292086 0.091303 0.039211
v 0.294309 0.088240 0.039211
v 0.296270 0.084950 0.039211
v 0.297970 0.081431 0.039211
v 0.299408 0.077686 0.039211
v 0.300585 0.073712 0.039211
v 0.301500 0.069511 0.039211
v 0.302154 0.065082 0.039211
v 0.302546 0.060426 0.039211
v 0.302677 0.055542 0.039211
v 0.302648 0.053411 0.039211
v 0.302561 0.051203 0.039211
v 0.302415 0.048917 0.039211
v 0.302212 0.046554 0.039211
v 0.301951 0.044113 0.039211
v 0.301631 0.041595 0.039211
v 0.301253 0.039000 0.039211
v 0.300817 0.036326 0.039211
v 0.300324 0.033576 0.039211
v 0.299771 0.030748 0.039211
v 0.299161 0.027842 0.039211
v 0.298493 0.024859 0.039211
v 0.256652 -0.141808 0.039211
v 0.256313 -0.143295 0.039211
v 0.255993 -0.144733 0.039211
v 0.255693 -0.146123 0.039211
v 0.255412 -0.147464 0.039211
v 0.255151 -0.148757 0.039211
v 0.254909 -0.150002 0.039211
v 0.254686 -0.151198 0.039211
v 0.254482 -0.152346 0.039211
v 0.254298 -0.153445 0.039211
v 0.254134 -0.154496 0.039211
v 0.253989 -0.155498 0.039211
v 0.253862 -0.156452 0.039211
v 0.253751 -0.157367 0.039211
v 0.253649 -0.158254 0.039211
v 0.253557 -0.159111 0.039211
v 0.253475 -0.159939 0.039211
v 0.253402 -0.160738 0.039211
v 0.253339 -0.161508 0.039211
v 0.253286 -0.162249 0.039211
v 0.253243 -0.162961 0.039211
v 0.253209 -0.163644 0.039211
v 0.253184 -0.164297 0.039211
v 0.253170 -0.164922 0.039211
v 0.253165 -0.165518 0.039211
v 0.253272 -0.168302 0.039211
v 0.253591 -0.170845 0.039211
v 0.254124 -0.173145 0.039211
v 0.254870 -0.175203 0.039211
v 0.255829 -0.177019 0.039211
v 0.257000 -0.178593 0.039211
v 0.258386 -0.179925 0.039211
v 0.259984 -0.181014 0.039211
v 0.261795 -0.181862 0.039211
v 0.263819 -0.182467 0.039211
v 0.266056 -0.182830 0.039211
v 0.268507 -0.182951 0.039211
v 0.271081 -0.182811 0.039211
v 0.273689 -0.182390 0.039211
v 0.276330 -0.181688 0.039211
v 0.279006 -0.180704 0.039211
v 0.281715 -0.179441 0.039211
v 0.284459 -0.177896 0.039211
v 0.287236 -0.176070 0.039211
v 0.290047 -0.173963 0.039211
v 0.292892 -0.171576 0.039211
v 0.295771 -0.168908 0.039211
v 0.298684 -0.165958 0.039211
v 0.301631 -0.162728 0.039211
v 0.304621 -0.159159 0.039211
v 0.307665 -0.155193 0.039211
v 0.310762 -0.150830 0.039211
v 0.313912 -0.146069 0.039211
v 0.317115 -0.140912 0.039211
v 0.320372 -0.135357 0.039211
v 0.323682 -0.129406 0.039211
v 0.327045 -0.123057 0.039211
v 0.330462 -0.116311 0.039211
v 0.333932 -0.109168 0.039211
v 0.337455 -0.101628 0.039211
v 0.341031 -0.093691 0.039211
v 0.354978 -0.099967 0.039211
v 0.352741 -0.105057 0.039211
v 0.350445 -0.110098 0.039211
v 0.348092 -0.115091 0.039211
v 0.345680 -0.120035 0.039211
v 0.343210 -0.124931 0.039211
v 0.340682 -0.129779 0.039211
v 0.338096 -0.134578 0.039211
v 0.335452 -0.139328 0.039211
v 0.332750 -0.144031 0.039211
v 0.329990 -0.148684 0.039211
v 0.327171 -0.153290 0.039211
v 0.324295 -0.157847 0.039211
v 0.321355 -0.162307 0.039211
v 0.318348 -0.166622 0.039211
v 0.315273 -0.170791 0.039211
v 0.312130 -0.174816 0.039211
v 0.308919 -0.178695 0.039211
v 0.305641 -0.182428 0.039211
v 0.302294 -0.186017 0.039211
v 0.298880 -0.189460 0.039211
v 0.295398 -0.192758 0.039211
v 0.291849 -0.195911 0.039211
v 0.288231 -0.198918 0.039211
v 0.284546 -0.201780 0.039211
v 0.280783 -0.204453 0.039211
v 0.276933 -0.206894 0.039211
v 0.272996 -0.209102 0.039211
v 0.268972 -0.211078 0.039211
v 0.264860 -0.212821 0.039211
v 0.260662 -0.214332 0.039211
v 0.256376 -0.215611 0.039211
v 0.252003 -0.216657 0.039211
v 0.247543 -0.217470 0.039211
v 0.242995 -0.218051 0.039211
v 0.238361 -0.218400 0.039211
v -0.197323 -0.209451 0.039211
v -0.048090 0.104357 0.039211
v -0.125496 -0.209451 0.039211
v -0.014617 -0.209451 0.039211
v 0.045355 0.040898 0.039211
v 0.045582 0.041818 0.039211
v 0.045800 0.042719 0.039211
v 0.046009 0.043600 0.039211
v 0.046207 0.044462 0.039211
v 0.046396 0.045305 0.039211
v 0.046575 0.046128 0.039211
v 0.046745 0.046932 0.039211
v 0.046904 0.047716 0.039211
v 0.047055 0.048482 0.039211
v 0.047195 0.049227 0.039211
v 0.047326 0.049954 0.039211
v 0.047447 0.050661 0.039211
v 0.047558 0.051358 0.039211
v 0.047660 0.052055 0.039211
v 0.047752 0.052753 0.039211
v 0.047834 0.053450 0.039211
v 0.047907 0.054148 0.039211
v 0.047970 0.054845 0.039211
v 0.048023 0.055542 0.039211
v 0.048067 0.056240 0.039211
v 0.048101 0.056937 0.039211
v 0.048125 0.057634 0.039211
v 0.048139 0.058332 0.039211
v 0.048144 0.059029 0.039211
v 0.048093 0.061184 0.039211
v 0.047941 0.063232 0.039211
v 0.047687 0.065174 0.039211
v 0.047331 0.067010 0.039211
v 0.046873 0.068739 0.039211
v 0.046314 0.070361 0.039211
v 0.045653 0.071877 0.039211
v 0.044890 0.073286 0.039211
v 0.044025 0.074589 0.039211
v 0.043059 0.075785 0.039211
v 0.041991 0.076874 0.039211
v 0.040822 0.077857 0.039211
v 0.039575 0.078748 0.039211
v 0.038275 0.079562 0.039211
v 0.036921 0.080298 0.039211
v 0.035514 0.080957 0.039211
v 0.034054 0.081538 0.039211
v 0.032541 0.082041 0.039211
v 0.030974 0.082468 0.039211
v 0.029354 0.082816 0.039211
v 0.027681 0.083088 0.039211
v 0.025955 0.083281 0.039211
v 0.024175 0.083398 0.039211
v 0.022342 0.083436 0.039211
v 0.018964 0.083318 0.039211
v 0.015572 0.082962 0.039211
v 0.012165 0.082368 0.039211
v 0.008744 0.081538 0.039211
v 0.005308 0.080470 0.039211
v 0.001857 0.079165 0.039211
v -0.001607 0.077623 0.039211
v -0.005087 0.075843 0.039211
v -0.008581 0.073826 0.039211
v -0.012089 0.071572 0.039211
v -0.015613 0.069080 0.039211
v -0.019150 0.066351 0.039211
v -0.022671 0.063419 0.039211
v -0.026143 0.060317 0.039211
v -0.029567 0.057046 0.039211
v -0.032942 0.053605 0.039211
v -0.036269 0.049995 0.039211
v -0.039548 0.046215 0.039211
v -0.042778 0.042266 0.039211
v -0.045959 0.038147 0.039211
v -0.049093 0.033859 0.039211
v -0.052177 0.029401 0.039211
v -0.055214 0.024774 0.039211
v -0.058202 0.019977 0.039211
v -0.061110 0.015043 0.039211
v -0.063906 0.010001 0.039211
v -0.066592 0.004854 0.039211
v -0.069166 -0.000401 0.039211
v -0.071628 -0.005762 0.039211
v -0.073979 -0.011229 0.039211
v -0.076219 -0.016803 0.039211
v -0.078347 -0.022483 0.039211
v -0.080364 -0.028271 0.039211
v -0.082270 -0.034164 0.039211
v -0.084064 -0.040164 0.039211
v -0.085747 -0.046271 0.039211
v -0.066221 0.042293 0.039211
v -0.061340 0.042293 0.039211
v -0.057904 0.046787 0.039211
v -0.054337 0.051203 0.039211
v -0.050640 0.055542 0.039211
v -0.046812 0.059804 0.039211
v -0.042853 0.063988 0.039211
v -0.038763 0.068095 0.039211
v -0.034543 0.072124 0.039211
v -0.030191 0.076075 0.039211
v -0.025710 0.079949 0.039211
v -0.021097 0.083746 0.039211
v -0.016353 0.087465 0.039211
v -0.011479 0.091107 0.039211
v -0.006489 0.094560 0.039211
v -0.001397 0.097713 0.039211
v 0.003797 0.100565 0.039211
v 0.009093 0.103117 0.039211
v 0.014490 0.105369 0.039211
v 0.019989 0.107320 0.039211
v 0.025589 0.108972 0.039211
v 0.031292 0.110323 0.039211
v 0.037096 0.111374 0.039211
v 0.043001 0.112124 0.039211
v 0.049009 0.112575 0.039211
v 0.055118 0.112725 0.039211
v 0.061571 0.112563 0.039211
v 0.067680 0.112076 0.039211
v 0.073445 0.111265 0.039211
v 0.078866 0.110129 0.039211
v 0.083944 0.108669 0.039211
v 0.088678 0.106885 0.039211
v 0.093068 0.104776 0.039211
v 0.097114 0.102342 0.039211
v 0.100816 0.099584 0.039211
v 0.104174 0.096502 0.039211
v 0.107189 0.093095 0.039211
v 0.109860 0.089364 0.039211
v 0.112187 0.085347 0.039211
v 0.114170 0.081083 0.039211
v 0.115809 0.076572 0.039211
v 0.117104 0.071814 0.039211
v 0.118056 0.066809 0.039211
v 0.118664 0.061557 0.039211
v 0.118928 0.056058 0.039211
v 0.118848 0.050312 0.039211
v 0.118424 0.044319 0.039211
v 0.117656 0.038079 0.039211
v 0.116545 0.031593 0.039211
v 0.115090 0.024859 0.039211
v 0.057907 -0.209451 0.039211
v -0.188258 0.086923 0.039211
v -0.188258 0.104357 0.039211
v -0.056458 0.104357 0.039211
v -0.056458 0.086923 0.039211
v -0.344464 -0.218516 0.039211
v -0.348682 -0.218424 0.039211
v -0.352735 -0.218148 0.039211
v -0.356624 -0.217688 0.039211
v -0.360348 -0.217044 0.039211
v -0.363907 -0.216216 0.039211
v -0.367302 -0.215204 0.039211
v -0.370532 -0.214008 0.039211
v -0.373598 -0.212628 0.039211
v -0.376498 -0.211063 0.039211
v -0.379235 -0.209315 0.039211
v -0.381806 -0.207383 0.039211
v -0.384213 -0.205267 0.039211
v -0.386441 -0.203000 0.039211
v -0.388474 -0.200618 0.039211
v -0.390315 -0.198119 0.039211
v -0.391961 -0.195504 0.039211
v -0.393414 -0.192772 0.039211
v -0.394673 -0.189925 0.039211
v -0.395739 -0.186961 0.039211
v -0.396610 -0.183881 0.039211
v -0.397288 -0.180685 0.039211
v -0.397772 -0.177373 0.039211
v -0.398063 -0.173944 0.039211
v -0.398160 -0.170399 0.039211
v -0.398153 -0.169469 0.039211
v -0.398131 -0.168540 0.039211
v -0.398095 -0.167610 0.039211
v -0.398044 -0.166680 0.039211
v -0.397978 -0.165750 0.039211
v -0.397898 -0.164820 0.039211
v -0.397804 -0.163891 0.039211
v -0.397695 -0.162961 0.039211
v -0.397571 -0.162031 0.039211
v -0.397433 -0.161101 0.039211
v -0.397281 -0.160171 0.039211
v -0.397114 -0.159242 0.039211
v -0.396942 -0.158317 0.039211
v -0.396775 -0.157401 0.039211
v -0.396613 -0.156496 0.039211
v -0.396455 -0.155600 0.039211
v -0.396303 -0.154714 0.039211
v -0.396155 -0.153837 0.039211
v -0.396012 -0.152970 0.039211
v -0.395874 -0.152113 0.039211
v -0.395741 -0.151266 0.039211
v -0.395613 -0.150428 0.039211
v -0.395489 -0.149600 0.039211
v -0.395370 -0.148781 0.039211
v -0.260085 0.104357 0.039211
v -0.322149 -0.141808 0.039211
v -0.322488 -0.143295 0.039211
v -0.322807 -0.144733 0.039211
v -0.323108 -0.146123 0.039211
v -0.323388 -0.147464 0.039211
v -0.323650 -0.148757 0.039211
v -0.323892 -0.150002 0.039211
v -0.324115 -0.151198 0.039211
v -0.324318 -0.152346 0.039211
v -0.324502 -0.153445 0.039211
v -0.324667 -0.154496 0.039211
v -0.324812 -0.155498 0.039211
v -0.324938 -0.156452 0.039211
v -0.325049 -0.157367 0.039211
v -0.325151 -0.158254 0.039211
v -0.325243 -0.159111 0.039211
v -0.325325 -0.159939 0.039211
v -0.325398 -0.160738 0.039211
v -0.325461 -0.161508 0.039211
v -0.325514 -0.162249 0.039211
v -0.325558 -0.162961 0.039211
v -0.325592 -0.163644 0.039211
v -0.325616 -0.164297 0.039211
v -0.325630 -0.164922 0.039211
v -0.325635 -0.165518 0.039211
v -0.325529 -0.168302 0.039211
v -0.325209 -0.170845 0.039211
v -0.324677 -0.173145 0.039211
v -0.323931 -0.175203 0.039211
v -0.322972 -0.177019 0.039211
v -0.321800 -0.178593 0.039211
v -0.320415 -0.179925 0.039211
v -0.318817 -0.181014 0.039211
v -0.317006 -0.181862 0.039211
v -0.314981 -0.182467 0.039211
v -0.312744 -0.182830 0.039211
v -0.310294 -0.182951 0.039211
v -0.307485 -0.182811 0.039211
v -0.304638 -0.182390 0.039211
v -0.301751 -0.181688 0.039211
v -0.298826 -0.180704 0.039211
v -0.295863 -0.179441 0.039211
v -0.292860 -0.177896 0.039211
v -0.289819 -0.176070 0.039211
v -0.286739 -0.173963 0.039211
v -0.283620 -0.171576 0.039211
v -0.280463 -0.168908 0.039211
v -0.277267 -0.165958 0.039211
v -0.274032 -0.162728 0.039211
v -0.270748 -0.159159 0.039211
v -0.267407 -0.155193 0.039211
v -0.264007 -0.150830 0.039211
v -0.260549 -0.146069 0.039211
v -0.257034 -0.140912 0.039211
v -0.253460 -0.135357 0.039211
v -0.249828 -0.129406 0.039211
v -0.246138 -0.123057 0.039211
v -0.242389 -0.116311 0.039211
v -0.238583 -0.109168 0.039211
v -0.234718 -0.101628 0.039211
v -0.230796 -0.093691 0.039211
v -0.216849 -0.099967 0.039211
v -0.219093 -0.104834 0.039211
v -0.221411 -0.109672 0.039211
v -0.223801 -0.114480 0.039211
v -0.226263 -0.119260 0.039211
v -0.228798 -0.124011 0.039211
v -0.231406 -0.128733 0.039211
v -0.234086 -0.133425 0.039211
v -0.236840 -0.138089 0.039211
v -0.239665 -0.142723 0.039211
v -0.242564 -0.147329 0.039211
v -0.245535 -0.151905 0.039211
v -0.248578 -0.156452 0.039211
v -0.251695 -0.160917 0.039211
v -0.254883 -0.165247 0.039211
v -0.258145 -0.169440 0.039211
v -0.261479 -0.173499 0.039211
v -0.264886 -0.177421 0.039211
v -0.268366 -0.181208 0.039211
v -0.271918 -0.184859 0.039211
v -0.275542 -0.188375 0.039211
v -0.279240 -0.191756 0.039211
v -0.283010 -0.195000 0.039211
v -0.286853 -0.198109 0.039211
v -0.290768 -0.201083 0.039211
v -0.294763 -0.203867 0.039211
v -0.298846 -0.206410 0.039211
v -0.303015 -0.208710 0.039211
v -0.307272 -0.210768 0.039211
v -0.311616 -0.212584 0.039211
v -0.316047 -0.214158 0.039211
v -0.320565 -0.215490 0.039211
v -0.325171 -0.216579 0.039211
v -0.329863 -0.217427 0.039211
v -0.334643 -0.218032 0.039211
v -0.339510 -0.218395 0.039211
v -0.400252 0.086923 0.039211
v -0.400252 0.104357 0.039211
v -0.268453 0.104357 0.039211
v -0.268453 0.086923 0.039211
v -0.274032 0.207565 0.039211
v -0.277245 0.207659 0.039211
v -0.280376 0.207942 0.039211
v -0.283424 0.208414 0.039211
v -0.286390 0.209076 0.039211
v -0.289274 0.209925 0.039211
v -0.292075 0.210964 0.039211
v -0.294795 0.212192 0.039211
v -0.297432 0.213608 0.039211
v -0.299986 0.215214 0.039211
v -0.302458 0.217008 0.039211
v -0.304848 0.218991 0.039211
v -0.307156 0.221163 0.039211
v -0.309328 0.223470 0.039211
v -0.311311 0.225860 0.039211
v -0.313105 0.228333 0.039211
v -0.314710 0.230887 0.039211
v -0.316127 0.233524 0.039211
v -0.317354 0.236243 0.039211
v -0.318393 0.239045 0.039211
v -0.319243 0.241928 0.039211
v -0.319904 0.244895 0.039211
v -0.320376 0.247943 0.039211
v -0.320660 0.251074 0.039211
v -0.320754 0.254287 0.039211
v -0.320660 0.257612 0.039211
v -0.320376 0.260844 0.039211
v -0.319904 0.263985 0.039211
v -0.319243 0.267033 0.039211
v -0.318393 0.269990 0.039211
v -0.317354 0.272854 0.039211
v -0.316127 0.275626 0.039211
v -0.314710 0.278307 0.039211
v -0.313105 0.280895 0.039211
v -0.311311 0.283392 0.039211
v -0.309328 0.285796 0.039211
v -0.307156 0.288108 0.039211
v -0.304848 0.290280 0.039211
v -0.302458 0.292264 0.039211
v -0.299986 0.294058 0.039211
v -0.297432 0.295663 0.039211
v -0.294795 0.297080 0.039211
v -0.292075 0.298307 0.039211
v -0.289274 0.299346 0.039211
v -0.286390 0.300196 0.039211
v -0.283424 0.300857 0.039211
v -0.280376 0.301329 0.039211
v -0.277245 0.301612 0.039211
v -0.274032 0.301707 0.039211
v -0.270707 0.301612 0.039211
v -0.267475 0.301329 0.039211
v -0.264334 0.300857 0.039211
v -0.261286 0.300196 0.039211
v -0.258329 0.299346 0.039211
v -0.255465 0.298307 0.039211
v -0.252692 0.297080 0.039211
v -0.250012 0.295663 0.039211
v -0.247423 0.294058 0.039211
v -0.244927 0.292264 0.039211
v -0.242523 0.290280 0.039211
v -0.240210 0.288108 0.039211
v -0.238038 0.285796 0.039211
v -0.236055 0.283392 0.039211
v -0.234261 0.280895 0.039211
v -0.232655 0.278307 0.039211
v -0.231239 0.275626 0.039211
v -0.230011 0.272854 0.039211
v -0.228973 0.269989 0.039211
v -0.228123 0.267033 0.039211
v -0.227462 0.263985 0.039211
v -0.226989 0.260844 0.039211
v -0.226706 0.257612 0.039211
v -0.226612 0.254287 0.039211
v -0.226706 0.251074 0.039211
v -0.226990 0.247943 0.039211
v -0.227462 0.244895 0.039211
v -0.228123 0.241928 0.039211
v -0.228973 0.239045 0.039211
v -0.230011 0.236243 0.039211
v -0.231239 0.233524 0.039211
v -0.232655 0.230887 0.039211
v -0.234261 0.228333 0.039211
v -0.236055 0.225860 0.039211
v -0.238038 0.223470 0.039211
v -0.240210 0.221163 0.039211
v -0.242522 0.218991 0.039211
v -0.244927 0.217008 0.039211
v -0.247423 0.215214 0.039211
v -0.250012 0.213608 0.039211
v -0.252692 0.212192 0.039211
v -0.255465 0.210964 0.039211
v -0.258329 0.209925 0.039211
v -0.261286 0.209075 0.039211
v -0.264334 0.208414 0.039211
v -0.267475 0.207942 0.039211
v -0.270707 0.207659 0.039211
v -0.573892 -0.218516 0.039211
v -0.578110 -0.218424 0.039211
v -0.582163 -0.218148 0.039211
v -0.586052 -0.217688 0.039211
v -0.589776 -0.217044 0.039211
v -0.593336 -0.216216 0.039211
v -0.596730 -0.215204 0.039211
v -0.599960 -0.214008 0.039211
v -0.603026 -0.212628 0.039211
v -0.605927 -0.211063 0.039211
v -0.608663 -0.209315 0.039211
v -0.611234 -0.207383 0.039211
v -0.613641 -0.205267 0.039211
v -0.615869 -0.203000 0.039211
v -0.617903 -0.200618 0.039211
v -0.619743 -0.198119 0.039211
v -0.621389 -0.195504 0.039211
v -0.622842 -0.192772 0.039211
v -0.624101 -0.189925 0.039211
v -0.625167 -0.186961 0.039211
v -0.626038 -0.183881 0.039211
v -0.626716 -0.180685 0.039211
v -0.627201 -0.177373 0.039211
v -0.627491 -0.173944 0.039211
v -0.627588 -0.170399 0.039211
v -0.627581 -0.169469 0.039211
v -0.627559 -0.168540 0.039211
v -0.627523 -0.167610 0.039211
v -0.627472 -0.166680 0.039211
v -0.627406 -0.165750 0.039211
v -0.627327 -0.164820 0.039211
v -0.627232 -0.163891 0.039211
v -0.627123 -0.162961 0.039211
v -0.627000 -0.162031 0.039211
v -0.626862 -0.161101 0.039211
v -0.626709 -0.160171 0.039211
v -0.626542 -0.159242 0.039211
v -0.626370 -0.158317 0.039211
v -0.626203 -0.157401 0.039211
v -0.626041 -0.156496 0.039211
v -0.625883 -0.155600 0.039211
v -0.625731 -0.154714 0.039211
v -0.625583 -0.153837 0.039211
v -0.625440 -0.152970 0.039211
v -0.625302 -0.152113 0.039211
v -0.625169 -0.151266 0.039211
v -0.625041 -0.150428 0.039211
v -0.624917 -0.149600 0.039211
v -0.624799 -0.148781 0.039211
v -0.544603 0.183157 0.039211
v -0.469987 0.183157 0.039211
v -0.551577 -0.141808 0.039211
v -0.551916 -0.143295 0.039211
v -0.552236 -0.144733 0.039211
v -0.552536 -0.146123 0.039211
v -0.552817 -0.147464 0.039211
v -0.553078 -0.148757 0.039211
v -0.553320 -0.150002 0.039211
v -0.553543 -0.151198 0.039211
v -0.553746 -0.152346 0.039211
v -0.553931 -0.153445 0.039211
v -0.554095 -0.154496 0.039211
v -0.554240 -0.155498 0.039211
v -0.554366 -0.156452 0.039211
v -0.554478 -0.157367 0.039211
v -0.554579 -0.158254 0.039211
v -0.554671 -0.159111 0.039211
v -0.554754 -0.159939 0.039211
v -0.554826 -0.160738 0.039211
v -0.554889 -0.161508 0.039211
v -0.554943 -0.162249 0.039211
v -0.554986 -0.162961 0.039211
v -0.555020 -0.163644 0.039211
v -0.555044 -0.164297 0.039211
v -0.555059 -0.164922 0.039211
v -0.555064 -0.165518 0.039211
v -0.554957 -0.168302 0.039211
v -0.554638 -0.170845 0.039211
v -0.554105 -0.173145 0.039211
v -0.553359 -0.175203 0.039211
v -0.552400 -0.177019 0.039211
v -0.551228 -0.178593 0.039211
v -0.549843 -0.179925 0.039211
v -0.548245 -0.181014 0.039211
v -0.546434 -0.181862 0.039211
v -0.544410 -0.182467 0.039211
v -0.542172 -0.182830 0.039211
v -0.539722 -0.182951 0.039211
v -0.536913 -0.182811 0.039211
v -0.534066 -0.182390 0.039211
v -0.531179 -0.181688 0.039211
v -0.528254 -0.180704 0.039211
v -0.525291 -0.179441 0.039211
v -0.522288 -0.177896 0.039211
v -0.519247 -0.176070 0.039211
v -0.516167 -0.173963 0.039211
v -0.513048 -0.171576 0.039211
v -0.509891 -0.168908 0.039211
v -0.506695 -0.165958 0.039211
v -0.503460 -0.162728 0.039211
v -0.500176 -0.159159 0.039211
v -0.496835 -0.155193 0.039211
v -0.493435 -0.150830 0.039211
v -0.489978 -0.146069 0.039211
v -0.486462 -0.140912 0.039211
v -0.482888 -0.135357 0.039211
v -0.479256 -0.129406 0.039211
v -0.475566 -0.123057 0.039211
v -0.471817 -0.116311 0.039211
v -0.468011 -0.109168 0.039211
v -0.464147 -0.101628 0.039211
v -0.460224 -0.093691 0.039211
v -0.446277 -0.099967 0.039211
v -0.448522 -0.104834 0.039211
v -0.450839 -0.109672 0.039211
v -0.453229 -0.114480 0.039211
v -0.455691 -0.119260 0.039211
v -0.458226 -0.124011 0.039211
v -0.460834 -0.128733 0.039211
v -0.463515 -0.133425 0.039211
v -0.466268 -0.138089 0.039211
v -0.469093 -0.142723 0.039211
v -0.471992 -0.147329 0.039211
v -0.474963 -0.151905 0.039211
v -0.478006 -0.156452 0.039211
v -0.481123 -0.160917 0.039211
v -0.484312 -0.165247 0.039211
v -0.487573 -0.169440 0.039211
v -0.490907 -0.173499 0.039211
v -0.494314 -0.177421 0.039211
v -0.497794 -0.181208 0.039211
v -0.501346 -0.184859 0.039211
v -0.504971 -0.188375 0.039211
v -0.508668 -0.191756 0.039211
v -0.512438 -0.195000 0.039211
v -0.516281 -0.198109 0.039211
v -0.520196 -0.201083 0.039211
v -0.524191 -0.203867 0.039211
v -0.528274 -0.206410 0.039211
v -0.532443 -0.208710 0.039211
v -0.536700 -0.210768 0.039211
v -0.541044 -0.212584 0.039211
v -0.545475 -0.214158 0.039211
v -0.549993 -0.215490 0.039211
v -0.554599 -0.216579 0.039211
v -0.559291 -0.217427 0.039211
v -0.564071 -0.218032 0.039211
v -0.568938 -0.218395 0.039211
v -0.613641 0.086923 0.039211
v -0.613641 0.104357 0.039211
v -0.427449 0.104357 0.039211
v -0.427449 0.086923 0.039211
v 0.233639 -0.218516 -0.060789
v 0.229642 -0.218424 -0.060789
v 0.225784 -0.218148 -0.060789
v 0.222068 -0.217688 -0.060789
v 0.218491 -0.217044 -0.060789
v 0.215055 -0.216216 -0.060789
v 0.211760 -0.215204 -0.060789
v 0.208605 -0.214008 -0.060789
v 0.205590 -0.212628 -0.060789
v 0.202716 -0.211063 -0.060789
v 0.199982 -0.209315 -0.060789
v 0.197389 -0.207383 -0.060789
v 0.194936 -0.205267 -0.060789
v 0.192653 -0.203000 -0.060789
v 0.190568 -0.200618 -0.060789
v 0.188682 -0.198119 -0.060789
v 0.186994 -0.195504 -0.060789
v 0.185505 -0.192772 -0.060789
v 0.184215 -0.189925 -0.060789
v 0.183123 -0.186961 -0.060789
v 0.182229 -0.183881 -0.060789
v 0.181534 -0.180685 -0.060789
v 0.181038 -0.177373 -0.060789
v 0.180740 -0.173944 -0.060789
v 0.180641 -0.170399 -0.060789
v 0.180648 -0.169469 -0.060789
v 0.180670 -0.168540 -0.060789
v 0.180706 -0.167610 -0.060789
v 0.180757 -0.166680 -0.060789
v 0.180822 -0.165750 -0.060789
v 0.180902 -0.164820 -0.060789
v 0.180997 -0.163891 -0.060789
v 0.181106 -0.162961 -0.060789
v 0.181229 -0.162031 -0.060789
v 0.181367 -0.161101 -0.060789
v 0.181520 -0.160171 -0.060789
v 0.181687 -0.159242 -0.060789
v 0.181859 -0.158317 -0.060789
v 0.182026 -0.157401 -0.060789
v 0.182188 -0.156496 -0.060789
v 0.182345 -0.155600 -0.060789
v 0.182498 -0.154714 -0.060789
v 0.182646 -0.153837 -0.060789
v 0.182788 -0.152970 -0.060789
v 0.182926 -0.152113 -0.060789
v 0.183060 -0.151266 -0.060789
v 0.183188 -0.150428 -0.060789
v 0.183311 -0.149600 -0.060789
v 0.183430 -0.148781 -0.060789
v 0.228758 0.040898 -0.060789
v 0.228985 0.041818 -0.060789
v 0.229203 0.042719 -0.060789
v 0.229412 0.043600 -0.060789
v 0.229610 0.044462 -0.060789
v 0.229799 0.045305 -0.060789
v 0.229978 0.046128 -0.060789
v 0.230148 0.046932 -0.060789
v 0.230308 0.047716 -0.060789
v 0.230458 0.048482 -0.060789
v 0.230598 0.049227 -0.060789
v 0.230729 0.049954 -0.060789
v 0.230850 0.050661 -0.060789
v 0.230961 0.051358 -0.060789
v 0.231063 0.052055 -0.060789
v 0.231155 0.052753 -0.060789
v 0.231237 0.053450 -0.060789
v 0.231310 0.054148 -0.060789
v 0.231373 0.054845 -0.060789
v 0.231426 0.055542 -0.060789
v 0.231470 0.056240 -0.060789
v 0.231504 0.056937 -0.060789
v 0.231528 0.057634 -0.060789
v 0.231542 0.058332 -0.060789
v 0.231547 0.059029 -0.060789
v 0.231496 0.061184 -0.060789
v 0.231344 0.063232 -0.060789
v 0.231090 0.065174 -0.060789
v 0.230734 0.067010 -0.060789
v 0.230276 0.068739 -0.060789
v 0.229717 0.070361 -0.060789
v 0.229056 0.071877 -0.060789
v 0.228293 0.073286 -0.060789
v 0.227429 0.074589 -0.060789
v 0.226462 0.075785 -0.060789
v 0.225395 0.076874 -0.060789
v 0.224225 0.077857 -0.060789
v 0.222978 0.078748 -0.060789
v 0.221678 0.079562 -0.060789
v 0.220324 0.080298 -0.060789
v 0.218917 0.080957 -0.060789
v 0.217457 0.081538 -0.060789
v 0.215944 0.082041 -0.060789
v 0.214377 0.082468 -0.060789
v 0.212758 0.082816 -0.060789
v 0.211084 0.083088 -0.060789
v 0.209358 0.083281 -0.060789
v 0.207578 0.083398 -0.060789
v 0.205745 0.083436 -0.060789
v 0.202367 0.083318 -0.060789
v 0.198975 0.082962 -0.060789
v 0.195568 0.082368 -0.060789
v 0.192147 0.081538 -0.060789
v 0.188711 0.080470 -0.060789
v 0.185261 0.079165 -0.060789
v 0.181796 0.077623 -0.060789
v 0.178316 0.075843 -0.060789
v 0.174822 0.073826 -0.060789
v 0.171314 0.071572 -0.060789
v 0.167791 0.069080 -0.060789
v 0.164253 0.066351 -0.060789
v 0.160732 0.063419 -0.060789
v 0.157260 0.060317 -0.060789
v 0.153836 0.057046 -0.060789
v 0.150461 0.053605 -0.060789
v 0.147134 0.049995 -0.060789
v 0.143855 0.046215 -0.060789
v 0.140625 0.042266 -0.060789
v 0.137444 0.038147 -0.060789
v 0.134310 0.033859 -0.060789
v 0.131226 0.029401 -0.060789
v 0.128189 0.024774 -0.060789
v 0.125201 0.019977 -0.060789
v 0.122293 0.015043 -0.060789
v 0.119497 0.010001 -0.060789
v 0.116811 0.004854 -0.060789
v 0.114237 -0.000401 -0.060789
v 0.111775 -0.005762 -0.060789
v 0.109424 -0.011229 -0.060789
v 0.107184 -0.016803 -0.060789
v 0.105056 -0.022483 -0.060789
v 0.103039 -0.028271 -0.060789
v 0.101133 -0.034164 -0.060789
v 0.099339 -0.040164 -0.060789
v 0.097656 -0.046271 -0.060789
v 0.117182 0.042293 -0.060789
v 0.122063 0.042293 -0.060789
v 0.125499 0.046787 -0.060789
v 0.129066 0.051203 -0.060789
v 0.132763 0.055542 -0.060789
v 0.136591 0.059804 -0.060789
v 0.140550 0.063988 -0.060789
v 0.144640 0.068095 -0.060789
v 0.148860 0.072124 -0.060789
v 0.153212 0.076075 -0.060789
v 0.157694 0.079949 -0.060789
v 0.162306 0.083746 -0.060789
v 0.167050 0.087465 -0.060789
v 0.171924 0.091107 -0.060789
v 0.176914 0.094560 -0.060789
v 0.182006 0.097713 -0.060789
v 0.187200 0.100565 -0.060789
v 0.192496 0.103117 -0.060789
v 0.197893 0.105369 -0.060789
v 0.203392 0.107320 -0.060789
v 0.208992 0.108972 -0.060789
v 0.214695 0.110323 -0.060789
v 0.220499 0.111374 -0.060789
v 0.226404 0.112124 -0.060789
v 0.232412 0.112575 -0.060789
v 0.238521 0.112725 -0.060789
v 0.242884 0.112631 -0.060789
v 0.247141 0.112347 -0.060789
v 0.251291 0.111875 -0.060789
v 0.255335 0.111214 -0.060789
v 0.259272 0.110364 -0.060789
v 0.263102 0.109325 -0.060789
v 0.266826 0.108098 -0.060789
v 0.270444 0.106681 -0.060789
v 0.273955 0.105076 -0.060789
v 0.277359 0.103282 -0.060789
v 0.280657 0.101299 -0.060789
v 0.283848 0.099127 -0.060789
v 0.286856 0.096746 -0.060789
v 0.289602 0.094139 -0.060789
v 0.292086 0.091303 -0.060789
v 0.294309 0.088240 -0.060789
v 0.296270 0.084950 -0.060789
v 0.297970 0.081431 -0.060789
v 0.299408 0.077686 -0.060789
v 0.300585 0.073712 -0.060789
v 0.301500 0.069511 -0.060789
v 0.302154 0.065082 -0.060789
v 0.302546 0.060426 -0.060789
v 0.302677 0.055542 -0.060789
v 0.302648 0.053411 -0.060789
v 0.302561 0.051203 -0.060789
v 0.302415 0.048917 -0.060789
v 0.302212 0.046554 -0.060789
v 0.301951 0.044113 -0.060789
v 0.301631 0.041595 -0.060789
v 0.301253 0.039000 -0.060789
v 0.300817 0.036326 -0.060789
v 0.300324 0.033576 -0.060789
v 0.299771 0.030748 -0.060789
v 0.299161 0.027842 -0.060789
v 0.298493 0.024859 -0.060789
v 0.256652 -0.141808 -0.060789
v 0.256313 -0.143295 -0.060789
v 0.255993 -0.144733 -0.060789
v 0.255693 -0.146123 -0.060789
v 0.255412 -0.147464 -0.060789
v 0.255151 -0.148757 -0.060789
v 0.254909 -0.150002 -0.060789
v 0.254686 -0.151198 -0.060789
v 0.254482 -0.152346 -0.060789
v 0.254298 -0.153445 -0.060789
v 0.254134 -0.154496 -0.060789
v 0.253989 -0.155498 -0.060789
v 0.253862 -0.156452 -0.060789
v 0.253751 -0.157367 -0.060789
v 0.253649 -0.158254 -0.060789
v 0.253557 -0.159111 -0.060789
v 0.253475 -0.159939 -0.060789
v 0.253402 -0.160738 -0.060789
v 0.253339 -0.161508 -0.060789
v 0.253286 -0.162249 -0.060789
v 0.253243 -0.162961 -0.060789
v 0.253209 -0.163644 -0.060789
v 0.253184 -0.164297 -0.060789
v 0.253170 -0.164922 -0.060789
v 0.253165 -0.165518 -0.060789
v 0.253272 -0.168302 -0.060789
v 0.253591 -0.170845 -0.060789
v 0.254124 -0.173145 -0.060789
v 0.254870 -0.175203 -0.060789
v 0.255829 -0.177019 -0.060789
v 0.257000 -0.178593 -0.060789
v 0.258386 -0.179925 -0.060789
v 0.259984 -0.181014 -0.060789
v 0.261795 -0.181862 -0.060789
v 0.263819 -0.182467 -0.060789
v 0.266056 -0.182830 -0.060789
v 0.268507 -0.182951 -0.060789
v 0.271081 -0.182811 -0.060789
v 0.273689 -0.182390 -0.060789
v 0.276330 -0.181688 -0.060789
v 0.279006 -0.180704 -0.060789
v 0.281715 -0.179441 -0.060789
v 0.284459 -0.177896 -0.060789
v 0.287236 -0.176070 -0.060789
v 0.290047 -0.173963 -0.060789
v 0.292892 -0.171576 -0.060789
v 0.295771 -0.168908 -0.060789
v 0.298684 -0.165958 -0.060789
v 0.301631 -0.162728 -0.060789
v 0.304621 -0.159159 -0.060789
v 0.307665 -0.155193 -0.060789
v 0.310762 -0.150830 -0.060789
v 0.313912 -0.146069 -0.060789
v 0.317115 -0.140912 -0.060789
v 0.320372 -0.135357 -0.060789
v 0.323682 -0.129406 -0.060789
v 0.327045 -0.123057 -0.060789
v 0.330462 -0.116311 -0.060789
v 0.333932 -0.109168 -0.060789
v 0.337455 -0.101628 -0.060789
v 0.341031 -0.093691 -0.060789
v 0.354978 -0.099967 -0.060789
v 0.352741 -0.105057 -0.060789
v 0.350445 -0.110098 -0.060789
v 0.348092 -0.115091 -0.060789
v 0.345680 -0.120035 -0.060789
v 0.343210 -0.124931 -0.060789
v 0.340682 -0.129779 -0.060789
v 0.338096 -0.134578 -0.060789
v 0.335452 -0.139328 -0.060789
v 0.332750 -0.144031 -0.060789
v 0.329990 -0.148684 -0.060789
v 0.327171 -0.153290 -0.060789
v 0.324295 -0.157847 -0.060789
v 0.321355 -0.162307 -0.060789
v 0.318348 -0.166622 -0.060789
v 0.315273 -0.170791 -0.060789
v 0.312130 -0.174816 -0.060789
v 0.308919 -0.178695 -0.060789
v 0.305641 -0.182428 -0.060789
v 0.302294 -0.186017 -0.060789
v 0.298880 -0.189460 -0.060789
v 0.295398 -0.192758 -0.060789
v 0.291849 -0.195911 -0.060789
v 0.288231 -0.198918 -0.060789
v 0.284546 -0.201780 -0.060789
v 0.280783 -0.204453 -0.060789
v 0.276933 -0.206894 -0.060789
v 0.272996 -0.209102 -0.060789
v 0.268972 -0.211078 -0.060789
v 0.264860 -0.212821 -0.060789
v 0.260662 -0.214332 -0.060789
v 0.256376 -0.215611 -0.060789
v 0.252003 -0.216657 -0.060789
v 0.247543 -0.217470 -0.060789
v 0.242995 -0.218051 -0.060789
v 0.238361 -0.218400 -0.060789
v -0.197323 -0.209451 -0.060789
v -0.048090 0.104357 -0.060789
v -0.125496 -0.209451 -0.060789
v -0.014617 -0.209451 -0.060789
v 0.045355 0.040898 -0.060789
v 0.045582 0.041818 -0.060789
v 0.045800 0.042719 -0.060789
v 0.046009 0.043600 -0.060789
v 0.046207 0.044462 -0.060789
v 0.046396 0.045305 -0.060789
v 0.046575 0.046128 -0.060789
v 0.046745 0.046932 -0.060789
v 0.046904 0.047716 -0.060789
v 0.047055 0.048482 -0.060789
v 0.047195 0.049227 -0.060789
v 0.047326 0.049954 -0.060789
v 0.047447 0.050661 -0.060789
v 0.047558 0.051358 -0.060789
v 0.047660 0.052055 -0.060789
v 0.047752 0.052753 -0.060789
v 0.047834 0.053450 -0.060789
v 0.047907 0.054148 -0.060789
v 0.047970 0.054845 -0.060789
v 0.048023 0.055542 -0.060789
v 0.048067 0.056240 -0.060789
v 0.048101 0.056937 -0.060789
v 0.048125 0.057634 -0.060789
v 0.048139 0.058332 -0.060789
v 0.048144 0.059029 -0.060789
v 0.048093 0.061184 -0.060789
v 0.047941 0.063232 -0.060789
v 0.047687 0.065174 -0.060789
v 0.047331 0.067010 -0.060789
v 0.046873 0.068739 -0.060789
v 0.046314 0.070361 -0.060789
v 0.045653 0.071877 -0.060789
v 0.044890 0.073286 -0.060789
v 0.044025 0.074589 -0.060789
v 0.043059 0.075785 -0.060789
v 0.041991 0.076874 -0.060789
v 0.040822 0.077857 -0.060789
v 0.039575 0.078748 -0.060789
v 0.038275 0.079562 -0.060789
v 0.036921 0.080298 -0.060789
v 0.035514 0.080957 -0.060789
v 0.034054 0.081538 -0.060789
v 0.032541 0.082041 -0.060789
v 0.030974 0.082468 -0.060789
v 0.029354 0.082816 -0.060789
v 0.027681 0.083088 -0.060789
v 0.025955 0.083281 -0.060789
v 0.024175 0.083398 -0.060789
v 0.022342 0.083436 -0.060789
v 0.018964 0.083318 -0.060789
v 0.015572 0.082962 -0.060789
v 0.012165 0.082368 -0.060789
v 0.008744 0.081538 -0.060789
v 0.005308 0.080470 -0.060789
v 0.001857 0.079165 -0.060789
v -0.001607 0.077623 -0.060789
v -0.005087 0.075843 -0.060789
v -0.008581 0.073826 -0.060789
v -0.012089 0.071572 -0.060789
v -0.015613 0.069080 -0.060789
v -0.019150 0.066351 -0.060789
v -0.022671 0.063419 -0.060789
v -0.026143 0.060317 -0.060789
v -0.029567 0.057046 -0.060789
v -0.032942 0.053605 -0.060789
v -0.036269 0.049995 -0.060789
v -0.039548 0.046215 -0.060789
v -0.042778 0.042266 -0.060789
v -0.045959 0.038147 -0.060789
v -0.049093 0.033859 -0.060789
v -0.052177 0.029401 -0.060789
v -0.055214 0.024774 -0.060789
v -0.058202 0.019977 -0.060789
v -0.061110 0.015043 -0.060789
v -0.063906 0.010001 -0.060789
v -0.066592 0.004854 -0.060789
v -0.069166 -0.000401 -0.060789
v -0.071628 -0.005762 -0.060789
v -0.073979 -0.011229 -0.060789
v -0.076219 -0.016803 -0.060789
v -0.078347 -0.022483 -0.060789
v -0.080364 -0.028271 -0.060789
v -0.082270 -0.034164 -0.060789
v -0.084064 -0.040164 -0.060789
v -0.085747 -0.046271 -0.060789
v -0.066221 0.042293 -0.060789
v -0.061340 0.042293 -0.060789
v -0.057904 0.046787 -0.060789
v -0.054337 0.051203 -0.060789
v -0.050640 0.055542 -0.060789
v -0.046812 0.059804 -0.060789
v -0.042853 0.063988 -0.060789
v -0.038763 0.068095 -0.060789
v -0.034543 0.072124 -0.060789
v -0.030191 0.076075 -0.060789
v -0.025710 0.079949 -0.060789
v -0.021097 0.083746 -0.060789
v -0.016353 0.087465 -0.060789
v -0.011479 0.091107 -0.060789
v -0.006489 0.094560 -0.060789
v -0.001397 0.097713 -0.060789
v 0.003797 0.100565 -0.060789
v 0.009093 0.103117 -0.060789
v 0.014490 0.105369 -0.060789
v 0.019989 0.107320 -0.060789
v 0.025589 0.108972 -0.060789
v 0.031292 0.110323 -0.060789
v 0.037096 0.111374 -0.060789
v 0.043001 0.112124 -0.060789
v 0.049009 0.112575 -0.060789
v 0.055118 0.112725 -0.060789
v 0.061571 0.112563 -0.060789
v 0.067680 0.112076 -0.060789
v 0.073445 0.111265 -0.060789
v 0.078866 0.110129 -0.060789
v 0.083944 0.108669 -0.060789
v 0.088678 0.106885 -0.060789
v 0.093068 0.104776 -0.060789
v 0.097114 0.102342 -0.060789
v 0.100816 0.099584 -0.060789
v 0.104174 0.096502 -0.060789
v 0.107189 0.093095 -0.060789
v 0.109860 0.089364 -0.060789
v 0.112187 0.085347 -0.060789
v 0.114170 0.081083 -0.060789
v 0.115809 0.076572 -0.060789
v 0.117104 0.071814 -0.060789
v 0.118056 0.066809 -0.060789
v 0.118664 0.061557 -0.060789
v 0.118928 0.056058 -0.060789
v 0.118848 0.050312 -0.060789
v 0.118424 0.044319 -0.060789
v 0.117656 0.038079 -0.060789
v 0.116545 0.031593 -0.060789
v 0.115090 0.024859 -0.060789
v 0.057907 -0.209451 -0.060789
v -0.188258 0.086923 -0.060789
v -0.188258 0.104357 -0.060789
v -0.056458 0.104357 -0.060789
v -0.056458 0.086923 -0.060789
v -0.344464 -0.218516 -0.060789
v -0.348682 -0.218424 -0.060789
v -0.352735 -0.218148 -0.060789
v -0.356624 -0.217688 -0.060789
v -0.360348 -0.217044 -0.060789
v -0.363907 -0.216216 -0.060789
v -0.367302 -0.215204 -0.060789
v -0.370532 -0.214008 -0.060789
v -0.373598 -0.212628 -0.060789
v -0.376498 -0.211063 -0.060789
v -0.379235 -0.209315 -0.060789
v -0.381806 -0.207383 -0.060789
v -0.384213 -0.205267 -0.060789
v -0.386441 -0.203000 -0.060789
v -0.388474 -0.200618 -0.060789
v -0.390315 -0.198119 -0.060789
v -0.391961 -0.195504 -0.060789
v -0.393414 -0.192772 -0.060789
v -0.394673 -0.189925 -0.060789
v -0.395739 -0.186961 -0.060789
v -0.396610 -0.183881 -0.060789
v -0.397288 -0.180685 -0.060789
v -0.397772 -0.177373 -0.060789
v -0.398063 -0.173944 -0.060789
v -0.398160 -0.170399 -0.060789
v -0.398153 -0.169469 -0.060789
v -0.398131 -0.168540 -0.060789
v -0.398095 -0.167610 -0.060789
v -0.398044 -0.166680 -0.060789
v -0.397978 -0.165750 -0.060789
v -0.397898 -0.164820 -0.060789
v -0.397804 -0.163891 -0.060789
v -0.397695 -0.162961 -0.060789
v -0.397571 -0.162031 -0.060789
v -0.397433 -0.161101 -0.060789
v -0.397281 -0.160171 -0.060789
v -0.397114 -0.159242 -0.060789
v -0.396942 -0.158317 -0.060789
v -0.396775 -0.157401 -0.060789
v -0.396613 -0.156496 -0.060789
v -0.396455 -0.155600 -0.060789
v -0.396303 -0.154714 -0.060789
v -0.396155 -0.153837 -0.060789
v -0.396012 -0.152970 -0.060789
v -0.395874 -0.152113 -0.060789
v -0.395741 -0.151266 -0.060789
v -0.395613 -0.150428 -0.060789
v -0.395489 -0.149600 -0.060789
v -0.395370 -0.148781 -0.060789
v -0.260085 0.104357 -0.060789
v -0.322149 -0.141808 -0.060789
v -0.322488 -0.143295 -0.060789
v -0.322807 -0.144733 -0.060789
v -0.323108 -0.146123 -0.060789
v -0.323388 -0.147464 -0.060789
v -0.323650 -0.148757 -0.060789
v -0.323892 -0.150002 -0.060789
v -0.324115 -0.151198 -0.060789
v -0.324318 -0.152346 -0.060789
v -0.324502 -0.153445 -0.060789
v -0.324667 -0.154496 -0.060789
v -0.324812 -0.155498 -0.060789
v -0.324938 -0.156452 -0.060789
v -0.325049 -0.157367 -0.060789
v -0.325151 -0.158254 -0.060789
v -0.325243 -0.159111 -0.060789
v -0.325325 -0.159939 -0.060789
v -0.325398 -0.160738 -0.060789
v -0.325461 -0.161508 -0.060789
v -0.325514 -0.162249 -0.060789
v -0.325558 -0.162961 -0.060789
v -0.325592 -0.163644 -0.060789
v -0.325616 -0.164297 -0.060789
v -0.325630 -0.164922 -0.060789
v -0.325635 -0.165518 -0.060789
v -0.325529 -0.168302 -0.060789
v -0.325209 -0.170845 -0.060789
v -0.324677 -0.173145 -0.060789
v -0.323931 -0.175203 -0.060789
v -0.322972 -0.177019 -0.060789
v -0.321800 -0.178593 -0.060789
v -0.320415 -0.179925 -0.060789
v -0.318817 -0.181014 -0.060789
v -0.317006 -0.181862 -0.060789
v -0.314981 -0.182467 -0.060789
v -0.312744 -0.182830 -0.060789
v -0.310294 -0.182951 -0.060789
v -0.307485 -0.182811 -0.060789
v -0.304638 -0.182390 -0.060789
v -0.301751 -0.181688 -0.060789
v -0.298826 -0.180704 -0.060789
v -0.295863 -0.179441 -0.060789
v -0.292860 -0.177896 -0.060789
v -0.289819 -0.176070 -0.060789
v -0.286739 -0.173963 -0.060789
v -0.283620 -0.171576 -0.060789
v -0.280463 -0.168908 -0.060789
v -0.277267 -0.165958 -0.060789
v -0.274032 -0.162728 -0.060789
v -0.270748 -0.159159 -0.060789
v -0.267407 -0.155193 -0.060789
v -0.264007 -0.150830 -0.060789
v -0.260549 -0.146069 -0.060789
v -0.257034 -0.140912 -0.060789
v -0.253460 -0.135357 -0.060789
v -0.249828 -0.129406 -0.060789
v -0.246138 -0.123057 -0.060789
v -0.242389 -0.116311 -0.060789
v -0.238583 -0.109168 -0.060789
v -0.234718 -0.101628 -0.060789
v -0.230796 -0.093691 -0.060789
v -0.216849 -0.099967 -0.060789
v -0.219093 -0.104834 -0.060789
v -0.221411 -0.109672 -0.060789
v -0.223801 -0.114480 -0.060789
v -0.226263 -0.119260 -0.060789
v -0.228798 -0.124011 -0.060789
v -0.231406 -0.128733 -0.060789
v -0.234086 -0.133425 -0.060789
v -0.236840 -0.138089 -0.060789
v -0.239665 -0.142723 -0.060789
v -0.242564 -0.147329 -0.060789
v -0.245535 -0.151905 -0.060789
v -0.248578 -0.156452 -0.060789
v -0.251695 -0.160917 -0.060789
v -0.254883 -0.165247 -0.060789
v -0.258145 -0.169440 -0.060789
v -0.261479 -0.173499 -0.060789
v -0.264886 -0.177421 -0.060789
v -0.268366 -0.181208 -0.060789
v -0.271918 -0.184859 -0.060789
v -0.275542 -0.188375 -0.060789
v -0.279240 -0.191756 -0.060789
v -0.283010 -0.195000 -0.060789
v -0.286853 -0.198109 -0.060789
v -0.290768 -0.201083 -0.060789
v -0.294763 -0.203867 -0.060789
v -0.298846 -0.206410 -0.060789
v -0.303015 -0.208710 -0.060789
v -0.307272 -0.210768 -0.060789
v -0.311616 -0.212584 -0.060789
v -0.316047 -0.214158 -0.060789
v -0.320565 -0.215490 -0.060789
v -0.325171 -0.216579 -0.060789
v -0.329863 -0.217427 -0.060789
v -0.334643 -0.218032 -0.060789
v -0.339510 -0.218395 -0.060789
v -0.400252 0.086923 -0.060789
v -0.400252 0.104357 -0.060789
v -0.268453 0.104357 -0.060789
v -0.268453 0.086923 -0.060789
v -0.274032 0.207565 -0.060789
v -0.277245 0.207659 -0.060789
v -0.280376 0.207942 -0.060789
v -0.283424 0.208414 -0.060789
v -0.286390 0.209076 -0.060789
v -0.289274 0.209925 -0.060789
v -0.292075 0.210964 -0.060789
v -0.294795 0.212192 -0.060789
v -0.297432 0.213608 -0.060789
v -0.299986 0.215214 -0.060789
v -0.302458 0.217008 -0.060789
v -0.304848 0.218991 -0.060789
v -0.307156 0.221163 -0.060789
v -0.309328 0.223470 -0.060789
v -0.311311 0.225860 -0.060789
v -0.313105 0.228333 -0.060789
v -0.314710 0.230887 -0.060789
v -0.316127 0.233524 -0.060789
v -0.317354 0.236243 -0.060789
v -0.318393 0.239045 -0.060789
v -0.319243 0.241928 -0.060789
v -0.319904 0.244895 -0.060789
v -0.320376 0.247943 -0.060789
v -0.320660 0.251074 -0.060789
v -0.320754 0.254287 -0.060789
v -0.320660 0.257612 -0.060789
v -0.320376 0.260844 -0.060789
v -0.319904 0.263985 -0.060789
v -0.319243 0.267033 -0.060789
v -0.318393 0.269990 -0.060789
v -0.317354 0.272854 -0.060789
v -0.316127 0.275626 -0.060789
v -0.314710 0.278307 -0.060789
v -0.313105 0.280895 -0.060789
v -0.311311 0.283392 -0.060789
v -0.309328 0.285796 -0.060789
v -0.307156 0.288108 -0.060789
v -0.304848 0.290280 -0.060789
v -0.302458 0.292264 -0.060789
v -0.299986 0.294058 -0.060789
v -0.297432 0.295663 -0.060789
v -0.294795 0.297080 -0.060789
v -0.292075 0.298307 -0.060789
v -0.289274 0.299346 -0.060789
v -0.286390 0.300196 -0.060789
v -0.283424 0.300857 -0.060789
v -0.280376 0.301329 -0.060789
v -0.277245 0.301612 -0.060789
v -0.274032 0.301707 -0.060789
v -0.270707 0.301612 -0.060789
v -0.267475 0.301329 -0.060789
v -0.264334 0.300857 -0.060789
v -0.261286 0.300196 -0.060789
v -0.258329 0.299346 -0.060789
v -0.255465 0.298307 -0.060789
v -0.252692 0.297080 -0.060789
v -0.250012 0.295663 -0.060789
v -0.247423 0.294058 -0.060789
v -0.244927 0.292264 -0.060789
v -0.242523 0.290280 -0.060789
v -0.240210 0.288108 -0.060789
v -0.238038 0.285796 -0.060789
v -0.236055 0.283392 -0.060789
v -0.234261 0.280895 -0.060789
v -0.232655 0.278307 -0.060789
v -0.231239 0.275626 -0.060789
v -0.230011 0.272854 -0.060789
v -0.228973 0.269989 -0.060789
v -0.228123 0.267033 -0.060789
v -0.227462 0.263985 -0.060789
v -0.226989 0.260844 -0.060789
v -0.226706 0.257612 -0.060789
v -0.226612 0.254287 -0.060789
v -0.226706 0.251074 -0.060789
v -0.226990 0.247943 -0.060789
v -0.227462 0.244895 -0.060789
v -0.228123 0.241928 -0.060789
v -0.228973 0.239045 -0.060789
v -0.230011 0.236243 -0.060789
v -0.231239 0.233524 -0.060789
v -0.232655 0.230887 -0.060789
v -0.234261 0.228333 -0.060789
v -0.236055 0.225860 -0.060789
v -0.238038 0.223470 -0.060789
v -0.240210 0.221163 -0.060789
v -0.242522 0.218991 -0.060789
v -0.244927 0.217008 -0.060789
v -0.247423 0.215214 -0.060789
v -0.250012 0.213608 -0.060789
v -0.252692 0.212192 -0.060789
v -0.255465 0.210964 -0.060789
v -0.258329 0.209925 -0.060789
v -0.261286 0.209075 -0.060789
v -0.264334 0.208414 -0.060789
v -0.267475 0.207942 -0.060789
v -0.270707 0.207659 -0.060789
v -0.573892 -0.218516 -0.060789
v -0.578110 -0.218424 -0.060789
v -0.582163 -0.218148 -0.060789
v -0.586052 -0.217688 -0.060789
v -0.589776 -0.217044 -0.060789
v -0.593336 -0.216216 -0.060789
v -0.596730 -0.215204 -0.060789
v -0.599960 -0.214008 -0.060789
v -0.603026 -0.212628 -0.060789
v -0.605927 -0.211063 -0.060789
v -0.608663 -0.209315 -0.060789
v -0.611234 -0.207383 -0.060789
v -0.613641 -0.205267 -0.060789
v -0.615869 -0.203000 -0.060789
v -0.617903 -0.200618 -0.060789
v -0.619743 -0.198119 -0.060789
v -0.621389 -0.195504 -0.060789
v -0.622842 -0.192772 -0.060789
v -0.624101 -0.189925 -0.060789
v -0.625167 -0.186961 -0.060789
v -0.626038 -0.183881 -0.060789
v -0.626716 -0.180685 -0.060789
v -0.627201 -0.177373 -0.060789
v -0.627491 -0.173944 -0.060789
v -0.627588 -0.170399 -0.060789
v -0.627581 -0.169469 -0.060789
v -0.627559 -0.168540 -0.060789
v -0.627523 -0.167610 -0.060789
v -0.627472 -0.166680 -0.060789
v -0.627406 -0.165750 -0.060789
v -0.627327 -0.164820 -0.060789
v -0.627232 -0.163891 -0.060789
v -0.627123 -0.162961 -0.060789
v -0.627000 -0.162031 -0.060789
v -0.626862 -0.161101 -0.060789
v -0.626709 -0.160171 -0.060789
v -0.626542 -0.159242 -0.060789
v -0.626370 -0.158317 -0.060789
v -0.626203 -0.157401 -0.060789
v -0.626041 -0.156496 -0.060789
v -0.625883 -0.155600 -0.060789
v -0.625731 -0.154714 -0.060789
v -0.625583 -0.153837 -0.060789
v -0.625440 -0.152970 -0.060789
v -0.625302 -0.152113 -0.060789
v -0.625169 -0.151266 -0.060789
v -0.625041 -0.150428 -0.060789
v -0.624917 -0.149600 -0.060789
v -0.624799 -0.148781 -0.060789
v -0.544603 0.183157 -0.060789
v -0.469987 0.183157 -0.060789
v -0.551577 -0.141808 -0.060789
v -0.551916 -0.143295 -0.060789
v -0.552236 -0.144733 -0.060789
v -0.552536 -0.146123 -0.060789
v -0.552817 -0.147464 -0.060789
v -0.553078 -0.148757 -0.060789
v -0.553320 -0.150002 -0.060789
v -0.553543 -0.151198 -0.060789
v -0.553746 -0.152346 -0.060789
v -0.553931 -0.153445 -0.060789
v -0.554095 -0.154496 -0.060789
v -0.554240 -0.155498 -0.060789
v -0.554366 -0.156452 -0.060789
v -0.554478 -0.157367 -0.060789
v -0.554579 -0.158254 -0.060789
v -0.554671 -0.159111 -0.060789
v -0.554754 -0.159939 -0.060789
v -0.554826 -0.160738 -0.060789
v -0.554889 -0.161508 -0.060789
v -0.554943 -0.162249 -0.060789
v -0.554986 -0.162961 -0.060789
v -0.555020 -0.163644 -0.060789
v -0.555044 -0.164297 -0.060789
v -0.555059 -0.164922 -0.060789
v -0.555064 -0.165518 -0.060789
v -0.554957 -0.168302 -0.060789
v -0.554638 -0.170845 -0.060789
v -0.554105 -0.173145 -0.060789
v -0.553359 -0.175203 -0.060789
v -0.552400 -0.177019 -0.060789
v -0.551228 -0.178593 -0.060789
v -0.549843 -0.179925 -0.060789
v -0.548245 -0.181014 -0.060789
v -0.546434 -0.181862 -0.060789
v -0.544410 -0.182467 -0.060789
v -0.542172 -0.182830 -0.060789
v -0.539722 -0.182951 -0.060789
v -0.536913 -0.182811 -0.060789
v -0.534066 -0.182390 -0.060789
v -0.531179 -0.181688 -0.060789
v -0.528254 -0.180704 -0.060789
v -0.525291 -0.179441 -0.060789
v -0.522288 -0.177896 -0.060789
v -0.519247 -0.176070 -0.060789
v -0.516167 -0.173963 -0.060789
v -0.513048 -0.171576 -0.060789
v -0.509891 -0.168908 -0.060789
v -0.506695 -0.165958 -0.060789
v -0.503460 -0.162728 -0.060789
v -0.500176 -0.159159 -0.060789
v -0.496835 -0.155193 -0.060789
v -0.493435 -0.150830 -0.060789
v -0.489978 -0.146069 -0.060789
v -0.486462 -0.140912 -0.060789
v -0.482888 -0.135357 -0.060789
v -0.479256 -0.129406 -0.060789
v -0.475566 -0.123057 -0.060789
v -0.471817 -0.116311 -0.060789
v -0.468011 -0.109168 -0.060789
v -0.464147 -0.101628 -0.060789
v -0.460224 -0.093691 -0.060789
v -0.446277 -0.099967 -0.060789
v -0.448522 -0.104834 -0.060789
v -0.450839 -0.109672 -0.060789
v -0.453229 -0.114480 -0.060789
v -0.455691 -0.119260 -0.060789
v -0.458226 -0.124011 -0.060789
v -0.460834 -0.128733 -0.060789
v -0.463515 -0.133425 -0.060789
v -0.466268 -0.138089 -0.060789
v -0.469093 -0.142723 -0.060789
v -0.471992 -0.147329 -0.060789
v -0.474963 -0.151905 -0.060789
v -0.478006 -0.156452 -0.060789
v -0.481123 -0.160917 -0.060789
v -0.484312 -0.165247 -0.060789
v -0.487573 -0.169440 -0.060789
v -0.490907 -0.173499 -0.060789
v -0.494314 -0.177421 -0.060789
v -0.497794 -0.181208 -0.060789
v -0.501346 -0.184859 -0.060789
v -0.504971 -0.188375 -0.060789
v -0.508668 -0.191756 -0.060789
v -0.512438 -0.195000 -0.060789
v -0.516281 -0.198109 -0.060789
v -0.520196 -0.201083 -0.060789
v -0.524191 -0.203867 -0.060789
v -0.528274 -0.206410 -0.060789
v -0.532443 -0.208710 -0.060789
v -0.536700 -0.210768 -0.060789
v -0.541044 -0.212584 -0.060789
v -0.545475 -0.214158 -0.060789
v -0.549993 -0.215490 -0.060789
v -0.554599 -0.216579 -0.060789
v -0.559291 -0.217427 -0.060789
v -0.564071 -0.218032 -0.060789
v -0.568938 -0.218395 -0.060789
v -0.613641 0.086923 -0.060789
v -0.613641 0.104357 -0.060789
v -0.427449 0.104357 -0.060789
v -0.427449 0.086923 -0.060789
v 0.507769 -0.209438 0.089211
v 0.500636 -0.209298 0.089211
v 0.493648 -0.208877 0.089211
v 0.486805 -0.208174 0.089211
v 0.480107 -0.207191 0.089211
v 0.473555 -0.205927 0.089211
v 0.467148 -0.204383 0.089211
v 0.460887 -0.202557 0.089211
v 0.454770 -0.200450 0.089211
v 0.448799 -0.198063 0.089211
v 0.442974 -0.195395 0.089211
v 0.437293 -0.192445 0.089211
v 0.431758 -0.189215 0.089211
v 0.426399 -0.185760 0.089211
v 0.421249 -0.182135 0.089211
v 0.416307 -0.178341 0.089211
v 0.411573 -0.174377 0.089211
v 0.407048 -0.170244 0.089211
v 0.402731 -0.165941 0.089211
v 0.398622 -0.161469 0.089211
v 0.394721 -0.156827 0.089211
v 0.391028 -0.152016 0.089211
v 0.387544 -0.147035 0.089211
v 0.384268 -0.141885 0.089211
v 0.381200 -0.136565 0.089211
v 0.378360 -0.131134 0.089211
v 0.375766 -0.125650 0.089211
v 0.373420 -0.120112 0.089211
v 0.371321 -0.114521 0.089211
v 0.369468 -0.108877 0.089211
v 0.367863 -0.103180 0.089211
v 0.366505 -0.097429 0.089211
v 0.365393 -0.091625 0.089211
v 0.364529 -0.085768 0.089211
v 0.363911 -0.079857 0.089211
v 0.363541 -0.073893 0.089211
v 0.363418 -0.067876 0.089211
v 0.363531 -0.061961 0.089211
v 0.363873 -0.056070 0.089211
v 0.364442 -0.050203 0.089211
v 0.365238 -0.044360 0.089211
v 0.366263 -0.038542 0.089211
v 0.367514 -0.032747 0.089211
v 0.368994 -0.026977 0.089211
v 0.370701 -0.021231 0.089211
v 0.372636 -0.015510 0.089211
v 0.374798 -0.009812 0.089211
v 0.377188 -0.004139 0.089211
v 0.379805 0.001510 0.089211
v 0.382614 0.007101 0.089211
v 0.385578 0.012600 0.089211
v 0.388696 0.018007 0.089211
v 0.391970 0.023322 0.089211
v 0.395399 0.028544 0.089211
v 0.398982 0.033675 0.089211
v 0.402721 0.038714 0.089211
v 0.406615 0.043661 0.089211
v 0.410663 0.048516 0.089211
v 0.414866 0.053279 0.089211
v 0.419225 0.057949 0.089211
v 0.423738 0.062528 0.089211
v 0.428380 0.066983 0.089211
v 0.433124 0.071284 0.089211
v 0.437969 0.075429 0.089211
v 0.442915 0.079419 0.089211
v 0.447964 0.083255 0.089211
v 0.453114 0.086935 0.089211
v 0.458366 0.090461 0.089211
v 0.463720 0.093831 0.089211
v 0.469175 0.097047 0.089211
v 0.474732 0.100108 0.089211
v 0.480391 0.103013 0.089211
v 0.486151 0.105764 0.089211
v 0.491972 0.108326 0.089211
v 0.497812 0.110665 0.089211
v 0.503672 0.112781 0.089211
v 0.509551 0.114674 0.089211
v 0.515449 0.116345 0.089211
v 0.521367 0.117793 0.089211
v 0.527304 0.119018 0.089211
v 0.533261 0.120021 0.089211
v 0.539237 0.120800 0.089211
v 0.545232 0.121357 0.089211
v 0.551247 0.121691 0.089211
v 0.557281 0.121803 0.089211
v 0.562114 0.121730 0.089211
v 0.566850 0.121512 0.089211
v 0.571489 0.121149 0.089211
v 0.576032 0.120641 0.089211
v 0.580477 0.119987 0.089211
v 0.584826 0.119188 0.089211
v 0.589078 0.118243 0.089211
v 0.593233 0.117154 0.089211
v 0.597291 0.115919 0.089211
v 0.601253 0.114539 0.089211
v 0.605117 0.113013 0.089211
v 0.608885 0.111343 0.089211
v 0.612539 0.109544 0.089211
v 0.616062 0.107633 0.089211
v 0.619454 0.105611 0.089211
v 0.622715 0.103478 0.089211
v 0.625846 0.101233 0.089211
v 0.628846 0.098877 0.089211
v 0.631716 0.096410 0.089211
v 0.634454 0.093831 0.089211
v 0.637062 0.091141 0.089211
v 0.639539 0.088340 0.089211
v 0.641885 0.085427 0.089211
v 0.644101 0.082403 0.089211
v 0.646161 0.079281 0.089211
v 0.648043 0.076078 0.089211
v 0.649745 0.072792 0.089211
v 0.651268 0.069424 0.089211
v 0.652612 0.065974 0.089211
v 0.653777 0.062441 0.089211
v 0.654762 0.058826 0.089211
v 0.655568 0.055128 0.089211
v 0.656196 0.051349 0.089211
v 0.656643 0.047487 0.089211
v 0.656912 0.043542 0.089211
v 0.657002 0.039516 0.089211
v 0.656871 0.034683 0.089211
v 0.656479 0.029946 0.089211
v 0.655825 0.025307 0.089211
v 0.654910 0.020765 0.089211
v 0.653733 0.016319 0.089211
v 0.652295 0.011970 0.089211
v 0.650595 0.007718 0.089211
v 0.648634 0.003563 0.089211
v 0.646411 -0.000495 0.089211
v 0.643927 -0.004456 0.089211
v 0.641181 -0.008321 0.089211
v 0.638173 -0.012088 0.089211
v 0.634938 -0.015737 0.089211
v 0.631510 -0.019246 0.089211
v 0.627887 -0.022614 0.089211
v 0.624071 -0.025842 0.089211
v 0.620062 -0.028929 0.089211
v 0.615858 -0.031876 0.089211
v 0.611461 -0.034682 0.089211
v 0.606870 -0.037348 0.089211
v 0.602086 -0.039873 0.089211
v 0.597107 -0.042258 0.089211
v 0.591935 -0.044503 0.089211
v 0.586569 -0.046607 0.089211
v 0.581039 -0.048556 0.089211
v 0.575373 -0.050336 0.089211
v 0.569572 -0.051946 0.089211
v 0.563634 -0.053387 0.089211
v 0.557562 -0.054658 0.089211
v 0.551353 -0.055760 0.089211
v 0.545009 -0.056692 0.089211
v 0.538530 -0.057455 0.089211
v 0.531915 -0.058048 0.089211
v 0.525164 -0.058472 0.089211
v 0.518278 -0.058726 0.089211
v 0.511256 -0.058811 0.089211
v 0.508573 -0.058801 0.089211
v 0.505871 -0.058772 0.089211
v 0.503149 -0.058724 0.089211
v 0.500408 -0.058656 0.089211
v 0.497648 -0.058569 0.089211
v 0.494868 -0.058462 0.089211
v 0.492069 -0.058336 0.089211
v 0.489250 -0.058191 0.089211
v 0.486412 -0.058026 0.089211
v 0.483555 -0.057842 0.089211
v 0.480679 -0.057639 0.089211
v 0.477783 -0.057416 0.089211
v 0.474904 -0.057179 0.089211
v 0.472078 -0.056932 0.089211
v 0.469306 -0.056675 0.089211
v 0.466587 -0.056409 0.089211
v 0.463921 -0.056133 0.089211
v 0.461308 -0.055847 0.089211
v 0.458749 -0.055552 0.089211
v 0.456243 -0.055247 0.089211
v 0.453790 -0.054932 0.089211
v 0.451390 -0.054607 0.089211
v 0.449044 -0.054273 0.089211
v 0.446751 -0.053929 0.089211
v 0.444545 -0.053590 0.089211
v 0.442460 -0.053271 0.089211
v 0.440496 -0.052971 0.089211
v 0.438654 -0.052690 0.089211
v 0.436932 -0.052428 0.089211
v 0.435332 -0.052186 0.089211
v 0.433852 -0.051963 0.089211
v 0.432494 -0.051760 0.089211
v 0.431257 -0.051576 0.089211
v 0.430140 -0.051411 0.089211
v 0.429145 -0.051266 0.089211
v 0.428271 -0.051140 0.089211
v 0.431758 -0.033706 0.089211
v 0.433738 -0.034493 0.089211
v 0.435729 -0.035227 0.089211
v 0.437729 -0.035907 0.089211
v 0.439738 -0.036534 0.089211
v 0.441758 -0.037108 0.089211
v 0.443787 -0.037629 0.089211
v 0.445826 -0.038096 0.089211
v 0.447874 -0.038510 0.089211
v 0.449932 -0.038871 0.089211
v 0.452000 -0.039178 0.089211
v 0.454078 -0.039433 0.089211
v 0.456165 -0.039634 0.089211
v 0.458267 -0.039801 0.089211
v 0.460388 -0.039953 0.089211
v 0.462528 -0.040091 0.089211
v 0.464688 -0.040215 0.089211
v 0.466867 -0.040324 0.089211
v 0.469066 -0.040418 0.089211
v 0.471284 -0.040498 0.089211
v 0.473521 -0.040563 0.089211
v 0.475778 -0.040614 0.089211
v 0.478054 -0.040651 0.089211
v 0.480349 -0.040672 0.089211
v 0.482664 -0.040680 0.089211
v 0.489519 -0.040593 0.089211
v 0.496137 -0.040331 0.089211
v 0.502517 -0.039895 0.089211
v 0.508660 -0.039285 0.089211
v 0.514566 -0.038500 0.089211
v 0.520234 -0.037542 0.089211
v 0.525665 -0.036408 0.089211
v 0.530859 -0.035101 0.089211
v 0.535815 -0.033619 0.089211
v 0.540535 -0.031963 0.089211
v 0.545017 -0.030132 0.089211
v 0.549261 -0.028127 0.089211
v 0.553290 -0.025982 0.089211
v 0.557126 -0.023730 0.089211
v 0.560768 -0.021372 0.089211
v 0.564216 -0.018907 0.089211
v 0.567470 -0.016335 0.089211
v 0.570530 -0.013657 0.089211
v 0.573397 -0.010873 0.089211
v 0.576070 -0.007982 0.089211
v 0.578550 -0.004984 0.089211
v 0.580836 -0.001880 0.089211
v 0.582928 0.001331 0.089211
v 0.584826 0.004648 0.089211
v 0.586553 0.008043 0.089211
v 0.588129 0.011486 0.089211
v 0.589555 0.014978 0.089211
v 0.590831 0.018518 0.089211
v 0.591957 0.022106 0.089211
v 0.592933 0.025743 0.089211
v 0.593759 0.029428 0.089211
v 0.594434 0.033162 0.089211
v 0.594959 0.036944 0.089211
v 0.595335 0.040775 0.089211
v 0.595560 0.044654 0.089211
v 0.595635 0.048581 0.089211
v 0.595553 0.053121 0.089211
v 0.595306 0.057443 0.089211
v 0.594894 0.061547 0.089211
v 0.594318 0.065434 0.089211
v 0.593577 0.069102 0.089211
v 0.592671 0.072552 0.089211
v 0.591601 0.075785 0.089211
v 0.590366 0.078800 0.089211
v 0.588967 0.081596 0.089211
v 0.587402 0.084175 0.089211
v 0.585674 0.086536 0.089211
v 0.583780 0.088679 0.089211
v 0.581751 0.090628 0.089211
v 0.579615 0.092408 0.089211
v 0.577373 0.094018 0.089211
v 0.575025 0.095458 0.089211
v 0.572569 0.096730 0.089211
v 0.570008 0.097831 0.089211
v 0.567339 0.098764 0.089211
v 0.564564 0.099526 0.089211
v 0.561683 0.100120 0.089211
v 0.558695 0.100543 0.089211
v 0.555600 0.100798 0.089211
v 0.552399 0.100882 0.089211
v 0.548140 0.100749 0.089211
v 0.543963 0.100350 0.089211
v 0.539869 0.099684 0.089211
v 0.535857 0.098752 0.089211
v 0.531927 0.097553 0.089211
v 0.528079 0.096088 0.089211
v 0.524314 0.094357 0.089211
v 0.520631 0.092359 0.089211
v 0.517031 0.090095 0.089211
v 0.513512 0.087565 0.089211
v 0.510076 0.084768 0.089211
v 0.506723 0.081705 0.089211
v 0.503457 0.078432 0.089211
v 0.500282 0.075003 0.089211
v 0.497200 0.071419 0.089211
v 0.494209 0.067681 0.089211
v 0.491311 0.063787 0.089211
v 0.488505 0.059739 0.089211
v 0.485790 0.055535 0.089211
v 0.483168 0.051177 0.089211
v 0.480638 0.046663 0.089211
v 0.478199 0.041995 0.089211
v 0.475853 0.037172 0.089211
v 0.473599 0.032193 0.089211
v 0.471436 0.027111 0.089211
v 0.469366 0.021975 0.089211
v 0.467388 0.016786 0.089211
v 0.465502 0.011544 0.089211
v 0.463708 0.006249 0.089211
v 0.462005 0.000900 0.089211
v 0.460395 -0.004502 0.089211
v 0.458877 -0.009958 0.089211
v 0.457451 -0.015466 0.089211
v 0.456117 -0.021028 0.089211
v 0.454874 -0.026643 0.089211
v 0.453724 -0.032312 0.089211
v 0.452666 -0.037982 0.089211
v 0.451700 -0.043605 0.089211
v 0.450826 -0.049179 0.089211
v 0.450044 -0.054704 0.089211
v 0.449354 -0.060181 0.089211
v 0.448756 -0.065610 0.089211
v 0.448250 -0.070990 0.089211
v 0.447836 -0.076322 0.089211
v 0.447514 -0.081605 0.089211
v 0.447284 -0.086840 0.089211
v 0.447146 -0.092027 0.089211
v 0.447100 -0.097165 0.089211
v 0.447211 -0.104783 0.089211
v 0.447545 -0.112061 0.089211
v 0.448102 -0.119001 0.089211
v 0.448882 -0.125601 0.089211
v 0.449884 -0.131863 0.089211
v 0.451109 -0.137786 0.089211
v 0.452557 -0.143369 0.089211
v 0.454228 -0.148614 0.089211
v 0.456122 -0.153520 0.089211
v 0.458238 -0.158086 0.089211
v 0.460577 -0.162314 0.089211
v 0.463139 -0.166203 0.089211
v 0.465947 -0.169767 0.089211
v 0.469027 -0.173021 0.089211
v 0.472378 -0.175966 0.089211
v 0.476001 -0.178600 0.089211
v 0.479894 -0.180925 0.089211
v 0.484059 -0.182939 0.089211
v 0.488495 -0.184644 0.089211
v 0.493202 -0.186038 0.089211
v 0.498180 -0.187123 0.089211
v 0.503430 -0.187898 0.089211
v 0.508951 -0.188363 0.089211
v 0.514742 -0.188518 0.089211
v 0.519532 -0.188397 0.089211
v 0.524370 -0.188034 0.089211
v 0.529256 -0.187428 0.089211
v 0.534191 -0.186581 0.089211
v 0.539174 -0.185491 0.089211
v 0.544205 -0.184160 0.089211
v 0.549285 -0.182586 0.089211
v 0.554414 -0.180770 0.089211
v 0.559591 -0.178711 0.089211
v 0.564816 -0.176411 0.089211
v 0.570090 -0.173869 0.089211
v 0.575412 -0.171084 0.089211
v 0.580729 -0.167980 0.089211
v 0.585988 -0.164479 0.089211
v 0.591189 -0.160580 0.089211
v 0.596332 -0.156285 0.089211
v 0.601417 -0.151592 0.089211
v 0.606444 -0.146503 0.089211
v 0.611413 -0.141016 0.089211
v 0.616323 -0.135132 0.089211
v 0.621175 -0.128851 0.089211
v 0.625970 -0.122173 0.089211
v 0.630706 -0.115098 0.089211
v 0.635384 -0.107625 0.089211
v 0.649331 -0.117388 0.089211
v 0.645525 -0.124028 0.089211
v 0.641544 -0.130464 0.089211
v 0.637389 -0.136696 0.089211
v 0.633059 -0.142725 0.089211
v 0.628556 -0.148551 0.089211
v 0.623878 -0.154173 0.089211
v 0.619025 -0.159592 0.089211
v 0.613998 -0.164808 0.089211
v 0.608797 -0.169820 0.089211
v 0.603422 -0.174629 0.089211
v 0.597872 -0.179234 0.089211
v 0.592148 -0.183636 0.089211
v 0.586235 -0.187758 0.089211
v 0.580119 -0.191520 0.089211
v 0.573799 -0.194925 0.089211
v 0.567276 -0.197971 0.089211
v 0.560550 -0.200659 0.089211
v 0.553620 -0.202988 0.089211
v 0.546486 -0.204959 0.089211
v 0.539150 -0.206572 0.089211
v 0.531609 -0.207826 0.089211
v 0.523866 -0.208722 0.089211
v 0.515919 -0.209259 0.089211
v 0.507769 -0.209438 -0.010789
v 0.500636 -0.209298 -0.010789
v 0.493648 -0.208877 -0.010789
v 0.486805 -0.208174 -0.010789
v 0.480107 -0.207191 -0.010789
v 0.473555 -0.205927 -0.010789
v 0.467148 -0.204383 -0.010789
v 0.460887 -0.202557 -0.010789
v 0.454770 -0.200450 -0.010789
v 0.448799 -0.198063 -0.010789
v 0.442974 -0.195395 -0.010789
v 0.437293 -0.192445 -0.010789
v 0.431758 -0.189215 -0.010789
v 0.426399 -0.185760 -0.010789
v 0.421249 -0.182135 -0.010789
v 0.416307 -0.178341 -0.010789
v 0.411573 -0.174377 -0.010789
v 0.407048 -0.170244 -0.010789
v 0.402731 -0.165941 -0.010789
v 0.398622 -0.161469 -0.010789
v 0.394721 -0.156827 -0.010789
v 0.391028 -0.152016 -0.010789
v 0.387544 -0.147035 -0.010789
v 0.384268 -0.141885 -0.010789
v 0.381200 -0.136565 -0.010789
v 0.378360 -0.131134 -0.010789
v 0.375766 -0.125650 -0.010789
v 0.373420 -0.120112 -0.010789
v 0.371321 -0.114521 -0.010789
v 0.369468 -0.108877 -0.010789
v 0.367863 -0.103180 -0.010789
v 0.366505 -0.097429 -0.010789
v 0.365393 -0.091625 -0.010789
v 0.364529 -0.085768 -0.010789
v 0.363911 -0.079857 -0.010789
v 0.363541 -0.073893 -0.010789
v 0.363418 -0.067876 -0.010789
v 0.363531 -0.061961 -0.010789
v 0.363873 -0.056070 -0.010789
v 0.364442 -0.050203 -0.010789
v 0.365238 -0.044360 -0.010789
v 0.366263 -0.038542 -0.010789
v 0.367514 -0.032747 -0.010789
v 0.368994 -0.026977 -0.010789
v 0.370701 -0.021231 -0.010789
v 0.372636 -0.015510 -0.010789
v 0.374798 -0.009812 -0.010789
v 0.377188 -0.004139 -0.010789
v 0.379805 0.001510 -0.010789
v 0.382614 0.007101 -0.010789
v 0.385578 0.012600 -0.010789
v 0.388696 0.018007 -0.010789
v 0.391970 0.023322 -0.010789
v 0.395399 0.028544 -0.010789
v 0.398982 0.033675 -0.010789
v 0.402721 0.038714 -0.010789
v 0.406615 0.043661 -0.010789
v 0.410663 0.048516 -0.010789
v 0.414866 0.053279 -0.010789
v 0.419225 0.057949 -0.010789
v 0.423738 0.062528 -0.010789
v 0.428380 0.066983 -0.010789
v 0.433124 0.071284 -0.010789
v 0.437969 0.075429 -0.010789
v 0.442915 0.079419 -0.010789
v 0.447964 0.083255 -0.010789
v 0.453114 0.086935 -0.010789
v 0.458366 0.090461 -0.010789
v 0.463720 0.093831 -0.010789
v 0.469175 0.097047 -0.010789
v 0.474732 0.100108 -0.010789
v 0.480391 0.103013 -0.010789
v 0.486151 0.105764 -0.010789
v 0.491972 0.108326 -0.010789
v 0.497812 0.110665 -0.010789
v 0.503672 0.112781 -0.010789
v 0.509551 0.114674 -0.010789
v 0.515449 0.116345 -0.010789
v 0.521367 0.117793 -0.010789
v 0.527304 0.119018 -0.010789
v 0.533261 0.120021 -0.010789
v 0.539237 0.120800 -0.010789
v 0.545232 0.121357 -0.010789
v 0.551247 0.121691 -0.010789
v 0.557281 0.121803 -0.010789
v 0.562114 0.121730 -0.010789
v 0.566850 0.121512 -0.010789
v 0.571489 0.121149 -0.010789
v 0.576032 0.120641 -0.010789
v 0.580477 0.119987 -0.010789
v 0.584826 0.119188 -0.010789
v 0.589078 0.118243 -0.010789
v 0.593233 0.117154 -0.010789
v 0.597291 0.115919 -0.010789
v 0.601253 0.114539 -0.010789
v 0.605117 0.113013 -0.010789
v 0.608885 0.111343 -0.010789
v 0.612539 0.109544 -0.010789
v 0.616062 0.107633 -0.010789
v 0.619454 0.105611 -0.010789
v 0.622715 0.103478 -0.010789
v 0.625846 0.101233 -0.010789
v 0.628846 0.098877 -0.010789
v 0.631716 0.096410 -0.010789
v 0.634454 0.093831 -0.010789
v 0.637062 0.091141 -0.010789
v 0.639539 0.088340 -0.010789
v 0.641885 0.085427 -0.010789
v 0.644101 0.082403 -0.010789
v 0.646161 0.079281 -0.010789
v 0.648043 0.076078 -0.010789
v 0.649745 0.072792 -0.010789
v 0.651268 0.069424 -0.010789
v 0.652612 0.065974 -0.010789
v 0.653777 0.062441 -0.010789
v 0.654762 0.058826 -0.010789
v 0.655568 0.055128 -0.010789
v 0.656196 0.051349 -0.010789
v 0.656643 0.047487 -0.010789
v 0.656912 0.043542 -0.010789
v 0.657002 0.039516 -0.010789
v 0.656871 0.034683 -0.010789
v 0.656479 0.029946 -0.010789
v 0.655825 0.025307 -0.010789
v 0.654910 0.020765 -0.010789
v 0.653733 0.016319 -0.010789
v 0.652295 0.011970 -0.010789
v 0.650595 0.007718 -0.010789
v 0.648634 0.003563 -0.010789
v 0.646411 -0.000495 -0.010789
v 0.643927 -0.004456 -0.010789
v 0.641181 -0.008321 -0.010789
v 0.638173 -0.012088 -0.010789
v 0.634938 -0.015737 -0.010789
v 0.631510 -0.019246 -0.010789
v 0.627887 -0.022614 -0.010789
v 0.624071 -0.025842 -0.010789
v 0.620062 -0.028929 -0.010789
v 0.615858 -0.031876 -0.010789
v 0.611461 -0.034682 -0.010789
v 0.606870 -0.037348 -0.010789
v 0.602086 -0.039873 -0.010789
v 0.597107 -0.042258 -0.010789
v 0.591935 -0.044503 -0.010789
v 0.586569 -0.046607 -0.010789
v 0.581039 -0.048556 -0.010789
v 0.575373 -0.050336 -0.010789
v 0.569572 -0.051946 -0.010789
v 0.563634 -0.053387 -0.010789
v 0.557562 -0.054658 -0.010789
v 0.551353 -0.055760 -0.010789
v 0.545009 -0.056692 -0.010789
v 0.538530 -0.057455 -0.010789
v 0.531915 -0.058048 -0.010789
v 0.525164 -0.058472 -0.010789
v 0.518278 -0.058726 -0.010789
v 0.511256 -0.058811 -0.010789
v 0.508573 -0.058801 -0.010789
v 0.505871 -0.058772 -0.010789
v 0.503149 -0.058724 -0.010789
v 0.500408 -0.058656 -0.010789
v 0.497648 -0.058569 -0.010789
v 0.494868 -0.058462 -0.010789
v 0.492069 -0.058336 -0.010789
v 0.489250 -0.058191 -0.010789
v 0.486412 -0.058026 -0.010789
v 0.483555 -0.057842 -0.010789
v 0.480679 -0.057639 -0.010789
v 0.477783 -0.057416 -0.010789
v 0.474904 -0.057179 -0.010789
v 0.472078 -0.056932 -0.010789
v 0.469306 -0.056675 -0.010789
v 0.466587 -0.056409 -0.010789
v 0.463921 -0.056133 -0.010789
v 0.461308 -0.055847 -0.010789
v 0.458749 -0.055552 -0.010789
v 0.456243 -0.055247 -0.010789
v 0.453790 -0.054932 -0.010789
v 0.451390 -0.054607 -0.010789
v 0.449044 -0.054273 -0.010789
v 0.446751 -0.053929 -0.010789
v 0.444545 -0.053590 -0.010789
v 0.442460 -0.053271 -0.010789
v 0.440496 -0.052971 -0.010789
v 0.438654 -0.052690 -0.010789
v 0.436932 -0.052428 -0.010789
v 0.435332 -0.052186 -0.010789
v 0.433852 -0.051963 -0.010789
v 0.432494 -0.051760 -0.010789
v 0.431257 -0.051576 -0.010789
v 0.430140 -0.051411 -0.010789
v 0.429145 -0.051266 -0.010789
v 0.428271 -0.051140 -0.010789
v 0.431758 -0.033706 -0.010789
v 0.433738 -0.034493 -0.010789
v 0.435729 -0.035227 -0.010789
v 0.437729 -0.035907 -0.010789
v 0.439738 -0.036534 -0.010789
v 0.441758 -0.037108 -0.010789
v 0.443787 -0.037629 -0.010789
v 0.445826 -0.038096 -0.010789
v 0.447874 -0.038510 -0.010789
v 0.449932 -0.038871 -0.010789
v 0.452000 -0.039178 -0.010789
v 0.454078 -0.039433 -0.010789
v 0.456165 -0.039634 -0.010789
v 0.458267 -0.039801 -0.010789
v 0.460388 -0.039953 -0.010789
v 0.462528 -0.040091 -0.010789
v 0.464688 -0.040215 -0.010789
v 0.466867 -0.040324 -0.010789
v 0.469066 -0.040418 -0.010789
v 0.471284 -0.040498 -0.010789
v 0.473521 -0.040563 -0.010789
v 0.475778 -0.040614 -0.010789
v 0.478054 -0.040651 -0.010789
v 0.480349 -0.040672 -0.010789
v 0.482664 -0.040680 -0.010789
v 0.489519 -0.040593 -0.010789
v 0.496137 -0.040331 -0.010789
v 0.502517 -0.039895 -0.010789
v 0.508660 -0.039285 -0.010789
v 0.514566 -0.038500 -0.010789
v 0.520234 -0.037542 -0.010789
v 0.525665 -0.036408 -0.010789
v 0.530859 -0.035101 -0.010789
v 0.535815 -0.033619 -0.010789
v 0.540535 -0.031963 -0.010789
v 0.545017 -0.030132 -0.010789
v 0.549261 -0.028127 -0.010789
v 0.553290 -0.025982 -0.010789
v 0.557126 -0.023730 -0.010789
v 0.560768 -0.021372 -0.010789
v 0.564216 -0.018907 -0.010789
v 0.567470 -0.016335 -0.010789
v 0.570530 -0.013657 -0.010789
v 0.573397 -0.010873 -0.010789
v 0.576070 -0.007982 -0.010789
v 0.578550 -0.004984 -0.010789
v 0.580836 -0.001880 -0.010789
v 0.582928 0.001331 -0.010789
v 0.584826 0.004648 -0.010789
v 0.586553 0.008043 -0.010789
v 0.588129 0.011486 -0.010789
v 0.589555 0.014978 -0.010789
v 0.590831 0.018518 -0.010789
v 0.591957 0.022106 -0.010789
v 0.592933 0.025743 -0.010789
v 0.593759 0.029428 -0.010789
v 0.594434 0.033162 -0.010789
v 0.594959 0.036944 -0.010789
v 0.595335 0.040775 -0.010789
v 0.595560 0.044654 -0.010789
v 0.595635 0.048581 -0.010789
v 0.595553 0.053121 -0.010789
v 0.595306 0.057443 -0.010789
v 0.594894 0.061547 -0.010789
v 0.594318 0.065434 -0.010789
v 0.593577 0.069102 -0.010789
v 0.592671 0.072552 -0.010789
v 0.591601 0.075785 -0.010789
v 0.590366 0.078800 -0.010789
v 0.588967 0.081596 -0.010789
v 0.587402 0.084175 -0.010789
v 0.585674 0.086536 -0.010789
v 0.583780 0.088679 -0.010789
v 0.581751 0.090628 -0.010789
v 0.579615 0.092408 -0.010789
v 0.577373 0.094018 -0.010789
v 0.575025 0.095459 -0.010789
v 0.572569 0.096730 -0.010789
v 0.570008 0.097831 -0.010789
v 0.567339 0.098764 -0.010789
v 0.564564 0.099526 -0.010789
v 0.561683 0.100120 -0.010789
v 0.558695 0.100543 -0.010789
v 0.555600 0.100798 -0.010789
v 0.552399 0.100882 -0.010789
v 0.548140 0.100749 -0.010789
v 0.543963 0.100350 -0.010789
v 0.539869 0.099684 -0.010789
v 0.535857 0.098752 -0.010789
v 0.531927 0.097553 -0.010789
v 0.528079 0.096088 -0.010789
v 0.524314 0.094357 -0.010789
v 0.520631 0.092359 -0.010789
v 0.517031 0.090095 -0.010789
v 0.513512 0.087565 -0.010789
v 0.510076 0.084768 -0.010789
v 0.506723 0.081705 -0.010789
v 0.503457 0.078432 -0.010789
v 0.500282 0.075003 -0.010789
v 0.497200 0.071419 -0.010789
v 0.494209 0.067681 -0.010789
v 0.491311 0.063787 -0.010789
v 0.488505 0.059739 -0.010789
v 0.485790 0.055535 -0.010789
v 0.483168 0.051177 -0.010789
v 0.480638 0.046663 -0.010789
v 0.478199 0.041995 -0.010789
v 0.475853 0.037172 -0.010789
v 0.473599 0.032193 -0.010789
v 0.471436 0.027111 -0.010789
v 0.469366 0.021975 -0.010789
v 0.467388 0.016786 -0.010789
v 0.465502 0.011544 -0.010789
v 0.463708 0.006249 -0.010789
v 0.462005 0.000900 -0.010789
v 0.460395 -0.004502 -0.010789
v 0.458877 -0.009958 -0.010789
v 0.457451 -0.015466 -0.010789
v 0.456117 -0.021028 -0.010789
v 0.454874 -0.026643 -0.010789
v 0.453724 -0.032312 -0.010789
v 0.452666 -0.037982 -0.010789
v 0.451700 -0.043605 -0.010789
v 0.450826 -0.049179 -0.010789
v 0.450044 -0.054704 -0.010789
v 0.449354 -0.060181 -0.010789
v 0.448756 -0.065610 -0.010789
v 0.448250 -0.070990 -0.010789
v 0.447836 -0.076322 -0.010789
v 0.447514 -0.081605 -0.010789
v 0.447284 -0.086840 -0.010789
v 0.447146 -0.092027 -0.010789
v 0.447100 -0.097165 -0.010789
v 0.447211 -0.104783 -0.010789
v 0.447545 -0.112061 -0.010789
v 0.448102 -0.119001 -0.010789
v 0.448882 -0.125601 -0.010789
v 0.449884 -0.131863 -0.010789
v 0.451109 -0.137786 -0.010789
v 0.452557 -0.143369 -0.010789
v 0.454228 -0.148614 -0.010789
v 0.456122 -0.153520 -0.010789
v 0.458238 -0.158086 -0.010789
v 0.460577 -0.162314 -0.010789
v 0.463139 -0.166203 -0.010789
v 0.465947 -0.169767 -0.010789
v 0.469027 -0.173021 -0.010789
v 0.472378 -0.175966 -0.010789
v 0.476001 -0.178600 -0.010789
v 0.479894 -0.180925 -0.010789
v 0.484059 -0.182939 -0.010789
v 0.488495 -0.184644 -0.010789
v 0.493202 -0.186038 -0.010789
v 0.498180 -0.187123 -0.010789
v 0.503430 -0.187898 -0.010789
v 0.508951 -0.188363 -0.010789
v 0.514742 -0.188518 -0.010789
v 0.519532 -0.188397 -0.010789
v 0.524370 -0.188034 -0.010789
v 0.529256 -0.187428 -0.010789
v 0.534191 -0.186581 -0.010789
v 0.539174 -0.185491 -0.010789
v 0.544205 -0.184160 -0.010789
v 0.549285 -0.182586 -0.010789
v 0.554414 -0.180770 -0.010789
v 0.559591 -0.178711 -0.010789
v 0.564816 -0.176411 -0.010789
v 0.570090 -0.173869 -0.010789
v 0.575412 -0.171084 -0.010789
v 0.580729 -0.167980 -0.010789
v 0.585988 -0.164479 -0.010789
v 0.591189 -0.160580 -0.010789
v 0.596332 -0.156285 -0.010789
v 0.601417 -0.151592 -0.010789
v 0.606444 -0.146503 -0.010789
v 0.611413 -0.141016 -0.010789
v 0.616323 -0.135132 -0.010789
v 0.621175 -0.128851 -0.010789
v 0.625970 -0.122173 -0.010789
v 0.630706 -0.115098 -0.010789
v 0.635384 -0.107625 -0.010789
v 0.649331 -0.117388 -0.010789
v 0.645525 -0.124028 -0.010789
v 0.641544 -0.130464 -0.010789
v 0.637389 -0.136696 -0.010789
v 0.633059 -0.142725 -0.010789
v 0.628556 -0.148551 -0.010789
v 0.623878 -0.154173 -0.010789
v 0.619025 -0.159592 -0.010789
v 0.613998 -0.164808 -0.010789
v 0.608797 -0.169820 -0.010789
v 0.603422 -0.174629 -0.010789
v 0.597872 -0.179234 -0.010789
v 0.592148 -0.183636 -0.010789
v 0.586235 -0.187758 -0.010789
v 0.580119 -0.191520 -0.010789
v 0.573799 -0.194925 -0.010789
v 0.567276 -0.197971 -0.010789
v 0.560550 -0.200659 -0.010789
v 0.553620 -0.202988 -0.010789
v 0.546486 -0.204959 -0.010789
v 0.539150 -0.206572 -0.010789
v 0.531609 -0.207826 -0.010789
v 0.523866 -0.208722 -0.010789
v 0.515919 -0.209259 -0.010789
vn -0.0000 -0.0000 1.0000
vn -0.0001 -0.0000 1.0000
vn -0.0000 0.0001 1.0000
vn -0.0000 -0.0000 -1.0000
vn 0.0001 -0.0000 -1.0000
vn -0.0000 0.0001 -1.0000
vn 0.1393 0.9902 -0.0000
vn 0.1613 0.9869 -0.0000
vn -0.2306 0.9731 -0.0000
vn -0.2828 0.9592 -0.0000
vn -1.0000 -0.0000 -0.0000
vn 0.5626 0.8267 -0.0000
vn 0.7489 0.6627 -0.0000
vn -0.5985 0.8011 -0.0000
vn -0.6170 0.7869 -0.0000
vn 0.0351 -0.9994 -0.0000
vn 0.1043 -0.9945 -0.0000
vn -0.3158 -0.9488 -0.0000
vn -0.3698 -0.9291 -0.0000
vn 0.9588 0.2840 -0.0000
vn 0.4999 -0.8661 -0.0000
vn -0.7779 -0.6283 -0.0000
vn -0.8332 -0.5529 -0.0000
vn 0.5405 -0.8413 -0.0000
vn -0.9972 -0.0743 -0.0000
vn 0.9989 0.0479 -0.0000
vn -0.9997 -0.0236 -0.0000
vn -0.7439 0.6683 -0.0000
vn -0.7611 0.6486 -0.0000
vn -0.9960 0.0899 -0.0000
vn -0.9946 0.1036 -0.0000
vn 0.7354 -0.6777 -0.0000
vn 0.7554 -0.6552 -0.0000
vn -0.9827 0.1850 -0.0000
vn 0.9963 -0.0857 -0.0000
vn -0.9813 0.1926 -0.0000
vn -0.9720 0.2351 -0.0000
vn 0.9443 -0.3291 -0.0000
vn 0.8615 -0.5077 -0.0000
vn -0.9707 0.2402 -0.0000
vn 0.9758 -0.2186 -0.0000
vn 0.9515 -0.3077 -0.0000
vn 0.8745 -0.4851 -0.0000
vn 0.9101 -0.4144 -0.0000
vn -0.8739 0.4860 -0.0000
vn 0.8601 -0.5101 -0.0000
vn 0.9831 -0.1831 -0.0000
vn -0.9867 0.1626 -0.0000
vn 0.9943 -0.1068 -0.0000
vn -0.9868 0.1619 -0.0000
vn 0.9997 -0.0233 -0.0000
vn -0.7115 0.7027 -0.0000
vn -0.9992 0.0390 -0.0000
vn 0.6931 0.7208 -0.0000
vn 0.7514 -0.6598 -0.0000
vn -0.2569 0.9664 -0.0000
vn -0.9383 -0.3457 -0.0000
vn 0.5354 -0.8446 -0.0000
vn -0.5975 -0.8019 -0.0000
vn 0.1268 -0.9919 -0.0000
vn -0.1228 -0.9924 -0.0000
vn -0.2175 0.9761 -0.0000
vn 0.2763 0.9611 -0.0000
vn -0.6854 0.7282 -0.0000
vn 0.7289 0.6846 -0.0000
vn -0.9611 0.2763 -0.0000
vn 0.9773 0.2119 -0.0000
vn -0.9761 -0.2175 -0.0000
vn 0.9592 -0.2827 -0.0000
vn -0.7282 -0.6854 -0.0000
vn 0.6846 -0.7289 -0.0000
vn -0.2827 -0.9592 -0.0000
vn 0.2119 -0.9773 -0.0000
vn -0.8825 0.4703 -0.0000
vn 0.8822 -0.4708 -0.0000
vn 0.9762 -0.2169 -0.0000
vn -0.9879 0.1553 -0.0000
vn 0.9879 -0.1548 -0.0000
vn -0.7648 0.6443 -0.0000
vn 0.8200 -0.5723 -0.0000
vn -0.9832 0.1827 -0.0000
vn 0.9967 -0.0815 -0.0000
vn -0.9975 0.0702 -0.0000
vn 0.9922 0.1247 -0.0000
vn -0.4575 0.8892 -0.0000
vn -0.9782 -0.2075 -0.0000
vn 0.2865 0.9581 -0.0000
vn 0.6747 -0.7381 -0.0000
vn -0.7132 -0.7010 -0.0000
vn 0.3857 -0.9226 -0.0000
vn -0.2266 -0.9740 -0.0000
vn -0.0000 -1.0000 -0.0000
vn -0.9879 0.1552 -0.0000
vn -0.9832 0.1828 -0.0000
vn -0.1782 0.9840 -0.0000
vn 0.2050 0.9788 -0.0000
vn 0.2110 0.9775 -0.0000
vn -0.0000 1.0000 -0.0000
vn 0.6206 0.7841 -0.0000
vn -0.5690 0.8224 -0.0000
vn 0.8132 0.5820 -0.0000
vn 0.1716 -0.9852 -0.0000
vn -0.2625 -0.9649 -0.0000
vn -0.7142 -0.6999 -0.0000
vn 0.5406 -0.8413 -0.0000
vn 0.9771 0.2129 -0.0000
vn 0.5774 -0.8165 -0.0000
vn -0.9915 -0.1298 -0.0000
vn -0.7264 0.6873 -0.0000
vn 0.9999 -0.0139 -0.0000
vn -0.9971 0.0762 -0.0000
vn -0.9842 0.1772 -0.0000
vn 0.9943 -0.1065 -0.0000
vn 0.7741 -0.6331 -0.0000
vn -0.9732 0.2300 -0.0000
vn 0.9581 -0.2865 -0.0000
vn 0.8866 -0.4625 -0.0000
vn 0.9699 -0.2435 -0.0000
vn 0.9045 -0.4264 -0.0000
vn -0.8837 0.4681 -0.0000
vn 0.8529 -0.5220 -0.0000
vn 0.9847 -0.1745 -0.0000
vn -0.9873 0.1589 -0.0000
vn 0.9951 -0.0989 -0.0000
vn -0.9842 0.1768 -0.0000
vn -0.7388 0.6740 -0.0000
vn 1.0000 -0.0081 -0.0000
vn -0.9985 0.0546 -0.0000
vn 0.5633 0.8262 -0.0000
vn -0.3449 0.9387 -0.0000
vn 0.7314 -0.6820 -0.0000
vn -0.9604 -0.2786 -0.0000
vn -0.6532 -0.7571 -0.0000
vn 0.4892 -0.8722 -0.0000
vn -0.1772 -0.9842 -0.0000
vn 0.0750 -0.9972 -0.0000
vn -0.1531 0.9882 -0.0000
vn 0.3409 0.9401 -0.0000
vn -0.6386 0.7696 -0.0000
vn 0.7715 0.6363 -0.0000
vn -0.9401 0.3409 -0.0000
vn 0.9889 0.1487 -0.0000
vn -0.9882 -0.1531 -0.0000
vn 0.9376 -0.3477 -0.0000
vn -0.7696 -0.6386 -0.0000
vn 0.6363 -0.7715 -0.0000
vn -0.3477 -0.9376 -0.0000
vn 0.1487 -0.9889 -0.0000
vn -0.8899 0.4561 -0.0000
vn 0.8754 -0.4835 -0.0000
vn 0.9775 -0.2112 -0.0000
vn -0.9885 0.1514 -0.0000
vn -0.7888 0.6146 -0.0000
vn 0.9897 -0.1434 -0.0000
vn -0.9837 0.1796 -0.0000
vn 0.8052 -0.5931 -0.0000
vn 0.9974 -0.0717 -0.0000
vn -0.9963 0.0856 -0.0000
vn 0.9742 0.2256 -0.0000
vn -0.5147 0.8574 -0.0000
vn -0.9895 -0.1447 -0.0000
vn 0.1602 0.9871 -0.0000
vn 0.6523 -0.7579 -0.0000
vn -0.7606 -0.6493 -0.0000
vn 0.3347 -0.9423 -0.0000
vn -0.2857 -0.9583 -0.0000
vn 0.9775 -0.2111 -0.0000
vn -0.1261 0.9920 -0.0000
vn 0.2617 0.9651 -0.0000
vn 0.2764 0.9611 -0.0000
vn -0.5264 0.8502 -0.0000
vn 0.6886 0.7251 -0.0000
vn 0.8653 0.5012 -0.0000
vn -0.2104 -0.9776 -0.0000
vn 0.2359 -0.9718 -0.0000
vn -0.6434 -0.7655 -0.0000
vn 0.9893 0.1460 -0.0000
vn 0.6108 -0.7918 -0.0000
vn -0.7086 0.7056 -0.0000
vn -0.9817 -0.1904 -0.0000
vn -0.9981 0.0624 -0.0000
vn -0.9857 0.1687 -0.0000
vn 0.9975 -0.0705 -0.0000
vn -0.9745 0.2245 -0.0000
vn 0.9920 -0.1259 -0.0000
vn 0.7914 -0.6113 -0.0000
vn 0.8980 -0.4399 -0.0000
vn -0.9581 0.2865 -0.0000
vn -0.9641 0.2657 -0.0000
vn 0.8988 -0.4384 -0.0000
vn -0.8921 0.4518 -0.0000
vn 0.9750 -0.2223 -0.0000
vn 0.9863 -0.1651 -0.0000
vn 0.8456 -0.5338 -0.0000
vn -0.7665 0.6422 -0.0000
vn 0.9959 -0.0906 -0.0000
vn 0.9993 0.0382 -0.0000
vn -0.4228 0.9062 -0.0000
vn -0.9772 -0.2125 -0.0000
vn 0.4238 0.9057 -0.0000
vn 0.7101 -0.7041 -0.0000
vn -0.7045 -0.7097 -0.0000
vn 0.4407 -0.8976 -0.0000
vn -0.2343 -0.9722 -0.0000
vn -0.0901 0.9959 -0.0000
vn 0.4049 0.9144 -0.0000
vn -0.5874 0.8093 -0.0000
vn 0.8120 0.5836 -0.0000
vn -0.9144 0.4049 -0.0000
vn 0.9962 0.0873 -0.0000
vn -0.9959 -0.0901 -0.0000
vn 0.9114 -0.4115 -0.0000
vn -0.8093 -0.5874 -0.0000
vn 0.5836 -0.8120 -0.0000
vn -0.4115 -0.9114 -0.0000
vn 0.0873 -0.9962 -0.0000
vn -0.8965 0.4430 -0.0000
vn 0.8683 -0.4960 -0.0000
vn -0.8091 0.5877 -0.0000
vn 0.9788 -0.2049 -0.0000
vn -0.9891 0.1475 -0.0000
vn 0.9914 -0.1308 -0.0000
vn -0.9843 0.1764 -0.0000
vn 0.9981 -0.0611 -0.0000
vn -0.9949 0.1011 -0.0000
vn 0.7894 -0.6139 -0.0000
vn 0.9402 0.3407 -0.0000
vn -0.9964 -0.0844 -0.0000
vn -0.5645 0.8254 -0.0000
vn 0.0493 0.9988 -0.0000
vn 0.6290 -0.7774 -0.0000
vn -0.8052 -0.5930 -0.0000
vn -0.3473 -0.9378 -0.0000
vn 0.2827 -0.9592 -0.0000
vn 1.0000 -0.0000 -0.0000
vn -0.8965 0.4431 -0.0000
vn 0.9788 -0.2050 -0.0000
vn 0.9914 -0.1309 -0.0000
vn -0.9843 0.1763 -0.0000
vn 0.9981 -0.0612 -0.0000
vn -0.0748 0.9972 -0.0000
vn 0.3131 0.9497 -0.0000
vn 0.3528 0.9357 -0.0000
vn -0.9995 0.0306 -0.0000
vn -0.4814 0.8765 -0.0000
vn 0.7521 0.6590 -0.0000
vn 0.9067 0.4217 -0.0000
vn -0.1600 -0.9871 -0.0000
vn 0.2968 -0.9549 -0.0000
vn -0.5814 -0.8136 -0.0000
vn -0.6435 -0.7655 -0.0000
vn -0.6905 0.7233 -0.0000
vn -0.9667 -0.2559 -0.0000
vn 0.6400 -0.7684 -0.0000
vn 0.9965 0.0839 -0.0000
vn -0.9988 0.0486 -0.0000
vn -0.9875 0.1577 -0.0000
vn -0.9758 0.2187 -0.0000
vn 0.9925 -0.1221 -0.0000
vn 0.9765 -0.2153 -0.0000
vn 0.9896 -0.1440 -0.0000
vn 0.8074 -0.5900 -0.0000
vn 0.9087 -0.4174 -0.0000
vn -0.8995 0.4369 -0.0000
vn 0.8928 -0.4504 -0.0000
vn -0.7933 0.6088 -0.0000
vn 0.8350 -0.5503 -0.0000
vn -0.9963 0.0857 -0.0000
vn -0.9890 -0.1482 -0.0000
vn -0.4907 0.8714 -0.0000
vn 0.6877 -0.7260 -0.0000
vn -0.7526 -0.6585 -0.0000
vn 0.3904 -0.9207 -0.0000
vn -0.2936 -0.9559 -0.0000
vn -0.0294 0.9996 -0.0000
vn 0.4672 0.8841 -0.0000
vn -0.5321 0.8467 -0.0000
vn 0.8498 0.5271 -0.0000
vn -0.8841 0.4672 -0.0000
vn 0.9996 0.0284 -0.0000
vn -0.9996 -0.0294 -0.0000
vn 0.8809 -0.4732 -0.0000
vn -0.8467 -0.5321 -0.0000
vn 0.5271 -0.8498 -0.0000
vn -0.4732 -0.8809 -0.0000
vn 0.4104 0.9119 -0.0000
vn 0.8611 -0.5084 -0.0000
vn -0.8263 0.5633 -0.0000
vn 0.9802 -0.1982 -0.0000
vn -0.9897 0.1434 -0.0000
vn -0.9849 0.1730 -0.0000
vn 0.9927 -0.1208 -0.0000
vn 0.9988 -0.0496 -0.0000
vn -0.9932 0.1164 -0.0000
vn 0.7727 -0.6348 -0.0000
vn -0.9996 -0.0273 -0.0000
vn -0.6079 0.7940 -0.0000
vn 0.8843 0.4669 -0.0000
vn -0.0499 0.9988 -0.0000
vn -0.8462 -0.5328 -0.0000
vn 0.6048 -0.7964 -0.0000
vn -0.4105 -0.9118 -0.0000
vn 0.2302 -0.9731 -0.0000
vn -0.9849 0.1731 -0.0000
vn 0.9988 -0.0495 -0.0000
vn -0.4106 -0.9118 -0.0000
vn -0.0246 0.9997 -0.0000
vn 0.3646 0.9312 -0.0000
vn 0.4330 0.9014 -0.0000
vn -0.4342 0.9008 -0.0000
vn 0.8093 0.5873 -0.0000
vn -0.1115 -0.9938 -0.0000
vn 0.9399 0.3415 -0.0000
vn 0.3538 -0.9353 -0.0000
vn -0.5304 -0.8477 -0.0000
vn -0.6723 0.7403 -0.0000
vn -0.9454 -0.3259 -0.0000
vn 0.6662 -0.7458 -0.0000
vn 0.9996 0.0268 -0.0000
vn -0.9994 0.0347 -0.0000
vn -0.9895 0.1443 -0.0000
vn -0.9771 0.2127 -0.0000
vn 0.9870 -0.1609 -0.0000
vn -0.9856 0.1689 -0.0000
vn 0.8223 -0.5691 -0.0000
vn 0.9187 -0.3951 -0.0000
vn -0.9060 0.4233 -0.0000
vn 0.8867 -0.4624 -0.0000
vn -0.8155 0.5788 -0.0000
vn 0.8204 -0.5718 -0.0000
vn -0.9949 0.1010 -0.0000
vn -0.9962 -0.0865 -0.0000
vn -0.5493 0.8356 -0.0000
vn 0.6640 -0.7477 -0.0000
vn -0.7981 -0.6025 -0.0000
vn 0.3386 -0.9409 -0.0000
vn -0.3545 -0.9351 -0.0000
vn 0.0284 0.9996 -0.0000
vn -0.4732 0.8809 -0.0000
vn 0.5271 0.8498 -0.0000
vn -0.8498 0.5271 -0.0000
vn 0.8841 0.4672 -0.0000
vn -0.9996 0.0284 -0.0000
vn 0.9996 -0.0294 -0.0000
vn -0.8809 -0.4732 -0.0000
vn 0.8467 -0.5321 -0.0000
vn -0.5321 -0.8467 -0.0000
vn 0.4672 -0.8841 -0.0000
vn -0.0294 -0.9996 -0.0000
vn 0.0284 -0.9996 -0.0000
vn -0.9998 -0.0207 -0.0000
vn 0.9081 -0.4188 -0.0000
vn -0.8410 0.5411 -0.0000
vn 0.8538 -0.5206 -0.0000
vn 0.9816 -0.1910 -0.0000
vn -0.9855 0.1697 -0.0000
vn 0.9935 -0.1140 -0.0000
vn -0.9913 0.1317 -0.0000
vn 0.9993 -0.0370 -0.0000
vn -0.6455 0.7638 -0.0000
vn -1.0000 0.0078 -0.0000
vn 0.7550 -0.6557 -0.0000
vn 0.8021 0.5972 -0.0000
vn -0.1464 0.9892 -0.0000
vn -0.8829 -0.4696 -0.0000
vn 0.5718 -0.8204 -0.0000
vn -0.4746 -0.8802 -0.0000
vn 0.1777 -0.9841 -0.0000
vn -0.0218 -0.9998 -0.0000
vn 0.0244 -0.9997 -0.0000
vn -0.9720 0.2348 -0.0000
vn -0.9855 0.1696 -0.0000
vn 0.0216 0.9998 -0.0000
vn 0.4158 0.9094 -0.0000
vn -0.3851 0.9229 -0.0000
vn 0.5154 0.8570 -0.0000
vn 0.9709 -0.2395 -0.0000
vn 0.8590 0.5120 -0.0000
vn -0.0652 -0.9979 -0.0000
vn -0.4778 -0.8785 -0.0000
vn -0.6539 0.7565 -0.0000
vn 0.4067 -0.9136 -0.0000
vn 0.9649 0.2627 -0.0000
vn -0.9166 -0.3997 -0.0000
vn 0.6908 -0.7230 -0.0000
vn -0.9998 0.0209 -0.0000
vn 0.9999 -0.0136 -0.0000
vn -0.9914 0.1308 -0.0000
vn -0.9785 0.2063 -0.0000
vn -0.7944 0.6074 -0.0000
vn 0.9187 -0.3950 -0.0000
vn 0.8223 -0.5690 -0.0000
vn 0.9843 -0.1767 -0.0000
vn -0.9774 0.2112 -0.0000
vn 0.8361 -0.5486 -0.0000
vn 0.9279 -0.3729 -0.0000
vn -0.9117 0.4108 -0.0000
vn 0.8803 -0.4744 -0.0000
vn -0.8339 0.5519 -0.0000
vn -0.9896 0.1435 -0.0000
vn 0.9914 -0.1311 -0.0000
vn 0.8048 -0.5935 -0.0000
vn -0.9996 -0.0280 -0.0000
vn -0.5997 0.8002 -0.0000
vn -0.8402 -0.5423 -0.0000
vn 0.6393 -0.7690 -0.0000
vn -0.4163 -0.9092 -0.0000
vn 0.2859 -0.9583 -0.0000
vn 0.0873 0.9962 -0.0000
vn -0.4115 0.9114 -0.0000
vn 0.5836 0.8120 -0.0000
vn -0.8120 0.5836 -0.0000
vn 0.9144 0.4049 -0.0000
vn -0.9962 0.0873 -0.0000
vn 0.9959 -0.0901 -0.0000
vn -0.9114 -0.4115 -0.0000
vn 0.8093 -0.5874 -0.0000
vn -0.5874 -0.8093 -0.0000
vn 0.4049 -0.9144 -0.0000
vn -0.0901 -0.9959 -0.0000
vn 0.9019 -0.4320 -0.0000
vn -0.8536 0.5209 -0.0000
vn 0.8463 -0.5326 -0.0000
vn -0.9861 0.1662 -0.0000
vn 0.9943 -0.1067 -0.0000
vn -0.9892 0.1468 -0.0000
vn 0.9997 -0.0232 -0.0000
vn -0.6781 0.7349 -0.0000
vn -0.9997 0.0234 -0.0000
vn 0.7364 -0.6766 -0.0000
vn -0.2364 0.9717 -0.0000
vn -0.9146 -0.4044 -0.0000
vn 0.5286 -0.8488 -0.0000
vn -0.5384 -0.8427 -0.0000
vn 0.1256 -0.9921 -0.0000
vn -0.0679 -0.9977 -0.0000
vn -0.9997 0.0235 -0.0000
vn 0.0251 0.9997 -0.0000
vn 0.0664 0.9978 -0.0000
vn -0.3345 0.9424 -0.0000
vn 0.4662 0.8847 -0.0000
vn 0.5974 0.8019 -0.0000
vn -0.0211 -0.9998 -0.0000
vn 0.9004 0.4350 -0.0000
vn -0.6355 0.7721 -0.0000
vn -0.4240 -0.9057 -0.0000
vn -0.4777 -0.8785 -0.0000
vn 0.4554 -0.8903 -0.0000
vn -0.8795 -0.4760 -0.0000
vn 0.9824 0.1868 -0.0000
vn -1.0000 0.0068 -0.0000
vn 0.7139 -0.7003 -0.0000
vn -0.9931 0.1172 -0.0000
vn 0.9992 -0.0394 -0.0000
vn -0.7780 0.6283 -0.0000
vn -0.9799 0.1996 -0.0000
vn -0.9726 0.2324 -0.0000
vn 0.9815 -0.1916 -0.0000
vn -0.9715 0.2371 -0.0000
vn 0.9364 -0.3509 -0.0000
vn 0.8488 -0.5287 -0.0000
vn 0.8738 -0.4863 -0.0000
vn -0.8495 0.5276 -0.0000
vn 0.7881 -0.6155 -0.0000
vn -0.6428 0.7660 -0.0000
vn -0.0545 0.9985 -0.0000
vn -0.8780 -0.4787 -0.0000
vn 0.6134 -0.7898 -0.0000
vn -0.4780 -0.8783 -0.0000
vn 0.2326 -0.9726 -0.0000
vn -0.0230 -0.9997 -0.0000
vn 0.0246 -0.9997 -0.0000
vn 0.1487 0.9889 -0.0000
vn -0.3477 0.9376 -0.0000
vn 0.6363 0.7715 -0.0000
vn -0.7715 0.6363 -0.0000
vn 0.9401 0.3409 -0.0000
vn -0.9889 0.1487 -0.0000
vn 0.9882 -0.1531 -0.0000
vn -0.9376 -0.3477 -0.0000
vn 0.7696 -0.6386 -0.0000
vn -0.6386 -0.7696 -0.0000
vn 0.3409 -0.9401 -0.0000
vn -0.1531 -0.9882 -0.0000
vn 0.9697 -0.2445 -0.0000
vn 0.8955 -0.4450 -0.0000
vn -0.8646 0.5025 -0.0000
vn 0.8387 -0.5445 -0.0000
vn -0.7066 0.7077 -0.0000
vn 1.0000 -0.0084 -0.0000
vn -0.3186 0.9479 -0.0000
vn 0.7168 -0.6973 -0.0000
vn -0.9410 -0.3383 -0.0000
vn 0.4831 -0.8756 -0.0000
vn -0.6007 -0.7995 -0.0000
vn -0.1175 -0.9931 -0.0000
vn 0.0744 -0.9972 -0.0000
vn 0.9951 -0.0990 -0.0000
vn -0.7066 0.7076 -0.0000
vn 0.0794 0.9968 -0.0000
vn 0.1130 0.9936 -0.0000
vn 0.5153 0.8570 -0.0000
vn 0.6762 0.7367 -0.0000
vn 0.9335 0.3584 -0.0000
vn 0.9934 0.1149 -0.0000
vn -1.0000 0.0069 -0.0000
vn 0.9980 -0.0634 -0.0000
vn -0.9725 0.2330 -0.0000
vn 0.9787 -0.2055 -0.0000
vn 0.9155 -0.4024 -0.0000
vn -0.8627 0.5058 -0.0000
vn 0.8670 -0.4983 -0.0000
vn -0.9892 0.1469 -0.0000
vn -0.6798 0.7334 -0.0000
vn 0.7703 -0.6376 -0.0000
vn -0.1595 0.9872 -0.0000
vn -0.9108 -0.4128 -0.0000
vn 0.5791 -0.8152 -0.0000
vn -0.5388 -0.8425 -0.0000
vn 0.1794 -0.9838 -0.0000
vn -0.0714 -0.9974 -0.0000
vn 0.2119 0.9773 -0.0000
vn -0.2827 0.9592 -0.0000
vn 0.6846 0.7289 -0.0000
vn -0.7289 0.6846 -0.0000
vn 0.9611 0.2763 -0.0000
vn -0.9773 0.2119 -0.0000
vn 0.9761 -0.2175 -0.0000
vn -0.9592 -0.2827 -0.0000
vn 0.7282 -0.6854 -0.0000
vn -0.6854 -0.7282 -0.0000
vn 0.2763 -0.9611 -0.0000
vn -0.2175 -0.9761 -0.0000
vn 0.8890 -0.4580 -0.0000
vn -0.8741 0.4857 -0.0000
vn 0.8310 -0.5562 -0.0000
vn -0.9873 0.1590 -0.0000
vn -0.7360 0.6770 -0.0000
vn 0.9959 -0.0905 -0.0000
vn -0.3923 0.9198 -0.0000
vn -0.9622 -0.2723 -0.0000
vn 0.6962 -0.7178 -0.0000
vn -0.6603 -0.7510 -0.0000
vn 0.4353 -0.9003 -0.0000
vn -0.1704 -0.9854 -0.0000
vn -0.0000 -0.0001 1.0000
vn -0.0000 -0.0005 1.0000
vn -0.0000 -0.0002 1.0000
vn -0.0000 0.0003 1.0000
vn -0.0000 0.0004 1.0000
vn 0.0780 0.9969 -0.0000
vn -0.2021 0.9794 -0.0000
vn 0.3672 0.9302 -0.0000
vn -0.4568 0.8896 -0.0000
vn 0.0952 -0.9955 -0.0000
vn 0.6520 0.7582 -0.0000
vn -0.3951 -0.9187 -0.0000
vn 0.5839 -0.8118 -0.0000
vn -0.8550 -0.5186 -0.0000
vn 0.8879 0.4600 -0.0000
vn -0.6501 0.7598 -0.0000
vn 0.8219 -0.5697 -0.0000
vn -0.9984 -0.0571 -0.0000
vn 0.9977 0.0680 -0.0000
vn -0.8031 0.5959 -0.0000
vn 0.9275 -0.3739 -0.0000
vn -0.9658 0.2591 -0.0000
vn 0.9285 -0.3712 -0.0000
vn -0.8052 0.5930 -0.0000
vn -0.9216 0.3882 -0.0000
vn 0.9724 -0.2333 -0.0000
vn 0.6809 -0.7323 -0.0000
vn -0.5063 0.8624 -0.0000
vn -0.1668 0.9860 -0.0000
vn 0.0717 0.9974 -0.0000
vn 0.0160 0.9999 -0.0000
vn 0.3981 -0.9173 -0.0000
vn -0.9953 0.0965 -0.0000
vn 0.9940 -0.1095 -0.0000
vn -0.9732 -0.2299 -0.0000
vn 0.9989 0.0458 -0.0000
vn 0.8675 -0.4974 -0.0000
vn -0.8438 -0.5367 -0.0000
vn 0.9073 0.4205 -0.0000
vn 0.6939 -0.7201 -0.0000
vn -0.4029 0.9152 -0.0000
vn -0.6090 -0.7932 -0.0000
vn 0.4354 0.9002 -0.0000
vn -0.0749 0.9972 -0.0000
vn 0.3710 -0.9286 -0.0000
vn -0.2799 -0.9600 -0.0000
vn 0.1112 0.9938 -0.0000
vn -0.1660 0.9861 -0.0000
vn 0.4054 0.9141 -0.0000
vn -0.4309 0.9024 -0.0000
vn 0.1605 -0.9870 -0.0000
vn -0.3298 -0.9440 -0.0000
vn 0.6855 0.7280 -0.0000
vn 0.6313 -0.7756 -0.0000
vn -0.8068 -0.5908 -0.0000
vn -0.6279 0.7783 -0.0000
vn 0.9112 0.4120 -0.0000
vn -0.9950 -0.0998 -0.0000
vn 0.8401 -0.5425 -0.0000
vn -0.7858 0.6185 -0.0000
vn 0.9998 0.0223 -0.0000
vn -0.9758 0.2186 -0.0000
vn 0.9344 -0.3562 -0.0000
vn 0.9043 -0.4269 -0.0000
vn -0.9073 0.4204 -0.0000
vn -0.8378 0.5459 -0.0000
vn 0.9764 -0.2160 -0.0000
vn -0.5436 0.8394 -0.0000
vn 0.6458 -0.7635 -0.0000
vn -0.2042 0.9789 -0.0000
vn 0.0643 0.9979 -0.0000
vn 0.0095 1.0000 -0.0000
vn -0.9908 0.1351 -0.0000
vn 0.3651 -0.9310 -0.0000
vn 0.9956 -0.0936 -0.0000
vn -0.9822 -0.1881 -0.0000
vn 0.9968 0.0800 -0.0000
vn 0.8505 -0.5260 -0.0000
vn -0.8663 -0.4996 -0.0000
vn -0.7412 0.6712 -0.0000
vn 0.8750 0.4841 -0.0000
vn 0.6667 -0.7453 -0.0000
vn -0.4343 0.9008 -0.0000
vn -0.6420 -0.7667 -0.0000
vn 0.3587 0.9335 -0.0000
vn -0.1229 0.9924 -0.0000
vn -0.3256 -0.9455 -0.0000
vn 0.3186 -0.9479 -0.0000
vn -0.1294 0.9916 -0.0000
vn 0.1455 0.9894 -0.0000
vn 0.4417 0.8971 -0.0000
vn -0.4028 0.9153 -0.0000
vn 0.2263 -0.9741 -0.0000
vn -0.2650 -0.9642 -0.0000
vn 0.7180 0.6960 -0.0000
vn -0.7494 -0.6622 -0.0000
vn 0.6744 -0.7384 -0.0000
vn -0.6049 0.7963 -0.0000
vn 0.9318 0.3629 -0.0000
vn -0.9892 -0.1467 -0.0000
vn 0.8569 -0.5155 -0.0000
vn -0.7680 0.6404 -0.0000
vn 0.9996 -0.0271 -0.0000
vn -0.9840 0.1780 -0.0000
vn 0.9409 -0.3386 -0.0000
vn -0.8936 0.4489 -0.0000
vn -0.8679 0.4967 -0.0000
vn 0.8771 -0.4804 -0.0000
vn -0.5816 0.8135 -0.0000
vn 0.6100 -0.7924 -0.0000
vn 0.9800 -0.1989 -0.0000
vn -0.2441 0.9697 -0.0000
vn -0.9849 0.1734 -0.0000
vn 0.0571 0.9984 -0.0000
vn 0.0032 1.0000 -0.0000
vn 0.3324 -0.9431 -0.0000
vn 0.9970 -0.0774 -0.0000
vn -0.9893 -0.1460 -0.0000
vn 0.9931 0.1173 -0.0000
vn 0.8321 -0.5547 -0.0000
vn -0.8861 -0.4634 -0.0000
vn -0.7678 0.6407 -0.0000
vn 0.8351 0.5501 -0.0000
vn -0.6744 -0.7384 -0.0000
vn -0.4636 0.8860 -0.0000
vn 0.6386 -0.7695 -0.0000
vn 0.2841 0.9588 -0.0000
vn -0.1693 0.9856 -0.0000
vn -0.3713 -0.9285 -0.0000
vn 0.2663 -0.9639 -0.0000
vn -0.0197 -0.9998 -0.0000
vn 0.0220 -0.9998 -0.0000
vn -0.0925 0.9957 -0.0000
vn 0.1807 0.9835 -0.0000
vn -0.3718 0.9283 -0.0000
vn 0.4767 0.8791 -0.0000
vn -0.2017 -0.9795 -0.0000
vn 0.2917 -0.9565 -0.0000
vn 0.7492 0.6624 -0.0000
vn -0.6928 -0.7212 -0.0000
vn -0.5814 0.8136 -0.0000
vn 0.7079 -0.7063 -0.0000
vn -0.9802 -0.1980 -0.0000
vn 0.9497 0.3131 -0.0000
vn -0.7498 0.6617 -0.0000
vn 0.8723 -0.4890 -0.0000
vn -0.9905 0.1376 -0.0000
vn 0.9966 -0.0825 -0.0000
vn -0.8803 0.4744 -0.0000
vn 0.9471 -0.3209 -0.0000
vn -0.8913 0.4533 -0.0000
vn 0.8472 -0.5313 -0.0000
vn -0.6200 0.7846 -0.0000
vn 0.5740 -0.8188 -0.0000
vn 0.9830 -0.1834 -0.0000
vn -0.9775 0.2112 -0.0000
vn -0.2864 0.9581 -0.0000
vn 0.0499 0.9988 -0.0000
vn -0.0127 0.9999 -0.0000
vn 0.2997 -0.9540 -0.0000
vn -0.0607 -0.9982 -0.0000
vn 0.9981 -0.0609 -0.0000
vn -0.9946 -0.1039 -0.0000
vn 0.9874 0.1581 -0.0000
vn -0.9040 -0.4275 -0.0000
vn -0.7914 0.6114 -0.0000
vn 0.8123 -0.5833 -0.0000
vn -0.7059 -0.7083 -0.0000
vn 0.7854 0.6190 -0.0000
vn -0.5042 0.8636 -0.0000
vn 0.6096 -0.7927 -0.0000
vn -0.2136 0.9769 -0.0000
vn 0.2129 0.9771 -0.0000
vn -0.4164 -0.9092 -0.0000
vn 0.2147 -0.9767 -0.0000
vn -0.0602 -0.9982 -0.0000
vn -0.0555 0.9985 -0.0000
vn 0.2168 0.9762 -0.0000
vn -0.3397 0.9405 -0.0000
vn 0.5120 0.8590 -0.0000
vn -0.1404 -0.9901 -0.0000
vn 0.3558 -0.9346 -0.0000
vn -0.6402 -0.7682 -0.0000
vn -0.5574 0.8303 -0.0000
vn 0.7788 0.6273 -0.0000
vn 0.7338 -0.6794 -0.0000
vn -0.9672 -0.2538 -0.0000
vn 0.9648 0.2630 -0.0000
vn -0.7311 0.6822 -0.0000
vn 0.8864 -0.4630 -0.0000
vn -0.9952 0.0975 -0.0000
vn 0.9902 -0.1395 -0.0000
vn -0.8662 0.4996 -0.0000
vn -0.9092 0.4163 -0.0000
vn 0.9529 -0.3033 -0.0000
vn 0.8152 -0.5792 -0.0000
vn -0.6585 0.7526 -0.0000
vn -0.9687 0.2484 -0.0000
vn 0.5380 -0.8430 -0.0000
vn -0.3311 0.9436 -0.0000
vn 0.9856 -0.1693 -0.0000
vn 0.0429 0.9991 -0.0000
vn -0.0395 0.9992 -0.0000
vn 0.2674 -0.9636 -0.0000
vn 0.1410 0.9900 -0.0000
vn -0.9981 -0.0620 -0.0000
vn 0.9990 -0.0439 -0.0000
vn -0.9208 -0.3901 -0.0000
vn -0.8123 0.5832 -0.0000
vn 0.9793 0.2026 -0.0000
vn 0.7912 -0.6116 -0.0000
vn -0.7364 -0.6766 -0.0000
vn -0.5542 0.8324 -0.0000
vn 0.7263 0.6874 -0.0000
vn -0.2559 0.9667 -0.0000
vn 0.1460 0.9893 -0.0000
vn -0.4608 -0.8875 -0.0000
vn 0.1641 -0.9864 -0.0000
vn -0.1021 -0.9948 -0.0000
vn -0.0185 0.9998 -0.0000
vn 0.2537 0.9673 -0.0000
vn -0.3066 0.9518 -0.0000
vn 0.5474 0.8369 -0.0000
vn -0.0819 -0.9966 -0.0000
vn 0.4178 -0.9086 -0.0000
vn -0.5833 -0.8123 -0.0000
vn -0.5328 0.8463 -0.0000
vn 0.8067 0.5910 -0.0000
vn -0.9493 -0.3143 -0.0000
vn 0.7581 -0.6521 -0.0000
vn -0.7122 0.7020 -0.0000
vn 0.9770 0.2131 -0.0000
vn -0.9983 0.0580 -0.0000
vn 0.8993 -0.4374 -0.0000
vn 0.9803 -0.1975 -0.0000
vn -0.8514 0.5245 -0.0000
vn -0.9258 0.3781 -0.0000
vn 0.9583 -0.2856 -0.0000
vn 0.7816 -0.6238 -0.0000
vn -0.6967 0.7173 -0.0000
vn -0.9586 0.2848 -0.0000
vn -0.3781 0.9258 -0.0000
vn 0.5022 -0.8648 -0.0000
vn 0.1215 0.9926 -0.0000
vn -0.0682 0.9977 -0.0000
vn 0.0360 0.9994 -0.0000
vn 0.2358 -0.9718 -0.0000
vn -0.9998 -0.0205 -0.0000
vn 0.9996 -0.0266 -0.0000
vn -0.9362 -0.3515 -0.0000
vn -0.8310 0.5563 -0.0000
vn 0.9680 0.2510 -0.0000
vn 0.7687 -0.6396 -0.0000
vn -0.7656 -0.6434 -0.0000
vn -0.5998 0.8002 -0.0000
vn 0.6600 0.7512 -0.0000
vn -0.2959 0.9552 -0.0000
vn 0.5240 -0.8517 -0.0000
vn 0.0839 0.9965 -0.0000
vn -0.5040 -0.8637 -0.0000
vn -0.1452 -0.9894 -0.0000
vn 0.1149 -0.9934 -0.0000
vn 0.0150 0.9999 -0.0000
vn 0.2911 0.9567 -0.0000
vn -0.2725 0.9621 -0.0000
vn 0.5827 0.8127 -0.0000
vn -0.0265 -0.9996 -0.0000
vn -0.5078 0.8615 -0.0000
vn -0.5229 -0.8524 -0.0000
vn 0.4768 -0.8790 -0.0000
vn 0.8345 0.5510 -0.0000
vn -0.9254 -0.3791 -0.0000
vn 0.7809 -0.6246 -0.0000
vn -0.6925 0.7214 -0.0000
vn 0.9865 0.1637 -0.0000
vn -0.9998 0.0191 -0.0000
vn 0.9110 -0.4125 -0.0000
vn -0.8360 0.5488 -0.0000
vn 0.9667 -0.2559 -0.0000
vn -0.9407 0.3391 -0.0000
vn 0.9634 -0.2681 -0.0000
vn -0.7342 0.6789 -0.0000
vn 0.7483 -0.6634 -0.0000
vn -0.9473 0.3203 -0.0000
vn -0.4271 0.9042 -0.0000
vn 0.4668 -0.8844 -0.0000
vn -0.0988 0.9951 -0.0000
vn 0.0958 0.9954 -0.0000
vn 0.0292 0.9996 -0.0000
vn 0.2049 -0.9788 -0.0000
vn -0.9998 0.0192 -0.0000
vn 1.0000 -0.0090 -0.0000
vn -0.8476 0.5306 -0.0000
vn -0.9501 -0.3118 -0.0000
vn 0.9528 0.3035 -0.0000
vn -0.7933 -0.6088 -0.0000
vn 0.7450 -0.6671 -0.0000
vn -0.6410 0.7675 -0.0000
vn 0.5882 0.8087 -0.0000
vn -0.3338 0.9426 -0.0000
vn -0.5419 -0.8404 -0.0000
vn 0.0267 0.9996 -0.0000
vn 0.4743 -0.8804 -0.0000
vn -0.1894 -0.9819 -0.0000
vn 0.0675 -0.9977 -0.0000
vn 0.0460 0.9989 -0.0000
vn -0.2377 0.9713 -0.0000
vn 0.3290 0.9443 -0.0000
vn 0.6176 0.7865 -0.0000
vn 0.0313 -0.9995 -0.0000
vn -0.4824 0.8759 -0.0000
vn -0.4598 -0.8880 -0.0000
vn 0.5323 -0.8466 -0.0000
vn -0.8943 -0.4475 -0.0000
vn 0.8623 0.5064 -0.0000
vn -0.6716 0.7409 -0.0000
vn 0.8022 -0.5971 -0.0000
vn -0.9998 -0.0181 -0.0000
vn 0.9933 0.1152 -0.0000
vn -0.8198 0.5726 -0.0000
vn 0.9202 -0.3915 -0.0000
vn -0.9541 0.2994 -0.0000
vn 0.9494 -0.3140 -0.0000
vn -0.7706 0.6374 -0.0000
vn -0.9349 0.3548 -0.0000
vn 0.9681 -0.2506 -0.0000
vn 0.7152 -0.6989 -0.0000
vn -0.4700 0.8827 -0.0000
vn -0.1317 0.9913 -0.0000
vn 0.0792 0.9969 -0.0000
vn 0.4321 -0.9018 -0.0000
vn 0.0225 0.9997 -0.0000
vn 0.9922 -0.1250 -0.0000
vn -0.9983 0.0579 -0.0000
vn 0.9999 0.0146 -0.0000
vn -0.9625 -0.2712 -0.0000
vn 0.5735 0.8192 -0.0000
vn -0.8194 -0.5732 -0.0000
vn 0.9329 0.3601 -0.0000
vn -0.6782 0.7349 -0.0000
vn 0.7200 -0.6940 -0.0000
vn 0.5126 0.8586 -0.0000
vn -0.3694 0.9293 -0.0000
vn -0.5755 -0.8178 -0.0000
vn -0.0253 0.9997 -0.0000
vn 0.4231 -0.9061 -0.0000
vn -0.2344 -0.9721 -0.0000
vn -0.3958 -0.9183 -0.0000
vn 0.1747 -0.9846 -0.0000
vn 0.1454 -0.9894 -0.0000
vn -0.1273 -0.9919 -0.0000
vn 0.1169 -0.9931 -0.0000
vn -0.1208 -0.9927 -0.0000
vn 0.0893 -0.9960 -0.0000
vn -0.1147 -0.9934 -0.0000
vn 0.0626 -0.9980 -0.0000
vn -0.1087 -0.9941 -0.0000
vn 0.0369 -0.9993 -0.0000
vn -0.1030 -0.9947 -0.0000
vn 0.0121 -0.9999 -0.0000
vn -0.0975 -0.9952 -0.0000
vn -0.0036 -1.0000 -0.0000
vn -0.0922 -0.9957 -0.0000
vn -0.0108 -0.9999 -0.0000
vn -0.0871 -0.9962 -0.0000
vn -0.0178 -0.9998 -0.0000
vn -0.0821 -0.9966 -0.0000
vn -0.0247 -0.9997 -0.0000
vn -0.0767 -0.9971 -0.0000
vn -0.0316 -0.9995 -0.0000
vn -0.0705 -0.9975 -0.0000
vn -0.0383 -0.9993 -0.0000
vn -0.0643 -0.9979 -0.0000
vn -0.0449 -0.9990 -0.0000
vn -0.0579 -0.9983 -0.0000
vn -0.0515 -0.9987 -0.0000
vn 0.9880 -0.1548 -0.0000
vn 0.1715 -0.9852 -0.0000
vn -0.9842 0.1769 -0.0000
vn -0.3449 0.9386 -0.0000
vn 0.7313 -0.6820 -0.0000
vn 0.3527 0.9357 -0.0000
vn -0.4341 0.9008 -0.0000
vn -0.9897 0.1435 -0.0000
vn 0.8048 -0.5936 -0.0000
vn 0.5792 -0.8152 -0.0000
vn -0.7359 0.6770 -0.0000
vn 0.4238 0.9058 -0.0000
vn 0.0781 0.9969 -0.0000
vn 0.3587 0.9334 -0.0000
vn -0.4636 0.8861 -0.0000
vn -0.5573 0.8303 -0.0000
vt 0.931350 0.000000
vt 0.935927 0.000000
vt 0.933638 0.000000
vt 0.361556 0.000000
vt 0.366133 0.000000
vt 0.363844 0.000000
vt 0.368421 0.000000
vt 0.929062 0.000000
vt 0.359268 0.000000
vt 0.938215 0.000000
vt 0.370709 0.000000
vt 0.926773 0.000000
vt 0.356979 0.000000
vt 0.940503 0.000000
vt 0.372998 0.000000
vt 0.924485 0.000000
vt 0.354691 0.000000
vt 0.942792 0.000000
vt 0.375286 0.000000
vt 0.377574 0.000000
vt 0.922197 0.000000
vt 0.352403 0.000000
vt 0.945080 0.000000
vt 0.379863 0.000000
vt 0.919908 0.000000
vt 0.350114 0.000000
vt 0.947368 0.000000
vt 0.382151 0.000000
vt 0.917620 0.000000
vt 0.347826 0.000000
vt 0.949657 0.000000
vt 0.384439 0.000000
vt 0.915332 0.000000
vt 0.345538 0.000000
vt 0.386728 0.000000
vt 0.951945 0.000000
vt 0.993135 0.000000
vt 0.997712 0.000000
vt 0.000000 0.000000
vt 1.000000 0.000000
vt 0.675057 0.000000
vt 0.869565 0.000000
vt 0.677346 0.000000
vt 0.389016 0.000000
vt 0.913043 0.000000
vt 0.343249 0.000000
vt 0.954233 0.000000
vt 0.391304 0.000000
vt 0.910755 0.000000
vt 0.340961 0.000000
vt 0.956522 0.000000
vt 0.393593 0.000000
vt 0.908467 0.000000
vt 0.338673 0.000000
vt 0.395881 0.000000
vt 0.958810 0.000000
vt 0.906178 0.000000
vt 0.336384 0.000000
vt 0.398169 0.000000
vt 0.961098 0.000000
vt 0.400458 0.000000
vt 0.903890 0.000000
vt 0.334096 0.000000
vt 0.963387 0.000000
vt 0.402746 0.000000
vt 0.901602 0.000000
vt 0.331808 0.000000
vt 0.670481 0.000000
vt 0.876430 0.000000
vt 0.791762 0.000000
vt 0.789474 0.000000
vt 0.965675 0.000000
vt 0.221968 0.000000
vt 0.219680 0.000000
vt 0.405034 0.000000
vt 0.899314 0.000000
vt 0.794050 0.000000
vt 0.329519 0.000000
vt 0.224256 0.000000
vt 0.787185 0.000000
vt 0.217391 0.000000
vt 0.796339 0.000000
vt 0.226545 0.000000
vt 0.784897 0.000000
vt 0.215103 0.000000
vt 0.782609 0.000000
vt 0.212815 0.000000
vt 0.798627 0.000000
vt 0.228833 0.000000
vt 0.780320 0.000000
vt 0.210526 0.000000
vt 0.778032 0.000000
vt 0.208238 0.000000
vt 0.800915 0.000000
vt 0.231121 0.000000
vt 0.775744 0.000000
vt 0.205950 0.000000
vt 0.803204 0.000000
vt 0.233410 0.000000
vt 0.773455 0.000000
vt 0.203661 0.000000
vt 0.407323 0.000000
vt 0.967963 0.000000
vt 0.771167 0.000000
vt 0.201373 0.000000
vt 0.805492 0.000000
vt 0.235698 0.000000
vt 0.768879 0.000000
vt 0.199085 0.000000
vt 0.897025 0.000000
vt 0.327231 0.000000
vt 0.766590 0.000000
vt 0.196796 0.000000
vt 0.807780 0.000000
vt 0.237986 0.000000
vt 0.764302 0.000000
vt 0.194508 0.000000
vt 0.762014 0.000000
vt 0.192220 0.000000
vt 0.409611 0.000000
vt 0.810069 0.000000
vt 0.240275 0.000000
vt 0.759725 0.000000
vt 0.189931 0.000000
vt 0.970252 0.000000
vt 0.894737 0.000000
vt 0.324943 0.000000
vt 0.812357 0.000000
vt 0.242563 0.000000
vt 0.757437 0.000000
vt 0.187643 0.000000
vt 0.755149 0.000000
vt 0.185355 0.000000
vt 0.814645 0.000000
vt 0.244851 0.000000
vt 0.411899 0.000000
vt 0.752860 0.000000
vt 0.183066 0.000000
vt 0.892448 0.000000
vt 0.322654 0.000000
vt 0.750572 0.000000
vt 0.180778 0.000000
vt 0.972540 0.000000
vt 0.816934 0.000000
vt 0.247140 0.000000
vt 0.748284 0.000000
vt 0.178490 0.000000
vt 0.414188 0.000000
vt 0.819222 0.000000
vt 0.249428 0.000000
vt 0.745995 0.000000
vt 0.176201 0.000000
vt 0.890160 0.000000
vt 0.320366 0.000000
vt 0.743707 0.000000
vt 0.173913 0.000000
vt 0.974828 0.000000
vt 0.821510 0.000000
vt 0.251716 0.000000
vt 0.741419 0.000000
vt 0.171625 0.000000
vt 0.416476 0.000000
vt 0.887872 0.000000
vt 0.318078 0.000000
vt 0.823799 0.000000
vt 0.254005 0.000000
vt 0.739130 0.000000
vt 0.169336 0.000000
vt 0.977117 0.000000
vt 0.736842 0.000000
vt 0.167048 0.000000
vt 0.418764 0.000000
vt 0.826087 0.000000
vt 0.256293 0.000000
vt 0.885584 0.000000
vt 0.315789 0.000000
vt 0.734554 0.000000
vt 0.164760 0.000000
vt 0.732265 0.000000
vt 0.162471 0.000000
vt 0.729977 0.000000
vt 0.160183 0.000000
vt 0.828375 0.000000
vt 0.258581 0.000000
vt 0.727689 0.000000
vt 0.157895 0.000000
vt 0.725400 0.000000
vt 0.155606 0.000000
vt 0.979405 0.000000
vt 0.883295 0.000000
vt 0.313501 0.000000
vt 0.421053 0.000000
vt 0.723112 0.000000
vt 0.153318 0.000000
vt 0.720824 0.000000
vt 0.151030 0.000000
vt 0.718535 0.000000
vt 0.148741 0.000000
vt 0.830664 0.000000
vt 0.260870 0.000000
vt 0.716247 0.000000
vt 0.146453 0.000000
vt 0.423341 0.000000
vt 0.713959 0.000000
vt 0.144165 0.000000
vt 0.711670 0.000000
vt 0.141876 0.000000
vt 0.709382 0.000000
vt 0.139588 0.000000
vt 0.881007 0.000000
vt 0.311213 0.000000
vt 0.425629 0.000000
vt 0.707094 0.000000
vt 0.137300 0.000000
vt 0.981693 0.000000
vt 0.832952 0.000000
vt 0.263158 0.000000
vt 0.704805 0.000000
vt 0.135011 0.000000
vt 0.702517 0.000000
vt 0.132723 0.000000
vt 0.427918 0.000000
vt 0.700229 0.000000
vt 0.130435 0.000000
vt 0.697941 0.000000
vt 0.128146 0.000000
vt 0.695652 0.000000
vt 0.125858 0.000000
vt 0.878719 0.000000
vt 0.308924 0.000000
vt 0.430206 0.000000
vt 0.835240 0.000000
vt 0.265446 0.000000
vt 0.693364 0.000000
vt 0.123570 0.000000
vt 0.691076 0.000000
vt 0.121281 0.000000
vt 0.688787 0.000000
vt 0.118993 0.000000
vt 0.306636 0.000000
vt 0.983982 0.000000
vt 0.432494 0.000000
vt 0.686499 0.000000
vt 0.116705 0.000000
vt 0.684211 0.000000
vt 0.114416 0.000000
vt 0.874142 0.000000
vt 0.867277 0.000000
vt 0.864989 0.000000
vt 0.862700 0.000000
vt 0.860412 0.000000
vt 0.858124 0.000000
vt 0.855835 0.000000
vt 0.853547 0.000000
vt 0.851259 0.000000
vt 0.848970 0.000000
vt 0.846682 0.000000
vt 0.844394 0.000000
vt 0.842105 0.000000
vt 0.839817 0.000000
vt 0.837529 0.000000
vt 0.304348 0.000000
vt 0.267735 0.000000
vt 0.681922 0.000000
vt 0.112128 0.000000
vt 0.434783 0.000000
vt 0.679634 0.000000
vt 0.109840 0.000000
vt 0.437071 0.000000
vt 0.270023 0.000000
vt 0.986270 0.000000
vt 0.439359 0.000000
vt 0.272311 0.000000
vt 0.441648 0.000000
vt 0.988558 0.000000
vt 0.443936 0.000000
vt 0.274600 0.000000
vt 0.446224 0.000000
vt 0.990847 0.000000
vt 0.302060 0.000000
vt 0.299771 0.000000
vt 0.297483 0.000000
vt 0.295195 0.000000
vt 0.292906 0.000000
vt 0.290618 0.000000
vt 0.288330 0.000000
vt 0.286041 0.000000
vt 0.283753 0.000000
vt 0.281465 0.000000
vt 0.279176 0.000000
vt 0.276888 0.000000
vt 0.448513 0.000000
vt 0.871854 0.000000
vt 0.583524 0.000000
vt 0.588101 0.000000
vt 0.585812 0.000000
vt 0.590389 0.000000
vt 0.581236 0.000000
vt 0.592677 0.000000
vt 0.578947 0.000000
vt 0.594966 0.000000
vt 0.597254 0.000000
vt 0.576659 0.000000
vt 0.599542 0.000000
vt 0.574371 0.000000
vt 0.601831 0.000000
vt 0.572082 0.000000
vt 0.604119 0.000000
vt 0.606407 0.000000
vt 0.569794 0.000000
vt 0.608696 0.000000
vt 0.567506 0.000000
vt 0.450801 0.000000
vt 0.453089 0.000000
vt 0.610984 0.000000
vt 0.455378 0.000000
vt 0.565217 0.000000
vt 0.457666 0.000000
vt 0.459954 0.000000
vt 0.613272 0.000000
vt 0.462243 0.000000
vt 0.107551 0.000000
vt 0.105263 0.000000
vt 0.464531 0.000000
vt 0.102975 0.000000
vt 0.562929 0.000000
vt 0.466819 0.000000
vt 0.100686 0.000000
vt 0.098398 0.000000
vt 0.469108 0.000000
vt 0.096110 0.000000
vt 0.615561 0.000000
vt 0.471396 0.000000
vt 0.093822 0.000000
vt 0.473684 0.000000
vt 0.091533 0.000000
vt 0.560641 0.000000
vt 0.475973 0.000000
vt 0.089245 0.000000
vt 0.478261 0.000000
vt 0.086957 0.000000
vt 0.480549 0.000000
vt 0.084668 0.000000
vt 0.617849 0.000000
vt 0.482838 0.000000
vt 0.082380 0.000000
vt 0.485126 0.000000
vt 0.558352 0.000000
vt 0.080092 0.000000
vt 0.487414 0.000000
vt 0.077803 0.000000
vt 0.489703 0.000000
vt 0.075515 0.000000
vt 0.491991 0.000000
vt 0.073227 0.000000
vt 0.494279 0.000000
vt 0.620137 0.000000
vt 0.556064 0.000000
vt 0.496568 0.000000
vt 0.070938 0.000000
vt 0.498856 0.000000
vt 0.068650 0.000000
vt 0.501144 0.000000
vt 0.066362 0.000000
vt 0.503433 0.000000
vt 0.505721 0.000000
vt 0.064073 0.000000
vt 0.553776 0.000000
vt 0.622426 0.000000
vt 0.061785 0.000000
vt 0.059497 0.000000
vt 0.508009 0.000000
vt 0.057208 0.000000
vt 0.551487 0.000000
vt 0.054920 0.000000
vt 0.052632 0.000000
vt 0.624714 0.000000
vt 0.510297 0.000000
vt 0.549199 0.000000
vt 0.512586 0.000000
vt 0.050343 0.000000
vt 0.546911 0.000000
vt 0.627002 0.000000
vt 0.514874 0.000000
vt 0.544622 0.000000
vt 0.517162 0.000000
vt 0.048055 0.000000
vt 0.542334 0.000000
vt 0.519451 0.000000
vt 0.629291 0.000000
vt 0.540046 0.000000
vt 0.521739 0.000000
vt 0.045767 0.000000
vt 0.537757 0.000000
vt 0.524027 0.000000
vt 0.535469 0.000000
vt 0.526316 0.000000
vt 0.533181 0.000000
vt 0.631579 0.000000
vt 0.528604 0.000000
vt 0.530892 0.000000
vt 0.043478 0.000000
vt 0.633867 0.000000
vt 0.041190 0.000000
vt 0.636156 0.000000
vt 0.038902 0.000000
vt 0.638444 0.000000
vt 0.036613 0.000000
vt 0.034325 0.000000
vt 0.640732 0.000000
vt 0.032037 0.000000
vt 0.643021 0.000000
vt 0.029748 0.000000
vt 0.645309 0.000000
vt 0.027460 0.000000
vt 0.647597 0.000000
vt 0.025172 0.000000
vt 0.649886 0.000000
vt 0.022883 0.000000
vt 0.652174 0.000000
vt 0.020595 0.000000
vt 0.018307 0.000000
vt 0.654462 0.000000
vt 0.016018 0.000000
vt 0.656751 0.000000
vt 0.013730 0.000000
vt 0.659039 0.000000
vt 0.011442 0.000000
vt 0.661327 0.000000
vt 0.009153 0.000000
vt 0.663616 0.000000
vt 0.006865 0.000000
vt 0.665904 0.000000
vt 0.004577 0.000000
vt 0.668192 0.000000
vt 0.002288 0.000000
vt 0.805668 0.000000
vt 0.813765 0.000000
vt 0.809717 0.000000
vt 0.801619 0.000000
vt 0.817814 0.000000
vt 0.797571 0.000000
vt 0.821862 0.000000
vt 0.793522 0.000000
vt 0.825911 0.000000
vt 0.829960 0.000000
vt 0.785425 0.000000
vt 0.834008 0.000000
vt 0.781377 0.000000
vt 0.838057 0.000000
vt 0.777328 0.000000
vt 0.773279 0.000000
vt 0.846154 0.000000
vt 0.769231 0.000000
vt 0.850202 0.000000
vt 0.765182 0.000000
vt 0.854251 0.000000
vt 0.761134 0.000000
vt 0.858300 0.000000
vt 0.757085 0.000000
vt 0.862348 0.000000
vt 0.753036 0.000000
vt 0.866397 0.000000
vt 0.748988 0.000000
vt 0.870445 0.000000
vt 0.744939 0.000000
vt 0.874494 0.000000
vt 0.740891 0.000000
vt 0.878542 0.000000
vt 0.882591 0.000000
vt 0.732794 0.000000
vt 0.886640 0.000000
vt 0.728745 0.000000
vt 0.890688 0.000000
vt 0.724696 0.000000
vt 0.720648 0.000000
vt 0.898785 0.000000
vt 0.716599 0.000000
vt 0.902834 0.000000
vt 0.712551 0.000000
vt 0.906883 0.000000
vt 0.708502 0.000000
vt 0.910931 0.000000
vt 0.704453 0.000000
vt 0.914980 0.000000
vt 0.700405 0.000000
vt 0.919028 0.000000
vt 0.696356 0.000000
vt 0.923077 0.000000
vt 0.692308 0.000000
vt 0.927126 0.000000
vt 0.688259 0.000000
vt 0.931174 0.000000
vt 0.935223 0.000000
vt 0.680162 0.000000
vt 0.939271 0.000000
vt 0.676113 0.000000
vt 0.943320 0.000000
vt 0.672065 0.000000
vt 0.668016 0.000000
vt 0.951417 0.000000
vt 0.663968 0.000000
vt 0.955466 0.000000
vt 0.659919 0.000000
vt 0.959514 0.000000
vt 0.655870 0.000000
vt 0.963563 0.000000
vt 0.651822 0.000000
vt 0.967611 0.000000
vt 0.647773 0.000000
vt 0.971660 0.000000
vt 0.643725 0.000000
vt 0.975708 0.000000
vt 0.639676 0.000000
vt 0.979757 0.000000
vt 0.635628 0.000000
vt 0.983806 0.000000
vt 0.987854 0.000000
vt 0.627530 0.000000
vt 0.991903 0.000000
vt 0.623482 0.000000
vt 0.995951 0.000000
vt 0.619433 0.000000
vt 0.615385 0.000000
vt 0.599190 0.000000
vt 0.607287 0.000000
vt 0.611336 0.000000
vt 0.202429 0.000000
vt 0.206478 0.000000
vt 0.194332 0.000000
vt 0.445344 0.000000
vt 0.453441 0.000000
vt 0.449393 0.000000
vt 0.457490 0.000000
vt 0.441296 0.000000
vt 0.461538 0.000000
vt 0.437247 0.000000
vt 0.465587 0.000000
vt 0.469636 0.000000
vt 0.433198 0.000000
vt 0.429150 0.000000
vt 0.477733 0.000000
vt 0.481781 0.000000
vt 0.425101 0.000000
vt 0.485830 0.000000
vt 0.489879 0.000000
vt 0.417004 0.000000
vt 0.493927 0.000000
vt 0.214575 0.000000
vt 0.218623 0.000000
vt 0.412955 0.000000
vt 0.222672 0.000000
vt 0.497976 0.000000
vt 0.226721 0.000000
vt 0.230769 0.000000
vt 0.190283 0.000000
vt 0.186235 0.000000
vt 0.234818 0.000000
vt 0.182186 0.000000
vt 0.408907 0.000000
vt 0.238866 0.000000
vt 0.178138 0.000000
vt 0.502024 0.000000
vt 0.174089 0.000000
vt 0.242915 0.000000
vt 0.170040 0.000000
vt 0.246964 0.000000
vt 0.165992 0.000000
vt 0.251012 0.000000
vt 0.161943 0.000000
vt 0.404858 0.000000
vt 0.255061 0.000000
vt 0.259109 0.000000
vt 0.506073 0.000000
vt 0.153846 0.000000
vt 0.149798 0.000000
vt 0.267206 0.000000
vt 0.145749 0.000000
vt 0.271255 0.000000
vt 0.400810 0.000000
vt 0.141700 0.000000
vt 0.275304 0.000000
vt 0.137652 0.000000
vt 0.279352 0.000000
vt 0.510121 0.000000
vt 0.133603 0.000000
vt 0.283401 0.000000
vt 0.129555 0.000000
vt 0.287449 0.000000
vt 0.396761 0.000000
vt 0.291498 0.000000
vt 0.125506 0.000000
vt 0.295547 0.000000
vt 0.121457 0.000000
vt 0.299595 0.000000
vt 0.117409 0.000000
vt 0.303644 0.000000
vt 0.514170 0.000000
vt 0.307692 0.000000
vt 0.113360 0.000000
vt 0.392713 0.000000
vt 0.109312 0.000000
vt 0.311741 0.000000
vt 0.101215 0.000000
vt 0.388664 0.000000
vt 0.518219 0.000000
vt 0.097166 0.000000
vt 0.093117 0.000000
vt 0.384615 0.000000
vt 0.319838 0.000000
vt 0.522267 0.000000
vt 0.089069 0.000000
vt 0.380567 0.000000
vt 0.323887 0.000000
vt 0.376518 0.000000
vt 0.327935 0.000000
vt 0.085020 0.000000
vt 0.372470 0.000000
vt 0.331984 0.000000
vt 0.336032 0.000000
vt 0.080972 0.000000
vt 0.364372 0.000000
vt 0.340081 0.000000
vt 0.530364 0.000000
vt 0.360324 0.000000
vt 0.344130 0.000000
vt 0.356275 0.000000
vt 0.348178 0.000000
vt 0.352227 0.000000
vt 0.076923 0.000000
vt 0.534413 0.000000
vt 0.072874 0.000000
vt 0.538462 0.000000
vt 0.068826 0.000000
vt 0.542510 0.000000
vt 0.064777 0.000000
vt 0.546559 0.000000
vt 0.060729 0.000000
vt 0.550607 0.000000
vt 0.056680 0.000000
vt 0.554656 0.000000
vt 0.048583 0.000000
vt 0.558704 0.000000
vt 0.044534 0.000000
vt 0.562753 0.000000
vt 0.040486 0.000000
vt 0.566802 0.000000
vt 0.036437 0.000000
vt 0.570850 0.000000
vt 0.032389 0.000000
vt 0.574899 0.000000
vt 0.028340 0.000000
vt 0.024291 0.000000
vt 0.020243 0.000000
vt 0.582996 0.000000
vt 0.016194 0.000000
vt 0.587045 0.000000
vt 0.012146 0.000000
vt 0.591093 0.000000
vt 0.008097 0.000000
vt 0.595142 0.000000
vt 0.004049 0.000000
vt 0.317881 0.000000
vt 0.331126 0.000000
vt 0.324503 0.000000
vt 0.337748 0.000000
vt 0.980132 0.000000
vt 0.993378 0.000000
vt 0.986755 0.000000
vt 0.728477 0.000000
vt 0.741722 0.000000
vt 0.735099 0.000000
vt 0.748344 0.000000
vt 0.721854 0.000000
vt 0.754967 0.000000
vt 0.715232 0.000000
vt 0.761589 0.000000
vt 0.768212 0.000000
vt 0.708609 0.000000
vt 0.774834 0.000000
vt 0.701987 0.000000
vt 0.781457 0.000000
vt 0.788079 0.000000
vt 0.695364 0.000000
vt 0.794702 0.000000
vt 0.688742 0.000000
vt 0.801324 0.000000
vt 0.682119 0.000000
vt 0.344371 0.000000
vt 0.807947 0.000000
vt 0.350993 0.000000
vt 0.357616 0.000000
vt 0.675497 0.000000
vt 0.364238 0.000000
vt 0.814570 0.000000
vt 0.370861 0.000000
vt 0.377483 0.000000
vt 0.311258 0.000000
vt 0.304636 0.000000
vt 0.384106 0.000000
vt 0.298013 0.000000
vt 0.668874 0.000000
vt 0.390728 0.000000
vt 0.291391 0.000000
vt 0.821192 0.000000
vt 0.284768 0.000000
vt 0.397351 0.000000
vt 0.278146 0.000000
vt 0.403974 0.000000
vt 0.271523 0.000000
vt 0.410596 0.000000
vt 0.264901 0.000000
vt 0.662252 0.000000
vt 0.417219 0.000000
vt 0.258278 0.000000
vt 0.423841 0.000000
vt 0.827815 0.000000
vt 0.251656 0.000000
vt 0.430464 0.000000
vt 0.245033 0.000000
vt 0.437086 0.000000
vt 0.238411 0.000000
vt 0.443709 0.000000
vt 0.655629 0.000000
vt 0.231788 0.000000
vt 0.450331 0.000000
vt 0.225166 0.000000
vt 0.456954 0.000000
vt 0.834437 0.000000
vt 0.218543 0.000000
vt 0.463576 0.000000
vt 0.211921 0.000000
vt 0.470199 0.000000
vt 0.649007 0.000000
vt 0.476821 0.000000
vt 0.205298 0.000000
vt 0.483444 0.000000
vt 0.198675 0.000000
vt 0.490066 0.000000
vt 0.192053 0.000000
vt 0.496689 0.000000
vt 0.841060 0.000000
vt 0.503311 0.000000
vt 0.185430 0.000000
vt 0.642384 0.000000
vt 0.178808 0.000000
vt 0.172185 0.000000
vt 0.509934 0.000000
vt 0.165563 0.000000
vt 0.635762 0.000000
vt 0.847682 0.000000
vt 0.158940 0.000000
vt 0.152318 0.000000
vt 0.516556 0.000000
vt 0.629139 0.000000
vt 0.523179 0.000000
vt 0.854305 0.000000
vt 0.145695 0.000000
vt 0.622517 0.000000
vt 0.529801 0.000000
vt 0.615894 0.000000
vt 0.536424 0.000000
vt 0.139073 0.000000
vt 0.860927 0.000000
vt 0.609272 0.000000
vt 0.543046 0.000000
vt 0.602649 0.000000
vt 0.549669 0.000000
vt 0.132450 0.000000
vt 0.596026 0.000000
vt 0.556291 0.000000
vt 0.867550 0.000000
vt 0.589404 0.000000
vt 0.562914 0.000000
vt 0.582781 0.000000
vt 0.569536 0.000000
vt 0.576159 0.000000
vt 0.125828 0.000000
vt 0.874172 0.000000
vt 0.119205 0.000000
vt 0.880795 0.000000
vt 0.112583 0.000000
vt 0.887417 0.000000
vt 0.105960 0.000000
vt 0.894040 0.000000
vt 0.099338 0.000000
vt 0.900662 0.000000
vt 0.092715 0.000000
vt 0.086093 0.000000
vt 0.907285 0.000000
vt 0.079470 0.000000
vt 0.913907 0.000000
vt 0.072848 0.000000
vt 0.920530 0.000000
vt 0.066225 0.000000
vt 0.927152 0.000000
vt 0.059603 0.000000
vt 0.933775 0.000000
vt 0.052980 0.000000
vt 0.940397 0.000000
vt 0.046358 0.000000
vt 0.039735 0.000000
vt 0.947020 0.000000
vt 0.033113 0.000000
vt 0.953642 0.000000
vt 0.026490 0.000000
vt 0.960265 0.000000
vt 0.019868 0.000000
vt 0.966887 0.000000
vt 0.013245 0.000000
vt 0.973510 0.000000
vt 0.006623 0.000000
vt 0.209068 0.000000
vt 0.214106 0.000000
vt 0.211587 0.000000
vt 0.216625 0.000000
vt 0.206549 0.000000
vt 0.219144 0.000000
vt 0.204030 0.000000
vt 0.221662 0.000000
vt 0.201511 0.000000
vt 0.224181 0.000000
vt 0.198992 0.000000
vt 0.226700 0.000000
vt 0.229219 0.000000
vt 0.196474 0.000000
vt 0.231738 0.000000
vt 0.193955 0.000000
vt 0.234257 0.000000
vt 0.191436 0.000000
vt 0.236776 0.000000
vt 0.188917 0.000000
vt 0.239295 0.000000
vt 0.241814 0.000000
vt 0.186398 0.000000
vt 0.244332 0.000000
vt 0.183879 0.000000
vt 0.246851 0.000000
vt 0.181360 0.000000
vt 0.249370 0.000000
vt 0.178841 0.000000
vt 0.251889 0.000000
vt 0.254408 0.000000
vt 0.176322 0.000000
vt 0.697733 0.000000
vt 0.256927 0.000000
vt 0.700252 0.000000
vt 0.695214 0.000000
vt 0.692695 0.000000
vt 0.702771 0.000000
vt 0.690176 0.000000
vt 0.705290 0.000000
vt 0.687657 0.000000
vt 0.173804 0.000000
vt 0.707809 0.000000
vt 0.685139 0.000000
vt 0.259446 0.000000
vt 0.682620 0.000000
vt 0.710327 0.000000
vt 0.680101 0.000000
vt 0.712846 0.000000
vt 0.171285 0.000000
vt 0.677582 0.000000
vt 0.261965 0.000000
vt 0.715365 0.000000
vt 0.675063 0.000000
vt 0.717884 0.000000
vt 0.672544 0.000000
vt 0.168766 0.000000
vt 0.264484 0.000000
vt 0.670025 0.000000
vt 0.720403 0.000000
vt 0.267003 0.000000
vt 0.667506 0.000000
vt 0.166247 0.000000
vt 0.722922 0.000000
vt 0.664987 0.000000
vt 0.269521 0.000000
vt 0.725441 0.000000
vt 0.163728 0.000000
vt 0.662468 0.000000
vt 0.272040 0.000000
vt 0.727960 0.000000
vt 0.659950 0.000000
vt 0.161209 0.000000
vt 0.274559 0.000000
vt 0.730479 0.000000
vt 0.657431 0.000000
vt 0.158690 0.000000
vt 0.277078 0.000000
vt 0.654912 0.000000
vt 0.732997 0.000000
vt 0.279597 0.000000
vt 0.652393 0.000000
vt 0.156171 0.000000
vt 0.735516 0.000000
vt 0.282116 0.000000
vt 0.649874 0.000000
vt 0.738035 0.000000
vt 0.153652 0.000000
vt 0.284635 0.000000
vt 0.647355 0.000000
vt 0.740554 0.000000
vt 0.151134 0.000000
vt 0.287154 0.000000
vt 0.644836 0.000000
vt 0.743073 0.000000
vt 0.148615 0.000000
vt 0.289673 0.000000
vt 0.642317 0.000000
vt 0.745592 0.000000
vt 0.292191 0.000000
vt 0.146096 0.000000
vt 0.639798 0.000000
vt 0.748111 0.000000
vt 0.294710 0.000000
vt 0.143577 0.000000
vt 0.637280 0.000000
vt 0.297229 0.000000
vt 0.750630 0.000000
vt 0.634761 0.000000
vt 0.141058 0.000000
vt 0.299748 0.000000
vt 0.753149 0.000000
vt 0.632242 0.000000
vt 0.138539 0.000000
vt 0.302267 0.000000
vt 0.755668 0.000000
vt 0.629723 0.000000
vt 0.304786 0.000000
vt 0.136020 0.000000
vt 0.758186 0.000000
vt 0.627204 0.000000
vt 0.307305 0.000000
vt 0.133501 0.000000
vt 0.624685 0.000000
vt 0.760705 0.000000
vt 0.309824 0.000000
vt 0.622166 0.000000
vt 0.130982 0.000000
vt 0.763224 0.000000
vt 0.619647 0.000000
vt 0.312343 0.000000
vt 0.128463 0.000000
vt 0.617128 0.000000
vt 0.765743 0.000000
vt 0.314861 0.000000
vt 0.614610 0.000000
vt 0.125945 0.000000
vt 0.768262 0.000000
vt 0.317380 0.000000
vt 0.612091 0.000000
vt 0.123426 0.000000
vt 0.319899 0.000000
vt 0.770781 0.000000
vt 0.609572 0.000000
vt 0.607053 0.000000
vt 0.322418 0.000000
vt 0.120907 0.000000
vt 0.773300 0.000000
vt 0.604534 0.000000
vt 0.324937 0.000000
vt 0.118388 0.000000
vt 0.602015 0.000000
vt 0.775819 0.000000
vt 0.327456 0.000000
vt 0.599496 0.000000
vt 0.115869 0.000000
vt 0.329975 0.000000
vt 0.778338 0.000000
vt 0.596977 0.000000
vt 0.594458 0.000000
vt 0.332494 0.000000
vt 0.113350 0.000000
vt 0.780856 0.000000
vt 0.591940 0.000000
vt 0.335013 0.000000
vt 0.589421 0.000000
vt 0.783375 0.000000
vt 0.110831 0.000000
vt 0.337531 0.000000
vt 0.586902 0.000000
vt 0.584383 0.000000
vt 0.340050 0.000000
vt 0.785894 0.000000
vt 0.108312 0.000000
vt 0.581864 0.000000
vt 0.342569 0.000000
vt 0.579345 0.000000
vt 0.345088 0.000000
vt 0.576826 0.000000
vt 0.788413 0.000000
vt 0.105793 0.000000
vt 0.574307 0.000000
vt 0.347607 0.000000
vt 0.571788 0.000000
vt 0.350126 0.000000
vt 0.569270 0.000000
vt 0.486146 0.000000
vt 0.790932 0.000000
vt 0.103275 0.000000
vt 0.566751 0.000000
vt 0.483627 0.000000
vt 0.488665 0.000000
vt 0.491184 0.000000
vt 0.352645 0.000000
vt 0.564232 0.000000
vt 0.493703 0.000000
vt 0.496222 0.000000
vt 0.561713 0.000000
vt 0.498741 0.000000
vt 0.501259 0.000000
vt 0.355164 0.000000
vt 0.559194 0.000000
vt 0.503778 0.000000
vt 0.511335 0.000000
vt 0.793451 0.000000
vt 0.506297 0.000000
vt 0.556675 0.000000
vt 0.508816 0.000000
vt 0.100756 0.000000
vt 0.513854 0.000000
vt 0.554156 0.000000
vt 0.516373 0.000000
vt 0.518892 0.000000
vt 0.521411 0.000000
vt 0.357683 0.000000
vt 0.551637 0.000000
vt 0.523929 0.000000
vt 0.526448 0.000000
vt 0.528967 0.000000
vt 0.531486 0.000000
vt 0.549118 0.000000
vt 0.534005 0.000000
vt 0.536524 0.000000
vt 0.539043 0.000000
vt 0.546600 0.000000
vt 0.541562 0.000000
vt 0.544081 0.000000
vt 0.360202 0.000000
vt 0.795970 0.000000
vt 0.098237 0.000000
vt 0.362720 0.000000
vt 0.365239 0.000000
vt 0.367758 0.000000
vt 0.798489 0.000000
vt 0.448363 0.000000
vt 0.095718 0.000000
vt 0.370277 0.000000
vt 0.481108 0.000000
vt 0.478589 0.000000
vt 0.476071 0.000000
vt 0.473552 0.000000
vt 0.471033 0.000000
vt 0.372796 0.000000
vt 0.468514 0.000000
vt 0.465995 0.000000
vt 0.463476 0.000000
vt 0.460957 0.000000
vt 0.458438 0.000000
vt 0.455919 0.000000
vt 0.375315 0.000000
vt 0.453400 0.000000
vt 0.450882 0.000000
vt 0.445844 0.000000
vt 0.801008 0.000000
vt 0.093199 0.000000
vt 0.803526 0.000000
vt 0.090680 0.000000
vt 0.806045 0.000000
vt 0.088161 0.000000
vt 0.808564 0.000000
vt 0.085642 0.000000
vt 0.811083 0.000000
vt 0.083123 0.000000
vt 0.813602 0.000000
vt 0.080605 0.000000
vt 0.816121 0.000000
vt 0.078086 0.000000
vt 0.818640 0.000000
vt 0.821159 0.000000
vt 0.075567 0.000000
vt 0.073048 0.000000
vt 0.823678 0.000000
vt 0.937028 0.000000
vt 0.942065 0.000000
vt 0.939547 0.000000
vt 0.070529 0.000000
vt 0.826196 0.000000
vt 0.068010 0.000000
vt 0.934509 0.000000
vt 0.944584 0.000000
vt 0.828715 0.000000
vt 0.065491 0.000000
vt 0.931990 0.000000
vt 0.947103 0.000000
vt 0.831234 0.000000
vt 0.062972 0.000000
vt 0.929471 0.000000
vt 0.949622 0.000000
vt 0.060453 0.000000
vt 0.833753 0.000000
vt 0.926952 0.000000
vt 0.057935 0.000000
vt 0.952141 0.000000
vt 0.836272 0.000000
vt 0.924433 0.000000
vt 0.055416 0.000000
vt 0.954660 0.000000
vt 0.838791 0.000000
vt 0.921914 0.000000
vt 0.052897 0.000000
vt 0.957179 0.000000
vt 0.841310 0.000000
vt 0.919395 0.000000
vt 0.050378 0.000000
vt 0.843829 0.000000
vt 0.959698 0.000000
vt 0.916877 0.000000
vt 0.047859 0.000000
vt 0.846348 0.000000
vt 0.962217 0.000000
vt 0.914358 0.000000
vt 0.045340 0.000000
vt 0.848867 0.000000
vt 0.911839 0.000000
vt 0.964736 0.000000
vt 0.042821 0.000000
vt 0.851385 0.000000
vt 0.909320 0.000000
vt 0.853904 0.000000
vt 0.967254 0.000000
vt 0.040302 0.000000
vt 0.906801 0.000000
vt 0.856423 0.000000
vt 0.904282 0.000000
vt 0.037783 0.000000
vt 0.969773 0.000000
vt 0.858942 0.000000
vt 0.901763 0.000000
vt 0.035264 0.000000
vt 0.861461 0.000000
vt 0.899244 0.000000
vt 0.972292 0.000000
vt 0.896725 0.000000
vt 0.863980 0.000000
vt 0.032746 0.000000
vt 0.894207 0.000000
vt 0.866499 0.000000
vt 0.974811 0.000000
vt 0.891688 0.000000
vt 0.869018 0.000000
vt 0.889169 0.000000
vt 0.030227 0.000000
vt 0.871537 0.000000
vt 0.886650 0.000000
vt 0.874055 0.000000
vt 0.884131 0.000000
vt 0.977330 0.000000
vt 0.876574 0.000000
vt 0.881612 0.000000
vt 0.879093 0.000000
vt 0.027708 0.000000
vt 0.979849 0.000000
vt 0.025189 0.000000
vt 0.982368 0.000000
vt 0.022670 0.000000
vt 0.984887 0.000000
vt 0.020151 0.000000
vt 0.017632 0.000000
vt 0.987406 0.000000
vt 0.015113 0.000000
vt 0.989924 0.000000
vt 0.012594 0.000000
vt 0.992443 0.000000
vt 0.010076 0.000000
vt 0.994962 0.000000
vt 0.007557 0.000000
vt 0.997481 0.000000
vt 0.005038 0.000000
vt 0.002519 0.000000
s 0
f 407/1/1 409/2/1 408/3/1
f 159/4/1 161/5/1 160/6/1
f 159/4/1 162/7/1 161/5/1
f 406/8/1 409/2/1 407/1/1
f 158/9/1 162/7/1 159/4/1
f 406/8/1 410/10/1 409/2/1
f 158/9/1 163/11/1 162/7/1
f 405/12/1 410/10/1 406/8/1
f 157/13/1 163/11/1 158/9/1
f 405/12/1 411/14/1 410/10/1
f 157/13/1 164/15/1 163/11/1
f 404/16/1 411/14/1 405/12/1
f 156/17/1 164/15/1 157/13/1
f 404/16/1 412/18/1 411/14/1
f 156/17/1 165/19/1 164/15/1
f 156/17/1 166/20/1 165/19/1
f 403/21/1 412/18/1 404/16/1
f 155/22/1 166/20/1 156/17/1
f 403/21/1 413/23/1 412/18/1
f 155/22/1 167/24/1 166/20/1
f 402/25/1 413/23/1 403/21/1
f 154/26/1 167/24/1 155/22/1
f 402/25/1 414/27/1 413/23/1
f 154/26/1 168/28/1 167/24/1
f 401/29/1 414/27/1 402/25/1
f 153/30/1 168/28/1 154/26/1
f 401/29/1 415/31/1 414/27/1
f 153/30/1 169/32/1 168/28/1
f 400/33/1 415/31/1 401/29/1
f 152/34/1 169/32/1 153/30/1
f 152/34/1 170/35/1 169/32/1
f 400/33/1 416/36/1 415/31/1
f 434/37/1 436/38/1 435/39/1
f 437/40/1 295/41/1 436/38/1
f 437/40/1 380/42/1 295/41/1
f 380/42/2 296/43/2 295/41/2
f 152/34/1 171/44/1 170/35/1
f 399/45/1 416/36/1 400/33/1
f 151/46/1 171/44/1 152/34/1
f 399/45/1 417/47/1 416/36/1
f 151/46/1 172/48/1 171/44/1
f 398/49/1 417/47/1 399/45/1
f 150/50/1 172/48/1 151/46/1
f 398/49/1 418/51/1 417/47/1
f 150/50/1 173/52/1 172/48/1
f 397/53/1 418/51/1 398/49/1
f 149/54/1 173/52/1 150/50/1
f 149/54/1 174/55/1 173/52/1
f 397/53/1 419/56/1 418/51/1
f 396/57/1 419/56/1 397/53/1
f 148/58/1 174/55/1 149/54/1
f 148/58/1 175/59/1 174/55/1
f 396/57/1 420/60/1 419/56/1
f 148/58/1 176/61/1 175/59/1
f 395/62/1 420/60/1 396/57/1
f 147/63/1 176/61/1 148/58/1
f 395/62/1 421/64/1 420/60/1
f 147/63/1 177/65/1 176/61/1
f 394/66/1 421/64/1 395/62/1
f 146/67/1 177/65/1 147/63/1
f 294/68/1 437/40/1 434/37/1
f 294/68/1 383/69/1 437/40/1
f 383/69/1 380/42/1 437/40/1
f 394/66/1 346/70/1 421/64/1
f 346/70/1 345/71/1 421/64/1
f 345/71/1 422/72/1 421/64/1
f 146/67/1 98/73/1 177/65/1
f 98/73/3 97/74/3 177/65/3
f 97/74/1 178/75/1 177/65/1
f 393/76/1 347/77/1 394/66/1
f 347/77/1 346/70/1 394/66/1
f 145/78/1 99/79/1 146/67/1
f 99/79/1 98/73/1 146/67/1
f 344/80/1 422/72/1 345/71/1
f 96/81/3 178/75/3 97/74/3
f 393/76/1 348/82/1 347/77/1
f 145/78/1 100/83/1 99/79/1
f 343/84/1 422/72/1 344/80/1
f 95/85/1 178/75/1 96/81/1
f 342/86/1 422/72/1 343/84/1
f 94/87/1 178/75/1 95/85/1
f 393/76/1 349/88/1 348/82/1
f 145/78/1 101/89/1 100/83/1
f 341/90/1 422/72/1 342/86/1
f 93/91/1 178/75/1 94/87/1
f 340/92/1 422/72/1 341/90/1
f 92/93/1 178/75/1 93/91/1
f 393/76/1 350/94/1 349/88/1
f 145/78/1 102/95/1 101/89/1
f 339/96/1 422/72/1 340/92/1
f 91/97/1 178/75/1 92/93/1
f 393/76/1 351/98/1 350/94/1
f 145/78/1 103/99/1 102/95/1
f 338/100/1 422/72/1 339/96/1
f 90/101/1 178/75/1 91/97/1
f 90/101/1 179/102/1 178/75/1
f 338/100/1 423/103/1 422/72/1
f 337/104/1 423/103/1 338/100/1
f 89/105/1 179/102/1 90/101/1
f 393/76/1 352/106/1 351/98/1
f 145/78/1 104/107/1 103/99/1
f 336/108/1 423/103/1 337/104/1
f 88/109/1 179/102/1 89/105/1
f 392/110/1 352/106/1 393/76/1
f 144/111/1 104/107/1 145/78/1
f 335/112/1 423/103/1 336/108/1
f 87/113/1 179/102/1 88/109/1
f 392/110/1 353/114/1 352/106/1
f 144/111/1 105/115/1 104/107/1
f 334/116/1 423/103/1 335/112/1
f 86/117/1 179/102/1 87/113/1
f 333/118/1 423/103/1 334/116/1
f 85/119/1 179/102/1 86/117/1
f 85/119/1 180/120/1 179/102/1
f 392/110/1 354/121/1 353/114/1
f 144/111/1 106/122/1 105/115/1
f 332/123/1 423/103/1 333/118/1
f 84/124/1 180/120/1 85/119/1
f 332/123/1 424/125/1 423/103/1
f 391/126/1 354/121/1 392/110/1
f 143/127/1 106/122/1 144/111/1
f 391/126/1 355/128/1 354/121/1
f 143/127/1 107/129/1 106/122/1
f 331/130/1 424/125/1 332/123/1
f 83/131/1 180/120/1 84/124/1
f 330/132/1 424/125/1 331/130/1
f 82/133/1 180/120/1 83/131/1
f 391/126/1 356/134/1 355/128/1
f 143/127/1 108/135/1 107/129/1
f 82/133/1 181/136/1 180/120/1
f 329/137/1 424/125/1 330/132/1
f 81/138/1 181/136/1 82/133/1
f 390/139/1 356/134/1 391/126/1
f 142/140/1 108/135/1 143/127/1
f 328/141/1 424/125/1 329/137/1
f 80/142/1 181/136/1 81/138/1
f 328/141/1 425/143/1 424/125/1
f 390/139/1 357/144/1 356/134/1
f 142/140/1 109/145/1 108/135/1
f 327/146/1 425/143/1 328/141/1
f 79/147/1 181/136/1 80/142/1
f 79/147/1 182/148/1 181/136/1
f 390/139/1 358/149/1 357/144/1
f 142/140/1 110/150/1 109/145/1
f 326/151/1 425/143/1 327/146/1
f 78/152/1 182/148/1 79/147/1
f 389/153/1 358/149/1 390/139/1
f 141/154/1 110/150/1 142/140/1
f 325/155/1 425/143/1 326/151/1
f 77/156/1 182/148/1 78/152/1
f 325/155/1 426/157/1 425/143/1
f 389/153/1 359/158/1 358/149/1
f 141/154/1 111/159/1 110/150/1
f 324/160/1 426/157/1 325/155/1
f 76/161/1 182/148/1 77/156/1
f 76/161/1 183/162/1 182/148/1
f 388/163/1 359/158/1 389/153/1
f 140/164/1 111/159/1 141/154/1
f 388/163/1 360/165/1 359/158/1
f 140/164/1 112/166/1 111/159/1
f 323/167/1 426/157/1 324/160/1
f 75/168/1 183/162/1 76/161/1
f 323/167/1 427/169/1 426/157/1
f 322/170/1 427/169/1 323/167/1
f 74/171/1 183/162/1 75/168/1
f 74/171/1 184/172/1 183/162/1
f 388/163/1 361/173/1 360/165/1
f 140/164/1 113/174/1 112/166/1
f 387/175/1 361/173/1 388/163/1
f 139/176/1 113/174/1 140/164/1
f 321/177/1 427/169/1 322/170/1
f 73/178/1 184/172/1 74/171/1
f 320/179/1 427/169/1 321/177/1
f 72/180/1 184/172/1 73/178/1
f 319/181/1 427/169/1 320/179/1
f 71/182/1 184/172/1 72/180/1
f 387/175/1 362/183/1 361/173/1
f 139/176/1 114/184/1 113/174/1
f 318/185/1 427/169/1 319/181/1
f 70/186/1 184/172/1 71/182/1
f 317/187/1 427/169/1 318/185/1
f 69/188/1 184/172/1 70/186/1
f 317/187/1 428/189/1 427/169/1
f 386/190/1 362/183/1 387/175/1
f 138/191/1 114/184/1 139/176/1
f 69/188/1 185/192/1 184/172/1
f 316/193/1 428/189/1 317/187/1
f 68/194/1 185/192/1 69/188/1
f 315/195/1 428/189/1 316/193/1
f 67/196/1 185/192/1 68/194/1
f 314/197/1 428/189/1 315/195/1
f 66/198/1 185/192/1 67/196/1
f 386/190/1 363/199/1 362/183/1
f 138/191/1 115/200/1 114/184/1
f 313/201/1 428/189/1 314/197/1
f 65/202/1 185/192/1 66/198/1
f 65/202/1 186/203/1 185/192/1
f 312/204/1 428/189/1 313/201/1
f 64/205/1 186/203/1 65/202/1
f 311/206/1 428/189/1 312/204/1
f 63/207/1 186/203/1 64/205/1
f 310/208/1 428/189/1 311/206/1
f 62/209/1 186/203/1 63/207/1
f 385/210/1 363/199/1 386/190/1
f 137/211/1 115/200/1 138/191/1
f 62/209/1 187/212/1 186/203/1
f 309/213/1 428/189/1 310/208/1
f 61/214/1 187/212/1 62/209/1
f 309/213/1 429/215/1 428/189/1
f 385/210/1 364/216/1 363/199/1
f 137/211/1 116/217/1 115/200/1
f 308/218/1 429/215/1 309/213/1
f 60/219/1 187/212/1 61/214/1
f 307/220/1 429/215/1 308/218/1
f 59/221/1 187/212/1 60/219/1
f 59/221/1 188/222/1 187/212/1
f 306/223/1 429/215/1 307/220/1
f 58/224/1 188/222/1 59/221/1
f 305/225/1 429/215/1 306/223/1
f 57/226/1 188/222/1 58/224/1
f 304/227/1 429/215/1 305/225/1
f 56/228/1 188/222/1 57/226/1
f 384/229/1 364/216/1 385/210/1
f 136/230/1 116/217/1 137/211/1
f 56/228/1 189/231/1 188/222/1
f 384/229/1 365/232/1 364/216/1
f 136/230/1 117/233/1 116/217/1
f 303/234/1 429/215/1 304/227/1
f 55/235/1 189/231/1 56/228/1
f 302/236/1 429/215/1 303/234/1
f 54/237/1 189/231/1 55/235/1
f 301/238/1 429/215/1 302/236/1
f 53/239/1 189/231/1 54/237/1
f 301/238/1 135/240/1 429/215/1
f 135/240/1 430/241/1 429/215/1
f 53/239/1 190/242/1 189/231/1
f 300/243/1 135/240/1 301/238/1
f 52/244/1 190/242/1 53/239/1
f 299/245/1 135/240/1 300/243/1
f 51/246/1 190/242/1 52/244/1
f 294/68/1 382/247/1 383/69/1
f 380/42/1 384/229/1 383/69/1
f 380/42/1 379/248/1 384/229/1
f 379/248/1 378/249/1 384/229/1
f 378/249/1 377/250/1 384/229/1
f 377/250/1 376/251/1 384/229/1
f 376/251/1 375/252/1 384/229/1
f 375/252/1 374/253/1 384/229/1
f 374/253/1 373/254/1 384/229/1
f 373/254/1 372/255/1 384/229/1
f 372/255/1 371/256/1 384/229/1
f 371/256/1 370/257/1 384/229/1
f 370/257/1 369/258/1 384/229/1
f 369/258/1 368/259/1 384/229/1
f 368/259/1 367/260/1 384/229/1
f 367/260/1 366/261/1 384/229/1
f 366/261/1 365/232/1 384/229/1
f 299/245/1 134/262/1 135/240/1
f 430/241/1 136/230/1 135/240/1
f 430/241/1 117/233/1 136/230/1
f 430/241/1 118/263/1 117/233/1
f 298/264/1 134/262/1 299/245/1
f 50/265/1 190/242/1 51/246/1
f 50/265/1 191/266/1 190/242/1
f 297/267/1 134/262/1 298/264/1
f 49/268/1 191/266/1 50/265/1
f 49/268/1 192/269/1 191/266/1
f 430/241/1 119/270/1 118/263/1
f 431/271/1 119/270/1 430/241/1
f 49/268/1 193/272/1 192/269/1
f 431/271/1 120/273/1 119/270/1
f 49/268/1 194/274/1 193/272/1
f 432/275/1 120/273/1 431/271/1
f 49/268/1 195/276/1 194/274/1
f 432/275/1 121/277/1 120/273/1
f 49/268/1 196/278/1 195/276/1
f 433/279/1 133/280/1 432/275/1
f 133/280/1 132/281/1 432/275/1
f 132/281/1 131/282/1 432/275/1
f 131/282/1 130/283/1 432/275/1
f 130/283/1 129/284/1 432/275/1
f 129/284/1 128/285/1 432/275/1
f 128/285/1 127/286/1 432/275/1
f 127/286/1 126/287/1 432/275/1
f 126/287/1 125/288/1 432/275/1
f 125/288/1 124/289/1 432/275/1
f 124/289/1 123/290/1 432/275/1
f 123/290/1 122/291/1 432/275/1
f 122/291/1 121/277/1 432/275/1
f 49/268/1 197/292/1 196/278/1
f 381/293/1 296/43/1 380/42/1
f 382/247/1 296/43/1 381/293/1
f 134/262/1 433/279/1 133/280/1
f 294/68/1 296/43/1 382/247/1
f 297/267/1 433/279/1 134/262/1
f 256/294/1 258/295/1 257/296/1
f 256/294/1 259/297/1 258/295/1
f 255/298/1 259/297/1 256/294/1
f 255/298/1 260/299/1 259/297/1
f 254/300/1 260/299/1 255/298/1
f 254/300/1 261/301/1 260/299/1
f 254/300/1 262/302/1 261/301/1
f 253/303/1 262/302/1 254/300/1
f 253/303/1 263/304/1 262/302/1
f 252/305/1 263/304/1 253/303/1
f 252/305/1 264/306/1 263/304/1
f 251/307/1 264/306/1 252/305/1
f 251/307/1 265/308/1 264/306/1
f 251/307/1 266/309/1 265/308/1
f 250/310/1 266/309/1 251/307/1
f 250/310/1 267/311/1 266/309/1
f 249/312/1 267/311/1 250/310/1
f 49/268/1 198/313/1 197/292/1
f 49/268/1 199/314/1 198/313/1
f 249/312/1 268/315/1 267/311/1
f 49/268/1 200/316/1 199/314/1
f 248/317/1 268/315/1 249/312/1
f 49/268/1 201/318/1 200/316/1
f 49/268/1 202/319/1 201/318/1
f 248/317/1 269/320/1 268/315/1
f 49/268/1 203/321/1 202/319/1
f 48/322/1 203/321/1 49/268/1
f 47/323/1 203/321/1 48/322/1
f 47/323/1 204/324/1 203/321/1
f 46/325/1 204/324/1 47/323/1
f 247/326/1 269/320/1 248/317/1
f 46/325/1 205/327/1 204/324/1
f 45/328/1 205/327/1 46/325/1
f 44/329/1 205/327/1 45/328/1
f 44/329/1 206/330/1 205/327/1
f 43/331/1 206/330/1 44/329/1
f 247/326/1 270/332/1 269/320/1
f 43/331/1 207/333/1 206/330/1
f 42/334/1 207/333/1 43/331/1
f 42/334/1 208/335/1 207/333/1
f 41/336/1 208/335/1 42/334/1
f 246/337/1 270/332/1 247/326/1
f 41/336/1 209/338/1 208/335/1
f 40/339/1 209/338/1 41/336/1
f 40/339/1 210/340/1 209/338/1
f 39/341/1 210/340/1 40/339/1
f 39/341/1 211/342/1 210/340/1
f 38/343/1 211/342/1 39/341/1
f 246/337/1 271/344/1 270/332/1
f 38/343/1 212/345/1 211/342/1
f 37/346/1 212/345/1 38/343/1
f 37/346/1 213/347/1 212/345/1
f 245/348/1 271/344/1 246/337/1
f 36/349/1 213/347/1 37/346/1
f 36/349/1 214/350/1 213/347/1
f 35/351/1 214/350/1 36/349/1
f 35/351/1 215/352/1 214/350/1
f 34/353/1 215/352/1 35/351/1
f 34/353/1 216/354/1 215/352/1
f 33/355/1 216/354/1 34/353/1
f 33/355/1 217/356/1 216/354/1
f 245/348/1 272/357/1 271/344/1
f 244/358/1 272/357/1 245/348/1
f 33/355/1 218/359/1 217/356/1
f 32/360/1 218/359/1 33/355/1
f 32/360/1 219/361/1 218/359/1
f 31/362/1 219/361/1 32/360/1
f 31/362/1 220/363/1 219/361/1
f 30/364/1 220/363/1 31/362/1
f 30/364/1 221/365/1 220/363/1
f 30/364/1 222/366/1 221/365/1
f 29/367/1 222/366/1 30/364/1
f 243/368/1 272/357/1 244/358/1
f 243/368/1 273/369/1 272/357/1
f 28/370/1 222/366/1 29/367/1
f 27/371/1 222/366/1 28/370/1
f 27/371/1 223/372/1 222/366/1
f 26/373/1 223/372/1 27/371/1
f 242/374/1 273/369/1 243/368/1
f 25/375/1 223/372/1 26/373/1
f 24/376/1 223/372/1 25/375/1
f 242/374/1 274/377/1 273/369/1
f 24/376/1 224/378/1 223/372/1
f 241/379/1 274/377/1 242/374/1
f 24/376/1 225/380/1 224/378/1
f 23/381/1 225/380/1 24/376/1
f 240/382/1 274/377/1 241/379/1
f 240/382/1 275/383/1 274/377/1
f 23/381/1 226/384/1 225/380/1
f 239/385/1 275/383/1 240/382/1
f 23/381/1 227/386/1 226/384/1
f 22/387/1 227/386/1 23/381/1
f 238/388/1 275/383/1 239/385/1
f 22/387/1 228/389/1 227/386/1
f 238/388/1 276/390/1 275/383/1
f 237/391/1 276/390/1 238/388/1
f 22/387/1 229/392/1 228/389/1
f 21/393/1 229/392/1 22/387/1
f 236/394/1 276/390/1 237/391/1
f 21/393/1 230/395/1 229/392/1
f 235/396/1 276/390/1 236/394/1
f 21/393/1 231/397/1 230/395/1
f 234/398/1 276/390/1 235/396/1
f 234/398/1 277/399/1 276/390/1
f 21/393/1 232/400/1 231/397/1
f 233/401/1 277/399/1 234/398/1
f 21/393/1 233/401/1 232/400/1
f 21/393/1 277/399/1 233/401/1
f 20/402/1 277/399/1 21/393/1
f 20/402/1 278/403/1 277/399/1
f 19/404/1 278/403/1 20/402/1
f 19/404/1 279/405/1 278/403/1
f 18/406/1 279/405/1 19/404/1
f 18/406/1 280/407/1 279/405/1
f 17/408/1 280/407/1 18/406/1
f 16/409/1 280/407/1 17/408/1
f 16/409/1 281/410/1 280/407/1
f 15/411/1 281/410/1 16/409/1
f 15/411/1 282/412/1 281/410/1
f 14/413/1 282/412/1 15/411/1
f 14/413/1 283/414/1 282/412/1
f 13/415/1 283/414/1 14/413/1
f 13/415/1 284/416/1 283/414/1
f 12/417/1 284/416/1 13/415/1
f 12/417/1 285/418/1 284/416/1
f 11/419/1 285/418/1 12/417/1
f 11/419/1 286/420/1 285/418/1
f 10/421/1 286/420/1 11/419/1
f 9/422/1 286/420/1 10/421/1
f 9/422/1 287/423/1 286/420/1
f 8/424/1 287/423/1 9/422/1
f 8/424/1 288/425/1 287/423/1
f 7/426/1 288/425/1 8/424/1
f 7/426/1 289/427/1 288/425/1
f 6/428/1 289/427/1 7/426/1
f 6/428/1 290/429/1 289/427/1
f 5/430/1 290/429/1 6/428/1
f 5/430/1 291/431/1 290/429/1
f 4/432/1 291/431/1 5/430/1
f 4/432/1 292/433/1 291/431/1
f 3/434/1 292/433/1 4/432/1
f 3/434/1 293/435/1 292/433/1
f 2/436/1 293/435/1 3/434/1
f 2/436/1 1/39/1 293/435/1
f 636/437/1 638/438/1 637/439/1
f 635/440/1 638/438/1 636/437/1
f 635/440/1 639/441/1 638/438/1
f 634/442/1 639/441/1 635/440/1
f 634/442/1 640/443/1 639/441/1
f 633/444/1 640/443/1 634/442/1
f 633/444/1 641/445/1 640/443/1
f 632/71/1 641/445/1 633/444/1
f 632/71/1 642/446/1 641/445/1
f 631/447/1 642/446/1 632/71/1
f 631/447/1 643/448/1 642/446/1
f 630/449/1 643/448/1 631/447/1
f 630/449/1 644/450/1 643/448/1
f 629/451/1 644/450/1 630/449/1
f 629/451/1 645/259/1 644/450/1
f 628/452/1 645/259/1 629/451/1
f 628/452/1 646/453/1 645/259/1
f 627/454/1 646/453/1 628/452/1
f 627/454/1 647/455/1 646/453/1
f 626/456/1 647/455/1 627/454/1
f 626/456/1 648/457/1 647/455/1
f 625/458/1 648/457/1 626/456/1
f 625/458/1 649/459/1 648/457/1
f 624/460/1 649/459/1 625/458/1
f 624/460/1 650/461/1 649/459/1
f 623/462/1 650/461/1 624/460/1
f 623/462/1 651/463/1 650/461/1
f 622/464/1 651/463/1 623/462/1
f 622/464/1 652/465/1 651/463/1
f 621/466/1 652/465/1 622/464/1
f 621/466/1 653/467/1 652/465/1
f 620/468/1 653/467/1 621/466/1
f 620/468/1 654/469/1 653/467/1
f 619/170/1 654/469/1 620/468/1
f 619/170/1 655/470/1 654/469/1
f 618/471/1 655/470/1 619/170/1
f 618/471/1 656/472/1 655/470/1
f 617/473/1 656/472/1 618/471/1
f 617/473/1 657/474/1 656/472/1
f 616/475/1 657/474/1 617/473/1
f 616/475/1 658/126/1 657/474/1
f 615/476/1 658/126/1 616/475/1
f 615/476/1 659/477/1 658/126/1
f 614/478/1 659/477/1 615/476/1
f 614/478/1 660/479/1 659/477/1
f 613/480/1 660/479/1 614/478/1
f 613/480/1 661/481/1 660/479/1
f 612/482/1 661/481/1 613/480/1
f 612/482/1 662/483/1 661/481/1
f 611/484/1 662/483/1 612/482/1
f 611/484/1 663/485/1 662/483/1
f 610/486/1 663/485/1 611/484/1
f 610/486/1 664/487/1 663/485/1
f 609/488/1 664/487/1 610/486/1
f 609/488/1 665/489/1 664/487/1
f 608/490/1 665/489/1 609/488/1
f 608/490/1 666/491/1 665/489/1
f 607/492/1 666/491/1 608/490/1
f 607/492/1 667/493/1 666/491/1
f 606/245/1 667/493/1 607/492/1
f 606/245/1 668/494/1 667/493/1
f 605/495/1 668/494/1 606/245/1
f 605/495/1 669/496/1 668/494/1
f 604/497/1 669/496/1 605/495/1
f 604/497/1 670/498/1 669/496/1
f 603/499/1 670/498/1 604/497/1
f 603/499/1 671/27/1 670/498/1
f 602/500/1 671/27/1 603/499/1
f 602/500/1 672/501/1 671/27/1
f 601/502/1 672/501/1 602/500/1
f 601/502/1 673/503/1 672/501/1
f 600/504/1 673/503/1 601/502/1
f 600/504/1 674/505/1 673/503/1
f 599/506/1 674/505/1 600/504/1
f 599/506/1 675/507/1 674/505/1
f 598/508/1 675/507/1 599/506/1
f 598/508/1 676/509/1 675/507/1
f 597/510/1 676/509/1 598/508/1
f 597/510/1 677/511/1 676/509/1
f 596/512/1 677/511/1 597/510/1
f 596/512/1 678/513/1 677/511/1
f 595/514/1 678/513/1 596/512/1
f 595/514/1 679/515/1 678/513/1
f 594/516/1 679/515/1 595/514/1
f 594/516/1 680/517/1 679/515/1
f 593/399/1 680/517/1 594/516/1
f 593/399/1 681/518/1 680/517/1
f 592/519/1 681/518/1 593/399/1
f 592/519/1 682/520/1 681/518/1
f 591/521/1 682/520/1 592/519/1
f 591/521/1 683/522/1 682/520/1
f 590/523/1 683/522/1 591/521/1
f 590/523/1 684/40/1 683/522/1
f 589/524/3 684/40/3 590/523/3
f 585/525/1 587/526/1 586/39/1
f 588/527/1 487/528/1 587/526/1
f 588/527/1 488/529/1 487/528/1
f 486/530/1 588/527/1 585/525/1
f 486/530/1 488/529/1 588/527/1
f 547/531/1 549/532/1 548/533/1
f 547/531/1 550/534/1 549/532/1
f 546/535/1 550/534/1 547/531/1
f 546/535/1 551/536/1 550/534/1
f 545/537/1 551/536/1 546/535/1
f 545/537/1 552/538/1 551/536/1
f 545/537/1 553/539/1 552/538/1
f 544/540/1 553/539/1 545/537/1
f 544/540/1 554/335/1 553/539/1
f 543/541/1 554/335/1 544/540/1
f 543/541/1 555/542/1 554/335/1
f 543/541/1 556/543/1 555/542/1
f 542/544/1 556/543/1 543/541/1
f 542/544/1 557/545/1 556/543/1
f 541/192/1 557/545/1 542/544/1
f 541/192/1 558/546/1 557/545/1
f 540/547/1 558/546/1 541/192/1
f 486/530/1 489/91/1 488/529/1
f 540/547/1 559/548/1 558/546/1
f 486/530/1 490/549/1 489/91/1
f 486/530/1 491/550/1 490/549/1
f 539/551/1 559/548/1 540/547/1
f 486/530/1 492/552/1 491/550/1
f 539/551/1 560/553/1 559/548/1
f 486/530/1 493/554/1 492/552/1
f 486/530/1 494/555/1 493/554/1
f 485/556/1 494/555/1 486/530/1
f 484/557/1 494/555/1 485/556/1
f 484/557/1 495/558/1 494/555/1
f 483/559/1 495/558/1 484/557/1
f 538/560/1 560/553/1 539/551/1
f 483/559/1 496/561/1 495/558/1
f 482/562/1 496/561/1 483/559/1
f 538/560/1 561/563/1 560/553/1
f 481/564/1 496/561/1 482/562/1
f 481/564/1 497/565/1 496/561/1
f 480/566/1 497/565/1 481/564/1
f 480/566/1 498/567/1 497/565/1
f 479/568/1 498/567/1 480/566/1
f 479/568/1 499/569/1 498/567/1
f 478/570/1 499/569/1 479/568/1
f 537/571/1 561/563/1 538/560/1
f 478/570/1 500/572/1 499/569/1
f 477/186/1 500/572/1 478/570/1
f 477/186/1 501/573/1 500/572/1
f 537/571/1 562/574/1 561/563/1
f 476/575/1 501/573/1 477/186/1
f 476/575/1 502/217/1 501/573/1
f 475/576/1 502/217/1 476/575/1
f 475/576/1 503/577/1 502/217/1
f 474/578/1 503/577/1 475/576/1
f 474/578/1 504/579/1 503/577/1
f 536/580/1 562/574/1 537/571/1
f 473/581/1 504/579/1 474/578/1
f 473/581/1 505/582/1 504/579/1
f 472/583/1 505/582/1 473/581/1
f 472/583/1 506/584/1 505/582/1
f 536/580/1 563/585/1 562/574/1
f 471/586/1 506/584/1 472/583/1
f 471/586/1 507/587/1 506/584/1
f 470/588/1 507/587/1 471/586/1
f 470/588/1 508/589/1 507/587/1
f 535/590/1 563/585/1 536/580/1
f 470/588/1 509/591/1 508/589/1
f 469/592/1 509/591/1 470/588/1
f 469/592/1 510/593/1 509/591/1
f 468/594/1 510/593/1 469/592/1
f 468/594/1 511/595/1 510/593/1
f 467/596/1 511/595/1 468/594/1
f 467/596/1 512/597/1 511/595/1
f 535/590/1 564/598/1 563/585/1
f 467/596/1 513/599/1 512/597/1
f 466/600/1 513/599/1 467/596/1
f 534/601/1 564/598/1 535/590/1
f 465/602/1 513/599/1 466/600/1
f 464/323/1 513/599/1 465/602/1
f 464/323/1 514/603/1 513/599/1
f 463/604/1 514/603/1 464/323/1
f 533/605/1 564/598/1 534/601/1
f 533/605/1 565/606/1 564/598/1
f 462/607/1 514/603/1 463/604/1
f 461/608/1 514/603/1 462/607/1
f 461/608/1 515/176/1 514/603/1
f 532/609/1 565/606/1 533/605/1
f 461/608/1 516/610/1 515/176/1
f 532/609/1 566/611/1 565/606/1
f 460/612/1 516/610/1 461/608/1
f 531/613/1 566/611/1 532/609/1
f 460/612/1 517/614/1 516/610/1
f 530/615/1 566/611/1 531/613/1
f 460/612/1 518/616/1 517/614/1
f 459/617/1 518/616/1 460/612/1
f 530/615/1 567/397/1 566/611/1
f 529/618/1 567/397/1 530/615/1
f 459/617/1 519/619/1 518/616/1
f 528/7/1 567/397/1 529/618/1
f 459/617/1 520/620/1 519/619/1
f 458/621/1 520/620/1 459/617/1
f 527/622/1 567/397/1 528/7/1
f 458/621/1 521/623/1 520/620/1
f 527/622/1 568/624/1 567/397/1
f 526/625/1 568/624/1 527/622/1
f 458/621/1 522/626/1 521/623/1
f 525/627/1 568/624/1 526/625/1
f 458/621/1 523/628/1 522/626/1
f 524/629/1 568/624/1 525/627/1
f 458/621/1 524/629/1 523/628/1
f 458/621/1 568/624/1 524/629/1
f 457/630/1 568/624/1 458/621/1
f 457/630/1 569/631/1 568/624/1
f 456/632/1 569/631/1 457/630/1
f 456/632/1 570/633/1 569/631/1
f 455/634/1 570/633/1 456/632/1
f 455/634/1 571/635/1 570/633/1
f 454/636/1 571/635/1 455/634/1
f 454/636/1 572/637/1 571/635/1
f 453/638/1 572/637/1 454/636/1
f 453/638/1 573/639/1 572/637/1
f 452/640/1 573/639/1 453/638/1
f 451/376/1 573/639/1 452/640/1
f 451/376/1 574/641/1 573/639/1
f 450/642/1 574/641/1 451/376/1
f 450/642/1 575/643/1 574/641/1
f 449/644/1 575/643/1 450/642/1
f 449/644/1 576/645/1 575/643/1
f 448/646/1 576/645/1 449/644/1
f 448/646/1 577/647/1 576/645/1
f 447/648/1 577/647/1 448/646/1
f 447/648/1 578/649/1 577/647/1
f 446/650/1 578/649/1 447/648/1
f 446/650/1 579/651/1 578/649/1
f 445/652/1 579/651/1 446/650/1
f 444/653/1 579/651/1 445/652/1
f 444/653/1 580/300/1 579/651/1
f 443/654/1 580/300/1 444/653/1
f 443/654/1 581/655/1 580/300/1
f 442/656/1 581/655/1 443/654/1
f 442/656/1 582/657/1 581/655/1
f 441/658/1 582/657/1 442/656/1
f 441/658/1 583/659/1 582/657/1
f 440/660/1 583/659/1 441/658/1
f 440/660/1 584/661/1 583/659/1
f 439/662/1 584/661/1 440/660/1
f 439/662/1 438/39/1 584/661/1
f 733/663/1 735/664/1 734/665/1
f 733/663/1 736/666/1 735/664/1
f 833/667/1 835/668/1 834/669/1
f 833/667/1 836/40/1 835/668/1
f 795/670/1 797/671/1 796/672/1
f 795/670/1 798/673/1 797/671/1
f 794/674/1 798/673/1 795/670/1
f 794/674/1 799/675/1 798/673/1
f 793/676/1 799/675/1 794/674/1
f 793/676/1 800/677/1 799/675/1
f 793/676/1 801/678/1 800/677/1
f 792/679/1 801/678/1 793/676/1
f 792/679/1 802/680/1 801/678/1
f 791/681/1 802/680/1 792/679/1
f 791/681/1 803/682/1 802/680/1
f 791/681/1 804/683/1 803/682/1
f 790/684/1 804/683/1 791/681/1
f 790/684/1 805/685/1 804/683/1
f 789/686/1 805/685/1 790/684/1
f 789/686/1 806/687/1 805/685/1
f 788/688/1 806/687/1 789/686/1
f 733/663/1 737/689/1 736/666/1
f 788/688/1 807/690/1 806/687/1
f 733/663/1 738/691/1 737/689/1
f 733/663/1 739/692/1 738/691/1
f 787/693/1 807/690/1 788/688/1
f 733/663/1 740/694/1 739/692/1
f 787/693/1 808/695/1 807/690/1
f 733/663/1 741/696/1 740/694/1
f 733/663/1 742/697/1 741/696/1
f 732/698/1 742/697/1 733/663/1
f 731/699/1 742/697/1 732/698/1
f 731/699/1 743/700/1 742/697/1
f 730/701/1 743/700/1 731/699/1
f 786/702/1 808/695/1 787/693/1
f 730/701/1 744/703/1 743/700/1
f 729/704/1 744/703/1 730/701/1
f 786/702/1 809/705/1 808/695/1
f 728/706/1 744/703/1 729/704/1
f 728/706/1 745/707/1 744/703/1
f 727/708/1 745/707/1 728/706/1
f 727/708/1 746/709/1 745/707/1
f 726/710/1 746/709/1 727/708/1
f 726/710/1 747/711/1 746/709/1
f 725/712/1 747/711/1 726/710/1
f 785/713/1 809/705/1 786/702/1
f 725/712/1 748/714/1 747/711/1
f 724/715/1 748/714/1 725/712/1
f 724/715/1 749/716/1 748/714/1
f 785/713/1 810/717/1 809/705/1
f 723/718/1 749/716/1 724/715/1
f 723/718/1 750/719/1 749/716/1
f 722/720/1 750/719/1 723/718/1
f 722/720/1 751/721/1 750/719/1
f 721/722/1 751/721/1 722/720/1
f 721/722/1 752/723/1 751/721/1
f 784/724/1 810/717/1 785/713/1
f 720/725/1 752/723/1 721/722/1
f 720/725/1 753/726/1 752/723/1
f 719/727/1 753/726/1 720/725/1
f 719/727/1 754/728/1 753/726/1
f 784/724/1 811/729/1 810/717/1
f 718/730/1 754/728/1 719/727/1
f 718/730/1 755/731/1 754/728/1
f 717/732/1 755/731/1 718/730/1
f 717/732/1 756/733/1 755/731/1
f 783/734/1 811/729/1 784/724/1
f 717/732/1 757/735/1 756/733/1
f 716/736/1 757/735/1 717/732/1
f 716/736/1 758/737/1 757/735/1
f 715/738/1 758/737/1 716/736/1
f 715/738/1 759/739/1 758/737/1
f 714/740/1 759/739/1 715/738/1
f 714/740/1 760/741/1 759/739/1
f 783/734/1 812/742/1 811/729/1
f 714/740/1 761/743/1 760/741/1
f 713/744/1 761/743/1 714/740/1
f 782/745/1 812/742/1 783/734/1
f 712/746/1 761/743/1 713/744/1
f 711/747/1 761/743/1 712/746/1
f 711/747/1 762/748/1 761/743/1
f 710/749/1 762/748/1 711/747/1
f 781/750/1 812/742/1 782/745/1
f 781/750/1 813/751/1 812/742/1
f 709/752/1 762/748/1 710/749/1
f 708/753/1 762/748/1 709/752/1
f 708/753/1 763/754/1 762/748/1
f 780/755/1 813/751/1 781/750/1
f 708/753/1 764/756/1 763/754/1
f 780/755/1 814/757/1 813/751/1
f 707/758/1 764/756/1 708/753/1
f 779/759/1 814/757/1 780/755/1
f 707/758/1 765/760/1 764/756/1
f 778/761/1 814/757/1 779/759/1
f 707/758/1 766/762/1 765/760/1
f 706/763/1 766/762/1 707/758/1
f 778/761/1 815/764/1 814/757/1
f 777/765/1 815/764/1 778/761/1
f 706/763/1 767/766/1 766/762/1
f 776/767/1 815/764/1 777/765/1
f 706/763/1 768/768/1 767/766/1
f 705/769/1 768/768/1 706/763/1
f 775/770/1 815/764/1 776/767/1
f 705/769/1 769/771/1 768/768/1
f 775/770/1 816/772/1 815/764/1
f 774/773/1 816/772/1 775/770/1
f 705/769/1 770/774/1 769/771/1
f 773/775/1 816/772/1 774/773/1
f 705/769/1 771/776/1 770/774/1
f 772/777/1 816/772/1 773/775/1
f 705/769/1 772/777/1 771/776/1
f 705/769/1 816/772/1 772/777/1
f 704/778/1 816/772/1 705/769/1
f 704/778/1 817/779/1 816/772/1
f 703/780/1 817/779/1 704/778/1
f 703/780/1 818/781/1 817/779/1
f 702/782/1 818/781/1 703/780/1
f 702/782/1 819/783/1 818/781/1
f 701/784/1 819/783/1 702/782/1
f 701/784/1 820/785/1 819/783/1
f 700/786/1 820/785/1 701/784/1
f 700/786/1 821/787/1 820/785/1
f 699/788/1 821/787/1 700/786/1
f 698/789/1 821/787/1 699/788/1
f 698/789/1 822/790/1 821/787/1
f 697/791/1 822/790/1 698/789/1
f 697/791/1 823/792/1 822/790/1
f 696/793/1 823/792/1 697/791/1
f 696/793/1 824/794/1 823/792/1
f 695/795/1 824/794/1 696/793/1
f 695/795/1 825/796/1 824/794/1
f 694/797/1 825/796/1 695/795/1
f 694/797/1 826/798/1 825/796/1
f 693/799/1 826/798/1 694/797/1
f 693/799/1 827/800/1 826/798/1
f 692/801/1 827/800/1 693/799/1
f 691/802/1 827/800/1 692/801/1
f 691/802/1 828/803/1 827/800/1
f 690/804/1 828/803/1 691/802/1
f 690/804/1 829/805/1 828/803/1
f 689/806/1 829/805/1 690/804/1
f 689/806/1 830/807/1 829/805/1
f 688/808/1 830/807/1 689/806/1
f 688/808/1 831/809/1 830/807/1
f 687/810/1 831/809/1 688/808/1
f 687/810/1 832/811/1 831/809/1
f 686/812/1 832/811/1 687/810/1
f 686/812/1 685/39/1 832/811/1
f 1243/1/4 1244/3/4 1245/2/4
f 995/4/4 996/6/4 997/5/4
f 995/4/4 997/5/4 998/7/4
f 1242/8/4 1243/1/4 1245/2/4
f 994/9/4 995/4/4 998/7/4
f 1242/8/4 1245/2/4 1246/10/4
f 994/9/4 998/7/4 999/11/4
f 1241/12/4 1242/8/4 1246/10/4
f 993/13/4 994/9/4 999/11/4
f 1241/12/4 1246/10/4 1247/14/4
f 993/13/4 999/11/4 1000/15/4
f 1240/16/4 1241/12/4 1247/14/4
f 992/17/4 993/13/4 1000/15/4
f 1240/16/4 1247/14/4 1248/18/4
f 992/17/4 1000/15/4 1001/19/4
f 992/17/4 1001/19/4 1002/20/4
f 1239/21/4 1240/16/4 1248/18/4
f 991/22/4 992/17/4 1002/20/4
f 1239/21/4 1248/18/4 1249/23/4
f 991/22/4 1002/20/4 1003/24/4
f 1238/25/4 1239/21/4 1249/23/4
f 990/26/4 991/22/4 1003/24/4
f 1238/25/4 1249/23/4 1250/27/4
f 990/26/4 1003/24/4 1004/28/4
f 1237/29/4 1238/25/4 1250/27/4
f 989/30/4 990/26/4 1004/28/4
f 1237/29/4 1250/27/4 1251/31/4
f 989/30/4 1004/28/4 1005/32/4
f 1236/33/4 1237/29/4 1251/31/4
f 988/34/4 989/30/4 1005/32/4
f 988/34/4 1005/32/4 1006/35/4
f 1236/33/4 1251/31/4 1252/36/4
f 1272/38/4 1270/37/4 1271/39/4
f 1273/40/4 1272/38/4 1131/41/4
f 1273/40/4 1131/41/4 1216/42/4
f 1216/42/5 1131/41/5 1132/43/5
f 988/34/4 1006/35/4 1007/44/4
f 1235/45/4 1236/33/4 1252/36/4
f 987/46/4 988/34/4 1007/44/4
f 1235/45/4 1252/36/4 1253/47/4
f 987/46/4 1007/44/4 1008/48/4
f 1234/49/4 1235/45/4 1253/47/4
f 986/50/4 987/46/4 1008/48/4
f 1234/49/4 1253/47/4 1254/51/4
f 986/50/4 1008/48/4 1009/52/4
f 1233/53/4 1234/49/4 1254/51/4
f 985/54/4 986/50/4 1009/52/4
f 985/54/4 1009/52/4 1010/55/4
f 1233/53/4 1254/51/4 1255/56/4
f 1232/57/4 1233/53/4 1255/56/4
f 984/58/4 985/54/4 1010/55/4
f 984/58/4 1010/55/4 1011/59/4
f 1232/57/4 1255/56/4 1256/60/4
f 984/58/4 1011/59/4 1012/61/4
f 1231/62/4 1232/57/4 1256/60/4
f 983/63/4 984/58/4 1012/61/4
f 1231/62/4 1256/60/4 1257/64/4
f 983/63/4 1012/61/4 1013/65/4
f 1230/66/4 1231/62/4 1257/64/4
f 982/67/4 983/63/4 1013/65/4
f 1130/68/4 1270/37/4 1273/40/4
f 1130/68/4 1273/40/4 1219/69/4
f 1219/69/4 1273/40/4 1216/42/4
f 1230/66/4 1257/64/4 1182/70/4
f 1182/70/4 1257/64/4 1181/71/4
f 1181/71/4 1257/64/4 1258/72/4
f 982/67/4 1013/65/4 934/73/4
f 934/73/6 1013/65/6 933/74/6
f 933/74/4 1013/65/4 1014/75/4
f 1229/76/4 1230/66/4 1183/77/4
f 1183/77/4 1230/66/4 1182/70/4
f 981/78/4 982/67/4 935/79/4
f 935/79/4 982/67/4 934/73/4
f 1180/80/4 1181/71/4 1258/72/4
f 932/81/4 933/74/4 1014/75/4
f 1229/76/4 1183/77/4 1184/82/4
f 981/78/4 935/79/4 936/83/4
f 1179/84/4 1180/80/4 1258/72/4
f 931/85/4 932/81/4 1014/75/4
f 1178/86/4 1179/84/4 1258/72/4
f 930/87/4 931/85/4 1014/75/4
f 1229/76/4 1184/82/4 1185/88/4
f 981/78/4 936/83/4 937/89/4
f 1177/90/4 1178/86/4 1258/72/4
f 929/91/4 930/87/4 1014/75/4
f 1176/92/4 1177/90/4 1258/72/4
f 928/93/4 929/91/4 1014/75/4
f 1229/76/4 1185/88/4 1186/94/4
f 981/78/4 937/89/4 938/95/4
f 1175/96/4 1176/92/4 1258/72/4
f 927/97/4 928/93/4 1014/75/4
f 1229/76/4 1186/94/4 1187/98/4
f 981/78/4 938/95/4 939/99/4
f 1174/100/4 1175/96/4 1258/72/4
f 926/101/4 927/97/4 1014/75/4
f 926/101/4 1014/75/4 1015/102/4
f 1174/100/4 1258/72/4 1259/103/4
f 1173/104/4 1174/100/4 1259/103/4
f 925/105/4 926/101/4 1015/102/4
f 1229/76/4 1187/98/4 1188/106/4
f 981/78/4 939/99/4 940/107/4
f 1172/108/4 1173/104/4 1259/103/4
f 924/109/4 925/105/4 1015/102/4
f 1228/110/4 1229/76/4 1188/106/4
f 980/111/4 981/78/4 940/107/4
f 1171/112/4 1172/108/4 1259/103/4
f 923/113/4 924/109/4 1015/102/4
f 1228/110/4 1188/106/4 1189/114/4
f 980/111/4 940/107/4 941/115/4
f 1170/116/4 1171/112/4 1259/103/4
f 922/117/4 923/113/4 1015/102/4
f 1169/118/4 1170/116/4 1259/103/4
f 921/119/4 922/117/4 1015/102/4
f 921/119/4 1015/102/4 1016/120/4
f 1228/110/4 1189/114/4 1190/121/4
f 980/111/4 941/115/4 942/122/4
f 1168/123/4 1169/118/4 1259/103/4
f 920/124/4 921/119/4 1016/120/4
f 1168/123/4 1259/103/4 1260/125/4
f 1227/126/4 1228/110/4 1190/121/4
f 979/127/4 980/111/4 942/122/4
f 1227/126/4 1190/121/4 1191/128/4
f 979/127/4 942/122/4 943/129/4
f 1167/130/4 1168/123/4 1260/125/4
f 919/131/4 920/124/4 1016/120/4
f 1166/132/4 1167/130/4 1260/125/4
f 918/133/4 919/131/4 1016/120/4
f 1227/126/4 1191/128/4 1192/134/4
f 979/127/4 943/129/4 944/135/4
f 918/133/4 1016/120/4 1017/136/4
f 1165/137/4 1166/132/4 1260/125/4
f 917/138/4 918/133/4 1017/136/4
f 1226/139/4 1227/126/4 1192/134/4
f 978/140/4 979/127/4 944/135/4
f 1164/141/4 1165/137/4 1260/125/4
f 916/142/4 917/138/4 1017/136/4
f 1164/141/4 1260/125/4 1261/143/4
f 1226/139/4 1192/134/4 1193/144/4
f 978/140/4 944/135/4 945/145/4
f 1163/146/4 1164/141/4 1261/143/4
f 915/147/4 916/142/4 1017/136/4
f 915/147/4 1017/136/4 1018/148/4
f 1226/139/4 1193/144/4 1194/149/4
f 978/140/4 945/145/4 946/150/4
f 1162/151/4 1163/146/4 1261/143/4
f 914/152/4 915/147/4 1018/148/4
f 1225/153/4 1226/139/4 1194/149/4
f 977/154/4 978/140/4 946/150/4
f 1161/155/4 1162/151/4 1261/143/4
f 913/156/4 914/152/4 1018/148/4
f 1161/155/4 1261/143/4 1262/157/4
f 1225/153/4 1194/149/4 1195/158/4
f 977/154/4 946/150/4 947/159/4
f 1160/160/4 1161/155/4 1262/157/4
f 912/161/4 913/156/4 1018/148/4
f 912/161/4 1018/148/4 1019/162/4
f 1224/163/4 1225/153/4 1195/158/4
f 976/164/4 977/154/4 947/159/4
f 1224/163/4 1195/158/4 1196/165/4
f 976/164/4 947/159/4 948/166/4
f 1159/167/4 1160/160/4 1262/157/4
f 911/168/4 912/161/4 1019/162/4
f 1159/167/4 1262/157/4 1263/169/4
f 1158/170/4 1159/167/4 1263/169/4
f 910/171/4 911/168/4 1019/162/4
f 910/171/4 1019/162/4 1020/172/4
f 1224/163/4 1196/165/4 1197/173/4
f 976/164/4 948/166/4 949/174/4
f 1223/175/4 1224/163/4 1197/173/4
f 975/176/4 976/164/4 949/174/4
f 1157/177/4 1158/170/4 1263/169/4
f 909/178/4 910/171/4 1020/172/4
f 1156/179/4 1157/177/4 1263/169/4
f 908/180/4 909/178/4 1020/172/4
f 1155/181/4 1156/179/4 1263/169/4
f 907/182/4 908/180/4 1020/172/4
f 1223/175/4 1197/173/4 1198/183/4
f 975/176/4 949/174/4 950/184/4
f 1154/185/4 1155/181/4 1263/169/4
f 906/186/4 907/182/4 1020/172/4
f 1153/187/4 1154/185/4 1263/169/4
f 905/188/4 906/186/4 1020/172/4
f 1153/187/4 1263/169/4 1264/189/4
f 1222/190/4 1223/175/4 1198/183/4
f 974/191/4 975/176/4 950/184/4
f 905/188/4 1020/172/4 1021/192/4
f 1152/193/4 1153/187/4 1264/189/4
f 904/194/4 905/188/4 1021/192/4
f 1151/195/4 1152/193/4 1264/189/4
f 903/196/4 904/194/4 1021/192/4
f 1150/197/4 1151/195/4 1264/189/4
f 902/198/4 903/196/4 1021/192/4
f 1222/190/4 1198/183/4 1199/199/4
f 974/191/4 950/184/4 951/200/4
f 1149/201/4 1150/197/4 1264/189/4
f 901/202/4 902/198/4 1021/192/4
f 901/202/4 1021/192/4 1022/203/4
f 1148/204/4 1149/201/4 1264/189/4
f 900/205/4 901/202/4 1022/203/4
f 1147/206/4 1148/204/4 1264/189/4
f 899/207/4 900/205/4 1022/203/4
f 1146/208/4 1147/206/4 1264/189/4
f 898/209/4 899/207/4 1022/203/4
f 1221/210/4 1222/190/4 1199/199/4
f 973/211/4 974/191/4 951/200/4
f 898/209/4 1022/203/4 1023/212/4
f 1145/213/4 1146/208/4 1264/189/4
f 897/214/4 898/209/4 1023/212/4
f 1145/213/4 1264/189/4 1265/215/4
f 1221/210/4 1199/199/4 1200/216/4
f 973/211/4 951/200/4 952/217/4
f 1144/218/4 1145/213/4 1265/215/4
f 896/219/4 897/214/4 1023/212/4
f 1143/220/4 1144/218/4 1265/215/4
f 895/221/4 896/219/4 1023/212/4
f 895/221/4 1023/212/4 1024/222/4
f 1142/223/4 1143/220/4 1265/215/4
f 894/224/4 895/221/4 1024/222/4
f 1141/225/4 1142/223/4 1265/215/4
f 893/226/4 894/224/4 1024/222/4
f 1140/227/4 1141/225/4 1265/215/4
f 892/228/4 893/226/4 1024/222/4
f 1220/229/4 1221/210/4 1200/216/4
f 972/230/4 973/211/4 952/217/4
f 892/228/4 1024/222/4 1025/231/4
f 1220/229/4 1200/216/4 1201/232/4
f 972/230/4 952/217/4 953/233/4
f 1139/234/4 1140/227/4 1265/215/4
f 891/235/4 892/228/4 1025/231/4
f 1138/236/4 1139/234/4 1265/215/4
f 890/237/4 891/235/4 1025/231/4
f 1137/238/4 1138/236/4 1265/215/4
f 889/239/4 890/237/4 1025/231/4
f 1137/238/4 1265/215/4 971/240/4
f 971/240/4 1265/215/4 1266/241/4
f 889/239/4 1025/231/4 1026/242/4
f 1136/243/4 1137/238/4 971/240/4
f 888/244/4 889/239/4 1026/242/4
f 1135/245/4 1136/243/4 971/240/4
f 887/246/4 888/244/4 1026/242/4
f 1130/68/4 1219/69/4 1218/247/4
f 1216/42/4 1219/69/4 1220/229/4
f 1216/42/4 1220/229/4 1215/248/4
f 1215/248/4 1220/229/4 1214/249/4
f 1214/249/4 1220/229/4 1213/250/4
f 1213/250/4 1220/229/4 1212/251/4
f 1212/251/4 1220/229/4 1211/252/4
f 1211/252/4 1220/229/4 1210/253/4
f 1210/253/4 1220/229/4 1209/254/4
f 1209/254/4 1220/229/4 1208/255/4
f 1208/255/4 1220/229/4 1207/256/4
f 1207/256/4 1220/229/4 1206/257/4
f 1206/257/4 1220/229/4 1205/258/4
f 1205/258/4 1220/229/4 1204/259/4
f 1204/259/4 1220/229/4 1203/260/4
f 1203/260/4 1220/229/4 1202/261/4
f 1202/261/4 1220/229/4 1201/232/4
f 1135/245/4 971/240/4 970/262/4
f 1266/241/4 971/240/4 972/230/4
f 1266/241/4 972/230/4 953/233/4
f 1266/241/4 953/233/4 954/263/4
f 1134/264/4 1135/245/4 970/262/4
f 886/265/4 887/246/4 1026/242/4
f 886/265/4 1026/242/4 1027/266/4
f 1133/267/4 1134/264/4 970/262/4
f 885/268/4 886/265/4 1027/266/4
f 885/268/4 1027/266/4 1028/269/4
f 1266/241/4 954/263/4 955/270/4
f 1267/271/4 1266/241/4 955/270/4
f 885/268/4 1028/269/4 1029/272/4
f 1267/271/4 955/270/4 956/273/4
f 885/268/4 1029/272/4 1030/274/4
f 1268/275/4 1267/271/4 956/273/4
f 885/268/4 1030/274/4 1031/276/4
f 1268/275/4 956/273/4 957/277/4
f 885/268/4 1031/276/4 1032/278/4
f 1269/279/4 1268/275/4 969/280/4
f 969/280/4 1268/275/4 968/281/4
f 968/281/4 1268/275/4 967/282/4
f 967/282/4 1268/275/4 966/283/4
f 966/283/4 1268/275/4 965/284/4
f 965/284/4 1268/275/4 964/285/4
f 964/285/4 1268/275/4 963/286/4
f 963/286/4 1268/275/4 962/287/4
f 962/287/4 1268/275/4 961/288/4
f 961/288/4 1268/275/4 960/289/4
f 960/289/4 1268/275/4 959/290/4
f 959/290/4 1268/275/4 958/291/4
f 958/291/4 1268/275/4 957/277/4
f 885/268/4 1032/278/4 1033/292/4
f 1217/293/4 1216/42/4 1132/43/4
f 1218/247/4 1217/293/4 1132/43/4
f 970/262/4 969/280/4 1269/279/4
f 1130/68/4 1218/247/4 1132/43/4
f 1133/267/4 970/262/4 1269/279/4
f 1092/294/4 1093/296/4 1094/295/4
f 1092/294/4 1094/295/4 1095/297/4
f 1091/298/4 1092/294/4 1095/297/4
f 1091/298/4 1095/297/4 1096/299/4
f 1090/300/4 1091/298/4 1096/299/4
f 1090/300/4 1096/299/4 1097/301/4
f 1090/300/4 1097/301/4 1098/302/4
f 1089/303/4 1090/300/4 1098/302/4
f 1089/303/4 1098/302/4 1099/304/4
f 1088/305/4 1089/303/4 1099/304/4
f 1088/305/4 1099/304/4 1100/306/4
f 1087/307/4 1088/305/4 1100/306/4
f 1087/307/4 1100/306/4 1101/308/4
f 1087/307/4 1101/308/4 1102/309/4
f 1086/310/4 1087/307/4 1102/309/4
f 1086/310/4 1102/309/4 1103/311/4
f 1085/312/4 1086/310/4 1103/311/4
f 885/268/4 1033/292/4 1034/313/4
f 885/268/4 1034/313/4 1035/314/4
f 1085/312/4 1103/311/4 1104/315/4
f 885/268/4 1035/314/4 1036/316/4
f 1084/317/4 1085/312/4 1104/315/4
f 885/268/4 1036/316/4 1037/318/4
f 885/268/4 1037/318/4 1038/319/4
f 1084/317/4 1104/315/4 1105/320/4
f 885/268/4 1038/319/4 1039/321/4
f 884/322/4 885/268/4 1039/321/4
f 883/323/4 884/322/4 1039/321/4
f 883/323/4 1039/321/4 1040/324/4
f 882/325/4 883/323/4 1040/324/4
f 1083/326/4 1084/317/4 1105/320/4
f 882/325/4 1040/324/4 1041/327/4
f 881/328/4 882/325/4 1041/327/4
f 880/329/4 881/328/4 1041/327/4
f 880/329/4 1041/327/4 1042/330/4
f 879/331/4 880/329/4 1042/330/4
f 1083/326/4 1105/320/4 1106/332/4
f 879/331/4 1042/330/4 1043/333/4
f 878/334/4 879/331/4 1043/333/4
f 878/334/4 1043/333/4 1044/335/4
f 877/336/4 878/334/4 1044/335/4
f 1082/337/4 1083/326/4 1106/332/4
f 877/336/4 1044/335/4 1045/338/4
f 876/339/4 877/336/4 1045/338/4
f 876/339/4 1045/338/4 1046/340/4
f 875/341/4 876/339/4 1046/340/4
f 875/341/4 1046/340/4 1047/342/4
f 874/343/4 875/341/4 1047/342/4
f 1082/337/4 1106/332/4 1107/344/4
f 874/343/4 1047/342/4 1048/345/4
f 873/346/4 874/343/4 1048/345/4
f 873/346/4 1048/345/4 1049/347/4
f 1081/348/4 1082/337/4 1107/344/4
f 872/349/4 873/346/4 1049/347/4
f 872/349/4 1049/347/4 1050/350/4
f 871/351/4 872/349/4 1050/350/4
f 871/351/4 1050/350/4 1051/352/4
f 870/353/4 871/351/4 1051/352/4
f 870/353/4 1051/352/4 1052/354/4
f 869/355/4 870/353/4 1052/354/4
f 869/355/4 1052/354/4 1053/356/4
f 1081/348/4 1107/344/4 1108/357/4
f 1080/358/4 1081/348/4 1108/357/4
f 869/355/4 1053/356/4 1054/359/4
f 868/360/4 869/355/4 1054/359/4
f 868/360/4 1054/359/4 1055/361/4
f 867/362/4 868/360/4 1055/361/4
f 867/362/4 1055/361/4 1056/363/4
f 866/364/4 867/362/4 1056/363/4
f 866/364/4 1056/363/4 1057/365/4
f 866/364/4 1057/365/4 1058/366/4
f 865/367/4 866/364/4 1058/366/4
f 1079/368/4 1080/358/4 1108/357/4
f 1079/368/4 1108/357/4 1109/369/4
f 864/370/4 865/367/4 1058/366/4
f 863/371/4 864/370/4 1058/366/4
f 863/371/4 1058/366/4 1059/372/4
f 862/373/4 863/371/4 1059/372/4
f 1078/374/4 1079/368/4 1109/369/4
f 861/375/4 862/373/4 1059/372/4
f 860/376/4 861/375/4 1059/372/4
f 1078/374/4 1109/369/4 1110/377/4
f 860/376/4 1059/372/4 1060/378/4
f 1077/379/4 1078/374/4 1110/377/4
f 860/376/4 1060/378/4 1061/380/4
f 859/381/4 860/376/4 1061/380/4
f 1076/382/4 1077/379/4 1110/377/4
f 1076/382/4 1110/377/4 1111/383/4
f 859/381/4 1061/380/4 1062/384/4
f 1075/385/4 1076/382/4 1111/383/4
f 859/381/4 1062/384/4 1063/386/4
f 858/387/4 859/381/4 1063/386/4
f 1074/388/4 1075/385/4 1111/383/4
f 858/387/4 1063/386/4 1064/389/4
f 1074/388/4 1111/383/4 1112/390/4
f 1073/391/4 1074/388/4 1112/390/4
f 858/387/4 1064/389/4 1065/392/4
f 857/393/4 858/387/4 1065/392/4
f 1072/394/4 1073/391/4 1112/390/4
f 857/393/4 1065/392/4 1066/395/4
f 1071/396/4 1072/394/4 1112/390/4
f 857/393/4 1066/395/4 1067/397/4
f 1070/398/4 1071/396/4 1112/390/4
f 1070/398/4 1112/390/4 1113/399/4
f 857/393/4 1067/397/4 1068/400/4
f 1069/401/4 1070/398/4 1113/399/4
f 857/393/4 1068/400/4 1069/401/4
f 857/393/4 1069/401/4 1113/399/4
f 856/402/4 857/393/4 1113/399/4
f 856/402/4 1113/399/4 1114/403/4
f 855/404/4 856/402/4 1114/403/4
f 855/404/4 1114/403/4 1115/405/4
f 854/406/4 855/404/4 1115/405/4
f 854/406/4 1115/405/4 1116/407/4
f 853/408/4 854/406/4 1116/407/4
f 852/409/4 853/408/4 1116/407/4
f 852/409/4 1116/407/4 1117/410/4
f 851/411/4 852/409/4 1117/410/4
f 851/411/4 1117/410/4 1118/412/4
f 850/413/4 851/411/4 1118/412/4
f 850/413/4 1118/412/4 1119/414/4
f 849/415/4 850/413/4 1119/414/4
f 849/415/4 1119/414/4 1120/416/4
f 848/417/4 849/415/4 1120/416/4
f 848/417/4 1120/416/4 1121/418/4
f 847/419/4 848/417/4 1121/418/4
f 847/419/4 1121/418/4 1122/420/4
f 846/421/4 847/419/4 1122/420/4
f 845/422/4 846/421/4 1122/420/4
f 845/422/4 1122/420/4 1123/423/4
f 844/424/4 845/422/4 1123/423/4
f 844/424/4 1123/423/4 1124/425/4
f 843/426/4 844/424/4 1124/425/4
f 843/426/4 1124/425/4 1125/427/4
f 842/428/4 843/426/4 1125/427/4
f 842/428/4 1125/427/4 1126/429/4
f 841/430/4 842/428/4 1126/429/4
f 841/430/4 1126/429/4 1127/431/4
f 840/432/4 841/430/4 1127/431/4
f 840/432/4 1127/431/4 1128/433/4
f 839/434/4 840/432/4 1128/433/4
f 839/434/4 1128/433/4 1129/435/4
f 838/436/4 839/434/4 1129/435/4
f 838/436/4 1129/435/4 837/39/4
f 1472/437/4 1473/439/4 1474/438/4
f 1471/440/4 1472/437/4 1474/438/4
f 1471/440/4 1474/438/4 1475/441/4
f 1470/442/4 1471/440/4 1475/441/4
f 1470/442/4 1475/441/4 1476/443/4
f 1469/444/4 1470/442/4 1476/443/4
f 1469/444/4 1476/443/4 1477/445/4
f 1468/71/4 1469/444/4 1477/445/4
f 1468/71/4 1477/445/4 1478/446/4
f 1467/447/4 1468/71/4 1478/446/4
f 1467/447/4 1478/446/4 1479/448/4
f 1466/449/4 1467/447/4 1479/448/4
f 1466/449/4 1479/448/4 1480/450/4
f 1465/451/4 1466/449/4 1480/450/4
f 1465/451/4 1480/450/4 1481/259/4
f 1464/452/4 1465/451/4 1481/259/4
f 1464/452/4 1481/259/4 1482/453/4
f 1463/454/4 1464/452/4 1482/453/4
f 1463/454/4 1482/453/4 1483/455/4
f 1462/456/4 1463/454/4 1483/455/4
f 1462/456/4 1483/455/4 1484/457/4
f 1461/458/4 1462/456/4 1484/457/4
f 1461/458/4 1484/457/4 1485/459/4
f 1460/460/4 1461/458/4 1485/459/4
f 1460/460/4 1485/459/4 1486/461/4
f 1459/462/4 1460/460/4 1486/461/4
f 1459/462/4 1486/461/4 1487/463/4
f 1458/464/4 1459/462/4 1487/463/4
f 1458/464/4 1487/463/4 1488/465/4
f 1457/466/4 1458/464/4 1488/465/4
f 1457/466/4 1488/465/4 1489/467/4
f 1456/468/4 1457/466/4 1489/467/4
f 1456/468/4 1489/467/4 1490/469/4
f 1455/170/4 1456/468/4 1490/469/4
f 1455/170/4 1490/469/4 1491/470/4
f 1454/471/4 1455/170/4 1491/470/4
f 1454/471/4 1491/470/4 1492/472/4
f 1453/473/4 1454/471/4 1492/472/4
f 1453/473/4 1492/472/4 1493/474/4
f 1452/475/4 1453/473/4 1493/474/4
f 1452/475/4 1493/474/4 1494/126/4
f 1451/476/4 1452/475/4 1494/126/4
f 1451/476/4 1494/126/4 1495/477/4
f 1450/478/4 1451/476/4 1495/477/4
f 1450/478/4 1495/477/4 1496/479/4
f 1449/480/4 1450/478/4 1496/479/4
f 1449/480/4 1496/479/4 1497/481/4
f 1448/482/4 1449/480/4 1497/481/4
f 1448/482/4 1497/481/4 1498/483/4
f 1447/484/4 1448/482/4 1498/483/4
f 1447/484/4 1498/483/4 1499/485/4
f 1446/486/4 1447/484/4 1499/485/4
f 1446/486/4 1499/485/4 1500/487/4
f 1445/488/4 1446/486/4 1500/487/4
f 1445/488/4 1500/487/4 1501/489/4
f 1444/490/4 1445/488/4 1501/489/4
f 1444/490/4 1501/489/4 1502/491/4
f 1443/492/4 1444/490/4 1502/491/4
f 1443/492/4 1502/491/4 1503/493/4
f 1442/245/4 1443/492/4 1503/493/4
f 1442/245/4 1503/493/4 1504/494/4
f 1441/495/4 1442/245/4 1504/494/4
f 1441/495/4 1504/494/4 1505/496/4
f 1440/497/4 1441/495/4 1505/496/4
f 1440/497/4 1505/496/4 1506/498/4
f 1439/499/4 1440/497/4 1506/498/4
f 1439/499/4 1506/498/4 1507/27/4
f 1438/500/4 1439/499/4 1507/27/4
f 1438/500/4 1507/27/4 1508/501/4
f 1437/502/4 1438/500/4 1508/501/4
f 1437/502/4 1508/501/4 1509/503/4
f 1436/504/4 1437/502/4 1509/503/4
f 1436/504/4 1509/503/4 1510/505/4
f 1435/506/4 1436/504/4 1510/505/4
f 1435/506/4 1510/505/4 1511/507/4
f 1434/508/4 1435/506/4 1511/507/4
f 1434/508/4 1511/507/4 1512/509/4
f 1433/510/4 1434/508/4 1512/509/4
f 1433/510/4 1512/509/4 1513/511/4
f 1432/512/4 1433/510/4 1513/511/4
f 1432/512/4 1513/511/4 1514/513/4
f 1431/514/4 1432/512/4 1514/513/4
f 1431/514/4 1514/513/4 1515/515/4
f 1430/516/4 1431/514/4 1515/515/4
f 1430/516/4 1515/515/4 1516/517/4
f 1429/399/4 1430/516/4 1516/517/4
f 1429/399/4 1516/517/4 1517/518/4
f 1428/519/4 1429/399/4 1517/518/4
f 1428/519/4 1517/518/4 1518/520/4
f 1427/521/4 1428/519/4 1518/520/4
f 1427/521/4 1518/520/4 1519/522/4
f 1426/523/4 1427/521/4 1519/522/4
f 1426/523/4 1519/522/4 1520/40/4
f 1425/524/4 1426/523/4 1520/40/4
f 1423/526/4 1421/525/4 1422/39/4
f 1424/527/4 1423/526/4 1323/528/4
f 1424/527/4 1323/528/4 1324/529/4
f 1322/530/4 1421/525/4 1424/527/4
f 1322/530/4 1424/527/4 1324/529/4
f 1383/531/4 1384/533/4 1385/532/4
f 1383/531/4 1385/532/4 1386/534/4
f 1382/535/4 1383/531/4 1386/534/4
f 1382/535/4 1386/534/4 1387/536/4
f 1381/537/4 1382/535/4 1387/536/4
f 1381/537/4 1387/536/4 1388/538/4
f 1381/537/4 1388/538/4 1389/539/4
f 1380/540/4 1381/537/4 1389/539/4
f 1380/540/4 1389/539/4 1390/335/4
f 1379/541/4 1380/540/4 1390/335/4
f 1379/541/4 1390/335/4 1391/542/4
f 1379/541/4 1391/542/4 1392/543/4
f 1378/544/4 1379/541/4 1392/543/4
f 1378/544/4 1392/543/4 1393/545/4
f 1377/192/4 1378/544/4 1393/545/4
f 1377/192/4 1393/545/4 1394/546/4
f 1376/547/4 1377/192/4 1394/546/4
f 1322/530/4 1324/529/4 1325/91/4
f 1376/547/4 1394/546/4 1395/548/4
f 1322/530/4 1325/91/4 1326/549/4
f 1322/530/4 1326/549/4 1327/550/4
f 1375/551/4 1376/547/4 1395/548/4
f 1322/530/4 1327/550/4 1328/552/4
f 1375/551/4 1395/548/4 1396/553/4
f 1322/530/4 1328/552/4 1329/554/4
f 1322/530/4 1329/554/4 1330/555/4
f 1321/556/4 1322/530/4 1330/555/4
f 1320/557/4 1321/556/4 1330/555/4
f 1320/557/4 1330/555/4 1331/558/4
f 1319/559/4 1320/557/4 1331/558/4
f 1374/560/4 1375/551/4 1396/553/4
f 1319/559/4 1331/558/4 1332/561/4
f 1318/562/4 1319/559/4 1332/561/4
f 1374/560/4 1396/553/4 1397/563/4
f 1317/564/4 1318/562/4 1332/561/4
f 1317/564/4 1332/561/4 1333/565/4
f 1316/566/4 1317/564/4 1333/565/4
f 1316/566/4 1333/565/4 1334/567/4
f 1315/568/4 1316/566/4 1334/567/4
f 1315/568/4 1334/567/4 1335/569/4
f 1314/570/4 1315/568/4 1335/569/4
f 1373/571/4 1374/560/4 1397/563/4
f 1314/570/4 1335/569/4 1336/572/4
f 1313/186/4 1314/570/4 1336/572/4
f 1313/186/4 1336/572/4 1337/573/4
f 1373/571/4 1397/563/4 1398/574/4
f 1312/575/4 1313/186/4 1337/573/4
f 1312/575/4 1337/573/4 1338/217/4
f 1311/576/4 1312/575/4 1338/217/4
f 1311/576/4 1338/217/4 1339/577/4
f 1310/578/4 1311/576/4 1339/577/4
f 1310/578/4 1339/577/4 1340/579/4
f 1372/580/4 1373/571/4 1398/574/4
f 1309/581/4 1310/578/4 1340/579/4
f 1309/581/4 1340/579/4 1341/582/4
f 1308/583/4 1309/581/4 1341/582/4
f 1308/583/4 1341/582/4 1342/584/4
f 1372/580/4 1398/574/4 1399/585/4
f 1307/586/4 1308/583/4 1342/584/4
f 1307/586/4 1342/584/4 1343/587/4
f 1306/588/4 1307/586/4 1343/587/4
f 1306/588/4 1343/587/4 1344/589/4
f 1371/590/4 1372/580/4 1399/585/4
f 1306/588/4 1344/589/4 1345/591/4
f 1305/592/4 1306/588/4 1345/591/4
f 1305/592/4 1345/591/4 1346/593/4
f 1304/594/4 1305/592/4 1346/593/4
f 1304/594/4 1346/593/4 1347/595/4
f 1303/596/4 1304/594/4 1347/595/4
f 1303/596/4 1347/595/4 1348/597/4
f 1371/590/4 1399/585/4 1400/598/4
f 1303/596/4 1348/597/4 1349/599/4
f 1302/600/4 1303/596/4 1349/599/4
f 1370/601/4 1371/590/4 1400/598/4
f 1301/602/4 1302/600/4 1349/599/4
f 1300/323/4 1301/602/4 1349/599/4
f 1300/323/4 1349/599/4 1350/603/4
f 1299/604/4 1300/323/4 1350/603/4
f 1369/605/4 1370/601/4 1400/598/4
f 1369/605/4 1400/598/4 1401/606/4
f 1298/607/4 1299/604/4 1350/603/4
f 1297/608/4 1298/607/4 1350/603/4
f 1297/608/4 1350/603/4 1351/176/4
f 1368/609/4 1369/605/4 1401/606/4
f 1297/608/4 1351/176/4 1352/610/4
f 1368/609/4 1401/606/4 1402/611/4
f 1296/612/4 1297/608/4 1352/610/4
f 1367/613/4 1368/609/4 1402/611/4
f 1296/612/4 1352/610/4 1353/614/4
f 1366/615/4 1367/613/4 1402/611/4
f 1296/612/4 1353/614/4 1354/616/4
f 1295/617/4 1296/612/4 1354/616/4
f 1366/615/4 1402/611/4 1403/397/4
f 1365/618/4 1366/615/4 1403/397/4
f 1295/617/4 1354/616/4 1355/619/4
f 1364/7/4 1365/618/4 1403/397/4
f 1295/617/4 1355/619/4 1356/620/4
f 1294/621/4 1295/617/4 1356/620/4
f 1363/622/4 1364/7/4 1403/397/4
f 1294/621/4 1356/620/4 1357/623/4
f 1363/622/4 1403/397/4 1404/624/4
f 1362/625/4 1363/622/4 1404/624/4
f 1294/621/4 1357/623/4 1358/626/4
f 1361/627/4 1362/625/4 1404/624/4
f 1294/621/4 1358/626/4 1359/628/4
f 1360/629/4 1361/627/4 1404/624/4
f 1294/621/4 1359/628/4 1360/629/4
f 1294/621/4 1360/629/4 1404/624/4
f 1293/630/4 1294/621/4 1404/624/4
f 1293/630/4 1404/624/4 1405/631/4
f 1292/632/4 1293/630/4 1405/631/4
f 1292/632/4 1405/631/4 1406/633/4
f 1291/634/4 1292/632/4 1406/633/4
f 1291/634/4 1406/633/4 1407/635/4
f 1290/636/4 1291/634/4 1407/635/4
f 1290/636/4 1407/635/4 1408/637/4
f 1289/638/4 1290/636/4 1408/637/4
f 1289/638/4 1408/637/4 1409/639/4
f 1288/640/4 1289/638/4 1409/639/4
f 1287/376/4 1288/640/4 1409/639/4
f 1287/376/4 1409/639/4 1410/641/4
f 1286/642/4 1287/376/4 1410/641/4
f 1286/642/4 1410/641/4 1411/643/4
f 1285/644/4 1286/642/4 1411/643/4
f 1285/644/4 1411/643/4 1412/645/4
f 1284/646/4 1285/644/4 1412/645/4
f 1284/646/4 1412/645/4 1413/647/4
f 1283/648/4 1284/646/4 1413/647/4
f 1283/648/4 1413/647/4 1414/649/4
f 1282/650/4 1283/648/4 1414/649/4
f 1282/650/4 1414/649/4 1415/651/4
f 1281/652/4 1282/650/4 1415/651/4
f 1280/653/4 1281/652/4 1415/651/4
f 1280/653/4 1415/651/4 1416/300/4
f 1279/654/4 1280/653/4 1416/300/4
f 1279/654/4 1416/300/4 1417/655/4
f 1278/656/4 1279/654/4 1417/655/4
f 1278/656/4 1417/655/4 1418/657/4
f 1277/658/4 1278/656/4 1418/657/4
f 1277/658/4 1418/657/4 1419/659/4
f 1276/660/4 1277/658/4 1419/659/4
f 1276/660/4 1419/659/4 1420/661/4
f 1275/662/4 1276/660/4 1420/661/4
f 1275/662/4 1420/661/4 1274/39/4
f 1569/663/4 1570/665/4 1571/664/4
f 1569/663/4 1571/664/4 1572/666/4
f 1669/667/4 1670/669/4 1671/668/4
f 1669/667/4 1671/668/4 1672/40/4
f 1631/670/4 1632/672/4 1633/671/4
f 1631/670/4 1633/671/4 1634/673/4
f 1630/674/4 1631/670/4 1634/673/4
f 1630/674/4 1634/673/4 1635/675/4
f 1629/676/4 1630/674/4 1635/675/4
f 1629/676/4 1635/675/4 1636/677/4
f 1629/676/4 1636/677/4 1637/678/4
f 1628/679/4 1629/676/4 1637/678/4
f 1628/679/4 1637/678/4 1638/680/4
f 1627/681/4 1628/679/4 1638/680/4
f 1627/681/4 1638/680/4 1639/682/4
f 1627/681/4 1639/682/4 1640/683/4
f 1626/684/4 1627/681/4 1640/683/4
f 1626/684/4 1640/683/4 1641/685/4
f 1625/686/4 1626/684/4 1641/685/4
f 1625/686/4 1641/685/4 1642/687/4
f 1624/688/4 1625/686/4 1642/687/4
f 1569/663/4 1572/666/4 1573/689/4
f 1624/688/4 1642/687/4 1643/690/4
f 1569/663/4 1573/689/4 1574/691/4
f 1569/663/4 1574/691/4 1575/692/4
f 1623/693/4 1624/688/4 1643/690/4
f 1569/663/4 1575/692/4 1576/694/4
f 1623/693/4 1643/690/4 1644/695/4
f 1569/663/4 1576/694/4 1577/696/4
f 1569/663/4 1577/696/4 1578/697/4
f 1568/698/4 1569/663/4 1578/697/4
f 1567/699/4 1568/698/4 1578/697/4
f 1567/699/4 1578/697/4 1579/700/4
f 1566/701/4 1567/699/4 1579/700/4
f 1622/702/4 1623/693/4 1644/695/4
f 1566/701/4 1579/700/4 1580/703/4
f 1565/704/4 1566/701/4 1580/703/4
f 1622/702/4 1644/695/4 1645/705/4
f 1564/706/4 1565/704/4 1580/703/4
f 1564/706/4 1580/703/4 1581/707/4
f 1563/708/4 1564/706/4 1581/707/4
f 1563/708/4 1581/707/4 1582/709/4
f 1562/710/4 1563/708/4 1582/709/4
f 1562/710/4 1582/709/4 1583/711/4
f 1561/712/4 1562/710/4 1583/711/4
f 1621/713/4 1622/702/4 1645/705/4
f 1561/712/4 1583/711/4 1584/714/4
f 1560/715/4 1561/712/4 1584/714/4
f 1560/715/4 1584/714/4 1585/716/4
f 1621/713/4 1645/705/4 1646/717/4
f 1559/718/4 1560/715/4 1585/716/4
f 1559/718/4 1585/716/4 1586/719/4
f 1558/720/4 1559/718/4 1586/719/4
f 1558/720/4 1586/719/4 1587/721/4
f 1557/722/4 1558/720/4 1587/721/4
f 1557/722/4 1587/721/4 1588/723/4
f 1620/724/4 1621/713/4 1646/717/4
f 1556/725/4 1557/722/4 1588/723/4
f 1556/725/4 1588/723/4 1589/726/4
f 1555/727/4 1556/725/4 1589/726/4
f 1555/727/4 1589/726/4 1590/728/4
f 1620/724/4 1646/717/4 1647/729/4
f 1554/730/4 1555/727/4 1590/728/4
f 1554/730/4 1590/728/4 1591/731/4
f 1553/732/4 1554/730/4 1591/731/4
f 1553/732/4 1591/731/4 1592/733/4
f 1619/734/4 1620/724/4 1647/729/4
f 1553/732/4 1592/733/4 1593/735/4
f 1552/736/4 1553/732/4 1593/735/4
f 1552/736/4 1593/735/4 1594/737/4
f 1551/738/4 1552/736/4 1594/737/4
f 1551/738/4 1594/737/4 1595/739/4
f 1550/740/4 1551/738/4 1595/739/4
f 1550/740/4 1595/739/4 1596/741/4
f 1619/734/4 1647/729/4 1648/742/4
f 1550/740/4 1596/741/4 1597/743/4
f 1549/744/4 1550/740/4 1597/743/4
f 1618/745/4 1619/734/4 1648/742/4
f 1548/746/4 1549/744/4 1597/743/4
f 1547/747/4 1548/746/4 1597/743/4
f 1547/747/4 1597/743/4 1598/748/4
f 1546/749/4 1547/747/4 1598/748/4
f 1617/750/4 1618/745/4 1648/742/4
f 1617/750/4 1648/742/4 1649/751/4
f 1545/752/4 1546/749/4 1598/748/4
f 1544/753/4 1545/752/4 1598/748/4
f 1544/753/4 1598/748/4 1599/754/4
f 1616/755/4 1617/750/4 1649/751/4
f 1544/753/4 1599/754/4 1600/756/4
f 1616/755/4 1649/751/4 1650/757/4
f 1543/758/4 1544/753/4 1600/756/4
f 1615/759/4 1616/755/4 1650/757/4
f 1543/758/4 1600/756/4 1601/760/4
f 1614/761/4 1615/759/4 1650/757/4
f 1543/758/4 1601/760/4 1602/762/4
f 1542/763/4 1543/758/4 1602/762/4
f 1614/761/4 1650/757/4 1651/764/4
f 1613/765/4 1614/761/4 1651/764/4
f 1542/763/4 1602/762/4 1603/766/4
f 1612/767/4 1613/765/4 1651/764/4
f 1542/763/4 1603/766/4 1604/768/4
f 1541/769/4 1542/763/4 1604/768/4
f 1611/770/4 1612/767/4 1651/764/4
f 1541/769/4 1604/768/4 1605/771/4
f 1611/770/4 1651/764/4 1652/772/4
f 1610/773/4 1611/770/4 1652/772/4
f 1541/769/4 1605/771/4 1606/774/4
f 1609/775/4 1610/773/4 1652/772/4
f 1541/769/4 1606/774/4 1607/776/4
f 1608/777/4 1609/775/4 1652/772/4
f 1541/769/4 1607/776/4 1608/777/4
f 1541/769/4 1608/777/4 1652/772/4
f 1540/778/4 1541/769/4 1652/772/4
f 1540/778/4 1652/772/4 1653/779/4
f 1539/780/4 1540/778/4 1653/779/4
f 1539/780/4 1653/779/4 1654/781/4
f 1538/782/4 1539/780/4 1654/781/4
f 1538/782/4 1654/781/4 1655/783/4
f 1537/784/4 1538/782/4 1655/783/4
f 1537/784/4 1655/783/4 1656/785/4
f 1536/786/4 1537/784/4 1656/785/4
f 1536/786/4 1656/785/4 1657/787/4
f 1535/788/4 1536/786/4 1657/787/4
f 1534/789/4 1535/788/4 1657/787/4
f 1534/789/4 1657/787/4 1658/790/4
f 1533/791/4 1534/789/4 1658/790/4
f 1533/791/4 1658/790/4 1659/792/4
f 1532/793/4 1533/791/4 1659/792/4
f 1532/793/4 1659/792/4 1660/794/4
f 1531/795/4 1532/793/4 1660/794/4
f 1531/795/4 1660/794/4 1661/796/4
f 1530/797/4 1531/795/4 1661/796/4
f 1530/797/4 1661/796/4 1662/798/4
f 1529/799/4 1530/797/4 1662/798/4
f 1529/799/4 1662/798/4 1663/800/4
f 1528/801/4 1529/799/4 1663/800/4
f 1527/802/4 1528/801/4 1663/800/4
f 1527/802/4 1663/800/4 1664/803/4
f 1526/804/4 1527/802/4 1664/803/4
f 1526/804/4 1664/803/4 1665/805/4
f 1525/806/4 1526/804/4 1665/805/4
f 1525/806/4 1665/805/4 1666/807/4
f 1524/808/4 1525/806/4 1666/807/4
f 1524/808/4 1666/807/4 1667/809/4
f 1523/810/4 1524/808/4 1667/809/4
f 1523/810/4 1667/809/4 1668/811/4
f 1522/812/4 1523/810/4 1668/811/4
f 1522/812/4 1668/811/4 1521/39/4
f 411/14/7 1246/10/7 410/10/7
f 164/15/8 999/11/8 163/11/8
f 156/17/9 991/22/9 155/22/9
f 403/21/10 1238/25/10 402/25/10
f 434/37/11 1271/39/11 1270/37/11
f 172/48/12 1007/44/12 171/44/12
f 419/56/13 1254/51/13 418/51/13
f 148/58/14 983/63/14 147/63/14
f 395/62/15 1230/66/15 394/66/15
f 347/77/16 1182/70/16 346/70/16
f 100/83/17 935/79/17 99/79/17
f 92/93/18 927/97/18 91/97/18
f 339/96/19 1174/100/19 338/100/19
f 180/120/20 1015/102/20 179/102/20
f 355/128/21 1190/121/21 354/121/21
f 84/124/22 919/131/22 83/131/22
f 331/130/23 1166/132/23 330/132/23
f 108/135/24 943/129/24 107/129/24
f 76/161/25 911/168/25 75/168/25
f 427/169/26 1262/157/26 426/157/26
f 323/167/27 1158/170/27 322/170/27
f 140/164/28 975/176/28 139/176/28
f 387/175/29 1222/190/29 386/190/29
f 68/194/30 903/196/30 67/196/30
f 315/195/31 1150/197/31 314/197/31
f 363/199/32 1198/183/32 362/183/32
f 116/217/33 951/200/33 115/200/33
f 60/219/34 895/221/34 59/221/34
f 188/222/35 1023/212/35 187/212/35
f 307/220/36 1142/223/36 306/223/36
f 52/244/37 887/246/37 51/246/37
f 379/248/38 1214/249/38 378/249/38
f 371/256/39 1206/257/39 370/257/39
f 299/245/40 1134/264/40 298/264/40
f 196/278/41 1031/276/41 195/276/41
f 132/281/42 967/282/42 131/282/42
f 124/289/43 959/290/43 123/290/43
f 260/299/44 1095/297/44 259/297/44
f 252/305/45 1087/307/45 251/307/45
f 268/315/46 1103/311/46 267/311/46
f 204/324/47 1039/321/47 203/321/47
f 44/329/48 879/331/48 43/331/48
f 212/345/49 1047/342/49 211/342/49
f 36/349/50 871/351/50 35/351/50
f 220/363/51 1055/361/51 219/361/51
f 244/358/52 1079/368/52 243/368/52
f 28/370/53 863/371/53 27/371/53
f 228/389/54 1063/386/54 227/386/54
f 276/390/55 1111/383/55 275/383/55
f 236/394/56 1071/396/56 235/396/56
f 20/402/57 855/404/57 19/404/57
f 284/416/58 1119/414/58 283/414/58
f 12/417/59 847/419/59 11/419/59
f 292/433/60 1127/431/60 291/431/60
f 4/432/61 839/434/61 3/434/61
f 634/442/62 1469/444/62 633/444/62
f 642/446/63 1477/445/63 641/445/63
f 626/456/64 1461/458/64 625/458/64
f 650/461/65 1485/459/65 649/459/65
f 618/471/66 1453/473/66 617/473/66
f 658/126/67 1493/474/67 657/474/67
f 610/486/68 1445/488/68 609/488/68
f 666/491/69 1501/489/69 665/489/69
f 602/500/70 1437/502/70 601/502/70
f 674/505/71 1509/503/71 673/503/71
f 594/516/72 1429/399/72 593/399/72
f 682/520/73 1517/518/73 681/518/73
f 585/525/11 1422/39/11 1421/525/11
f 546/535/74 1381/537/74 545/537/74
f 554/335/75 1389/539/75 553/539/75
f 490/549/76 1325/91/76 489/91/76
f 483/559/77 1318/562/77 482/562/77
f 498/567/78 1333/565/78 497/565/78
f 538/560/79 1373/571/79 537/571/79
f 562/574/80 1397/563/80 561/563/80
f 475/576/81 1310/578/81 474/578/81
f 506/584/82 1341/582/82 505/582/82
f 467/596/83 1302/600/83 466/600/83
f 514/603/84 1349/599/84 513/599/84
f 530/615/85 1365/618/85 529/618/85
f 459/617/86 1294/621/86 458/621/86
f 522/626/87 1357/623/87 521/623/87
f 570/633/88 1405/631/88 569/631/88
f 451/376/89 1286/642/89 450/642/89
f 578/649/90 1413/647/90 577/647/90
f 443/654/91 1278/656/91 442/656/91
f 833/667/11 1670/669/11 1669/667/11
f 833/667/92 1672/40/92 836/40/92
f 794/674/74 1629/676/74 793/676/74
f 802/680/75 1637/678/75 801/678/75
f 738/691/76 1573/689/76 737/689/76
f 730/701/93 1565/704/93 729/704/93
f 746/709/78 1581/707/78 745/707/78
f 786/702/79 1621/713/79 785/713/79
f 810/717/80 1645/705/80 809/705/80
f 722/720/94 1557/722/94 721/722/94
f 754/728/82 1589/726/82 753/726/82
f 714/740/83 1549/744/83 713/744/83
f 762/748/84 1597/743/84 761/743/84
f 778/761/85 1613/765/85 777/765/85
f 706/763/86 1541/769/86 705/769/86
f 770/774/87 1605/771/87 769/771/87
f 818/781/88 1653/779/88 817/779/88
f 698/789/89 1533/791/89 697/791/89
f 826/798/90 1661/796/90 825/796/90
f 690/804/91 1525/806/91 689/806/91
f 157/13/95 992/17/95 156/17/95
f 412/18/96 1247/14/96 411/14/96
f 165/19/97 1000/15/97 164/15/97
f 404/16/9 1239/21/9 403/21/9
f 436/38/98 1271/39/98 435/39/98
f 173/52/99 1008/48/99 172/48/99
f 149/54/100 984/58/100 148/58/100
f 420/60/101 1255/56/101 419/56/101
f 396/57/14 1231/62/14 395/62/14
f 348/82/17 1183/77/17 347/77/17
f 101/89/102 936/83/102 100/83/102
f 93/91/103 928/93/103 92/93/103
f 340/92/18 1175/96/18 339/96/18
f 85/119/104 920/124/104 84/124/104
f 332/123/22 1167/130/22 331/130/22
f 356/134/105 1191/128/105 355/128/105
f 181/136/106 1016/120/106 180/120/106
f 109/145/107 944/135/107 108/135/107
f 77/156/108 912/161/108 76/161/108
f 141/154/109 976/164/109 140/164/109
f 324/160/25 1159/167/25 323/167/25
f 388/163/28 1223/175/28 387/175/28
f 428/189/110 1263/169/110 427/169/110
f 69/188/111 904/194/111 68/194/111
f 316/193/30 1151/195/30 315/195/30
f 364/216/33 1199/199/33 363/199/33
f 61/214/112 896/219/112 60/219/112
f 308/218/34 1143/220/34 307/220/34
f 189/231/113 1024/222/113 188/222/113
f 117/233/114 952/217/114 116/217/114
f 53/239/115 888/244/115 52/244/115
f 300/243/37 1135/245/37 299/245/37
f 380/42/42 1215/248/42 379/248/42
f 372/255/43 1207/256/43 371/256/43
f 133/280/116 968/281/116 132/281/116
f 125/288/117 960/289/117 124/289/117
f 197/292/118 1032/278/118 196/278/118
f 261/301/119 1096/299/119 260/299/119
f 253/303/120 1088/305/120 252/305/120
f 269/320/121 1104/315/121 268/315/121
f 205/327/122 1040/324/122 204/324/122
f 45/328/123 880/329/123 44/329/123
f 213/347/124 1048/345/124 212/345/124
f 37/346/125 872/349/125 36/349/125
f 245/348/126 1080/358/126 244/358/126
f 221/365/127 1056/363/127 220/363/127
f 29/367/128 864/370/128 28/370/128
f 229/392/129 1064/389/129 228/389/129
f 237/391/130 1072/394/130 236/394/130
f 277/399/131 1112/390/131 276/390/131
f 21/393/132 856/402/132 20/402/132
f 13/415/133 848/417/133 12/417/133
f 285/418/134 1120/416/134 284/416/134
f 5/430/135 840/432/135 4/432/135
f 293/435/136 1128/433/136 292/433/136
f 635/440/137 1470/442/137 634/442/137
f 643/448/138 1478/446/138 642/446/138
f 627/454/139 1462/456/139 626/456/139
f 651/463/140 1486/461/140 650/461/140
f 619/170/141 1454/471/141 618/471/141
f 659/477/142 1494/126/142 658/126/142
f 611/484/143 1446/486/143 610/486/143
f 667/493/144 1502/491/144 666/491/144
f 603/499/145 1438/500/145 602/500/145
f 675/507/146 1510/505/146 674/505/146
f 595/514/147 1430/516/147 594/516/147
f 683/522/148 1518/520/148 682/520/148
f 587/526/98 1422/39/98 586/39/98
f 547/531/149 1382/535/149 546/535/149
f 555/542/150 1390/335/150 554/335/150
f 491/550/151 1326/549/151 490/549/151
f 484/557/152 1319/559/152 483/559/152
f 538/560/153 1375/551/153 1374/560/153
f 499/569/154 1334/567/154 498/567/154
f 476/575/155 1311/576/155 475/576/155
f 563/585/156 1398/574/156 562/574/156
f 507/587/157 1342/584/157 506/584/157
f 468/594/158 1303/596/158 467/596/158
f 515/176/159 1350/603/159 514/603/159
f 531/613/160 1366/615/160 530/615/160
f 460/612/161 1295/617/161 459/617/161
f 523/628/162 1358/626/162 522/626/162
f 571/635/163 1406/633/163 570/633/163
f 452/640/164 1287/376/164 451/376/164
f 579/651/165 1414/649/165 578/649/165
f 444/653/166 1279/654/166 443/654/166
f 835/668/98 1670/669/98 834/669/98
f 795/670/149 1630/674/149 794/674/149
f 803/682/150 1638/680/150 802/680/150
f 739/692/167 1574/691/167 738/691/167
f 731/699/152 1566/701/152 730/701/152
f 787/693/153 1622/702/153 786/702/153
f 747/711/154 1582/709/154 746/709/154
f 723/718/155 1558/720/155 722/720/155
f 811/729/156 1646/717/156 810/717/156
f 755/731/157 1590/728/157 754/728/157
f 715/738/158 1550/740/158 714/740/158
f 763/754/159 1598/748/159 762/748/159
f 779/759/160 1614/761/160 778/761/160
f 707/758/161 1542/763/161 706/763/161
f 771/776/162 1606/774/162 770/774/162
f 819/783/163 1654/781/163 818/781/163
f 699/788/164 1534/789/164 698/789/164
f 827/800/165 1662/798/165 826/798/165
f 691/802/166 1526/804/166 690/804/166
f 158/9/168 993/13/168 157/13/168
f 405/12/95 1240/16/95 404/16/95
f 166/20/169 1001/19/169 165/19/169
f 413/23/170 1248/18/170 412/18/170
f 150/50/171 985/54/171 149/54/171
f 174/55/172 1009/52/172 173/52/172
f 397/53/100 1232/57/100 396/57/100
f 421/64/173 1256/60/173 420/60/173
f 349/88/102 1184/82/102 348/82/102
f 94/87/174 929/91/174 93/91/174
f 341/90/103 1176/92/103 340/92/103
f 102/95/175 937/89/175 101/89/175
f 86/117/176 921/119/176 85/119/176
f 333/118/104 1168/123/104 332/123/104
f 357/144/107 1192/134/107 356/134/107
f 182/148/177 1017/136/177 181/136/177
f 110/150/178 945/145/178 109/145/178
f 142/140/179 977/154/179 141/154/179
f 78/152/180 913/156/180 77/156/180
f 325/155/108 1160/160/108 324/160/108
f 389/153/109 1224/163/109 388/163/109
f 70/186/181 905/188/181 69/188/181
f 317/187/111 1152/193/111 316/193/111
f 62/209/182 897/214/182 61/214/182
f 429/215/183 1264/189/183 428/189/183
f 309/213/112 1144/218/112 308/218/112
f 365/232/114 1200/216/114 364/216/114
f 54/237/184 889/239/184 53/239/184
f 190/242/185 1025/231/185 189/231/185
f 301/238/115 1136/243/115 300/243/115
f 373/254/117 1208/255/117 372/255/117
f 118/263/186 953/233/186 117/233/186
f 126/287/187 961/288/187 125/288/187
f 380/42/188 1217/293/188 381/293/188
f 133/280/189 970/262/189 134/262/189
f 262/302/190 1097/301/190 261/301/190
f 254/300/191 1089/303/191 253/303/191
f 198/313/192 1033/292/192 197/292/192
f 46/325/93 881/328/93 45/328/93
f 206/330/193 1041/327/193 205/327/193
f 269/320/194 1106/332/194 1105/320/194
f 38/343/81 873/346/81 37/346/81
f 246/337/195 1081/348/195 245/348/195
f 214/350/196 1049/347/196 213/347/196
f 222/366/197 1057/365/197 221/365/197
f 30/364/83 865/367/83 29/367/83
f 238/388/198 1073/391/198 237/391/198
f 22/387/199 857/393/199 21/393/199
f 230/395/200 1065/392/200 229/392/200
f 278/403/201 1113/399/201 277/399/201
f 14/413/202 849/415/202 13/415/202
f 286/420/203 1121/418/203 285/418/203
f 6/428/204 841/430/204 5/430/204
f 636/437/205 1471/440/205 635/440/205
f 644/450/206 1479/448/206 643/448/206
f 628/452/207 1463/454/207 627/454/207
f 652/465/208 1487/463/208 651/463/208
f 620/468/209 1455/170/209 619/170/209
f 660/479/210 1495/477/210 659/477/210
f 612/482/211 1447/484/211 611/484/211
f 668/494/212 1503/493/212 667/493/212
f 604/497/213 1439/499/213 603/499/213
f 676/509/214 1511/507/214 675/507/214
f 596/512/215 1431/514/215 595/514/215
f 684/40/216 1519/522/216 683/522/216
f 548/533/217 1383/531/217 547/531/217
f 556/543/218 1391/542/218 555/542/218
f 540/547/219 1375/551/219 539/551/219
f 492/552/220 1327/550/220 491/550/220
f 485/556/221 1320/557/221 484/557/221
f 500/572/222 1335/569/222 499/569/222
f 477/186/223 1312/575/223 476/575/223
f 508/589/224 1343/587/224 507/587/224
f 469/592/225 1304/594/225 468/594/225
f 564/598/226 1399/585/226 563/585/226
f 516/610/227 1351/176/227 515/176/227
f 461/608/228 1296/612/228 460/612/228
f 532/609/229 1367/613/229 531/613/229
f 524/629/230 1359/628/230 523/628/230
f 572/637/231 1407/635/231 571/635/231
f 453/638/232 1288/640/232 452/640/232
f 445/652/233 1280/653/233 444/653/233
f 580/300/234 1415/651/234 579/651/234
f 836/40/235 1671/668/235 835/668/235
f 796/672/236 1631/670/236 795/670/236
f 804/683/218 1639/682/218 803/682/218
f 788/688/219 1623/693/219 787/693/219
f 740/694/237 1575/692/237 739/692/237
f 732/698/221 1567/699/221 731/699/221
f 748/714/238 1583/711/238 747/711/238
f 724/715/239 1559/718/239 723/718/239
f 756/733/240 1591/731/240 755/731/240
f 716/736/225 1551/738/225 715/738/225
f 812/742/226 1647/729/226 811/729/226
f 764/756/227 1599/754/227 763/754/227
f 708/753/228 1543/758/228 707/758/228
f 780/755/229 1615/759/229 779/759/229
f 772/777/230 1607/776/230 771/776/230
f 820/785/231 1655/783/231 819/783/231
f 700/786/232 1535/788/232 699/788/232
f 692/801/233 1527/802/233 691/802/233
f 828/803/234 1663/800/234 827/800/234
f 159/4/241 994/9/241 158/9/241
f 406/8/168 1241/12/168 405/12/168
f 167/24/242 1002/20/242 166/20/242
f 414/27/243 1249/23/243 413/23/243
f 434/37/244 1130/68/244 294/68/244
f 151/46/245 986/50/245 150/50/245
f 398/49/171 1233/53/171 397/53/171
f 175/59/246 1010/55/246 174/55/246
f 422/72/247 1257/64/247 421/64/247
f 95/85/248 930/87/248 94/87/248
f 342/86/174 1177/90/174 341/90/174
f 350/94/175 1185/88/175 349/88/175
f 103/99/249 938/95/249 102/95/249
f 87/113/250 922/117/250 86/117/250
f 334/116/251 1169/118/251 333/118/251
f 143/127/252 978/140/252 142/140/252
f 358/149/178 1193/144/178 357/144/178
f 79/147/253 914/152/253 78/152/253
f 390/139/179 1225/153/179 389/153/179
f 326/151/180 1161/155/180 325/155/180
f 111/159/254 946/150/254 110/150/254
f 183/162/255 1018/148/255 182/148/255
f 71/182/256 906/186/256 70/186/256
f 318/185/181 1153/187/181 317/187/181
f 63/207/257 898/209/257 62/209/257
f 310/208/182 1145/213/182 309/213/182
f 55/235/258 890/237/258 54/237/258
f 302/236/184 1137/238/184 301/238/184
f 430/241/259 1265/215/259 429/215/259
f 374/253/187 1209/254/187 373/254/187
f 366/261/186 1201/232/186 365/232/186
f 134/262/260 971/240/260 135/240/260
f 191/266/261 1026/242/261 190/242/261
f 119/270/262 954/263/262 118/263/262
f 127/286/263 962/287/263 126/287/263
f 381/293/189 1218/247/189 382/247/189
f 294/68/92 1132/43/92 296/43/92
f 255/298/264 1090/300/264 254/300/264
f 263/304/265 1098/302/265 262/302/265
f 199/314/76 1034/313/76 198/313/76
f 47/323/152 882/325/152 46/325/152
f 207/333/78 1042/330/78 206/330/78
f 247/326/266 1082/337/266 246/337/266
f 39/341/155 874/343/155 38/343/155
f 271/344/267 1106/332/267 270/332/267
f 215/352/82 1050/350/82 214/350/82
f 31/362/268 866/364/268 30/364/268
f 223/372/84 1058/366/84 222/366/84
f 23/381/269 858/387/269 22/387/269
f 239/385/270 1074/388/270 238/388/270
f 231/397/87 1066/395/87 230/395/87
f 279/405/271 1114/403/271 278/403/271
f 15/411/272 850/413/272 14/413/272
f 287/423/273 1122/420/273 286/420/273
f 7/426/274 842/428/274 6/428/274
f 637/439/275 1472/437/275 636/437/275
f 645/259/276 1480/450/276 644/450/276
f 629/451/277 1464/452/277 628/452/277
f 653/467/278 1488/465/278 652/465/278
f 621/466/279 1456/468/279 620/468/279
f 661/481/280 1496/479/280 660/479/280
f 613/480/281 1448/482/281 612/482/281
f 669/496/282 1504/494/282 668/494/282
f 605/495/283 1440/497/283 604/497/283
f 677/511/284 1512/509/284 676/509/284
f 597/510/285 1432/512/285 596/512/285
f 549/532/286 1384/533/286 548/533/286
f 557/545/287 1392/543/287 556/543/287
f 541/192/288 1376/547/288 540/547/288
f 493/554/289 1328/552/289 492/552/289
f 486/530/290 1321/556/290 485/556/290
f 478/570/291 1313/186/291 477/186/291
f 501/573/292 1336/572/292 500/572/292
f 509/591/293 1344/589/293 508/589/293
f 470/588/294 1305/592/294 469/592/294
f 565/606/295 1400/598/295 564/598/295
f 462/607/296 1297/608/296 461/608/296
f 533/605/297 1368/609/297 532/609/297
f 517/614/298 1352/610/298 516/610/298
f 525/627/299 1360/629/299 524/629/299
f 454/636/300 1289/638/300 453/638/300
f 573/639/301 1408/637/301 572/637/301
f 446/650/302 1281/652/302 445/652/302
f 581/655/303 1416/300/303 580/300/303
f 797/671/286 1632/672/286 796/672/286
f 805/685/287 1640/683/287 804/683/287
f 789/686/288 1624/688/288 788/688/288
f 741/696/289 1576/694/289 740/694/289
f 733/663/290 1568/698/290 732/698/290
f 725/712/304 1560/715/304 724/715/304
f 749/716/292 1584/714/292 748/714/292
f 757/735/305 1592/733/305 756/733/305
f 717/732/294 1552/736/294 716/736/294
f 813/751/295 1648/742/295 812/742/295
f 709/752/296 1544/753/296 708/753/296
f 781/750/297 1616/755/297 780/755/297
f 765/760/298 1600/756/298 764/756/298
f 773/775/299 1608/777/299 772/777/299
f 701/784/300 1536/786/300 700/786/300
f 821/787/301 1656/785/301 820/785/301
f 693/799/306 1528/801/306 692/801/306
f 829/805/303 1664/803/303 828/803/303
f 160/6/307 995/4/307 159/4/307
f 407/1/241 1242/8/241 406/8/241
f 168/28/308 1003/24/308 167/24/308
f 415/31/309 1250/27/309 414/27/309
f 152/34/310 987/46/310 151/46/310
f 399/45/245 1234/49/245 398/49/245
f 176/61/311 1011/59/311 175/59/311
f 96/81/312 931/85/312 95/85/312
f 343/84/248 1178/86/248 342/86/248
f 351/98/249 1186/94/249 350/94/249
f 423/103/313 1258/72/313 422/72/313
f 104/107/314 939/99/314 103/99/314
f 88/109/315 923/113/315 87/113/315
f 335/112/250 1170/116/250 334/116/250
f 144/111/316 979/127/316 143/127/316
f 391/126/252 1226/139/252 390/139/252
f 80/142/317 915/147/317 79/147/317
f 327/146/253 1162/151/253 326/151/253
f 359/158/254 1194/149/254 358/149/254
f 112/166/318 947/159/318 111/159/318
f 184/172/319 1019/162/319 183/162/319
f 72/180/320 907/182/320 71/182/320
f 319/181/256 1154/185/256 318/185/256
f 64/205/321 899/207/321 63/207/321
f 311/206/257 1146/208/257 310/208/257
f 56/228/322 891/235/322 55/235/322
f 303/234/258 1138/236/258 302/236/258
f 382/247/260 1219/69/260 383/69/260
f 375/252/263 1210/253/263 374/253/263
f 367/260/262 1202/261/262 366/261/262
f 136/230/98 971/240/98 135/240/98
f 192/269/323 1027/266/323 191/266/323
f 430/241/324 1267/271/324 431/271/324
f 120/273/325 955/270/325 119/270/325
f 128/285/326 963/286/326 127/286/326
f 256/294/327 1091/298/327 255/298/327
f 264/306/328 1099/304/328 263/304/328
f 200/316/167 1035/314/167 199/314/167
f 48/322/221 883/323/221 47/323/221
f 247/326/329 1084/317/329 1083/326/329
f 208/335/154 1043/333/154 207/333/154
f 40/339/223 875/341/223 39/341/223
f 216/354/157 1051/352/157 215/352/157
f 272/357/330 1107/344/330 271/344/330
f 32/360/331 867/362/331 31/362/331
f 224/378/159 1059/372/159 223/372/159
f 24/376/332 859/381/332 23/381/332
f 240/382/333 1075/385/333 239/385/333
f 232/400/162 1067/397/162 231/397/162
f 280/407/334 1115/405/334 279/405/334
f 16/409/335 851/411/335 15/411/335
f 288/425/336 1123/423/336 287/423/336
f 8/424/337 843/426/337 7/426/337
f 638/438/338 1473/439/338 637/439/338
f 630/449/339 1465/451/339 629/451/339
f 646/453/340 1481/259/340 645/259/340
f 622/464/341 1457/466/341 621/466/341
f 654/469/342 1489/467/342 653/467/342
f 614/478/343 1449/480/343 613/480/343
f 662/483/344 1497/481/344 661/481/344
f 606/245/345 1441/495/345 605/495/345
f 670/498/346 1505/496/346 669/496/346
f 598/508/347 1433/510/347 597/510/347
f 678/513/348 1513/511/348 677/511/348
f 590/523/349 1425/524/349 589/524/349
f 589/524/350 1520/40/350 684/40/350
f 585/525/351 1322/530/351 486/530/351
f 550/534/352 1385/532/352 549/532/352
f 542/544/353 1377/192/353 541/192/353
f 558/546/354 1393/545/354 557/545/354
f 494/555/355 1329/554/355 493/554/355
f 479/568/356 1314/570/356 478/570/356
f 502/217/357 1337/573/357 501/573/357
f 471/586/358 1306/588/358 470/588/358
f 510/593/359 1345/591/359 509/591/359
f 534/601/360 1369/605/360 533/605/360
f 463/604/361 1298/607/361 462/607/361
f 566/611/362 1401/606/362 565/606/362
f 518/616/363 1353/614/363 517/614/363
f 526/625/364 1361/627/364 525/627/364
f 455/634/365 1290/636/365 454/636/365
f 574/641/366 1409/639/366 573/639/366
f 447/648/367 1282/650/367 446/650/367
f 582/657/368 1417/655/368 581/655/368
f 439/662/369 1274/39/369 438/39/369
f 438/39/370 1420/661/370 584/661/370
f 734/665/371 1569/663/371 733/663/371
f 798/673/352 1633/671/352 797/671/352
f 790/684/353 1625/686/353 789/686/353
f 806/687/354 1641/685/354 805/685/354
f 742/697/355 1577/696/355 741/696/355
f 726/710/372 1561/712/372 725/712/372
f 750/719/357 1585/716/357 749/716/357
f 718/730/358 1553/732/358 717/732/358
f 758/737/359 1593/735/359 757/735/359
f 782/745/360 1617/750/360 781/750/360
f 710/749/361 1545/752/361 709/752/361
f 814/757/362 1649/751/362 813/751/362
f 766/762/363 1601/760/363 765/760/363
f 774/773/364 1609/775/364 773/775/364
f 702/782/365 1537/784/365 701/784/365
f 822/790/366 1657/787/366 821/787/366
f 694/797/367 1529/799/367 693/799/367
f 830/807/368 1665/805/368 829/805/368
f 686/812/369 1521/39/369 685/39/369
f 685/39/370 1668/811/370 832/811/370
f 408/3/307 1243/1/307 407/1/307
f 161/5/373 996/6/373 160/6/373
f 169/32/374 1004/28/374 168/28/374
f 153/30/375 988/34/375 152/34/375
f 416/36/376 1251/31/376 415/31/376
f 295/41/98 1272/38/98 436/38/98
f 296/43/377 1131/41/377 295/41/377
f 400/33/310 1235/45/310 399/45/310
f 177/65/378 1012/61/378 176/61/378
f 97/74/379 932/81/379 96/81/379
f 344/80/312 1179/84/312 343/84/312
f 352/106/314 1187/98/314 351/98/314
f 89/105/380 924/109/380 88/109/380
f 145/78/381 980/111/381 144/111/381
f 336/108/315 1171/112/315 335/112/315
f 105/115/382 940/107/382 104/107/382
f 424/125/383 1259/103/383 423/103/383
f 392/110/316 1227/126/316 391/126/316
f 81/138/384 916/142/384 80/142/384
f 328/141/317 1163/146/317 327/146/317
f 360/165/318 1195/158/318 359/158/318
f 113/174/385 948/166/385 112/166/385
f 73/178/386 908/180/386 72/180/386
f 320/179/320 1155/181/320 319/181/320
f 185/192/387 1020/172/387 184/172/387
f 65/202/388 900/205/388 64/205/388
f 312/204/321 1147/206/321 311/206/321
f 57/226/389 892/228/389 56/228/389
f 137/211/390 972/230/390 136/230/390
f 304/227/322 1139/234/322 303/234/322
f 384/229/98 1219/69/98 383/69/98
f 376/251/391 1211/252/391 375/252/391
f 368/259/392 1203/260/392 367/260/392
f 193/272/393 1028/269/393 192/269/393
f 431/271/394 1268/275/394 432/275/394
f 121/277/395 956/273/395 120/273/395
f 129/284/396 964/285/396 128/285/396
f 257/296/397 1092/294/397 256/294/397
f 265/308/398 1100/306/398 264/306/398
f 249/312/399 1084/317/399 248/317/399
f 201/318/220 1036/316/220 200/316/220
f 49/268/400 884/322/400 48/322/400
f 209/338/401 1044/335/401 208/335/401
f 41/336/291 876/339/291 40/339/291
f 217/356/224 1052/354/224 216/354/224
f 33/355/294 868/360/294 32/360/294
f 273/369/402 1108/357/402 272/357/402
f 25/375/403 860/376/403 24/376/403
f 225/380/227 1060/378/227 224/378/227
f 241/379/404 1076/382/404 240/382/404
f 233/401/230 1068/400/230 232/400/230
f 17/408/405 852/409/405 16/409/405
f 281/410/406 1116/407/406 280/407/406
f 9/422/407 844/424/407 8/424/407
f 289/427/408 1124/425/408 288/425/408
f 639/441/409 1474/438/409 638/438/409
f 631/447/410 1466/449/410 630/449/410
f 647/455/411 1482/453/411 646/453/411
f 623/462/412 1458/464/412 622/464/412
f 655/470/413 1490/469/413 654/469/413
f 615/476/414 1450/478/414 614/478/414
f 663/485/415 1498/483/415 662/483/415
f 607/492/416 1442/245/416 606/245/416
f 671/27/417 1506/498/417 670/498/417
f 599/506/418 1434/508/418 598/508/418
f 679/515/419 1514/513/419 678/513/419
f 591/521/420 1426/523/420 590/523/420
f 551/536/421 1386/534/421 550/534/421
f 543/541/422 1378/544/422 542/544/422
f 559/548/423 1394/546/423 558/546/423
f 495/558/47 1330/555/47 494/555/47
f 480/566/424 1315/568/424 479/568/424
f 503/577/425 1338/217/425 502/217/425
f 472/583/426 1307/586/426 471/586/426
f 511/595/427 1346/593/427 510/593/427
f 535/590/428 1370/601/428 534/601/428
f 464/323/429 1299/604/429 463/604/429
f 567/397/430 1402/611/430 566/611/430
f 519/619/54 1354/616/54 518/616/54
f 527/622/431 1362/625/431 526/625/431
f 456/632/432 1291/634/432 455/634/432
f 575/643/433 1410/641/433 574/641/433
f 448/646/434 1283/648/434 447/648/434
f 583/659/435 1418/657/435 582/657/435
f 440/660/436 1275/662/436 439/662/436
f 735/664/98 1570/665/98 734/665/98
f 799/675/421 1634/673/421 798/673/421
f 791/681/422 1626/684/422 790/684/422
f 807/690/423 1642/687/423 806/687/423
f 743/700/47 1578/697/47 742/697/47
f 727/708/424 1562/710/424 726/710/424
f 751/721/49 1586/719/49 750/719/49
f 719/727/426 1554/730/426 718/730/426
f 759/739/51 1594/737/51 758/737/51
f 783/734/428 1618/745/428 782/745/428
f 711/747/437 1546/749/437 710/749/437
f 815/764/430 1650/757/430 814/757/430
f 767/766/54 1602/762/54 766/762/54
f 775/770/431 1610/773/431 774/773/431
f 703/780/432 1538/782/432 702/782/432
f 823/792/433 1658/790/433 822/790/433
f 695/795/434 1530/797/434 694/797/434
f 831/809/435 1666/807/435 830/807/435
f 687/810/436 1522/812/436 686/812/436
f 409/2/438 1244/3/438 408/3/438
f 162/7/439 997/5/439 161/5/439
f 154/26/440 989/30/440 153/30/440
f 401/29/375 1236/33/375 400/33/375
f 170/35/441 1005/32/441 169/32/441
f 417/47/442 1252/36/442 416/36/442
f 98/73/443 933/74/443 97/74/443
f 178/75/444 1013/65/444 177/65/444
f 146/67/445 981/78/445 145/78/445
f 345/71/379 1180/80/379 344/80/379
f 90/101/446 925/105/446 89/105/446
f 337/104/447 1172/108/447 336/108/447
f 393/76/381 1228/110/381 392/110/381
f 353/114/382 1188/106/382 352/106/382
f 106/122/448 941/115/448 105/115/448
f 82/133/449 917/138/449 81/138/449
f 329/137/384 1164/141/384 328/141/384
f 425/143/450 1260/125/450 424/125/450
f 361/173/385 1196/165/385 360/165/385
f 74/171/451 909/178/451 73/178/451
f 321/177/386 1156/179/386 320/179/386
f 114/184/452 949/174/452 113/174/452
f 66/198/453 901/202/453 65/202/453
f 186/203/454 1021/192/454 185/192/454
f 313/201/388 1148/204/388 312/204/388
f 138/191/455 973/211/455 137/211/455
f 58/224/456 893/226/456 57/226/456
f 305/225/389 1140/227/389 304/227/389
f 385/210/390 1220/229/390 384/229/390
f 377/250/396 1212/251/396 376/251/396
f 368/259/395 1205/258/395 1204/259/395
f 50/265/457 885/268/457 49/268/457
f 194/274/458 1029/272/458 193/272/458
f 432/275/459 1269/279/459 433/279/459
f 130/283/460 965/284/460 129/284/460
f 122/291/461 957/277/461 121/277/461
f 258/295/286 1093/296/286 257/296/286
f 266/309/462 1101/308/462 265/308/462
f 250/310/463 1085/312/463 249/312/463
f 202/319/289 1037/318/289 201/318/289
f 42/334/372 877/336/372 41/336/372
f 210/340/292 1045/338/292 209/338/292
f 34/353/358 869/355/358 33/355/358
f 218/359/293 1053/356/293 217/356/293
f 26/373/361 861/375/361 25/375/361
f 274/377/464 1109/369/464 273/369/464
f 242/374/465 1077/379/465 241/379/465
f 226/384/298 1061/380/298 225/380/298
f 234/398/466 1069/401/466 233/401/466
f 18/406/467 853/408/467 17/408/467
f 282/412/468 1117/410/468 281/410/468
f 10/421/469 845/422/469 9/422/469
f 290/429/470 1125/427/470 289/427/470
f 2/436/471 837/39/471 1/39/471
f 1/39/472 1129/435/472 293/435/472
f 640/443/473 1475/441/473 639/441/473
f 632/71/474 1467/447/474 631/447/474
f 648/457/475 1483/455/475 647/455/475
f 624/460/476 1459/462/476 623/462/476
f 656/472/477 1491/470/477 655/470/477
f 616/475/478 1451/476/478 615/476/478
f 664/487/479 1499/485/479 663/485/479
f 608/490/480 1443/492/480 607/492/480
f 672/501/481 1507/27/481 671/27/481
f 600/504/482 1435/506/482 599/506/482
f 680/517/483 1515/515/483 679/515/483
f 592/519/484 1427/521/484 591/521/484
f 487/528/98 1423/526/98 587/526/98
f 488/529/485 1323/528/485 487/528/485
f 552/538/486 1387/536/486 551/536/486
f 544/540/487 1379/541/487 543/541/487
f 560/553/488 1395/548/488 559/548/488
f 496/561/122 1331/558/122 495/558/122
f 481/564/48 1316/566/48 480/566/48
f 504/579/124 1339/577/124 503/577/124
f 473/581/50 1308/583/50 472/583/50
f 536/580/489 1371/590/489 535/590/489
f 512/597/490 1347/595/490 511/595/490
f 465/602/53 1300/323/53 464/323/53
f 520/620/129 1355/619/129 519/619/129
f 528/7/491 1363/622/491 527/622/491
f 568/624/492 1403/397/492 567/397/492
f 457/630/493 1292/632/493 456/632/493
f 576/645/494 1411/643/494 575/643/494
f 449/644/495 1284/646/495 448/646/495
f 441/658/496 1276/660/496 440/660/496
f 584/661/497 1419/659/497 583/659/497
f 736/666/118 1571/664/118 735/664/118
f 800/677/486 1635/675/486 799/675/486
f 792/679/487 1627/681/487 791/681/487
f 808/695/488 1643/690/488 807/690/488
f 744/703/122 1579/700/122 743/700/122
f 728/706/48 1563/708/48 727/708/48
f 752/723/498 1587/721/498 751/721/498
f 720/725/50 1555/727/50 719/727/50
f 784/724/499 1619/734/499 783/734/499
f 760/741/127 1595/739/127 759/739/127
f 712/746/53 1547/747/53 711/747/53
f 768/768/129 1603/766/129 767/766/129
f 776/767/491 1611/770/491 775/770/491
f 816/772/492 1651/764/492 815/764/492
f 704/778/493 1539/780/493 703/780/493
f 824/794/494 1659/792/494 823/792/494
f 696/793/495 1531/795/495 695/795/495
f 688/808/496 1523/810/496 687/810/496
f 832/811/497 1667/809/497 831/809/497
f 410/10/500 1245/2/500 409/2/500
f 163/11/501 998/7/501 162/7/501
f 155/22/10 990/26/10 154/26/10
f 402/25/440 1237/29/440 401/29/440
f 171/44/502 1006/35/502 170/35/502
f 418/51/503 1253/47/503 417/47/503
f 147/63/15 982/67/15 146/67/15
f 346/70/443 1181/71/443 345/71/443
f 394/66/445 1229/76/445 393/76/445
f 99/79/16 934/73/16 98/73/16
f 91/97/19 926/101/19 90/101/19
f 179/102/504 1014/75/504 178/75/504
f 338/100/446 1173/104/446 337/104/446
f 354/121/448 1189/114/448 353/114/448
f 107/129/21 942/122/21 106/122/21
f 83/131/23 918/133/23 82/133/23
f 330/132/449 1165/137/449 329/137/449
f 426/157/505 1261/143/505 425/143/505
f 75/168/27 910/171/27 74/171/27
f 322/170/506 1157/177/506 321/177/506
f 362/183/452 1197/173/452 361/173/452
f 139/176/29 974/191/29 138/191/29
f 67/196/31 902/198/31 66/198/31
f 115/200/32 950/184/32 114/184/32
f 314/197/453 1149/201/453 313/201/453
f 386/190/455 1221/210/455 385/210/455
f 187/212/507 1022/203/507 186/203/507
f 59/221/36 894/224/36 58/224/36
f 306/223/456 1141/225/456 305/225/456
f 378/249/460 1213/250/460 377/250/460
f 370/257/461 1205/258/461 369/258/461
f 51/246/40 886/265/40 50/265/40
f 297/267/508 1134/264/508 1133/267/508
f 195/276/509 1030/274/509 194/274/509
f 131/282/38 966/283/38 130/283/38
f 123/290/39 958/291/39 122/291/39
f 297/267/92 1269/279/92 433/279/92
f 259/297/510 1094/295/510 258/295/510
f 251/307/511 1086/310/511 250/310/511
f 267/311/512 1102/309/512 266/309/512
f 203/321/355 1038/319/355 202/319/355
f 43/331/424 878/334/424 42/334/424
f 211/342/357 1046/340/357 210/340/357
f 35/351/513 870/353/513 34/353/513
f 219/361/359 1054/359/359 218/359/359
f 27/371/437 862/373/437 26/373/437
f 243/368/514 1078/374/514 242/374/514
f 275/383/515 1110/377/515 274/377/515
f 227/386/363 1062/384/363 226/384/363
f 235/396/516 1070/398/516 234/398/516
f 19/404/517 854/406/517 18/406/517
f 283/414/518 1118/412/518 282/412/518
f 11/419/519 846/421/519 10/421/519
f 291/431/520 1126/429/520 290/429/520
f 3/434/521 838/436/521 2/436/521
f 641/445/522 1476/443/522 640/443/522
f 633/444/523 1468/71/523 632/71/523
f 649/459/524 1484/457/524 648/457/524
f 625/458/525 1460/460/525 624/460/525
f 657/474/526 1492/472/526 656/472/526
f 617/473/527 1452/475/527 616/475/527
f 665/489/528 1500/487/528 664/487/528
f 609/488/529 1444/490/529 608/490/529
f 673/503/530 1508/501/530 672/501/530
f 601/502/531 1436/504/531 600/504/531
f 681/518/532 1516/517/532 680/517/532
f 593/399/533 1428/519/533 592/519/533
f 553/539/534 1388/538/534 552/538/534
f 545/537/535 1380/540/535 544/540/535
f 489/91/192 1324/529/192 488/529/192
f 560/553/536 1397/563/536 1396/553/536
f 482/562/537 1317/564/537 481/564/537
f 497/565/193 1332/561/193 496/561/193
f 537/571/538 1372/580/538 536/580/538
f 474/578/125 1309/581/125 473/581/125
f 505/582/539 1340/579/539 504/579/539
f 513/599/197 1348/597/197 512/597/197
f 466/600/128 1301/602/128 465/602/128
f 529/618/540 1364/7/540 528/7/540
f 521/623/200 1356/620/200 520/620/200
f 458/621/541 1293/630/541 457/630/541
f 569/631/542 1404/624/542 568/624/542
f 450/642/543 1285/644/543 449/644/543
f 577/647/544 1412/645/544 576/645/544
f 442/656/545 1277/658/545 441/658/545
f 801/678/534 1636/677/534 800/677/534
f 793/676/535 1628/679/535 792/679/535
f 737/689/192 1572/666/192 736/666/192
f 808/695/536 1645/705/536 1644/695/536
f 729/704/537 1564/706/537 728/706/537
f 745/707/193 1580/703/193 744/703/193
f 785/713/538 1620/724/538 784/724/538
f 721/722/125 1556/725/125 720/725/125
f 753/726/539 1588/723/539 752/723/539
f 761/743/197 1596/741/197 760/741/197
f 713/744/128 1548/746/128 712/746/128
f 777/765/540 1612/767/540 776/767/540
f 769/771/200 1604/768/200 768/768/200
f 705/769/541 1540/778/541 704/778/541
f 817/779/542 1652/772/542 816/772/542
f 697/791/543 1532/793/543 696/793/543
f 825/796/544 1660/794/544 824/794/544
f 689/806/545 1524/808/545 688/808/545
f 1756/813/546 1758/814/546 1757/815/546
f 1756/813/3 1759/816/3 1758/814/3
f 1755/817/1 1759/816/1 1756/813/1
f 1755/817/1 1760/818/1 1759/816/1
f 1754/819/1 1760/818/1 1755/817/1
f 1754/819/1 1761/820/1 1760/818/1
f 1753/821/1 1761/820/1 1754/819/1
f 1753/821/1 1762/822/1 1761/820/1
f 1752/823/1 1762/822/1 1753/821/1
f 1752/823/1 1763/824/1 1762/822/1
f 1752/823/1 1764/825/1 1763/824/1
f 1751/826/1 1764/825/1 1752/823/1
f 1751/826/1 1765/827/1 1764/825/1
f 1750/828/1 1765/827/1 1751/826/1
f 1750/828/1 1766/829/1 1765/827/1
f 1749/830/1 1766/829/1 1750/828/1
f 1749/830/1 1767/831/1 1766/829/1
f 1748/832/1 1767/831/1 1749/830/1
f 1748/832/1 1768/833/1 1767/831/1
f 1748/832/1 1769/834/1 1768/833/1
f 1747/835/1 1769/834/1 1748/832/1
f 1747/835/1 1770/836/1 1769/834/1
f 1746/837/1 1770/836/1 1747/835/1
f 1746/837/1 1771/838/1 1770/836/1
f 1745/839/1 1771/838/1 1746/837/1
f 1745/839/1 1772/840/1 1771/838/1
f 1744/841/1 1772/840/1 1745/839/1
f 1744/841/1 1773/842/1 1772/840/1
f 1744/841/1 1774/843/1 1773/842/1
f 1743/844/1 1950/845/1 1744/841/1
f 1950/845/1 1774/843/1 1744/841/1
f 1950/845/1 1775/846/1 1774/843/1
f 1743/844/1 1951/847/1 1950/845/1
f 1949/848/1 1775/846/1 1950/845/1
f 1948/849/1 1775/846/1 1949/848/1
f 1743/844/1 1952/850/1 1951/847/1
f 1947/851/1 1775/846/1 1948/849/1
f 1743/844/1 1953/852/1 1952/850/1
f 1946/853/1 1775/846/1 1947/851/1
f 1742/854/1 1953/852/1 1743/844/1
f 1742/854/1 1954/855/1 1953/852/1
f 1945/856/1 1775/846/1 1946/853/1
f 1945/856/1 1776/857/1 1775/846/1
f 1944/858/1 1776/857/1 1945/856/1
f 1742/854/1 1955/859/1 1954/855/1
f 1943/860/1 1776/857/1 1944/858/1
f 1742/854/1 1956/861/1 1955/859/1
f 1741/862/1 1956/861/1 1742/854/1
f 1942/863/1 1776/857/1 1943/860/1
f 1942/863/1 1777/864/1 1776/857/1
f 1741/862/1 1957/865/1 1956/861/1
f 1941/866/1 1777/864/1 1942/863/1
f 1741/862/1 1958/867/1 1957/865/1
f 1940/868/1 1777/864/1 1941/866/1
f 1740/869/1 1958/867/1 1741/862/1
f 1940/868/1 1778/870/1 1777/864/1
f 1939/871/1 1778/870/1 1940/868/1
f 1740/869/1 1959/872/1 1958/867/1
f 1939/871/1 1779/873/1 1778/870/1
f 1938/874/1 1779/873/1 1939/871/1
f 1739/875/1 1959/872/1 1740/869/1
f 1739/875/1 1960/876/1 1959/872/1
f 1937/877/1 1779/873/1 1938/874/1
f 1937/877/1 1780/878/1 1779/873/1
f 1739/875/1 1961/879/1 1960/876/1
f 1738/880/1 1961/879/1 1739/875/1
f 1936/881/1 1780/878/1 1937/877/1
f 1936/881/1 1781/882/1 1780/878/1
f 1738/880/1 1962/883/1 1961/879/1
f 1935/884/1 1781/882/1 1936/881/1
f 1737/885/1 1962/883/1 1738/880/1
f 1935/884/1 1782/886/1 1781/882/1
f 1737/885/1 1963/887/1 1962/883/1
f 1934/888/1 1782/886/1 1935/884/1
f 1736/889/1 1963/887/1 1737/885/1
f 1934/888/1 1783/890/1 1782/886/1
f 1933/891/1 1783/890/1 1934/888/1
f 1736/889/1 1964/892/1 1963/887/1
f 1933/891/1 1784/893/1 1783/890/1
f 1932/894/1 1784/893/1 1933/891/1
f 1735/895/1 1964/892/1 1736/889/1
f 1735/895/1 1965/896/1 1964/892/1
f 1932/894/1 1785/897/1 1784/893/1
f 1931/898/1 1785/897/1 1932/894/1
f 1735/895/1 1966/899/1 1965/896/1
f 1734/900/1 1966/899/1 1735/895/1
f 1931/898/1 1786/901/1 1785/897/1
f 1930/902/1 1786/901/1 1931/898/1
f 1734/900/1 1967/903/1 1966/899/1
f 1733/904/1 1967/903/1 1734/900/1
f 1930/902/1 1787/905/1 1786/901/1
f 1929/906/1 1787/905/1 1930/902/1
f 1733/904/1 1968/907/1 1967/903/1
f 1732/908/1 1968/907/1 1733/904/1
f 1929/906/1 1788/909/1 1787/905/1
f 1928/910/1 1788/909/1 1929/906/1
f 1732/908/1 1969/911/1 1968/907/1
f 1928/910/1 1789/912/1 1788/909/1
f 1731/913/1 1969/911/1 1732/908/1
f 1927/914/1 1789/912/1 1928/910/1
f 1731/913/1 1970/915/1 1969/911/1
f 1927/914/1 1790/916/1 1789/912/1
f 1730/917/1 1970/915/1 1731/913/1
f 1926/918/1 1790/916/1 1927/914/1
f 1926/918/1 1791/919/1 1790/916/1
f 1730/917/1 1971/920/1 1970/915/1
f 1925/921/1 1791/919/1 1926/918/1
f 1729/922/1 1971/920/1 1730/917/1
f 1925/921/1 1792/923/1 1791/919/1
f 1729/922/1 1972/924/1 1971/920/1
f 1924/925/1 1792/923/1 1925/921/1
f 1728/926/1 1972/924/1 1729/922/1
f 1924/925/1 1793/927/1 1792/923/1
f 1728/926/1 1973/928/1 1972/924/1
f 1923/929/1 1793/927/1 1924/925/1
f 1923/929/1 1794/930/1 1793/927/1
f 1727/931/1 1973/928/1 1728/926/1
f 1727/931/1 1974/932/1 1973/928/1
f 1922/933/1 1794/930/1 1923/929/1
f 1922/933/1 1795/934/1 1794/930/1
f 1726/935/1 1974/932/1 1727/931/1
f 1921/936/1 1795/934/1 1922/933/1
f 1726/935/1 1975/937/1 1974/932/1
f 1921/936/1 1796/938/1 1795/934/1
f 1920/939/1 1796/938/1 1921/936/1
f 1725/940/1 1975/937/1 1726/935/1
f 1725/940/1 1976/941/1 1975/937/1
f 1919/942/1 1796/938/1 1920/939/1
f 1919/942/1 1797/943/1 1796/938/1
f 1724/944/1 1976/941/1 1725/940/1
f 1918/945/1 1797/943/1 1919/942/1
f 1724/944/1 1977/946/1 1976/941/1
f 1918/945/1 1798/947/1 1797/943/1
f 1917/948/1 1798/947/1 1918/945/1
f 1723/949/1 1977/946/1 1724/944/1
f 1723/949/1 1978/950/1 1977/946/1
f 1917/948/1 1799/951/1 1798/947/1
f 1916/952/1 1799/951/1 1917/948/1
f 1722/953/1 1978/950/1 1723/949/1
f 1916/952/1 1800/954/1 1799/951/1
f 1722/953/1 1979/955/1 1978/950/1
f 1915/956/1 1800/954/1 1916/952/1
f 1914/957/1 1800/954/1 1915/956/1
f 1914/957/1 1801/958/1 1800/954/1
f 1721/959/1 1979/955/1 1722/953/1
f 1721/959/1 1980/960/1 1979/955/1
f 1913/961/1 1801/958/1 1914/957/1
f 1913/961/1 1802/962/1 1801/958/1
f 1720/963/1 1980/960/1 1721/959/1
f 1912/964/1 1802/962/1 1913/961/1
f 1720/963/1 1981/965/1 1980/960/1
f 1912/964/1 1803/966/1 1802/962/1
f 1911/967/1 1803/966/1 1912/964/1
f 1719/968/1 1981/965/1 1720/963/1
f 1911/967/1 1804/969/1 1803/966/1
f 1719/968/1 1982/970/1 1981/965/1
f 1910/971/1 1804/969/1 1911/967/1
f 1909/972/1 1804/969/1 1910/971/1
f 1909/972/1 1805/973/1 1804/969/1
f 1718/974/1 1982/970/1 1719/968/1
f 1718/974/1 1983/975/1 1982/970/1
f 1908/976/1 1805/973/1 1909/972/1
f 1908/976/1 1806/977/1 1805/973/1
f 1907/978/1 1806/977/1 1908/976/1
f 1718/974/1 1984/979/1 1983/975/1
f 1717/980/1 1984/979/1 1718/974/1
f 1907/978/1 1807/981/1 1806/977/1
f 1906/982/1 1807/981/1 1907/978/1
f 1905/983/1 1807/981/1 1906/982/1
f 1905/983/1 1808/984/1 1807/981/1
f 1717/980/1 1985/985/1 1984/979/1
f 1716/986/1 1985/985/1 1717/980/1
f 1904/987/1 1808/984/1 1905/983/1
f 1904/987/1 1809/988/1 1808/984/1
f 1903/989/1 1809/988/1 1904/987/1
f 1903/989/1 1810/990/1 1809/988/1
f 1902/991/1 1810/990/1 1903/989/1
f 1716/986/1 1986/992/1 1985/985/1
f 1715/993/1 1986/992/1 1716/986/1
f 1901/994/1 1810/990/1 1902/991/1
f 1901/994/1 1811/995/1 1810/990/1
f 1900/996/1 1811/995/1 1901/994/1
f 1900/996/1 1812/997/1 1811/995/1
f 1899/998/1 1812/997/1 1900/996/1
f 1715/993/1 1866/999/1 1986/992/1
f 1866/999/1 1987/1000/1 1986/992/1
f 1714/1001/1 1866/999/1 1715/993/1
f 1898/1002/1 1812/997/1 1899/998/1
f 1714/1001/1 1865/1003/1 1866/999/1
f 1867/1004/1 1987/1000/1 1866/999/1
f 1868/1005/1 1987/1000/1 1867/1004/1
f 1898/1002/1 1813/1006/1 1812/997/1
f 1897/1007/1 1813/1006/1 1898/1002/1
f 1869/1008/1 1987/1000/1 1868/1005/1
f 1870/1009/1 1987/1000/1 1869/1008/1
f 1896/1010/1 1813/1006/1 1897/1007/1
f 1871/1011/1 1987/1000/1 1870/1009/1
f 1872/1012/1 1987/1000/1 1871/1011/1
f 1896/1010/1 1814/1013/1 1813/1006/1
f 1895/1014/1 1814/1013/1 1896/1010/1
f 1873/1015/1 1987/1000/1 1872/1012/1
f 1873/1015/1 1876/1016/1 1987/1000/1
f 1876/1016/1 1988/1017/1 1987/1000/1
f 1874/1018/1 1876/1016/1 1873/1015/1
f 1894/1019/1 1814/1013/1 1895/1014/1
f 1875/1020/547 1876/1016/547 1874/1018/547
f 1713/1021/1 1865/1003/1 1714/1001/1
f 1988/1017/1 1877/1022/1 1876/1016/1
f 1893/1023/1 1814/1013/1 1894/1019/1
f 1988/1017/1 1878/1024/1 1877/1022/1
f 1988/1017/1 1879/1025/1 1878/1024/1
f 1988/1017/1 1880/1026/1 1879/1025/1
f 1893/1023/1 1815/1027/1 1814/1013/1
f 1892/1028/1 1815/1027/1 1893/1023/1
f 1988/1017/1 1881/1029/1 1880/1026/1
f 1988/1017/1 1882/1030/1 1881/1029/1
f 1988/1017/1 1883/1031/1 1882/1030/1
f 1988/1017/1 1884/1032/1 1883/1031/1
f 1891/1033/1 1815/1027/1 1892/1028/1
f 1988/1017/1 1885/1034/1 1884/1032/1
f 1988/1017/1 1886/1035/1 1885/1034/1
f 1988/1017/1 1887/1036/1 1886/1035/1
f 1890/1037/546 1815/1027/546 1891/1033/546
f 1988/1017/1 1888/1038/1 1887/1036/1
f 1988/1017/1 1889/1039/1 1888/1038/1
f 1988/1017/1 1890/1037/1 1889/1039/1
f 1988/1017/1 1815/1027/1 1890/1037/1
f 1988/1017/1 1816/1040/1 1815/1027/1
f 1989/1041/1 1816/1040/1 1988/1017/1
f 1712/1042/1 1865/1003/1 1713/1021/1
f 1989/1041/1 1817/1043/1 1816/1040/1
f 1989/1041/1 1818/1044/1 1817/1043/1
f 1989/1041/1 1819/1045/1 1818/1044/1
f 1990/1046/1 1851/1047/1 1989/1041/1
f 1851/1047/1 1819/1045/1 1989/1041/1
f 1711/1048/1 1865/1003/1 1712/1042/1
f 1851/1047/1 1820/1049/1 1819/1045/1
f 1711/1048/1 1864/1050/1 1865/1003/1
f 1711/1048/1 1863/1051/1 1864/1050/1
f 1711/1048/1 1862/1052/1 1863/1051/1
f 1711/1048/1 1861/1053/1 1862/1052/1
f 1711/1048/1 1860/1054/1 1861/1053/1
f 1851/1047/1 1821/1055/1 1820/1049/1
f 1711/1048/1 1859/1056/1 1860/1054/1
f 1711/1048/1 1858/1057/1 1859/1056/1
f 1711/1048/1 1857/1058/1 1858/1057/1
f 1711/1048/1 1856/1059/1 1857/1058/1
f 1711/1048/1 1855/1060/1 1856/1059/1
f 1711/1048/1 1854/1061/1 1855/1060/1
f 1851/1047/1 1822/1062/1 1821/1055/1
f 1711/1048/1 1853/1063/1 1854/1061/1
f 1711/1048/1 1852/1064/1 1853/1063/1
f 1711/1048/1 1851/1047/1 1852/1064/1
f 1711/1048/3 1990/1046/3 1851/1047/3
f 1990/1046/1 1850/1065/1 1851/1047/1
f 1711/1048/1 1991/1066/1 1990/1046/1
f 1710/1067/1 1991/1066/1 1711/1048/1
f 1710/1067/1 1992/1068/1 1991/1066/1
f 1709/1069/1 1992/1068/1 1710/1067/1
f 1709/1069/1 1993/1070/1 1992/1068/1
f 1708/1071/1 1993/1070/1 1709/1069/1
f 1708/1071/1 1994/1072/1 1993/1070/1
f 1707/1073/1 1994/1072/1 1708/1071/1
f 1707/1073/1 1995/1074/1 1994/1072/1
f 1706/1075/1 1995/1074/1 1707/1073/1
f 1706/1075/1 1996/1076/1 1995/1074/1
f 1705/1077/1 1996/1076/1 1706/1075/1
f 1705/1077/1 1997/1078/1 1996/1076/1
f 1704/1079/1 1997/1078/1 1705/1077/1
f 1704/1079/1 1998/1080/1 1997/1078/1
f 1704/1079/1 1999/1081/1 1998/1080/1
f 1703/1082/1 1999/1081/1 1704/1079/1
f 1702/1083/1 1999/1081/1 1703/1082/1
f 1702/1083/1 2000/1084/1 1999/1081/1
f 2045/1085/1 2047/1086/1 2046/1087/1
f 1701/1088/1 2000/1084/1 1702/1083/1
f 1701/1088/1 2001/1089/1 2000/1084/1
f 1700/1090/1 2001/1089/1 1701/1088/1
f 2044/1091/1 2047/1086/1 2045/1085/1
f 2044/1091/1 2048/1092/1 2047/1086/1
f 1700/1090/1 2002/1093/1 2001/1089/1
f 1699/1094/1 2002/1093/1 1700/1090/1
f 2043/1095/1 2048/1092/1 2044/1091/1
f 2043/1095/1 2049/1096/1 2048/1092/1
f 1699/1094/1 2003/1097/1 2002/1093/1
f 1698/1098/1 2003/1097/1 1699/1094/1
f 2042/1099/1 2049/1096/1 2043/1095/1
f 2042/1099/1 2050/1100/1 2049/1096/1
f 1697/1101/1 2003/1097/1 1698/1098/1
f 1697/1101/1 2004/1102/1 2003/1097/1
f 2041/1103/1 2050/1100/1 2042/1099/1
f 1696/1104/1 2004/1102/1 1697/1101/1
f 2041/1103/1 2051/1105/1 2050/1100/1
f 1696/1104/1 2005/1106/1 2004/1102/1
f 2040/1107/1 2051/1105/1 2041/1103/1
f 1695/1108/1 2005/1106/1 1696/1104/1
f 2040/1107/1 2052/1109/1 2051/1105/1
f 1695/1108/1 2006/1110/1 2005/1106/1
f 2039/1111/1 2052/1109/1 2040/1107/1
f 1694/1112/1 2006/1110/1 1695/1108/1
f 2039/1111/1 2053/1113/1 2052/1109/1
f 1694/1112/1 2007/1114/1 2006/1110/1
f 2038/1115/1 2053/1113/1 2039/1111/1
f 1693/1116/1 2007/1114/1 1694/1112/1
f 1693/1116/1 2008/1117/1 2007/1114/1
f 2038/1115/1 2054/1118/1 2053/1113/1
f 2037/1119/1 2054/1118/1 2038/1115/1
f 1692/1120/1 2008/1117/1 1693/1116/1
f 1692/1120/1 2009/1121/1 2008/1117/1
f 2037/1119/1 2055/1122/1 2054/1118/1
f 2036/1123/1 2055/1122/1 2037/1119/1
f 1691/1124/1 2009/1121/1 1692/1120/1
f 1691/1124/1 2010/1125/1 2009/1121/1
f 2035/1126/1 2055/1122/1 2036/1123/1
f 2035/1126/1 2056/1127/1 2055/1122/1
f 1690/1128/1 2010/1125/1 1691/1124/1
f 1690/1128/1 2011/1129/1 2010/1125/1
f 2034/1130/1 2056/1127/1 2035/1126/1
f 1690/1128/1 2012/1131/1 2011/1129/1
f 2034/1130/1 2057/1132/1 2056/1127/1
f 1689/1133/1 2012/1131/1 1690/1128/1
f 2033/1134/1 2057/1132/1 2034/1130/1
f 1689/1133/1 2013/1135/1 2012/1131/1
f 2032/1136/1 2057/1132/1 2033/1134/1
f 1688/1137/1 2013/1135/1 1689/1133/1
f 2032/1136/1 2058/1138/1 2057/1132/1
f 1688/1137/1 2014/1139/1 2013/1135/1
f 2031/1140/1 2058/1138/1 2032/1136/1
f 1687/1141/1 2014/1139/1 1688/1137/1
f 1687/1141/1 2015/1142/1 2014/1139/1
f 2030/1143/1 2058/1138/1 2031/1140/1
f 2030/1143/1 2059/1144/1 2058/1138/1
f 2029/1145/1 2059/1144/1 2030/1143/1
f 1687/1141/1 2016/1146/1 2015/1142/1
f 1686/1147/1 2016/1146/1 1687/1141/1
f 2028/1148/1 2059/1144/1 2029/1145/1
f 1686/1147/1 2017/1149/1 2016/1146/1
f 2028/1148/1 2060/1150/1 2059/1144/1
f 2027/1151/1 2060/1150/1 2028/1148/1
f 1686/1147/1 2018/1152/1 2017/1149/1
f 2026/1153/1 2060/1150/1 2027/1151/1
f 1685/1154/1 2018/1152/1 1686/1147/1
f 1685/1154/1 2019/1155/1 2018/1152/1
f 2025/1156/1 2060/1150/1 2026/1153/1
f 1685/1154/1 2020/1157/1 2019/1155/1
f 2024/1158/1 2060/1150/1 2025/1156/1
f 2024/1158/1 2061/1159/1 2060/1150/1
f 1685/1154/1 2021/1160/1 2020/1157/1
f 2023/1161/1 2061/1159/1 2024/1158/1
f 1685/1154/1 2022/1162/1 2021/1160/1
f 2022/1162/1 2061/1159/1 2023/1161/1
f 1685/1154/1 2061/1159/1 2022/1162/1
f 1684/1163/1 2061/1159/1 1685/1154/1
f 1684/1163/1 2062/1164/1 2061/1159/1
f 1683/1165/1 2062/1164/1 1684/1163/1
f 1683/1165/1 2063/1166/1 2062/1164/1
f 1682/1167/1 2063/1166/1 1683/1165/1
f 1682/1167/1 2064/1168/1 2063/1166/1
f 1681/1169/1 2064/1168/1 1682/1167/1
f 1680/1170/1 2064/1168/1 1681/1169/1
f 1680/1170/1 2065/1171/1 2064/1168/1
f 1679/1172/1 2065/1171/1 1680/1170/1
f 1679/1172/1 2066/1173/1 2065/1171/1
f 1678/1174/1 2066/1173/1 1679/1172/1
f 1678/1174/1 2067/1175/1 2066/1173/1
f 1677/1176/1 2067/1175/1 1678/1174/1
f 1677/1176/1 2068/1177/1 2067/1175/1
f 1676/1178/1 2068/1177/1 1677/1176/1
f 1676/1178/1 2069/1179/1 2068/1177/1
f 1675/1180/1 2069/1179/1 1676/1178/1
f 1675/1180/1 2070/40/1 2069/1179/1
f 1674/1181/1 2070/40/1 1675/1180/1
f 1674/1181/1 1673/39/1 2070/40/1
f 1865/1003/1 1864/1050/1 1867/1004/1
f 1867/1004/1 1866/999/1 1865/1003/1
f 1868/1005/1 1867/1004/1 1864/1050/1
f 1868/1005/1 1863/1051/1 1862/1052/1
f 1864/1050/1 1863/1051/1 1868/1005/1
f 1862/1052/1 1869/1008/1 1868/1005/1
f 1869/1008/1 1862/1052/1 1861/1053/1
f 1861/1053/1 1870/1009/1 1869/1008/1
f 1861/1053/1 1860/1054/1 1870/1009/1
f 1860/1054/1 1859/1056/1 1870/1009/1
f 1870/1009/1 1859/1056/1 1871/1011/1
f 1859/1056/1 1858/1057/1 1871/1011/1
f 1871/1011/1 1858/1057/1 1872/1012/1
f 1858/1057/1 1857/1058/1 1872/1012/1
f 1872/1012/1 1857/1058/1 1873/1015/1
f 1857/1058/1 1856/1059/1 1873/1015/1
f 1873/1015/1 1856/1059/1 1874/1018/1
f 1856/1059/1 1855/1060/1 1874/1018/1
f 1874/1018/1 1855/1060/1 1875/1020/1
f 1855/1060/1 1854/1061/1 1875/1020/1
f 1875/1020/1 1854/1061/1 1876/1016/1
f 1854/1061/1 1853/1063/1 1876/1016/1
f 1876/1016/1 1853/1063/1 1988/1017/1
f 1853/1063/1 1852/1064/1 1988/1017/1
f 1852/1064/1 1990/1046/1 1989/1041/1
f 1988/1017/1 1852/1064/1 1989/1041/1
f 1851/1047/1 1823/39/1 1822/1062/1
f 1851/1047/1 1850/1065/1 1823/39/1
f 1850/1065/1 1824/39/1 1823/39/1
f 1849/39/1 1824/39/1 1850/1065/1
f 1849/39/1 1825/39/1 1824/39/1
f 1848/39/1 1825/39/1 1849/39/1
f 1848/39/1 1826/39/1 1825/39/1
f 1847/39/1 1826/39/1 1848/39/1
f 1847/39/1 1827/39/1 1826/39/1
f 1846/39/1 1827/39/1 1847/39/1
f 1846/39/1 1828/39/1 1827/39/1
f 1845/39/3 1828/39/3 1846/39/3
f 1845/39/1 1829/39/1 1828/39/1
f 1829/39/1 1845/39/1 1844/39/1
f 1844/39/1 1830/39/1 1829/39/1
f 1843/39/1 1830/39/1 1844/39/1
f 1843/39/546 1831/39/546 1830/39/546
f 1831/39/3 1843/39/3 1842/39/3
f 1842/39/1 1832/39/1 1831/39/1
f 1841/39/548 1832/39/548 1842/39/548
f 1841/39/1 1833/39/1 1832/39/1
f 1840/39/549 1833/39/549 1841/39/549
f 1840/39/546 1834/39/546 1833/39/546
f 1839/39/1 1834/39/1 1840/39/1
f 1834/39/1 1839/39/1 1835/39/1
f 1838/39/1 1835/39/1 1839/39/1
f 1838/39/550 1836/39/550 1835/39/550
f 1838/39/1 1837/39/1 1836/39/1
f 2154/813/4 2155/815/4 2156/814/4
f 2154/813/4 2156/814/4 2157/816/4
f 2153/817/4 2154/813/4 2157/816/4
f 2153/817/4 2157/816/4 2158/818/4
f 2152/819/4 2153/817/4 2158/818/4
f 2152/819/4 2158/818/4 2159/820/4
f 2151/821/4 2152/819/4 2159/820/4
f 2151/821/4 2159/820/4 2160/822/4
f 2150/823/4 2151/821/4 2160/822/4
f 2150/823/4 2160/822/4 2161/824/4
f 2150/823/4 2161/824/4 2162/825/4
f 2149/826/4 2150/823/4 2162/825/4
f 2149/826/4 2162/825/4 2163/827/4
f 2148/828/4 2149/826/4 2163/827/4
f 2148/828/4 2163/827/4 2164/829/4
f 2147/830/4 2148/828/4 2164/829/4
f 2147/830/4 2164/829/4 2165/831/4
f 2146/832/4 2147/830/4 2165/831/4
f 2146/832/4 2165/831/4 2166/833/4
f 2146/832/4 2166/833/4 2167/834/4
f 2145/835/4 2146/832/4 2167/834/4
f 2145/835/4 2167/834/4 2168/836/4
f 2144/837/4 2145/835/4 2168/836/4
f 2144/837/4 2168/836/4 2169/838/4
f 2143/839/4 2144/837/4 2169/838/4
f 2143/839/4 2169/838/4 2170/840/4
f 2142/841/4 2143/839/4 2170/840/4
f 2142/841/4 2170/840/4 2171/842/4
f 2142/841/4 2171/842/4 2172/843/4
f 2141/844/4 2142/841/4 2348/845/4
f 2348/845/4 2142/841/4 2172/843/4
f 2348/845/4 2172/843/4 2173/846/4
f 2141/844/4 2348/845/4 2349/847/4
f 2347/848/4 2348/845/4 2173/846/4
f 2346/849/4 2347/848/4 2173/846/4
f 2141/844/4 2349/847/4 2350/850/4
f 2345/851/4 2346/849/4 2173/846/4
f 2141/844/4 2350/850/4 2351/852/4
f 2344/853/4 2345/851/4 2173/846/4
f 2140/854/4 2141/844/4 2351/852/4
f 2140/854/4 2351/852/4 2352/855/4
f 2343/856/4 2344/853/4 2173/846/4
f 2343/856/4 2173/846/4 2174/857/4
f 2342/858/4 2343/856/4 2174/857/4
f 2140/854/4 2352/855/4 2353/859/4
f 2341/860/4 2342/858/4 2174/857/4
f 2140/854/4 2353/859/4 2354/861/4
f 2139/862/4 2140/854/4 2354/861/4
f 2340/863/4 2341/860/4 2174/857/4
f 2340/863/4 2174/857/4 2175/864/4
f 2139/862/4 2354/861/4 2355/865/4
f 2339/866/4 2340/863/4 2175/864/4
f 2139/862/4 2355/865/4 2356/867/4
f 2338/868/4 2339/866/4 2175/864/4
f 2138/869/4 2139/862/4 2356/867/4
f 2338/868/4 2175/864/4 2176/870/4
f 2337/871/4 2338/868/4 2176/870/4
f 2138/869/4 2356/867/4 2357/872/4
f 2337/871/4 2176/870/4 2177/873/4
f 2336/874/4 2337/871/4 2177/873/4
f 2137/875/4 2138/869/4 2357/872/4
f 2137/875/4 2357/872/4 2358/876/4
f 2335/877/4 2336/874/4 2177/873/4
f 2335/877/4 2177/873/4 2178/878/4
f 2137/875/4 2358/876/4 2359/879/4
f 2136/880/4 2137/875/4 2359/879/4
f 2334/881/4 2335/877/4 2178/878/4
f 2334/881/4 2178/878/4 2179/882/4
f 2136/880/4 2359/879/4 2360/883/4
f 2333/884/4 2334/881/4 2179/882/4
f 2135/885/4 2136/880/4 2360/883/4
f 2333/884/4 2179/882/4 2180/886/4
f 2135/885/4 2360/883/4 2361/887/4
f 2332/888/4 2333/884/4 2180/886/4
f 2134/889/4 2135/885/4 2361/887/4
f 2332/888/4 2180/886/4 2181/890/4
f 2331/891/4 2332/888/4 2181/890/4
f 2134/889/4 2361/887/4 2362/892/4
f 2331/891/4 2181/890/4 2182/893/4
f 2330/894/4 2331/891/4 2182/893/4
f 2133/895/4 2134/889/4 2362/892/4
f 2133/895/4 2362/892/4 2363/896/4
f 2330/894/4 2182/893/4 2183/897/4
f 2329/898/4 2330/894/4 2183/897/4
f 2133/895/4 2363/896/4 2364/899/4
f 2132/900/4 2133/895/4 2364/899/4
f 2329/898/4 2183/897/4 2184/901/4
f 2328/902/4 2329/898/4 2184/901/4
f 2132/900/4 2364/899/4 2365/903/4
f 2131/904/4 2132/900/4 2365/903/4
f 2328/902/4 2184/901/4 2185/905/4
f 2327/906/4 2328/902/4 2185/905/4
f 2131/904/4 2365/903/4 2366/907/4
f 2130/908/4 2131/904/4 2366/907/4
f 2327/906/4 2185/905/4 2186/909/4
f 2326/910/4 2327/906/4 2186/909/4
f 2130/908/4 2366/907/4 2367/911/4
f 2326/910/4 2186/909/4 2187/912/4
f 2129/913/4 2130/908/4 2367/911/4
f 2325/914/4 2326/910/4 2187/912/4
f 2129/913/4 2367/911/4 2368/915/4
f 2325/914/4 2187/912/4 2188/916/4
f 2128/917/4 2129/913/4 2368/915/4
f 2324/918/4 2325/914/4 2188/916/4
f 2324/918/4 2188/916/4 2189/919/4
f 2128/917/4 2368/915/4 2369/920/4
f 2323/921/4 2324/918/4 2189/919/4
f 2127/922/4 2128/917/4 2369/920/4
f 2323/921/4 2189/919/4 2190/923/4
f 2127/922/4 2369/920/4 2370/924/4
f 2322/925/4 2323/921/4 2190/923/4
f 2126/926/4 2127/922/4 2370/924/4
f 2322/925/4 2190/923/4 2191/927/4
f 2126/926/4 2370/924/4 2371/928/4
f 2321/929/4 2322/925/4 2191/927/4
f 2321/929/4 2191/927/4 2192/930/4
f 2125/931/4 2126/926/4 2371/928/4
f 2125/931/4 2371/928/4 2372/932/4
f 2320/933/4 2321/929/4 2192/930/4
f 2320/933/4 2192/930/4 2193/934/4
f 2124/935/4 2125/931/4 2372/932/4
f 2319/936/4 2320/933/4 2193/934/4
f 2124/935/4 2372/932/4 2373/937/4
f 2319/936/4 2193/934/4 2194/938/4
f 2318/939/4 2319/936/4 2194/938/4
f 2123/940/4 2124/935/4 2373/937/4
f 2123/940/4 2373/937/4 2374/941/4
f 2317/942/4 2318/939/4 2194/938/4
f 2317/942/4 2194/938/4 2195/943/4
f 2122/944/4 2123/940/4 2374/941/4
f 2316/945/4 2317/942/4 2195/943/4
f 2122/944/4 2374/941/4 2375/946/4
f 2316/945/4 2195/943/4 2196/947/4
f 2315/948/4 2316/945/4 2196/947/4
f 2121/949/4 2122/944/4 2375/946/4
f 2121/949/4 2375/946/4 2376/950/4
f 2315/948/4 2196/947/4 2197/951/4
f 2314/952/4 2315/948/4 2197/951/4
f 2120/953/4 2121/949/4 2376/950/4
f 2314/952/4 2197/951/4 2198/954/4
f 2120/953/4 2376/950/4 2377/955/4
f 2313/956/4 2314/952/4 2198/954/4
f 2312/957/4 2313/956/4 2198/954/4
f 2312/957/4 2198/954/4 2199/958/4
f 2119/959/4 2120/953/4 2377/955/4
f 2119/959/4 2377/955/4 2378/960/4
f 2311/961/4 2312/957/4 2199/958/4
f 2311/961/4 2199/958/4 2200/962/4
f 2118/963/4 2119/959/4 2378/960/4
f 2310/964/4 2311/961/4 2200/962/4
f 2118/963/4 2378/960/4 2379/965/4
f 2310/964/4 2200/962/4 2201/966/4
f 2309/967/4 2310/964/4 2201/966/4
f 2117/968/4 2118/963/4 2379/965/4
f 2309/967/4 2201/966/4 2202/969/4
f 2117/968/4 2379/965/4 2380/970/4
f 2308/971/4 2309/967/4 2202/969/4
f 2307/972/4 2308/971/4 2202/969/4
f 2307/972/4 2202/969/4 2203/973/4
f 2116/974/4 2117/968/4 2380/970/4
f 2116/974/4 2380/970/4 2381/975/4
f 2306/976/4 2307/972/4 2203/973/4
f 2306/976/4 2203/973/4 2204/977/4
f 2305/978/4 2306/976/4 2204/977/4
f 2116/974/4 2381/975/4 2382/979/4
f 2115/980/4 2116/974/4 2382/979/4
f 2305/978/4 2204/977/4 2205/981/4
f 2304/982/4 2305/978/4 2205/981/4
f 2303/983/4 2304/982/4 2205/981/4
f 2303/983/4 2205/981/4 2206/984/4
f 2115/980/4 2382/979/4 2383/985/4
f 2114/986/4 2115/980/4 2383/985/4
f 2302/987/4 2303/983/4 2206/984/4
f 2302/987/4 2206/984/4 2207/988/4
f 2301/989/4 2302/987/4 2207/988/4
f 2301/989/4 2207/988/4 2208/990/4
f 2300/991/4 2301/989/4 2208/990/4
f 2114/986/4 2383/985/4 2384/992/4
f 2113/993/4 2114/986/4 2384/992/4
f 2299/994/4 2300/991/4 2208/990/4
f 2299/994/4 2208/990/4 2209/995/4
f 2298/996/4 2299/994/4 2209/995/4
f 2298/996/4 2209/995/4 2210/997/4
f 2297/998/4 2298/996/4 2210/997/4
f 2113/993/4 2384/992/4 2264/999/4
f 2264/999/4 2384/992/4 2385/1000/4
f 2112/1001/4 2113/993/4 2264/999/4
f 2296/1002/4 2297/998/4 2210/997/4
f 2112/1001/4 2264/999/4 2263/1003/4
f 2265/1004/4 2264/999/4 2385/1000/4
f 2266/1005/4 2265/1004/4 2385/1000/4
f 2296/1002/4 2210/997/4 2211/1006/4
f 2295/1007/4 2296/1002/4 2211/1006/4
f 2267/1008/4 2266/1005/4 2385/1000/4
f 2268/1009/4 2267/1008/4 2385/1000/4
f 2294/1010/4 2295/1007/4 2211/1006/4
f 2269/1011/4 2268/1009/4 2385/1000/4
f 2270/1012/4 2269/1011/4 2385/1000/4
f 2294/1010/4 2211/1006/4 2212/1013/4
f 2293/1014/4 2294/1010/4 2212/1013/4
f 2271/1015/4 2270/1012/4 2385/1000/4
f 2271/1015/4 2385/1000/4 2274/1016/4
f 2274/1016/4 2385/1000/4 2386/1017/4
f 2272/1018/4 2271/1015/4 2274/1016/4
f 2292/1019/4 2293/1014/4 2212/1013/4
f 2273/1020/4 2272/1018/4 2274/1016/4
f 2111/1021/4 2112/1001/4 2263/1003/4
f 2386/1017/4 2274/1016/4 2275/1022/4
f 2291/1023/4 2292/1019/4 2212/1013/4
f 2386/1017/4 2275/1022/4 2276/1024/4
f 2386/1017/4 2276/1024/4 2277/1025/4
f 2386/1017/4 2277/1025/4 2278/1026/4
f 2291/1023/4 2212/1013/4 2213/1027/4
f 2290/1028/4 2291/1023/4 2213/1027/4
f 2386/1017/4 2278/1026/4 2279/1029/4
f 2386/1017/4 2279/1029/4 2280/1030/4
f 2386/1017/4 2280/1030/4 2281/1031/4
f 2386/1017/4 2281/1031/4 2282/1032/4
f 2289/1033/4 2290/1028/4 2213/1027/4
f 2386/1017/4 2282/1032/4 2283/1034/4
f 2386/1017/4 2283/1034/4 2284/1035/4
f 2386/1017/4 2284/1035/4 2285/1036/4
f 2288/1037/4 2289/1033/4 2213/1027/4
f 2386/1017/4 2285/1036/4 2286/1038/4
f 2386/1017/4 2286/1038/4 2287/1039/4
f 2386/1017/4 2287/1039/4 2288/1037/4
f 2386/1017/4 2288/1037/4 2213/1027/4
f 2386/1017/4 2213/1027/4 2214/1040/4
f 2387/1041/4 2386/1017/4 2214/1040/4
f 2110/1042/4 2111/1021/4 2263/1003/4
f 2387/1041/4 2214/1040/4 2215/1043/4
f 2387/1041/4 2215/1043/4 2216/1044/4
f 2387/1041/4 2216/1044/4 2217/1045/4
f 2388/1046/4 2387/1041/4 2249/1047/4
f 2249/1047/4 2387/1041/4 2217/1045/4
f 2109/1048/4 2110/1042/4 2263/1003/4
f 2249/1047/4 2217/1045/4 2218/1049/4
f 2109/1048/4 2263/1003/4 2262/1050/4
f 2109/1048/4 2262/1050/4 2261/1051/4
f 2109/1048/4 2261/1051/4 2260/1052/4
f 2109/1048/4 2260/1052/4 2259/1053/4
f 2109/1048/4 2259/1053/4 2258/1054/4
f 2249/1047/4 2218/1049/4 2219/1055/4
f 2109/1048/4 2258/1054/4 2257/1056/4
f 2109/1048/4 2257/1056/4 2256/1057/4
f 2109/1048/4 2256/1057/4 2255/1058/4
f 2109/1048/4 2255/1058/4 2254/1059/4
f 2109/1048/4 2254/1059/4 2253/1060/4
f 2109/1048/4 2253/1060/4 2252/1061/4
f 2249/1047/4 2219/1055/4 2220/1062/4
f 2109/1048/4 2252/1061/4 2251/1063/4
f 2109/1048/4 2251/1063/4 2250/1064/4
f 2109/1048/4 2250/1064/4 2249/1047/4
f 2109/1048/4 2249/1047/4 2388/1046/4
f 2388/1046/4 2249/1047/4 2248/1065/4
f 2109/1048/4 2388/1046/4 2389/1066/4
f 2108/1067/4 2109/1048/4 2389/1066/4
f 2108/1067/4 2389/1066/4 2390/1068/4
f 2107/1069/4 2108/1067/4 2390/1068/4
f 2107/1069/4 2390/1068/4 2391/1070/4
f 2106/1071/4 2107/1069/4 2391/1070/4
f 2106/1071/4 2391/1070/4 2392/1072/4
f 2105/1073/4 2106/1071/4 2392/1072/4
f 2105/1073/4 2392/1072/4 2393/1074/4
f 2104/1075/4 2105/1073/4 2393/1074/4
f 2104/1075/4 2393/1074/4 2394/1076/4
f 2103/1077/4 2104/1075/4 2394/1076/4
f 2103/1077/4 2394/1076/4 2395/1078/4
f 2102/1079/4 2103/1077/4 2395/1078/4
f 2102/1079/4 2395/1078/4 2396/1080/4
f 2102/1079/4 2396/1080/4 2397/1081/4
f 2101/1082/4 2102/1079/4 2397/1081/4
f 2100/1083/4 2101/1082/4 2397/1081/4
f 2100/1083/4 2397/1081/4 2398/1084/4
f 2443/1085/4 2444/1087/4 2445/1086/4
f 2099/1088/4 2100/1083/4 2398/1084/4
f 2099/1088/4 2398/1084/4 2399/1089/4
f 2098/1090/4 2099/1088/4 2399/1089/4
f 2442/1091/4 2443/1085/4 2445/1086/4
f 2442/1091/4 2445/1086/4 2446/1092/4
f 2098/1090/4 2399/1089/4 2400/1093/4
f 2097/1094/4 2098/1090/4 2400/1093/4
f 2441/1095/4 2442/1091/4 2446/1092/4
f 2441/1095/4 2446/1092/4 2447/1096/4
f 2097/1094/4 2400/1093/4 2401/1097/4
f 2096/1098/4 2097/1094/4 2401/1097/4
f 2440/1099/4 2441/1095/4 2447/1096/4
f 2440/1099/4 2447/1096/4 2448/1100/4
f 2095/1101/4 2096/1098/4 2401/1097/4
f 2095/1101/4 2401/1097/4 2402/1102/4
f 2439/1103/4 2440/1099/4 2448/1100/4
f 2094/1104/4 2095/1101/4 2402/1102/4
f 2439/1103/4 2448/1100/4 2449/1105/4
f 2094/1104/4 2402/1102/4 2403/1106/4
f 2438/1107/4 2439/1103/4 2449/1105/4
f 2093/1108/4 2094/1104/4 2403/1106/4
f 2438/1107/4 2449/1105/4 2450/1109/4
f 2093/1108/4 2403/1106/4 2404/1110/4
f 2437/1111/4 2438/1107/4 2450/1109/4
f 2092/1112/4 2093/1108/4 2404/1110/4
f 2437/1111/4 2450/1109/4 2451/1113/4
f 2092/1112/4 2404/1110/4 2405/1114/4
f 2436/1115/4 2437/1111/4 2451/1113/4
f 2091/1116/4 2092/1112/4 2405/1114/4
f 2091/1116/4 2405/1114/4 2406/1117/4
f 2436/1115/4 2451/1113/4 2452/1118/4
f 2435/1119/4 2436/1115/4 2452/1118/4
f 2090/1120/4 2091/1116/4 2406/1117/4
f 2090/1120/4 2406/1117/4 2407/1121/4
f 2435/1119/4 2452/1118/4 2453/1122/4
f 2434/1123/4 2435/1119/4 2453/1122/4
f 2089/1124/4 2090/1120/4 2407/1121/4
f 2089/1124/4 2407/1121/4 2408/1125/4
f 2433/1126/4 2434/1123/4 2453/1122/4
f 2433/1126/4 2453/1122/4 2454/1127/4
f 2088/1128/4 2089/1124/4 2408/1125/4
f 2088/1128/4 2408/1125/4 2409/1129/4
f 2432/1130/4 2433/1126/4 2454/1127/4
f 2088/1128/4 2409/1129/4 2410/1131/4
f 2432/1130/4 2454/1127/4 2455/1132/4
f 2087/1133/4 2088/1128/4 2410/1131/4
f 2431/1134/4 2432/1130/4 2455/1132/4
f 2087/1133/4 2410/1131/4 2411/1135/4
f 2430/1136/4 2431/1134/4 2455/1132/4
f 2086/1137/4 2087/1133/4 2411/1135/4
f 2430/1136/4 2455/1132/4 2456/1138/4
f 2086/1137/4 2411/1135/4 2412/1139/4
f 2429/1140/4 2430/1136/4 2456/1138/4
f 2085/1141/4 2086/1137/4 2412/1139/4
f 2085/1141/4 2412/1139/4 2413/1142/4
f 2428/1143/4 2429/1140/4 2456/1138/4
f 2428/1143/4 2456/1138/4 2457/1144/4
f 2427/1145/4 2428/1143/4 2457/1144/4
f 2085/1141/4 2413/1142/4 2414/1146/4
f 2084/1147/4 2085/1141/4 2414/1146/4
f 2426/1148/4 2427/1145/4 2457/1144/4
f 2084/1147/4 2414/1146/4 2415/1149/4
f 2426/1148/4 2457/1144/4 2458/1150/4
f 2425/1151/4 2426/1148/4 2458/1150/4
f 2084/1147/4 2415/1149/4 2416/1152/4
f 2424/1153/4 2425/1151/4 2458/1150/4
f 2083/1154/4 2084/1147/4 2416/1152/4
f 2083/1154/4 2416/1152/4 2417/1155/4
f 2423/1156/4 2424/1153/4 2458/1150/4
f 2083/1154/4 2417/1155/4 2418/1157/4
f 2422/1158/4 2423/1156/4 2458/1150/4
f 2422/1158/4 2458/1150/4 2459/1159/4
f 2083/1154/4 2418/1157/4 2419/1160/4
f 2421/1161/4 2422/1158/4 2459/1159/4
f 2083/1154/4 2419/1160/4 2420/1162/4
f 2420/1162/4 2421/1161/4 2459/1159/4
f 2083/1154/4 2420/1162/4 2459/1159/4
f 2082/1163/4 2083/1154/4 2459/1159/4
f 2082/1163/4 2459/1159/4 2460/1164/4
f 2081/1165/4 2082/1163/4 2460/1164/4
f 2081/1165/4 2460/1164/4 2461/1166/4
f 2080/1167/4 2081/1165/4 2461/1166/4
f 2080/1167/4 2461/1166/4 2462/1168/4
f 2079/1169/4 2080/1167/4 2462/1168/4
f 2078/1170/4 2079/1169/4 2462/1168/4
f 2078/1170/4 2462/1168/4 2463/1171/4
f 2077/1172/4 2078/1170/4 2463/1171/4
f 2077/1172/4 2463/1171/4 2464/1173/4
f 2076/1174/4 2077/1172/4 2464/1173/4
f 2076/1174/4 2464/1173/4 2465/1175/4
f 2075/1176/4 2076/1174/4 2465/1175/4
f 2075/1176/4 2465/1175/4 2466/1177/4
f 2074/1178/4 2075/1176/4 2466/1177/4
f 2074/1178/4 2466/1177/4 2467/1179/4
f 2073/1180/4 2074/1178/4 2467/1179/4
f 2073/1180/4 2467/1179/4 2468/40/4
f 2072/1181/4 2073/1180/4 2468/40/4
f 2072/1181/4 2468/40/4 2071/39/4
f 2263/1003/4 2265/1004/4 2262/1050/4
f 2265/1004/4 2263/1003/4 2264/999/4
f 2266/1005/4 2262/1050/4 2265/1004/4
f 2266/1005/4 2260/1052/4 2261/1051/4
f 2262/1050/4 2266/1005/4 2261/1051/4
f 2260/1052/4 2266/1005/4 2267/1008/4
f 2267/1008/4 2259/1053/4 2260/1052/4
f 2259/1053/4 2267/1008/4 2268/1009/4
f 2259/1053/4 2268/1009/4 2258/1054/4
f 2258/1054/4 2268/1009/4 2257/1056/4
f 2268/1009/4 2269/1011/4 2257/1056/4
f 2257/1056/4 2269/1011/4 2256/1057/4
f 2269/1011/4 2270/1012/4 2256/1057/4
f 2256/1057/4 2270/1012/4 2255/1058/4
f 2270/1012/4 2271/1015/4 2255/1058/4
f 2255/1058/4 2271/1015/4 2254/1059/4
f 2271/1015/4 2272/1018/4 2254/1059/4
f 2254/1059/4 2272/1018/4 2253/1060/4
f 2272/1018/4 2273/1020/4 2253/1060/4
f 2253/1060/4 2273/1020/4 2252/1061/4
f 2273/1020/4 2274/1016/4 2252/1061/4
f 2252/1061/4 2274/1016/4 2251/1063/4
f 2274/1016/4 2386/1017/4 2251/1063/4
f 2251/1063/4 2386/1017/4 2250/1064/4
f 2250/1064/4 2387/1041/4 2388/1046/4
f 2386/1017/4 2387/1041/4 2250/1064/4
f 2249/1047/4 2220/1062/4 2221/39/4
f 2249/1047/4 2221/39/4 2248/1065/4
f 2248/1065/4 2221/39/4 2222/39/4
f 2247/39/4 2248/1065/4 2222/39/4
f 2247/39/4 2222/39/4 2223/39/4
f 2246/39/4 2247/39/4 2223/39/4
f 2246/39/4 2223/39/4 2224/39/4
f 2245/39/4 2246/39/4 2224/39/4
f 2245/39/4 2224/39/4 2225/39/4
f 2244/39/4 2245/39/4 2225/39/4
f 2244/39/4 2225/39/4 2226/39/4
f 2243/39/4 2244/39/4 2226/39/4
f 2243/39/4 2226/39/4 2227/39/4
f 2227/39/4 2242/39/4 2243/39/4
f 2242/39/4 2227/39/4 2228/39/4
f 2241/39/4 2242/39/4 2228/39/4
f 2241/39/4 2228/39/4 2229/39/4
f 2229/39/4 2240/39/4 2241/39/4
f 2240/39/4 2229/39/4 2230/39/4
f 2239/39/4 2240/39/4 2230/39/4
f 2239/39/4 2230/39/4 2231/39/4
f 2238/39/4 2239/39/4 2231/39/4
f 2238/39/4 2231/39/4 2232/39/4
f 2237/39/4 2238/39/4 2232/39/4
f 2232/39/4 2233/39/4 2237/39/4
f 2236/39/4 2237/39/4 2233/39/4
f 2236/39/4 2233/39/4 2234/39/4
f 2236/39/4 2234/39/4 2235/39/4
f 1760/818/551 2157/816/551 1759/816/551
f 1752/823/552 2149/826/552 1751/826/552
f 1768/833/553 2165/831/553 1767/831/553
f 1744/841/554 2141/844/554 1743/844/554
f 1952/850/555 2349/847/555 1951/847/555
f 1776/857/556 2173/846/556 1775/846/556
f 1944/858/557 2341/860/557 1943/860/557
f 1960/876/558 2357/872/558 1959/872/558
f 1936/881/559 2333/884/559 1935/884/559
f 1784/893/560 2181/890/560 1783/890/560
f 1736/889/561 2133/895/561 1735/895/561
f 1968/907/562 2365/903/562 1967/903/562
f 1928/910/563 2325/914/563 1927/914/563
f 1792/923/564 2189/919/564 1791/919/564
f 1728/926/565 2125/931/565 1727/931/565
f 1976/941/566 2373/937/566 1975/937/566
f 1920/939/567 2317/942/567 1919/942/567
f 1800/954/568 2197/951/568 1799/951/568
f 1912/964/569 2309/967/569 1911/967/569
f 1720/963/570 2117/968/570 1719/968/570
f 1984/979/571 2381/975/571 1983/975/571
f 1808/984/572 2205/981/572 1807/981/572
f 1904/987/573 2301/989/573 1903/989/573
f 1896/1010/574 2293/1014/574 1895/1014/574
f 1880/1026/575 2277/1025/575 1879/1025/575
f 1888/1038/576 2285/1036/576 1887/1036/576
f 1816/1040/577 2213/1027/577 1815/1027/577
f 1712/1042/578 2109/1048/578 1711/1048/578
f 1992/1068/579 2389/1066/579 1991/1066/579
f 1704/1079/580 2101/1082/580 1703/1082/580
f 2000/1084/581 2397/1081/581 1999/1081/581
f 2048/1092/582 2445/1086/582 2047/1086/582
f 1695/1108/583 2094/1104/583 2093/1108/583
f 2039/1111/52 2438/1107/52 2437/1111/52
f 2008/1117/584 2405/1114/584 2007/1114/584
f 2056/1127/585 2453/1122/585 2055/1122/585
f 2032/1136/586 2429/1140/586 2031/1140/586
f 1688/1137/587 2085/1141/587 1687/1141/587
f 2016/1146/588 2413/1142/588 2015/1142/588
f 2024/1158/589 2421/1161/589 2023/1161/589
f 2064/1168/590 2461/1166/590 2063/1166/590
f 1680/1170/591 2077/1172/591 1679/1172/591
f 1761/820/592 2158/818/592 1760/818/592
f 1753/821/593 2150/823/593 1752/823/593
f 1769/834/594 2166/833/594 1768/833/594
f 1745/839/595 2142/841/595 1744/841/595
f 1953/852/596 2350/850/596 1952/850/596
f 1945/856/597 2342/858/597 1944/858/597
f 1777/864/598 2174/857/598 1776/857/598
f 1961/879/599 2358/876/599 1960/876/599
f 1937/877/600 2334/881/600 1936/881/600
f 1737/885/601 2134/889/601 1736/889/601
f 1785/897/602 2182/893/602 1784/893/602
f 1928/910/603 2327/906/603 2326/910/603
f 1969/911/604 2366/907/604 1968/907/604
f 1729/922/605 2126/926/605 1728/926/605
f 1792/923/606 2191/927/606 2190/923/606
f 1921/936/607 2318/939/607 1920/939/607
f 1976/941/608 2375/946/608 2374/941/608
f 1801/958/609 2198/954/609 1800/954/609
f 1721/959/610 2118/963/610 1720/963/610
f 1913/961/611 2310/964/611 1912/964/611
f 1985/985/612 2382/979/612 1984/979/612
f 1905/983/613 2302/987/613 1904/987/613
f 1809/988/614 2206/984/614 1808/984/614
f 1897/1007/615 2294/1010/615 1896/1010/615
f 1881/1029/616 2278/1026/616 1880/1026/616
f 1889/1039/617 2286/1038/617 1888/1038/617
f 1713/1021/618 2110/1042/618 1712/1042/618
f 1817/1043/619 2214/1040/619 1816/1040/619
f 1993/1070/620 2390/1068/620 1992/1068/620
f 1705/1077/621 2102/1079/621 1704/1079/621
f 2001/1089/622 2398/1084/622 2000/1084/622
f 2049/1096/623 2446/1092/623 2048/1092/623
f 1696/1104/624 2095/1101/624 2094/1104/624
f 2040/1107/625 2439/1103/625 2438/1107/625
f 2009/1121/626 2406/1117/626 2008/1117/626
f 2057/1132/627 2454/1127/627 2056/1127/627
f 2033/1134/628 2430/1136/628 2032/1136/628
f 1689/1133/629 2086/1137/629 1688/1137/629
f 2017/1149/630 2414/1146/630 2016/1146/630
f 2025/1156/631 2422/1158/631 2024/1158/631
f 1681/1169/632 2078/1170/632 1680/1170/632
f 2065/1171/633 2462/1168/633 2064/1168/633
f 1754/819/634 2151/821/634 1753/821/634
f 1762/822/635 2159/820/635 1761/820/635
f 1770/836/636 2167/834/636 1769/834/636
f 1746/837/637 2143/839/637 1745/839/637
f 1954/855/638 2351/852/638 1953/852/638
f 1946/853/639 2343/856/639 1945/856/639
f 1778/870/640 2175/864/640 1777/864/640
f 1938/874/641 2335/877/641 1937/877/641
f 1962/883/642 2359/879/642 1961/879/642
f 1738/880/643 2135/885/643 1737/885/643
f 1786/901/644 2183/897/644 1785/897/644
f 1930/902/645 2327/906/645 1929/906/645
f 1970/915/646 2367/911/646 1969/911/646
f 1730/917/647 2127/922/647 1729/922/647
f 1794/930/648 2191/927/648 1793/927/648
f 1922/933/649 2319/936/649 1921/936/649
f 1978/950/650 2375/946/650 1977/946/650
f 1722/953/651 2119/959/651 1721/959/651
f 1914/957/652 2311/961/652 1913/961/652
f 1802/962/653 2199/958/653 1801/958/653
f 1906/982/654 2303/983/654 1905/983/654
f 1810/990/655 2207/988/655 1809/988/655
f 1986/992/656 2383/985/656 1985/985/656
f 1898/1002/657 2295/1007/657 1897/1007/657
f 1714/1001/658 2111/1021/658 1713/1021/658
f 1882/1030/659 2279/1029/659 1881/1029/659
f 1890/1037/660 2287/1039/660 1889/1039/660
f 1818/1044/661 2215/1043/661 1817/1043/661
f 1994/1072/662 2391/1070/662 1993/1070/662
f 1706/1075/663 2103/1077/663 1705/1077/663
f 2001/1089/664 2400/1093/664 2399/1089/664
f 2050/1100/665 2447/1096/665 2049/1096/665
f 1698/1098/666 2095/1101/666 1697/1101/666
f 2042/1099/667 2439/1103/667 2041/1103/667
f 2010/1125/668 2407/1121/668 2009/1121/668
f 1690/1128/669 2087/1133/669 1689/1133/669
f 2034/1130/670 2431/1134/670 2033/1134/670
f 2058/1138/671 2455/1132/671 2057/1132/671
f 2018/1152/672 2415/1149/672 2017/1149/672
f 2026/1153/673 2423/1156/673 2025/1156/673
f 1682/1167/674 2079/1169/674 1681/1169/674
f 2066/1173/675 2463/1171/675 2065/1171/675
f 1674/1181/676 2071/39/676 1673/39/676
f 1673/39/677 2468/40/677 2070/40/677
f 1755/817/678 2152/819/678 1754/819/678
f 1763/824/679 2160/822/679 1762/822/679
f 1747/835/680 2144/837/680 1746/837/680
f 1771/838/681 2168/836/681 1770/836/681
f 1947/851/682 2344/853/682 1946/853/682
f 1955/859/683 2352/855/683 1954/855/683
f 1779/873/684 2176/870/684 1778/870/684
f 1939/871/685 2336/874/685 1938/874/685
f 1739/875/686 2136/880/686 1738/880/686
f 1963/887/687 2360/883/687 1962/883/687
f 1931/898/688 2328/902/688 1930/902/688
f 1787/905/689 2184/901/689 1786/901/689
f 1731/913/690 2128/917/690 1730/917/690
f 1971/920/691 2368/915/691 1970/915/691
f 1923/929/692 2320/933/692 1922/933/692
f 1795/934/693 2192/930/693 1794/930/693
f 1723/949/694 2120/953/694 1722/953/694
f 1979/955/695 2376/950/695 1978/950/695
f 1915/956/696 2312/957/696 1914/957/696
f 1803/966/697 2200/962/697 1802/962/697
f 1907/978/698 2304/982/698 1906/982/698
f 1811/995/699 2208/990/699 1810/990/699
f 1987/1000/700 2384/992/700 1986/992/700
f 1715/993/701 2112/1001/701 1714/1001/701
f 1899/998/702 2296/1002/702 1898/1002/702
f 1883/1031/703 2280/1030/703 1882/1030/703
f 1891/1033/704 2288/1037/704 1890/1037/704
f 1819/1045/705 2216/1044/705 1818/1044/705
f 1990/1046/706 2248/1065/706 1850/1065/706
f 1995/1074/707 2392/1072/707 1994/1072/707
f 1707/1073/708 2104/1075/708 1706/1075/708
f 2003/1097/709 2400/1093/709 2002/1093/709
f 1699/1094/710 2096/1098/710 1698/1098/710
f 2042/1099/711 2441/1095/711 2440/1099/711
f 2050/1100/712 2449/1105/712 2448/1100/712
f 1691/1124/713 2088/1128/713 1690/1128/713
f 2011/1129/714 2408/1125/714 2010/1125/714
f 2035/1126/715 2432/1130/715 2034/1130/715
f 2059/1144/716 2456/1138/716 2058/1138/716
f 2027/1151/717 2424/1153/717 2026/1153/717
f 2019/1155/718 2416/1152/718 2018/1152/718
f 1683/1165/719 2080/1167/719 1682/1167/719
f 2067/1175/720 2464/1173/720 2066/1173/720
f 1675/1180/721 2072/1181/721 1674/1181/721
f 1756/813/722 2153/817/722 1755/817/722
f 1764/825/723 2161/824/723 1763/824/723
f 1748/832/724 2145/835/724 1747/835/724
f 1772/840/725 2169/838/725 1771/838/725
f 1948/849/726 2345/851/726 1947/851/726
f 1956/861/727 2353/859/727 1955/859/727
f 1940/868/728 2337/871/728 1939/871/728
f 1740/869/729 2137/875/729 1739/875/729
f 1780/878/730 2177/873/730 1779/873/730
f 1964/892/731 2361/887/731 1963/887/731
f 1932/894/732 2329/898/732 1931/898/732
f 1788/909/733 2185/905/733 1787/905/733
f 1732/908/734 2129/913/734 1731/913/734
f 1972/924/735 2369/920/735 1971/920/735
f 1924/925/736 2321/929/736 1923/929/736
f 1796/938/737 2193/934/737 1795/934/737
f 1724/944/738 2121/949/738 1723/949/738
f 1916/952/739 2313/956/739 1915/956/739
f 1980/960/740 2377/955/740 1979/955/740
f 1804/969/741 2201/966/741 1803/966/741
f 1907/978/742 2306/976/742 2305/978/742
f 1716/986/743 2113/993/743 1715/993/743
f 1812/997/744 2209/995/744 1811/995/744
f 1900/996/745 2297/998/745 1899/998/745
f 1988/1017/746 2385/1000/746 1987/1000/746
f 1884/1032/747 2281/1031/747 1883/1031/747
f 1892/1028/748 2289/1033/748 1891/1033/748
f 1820/1049/749 2217/1045/749 1819/1045/749
f 1851/1047/750 2250/1064/750 1852/1064/750
f 1708/1071/751 2105/1073/751 1707/1073/751
f 1996/1076/752 2393/1074/752 1995/1074/752
f 1700/1090/753 2097/1094/753 1699/1094/753
f 2044/1091/754 2441/1095/754 2043/1095/754
f 2003/1097/755 2402/1102/755 2401/1097/755
f 2052/1109/756 2449/1105/756 2051/1105/756
f 1692/1120/757 2089/1124/757 1691/1124/757
f 2036/1123/758 2433/1126/758 2035/1126/758
f 2012/1131/759 2409/1129/759 2011/1129/759
f 2060/1150/366 2457/1144/366 2059/1144/366
f 2028/1148/760 2425/1151/760 2027/1151/760
f 2020/1157/761 2417/1155/761 2019/1155/761
f 1684/1163/762 2081/1165/762 1683/1165/762
f 2068/1177/763 2465/1175/763 2067/1175/763
f 1676/1178/764 2073/1180/764 1675/1180/764
f 1757/815/765 2154/813/765 1756/813/765
f 1765/827/766 2162/825/766 1764/825/766
f 1749/830/767 2146/832/767 1748/832/767
f 1773/842/768 2170/840/768 1772/840/768
f 1949/848/769 2346/849/769 1948/849/769
f 1957/865/770 2354/861/770 1956/861/770
f 1941/866/771 2338/868/771 1940/868/771
f 1741/862/772 2138/869/772 1740/869/772
f 1781/882/773 2178/878/773 1780/878/773
f 1933/891/774 2330/894/774 1932/894/774
f 1965/896/775 2362/892/775 1964/892/775
f 1732/908/776 2131/904/776 2130/908/776
f 1789/912/777 2186/909/777 1788/909/777
f 1925/921/778 2322/925/778 1924/925/778
f 1973/928/779 2370/924/779 1972/924/779
f 1797/943/780 2194/938/780 1796/938/780
f 1725/940/781 2122/944/781 1724/944/781
f 1917/948/782 2314/952/782 1916/952/782
f 1981/965/783 2378/960/783 1980/960/783
f 1805/973/784 2202/969/784 1804/969/784
f 1909/972/785 2306/976/785 1908/976/785
f 1717/980/786 2114/986/786 1716/986/786
f 1901/994/787 2298/996/787 1900/996/787
f 1813/1006/788 2210/997/788 1812/997/788
f 1877/1022/789 2274/1016/789 1876/1016/789
f 1892/1028/790 2291/1023/790 2290/1028/790
f 1885/1034/791 2282/1032/791 1884/1032/791
f 1821/1055/792 2218/1049/792 1820/1049/792
f 1709/1069/793 2106/1071/793 1708/1071/793
f 1997/1078/794 2394/1076/794 1996/1076/794
f 1701/1088/795 2098/1090/795 1700/1090/795
f 2045/1085/796 2442/1091/796 2044/1091/796
f 2005/1106/797 2402/1102/797 2004/1102/797
f 2053/1113/798 2450/1109/798 2052/1109/798
f 1693/1116/799 2090/1120/799 1692/1120/799
f 2037/1119/800 2434/1123/800 2036/1123/800
f 2013/1135/801 2410/1131/801 2012/1131/801
f 2029/1145/802 2426/1148/802 2028/1148/802
f 2061/1159/803 2458/1150/803 2060/1150/803
f 2021/1160/804 2418/1157/804 2020/1157/804
f 1685/1154/805 2082/1163/805 1684/1163/805
f 1677/1176/806 2074/1178/806 1676/1178/806
f 2069/1179/807 2466/1177/807 2068/1177/807
f 1758/814/808 2155/815/808 1757/815/808
f 1766/829/809 2163/827/809 1765/827/809
f 1750/828/810 2147/830/810 1749/830/810
f 1774/843/811 2171/842/811 1773/842/811
f 1950/845/812 2347/848/812 1949/848/812
f 1742/854/813 2139/862/813 1741/862/813
f 1942/863/814 2339/866/814 1941/866/814
f 1958/867/815 2355/865/815 1957/865/815
f 1782/886/816 2179/882/816 1781/882/816
f 1934/888/817 2331/891/817 1933/891/817
f 1966/899/818 2363/896/818 1965/896/818
f 1734/900/819 2131/904/819 1733/904/819
f 1789/912/820 2188/916/820 2187/912/820
f 1926/918/821 2323/921/821 1925/921/821
f 1973/928/822 2372/932/822 2371/928/822
f 1726/935/823 2123/940/823 1725/940/823
f 1798/947/824 2195/943/824 1797/943/824
f 1918/945/825 2315/948/825 1917/948/825
f 1982/970/826 2379/965/826 1981/965/826
f 1910/971/827 2307/972/827 1909/972/827
f 1806/977/828 2203/973/828 1805/973/828
f 1718/974/829 2115/980/829 1717/980/829
f 1902/991/830 2299/994/830 1901/994/830
f 1814/1013/831 2211/1006/831 1813/1006/831
f 1893/1023/832 2292/1019/832 2291/1023/832
f 1877/1022/833 2276/1024/833 2275/1022/833
f 1886/1035/834 2283/1034/834 1885/1034/834
f 1822/1062/835 2219/1055/835 1821/1055/835
f 1710/1067/836 2107/1069/836 1709/1069/836
f 1997/1078/837 2396/1080/837 2395/1078/837
f 2046/1087/838 2443/1085/838 2045/1085/838
f 1702/1083/839 2099/1088/839 1701/1088/839
f 2006/1110/840 2403/1106/840 2005/1106/840
f 1694/1112/841 2091/1116/841 1693/1116/841
f 2054/1118/842 2451/1113/842 2053/1113/842
f 2038/1115/843 2435/1119/843 2037/1119/843
f 2014/1139/844 2411/1135/844 2013/1135/844
f 2030/1143/845 2427/1145/845 2029/1145/845
f 1686/1147/846 2083/1154/846 1685/1154/846
f 2022/1162/847 2419/1160/847 2021/1160/847
f 2062/1164/848 2459/1159/848 2061/1159/848
f 1678/1174/849 2075/1176/849 1677/1176/849
f 2070/40/850 2467/1179/850 2069/1179/850
f 1759/816/851 2156/814/851 1758/814/851
f 1751/826/852 2148/828/852 1750/828/852
f 1767/831/853 2164/829/853 1766/829/853
f 1775/846/854 2172/843/854 1774/843/854
f 1951/847/855 2348/845/855 1950/845/855
f 1743/844/856 2140/854/856 1742/854/856
f 1943/860/857 2340/863/857 1942/863/857
f 1959/872/858 2356/867/858 1958/867/858
f 1935/884/859 2332/888/859 1934/888/859
f 1783/890/860 2180/886/860 1782/886/860
f 1735/895/861 2132/900/861 1734/900/861
f 1967/903/862 2364/899/862 1966/899/862
f 1927/914/863 2324/918/863 1926/918/863
f 1791/919/864 2188/916/864 1790/916/864
f 1727/931/865 2124/935/865 1726/935/865
f 1975/937/866 2372/932/866 1974/932/866
f 1919/942/867 2316/945/867 1918/945/867
f 1799/951/868 2196/947/868 1798/947/868
f 1911/967/869 2308/971/869 1910/971/869
f 1719/968/870 2116/974/870 1718/974/870
f 1983/975/871 2380/970/871 1982/970/871
f 1807/981/872 2204/977/872 1806/977/872
f 1903/989/873 2300/991/873 1902/991/873
f 1895/1014/874 2292/1019/874 1894/1019/874
f 1879/1025/875 2276/1024/875 1878/1024/875
f 1815/1027/876 2212/1013/876 1814/1013/876
f 1887/1036/877 2284/1035/877 1886/1035/877
f 1991/1066/878 2388/1046/878 1990/1046/878
f 1711/1048/879 2108/1067/879 1710/1067/879
f 1999/1081/880 2396/1080/880 1998/1080/880
f 1703/1082/881 2100/1083/881 1702/1083/881
f 2047/1086/882 2444/1087/882 2046/1087/882
f 1695/1108/883 2092/1112/883 1694/1112/883
f 2007/1114/884 2404/1110/884 2006/1110/884
f 2039/1111/885 2436/1115/885 2038/1115/885
f 2055/1122/886 2452/1118/886 2054/1118/886
f 2015/1142/887 2412/1139/887 2014/1139/887
f 2031/1140/888 2428/1143/888 2030/1143/888
f 1687/1141/889 2084/1147/889 1686/1147/889
f 2023/1161/890 2420/1162/890 2022/1162/890
f 2063/1166/891 2460/1164/891 2062/1164/891
f 1679/1172/892 2076/1174/892 1678/1174/892
f 1852/1064/893 2388/1046/893 1990/1046/893
f 1823/39/894 2220/1062/894 1822/1062/894
f 1824/39/895 2221/39/895 1823/39/895
f 1850/1065/896 2247/39/896 1849/39/896
f 1825/39/897 2222/39/897 1824/39/897
f 1849/39/898 2246/39/898 1848/39/898
f 1826/39/899 2223/39/899 1825/39/899
f 1848/39/900 2245/39/900 1847/39/900
f 1827/39/901 2224/39/901 1826/39/901
f 1847/39/902 2244/39/902 1846/39/902
f 1828/39/903 2225/39/903 1827/39/903
f 1846/39/904 2243/39/904 1845/39/904
f 1829/39/905 2226/39/905 1828/39/905
f 1845/39/906 2242/39/906 1844/39/906
f 1830/39/907 2227/39/907 1829/39/907
f 1844/39/908 2241/39/908 1843/39/908
f 1831/39/909 2228/39/909 1830/39/909
f 1843/39/910 2240/39/910 1842/39/910
f 1832/39/911 2229/39/911 1831/39/911
f 1842/39/912 2239/39/912 1841/39/912
f 1833/39/913 2230/39/913 1832/39/913
f 1841/39/914 2238/39/914 1840/39/914
f 1834/39/915 2231/39/915 1833/39/915
f 1840/39/916 2237/39/916 1839/39/916
f 1835/39/917 2232/39/917 1834/39/917
f 1839/39/918 2236/39/918 1838/39/918
f 1836/39/919 2233/39/919 1835/39/919
f 1838/39/920 2235/39/920 1837/39/920
f 1837/39/921 2234/39/921 1836/39/921
f 434/37/1 437/40/1 436/38/1
f 585/525/1 588/527/1 587/526/1
f 1272/38/4 1273/40/4 1270/37/4
f 1423/526/4 1424/527/4 1421/525/4
f 411/14/7 1247/14/7 1246/10/7
f 164/15/8 1000/15/8 999/11/8
f 156/17/9 992/17/9 991/22/9
f 403/21/10 1239/21/10 1238/25/10
f 434/37/11 435/39/11 1271/39/11
f 172/48/12 1008/48/12 1007/44/12
f 419/56/13 1255/56/13 1254/51/13
f 148/58/14 984/58/14 983/63/14
f 395/62/15 1231/62/15 1230/66/15
f 347/77/16 1183/77/16 1182/70/16
f 100/83/17 936/83/17 935/79/17
f 92/93/18 928/93/18 927/97/18
f 339/96/19 1175/96/19 1174/100/19
f 180/120/20 1016/120/20 1015/102/20
f 355/128/21 1191/128/21 1190/121/21
f 84/124/22 920/124/22 919/131/22
f 331/130/23 1167/130/23 1166/132/23
f 108/135/24 944/135/24 943/129/24
f 76/161/25 912/161/25 911/168/25
f 427/169/26 1263/169/26 1262/157/26
f 323/167/27 1159/167/27 1158/170/27
f 140/164/28 976/164/28 975/176/28
f 387/175/29 1223/175/29 1222/190/29
f 68/194/30 904/194/30 903/196/30
f 315/195/31 1151/195/31 1150/197/31
f 363/199/32 1199/199/32 1198/183/32
f 116/217/33 952/217/33 951/200/33
f 60/219/34 896/219/34 895/221/34
f 188/222/35 1024/222/35 1023/212/35
f 307/220/36 1143/220/36 1142/223/36
f 52/244/37 888/244/37 887/246/37
f 379/248/38 1215/248/38 1214/249/38
f 371/256/39 1207/256/39 1206/257/39
f 299/245/40 1135/245/40 1134/264/40
f 196/278/41 1032/278/41 1031/276/41
f 132/281/42 968/281/42 967/282/42
f 124/289/43 960/289/43 959/290/43
f 260/299/44 1096/299/44 1095/297/44
f 252/305/45 1088/305/45 1087/307/45
f 268/315/46 1104/315/46 1103/311/46
f 204/324/47 1040/324/47 1039/321/47
f 44/329/48 880/329/48 879/331/48
f 212/345/49 1048/345/49 1047/342/49
f 36/349/50 872/349/50 871/351/50
f 220/363/51 1056/363/51 1055/361/51
f 244/358/52 1080/358/52 1079/368/52
f 28/370/53 864/370/53 863/371/53
f 228/389/54 1064/389/54 1063/386/54
f 276/390/55 1112/390/55 1111/383/55
f 236/394/56 1072/394/56 1071/396/56
f 20/402/57 856/402/57 855/404/57
f 284/416/58 1120/416/58 1119/414/58
f 12/417/59 848/417/59 847/419/59
f 292/433/60 1128/433/60 1127/431/60
f 4/432/61 840/432/61 839/434/61
f 634/442/62 1470/442/62 1469/444/62
f 642/446/63 1478/446/63 1477/445/63
f 626/456/64 1462/456/64 1461/458/64
f 650/461/65 1486/461/65 1485/459/65
f 618/471/66 1454/471/66 1453/473/66
f 658/126/67 1494/126/67 1493/474/67
f 610/486/68 1446/486/68 1445/488/68
f 666/491/69 1502/491/69 1501/489/69
f 602/500/70 1438/500/70 1437/502/70
f 674/505/71 1510/505/71 1509/503/71
f 594/516/72 1430/516/72 1429/399/72
f 682/520/73 1518/520/73 1517/518/73
f 585/525/11 586/39/11 1422/39/11
f 546/535/74 1382/535/74 1381/537/74
f 554/335/75 1390/335/75 1389/539/75
f 490/549/76 1326/549/76 1325/91/76
f 483/559/93 1319/559/93 1318/562/93
f 498/567/78 1334/567/78 1333/565/78
f 538/560/79 1374/560/79 1373/571/79
f 562/574/80 1398/574/80 1397/563/80
f 475/576/94 1311/576/94 1310/578/94
f 506/584/82 1342/584/82 1341/582/82
f 467/596/83 1303/596/83 1302/600/83
f 514/603/84 1350/603/84 1349/599/84
f 530/615/85 1366/615/85 1365/618/85
f 459/617/86 1295/617/86 1294/621/86
f 522/626/87 1358/626/87 1357/623/87
f 570/633/88 1406/633/88 1405/631/88
f 451/376/89 1287/376/89 1286/642/89
f 578/649/90 1414/649/90 1413/647/90
f 443/654/91 1279/654/91 1278/656/91
f 833/667/11 834/669/11 1670/669/11
f 833/667/92 1669/667/92 1672/40/92
f 794/674/74 1630/674/74 1629/676/74
f 802/680/75 1638/680/75 1637/678/75
f 738/691/76 1574/691/76 1573/689/76
f 730/701/93 1566/701/93 1565/704/93
f 746/709/922 1582/709/922 1581/707/922
f 786/702/79 1622/702/79 1621/713/79
f 810/717/80 1646/717/80 1645/705/80
f 722/720/94 1558/720/94 1557/722/94
f 754/728/82 1590/728/82 1589/726/82
f 714/740/83 1550/740/83 1549/744/83
f 762/748/84 1598/748/84 1597/743/84
f 778/761/85 1614/761/85 1613/765/85
f 706/763/86 1542/763/86 1541/769/86
f 770/774/87 1606/774/87 1605/771/87
f 818/781/88 1654/781/88 1653/779/88
f 698/789/89 1534/789/89 1533/791/89
f 826/798/90 1662/798/90 1661/796/90
f 690/804/91 1526/804/91 1525/806/91
f 157/13/95 993/13/95 992/17/95
f 412/18/96 1248/18/96 1247/14/96
f 165/19/97 1001/19/97 1000/15/97
f 404/16/9 1240/16/9 1239/21/9
f 436/38/98 1272/38/98 1271/39/98
f 173/52/99 1009/52/99 1008/48/99
f 149/54/100 985/54/100 984/58/100
f 420/60/101 1256/60/101 1255/56/101
f 396/57/14 1232/57/14 1231/62/14
f 348/82/17 1184/82/17 1183/77/17
f 101/89/923 937/89/923 936/83/923
f 93/91/103 929/91/103 928/93/103
f 340/92/18 1176/92/18 1175/96/18
f 85/119/104 921/119/104 920/124/104
f 332/123/22 1168/123/22 1167/130/22
f 356/134/105 1192/134/105 1191/128/105
f 181/136/106 1017/136/106 1016/120/106
f 109/145/107 945/145/107 944/135/107
f 77/156/108 913/156/108 912/161/108
f 141/154/109 977/154/109 976/164/109
f 324/160/25 1160/160/25 1159/167/25
f 388/163/28 1224/163/28 1223/175/28
f 428/189/110 1264/189/110 1263/169/110
f 69/188/111 905/188/111 904/194/111
f 316/193/30 1152/193/30 1151/195/30
f 364/216/33 1200/216/33 1199/199/33
f 61/214/112 897/214/112 896/219/112
f 308/218/34 1144/218/34 1143/220/34
f 189/231/113 1025/231/113 1024/222/113
f 117/233/114 953/233/114 952/217/114
f 53/239/115 889/239/115 888/244/115
f 300/243/37 1136/243/37 1135/245/37
f 380/42/42 1216/42/42 1215/248/42
f 372/255/43 1208/255/43 1207/256/43
f 133/280/116 969/280/116 968/281/116
f 125/288/117 961/288/117 960/289/117
f 197/292/118 1033/292/118 1032/278/118
f 261/301/119 1097/301/119 1096/299/119
f 253/303/120 1089/303/120 1088/305/120
f 269/320/121 1105/320/121 1104/315/121
f 205/327/122 1041/327/122 1040/324/122
f 45/328/123 881/328/123 880/329/123
f 213/347/124 1049/347/124 1048/345/124
f 37/346/924 873/346/924 872/349/924
f 245/348/126 1081/348/126 1080/358/126
f 221/365/127 1057/365/127 1056/363/127
f 29/367/128 865/367/128 864/370/128
f 229/392/129 1065/392/129 1064/389/129
f 237/391/925 1073/391/925 1072/394/925
f 277/399/926 1113/399/926 1112/390/926
f 21/393/132 857/393/132 856/402/132
f 13/415/133 849/415/133 848/417/133
f 285/418/134 1121/418/134 1120/416/134
f 5/430/135 841/430/135 840/432/135
f 293/435/136 1129/435/136 1128/433/136
f 635/440/137 1471/440/137 1470/442/137
f 643/448/138 1479/448/138 1478/446/138
f 627/454/139 1463/454/139 1462/456/139
f 651/463/140 1487/463/140 1486/461/140
f 619/170/141 1455/170/141 1454/471/141
f 659/477/142 1495/477/142 1494/126/142
f 611/484/143 1447/484/143 1446/486/143
f 667/493/144 1503/493/144 1502/491/144
f 603/499/145 1439/499/145 1438/500/145
f 675/507/146 1511/507/146 1510/505/146
f 595/514/147 1431/514/147 1430/516/147
f 683/522/148 1519/522/148 1518/520/148
f 587/526/98 1423/526/98 1422/39/98
f 547/531/149 1383/531/149 1382/535/149
f 555/542/150 1391/542/150 1390/335/150
f 491/550/151 1327/550/151 1326/549/151
f 484/557/152 1320/557/152 1319/559/152
f 538/560/153 539/551/153 1375/551/153
f 499/569/154 1335/569/154 1334/567/154
f 476/575/155 1312/575/155 1311/576/155
f 563/585/156 1399/585/156 1398/574/156
f 507/587/157 1343/587/157 1342/584/157
f 468/594/158 1304/594/158 1303/596/158
f 515/176/159 1351/176/159 1350/603/159
f 531/613/160 1367/613/160 1366/615/160
f 460/612/161 1296/612/161 1295/617/161
f 523/628/162 1359/628/162 1358/626/162
f 571/635/163 1407/635/163 1406/633/163
f 452/640/164 1288/640/164 1287/376/164
f 579/651/165 1415/651/165 1414/649/165
f 444/653/166 1280/653/166 1279/654/166
f 835/668/98 1671/668/98 1670/669/98
f 795/670/149 1631/670/149 1630/674/149
f 803/682/150 1639/682/150 1638/680/150
f 739/692/167 1575/692/167 1574/691/167
f 731/699/152 1567/699/152 1566/701/152
f 787/693/153 1623/693/153 1622/702/153
f 747/711/154 1583/711/154 1582/709/154
f 723/718/155 1559/718/155 1558/720/155
f 811/729/156 1647/729/156 1646/717/156
f 755/731/157 1591/731/157 1590/728/157
f 715/738/158 1551/738/158 1550/740/158
f 763/754/159 1599/754/159 1598/748/159
f 779/759/160 1615/759/160 1614/761/160
f 707/758/161 1543/758/161 1542/763/161
f 771/776/162 1607/776/162 1606/774/162
f 819/783/163 1655/783/163 1654/781/163
f 699/788/164 1535/788/164 1534/789/164
f 827/800/165 1663/800/165 1662/798/165
f 691/802/166 1527/802/166 1526/804/166
f 158/9/168 994/9/168 993/13/168
f 405/12/95 1241/12/95 1240/16/95
f 166/20/169 1002/20/169 1001/19/169
f 413/23/170 1249/23/170 1248/18/170
f 150/50/171 986/50/171 985/54/171
f 174/55/172 1010/55/172 1009/52/172
f 397/53/100 1233/53/100 1232/57/100
f 421/64/173 1257/64/173 1256/60/173
f 349/88/923 1185/88/923 1184/82/923
f 94/87/174 930/87/174 929/91/174
f 341/90/103 1177/90/103 1176/92/103
f 102/95/175 938/95/175 937/89/175
f 86/117/176 922/117/176 921/119/176
f 333/118/104 1169/118/104 1168/123/104
f 357/144/107 1193/144/107 1192/134/107
f 182/148/177 1018/148/177 1017/136/177
f 110/150/178 946/150/178 945/145/178
f 142/140/179 978/140/179 977/154/179
f 78/152/180 914/152/180 913/156/180
f 325/155/108 1161/155/108 1160/160/108
f 389/153/109 1225/153/109 1224/163/109
f 70/186/181 906/186/181 905/188/181
f 317/187/111 1153/187/111 1152/193/111
f 62/209/182 898/209/182 897/214/182
f 429/215/183 1265/215/183 1264/189/183
f 309/213/112 1145/213/112 1144/218/112
f 365/232/114 1201/232/114 1200/216/114
f 54/237/184 890/237/184 889/239/184
f 190/242/185 1026/242/185 1025/231/185
f 301/238/115 1137/238/115 1136/243/115
f 373/254/117 1209/254/117 1208/255/117
f 118/263/186 954/263/186 953/233/186
f 126/287/187 962/287/187 961/288/187
f 380/42/188 1216/42/188 1217/293/188
f 133/280/189 969/280/189 970/262/189
f 262/302/190 1098/302/190 1097/301/190
f 254/300/191 1090/300/191 1089/303/191
f 198/313/192 1034/313/192 1033/292/192
f 46/325/93 882/325/93 881/328/93
f 206/330/193 1042/330/193 1041/327/193
f 269/320/194 270/332/194 1106/332/194
f 38/343/81 874/343/81 873/346/81
f 246/337/195 1082/337/195 1081/348/195
f 214/350/196 1050/350/196 1049/347/196
f 222/366/197 1058/366/197 1057/365/197
f 30/364/83 866/364/83 865/367/83
f 238/388/198 1074/388/198 1073/391/198
f 22/387/199 858/387/199 857/393/199
f 230/395/200 1066/395/200 1065/392/200
f 278/403/201 1114/403/201 1113/399/201
f 14/413/202 850/413/202 849/415/202
f 286/420/203 1122/420/203 1121/418/203
f 6/428/204 842/428/204 841/430/204
f 636/437/205 1472/437/205 1471/440/205
f 644/450/206 1480/450/206 1479/448/206
f 628/452/207 1464/452/207 1463/454/207
f 652/465/208 1488/465/208 1487/463/208
f 620/468/209 1456/468/209 1455/170/209
f 660/479/210 1496/479/210 1495/477/210
f 612/482/211 1448/482/211 1447/484/211
f 668/494/212 1504/494/212 1503/493/212
f 604/497/213 1440/497/213 1439/499/213
f 676/509/214 1512/509/214 1511/507/214
f 596/512/215 1432/512/215 1431/514/215
f 684/40/216 1520/40/216 1519/522/216
f 548/533/217 1384/533/217 1383/531/217
f 556/543/218 1392/543/218 1391/542/218
f 540/547/219 1376/547/219 1375/551/219
f 492/552/237 1328/552/237 1327/550/237
f 485/556/221 1321/556/221 1320/557/221
f 500/572/222 1336/572/222 1335/569/222
f 477/186/223 1313/186/223 1312/575/223
f 508/589/224 1344/589/224 1343/587/224
f 469/592/225 1305/592/225 1304/594/225
f 564/598/226 1400/598/226 1399/585/226
f 516/610/227 1352/610/227 1351/176/227
f 461/608/228 1297/608/228 1296/612/228
f 532/609/229 1368/609/229 1367/613/229
f 524/629/230 1360/629/230 1359/628/230
f 572/637/231 1408/637/231 1407/635/231
f 453/638/232 1289/638/232 1288/640/232
f 445/652/233 1281/652/233 1280/653/233
f 580/300/234 1416/300/234 1415/651/234
f 836/40/235 1672/40/235 1671/668/235
f 796/672/217 1632/672/217 1631/670/217
f 804/683/218 1640/683/218 1639/682/218
f 788/688/219 1624/688/219 1623/693/219
f 740/694/237 1576/694/237 1575/692/237
f 732/698/221 1568/698/221 1567/699/221
f 748/714/238 1584/714/238 1583/711/238
f 724/715/239 1560/715/239 1559/718/239
f 756/733/240 1592/733/240 1591/731/240
f 716/736/225 1552/736/225 1551/738/225
f 812/742/226 1648/742/226 1647/729/226
f 764/756/227 1600/756/227 1599/754/227
f 708/753/228 1544/753/228 1543/758/228
f 780/755/229 1616/755/229 1615/759/229
f 772/777/230 1608/777/230 1607/776/230
f 820/785/231 1656/785/231 1655/783/231
f 700/786/232 1536/786/232 1535/788/232
f 692/801/233 1528/801/233 1527/802/233
f 828/803/234 1664/803/234 1663/800/234
f 159/4/241 995/4/241 994/9/241
f 406/8/168 1242/8/168 1241/12/168
f 167/24/242 1003/24/242 1002/20/242
f 414/27/927 1250/27/927 1249/23/927
f 434/37/244 1270/37/244 1130/68/244
f 151/46/245 987/46/245 986/50/245
f 398/49/171 1234/49/171 1233/53/171
f 175/59/246 1011/59/246 1010/55/246
f 422/72/247 1258/72/247 1257/64/247
f 95/85/248 931/85/248 930/87/248
f 342/86/174 1178/86/174 1177/90/174
f 350/94/175 1186/94/175 1185/88/175
f 103/99/249 939/99/249 938/95/249
f 87/113/250 923/113/250 922/117/250
f 334/116/251 1170/116/251 1169/118/251
f 143/127/252 979/127/252 978/140/252
f 358/149/178 1194/149/178 1193/144/178
f 79/147/253 915/147/253 914/152/253
f 390/139/179 1226/139/179 1225/153/179
f 326/151/180 1162/151/180 1161/155/180
f 111/159/254 947/159/254 946/150/254
f 183/162/255 1019/162/255 1018/148/255
f 71/182/256 907/182/256 906/186/256
f 318/185/181 1154/185/181 1153/187/181
f 63/207/257 899/207/257 898/209/257
f 310/208/182 1146/208/182 1145/213/182
f 55/235/258 891/235/258 890/237/258
f 302/236/184 1138/236/184 1137/238/184
f 430/241/259 1266/241/259 1265/215/259
f 374/253/187 1210/253/187 1209/254/187
f 366/261/186 1202/261/186 1201/232/186
f 134/262/260 970/262/260 971/240/260
f 191/266/261 1027/266/261 1026/242/261
f 119/270/262 955/270/262 954/263/262
f 127/286/263 963/286/263 962/287/263
f 381/293/189 1217/293/189 1218/247/189
f 294/68/92 1130/68/92 1132/43/92
f 255/298/264 1091/298/264 1090/300/264
f 263/304/265 1099/304/265 1098/302/265
f 199/314/76 1035/314/76 1034/313/76
f 47/323/152 883/323/152 882/325/152
f 207/333/922 1043/333/922 1042/330/922
f 247/326/266 1083/326/266 1082/337/266
f 39/341/155 875/341/155 874/343/155
f 271/344/267 1107/344/267 1106/332/267
f 215/352/82 1051/352/82 1050/350/82
f 31/362/158 867/362/158 866/364/158
f 223/372/84 1059/372/84 1058/366/84
f 23/381/269 859/381/269 858/387/269
f 239/385/270 1075/385/270 1074/388/270
f 231/397/87 1067/397/87 1066/395/87
f 279/405/271 1115/405/271 1114/403/271
f 15/411/272 851/411/272 850/413/272
f 287/423/273 1123/423/273 1122/420/273
f 7/426/274 843/426/274 842/428/274
f 637/439/275 1473/439/275 1472/437/275
f 645/259/276 1481/259/276 1480/450/276
f 629/451/277 1465/451/277 1464/452/277
f 653/467/278 1489/467/278 1488/465/278
f 621/466/279 1457/466/279 1456/468/279
f 661/481/280 1497/481/280 1496/479/280
f 613/480/281 1449/480/281 1448/482/281
f 669/496/282 1505/496/282 1504/494/282
f 605/495/283 1441/495/283 1440/497/283
f 677/511/284 1513/511/284 1512/509/284
f 597/510/285 1433/510/285 1432/512/285
f 549/532/286 1385/532/286 1384/533/286
f 557/545/287 1393/545/287 1392/543/287
f 541/192/288 1377/192/288 1376/547/288
f 493/554/289 1329/554/289 1328/552/289
f 486/530/290 1322/530/290 1321/556/290
f 478/570/291 1314/570/291 1313/186/291
f 501/573/292 1337/573/292 1336/572/292
f 509/591/293 1345/591/293 1344/589/293
f 470/588/294 1306/588/294 1305/592/294
f 565/606/295 1401/606/295 1400/598/295
f 462/607/296 1298/607/296 1297/608/296
f 533/605/297 1369/605/297 1368/609/297
f 517/614/298 1353/614/298 1352/610/298
f 525/627/299 1361/627/299 1360/629/299
f 454/636/300 1290/636/300 1289/638/300
f 573/639/301 1409/639/301 1408/637/301
f 446/650/302 1282/650/302 1281/652/302
f 581/655/303 1417/655/303 1416/300/303
f 797/671/286 1633/671/286 1632/672/286
f 805/685/287 1641/685/287 1640/683/287
f 789/686/288 1625/686/288 1624/688/288
f 741/696/289 1577/696/289 1576/694/289
f 733/663/290 1569/663/290 1568/698/290
f 725/712/304 1561/712/304 1560/715/304
f 749/716/292 1585/716/292 1584/714/292
f 757/735/305 1593/735/305 1592/733/305
f 717/732/294 1553/732/294 1552/736/294
f 813/751/295 1649/751/295 1648/742/295
f 709/752/296 1545/752/296 1544/753/296
f 781/750/297 1617/750/297 1616/755/297
f 765/760/298 1601/760/298 1600/756/298
f 773/775/299 1609/775/299 1608/777/299
f 701/784/300 1537/784/300 1536/786/300
f 821/787/301 1657/787/301 1656/785/301
f 693/799/306 1529/799/306 1528/801/306
f 829/805/303 1665/805/303 1664/803/303
f 160/6/307 996/6/307 995/4/307
f 407/1/241 1243/1/241 1242/8/241
f 168/28/308 1004/28/308 1003/24/308
f 415/31/309 1251/31/309 1250/27/309
f 152/34/928 988/34/928 987/46/928
f 399/45/245 1235/45/245 1234/49/245
f 176/61/311 1012/61/311 1011/59/311
f 96/81/312 932/81/312 931/85/312
f 343/84/248 1179/84/248 1178/86/248
f 351/98/249 1187/98/249 1186/94/249
f 423/103/313 1259/103/313 1258/72/313
f 104/107/314 940/107/314 939/99/314
f 88/109/315 924/109/315 923/113/315
f 335/112/250 1171/112/250 1170/116/250
f 144/111/316 980/111/316 979/127/316
f 391/126/252 1227/126/252 1226/139/252
f 80/142/317 916/142/317 915/147/317
f 327/146/253 1163/146/253 1162/151/253
f 359/158/254 1195/158/254 1194/149/254
f 112/166/318 948/166/318 947/159/318
f 184/172/319 1020/172/319 1019/162/319
f 72/180/320 908/180/320 907/182/320
f 319/181/256 1155/181/256 1154/185/256
f 64/205/321 900/205/321 899/207/321
f 311/206/257 1147/206/257 1146/208/257
f 56/228/322 892/228/322 891/235/322
f 303/234/258 1139/234/258 1138/236/258
f 382/247/260 1218/247/260 1219/69/260
f 375/252/263 1211/252/263 1210/253/263
f 367/260/262 1203/260/262 1202/261/262
f 136/230/98 972/230/98 971/240/98
f 192/269/323 1028/269/323 1027/266/323
f 430/241/324 1266/241/324 1267/271/324
f 120/273/325 956/273/325 955/270/325
f 128/285/326 964/285/326 963/286/326
f 256/294/327 1092/294/327 1091/298/327
f 264/306/328 1100/306/328 1099/304/328
f 200/316/167 1036/316/167 1035/314/167
f 48/322/221 884/322/221 883/323/221
f 247/326/329 248/317/329 1084/317/329
f 208/335/154 1044/335/154 1043/333/154
f 40/339/223 876/339/223 875/341/223
f 216/354/157 1052/354/157 1051/352/157
f 272/357/330 1108/357/330 1107/344/330
f 32/360/331 868/360/331 867/362/331
f 224/378/159 1060/378/159 1059/372/159
f 24/376/332 860/376/332 859/381/332
f 240/382/333 1076/382/333 1075/385/333
f 232/400/162 1068/400/162 1067/397/162
f 280/407/334 1116/407/334 1115/405/334
f 16/409/335 852/409/335 851/411/335
f 288/425/336 1124/425/336 1123/423/336
f 8/424/337 844/424/337 843/426/337
f 638/438/338 1474/438/338 1473/439/338
f 630/449/339 1466/449/339 1465/451/339
f 646/453/340 1482/453/340 1481/259/340
f 622/464/341 1458/464/341 1457/466/341
f 654/469/342 1490/469/342 1489/467/342
f 614/478/343 1450/478/343 1449/480/343
f 662/483/344 1498/483/344 1497/481/344
f 606/245/345 1442/245/345 1441/495/345
f 670/498/346 1506/498/346 1505/496/346
f 598/508/347 1434/508/347 1433/510/347
f 678/513/348 1514/513/348 1513/511/348
f 590/523/349 1426/523/349 1425/524/349
f 589/524/350 1425/524/350 1520/40/350
f 585/525/351 1421/525/351 1322/530/351
f 550/534/352 1386/534/352 1385/532/352
f 542/544/353 1378/544/353 1377/192/353
f 558/546/354 1394/546/354 1393/545/354
f 494/555/355 1330/555/355 1329/554/355
f 479/568/372 1315/568/372 1314/570/372
f 502/217/357 1338/217/357 1337/573/357
f 471/586/358 1307/586/358 1306/588/358
f 510/593/359 1346/593/359 1345/591/359
f 534/601/360 1370/601/360 1369/605/360
f 463/604/361 1299/604/361 1298/607/361
f 566/611/362 1402/611/362 1401/606/362
f 518/616/363 1354/616/363 1353/614/363
f 526/625/364 1362/625/364 1361/627/364
f 455/634/365 1291/634/365 1290/636/365
f 574/641/366 1410/641/366 1409/639/366
f 447/648/367 1283/648/367 1282/650/367
f 582/657/368 1418/657/368 1417/655/368
f 439/662/369 1275/662/369 1274/39/369
f 438/39/370 1274/39/370 1420/661/370
f 734/665/371 1570/665/371 1569/663/371
f 798/673/352 1634/673/352 1633/671/352
f 790/684/353 1626/684/353 1625/686/353
f 806/687/354 1642/687/354 1641/685/354
f 742/697/355 1578/697/355 1577/696/355
f 726/710/372 1562/710/372 1561/712/372
f 750/719/357 1586/719/357 1585/716/357
f 718/730/358 1554/730/358 1553/732/358
f 758/737/359 1594/737/359 1593/735/359
f 782/745/360 1618/745/360 1617/750/360
f 710/749/361 1546/749/361 1545/752/361
f 814/757/362 1650/757/362 1649/751/362
f 766/762/363 1602/762/363 1601/760/363
f 774/773/364 1610/773/364 1609/775/364
f 702/782/365 1538/782/365 1537/784/365
f 822/790/366 1658/790/366 1657/787/366
f 694/797/367 1530/797/367 1529/799/367
f 830/807/368 1666/807/368 1665/805/368
f 686/812/369 1522/812/369 1521/39/369
f 685/39/370 1521/39/370 1668/811/370
f 408/3/307 1244/3/307 1243/1/307
f 161/5/373 997/5/373 996/6/373
f 169/32/374 1005/32/374 1004/28/374
f 153/30/375 989/30/375 988/34/375
f 416/36/376 1252/36/376 1251/31/376
f 295/41/98 1131/41/98 1272/38/98
f 296/43/377 1132/43/377 1131/41/377
f 400/33/928 1236/33/928 1235/45/928
f 177/65/378 1013/65/378 1012/61/378
f 97/74/379 933/74/379 932/81/379
f 344/80/312 1180/80/312 1179/84/312
f 352/106/314 1188/106/314 1187/98/314
f 89/105/380 925/105/380 924/109/380
f 145/78/381 981/78/381 980/111/381
f 336/108/315 1172/108/315 1171/112/315
f 105/115/382 941/115/382 940/107/382
f 424/125/383 1260/125/383 1259/103/383
f 392/110/316 1228/110/316 1227/126/316
f 81/138/384 917/138/384 916/142/384
f 328/141/317 1164/141/317 1163/146/317
f 360/165/318 1196/165/318 1195/158/318
f 113/174/385 949/174/385 948/166/385
f 73/178/386 909/178/386 908/180/386
f 320/179/320 1156/179/320 1155/181/320
f 185/192/387 1021/192/387 1020/172/387
f 65/202/388 901/202/388 900/205/388
f 312/204/321 1148/204/321 1147/206/321
f 57/226/389 893/226/389 892/228/389
f 137/211/390 973/211/390 972/230/390
f 304/227/322 1140/227/322 1139/234/322
f 384/229/98 1220/229/98 1219/69/98
f 376/251/391 1212/251/391 1211/252/391
f 368/259/392 1204/259/392 1203/260/392
f 193/272/393 1029/272/393 1028/269/393
f 431/271/394 1267/271/394 1268/275/394
f 121/277/395 957/277/395 956/273/395
f 129/284/396 965/284/396 964/285/396
f 257/296/397 1093/296/397 1092/294/397
f 265/308/398 1101/308/398 1100/306/398
f 249/312/399 1085/312/399 1084/317/399
f 201/318/220 1037/318/220 1036/316/220
f 49/268/929 885/268/929 884/322/929
f 209/338/401 1045/338/401 1044/335/401
f 41/336/291 877/336/291 876/339/291
f 217/356/224 1053/356/224 1052/354/224
f 33/355/294 869/355/294 868/360/294
f 273/369/930 1109/369/930 1108/357/930
f 25/375/403 861/375/403 860/376/403
f 225/380/227 1061/380/227 1060/378/227
f 241/379/404 1077/379/404 1076/382/404
f 233/401/230 1069/401/230 1068/400/230
f 17/408/405 853/408/405 852/409/405
f 281/410/406 1117/410/406 1116/407/406
f 9/422/407 845/422/407 844/424/407
f 289/427/408 1125/427/408 1124/425/408
f 639/441/409 1475/441/409 1474/438/409
f 631/447/410 1467/447/410 1466/449/410
f 647/455/411 1483/455/411 1482/453/411
f 623/462/412 1459/462/412 1458/464/412
f 655/470/413 1491/470/413 1490/469/413
f 615/476/414 1451/476/414 1450/478/414
f 663/485/415 1499/485/415 1498/483/415
f 607/492/416 1443/492/416 1442/245/416
f 671/27/417 1507/27/417 1506/498/417
f 599/506/418 1435/506/418 1434/508/418
f 679/515/419 1515/515/419 1514/513/419
f 591/521/420 1427/521/420 1426/523/420
f 551/536/421 1387/536/421 1386/534/421
f 543/541/422 1379/541/422 1378/544/422
f 559/548/423 1395/548/423 1394/546/423
f 495/558/47 1331/558/47 1330/555/47
f 480/566/424 1316/566/424 1315/568/424
f 503/577/425 1339/577/425 1338/217/425
f 472/583/426 1308/583/426 1307/586/426
f 511/595/427 1347/595/427 1346/593/427
f 535/590/428 1371/590/428 1370/601/428
f 464/323/429 1300/323/429 1299/604/429
f 567/397/430 1403/397/430 1402/611/430
f 519/619/54 1355/619/54 1354/616/54
f 527/622/431 1363/622/431 1362/625/431
f 456/632/432 1292/632/432 1291/634/432
f 575/643/433 1411/643/433 1410/641/433
f 448/646/434 1284/646/434 1283/648/434
f 583/659/435 1419/659/435 1418/657/435
f 440/660/436 1276/660/436 1275/662/436
f 735/664/98 1571/664/98 1570/665/98
f 799/675/421 1635/675/421 1634/673/421
f 791/681/422 1627/681/422 1626/684/422
f 807/690/423 1643/690/423 1642/687/423
f 743/700/47 1579/700/47 1578/697/47
f 727/708/424 1563/708/424 1562/710/424
f 751/721/49 1587/721/49 1586/719/49
f 719/727/426 1555/727/426 1554/730/426
f 759/739/51 1595/739/51 1594/737/51
f 783/734/428 1619/734/428 1618/745/428
f 711/747/437 1547/747/437 1546/749/437
f 815/764/430 1651/764/430 1650/757/430
f 767/766/54 1603/766/54 1602/762/54
f 775/770/431 1611/770/431 1610/773/431
f 703/780/432 1539/780/432 1538/782/432
f 823/792/433 1659/792/433 1658/790/433
f 695/795/434 1531/795/434 1530/797/434
f 831/809/435 1667/809/435 1666/807/435
f 687/810/436 1523/810/436 1522/812/436
f 409/2/438 1245/2/438 1244/3/438
f 162/7/439 998/7/439 997/5/439
f 154/26/440 990/26/440 989/30/440
f 401/29/375 1237/29/375 1236/33/375
f 170/35/441 1006/35/441 1005/32/441
f 417/47/442 1253/47/442 1252/36/442
f 98/73/443 934/73/443 933/74/443
f 178/75/444 1014/75/444 1013/65/444
f 146/67/445 982/67/445 981/78/445
f 345/71/379 1181/71/379 1180/80/379
f 90/101/446 926/101/446 925/105/446
f 337/104/447 1173/104/447 1172/108/447
f 393/76/381 1229/76/381 1228/110/381
f 353/114/382 1189/114/382 1188/106/382
f 106/122/448 942/122/448 941/115/448
f 82/133/449 918/133/449 917/138/449
f 329/137/384 1165/137/384 1164/141/384
f 425/143/450 1261/143/450 1260/125/450
f 361/173/385 1197/173/385 1196/165/385
f 74/171/451 910/171/451 909/178/451
f 321/177/386 1157/177/386 1156/179/386
f 114/184/452 950/184/452 949/174/452
f 66/198/453 902/198/453 901/202/453
f 186/203/454 1022/203/454 1021/192/454
f 313/201/388 1149/201/388 1148/204/388
f 138/191/455 974/191/455 973/211/455
f 58/224/456 894/224/456 893/226/456
f 305/225/389 1141/225/389 1140/227/389
f 385/210/390 1221/210/390 1220/229/390
f 377/250/396 1213/250/396 1212/251/396
f 368/259/395 369/258/395 1205/258/395
f 50/265/457 886/265/457 885/268/457
f 194/274/458 1030/274/458 1029/272/458
f 432/275/459 1268/275/459 1269/279/459
f 130/283/460 966/283/460 965/284/460
f 122/291/461 958/291/461 957/277/461
f 258/295/286 1094/295/286 1093/296/286
f 266/309/462 1102/309/462 1101/308/462
f 250/310/463 1086/310/463 1085/312/463
f 202/319/289 1038/319/289 1037/318/289
f 42/334/372 878/334/372 877/336/372
f 210/340/292 1046/340/292 1045/338/292
f 34/353/358 870/353/358 869/355/358
f 218/359/293 1054/359/293 1053/356/293
f 26/373/361 862/373/361 861/375/361
f 274/377/464 1110/377/464 1109/369/464
f 242/374/465 1078/374/465 1077/379/465
f 226/384/298 1062/384/298 1061/380/298
f 234/398/466 1070/398/466 1069/401/466
f 18/406/467 854/406/467 853/408/467
f 282/412/468 1118/412/468 1117/410/468
f 10/421/469 846/421/469 845/422/469
f 290/429/470 1126/429/470 1125/427/470
f 2/436/471 838/436/471 837/39/471
f 1/39/472 837/39/472 1129/435/472
f 640/443/473 1476/443/473 1475/441/473
f 632/71/474 1468/71/474 1467/447/474
f 648/457/475 1484/457/475 1483/455/475
f 624/460/476 1460/460/476 1459/462/476
f 656/472/477 1492/472/477 1491/470/477
f 616/475/478 1452/475/478 1451/476/478
f 664/487/479 1500/487/479 1499/485/479
f 608/490/480 1444/490/480 1443/492/480
f 672/501/481 1508/501/481 1507/27/481
f 600/504/482 1436/504/482 1435/506/482
f 680/517/483 1516/517/483 1515/515/483
f 592/519/484 1428/519/484 1427/521/484
f 487/528/98 1323/528/98 1423/526/98
f 488/529/485 1324/529/485 1323/528/485
f 552/538/486 1388/538/486 1387/536/486
f 544/540/487 1380/540/487 1379/541/487
f 560/553/488 1396/553/488 1395/548/488
f 496/561/122 1332/561/122 1331/558/122
f 481/564/48 1317/564/48 1316/566/48
f 504/579/124 1340/579/124 1339/577/124
f 473/581/50 1309/581/50 1308/583/50
f 536/580/489 1372/580/489 1371/590/489
f 512/597/490 1348/597/490 1347/595/490
f 465/602/53 1301/602/53 1300/323/53
f 520/620/129 1356/620/129 1355/619/129
f 528/7/491 1364/7/491 1363/622/491
f 568/624/492 1404/624/492 1403/397/492
f 457/630/493 1293/630/493 1292/632/493
f 576/645/494 1412/645/494 1411/643/494
f 449/644/495 1285/644/495 1284/646/495
f 441/658/496 1277/658/496 1276/660/496
f 584/661/497 1420/661/497 1419/659/497
f 736/666/118 1572/666/118 1571/664/118
f 800/677/486 1636/677/486 1635/675/486
f 792/679/487 1628/679/487 1627/681/487
f 808/695/488 1644/695/488 1643/690/488
f 744/703/122 1580/703/122 1579/700/122
f 728/706/48 1564/706/48 1563/708/48
f 752/723/498 1588/723/498 1587/721/498
f 720/725/50 1556/725/50 1555/727/50
f 784/724/499 1620/724/499 1619/734/499
f 760/741/127 1596/741/127 1595/739/127
f 712/746/53 1548/746/53 1547/747/53
f 768/768/129 1604/768/129 1603/766/129
f 776/767/491 1612/767/491 1611/770/491
f 816/772/492 1652/772/492 1651/764/492
f 704/778/493 1540/778/493 1539/780/493
f 824/794/494 1660/794/494 1659/792/494
f 696/793/495 1532/793/495 1531/795/495
f 688/808/496 1524/808/496 1523/810/496
f 832/811/497 1668/811/497 1667/809/497
f 410/10/500 1246/10/500 1245/2/500
f 163/11/501 999/11/501 998/7/501
f 155/22/10 991/22/10 990/26/10
f 402/25/440 1238/25/440 1237/29/440
f 171/44/502 1007/44/502 1006/35/502
f 418/51/503 1254/51/503 1253/47/503
f 147/63/15 983/63/15 982/67/15
f 346/70/443 1182/70/443 1181/71/443
f 394/66/445 1230/66/445 1229/76/445
f 99/79/16 935/79/16 934/73/16
f 91/97/19 927/97/19 926/101/19
f 179/102/504 1015/102/504 1014/75/504
f 338/100/446 1174/100/446 1173/104/446
f 354/121/448 1190/121/448 1189/114/448
f 107/129/21 943/129/21 942/122/21
f 83/131/23 919/131/23 918/133/23
f 330/132/449 1166/132/449 1165/137/449
f 426/157/505 1262/157/505 1261/143/505
f 75/168/27 911/168/27 910/171/27
f 322/170/506 1158/170/506 1157/177/506
f 362/183/452 1198/183/452 1197/173/452
f 139/176/29 975/176/29 974/191/29
f 67/196/31 903/196/31 902/198/31
f 115/200/32 951/200/32 950/184/32
f 314/197/453 1150/197/453 1149/201/453
f 386/190/455 1222/190/455 1221/210/455
f 187/212/507 1023/212/507 1022/203/507
f 59/221/36 895/221/36 894/224/36
f 306/223/456 1142/223/456 1141/225/456
f 378/249/460 1214/249/460 1213/250/460
f 370/257/461 1206/257/461 1205/258/461
f 51/246/40 887/246/40 886/265/40
f 297/267/508 298/264/508 1134/264/508
f 195/276/509 1031/276/509 1030/274/509
f 131/282/38 967/282/38 966/283/38
f 123/290/39 959/290/39 958/291/39
f 297/267/92 1133/267/92 1269/279/92
f 259/297/510 1095/297/510 1094/295/510
f 251/307/511 1087/307/511 1086/310/511
f 267/311/512 1103/311/512 1102/309/512
f 203/321/355 1039/321/355 1038/319/355
f 43/331/424 879/331/424 878/334/424
f 211/342/357 1047/342/357 1046/340/357
f 35/351/513 871/351/513 870/353/513
f 219/361/359 1055/361/359 1054/359/359
f 27/371/437 863/371/437 862/373/437
f 243/368/514 1079/368/514 1078/374/514
f 275/383/515 1111/383/515 1110/377/515
f 227/386/363 1063/386/363 1062/384/363
f 235/396/516 1071/396/516 1070/398/516
f 19/404/517 855/404/517 854/406/517
f 283/414/931 1119/414/931 1118/412/931
f 11/419/519 847/419/519 846/421/519
f 291/431/520 1127/431/520 1126/429/520
f 3/434/521 839/434/521 838/436/521
f 641/445/522 1477/445/522 1476/443/522
f 633/444/523 1469/444/523 1468/71/523
f 649/459/524 1485/459/524 1484/457/524
f 625/458/525 1461/458/525 1460/460/525
f 657/474/526 1493/474/526 1492/472/526
f 617/473/527 1453/473/527 1452/475/527
f 665/489/528 1501/489/528 1500/487/528
f 609/488/529 1445/488/529 1444/490/529
f 673/503/530 1509/503/530 1508/501/530
f 601/502/531 1437/502/531 1436/504/531
f 681/518/532 1517/518/532 1516/517/532
f 593/399/533 1429/399/533 1428/519/533
f 553/539/534 1389/539/534 1388/538/534
f 545/537/535 1381/537/535 1380/540/535
f 489/91/192 1325/91/192 1324/529/192
f 560/553/536 561/563/536 1397/563/536
f 482/562/537 1318/562/537 1317/564/537
f 497/565/193 1333/565/193 1332/561/193
f 537/571/932 1373/571/932 1372/580/932
f 474/578/125 1310/578/125 1309/581/125
f 505/582/539 1341/582/539 1340/579/539
f 513/599/197 1349/599/197 1348/597/197
f 466/600/128 1302/600/128 1301/602/128
f 529/618/540 1365/618/540 1364/7/540
f 521/623/933 1357/623/933 1356/620/933
f 458/621/541 1294/621/541 1293/630/541
f 569/631/542 1405/631/542 1404/624/542
f 450/642/543 1286/642/543 1285/644/543
f 577/647/544 1413/647/544 1412/645/544
f 442/656/545 1278/656/545 1277/658/545
f 801/678/534 1637/678/534 1636/677/534
f 793/676/535 1629/676/535 1628/679/535
f 737/689/192 1573/689/192 1572/666/192
f 808/695/536 809/705/536 1645/705/536
f 729/704/537 1565/704/537 1564/706/537
f 745/707/193 1581/707/193 1580/703/193
f 785/713/538 1621/713/538 1620/724/538
f 721/722/924 1557/722/924 1556/725/924
f 753/726/539 1589/726/539 1588/723/539
f 761/743/197 1597/743/197 1596/741/197
f 713/744/128 1549/744/128 1548/746/128
f 777/765/540 1613/765/540 1612/767/540
f 769/771/933 1605/771/933 1604/768/933
f 705/769/541 1541/769/541 1540/778/541
f 817/779/542 1653/779/542 1652/772/542
f 697/791/543 1533/791/543 1532/793/543
f 825/796/544 1661/796/544 1660/794/544
f 689/806/545 1525/806/545 1524/808/545
f 1760/818/934 2158/818/934 2157/816/934
f 1752/823/552 2150/823/552 2149/826/552
f 1768/833/553 2166/833/553 2165/831/553
f 1744/841/554 2142/841/554 2141/844/554
f 1952/850/555 2350/850/555 2349/847/555
f 1776/857/556 2174/857/556 2173/846/556
f 1944/858/557 2342/858/557 2341/860/557
f 1960/876/558 2358/876/558 2357/872/558
f 1936/881/559 2334/881/559 2333/884/559
f 1784/893/560 2182/893/560 2181/890/560
f 1736/889/561 2134/889/561 2133/895/561
f 1968/907/562 2366/907/562 2365/903/562
f 1928/910/563 2326/910/563 2325/914/563
f 1792/923/564 2190/923/564 2189/919/564
f 1728/926/565 2126/926/565 2125/931/565
f 1976/941/566 2374/941/566 2373/937/566
f 1920/939/567 2318/939/567 2317/942/567
f 1800/954/568 2198/954/568 2197/951/568
f 1912/964/569 2310/964/569 2309/967/569
f 1720/963/570 2118/963/570 2117/968/570
f 1984/979/571 2382/979/571 2381/975/571
f 1808/984/572 2206/984/572 2205/981/572
f 1904/987/573 2302/987/573 2301/989/573
f 1896/1010/574 2294/1010/574 2293/1014/574
f 1880/1026/575 2278/1026/575 2277/1025/575
f 1888/1038/576 2286/1038/576 2285/1036/576
f 1816/1040/577 2214/1040/577 2213/1027/577
f 1712/1042/578 2110/1042/578 2109/1048/578
f 1992/1068/579 2390/1068/579 2389/1066/579
f 1704/1079/580 2102/1079/580 2101/1082/580
f 2000/1084/581 2398/1084/581 2397/1081/581
f 2048/1092/582 2446/1092/582 2445/1086/582
f 1695/1108/583 1696/1104/583 2094/1104/583
f 2039/1111/52 2040/1107/52 2438/1107/52
f 2008/1117/584 2406/1117/584 2405/1114/584
f 2056/1127/585 2454/1127/585 2453/1122/585
f 2032/1136/586 2430/1136/586 2429/1140/586
f 1688/1137/587 2086/1137/587 2085/1141/587
f 2016/1146/588 2414/1146/588 2413/1142/588
f 2024/1158/589 2422/1158/589 2421/1161/589
f 2064/1168/590 2462/1168/590 2461/1166/590
f 1680/1170/591 2078/1170/591 2077/1172/591
f 1761/820/592 2159/820/592 2158/818/592
f 1753/821/593 2151/821/593 2150/823/593
f 1769/834/594 2167/834/594 2166/833/594
f 1745/839/595 2143/839/595 2142/841/595
f 1953/852/596 2351/852/596 2350/850/596
f 1945/856/597 2343/856/597 2342/858/597
f 1777/864/598 2175/864/598 2174/857/598
f 1961/879/599 2359/879/599 2358/876/599
f 1937/877/600 2335/877/600 2334/881/600
f 1737/885/601 2135/885/601 2134/889/601
f 1785/897/602 2183/897/602 2182/893/602
f 1928/910/603 1929/906/603 2327/906/603
f 1969/911/604 2367/911/604 2366/907/604
f 1729/922/605 2127/922/605 2126/926/605
f 1792/923/606 1793/927/606 2191/927/606
f 1921/936/607 2319/936/607 2318/939/607
f 1976/941/608 1977/946/608 2375/946/608
f 1801/958/609 2199/958/609 2198/954/609
f 1721/959/610 2119/959/610 2118/963/610
f 1913/961/611 2311/961/611 2310/964/611
f 1985/985/612 2383/985/612 2382/979/612
f 1905/983/613 2303/983/613 2302/987/613
f 1809/988/614 2207/988/614 2206/984/614
f 1897/1007/615 2295/1007/615 2294/1010/615
f 1881/1029/616 2279/1029/616 2278/1026/616
f 1889/1039/617 2287/1039/617 2286/1038/617
f 1713/1021/618 2111/1021/618 2110/1042/618
f 1817/1043/619 2215/1043/619 2214/1040/619
f 1993/1070/620 2391/1070/620 2390/1068/620
f 1705/1077/621 2103/1077/621 2102/1079/621
f 2001/1089/622 2399/1089/622 2398/1084/622
f 2049/1096/623 2447/1096/623 2446/1092/623
f 1696/1104/624 1697/1101/624 2095/1101/624
f 2040/1107/625 2041/1103/625 2439/1103/625
f 2009/1121/626 2407/1121/626 2406/1117/626
f 2057/1132/627 2455/1132/627 2454/1127/627
f 2033/1134/628 2431/1134/628 2430/1136/628
f 1689/1133/629 2087/1133/629 2086/1137/629
f 2017/1149/935 2415/1149/935 2414/1146/935
f 2025/1156/631 2423/1156/631 2422/1158/631
f 1681/1169/632 2079/1169/632 2078/1170/632
f 2065/1171/633 2463/1171/633 2462/1168/633
f 1754/819/634 2152/819/634 2151/821/634
f 1762/822/635 2160/822/635 2159/820/635
f 1770/836/636 2168/836/636 2167/834/636
f 1746/837/637 2144/837/637 2143/839/637
f 1954/855/638 2352/855/638 2351/852/638
f 1946/853/639 2344/853/639 2343/856/639
f 1778/870/640 2176/870/640 2175/864/640
f 1938/874/641 2336/874/641 2335/877/641
f 1962/883/642 2360/883/642 2359/879/642
f 1738/880/643 2136/880/643 2135/885/643
f 1786/901/644 2184/901/644 2183/897/644
f 1930/902/645 2328/902/645 2327/906/645
f 1970/915/646 2368/915/646 2367/911/646
f 1730/917/647 2128/917/647 2127/922/647
f 1794/930/648 2192/930/648 2191/927/648
f 1922/933/649 2320/933/649 2319/936/649
f 1978/950/650 2376/950/650 2375/946/650
f 1722/953/651 2120/953/651 2119/959/651
f 1914/957/652 2312/957/652 2311/961/652
f 1802/962/653 2200/962/653 2199/958/653
f 1906/982/654 2304/982/654 2303/983/654
f 1810/990/655 2208/990/655 2207/988/655
f 1986/992/656 2384/992/656 2383/985/656
f 1898/1002/657 2296/1002/657 2295/1007/657
f 1714/1001/658 2112/1001/658 2111/1021/658
f 1882/1030/659 2280/1030/659 2279/1029/659
f 1890/1037/660 2288/1037/660 2287/1039/660
f 1818/1044/661 2216/1044/661 2215/1043/661
f 1994/1072/662 2392/1072/662 2391/1070/662
f 1706/1075/663 2104/1075/663 2103/1077/663
f 2001/1089/664 2002/1093/664 2400/1093/664
f 2050/1100/665 2448/1100/665 2447/1096/665
f 1698/1098/666 2096/1098/666 2095/1101/666
f 2042/1099/667 2440/1099/667 2439/1103/667
f 2010/1125/668 2408/1125/668 2407/1121/668
f 1690/1128/669 2088/1128/669 2087/1133/669
f 2034/1130/936 2432/1130/936 2431/1134/936
f 2058/1138/671 2456/1138/671 2455/1132/671
f 2018/1152/672 2416/1152/672 2415/1149/672
f 2026/1153/673 2424/1153/673 2423/1156/673
f 1682/1167/674 2080/1167/674 2079/1169/674
f 2066/1173/675 2464/1173/675 2463/1171/675
f 1674/1181/676 2072/1181/676 2071/39/676
f 1673/39/677 2071/39/677 2468/40/677
f 1755/817/678 2153/817/678 2152/819/678
f 1763/824/679 2161/824/679 2160/822/679
f 1747/835/680 2145/835/680 2144/837/680
f 1771/838/681 2169/838/681 2168/836/681
f 1947/851/682 2345/851/682 2344/853/682
f 1955/859/683 2353/859/683 2352/855/683
f 1779/873/684 2177/873/684 2176/870/684
f 1939/871/685 2337/871/685 2336/874/685
f 1739/875/686 2137/875/686 2136/880/686
f 1963/887/687 2361/887/687 2360/883/687
f 1931/898/688 2329/898/688 2328/902/688
f 1787/905/689 2185/905/689 2184/901/689
f 1731/913/690 2129/913/690 2128/917/690
f 1971/920/691 2369/920/691 2368/915/691
f 1923/929/692 2321/929/692 2320/933/692
f 1795/934/693 2193/934/693 2192/930/693
f 1723/949/694 2121/949/694 2120/953/694
f 1979/955/695 2377/955/695 2376/950/695
f 1915/956/696 2313/956/696 2312/957/696
f 1803/966/697 2201/966/697 2200/962/697
f 1907/978/698 2305/978/698 2304/982/698
f 1811/995/699 2209/995/699 2208/990/699
f 1987/1000/700 2385/1000/700 2384/992/700
f 1715/993/701 2113/993/701 2112/1001/701
f 1899/998/702 2297/998/702 2296/1002/702
f 1883/1031/703 2281/1031/703 2280/1030/703
f 1891/1033/704 2289/1033/704 2288/1037/704
f 1819/1045/705 2217/1045/705 2216/1044/705
f 1990/1046/706 2388/1046/706 2248/1065/706
f 1995/1074/707 2393/1074/707 2392/1072/707
f 1707/1073/708 2105/1073/708 2104/1075/708
f 2003/1097/709 2401/1097/709 2400/1093/709
f 1699/1094/710 2097/1094/710 2096/1098/710
f 2042/1099/711 2043/1095/711 2441/1095/711
f 2050/1100/712 2051/1105/712 2449/1105/712
f 1691/1124/713 2089/1124/713 2088/1128/713
f 2011/1129/714 2409/1129/714 2408/1125/714
f 2035/1126/715 2433/1126/715 2432/1130/715
f 2059/1144/716 2457/1144/716 2456/1138/716
f 2027/1151/717 2425/1151/717 2424/1153/717
f 2019/1155/718 2417/1155/718 2416/1152/718
f 1683/1165/719 2081/1165/719 2080/1167/719
f 2067/1175/720 2465/1175/720 2464/1173/720
f 1675/1180/721 2073/1180/721 2072/1181/721
f 1756/813/722 2154/813/722 2153/817/722
f 1764/825/723 2162/825/723 2161/824/723
f 1748/832/724 2146/832/724 2145/835/724
f 1772/840/725 2170/840/725 2169/838/725
f 1948/849/726 2346/849/726 2345/851/726
f 1956/861/727 2354/861/727 2353/859/727
f 1940/868/728 2338/868/728 2337/871/728
f 1740/869/937 2138/869/937 2137/875/937
f 1780/878/730 2178/878/730 2177/873/730
f 1964/892/731 2362/892/731 2361/887/731
f 1932/894/732 2330/894/732 2329/898/732
f 1788/909/733 2186/909/733 2185/905/733
f 1732/908/734 2130/908/734 2129/913/734
f 1972/924/735 2370/924/735 2369/920/735
f 1924/925/736 2322/925/736 2321/929/736
f 1796/938/737 2194/938/737 2193/934/737
f 1724/944/738 2122/944/738 2121/949/738
f 1916/952/739 2314/952/739 2313/956/739
f 1980/960/740 2378/960/740 2377/955/740
f 1804/969/741 2202/969/741 2201/966/741
f 1907/978/742 1908/976/742 2306/976/742
f 1716/986/743 2114/986/743 2113/993/743
f 1812/997/744 2210/997/744 2209/995/744
f 1900/996/745 2298/996/745 2297/998/745
f 1988/1017/746 2386/1017/746 2385/1000/746
f 1884/1032/747 2282/1032/747 2281/1031/747
f 1892/1028/748 2290/1028/748 2289/1033/748
f 1820/1049/749 2218/1049/749 2217/1045/749
f 1851/1047/750 2249/1047/750 2250/1064/750
f 1708/1071/751 2106/1071/751 2105/1073/751
f 1996/1076/752 2394/1076/752 2393/1074/752
f 1700/1090/753 2098/1090/753 2097/1094/753
f 2044/1091/754 2442/1091/754 2441/1095/754
f 2003/1097/755 2004/1102/755 2402/1102/755
f 2052/1109/756 2450/1109/756 2449/1105/756
f 1692/1120/757 2090/1120/757 2089/1124/757
f 2036/1123/758 2434/1123/758 2433/1126/758
f 2012/1131/759 2410/1131/759 2409/1129/759
f 2060/1150/366 2458/1150/366 2457/1144/366
f 2028/1148/760 2426/1148/760 2425/1151/760
f 2020/1157/761 2418/1157/761 2417/1155/761
f 1684/1163/762 2082/1163/762 2081/1165/762
f 2068/1177/763 2466/1177/763 2465/1175/763
f 1676/1178/764 2074/1178/764 2073/1180/764
f 1757/815/765 2155/815/765 2154/813/765
f 1765/827/766 2163/827/766 2162/825/766
f 1749/830/767 2147/830/767 2146/832/767
f 1773/842/768 2171/842/768 2170/840/768
f 1949/848/769 2347/848/769 2346/849/769
f 1957/865/770 2355/865/770 2354/861/770
f 1941/866/771 2339/866/771 2338/868/771
f 1741/862/772 2139/862/772 2138/869/772
f 1781/882/773 2179/882/773 2178/878/773
f 1933/891/774 2331/891/774 2330/894/774
f 1965/896/775 2363/896/775 2362/892/775
f 1732/908/776 1733/904/776 2131/904/776
f 1789/912/777 2187/912/777 2186/909/777
f 1925/921/778 2323/921/778 2322/925/778
f 1973/928/779 2371/928/779 2370/924/779
f 1797/943/780 2195/943/780 2194/938/780
f 1725/940/781 2123/940/781 2122/944/781
f 1917/948/782 2315/948/782 2314/952/782
f 1981/965/783 2379/965/783 2378/960/783
f 1805/973/784 2203/973/784 2202/969/784
f 1909/972/785 2307/972/785 2306/976/785
f 1717/980/786 2115/980/786 2114/986/786
f 1901/994/787 2299/994/787 2298/996/787
f 1813/1006/788 2211/1006/788 2210/997/788
f 1877/1022/789 2275/1022/789 2274/1016/789
f 1892/1028/790 1893/1023/790 2291/1023/790
f 1885/1034/791 2283/1034/791 2282/1032/791
f 1821/1055/792 2219/1055/792 2218/1049/792
f 1709/1069/793 2107/1069/793 2106/1071/793
f 1997/1078/794 2395/1078/794 2394/1076/794
f 1701/1088/795 2099/1088/795 2098/1090/795
f 2045/1085/796 2443/1085/796 2442/1091/796
f 2005/1106/797 2403/1106/797 2402/1102/797
f 2053/1113/798 2451/1113/798 2450/1109/798
f 1693/1116/799 2091/1116/799 2090/1120/799
f 2037/1119/800 2435/1119/800 2434/1123/800
f 2013/1135/801 2411/1135/801 2410/1131/801
f 2029/1145/802 2427/1145/802 2426/1148/802
f 2061/1159/803 2459/1159/803 2458/1150/803
f 2021/1160/804 2419/1160/804 2418/1157/804
f 1685/1154/805 2083/1154/805 2082/1163/805
f 1677/1176/806 2075/1176/806 2074/1178/806
f 2069/1179/807 2467/1179/807 2466/1177/807
f 1758/814/808 2156/814/808 2155/815/808
f 1766/829/809 2164/829/809 2163/827/809
f 1750/828/810 2148/828/810 2147/830/810
f 1774/843/811 2172/843/811 2171/842/811
f 1950/845/812 2348/845/812 2347/848/812
f 1742/854/813 2140/854/813 2139/862/813
f 1942/863/814 2340/863/814 2339/866/814
f 1958/867/815 2356/867/815 2355/865/815
f 1782/886/816 2180/886/816 2179/882/816
f 1934/888/817 2332/888/817 2331/891/817
f 1966/899/818 2364/899/818 2363/896/818
f 1734/900/819 2132/900/819 2131/904/819
f 1789/912/820 1790/916/820 2188/916/820
f 1926/918/821 2324/918/821 2323/921/821
f 1973/928/822 1974/932/822 2372/932/822
f 1726/935/823 2124/935/823 2123/940/823
f 1798/947/824 2196/947/824 2195/943/824
f 1918/945/825 2316/945/825 2315/948/825
f 1982/970/826 2380/970/826 2379/965/826
f 1910/971/827 2308/971/827 2307/972/827
f 1806/977/828 2204/977/828 2203/973/828
f 1718/974/829 2116/974/829 2115/980/829
f 1902/991/830 2300/991/830 2299/994/830
f 1814/1013/831 2212/1013/831 2211/1006/831
f 1893/1023/832 1894/1019/832 2292/1019/832
f 1877/1022/833 1878/1024/833 2276/1024/833
f 1886/1035/834 2284/1035/834 2283/1034/834
f 1822/1062/835 2220/1062/835 2219/1055/835
f 1710/1067/836 2108/1067/836 2107/1069/836
f 1997/1078/837 1998/1080/837 2396/1080/837
f 2046/1087/838 2444/1087/838 2443/1085/838
f 1702/1083/839 2100/1083/839 2099/1088/839
f 2006/1110/840 2404/1110/840 2403/1106/840
f 1694/1112/841 2092/1112/841 2091/1116/841
f 2054/1118/842 2452/1118/842 2451/1113/842
f 2038/1115/843 2436/1115/843 2435/1119/843
f 2014/1139/844 2412/1139/844 2411/1135/844
f 2030/1143/845 2428/1143/845 2427/1145/845
f 1686/1147/846 2084/1147/846 2083/1154/846
f 2022/1162/847 2420/1162/847 2419/1160/847
f 2062/1164/848 2460/1164/848 2459/1159/848
f 1678/1174/849 2076/1174/849 2075/1176/849
f 2070/40/850 2468/40/850 2467/1179/850
f 1759/816/851 2157/816/851 2156/814/851
f 1751/826/852 2149/826/852 2148/828/852
f 1767/831/853 2165/831/853 2164/829/853
f 1775/846/854 2173/846/854 2172/843/854
f 1951/847/855 2349/847/855 2348/845/855
f 1743/844/856 2141/844/856 2140/854/856
f 1943/860/857 2341/860/857 2340/863/857
f 1959/872/858 2357/872/858 2356/867/858
f 1935/884/859 2333/884/859 2332/888/859
f 1783/890/860 2181/890/860 2180/886/860
f 1735/895/861 2133/895/861 2132/900/861
f 1967/903/862 2365/903/862 2364/899/862
f 1927/914/863 2325/914/863 2324/918/863
f 1791/919/864 2189/919/864 2188/916/864
f 1727/931/865 2125/931/865 2124/935/865
f 1975/937/866 2373/937/866 2372/932/866
f 1919/942/867 2317/942/867 2316/945/867
f 1799/951/868 2197/951/868 2196/947/868
f 1911/967/869 2309/967/869 2308/971/869
f 1719/968/870 2117/968/870 2116/974/870
f 1983/975/871 2381/975/871 2380/970/871
f 1807/981/872 2205/981/872 2204/977/872
f 1903/989/873 2301/989/873 2300/991/873
f 1895/1014/874 2293/1014/874 2292/1019/874
f 1879/1025/875 2277/1025/875 2276/1024/875
f 1815/1027/876 2213/1027/876 2212/1013/876
f 1887/1036/877 2285/1036/877 2284/1035/877
f 1991/1066/878 2389/1066/878 2388/1046/878
f 1711/1048/879 2109/1048/879 2108/1067/879
f 1999/1081/880 2397/1081/880 2396/1080/880
f 1703/1082/881 2101/1082/881 2100/1083/881
f 2047/1086/882 2445/1086/882 2444/1087/882
f 1695/1108/883 2093/1108/883 2092/1112/883
f 2007/1114/884 2405/1114/884 2404/1110/884
f 2039/1111/885 2437/1111/885 2436/1115/885
f 2055/1122/886 2453/1122/886 2452/1118/886
f 2015/1142/887 2413/1142/887 2412/1139/887
f 2031/1140/888 2429/1140/888 2428/1143/888
f 1687/1141/889 2085/1141/889 2084/1147/889
f 2023/1161/890 2421/1161/890 2420/1162/890
f 2063/1166/891 2461/1166/891 2460/1164/891
f 1679/1172/892 2077/1172/892 2076/1174/892
f 1852/1064/893 2250/1064/893 2388/1046/893
f 1823/39/894 2221/39/894 2220/1062/894
f 1824/39/895 2222/39/895 2221/39/895
f 1850/1065/896 2248/1065/896 2247/39/896
f 1825/39/897 2223/39/897 2222/39/897
f 1849/39/898 2247/39/898 2246/39/898
f 1826/39/899 2224/39/899 2223/39/899
f 1848/39/900 2246/39/900 2245/39/900
f 1827/39/901 2225/39/901 2224/39/901
f 1847/39/902 2245/39/902 2244/39/902
f 1828/39/903 2226/39/903 2225/39/903
f 1846/39/904 2244/39/904 2243/39/904
f 1829/39/905 2227/39/905 2226/39/905
f 1845/39/906 2243/39/906 2242/39/906
f 1830/39/907 2228/39/907 2227/39/907
f 1844/39/908 2242/39/908 2241/39/908
f 1831/39/909 2229/39/909 2228/39/909
f 1843/39/910 2241/39/910 2240/39/910
f 1832/39/911 2230/39/911 2229/39/911
f 1842/39/912 2240/39/912 2239/39/912
f 1833/39/913 2231/39/913 2230/39/913
f 1841/39/914 2239/39/914 2238/39/914
f 1834/39/915 2232/39/915 2231/39/915
f 1840/39/916 2238/39/916 2237/39/916
f 1835/39/917 2233/39/917 2232/39/917
f 1839/39/918 2237/39/918 2236/39/918
f 1836/39/919 2234/39/919 2233/39/919
f 1838/39/920 2236/39/920 2235/39/920
f 1837/39/921 2235/39/921 2234/39/921
