# Blender 4.4.1
# www.blender.org
mtllib CocktailWater.mtl
o 円錐
v -0.000213 0.030965 0.114276
v 0.021953 0.030960 0.112093
v 0.043268 0.030944 0.105627
v 0.062912 0.030919 0.095128
v 0.080130 0.030885 0.080998
v 0.094260 0.030844 0.063781
v 0.104760 0.030796 0.044138
v 0.111226 0.030745 0.022825
v 0.113409 0.030692 0.000659
v 0.111226 0.030639 -0.021506
v 0.104760 0.030588 -0.042820
v 0.094260 0.030541 -0.062463
v 0.080130 0.030499 -0.079680
v 0.062912 0.030465 -0.093810
v 0.043268 0.030440 -0.104309
v 0.021953 0.030425 -0.110775
v -0.000213 0.030419 -0.112958
v -0.022380 0.030425 -0.110775
v -0.043695 0.030440 -0.104309
v -0.063339 0.030465 -0.093810
v -0.080557 0.030499 -0.079680
v -0.094687 0.030541 -0.062463
v -0.105187 0.030588 -0.042820
v -0.111653 0.030639 -0.021506
v -0.113836 0.030692 0.000659
v -0.111653 0.030745 0.022825
v -0.105187 0.030796 0.044138
v -0.094687 0.030844 0.063781
v -0.080557 0.030885 0.080998
v -0.063339 0.030919 0.095128
v -0.043695 0.030944 0.105627
v -0.022380 0.030960 0.112093
v -0.000214 0.030692 0.000659
v -0.000213 0.030979 0.120343
v 0.023137 0.030974 0.118043
v 0.045590 0.030957 0.111232
v 0.066282 0.030931 0.100172
v 0.084420 0.030895 0.085288
v 0.099305 0.030852 0.067152
v 0.110365 0.030802 0.046460
v 0.117176 0.030748 0.024008
v 0.119476 0.030692 0.000659
v 0.117176 0.030636 -0.022690
v 0.110365 0.030582 -0.045142
v 0.099305 0.030532 -0.065834
v 0.084420 0.030489 -0.083970
v 0.066282 0.030453 -0.098854
v 0.045590 0.030427 -0.109914
v 0.023137 0.030410 -0.116725
v -0.000213 0.030405 -0.119025
v -0.023564 0.030410 -0.116725
v -0.046017 0.030427 -0.109914
v -0.066709 0.030453 -0.098854
v -0.084847 0.030489 -0.083970
v -0.099732 0.030532 -0.065834
v -0.110792 0.030582 -0.045142
v -0.117603 0.030636 -0.022690
v -0.119903 0.030692 0.000659
v -0.117603 0.030748 0.024008
v -0.110792 0.030802 0.046460
v -0.099732 0.030852 0.067152
v -0.084847 0.030895 0.085288
v -0.066709 0.030931 0.100172
v -0.046017 0.030957 0.111232
v -0.023564 0.030974 0.118043
v -0.000213 0.030941 0.104517
v 0.020049 0.030937 0.102522
v 0.039534 0.030922 0.096611
v 0.057490 0.030899 0.087014
v 0.073230 0.030868 0.074098
v 0.086146 0.030831 0.058359
v 0.095744 0.030787 0.040404
v 0.101655 0.030741 0.020921
v 0.103650 0.030692 0.000659
v 0.101655 0.030643 -0.019602
v 0.095744 0.030597 -0.039085
v 0.086146 0.030554 -0.057041
v 0.073230 0.030516 -0.072779
v 0.057490 0.030485 -0.085696
v 0.039534 0.030462 -0.095293
v 0.020049 0.030448 -0.101203
v -0.000213 0.030443 -0.103199
v -0.020476 0.030448 -0.101203
v -0.039961 0.030462 -0.095293
v -0.057917 0.030485 -0.085696
v -0.073657 0.030516 -0.072779
v -0.086573 0.030554 -0.057041
v -0.096171 0.030597 -0.039085
v -0.102082 0.030643 -0.019602
v -0.104077 0.030692 0.000659
v -0.102082 0.030741 0.020921
v -0.096171 0.030787 0.040404
v -0.086573 0.030831 0.058359
v -0.073657 0.030868 0.074098
v -0.057917 0.030899 0.087014
v -0.039961 0.030922 0.096611
v -0.020476 0.030937 0.102522
v -0.000213 0.030914 0.093289
v 0.017859 0.030910 0.091509
v 0.035237 0.030897 0.086238
v 0.051253 0.030877 0.077678
v 0.065290 0.030849 0.066158
v 0.076810 0.030816 0.052121
v 0.085371 0.030777 0.036107
v 0.090642 0.030735 0.018730
v 0.092422 0.030692 0.000659
v 0.090642 0.030649 -0.017412
v 0.085371 0.030607 -0.034788
v 0.076810 0.030569 -0.050803
v 0.065290 0.030535 -0.064840
v 0.051253 0.030507 -0.076359
v 0.035237 0.030487 -0.084919
v 0.017859 0.030474 -0.090191
v -0.000213 0.030470 -0.091971
v -0.018286 0.030474 -0.090191
v -0.035664 0.030487 -0.084919
v -0.051680 0.030507 -0.076359
v -0.065717 0.030535 -0.064840
v -0.077237 0.030569 -0.050803
v -0.085798 0.030607 -0.034788
v -0.091069 0.030649 -0.017412
v -0.092849 0.030692 0.000659
v -0.091069 0.030735 0.018730
v -0.085798 0.030777 0.036107
v -0.077237 0.030816 0.052121
v -0.065717 0.030849 0.066158
v -0.051680 0.030877 0.077678
v -0.035664 0.030897 0.086238
v -0.018286 0.030910 0.091509
v -0.000213 0.030893 0.084312
v 0.016108 0.030889 0.082705
v 0.031802 0.030878 0.077944
v 0.046266 0.030859 0.070214
v 0.058943 0.030834 0.059810
v 0.069347 0.030804 0.047134
v 0.077077 0.030769 0.032671
v 0.081838 0.030731 0.016979
v 0.083445 0.030692 0.000659
v 0.081838 0.030653 -0.015660
v 0.077077 0.030615 -0.031353
v 0.069347 0.030581 -0.045815
v 0.058943 0.030550 -0.058492
v 0.046265 0.030525 -0.068895
v 0.031802 0.030507 -0.076626
v 0.016108 0.030495 -0.081386
v -0.000213 0.030491 -0.082994
v -0.016535 0.030495 -0.081386
v -0.032229 0.030507 -0.076626
v -0.046692 0.030525 -0.068895
v -0.059370 0.030550 -0.058492
v -0.069774 0.030581 -0.045815
v -0.077504 0.030615 -0.031353
v -0.082265 0.030653 -0.015660
v -0.083872 0.030692 0.000659
v -0.082265 0.030731 0.016979
v -0.077504 0.030769 0.032671
v -0.069774 0.030804 0.047134
v -0.059370 0.030834 0.059810
v -0.046692 0.030859 0.070214
v -0.032229 0.030878 0.077944
v -0.016535 0.030889 0.082705
v -0.000213 0.030873 0.076210
v 0.014527 0.030870 0.074758
v 0.028701 0.030860 0.070459
v 0.041764 0.030843 0.063477
v 0.053214 0.030820 0.054081
v 0.062610 0.030793 0.042632
v 0.069592 0.030761 0.029571
v 0.073891 0.030727 0.015398
v 0.075343 0.030692 0.000659
v 0.073891 0.030657 -0.014080
v 0.069592 0.030623 -0.028252
v 0.062610 0.030591 -0.041314
v 0.053214 0.030564 -0.052763
v 0.041764 0.030541 -0.062159
v 0.028702 0.030525 -0.069141
v 0.014527 0.030514 -0.073440
v -0.000213 0.030511 -0.074892
v -0.014954 0.030514 -0.073440
v -0.029128 0.030525 -0.069141
v -0.042191 0.030541 -0.062159
v -0.053641 0.030564 -0.052763
v -0.063037 0.030591 -0.041314
v -0.070019 0.030623 -0.028252
v -0.074318 0.030657 -0.014080
v -0.075770 0.030692 0.000659
v -0.074318 0.030727 0.015398
v -0.070019 0.030761 0.029571
v -0.063037 0.030793 0.042632
v -0.053641 0.030820 0.054081
v -0.042191 0.030843 0.063477
v -0.029128 0.030860 0.070459
v -0.014954 0.030870 0.074758
v -0.000213 0.030857 0.069181
v 0.013156 0.030853 0.067864
v 0.026012 0.030844 0.063965
v 0.037859 0.030829 0.057632
v 0.048244 0.030808 0.049111
v 0.056766 0.030783 0.038727
v 0.063098 0.030755 0.026881
v 0.066997 0.030724 0.014027
v 0.068314 0.030692 0.000659
v 0.066997 0.030660 -0.012708
v 0.063098 0.030629 -0.025562
v 0.056766 0.030601 -0.037409
v 0.048244 0.030576 -0.047792
v 0.037859 0.030555 -0.056314
v 0.026012 0.030540 -0.062646
v 0.013156 0.030531 -0.066546
v -0.000213 0.030528 -0.067863
v -0.013583 0.030531 -0.066546
v -0.026439 0.030540 -0.062646
v -0.038286 0.030555 -0.056314
v -0.048671 0.030576 -0.047792
v -0.057193 0.030601 -0.037409
v -0.063525 0.030629 -0.025562
v -0.067424 0.030660 -0.012708
v -0.068741 0.030692 0.000659
v -0.067424 0.030724 0.014027
v -0.063525 0.030755 0.026881
v -0.057193 0.030783 0.038727
v -0.048671 0.030808 0.049111
v -0.038286 0.030829 0.057632
v -0.026439 0.030844 0.063965
v -0.013583 0.030853 0.067864
v -0.000213 0.030837 0.061236
v 0.011606 0.030835 0.060071
v 0.022971 0.030826 0.056624
v 0.033445 0.030813 0.051026
v 0.042626 0.030795 0.043492
v 0.050159 0.030773 0.034313
v 0.055757 0.030748 0.023840
v 0.059205 0.030720 0.012476
v 0.060369 0.030692 0.000659
v 0.059205 0.030664 -0.011158
v 0.055757 0.030636 -0.022522
v 0.050159 0.030611 -0.032994
v 0.042625 0.030589 -0.042174
v 0.033445 0.030571 -0.049708
v 0.022971 0.030558 -0.055306
v 0.011606 0.030549 -0.058753
v -0.000213 0.030547 -0.059917
v -0.012033 0.030549 -0.058753
v -0.023398 0.030558 -0.055306
v -0.033872 0.030571 -0.049708
v -0.043052 0.030589 -0.042174
v -0.050586 0.030611 -0.032994
v -0.056184 0.030636 -0.022522
v -0.059632 0.030664 -0.011158
v -0.060796 0.030692 0.000659
v -0.059632 0.030720 0.012477
v -0.056184 0.030748 0.023840
v -0.050586 0.030773 0.034312
v -0.043052 0.030795 0.043492
v -0.033872 0.030813 0.051026
v -0.023398 0.030826 0.056624
v -0.012033 0.030835 0.060071
v -0.000213 0.030816 0.052092
v 0.009822 0.030813 0.051104
v 0.019472 0.030806 0.048177
v 0.028366 0.030795 0.043423
v 0.036160 0.030779 0.037027
v 0.042557 0.030761 0.029233
v 0.047310 0.030739 0.020341
v 0.050237 0.030716 0.010693
v 0.051225 0.030692 0.000659
v 0.050237 0.030668 -0.009374
v 0.047310 0.030645 -0.019022
v 0.042557 0.030624 -0.027914
v 0.036160 0.030605 -0.035708
v 0.028366 0.030589 -0.042105
v 0.019472 0.030578 -0.046858
v 0.009822 0.030571 -0.049786
v -0.000213 0.030569 -0.050774
v -0.010249 0.030571 -0.049786
v -0.019899 0.030578 -0.046858
v -0.028793 0.030589 -0.042105
v -0.036587 0.030605 -0.035708
v -0.042984 0.030624 -0.027914
v -0.047737 0.030645 -0.019022
v -0.050664 0.030668 -0.009374
v -0.051652 0.030692 0.000659
v -0.050664 0.030716 0.010693
v -0.047737 0.030739 0.020341
v -0.042984 0.030761 0.029233
v -0.036587 0.030779 0.037027
v -0.028793 0.030795 0.043423
v -0.019899 0.030806 0.048177
v -0.010249 0.030813 0.051104
v -0.000213 0.030797 0.044372
v 0.008316 0.030795 0.043532
v 0.016518 0.030789 0.041044
v 0.024077 0.030779 0.037005
v 0.030702 0.030766 0.031568
v 0.036138 0.030750 0.024944
v 0.040178 0.030732 0.017386
v 0.042666 0.030713 0.009187
v 0.043505 0.030692 0.000659
v 0.042666 0.030672 -0.007868
v 0.040178 0.030652 -0.016068
v 0.036138 0.030634 -0.023625
v 0.030702 0.030618 -0.030250
v 0.024077 0.030605 -0.035686
v 0.016518 0.030595 -0.039726
v 0.008316 0.030589 -0.042214
v -0.000213 0.030587 -0.043054
v -0.008743 0.030589 -0.042214
v -0.016945 0.030595 -0.039726
v -0.024504 0.030605 -0.035686
v -0.031129 0.030618 -0.030250
v -0.036565 0.030634 -0.023625
v -0.040605 0.030652 -0.016068
v -0.043093 0.030672 -0.007868
v -0.043932 0.030692 0.000659
v -0.043093 0.030713 0.009187
v -0.040605 0.030732 0.017386
v -0.036565 0.030750 0.024944
v -0.031129 0.030766 0.031568
v -0.024504 0.030779 0.037005
v -0.016945 0.030789 0.041045
v -0.008743 0.030795 0.043532
v -0.000213 0.030778 0.036303
v 0.006742 0.030776 0.035618
v 0.013430 0.030771 0.033589
v 0.019594 0.030763 0.030295
v 0.024996 0.030753 0.025862
v 0.029429 0.030740 0.020460
v 0.032723 0.030725 0.014298
v 0.034751 0.030709 0.007612
v 0.035436 0.030692 0.000659
v 0.034751 0.030675 -0.006294
v 0.032723 0.030659 -0.012980
v 0.029429 0.030645 -0.019142
v 0.024996 0.030632 -0.024544
v 0.019594 0.030621 -0.028977
v 0.013430 0.030613 -0.032271
v 0.006742 0.030608 -0.034300
v -0.000213 0.030607 -0.034985
v -0.007169 0.030608 -0.034300
v -0.013857 0.030613 -0.032271
v -0.020021 0.030621 -0.028977
v -0.025423 0.030632 -0.024543
v -0.029856 0.030645 -0.019142
v -0.033150 0.030659 -0.012980
v -0.035178 0.030675 -0.006294
v -0.035863 0.030692 0.000659
v -0.035178 0.030709 0.007612
v -0.033150 0.030725 0.014298
v -0.029856 0.030740 0.020460
v -0.025423 0.030753 0.025862
v -0.020021 0.030763 0.030295
v -0.013857 0.030771 0.033589
v -0.007169 0.030776 0.035618
v -0.000213 0.030764 0.030486
v 0.005607 0.030762 0.029913
v 0.011204 0.030758 0.028215
v 0.016362 0.030752 0.025458
v 0.020883 0.030743 0.021749
v 0.024593 0.030732 0.017229
v 0.027349 0.030719 0.012072
v 0.029046 0.030706 0.006477
v 0.029619 0.030692 0.000659
v 0.029046 0.030678 -0.005159
v 0.027349 0.030665 -0.010754
v 0.024593 0.030652 -0.015910
v 0.020883 0.030641 -0.020430
v 0.016362 0.030633 -0.024140
v 0.011204 0.030626 -0.026897
v 0.005607 0.030622 -0.028595
v -0.000213 0.030620 -0.029168
v -0.006034 0.030622 -0.028595
v -0.011631 0.030626 -0.026897
v -0.016789 0.030633 -0.024140
v -0.021310 0.030641 -0.020430
v -0.025020 0.030652 -0.015910
v -0.027776 0.030665 -0.010754
v -0.029473 0.030678 -0.005159
v -0.030046 0.030692 0.000659
v -0.029473 0.030706 0.006477
v -0.027776 0.030719 0.012072
v -0.025020 0.030732 0.017229
v -0.021310 0.030743 0.021749
v -0.016789 0.030752 0.025458
v -0.011631 0.030758 0.028215
v -0.006034 0.030762 0.029913
v -0.000214 0.030747 0.023544
v 0.004253 0.030746 0.023104
v 0.008548 0.030743 0.021802
v 0.012506 0.030738 0.019686
v 0.015974 0.030731 0.016840
v 0.018821 0.030723 0.013372
v 0.020935 0.030713 0.009415
v 0.022238 0.030703 0.005123
v 0.022677 0.030692 0.000659
v 0.022238 0.030681 -0.003805
v 0.020935 0.030671 -0.008097
v 0.018821 0.030662 -0.012053
v 0.015974 0.030653 -0.015522
v 0.012506 0.030646 -0.018368
v 0.008548 0.030641 -0.020483
v 0.004253 0.030638 -0.021786
v -0.000213 0.030637 -0.022226
v -0.004680 0.030638 -0.021786
v -0.008975 0.030641 -0.020483
v -0.012933 0.030646 -0.018368
v -0.016401 0.030653 -0.015522
v -0.019248 0.030662 -0.012053
v -0.021362 0.030671 -0.008097
v -0.022665 0.030681 -0.003805
v -0.023104 0.030692 0.000659
v -0.022665 0.030703 0.005123
v -0.021362 0.030713 0.009415
v -0.019248 0.030723 0.013372
v -0.016401 0.030731 0.016840
v -0.012933 0.030738 0.019686
v -0.008975 0.030743 0.021802
v -0.004680 0.030746 0.023104
v -0.000214 0.030731 0.017024
v 0.002981 0.030731 0.016710
v 0.006053 0.030728 0.015778
v 0.008884 0.030725 0.014265
v 0.011364 0.030720 0.012229
v 0.013399 0.030714 0.009749
v 0.014912 0.030707 0.006920
v 0.015843 0.030700 0.003851
v 0.016157 0.030692 0.000659
v 0.015843 0.030684 -0.002533
v 0.014912 0.030677 -0.005602
v 0.013399 0.030670 -0.008431
v 0.011364 0.030664 -0.010911
v 0.008883 0.030659 -0.012947
v 0.006053 0.030656 -0.014460
v 0.002981 0.030654 -0.015391
v -0.000213 0.030653 -0.015706
v -0.003408 0.030654 -0.015391
v -0.006480 0.030656 -0.014460
v -0.009310 0.030659 -0.012947
v -0.011791 0.030664 -0.010911
v -0.013827 0.030670 -0.008431
v -0.015339 0.030677 -0.005602
v -0.016270 0.030684 -0.002533
v -0.016584 0.030692 0.000659
v -0.016270 0.030700 0.003851
v -0.015339 0.030707 0.006920
v -0.013827 0.030714 0.009749
v -0.011791 0.030720 0.012229
v -0.009310 0.030725 0.014265
v -0.006480 0.030728 0.015778
v -0.003408 0.030731 0.016710
v -0.000214 0.030717 0.010851
v 0.001777 0.030716 0.010655
v 0.003691 0.030715 0.010074
v 0.005454 0.030712 0.009132
v 0.006999 0.030709 0.007864
v 0.008267 0.030706 0.006319
v 0.009208 0.030701 0.004558
v 0.009788 0.030697 0.002646
v 0.009984 0.030692 0.000659
v 0.009788 0.030687 -0.001328
v 0.009208 0.030683 -0.003239
v 0.008267 0.030679 -0.005001
v 0.006999 0.030675 -0.006546
v 0.005454 0.030672 -0.007814
v 0.003691 0.030670 -0.008756
v 0.001777 0.030668 -0.009337
v -0.000213 0.030668 -0.009533
v -0.002204 0.030668 -0.009337
v -0.004118 0.030670 -0.008756
v -0.005881 0.030672 -0.007814
v -0.007426 0.030675 -0.006546
v -0.008694 0.030679 -0.005001
v -0.009635 0.030683 -0.003239
v -0.010215 0.030687 -0.001328
v -0.010411 0.030692 0.000659
v -0.010215 0.030697 0.002647
v -0.009635 0.030701 0.004558
v -0.008694 0.030706 0.006319
v -0.007426 0.030709 0.007864
v -0.005881 0.030712 0.009132
v -0.004118 0.030715 0.010074
v -0.002204 0.030716 0.010655
v -0.000214 0.030705 0.005914
v 0.000814 0.030704 0.005813
v 0.001801 0.030704 0.005513
v 0.002711 0.030703 0.005027
v 0.003508 0.030701 0.004373
v 0.004162 0.030699 0.003576
v 0.004647 0.030697 0.002668
v 0.004946 0.030695 0.001683
v 0.005047 0.030692 0.000659
v 0.004946 0.030690 -0.000365
v 0.004647 0.030687 -0.001350
v 0.004162 0.030685 -0.002258
v 0.003508 0.030683 -0.003055
v 0.002711 0.030682 -0.003709
v 0.001801 0.030680 -0.004195
v 0.000814 0.030680 -0.004494
v -0.000213 0.030679 -0.004596
v -0.001241 0.030680 -0.004494
v -0.002228 0.030680 -0.004195
v -0.003138 0.030682 -0.003709
v -0.003935 0.030683 -0.003055
v -0.004589 0.030685 -0.002258
v -0.005074 0.030687 -0.001350
v -0.005373 0.030690 -0.000365
v -0.005474 0.030692 0.000659
v -0.005373 0.030695 0.001683
v -0.005074 0.030697 0.002668
v -0.004589 0.030699 0.003576
v -0.003935 0.030701 0.004373
v -0.003138 0.030703 0.005027
v -0.002228 0.030704 0.005513
v -0.001241 0.030704 0.005813
v -0.000214 -0.090522 0.020163
v 0.003401 -0.090524 0.019807
v 0.006876 -0.090533 0.018753
v 0.010079 -0.090546 0.017041
v 0.012887 -0.090564 0.014737
v 0.015191 -0.090585 0.011929
v 0.016903 -0.090610 0.008727
v 0.017957 -0.090637 0.005251
v 0.018313 -0.090665 0.001637
v 0.017957 -0.090693 -0.001977
v 0.016903 -0.090720 -0.005452
v 0.015191 -0.090745 -0.008655
v 0.012887 -0.090767 -0.011463
v 0.010079 -0.090785 -0.013766
v 0.006876 -0.090798 -0.015478
v 0.003401 -0.090806 -0.016533
v -0.000214 -0.090809 -0.016889
v -0.003828 -0.090806 -0.016533
v -0.007303 -0.090798 -0.015478
v -0.010506 -0.090785 -0.013766
v -0.013314 -0.090767 -0.011463
v -0.015618 -0.090745 -0.008655
v -0.017330 -0.090720 -0.005452
v -0.018384 -0.090693 -0.001977
v -0.018740 -0.090665 0.001637
v -0.018384 -0.090637 0.005251
v -0.017330 -0.090610 0.008727
v -0.015618 -0.090585 0.011929
v -0.013314 -0.090564 0.014737
v -0.010506 -0.090546 0.017041
v -0.007303 -0.090533 0.018753
v -0.003828 -0.090524 0.019807
v 0.013269 -0.029775 0.068925
v 0.026233 -0.029788 0.064992
v 0.038181 -0.029807 0.058607
v 0.048653 -0.029834 0.050012
v 0.057248 -0.029867 0.039541
v 0.063634 -0.029904 0.027593
v 0.067567 -0.029945 0.014630
v 0.068895 -0.029987 0.001148
v 0.067567 -0.030029 -0.012334
v 0.063634 -0.030069 -0.025297
v 0.057248 -0.030106 -0.037244
v 0.048653 -0.030139 -0.047716
v 0.038181 -0.030166 -0.056310
v 0.026233 -0.030186 -0.062696
v 0.013269 -0.030198 -0.066629
v -0.000214 -0.030202 -0.067957
v -0.013696 -0.030198 -0.066629
v -0.026660 -0.030186 -0.062696
v -0.038608 -0.030166 -0.056310
v -0.049080 -0.030139 -0.047716
v -0.057675 -0.030106 -0.037244
v -0.064061 -0.030069 -0.025297
v -0.067994 -0.030029 -0.012334
v -0.069322 -0.029987 0.001148
v -0.067994 -0.029945 0.014630
v -0.064061 -0.029904 0.027593
v -0.057675 -0.029867 0.039541
v -0.049080 -0.029834 0.050012
v -0.038608 -0.029807 0.058607
v -0.026660 -0.029788 0.064992
v -0.013696 -0.029775 0.068925
v -0.000214 -0.029771 0.070253
v -0.002021 -0.029773 0.070075
v -0.015434 -0.029779 0.068398
v -0.028261 -0.029794 0.064137
v -0.040012 -0.029816 0.057455
v -0.050232 -0.029845 0.048609
v -0.058531 -0.029879 0.037939
v -0.064588 -0.029918 0.025856
v -0.068172 -0.029959 0.012823
v -0.069144 -0.030001 -0.000659
v -0.067466 -0.030042 -0.014071
v -0.063205 -0.030081 -0.026899
v -0.056523 -0.030117 -0.038648
v -0.047677 -0.030148 -0.048868
v -0.037006 -0.030172 -0.057166
v -0.024922 -0.030190 -0.063223
v -0.011889 -0.030199 -0.066807
v 0.011462 -0.030199 -0.066807
v 0.024495 -0.030190 -0.063223
v 0.036579 -0.030172 -0.057166
v 0.047250 -0.030148 -0.048868
v 0.056096 -0.030117 -0.038648
v 0.062778 -0.030081 -0.026899
v 0.067039 -0.030042 -0.014071
v 0.068717 -0.030001 -0.000659
v 0.067745 -0.029959 0.012823
v 0.064161 -0.029918 0.025856
v 0.058104 -0.029879 0.037939
v 0.049805 -0.029845 0.048609
v 0.039585 -0.029816 0.057455
v 0.027835 -0.029794 0.064137
v 0.015007 -0.029779 0.068398
v 0.001594 -0.029773 0.070075
v 0.018203 0.000599 0.093484
v 0.035911 0.000585 0.088112
v 0.052232 0.000562 0.079389
v 0.066537 0.000531 0.067650
v 0.078276 0.000492 0.053346
v 0.087000 0.000449 0.037027
v 0.092371 0.000402 0.019319
v 0.094185 0.000353 0.000904
v 0.092371 0.000304 -0.017512
v 0.087000 0.000257 -0.035219
v 0.078276 0.000213 -0.051539
v 0.066537 0.000175 -0.065843
v 0.052232 0.000144 -0.077582
v 0.035911 0.000121 -0.086305
v 0.018203 0.000106 -0.091677
v -0.000213 0.000101 -0.093491
v -0.018630 0.000106 -0.091677
v -0.036338 0.000121 -0.086305
v -0.052659 0.000144 -0.077582
v -0.066963 0.000175 -0.065843
v -0.078703 0.000213 -0.051539
v -0.087427 0.000257 -0.035219
v -0.092798 0.000304 -0.017512
v -0.094612 0.000353 0.000904
v -0.092798 0.000402 0.019319
v -0.087427 0.000449 0.037027
v -0.078703 0.000492 0.053346
v -0.066963 0.000531 0.067650
v -0.052659 0.000562 0.079389
v -0.036338 0.000585 0.088112
v -0.018630 0.000599 0.093484
v 0.017299 0.000106 -0.091766
v 0.035042 0.000118 -0.086569
v 0.051431 0.000140 -0.078010
v 0.065835 0.000171 -0.066419
v 0.077700 0.000208 -0.052241
v 0.086572 0.000250 -0.036020
v 0.092108 0.000297 -0.018381
v 0.094096 0.000346 0.000000
v 0.092460 0.000395 0.018415
v 0.087263 0.000442 0.036158
v 0.078704 0.000486 0.052546
v 0.067113 0.000525 0.066949
v 0.052933 0.000557 0.078814
v 0.036712 0.000582 0.087684
v 0.019072 0.000597 0.093220
v 0.000690 0.000603 0.095209
v -0.000213 0.000604 0.095298
v -0.001117 0.000603 0.095209
v -0.019499 0.000597 0.093220
v -0.037139 0.000582 0.087684
v -0.053360 0.000557 0.078814
v -0.067539 0.000525 0.066949
v -0.079131 0.000486 0.052546
v -0.087690 0.000442 0.036158
v -0.092887 0.000395 0.018415
v -0.094523 0.000346 0.000000
v -0.092535 0.000297 -0.018381
v -0.086999 0.000250 -0.036020
v -0.078127 0.000208 -0.052241
v -0.066262 0.000171 -0.066419
v -0.051858 0.000140 -0.078010
v -0.035469 0.000118 -0.086569
v -0.017726 0.000106 -0.091766
v -0.000214 -0.060146 0.045208
v -0.002924 -0.060148 0.044941
v -0.011368 -0.060156 0.043575
v -0.019384 -0.060170 0.040589
v -0.026663 -0.060190 0.036096
v -0.032925 -0.060215 0.030269
v -0.037930 -0.060245 0.023333
v -0.041486 -0.060277 0.015553
v -0.043456 -0.060312 0.007230
v -0.043764 -0.060347 -0.001318
v -0.042398 -0.060381 -0.009762
v -0.039411 -0.060413 -0.017777
v -0.034918 -0.060442 -0.025055
v -0.029091 -0.060466 -0.031317
v -0.022155 -0.060485 -0.036322
v -0.014375 -0.060498 -0.039878
v -0.006051 -0.060504 -0.041848
v 0.008335 -0.060150 0.044366
v 0.016555 -0.060160 0.041873
v 0.024130 -0.060177 0.037824
v 0.030770 -0.060199 0.032375
v 0.036219 -0.060226 0.025735
v 0.040268 -0.060257 0.018160
v 0.042762 -0.060291 0.009941
v 0.043604 -0.060326 0.001393
v 0.042762 -0.060361 -0.007155
v 0.040268 -0.060395 -0.015375
v 0.036219 -0.060426 -0.022950
v 0.030770 -0.060453 -0.029589
v 0.024130 -0.060475 -0.035038
v 0.016555 -0.060492 -0.039087
v 0.008335 -0.060502 -0.041581
v -0.000214 -0.060505 -0.042423
v -0.008762 -0.060502 -0.041581
v -0.016982 -0.060492 -0.039087
v -0.024557 -0.060475 -0.035038
v -0.031197 -0.060453 -0.029589
v -0.036646 -0.060426 -0.022950
v -0.040695 -0.060395 -0.015375
v -0.043189 -0.060361 -0.007155
v -0.044031 -0.060326 0.001393
v -0.043189 -0.060291 0.009941
v -0.040695 -0.060257 0.018160
v -0.036646 -0.060226 0.025735
v -0.031197 -0.060199 0.032375
v -0.024557 -0.060177 0.037824
v -0.016982 -0.060160 0.041873
v -0.008762 -0.060150 0.044366
v 0.005624 -0.060504 -0.041848
v 0.013948 -0.060498 -0.039878
v 0.021728 -0.060485 -0.036322
v 0.028664 -0.060466 -0.031317
v 0.034491 -0.060442 -0.025055
v 0.038984 -0.060413 -0.017777
v 0.041971 -0.060381 -0.009762
v 0.043337 -0.060347 -0.001318
v 0.043029 -0.060312 0.007230
v 0.041059 -0.060277 0.015553
v 0.037503 -0.060245 0.023333
v 0.032498 -0.060215 0.030269
v 0.026236 -0.060190 0.036096
v 0.018957 -0.060170 0.040589
v 0.010941 -0.060156 0.043575
v 0.002497 -0.060148 0.044941
v 0.020670 0.015787 0.105764
v 0.040751 0.015771 0.099672
v 0.059257 0.015746 0.089781
v 0.075478 0.015713 0.076469
v 0.088790 0.015672 0.060249
v 0.098682 0.015625 0.041743
v 0.104774 0.015575 0.021664
v 0.106831 0.015522 0.000781
v 0.104774 0.015470 -0.020101
v 0.098682 0.015419 -0.040181
v 0.088790 0.015373 -0.058686
v 0.075478 0.015332 -0.074907
v 0.059257 0.015298 -0.088218
v 0.040751 0.015274 -0.098110
v 0.020670 0.015258 -0.104201
v -0.000213 0.015253 -0.106258
v -0.021097 0.015258 -0.104201
v -0.041178 0.015274 -0.098110
v -0.059684 0.015298 -0.088218
v -0.075905 0.015332 -0.074907
v -0.089217 0.015373 -0.058686
v -0.099109 0.015419 -0.040181
v -0.105201 0.015470 -0.020101
v -0.107258 0.015522 0.000781
v -0.105201 0.015575 0.021664
v -0.099109 0.015625 0.041743
v -0.089217 0.015672 0.060249
v -0.075905 0.015713 0.076469
v -0.059684 0.015746 0.089781
v -0.041178 0.015771 0.099672
v -0.021097 0.015787 0.105764
v 0.020218 0.015258 -0.104245
v 0.040316 0.015273 -0.098241
v 0.058857 0.015297 -0.088432
v 0.075127 0.015330 -0.075195
v 0.088502 0.015370 -0.059037
v 0.098468 0.015416 -0.040581
v 0.104642 0.015467 -0.020535
v 0.106786 0.015519 0.000330
v 0.104818 0.015571 0.021212
v 0.098814 0.015622 0.041309
v 0.089004 0.015669 0.059849
v 0.075766 0.015710 0.076118
v 0.059608 0.015744 0.089493
v 0.041151 0.015770 0.099458
v 0.021104 0.015785 0.105632
v 0.000238 0.015791 0.107776
v -0.000213 0.015792 0.107820
v -0.000665 0.015791 0.107776
v -0.021531 0.015785 0.105632
v -0.041578 0.015770 0.099458
v -0.060035 0.015744 0.089493
v -0.076193 0.015710 0.076118
v -0.089431 0.015669 0.059849
v -0.099241 0.015622 0.041309
v -0.105245 0.015571 0.021212
v -0.107213 0.015519 0.000330
v -0.105069 0.015467 -0.020535
v -0.098895 0.015416 -0.040581
v -0.088929 0.015370 -0.059037
v -0.075554 0.015330 -0.075195
v -0.059284 0.015297 -0.088432
v -0.040743 0.015273 -0.098241
v -0.020645 0.015258 -0.104245
v -0.000213 -0.014584 0.082775
v -0.001569 -0.014585 0.082642
v -0.017466 -0.014591 0.080809
v -0.032700 -0.014606 0.075910
v -0.046686 -0.014630 0.068134
v -0.058886 -0.014660 0.057779
v -0.068831 -0.014697 0.045242
v -0.076139 -0.014738 0.031007
v -0.080530 -0.014782 0.015619
v -0.081833 -0.014827 -0.000329
v -0.080001 -0.014873 -0.016226
v -0.075102 -0.014916 -0.031459
v -0.067325 -0.014955 -0.045444
v -0.056969 -0.014989 -0.057644
v -0.044432 -0.015016 -0.067588
v -0.030196 -0.015036 -0.074896
v -0.014807 -0.015047 -0.079286
v 0.015736 -0.014588 0.081204
v 0.031072 -0.014601 0.076552
v 0.045206 -0.014623 0.068998
v 0.057595 -0.014652 0.058831
v 0.067762 -0.014687 0.046443
v 0.075317 -0.014728 0.032310
v 0.079969 -0.014771 0.016974
v 0.081540 -0.014817 0.001026
v 0.079969 -0.014862 -0.014923
v 0.075317 -0.014906 -0.030258
v 0.067762 -0.014947 -0.044392
v 0.057595 -0.014982 -0.056780
v 0.045206 -0.015011 -0.066946
v 0.031072 -0.015033 -0.074501
v 0.015736 -0.015046 -0.079153
v -0.000213 -0.015050 -0.080724
v -0.016163 -0.015046 -0.079153
v -0.031499 -0.015033 -0.074501
v -0.045633 -0.015011 -0.066946
v -0.058022 -0.014982 -0.056780
v -0.068189 -0.014947 -0.044392
v -0.075744 -0.014906 -0.030258
v -0.080396 -0.014862 -0.014923
v -0.081967 -0.014817 0.001026
v -0.080396 -0.014771 0.016974
v -0.075744 -0.014728 0.032310
v -0.068189 -0.014687 0.046443
v -0.058022 -0.014652 0.058831
v -0.045633 -0.014623 0.068998
v -0.031499 -0.014601 0.076552
v -0.016163 -0.014588 0.081204
v 0.014380 -0.015047 -0.079286
v 0.029769 -0.015036 -0.074896
v 0.044005 -0.015016 -0.067588
v 0.056542 -0.014989 -0.057644
v 0.066898 -0.014955 -0.045444
v 0.074675 -0.014916 -0.031459
v 0.079574 -0.014873 -0.016226
v 0.081406 -0.014827 -0.000329
v 0.080103 -0.014782 0.015619
v 0.075712 -0.014738 0.031007
v 0.068404 -0.014697 0.045242
v 0.058459 -0.014660 0.057779
v 0.046259 -0.014630 0.068134
v 0.032273 -0.014606 0.075910
v 0.017039 -0.014591 0.080809
v 0.001142 -0.014585 0.082642
v 0.010802 -0.044963 0.056645
v 0.021394 -0.044974 0.053433
v 0.031155 -0.044992 0.048215
v 0.039712 -0.045017 0.041194
v 0.046733 -0.045047 0.032638
v 0.051951 -0.045081 0.022877
v 0.055164 -0.045118 0.012285
v 0.056249 -0.045156 0.001270
v 0.055164 -0.045195 -0.009744
v 0.051951 -0.045232 -0.020336
v 0.046733 -0.045266 -0.030097
v 0.039712 -0.045296 -0.038653
v 0.031155 -0.045320 -0.045674
v 0.021394 -0.045339 -0.050892
v 0.010802 -0.045350 -0.054105
v -0.000214 -0.045354 -0.055190
v -0.011229 -0.045350 -0.054105
v -0.021821 -0.045339 -0.050892
v -0.031582 -0.045320 -0.045674
v -0.040139 -0.045296 -0.038653
v -0.047160 -0.045266 -0.030097
v -0.052378 -0.045232 -0.020336
v -0.055591 -0.045195 -0.009744
v -0.056676 -0.045156 0.001270
v -0.055591 -0.045118 0.012285
v -0.052378 -0.045081 0.022877
v -0.047160 -0.045047 0.032638
v -0.040139 -0.045017 0.041194
v -0.031582 -0.044992 0.048215
v -0.021821 -0.044974 0.053433
v -0.011229 -0.044963 0.056645
v 0.008543 -0.045352 -0.054327
v 0.019222 -0.045344 -0.051551
v 0.029154 -0.045329 -0.046744
v 0.037957 -0.045307 -0.040093
v 0.045293 -0.045280 -0.031852
v 0.050881 -0.045247 -0.022338
v 0.054505 -0.045212 -0.011916
v 0.056027 -0.045174 -0.000989
v 0.055387 -0.045135 0.010026
v 0.052610 -0.045098 0.020705
v 0.047804 -0.045062 0.030636
v 0.041152 -0.045030 0.039439
v 0.032910 -0.045003 0.046775
v 0.023396 -0.044982 0.052363
v 0.012974 -0.044968 0.055987
v 0.002045 -0.044960 0.057508
v -0.000214 -0.044959 0.057730
v -0.002472 -0.044960 0.057508
v -0.013401 -0.044968 0.055987
v -0.023823 -0.044982 0.052363
v -0.033337 -0.045003 0.046775
v -0.041579 -0.045030 0.039439
v -0.048231 -0.045062 0.030636
v -0.053037 -0.045098 0.020705
v -0.055814 -0.045135 0.010026
v -0.056454 -0.045174 -0.000989
v -0.054932 -0.045212 -0.011916
v -0.051308 -0.045247 -0.022338
v -0.045720 -0.045280 -0.031852
v -0.038384 -0.045307 -0.040093
v -0.029581 -0.045329 -0.046744
v -0.019649 -0.045344 -0.051551
v -0.008970 -0.045352 -0.054327
v -0.000214 -0.075334 0.032685
v -0.003376 -0.075336 0.032374
v -0.009336 -0.075344 0.031164
v -0.014945 -0.075358 0.028815
v -0.019988 -0.075377 0.025416
v -0.024271 -0.075400 0.021099
v -0.027630 -0.075428 0.016030
v -0.029935 -0.075457 0.010402
v -0.031098 -0.075489 0.004433
v -0.031074 -0.075520 -0.001648
v -0.029864 -0.075551 -0.007607
v -0.027515 -0.075579 -0.013216
v -0.024116 -0.075604 -0.018259
v -0.019799 -0.075625 -0.022542
v -0.014729 -0.075642 -0.025900
v -0.009101 -0.075652 -0.028205
v -0.003132 -0.075657 -0.029368
v 0.005868 -0.075337 0.032086
v 0.011715 -0.075346 0.030313
v 0.017105 -0.075361 0.027432
v 0.021828 -0.075381 0.023556
v 0.025705 -0.075406 0.018832
v 0.028586 -0.075434 0.013443
v 0.030359 -0.075464 0.007596
v 0.030958 -0.075496 0.001515
v 0.030359 -0.075527 -0.004566
v 0.028586 -0.075557 -0.010414
v 0.025705 -0.075585 -0.015803
v 0.021828 -0.075610 -0.020526
v 0.017105 -0.075630 -0.024402
v 0.011715 -0.075645 -0.027283
v 0.005868 -0.075654 -0.029057
v -0.000214 -0.075657 -0.029656
v -0.006295 -0.075654 -0.029057
v -0.012142 -0.075645 -0.027283
v -0.017532 -0.075630 -0.024402
v -0.022255 -0.075610 -0.020526
v -0.026132 -0.075585 -0.015803
v -0.029013 -0.075557 -0.010414
v -0.030786 -0.075527 -0.004566
v -0.031385 -0.075496 0.001515
v -0.030786 -0.075464 0.007596
v -0.029013 -0.075434 0.013443
v -0.026132 -0.075406 0.018832
v -0.022255 -0.075381 0.023556
v -0.017532 -0.075361 0.027432
v -0.012142 -0.075346 0.030313
v -0.006295 -0.075337 0.032086
v 0.002705 -0.075657 -0.029368
v 0.008674 -0.075652 -0.028205
v 0.014302 -0.075642 -0.025900
v 0.019372 -0.075625 -0.022542
v 0.023689 -0.075604 -0.018259
v 0.027088 -0.075579 -0.013216
v 0.029437 -0.075551 -0.007607
v 0.030647 -0.075520 -0.001648
v 0.030671 -0.075489 0.004433
v 0.029508 -0.075457 0.010402
v 0.027203 -0.075428 0.016030
v 0.023844 -0.075400 0.021099
v 0.019561 -0.075377 0.025416
v 0.014518 -0.075358 0.028815
v 0.008909 -0.075344 0.031164
v 0.002949 -0.075336 0.032374
v 0.021903 0.023380 0.111903
v 0.043170 0.023364 0.105452
v 0.062770 0.023339 0.094977
v 0.079949 0.023304 0.080879
v 0.094048 0.023262 0.063700
v 0.104524 0.023214 0.044102
v 0.110975 0.023162 0.022836
v 0.113153 0.023107 0.000720
v 0.110975 0.023053 -0.021395
v 0.104524 0.023001 -0.042661
v 0.094048 0.022953 -0.062260
v 0.079949 0.022910 -0.079438
v 0.062770 0.022876 -0.093536
v 0.043170 0.022850 -0.104012
v 0.021903 0.022834 -0.110463
v -0.000213 0.022829 -0.112641
v -0.022330 0.022834 -0.110463
v -0.043597 0.022850 -0.104012
v -0.063197 0.022876 -0.093536
v -0.080376 0.022910 -0.079438
v -0.094475 0.022953 -0.062260
v -0.104951 0.023001 -0.042661
v -0.111402 0.023053 -0.021395
v -0.113580 0.023107 0.000720
v -0.111402 0.023162 0.022836
v -0.104951 0.023214 0.044102
v -0.094475 0.023262 0.063700
v -0.080376 0.023304 0.080879
v -0.063197 0.023339 0.094977
v -0.043597 0.023364 0.105452
v -0.022330 0.023380 0.111903
v 0.021677 0.022834 -0.110485
v 0.042953 0.022850 -0.104078
v 0.062570 0.022875 -0.093643
v 0.079773 0.022909 -0.079582
v 0.093904 0.022951 -0.062435
v 0.104417 0.022999 -0.042861
v 0.110909 0.023051 -0.021613
v 0.113131 0.023106 0.000494
v 0.110997 0.023160 0.022610
v 0.104590 0.023212 0.043885
v 0.094155 0.023260 0.063500
v 0.080093 0.023303 0.080703
v 0.062945 0.023338 0.094833
v 0.043370 0.023364 0.105345
v 0.022120 0.023380 0.111837
v 0.000012 0.023385 0.114059
v -0.000213 0.023386 0.114082
v -0.000439 0.023385 0.114059
v -0.022547 0.023380 0.111837
v -0.043797 0.023364 0.105345
v -0.063372 0.023338 0.094833
v -0.080520 0.023303 0.080703
v -0.094582 0.023260 0.063500
v -0.105017 0.023212 0.043885
v -0.111424 0.023160 0.022610
v -0.113558 0.023106 0.000494
v -0.111336 0.023051 -0.021613
v -0.104844 0.022999 -0.042861
v -0.094331 0.022951 -0.062435
v -0.080200 0.022909 -0.079582
v -0.062997 0.022875 -0.093643
v -0.043380 0.022850 -0.104078
v -0.022104 0.022834 -0.110485
v -0.000213 0.008198 0.101559
v -0.000891 0.008197 0.101492
v -0.020515 0.008191 0.099426
v -0.039358 0.008176 0.093571
v -0.056698 0.008151 0.084153
v -0.071866 0.008118 0.071533
v -0.084281 0.008078 0.056197
v -0.093466 0.008032 0.038733
v -0.099066 0.007983 0.019814
v -0.100868 0.007932 0.000165
v -0.098802 0.007882 -0.019458
v -0.092947 0.007833 -0.038301
v -0.083528 0.007789 -0.055639
v -0.070908 0.007750 -0.070807
v -0.055571 0.007719 -0.083221
v -0.038106 0.007696 -0.092405
v -0.019186 0.007682 -0.098006
v 0.019436 0.008193 0.099624
v 0.038331 0.008178 0.093892
v 0.055744 0.008154 0.084585
v 0.071007 0.008122 0.072060
v 0.083533 0.008082 0.056798
v 0.092841 0.008037 0.039385
v 0.098573 0.007988 0.020491
v 0.100508 0.007938 0.000843
v 0.098573 0.007887 -0.018806
v 0.092841 0.007838 -0.037700
v 0.083533 0.007793 -0.055113
v 0.071007 0.007753 -0.070375
v 0.055744 0.007721 -0.082900
v 0.038331 0.007697 -0.092207
v 0.019436 0.007682 -0.097939
v -0.000213 0.007677 -0.099874
v -0.019863 0.007682 -0.097939
v -0.038758 0.007697 -0.092207
v -0.056171 0.007721 -0.082900
v -0.071434 0.007753 -0.070375
v -0.083960 0.007793 -0.055113
v -0.093268 0.007838 -0.037700
v -0.099000 0.007887 -0.018806
v -0.100935 0.007938 0.000843
v -0.099000 0.007988 0.020491
v -0.093268 0.008037 0.039385
v -0.083960 0.008082 0.056798
v -0.071434 0.008122 0.072060
v -0.056171 0.008154 0.084585
v -0.038758 0.008178 0.093892
v -0.019863 0.008193 0.099624
v 0.018759 0.007682 -0.098006
v 0.037679 0.007696 -0.092405
v 0.055144 0.007719 -0.083221
v 0.070481 0.007750 -0.070807
v 0.083101 0.007789 -0.055639
v 0.092520 0.007833 -0.038301
v 0.098375 0.007882 -0.019458
v 0.100441 0.007932 0.000165
v 0.098639 0.007983 0.019814
v 0.093039 0.008032 0.038733
v 0.083854 0.008078 0.056197
v 0.071439 0.008118 0.071533
v 0.056271 0.008151 0.084153
v 0.038931 0.008176 0.093571
v 0.020088 0.008191 0.099426
v 0.000464 0.008197 0.101492
v 0.016969 -0.006994 0.087344
v 0.033492 -0.007008 0.082332
v 0.048719 -0.007031 0.074194
v 0.062066 -0.007061 0.063241
v 0.073019 -0.007097 0.049895
v 0.081158 -0.007139 0.034668
v 0.086170 -0.007185 0.018147
v 0.087863 -0.007232 0.000965
v 0.086170 -0.007279 -0.016217
v 0.081158 -0.007325 -0.032739
v 0.073019 -0.007367 -0.047965
v 0.062066 -0.007403 -0.061311
v 0.048719 -0.007434 -0.072264
v 0.033492 -0.007456 -0.080403
v 0.016969 -0.007470 -0.085415
v -0.000213 -0.007474 -0.087107
v -0.017396 -0.007470 -0.085415
v -0.033919 -0.007456 -0.080403
v -0.049146 -0.007434 -0.072264
v -0.062493 -0.007403 -0.061311
v -0.073446 -0.007367 -0.047965
v -0.081585 -0.007325 -0.032739
v -0.086597 -0.007279 -0.016217
v -0.088290 -0.007232 0.000965
v -0.086597 -0.007185 0.018147
v -0.081585 -0.007139 0.034668
v -0.073446 -0.007097 0.049895
v -0.062493 -0.007061 0.063241
v -0.049146 -0.007031 0.074194
v -0.033919 -0.007008 0.082332
v -0.017396 -0.006994 0.087344
v 0.015840 -0.007471 -0.085526
v 0.032406 -0.007459 -0.080732
v 0.047718 -0.007438 -0.072799
v 0.061188 -0.007409 -0.062031
v 0.072299 -0.007374 -0.048843
v 0.080623 -0.007333 -0.033740
v 0.085841 -0.007288 -0.017303
v 0.087751 -0.007241 -0.000165
v 0.086281 -0.007194 0.017017
v 0.081488 -0.007148 0.033582
v 0.073554 -0.007105 0.048894
v 0.062786 -0.007067 0.062364
v 0.049596 -0.007036 0.073474
v 0.034493 -0.007012 0.081797
v 0.018055 -0.006997 0.087015
v 0.000916 -0.006991 0.088925
v -0.000213 -0.006990 0.089037
v -0.001343 -0.006991 0.088925
v -0.018482 -0.006997 0.087015
v -0.034920 -0.007012 0.081797
v -0.050023 -0.007036 0.073474
v -0.063213 -0.007067 0.062364
v -0.073981 -0.007105 0.048894
v -0.081915 -0.007148 0.033582
v -0.086708 -0.007194 0.017017
v -0.088178 -0.007241 -0.000165
v -0.086268 -0.007288 -0.017303
v -0.081050 -0.007333 -0.033740
v -0.072726 -0.007374 -0.048843
v -0.061615 -0.007409 -0.062031
v -0.048145 -0.007438 -0.072799
v -0.032833 -0.007459 -0.080732
v -0.016267 -0.007471 -0.085526
v -0.000213 -0.022177 0.076514
v -0.001795 -0.022179 0.076358
v -0.016450 -0.022185 0.074603
v -0.030481 -0.022200 0.070023
v -0.043349 -0.022223 0.062794
v -0.054559 -0.022253 0.053194
v -0.063681 -0.022288 0.041591
v -0.070364 -0.022328 0.028431
v -0.074351 -0.022370 0.014221
v -0.075488 -0.022414 -0.000494
v -0.073734 -0.022457 -0.015149
v -0.069153 -0.022499 -0.029179
v -0.061924 -0.022536 -0.042046
v -0.052323 -0.022568 -0.053256
v -0.040719 -0.022594 -0.062377
v -0.027559 -0.022613 -0.069060
v -0.013348 -0.022623 -0.073046
v 0.014502 -0.022182 0.075065
v 0.028653 -0.022194 0.070772
v 0.041694 -0.022215 0.063802
v 0.053124 -0.022243 0.054422
v 0.062505 -0.022277 0.042992
v 0.069475 -0.022316 0.029952
v 0.073768 -0.022358 0.015802
v 0.075217 -0.022402 0.001087
v 0.073768 -0.022446 -0.013628
v 0.069475 -0.022488 -0.027778
v 0.062505 -0.022526 -0.040818
v 0.053124 -0.022560 -0.052248
v 0.041694 -0.022588 -0.061628
v 0.028653 -0.022609 -0.068599
v 0.014502 -0.022622 -0.072891
v -0.000213 -0.022626 -0.074340
v -0.014929 -0.022622 -0.072891
v -0.029080 -0.022609 -0.068599
v -0.042121 -0.022588 -0.061628
v -0.053551 -0.022560 -0.052248
v -0.062932 -0.022526 -0.040818
v -0.069902 -0.022488 -0.027778
v -0.074195 -0.022446 -0.013628
v -0.075644 -0.022402 0.001087
v -0.074195 -0.022358 0.015802
v -0.069902 -0.022316 0.029952
v -0.062932 -0.022277 0.042992
v -0.053551 -0.022243 0.054422
v -0.042121 -0.022215 0.063802
v -0.029080 -0.022194 0.070772
v -0.014929 -0.022182 0.075065
v 0.012921 -0.022623 -0.073046
v 0.027132 -0.022613 -0.069060
v 0.040292 -0.022594 -0.062377
v 0.051896 -0.022568 -0.053256
v 0.061497 -0.022536 -0.042046
v 0.068726 -0.022499 -0.029179
v 0.073307 -0.022457 -0.015149
v 0.075061 -0.022414 -0.000494
v 0.073924 -0.022370 0.014221
v 0.069937 -0.022328 0.028431
v 0.063254 -0.022288 0.041591
v 0.054132 -0.022253 0.053194
v 0.042922 -0.022223 0.062794
v 0.030054 -0.022200 0.070023
v 0.016023 -0.022185 0.074603
v 0.001368 -0.022179 0.076358
v 0.012035 -0.037369 0.062785
v 0.023813 -0.037381 0.059212
v 0.034668 -0.037400 0.053411
v 0.044182 -0.037425 0.045603
v 0.051991 -0.037457 0.036089
v 0.057793 -0.037492 0.025235
v 0.061365 -0.037531 0.013457
v 0.062572 -0.037571 0.001209
v 0.061365 -0.037612 -0.011039
v 0.057793 -0.037650 -0.022817
v 0.051991 -0.037686 -0.033671
v 0.044182 -0.037717 -0.043185
v 0.034668 -0.037743 -0.050992
v 0.023813 -0.037762 -0.056794
v 0.012035 -0.037774 -0.060367
v -0.000214 -0.037778 -0.061573
v -0.012462 -0.037774 -0.060367
v -0.024240 -0.037762 -0.056794
v -0.035095 -0.037743 -0.050992
v -0.044609 -0.037717 -0.043185
v -0.052418 -0.037686 -0.033671
v -0.058220 -0.037650 -0.022817
v -0.061792 -0.037612 -0.011039
v -0.062999 -0.037571 0.001209
v -0.061792 -0.037531 0.013457
v -0.058220 -0.037492 0.025235
v -0.052418 -0.037457 0.036089
v -0.044609 -0.037425 0.045603
v -0.035095 -0.037400 0.053411
v -0.024240 -0.037381 0.059212
v -0.012462 -0.037369 0.062785
v 0.010002 -0.037775 -0.060567
v 0.021858 -0.037767 -0.057387
v 0.032866 -0.037751 -0.051955
v 0.042603 -0.037727 -0.044480
v 0.050695 -0.037698 -0.035250
v 0.056830 -0.037664 -0.024618
v 0.060772 -0.037627 -0.012994
v 0.062372 -0.037587 -0.000824
v 0.061566 -0.037547 0.011424
v 0.058386 -0.037508 0.023280
v 0.052954 -0.037471 0.034288
v 0.045478 -0.037438 0.044024
v 0.036247 -0.037410 0.052115
v 0.025615 -0.037388 0.058250
v 0.013990 -0.037374 0.062192
v 0.001820 -0.037367 0.063791
v -0.000214 -0.037365 0.063992
v -0.002247 -0.037367 0.063791
v -0.014417 -0.037374 0.062192
v -0.026042 -0.037388 0.058250
v -0.036674 -0.037410 0.052115
v -0.045905 -0.037438 0.044024
v -0.053381 -0.037471 0.034288
v -0.058813 -0.037508 0.023280
v -0.061993 -0.037547 0.011424
v -0.062799 -0.037587 -0.000824
v -0.061199 -0.037627 -0.012994
v -0.057257 -0.037664 -0.024618
v -0.051122 -0.037698 -0.035250
v -0.043030 -0.037727 -0.044481
v -0.033293 -0.037751 -0.051955
v -0.022285 -0.037767 -0.057387
v -0.010429 -0.037775 -0.060567
v -0.000214 -0.052553 0.051469
v -0.002698 -0.052554 0.051224
v -0.012385 -0.052562 0.049781
v -0.021603 -0.052576 0.046476
v -0.030000 -0.052597 0.041435
v -0.037252 -0.052623 0.034854
v -0.043080 -0.052653 0.026984
v -0.047262 -0.052687 0.018129
v -0.049635 -0.052724 0.008628
v -0.050109 -0.052760 -0.001153
v -0.048665 -0.052796 -0.010839
v -0.045360 -0.052830 -0.020057
v -0.040319 -0.052861 -0.028453
v -0.033738 -0.052887 -0.035705
v -0.025868 -0.052907 -0.041533
v -0.017012 -0.052921 -0.045714
v -0.007510 -0.052928 -0.048087
v 0.009568 -0.052556 0.050506
v 0.018974 -0.052567 0.047653
v 0.027643 -0.052584 0.043019
v 0.035241 -0.052608 0.036784
v 0.041476 -0.052636 0.029186
v 0.046110 -0.052669 0.020518
v 0.048963 -0.052704 0.011113
v 0.049926 -0.052741 0.001331
v 0.048963 -0.052778 -0.008450
v 0.046110 -0.052813 -0.017855
v 0.041476 -0.052846 -0.026523
v 0.035241 -0.052874 -0.034121
v 0.027643 -0.052898 -0.040356
v 0.018974 -0.052915 -0.044990
v 0.009568 -0.052926 -0.047843
v -0.000214 -0.052930 -0.048806
v -0.009995 -0.052926 -0.047843
v -0.019401 -0.052915 -0.044990
v -0.028070 -0.052898 -0.040356
v -0.035668 -0.052874 -0.034121
v -0.041903 -0.052846 -0.026523
v -0.046537 -0.052813 -0.017855
v -0.049390 -0.052778 -0.008450
v -0.050353 -0.052741 0.001331
v -0.049390 -0.052704 0.011113
v -0.046537 -0.052669 0.020518
v -0.041903 -0.052636 0.029186
v -0.035668 -0.052608 0.036784
v -0.028070 -0.052584 0.043019
v -0.019401 -0.052567 0.047653
v -0.009995 -0.052556 0.050506
v 0.007083 -0.052928 -0.048087
v 0.016585 -0.052921 -0.045714
v 0.025441 -0.052907 -0.041533
v 0.033311 -0.052887 -0.035705
v 0.039892 -0.052861 -0.028453
v 0.044933 -0.052830 -0.020057
v 0.048238 -0.052796 -0.010839
v 0.049682 -0.052760 -0.001153
v 0.049208 -0.052724 0.008628
v 0.046835 -0.052687 0.018129
v 0.042653 -0.052653 0.026984
v 0.036825 -0.052623 0.034854
v 0.029573 -0.052597 0.041435
v 0.021176 -0.052576 0.046476
v 0.011958 -0.052562 0.049781
v 0.002271 -0.052554 0.051224
v 0.007101 -0.067743 0.038226
v 0.014135 -0.067753 0.036093
v 0.020617 -0.067769 0.032628
v 0.026299 -0.067790 0.027965
v 0.030962 -0.067816 0.022284
v 0.034427 -0.067845 0.015802
v 0.036561 -0.067877 0.008768
v 0.037281 -0.067911 0.001454
v 0.036561 -0.067944 -0.005861
v 0.034427 -0.067976 -0.012894
v 0.030962 -0.068006 -0.019376
v 0.026299 -0.068031 -0.025058
v 0.020617 -0.068053 -0.029720
v 0.014135 -0.068068 -0.033185
v 0.007101 -0.068078 -0.035319
v -0.000214 -0.068081 -0.036039
v -0.007528 -0.068078 -0.035319
v -0.014562 -0.068068 -0.033185
v -0.021044 -0.068053 -0.029720
v -0.026726 -0.068031 -0.025058
v -0.031389 -0.068006 -0.019376
v -0.034854 -0.067976 -0.012894
v -0.036988 -0.067944 -0.005861
v -0.037708 -0.067911 0.001454
v -0.036988 -0.067877 0.008768
v -0.034854 -0.067845 0.015802
v -0.031389 -0.067816 0.022284
v -0.026726 -0.067790 0.027965
v -0.021044 -0.067769 0.032628
v -0.014562 -0.067753 0.036093
v -0.007528 -0.067743 0.038226
v 0.004165 -0.068080 -0.035608
v 0.011311 -0.068075 -0.034042
v 0.018015 -0.068063 -0.031111
v 0.024018 -0.068046 -0.026930
v 0.029090 -0.068023 -0.021657
v 0.033036 -0.067996 -0.015496
v 0.035704 -0.067966 -0.008684
v 0.036992 -0.067933 -0.001483
v 0.036850 -0.067900 0.005832
v 0.035284 -0.067867 0.012978
v 0.032353 -0.067836 0.019681
v 0.028171 -0.067808 0.025684
v 0.022898 -0.067783 0.030756
v 0.016738 -0.067764 0.034702
v 0.009925 -0.067750 0.037370
v 0.002723 -0.067742 0.038657
v -0.000214 -0.067740 0.038947
v -0.003150 -0.067742 0.038657
v -0.010352 -0.067750 0.037370
v -0.017165 -0.067764 0.034702
v -0.023325 -0.067783 0.030756
v -0.028598 -0.067808 0.025684
v -0.032780 -0.067836 0.019681
v -0.035711 -0.067867 0.012978
v -0.037277 -0.067900 0.005832
v -0.037419 -0.067933 -0.001483
v -0.036131 -0.067966 -0.008684
v -0.033463 -0.067996 -0.015496
v -0.029517 -0.068023 -0.021657
v -0.024445 -0.068046 -0.026930
v -0.018442 -0.068063 -0.031111
v -0.011738 -0.068075 -0.034042
v -0.004592 -0.068080 -0.035608
v -0.000214 -0.082928 0.026424
v -0.003602 -0.082930 0.026090
v -0.008320 -0.082938 0.024958
v -0.012726 -0.082952 0.022928
v -0.016651 -0.082970 0.020076
v -0.019945 -0.082993 0.016514
v -0.022480 -0.083019 0.012378
v -0.024160 -0.083047 0.007827
v -0.024919 -0.083077 0.003035
v -0.024729 -0.083107 -0.001812
v -0.023597 -0.083135 -0.006530
v -0.021566 -0.083162 -0.010936
v -0.018715 -0.083186 -0.014861
v -0.015153 -0.083205 -0.018154
v -0.011016 -0.083220 -0.020689
v -0.006465 -0.083229 -0.022369
v -0.001673 -0.083233 -0.023128
v 0.004634 -0.082931 0.025947
v 0.009296 -0.082939 0.024533
v 0.013592 -0.082954 0.022236
v 0.017358 -0.082972 0.019146
v 0.020448 -0.082996 0.015381
v 0.022744 -0.083022 0.011085
v 0.024158 -0.083051 0.006424
v 0.024636 -0.083080 0.001576
v 0.024158 -0.083110 -0.003272
v 0.022744 -0.083139 -0.007933
v 0.020448 -0.083165 -0.012229
v 0.017358 -0.083188 -0.015994
v 0.013592 -0.083207 -0.019084
v 0.009296 -0.083221 -0.021381
v 0.004634 -0.083230 -0.022795
v -0.000214 -0.083233 -0.023272
v -0.005061 -0.083230 -0.022795
v -0.009723 -0.083221 -0.021381
v -0.014019 -0.083207 -0.019084
v -0.017785 -0.083188 -0.015994
v -0.020875 -0.083165 -0.012229
v -0.023171 -0.083139 -0.007933
v -0.024585 -0.083110 -0.003272
v -0.025063 -0.083080 0.001576
v -0.024585 -0.083051 0.006424
v -0.023171 -0.083022 0.011085
v -0.020875 -0.082996 0.015381
v -0.017785 -0.082972 0.019146
v -0.014019 -0.082954 0.022236
v -0.009723 -0.082939 0.024533
v -0.005061 -0.082931 0.025947
v 0.001246 -0.083233 -0.023128
v 0.006038 -0.083229 -0.022369
v 0.010589 -0.083220 -0.020689
v 0.014726 -0.083205 -0.018154
v 0.018288 -0.083186 -0.014861
v 0.021139 -0.083162 -0.010936
v 0.023170 -0.083135 -0.006530
v 0.024302 -0.083107 -0.001812
v 0.024492 -0.083077 0.003035
v 0.023733 -0.083047 0.007827
v 0.022053 -0.083019 0.012378
v 0.019518 -0.082993 0.016514
v 0.016224 -0.082970 0.020076
v 0.012299 -0.082952 0.022928
v 0.007893 -0.082938 0.024958
v 0.003175 -0.082930 0.026090
vn -0.0000 1.0000 -0.0024
vn -0.0000 0.1860 0.9825
vn 0.1918 0.1861 0.9636
vn 0.3763 0.1859 0.9077
vn 0.5463 0.1858 0.8168
vn 0.6952 0.1855 0.6944
vn 0.8174 0.1852 0.5454
vn 0.9082 0.1848 0.3754
vn 0.9641 0.1845 0.1910
vn 0.9829 0.1841 -0.0008
vn 0.9639 0.1837 -0.1926
vn 0.9079 0.1833 -0.3769
vn 0.8171 0.1829 -0.5468
vn 0.6948 0.1826 -0.6956
vn 0.5459 0.1823 -0.8178
vn 0.3760 0.1822 -0.9085
vn 0.1917 0.1820 -0.9644
vn -0.0000 0.1821 -0.9833
vn -0.1917 0.1820 -0.9644
vn -0.3760 0.1822 -0.9085
vn -0.5459 0.1824 -0.8178
vn -0.6948 0.1826 -0.6956
vn -0.8170 0.1830 -0.5468
vn -0.9079 0.1833 -0.3769
vn -0.9639 0.1837 -0.1926
vn -0.9829 0.1840 -0.0008
vn -0.9641 0.1845 0.1910
vn -0.9082 0.1849 0.3754
vn -0.8174 0.1852 0.5454
vn -0.6952 0.1855 0.6944
vn -0.5463 0.1858 0.8168
vn -0.3763 0.1859 0.9077
vn -0.1918 0.1861 0.9636
vn -0.0000 -0.8656 0.5008
vn 0.0964 -0.8657 0.4913
vn 0.1890 -0.8659 0.4632
vn 0.2745 -0.8662 0.4176
vn 0.3494 -0.8666 0.3562
vn 0.4109 -0.8672 0.2813
vn 0.4567 -0.8678 0.1960
vn 0.4850 -0.8684 0.1032
vn 0.4947 -0.8691 0.0068
vn 0.4853 -0.8697 -0.0898
vn 0.4573 -0.8704 -0.1826
vn 0.4117 -0.8710 -0.2683
vn 0.3502 -0.8715 -0.3434
vn 0.2752 -0.8719 -0.4051
vn 0.1896 -0.8722 -0.4510
vn 0.0967 -0.8724 -0.4792
vn -0.0000 -0.8724 -0.4888
vn -0.0967 -0.8724 -0.4792
vn -0.1896 -0.8722 -0.4510
vn -0.2752 -0.8719 -0.4051
vn -0.3502 -0.8715 -0.3434
vn -0.4117 -0.8710 -0.2683
vn -0.4573 -0.8704 -0.1826
vn -0.4853 -0.8697 -0.0898
vn -0.4947 -0.8691 0.0068
vn -0.4850 -0.8684 0.1032
vn -0.4567 -0.8678 0.1960
vn -0.4109 -0.8672 0.2813
vn -0.3494 -0.8666 0.3562
vn -0.2745 -0.8662 0.4176
vn -0.1890 -0.8659 0.4632
vn -0.0964 -0.8657 0.4913
vn 0.1497 -0.6362 0.7568
vn 0.2939 -0.6365 0.7131
vn 0.4267 -0.6369 0.6421
vn 0.5431 -0.6374 0.5466
vn 0.6387 -0.6380 0.4302
vn 0.7097 -0.6387 0.2973
vn 0.7534 -0.6395 0.1532
vn 0.7681 -0.6403 0.0033
vn 0.7533 -0.6411 -0.1466
vn 0.7096 -0.6419 -0.2907
vn 0.6386 -0.6426 -0.4235
vn 0.5430 -0.6432 -0.5399
vn 0.4266 -0.6437 -0.6354
vn 0.2938 -0.6441 -0.7063
vn 0.1497 -0.6443 -0.7500
vn -0.0000 -0.6444 -0.7647
vn -0.1497 -0.6443 -0.7500
vn -0.2938 -0.6441 -0.7063
vn -0.4266 -0.6437 -0.6354
vn -0.5430 -0.6432 -0.5399
vn -0.6386 -0.6426 -0.4235
vn -0.7096 -0.6418 -0.2907
vn -0.7533 -0.6411 -0.1466
vn -0.7681 -0.6403 0.0033
vn -0.7534 -0.6395 0.1532
vn -0.7097 -0.6387 0.2973
vn -0.6387 -0.6380 0.4302
vn -0.5431 -0.6374 0.5466
vn -0.4267 -0.6369 0.6421
vn -0.2939 -0.6365 0.7131
vn -0.1497 -0.6362 0.7568
vn -0.0000 -0.6362 0.7716
vn -0.0755 -0.6343 0.7694
vn -0.2235 -0.6345 0.7399
vn -0.3629 -0.6348 0.6821
vn -0.4883 -0.6353 0.5983
vn -0.5950 -0.6359 0.4916
vn -0.6788 -0.6366 0.3661
vn -0.7365 -0.6373 0.2267
vn -0.7659 -0.6381 0.0787
vn -0.7659 -0.6389 -0.0722
vn -0.7364 -0.6397 -0.2201
vn -0.6786 -0.6405 -0.3595
vn -0.5948 -0.6411 -0.4849
vn -0.4881 -0.6417 -0.5916
vn -0.3627 -0.6421 -0.6754
vn -0.2234 -0.6424 -0.7331
vn -0.0754 -0.6425 -0.7625
vn 0.0754 -0.6425 -0.7625
vn 0.2234 -0.6424 -0.7331
vn 0.3627 -0.6421 -0.6754
vn 0.4881 -0.6417 -0.5916
vn 0.5948 -0.6411 -0.4849
vn 0.6786 -0.6405 -0.3595
vn 0.7364 -0.6397 -0.2201
vn 0.7659 -0.6389 -0.0722
vn 0.7659 -0.6381 0.0787
vn 0.7365 -0.6373 0.2267
vn 0.6788 -0.6366 0.3661
vn 0.5950 -0.6359 0.4916
vn 0.4883 -0.6353 0.5983
vn 0.3629 -0.6348 0.6821
vn 0.2235 -0.6345 0.7399
vn 0.0755 -0.6343 0.7694
vn -0.5950 -0.6359 0.4915
vn 0.7096 -0.6418 -0.2907
vn -0.7096 -0.6419 -0.2907
vn 0.5950 -0.6359 0.4915
vn -0.3629 -0.6349 0.6821
vn 0.7365 -0.6373 0.2266
vn 0.2234 -0.6345 0.7399
vn 0.0754 -0.6343 0.7694
vn -0.2234 -0.6345 0.7399
vt 0.295922 0.139134
vt 0.360866 0.204078
vt 0.295922 0.360866
vt 0.750000 0.250000
vt 0.760548 0.250000
vt 0.760346 0.247946
vt 0.739654 0.252054
vt 0.739452 0.250000
vt 0.740254 0.254029
vt 0.759746 0.245971
vt 0.741227 0.255850
vt 0.758773 0.244150
vt 0.742538 0.257447
vt 0.757462 0.242553
vt 0.744136 0.258758
vt 0.755864 0.241241
vt 0.760346 0.252054
vt 0.754040 0.240266
vt 0.750000 0.239463
vt 0.747940 0.239666
vt 0.747940 0.260334
vt 0.750000 0.260537
vt 0.745960 0.259734
vt 0.752060 0.239666
vt 0.745960 0.240266
vt 0.752060 0.260334
vt 0.744136 0.241241
vt 0.754040 0.259734
vt 0.742538 0.242553
vt 0.755865 0.258758
vt 0.741227 0.244150
vt 0.757462 0.257447
vt 0.740254 0.245971
vt 0.758773 0.255850
vt 0.739654 0.247946
vt 0.759746 0.254029
vt 0.794448 0.473457
vt 0.750000 0.490000
vt 0.796822 0.485388
vt 0.841844 0.471731
vt 0.837189 0.460492
vt 0.876579 0.439437
vt 0.883337 0.449553
vt 0.911104 0.411103
vt 0.919706 0.419706
vt 0.939438 0.376578
vt 0.949553 0.383337
vt 0.960492 0.337188
vt 0.971731 0.341844
vt 0.973457 0.294448
vt 0.985388 0.296822
vt 0.990000 0.250000
vt 0.977835 0.250000
vt 0.985388 0.203178
vt 0.973457 0.205552
vt 0.971731 0.158156
vt 0.960492 0.162811
vt 0.949553 0.116663
vt 0.939438 0.123422
vt 0.919706 0.080294
vt 0.911104 0.088897
vt 0.883337 0.050447
vt 0.876579 0.060563
vt 0.837189 0.039508
vt 0.841844 0.028269
vt 0.796822 0.014612
vt 0.794448 0.026543
vt 0.750000 0.022165
vt 0.750000 0.010000
vt 0.703178 0.014612
vt 0.705552 0.026543
vt 0.662811 0.039508
vt 0.658156 0.028269
vt 0.616663 0.050447
vt 0.623421 0.060563
vt 0.580294 0.080294
vt 0.588896 0.088897
vt 0.560562 0.123422
vt 0.550447 0.116663
vt 0.528269 0.158156
vt 0.539508 0.162811
vt 0.514612 0.203178
vt 0.526543 0.205552
vt 0.510000 0.250000
vt 0.522165 0.250000
vt 0.526543 0.294448
vt 0.514612 0.296822
vt 0.528269 0.341844
vt 0.539508 0.337189
vt 0.550447 0.383337
vt 0.560562 0.376578
vt 0.580294 0.419706
vt 0.588896 0.411103
vt 0.623421 0.439437
vt 0.616663 0.449553
vt 0.658156 0.471731
vt 0.662811 0.460492
vt 0.705552 0.473457
vt 0.703178 0.485388
vt 0.750000 0.477835
vt 0.790631 0.454264
vt 0.829701 0.442412
vt 0.865707 0.423166
vt 0.897267 0.397265
vt 0.923168 0.365705
vt 0.942414 0.329699
vt 0.954265 0.290631
vt 0.958267 0.250000
vt 0.954265 0.209369
vt 0.942413 0.170301
vt 0.923168 0.134295
vt 0.897267 0.102735
vt 0.865707 0.076834
vt 0.829701 0.057588
vt 0.790631 0.045736
vt 0.750000 0.041735
vt 0.709369 0.045737
vt 0.670300 0.057588
vt 0.634293 0.076834
vt 0.602733 0.102735
vt 0.576832 0.134295
vt 0.557587 0.170301
vt 0.545735 0.209369
vt 0.541733 0.250000
vt 0.545735 0.290631
vt 0.557587 0.329699
vt 0.576832 0.365705
vt 0.602733 0.397265
vt 0.634293 0.423166
vt 0.670299 0.442412
vt 0.709370 0.454264
vt 0.750000 0.458265
vt 0.786238 0.432180
vt 0.821085 0.421610
vt 0.853199 0.404444
vt 0.881347 0.381344
vt 0.904448 0.353196
vt 0.921613 0.321082
vt 0.932183 0.286238
vt 0.935752 0.250000
vt 0.932183 0.213762
vt 0.921612 0.178917
vt 0.904448 0.146804
vt 0.881347 0.118656
vt 0.853199 0.095556
vt 0.821085 0.078390
vt 0.786238 0.067820
vt 0.750000 0.064251
vt 0.713762 0.067820
vt 0.678915 0.078390
vt 0.646801 0.095556
vt 0.618653 0.118656
vt 0.595552 0.146804
vt 0.578387 0.178917
vt 0.567817 0.213762
vt 0.564248 0.250000
vt 0.567817 0.286238
vt 0.578387 0.321083
vt 0.595552 0.353196
vt 0.618653 0.381344
vt 0.646801 0.404444
vt 0.678915 0.421610
vt 0.713762 0.432180
vt 0.750000 0.435749
vt 0.782727 0.414525
vt 0.814197 0.404979
vt 0.843199 0.389477
vt 0.868620 0.368615
vt 0.889481 0.343195
vt 0.904983 0.314193
vt 0.914528 0.282726
vt 0.917752 0.250000
vt 0.914528 0.217274
vt 0.904983 0.185806
vt 0.889481 0.156805
vt 0.868620 0.131385
vt 0.843199 0.110523
vt 0.814197 0.095021
vt 0.782727 0.085475
vt 0.750000 0.082252
vt 0.717273 0.085475
vt 0.685803 0.095021
vt 0.656801 0.110523
vt 0.631381 0.131385
vt 0.610519 0.156805
vt 0.595017 0.185806
vt 0.585472 0.217274
vt 0.582248 0.250000
vt 0.585472 0.282726
vt 0.595017 0.314194
vt 0.610519 0.343195
vt 0.631380 0.368615
vt 0.656801 0.389477
vt 0.685803 0.404979
vt 0.717273 0.414525
vt 0.750000 0.417748
vt 0.779558 0.398590
vt 0.807980 0.389968
vt 0.834174 0.375968
vt 0.857132 0.357126
vt 0.875973 0.334168
vt 0.889973 0.307976
vt 0.898594 0.279556
vt 0.901505 0.250000
vt 0.898594 0.220444
vt 0.889973 0.192024
vt 0.875973 0.165832
vt 0.857132 0.142874
vt 0.834174 0.124032
vt 0.807980 0.110032
vt 0.779558 0.101410
vt 0.750000 0.098499
vt 0.720442 0.101410
vt 0.692020 0.110031
vt 0.665827 0.124032
vt 0.642868 0.142874
vt 0.624027 0.165832
vt 0.610027 0.192024
vt 0.601406 0.220444
vt 0.598494 0.250000
vt 0.601406 0.279556
vt 0.610027 0.307976
vt 0.624027 0.334168
vt 0.642868 0.357126
vt 0.665826 0.375968
vt 0.692020 0.389968
vt 0.720442 0.398590
vt 0.750000 0.401501
vt 0.750000 0.387406
vt 0.776808 0.384766
vt 0.802586 0.376946
vt 0.826343 0.364248
vt 0.847166 0.347159
vt 0.864254 0.326337
vt 0.876952 0.302581
vt 0.884771 0.276806
vt 0.887411 0.250000
vt 0.884770 0.223194
vt 0.876951 0.197418
vt 0.864254 0.173663
vt 0.847166 0.152841
vt 0.826343 0.135752
vt 0.802586 0.123054
vt 0.776808 0.115234
vt 0.750000 0.112594
vt 0.723192 0.115234
vt 0.697414 0.123054
vt 0.673657 0.135752
vt 0.652834 0.152841
vt 0.635746 0.173663
vt 0.623049 0.197418
vt 0.615229 0.223194
vt 0.612589 0.250000
vt 0.615230 0.276806
vt 0.623048 0.302582
vt 0.635746 0.326337
vt 0.652834 0.347159
vt 0.673657 0.364248
vt 0.697414 0.376946
vt 0.723192 0.384766
vt 0.773700 0.369139
vt 0.796490 0.362226
vt 0.817492 0.351000
vt 0.835900 0.335892
vt 0.851007 0.317485
vt 0.862232 0.296484
vt 0.869144 0.273698
vt 0.871478 0.250000
vt 0.869144 0.226303
vt 0.862232 0.203516
vt 0.851007 0.182515
vt 0.835900 0.164108
vt 0.817492 0.149000
vt 0.796490 0.137774
vt 0.773700 0.130861
vt 0.750000 0.128527
vt 0.726300 0.130861
vt 0.703511 0.137774
vt 0.682508 0.149000
vt 0.664100 0.164108
vt 0.648993 0.182515
vt 0.637768 0.203516
vt 0.630855 0.226302
vt 0.628522 0.250000
vt 0.630856 0.273698
vt 0.637768 0.296484
vt 0.648993 0.317485
vt 0.664100 0.335892
vt 0.682508 0.351000
vt 0.703510 0.362226
vt 0.726300 0.369139
vt 0.750000 0.371473
vt 0.750000 0.353138
vt 0.770123 0.351156
vt 0.789474 0.345286
vt 0.807307 0.335755
vt 0.822937 0.322927
vt 0.835763 0.307298
vt 0.845294 0.289467
vt 0.851163 0.270120
vt 0.853144 0.250000
vt 0.851163 0.229880
vt 0.845294 0.210533
vt 0.835763 0.192702
vt 0.822937 0.177073
vt 0.807307 0.164245
vt 0.789474 0.154714
vt 0.770123 0.148844
vt 0.750000 0.146862
vt 0.729877 0.148844
vt 0.710526 0.154714
vt 0.692694 0.164245
vt 0.677064 0.177073
vt 0.664237 0.192702
vt 0.654706 0.210533
vt 0.648837 0.229880
vt 0.646856 0.250000
vt 0.648837 0.270120
vt 0.654706 0.289467
vt 0.664237 0.307298
vt 0.677063 0.322927
vt 0.692693 0.335754
vt 0.710526 0.345286
vt 0.729877 0.351156
vt 0.750000 0.337658
vt 0.767104 0.335973
vt 0.783550 0.330984
vt 0.798707 0.322883
vt 0.811991 0.311981
vt 0.822892 0.298697
vt 0.830993 0.283543
vt 0.835981 0.267100
vt 0.837665 0.250000
vt 0.835981 0.232900
vt 0.830993 0.216457
vt 0.822893 0.201303
vt 0.811991 0.188019
vt 0.798707 0.177117
vt 0.783550 0.169016
vt 0.767104 0.164027
vt 0.750000 0.162342
vt 0.732896 0.164027
vt 0.716450 0.169016
vt 0.701293 0.177117
vt 0.688009 0.188019
vt 0.677107 0.201303
vt 0.669007 0.216457
vt 0.664019 0.232900
vt 0.662335 0.250000
vt 0.664019 0.267100
vt 0.669007 0.283543
vt 0.677107 0.298697
vt 0.688009 0.311981
vt 0.701293 0.322883
vt 0.716450 0.330984
vt 0.732897 0.335973
vt 0.750000 0.321476
vt 0.763947 0.320103
vt 0.777358 0.316034
vt 0.789718 0.309428
vt 0.800550 0.300539
vt 0.809439 0.289707
vt 0.816044 0.277350
vt 0.820111 0.263943
vt 0.821484 0.250000
vt 0.820111 0.236057
vt 0.816044 0.222650
vt 0.809439 0.210293
vt 0.800550 0.199461
vt 0.789718 0.190572
vt 0.777358 0.183966
vt 0.763947 0.179897
vt 0.750000 0.178524
vt 0.736053 0.179897
vt 0.722642 0.183966
vt 0.710283 0.190572
vt 0.699450 0.199461
vt 0.690561 0.210293
vt 0.683956 0.222650
vt 0.679889 0.236057
vt 0.678516 0.250000
vt 0.679889 0.263943
vt 0.683956 0.277350
vt 0.690561 0.289707
vt 0.699450 0.300538
vt 0.710282 0.309428
vt 0.722642 0.316034
vt 0.736053 0.320103
vt 0.750000 0.309812
vt 0.761672 0.308663
vt 0.772895 0.305258
vt 0.783238 0.299730
vt 0.792303 0.292291
vt 0.799741 0.283227
vt 0.805268 0.272886
vt 0.808671 0.261667
vt 0.809821 0.250000
vt 0.808671 0.238333
vt 0.805268 0.227114
vt 0.799741 0.216773
vt 0.792303 0.207709
vt 0.783238 0.200270
vt 0.772895 0.194742
vt 0.761672 0.191337
vt 0.750000 0.190188
vt 0.738328 0.191337
vt 0.727105 0.194742
vt 0.716762 0.200270
vt 0.707697 0.207709
vt 0.700259 0.216773
vt 0.694732 0.227114
vt 0.691329 0.238333
vt 0.690179 0.250000
vt 0.691329 0.261667
vt 0.694732 0.272886
vt 0.700259 0.283226
vt 0.707697 0.292290
vt 0.716762 0.299730
vt 0.727105 0.305258
vt 0.738328 0.308663
vt 0.750000 0.295891
vt 0.758956 0.295009
vt 0.767568 0.292397
vt 0.775505 0.288155
vt 0.782460 0.282447
vt 0.788167 0.275492
vt 0.792408 0.267559
vt 0.795019 0.258951
vt 0.795901 0.250000
vt 0.795019 0.241049
vt 0.792408 0.232441
vt 0.788167 0.224508
vt 0.782460 0.217553
vt 0.775504 0.211845
vt 0.767568 0.207603
vt 0.758956 0.204991
vt 0.750000 0.204109
vt 0.741044 0.204991
vt 0.732432 0.207603
vt 0.724496 0.211845
vt 0.717540 0.217553
vt 0.711833 0.224508
vt 0.707592 0.232441
vt 0.704981 0.241049
vt 0.704100 0.250000
vt 0.704981 0.258951
vt 0.707592 0.267559
vt 0.711833 0.275492
vt 0.717540 0.282447
vt 0.724496 0.288155
vt 0.732432 0.292397
vt 0.741044 0.295009
vt 0.750000 0.282817
vt 0.756406 0.282186
vt 0.762565 0.280317
vt 0.768241 0.277283
vt 0.773215 0.273201
vt 0.777297 0.268228
vt 0.780329 0.262555
vt 0.782196 0.256400
vt 0.782826 0.250000
vt 0.782196 0.243600
vt 0.780329 0.237445
vt 0.777297 0.231772
vt 0.773215 0.226799
vt 0.768241 0.222716
vt 0.762565 0.219683
vt 0.756406 0.217814
vt 0.750000 0.217183
vt 0.743594 0.217814
vt 0.737435 0.219683
vt 0.731759 0.222716
vt 0.726785 0.226799
vt 0.722703 0.231772
vt 0.719671 0.237445
vt 0.717804 0.243600
vt 0.717174 0.250000
vt 0.717804 0.256400
vt 0.719671 0.262555
vt 0.722703 0.268228
vt 0.726785 0.273201
vt 0.731759 0.277283
vt 0.737435 0.280317
vt 0.743594 0.282186
vt 0.750000 0.270438
vt 0.753991 0.270045
vt 0.757828 0.268880
vt 0.761364 0.266990
vt 0.764462 0.264448
vt 0.767004 0.261351
vt 0.768893 0.257818
vt 0.770055 0.253985
vt 0.770448 0.250000
vt 0.770055 0.246015
vt 0.768893 0.242182
vt 0.767004 0.238649
vt 0.764463 0.235552
vt 0.761364 0.233009
vt 0.757828 0.231120
vt 0.753991 0.229956
vt 0.750000 0.229562
vt 0.746009 0.229956
vt 0.742172 0.231120
vt 0.738636 0.233009
vt 0.735537 0.235552
vt 0.732996 0.238650
vt 0.731107 0.242182
vt 0.729945 0.246015
vt 0.729552 0.250000
vt 0.729945 0.253985
vt 0.731107 0.257818
vt 0.732996 0.261350
vt 0.735537 0.264448
vt 0.738636 0.266990
vt 0.742172 0.268880
vt 0.746009 0.270045
vt 0.248537 0.482356
vt 0.203178 0.485388
vt 0.204641 0.478033
vt 0.203235 0.477606
vt 0.158156 0.471731
vt 0.161026 0.464802
vt 0.159729 0.464109
vt 0.116663 0.449553
vt 0.120830 0.443317
vt 0.119693 0.442384
vt 0.080294 0.419706
vt 0.085598 0.414402
vt 0.084665 0.413266
vt 0.050447 0.383337
vt 0.056683 0.379170
vt 0.055990 0.377873
vt 0.028269 0.341844
vt 0.035198 0.338974
vt 0.034771 0.337567
vt 0.014612 0.296822
vt 0.021967 0.295358
vt 0.021823 0.293895
vt 0.010000 0.250000
vt 0.017500 0.250000
vt 0.017644 0.248537
vt 0.014612 0.203178
vt 0.021967 0.204641
vt 0.022394 0.203235
vt 0.028269 0.158156
vt 0.035198 0.161026
vt 0.035891 0.159729
vt 0.050447 0.116663
vt 0.056683 0.120830
vt 0.057616 0.119693
vt 0.080294 0.080294
vt 0.085598 0.085598
vt 0.086734 0.084665
vt 0.116663 0.050447
vt 0.120830 0.056683
vt 0.122127 0.055990
vt 0.158156 0.028269
vt 0.161026 0.035198
vt 0.162433 0.034771
vt 0.203178 0.014612
vt 0.204641 0.021967
vt 0.206105 0.021823
vt 0.250000 0.010000
vt 0.250000 0.017500
vt 0.252926 0.122788
vt 0.250000 0.130000
vt 0.250000 0.122500
vt 0.277688 0.125803
vt 0.273411 0.132306
vt 0.274874 0.124950
vt 0.301385 0.133592
vt 0.298792 0.132205
vt 0.323108 0.145853
vt 0.316668 0.150224
vt 0.320835 0.143988
vt 0.342022 0.162117
vt 0.334853 0.165147
vt 0.340156 0.159844
vt 0.357399 0.181758
vt 0.349776 0.183332
vt 0.356012 0.179165
vt 0.368648 0.204022
vt 0.367795 0.201208
vt 0.375338 0.228052
vt 0.367694 0.226589
vt 0.375050 0.225126
vt 0.377212 0.252926
vt 0.370000 0.250000
vt 0.377500 0.250000
vt 0.374197 0.277688
vt 0.367694 0.273411
vt 0.375050 0.274874
vt 0.366408 0.301385
vt 0.360866 0.295922
vt 0.367795 0.298792
vt 0.354147 0.323108
vt 0.349776 0.316668
vt 0.356012 0.320835
vt 0.337883 0.342022
vt 0.334853 0.334853
vt 0.340156 0.340156
vt 0.318242 0.357399
vt 0.316668 0.349776
vt 0.320835 0.356012
vt 0.295978 0.368648
vt 0.298792 0.367795
vt 0.271948 0.375338
vt 0.273411 0.367694
vt 0.274874 0.375050
vt 0.250000 0.370000
vt 0.226589 0.367694
vt 0.204078 0.360866
vt 0.183332 0.349776
vt 0.139134 0.295922
vt 0.165147 0.334853
vt 0.150224 0.316668
vt 0.132306 0.273411
vt 0.130000 0.250000
vt 0.132306 0.226589
vt 0.139134 0.204078
vt 0.150224 0.183332
vt 0.165147 0.165147
vt 0.183332 0.150224
vt 0.204078 0.139134
vt 0.226589 0.132306
vt 0.250000 0.482500
vt 0.250000 0.490000
vt 0.250000 0.377500
vt 0.250000 0.430000
vt 0.260242 0.436491
vt 0.250000 0.437500
vt 0.285116 0.426541
vt 0.296428 0.430910
vt 0.286579 0.433897
vt 0.318883 0.416298
vt 0.330830 0.418376
vt 0.321753 0.423227
vt 0.350003 0.399665
vt 0.362125 0.399372
vt 0.354169 0.405901
vt 0.377279 0.377279
vt 0.389112 0.374627
vt 0.382583 0.382583
vt 0.399665 0.350003
vt 0.410752 0.345093
vt 0.405901 0.354169
vt 0.416298 0.318883
vt 0.426215 0.311905
vt 0.423227 0.321753
vt 0.426541 0.285116
vt 0.434906 0.276337
vt 0.433897 0.286579
vt 0.430000 0.250000
vt 0.436491 0.239758
vt 0.437500 0.250000
vt 0.426541 0.214884
vt 0.430910 0.203572
vt 0.433897 0.213421
vt 0.416298 0.181117
vt 0.418376 0.169170
vt 0.423227 0.178247
vt 0.399665 0.149997
vt 0.399372 0.137875
vt 0.405901 0.145831
vt 0.377279 0.122721
vt 0.374627 0.110888
vt 0.382583 0.117417
vt 0.350003 0.100335
vt 0.345093 0.089248
vt 0.354169 0.094099
vt 0.318883 0.083702
vt 0.311905 0.073785
vt 0.321753 0.076773
vt 0.285116 0.073459
vt 0.276337 0.065094
vt 0.286579 0.066103
vt 0.216347 0.080815
vt 0.226589 0.072306
vt 0.229516 0.079518
vt 0.183987 0.090631
vt 0.192373 0.080287
vt 0.196650 0.086790
vt 0.154164 0.106571
vt 0.160371 0.094791
vt 0.165834 0.100334
vt 0.128024 0.128024
vt 0.131813 0.115259
vt 0.138253 0.119630
vt 0.106571 0.154164
vt 0.107797 0.140905
vt 0.114966 0.143935
vt 0.090631 0.183987
vt 0.089246 0.170744
vt 0.096868 0.172317
vt 0.080815 0.216347
vt 0.076873 0.203628
vt 0.084656 0.203684
vt 0.077500 0.250000
vt 0.071153 0.238295
vt 0.078797 0.236831
vt 0.080815 0.283653
vt 0.072306 0.273411
vt 0.079518 0.270485
vt 0.090631 0.316013
vt 0.080287 0.307627
vt 0.086790 0.303350
vt 0.106571 0.345836
vt 0.094791 0.339629
vt 0.100334 0.334166
vt 0.128024 0.371976
vt 0.115259 0.368187
vt 0.119630 0.361747
vt 0.154164 0.393429
vt 0.140905 0.392203
vt 0.143935 0.385034
vt 0.183987 0.409369
vt 0.170744 0.410754
vt 0.172317 0.403132
vt 0.216347 0.419185
vt 0.203628 0.423127
vt 0.203684 0.415344
vt 0.250000 0.422500
vt 0.238295 0.428847
vt 0.236831 0.421203
vt 0.261705 0.428847
vt 0.296372 0.423127
vt 0.329256 0.410754
vt 0.359095 0.392203
vt 0.384741 0.368187
vt 0.405209 0.339629
vt 0.419713 0.307627
vt 0.427694 0.273411
vt 0.428847 0.238295
vt 0.423127 0.203628
vt 0.410754 0.170744
vt 0.392203 0.140905
vt 0.368187 0.115259
vt 0.339629 0.094791
vt 0.307627 0.080287
vt 0.273411 0.072306
vt 0.250000 0.062500
vt 0.250000 0.070000
vt 0.250000 0.077500
vt 0.214884 0.073459
vt 0.181117 0.083702
vt 0.149997 0.100335
vt 0.122721 0.122721
vt 0.100335 0.149997
vt 0.083702 0.181117
vt 0.073459 0.214884
vt 0.070000 0.250000
vt 0.073459 0.285116
vt 0.083702 0.318883
vt 0.100335 0.350003
vt 0.122721 0.377279
vt 0.149997 0.399665
vt 0.181117 0.416298
vt 0.214884 0.426541
vt 0.285116 0.043459
vt 0.250000 0.032500
vt 0.288043 0.036247
vt 0.324736 0.054278
vt 0.292432 0.036679
vt 0.329013 0.047776
vt 0.361483 0.072619
vt 0.333234 0.049056
vt 0.366947 0.067076
vt 0.393946 0.097777
vt 0.370836 0.069155
vt 0.400386 0.093406
vt 0.420878 0.128784
vt 0.403796 0.096204
vt 0.428046 0.125754
vt 0.441242 0.164450
vt 0.430845 0.129163
vt 0.448865 0.162876
vt 0.454258 0.203403
vt 0.450944 0.166766
vt 0.462040 0.203347
vt 0.459424 0.244147
vt 0.463321 0.207568
vt 0.467068 0.245610
vt 0.456541 0.285116
vt 0.467500 0.250000
vt 0.463753 0.288043
vt 0.445722 0.324736
vt 0.463321 0.292432
vt 0.452224 0.329013
vt 0.427381 0.361483
vt 0.450944 0.333234
vt 0.432924 0.366947
vt 0.402223 0.393946
vt 0.430845 0.370836
vt 0.406594 0.400386
vt 0.371216 0.420878
vt 0.403796 0.403796
vt 0.374246 0.428046
vt 0.335550 0.441242
vt 0.370836 0.430845
vt 0.337124 0.448865
vt 0.296597 0.454258
vt 0.333234 0.450944
vt 0.296653 0.462040
vt 0.255853 0.459424
vt 0.292432 0.463321
vt 0.254390 0.467068
vt 0.290969 0.044035
vt 0.330364 0.055985
vt 0.366670 0.075391
vt 0.398492 0.101508
vt 0.424609 0.133330
vt 0.444015 0.169636
vt 0.455965 0.209031
vt 0.460000 0.250000
vt 0.455965 0.290969
vt 0.444015 0.330364
vt 0.424609 0.366670
vt 0.398492 0.398492
vt 0.366670 0.424609
vt 0.330364 0.444015
vt 0.290969 0.455965
vt 0.250000 0.460000
vt 0.250000 0.467500
vt 0.210494 0.051391
vt 0.214884 0.043459
vt 0.217810 0.050670
vt 0.172507 0.062914
vt 0.175264 0.054278
vt 0.179541 0.060780
vt 0.137497 0.081627
vt 0.138517 0.072619
vt 0.143980 0.078162
vt 0.106811 0.106811
vt 0.106054 0.097777
vt 0.112494 0.102147
vt 0.081627 0.137497
vt 0.079122 0.128784
vt 0.086291 0.131814
vt 0.062914 0.172507
vt 0.058758 0.164450
vt 0.066380 0.166023
vt 0.051391 0.210494
vt 0.045742 0.203403
vt 0.053525 0.203459
vt 0.047500 0.250000
vt 0.040576 0.244147
vt 0.048221 0.242684
vt 0.051391 0.289506
vt 0.043459 0.285116
vt 0.050670 0.282190
vt 0.062914 0.327493
vt 0.054278 0.324736
vt 0.060780 0.320459
vt 0.081627 0.362503
vt 0.072619 0.361483
vt 0.078162 0.356020
vt 0.106811 0.393189
vt 0.097777 0.393946
vt 0.102147 0.387506
vt 0.137497 0.418373
vt 0.128784 0.420878
vt 0.131814 0.413709
vt 0.172507 0.437086
vt 0.164450 0.441242
vt 0.166023 0.433620
vt 0.210494 0.448609
vt 0.203403 0.454258
vt 0.203459 0.446475
vt 0.250000 0.452500
vt 0.244147 0.459424
vt 0.242684 0.451779
vt 0.250000 0.040000
vt 0.250000 0.047500
vt 0.209031 0.044035
vt 0.169636 0.055985
vt 0.133330 0.075391
vt 0.101508 0.101508
vt 0.075391 0.133330
vt 0.055985 0.169636
vt 0.044035 0.209031
vt 0.040000 0.250000
vt 0.044035 0.290969
vt 0.055985 0.330364
vt 0.075391 0.366670
vt 0.101508 0.398492
vt 0.133330 0.424609
vt 0.169636 0.444015
vt 0.209031 0.455965
vt 0.230979 0.390627
vt 0.220736 0.397118
vt 0.222200 0.389762
vt 0.203909 0.384214
vt 0.192597 0.388582
vt 0.195468 0.381653
vt 0.178611 0.372643
vt 0.166664 0.374720
vt 0.170831 0.368484
vt 0.156056 0.356359
vt 0.143934 0.356066
vt 0.149237 0.350763
vt 0.137112 0.335988
vt 0.125280 0.333336
vt 0.131516 0.329169
vt 0.122506 0.312312
vt 0.111418 0.307402
vt 0.118347 0.304532
vt 0.112799 0.286242
vt 0.102882 0.279264
vt 0.110238 0.277800
vt 0.108365 0.258779
vt 0.100000 0.250000
vt 0.107500 0.250000
vt 0.109373 0.230979
vt 0.102882 0.220736
vt 0.110238 0.222200
vt 0.115786 0.203909
vt 0.111418 0.192597
vt 0.118347 0.195468
vt 0.127357 0.178611
vt 0.125280 0.166664
vt 0.131516 0.170831
vt 0.143641 0.156056
vt 0.143934 0.143934
vt 0.149237 0.149237
vt 0.164012 0.137112
vt 0.166664 0.125280
vt 0.170831 0.131516
vt 0.187688 0.122506
vt 0.192597 0.111418
vt 0.195468 0.118347
vt 0.213758 0.112799
vt 0.220736 0.102882
vt 0.222200 0.110238
vt 0.241221 0.108365
vt 0.250000 0.100000
vt 0.250000 0.107500
vt 0.250000 0.392500
vt 0.232442 0.398271
vt 0.203853 0.391996
vt 0.177038 0.380265
vt 0.153026 0.363528
vt 0.132741 0.342428
vt 0.116963 0.317776
vt 0.106297 0.290519
vt 0.101153 0.261705
vt 0.101729 0.232442
vt 0.108004 0.203853
vt 0.119735 0.177038
vt 0.136472 0.153026
vt 0.157572 0.132741
vt 0.182224 0.116963
vt 0.209481 0.106297
vt 0.238295 0.101153
vt 0.250000 0.400000
vt 0.266095 0.405915
vt 0.250000 0.407500
vt 0.279264 0.397118
vt 0.296203 0.399779
vt 0.280727 0.404474
vt 0.307402 0.388582
vt 0.324536 0.387887
vt 0.310273 0.395511
vt 0.333336 0.374720
vt 0.350004 0.370697
vt 0.337502 0.380956
vt 0.356066 0.356066
vt 0.371629 0.348868
vt 0.361369 0.361369
vt 0.374720 0.333336
vt 0.388580 0.323239
vt 0.380956 0.337502
vt 0.388582 0.307402
vt 0.400206 0.294796
vt 0.395511 0.310273
vt 0.397118 0.279264
vt 0.406059 0.264632
vt 0.404474 0.280727
vt 0.400000 0.250000
vt 0.405915 0.233905
vt 0.407500 0.250000
vt 0.397118 0.220736
vt 0.399779 0.203797
vt 0.404474 0.219273
vt 0.388582 0.192597
vt 0.387887 0.175464
vt 0.395511 0.189727
vt 0.374720 0.166664
vt 0.370697 0.149996
vt 0.380956 0.162498
vt 0.356066 0.143934
vt 0.348868 0.128371
vt 0.361369 0.138631
vt 0.333336 0.125280
vt 0.323239 0.111420
vt 0.337502 0.119044
vt 0.307402 0.111418
vt 0.294796 0.099794
vt 0.310273 0.104489
vt 0.279264 0.102882
vt 0.264632 0.093941
vt 0.280727 0.095526
vt 0.267558 0.398271
vt 0.296147 0.391996
vt 0.322962 0.380265
vt 0.346974 0.363528
vt 0.367259 0.342428
vt 0.383037 0.317776
vt 0.393703 0.290519
vt 0.398847 0.261705
vt 0.398271 0.232442
vt 0.391996 0.203853
vt 0.380265 0.177038
vt 0.363528 0.153026
vt 0.342428 0.132741
vt 0.317776 0.116963
vt 0.290519 0.106297
vt 0.261705 0.101153
vt 0.250000 0.092500
vt 0.250000 0.475000
vt 0.251463 0.482356
vt 0.293895 0.470677
vt 0.296765 0.477606
vt 0.295358 0.478033
vt 0.336104 0.457873
vt 0.340271 0.464109
vt 0.338974 0.464802
vt 0.375003 0.437081
vt 0.380307 0.442384
vt 0.379170 0.443317
vt 0.409099 0.409099
vt 0.415335 0.413266
vt 0.414402 0.414402
vt 0.437081 0.375003
vt 0.444010 0.377873
vt 0.443317 0.379170
vt 0.457873 0.336104
vt 0.465229 0.337567
vt 0.464802 0.338974
vt 0.470677 0.293895
vt 0.478177 0.293895
vt 0.478033 0.295358
vt 0.475000 0.250000
vt 0.482356 0.248537
vt 0.482500 0.250000
vt 0.470677 0.206105
vt 0.477606 0.203235
vt 0.478033 0.204641
vt 0.457873 0.163896
vt 0.464109 0.159729
vt 0.464802 0.161026
vt 0.437081 0.124997
vt 0.442384 0.119693
vt 0.443317 0.120830
vt 0.409099 0.090901
vt 0.413266 0.084665
vt 0.414402 0.085598
vt 0.375003 0.062919
vt 0.377873 0.055990
vt 0.379170 0.056683
vt 0.336104 0.042127
vt 0.337567 0.034771
vt 0.338974 0.035198
vt 0.293895 0.029323
vt 0.293895 0.021823
vt 0.295358 0.021967
vt 0.252926 0.474712
vt 0.296709 0.469823
vt 0.338697 0.456487
vt 0.377276 0.435215
vt 0.410964 0.406826
vt 0.438467 0.372410
vt 0.458726 0.333290
vt 0.470965 0.290969
vt 0.474712 0.247074
vt 0.469823 0.203291
vt 0.456487 0.161303
vt 0.435215 0.122724
vt 0.406826 0.089036
vt 0.372410 0.061533
vt 0.333290 0.041274
vt 0.290969 0.029035
vt 0.207568 0.036679
vt 0.209031 0.029035
vt 0.211957 0.036247
vt 0.166766 0.049056
vt 0.166710 0.041274
vt 0.170987 0.047776
vt 0.129163 0.069155
vt 0.127590 0.061533
vt 0.133053 0.067076
vt 0.096204 0.096204
vt 0.093174 0.089036
vt 0.099614 0.093406
vt 0.069155 0.129163
vt 0.064785 0.122724
vt 0.071954 0.125754
vt 0.049056 0.166766
vt 0.043513 0.161303
vt 0.051135 0.162876
vt 0.036679 0.207568
vt 0.030177 0.203291
vt 0.037960 0.203347
vt 0.032500 0.250000
vt 0.025288 0.247074
vt 0.032932 0.245610
vt 0.036679 0.292432
vt 0.029035 0.290969
vt 0.036247 0.288043
vt 0.049056 0.333234
vt 0.041274 0.333290
vt 0.047776 0.329013
vt 0.069155 0.370836
vt 0.061533 0.372410
vt 0.067076 0.366947
vt 0.096204 0.403796
vt 0.089036 0.406826
vt 0.093406 0.400386
vt 0.129163 0.430845
vt 0.122724 0.435215
vt 0.125754 0.428046
vt 0.166766 0.450944
vt 0.161303 0.456487
vt 0.162876 0.448865
vt 0.207568 0.463321
vt 0.203291 0.469823
vt 0.203347 0.462040
vt 0.247074 0.474712
vt 0.245610 0.467068
vt 0.250000 0.025000
vt 0.206105 0.029323
vt 0.163896 0.042127
vt 0.124997 0.062919
vt 0.090901 0.090901
vt 0.062919 0.124997
vt 0.042127 0.163896
vt 0.029323 0.206105
vt 0.025000 0.250000
vt 0.029323 0.293895
vt 0.042127 0.336104
vt 0.062919 0.375003
vt 0.090901 0.409099
vt 0.124997 0.437081
vt 0.163896 0.457873
vt 0.206105 0.470677
vt 0.239758 0.436491
vt 0.211957 0.441253
vt 0.213421 0.433897
vt 0.203572 0.430910
vt 0.175377 0.430156
vt 0.178247 0.423227
vt 0.169170 0.418376
vt 0.141664 0.412137
vt 0.145831 0.405901
vt 0.137875 0.399372
vt 0.112114 0.387886
vt 0.117417 0.382583
vt 0.110888 0.374627
vt 0.087863 0.358336
vt 0.094099 0.354169
vt 0.089248 0.345093
vt 0.069844 0.324623
vt 0.076773 0.321753
vt 0.073785 0.311905
vt 0.058747 0.288043
vt 0.066103 0.286579
vt 0.065094 0.276337
vt 0.055000 0.250000
vt 0.062500 0.250000
vt 0.063509 0.239758
vt 0.058747 0.211957
vt 0.066103 0.213421
vt 0.069090 0.203572
vt 0.069844 0.175377
vt 0.076773 0.178247
vt 0.081624 0.169170
vt 0.087863 0.141664
vt 0.094099 0.145831
vt 0.100628 0.137875
vt 0.112114 0.112114
vt 0.117417 0.117417
vt 0.125373 0.110888
vt 0.141664 0.087863
vt 0.145831 0.094099
vt 0.154907 0.089248
vt 0.175377 0.069844
vt 0.178247 0.076773
vt 0.188095 0.073785
vt 0.211957 0.058747
vt 0.213421 0.066103
vt 0.223663 0.065094
vt 0.250000 0.055000
vt 0.241221 0.444135
vt 0.203516 0.438692
vt 0.167597 0.425998
vt 0.134845 0.406540
vt 0.106518 0.381067
vt 0.083705 0.350556
vt 0.067283 0.316182
vt 0.057882 0.279264
vt 0.055865 0.241221
vt 0.061308 0.203516
vt 0.074002 0.167597
vt 0.093460 0.134845
vt 0.118933 0.106518
vt 0.149444 0.083705
vt 0.183818 0.067283
vt 0.220736 0.057882
vt 0.279264 0.057882
vt 0.282190 0.050670
vt 0.316182 0.067283
vt 0.289506 0.051391
vt 0.320459 0.060780
vt 0.350556 0.083705
vt 0.327493 0.062914
vt 0.356020 0.078162
vt 0.381067 0.106518
vt 0.362503 0.081627
vt 0.387506 0.102147
vt 0.406540 0.134845
vt 0.393189 0.106811
vt 0.413709 0.131814
vt 0.425998 0.167597
vt 0.418373 0.137497
vt 0.433620 0.166023
vt 0.438692 0.203516
vt 0.437086 0.172507
vt 0.446475 0.203459
vt 0.444135 0.241221
vt 0.448609 0.210494
vt 0.451779 0.242684
vt 0.442118 0.279264
vt 0.452500 0.250000
vt 0.449330 0.282190
vt 0.432717 0.316182
vt 0.448609 0.289506
vt 0.439220 0.320459
vt 0.416295 0.350556
vt 0.437086 0.327493
vt 0.421838 0.356020
vt 0.393482 0.381067
vt 0.418373 0.362503
vt 0.397853 0.387506
vt 0.365155 0.406540
vt 0.393189 0.393189
vt 0.368186 0.413709
vt 0.332403 0.425998
vt 0.362503 0.418373
vt 0.333977 0.433620
vt 0.296484 0.438692
vt 0.327493 0.437086
vt 0.296541 0.446475
vt 0.258779 0.444135
vt 0.289506 0.448609
vt 0.257316 0.451779
vt 0.288043 0.058747
vt 0.324623 0.069844
vt 0.358336 0.087863
vt 0.387886 0.112114
vt 0.412137 0.141664
vt 0.430156 0.175377
vt 0.441253 0.211957
vt 0.445000 0.250000
vt 0.441253 0.288043
vt 0.430156 0.324623
vt 0.412137 0.358336
vt 0.387886 0.387886
vt 0.358336 0.412137
vt 0.324623 0.430156
vt 0.288043 0.441253
vt 0.250000 0.445000
vt 0.267558 0.086729
vt 0.270485 0.079518
vt 0.299073 0.093292
vt 0.283653 0.080815
vt 0.303350 0.086790
vt 0.328703 0.105877
vt 0.316013 0.090631
vt 0.334166 0.100334
vt 0.355307 0.124000
vt 0.345836 0.106571
vt 0.361747 0.119630
vt 0.377865 0.146966
vt 0.371976 0.128024
vt 0.385034 0.143935
vt 0.395509 0.173891
vt 0.393429 0.154164
vt 0.403132 0.172317
vt 0.407562 0.203741
vt 0.409369 0.183987
vt 0.415344 0.203684
vt 0.413559 0.235368
vt 0.419185 0.216347
vt 0.421203 0.236831
vt 0.413271 0.267558
vt 0.422500 0.250000
vt 0.420482 0.270485
vt 0.406708 0.299073
vt 0.419185 0.283653
vt 0.413210 0.303350
vt 0.394123 0.328703
vt 0.409369 0.316013
vt 0.399666 0.334166
vt 0.376000 0.355307
vt 0.393429 0.345836
vt 0.380370 0.361747
vt 0.353034 0.377865
vt 0.371976 0.371976
vt 0.356065 0.385034
vt 0.326109 0.395509
vt 0.345836 0.393429
vt 0.327683 0.403132
vt 0.296259 0.407562
vt 0.316013 0.409369
vt 0.296316 0.415344
vt 0.264632 0.413559
vt 0.283653 0.419185
vt 0.263169 0.421203
vt 0.282190 0.088170
vt 0.313143 0.097560
vt 0.341669 0.112808
vt 0.366673 0.133327
vt 0.387192 0.158331
vt 0.402440 0.186857
vt 0.411830 0.217810
vt 0.415000 0.250000
vt 0.411830 0.282190
vt 0.402440 0.313143
vt 0.387192 0.341669
vt 0.366673 0.366673
vt 0.341669 0.387192
vt 0.313143 0.402440
vt 0.282190 0.411830
vt 0.250000 0.415000
vt 0.233905 0.405915
vt 0.217810 0.411830
vt 0.219273 0.404474
vt 0.203797 0.399779
vt 0.186857 0.402440
vt 0.189727 0.395511
vt 0.175464 0.387887
vt 0.158331 0.387192
vt 0.162498 0.380956
vt 0.149996 0.370697
vt 0.133327 0.366673
vt 0.138631 0.361369
vt 0.128371 0.348868
vt 0.112808 0.341669
vt 0.119044 0.337502
vt 0.111420 0.323239
vt 0.097560 0.313143
vt 0.104489 0.310273
vt 0.099794 0.294796
vt 0.088170 0.282190
vt 0.095526 0.280727
vt 0.093941 0.264632
vt 0.085000 0.250000
vt 0.092500 0.250000
vt 0.094085 0.233905
vt 0.088170 0.217810
vt 0.095526 0.219273
vt 0.100221 0.203797
vt 0.097560 0.186857
vt 0.104489 0.189727
vt 0.112113 0.175464
vt 0.112808 0.158331
vt 0.119044 0.162498
vt 0.129303 0.149996
vt 0.133327 0.133327
vt 0.138631 0.138631
vt 0.151132 0.128371
vt 0.158331 0.112808
vt 0.162498 0.119044
vt 0.176761 0.111420
vt 0.186857 0.097560
vt 0.189727 0.104489
vt 0.205204 0.099794
vt 0.217810 0.088170
vt 0.219273 0.095526
vt 0.235368 0.093941
vt 0.250000 0.085000
vt 0.235368 0.413559
vt 0.203741 0.407562
vt 0.173891 0.395509
vt 0.146966 0.377865
vt 0.124000 0.355307
vt 0.105877 0.328703
vt 0.093292 0.299073
vt 0.086729 0.267558
vt 0.086441 0.235368
vt 0.092438 0.203741
vt 0.104491 0.173891
vt 0.122135 0.146966
vt 0.144693 0.124000
vt 0.171297 0.105877
vt 0.200927 0.093292
vt 0.232442 0.086729
vt 0.225126 0.124950
vt 0.244147 0.115576
vt 0.247074 0.122788
vt 0.201208 0.132205
vt 0.218035 0.119301
vt 0.222312 0.125803
vt 0.179165 0.143988
vt 0.193151 0.128049
vt 0.198615 0.133592
vt 0.159844 0.159844
vt 0.170452 0.141482
vt 0.176892 0.145853
vt 0.143988 0.179165
vt 0.150810 0.159087
vt 0.157978 0.162117
vt 0.132205 0.201208
vt 0.134979 0.180185
vt 0.142601 0.181758
vt 0.124950 0.225126
vt 0.123569 0.203966
vt 0.131352 0.204022
vt 0.122500 0.250000
vt 0.117018 0.229516
vt 0.124662 0.228052
vt 0.124950 0.274874
vt 0.115576 0.255853
vt 0.122788 0.252926
vt 0.132205 0.298792
vt 0.119301 0.281965
vt 0.125803 0.277688
vt 0.143988 0.320835
vt 0.128049 0.306849
vt 0.133592 0.301385
vt 0.159844 0.340156
vt 0.141482 0.329548
vt 0.145853 0.323108
vt 0.179165 0.356012
vt 0.159087 0.349190
vt 0.162117 0.342022
vt 0.201208 0.367795
vt 0.180185 0.365021
vt 0.181758 0.357399
vt 0.225126 0.375050
vt 0.203966 0.376431
vt 0.204022 0.368648
vt 0.229516 0.382982
vt 0.228052 0.375338
vt 0.250000 0.115000
vt 0.223663 0.117594
vt 0.198338 0.125276
vt 0.174998 0.137752
vt 0.154541 0.154541
vt 0.137752 0.174998
vt 0.125276 0.198338
vt 0.117594 0.223663
vt 0.115000 0.250000
vt 0.117594 0.276337
vt 0.125276 0.301662
vt 0.137752 0.325002
vt 0.154541 0.345459
vt 0.174998 0.362248
vt 0.198338 0.374724
vt 0.223663 0.382406
vt 0.250000 0.385000
vt 0.269021 0.390627
vt 0.276337 0.382406
vt 0.296091 0.384214
vt 0.277800 0.389762
vt 0.301662 0.374724
vt 0.321389 0.372643
vt 0.304532 0.381653
vt 0.325002 0.362248
vt 0.343944 0.356359
vt 0.329169 0.368484
vt 0.345459 0.345459
vt 0.362888 0.335988
vt 0.350763 0.350763
vt 0.362248 0.325002
vt 0.377494 0.312312
vt 0.368484 0.329169
vt 0.374724 0.301662
vt 0.387201 0.286242
vt 0.381653 0.304532
vt 0.382406 0.276337
vt 0.391635 0.258779
vt 0.389762 0.277800
vt 0.385000 0.250000
vt 0.390627 0.230979
vt 0.392500 0.250000
vt 0.382406 0.223663
vt 0.384214 0.203909
vt 0.389762 0.222200
vt 0.374724 0.198338
vt 0.372643 0.178611
vt 0.381653 0.195468
vt 0.362248 0.174998
vt 0.356359 0.156056
vt 0.368484 0.170831
vt 0.345459 0.154541
vt 0.335988 0.137112
vt 0.350763 0.149237
vt 0.325002 0.137752
vt 0.312312 0.122506
vt 0.329169 0.131516
vt 0.301662 0.125276
vt 0.286242 0.112799
vt 0.304532 0.118347
vt 0.276337 0.117594
vt 0.258779 0.108365
vt 0.277800 0.110238
vt 0.270485 0.382982
vt 0.296034 0.376431
vt 0.319815 0.365021
vt 0.340913 0.349190
vt 0.358518 0.329548
vt 0.371951 0.306849
vt 0.380699 0.281965
vt 0.384424 0.255853
vt 0.382982 0.229516
vt 0.376431 0.203966
vt 0.365021 0.180185
vt 0.349190 0.159087
vt 0.329548 0.141482
vt 0.306849 0.128049
vt 0.281965 0.119301
vt 0.255853 0.115576
vt 0.296822 0.014612
vt 0.341844 0.028269
vt 0.383337 0.050447
vt 0.419706 0.080294
vt 0.449553 0.116663
vt 0.471731 0.158156
vt 0.485388 0.203178
vt 0.490000 0.250000
vt 0.485388 0.296822
vt 0.471731 0.341844
vt 0.449553 0.383337
vt 0.419706 0.419706
vt 0.383337 0.449553
vt 0.341844 0.471731
vt 0.296822 0.485388
s 1
usemtl マテリアル.005
f 528/1/48 524/2/44 516/3/36
f 33/4/1 490/5/1 491/6/1
f 507/7/1 33/4/1 506/8/1
f 508/9/1 33/4/1 507/7/1
f 33/4/1 491/6/1 492/10/1
f 509/11/1 33/4/1 508/9/1
f 33/4/1 492/10/1 493/12/1
f 510/13/1 33/4/1 509/11/1
f 33/4/1 493/12/1 494/14/1
f 511/15/1 33/4/1 510/13/1
f 33/4/1 494/14/1 495/16/1
f 489/17/1 490/5/1 33/4/1
f 33/4/1 495/16/1 496/18/1
f 33/4/1 498/19/1 499/20/1
f 513/21/1 482/22/1 33/4/1
f 512/23/1 513/21/1 33/4/1
f 498/19/1 33/4/1 497/24/1
f 511/15/1 512/23/1 33/4/1
f 497/24/1 33/4/1 496/18/1
f 33/4/1 499/20/1 500/25/1
f 482/22/1 483/26/1 33/4/1
f 33/4/1 500/25/1 501/27/1
f 483/26/1 484/28/1 33/4/1
f 33/4/1 501/27/1 502/29/1
f 484/28/1 485/30/1 33/4/1
f 33/4/1 502/29/1 503/31/1
f 485/30/1 486/32/1 33/4/1
f 33/4/1 503/31/1 504/33/1
f 486/32/1 487/34/1 33/4/1
f 33/4/1 504/33/1 505/35/1
f 487/34/1 488/36/1 33/4/1
f 506/8/1 33/4/1 505/35/1
f 488/36/1 489/17/1 33/4/1
f 2/37/1 34/38/2 35/39/3
f 2/37/1 36/40/4 3/41/1
f 4/42/1 36/40/4 37/43/5
f 5/44/1 37/43/5 38/45/6
f 6/46/1 38/45/6 39/47/7
f 7/48/1 39/47/7 40/49/8
f 8/50/1 40/49/8 41/51/9
f 8/50/1 42/52/10 9/53/1
f 9/53/1 43/54/11 10/55/1
f 10/55/1 44/56/12 11/57/1
f 11/57/1 45/58/13 12/59/1
f 12/59/1 46/60/14 13/61/1
f 13/61/1 47/62/15 14/63/1
f 15/64/1 47/62/15 48/65/16
f 15/64/1 49/66/17 16/67/1
f 17/68/1 49/66/17 50/69/18
f 17/68/1 51/70/19 18/71/1
f 19/72/1 51/70/19 52/73/20
f 19/72/1 53/74/21 20/75/1
f 20/75/1 54/76/22 21/77/1
f 22/78/1 54/76/22 55/79/23
f 22/78/1 56/80/24 23/81/1
f 23/81/1 57/82/25 24/83/1
f 24/83/1 58/84/26 25/85/1
f 26/86/1 58/84/26 59/87/27
f 26/86/1 60/88/28 27/89/1
f 27/89/1 61/90/29 28/91/1
f 28/91/1 62/92/30 29/93/1
f 30/94/1 62/92/30 63/95/31
f 30/94/1 64/96/32 31/97/1
f 32/98/1 64/96/32 65/99/33
f 32/98/1 34/38/2 1/100/1
f 67/101/1 1/100/1 2/37/1
f 68/102/1 2/37/1 3/41/1
f 69/103/1 3/41/1 4/42/1
f 70/104/1 4/42/1 5/44/1
f 71/105/1 5/44/1 6/46/1
f 72/106/1 6/46/1 7/48/1
f 73/107/1 7/48/1 8/50/1
f 73/107/1 9/53/1 74/108/1
f 74/108/1 10/55/1 75/109/1
f 75/109/1 11/57/1 76/110/1
f 76/110/1 12/59/1 77/111/1
f 77/111/1 13/61/1 78/112/1
f 78/112/1 14/63/1 79/113/1
f 80/114/1 14/63/1 15/64/1
f 80/114/1 16/67/1 81/115/1
f 82/116/1 16/67/1 17/68/1
f 82/116/1 18/71/1 83/117/1
f 84/118/1 18/71/1 19/72/1
f 85/119/1 19/72/1 20/75/1
f 86/120/1 20/75/1 21/77/1
f 87/121/1 21/77/1 22/78/1
f 88/122/1 22/78/1 23/81/1
f 89/123/1 23/81/1 24/83/1
f 90/124/1 24/83/1 25/85/1
f 90/124/1 26/86/1 91/125/1
f 91/125/1 27/89/1 92/126/1
f 92/126/1 28/91/1 93/127/1
f 93/127/1 29/93/1 94/128/1
f 94/128/1 30/94/1 95/129/1
f 95/129/1 31/97/1 96/130/1
f 97/131/1 31/97/1 32/98/1
f 97/131/1 1/100/1 66/132/1
f 99/133/1 66/132/1 67/101/1
f 99/133/1 68/102/1 100/134/1
f 101/135/1 68/102/1 69/103/1
f 102/136/1 69/103/1 70/104/1
f 103/137/1 70/104/1 71/105/1
f 104/138/1 71/105/1 72/106/1
f 105/139/1 72/106/1 73/107/1
f 106/140/1 73/107/1 74/108/1
f 107/141/1 74/108/1 75/109/1
f 107/141/1 76/110/1 108/142/1
f 108/142/1 77/111/1 109/143/1
f 109/143/1 78/112/1 110/144/1
f 110/144/1 79/113/1 111/145/1
f 112/146/1 79/113/1 80/114/1
f 112/146/1 81/115/1 113/147/1
f 114/148/1 81/115/1 82/116/1
f 114/148/1 83/117/1 115/149/1
f 116/150/1 83/117/1 84/118/1
f 116/150/1 85/119/1 117/151/1
f 118/152/1 85/119/1 86/120/1
f 119/153/1 86/120/1 87/121/1
f 120/154/1 87/121/1 88/122/1
f 121/155/1 88/122/1 89/123/1
f 122/156/1 89/123/1 90/124/1
f 123/157/1 90/124/1 91/125/1
f 123/157/1 92/126/1 124/158/1
f 124/158/1 93/127/1 125/159/1
f 125/159/1 94/128/1 126/160/1
f 126/160/1 95/129/1 127/161/1
f 127/161/1 96/130/1 128/162/1
f 129/163/1 96/130/1 97/131/1
f 129/163/1 66/132/1 98/164/1
f 131/165/1 98/164/1 99/133/1
f 131/165/1 100/134/1 132/166/1
f 133/167/1 100/134/1 101/135/1
f 134/168/1 101/135/1 102/136/1
f 135/169/1 102/136/1 103/137/1
f 136/170/1 103/137/1 104/138/1
f 137/171/1 104/138/1 105/139/1
f 138/172/1 105/139/1 106/140/1
f 139/173/1 106/140/1 107/141/1
f 139/173/1 108/142/1 140/174/1
f 140/174/1 109/143/1 141/175/1
f 141/175/1 110/144/1 142/176/1
f 142/176/1 111/145/1 143/177/1
f 144/178/1 111/145/1 112/146/1
f 144/178/1 113/147/1 145/179/1
f 146/180/1 113/147/1 114/148/1
f 146/180/1 115/149/1 147/181/1
f 148/182/1 115/149/1 116/150/1
f 149/183/1 116/150/1 117/151/1
f 150/184/1 117/151/1 118/152/1
f 151/185/1 118/152/1 119/153/1
f 151/185/1 120/154/1 152/186/1
f 153/187/1 120/154/1 121/155/1
f 154/188/1 121/155/1 122/156/1
f 154/188/1 123/157/1 155/189/1
f 155/189/1 124/158/1 156/190/1
f 157/191/1 124/158/1 125/159/1
f 157/191/1 126/160/1 158/192/1
f 158/192/1 127/161/1 159/193/1
f 159/193/1 128/162/1 160/194/1
f 161/195/1 128/162/1 129/163/1
f 161/195/1 98/164/1 130/196/1
f 163/197/1 130/196/1 131/165/1
f 164/198/1 131/165/1 132/166/1
f 165/199/1 132/166/1 133/167/1
f 166/200/1 133/167/1 134/168/1
f 167/201/1 134/168/1 135/169/1
f 167/201/1 136/170/1 168/202/1
f 169/203/1 136/170/1 137/171/1
f 169/203/1 138/172/1 170/204/1
f 171/205/1 138/172/1 139/173/1
f 171/205/1 140/174/1 172/206/1
f 172/206/1 141/175/1 173/207/1
f 173/207/1 142/176/1 174/208/1
f 174/208/1 143/177/1 175/209/1
f 176/210/1 143/177/1 144/178/1
f 176/210/1 145/179/1 177/211/1
f 178/212/1 145/179/1 146/180/1
f 178/212/1 147/181/1 179/213/1
f 180/214/1 147/181/1 148/182/1
f 180/214/1 149/183/1 181/215/1
f 182/216/1 149/183/1 150/184/1
f 183/217/1 150/184/1 151/185/1
f 183/217/1 152/186/1 184/218/1
f 185/219/1 152/186/1 153/187/1
f 185/219/1 154/188/1 186/220/1
f 186/220/1 155/189/1 187/221/1
f 187/221/1 156/190/1 188/222/1
f 189/223/1 156/190/1 157/191/1
f 189/223/1 158/192/1 190/224/1
f 191/225/1 158/192/1 159/193/1
f 191/225/1 160/194/1 192/226/1
f 193/227/1 160/194/1 161/195/1
f 193/227/1 130/196/1 162/228/1
f 194/229/1 163/197/1 195/230/1
f 195/230/1 164/198/1 196/231/1
f 197/232/1 164/198/1 165/199/1
f 198/233/1 165/199/1 166/200/1
f 199/234/1 166/200/1 167/201/1
f 200/235/1 167/201/1 168/202/1
f 201/236/1 168/202/1 169/203/1
f 201/236/1 170/204/1 202/237/1
f 203/238/1 170/204/1 171/205/1
f 203/238/1 172/206/1 204/239/1
f 204/239/1 173/207/1 205/240/1
f 205/240/1 174/208/1 206/241/1
f 206/241/1 175/209/1 207/242/1
f 208/243/1 175/209/1 176/210/1
f 208/243/1 177/211/1 209/244/1
f 210/245/1 177/211/1 178/212/1
f 210/245/1 179/213/1 211/246/1
f 212/247/1 179/213/1 180/214/1
f 212/247/1 181/215/1 213/248/1
f 213/248/1 182/216/1 214/249/1
f 215/250/1 182/216/1 183/217/1
f 216/251/1 183/217/1 184/218/1
f 217/252/1 184/218/1 185/219/1
f 217/252/1 186/220/1 218/253/1
f 219/254/1 186/220/1 187/221/1
f 220/255/1 187/221/1 188/222/1
f 220/255/1 189/223/1 221/256/1
f 221/256/1 190/224/1 222/257/1
f 222/257/1 191/225/1 223/258/1
f 223/258/1 192/226/1 224/259/1
f 225/260/1 192/226/1 193/227/1
f 225/260/1 162/228/1 194/229/1
f 227/261/1 194/229/1 195/230/1
f 227/261/1 196/231/1 228/262/1
f 229/263/1 196/231/1 197/232/1
f 230/264/1 197/232/1 198/233/1
f 231/265/1 198/233/1 199/234/1
f 232/266/1 199/234/1 200/235/1
f 233/267/1 200/235/1 201/236/1
f 234/268/1 201/236/1 202/237/1
f 235/269/1 202/237/1 203/238/1
f 235/269/1 204/239/1 236/270/1
f 236/270/1 205/240/1 237/271/1
f 237/271/1 206/241/1 238/272/1
f 238/272/1 207/242/1 239/273/1
f 240/274/1 207/242/1 208/243/1
f 240/274/1 209/244/1 241/275/1
f 242/276/1 209/244/1 210/245/1
f 242/276/1 211/246/1 243/277/1
f 244/278/1 211/246/1 212/247/1
f 244/278/1 213/248/1 245/279/1
f 246/280/1 213/248/1 214/249/1
f 247/281/1 214/249/1 215/250/1
f 248/282/1 215/250/1 216/251/1
f 249/283/1 216/251/1 217/252/1
f 250/284/1 217/252/1 218/253/1
f 250/284/1 219/254/1 251/285/1
f 251/285/1 220/255/1 252/286/1
f 252/286/1 221/256/1 253/287/1
f 253/287/1 222/257/1 254/288/1
f 254/288/1 223/258/1 255/289/1
f 255/289/1 224/259/1 256/290/1
f 256/290/1 225/260/1 257/291/1
f 257/291/1 194/229/1 226/292/1
f 258/293/1 227/261/1 259/294/1
f 259/294/1 228/262/1 260/295/1
f 261/296/1 228/262/1 229/263/1
f 262/297/1 229/263/1 230/264/1
f 263/298/1 230/264/1 231/265/1
f 264/299/1 231/265/1 232/266/1
f 265/300/1 232/266/1 233/267/1
f 266/301/1 233/267/1 234/268/1
f 267/302/1 234/268/1 235/269/1
f 267/302/1 236/270/1 268/303/1
f 268/303/1 237/271/1 269/304/1
f 269/304/1 238/272/1 270/305/1
f 270/305/1 239/273/1 271/306/1
f 272/307/1 239/273/1 240/274/1
f 272/307/1 241/275/1 273/308/1
f 274/309/1 241/275/1 242/276/1
f 274/309/1 243/277/1 275/310/1
f 276/311/1 243/277/1 244/278/1
f 276/311/1 245/279/1 277/312/1
f 278/313/1 245/279/1 246/280/1
f 279/314/1 246/280/1 247/281/1
f 280/315/1 247/281/1 248/282/1
f 281/316/1 248/282/1 249/283/1
f 282/317/1 249/283/1 250/284/1
f 282/317/1 251/285/1 283/318/1
f 283/318/1 252/286/1 284/319/1
f 284/319/1 253/287/1 285/320/1
f 285/320/1 254/288/1 286/321/1
f 287/322/1 254/288/1 255/289/1
f 287/322/1 256/290/1 288/323/1
f 288/323/1 257/291/1 289/324/1
f 258/293/1 257/291/1 226/292/1
f 290/325/1 259/294/1 291/326/1
f 291/326/1 260/295/1 292/327/1
f 293/328/1 260/295/1 261/296/1
f 294/329/1 261/296/1 262/297/1
f 295/330/1 262/297/1 263/298/1
f 296/331/1 263/298/1 264/299/1
f 297/332/1 264/299/1 265/300/1
f 297/332/1 266/301/1 298/333/1
f 299/334/1 266/301/1 267/302/1
f 299/334/1 268/303/1 300/335/1
f 300/335/1 269/304/1 301/336/1
f 301/336/1 270/305/1 302/337/1
f 302/337/1 271/306/1 303/338/1
f 304/339/1 271/306/1 272/307/1
f 304/339/1 273/308/1 305/340/1
f 306/341/1 273/308/1 274/309/1
f 306/341/1 275/310/1 307/342/1
f 308/343/1 275/310/1 276/311/1
f 309/344/1 276/311/1 277/312/1
f 309/344/1 278/313/1 310/345/1
f 311/346/1 278/313/1 279/314/1
f 311/346/1 280/315/1 312/347/1
f 313/348/1 280/315/1 281/316/1
f 313/348/1 282/317/1 314/349/1
f 314/349/1 283/318/1 315/350/1
f 315/350/1 284/319/1 316/351/1
f 316/351/1 285/320/1 317/352/1
f 317/352/1 286/321/1 318/353/1
f 318/353/1 287/322/1 319/354/1
f 319/354/1 288/323/1 320/355/1
f 321/356/1 288/323/1 289/324/1
f 290/325/1 289/324/1 258/293/1
f 322/357/1 291/326/1 323/358/1
f 323/358/1 292/327/1 324/359/1
f 325/360/1 292/327/1 293/328/1
f 326/361/1 293/328/1 294/329/1
f 327/362/1 294/329/1 295/330/1
f 328/363/1 295/330/1 296/331/1
f 329/364/1 296/331/1 297/332/1
f 329/364/1 298/333/1 330/365/1
f 331/366/1 298/333/1 299/334/1
f 331/366/1 300/335/1 332/367/1
f 332/367/1 301/336/1 333/368/1
f 333/368/1 302/337/1 334/369/1
f 334/369/1 303/338/1 335/370/1
f 336/371/1 303/338/1 304/339/1
f 336/371/1 305/340/1 337/372/1
f 338/373/1 305/340/1 306/341/1
f 338/373/1 307/342/1 339/374/1
f 340/375/1 307/342/1 308/343/1
f 340/375/1 309/344/1 341/376/1
f 342/377/1 309/344/1 310/345/1
f 343/378/1 310/345/1 311/346/1
f 343/378/1 312/347/1 344/379/1
f 345/380/1 312/347/1 313/348/1
f 345/380/1 314/349/1 346/381/1
f 346/381/1 315/350/1 347/382/1
f 347/382/1 316/351/1 348/383/1
f 348/383/1 317/352/1 349/384/1
f 349/384/1 318/353/1 350/385/1
f 350/385/1 319/354/1 351/386/1
f 351/386/1 320/355/1 352/387/1
f 352/387/1 321/356/1 353/388/1
f 322/357/1 321/356/1 290/325/1
f 354/389/1 323/358/1 355/390/1
f 355/390/1 324/359/1 356/391/1
f 357/392/1 324/359/1 325/360/1
f 358/393/1 325/360/1 326/361/1
f 359/394/1 326/361/1 327/362/1
f 360/395/1 327/362/1 328/363/1
f 361/396/1 328/363/1 329/364/1
f 362/397/1 329/364/1 330/365/1
f 363/398/1 330/365/1 331/366/1
f 363/398/1 332/367/1 364/399/1
f 364/399/1 333/368/1 365/400/1
f 365/400/1 334/369/1 366/401/1
f 366/401/1 335/370/1 367/402/1
f 368/403/1 335/370/1 336/371/1
f 368/403/1 337/372/1 369/404/1
f 370/405/1 337/372/1 338/373/1
f 370/405/1 339/374/1 371/406/1
f 372/407/1 339/374/1 340/375/1
f 373/408/1 340/375/1 341/376/1
f 374/409/1 341/376/1 342/377/1
f 375/410/1 342/377/1 343/378/1
f 375/410/1 344/379/1 376/411/1
f 377/412/1 344/379/1 345/380/1
f 378/413/1 345/380/1 346/381/1
f 378/413/1 347/382/1 379/414/1
f 379/414/1 348/383/1 380/415/1
f 380/415/1 349/384/1 381/416/1
f 381/416/1 350/385/1 382/417/1
f 382/417/1 351/386/1 383/418/1
f 383/418/1 352/387/1 384/419/1
f 384/419/1 353/388/1 385/420/1
f 354/389/1 353/388/1 322/357/1
f 386/421/1 355/390/1 387/422/1
f 387/422/1 356/391/1 388/423/1
f 389/424/1 356/391/1 357/392/1
f 390/425/1 357/392/1 358/393/1
f 391/426/1 358/393/1 359/394/1
f 392/427/1 359/394/1 360/395/1
f 393/428/1 360/395/1 361/396/1
f 393/428/1 362/397/1 394/429/1
f 395/430/1 362/397/1 363/398/1
f 395/430/1 364/399/1 396/431/1
f 396/431/1 365/400/1 397/432/1
f 398/433/1 365/400/1 366/401/1
f 398/433/1 367/402/1 399/434/1
f 400/435/1 367/402/1 368/403/1
f 400/435/1 369/404/1 401/436/1
f 402/437/1 369/404/1 370/405/1
f 402/437/1 371/406/1 403/438/1
f 404/439/1 371/406/1 372/407/1
f 404/439/1 373/408/1 405/440/1
f 405/440/1 374/409/1 406/441/1
f 407/442/1 374/409/1 375/410/1
f 407/442/1 376/411/1 408/443/1
f 409/444/1 376/411/1 377/412/1
f 409/444/1 378/413/1 410/445/1
f 411/446/1 378/413/1 379/414/1
f 411/446/1 380/415/1 412/447/1
f 412/447/1 381/416/1 413/448/1
f 413/448/1 382/417/1 414/449/1
f 414/449/1 383/418/1 415/450/1
f 415/450/1 384/419/1 416/451/1
f 416/451/1 385/420/1 417/452/1
f 386/421/1 385/420/1 354/389/1
f 418/453/1 387/422/1 419/454/1
f 420/455/1 387/422/1 388/423/1
f 421/456/1 388/423/1 389/424/1
f 421/456/1 390/425/1 422/457/1
f 423/458/1 390/425/1 391/426/1
f 424/459/1 391/426/1 392/427/1
f 425/460/1 392/427/1 393/428/1
f 425/460/1 394/429/1 426/461/1
f 427/462/1 394/429/1 395/430/1
f 427/462/1 396/431/1 428/463/1
f 428/463/1 397/432/1 429/464/1
f 429/464/1 398/433/1 430/465/1
f 430/465/1 399/434/1 431/466/1
f 432/467/1 399/434/1 400/435/1
f 432/467/1 401/436/1 433/468/1
f 434/469/1 401/436/1 402/437/1
f 434/469/1 403/438/1 435/470/1
f 436/471/1 403/438/1 404/439/1
f 436/471/1 405/440/1 437/472/1
f 438/473/1 405/440/1 406/441/1
f 439/474/1 406/441/1 407/442/1
f 439/474/1 408/443/1 440/475/1
f 441/476/1 408/443/1 409/444/1
f 441/476/1 410/445/1 442/477/1
f 443/478/1 410/445/1 411/446/1
f 443/478/1 412/447/1 444/479/1
f 444/479/1 413/448/1 445/480/1
f 445/480/1 414/449/1 446/481/1
f 446/481/1 415/450/1 447/482/1
f 447/482/1 416/451/1 448/483/1
f 449/484/1 416/451/1 417/452/1
f 418/453/1 417/452/1 386/421/1
f 450/485/1 419/454/1 451/486/1
f 451/486/1 420/455/1 452/487/1
f 453/488/1 420/455/1 421/456/1
f 453/488/1 422/457/1 454/489/1
f 455/490/1 422/457/1 423/458/1
f 456/491/1 423/458/1 424/459/1
f 457/492/1 424/459/1 425/460/1
f 458/493/1 425/460/1 426/461/1
f 459/494/1 426/461/1 427/462/1
f 459/494/1 428/463/1 460/495/1
f 460/495/1 429/464/1 461/496/1
f 461/496/1 430/465/1 462/497/1
f 462/497/1 431/466/1 463/498/1
f 464/499/1 431/466/1 432/467/1
f 464/499/1 433/468/1 465/500/1
f 466/501/1 433/468/1 434/469/1
f 466/501/1 435/470/1 467/502/1
f 468/503/1 435/470/1 436/471/1
f 469/504/1 436/471/1 437/472/1
f 469/504/1 438/473/1 470/505/1
f 471/506/1 438/473/1 439/474/1
f 471/506/1 440/475/1 472/507/1
f 473/508/1 440/475/1 441/476/1
f 473/508/1 442/477/1 474/509/1
f 475/510/1 442/477/1 443/478/1
f 475/510/1 444/479/1 476/511/1
f 476/511/1 445/480/1 477/512/1
f 477/512/1 446/481/1 478/513/1
f 478/513/1 447/482/1 479/514/1
f 479/514/1 448/483/1 480/515/1
f 481/516/1 448/483/1 449/484/1
f 481/516/1 418/453/1 450/485/1
f 482/22/1 451/486/1 483/26/1
f 483/26/1 452/487/1 484/28/1
f 485/30/1 452/487/1 453/488/1
f 485/30/1 454/489/1 486/32/1
f 487/34/1 454/489/1 455/490/1
f 488/36/1 455/490/1 456/491/1
f 489/17/1 456/491/1 457/492/1
f 489/17/1 458/493/1 490/5/1
f 490/5/1 459/494/1 491/6/1
f 491/6/1 460/495/1 492/10/1
f 492/10/1 461/496/1 493/12/1
f 493/12/1 462/497/1 494/14/1
f 494/14/1 463/498/1 495/16/1
f 496/18/1 463/498/1 464/499/1
f 496/18/1 465/500/1 497/24/1
f 498/19/1 465/500/1 466/501/1
f 498/19/1 467/502/1 499/20/1
f 500/25/1 467/502/1 468/503/1
f 501/27/1 468/503/1 469/504/1
f 501/27/1 470/505/1 502/29/1
f 503/31/1 470/505/1 471/506/1
f 503/31/1 472/507/1 504/33/1
f 505/35/1 472/507/1 473/508/1
f 506/8/1 473/508/1 474/509/1
f 506/8/1 475/510/1 507/7/1
f 507/7/1 476/511/1 508/9/1
f 508/9/1 477/512/1 509/11/1
f 509/11/1 478/513/1 510/13/1
f 510/13/1 479/514/1 511/15/1
f 511/15/1 480/515/1 512/23/1
f 513/21/1 480/515/1 481/516/1
f 482/22/1 481/516/1 450/485/1
f 1042/517/98 65/518/33 1024/519/96
f 1043/520/138 64/521/32 1023/522/95
f 1044/523/134 63/524/31 1022/525/94
f 1045/526/101 62/527/30 1021/528/93
f 1046/529/102 61/530/29 1020/531/92
f 1047/532/103 60/533/28 1019/534/91
f 1048/535/104 59/536/27 1018/537/90
f 1049/538/105 58/539/26 1017/540/89
f 1050/541/106 57/542/25 1016/543/88
f 1051/544/107 56/545/24 1015/546/87
f 1052/547/108 55/548/23 1014/549/86
f 1053/550/109 54/551/22 1013/552/85
f 1054/553/110 53/554/21 1012/555/84
f 1055/556/111 52/557/20 1011/558/83
f 1056/559/112 51/560/19 1010/561/82
f 1057/562/113 50/563/18 1009/564/81
f 1490/565/114 530/566/50 1474/567/81
f 1491/568/115 529/569/49 1473/570/80
f 1492/571/116 528/1/48 1472/572/79
f 1493/573/117 527/574/47 1471/575/78
f 1494/576/118 526/577/46 1470/578/77
f 1495/579/119 525/580/45 1469/581/76
f 1496/582/120 524/2/44 1468/583/75
f 1497/584/121 523/585/43 1467/586/74
f 1498/587/122 522/588/42 1466/589/73
f 1499/590/123 521/591/41 1465/592/72
f 1500/593/124 520/594/40 1464/595/71
f 1501/596/133 519/597/39 1463/598/70
f 1502/599/126 518/600/38 1462/601/69
f 1503/602/127 517/603/37 1461/604/68
f 1504/605/128 516/3/36 1460/606/67
f 1505/607/129 515/608/35 1459/609/66
f 516/3/36 515/608/35 514/610/34
f 514/610/34 545/611/65 544/612/64
f 544/612/64 543/613/63 540/614/60
f 543/613/63 542/615/62 540/614/60
f 542/615/62 541/616/61 540/614/60
f 540/614/60 539/617/59 538/618/58
f 538/618/58 537/619/57 536/620/56
f 536/620/56 535/621/55 534/622/54
f 534/622/54 533/623/53 532/624/52
f 532/624/52 531/625/51 530/566/50
f 530/566/50 529/569/49 532/624/52
f 529/569/49 528/1/48 532/624/52
f 528/1/48 527/574/47 524/2/44
f 527/574/47 526/577/46 524/2/44
f 526/577/46 525/580/45 524/2/44
f 524/2/44 523/585/43 522/588/42
f 522/588/42 521/591/41 520/594/40
f 520/594/40 519/597/39 518/600/38
f 518/600/38 517/603/37 516/3/36
f 516/3/36 514/610/34 544/612/64
f 540/614/60 538/618/58 536/620/56
f 536/620/56 534/622/54 540/614/60
f 534/622/54 532/624/52 540/614/60
f 524/2/44 522/588/42 520/594/40
f 520/594/40 518/600/38 524/2/44
f 518/600/38 516/3/36 524/2/44
f 516/3/36 544/612/64 532/624/52
f 544/612/64 540/614/60 532/624/52
f 532/624/52 528/1/48 516/3/36
f 2/37/1 1/100/1 34/38/2
f 2/37/1 35/39/3 36/40/4
f 4/42/1 3/41/1 36/40/4
f 5/44/1 4/42/1 37/43/5
f 6/46/1 5/44/1 38/45/6
f 7/48/1 6/46/1 39/47/7
f 8/50/1 7/48/1 40/49/8
f 8/50/1 41/51/9 42/52/10
f 9/53/1 42/52/10 43/54/11
f 10/55/1 43/54/11 44/56/12
f 11/57/1 44/56/12 45/58/13
f 12/59/1 45/58/13 46/60/14
f 13/61/1 46/60/14 47/62/15
f 15/64/1 14/63/1 47/62/15
f 15/64/1 48/65/16 49/66/17
f 17/68/1 16/67/1 49/66/17
f 17/68/1 50/69/18 51/70/19
f 19/72/1 18/71/1 51/70/19
f 19/72/1 52/73/20 53/74/21
f 20/75/1 53/74/21 54/76/22
f 22/78/1 21/77/1 54/76/22
f 22/78/1 55/79/23 56/80/24
f 23/81/1 56/80/24 57/82/25
f 24/83/1 57/82/25 58/84/26
f 26/86/1 25/85/1 58/84/26
f 26/86/1 59/87/27 60/88/28
f 27/89/1 60/88/28 61/90/29
f 28/91/1 61/90/29 62/92/30
f 30/94/1 29/93/1 62/92/30
f 30/94/1 63/95/31 64/96/32
f 32/98/1 31/97/1 64/96/32
f 32/98/1 65/99/33 34/38/2
f 67/101/1 66/132/1 1/100/1
f 68/102/1 67/101/1 2/37/1
f 69/103/1 68/102/1 3/41/1
f 70/104/1 69/103/1 4/42/1
f 71/105/1 70/104/1 5/44/1
f 72/106/1 71/105/1 6/46/1
f 73/107/1 72/106/1 7/48/1
f 73/107/1 8/50/1 9/53/1
f 74/108/1 9/53/1 10/55/1
f 75/109/1 10/55/1 11/57/1
f 76/110/1 11/57/1 12/59/1
f 77/111/1 12/59/1 13/61/1
f 78/112/1 13/61/1 14/63/1
f 80/114/1 79/113/1 14/63/1
f 80/114/1 15/64/1 16/67/1
f 82/116/1 81/115/1 16/67/1
f 82/116/1 17/68/1 18/71/1
f 84/118/1 83/117/1 18/71/1
f 85/119/1 84/118/1 19/72/1
f 86/120/1 85/119/1 20/75/1
f 87/121/1 86/120/1 21/77/1
f 88/122/1 87/121/1 22/78/1
f 89/123/1 88/122/1 23/81/1
f 90/124/1 89/123/1 24/83/1
f 90/124/1 25/85/1 26/86/1
f 91/125/1 26/86/1 27/89/1
f 92/126/1 27/89/1 28/91/1
f 93/127/1 28/91/1 29/93/1
f 94/128/1 29/93/1 30/94/1
f 95/129/1 30/94/1 31/97/1
f 97/131/1 96/130/1 31/97/1
f 97/131/1 32/98/1 1/100/1
f 99/133/1 98/164/1 66/132/1
f 99/133/1 67/101/1 68/102/1
f 101/135/1 100/134/1 68/102/1
f 102/136/1 101/135/1 69/103/1
f 103/137/1 102/136/1 70/104/1
f 104/138/1 103/137/1 71/105/1
f 105/139/1 104/138/1 72/106/1
f 106/140/1 105/139/1 73/107/1
f 107/141/1 106/140/1 74/108/1
f 107/141/1 75/109/1 76/110/1
f 108/142/1 76/110/1 77/111/1
f 109/143/1 77/111/1 78/112/1
f 110/144/1 78/112/1 79/113/1
f 112/146/1 111/145/1 79/113/1
f 112/146/1 80/114/1 81/115/1
f 114/148/1 113/147/1 81/115/1
f 114/148/1 82/116/1 83/117/1
f 116/150/1 115/149/1 83/117/1
f 116/150/1 84/118/1 85/119/1
f 118/152/1 117/151/1 85/119/1
f 119/153/1 118/152/1 86/120/1
f 120/154/1 119/153/1 87/121/1
f 121/155/1 120/154/1 88/122/1
f 122/156/1 121/155/1 89/123/1
f 123/157/1 122/156/1 90/124/1
f 123/157/1 91/125/1 92/126/1
f 124/158/1 92/126/1 93/127/1
f 125/159/1 93/127/1 94/128/1
f 126/160/1 94/128/1 95/129/1
f 127/161/1 95/129/1 96/130/1
f 129/163/1 128/162/1 96/130/1
f 129/163/1 97/131/1 66/132/1
f 131/165/1 130/196/1 98/164/1
f 131/165/1 99/133/1 100/134/1
f 133/167/1 132/166/1 100/134/1
f 134/168/1 133/167/1 101/135/1
f 135/169/1 134/168/1 102/136/1
f 136/170/1 135/169/1 103/137/1
f 137/171/1 136/170/1 104/138/1
f 138/172/1 137/171/1 105/139/1
f 139/173/1 138/172/1 106/140/1
f 139/173/1 107/141/1 108/142/1
f 140/174/1 108/142/1 109/143/1
f 141/175/1 109/143/1 110/144/1
f 142/176/1 110/144/1 111/145/1
f 144/178/1 143/177/1 111/145/1
f 144/178/1 112/146/1 113/147/1
f 146/180/1 145/179/1 113/147/1
f 146/180/1 114/148/1 115/149/1
f 148/182/1 147/181/1 115/149/1
f 149/183/1 148/182/1 116/150/1
f 150/184/1 149/183/1 117/151/1
f 151/185/1 150/184/1 118/152/1
f 151/185/1 119/153/1 120/154/1
f 153/187/1 152/186/1 120/154/1
f 154/188/1 153/187/1 121/155/1
f 154/188/1 122/156/1 123/157/1
f 155/189/1 123/157/1 124/158/1
f 157/191/1 156/190/1 124/158/1
f 157/191/1 125/159/1 126/160/1
f 158/192/1 126/160/1 127/161/1
f 159/193/1 127/161/1 128/162/1
f 161/195/1 160/194/1 128/162/1
f 161/195/1 129/163/1 98/164/1
f 163/197/1 162/228/1 130/196/1
f 164/198/1 163/197/1 131/165/1
f 165/199/1 164/198/1 132/166/1
f 166/200/1 165/199/1 133/167/1
f 167/201/1 166/200/1 134/168/1
f 167/201/1 135/169/1 136/170/1
f 169/203/1 168/202/1 136/170/1
f 169/203/1 137/171/1 138/172/1
f 171/205/1 170/204/1 138/172/1
f 171/205/1 139/173/1 140/174/1
f 172/206/1 140/174/1 141/175/1
f 173/207/1 141/175/1 142/176/1
f 174/208/1 142/176/1 143/177/1
f 176/210/1 175/209/1 143/177/1
f 176/210/1 144/178/1 145/179/1
f 178/212/1 177/211/1 145/179/1
f 178/212/1 146/180/1 147/181/1
f 180/214/1 179/213/1 147/181/1
f 180/214/1 148/182/1 149/183/1
f 182/216/1 181/215/1 149/183/1
f 183/217/1 182/216/1 150/184/1
f 183/217/1 151/185/1 152/186/1
f 185/219/1 184/218/1 152/186/1
f 185/219/1 153/187/1 154/188/1
f 186/220/1 154/188/1 155/189/1
f 187/221/1 155/189/1 156/190/1
f 189/223/1 188/222/1 156/190/1
f 189/223/1 157/191/1 158/192/1
f 191/225/1 190/224/1 158/192/1
f 191/225/1 159/193/1 160/194/1
f 193/227/1 192/226/1 160/194/1
f 193/227/1 161/195/1 130/196/1
f 194/229/1 162/228/1 163/197/1
f 195/230/1 163/197/1 164/198/1
f 197/232/1 196/231/1 164/198/1
f 198/233/1 197/232/1 165/199/1
f 199/234/1 198/233/1 166/200/1
f 200/235/1 199/234/1 167/201/1
f 201/236/1 200/235/1 168/202/1
f 201/236/1 169/203/1 170/204/1
f 203/238/1 202/237/1 170/204/1
f 203/238/1 171/205/1 172/206/1
f 204/239/1 172/206/1 173/207/1
f 205/240/1 173/207/1 174/208/1
f 206/241/1 174/208/1 175/209/1
f 208/243/1 207/242/1 175/209/1
f 208/243/1 176/210/1 177/211/1
f 210/245/1 209/244/1 177/211/1
f 210/245/1 178/212/1 179/213/1
f 212/247/1 211/246/1 179/213/1
f 212/247/1 180/214/1 181/215/1
f 213/248/1 181/215/1 182/216/1
f 215/250/1 214/249/1 182/216/1
f 216/251/1 215/250/1 183/217/1
f 217/252/1 216/251/1 184/218/1
f 217/252/1 185/219/1 186/220/1
f 219/254/1 218/253/1 186/220/1
f 220/255/1 219/254/1 187/221/1
f 220/255/1 188/222/1 189/223/1
f 221/256/1 189/223/1 190/224/1
f 222/257/1 190/224/1 191/225/1
f 223/258/1 191/225/1 192/226/1
f 225/260/1 224/259/1 192/226/1
f 225/260/1 193/227/1 162/228/1
f 227/261/1 226/292/1 194/229/1
f 227/261/1 195/230/1 196/231/1
f 229/263/1 228/262/1 196/231/1
f 230/264/1 229/263/1 197/232/1
f 231/265/1 230/264/1 198/233/1
f 232/266/1 231/265/1 199/234/1
f 233/267/1 232/266/1 200/235/1
f 234/268/1 233/267/1 201/236/1
f 235/269/1 234/268/1 202/237/1
f 235/269/1 203/238/1 204/239/1
f 236/270/1 204/239/1 205/240/1
f 237/271/1 205/240/1 206/241/1
f 238/272/1 206/241/1 207/242/1
f 240/274/1 239/273/1 207/242/1
f 240/274/1 208/243/1 209/244/1
f 242/276/1 241/275/1 209/244/1
f 242/276/1 210/245/1 211/246/1
f 244/278/1 243/277/1 211/246/1
f 244/278/1 212/247/1 213/248/1
f 246/280/1 245/279/1 213/248/1
f 247/281/1 246/280/1 214/249/1
f 248/282/1 247/281/1 215/250/1
f 249/283/1 248/282/1 216/251/1
f 250/284/1 249/283/1 217/252/1
f 250/284/1 218/253/1 219/254/1
f 251/285/1 219/254/1 220/255/1
f 252/286/1 220/255/1 221/256/1
f 253/287/1 221/256/1 222/257/1
f 254/288/1 222/257/1 223/258/1
f 255/289/1 223/258/1 224/259/1
f 256/290/1 224/259/1 225/260/1
f 257/291/1 225/260/1 194/229/1
f 258/293/1 226/292/1 227/261/1
f 259/294/1 227/261/1 228/262/1
f 261/296/1 260/295/1 228/262/1
f 262/297/1 261/296/1 229/263/1
f 263/298/1 262/297/1 230/264/1
f 264/299/1 263/298/1 231/265/1
f 265/300/1 264/299/1 232/266/1
f 266/301/1 265/300/1 233/267/1
f 267/302/1 266/301/1 234/268/1
f 267/302/1 235/269/1 236/270/1
f 268/303/1 236/270/1 237/271/1
f 269/304/1 237/271/1 238/272/1
f 270/305/1 238/272/1 239/273/1
f 272/307/1 271/306/1 239/273/1
f 272/307/1 240/274/1 241/275/1
f 274/309/1 273/308/1 241/275/1
f 274/309/1 242/276/1 243/277/1
f 276/311/1 275/310/1 243/277/1
f 276/311/1 244/278/1 245/279/1
f 278/313/1 277/312/1 245/279/1
f 279/314/1 278/313/1 246/280/1
f 280/315/1 279/314/1 247/281/1
f 281/316/1 280/315/1 248/282/1
f 282/317/1 281/316/1 249/283/1
f 282/317/1 250/284/1 251/285/1
f 283/318/1 251/285/1 252/286/1
f 284/319/1 252/286/1 253/287/1
f 285/320/1 253/287/1 254/288/1
f 287/322/1 286/321/1 254/288/1
f 287/322/1 255/289/1 256/290/1
f 288/323/1 256/290/1 257/291/1
f 258/293/1 289/324/1 257/291/1
f 290/325/1 258/293/1 259/294/1
f 291/326/1 259/294/1 260/295/1
f 293/328/1 292/327/1 260/295/1
f 294/329/1 293/328/1 261/296/1
f 295/330/1 294/329/1 262/297/1
f 296/331/1 295/330/1 263/298/1
f 297/332/1 296/331/1 264/299/1
f 297/332/1 265/300/1 266/301/1
f 299/334/1 298/333/1 266/301/1
f 299/334/1 267/302/1 268/303/1
f 300/335/1 268/303/1 269/304/1
f 301/336/1 269/304/1 270/305/1
f 302/337/1 270/305/1 271/306/1
f 304/339/1 303/338/1 271/306/1
f 304/339/1 272/307/1 273/308/1
f 306/341/1 305/340/1 273/308/1
f 306/341/1 274/309/1 275/310/1
f 308/343/1 307/342/1 275/310/1
f 309/344/1 308/343/1 276/311/1
f 309/344/1 277/312/1 278/313/1
f 311/346/1 310/345/1 278/313/1
f 311/346/1 279/314/1 280/315/1
f 313/348/1 312/347/1 280/315/1
f 313/348/1 281/316/1 282/317/1
f 314/349/1 282/317/1 283/318/1
f 315/350/1 283/318/1 284/319/1
f 316/351/1 284/319/1 285/320/1
f 317/352/1 285/320/1 286/321/1
f 318/353/1 286/321/1 287/322/1
f 319/354/1 287/322/1 288/323/1
f 321/356/1 320/355/1 288/323/1
f 290/325/1 321/356/1 289/324/1
f 322/357/1 290/325/1 291/326/1
f 323/358/1 291/326/1 292/327/1
f 325/360/1 324/359/1 292/327/1
f 326/361/1 325/360/1 293/328/1
f 327/362/1 326/361/1 294/329/1
f 328/363/1 327/362/1 295/330/1
f 329/364/1 328/363/1 296/331/1
f 329/364/1 297/332/1 298/333/1
f 331/366/1 330/365/1 298/333/1
f 331/366/1 299/334/1 300/335/1
f 332/367/1 300/335/1 301/336/1
f 333/368/1 301/336/1 302/337/1
f 334/369/1 302/337/1 303/338/1
f 336/371/1 335/370/1 303/338/1
f 336/371/1 304/339/1 305/340/1
f 338/373/1 337/372/1 305/340/1
f 338/373/1 306/341/1 307/342/1
f 340/375/1 339/374/1 307/342/1
f 340/375/1 308/343/1 309/344/1
f 342/377/1 341/376/1 309/344/1
f 343/378/1 342/377/1 310/345/1
f 343/378/1 311/346/1 312/347/1
f 345/380/1 344/379/1 312/347/1
f 345/380/1 313/348/1 314/349/1
f 346/381/1 314/349/1 315/350/1
f 347/382/1 315/350/1 316/351/1
f 348/383/1 316/351/1 317/352/1
f 349/384/1 317/352/1 318/353/1
f 350/385/1 318/353/1 319/354/1
f 351/386/1 319/354/1 320/355/1
f 352/387/1 320/355/1 321/356/1
f 322/357/1 353/388/1 321/356/1
f 354/389/1 322/357/1 323/358/1
f 355/390/1 323/358/1 324/359/1
f 357/392/1 356/391/1 324/359/1
f 358/393/1 357/392/1 325/360/1
f 359/394/1 358/393/1 326/361/1
f 360/395/1 359/394/1 327/362/1
f 361/396/1 360/395/1 328/363/1
f 362/397/1 361/396/1 329/364/1
f 363/398/1 362/397/1 330/365/1
f 363/398/1 331/366/1 332/367/1
f 364/399/1 332/367/1 333/368/1
f 365/400/1 333/368/1 334/369/1
f 366/401/1 334/369/1 335/370/1
f 368/403/1 367/402/1 335/370/1
f 368/403/1 336/371/1 337/372/1
f 370/405/1 369/404/1 337/372/1
f 370/405/1 338/373/1 339/374/1
f 372/407/1 371/406/1 339/374/1
f 373/408/1 372/407/1 340/375/1
f 374/409/1 373/408/1 341/376/1
f 375/410/1 374/409/1 342/377/1
f 375/410/1 343/378/1 344/379/1
f 377/412/1 376/411/1 344/379/1
f 378/413/1 377/412/1 345/380/1
f 378/413/1 346/381/1 347/382/1
f 379/414/1 347/382/1 348/383/1
f 380/415/1 348/383/1 349/384/1
f 381/416/1 349/384/1 350/385/1
f 382/417/1 350/385/1 351/386/1
f 383/418/1 351/386/1 352/387/1
f 384/419/1 352/387/1 353/388/1
f 354/389/1 385/420/1 353/388/1
f 386/421/1 354/389/1 355/390/1
f 387/422/1 355/390/1 356/391/1
f 389/424/1 388/423/1 356/391/1
f 390/425/1 389/424/1 357/392/1
f 391/426/1 390/425/1 358/393/1
f 392/427/1 391/426/1 359/394/1
f 393/428/1 392/427/1 360/395/1
f 393/428/1 361/396/1 362/397/1
f 395/430/1 394/429/1 362/397/1
f 395/430/1 363/398/1 364/399/1
f 396/431/1 364/399/1 365/400/1
f 398/433/1 397/432/1 365/400/1
f 398/433/1 366/401/1 367/402/1
f 400/435/1 399/434/1 367/402/1
f 400/435/1 368/403/1 369/404/1
f 402/437/1 401/436/1 369/404/1
f 402/437/1 370/405/1 371/406/1
f 404/439/1 403/438/1 371/406/1
f 404/439/1 372/407/1 373/408/1
f 405/440/1 373/408/1 374/409/1
f 407/442/1 406/441/1 374/409/1
f 407/442/1 375/410/1 376/411/1
f 409/444/1 408/443/1 376/411/1
f 409/444/1 377/412/1 378/413/1
f 411/446/1 410/445/1 378/413/1
f 411/446/1 379/414/1 380/415/1
f 412/447/1 380/415/1 381/416/1
f 413/448/1 381/416/1 382/417/1
f 414/449/1 382/417/1 383/418/1
f 415/450/1 383/418/1 384/419/1
f 416/451/1 384/419/1 385/420/1
f 386/421/1 417/452/1 385/420/1
f 418/453/1 386/421/1 387/422/1
f 420/455/1 419/454/1 387/422/1
f 421/456/1 420/455/1 388/423/1
f 421/456/1 389/424/1 390/425/1
f 423/458/1 422/457/1 390/425/1
f 424/459/1 423/458/1 391/426/1
f 425/460/1 424/459/1 392/427/1
f 425/460/1 393/428/1 394/429/1
f 427/462/1 426/461/1 394/429/1
f 427/462/1 395/430/1 396/431/1
f 428/463/1 396/431/1 397/432/1
f 429/464/1 397/432/1 398/433/1
f 430/465/1 398/433/1 399/434/1
f 432/467/1 431/466/1 399/434/1
f 432/467/1 400/435/1 401/436/1
f 434/469/1 433/468/1 401/436/1
f 434/469/1 402/437/1 403/438/1
f 436/471/1 435/470/1 403/438/1
f 436/471/1 404/439/1 405/440/1
f 438/473/1 437/472/1 405/440/1
f 439/474/1 438/473/1 406/441/1
f 439/474/1 407/442/1 408/443/1
f 441/476/1 440/475/1 408/443/1
f 441/476/1 409/444/1 410/445/1
f 443/478/1 442/477/1 410/445/1
f 443/478/1 411/446/1 412/447/1
f 444/479/1 412/447/1 413/448/1
f 445/480/1 413/448/1 414/449/1
f 446/481/1 414/449/1 415/450/1
f 447/482/1 415/450/1 416/451/1
f 449/484/1 448/483/1 416/451/1
f 418/453/1 449/484/1 417/452/1
f 450/485/1 418/453/1 419/454/1
f 451/486/1 419/454/1 420/455/1
f 453/488/1 452/487/1 420/455/1
f 453/488/1 421/456/1 422/457/1
f 455/490/1 454/489/1 422/457/1
f 456/491/1 455/490/1 423/458/1
f 457/492/1 456/491/1 424/459/1
f 458/493/1 457/492/1 425/460/1
f 459/494/1 458/493/1 426/461/1
f 459/494/1 427/462/1 428/463/1
f 460/495/1 428/463/1 429/464/1
f 461/496/1 429/464/1 430/465/1
f 462/497/1 430/465/1 431/466/1
f 464/499/1 463/498/1 431/466/1
f 464/499/1 432/467/1 433/468/1
f 466/501/1 465/500/1 433/468/1
f 466/501/1 434/469/1 435/470/1
f 468/503/1 467/502/1 435/470/1
f 469/504/1 468/503/1 436/471/1
f 469/504/1 437/472/1 438/473/1
f 471/506/1 470/505/1 438/473/1
f 471/506/1 439/474/1 440/475/1
f 473/508/1 472/507/1 440/475/1
f 473/508/1 441/476/1 442/477/1
f 475/510/1 474/509/1 442/477/1
f 475/510/1 443/478/1 444/479/1
f 476/511/1 444/479/1 445/480/1
f 477/512/1 445/480/1 446/481/1
f 478/513/1 446/481/1 447/482/1
f 479/514/1 447/482/1 448/483/1
f 481/516/1 480/515/1 448/483/1
f 481/516/1 449/484/1 418/453/1
f 482/22/1 450/485/1 451/486/1
f 483/26/1 451/486/1 452/487/1
f 485/30/1 484/28/1 452/487/1
f 485/30/1 453/488/1 454/489/1
f 487/34/1 486/32/1 454/489/1
f 488/36/1 487/34/1 455/490/1
f 489/17/1 488/36/1 456/491/1
f 489/17/1 457/492/1 458/493/1
f 490/5/1 458/493/1 459/494/1
f 491/6/1 459/494/1 460/495/1
f 492/10/1 460/495/1 461/496/1
f 493/12/1 461/496/1 462/497/1
f 494/14/1 462/497/1 463/498/1
f 496/18/1 495/16/1 463/498/1
f 496/18/1 464/499/1 465/500/1
f 498/19/1 497/24/1 465/500/1
f 498/19/1 466/501/1 467/502/1
f 500/25/1 499/20/1 467/502/1
f 501/27/1 500/25/1 468/503/1
f 501/27/1 469/504/1 470/505/1
f 503/31/1 502/29/1 470/505/1
f 503/31/1 471/506/1 472/507/1
f 505/35/1 504/33/1 472/507/1
f 506/8/1 505/35/1 473/508/1
f 506/8/1 474/509/1 475/510/1
f 507/7/1 475/510/1 476/511/1
f 508/9/1 476/511/1 477/512/1
f 509/11/1 477/512/1 478/513/1
f 510/13/1 478/513/1 479/514/1
f 511/15/1 479/514/1 480/515/1
f 513/21/1 512/23/1 480/515/1
f 482/22/1 513/21/1 481/516/1
f 1042/517/98 1041/626/97 34/627/2
f 1043/520/138 1024/519/96 65/518/33
f 1044/523/134 1023/522/95 64/521/32
f 1045/526/101 1022/525/94 63/524/31
f 1046/529/102 1021/528/93 62/527/30
f 1047/532/103 1020/531/92 61/530/29
f 1048/535/104 1019/534/91 60/533/28
f 1049/538/105 1018/537/90 59/536/27
f 1050/541/106 1017/540/89 58/539/26
f 1051/544/107 1016/543/88 57/542/25
f 1052/547/108 1015/546/87 56/545/24
f 1053/550/109 1014/549/86 55/548/23
f 1054/553/110 1013/552/85 54/551/22
f 1055/556/111 1012/555/84 53/554/21
f 1056/559/112 1011/558/83 52/557/20
f 1057/562/113 1010/561/82 51/560/19
f 529/569/49 1490/565/114 1473/570/80
f 528/1/48 1491/568/115 1472/572/79
f 527/574/47 1492/571/116 1471/575/78
f 526/577/46 1493/573/117 1470/578/77
f 525/580/45 1494/576/118 1469/581/76
f 524/2/44 1495/579/119 1468/583/75
f 523/585/43 1496/582/120 1467/586/74
f 522/588/42 1497/584/121 1466/589/73
f 521/591/41 1498/587/122 1465/592/72
f 520/594/40 1499/590/123 1464/595/71
f 519/597/39 1500/593/124 1463/598/70
f 518/600/38 1501/596/133 1462/601/69
f 517/603/37 1502/599/126 1461/604/68
f 516/3/36 1503/602/127 1460/606/67
f 515/608/35 1504/605/128 1459/609/66
f 514/610/34 1505/607/129 1442/628/97
f 577/629/97 1249/630/129 1186/631/97
f 546/632/66 1248/633/128 1203/634/66
f 547/635/67 1247/636/127 1204/637/67
f 548/638/68 1246/639/126 1205/640/68
f 549/641/69 1245/642/133 1206/643/69
f 550/644/70 1244/645/124 1207/646/70
f 551/647/71 1243/648/123 1208/649/71
f 552/650/72 1242/651/122 1209/652/72
f 553/653/73 1241/654/121 1210/655/73
f 554/656/74 1240/657/120 1211/658/74
f 555/659/75 1239/660/119 1212/661/131
f 556/662/76 1238/663/118 1213/664/76
f 557/665/77 1237/666/117 1214/667/77
f 558/668/78 1236/669/116 1215/670/78
f 559/671/79 1235/672/115 1216/673/79
f 560/674/80 1234/675/114 1217/676/80
f 1266/677/82 593/678/113 1313/679/113
f 1267/680/83 592/681/112 1312/682/112
f 1268/683/84 591/684/111 1311/685/111
f 1269/686/85 590/687/110 1310/688/110
f 1270/689/86 589/690/109 1309/691/109
f 1271/692/132 588/693/108 1308/694/108
f 1272/695/88 587/696/107 1307/697/107
f 1273/698/89 586/699/106 1306/700/106
f 1274/701/90 585/702/105 1305/703/105
f 1275/704/91 584/705/104 1304/706/104
f 1276/707/92 583/708/103 1303/709/103
f 1277/710/93 582/711/102 1302/712/102
f 1278/713/94 581/714/101 1301/715/101
f 1279/716/95 580/717/100 1300/718/100
f 1280/719/96 579/720/99 1299/721/99
f 1297/722/97 578/723/98 1298/724/98
f 609/725/129 1203/634/66 1249/630/129
f 608/726/128 1204/637/67 1248/633/128
f 607/727/127 1205/640/68 1247/636/127
f 606/728/126 1206/643/69 1246/639/126
f 605/729/125 1207/646/70 1245/642/133
f 604/730/124 1208/649/71 1244/645/124
f 603/731/123 1209/652/72 1243/648/123
f 602/732/122 1210/655/73 1242/651/122
f 601/733/121 1211/658/74 1241/654/121
f 600/734/120 1212/661/131 1240/657/120
f 599/735/119 1213/664/76 1239/660/119
f 598/736/118 1214/667/77 1238/663/118
f 597/737/117 1215/670/78 1237/666/117
f 596/738/116 1216/673/79 1236/669/116
f 595/739/115 1217/676/80 1235/672/115
f 594/740/114 1218/741/81 1234/675/114
f 1313/679/113 561/742/81 1265/743/81
f 1312/682/112 562/744/82 1266/677/82
f 1311/685/111 563/745/83 1267/680/83
f 1310/688/110 564/746/84 1268/683/84
f 1309/691/109 565/747/85 1269/686/85
f 1308/694/108 566/748/86 1270/689/86
f 1307/697/107 567/749/87 1271/692/132
f 1306/700/106 568/750/88 1272/695/88
f 1305/703/105 569/751/89 1273/698/89
f 1304/706/104 570/752/90 1274/701/90
f 1303/709/103 571/753/91 1275/704/91
f 1302/712/102 572/754/92 1276/707/92
f 1301/715/101 573/755/93 1277/710/93
f 1300/718/100 574/756/94 1278/713/94
f 1299/721/99 575/757/95 1279/716/95
f 1298/724/98 576/758/96 1280/719/96
f 641/759/114 1090/760/81 1106/761/114
f 642/762/115 1089/763/80 1107/764/115
f 643/765/116 1088/766/79 1108/767/116
f 644/768/117 1087/769/78 1109/770/117
f 645/771/118 1086/772/77 1110/773/118
f 646/774/119 1085/775/76 1111/776/119
f 647/777/120 1084/778/131 1112/779/120
f 648/780/121 1083/781/74 1113/782/121
f 649/783/122 1082/784/73 1114/785/122
f 650/786/123 1081/787/72 1115/788/123
f 651/789/124 1080/790/71 1116/791/124
f 652/792/125 1079/793/70 1117/794/133
f 653/795/126 1078/796/69 1118/797/126
f 654/798/127 1077/799/68 1119/800/127
f 655/801/128 1076/802/67 1120/803/128
f 656/804/129 1075/805/66 1121/806/129
f 624/807/80 1106/761/114 1089/763/80
f 623/808/79 1107/764/115 1088/766/79
f 622/809/78 1108/767/116 1087/769/78
f 621/810/77 1109/770/117 1086/772/77
f 620/811/76 1110/773/118 1085/775/76
f 619/812/75 1111/776/119 1084/778/131
f 618/813/74 1112/779/120 1083/781/74
f 617/814/73 1113/782/121 1082/784/73
f 616/815/72 1114/785/122 1081/787/72
f 615/816/71 1115/788/123 1080/790/71
f 614/817/70 1116/791/124 1079/793/70
f 613/818/69 1117/794/133 1078/796/69
f 612/819/68 1118/797/126 1077/799/68
f 611/820/67 1119/800/127 1076/802/67
f 610/821/66 1120/803/128 1075/805/66
f 657/822/97 1121/806/129 1058/823/97
f 1138/824/82 673/825/113 1185/826/113
f 1139/827/83 672/828/112 1184/829/112
f 1140/830/84 671/831/111 1183/832/111
f 1141/833/85 670/834/110 1182/835/110
f 1142/836/86 669/837/109 1181/838/109
f 1143/839/87 668/840/108 1180/841/108
f 1144/842/88 667/843/107 1179/844/107
f 1145/845/89 666/846/106 1178/847/106
f 1146/848/90 665/849/105 1177/850/105
f 1147/851/91 664/852/104 1176/853/104
f 1148/854/92 663/855/103 1175/856/103
f 1149/857/93 662/858/130 1174/859/102
f 1150/860/94 661/861/101 1173/862/101
f 1151/863/95 660/864/100 1172/865/100
f 1152/866/96 659/867/99 1171/868/99
f 1169/869/97 658/870/98 1170/871/98
f 1185/826/113 625/872/81 1137/873/81
f 1184/829/112 626/874/82 1138/824/82
f 1183/832/111 627/875/83 1139/827/83
f 1182/835/110 628/876/84 1140/830/84
f 1181/838/109 629/877/85 1141/833/85
f 1180/841/108 630/878/86 1142/836/86
f 1179/844/107 631/879/87 1143/839/87
f 1178/847/106 632/880/88 1144/842/88
f 1177/850/105 633/881/89 1145/845/89
f 1176/853/104 634/882/90 1146/848/90
f 1175/856/103 635/883/91 1147/851/91
f 1174/859/102 636/884/92 1148/854/92
f 1173/862/101 637/885/93 1149/857/93
f 1172/865/100 638/886/94 1150/860/94
f 1171/868/99 639/887/95 1151/863/95
f 1170/871/98 640/888/96 1152/866/96
f 1426/889/98 721/890/96 1408/891/96
f 1427/892/99 720/893/95 1407/894/95
f 1428/895/100 719/896/94 1406/897/94
f 1429/898/101 718/899/93 1405/900/93
f 1430/901/102 717/902/92 1404/903/92
f 1431/904/103 716/905/91 1403/906/91
f 1432/907/104 715/908/90 1402/909/90
f 1433/910/105 714/911/89 1401/912/89
f 1434/913/106 713/914/88 1400/915/88
f 1435/916/107 712/917/132 1399/918/132
f 1436/919/108 711/920/86 1398/921/86
f 1437/922/109 710/923/85 1397/924/85
f 1438/925/110 709/926/84 1396/927/84
f 1439/928/111 708/929/83 1395/930/83
f 1440/931/112 707/932/82 1394/933/82
f 1441/934/113 706/935/81 1393/936/81
f 1425/937/97 675/938/98 1426/889/98
f 1408/891/96 676/939/99 1427/892/99
f 1407/894/95 677/940/100 1428/895/100
f 1406/897/94 678/941/101 1429/898/101
f 1405/900/93 679/942/102 1430/901/102
f 1404/903/92 680/943/103 1431/904/103
f 1403/906/91 681/944/104 1432/907/104
f 1402/909/90 682/945/105 1433/910/105
f 1401/912/89 683/946/106 1434/913/106
f 1400/915/88 684/947/107 1435/916/107
f 1399/918/132 685/948/108 1436/919/108
f 1398/921/86 686/949/109 1437/922/109
f 1397/924/85 687/950/110 1438/925/110
f 1396/927/84 688/951/111 1439/928/111
f 1395/930/83 689/952/112 1440/931/112
f 1394/933/82 690/953/113 1441/934/113
f 674/954/97 1377/955/129 1314/956/97
f 691/957/66 1376/958/128 1331/959/66
f 692/960/67 1375/961/127 1332/962/67
f 693/963/68 1374/964/126 1333/965/68
f 694/966/69 1373/967/133 1334/968/69
f 695/969/70 1372/970/124 1335/971/70
f 696/972/71 1371/973/123 1336/974/71
f 697/975/72 1370/976/122 1337/977/72
f 698/978/73 1369/979/121 1338/980/73
f 699/981/74 1368/982/120 1339/983/74
f 700/984/131 1367/985/119 1340/986/131
f 701/987/76 1366/988/118 1341/989/76
f 702/990/77 1365/991/117 1342/992/77
f 703/993/78 1364/994/116 1343/995/78
f 704/996/79 1363/997/115 1344/998/79
f 705/999/80 1362/1000/114 1345/1001/80
f 737/1002/129 1331/959/66 1377/955/129
f 736/1003/128 1332/962/67 1376/958/128
f 735/1004/127 1333/965/68 1375/961/127
f 734/1005/126 1334/968/69 1374/964/126
f 733/1006/133 1335/971/70 1373/967/133
f 732/1007/124 1336/974/71 1372/970/124
f 731/1008/123 1337/977/72 1371/973/123
f 730/1009/122 1338/980/73 1370/976/122
f 729/1010/121 1339/983/74 1369/979/121
f 728/1011/120 1340/986/131 1368/982/120
f 727/1012/119 1341/989/76 1367/985/119
f 726/1013/118 1342/992/77 1366/988/118
f 725/1014/117 1343/995/78 1365/991/117
f 724/1015/116 1344/998/79 1364/994/116
f 723/1016/115 1345/1001/80 1363/997/115
f 722/1017/114 1346/1018/81 1362/1000/114
f 785/1019/97 1040/1020/137 1041/626/97
f 738/1021/66 1039/1022/136 994/1023/66
f 739/1024/67 1038/1025/127 995/1026/67
f 740/1027/68 1037/1028/126 996/1029/68
f 741/1030/69 1036/1031/125 997/1032/69
f 742/1033/70 1035/1034/124 998/1035/70
f 743/1036/71 1034/1037/135 999/1038/71
f 744/1039/72 1033/1040/122 1000/1041/72
f 745/1042/73 1032/1043/121 1001/1044/73
f 746/1045/74 1031/1046/120 1002/1047/74
f 747/1048/75 1030/1049/119 1003/1050/131
f 748/1051/76 1029/1052/118 1004/1053/76
f 749/1054/77 1028/1055/117 1005/1056/77
f 750/1057/78 1027/1058/116 1006/1059/78
f 751/1060/79 1026/1061/115 1007/1062/79
f 752/1063/80 1025/1064/114 1008/1065/80
f 784/1066/129 994/1023/66 1040/1020/137
f 783/1067/128 995/1026/67 1039/1022/136
f 782/1068/127 996/1029/68 1038/1025/127
f 781/1069/126 997/1032/69 1037/1028/126
f 780/1070/125 998/1035/70 1036/1031/125
f 779/1071/124 999/1038/71 1035/1034/124
f 778/1072/123 1000/1041/72 1034/1037/135
f 777/1073/122 1001/1044/73 1033/1040/122
f 776/1074/121 1002/1047/74 1032/1043/121
f 775/1075/120 1003/1050/131 1031/1046/120
f 774/1076/119 1004/1053/76 1030/1049/119
f 773/1077/118 1005/1056/77 1029/1052/118
f 772/1078/117 1006/1059/78 1028/1055/117
f 771/1079/116 1007/1062/79 1027/1058/116
f 770/1080/115 1008/1065/80 1026/1061/115
f 769/1081/114 1009/564/81 1025/1064/114
f 1091/1082/82 801/1083/113 1074/1084/113
f 1092/1085/83 800/1086/112 1073/1087/112
f 1093/1088/84 799/1089/111 1072/1090/111
f 1094/1091/85 798/1092/110 1071/1093/110
f 1095/1094/86 797/1095/109 1070/1096/109
f 1096/1097/132 796/1098/108 1069/1099/108
f 1097/1100/88 795/1101/107 1068/1102/107
f 1098/1103/89 794/1104/106 1067/1105/106
f 1099/1106/90 793/1107/105 1066/1108/105
f 1100/1109/91 792/1110/104 1065/1111/104
f 1101/1112/92 791/1113/103 1064/1114/103
f 1102/1115/93 790/1116/102 1063/1117/130
f 1103/1118/94 789/1119/101 1062/1120/101
f 1104/1121/95 788/1122/134 1061/1123/100
f 1105/1124/96 787/1125/99 1060/1126/99
f 1058/823/97 786/1127/98 1059/1128/98
f 1074/1084/113 753/1129/81 1090/760/81
f 1073/1087/112 754/1130/82 1091/1082/82
f 1072/1090/111 755/1131/83 1092/1085/83
f 1071/1093/110 756/1132/84 1093/1088/84
f 1070/1096/109 757/1133/85 1094/1091/85
f 1069/1099/108 758/1134/86 1095/1094/86
f 1068/1102/107 759/1135/132 1096/1097/132
f 1067/1105/106 760/1136/88 1097/1100/88
f 1066/1108/105 761/1137/89 1098/1103/89
f 1065/1111/104 762/1138/90 1099/1106/90
f 1064/1114/103 763/1139/91 1100/1109/91
f 1063/1117/130 764/1140/92 1101/1112/92
f 1062/1120/101 765/1141/93 1102/1115/93
f 1061/1123/100 766/1142/94 1103/1118/94
f 1060/1126/99 767/1143/95 1104/1121/95
f 1059/1128/98 768/1144/96 1105/1124/96
f 1187/1145/98 849/1146/96 1233/1147/96
f 1188/1148/99 848/1149/95 1232/1150/95
f 1189/1151/100 847/1152/94 1231/1153/94
f 1190/1154/101 846/1155/93 1230/1156/93
f 1191/1157/102 845/1158/92 1229/1159/92
f 1192/1160/103 844/1161/91 1228/1162/91
f 1193/1163/104 843/1164/90 1227/1165/90
f 1194/1166/105 842/1167/89 1226/1168/89
f 1195/1169/106 841/1170/88 1225/1171/88
f 1196/1172/107 840/1173/132 1224/1174/87
f 1197/1175/108 839/1176/86 1223/1177/86
f 1198/1178/109 838/1179/85 1222/1180/85
f 1199/1181/110 837/1182/84 1221/1183/84
f 1200/1184/111 836/1185/83 1220/1186/83
f 1201/1187/112 835/1188/82 1219/1189/82
f 1202/1190/113 834/1191/81 1218/741/81
f 1186/631/97 803/1192/98 1187/1145/98
f 1233/1147/96 804/1193/99 1188/1148/99
f 1232/1150/95 805/1194/100 1189/1151/100
f 1231/1153/94 806/1195/101 1190/1154/101
f 1230/1156/93 807/1196/102 1191/1157/102
f 1229/1159/92 808/1197/103 1192/1160/103
f 1228/1162/91 809/1198/104 1193/1163/104
f 1227/1165/90 810/1199/105 1194/1166/105
f 1226/1168/89 811/1200/106 1195/1169/106
f 1225/1171/88 812/1201/107 1196/1172/107
f 1224/1174/87 813/1202/108 1197/1175/108
f 1223/1177/86 814/1203/109 1198/1178/109
f 1222/1180/85 815/1204/110 1199/1181/110
f 1221/1183/84 816/1205/111 1200/1184/111
f 1220/1186/83 817/1206/112 1201/1187/112
f 1219/1189/82 818/1207/113 1202/1190/113
f 850/1208/114 1137/873/81 1153/1209/114
f 851/1210/115 1136/1211/80 1154/1212/115
f 852/1213/116 1135/1214/79 1155/1215/116
f 853/1216/117 1134/1217/78 1156/1218/117
f 854/1219/118 1133/1220/77 1157/1221/118
f 855/1222/119 1132/1223/76 1158/1224/119
f 856/1225/120 1131/1226/75 1159/1227/120
f 857/1228/121 1130/1229/74 1160/1230/121
f 858/1231/122 1129/1232/73 1161/1233/122
f 859/1234/123 1128/1235/72 1162/1236/123
f 860/1237/124 1127/1238/71 1163/1239/124
f 861/1240/125 1126/1241/70 1164/1242/125
f 862/1243/126 1125/1244/69 1165/1245/126
f 863/1246/127 1124/1247/68 1166/1248/127
f 864/1249/128 1123/1250/67 1167/1251/128
f 865/1252/129 1122/1253/66 1168/1254/129
f 833/1255/80 1153/1209/114 1136/1211/80
f 832/1256/79 1154/1212/115 1135/1214/79
f 831/1257/78 1155/1215/116 1134/1217/78
f 830/1258/77 1156/1218/117 1133/1220/77
f 829/1259/76 1157/1221/118 1132/1223/76
f 828/1260/131 1158/1224/119 1131/1226/75
f 827/1261/74 1159/1227/120 1130/1229/74
f 826/1262/73 1160/1230/121 1129/1232/73
f 825/1263/72 1161/1233/122 1128/1235/72
f 824/1264/71 1162/1236/123 1127/1238/71
f 823/1265/70 1163/1239/124 1126/1241/70
f 822/1266/69 1164/1242/125 1125/1244/69
f 821/1267/68 1165/1245/126 1124/1247/68
f 820/1268/67 1166/1248/127 1123/1250/67
f 819/1269/66 1167/1251/128 1122/1253/66
f 802/1270/97 1168/1254/129 1169/869/97
f 897/1271/114 1265/743/81 1281/1272/114
f 898/1273/115 1264/1274/80 1282/1275/115
f 899/1276/116 1263/1277/79 1283/1278/116
f 900/1279/117 1262/1280/78 1284/1281/117
f 901/1282/118 1261/1283/77 1285/1284/118
f 902/1285/119 1260/1286/76 1286/1287/119
f 903/1288/120 1259/1289/75 1287/1290/120
f 904/1291/121 1258/1292/74 1288/1293/121
f 905/1294/122 1257/1295/73 1289/1296/122
f 906/1297/123 1256/1298/72 1290/1299/123
f 907/1300/124 1255/1301/71 1291/1302/124
f 908/1303/133 1254/1304/70 1292/1305/133
f 909/1306/126 1253/1307/69 1293/1308/126
f 910/1309/127 1252/1310/68 1294/1311/127
f 911/1312/128 1251/1313/67 1295/1314/128
f 912/1315/129 1250/1316/66 1296/1317/129
f 880/1318/80 1281/1272/114 1264/1274/80
f 879/1319/79 1282/1275/115 1263/1277/79
f 878/1320/78 1283/1278/116 1262/1280/78
f 877/1321/77 1284/1281/117 1261/1283/77
f 876/1322/76 1285/1284/118 1260/1286/76
f 875/1323/75 1286/1287/119 1259/1289/75
f 874/1324/74 1287/1290/120 1258/1292/74
f 873/1325/73 1288/1293/121 1257/1295/73
f 872/1326/72 1289/1296/122 1256/1298/72
f 871/1327/71 1290/1299/123 1255/1301/71
f 870/1328/70 1291/1302/124 1254/1304/70
f 869/1329/69 1292/1305/133 1253/1307/69
f 868/1330/68 1293/1308/126 1252/1310/68
f 867/1331/67 1294/1311/127 1251/1313/67
f 866/1332/66 1295/1314/128 1250/1316/66
f 913/1333/97 1296/1317/129 1297/722/97
f 1315/1334/98 896/1335/96 1361/1336/96
f 1316/1337/99 895/1338/95 1360/1339/95
f 1317/1340/100 894/1341/94 1359/1342/94
f 1318/1343/101 893/1344/93 1358/1345/93
f 1319/1346/102 892/1347/92 1357/1348/92
f 1320/1349/103 891/1350/91 1356/1351/91
f 1321/1352/104 890/1353/90 1355/1354/90
f 1322/1355/105 889/1356/89 1354/1357/89
f 1323/1358/106 888/1359/88 1353/1360/88
f 1324/1361/107 887/1362/132 1352/1363/87
f 1325/1364/108 886/1365/86 1351/1366/86
f 1326/1367/109 885/1368/85 1350/1369/85
f 1327/1370/110 884/1371/84 1349/1372/84
f 1328/1373/111 883/1374/83 1348/1375/83
f 1329/1376/112 882/1377/82 1347/1378/82
f 1330/1379/113 881/1380/81 1346/1018/81
f 1314/956/97 914/1381/98 1315/1334/98
f 1361/1336/96 915/1382/99 1316/1337/99
f 1360/1339/95 916/1383/100 1317/1340/100
f 1359/1342/94 917/1384/101 1318/1343/101
f 1358/1345/93 918/1385/102 1319/1346/102
f 1357/1348/92 919/1386/103 1320/1349/103
f 1356/1351/91 920/1387/104 1321/1352/104
f 1355/1354/90 921/1388/105 1322/1355/105
f 1354/1357/89 922/1389/106 1323/1358/106
f 1353/1360/88 923/1390/107 1324/1361/107
f 1352/1363/87 924/1391/108 1325/1364/108
f 1351/1366/86 925/1392/109 1326/1367/109
f 1350/1369/85 926/1393/110 1327/1370/110
f 1349/1372/84 927/1394/111 1328/1373/111
f 1348/1375/83 928/1395/112 1329/1376/112
f 1347/1378/82 929/1396/113 1330/1379/113
f 1475/1397/82 946/1398/113 1458/1399/113
f 1476/1400/83 945/1401/112 1457/1402/112
f 1477/1403/84 944/1404/111 1456/1405/111
f 1478/1406/85 943/1407/110 1455/1408/110
f 1479/1409/86 942/1410/109 1454/1411/109
f 1480/1412/132 941/1413/108 1453/1414/108
f 1481/1415/88 940/1416/107 1452/1417/107
f 1482/1418/89 939/1419/106 1451/1420/106
f 1483/1421/90 938/1422/105 1450/1423/105
f 1484/1424/91 937/1425/104 1449/1426/104
f 1485/1427/92 936/1428/103 1448/1429/103
f 1486/1430/93 935/1431/102 1447/1432/102
f 1487/1433/94 934/1434/101 1446/1435/101
f 1488/1436/95 933/1437/100 1445/1438/100
f 1489/1439/96 932/1440/99 1444/1441/99
f 1442/628/97 931/1442/98 1443/1443/98
f 1458/1399/113 962/1444/81 1474/567/81
f 1457/1402/112 963/1445/82 1475/1397/82
f 1456/1405/111 964/1446/83 1476/1400/83
f 1455/1408/110 965/1447/84 1477/1403/84
f 1454/1411/109 966/1448/85 1478/1406/85
f 1453/1414/108 967/1449/86 1479/1409/86
f 1452/1417/107 968/1450/87 1480/1412/132
f 1451/1420/106 969/1451/88 1481/1415/88
f 1450/1423/105 970/1452/89 1482/1418/89
f 1449/1426/104 971/1453/90 1483/1421/90
f 1448/1429/103 972/1454/91 1484/1424/91
f 1447/1432/102 973/1455/92 1485/1427/92
f 1446/1435/101 974/1456/93 1486/1430/93
f 1445/1438/100 975/1457/94 1487/1433/94
f 1444/1441/99 976/1458/95 1488/1436/95
f 1443/1443/98 977/1459/96 1489/1439/96
f 930/1460/97 1424/1461/129 1425/937/97
f 947/1462/66 1423/1463/128 1378/1464/66
f 948/1465/67 1422/1466/127 1379/1467/67
f 949/1468/68 1421/1469/126 1380/1470/68
f 950/1471/69 1420/1472/133 1381/1473/69
f 951/1474/70 1419/1475/124 1382/1476/70
f 952/1477/71 1418/1478/123 1383/1479/71
f 953/1480/72 1417/1481/122 1384/1482/72
f 954/1483/73 1416/1484/121 1385/1485/73
f 955/1486/74 1415/1487/120 1386/1488/74
f 956/1489/131 1414/1490/119 1387/1491/75
f 957/1492/76 1413/1493/118 1388/1494/76
f 958/1495/77 1412/1496/117 1389/1497/77
f 959/1498/78 1411/1499/116 1390/1500/78
f 960/1501/79 1410/1502/115 1391/1503/79
f 961/1504/80 1409/1505/114 1392/1506/80
f 993/1507/129 1378/1464/66 1424/1461/129
f 992/1508/128 1379/1467/67 1423/1463/128
f 991/1509/127 1380/1470/68 1422/1466/127
f 990/1510/126 1381/1473/69 1421/1469/126
f 989/1511/133 1382/1476/70 1420/1472/133
f 988/1512/124 1383/1479/71 1419/1475/124
f 987/1513/123 1384/1482/72 1418/1478/123
f 986/1514/122 1385/1485/73 1417/1481/122
f 985/1515/121 1386/1488/74 1416/1484/121
f 984/1516/120 1387/1491/75 1415/1487/120
f 983/1517/119 1388/1494/76 1414/1490/119
f 982/1518/118 1389/1497/77 1413/1493/118
f 981/1519/117 1390/1500/78 1412/1496/117
f 980/1520/116 1391/1503/79 1411/1499/116
f 979/1521/115 1392/1506/80 1410/1502/115
f 978/1522/114 1393/936/81 1409/1505/114
f 1025/1064/114 50/563/18 49/1523/17
f 1026/1061/115 49/1523/17 48/1524/16
f 1027/1058/116 48/1524/16 47/1525/15
f 1028/1055/117 47/1525/15 46/1526/14
f 1029/1052/118 46/1526/14 45/1527/13
f 1030/1049/119 45/1527/13 44/1528/12
f 1031/1046/120 44/1528/12 43/1529/11
f 1032/1043/121 43/1529/11 42/1530/10
f 1033/1040/122 42/1530/10 41/1531/9
f 1034/1037/135 41/1531/9 40/1532/8
f 1035/1034/124 40/1532/8 39/1533/7
f 1036/1031/125 39/1533/7 38/1534/6
f 1037/1028/126 38/1534/6 37/1535/5
f 1038/1025/127 37/1535/5 36/1536/4
f 1039/1022/136 36/1536/4 35/1537/3
f 1040/1020/137 35/1537/3 34/627/2
f 49/1523/17 1008/1065/80 1025/1064/114
f 48/1524/16 1007/1062/79 1026/1061/115
f 47/1525/15 1006/1059/78 1027/1058/116
f 46/1526/14 1005/1056/77 1028/1055/117
f 45/1527/13 1004/1053/76 1029/1052/118
f 44/1528/12 1003/1050/131 1030/1049/119
f 43/1529/11 1002/1047/74 1031/1046/120
f 42/1530/10 1001/1044/73 1032/1043/121
f 41/1531/9 1000/1041/72 1033/1040/122
f 40/1532/8 999/1038/71 1034/1037/135
f 39/1533/7 998/1035/70 1035/1034/124
f 38/1534/6 997/1032/69 1036/1031/125
f 37/1535/5 996/1029/68 1037/1028/126
f 36/1536/4 995/1026/67 1038/1025/127
f 35/1537/3 994/1023/66 1039/1022/136
f 34/627/2 1041/626/97 1040/1020/137
f 754/1130/82 1057/562/113 801/1083/113
f 755/1131/83 1056/559/112 800/1086/112
f 756/1132/84 1055/556/111 799/1089/111
f 757/1133/85 1054/553/110 798/1092/110
f 758/1134/86 1053/550/109 797/1095/109
f 759/1135/132 1052/547/108 796/1098/108
f 760/1136/88 1051/544/107 795/1101/107
f 761/1137/89 1050/541/106 794/1104/106
f 762/1138/90 1049/538/105 793/1107/105
f 763/1139/91 1048/535/104 792/1110/104
f 764/1140/92 1047/532/103 791/1113/103
f 765/1141/93 1046/529/102 790/1116/102
f 766/1142/94 1045/526/101 789/1119/101
f 767/1143/95 1044/523/134 788/1122/134
f 768/1144/96 1043/520/138 787/1125/99
f 785/1019/97 1042/517/98 786/1127/98
f 801/1083/113 1009/564/81 753/1129/81
f 800/1086/112 1010/561/82 754/1130/82
f 799/1089/111 1011/558/83 755/1131/83
f 798/1092/110 1012/555/84 756/1132/84
f 797/1095/109 1013/552/85 757/1133/85
f 796/1098/108 1014/549/86 758/1134/86
f 795/1101/107 1015/546/87 759/1135/132
f 794/1104/106 1016/543/88 760/1136/88
f 793/1107/105 1017/540/89 761/1137/89
f 792/1110/104 1018/537/90 762/1138/90
f 791/1113/103 1019/534/91 763/1139/91
f 790/1116/102 1020/531/92 764/1140/92
f 789/1119/101 1021/528/93 765/1141/93
f 788/1122/134 1022/525/94 766/1142/94
f 787/1125/99 1023/522/95 767/1143/95
f 786/1127/98 1024/519/96 768/1144/96
f 658/870/98 1105/1124/96 640/888/96
f 659/867/99 1104/1121/95 639/887/95
f 660/864/100 1103/1118/94 638/886/94
f 661/861/101 1102/1115/93 637/885/93
f 662/858/130 1101/1112/92 636/884/92
f 663/855/103 1100/1109/91 635/883/91
f 664/852/104 1099/1106/90 634/882/90
f 665/849/105 1098/1103/89 633/881/89
f 666/846/106 1097/1100/88 632/880/88
f 667/843/107 1096/1097/132 631/879/87
f 668/840/108 1095/1094/86 630/878/86
f 669/837/109 1094/1091/85 629/877/85
f 670/834/110 1093/1088/84 628/876/84
f 671/831/111 1092/1085/83 627/875/83
f 672/828/112 1091/1082/82 626/874/82
f 673/825/113 1090/760/81 625/872/81
f 657/822/97 1059/1128/98 658/870/98
f 640/888/96 1060/1126/99 659/867/99
f 639/887/95 1061/1123/100 660/864/100
f 638/886/94 1062/1120/101 661/861/101
f 637/885/93 1063/1117/130 662/858/130
f 636/884/92 1064/1114/103 663/855/103
f 635/883/91 1065/1111/104 664/852/104
f 634/882/90 1066/1108/105 665/849/105
f 633/881/89 1067/1105/106 666/846/106
f 632/880/88 1068/1102/107 667/843/107
f 631/879/87 1069/1099/108 668/840/108
f 630/878/86 1070/1096/109 669/837/109
f 629/877/85 1071/1093/110 670/834/110
f 628/876/84 1072/1090/111 671/831/111
f 627/875/83 1073/1087/112 672/828/112
f 626/874/82 1074/1084/113 673/825/113
f 1058/823/97 784/1066/129 785/1019/97
f 1075/805/66 783/1067/128 738/1021/66
f 1076/802/67 782/1068/127 739/1024/67
f 1077/799/68 781/1069/126 740/1027/68
f 1078/796/69 780/1070/125 741/1030/69
f 1079/793/70 779/1071/124 742/1033/70
f 1080/790/71 778/1072/123 743/1036/71
f 1081/787/72 777/1073/122 744/1039/72
f 1082/784/73 776/1074/121 745/1042/73
f 1083/781/74 775/1075/120 746/1045/74
f 1084/778/131 774/1076/119 747/1048/75
f 1085/775/76 773/1077/118 748/1051/76
f 1086/772/77 772/1078/117 749/1054/77
f 1087/769/78 771/1079/116 750/1057/78
f 1088/766/79 770/1080/115 751/1060/79
f 1089/763/80 769/1081/114 752/1063/80
f 1121/806/129 738/1021/66 784/1066/129
f 1120/803/128 739/1024/67 783/1067/128
f 1119/800/127 740/1027/68 782/1068/127
f 1118/797/126 741/1030/69 781/1069/126
f 1117/794/133 742/1033/70 780/1070/125
f 1116/791/124 743/1036/71 779/1071/124
f 1115/788/123 744/1039/72 778/1072/123
f 1114/785/122 745/1042/73 777/1073/122
f 1113/782/121 746/1045/74 776/1074/121
f 1112/779/120 747/1048/75 775/1075/120
f 1111/776/119 748/1051/76 774/1076/119
f 1110/773/118 749/1054/77 773/1077/118
f 1109/770/117 750/1057/78 772/1078/117
f 1108/767/116 751/1060/79 771/1079/116
f 1107/764/115 752/1063/80 770/1080/115
f 1106/761/114 753/1129/81 769/1081/114
f 1169/869/97 656/804/129 657/822/97
f 1122/1253/66 655/801/128 610/821/66
f 1123/1250/67 654/798/127 611/820/67
f 1124/1247/68 653/795/126 612/819/68
f 1125/1244/69 652/792/125 613/818/69
f 1126/1241/70 651/789/124 614/817/70
f 1127/1238/71 650/786/123 615/816/71
f 1128/1235/72 649/783/122 616/815/72
f 1129/1232/73 648/780/121 617/814/73
f 1130/1229/74 647/777/120 618/813/74
f 1131/1226/75 646/774/119 619/812/75
f 1132/1223/76 645/771/118 620/811/76
f 1133/1220/77 644/768/117 621/810/77
f 1134/1217/78 643/765/116 622/809/78
f 1135/1214/79 642/762/115 623/808/79
f 1136/1211/80 641/759/114 624/807/80
f 1168/1254/129 610/821/66 656/804/129
f 1167/1251/128 611/820/67 655/801/128
f 1166/1248/127 612/819/68 654/798/127
f 1165/1245/126 613/818/69 653/795/126
f 1164/1242/125 614/817/70 652/792/125
f 1163/1239/124 615/816/71 651/789/124
f 1162/1236/123 616/815/72 650/786/123
f 1161/1233/122 617/814/73 649/783/122
f 1160/1230/121 618/813/74 648/780/121
f 1159/1227/120 619/812/75 647/777/120
f 1158/1224/119 620/811/76 646/774/119
f 1157/1221/118 621/810/77 645/771/118
f 1156/1218/117 622/809/78 644/768/117
f 1155/1215/116 623/808/79 643/765/116
f 1154/1212/115 624/807/80 642/762/115
f 1153/1209/114 625/872/81 641/759/114
f 803/1192/98 1152/866/96 849/1146/96
f 804/1193/99 1151/863/95 848/1149/95
f 805/1194/100 1150/860/94 847/1152/94
f 806/1195/101 1149/857/93 846/1155/93
f 807/1196/102 1148/854/92 845/1158/92
f 808/1197/103 1147/851/91 844/1161/91
f 809/1198/104 1146/848/90 843/1164/90
f 810/1199/105 1145/845/89 842/1167/89
f 811/1200/106 1144/842/88 841/1170/88
f 812/1201/107 1143/839/87 840/1173/132
f 813/1202/108 1142/836/86 839/1176/86
f 814/1203/109 1141/833/85 838/1179/85
f 815/1204/110 1140/830/84 837/1182/84
f 816/1205/111 1139/827/83 836/1185/83
f 817/1206/112 1138/824/82 835/1188/82
f 818/1207/113 1137/873/81 834/1191/81
f 802/1270/97 1170/871/98 803/1192/98
f 849/1146/96 1171/868/99 804/1193/99
f 848/1149/95 1172/865/100 805/1194/100
f 847/1152/94 1173/862/101 806/1195/101
f 846/1155/93 1174/859/102 807/1196/102
f 845/1158/92 1175/856/103 808/1197/103
f 844/1161/91 1176/853/104 809/1198/104
f 843/1164/90 1177/850/105 810/1199/105
f 842/1167/89 1178/847/106 811/1200/106
f 841/1170/88 1179/844/107 812/1201/107
f 840/1173/132 1180/841/108 813/1202/108
f 839/1176/86 1181/838/109 814/1203/109
f 838/1179/85 1182/835/110 815/1204/110
f 837/1182/84 1183/832/111 816/1205/111
f 836/1185/83 1184/829/112 817/1206/112
f 835/1188/82 1185/826/113 818/1207/113
f 562/744/82 1202/1190/113 593/678/113
f 563/745/83 1201/1187/112 592/681/112
f 564/746/84 1200/1184/111 591/684/111
f 565/747/85 1199/1181/110 590/687/110
f 566/748/86 1198/1178/109 589/690/109
f 567/749/87 1197/1175/108 588/693/108
f 568/750/88 1196/1172/107 587/696/107
f 569/751/89 1195/1169/106 586/699/106
f 570/752/90 1194/1166/105 585/702/105
f 571/753/91 1193/1163/104 584/705/104
f 572/754/92 1192/1160/103 583/708/103
f 573/755/93 1191/1157/102 582/711/102
f 574/756/94 1190/1154/101 581/714/101
f 575/757/95 1189/1151/100 580/717/100
f 576/758/96 1188/1148/99 579/720/99
f 577/629/97 1187/1145/98 578/723/98
f 593/678/113 1218/741/81 561/742/81
f 592/681/112 1219/1189/82 562/744/82
f 591/684/111 1220/1186/83 563/745/83
f 590/687/110 1221/1183/84 564/746/84
f 589/690/109 1222/1180/85 565/747/85
f 588/693/108 1223/1177/86 566/748/86
f 587/696/107 1224/1174/87 567/749/87
f 586/699/106 1225/1171/88 568/750/88
f 585/702/105 1226/1168/89 569/751/89
f 584/705/104 1227/1165/90 570/752/90
f 583/708/103 1228/1162/91 571/753/91
f 582/711/102 1229/1159/92 572/754/92
f 581/714/101 1230/1156/93 573/755/93
f 580/717/100 1231/1153/94 574/756/94
f 579/720/99 1232/1150/95 575/757/95
f 578/723/98 1233/1147/96 576/758/96
f 1234/675/114 834/1191/81 850/1208/114
f 1235/672/115 833/1255/80 851/1210/115
f 1236/669/116 832/1256/79 852/1213/116
f 1237/666/117 831/1257/78 853/1216/117
f 1238/663/118 830/1258/77 854/1219/118
f 1239/660/119 829/1259/76 855/1222/119
f 1240/657/120 828/1260/131 856/1225/120
f 1241/654/121 827/1261/74 857/1228/121
f 1242/651/122 826/1262/73 858/1231/122
f 1243/648/123 825/1263/72 859/1234/123
f 1244/645/124 824/1264/71 860/1237/124
f 1245/642/133 823/1265/70 861/1240/125
f 1246/639/126 822/1266/69 862/1243/126
f 1247/636/127 821/1267/68 863/1246/127
f 1248/633/128 820/1268/67 864/1249/128
f 1249/630/129 819/1269/66 865/1252/129
f 1217/676/80 850/1208/114 833/1255/80
f 1216/673/79 851/1210/115 832/1256/79
f 1215/670/78 852/1213/116 831/1257/78
f 1214/667/77 853/1216/117 830/1258/77
f 1213/664/76 854/1219/118 829/1259/76
f 1212/661/131 855/1222/119 828/1260/131
f 1211/658/74 856/1225/120 827/1261/74
f 1210/655/73 857/1228/121 826/1262/73
f 1209/652/72 858/1231/122 825/1263/72
f 1208/649/71 859/1234/123 824/1264/71
f 1207/646/70 860/1237/124 823/1265/70
f 1206/643/69 861/1240/125 822/1266/69
f 1205/640/68 862/1243/126 821/1267/68
f 1204/637/67 863/1246/127 820/1268/67
f 1203/634/66 864/1249/128 819/1269/66
f 1186/631/97 865/1252/129 802/1270/97
f 1297/722/97 609/725/129 577/629/97
f 1250/1316/66 608/726/128 546/632/66
f 1251/1313/67 607/727/127 547/635/67
f 1252/1310/68 606/728/126 548/638/68
f 1253/1307/69 605/729/125 549/641/69
f 1254/1304/70 604/730/124 550/644/70
f 1255/1301/71 603/731/123 551/647/71
f 1256/1298/72 602/732/122 552/650/72
f 1257/1295/73 601/733/121 553/653/73
f 1258/1292/74 600/734/120 554/656/74
f 1259/1289/75 599/735/119 555/659/75
f 1260/1286/76 598/736/118 556/662/76
f 1261/1283/77 597/737/117 557/665/77
f 1262/1280/78 596/738/116 558/668/78
f 1263/1277/79 595/739/115 559/671/79
f 1264/1274/80 594/740/114 560/674/80
f 1296/1317/129 546/632/66 609/725/129
f 1295/1314/128 547/635/67 608/726/128
f 1294/1311/127 548/638/68 607/727/127
f 1293/1308/126 549/641/69 606/728/126
f 1292/1305/133 550/644/70 605/729/125
f 1291/1302/124 551/647/71 604/730/124
f 1290/1299/123 552/650/72 603/731/123
f 1289/1296/122 553/653/73 602/732/122
f 1288/1293/121 554/656/74 601/733/121
f 1287/1290/120 555/659/75 600/734/120
f 1286/1287/119 556/662/76 599/735/119
f 1285/1284/118 557/665/77 598/736/118
f 1284/1281/117 558/668/78 597/737/117
f 1283/1278/116 559/671/79 596/738/116
f 1282/1275/115 560/674/80 595/739/115
f 1281/1272/114 561/742/81 594/740/114
f 914/1381/98 1280/719/96 896/1335/96
f 915/1382/99 1279/716/95 895/1338/95
f 916/1383/100 1278/713/94 894/1341/94
f 917/1384/101 1277/710/93 893/1344/93
f 918/1385/102 1276/707/92 892/1347/92
f 919/1386/103 1275/704/91 891/1350/91
f 920/1387/104 1274/701/90 890/1353/90
f 921/1388/105 1273/698/89 889/1356/89
f 922/1389/106 1272/695/88 888/1359/88
f 923/1390/107 1271/692/132 887/1362/132
f 924/1391/108 1270/689/86 886/1365/86
f 925/1392/109 1269/686/85 885/1368/85
f 926/1393/110 1268/683/84 884/1371/84
f 927/1394/111 1267/680/83 883/1374/83
f 928/1395/112 1266/677/82 882/1377/82
f 929/1396/113 1265/743/81 881/1380/81
f 913/1333/97 1298/724/98 914/1381/98
f 896/1335/96 1299/721/99 915/1382/99
f 895/1338/95 1300/718/100 916/1383/100
f 894/1341/94 1301/715/101 917/1384/101
f 893/1344/93 1302/712/102 918/1385/102
f 892/1347/92 1303/709/103 919/1386/103
f 891/1350/91 1304/706/104 920/1387/104
f 890/1353/90 1305/703/105 921/1388/105
f 889/1356/89 1306/700/106 922/1389/106
f 888/1359/88 1307/697/107 923/1390/107
f 887/1362/132 1308/694/108 924/1391/108
f 886/1365/86 1309/691/109 925/1392/109
f 885/1368/85 1310/688/110 926/1393/110
f 884/1371/84 1311/685/111 927/1394/111
f 883/1374/83 1312/682/112 928/1395/112
f 882/1377/82 1313/679/113 929/1396/113
f 707/932/82 1330/1379/113 690/953/113
f 708/929/83 1329/1376/112 689/952/112
f 709/926/84 1328/1373/111 688/951/111
f 710/923/85 1327/1370/110 687/950/110
f 711/920/86 1326/1367/109 686/949/109
f 712/917/132 1325/1364/108 685/948/108
f 713/914/88 1324/1361/107 684/947/107
f 714/911/89 1323/1358/106 683/946/106
f 715/908/90 1322/1355/105 682/945/105
f 716/905/91 1321/1352/104 681/944/104
f 717/902/92 1320/1349/103 680/943/103
f 718/899/93 1319/1346/102 679/942/102
f 719/896/94 1318/1343/101 678/941/101
f 720/893/95 1317/1340/100 677/940/100
f 721/890/96 1316/1337/99 676/939/99
f 674/954/97 1315/1334/98 675/938/98
f 690/953/113 1346/1018/81 706/935/81
f 689/952/112 1347/1378/82 707/932/82
f 688/951/111 1348/1375/83 708/929/83
f 687/950/110 1349/1372/84 709/926/84
f 686/949/109 1350/1369/85 710/923/85
f 685/948/108 1351/1366/86 711/920/86
f 684/947/107 1352/1363/87 712/917/132
f 683/946/106 1353/1360/88 713/914/88
f 682/945/105 1354/1357/89 714/911/89
f 681/944/104 1355/1354/90 715/908/90
f 680/943/103 1356/1351/91 716/905/91
f 679/942/102 1357/1348/92 717/902/92
f 678/941/101 1358/1345/93 718/899/93
f 677/940/100 1359/1342/94 719/896/94
f 676/939/99 1360/1339/95 720/893/95
f 675/938/98 1361/1336/96 721/890/96
f 1362/1000/114 881/1380/81 897/1271/114
f 1363/997/115 880/1318/80 898/1273/115
f 1364/994/116 879/1319/79 899/1276/116
f 1365/991/117 878/1320/78 900/1279/117
f 1366/988/118 877/1321/77 901/1282/118
f 1367/985/119 876/1322/76 902/1285/119
f 1368/982/120 875/1323/75 903/1288/120
f 1369/979/121 874/1324/74 904/1291/121
f 1370/976/122 873/1325/73 905/1294/122
f 1371/973/123 872/1326/72 906/1297/123
f 1372/970/124 871/1327/71 907/1300/124
f 1373/967/133 870/1328/70 908/1303/133
f 1374/964/126 869/1329/69 909/1306/126
f 1375/961/127 868/1330/68 910/1309/127
f 1376/958/128 867/1331/67 911/1312/128
f 1377/955/129 866/1332/66 912/1315/129
f 1345/1001/80 897/1271/114 880/1318/80
f 1344/998/79 898/1273/115 879/1319/79
f 1343/995/78 899/1276/116 878/1320/78
f 1342/992/77 900/1279/117 877/1321/77
f 1341/989/76 901/1282/118 876/1322/76
f 1340/986/131 902/1285/119 875/1323/75
f 1339/983/74 903/1288/120 874/1324/74
f 1338/980/73 904/1291/121 873/1325/73
f 1337/977/72 905/1294/122 872/1326/72
f 1336/974/71 906/1297/123 871/1327/71
f 1335/971/70 907/1300/124 870/1328/70
f 1334/968/69 908/1303/133 869/1329/69
f 1333/965/68 909/1306/126 868/1330/68
f 1332/962/67 910/1309/127 867/1331/67
f 1331/959/66 911/1312/128 866/1332/66
f 1314/956/97 912/1315/129 913/1333/97
f 1409/1505/114 706/935/81 722/1017/114
f 1410/1502/115 705/999/80 723/1016/115
f 1411/1499/116 704/996/79 724/1015/116
f 1412/1496/117 703/993/78 725/1014/117
f 1413/1493/118 702/990/77 726/1013/118
f 1414/1490/119 701/987/76 727/1012/119
f 1415/1487/120 700/984/131 728/1011/120
f 1416/1484/121 699/981/74 729/1010/121
f 1417/1481/122 698/978/73 730/1009/122
f 1418/1478/123 697/975/72 731/1008/123
f 1419/1475/124 696/972/71 732/1007/124
f 1420/1472/133 695/969/70 733/1006/133
f 1421/1469/126 694/966/69 734/1005/126
f 1422/1466/127 693/963/68 735/1004/127
f 1423/1463/128 692/960/67 736/1003/128
f 1424/1461/129 691/957/66 737/1002/129
f 1392/1506/80 722/1017/114 705/999/80
f 1391/1503/79 723/1016/115 704/996/79
f 1390/1500/78 724/1015/116 703/993/78
f 1389/1497/77 725/1014/117 702/990/77
f 1388/1494/76 726/1013/118 701/987/76
f 1387/1491/75 727/1012/119 700/984/131
f 1386/1488/74 728/1011/120 699/981/74
f 1385/1485/73 729/1010/121 698/978/73
f 1384/1482/72 730/1009/122 697/975/72
f 1383/1479/71 731/1008/123 696/972/71
f 1382/1476/70 732/1007/124 695/969/70
f 1381/1473/69 733/1006/133 694/966/69
f 1380/1470/68 734/1005/126 693/963/68
f 1379/1467/67 735/1004/127 692/960/67
f 1378/1464/66 736/1003/128 691/957/66
f 1425/937/97 737/1002/129 674/954/97
f 963/1445/82 1441/934/113 946/1398/113
f 964/1446/83 1440/931/112 945/1401/112
f 965/1447/84 1439/928/111 944/1404/111
f 966/1448/85 1438/925/110 943/1407/110
f 967/1449/86 1437/922/109 942/1410/109
f 968/1450/87 1436/919/108 941/1413/108
f 969/1451/88 1435/916/107 940/1416/107
f 970/1452/89 1434/913/106 939/1419/106
f 971/1453/90 1433/910/105 938/1422/105
f 972/1454/91 1432/907/104 937/1425/104
f 973/1455/92 1431/904/103 936/1428/103
f 974/1456/93 1430/901/102 935/1431/102
f 975/1457/94 1429/898/101 934/1434/101
f 976/1458/95 1428/895/100 933/1437/100
f 977/1459/96 1427/892/99 932/1440/99
f 930/1460/97 1426/889/98 931/1442/98
f 946/1398/113 1393/936/81 962/1444/81
f 945/1401/112 1394/933/82 963/1445/82
f 944/1404/111 1395/930/83 964/1446/83
f 943/1407/110 1396/927/84 965/1447/84
f 942/1410/109 1397/924/85 966/1448/85
f 941/1413/108 1398/921/86 967/1449/86
f 940/1416/107 1399/918/132 968/1450/87
f 939/1419/106 1400/915/88 969/1451/88
f 938/1422/105 1401/912/89 970/1452/89
f 937/1425/104 1402/909/90 971/1453/90
f 936/1428/103 1403/906/91 972/1454/91
f 935/1431/102 1404/903/92 973/1455/92
f 934/1434/101 1405/900/93 974/1456/93
f 933/1437/100 1406/897/94 975/1457/94
f 932/1440/99 1407/894/95 976/1458/95
f 931/1442/98 1408/891/96 977/1459/96
f 545/611/65 1443/1443/98 1489/1439/96
f 544/612/64 1444/1441/99 1488/1436/95
f 543/613/63 1445/1438/100 1487/1433/94
f 542/615/62 1446/1435/101 1486/1430/93
f 541/616/61 1447/1432/102 1485/1427/92
f 540/614/60 1448/1429/103 1484/1424/91
f 539/617/59 1449/1426/104 1483/1421/90
f 538/618/58 1450/1423/105 1482/1418/89
f 537/619/57 1451/1420/106 1481/1415/88
f 536/620/56 1452/1417/107 1480/1412/132
f 535/621/55 1453/1414/108 1479/1409/86
f 534/622/54 1454/1411/109 1478/1406/85
f 533/623/53 1455/1408/110 1477/1403/84
f 532/624/52 1456/1405/111 1476/1400/83
f 531/625/51 1457/1402/112 1475/1397/82
f 530/566/50 1458/1399/113 1474/567/81
f 514/610/34 1443/1443/98 545/611/65
f 545/611/65 1444/1441/99 544/612/64
f 544/612/64 1445/1438/100 543/613/63
f 543/613/63 1446/1435/101 542/615/62
f 542/615/62 1447/1432/102 541/616/61
f 541/616/61 1448/1429/103 540/614/60
f 540/614/60 1449/1426/104 539/617/59
f 539/617/59 1450/1423/105 538/618/58
f 538/618/58 1451/1420/106 537/619/57
f 537/619/57 1452/1417/107 536/620/56
f 536/620/56 1453/1414/108 535/621/55
f 535/621/55 1454/1411/109 534/622/54
f 534/622/54 1455/1408/110 533/623/53
f 533/623/53 1456/1405/111 532/624/52
f 532/624/52 1457/1402/112 531/625/51
f 531/625/51 1458/1399/113 530/566/50
f 1442/628/97 993/1507/129 930/1460/97
f 1459/609/66 992/1508/128 947/1462/66
f 1460/606/67 991/1509/127 948/1465/67
f 1461/604/68 990/1510/126 949/1468/68
f 1462/601/69 989/1511/133 950/1471/69
f 1463/598/70 988/1512/124 951/1474/70
f 1464/595/71 987/1513/123 952/1477/71
f 1465/592/72 986/1514/122 953/1480/72
f 1466/589/73 985/1515/121 954/1483/73
f 1467/586/74 984/1516/120 955/1486/74
f 1468/583/75 983/1517/119 956/1489/131
f 1469/581/76 982/1518/118 957/1492/76
f 1470/578/77 981/1519/117 958/1495/77
f 1471/575/78 980/1520/116 959/1498/78
f 1472/572/79 979/1521/115 960/1501/79
f 1473/570/80 978/1522/114 961/1504/80
f 1505/607/129 947/1462/66 993/1507/129
f 1504/605/128 948/1465/67 992/1508/128
f 1503/602/127 949/1468/68 991/1509/127
f 1502/599/126 950/1471/69 990/1510/126
f 1501/596/133 951/1474/70 989/1511/133
f 1500/593/124 952/1477/71 988/1512/124
f 1499/590/123 953/1480/72 987/1513/123
f 1498/587/122 954/1483/73 986/1514/122
f 1497/584/121 955/1486/74 985/1515/121
f 1496/582/120 956/1489/131 984/1516/120
f 1495/579/119 957/1492/76 983/1517/119
f 1494/576/118 958/1495/77 982/1518/118
f 1493/573/117 959/1498/78 981/1519/117
f 1492/571/116 960/1501/79 980/1520/116
f 1491/568/115 961/1504/80 979/1521/115
f 1490/565/114 962/1444/81 978/1522/114
f 1042/517/98 34/627/2 65/518/33
f 1043/520/138 65/518/33 64/521/32
f 1044/523/134 64/521/32 63/524/31
f 1045/526/101 63/524/31 62/527/30
f 1046/529/102 62/527/30 61/530/29
f 1047/532/103 61/530/29 60/533/28
f 1048/535/104 60/533/28 59/536/27
f 1049/538/105 59/536/27 58/539/26
f 1050/541/106 58/539/26 57/542/25
f 1051/544/107 57/542/25 56/545/24
f 1052/547/108 56/545/24 55/548/23
f 1053/550/109 55/548/23 54/551/22
f 1054/553/110 54/551/22 53/554/21
f 1055/556/111 53/554/21 52/557/20
f 1056/559/112 52/557/20 51/560/19
f 1057/562/113 51/560/19 50/563/18
f 529/569/49 530/566/50 1490/565/114
f 528/1/48 529/569/49 1491/568/115
f 527/574/47 528/1/48 1492/571/116
f 526/577/46 527/574/47 1493/573/117
f 525/580/45 526/577/46 1494/576/118
f 524/2/44 525/580/45 1495/579/119
f 523/585/43 524/2/44 1496/582/120
f 522/588/42 523/585/43 1497/584/121
f 521/591/41 522/588/42 1498/587/122
f 520/594/40 521/591/41 1499/590/123
f 519/597/39 520/594/40 1500/593/124
f 518/600/38 519/597/39 1501/596/133
f 517/603/37 518/600/38 1502/599/126
f 516/3/36 517/603/37 1503/602/127
f 515/608/35 516/3/36 1504/605/128
f 514/610/34 515/608/35 1505/607/129
f 577/629/97 609/725/129 1249/630/129
f 546/632/66 608/726/128 1248/633/128
f 547/635/67 607/727/127 1247/636/127
f 548/638/68 606/728/126 1246/639/126
f 549/641/69 605/729/125 1245/642/133
f 550/644/70 604/730/124 1244/645/124
f 551/647/71 603/731/123 1243/648/123
f 552/650/72 602/732/122 1242/651/122
f 553/653/73 601/733/121 1241/654/121
f 554/656/74 600/734/120 1240/657/120
f 555/659/75 599/735/119 1239/660/119
f 556/662/76 598/736/118 1238/663/118
f 557/665/77 597/737/117 1237/666/117
f 558/668/78 596/738/116 1236/669/116
f 559/671/79 595/739/115 1235/672/115
f 560/674/80 594/740/114 1234/675/114
f 1266/677/82 562/744/82 593/678/113
f 1267/680/83 563/745/83 592/681/112
f 1268/683/84 564/746/84 591/684/111
f 1269/686/85 565/747/85 590/687/110
f 1270/689/86 566/748/86 589/690/109
f 1271/692/132 567/749/87 588/693/108
f 1272/695/88 568/750/88 587/696/107
f 1273/698/89 569/751/89 586/699/106
f 1274/701/90 570/752/90 585/702/105
f 1275/704/91 571/753/91 584/705/104
f 1276/707/92 572/754/92 583/708/103
f 1277/710/93 573/755/93 582/711/102
f 1278/713/94 574/756/94 581/714/101
f 1279/716/95 575/757/95 580/717/100
f 1280/719/96 576/758/96 579/720/99
f 1297/722/97 577/629/97 578/723/98
f 609/725/129 546/632/66 1203/634/66
f 608/726/128 547/635/67 1204/637/67
f 607/727/127 548/638/68 1205/640/68
f 606/728/126 549/641/69 1206/643/69
f 605/729/125 550/644/70 1207/646/70
f 604/730/124 551/647/71 1208/649/71
f 603/731/123 552/650/72 1209/652/72
f 602/732/122 553/653/73 1210/655/73
f 601/733/121 554/656/74 1211/658/74
f 600/734/120 555/659/75 1212/661/131
f 599/735/119 556/662/76 1213/664/76
f 598/736/118 557/665/77 1214/667/77
f 597/737/117 558/668/78 1215/670/78
f 596/738/116 559/671/79 1216/673/79
f 595/739/115 560/674/80 1217/676/80
f 594/740/114 561/742/81 1218/741/81
f 1313/679/113 593/678/113 561/742/81
f 1312/682/112 592/681/112 562/744/82
f 1311/685/111 591/684/111 563/745/83
f 1310/688/110 590/687/110 564/746/84
f 1309/691/109 589/690/109 565/747/85
f 1308/694/108 588/693/108 566/748/86
f 1307/697/107 587/696/107 567/749/87
f 1306/700/106 586/699/106 568/750/88
f 1305/703/105 585/702/105 569/751/89
f 1304/706/104 584/705/104 570/752/90
f 1303/709/103 583/708/103 571/753/91
f 1302/712/102 582/711/102 572/754/92
f 1301/715/101 581/714/101 573/755/93
f 1300/718/100 580/717/100 574/756/94
f 1299/721/99 579/720/99 575/757/95
f 1298/724/98 578/723/98 576/758/96
f 641/759/114 625/872/81 1090/760/81
f 642/762/115 624/807/80 1089/763/80
f 643/765/116 623/808/79 1088/766/79
f 644/768/117 622/809/78 1087/769/78
f 645/771/118 621/810/77 1086/772/77
f 646/774/119 620/811/76 1085/775/76
f 647/777/120 619/812/75 1084/778/131
f 648/780/121 618/813/74 1083/781/74
f 649/783/122 617/814/73 1082/784/73
f 650/786/123 616/815/72 1081/787/72
f 651/789/124 615/816/71 1080/790/71
f 652/792/125 614/817/70 1079/793/70
f 653/795/126 613/818/69 1078/796/69
f 654/798/127 612/819/68 1077/799/68
f 655/801/128 611/820/67 1076/802/67
f 656/804/129 610/821/66 1075/805/66
f 624/807/80 641/759/114 1106/761/114
f 623/808/79 642/762/115 1107/764/115
f 622/809/78 643/765/116 1108/767/116
f 621/810/77 644/768/117 1109/770/117
f 620/811/76 645/771/118 1110/773/118
f 619/812/75 646/774/119 1111/776/119
f 618/813/74 647/777/120 1112/779/120
f 617/814/73 648/780/121 1113/782/121
f 616/815/72 649/783/122 1114/785/122
f 615/816/71 650/786/123 1115/788/123
f 614/817/70 651/789/124 1116/791/124
f 613/818/69 652/792/125 1117/794/133
f 612/819/68 653/795/126 1118/797/126
f 611/820/67 654/798/127 1119/800/127
f 610/821/66 655/801/128 1120/803/128
f 657/822/97 656/804/129 1121/806/129
f 1138/824/82 626/874/82 673/825/113
f 1139/827/83 627/875/83 672/828/112
f 1140/830/84 628/876/84 671/831/111
f 1141/833/85 629/877/85 670/834/110
f 1142/836/86 630/878/86 669/837/109
f 1143/839/87 631/879/87 668/840/108
f 1144/842/88 632/880/88 667/843/107
f 1145/845/89 633/881/89 666/846/106
f 1146/848/90 634/882/90 665/849/105
f 1147/851/91 635/883/91 664/852/104
f 1148/854/92 636/884/92 663/855/103
f 1149/857/93 637/885/93 662/858/130
f 1150/860/94 638/886/94 661/861/101
f 1151/863/95 639/887/95 660/864/100
f 1152/866/96 640/888/96 659/867/99
f 1169/869/97 657/822/97 658/870/98
f 1185/826/113 673/825/113 625/872/81
f 1184/829/112 672/828/112 626/874/82
f 1183/832/111 671/831/111 627/875/83
f 1182/835/110 670/834/110 628/876/84
f 1181/838/109 669/837/109 629/877/85
f 1180/841/108 668/840/108 630/878/86
f 1179/844/107 667/843/107 631/879/87
f 1178/847/106 666/846/106 632/880/88
f 1177/850/105 665/849/105 633/881/89
f 1176/853/104 664/852/104 634/882/90
f 1175/856/103 663/855/103 635/883/91
f 1174/859/102 662/858/130 636/884/92
f 1173/862/101 661/861/101 637/885/93
f 1172/865/100 660/864/100 638/886/94
f 1171/868/99 659/867/99 639/887/95
f 1170/871/98 658/870/98 640/888/96
f 1426/889/98 675/938/98 721/890/96
f 1427/892/99 676/939/99 720/893/95
f 1428/895/100 677/940/100 719/896/94
f 1429/898/101 678/941/101 718/899/93
f 1430/901/102 679/942/102 717/902/92
f 1431/904/103 680/943/103 716/905/91
f 1432/907/104 681/944/104 715/908/90
f 1433/910/105 682/945/105 714/911/89
f 1434/913/106 683/946/106 713/914/88
f 1435/916/107 684/947/107 712/917/132
f 1436/919/108 685/948/108 711/920/86
f 1437/922/109 686/949/109 710/923/85
f 1438/925/110 687/950/110 709/926/84
f 1439/928/111 688/951/111 708/929/83
f 1440/931/112 689/952/112 707/932/82
f 1441/934/113 690/953/113 706/935/81
f 1425/937/97 674/954/97 675/938/98
f 1408/891/96 721/890/96 676/939/99
f 1407/894/95 720/893/95 677/940/100
f 1406/897/94 719/896/94 678/941/101
f 1405/900/93 718/899/93 679/942/102
f 1404/903/92 717/902/92 680/943/103
f 1403/906/91 716/905/91 681/944/104
f 1402/909/90 715/908/90 682/945/105
f 1401/912/89 714/911/89 683/946/106
f 1400/915/88 713/914/88 684/947/107
f 1399/918/132 712/917/132 685/948/108
f 1398/921/86 711/920/86 686/949/109
f 1397/924/85 710/923/85 687/950/110
f 1396/927/84 709/926/84 688/951/111
f 1395/930/83 708/929/83 689/952/112
f 1394/933/82 707/932/82 690/953/113
f 674/954/97 737/1002/129 1377/955/129
f 691/957/66 736/1003/128 1376/958/128
f 692/960/67 735/1004/127 1375/961/127
f 693/963/68 734/1005/126 1374/964/126
f 694/966/69 733/1006/133 1373/967/133
f 695/969/70 732/1007/124 1372/970/124
f 696/972/71 731/1008/123 1371/973/123
f 697/975/72 730/1009/122 1370/976/122
f 698/978/73 729/1010/121 1369/979/121
f 699/981/74 728/1011/120 1368/982/120
f 700/984/131 727/1012/119 1367/985/119
f 701/987/76 726/1013/118 1366/988/118
f 702/990/77 725/1014/117 1365/991/117
f 703/993/78 724/1015/116 1364/994/116
f 704/996/79 723/1016/115 1363/997/115
f 705/999/80 722/1017/114 1362/1000/114
f 737/1002/129 691/957/66 1331/959/66
f 736/1003/128 692/960/67 1332/962/67
f 735/1004/127 693/963/68 1333/965/68
f 734/1005/126 694/966/69 1334/968/69
f 733/1006/133 695/969/70 1335/971/70
f 732/1007/124 696/972/71 1336/974/71
f 731/1008/123 697/975/72 1337/977/72
f 730/1009/122 698/978/73 1338/980/73
f 729/1010/121 699/981/74 1339/983/74
f 728/1011/120 700/984/131 1340/986/131
f 727/1012/119 701/987/76 1341/989/76
f 726/1013/118 702/990/77 1342/992/77
f 725/1014/117 703/993/78 1343/995/78
f 724/1015/116 704/996/79 1344/998/79
f 723/1016/115 705/999/80 1345/1001/80
f 722/1017/114 706/935/81 1346/1018/81
f 785/1019/97 784/1066/129 1040/1020/137
f 738/1021/66 783/1067/128 1039/1022/136
f 739/1024/67 782/1068/127 1038/1025/127
f 740/1027/68 781/1069/126 1037/1028/126
f 741/1030/69 780/1070/125 1036/1031/125
f 742/1033/70 779/1071/124 1035/1034/124
f 743/1036/71 778/1072/123 1034/1037/135
f 744/1039/72 777/1073/122 1033/1040/122
f 745/1042/73 776/1074/121 1032/1043/121
f 746/1045/74 775/1075/120 1031/1046/120
f 747/1048/75 774/1076/119 1030/1049/119
f 748/1051/76 773/1077/118 1029/1052/118
f 749/1054/77 772/1078/117 1028/1055/117
f 750/1057/78 771/1079/116 1027/1058/116
f 751/1060/79 770/1080/115 1026/1061/115
f 752/1063/80 769/1081/114 1025/1064/114
f 784/1066/129 738/1021/66 994/1023/66
f 783/1067/128 739/1024/67 995/1026/67
f 782/1068/127 740/1027/68 996/1029/68
f 781/1069/126 741/1030/69 997/1032/69
f 780/1070/125 742/1033/70 998/1035/70
f 779/1071/124 743/1036/71 999/1038/71
f 778/1072/123 744/1039/72 1000/1041/72
f 777/1073/122 745/1042/73 1001/1044/73
f 776/1074/121 746/1045/74 1002/1047/74
f 775/1075/120 747/1048/75 1003/1050/131
f 774/1076/119 748/1051/76 1004/1053/76
f 773/1077/118 749/1054/77 1005/1056/77
f 772/1078/117 750/1057/78 1006/1059/78
f 771/1079/116 751/1060/79 1007/1062/79
f 770/1080/115 752/1063/80 1008/1065/80
f 769/1081/114 753/1129/81 1009/564/81
f 1091/1082/82 754/1130/82 801/1083/113
f 1092/1085/83 755/1131/83 800/1086/112
f 1093/1088/84 756/1132/84 799/1089/111
f 1094/1091/85 757/1133/85 798/1092/110
f 1095/1094/86 758/1134/86 797/1095/109
f 1096/1097/132 759/1135/132 796/1098/108
f 1097/1100/88 760/1136/88 795/1101/107
f 1098/1103/89 761/1137/89 794/1104/106
f 1099/1106/90 762/1138/90 793/1107/105
f 1100/1109/91 763/1139/91 792/1110/104
f 1101/1112/92 764/1140/92 791/1113/103
f 1102/1115/93 765/1141/93 790/1116/102
f 1103/1118/94 766/1142/94 789/1119/101
f 1104/1121/95 767/1143/95 788/1122/134
f 1105/1124/96 768/1144/96 787/1125/99
f 1058/823/97 785/1019/97 786/1127/98
f 1074/1084/113 801/1083/113 753/1129/81
f 1073/1087/112 800/1086/112 754/1130/82
f 1072/1090/111 799/1089/111 755/1131/83
f 1071/1093/110 798/1092/110 756/1132/84
f 1070/1096/109 797/1095/109 757/1133/85
f 1069/1099/108 796/1098/108 758/1134/86
f 1068/1102/107 795/1101/107 759/1135/132
f 1067/1105/106 794/1104/106 760/1136/88
f 1066/1108/105 793/1107/105 761/1137/89
f 1065/1111/104 792/1110/104 762/1138/90
f 1064/1114/103 791/1113/103 763/1139/91
f 1063/1117/130 790/1116/102 764/1140/92
f 1062/1120/101 789/1119/101 765/1141/93
f 1061/1123/100 788/1122/134 766/1142/94
f 1060/1126/99 787/1125/99 767/1143/95
f 1059/1128/98 786/1127/98 768/1144/96
f 1187/1145/98 803/1192/98 849/1146/96
f 1188/1148/99 804/1193/99 848/1149/95
f 1189/1151/100 805/1194/100 847/1152/94
f 1190/1154/101 806/1195/101 846/1155/93
f 1191/1157/102 807/1196/102 845/1158/92
f 1192/1160/103 808/1197/103 844/1161/91
f 1193/1163/104 809/1198/104 843/1164/90
f 1194/1166/105 810/1199/105 842/1167/89
f 1195/1169/106 811/1200/106 841/1170/88
f 1196/1172/107 812/1201/107 840/1173/132
f 1197/1175/108 813/1202/108 839/1176/86
f 1198/1178/109 814/1203/109 838/1179/85
f 1199/1181/110 815/1204/110 837/1182/84
f 1200/1184/111 816/1205/111 836/1185/83
f 1201/1187/112 817/1206/112 835/1188/82
f 1202/1190/113 818/1207/113 834/1191/81
f 1186/631/97 802/1270/97 803/1192/98
f 1233/1147/96 849/1146/96 804/1193/99
f 1232/1150/95 848/1149/95 805/1194/100
f 1231/1153/94 847/1152/94 806/1195/101
f 1230/1156/93 846/1155/93 807/1196/102
f 1229/1159/92 845/1158/92 808/1197/103
f 1228/1162/91 844/1161/91 809/1198/104
f 1227/1165/90 843/1164/90 810/1199/105
f 1226/1168/89 842/1167/89 811/1200/106
f 1225/1171/88 841/1170/88 812/1201/107
f 1224/1174/87 840/1173/132 813/1202/108
f 1223/1177/86 839/1176/86 814/1203/109
f 1222/1180/85 838/1179/85 815/1204/110
f 1221/1183/84 837/1182/84 816/1205/111
f 1220/1186/83 836/1185/83 817/1206/112
f 1219/1189/82 835/1188/82 818/1207/113
f 850/1208/114 834/1191/81 1137/873/81
f 851/1210/115 833/1255/80 1136/1211/80
f 852/1213/116 832/1256/79 1135/1214/79
f 853/1216/117 831/1257/78 1134/1217/78
f 854/1219/118 830/1258/77 1133/1220/77
f 855/1222/119 829/1259/76 1132/1223/76
f 856/1225/120 828/1260/131 1131/1226/75
f 857/1228/121 827/1261/74 1130/1229/74
f 858/1231/122 826/1262/73 1129/1232/73
f 859/1234/123 825/1263/72 1128/1235/72
f 860/1237/124 824/1264/71 1127/1238/71
f 861/1240/125 823/1265/70 1126/1241/70
f 862/1243/126 822/1266/69 1125/1244/69
f 863/1246/127 821/1267/68 1124/1247/68
f 864/1249/128 820/1268/67 1123/1250/67
f 865/1252/129 819/1269/66 1122/1253/66
f 833/1255/80 850/1208/114 1153/1209/114
f 832/1256/79 851/1210/115 1154/1212/115
f 831/1257/78 852/1213/116 1155/1215/116
f 830/1258/77 853/1216/117 1156/1218/117
f 829/1259/76 854/1219/118 1157/1221/118
f 828/1260/131 855/1222/119 1158/1224/119
f 827/1261/74 856/1225/120 1159/1227/120
f 826/1262/73 857/1228/121 1160/1230/121
f 825/1263/72 858/1231/122 1161/1233/122
f 824/1264/71 859/1234/123 1162/1236/123
f 823/1265/70 860/1237/124 1163/1239/124
f 822/1266/69 861/1240/125 1164/1242/125
f 821/1267/68 862/1243/126 1165/1245/126
f 820/1268/67 863/1246/127 1166/1248/127
f 819/1269/66 864/1249/128 1167/1251/128
f 802/1270/97 865/1252/129 1168/1254/129
f 897/1271/114 881/1380/81 1265/743/81
f 898/1273/115 880/1318/80 1264/1274/80
f 899/1276/116 879/1319/79 1263/1277/79
f 900/1279/117 878/1320/78 1262/1280/78
f 901/1282/118 877/1321/77 1261/1283/77
f 902/1285/119 876/1322/76 1260/1286/76
f 903/1288/120 875/1323/75 1259/1289/75
f 904/1291/121 874/1324/74 1258/1292/74
f 905/1294/122 873/1325/73 1257/1295/73
f 906/1297/123 872/1326/72 1256/1298/72
f 907/1300/124 871/1327/71 1255/1301/71
f 908/1303/133 870/1328/70 1254/1304/70
f 909/1306/126 869/1329/69 1253/1307/69
f 910/1309/127 868/1330/68 1252/1310/68
f 911/1312/128 867/1331/67 1251/1313/67
f 912/1315/129 866/1332/66 1250/1316/66
f 880/1318/80 897/1271/114 1281/1272/114
f 879/1319/79 898/1273/115 1282/1275/115
f 878/1320/78 899/1276/116 1283/1278/116
f 877/1321/77 900/1279/117 1284/1281/117
f 876/1322/76 901/1282/118 1285/1284/118
f 875/1323/75 902/1285/119 1286/1287/119
f 874/1324/74 903/1288/120 1287/1290/120
f 873/1325/73 904/1291/121 1288/1293/121
f 872/1326/72 905/1294/122 1289/1296/122
f 871/1327/71 906/1297/123 1290/1299/123
f 870/1328/70 907/1300/124 1291/1302/124
f 869/1329/69 908/1303/133 1292/1305/133
f 868/1330/68 909/1306/126 1293/1308/126
f 867/1331/67 910/1309/127 1294/1311/127
f 866/1332/66 911/1312/128 1295/1314/128
f 913/1333/97 912/1315/129 1296/1317/129
f 1315/1334/98 914/1381/98 896/1335/96
f 1316/1337/99 915/1382/99 895/1338/95
f 1317/1340/100 916/1383/100 894/1341/94
f 1318/1343/101 917/1384/101 893/1344/93
f 1319/1346/102 918/1385/102 892/1347/92
f 1320/1349/103 919/1386/103 891/1350/91
f 1321/1352/104 920/1387/104 890/1353/90
f 1322/1355/105 921/1388/105 889/1356/89
f 1323/1358/106 922/1389/106 888/1359/88
f 1324/1361/107 923/1390/107 887/1362/132
f 1325/1364/108 924/1391/108 886/1365/86
f 1326/1367/109 925/1392/109 885/1368/85
f 1327/1370/110 926/1393/110 884/1371/84
f 1328/1373/111 927/1394/111 883/1374/83
f 1329/1376/112 928/1395/112 882/1377/82
f 1330/1379/113 929/1396/113 881/1380/81
f 1314/956/97 913/1333/97 914/1381/98
f 1361/1336/96 896/1335/96 915/1382/99
f 1360/1339/95 895/1338/95 916/1383/100
f 1359/1342/94 894/1341/94 917/1384/101
f 1358/1345/93 893/1344/93 918/1385/102
f 1357/1348/92 892/1347/92 919/1386/103
f 1356/1351/91 891/1350/91 920/1387/104
f 1355/1354/90 890/1353/90 921/1388/105
f 1354/1357/89 889/1356/89 922/1389/106
f 1353/1360/88 888/1359/88 923/1390/107
f 1352/1363/87 887/1362/132 924/1391/108
f 1351/1366/86 886/1365/86 925/1392/109
f 1350/1369/85 885/1368/85 926/1393/110
f 1349/1372/84 884/1371/84 927/1394/111
f 1348/1375/83 883/1374/83 928/1395/112
f 1347/1378/82 882/1377/82 929/1396/113
f 1475/1397/82 963/1445/82 946/1398/113
f 1476/1400/83 964/1446/83 945/1401/112
f 1477/1403/84 965/1447/84 944/1404/111
f 1478/1406/85 966/1448/85 943/1407/110
f 1479/1409/86 967/1449/86 942/1410/109
f 1480/1412/132 968/1450/87 941/1413/108
f 1481/1415/88 969/1451/88 940/1416/107
f 1482/1418/89 970/1452/89 939/1419/106
f 1483/1421/90 971/1453/90 938/1422/105
f 1484/1424/91 972/1454/91 937/1425/104
f 1485/1427/92 973/1455/92 936/1428/103
f 1486/1430/93 974/1456/93 935/1431/102
f 1487/1433/94 975/1457/94 934/1434/101
f 1488/1436/95 976/1458/95 933/1437/100
f 1489/1439/96 977/1459/96 932/1440/99
f 1442/628/97 930/1460/97 931/1442/98
f 1458/1399/113 946/1398/113 962/1444/81
f 1457/1402/112 945/1401/112 963/1445/82
f 1456/1405/111 944/1404/111 964/1446/83
f 1455/1408/110 943/1407/110 965/1447/84
f 1454/1411/109 942/1410/109 966/1448/85
f 1453/1414/108 941/1413/108 967/1449/86
f 1452/1417/107 940/1416/107 968/1450/87
f 1451/1420/106 939/1419/106 969/1451/88
f 1450/1423/105 938/1422/105 970/1452/89
f 1449/1426/104 937/1425/104 971/1453/90
f 1448/1429/103 936/1428/103 972/1454/91
f 1447/1432/102 935/1431/102 973/1455/92
f 1446/1435/101 934/1434/101 974/1456/93
f 1445/1438/100 933/1437/100 975/1457/94
f 1444/1441/99 932/1440/99 976/1458/95
f 1443/1443/98 931/1442/98 977/1459/96
f 930/1460/97 993/1507/129 1424/1461/129
f 947/1462/66 992/1508/128 1423/1463/128
f 948/1465/67 991/1509/127 1422/1466/127
f 949/1468/68 990/1510/126 1421/1469/126
f 950/1471/69 989/1511/133 1420/1472/133
f 951/1474/70 988/1512/124 1419/1475/124
f 952/1477/71 987/1513/123 1418/1478/123
f 953/1480/72 986/1514/122 1417/1481/122
f 954/1483/73 985/1515/121 1416/1484/121
f 955/1486/74 984/1516/120 1415/1487/120
f 956/1489/131 983/1517/119 1414/1490/119
f 957/1492/76 982/1518/118 1413/1493/118
f 958/1495/77 981/1519/117 1412/1496/117
f 959/1498/78 980/1520/116 1411/1499/116
f 960/1501/79 979/1521/115 1410/1502/115
f 961/1504/80 978/1522/114 1409/1505/114
f 993/1507/129 947/1462/66 1378/1464/66
f 992/1508/128 948/1465/67 1379/1467/67
f 991/1509/127 949/1468/68 1380/1470/68
f 990/1510/126 950/1471/69 1381/1473/69
f 989/1511/133 951/1474/70 1382/1476/70
f 988/1512/124 952/1477/71 1383/1479/71
f 987/1513/123 953/1480/72 1384/1482/72
f 986/1514/122 954/1483/73 1385/1485/73
f 985/1515/121 955/1486/74 1386/1488/74
f 984/1516/120 956/1489/131 1387/1491/75
f 983/1517/119 957/1492/76 1388/1494/76
f 982/1518/118 958/1495/77 1389/1497/77
f 981/1519/117 959/1498/78 1390/1500/78
f 980/1520/116 960/1501/79 1391/1503/79
f 979/1521/115 961/1504/80 1392/1506/80
f 978/1522/114 962/1444/81 1393/936/81
f 1025/1064/114 1009/564/81 50/563/18
f 1026/1061/115 1008/1065/80 49/1523/17
f 1027/1058/116 1007/1062/79 48/1524/16
f 1028/1055/117 1006/1059/78 47/1525/15
f 1029/1052/118 1005/1056/77 46/1526/14
f 1030/1049/119 1004/1053/76 45/1527/13
f 1031/1046/120 1003/1050/131 44/1528/12
f 1032/1043/121 1002/1047/74 43/1529/11
f 1033/1040/122 1001/1044/73 42/1530/10
f 1034/1037/135 1000/1041/72 41/1531/9
f 1035/1034/124 999/1038/71 40/1532/8
f 1036/1031/125 998/1035/70 39/1533/7
f 1037/1028/126 997/1032/69 38/1534/6
f 1038/1025/127 996/1029/68 37/1535/5
f 1039/1022/136 995/1026/67 36/1536/4
f 1040/1020/137 994/1023/66 35/1537/3
f 754/1130/82 1010/561/82 1057/562/113
f 755/1131/83 1011/558/83 1056/559/112
f 756/1132/84 1012/555/84 1055/556/111
f 757/1133/85 1013/552/85 1054/553/110
f 758/1134/86 1014/549/86 1053/550/109
f 759/1135/132 1015/546/87 1052/547/108
f 760/1136/88 1016/543/88 1051/544/107
f 761/1137/89 1017/540/89 1050/541/106
f 762/1138/90 1018/537/90 1049/538/105
f 763/1139/91 1019/534/91 1048/535/104
f 764/1140/92 1020/531/92 1047/532/103
f 765/1141/93 1021/528/93 1046/529/102
f 766/1142/94 1022/525/94 1045/526/101
f 767/1143/95 1023/522/95 1044/523/134
f 768/1144/96 1024/519/96 1043/520/138
f 785/1019/97 1041/626/97 1042/517/98
f 801/1083/113 1057/562/113 1009/564/81
f 800/1086/112 1056/559/112 1010/561/82
f 799/1089/111 1055/556/111 1011/558/83
f 798/1092/110 1054/553/110 1012/555/84
f 797/1095/109 1053/550/109 1013/552/85
f 796/1098/108 1052/547/108 1014/549/86
f 795/1101/107 1051/544/107 1015/546/87
f 794/1104/106 1050/541/106 1016/543/88
f 793/1107/105 1049/538/105 1017/540/89
f 792/1110/104 1048/535/104 1018/537/90
f 791/1113/103 1047/532/103 1019/534/91
f 790/1116/102 1046/529/102 1020/531/92
f 789/1119/101 1045/526/101 1021/528/93
f 788/1122/134 1044/523/134 1022/525/94
f 787/1125/99 1043/520/138 1023/522/95
f 786/1127/98 1042/517/98 1024/519/96
f 658/870/98 1059/1128/98 1105/1124/96
f 659/867/99 1060/1126/99 1104/1121/95
f 660/864/100 1061/1123/100 1103/1118/94
f 661/861/101 1062/1120/101 1102/1115/93
f 662/858/130 1063/1117/130 1101/1112/92
f 663/855/103 1064/1114/103 1100/1109/91
f 664/852/104 1065/1111/104 1099/1106/90
f 665/849/105 1066/1108/105 1098/1103/89
f 666/846/106 1067/1105/106 1097/1100/88
f 667/843/107 1068/1102/107 1096/1097/132
f 668/840/108 1069/1099/108 1095/1094/86
f 669/837/109 1070/1096/109 1094/1091/85
f 670/834/110 1071/1093/110 1093/1088/84
f 671/831/111 1072/1090/111 1092/1085/83
f 672/828/112 1073/1087/112 1091/1082/82
f 673/825/113 1074/1084/113 1090/760/81
f 657/822/97 1058/823/97 1059/1128/98
f 640/888/96 1105/1124/96 1060/1126/99
f 639/887/95 1104/1121/95 1061/1123/100
f 638/886/94 1103/1118/94 1062/1120/101
f 637/885/93 1102/1115/93 1063/1117/130
f 636/884/92 1101/1112/92 1064/1114/103
f 635/883/91 1100/1109/91 1065/1111/104
f 634/882/90 1099/1106/90 1066/1108/105
f 633/881/89 1098/1103/89 1067/1105/106
f 632/880/88 1097/1100/88 1068/1102/107
f 631/879/87 1096/1097/132 1069/1099/108
f 630/878/86 1095/1094/86 1070/1096/109
f 629/877/85 1094/1091/85 1071/1093/110
f 628/876/84 1093/1088/84 1072/1090/111
f 627/875/83 1092/1085/83 1073/1087/112
f 626/874/82 1091/1082/82 1074/1084/113
f 1058/823/97 1121/806/129 784/1066/129
f 1075/805/66 1120/803/128 783/1067/128
f 1076/802/67 1119/800/127 782/1068/127
f 1077/799/68 1118/797/126 781/1069/126
f 1078/796/69 1117/794/133 780/1070/125
f 1079/793/70 1116/791/124 779/1071/124
f 1080/790/71 1115/788/123 778/1072/123
f 1081/787/72 1114/785/122 777/1073/122
f 1082/784/73 1113/782/121 776/1074/121
f 1083/781/74 1112/779/120 775/1075/120
f 1084/778/131 1111/776/119 774/1076/119
f 1085/775/76 1110/773/118 773/1077/118
f 1086/772/77 1109/770/117 772/1078/117
f 1087/769/78 1108/767/116 771/1079/116
f 1088/766/79 1107/764/115 770/1080/115
f 1089/763/80 1106/761/114 769/1081/114
f 1121/806/129 1075/805/66 738/1021/66
f 1120/803/128 1076/802/67 739/1024/67
f 1119/800/127 1077/799/68 740/1027/68
f 1118/797/126 1078/796/69 741/1030/69
f 1117/794/133 1079/793/70 742/1033/70
f 1116/791/124 1080/790/71 743/1036/71
f 1115/788/123 1081/787/72 744/1039/72
f 1114/785/122 1082/784/73 745/1042/73
f 1113/782/121 1083/781/74 746/1045/74
f 1112/779/120 1084/778/131 747/1048/75
f 1111/776/119 1085/775/76 748/1051/76
f 1110/773/118 1086/772/77 749/1054/77
f 1109/770/117 1087/769/78 750/1057/78
f 1108/767/116 1088/766/79 751/1060/79
f 1107/764/115 1089/763/80 752/1063/80
f 1106/761/114 1090/760/81 753/1129/81
f 1169/869/97 1168/1254/129 656/804/129
f 1122/1253/66 1167/1251/128 655/801/128
f 1123/1250/67 1166/1248/127 654/798/127
f 1124/1247/68 1165/1245/126 653/795/126
f 1125/1244/69 1164/1242/125 652/792/125
f 1126/1241/70 1163/1239/124 651/789/124
f 1127/1238/71 1162/1236/123 650/786/123
f 1128/1235/72 1161/1233/122 649/783/122
f 1129/1232/73 1160/1230/121 648/780/121
f 1130/1229/74 1159/1227/120 647/777/120
f 1131/1226/75 1158/1224/119 646/774/119
f 1132/1223/76 1157/1221/118 645/771/118
f 1133/1220/77 1156/1218/117 644/768/117
f 1134/1217/78 1155/1215/116 643/765/116
f 1135/1214/79 1154/1212/115 642/762/115
f 1136/1211/80 1153/1209/114 641/759/114
f 1168/1254/129 1122/1253/66 610/821/66
f 1167/1251/128 1123/1250/67 611/820/67
f 1166/1248/127 1124/1247/68 612/819/68
f 1165/1245/126 1125/1244/69 613/818/69
f 1164/1242/125 1126/1241/70 614/817/70
f 1163/1239/124 1127/1238/71 615/816/71
f 1162/1236/123 1128/1235/72 616/815/72
f 1161/1233/122 1129/1232/73 617/814/73
f 1160/1230/121 1130/1229/74 618/813/74
f 1159/1227/120 1131/1226/75 619/812/75
f 1158/1224/119 1132/1223/76 620/811/76
f 1157/1221/118 1133/1220/77 621/810/77
f 1156/1218/117 1134/1217/78 622/809/78
f 1155/1215/116 1135/1214/79 623/808/79
f 1154/1212/115 1136/1211/80 624/807/80
f 1153/1209/114 1137/873/81 625/872/81
f 803/1192/98 1170/871/98 1152/866/96
f 804/1193/99 1171/868/99 1151/863/95
f 805/1194/100 1172/865/100 1150/860/94
f 806/1195/101 1173/862/101 1149/857/93
f 807/1196/102 1174/859/102 1148/854/92
f 808/1197/103 1175/856/103 1147/851/91
f 809/1198/104 1176/853/104 1146/848/90
f 810/1199/105 1177/850/105 1145/845/89
f 811/1200/106 1178/847/106 1144/842/88
f 812/1201/107 1179/844/107 1143/839/87
f 813/1202/108 1180/841/108 1142/836/86
f 814/1203/109 1181/838/109 1141/833/85
f 815/1204/110 1182/835/110 1140/830/84
f 816/1205/111 1183/832/111 1139/827/83
f 817/1206/112 1184/829/112 1138/824/82
f 818/1207/113 1185/826/113 1137/873/81
f 802/1270/97 1169/869/97 1170/871/98
f 849/1146/96 1152/866/96 1171/868/99
f 848/1149/95 1151/863/95 1172/865/100
f 847/1152/94 1150/860/94 1173/862/101
f 846/1155/93 1149/857/93 1174/859/102
f 845/1158/92 1148/854/92 1175/856/103
f 844/1161/91 1147/851/91 1176/853/104
f 843/1164/90 1146/848/90 1177/850/105
f 842/1167/89 1145/845/89 1178/847/106
f 841/1170/88 1144/842/88 1179/844/107
f 840/1173/132 1143/839/87 1180/841/108
f 839/1176/86 1142/836/86 1181/838/109
f 838/1179/85 1141/833/85 1182/835/110
f 837/1182/84 1140/830/84 1183/832/111
f 836/1185/83 1139/827/83 1184/829/112
f 835/1188/82 1138/824/82 1185/826/113
f 562/744/82 1219/1189/82 1202/1190/113
f 563/745/83 1220/1186/83 1201/1187/112
f 564/746/84 1221/1183/84 1200/1184/111
f 565/747/85 1222/1180/85 1199/1181/110
f 566/748/86 1223/1177/86 1198/1178/109
f 567/749/87 1224/1174/87 1197/1175/108
f 568/750/88 1225/1171/88 1196/1172/107
f 569/751/89 1226/1168/89 1195/1169/106
f 570/752/90 1227/1165/90 1194/1166/105
f 571/753/91 1228/1162/91 1193/1163/104
f 572/754/92 1229/1159/92 1192/1160/103
f 573/755/93 1230/1156/93 1191/1157/102
f 574/756/94 1231/1153/94 1190/1154/101
f 575/757/95 1232/1150/95 1189/1151/100
f 576/758/96 1233/1147/96 1188/1148/99
f 577/629/97 1186/631/97 1187/1145/98
f 593/678/113 1202/1190/113 1218/741/81
f 592/681/112 1201/1187/112 1219/1189/82
f 591/684/111 1200/1184/111 1220/1186/83
f 590/687/110 1199/1181/110 1221/1183/84
f 589/690/109 1198/1178/109 1222/1180/85
f 588/693/108 1197/1175/108 1223/1177/86
f 587/696/107 1196/1172/107 1224/1174/87
f 586/699/106 1195/1169/106 1225/1171/88
f 585/702/105 1194/1166/105 1226/1168/89
f 584/705/104 1193/1163/104 1227/1165/90
f 583/708/103 1192/1160/103 1228/1162/91
f 582/711/102 1191/1157/102 1229/1159/92
f 581/714/101 1190/1154/101 1230/1156/93
f 580/717/100 1189/1151/100 1231/1153/94
f 579/720/99 1188/1148/99 1232/1150/95
f 578/723/98 1187/1145/98 1233/1147/96
f 1234/675/114 1218/741/81 834/1191/81
f 1235/672/115 1217/676/80 833/1255/80
f 1236/669/116 1216/673/79 832/1256/79
f 1237/666/117 1215/670/78 831/1257/78
f 1238/663/118 1214/667/77 830/1258/77
f 1239/660/119 1213/664/76 829/1259/76
f 1240/657/120 1212/661/131 828/1260/131
f 1241/654/121 1211/658/74 827/1261/74
f 1242/651/122 1210/655/73 826/1262/73
f 1243/648/123 1209/652/72 825/1263/72
f 1244/645/124 1208/649/71 824/1264/71
f 1245/642/133 1207/646/70 823/1265/70
f 1246/639/126 1206/643/69 822/1266/69
f 1247/636/127 1205/640/68 821/1267/68
f 1248/633/128 1204/637/67 820/1268/67
f 1249/630/129 1203/634/66 819/1269/66
f 1217/676/80 1234/675/114 850/1208/114
f 1216/673/79 1235/672/115 851/1210/115
f 1215/670/78 1236/669/116 852/1213/116
f 1214/667/77 1237/666/117 853/1216/117
f 1213/664/76 1238/663/118 854/1219/118
f 1212/661/131 1239/660/119 855/1222/119
f 1211/658/74 1240/657/120 856/1225/120
f 1210/655/73 1241/654/121 857/1228/121
f 1209/652/72 1242/651/122 858/1231/122
f 1208/649/71 1243/648/123 859/1234/123
f 1207/646/70 1244/645/124 860/1237/124
f 1206/643/69 1245/642/133 861/1240/125
f 1205/640/68 1246/639/126 862/1243/126
f 1204/637/67 1247/636/127 863/1246/127
f 1203/634/66 1248/633/128 864/1249/128
f 1186/631/97 1249/630/129 865/1252/129
f 1297/722/97 1296/1317/129 609/725/129
f 1250/1316/66 1295/1314/128 608/726/128
f 1251/1313/67 1294/1311/127 607/727/127
f 1252/1310/68 1293/1308/126 606/728/126
f 1253/1307/69 1292/1305/133 605/729/125
f 1254/1304/70 1291/1302/124 604/730/124
f 1255/1301/71 1290/1299/123 603/731/123
f 1256/1298/72 1289/1296/122 602/732/122
f 1257/1295/73 1288/1293/121 601/733/121
f 1258/1292/74 1287/1290/120 600/734/120
f 1259/1289/75 1286/1287/119 599/735/119
f 1260/1286/76 1285/1284/118 598/736/118
f 1261/1283/77 1284/1281/117 597/737/117
f 1262/1280/78 1283/1278/116 596/738/116
f 1263/1277/79 1282/1275/115 595/739/115
f 1264/1274/80 1281/1272/114 594/740/114
f 1296/1317/129 1250/1316/66 546/632/66
f 1295/1314/128 1251/1313/67 547/635/67
f 1294/1311/127 1252/1310/68 548/638/68
f 1293/1308/126 1253/1307/69 549/641/69
f 1292/1305/133 1254/1304/70 550/644/70
f 1291/1302/124 1255/1301/71 551/647/71
f 1290/1299/123 1256/1298/72 552/650/72
f 1289/1296/122 1257/1295/73 553/653/73
f 1288/1293/121 1258/1292/74 554/656/74
f 1287/1290/120 1259/1289/75 555/659/75
f 1286/1287/119 1260/1286/76 556/662/76
f 1285/1284/118 1261/1283/77 557/665/77
f 1284/1281/117 1262/1280/78 558/668/78
f 1283/1278/116 1263/1277/79 559/671/79
f 1282/1275/115 1264/1274/80 560/674/80
f 1281/1272/114 1265/743/81 561/742/81
f 914/1381/98 1298/724/98 1280/719/96
f 915/1382/99 1299/721/99 1279/716/95
f 916/1383/100 1300/718/100 1278/713/94
f 917/1384/101 1301/715/101 1277/710/93
f 918/1385/102 1302/712/102 1276/707/92
f 919/1386/103 1303/709/103 1275/704/91
f 920/1387/104 1304/706/104 1274/701/90
f 921/1388/105 1305/703/105 1273/698/89
f 922/1389/106 1306/700/106 1272/695/88
f 923/1390/107 1307/697/107 1271/692/132
f 924/1391/108 1308/694/108 1270/689/86
f 925/1392/109 1309/691/109 1269/686/85
f 926/1393/110 1310/688/110 1268/683/84
f 927/1394/111 1311/685/111 1267/680/83
f 928/1395/112 1312/682/112 1266/677/82
f 929/1396/113 1313/679/113 1265/743/81
f 913/1333/97 1297/722/97 1298/724/98
f 896/1335/96 1280/719/96 1299/721/99
f 895/1338/95 1279/716/95 1300/718/100
f 894/1341/94 1278/713/94 1301/715/101
f 893/1344/93 1277/710/93 1302/712/102
f 892/1347/92 1276/707/92 1303/709/103
f 891/1350/91 1275/704/91 1304/706/104
f 890/1353/90 1274/701/90 1305/703/105
f 889/1356/89 1273/698/89 1306/700/106
f 888/1359/88 1272/695/88 1307/697/107
f 887/1362/132 1271/692/132 1308/694/108
f 886/1365/86 1270/689/86 1309/691/109
f 885/1368/85 1269/686/85 1310/688/110
f 884/1371/84 1268/683/84 1311/685/111
f 883/1374/83 1267/680/83 1312/682/112
f 882/1377/82 1266/677/82 1313/679/113
f 707/932/82 1347/1378/82 1330/1379/113
f 708/929/83 1348/1375/83 1329/1376/112
f 709/926/84 1349/1372/84 1328/1373/111
f 710/923/85 1350/1369/85 1327/1370/110
f 711/920/86 1351/1366/86 1326/1367/109
f 712/917/132 1352/1363/87 1325/1364/108
f 713/914/88 1353/1360/88 1324/1361/107
f 714/911/89 1354/1357/89 1323/1358/106
f 715/908/90 1355/1354/90 1322/1355/105
f 716/905/91 1356/1351/91 1321/1352/104
f 717/902/92 1357/1348/92 1320/1349/103
f 718/899/93 1358/1345/93 1319/1346/102
f 719/896/94 1359/1342/94 1318/1343/101
f 720/893/95 1360/1339/95 1317/1340/100
f 721/890/96 1361/1336/96 1316/1337/99
f 674/954/97 1314/956/97 1315/1334/98
f 690/953/113 1330/1379/113 1346/1018/81
f 689/952/112 1329/1376/112 1347/1378/82
f 688/951/111 1328/1373/111 1348/1375/83
f 687/950/110 1327/1370/110 1349/1372/84
f 686/949/109 1326/1367/109 1350/1369/85
f 685/948/108 1325/1364/108 1351/1366/86
f 684/947/107 1324/1361/107 1352/1363/87
f 683/946/106 1323/1358/106 1353/1360/88
f 682/945/105 1322/1355/105 1354/1357/89
f 681/944/104 1321/1352/104 1355/1354/90
f 680/943/103 1320/1349/103 1356/1351/91
f 679/942/102 1319/1346/102 1357/1348/92
f 678/941/101 1318/1343/101 1358/1345/93
f 677/940/100 1317/1340/100 1359/1342/94
f 676/939/99 1316/1337/99 1360/1339/95
f 675/938/98 1315/1334/98 1361/1336/96
f 1362/1000/114 1346/1018/81 881/1380/81
f 1363/997/115 1345/1001/80 880/1318/80
f 1364/994/116 1344/998/79 879/1319/79
f 1365/991/117 1343/995/78 878/1320/78
f 1366/988/118 1342/992/77 877/1321/77
f 1367/985/119 1341/989/76 876/1322/76
f 1368/982/120 1340/986/131 875/1323/75
f 1369/979/121 1339/983/74 874/1324/74
f 1370/976/122 1338/980/73 873/1325/73
f 1371/973/123 1337/977/72 872/1326/72
f 1372/970/124 1336/974/71 871/1327/71
f 1373/967/133 1335/971/70 870/1328/70
f 1374/964/126 1334/968/69 869/1329/69
f 1375/961/127 1333/965/68 868/1330/68
f 1376/958/128 1332/962/67 867/1331/67
f 1377/955/129 1331/959/66 866/1332/66
f 1345/1001/80 1362/1000/114 897/1271/114
f 1344/998/79 1363/997/115 898/1273/115
f 1343/995/78 1364/994/116 899/1276/116
f 1342/992/77 1365/991/117 900/1279/117
f 1341/989/76 1366/988/118 901/1282/118
f 1340/986/131 1367/985/119 902/1285/119
f 1339/983/74 1368/982/120 903/1288/120
f 1338/980/73 1369/979/121 904/1291/121
f 1337/977/72 1370/976/122 905/1294/122
f 1336/974/71 1371/973/123 906/1297/123
f 1335/971/70 1372/970/124 907/1300/124
f 1334/968/69 1373/967/133 908/1303/133
f 1333/965/68 1374/964/126 909/1306/126
f 1332/962/67 1375/961/127 910/1309/127
f 1331/959/66 1376/958/128 911/1312/128
f 1314/956/97 1377/955/129 912/1315/129
f 1409/1505/114 1393/936/81 706/935/81
f 1410/1502/115 1392/1506/80 705/999/80
f 1411/1499/116 1391/1503/79 704/996/79
f 1412/1496/117 1390/1500/78 703/993/78
f 1413/1493/118 1389/1497/77 702/990/77
f 1414/1490/119 1388/1494/76 701/987/76
f 1415/1487/120 1387/1491/75 700/984/131
f 1416/1484/121 1386/1488/74 699/981/74
f 1417/1481/122 1385/1485/73 698/978/73
f 1418/1478/123 1384/1482/72 697/975/72
f 1419/1475/124 1383/1479/71 696/972/71
f 1420/1472/133 1382/1476/70 695/969/70
f 1421/1469/126 1381/1473/69 694/966/69
f 1422/1466/127 1380/1470/68 693/963/68
f 1423/1463/128 1379/1467/67 692/960/67
f 1424/1461/129 1378/1464/66 691/957/66
f 1392/1506/80 1409/1505/114 722/1017/114
f 1391/1503/79 1410/1502/115 723/1016/115
f 1390/1500/78 1411/1499/116 724/1015/116
f 1389/1497/77 1412/1496/117 725/1014/117
f 1388/1494/76 1413/1493/118 726/1013/118
f 1387/1491/75 1414/1490/119 727/1012/119
f 1386/1488/74 1415/1487/120 728/1011/120
f 1385/1485/73 1416/1484/121 729/1010/121
f 1384/1482/72 1417/1481/122 730/1009/122
f 1383/1479/71 1418/1478/123 731/1008/123
f 1382/1476/70 1419/1475/124 732/1007/124
f 1381/1473/69 1420/1472/133 733/1006/133
f 1380/1470/68 1421/1469/126 734/1005/126
f 1379/1467/67 1422/1466/127 735/1004/127
f 1378/1464/66 1423/1463/128 736/1003/128
f 1425/937/97 1424/1461/129 737/1002/129
f 963/1445/82 1394/933/82 1441/934/113
f 964/1446/83 1395/930/83 1440/931/112
f 965/1447/84 1396/927/84 1439/928/111
f 966/1448/85 1397/924/85 1438/925/110
f 967/1449/86 1398/921/86 1437/922/109
f 968/1450/87 1399/918/132 1436/919/108
f 969/1451/88 1400/915/88 1435/916/107
f 970/1452/89 1401/912/89 1434/913/106
f 971/1453/90 1402/909/90 1433/910/105
f 972/1454/91 1403/906/91 1432/907/104
f 973/1455/92 1404/903/92 1431/904/103
f 974/1456/93 1405/900/93 1430/901/102
f 975/1457/94 1406/897/94 1429/898/101
f 976/1458/95 1407/894/95 1428/895/100
f 977/1459/96 1408/891/96 1427/892/99
f 930/1460/97 1425/937/97 1426/889/98
f 946/1398/113 1441/934/113 1393/936/81
f 945/1401/112 1440/931/112 1394/933/82
f 944/1404/111 1439/928/111 1395/930/83
f 943/1407/110 1438/925/110 1396/927/84
f 942/1410/109 1437/922/109 1397/924/85
f 941/1413/108 1436/919/108 1398/921/86
f 940/1416/107 1435/916/107 1399/918/132
f 939/1419/106 1434/913/106 1400/915/88
f 938/1422/105 1433/910/105 1401/912/89
f 937/1425/104 1432/907/104 1402/909/90
f 936/1428/103 1431/904/103 1403/906/91
f 935/1431/102 1430/901/102 1404/903/92
f 934/1434/101 1429/898/101 1405/900/93
f 933/1437/100 1428/895/100 1406/897/94
f 932/1440/99 1427/892/99 1407/894/95
f 931/1442/98 1426/889/98 1408/891/96
f 514/610/34 1442/628/97 1443/1443/98
f 545/611/65 1489/1439/96 1444/1441/99
f 544/612/64 1488/1436/95 1445/1438/100
f 543/613/63 1487/1433/94 1446/1435/101
f 542/615/62 1486/1430/93 1447/1432/102
f 541/616/61 1485/1427/92 1448/1429/103
f 540/614/60 1484/1424/91 1449/1426/104
f 539/617/59 1483/1421/90 1450/1423/105
f 538/618/58 1482/1418/89 1451/1420/106
f 537/619/57 1481/1415/88 1452/1417/107
f 536/620/56 1480/1412/132 1453/1414/108
f 535/621/55 1479/1409/86 1454/1411/109
f 534/622/54 1478/1406/85 1455/1408/110
f 533/623/53 1477/1403/84 1456/1405/111
f 532/624/52 1476/1400/83 1457/1402/112
f 531/625/51 1475/1397/82 1458/1399/113
f 1442/628/97 1505/607/129 993/1507/129
f 1459/609/66 1504/605/128 992/1508/128
f 1460/606/67 1503/602/127 991/1509/127
f 1461/604/68 1502/599/126 990/1510/126
f 1462/601/69 1501/596/133 989/1511/133
f 1463/598/70 1500/593/124 988/1512/124
f 1464/595/71 1499/590/123 987/1513/123
f 1465/592/72 1498/587/122 986/1514/122
f 1466/589/73 1497/584/121 985/1515/121
f 1467/586/74 1496/582/120 984/1516/120
f 1468/583/75 1495/579/119 983/1517/119
f 1469/581/76 1494/576/118 982/1518/118
f 1470/578/77 1493/573/117 981/1519/117
f 1471/575/78 1492/571/116 980/1520/116
f 1472/572/79 1491/568/115 979/1521/115
f 1473/570/80 1490/565/114 978/1522/114
f 1505/607/129 1459/609/66 947/1462/66
f 1504/605/128 1460/606/67 948/1465/67
f 1503/602/127 1461/604/68 949/1468/68
f 1502/599/126 1462/601/69 950/1471/69
f 1501/596/133 1463/598/70 951/1474/70
f 1500/593/124 1464/595/71 952/1477/71
f 1499/590/123 1465/592/72 953/1480/72
f 1498/587/122 1466/589/73 954/1483/73
f 1497/584/121 1467/586/74 955/1486/74
f 1496/582/120 1468/583/75 956/1489/131
f 1495/579/119 1469/581/76 957/1492/76
f 1494/576/118 1470/578/77 958/1495/77
f 1493/573/117 1471/575/78 959/1498/78
f 1492/571/116 1472/572/79 960/1501/79
f 1491/568/115 1473/570/80 961/1504/80
f 1490/565/114 1474/567/81 962/1444/81
o 立方体.002_cell
v 0.079912 0.045452 0.117041
v 0.074448 0.045361 0.109204
v 0.100208 0.045441 0.101351
v 0.093848 0.045361 0.095053
v 0.093865 0.033834 0.095176
v 0.066948 0.045452 0.122673
v 0.066080 0.045361 0.113027
v 0.065467 0.027100 0.106562
v 0.075896 0.026440 0.100064
v 0.074756 0.031571 0.095067
v 0.070725 0.026343 0.103586
v 0.088331 0.036359 0.089996
v 0.068035 0.031406 0.099795
v 0.100208 0.045441 0.101351
v 0.100208 0.045441 0.101351
v 0.093848 0.045361 0.095053
v 0.093848 0.045361 0.095053
v 0.066948 0.045452 0.122673
v 0.066948 0.045452 0.122673
v 0.066080 0.045361 0.113027
v 0.066080 0.045361 0.113027
v 0.065467 0.027100 0.106562
v 0.075896 0.026440 0.100064
v 0.070725 0.026343 0.103586
v 0.074756 0.031571 0.095067
v 0.088331 0.036359 0.089996
v 0.079912 0.045452 0.117041
v 0.074448 0.045361 0.109204
v 0.093865 0.033834 0.095176
v 0.068035 0.031406 0.099795
vn 0.6937 -0.0067 -0.7202
vn -0.9942 0.0640 -0.0865
vn -0.4158 -0.6784 -0.6057
vn 0.0942 -0.7649 -0.6372
vn 0.4554 -0.6324 0.6266
vn 0.3839 -0.6394 0.6662
vn 0.3825 -0.6394 0.6669
vn 0.3055 -0.6420 0.7032
vn -0.0040 1.0000 -0.0090
vn -0.0047 1.0000 -0.0082
vn -0.0047 1.0000 -0.0083
vn -0.0054 1.0000 -0.0076
vn -0.4258 0.6320 -0.6475
vn -0.3238 0.6267 -0.7088
vn -0.3933 0.6313 -0.6684
vn -0.4567 0.6318 -0.6263
vt 0.689790 0.689790
vt 0.743064 0.000000
vt 0.776295 0.000000
vt 0.743876 0.432413
vt 0.520969 0.166409
vt 0.468828 0.000000
vt 0.529384 0.000000
vt 0.604954 0.229656
vt 1.000000 0.246404
vt 0.655433 0.059058
vt 0.550009 0.000000
vt 0.623568 0.000000
vt 1.000000 0.204063
vt 0.246404 0.246404
vt 0.204063 0.204063
vt 0.161770 0.000000
vt 0.197350 0.000000
vt 0.618390 0.751195
vt 0.625000 0.750964
vt 0.625000 0.781250
vt 0.614128 0.781250
vt 0.614183 0.772944
vt 0.625000 0.797525
vt 0.614231 0.783664
vt 0.672525 0.750000
vt 0.656250 0.750000
vt 0.666559 0.736254
vt 0.676703 0.736254
vt 0.639710 0.736254
vt 0.627614 0.748337
vt 0.670816 0.736254
vt 0.640174 0.736254
vt 0.656478 0.736254
s 0
usemtl マテリアル
f 1519/1538/139 1534/1539/139 1531/1540/139 1521/1541/139
f 1525/1542/140 1518/1543/140 1527/1544/140 1523/1545/140
f 1528/1546/141 1529/1547/141 1527/1548/141 1518/1549/141 1530/1550/141
f 1528/1551/142 1530/1552/142 1531/1553/142 1534/1554/142
s 1
f 1510/1555/143 1520/1556/143 1532/1557/144 1516/1558/145 1514/1559/143
f 1516/1558/145 1532/1557/144 1524/1560/146 1513/1561/146
f 1511/1562/147 1506/1563/148 1533/1564/149 1526/1565/147
f 1522/1566/150 1533/1564/149 1506/1563/148 1508/1567/150
f 1535/1568/151 1512/1565/152 1507/1564/153
f 1535/1564/151 1507/1564/153 1509/1566/154 1517/1569/154 1515/1570/154
o 立方体.002_cell.001
v 0.028536 0.045452 -0.136179
v 0.026713 0.045361 -0.127932
v 0.012471 0.013785 -0.111233
v 0.012180 0.018740 -0.107980
v 0.010898 -0.007982 -0.093208
v 0.010571 -0.004277 -0.089530
v 0.025704 -0.008448 -0.090018
v 0.019231 -0.008762 -0.091784
v 0.018412 -0.004942 -0.088151
v 0.024548 -0.000987 -0.089459
v 0.027366 -0.004194 -0.093209
v 0.046558 0.045452 -0.130515
v 0.041604 0.045361 -0.122979
v 0.014141 0.041675 -0.126323
v 0.017977 0.045361 -0.128887
v 0.021548 0.045452 -0.136826
v 0.014692 0.038976 -0.132054
v 0.010571 -0.004277 -0.089530
v 0.018412 -0.004942 -0.088151
v 0.012471 0.013785 -0.111233
v 0.010898 -0.007982 -0.093208
v 0.019231 -0.008762 -0.091784
v 0.012180 0.018740 -0.107980
v 0.025704 -0.008448 -0.090018
v 0.027366 -0.004194 -0.093209
v 0.024548 -0.000987 -0.089459
v 0.046558 0.045452 -0.130515
v 0.046558 0.045452 -0.130515
v 0.041604 0.045361 -0.122979
v 0.041604 0.045361 -0.122979
v 0.014141 0.041675 -0.126323
v 0.017977 0.045361 -0.128887
v 0.017977 0.045361 -0.128887
v 0.021548 0.045452 -0.136826
v 0.021548 0.045452 -0.136826
v 0.014692 0.038976 -0.132054
v 0.026713 0.045361 -0.127932
v 0.028536 0.045452 -0.136179
vn -0.9961 -0.0008 -0.0879
vn -0.1748 -0.6990 0.6935
vn 0.4911 0.0109 0.8710
vn 0.8317 0.0901 0.5478
vn -0.7597 0.5572 -0.3354
vn -0.9951 0.0063 -0.0985
vn -0.0011 0.9999 0.0109
vn -0.0022 0.9999 0.0105
vn -0.0033 0.9999 0.0101
vn -0.0841 0.6267 0.7747
vn -0.1442 0.6284 0.7644
vn -0.1653 0.6284 0.7601
vn 0.1525 -0.6417 -0.7516
vn 0.1515 -0.6417 -0.7518
vn 0.2306 -0.6399 -0.7330
vn 0.0710 -0.6392 -0.7657
vn -0.2460 0.6259 0.7401
vt 0.300384 0.000000
vt 1.000000 0.793454
vt 1.000000 0.824006
vt 0.271009 0.000000
vt 0.756568 0.756568
vt 0.888005 0.415549
vt 1.000000 0.152129
vt 0.916972 0.471668
vt 0.792560 0.792560
vt 1.000000 0.824534
vt 0.277876 0.277876
vt 0.152129 0.152129
vt 1.000000 0.793368
vt 0.841853 0.084016
vt 0.875752 0.178647
vt 0.824534 0.824534
vt 0.793368 0.793368
vt 0.888384 0.540662
vt 0.801040 0.468833
vt 1.000000 0.512465
vt 1.000000 0.564123
vt 1.000000 0.728991
vt 0.564123 0.564123
vt 0.512465 0.512465
vt 1.000000 0.699616
vt 0.731283 0.513746
vt 0.722187 0.513746
vt 0.718750 0.500000
vt 0.726403 0.500000
vt 0.705480 0.513746
vt 0.697484 0.500000
vt 0.734809 0.513746
vt 0.733983 0.513746
vt 0.731283 0.513746
vt 0.734945 0.513746
vt 0.594155 0.406250
vt 0.625000 0.406250
vt 0.625000 0.427516
vt 0.596754 0.418633
vt 0.594334 0.417462
vt 0.594598 0.392591
vt 0.606984 0.391890
vt 0.621315 0.391732
vt 0.625000 0.398597
vt 0.714514 0.513746
vt 0.713544 0.513746
s 0
usemtl マテリアル
f 1555/1571/155 1556/1572/155 1553/1573/155 1558/1574/155
f 1556/1575/156 1557/1576/156 1559/1577/156 1554/1578/156 1553/1579/156
f 1561/1580/157 1554/1581/157 1559/1582/157 1560/1583/157
f 1562/1584/158 1564/1585/158 1561/1586/158 1560/1587/158
f 1567/1588/159 1569/1589/159 1571/1590/159 1566/1591/159
f 1558/1592/160 1566/1593/160 1571/1594/160 1555/1595/160
s 1
f 1568/1596/161 1572/1597/162 1573/1598/162 1570/1599/161
f 1573/1598/162 1572/1597/162 1565/1600/163 1563/1601/163
f 1539/1602/164 1541/1603/164 1544/1597/165 1537/1597/166 1550/1604/164 1549/1605/164
f 1543/1606/167 1536/1607/168 1547/1608/169 1546/1609/169 1542/1610/169
f 1536/1607/168 1543/1606/167 1540/1611/170 1538/1612/170 1552/1613/170 1551/1614/170
f 1548/1600/171 1537/1597/166 1544/1615/165 1545/1616/171
o 立方体.002_cell.002
v 0.033341 -0.078821 0.010569
v 0.033225 -0.080783 -0.002427
v 0.032533 -0.077149 0.016817
v 0.027832 -0.079532 0.021529
v 0.020794 -0.084892 0.015423
v 0.018147 -0.091964 0.007809
v 0.019358 -0.096594 0.005709
v 0.017408 -0.093923 -0.000000
vn -0.3555 0.8057 -0.4737
vn -0.7201 0.6858 0.1055
vn 0.4540 0.6327 -0.6273
vn -0.5960 0.1976 0.7783
vn -0.9999 -0.0152 -0.0006
vn -0.7625 0.6384 0.1049
vt 0.638746 0.625000
vt 0.638746 0.652813
vt 0.638746 0.652814
vt 0.546511 0.700154
vt 0.545368 0.687500
vt 0.555246 0.698925
vt 0.554345 0.718750
vt 0.548786 0.718750
vt 0.638746 0.680627
vt 0.638746 0.692384
vt 0.638746 0.708441
vt 0.638746 0.707218
vt 0.638746 0.674731
vt 0.638746 0.680627
vt 0.554295 0.671964
vt 0.554794 0.687500
vt 0.543962 0.656250
s 1
usemtl マテリアル
f 1581/1617/173 1580/1618/177 1574/1619/172 1575/1617/173
f 1579/1620/176 1580/1621/177 1576/1622/174 1577/1623/175 1578/1624/175
f 1576/1625/174 1579/1626/176 1578/1627/175 1577/1628/175
f 1574/1619/172 1580/1629/177 1579/1630/176 1576/1625/174
f 1574/1631/172 1576/1632/174 1580/1633/177
o 立方体.002_cell.003
v -0.006248 -0.106105 0.003595
v -0.013953 -0.092794 0.013953
v -0.017934 -0.083462 0.026274
v -0.024721 -0.074952 0.030362
v -0.014071 -0.084513 0.021945
v -0.023935 -0.078707 0.026999
v -0.020327 -0.080195 0.022005
v -0.022349 -0.085060 0.021127
v -0.018097 -0.088488 0.014159
v -0.015507 -0.098478 0.010988
v -0.013707 -0.095627 0.006769
v -0.010104 -0.093023 0.020965
v -0.008845 -0.099708 0.015400
v -0.008287 -0.116451 0.012564
v -0.006959 -0.098267 0.006959
v -0.009223 -0.097963 0.002164
v -0.011492 -0.108179 0.011492
v -0.017934 -0.083462 0.026274
v -0.017934 -0.083462 0.026274
v -0.017934 -0.083462 0.026274
v -0.024721 -0.074952 0.030362
v -0.023935 -0.078707 0.026999
v -0.023935 -0.078707 0.026999
v -0.023935 -0.078707 0.026999
v -0.020327 -0.080195 0.022005
v -0.014071 -0.084513 0.021945
v -0.022349 -0.085060 0.021127
v -0.018097 -0.088488 0.014159
v -0.013953 -0.092794 0.013953
v -0.013707 -0.095627 0.006769
v -0.013707 -0.095627 0.006769
v -0.013707 -0.095627 0.006769
v -0.015507 -0.098478 0.010988
v -0.015507 -0.098478 0.010988
v -0.015507 -0.098478 0.010988
v -0.010104 -0.093023 0.020965
v -0.006959 -0.098267 0.006959
v -0.008845 -0.099708 0.015400
v -0.008287 -0.116451 0.012564
v -0.009223 -0.097963 0.002164
v -0.011492 -0.108179 0.011492
vn 0.4389 0.6487 -0.6217
vn 0.7490 0.2801 0.6004
vn 0.8813 0.2517 -0.4001
vn -0.7555 -0.3432 -0.5580
vn -0.4698 -0.6628 0.5831
vn -0.4766 -0.3833 0.7912
vn -0.6358 -0.4850 0.6005
vn -0.3053 0.1821 0.9347
vn -0.4600 -0.6623 0.5914
vn 0.5164 0.7069 -0.4834
vn 0.7035 0.6156 -0.3551
vn 0.5556 0.7124 -0.4286
vn -0.2364 0.8069 -0.5413
vn 0.3708 0.9285 -0.0173
vn 0.8055 0.5824 0.1094
vn -0.6003 -0.1727 0.7809
vn 0.3647 0.9241 -0.1137
vn 0.3220 0.8526 0.4116
vn 0.7261 -0.3133 0.6121
vn 0.3430 0.6549 -0.6734
vn 0.9259 -0.3395 0.1656
vn -0.6848 0.3952 -0.6123
vn 0.6928 0.6786 -0.2439
vn -0.8923 -0.0910 -0.4422
vn -0.7294 -0.3631 -0.5798
vn 0.9761 -0.0043 0.2171
vt 1.000000 0.587617
vt 0.900447 0.100460
vt 1.000000 0.468160
vt 1.000000 0.125824
vt 1.000000 0.155029
vt 0.755116 0.000000
vt 0.000000 0.000000
vt 0.712334 0.000000
vt 0.377190 0.377190
vt 1.000000 0.907995
vt 0.953823 0.935468
vt 0.914132 0.914132
vt 0.616242 0.597682
vt 0.556496 0.982837
vt 0.554360 0.989845
vt 0.551762 1.000000
vt 0.541667 1.000000
vt 0.541667 0.968750
vt 0.551655 0.968750
vt 0.833441 0.736254
vt 0.861254 0.736254
vt 0.861254 0.736254
vt 0.855309 0.736254
vt 0.845689 0.736254
vt 0.861254 0.736254
vt 0.861254 0.708441
vt 0.861254 0.718051
vt 0.805627 0.680627
vt 0.833441 0.680627
vt 0.833441 0.708441
vt 0.805627 0.707133
vt 0.534104 0.989779
vt 0.530365 0.968750
vt 0.809108 0.645841
vt 0.816297 0.652814
vt 0.805627 0.652814
vt 0.818755 0.736254
vt 0.806561 0.709375
vt 0.829266 0.736254
vt 0.844599 0.680627
vt 0.852816 0.687956
vt 0.541667 0.000000
vt 0.550746 0.004756
vt 0.546245 0.030794
vt 0.892788 0.493129
vt 0.585148 0.585148
vt 0.468933 0.468933
vt 0.219070 0.147151
vt 0.164317 0.045476
vt 0.132894 0.000000
vt 0.039131 0.000000
vt 0.092005 0.000000
vt 0.221671 0.221671
vt 0.712334 0.712334
vt 0.536853 0.057564
vt 1.000000 0.509318
vt 0.833441 0.670105
vt 0.551655 0.968750
vt 0.542412 0.956131
vt 0.546215 0.944370
vt 0.554491 0.414504
vt 0.524522 0.000000
vt 1.000000 0.000000
vt 0.695585 0.119770
s 0
usemtl マテリアル
f 1602/1634/178 1599/1635/178 1603/1636/178
f 1607/1637/179 1600/1638/179 1593/1639/179
f 1582/1640/180 1621/1641/180 1596/1642/180
f 1616/1643/181 1613/1644/181 1621/1645/181 1598/1646/181
s 1
f 1585/1647/182 1605/1648/182 1608/1649/183 1615/1650/184 1619/1651/185 1601/1652/186
f 1584/1653/187 1610/1654/188 1608/1655/183 1606/1656/189 1604/1657/189
f 1608/1658/183 1610/1659/188 1609/1660/190
f 1618/1661/191 1591/1662/192 1610/1663/188 1619/1664/185
f 1619/1651/185 1615/1650/184 1622/1665/193 1595/1666/193
f 1597/1667/194 1592/1668/195 1618/1669/191
f 1610/1653/188 1617/1670/196 1619/1671/185
f 1617/1670/196 1610/1653/188 1584/1653/187 1586/1672/197
f 1610/1659/188 1591/1673/192 1611/1674/198
f 1615/1675/184 1608/1676/183 1609/1677/190
s 0
f 1589/1678/199 1587/1679/199 1588/1680/199
f 1590/1681/200 1583/1682/200 1612/1683/200
f 1612/1684/201 1614/1685/201 1590/1686/201
f 1621/1687/202 1582/1640/202 1620/1688/202 1598/1689/202
s 1
f 1592/1690/195 1591/1662/192 1618/1669/191
f 1601/1691/186 1619/1692/185 1617/1693/196
s 0
f 1594/1694/203 1620/1695/203 1582/1696/203 1596/1697/203
o 立方体.002_cell.004
v 0.004005 -0.128433 -0.004150
v 0.003785 -0.195568 -0.005041
v 0.005992 -0.155795 -0.008779
v 0.007375 -0.129767 -0.011343
v 0.007152 -0.195579 -0.009146
vn 0.8700 -0.0008 0.4931
vt 1.000000 0.000000
vt 1.000000 1.000000
vt 0.951452 0.951452
vt 0.957749 0.400381
vt 0.930206 0.000000
s 0
usemtl マテリアル
f 1623/1698/204 1624/1699/204 1627/1700/204 1625/1701/204 1626/1702/204
o 立方体.002_cell.005
v -0.029524 -0.023716 -0.068610
v -0.034187 -0.026693 -0.063865
v -0.036279 -0.028708 -0.068301
v -0.043002 -0.009593 -0.082827
v -0.040974 -0.006603 -0.078537
v -0.030549 -0.044170 -0.056672
v -0.002489 -0.044875 -0.063196
v -0.000998 -0.033531 -0.066894
v -0.001813 -0.016207 -0.080825
v -0.036620 -0.010146 -0.085101
v -0.034782 -0.007193 -0.080827
v -0.007941 -0.007505 -0.087203
v -0.011232 -0.010439 -0.091126
v -0.017912 -0.007971 -0.085755
v -0.018875 -0.010838 -0.090083
v -0.002245 -0.008552 -0.086974
v -0.025161 -0.044776 -0.058470
v -0.022124 -0.041954 -0.055647
v -0.012937 -0.045437 -0.061750
v -0.001594 -0.012013 -0.090711
v -0.036279 -0.028708 -0.068301
v -0.043002 -0.009593 -0.082827
v -0.034782 -0.007193 -0.080827
v -0.017912 -0.007971 -0.085755
v -0.007941 -0.007505 -0.087203
v -0.011232 -0.010439 -0.091126
v -0.018875 -0.010838 -0.090083
v -0.036620 -0.010146 -0.085101
v -0.040974 -0.006603 -0.078537
v -0.001813 -0.016207 -0.080825
v -0.002245 -0.008552 -0.086974
v -0.034187 -0.026693 -0.063865
v -0.030549 -0.044170 -0.056672
v -0.001594 -0.012013 -0.090711
v -0.022124 -0.041954 -0.055647
v -0.025161 -0.044776 -0.058470
v -0.012937 -0.045437 -0.061750
vn -0.9052 0.0045 0.4249
vn -0.9025 -0.0107 0.4305
vn -0.1162 0.8397 -0.5304
vn 0.9913 0.1117 0.0694
vn 0.1597 0.7216 -0.6736
vn 0.1274 -0.7667 0.6293
vn 0.1489 0.7383 -0.6578
vn 0.7658 -0.5993 0.2332
vn 0.1454 0.5740 0.8059
vn 0.3193 0.6057 0.7288
vn 0.3353 0.5757 0.7458
vn 0.3581 -0.9304 -0.0785
vn 0.3160 0.5808 0.7503
vn -0.2714 -0.6415 -0.7175
vn -0.0327 -0.6489 -0.7601
vn 0.4927 0.0677 0.8675
vn 0.7687 -0.4653 0.4389
vn 0.1658 -0.6321 -0.7570
vn 0.3852 0.5067 0.7713
vn 0.3219 0.6269 0.7095
vn -0.0285 0.5489 0.8354
vn 0.4293 -0.8283 0.3600
vn -0.3063 -0.6420 -0.7029
vt 1.000000 0.683324
vt 0.902731 0.603566
vt 0.343333 0.000000
vt 0.368908 0.000000
vt 1.000000 0.750985
vt 0.708505 0.708505
vt 0.683324 0.683324
vt 0.323196 0.182242
vt 0.050820 0.000000
vt 0.087518 0.000000
vt 0.295517 0.138794
vt 0.809376 0.496033
vt 1.000000 0.631092
vt 1.000000 0.656667
vt 0.814013 0.524466
vt 0.901362 0.000000
vt 0.942017 0.000000
vt 0.577109 0.577109
vt 0.087518 0.087518
vt 0.050820 0.050820
vt 0.053670 0.000000
vt 0.896958 0.680455
vt 0.785598 0.785598
vt 0.765469 0.765469
vt 1.000000 0.907871
vt 0.950991 0.950991
vt 0.916601 0.916601
vt 0.777814 0.513746
vt 0.805627 0.513746
vt 0.801742 0.513746
vt 0.573665 0.312500
vt 0.593368 0.312500
vt 0.592974 0.343750
vt 0.573289 0.343750
vt 0.588123 0.373141
vt 0.578774 0.374293
vt 0.573608 0.369024
vt 0.593295 0.362334
vt 0.592236 0.372588
vt 0.817589 0.513746
vt 0.816362 0.513746
vt 0.751426 0.513746
vt 0.752049 0.513746
vt 0.752994 0.513746
vt 0.759095 0.513746
vt 0.762274 0.513746
vt 0.817897 0.513746
vt 0.818759 0.513746
vt 0.574281 0.297827
vt 0.582807 0.299319
vt 0.593682 0.300815
s 0
usemtl マテリアル
f 1648/1703/205 1659/1704/205 1656/1705/205 1649/1706/205
f 1633/1707/206 1659/1708/206 1648/1709/206
f 1651/1710/207 1652/1711/207 1653/1712/207 1654/1713/207 1655/1714/207 1649/1715/207 1656/1716/207 1650/1717/207
f 1661/1718/208 1658/1719/208 1636/1720/208
f 1653/1721/209 1652/1722/209 1658/1723/209
f 1646/1724/210 1662/1725/210 1644/1726/210
f 1653/1727/211 1658/1728/211 1661/1729/211
s 1
f 1664/1730/212 1641/1730/213 1638/1731/214 1628/1731/215 1663/1731/216 1645/1732/217
f 1663/1733/216 1637/1734/218 1642/1735/219 1664/1736/212
f 1657/1737/220 1635/1738/221 1634/1739/221 1664/1736/212 1642/1735/219 1640/1740/222 1647/1741/222
f 1629/1742/223 1628/1731/215 1638/1731/214 1632/1743/224
f 1634/1744/221 1635/1745/221 1657/1746/220 1643/1747/225 1639/1748/225 1641/1730/213 1664/1730/212
f 1628/1731/215 1629/1749/223 1660/1750/226 1663/1731/216
f 1637/1734/218 1663/1733/216 1660/1751/226 1630/1752/227 1631/1753/227
o 立方体.002_cell.006
v 0.031870 -0.076109 -0.006667
v 0.031464 -0.073954 -0.013539
v 0.030602 -0.071212 -0.020876
v 0.029362 -0.068557 -0.026328
v 0.031439 -0.069389 -0.031439
v 0.027722 -0.065595 -0.031330
v 0.032054 -0.076710 -0.000000
v 0.031979 -0.062364 -0.031322
v 0.032407 -0.062425 -0.038019
v 0.032064 -0.075688 0.007159
v 0.031426 -0.074005 0.013523
v 0.040110 -0.062260 -0.017260
v 0.036620 -0.062287 -0.024978
v 0.041306 -0.062112 -0.028198
v 0.049001 -0.062165 -0.000000
v 0.048114 -0.062090 -0.010078
v 0.047942 -0.062300 0.010042
v 0.045288 -0.062461 0.017987
v 0.042673 -0.062448 0.008921
v 0.043695 -0.062327 -0.000000
v 0.042820 -0.062262 -0.008952
v 0.045160 -0.062084 -0.019433
v 0.040210 -0.062596 0.016070
v 0.039727 -0.069150 0.017095
v 0.030602 -0.071212 -0.020876
v 0.029362 -0.068557 -0.026328
v 0.045288 -0.062461 0.017987
v 0.040210 -0.062596 0.016070
v 0.047942 -0.062300 0.010042
v 0.049001 -0.062165 -0.000000
v 0.048114 -0.062090 -0.010078
v 0.045160 -0.062084 -0.019433
v 0.041306 -0.062112 -0.028198
v 0.031979 -0.062364 -0.031322
v 0.036620 -0.062287 -0.024978
v 0.040110 -0.062260 -0.017260
v 0.042820 -0.062262 -0.008952
v 0.043695 -0.062327 -0.000000
v 0.042673 -0.062448 0.008921
v 0.027722 -0.065595 -0.031330
v 0.027722 -0.065595 -0.031330
v 0.027722 -0.065595 -0.031330
v 0.031439 -0.069389 -0.031439
v 0.032407 -0.062425 -0.038019
vn -0.7054 -0.6869 -0.1748
vn -0.6038 0.7958 -0.0458
vn -0.0296 0.9995 0.0079
vn -0.6550 -0.7556 0.0062
vn -0.6485 -0.6477 0.3998
vn -0.7829 0.6205 -0.0455
vn -0.7769 0.6296 -0.0016
vn -0.7610 0.6284 0.1609
vn -0.6599 -0.7501 0.0443
vn -0.6771 -0.6405 0.3624
vn -0.6974 -0.7118 0.0833
vn -0.7269 0.6268 0.2807
vn -0.6715 0.6312 0.3882
vn 0.5623 -0.7854 -0.2587
vn 0.5801 -0.7588 -0.2961
vn 0.6230 -0.7677 -0.1501
vn 0.6461 -0.7633 0.0026
vn -0.7402 -0.2759 0.6132
vn -0.5790 -0.4710 0.6656
vn -0.5828 0.6453 0.4940
vn -0.6035 0.6397 0.4760
vn 0.6222 -0.7680 0.1516
vn 0.2821 -0.8093 -0.5153
vn 0.3189 -0.8064 -0.4980
vn -0.5576 -0.5279 -0.6407
vn 0.5975 -0.7690 0.2274
vn -0.5030 0.6613 0.5565
vt 0.134829 0.049573
vt 0.250586 0.250586
vt 0.098554 0.072231
vt 0.100831 0.000000
vt 0.807075 0.000000
vt 1.000000 0.086723
vt 1.000000 0.225798
vt 0.270051 0.000000
vt 0.435193 0.163039
vt 0.606337 0.353346
vt 0.746132 0.530916
vt 0.840993 0.681086
vt 0.912066 0.814310
vt 0.927212 0.927212
vt 0.807075 0.807075
vt 0.785954 0.723375
vt 0.724965 0.606738
vt 0.642138 0.473965
vt 0.519397 0.316843
vt 0.366024 0.147223
vt 0.216203 0.000000
vt 0.638746 0.632658
vt 0.638746 0.652814
vt 0.638746 0.652814
vt 0.638746 0.625000
vt 0.638746 0.597186
vt 0.638746 0.541559
vt 0.638746 0.569373
vt 0.638746 0.541559
vt 0.563818 0.562500
vt 0.555663 0.562500
vt 0.557319 0.531250
vt 0.563802 0.531250
vt 0.638746 0.569373
vt 0.554368 0.593750
vt 0.563815 0.593750
vt 0.563772 0.625000
vt 0.553964 0.609783
vt 0.638746 0.676919
vt 0.638746 0.654693
vt 0.638746 0.680627
vt 0.638746 0.513746
vt 0.638746 0.521929
vt 0.554009 0.625000
vt 0.563695 0.656250
vt 0.554549 0.656250
vt 0.563752 0.500000
vt 0.559662 0.500000
vt 0.561323 0.485806
vt 0.563695 0.656250
vt 0.563603 0.683163
vt 0.562937 0.683864
vt 0.559798 0.687500
vt 0.555619 0.687500
vt 0.563815 0.593750
vt 0.555663 0.562500
vt 0.557546 0.527933
vt 0.563752 0.500000
vt 0.647927 0.513746
s 0
usemtl マテリアル
f 1707/1754/228 1667/1755/228 1690/1756/228 1704/1757/228
f 1698/1758/229 1708/1759/229 1705/1760/229
f 1691/1761/230 1693/1762/230 1694/1763/230 1695/1764/230 1696/1765/230 1697/1766/230 1708/1767/230 1698/1768/230 1699/1769/230 1700/1770/230 1701/1771/230 1702/1772/230 1703/1773/230 1692/1774/230
s 1
f 1671/1775/231 1674/1776/232 1683/1777/233 1684/1778/234
f 1685/1779/235 1665/1779/236 1671/1778/231 1684/1778/234
f 1689/1780/237 1666/1781/238 1676/1781/239 1677/1782/240
f 1686/1783/241 1666/1784/238 1689/1785/237 1678/1786/242
f 1676/1787/239 1666/1781/238 1665/1779/236 1685/1779/235
f 1665/1788/236 1680/1789/243 1679/1790/244 1671/1791/231
f 1687/1792/245 1683/1777/233 1674/1793/232 1675/1794/246 1688/1794/246
f 1672/1795/247 1668/1796/248 1689/1780/237 1677/1780/240
f 1671/1797/231 1679/1790/244 1681/1798/249 1674/1799/232
f 1673/1800/250 1669/1801/251 1670/1802/252
f 1674/1799/232 1681/1803/249 1682/1804/253 1687/1805/245 1688/1806/246 1675/1807/246
f 1680/1808/243 1665/1788/236 1666/1809/238 1686/1783/241
f 1678/1786/242 1689/1810/237 1669/1801/251 1673/1811/250
f 1706/1812/254 1668/1795/248 1672/1795/247
o 立方体.002_cell.007
v -0.042811 -0.263524 0.042811
v -0.000000 -0.263524 0.058409
v -0.023149 -0.263524 0.053795
v -0.033623 -0.263524 0.049245
v -0.012007 -0.263524 0.057297
v 0.012007 -0.263524 0.057297
v -0.030936 -0.263524 0.038739
v -0.022101 -0.256095 0.038644
v -0.019989 -0.263524 0.038492
v -0.016579 -0.255576 0.038527
v -0.010515 -0.263524 0.038527
v -0.011103 -0.255206 0.038530
v -0.000000 -0.255766 0.042670
v 0.001894 -0.263524 0.043171
v 0.009792 -0.256885 0.046729
v 0.014377 -0.263524 0.048882
v 0.014373 -0.257665 0.048905
v 0.016321 -0.259315 0.055941
v -0.027057 -0.256743 0.039629
v -0.016579 -0.255576 0.038527
v -0.011103 -0.255206 0.038530
v -0.019989 -0.263524 0.038492
v -0.030936 -0.263524 0.038739
v -0.022101 -0.256095 0.038644
v -0.010515 -0.263524 0.038527
v 0.001894 -0.263524 0.043171
v -0.000000 -0.255766 0.042670
v 0.009792 -0.256885 0.046729
v 0.014373 -0.257665 0.048905
v 0.016321 -0.259315 0.055941
v -0.027057 -0.256743 0.039629
v 0.014377 -0.263524 0.048882
v 0.012007 -0.263524 0.057297
v -0.042811 -0.263524 0.042811
vn -0.0225 0.0140 -0.9996
vn 0.0024 0.0019 -1.0000
vn 0.3504 0.0251 -0.9363
vn 0.3861 0.0347 -0.9218
vn 0.4194 -0.0049 -0.9078
vn 0.9183 -0.3955 -0.0171
vn -0.2859 0.2837 -0.9153
vn -0.1623 0.8811 0.4443
vn -0.4259 -0.2379 0.8729
vn -0.2517 -0.2233 0.9417
vn -0.1129 0.8979 0.4255
vn -0.1236 0.8832 0.4524
vn -0.5322 -0.3729 0.7600
vn -0.0914 0.9056 0.4142
vn -0.2041 -0.2039 0.9575
vn -0.1007 -0.2219 0.9699
vn -0.0532 0.8947 0.4434
vn -0.0000 -1.0000 -0.0000
vn -0.3237 0.2066 0.9233
vn -0.1243 0.8670 0.4825
vn -0.3554 0.8105 0.4656
vt 1.000000 0.245209
vt 0.429534 0.000000
vt 0.691013 0.000000
vt 1.000000 0.124195
vt 0.245261 0.000000
vt 0.245209 0.245209
vt 0.124195 0.124195
vt 0.119380 0.000000
vt 1.000000 0.425713
vt 0.245261 0.245261
vt 0.290615 0.160737
vt 1.000000 0.340250
vt 0.340250 0.340250
vt 1.000000 0.357311
vt 0.425713 0.425713
vt 0.437405 0.000000
vt 0.436722 0.436722
vt 0.361973 0.214116
vt 0.371130 0.000000
vt 0.613237 0.050487
vt 0.562595 0.000000
vt 0.628870 0.000000
vt 0.660751 0.050385
vt 0.783875 0.223681
vt 0.422801 0.055941
vt 0.308987 0.000000
vt 0.570466 0.000000
vt 0.396542 0.968750
vt 0.375000 0.968750
vt 0.375000 0.937500
vt 0.406310 0.937500
vt 0.401963 0.955810
vt 0.375000 1.000000
vt 0.396542 0.968750
vt 0.409112 0.906250
vt 0.375000 0.906250
vt 0.375000 0.875000
vt 0.404726 0.875000
vt 0.125000 0.746191
vt 0.173503 0.717105
vt 0.202045 0.710286
vt 0.225370 0.706289
vt 0.262086 0.717538
vt 0.286073 0.731919
vt 0.281250 0.750000
vt 0.250000 0.750000
vt 0.218750 0.750000
vt 0.187500 0.750000
vt 0.156250 0.750000
vt 0.409415 0.917846
vt 0.406310 0.937500
vt 0.395348 0.843750
vt 0.375000 0.843750
vt 0.375000 0.831650
vt 0.388816 0.831286
vt 0.398634 0.852750
s 0
usemtl マテリアル
f 1730/1813/255 1731/1814/255 1732/1815/255 1728/1816/255
f 1733/1817/256 1730/1818/256 1728/1819/256 1729/1820/256
f 1734/1821/257 1733/1822/257 1729/1823/257 1735/1824/257
f 1735/1825/258 1736/1826/258 1734/1827/258
f 1740/1828/259 1734/1829/259 1736/1830/259 1737/1831/259
f 1741/1832/260 1740/1833/260 1737/1834/260 1738/1835/260
f 1709/1836/261 1739/1837/261 1732/1838/261 1731/1839/261
s 1
f 1727/1840/262 1712/1841/263 1711/1842/264 1718/1843/265 1716/1844/266
f 1742/1845/267 1712/1841/263 1727/1846/262
f 1720/1847/268 1713/1848/269 1710/1849/270 1721/1850/271
f 1742/1851/267 1715/1852/272 1717/1853/272 1719/1854/272 1722/1855/272 1724/1856/272 1714/1857/273 1710/1858/270 1713/1859/269 1711/1860/264 1712/1861/263
f 1720/1862/268 1718/1863/265 1711/1842/264 1713/1848/269
f 1723/1864/274 1714/1865/273 1726/1866/275 1725/1867/275
f 1721/1850/271 1710/1849/270 1714/1865/273 1723/1868/274
o 立方体.002_cell.008
v 0.015562 -0.101146 0.005440
v 0.013042 -0.096129 0.004949
v 0.015207 -0.095432 0.000269
vn 0.7890 0.4385 0.4303
vt 1.000000 0.697893
vt 0.686376 0.686376
vt 0.197916 0.145374
s 0
usemtl マテリアル
f 1744/1869/276 1743/1870/276 1745/1871/276
o 立方体.002_cell.009
v -0.000818 -0.246717 -0.001376
v -0.006812 -0.240896 -0.002966
v -0.010472 -0.249365 -0.010472
v -0.005662 -0.249365 -0.013158
v 0.000094 -0.247424 -0.013976
v 0.000344 -0.263524 -0.015318
v -0.001194 -0.254149 -0.035391
v -0.000480 -0.263524 -0.031511
v -0.005876 -0.241774 -0.011768
v -0.013876 -0.263524 -0.004867
v -0.005059 -0.263524 -0.002898
v -0.001303 -0.263524 -0.007325
v -0.023160 -0.253232 -0.022869
v -0.017899 -0.253155 -0.026215
v -0.020015 -0.263524 -0.019633
v -0.012762 -0.253341 -0.029349
v -0.006667 -0.263524 -0.028024
v -0.006823 -0.253629 -0.032562
v -0.009259 -0.238819 -0.009259
v -0.011995 -0.239903 -0.004450
v -0.025017 -0.263524 -0.008047
v -0.028879 -0.252996 -0.009202
v -0.013426 -0.249365 -0.004810
v -0.022954 -0.263524 -0.013584
v -0.025744 -0.253029 -0.017578
v 0.000344 -0.263524 -0.015318
v -0.001303 -0.263524 -0.007325
v -0.017899 -0.253155 -0.026215
v -0.012762 -0.253341 -0.029349
v -0.000480 -0.263524 -0.031511
v -0.020015 -0.263524 -0.019633
v -0.006667 -0.263524 -0.028024
v -0.013876 -0.263524 -0.004867
v -0.025017 -0.263524 -0.008047
v -0.011995 -0.239903 -0.004450
v -0.013426 -0.249365 -0.004810
v -0.028879 -0.252996 -0.009202
v -0.022954 -0.263524 -0.013584
v 0.000094 -0.247424 -0.013976
v -0.001194 -0.254149 -0.035391
v -0.005876 -0.241774 -0.011768
v -0.005059 -0.263524 -0.002898
v -0.023160 -0.253232 -0.022869
v -0.006823 -0.253629 -0.032562
v -0.009259 -0.238819 -0.009259
v -0.025744 -0.253029 -0.017578
vn 0.9994 0.0252 -0.0227
vn 0.6922 0.7217 0.0063
vn -0.2571 -0.0009 0.9664
vn -0.2179 -0.0333 0.9754
vn 0.9044 -0.1653 0.3934
vn -0.4891 -0.3941 -0.7781
vn -0.4515 -0.3754 -0.8094
vn 0.4278 0.8946 0.1289
vn -0.2744 0.0049 0.9616
vn -0.8754 -0.3568 -0.3261
vn -0.8351 -0.3776 -0.4001
vn -0.1536 0.9775 -0.1444
vn -0.4756 0.7445 -0.4686
vn -0.1095 0.9765 -0.1855
vn -0.6151 0.7185 -0.3247
vn -0.8750 0.1518 -0.4598
vn -0.7452 0.1571 -0.6481
vn -0.1967 0.9497 -0.2439
vn -0.1496 0.9611 -0.2322
vn -0.2753 0.7339 -0.6209
vn -0.2297 0.7411 -0.6308
vn -0.0799 0.9760 -0.2028
vn -0.1915 0.9764 -0.0996
vn -0.2061 0.9752 -0.0810
vn -0.0000 -1.0000 -0.0000
vn -0.4204 0.1569 -0.8937
vt 0.637970 0.000000
vt 1.000000 0.000000
vt 1.000000 0.668259
vt 0.640334 0.640334
vt 0.227990 0.227990
vt 0.288649 0.288649
vt 0.000000 0.000000
vt 0.536817 0.321279
vt 1.000000 0.494037
vt 1.000000 1.000000
vt 0.494037 0.494037
vt 0.213864 0.000000
vt 1.000000 0.440653
vt 0.504372 0.010356
vt 0.754598 0.306728
vt 1.000000 0.601563
vt 1.000000 0.774772
vt 0.348125 0.000000
vt 0.774772 0.774772
vt 0.605458 0.598444
vt 0.816381 0.433974
vt 1.000000 0.298321
vt 1.000000 0.589725
vt 0.907735 0.139429
vt 0.858877 0.000000
vt 1.000000 0.244291
vt 0.631193 0.000000
vt 1.000000 0.420373
vt 0.818195 0.818195
vt 0.868582 0.633257
vt 0.394587 0.000000
vt 0.631193 0.631193
vt 0.579068 0.446058
vt 1.000000 0.566354
vt 1.000000 0.735128
vt 0.735128 0.735128
vt 0.566354 0.566354
vt 0.504577 0.000000
vt 0.651875 0.000000
vt 0.426085 0.250000
vt 0.458333 0.281250
vt 0.426591 0.281250
vt 0.458333 0.250000
vt 0.458333 0.218750
vt 0.477932 0.218750
vt 0.476081 0.250000
vt 0.418513 0.367624
vt 0.422624 0.343750
vt 0.458333 0.343750
vt 0.458333 0.375000
vt 0.458333 0.312500
vt 0.425031 0.311882
vt 0.425009 0.312500
vt 0.425947 0.248939
vt 0.427645 0.218750
vt 0.427645 0.218750
vt 0.428197 0.187500
vt 0.254360 0.562292
vt 0.250704 0.595731
vt 0.247398 0.610909
vt 0.240150 0.619273
vt 0.222757 0.614943
vt 0.199094 0.607390
vt 0.202120 0.595522
vt 0.206624 0.582374
vt 0.235233 0.568173
vt 0.468810 0.323838
vt 0.466272 0.343750
vt 0.473372 0.281250
vt 0.470129 0.312500
s 0
usemtl マテリアル
f 1784/1872/277 1746/1873/277 1771/1874/277 1775/1875/277 1785/1876/277
f 1786/1877/278 1747/1878/278 1746/1873/278 1784/1879/278
f 1747/1878/279 1778/1880/279 1746/1881/279
f 1787/1873/280 1746/1881/280 1778/1882/280
f 1772/1883/281 1771/1884/281 1746/1881/281 1787/1878/281
f 1788/1885/282 1773/1886/282 1774/1887/282 1777/1888/282 1776/1889/282
f 1777/1890/283 1774/1891/283 1789/1892/283 1785/1893/283 1775/1894/283
f 1764/1895/284 1780/1896/284 1747/1873/284 1786/1897/284
f 1779/1898/285 1778/1899/285 1747/1881/285 1780/1900/285 1781/1901/285 1782/1902/285
f 1779/1903/286 1782/1904/286 1791/1905/286 1783/1906/286
f 1783/1907/287 1791/1908/287 1788/1909/287 1776/1910/287
s 1
f 1758/1911/288 1748/1912/289 1759/1913/290
f 1748/1914/289 1768/1915/291 1765/1916/292 1790/1917/293
f 1752/1918/294 1763/1919/295 1749/1920/296 1750/1921/297
f 1759/1913/290 1748/1912/289 1749/1922/296 1761/1923/298
f 1749/1920/296 1763/1919/295 1761/1924/298
f 1768/1915/291 1748/1914/289 1758/1925/288 1770/1926/299
f 1768/1915/291 1770/1927/299 1767/1928/300
f 1753/1929/301 1751/1930/301 1757/1931/301 1756/1932/301 1755/1933/301 1766/1934/301 1769/1935/301 1760/1936/301 1762/1937/301
f 1749/1922/296 1754/1938/302 1750/1939/297
f 1749/1922/296 1748/1912/289 1790/1940/293 1754/1941/302
o 立方体.002_cell.010
v -0.051503 0.045361 0.119686
v -0.028536 0.045452 0.136179
v -0.026713 0.045361 0.127932
v -0.047850 -0.007879 0.082284
v -0.058495 0.045452 0.126345
v -0.057267 0.045361 0.117053
v -0.016037 0.045452 0.137336
v -0.014492 0.045361 0.129268
v -0.010056 -0.006871 0.094214
v -0.009745 -0.003809 0.089999
v -0.035256 -0.005703 0.081929
v -0.036948 -0.009156 0.085862
v -0.018394 -0.005049 0.088066
v -0.019302 -0.008350 0.092121
v -0.047224 -0.005462 0.076699
v -0.058495 0.045452 0.126345
v -0.058495 0.045452 0.126345
v -0.047850 -0.007879 0.082284
v -0.057267 0.045361 0.117053
v -0.057267 0.045361 0.117053
v -0.016037 0.045452 0.137336
v -0.016037 0.045452 0.137336
v -0.014492 0.045361 0.129268
v -0.014492 0.045361 0.129268
v -0.035256 -0.005703 0.081929
v -0.018394 -0.005049 0.088066
v -0.009745 -0.003809 0.089999
v -0.036948 -0.009156 0.085862
v -0.019302 -0.008350 0.092121
v -0.026713 0.045361 0.127932
v -0.028536 0.045452 0.136179
v -0.051503 0.045361 0.119686
v -0.010056 -0.006871 0.094214
v -0.047224 -0.005462 0.076699
vn -0.9870 -0.0854 -0.1364
vn 0.9892 -0.0140 0.1461
vn 0.2088 -0.8075 -0.5517
vn 0.0022 0.9999 -0.0106
vn 0.0011 0.9999 -0.0109
vn 0.0037 0.9999 -0.0098
vn 0.0042 0.9999 -0.0092
vn -0.0710 -0.6392 0.7657
vn -0.1545 -0.6411 0.7518
vn -0.1610 -0.6410 0.7504
vn -0.2686 -0.6405 0.7195
vn -0.2438 -0.6389 0.7297
vn -0.3060 -0.6419 0.7031
vn 0.1716 0.6283 -0.7588
vn 0.1652 0.6284 -0.7602
vn 0.0841 0.6267 -0.7747
vn 0.2851 0.6269 -0.7251
vn 0.2844 0.6269 -0.7254
vn 0.3229 0.6269 -0.7090
vt 0.528867 0.142933
vt 0.084333 0.084333
vt 0.028953 0.028953
vt 0.529665 0.084373
vt 0.415314 0.348707
vt 0.360993 0.297635
vt 1.000000 0.067588
vt 1.000000 0.126709
vt 0.751574 0.069812
vt 0.305642 0.076739
vt 0.092551 0.092551
vt 0.049401 0.049401
vt 0.273243 0.032110
vt 0.737812 0.023210
vt 1.000000 0.025425
vt 1.000000 0.072973
vt 0.777814 0.736254
vt 0.781250 0.750000
vt 0.767561 0.750000
vt 0.765089 0.736254
vt 0.812500 0.750000
vt 0.805627 0.736254
vt 0.812613 0.736254
vt 0.625000 0.892562
vt 0.625000 0.906250
vt 0.594390 0.906250
vt 0.595438 0.890495
vt 0.593931 0.937500
vt 0.625000 0.941864
vt 0.593977 0.955472
vt 0.777814 0.736254
vt 0.765089 0.736254
vt 0.764571 0.736254
vt 0.805627 0.736254
vt 0.825436 0.736254
vt 0.625000 0.937500
s 0
usemtl マテリアル
f 1810/1942/303 1825/1943/303 1809/1944/303 1807/1945/303
f 1814/1946/304 1812/1947/304 1824/1948/304 1818/1949/304
f 1816/1950/305 1817/1951/305 1818/1952/305 1824/1953/305 1820/1954/305 1819/1955/305 1809/1956/305 1825/1957/305
s 1
f 1821/1958/306 1822/1959/306 1813/1960/307 1815/1961/307
f 1808/1962/308 1823/1963/308 1811/1964/309
f 1823/1963/308 1808/1962/308 1822/1959/306 1821/1958/306
f 1798/1965/310 1793/1966/311 1805/1967/312 1800/1968/310
f 1803/1969/313 1796/1970/314 1795/1971/315
f 1804/1972/316 1794/1958/317 1799/1973/318 1801/1974/318
f 1792/1963/319 1794/1958/317 1804/1972/316 1802/1975/320
f 1797/1964/321 1792/1963/319 1802/1975/320 1806/1976/321
f 1793/1966/311 1796/1977/314 1803/1969/313 1805/1967/312
o 立方体.002_cell.011
v -0.002215 -0.245957 0.003327
v -0.002529 -0.256754 0.003245
v -0.008224 -0.249365 0.012045
v -0.023855 -0.263524 0.023393
v -0.010152 -0.251920 0.023591
v -0.013845 -0.263524 0.008179
v -0.014388 -0.253163 0.027778
v -0.040138 -0.263524 0.019708
v -0.015056 -0.250035 0.008766
v -0.011236 -0.243233 0.007671
v -0.032635 -0.263524 0.036485
v -0.018034 -0.254231 0.031372
v -0.042938 -0.263524 0.024360
v -0.044665 -0.257577 0.024771
v -0.044434 -0.259315 0.040493
v -0.025190 -0.256011 0.036893
v -0.047836 -0.258938 0.032661
v -0.047890 -0.263524 0.035558
v -0.023855 -0.263524 0.023393
v -0.013845 -0.263524 0.008179
v -0.010152 -0.251920 0.023591
v -0.014388 -0.253163 0.027778
v -0.015056 -0.250035 0.008766
v -0.011236 -0.243233 0.007671
v -0.044665 -0.257577 0.024771
v -0.040138 -0.263524 0.019708
v -0.018034 -0.254231 0.031372
v -0.008224 -0.249365 0.012045
v -0.047836 -0.258938 0.032661
v -0.047890 -0.263524 0.035558
v -0.047890 -0.263524 0.035558
v -0.047890 -0.263524 0.035558
v -0.042938 -0.263524 0.024360
v -0.025190 -0.256011 0.036893
v -0.032635 -0.263524 0.036485
v -0.044434 -0.259315 0.040493
vn 0.8907 0.2007 0.4079
vn 0.5920 -0.7056 0.3894
vn -0.4417 0.0979 -0.8918
vn -0.4008 0.0415 -0.9152
vn 0.4795 0.6534 0.5859
vn 0.5765 -0.6013 0.5532
vn 0.5887 -0.7063 0.3932
vn -0.8380 -0.2086 -0.5042
vn 0.1143 -0.4981 0.8596
vn -0.8884 -0.2343 -0.3948
vn -0.1401 0.9771 0.1601
vn -0.0874 0.9756 0.2012
vn -0.2710 0.8490 0.4536
vn -0.2794 0.8644 0.4181
vn -0.2281 0.9607 0.1581
vn -0.2489 0.9577 0.1444
vn -0.2012 0.9756 0.0874
vn -0.2612 0.9521 0.1593
vn -0.0000 -1.0000 -0.0000
vn -0.4308 0.3741 0.8212
vt 1.000000 0.340810
vt 1.000000 1.000000
vt 0.000000 0.000000
vt 0.613578 0.236679
vt 0.536741 0.000000
vt 1.000000 0.661143
vt 0.273265 0.204803
vt 0.173365 0.000000
vt 0.288955 0.000000
vt 0.437697 0.000000
vt 1.000000 0.738913
vt 0.661143 0.661143
vt 1.000000 0.000000
vt 0.794749 0.599633
vt 0.810423 0.000000
vt 1.000000 0.717865
vt 0.877707 0.863372
vt 1.000000 0.411058
vt 1.000000 0.768679
vt 0.315285 0.000000
vt 1.000000 0.463259
vt 1.000000 0.826635
vt 0.768679 0.768679
vt 0.411058 0.411058
vt 1.000000 0.562303
vt 1.000000 0.711045
vt 1.000000 0.397401
vt 0.938245 0.646009
vt 0.240376 0.173932
vt 0.431186 0.112798
vt 0.108391 0.108391
vt 0.621345 0.049082
vt 0.521072 0.061909
vt 0.404427 0.964428
vt 0.417581 0.956188
vt 0.426526 0.949096
vt 0.436940 0.937500
vt 0.458333 0.968750
vt 0.458333 1.000000
vt 0.383171 1.000000
vt 0.402670 0.968750
vt 0.378156 0.031250
vt 0.452724 0.042850
vt 0.389556 0.046324
vt 0.375000 0.028059
vt 0.383171 0.000000
vt 0.458333 0.031250
vt 0.157994 0.675477
vt 0.161093 0.672589
vt 0.222227 0.641964
vt 0.196489 0.677604
vt 0.169880 0.712822
vt 0.125000 0.725331
vt 0.467179 1.000000
vt 0.465369 0.968750
s 0
usemtl マテリアル
f 1846/1978/322 1827/1979/322 1826/1980/322 1853/1981/322
f 1844/1982/323 1845/1983/323 1827/1979/323 1846/1984/323 1847/1985/323
f 1851/1986/324 1850/1987/324 1848/1988/324 1827/1979/324 1845/1989/324
f 1826/1990/325 1827/1979/325 1848/1991/325 1849/1992/325
f 1853/1993/326 1826/1979/326 1849/1994/326
f 1860/1995/327 1852/1996/327 1841/1997/327
f 1844/1998/328 1847/1999/328 1852/2000/328 1860/2001/328
f 1858/1980/329 1850/2002/329 1851/2003/329
f 1860/2004/330 1841/2005/330 1861/2006/330 1856/2007/330
f 1850/2008/331 1858/1980/331 1855/2009/331 1854/2010/331
s 1
f 1859/2011/332 1837/2012/333 1832/2013/333 1830/2014/333 1828/2015/334
f 1834/2016/335 1840/2017/336 1859/2018/332 1828/2015/334
f 1842/2019/337 1834/2020/335 1839/2021/338
f 1857/2022/339 1840/2023/336 1834/2024/335 1842/2019/337
f 1838/2025/340 1833/2026/340 1831/2027/340 1829/2028/340 1836/2029/340 1843/2030/340
f 1835/2031/341 1834/2016/335 1828/2032/334
o 立方体.002_cell.012
v 0.009622 -0.128558 -0.002133
v 0.009893 -0.195071 -0.002418
v 0.010183 -0.155795 -0.002291
v 0.012787 -0.132683 -0.002438
v 0.011230 -0.146680 -0.002351
v 0.010183 -0.155795 -0.002291
v 0.011230 -0.146680 -0.002351
v 0.012787 -0.132683 -0.002438
v 0.009622 -0.128558 -0.002133
vn -0.0909 0.0039 -0.9959
vn 0.0909 -0.0039 0.9959
vt 1.000000 1.000000
vt 0.037220 0.000000
vt 0.413349 0.408744
vt 0.969502 0.242248
vt 0.937397 0.000000
vt 1.000000 0.000000
vt 0.976296 0.976296
vt 0.991050 0.400635
vt 0.500000 0.589953
vt 0.520409 0.593750
vt 0.506933 0.593750
vt 0.520154 0.596896
vt 0.517581 0.596477
s 0
usemtl マテリアル
f 1863/2033/342 1870/2034/342 1867/2035/342
f 1868/2036/343 1869/2037/343 1870/2038/343 1863/2039/343 1867/2040/343
s 1
f 1864/2041/342 1862/2042/342 1866/2043/342
f 1862/2044/342 1865/2045/342 1866/2043/342
o 立方体.002_cell.013
v 0.042811 -0.263524 0.042811
v 0.023149 -0.263524 0.053795
v 0.033623 -0.263524 0.049245
v 0.018042 -0.263524 0.055400
v 0.016133 -0.263524 0.048407
v 0.016118 -0.257674 0.048400
v 0.026119 -0.256375 0.038254
v 0.032144 -0.256033 0.032144
v 0.031014 -0.263524 0.033318
v 0.036108 -0.263524 0.031593
v 0.037761 -0.257217 0.033471
v 0.045482 -0.259315 0.038997
v 0.018042 -0.263524 0.055400
v 0.016133 -0.263524 0.048407
v 0.026119 -0.256375 0.038254
v 0.032144 -0.256033 0.032144
v 0.016118 -0.257674 0.048400
v 0.031014 -0.263524 0.033318
v 0.037761 -0.257217 0.033471
v 0.045482 -0.259315 0.038997
v 0.036108 -0.263524 0.031593
vn -0.9647 -0.0022 0.2634
vn -0.7120 -0.0026 -0.7022
vn -0.3191 -0.0995 -0.9425
vn 0.2667 0.2103 -0.9406
vn 0.5947 0.0824 -0.7997
vn 0.2739 0.8748 0.3997
vn 0.6674 -0.2273 0.7092
vn 0.3592 -0.1415 0.9225
vn 0.1776 0.8815 0.4375
vn 0.3938 -0.3264 0.8593
vn 0.5326 -0.2804 0.7986
vn 0.2457 0.8388 0.4858
vn 0.0681 -0.9968 -0.0407
vn -0.0992 -0.0134 0.9950
vn -0.1110 0.7947 0.5967
vt 0.521120 0.075194
vt 0.367595 0.000000
vt 0.434183 0.000000
vt 0.486664 0.296888
vt 0.733204 0.154312
vt 1.000000 0.010149
vt 1.000000 0.138943
vt 0.434183 0.434183
vt 0.138128 0.000000
vt 0.138334 0.138334
vt 0.011043 0.000000
vt 1.000000 0.266667
vt 0.138127 0.138127
vt 0.011043 0.011043
vt 0.716722 0.478948
vt 0.348738 0.348738
vt 0.266667 0.266667
vt 0.399621 0.781250
vt 0.375000 0.781250
vt 0.375000 0.750000
vt 0.402488 0.750000
vt 0.375000 0.826847
vt 0.375000 0.812500
vt 0.388737 0.825828
vt 0.392884 0.812500
vt 0.399621 0.781250
vt 0.347000 0.710583
vt 0.375000 0.735536
vt 0.343750 0.750000
vt 0.312500 0.750000
vt 0.298178 0.750000
vt 0.290713 0.731847
vt 0.329438 0.699139
vt 0.392566 0.739823
vt 0.375000 0.737028
s 0
usemtl マテリアル
f 1883/2046/344 1887/2047/344 1884/2048/344
f 1887/2049/345 1885/2050/345 1886/2051/345 1888/2052/345 1884/2053/345
f 1891/2054/346 1888/2055/346 1886/2056/346
f 1889/2057/347 1891/2058/347 1886/2059/347
f 1890/2060/348 1891/2061/348 1889/2062/348
s 1
f 1877/2063/349 1873/2064/350 1871/2065/351 1878/2066/352
f 1874/2067/353 1872/2068/354 1876/2069/355
f 1876/2070/355 1872/2068/354 1873/2064/350 1877/2071/349
f 1880/2072/356 1882/2073/357 1871/2065/351 1873/2074/350 1872/2075/354 1874/2076/353 1875/2077/356 1879/2078/356
f 1881/2079/358 1878/2066/352 1871/2065/351 1882/2080/357
o 立方体.002_cell.014
v 0.009493 -0.101018 0.013913
v 0.003655 -0.096044 0.013421
v 0.004016 -0.101018 0.016036
v 0.003608 -0.127114 0.013114
v 0.008159 -0.097543 0.009441
v 0.010806 -0.106882 0.012162
v 0.003777 -0.098474 0.006568
v 0.008120 -0.122501 0.011900
v 0.004016 -0.101018 0.016036
v 0.003608 -0.127114 0.013114
v 0.010806 -0.106882 0.012162
v 0.008120 -0.122501 0.011900
v 0.009493 -0.101018 0.013913
v 0.003655 -0.096044 0.013421
v 0.008159 -0.097543 0.009441
v 0.003777 -0.098474 0.006568
vn -0.9906 0.0001 0.1371
vn 0.8320 0.5300 0.1637
vn 0.3211 0.4589 0.8285
vn -0.9998 0.0017 -0.0185
vn 0.3482 -0.1426 -0.9265
vn 0.5763 -0.1127 0.8094
vn 0.4006 -0.1106 0.9095
vn 0.3719 -0.1099 0.9217
vn 0.3601 -0.1096 0.9265
vn 0.0186 0.9424 -0.3339
vt 0.288278 0.288278
vt 0.229825 0.000000
vt 1.000000 0.185482
vt 0.920006 0.319666
vt 0.451310 0.000000
vt 0.670547 0.000000
vt 1.000000 0.289291
vt 0.385444 0.385444
vt 1.000000 0.175595
vt 1.000000 0.291846
vt 0.347726 0.000000
vt 1.000000 0.000000
vt 1.000000 0.770175
vt 1.000000 1.000000
vt 0.334947 0.051936
vt 0.329453 0.000000
vt 0.548690 0.000000
vt 0.909855 0.532321
vt 0.537206 0.759984
vt 0.541667 0.781250
vt 0.525326 0.781250
vt 0.541667 0.812500
vt 0.522358 0.787937
vt 0.695319 0.700212
vt 0.698039 0.683927
vt 0.702469 0.680627
s 0
usemtl マテリアル
f 1900/2081/359 1905/2082/359 1901/2083/359
f 1892/2084/360 1902/2085/360 1906/2086/360 1905/2087/360
f 1892/2088/361 1905/2089/361 1900/2090/361
f 1907/2091/362 1901/2092/362 1905/2093/362
f 1901/2094/363 1907/2095/363 1906/2096/363 1902/2097/363 1903/2098/363
s 1
f 1897/2099/364 1904/2100/365 1899/2101/366
f 1899/2101/366 1904/2100/365 1894/2102/367 1895/2103/367
f 1893/2104/368 1896/2105/368 1898/2106/368
o 立方体.002_cell.015
v -0.001624 -0.246262 0.000889
v -0.041299 -0.260779 0.018151
v -0.001356 -0.257674 0.000966
v -0.015246 -0.249910 0.006932
v -0.011306 -0.263524 0.005186
v -0.006422 -0.263524 -0.000508
v -0.025961 -0.263524 -0.006197
v -0.016669 -0.249976 -0.003493
v -0.013227 -0.244040 -0.002490
v -0.012794 -0.241379 0.002681
v -0.039854 -0.255508 0.011343
v -0.035392 -0.254124 -0.000000
v -0.032854 -0.263524 0.000369
v -0.031119 -0.253297 -0.006521
v -0.015246 -0.249910 0.006932
v -0.041299 -0.260779 0.018151
v -0.041299 -0.260779 0.018151
v -0.041299 -0.260779 0.018151
v -0.012794 -0.241379 0.002681
v -0.011306 -0.263524 0.005186
v -0.025961 -0.263524 -0.006197
v -0.006422 -0.263524 -0.000508
v -0.039854 -0.255508 0.011343
v -0.016669 -0.249976 -0.003493
v -0.013227 -0.244040 -0.002490
v -0.032854 -0.263524 0.000369
v -0.035392 -0.254124 -0.000000
v -0.031119 -0.253297 -0.006521
vn 0.3644 0.1593 0.9175
vn 0.3951 0.0010 0.9186
vn 0.3959 -0.0111 0.9182
vn 0.5865 -0.6347 0.5031
vn -0.0179 -0.9966 0.0799
vn 0.2938 0.8397 -0.4566
vn -0.8888 -0.2531 -0.3821
vn -0.7155 -0.3028 -0.6296
vn -0.1259 0.8948 0.4283
vn -0.5532 0.8223 0.1335
vn -0.5676 0.8230 0.0229
vn -0.2159 0.9763 0.0157
vn -0.2199 0.9753 -0.0204
vn -0.0734 0.7961 0.6008
vn 0.2619 0.0130 -0.9650
vn -0.8335 0.5166 -0.1961
vn -0.9158 0.4013 0.0160
vt 1.000000 0.713345
vt 1.000000 1.000000
vt 0.000000 0.000000
vt 0.218201 0.000000
vt 1.000000 0.000000
vt 0.713345 0.713345
vt 0.166628 0.000000
vt 1.000000 0.701213
vt 1.000000 0.724670
vt 0.751047 0.751047
vt 0.163760 0.663932
vt 0.186664 0.622186
vt 0.197575 0.611396
vt 0.237705 0.623987
vt 0.227756 0.635568
vt 1.000000 0.781799
vt 0.702964 0.702964
vt 0.656657 0.000000
vt 0.722420 0.584237
vt 0.573780 0.573780
vt 0.337819 0.337819
vt 0.341747 0.000000
vt 0.606769 0.000000
vt 0.410999 0.093750
vt 0.458333 0.093750
vt 0.458333 0.125000
vt 0.418472 0.125000
vt 0.425402 0.156250
vt 0.453223 0.156250
vt 0.406886 0.082660
vt 0.398520 0.062500
vt 0.657868 0.000000
vt 0.724670 0.724670
vt 0.393231 0.000000
vt 0.658253 0.000000
vt 0.630239 0.482385
vt 0.467295 0.153133
vt 0.473681 0.125000
s 0
usemtl マテリアル
f 1922/2107/369 1910/2108/369 1908/2109/369 1926/2110/369
f 1923/2111/370 1910/2108/370 1922/2112/370
f 1923/2113/371 1927/2114/371 1910/2108/371
f 1929/2115/372 1910/2108/372 1927/2116/372
s 1
f 1925/2117/373 1920/2118/373 1928/2119/373 1913/2120/373 1912/2121/373
s 0
f 1926/2122/374 1908/2108/374 1932/2123/374
f 1934/2124/375 1933/2111/375 1924/2108/375 1930/2125/375
f 1933/2126/376 1934/2127/376 1935/2128/376 1914/2129/376
s 1
f 1918/2130/377 1911/2131/378 1915/2132/379 1919/2133/380
f 1921/2134/381 1919/2133/380 1915/2135/379
f 1911/2131/378 1918/2136/377 1909/2137/382
s 0
f 1932/2138/383 1908/2111/383 1910/2108/383 1929/2139/383 1914/2140/383 1935/2141/383 1931/2142/383
s 1
f 1916/2143/384 1915/2132/379 1917/2144/385
f 1915/2132/379 1911/2131/378 1917/2144/385
o 立方体.002_cell.016
v -0.006331 -0.112531 0.003344
v -0.002869 -0.125868 0.005037
v -0.012999 -0.096341 0.002377
v -0.013430 -0.106174 0.009164
v -0.011039 -0.114282 0.010937
v -0.014708 -0.101018 0.007702
v -0.014660 -0.115386 0.003068
v -0.016469 -0.101018 0.001049
v -0.012777 -0.126958 0.004714
v -0.019075 -0.096005 0.008208
v -0.008416 -0.121750 0.011795
v -0.009972 -0.126895 0.009972
v -0.013430 -0.106174 0.009164
v -0.011039 -0.114282 0.010937
v -0.014708 -0.101018 0.007702
v -0.014660 -0.115386 0.003068
v -0.012777 -0.126958 0.004714
v -0.016469 -0.101018 0.001049
v -0.019075 -0.096005 0.008208
v -0.008416 -0.121750 0.011795
v -0.009972 -0.126895 0.009972
vn 0.6216 0.4788 0.6200
vn 0.7606 0.3454 0.5497
vn -0.3940 -0.2157 -0.8935
vn 0.1520 -0.0750 -0.9855
vn -0.5482 0.5782 -0.6044
vn 0.7654 0.3321 0.5512
vn 0.7933 0.0776 0.6039
vn -0.8392 -0.1240 0.5295
vn -0.9038 -0.1153 0.4121
vn -0.8780 -0.1214 0.4630
vn -0.8120 -0.1233 0.5705
vn -0.8965 -0.3569 0.2623
vn -0.9442 -0.1040 0.3126
vn -0.5794 -0.1108 0.8075
vn -0.9195 -0.3088 0.2434
vn 0.1107 -0.9927 -0.0471
vn -0.7301 -0.6555 0.1933
vt 0.968971 0.968971
vt 0.832693 0.832693
vt 1.000000 0.925706
vt 0.924112 0.000000
vt 1.000000 0.000000
vt 0.992669 0.992669
vt 0.934729 0.815969
vt 0.928481 0.501839
vt 0.000000 0.000000
vt 0.960396 0.960396
vt 0.978774 0.978774
vt 0.076532 0.000000
vt 0.454026 0.389306
vt 1.000000 0.945368
vt 1.000000 0.832693
vt 0.994453 0.994453
vt 0.945987 0.945987
vt 0.982922 0.074022
vt 0.370442 0.000000
vt 0.410459 0.000000
vt 1.000000 1.000000
vt 0.370442 0.370442
vt 0.531577 0.000790
vt 0.537744 0.031250
vt 0.521930 0.031250
vt 0.521983 0.000000
vt 0.541667 0.093750
vt 0.530738 0.093750
vt 0.521925 0.062500
vt 0.525079 0.968750
vt 0.525897 0.972236
vt 0.531420 1.000000
vt 0.541667 0.062500
vt 0.541667 0.115349
vt 0.530738 0.093750
vt 1.000000 0.933577
vt 0.594842 0.564903
vt 0.543548 0.093750
s 0
usemtl マテリアル
f 1938/2145/386 1954/2146/386 1950/2147/386
f 1949/2148/387 1936/2149/387 1938/2150/387 1950/2151/387 1948/2152/387
f 1936/2153/388 1937/2149/388 1938/2154/388
f 1938/2155/389 1937/2153/389 1952/2156/389 1951/2157/389 1953/2158/389
f 1954/2159/390 1938/2160/390 1953/2161/390
f 1936/2149/391 1949/2162/391 1955/2163/391
f 1956/2164/392 1937/2149/392 1936/2165/392 1955/2166/392
s 1
f 1940/2167/393 1939/2168/394 1944/2169/395 1947/2170/396
f 1941/2171/397 1942/2172/398 1944/2173/395
f 1947/2174/396 1946/2175/399 1940/2176/393
f 1941/2177/397 1944/2169/395 1939/2168/394
f 1941/2171/397 1943/2178/400 1942/2179/398
s 0
f 1952/2180/401 1937/2165/401 1956/2181/401
s 1
f 1943/2178/400 1941/2171/397 1945/2182/402
o 立方体.002_cell.017
v -0.026629 -0.063119 0.041071
v -0.019337 -0.062374 0.044937
v -0.021340 -0.059800 0.040448
v -0.027834 -0.060165 0.036698
v -0.047616 -0.021724 0.069743
v -0.028599 -0.035024 0.059047
v -0.040675 -0.020920 0.073497
v -0.037837 -0.037126 0.052651
v -0.054372 -0.029147 0.057273
v -0.041189 -0.041524 0.045800
v -0.032301 -0.062707 0.037800
v -0.011896 -0.058255 0.045242
v -0.009743 -0.060534 0.049444
v -0.005228 -0.052660 0.050967
v -0.006656 -0.041635 0.059729
v -0.011639 -0.027818 0.076581
v -0.011955 -0.038122 0.062013
v -0.033037 -0.020975 0.076773
v -0.016467 -0.024868 0.078594
v -0.026629 -0.063119 0.041071
v -0.026629 -0.063119 0.041071
v -0.026629 -0.063119 0.041071
v -0.019337 -0.062374 0.044937
v -0.047616 -0.021724 0.069743
v -0.040675 -0.020920 0.073497
v -0.037837 -0.037126 0.052651
v -0.041189 -0.041524 0.045800
v -0.054372 -0.029147 0.057273
v -0.032301 -0.062707 0.037800
v -0.032301 -0.062707 0.037800
v -0.032301 -0.062707 0.037800
v -0.005228 -0.052660 0.050967
v -0.006656 -0.041635 0.059729
v -0.011955 -0.038122 0.062013
v -0.011639 -0.027818 0.076581
v -0.016467 -0.024868 0.078594
v -0.033037 -0.020975 0.076773
v -0.021340 -0.059800 0.040448
v -0.027834 -0.060165 0.036698
v -0.028599 -0.035024 0.059047
v -0.009743 -0.060534 0.049444
v -0.011896 -0.058255 0.045242
vn 0.3819 -0.7180 -0.5820
vn 0.2196 0.7839 -0.5807
vn 0.2065 0.7744 -0.5981
vn 0.4106 -0.6984 -0.5862
vn 0.2849 -0.7561 -0.5892
vn 0.8490 -0.2570 0.4617
vn 0.2773 0.7816 -0.5588
vn 0.2472 0.7886 -0.5631
vn -0.3656 -0.6473 0.6688
vn -0.2707 -0.6419 0.7174
vn -0.2725 -0.6420 0.7167
vn -0.3063 -0.6420 0.7029
vn -0.3529 -0.6464 0.6765
vn -0.0552 -0.6475 0.7600
vn 0.4490 -0.7201 0.5289
vn 0.2892 -0.3852 -0.8763
vn 0.3475 -0.5866 0.7315
vn -0.6480 0.0157 -0.7615
vn 0.3598 0.6138 -0.7027
vn 0.4301 0.4098 -0.8044
vn 0.3435 0.3268 -0.8805
vn 0.2891 0.5983 -0.7473
vn -0.2832 0.4937 -0.8222
vn 0.1684 0.5953 -0.7856
vn 0.3697 0.5993 -0.7100
vn 0.1549 0.5209 -0.8395
vn -0.4288 -0.6496 0.6278
vn 0.3793 -0.7149 -0.5874
vt 0.312221 0.008179
vt 0.060875 0.042182
vt 0.209567 0.000000
vt 1.000000 0.484034
vt 1.000000 0.772078
vt 0.502589 0.334503
vt 0.203129 0.000000
vt 0.543945 0.000000
vt 1.000000 0.391188
vt 0.772078 0.772078
vt 0.484034 0.484034
vt 0.367330 0.044970
vt 1.000000 0.661487
vt 0.770077 0.557395
vt 0.286912 0.085878
vt 0.946250 0.946250
vt 1.000000 0.514125
vt 1.000000 0.712863
vt 0.220973 0.000000
vt 0.524628 0.000000
vt 0.107118 0.107118
vt 1.000000 0.377479
vt 0.524628 0.524628
vt 0.220973 0.220973
vt 0.695944 0.561945
vt 0.624041 0.624041
vt 0.392388 0.362420
vt 0.456055 0.000000
vt 0.796871 0.000000
vt 0.793537 0.204813
vt 0.563229 0.964930
vt 0.563653 0.937500
vt 0.587207 0.937500
vt 0.587238 0.953479
vt 0.586781 0.968750
vt 0.584992 0.906250
vt 0.564700 0.904484
vt 0.567351 0.889138
vt 0.583313 0.897787
vt 0.564602 0.906250
vt 0.584992 0.906250
vt 0.587207 0.937500
vt 0.563730 0.934654
vt 0.222351 0.000000
vt 0.729513 0.729513
vt 0.391188 0.391188
vt 0.805627 0.736254
vt 0.833441 0.736254
vt 0.833441 0.736254
vt 0.764985 0.736254
vt 0.763801 0.736254
vt 0.777814 0.736254
vt 0.775698 0.736254
vt 0.784931 0.736254
vt 0.781220 0.736254
vt 0.848294 0.736254
vt 0.853318 0.736254
vt 0.563180 0.968750
vt 0.582558 0.995502
vt 0.563464 0.986812
vt 0.817029 0.736254
s 0
usemtl マテリアル
f 1979/2183/403 1976/2184/403 1994/2185/403
f 1982/2186/404 1984/2187/404 1980/2188/404 1981/2189/404 1996/2190/404
f 1983/2191/405 1984/2192/405 1982/2193/405
f 1997/2194/406 1979/2195/406 1994/2196/406 1998/2197/406
f 1995/2198/407 1977/2199/407 1986/2200/407
f 1989/2201/408 1991/2202/408 1988/2203/408
f 1990/2204/409 1991/2205/409 1989/2206/409
f 1992/2207/410 1991/2208/410 1990/2209/410 1996/2210/410 1981/2211/410 1993/2212/410
s 1
f 1978/2213/411 1958/2214/412 1974/2215/413 1963/2216/414 1961/2217/415
f 1975/2218/416 1969/2219/417 1970/2220/418 1972/2221/419
f 1969/2222/417 1975/2223/416 1974/2224/413 1958/2225/412
s 0
f 1985/2226/420 1984/2227/420 1983/2228/420
s 1
f 1962/2229/421 1959/2229/422 1960/2230/423 1964/2231/424
f 1971/2232/425 1970/2233/418 1969/2234/417 1973/2235/426
f 1968/2236/427 1959/2229/422 1962/2229/421 1973/2234/426 1969/2237/417
f 1964/2231/424 1960/2230/423 1967/2238/428 1966/2239/428
f 1978/2240/411 1961/2217/415 1965/2241/429 1987/2242/429
f 1960/2230/423 1959/2243/422 1957/2230/430
o 立方体.002_cell.018
v -0.001334 -0.244532 0.001893
v -0.005482 -0.240658 -0.001565
v -0.000498 -0.196806 0.004468
v -0.009048 -0.236985 0.009048
v -0.012123 -0.236985 0.002539
v -0.011385 -0.200640 -0.001206
v -0.011595 -0.214356 -0.002429
v -0.012113 -0.236564 -0.002537
v -0.010507 -0.197290 0.004522
v -0.006553 -0.196579 0.009599
v -0.000000 -0.196268 0.011397
v 0.000849 -0.201873 0.011448
v -0.011442 -0.241115 0.006366
v -0.004600 -0.245031 0.012785
v -0.000000 -0.240669 0.012935
v -0.011385 -0.200640 -0.001206
v -0.011595 -0.214356 -0.002429
v -0.012113 -0.236564 -0.002537
v -0.010507 -0.197290 0.004522
v -0.012123 -0.236985 0.002539
v -0.011442 -0.241115 0.006366
v -0.006553 -0.196579 0.009599
v -0.000000 -0.196268 0.011397
v 0.000849 -0.201873 0.011448
v -0.000000 -0.240669 0.012935
v -0.004600 -0.245031 0.012785
vn -0.0445 0.8653 -0.4993
vn 0.3854 0.0593 -0.9208
vn -0.6039 -0.7272 -0.3262
vn 0.6560 0.0292 -0.7542
vn -0.0265 0.9968 -0.0755
vn 0.9855 0.1486 -0.0824
vn 0.9888 -0.0174 -0.1483
vn -0.4426 -0.8125 -0.3793
vn -0.3773 -0.9130 -0.1550
vn 0.6752 -0.7179 0.1696
vn -0.2447 0.0101 0.9696
vn -0.6131 0.0418 0.7889
vn -0.3336 0.1494 0.9308
vn 0.1661 0.0341 0.9855
vn -0.8201 -0.0069 0.5722
vn -0.9085 0.0370 0.4163
vn -0.5325 0.0213 0.8462
vn -0.9884 0.0288 0.1493
vn -0.9977 0.0275 0.0626
vn -0.4202 0.1807 0.8893
vn -0.0486 0.9937 -0.1014
vt 1.000000 0.000000
vt 1.000000 0.277275
vt 0.761257 0.000000
vt 0.000000 0.000000
vt 1.000000 0.177842
vt 0.565551 0.241509
vt 0.277275 0.277275
vt 0.184449 0.184449
vt 0.152219 0.000000
vt 0.179073 0.125305
vt 1.000000 1.000000
vt 1.000000 0.887208
vt 0.932986 0.929803
vt 0.882138 0.882138
vt 1.000000 0.827710
vt 0.748263 0.000000
vt 0.827710 0.827710
vt 1.000000 0.847781
vt 0.137002 0.137002
vt 0.231153 0.073776
vt 1.000000 0.690136
vt 0.784711 0.734460
vt 0.489575 0.937500
vt 0.479167 0.937500
vt 0.479167 0.906250
vt 0.488176 0.863787
vt 0.489615 0.875000
vt 0.479167 0.865449
vt 0.479167 0.031250
vt 0.479167 0.000000
vt 0.489417 0.031250
vt 0.489535 0.968750
vt 0.479167 0.093750
vt 0.479167 0.062500
vt 0.489286 0.093750
vt 0.479167 0.125000
vt 0.489186 0.125000
vt 0.488493 0.140954
vt 0.484973 0.156250
vt 0.479275 0.156250
vt 0.489480 1.000000
vt 0.479167 0.968750
vt 0.489532 0.970998
vt 0.468687 0.906250
vt 0.468085 0.968750
vt 0.479167 1.000000
vt 0.469832 1.000000
vt 0.936088 0.045222
vt 0.931578 0.000000
s 0
usemtl マテリアル
f 2001/2244/431 2014/2245/431 2017/2246/431
f 2001/2247/432 2000/2244/432 2016/2248/432 2015/2249/432 2014/2250/432
f 2016/2251/433 2000/2247/433 2019/2252/433 2018/2253/433
f 1999/2247/434 2000/2244/434 2001/2254/434
f 2021/2255/435 2001/2254/435 2008/2256/435
f 2021/2257/436 2022/2258/436 2001/2254/436
f 2023/2259/437 1999/2244/437 2001/2254/437 2022/2260/437
f 2019/2261/438 2000/2254/438 1999/2247/438
f 2019/2262/439 1999/2247/439 2024/2263/439
f 2024/2264/440 1999/2254/440 2023/2265/440
s 1
f 2009/2266/441 2002/2267/442 2013/2268/443
f 2010/2269/444 2009/2270/441 2013/2271/443
f 2011/2272/445 2002/2273/442 2007/2274/446
f 2020/2275/447 2002/2267/442 2009/2266/441
f 2003/2276/448 2011/2277/445 2007/2278/446
f 2003/2279/448 2007/2280/446 2004/2281/449 2005/2282/449 2006/2283/449
f 2007/2284/446 2002/2285/442 2020/2286/447
f 2012/2287/450 2013/2268/443 2002/2267/442
f 2012/2288/450 2002/2289/442 2011/2290/445
s 0
f 2017/2291/451 2008/2292/451 2001/2244/451
o 立方体.002_cell.019
v 0.138820 0.045452 0.000000
v 0.130852 0.045361 0.000000
v 0.127856 0.045452 0.055019
v 0.119686 0.045361 0.051503
v 0.136179 0.045452 0.028536
v 0.127932 0.045361 0.026713
v 0.117041 0.045452 0.079912
v 0.109204 0.045361 0.074448
v 0.101508 0.044063 0.100029
v 0.091335 0.038496 0.089451
v 0.095243 0.045361 0.093588
v 0.125078 0.038226 0.000000
v 0.110426 0.022536 0.017924
v 0.114308 0.018225 0.019272
v 0.130136 0.035047 0.000000
v 0.137806 0.045452 -0.010961
v 0.130045 0.045361 -0.007384
v 0.097875 0.028788 0.067044
v 0.101445 0.025017 0.071812
v 0.107620 0.019137 0.046311
v 0.103478 0.023440 0.044528
v 0.107582 0.019628 0.022466
v 0.111614 0.015455 0.023388
v 0.094625 0.032533 0.092718
v 0.091335 0.038496 0.089451
v 0.095243 0.045361 0.093588
v 0.095243 0.045361 0.093588
v 0.114308 0.018225 0.019272
v 0.130136 0.035047 0.000000
v 0.125078 0.038226 0.000000
v 0.110426 0.022536 0.017924
v 0.130045 0.045361 -0.007384
v 0.130045 0.045361 -0.007384
v 0.137806 0.045452 -0.010961
v 0.137806 0.045452 -0.010961
v 0.107620 0.019137 0.046311
v 0.111614 0.015455 0.023388
v 0.103478 0.023440 0.044528
v 0.107582 0.019628 0.022466
v 0.101445 0.025017 0.071812
v 0.094625 0.032533 0.092718
v 0.130852 0.045361 0.000000
v 0.138820 0.045452 0.000000
v 0.119686 0.045361 0.051503
v 0.109204 0.045361 0.074448
v 0.127856 0.045452 0.055019
v 0.117041 0.045452 0.079912
v 0.127932 0.045361 0.026713
v 0.136179 0.045452 0.028536
v 0.101508 0.044063 0.100029
v 0.101508 0.044063 0.100029
v 0.097875 0.028788 0.067044
vn -0.7173 -0.0127 0.6966
vn -0.3447 -0.5484 -0.7618
vn -0.4431 -0.5930 -0.6723
vn -0.7176 -0.6963 -0.0132
vn -0.8105 -0.5855 -0.0172
vn -0.0112 0.9999 -0.0000
vn -0.0113 0.9999 0.0011
vn 0.7677 -0.6408 -0.0000
vn 0.7671 -0.6403 0.0392
vn 0.7658 -0.6392 -0.0709
vn 0.0114 0.9996 0.0269
vn 0.0136 0.9995 0.0301
vn -0.0095 0.9999 -0.0037
vn -0.0096 0.9999 -0.0036
vn -0.0106 0.9999 -0.0022
vn -0.0105 0.9999 -0.0022
vn 0.0340 0.9976 0.0608
vn 0.6700 -0.6488 0.3607
vn 0.6635 -0.6491 0.3721
vn 0.6233 -0.6488 0.4365
vn 0.7485 -0.6417 0.1672
vn 0.7518 -0.6417 0.1515
vn 0.7155 -0.6437 0.2715
vn 0.7190 -0.6431 0.2637
vn 0.7658 -0.6392 0.0709
vn -0.7601 0.6284 -0.1655
vn -0.7774 0.6290 0.0001
vn -0.7766 0.6283 -0.0467
vn -0.7746 0.6267 -0.0846
vn -0.7567 0.6282 -0.1811
vn -0.7745 0.6269 0.0847
vn -0.6262 0.6320 -0.4566
vn -0.6682 0.6317 -0.3930
vn -0.6806 0.6309 -0.3725
vn -0.7245 0.6272 -0.2859
vn -0.7275 0.6270 -0.2786
vt 0.724044 0.456146
vt 0.235674 0.000000
vt 0.268364 0.000000
vt 1.000000 0.690434
vt 1.000000 0.518904
vt 1.000000 0.546000
vt 0.626782 0.445363
vt 0.479054 0.411338
vt 0.377343 0.357611
vt 0.598306 0.410180
vt 0.518904 0.518904
vt 0.561806 0.000000
vt 0.591068 0.000000
vt 0.546000 0.546000
vt 0.591068 0.591068
vt 0.566935 0.562086
vt 0.764299 0.590905
vt 1.000000 0.635587
vt 0.997357 0.661019
vt 0.790482 0.621140
vt 0.661694 0.661694
vt 0.635587 0.635587
vt 0.793226 0.000000
vt 0.828434 0.000000
vt 0.638746 0.625000
vt 0.625000 0.625000
vt 0.625000 0.612997
vt 0.638746 0.617312
vt 0.619080 0.625000
vt 0.638746 0.708441
vt 0.625000 0.718750
vt 0.625000 0.687500
vt 0.638746 0.680627
vt 0.638746 0.652814
vt 0.625000 0.656250
vt 0.625000 0.748760
vt 0.638746 0.734930
vt 0.612976 0.718750
vt 0.624210 0.748713
vt 0.617650 0.748252
vt 0.607933 0.656250
vt 0.610028 0.687500
vt 0.610028 0.687500
vt 0.607917 0.655370
vt 0.609509 0.650307
vt 0.638746 0.646765
vt 0.638746 0.734655
vt 0.638746 0.734930
vt 0.638746 0.708769
vt 0.638746 0.652814
s 0
usemtl マテリアル
f 2050/2293/452 2049/2294/452 2065/2295/452 2074/2296/452
f 2052/2297/453 2055/2298/453 2054/2299/453 2056/2300/453 2058/2301/453 2053/2302/453
f 2052/2303/454 2061/2304/454 2063/2305/454 2055/2306/454
f 2063/2307/455 2061/2308/455 2060/2309/455 2064/2310/455 2076/2311/455 2062/2312/455
f 2076/2313/456 2064/2314/456 2065/2315/456 2049/2316/456
s 1
f 2066/2317/457 2067/2318/457 2059/2319/458 2057/2320/458
f 2025/2318/459 2039/2321/460 2040/2319/461
f 2069/2322/462 2071/2323/463 2070/2324/464 2068/2325/465
f 2072/2326/466 2073/2327/467 2067/2318/457 2066/2317/457
f 2075/2328/468 2071/2323/463 2069/2322/462 2051/2329/468
f 2068/2325/465 2070/2324/464 2073/2327/467 2072/2326/466
f 2043/2330/469 2031/2323/470 2033/2331/471 2048/2332/471
f 2047/2333/472 2029/2327/473 2027/2324/474 2044/2334/475
f 2044/2335/475 2027/2324/474 2031/2323/470 2043/2330/469
f 2047/2336/472 2038/2337/476 2039/2321/460 2025/2318/459 2029/2327/473
f 2030/2326/477 2026/2317/478 2036/2317/479 2037/2338/480 2046/2326/481
f 2041/2320/482 2036/2317/479 2026/2317/478
f 2034/2339/483 2035/2340/483 2032/2322/484 2042/2341/485
f 2032/2322/484 2028/2325/486 2045/2325/487 2042/2322/485
f 2028/2325/486 2030/2326/477 2046/2342/481 2045/2325/487
o 立方体.002_cell.020
v 0.021571 -0.029626 0.066241
v 0.027105 -0.015862 0.083105
v 0.027941 -0.028693 0.064930
v 0.056261 -0.019841 0.065639
v 0.050746 -0.015214 0.074327
v 0.035222 -0.014374 0.081850
v 0.038670 -0.029627 0.059239
v 0.027689 -0.005507 0.084595
v 0.034639 -0.003066 0.084359
v 0.028520 -0.010388 0.087438
v 0.048277 -0.033954 0.048277
v 0.060454 -0.021997 0.060454
v 0.060548 -0.031104 0.046797
v 0.066251 -0.022046 0.037972
v 0.060961 -0.026187 0.041568
v 0.070987 -0.023726 0.040556
v 0.065146 -0.028253 0.044477
v 0.069034 -0.022732 0.047131
v 0.059808 -0.012690 0.061317
v 0.061023 -0.016104 0.066192
v 0.066456 -0.018037 0.045313
v 0.055023 -0.011142 0.066359
v 0.037625 -0.007112 0.087434
v 0.049310 -0.009339 0.072321
v 0.021571 -0.029626 0.066241
v 0.027941 -0.028693 0.064930
v 0.038670 -0.029627 0.059239
v 0.056261 -0.019841 0.065639
v 0.050746 -0.015214 0.074327
v 0.050746 -0.015214 0.074327
v 0.050746 -0.015214 0.074327
v 0.035222 -0.014374 0.081850
v 0.027105 -0.015862 0.083105
v 0.027689 -0.005507 0.084595
v 0.034639 -0.003066 0.084359
v 0.028520 -0.010388 0.087438
v 0.060454 -0.021997 0.060454
v 0.060548 -0.031104 0.046797
v 0.066251 -0.022046 0.037972
v 0.060961 -0.026187 0.041568
v 0.065146 -0.028253 0.044477
v 0.070987 -0.023726 0.040556
v 0.069034 -0.022732 0.047131
v 0.055023 -0.011142 0.066359
v 0.049310 -0.009339 0.072321
v 0.048277 -0.033954 0.048277
v 0.037625 -0.007112 0.087434
v 0.061023 -0.016104 0.066192
v 0.066456 -0.018037 0.045313
v 0.059808 -0.012690 0.061317
vn 0.2325 -0.7895 0.5680
vn -0.1637 0.4956 0.8530
vn -0.9529 0.0101 0.3032
vn 0.2517 -0.8044 0.5381
vn 0.1009 -0.7287 -0.6773
vn 0.8353 0.5232 0.1691
vn 0.8067 0.5865 0.0720
vn 0.6023 0.7166 0.3517
vn 0.6701 0.5394 0.5099
vn 0.6665 -0.6219 0.4113
vn 0.6726 -0.6254 0.3956
vn 0.4915 -0.6443 0.5859
vn 0.6074 -0.6236 0.4921
vn 0.6494 -0.6115 0.4520
vn -0.5311 0.6360 -0.5598
vn -0.5162 0.6363 -0.5733
vn -0.6516 0.6287 -0.4244
vn -0.6511 0.6287 -0.4252
vn 0.2680 -0.6415 0.7188
vn 0.2660 -0.6414 0.7196
vn 0.3060 -0.6419 0.7031
vn -0.2820 0.6258 -0.7272
vn -0.3743 0.6309 -0.6796
vn -0.3890 0.6320 -0.6702
vn 0.2306 -0.6400 0.7330
vn -0.4466 0.6348 -0.6306
vn -0.2445 0.6257 -0.7408
vn 0.4369 -0.6489 0.6230
vn -0.7096 0.6266 -0.3223
vn 0.7030 -0.6420 0.3060
vt 0.458263 0.285535
vt 0.492733 0.000000
vt 0.886253 0.000000
vt 0.991991 0.318273
vt 0.926907 0.710257
vt 0.835482 0.835482
vt 0.393508 0.393508
vt 1.000000 0.959132
vt 0.043704 0.000000
vt 0.169087 0.000000
vt 1.000000 0.836380
vt 0.977393 0.977393
vt 0.910646 0.910646
vt 1.000000 0.393508
vt 1.000000 0.835482
vt 1.000000 0.113747
vt 0.959253 0.487849
vt 0.435301 0.435301
vt 0.216690 0.216690
vt 0.742367 0.085355
vt 0.413024 0.178884
vt 0.066533 0.066533
vt 0.413004 0.000000
vt 0.790009 0.123762
vt 1.000000 0.216690
vt 1.000000 0.435301
vt 1.000000 0.000000
vt 0.947181 0.834445
vt 0.611991 0.222865
vt 0.881172 0.881172
vt 0.000000 0.000000
vt 0.036897 0.000000
vt 0.336536 0.287058
vt 1.000000 0.844653
vt 0.967358 0.967358
vt 0.844653 0.844653
vt 1.000000 0.936318
vt 0.988960 0.604173
vt 0.967539 0.967539
vt 0.846529 0.846529
vt 0.862474 0.594369
vt 0.830913 0.000000
vt 0.959647 0.031173
vt 0.583066 0.718750
vt 0.586207 0.718750
vt 0.588895 0.750000
vt 0.586625 0.750000
vt 0.581444 0.728643
vt 0.638746 0.736254
vt 0.638746 0.736254
vt 0.638746 0.708441
vt 0.595094 0.812500
vt 0.590963 0.812500
vt 0.591672 0.781250
vt 0.694373 0.736254
vt 0.694373 0.736254
vt 0.666559 0.736254
vt 0.669565 0.736254
vt 0.595310 0.814096
vt 0.593230 0.826746
vt 0.590116 0.826741
vt 0.666560 0.736254
vt 0.646201 0.736254
vt 0.638746 0.736254
vt 0.707084 0.736254
vt 0.706859 0.736254
vt 0.590484 0.781250
vt 0.587852 0.762930
vt 0.590167 0.759577
vt 0.638746 0.697077
vt 0.586207 0.718750
vt 0.585642 0.705703
s 0
usemtl マテリアル
f 2102/2343/488 2103/2344/488 2104/2345/488 2105/2346/488 2108/2347/488 2109/2348/488 2101/2349/488
f 2112/2350/489 2099/2351/489 2111/2352/489 2110/2353/489
f 2112/2354/490 2110/2355/490 2101/2356/490 2109/2357/490
f 2104/2358/491 2103/2359/491 2122/2360/491 2114/2361/491 2113/2362/491
f 2116/2363/492 2115/2364/492 2118/2365/492 2117/2366/492 2114/2367/492 2122/2368/492
f 2118/2369/493 2124/2370/493 2119/2371/493
f 2124/2372/494 2118/2373/494 2115/2374/494 2097/2375/494 2126/2376/494
f 2124/2377/495 2126/2378/495 2120/2379/495
f 2106/2380/496 2124/2381/496 2120/2382/496 2121/2383/496 2111/2384/496 2099/2385/496
s 1
f 2093/2386/497 2094/2387/498 2096/2388/499 2088/2389/500 2089/2390/501
f 2087/2391/502 2095/2392/503 2125/2393/504 2091/2393/505
f 2123/2394/506 2082/2395/507 2081/2396/508
f 2079/2397/509 2085/2398/509 2100/2399/510 2083/2400/511
f 2082/2395/507 2123/2401/506 2086/2402/512 2078/2403/512
f 2083/2404/511 2100/2399/510 2098/2405/513 2095/2391/503 2087/2406/502
f 2085/2397/509 2079/2397/509 2077/2407/514 2084/2408/514
f 2107/2409/515 2080/2410/515 2088/2389/500 2096/2411/499
f 2091/2393/505 2125/2393/504 2090/2412/516
f 2094/2413/498 2093/2386/497 2092/2414/517
o 立方体.002_cell.021
v -0.012204 -0.096043 -0.016455
v -0.004160 -0.101218 -0.011574
v -0.002283 -0.126950 -0.005611
v -0.009493 -0.101018 -0.013913
v -0.007127 -0.127755 -0.011699
v -0.008432 -0.117624 -0.012357
v -0.009625 -0.107678 -0.012893
v -0.005063 -0.099607 -0.016933
v -0.008432 -0.117624 -0.012357
v -0.008432 -0.117624 -0.012357
v -0.008432 -0.117624 -0.012357
v -0.009625 -0.107678 -0.012893
v -0.007127 -0.127755 -0.011699
v -0.004160 -0.101218 -0.011574
v -0.005063 -0.099607 -0.016933
v -0.009493 -0.101018 -0.013913
vn -0.7773 -0.0594 0.6263
vn 0.5301 -0.1386 -0.8366
vn -0.4220 0.1753 0.8895
vn 0.7773 0.0594 -0.6263
vn -0.4244 0.1777 0.8879
vn 0.3446 -0.5102 -0.7880
vn -0.4071 -0.1110 -0.9066
vn -0.5755 -0.1127 -0.8100
vn 0.0474 -0.0902 -0.9948
vn 0.3878 -0.5234 -0.7587
vn 0.4881 -0.0505 -0.8713
vn 0.0967 -0.9485 -0.3015
vn 0.6370 -0.1296 -0.7598
vn 0.3077 0.7026 -0.6416
vt 0.000000 0.000000
vt 1.000000 0.048490
vt 0.546983 0.066530
vt 0.083414 0.083414
vt 1.000000 0.005288
vt 0.530823 0.005135
vt 1.000000 0.000000
vt 1.000000 1.000000
vt 0.914022 0.914022
vt 1.000000 0.759963
vt 0.541667 0.281250
vt 0.529035 0.281250
vt 0.536601 0.274189
vt 0.521309 0.312500
vt 0.541667 0.312500
vt 0.541667 0.329552
vt 0.528232 0.333454
vt 0.541667 0.329552
vt 0.543212 0.312500
vt 0.542470 0.330618
vt 0.759964 0.759964
vt 0.184750 0.000000
vt 0.465152 0.321522
vt 0.521329 0.289753
s 0
usemtl マテリアル
f 2129/2415/518 2138/2416/518 2135/2417/518 2139/2418/518
f 2138/2415/519 2127/2419/519 2130/2420/519
f 2140/2415/520 2138/2421/520 2129/2422/520
f 2129/2422/521 2139/2423/521 2132/2424/521
f 2127/2421/522 2138/2422/522 2140/2415/522
s 1
f 2142/2425/523 2137/2426/524 2133/2427/525
f 2131/2428/526 2142/2429/523 2128/2430/527 2136/2431/528
f 2128/2432/527 2142/2433/523 2141/2434/529
s 0
f 2132/2435/530 2140/2421/530 2129/2422/530
f 2127/2422/531 2140/2415/531 2134/2436/531 2130/2437/531
s 1
f 2131/2438/526 2137/2426/524 2142/2429/523
o 立方体.002_cell.022
v -0.001434 -0.195503 0.000447
v -0.005139 -0.127985 0.000359
v -0.002184 -0.128184 0.005180
v -0.007625 -0.155795 0.007625
v -0.010437 -0.155795 0.000000
v -0.002142 -0.155795 0.010231
v -0.012358 -0.128896 0.005318
v -0.012039 -0.129883 -0.005771
v -0.007718 -0.128799 0.011309
v -0.013445 -0.128945 0.000000
v -0.009970 -0.172798 -0.004290
v -0.011170 -0.196114 -0.002339
v -0.010467 -0.195441 0.004504
v -0.002331 -0.194458 0.011132
v -0.001993 -0.129437 0.013195
v -0.001430 -0.177917 0.010824
v -0.013445 -0.128945 0.000000
v -0.012358 -0.128896 0.005318
v -0.012039 -0.129883 -0.005771
v -0.007718 -0.128799 0.011309
v -0.001993 -0.129437 0.013195
v -0.009970 -0.172798 -0.004290
v -0.011170 -0.196114 -0.002339
v -0.010437 -0.155795 0.000000
v -0.010467 -0.195441 0.004504
v -0.002331 -0.194458 0.011132
v -0.002142 -0.155795 0.010231
v -0.001430 -0.177917 0.010824
vn -0.1154 0.9932 0.0145
vn -0.1049 0.9772 -0.1845
vn -0.0314 0.9958 0.0858
vn 0.8525 0.0461 -0.5206
vn 0.6583 0.0351 -0.7519
vn 0.0499 -0.0653 -0.9966
vn 0.0382 -0.9942 0.1005
vn 0.9999 0.0116 0.0001
vn 0.9947 -0.0525 0.0887
vn -0.9058 -0.1035 0.4109
vn -0.7545 -0.0581 0.6537
vn -0.5809 -0.1007 0.8077
vn -0.9629 -0.0470 0.2658
vn -0.9938 -0.1113 0.0027
vn -0.4840 -0.0618 0.8729
vn -0.8786 0.0087 0.4775
vn -0.5494 -0.0010 0.8356
vn -0.0941 0.0237 0.9953
vn -0.9697 -0.1086 -0.2186
vn -0.9974 0.0140 0.0707
vn -0.3216 -0.1040 0.9411
vn 0.0354 -0.9949 0.0943
vn -0.9730 0.0310 -0.2285
vt 0.916805 0.000000
vt 1.000000 0.000000
vt 0.981644 0.047025
vt 0.087338 0.087338
vt 0.000000 0.000000
vt 0.768805 0.023294
vt 0.926748 0.255599
vt 0.933666 0.000000
vt 1.000000 1.000000
vt 0.916805 0.916805
vt 0.213981 0.000000
vt 0.464169 0.350083
vt 0.646537 0.605582
vt 0.084537 0.084537
vt 0.125948 0.056196
vt 0.782842 0.388849
vt 0.717755 0.000000
vt 0.749766 0.749766
vt 0.717755 0.717755
vt 1.000000 0.839205
vt 0.520508 0.031250
vt 0.500000 0.000000
vt 0.520546 0.000000
vt 0.500000 0.062500
vt 0.520461 0.062500
vt 0.520437 0.093750
vt 0.500000 1.000000
vt 0.500000 0.968750
vt 0.520546 1.000000
vt 0.520461 0.062500
vt 0.500000 0.031250
vt 0.489884 0.031250
vt 0.500000 0.906250
vt 0.490092 0.893161
vt 0.494324 0.894862
vt 0.520107 0.168615
vt 0.519876 0.187500
vt 0.500000 0.156250
vt 0.489654 0.156250
vt 0.489709 0.125000
vt 0.489994 0.968750
vt 0.489942 1.000000
vt 0.520544 0.952992
vt 0.520535 0.968750
vt 0.500000 0.937500
vt 0.211879 0.211879
vt 0.192960 0.166646
vt 0.500000 0.187500
vt 0.495637 0.187500
s 0
usemtl マテリアル
f 2160/2439/532 2144/2440/532 2152/2441/532
f 2152/2442/533 2144/2443/533 2161/2444/533
f 2162/2445/534 2163/2446/534 2145/2440/534 2144/2447/534 2160/2448/534
f 2145/2443/535 2143/2440/535 2144/2447/535
f 2144/2447/536 2143/2443/536 2161/2440/536
f 2161/2447/537 2143/2443/537 2165/2449/537 2164/2450/537 2147/2451/537
f 2155/2452/538 2143/2443/538 2156/2453/538
f 2148/2454/539 2170/2455/539 2143/2440/539 2145/2447/539 2163/2456/539
f 2143/2447/540 2170/2457/540 2156/2458/540
s 1
f 2149/2459/541 2146/2460/542 2151/2461/543
f 2166/2462/544 2149/2463/541 2159/2464/545
f 2146/2465/542 2169/2466/546 2151/2467/543
f 2149/2468/541 2166/2462/544 2146/2469/542
f 2167/2470/547 2146/2469/542 2166/2462/544
f 2169/2471/546 2168/2472/548 2158/2473/549
f 2159/2474/545 2150/2475/550 2166/2476/544
f 2166/2476/544 2154/2477/551 2167/2478/547
f 2168/2479/548 2169/2466/546 2146/2465/542 2167/2480/547
f 2157/2481/552 2151/2482/543 2169/2483/546
s 0
f 2165/2484/553 2143/2443/553 2155/2485/553
s 1
f 2166/2486/544 2153/2487/554 2154/2477/551
o 立方体.002_cell.023
v 0.036642 -0.002628 0.084017
v 0.048000 0.020233 0.107886
v 0.045362 0.023926 0.103528
v 0.064467 0.030601 0.100713
v 0.068055 0.025458 0.103938
v 0.069333 0.016477 0.083788
v 0.074714 0.025133 0.099532
v 0.070630 0.012357 0.089094
v 0.073599 0.030257 0.094585
v 0.060978 -0.014753 0.067630
v 0.059698 -0.011276 0.062823
v 0.052296 -0.011989 0.076597
v 0.049840 -0.008186 0.073099
v 0.038601 -0.004162 0.089703
v 0.043566 0.009211 0.099751
v 0.041308 0.013409 0.096070
v 0.039947 -0.000094 0.092831
v 0.038601 -0.004162 0.089703
v 0.052296 -0.011989 0.076597
v 0.074714 0.025133 0.099532
v 0.070630 0.012357 0.089094
v 0.069333 0.016477 0.083788
v 0.073599 0.030257 0.094585
v 0.060978 -0.014753 0.067630
v 0.036642 -0.002628 0.084017
v 0.049840 -0.008186 0.073099
v 0.059698 -0.011276 0.062823
v 0.048000 0.020233 0.107886
v 0.068055 0.025458 0.103938
v 0.043566 0.009211 0.099751
v 0.039947 -0.000094 0.092831
v 0.041308 0.013409 0.096070
v 0.045362 0.023926 0.103528
v 0.064467 0.030601 0.100713
vn 0.4229 -0.6472 0.6342
vn 0.3725 -0.6464 0.6659
vn 0.3805 -0.6467 0.6611
vn -0.0564 0.6270 0.7770
vn 0.9551 -0.0701 -0.2879
vn 0.9461 -0.0925 -0.3105
vn -0.9399 0.0514 0.3377
vn -0.9138 -0.0053 0.4061
vn -0.8640 -0.0237 0.5030
vn 0.4292 0.6746 0.6006
vn -0.3231 0.6268 -0.7091
vn -0.3910 0.6299 -0.6711
vn -0.3961 0.6300 -0.6681
vn 0.3058 -0.6420 0.7031
vn -0.5838 -0.7684 -0.2622
vn -0.4399 0.6297 -0.6403
vt 0.591132 0.758991
vt 0.606171 0.769428
vt 0.613440 0.773784
vt 0.613459 0.781250
vt 0.592319 0.781250
vt 0.443520 0.000000
vt 0.504845 0.000000
vt 0.321222 0.321222
vt 0.284099 0.284099
vt 1.000000 0.522377
vt 1.000000 0.552841
vt 0.232824 0.000000
vt 0.277220 0.000000
vt 0.552841 0.552841
vt 0.522378 0.522378
vt 1.000000 0.022371
vt 1.000000 0.078349
vt 1.000000 0.834135
vt 0.824102 0.392434
vt 0.697690 0.000000
vt 0.731710 0.731710
vt 0.661988 0.539045
vt 0.540904 0.000000
vt 0.568562 0.000000
vt 0.568562 0.568562
vt 0.540904 0.540904
vt 1.000000 0.327143
vt 1.000000 0.369497
vt 0.722780 0.000000
vt 0.767176 0.000000
vt 1.000000 0.411236
vt 0.912470 0.334163
vt 0.690314 0.736254
vt 0.666559 0.736254
vt 0.694373 0.736254
vt 0.694373 0.736254
vt 0.595654 0.811545
vt 0.592319 0.781250
vt 0.613863 0.789115
vt 0.610652 0.810552
vt 0.604381 0.811652
vt 0.599087 0.812500
vt 0.046076 0.046076
vt 0.434948 0.031824
vt 1.000000 0.030082
vt 1.000000 0.080344
vt 0.600736 0.142103
vt 0.160085 0.160085
vt 0.665766 0.736254
vt 0.657238 0.736254
vt 0.652809 0.736254
vt 0.642554 0.736254
s 1
usemtl マテリアル
f 2180/2488/555 2191/2489/555 2190/2490/555 2175/2491/556 2189/2492/557
s 0
f 2199/2493/558 2204/2494/558 2203/2495/558 2198/2496/558
f 2178/2497/559 2192/2498/559 2193/2499/559 2177/2500/559
f 2192/2501/560 2178/2502/560 2194/2503/560 2197/2504/560
f 2195/2505/561 2184/2506/561 2201/2507/561
f 2195/2508/562 2201/2509/562 2200/2510/562 2202/2511/562
f 2202/2512/563 2200/2513/563 2198/2514/563 2203/2515/563
f 2177/2516/564 2193/2517/564 2204/2518/564 2199/2519/564
s 1
f 2173/2520/565 2174/2521/566 2196/2521/567 2171/2522/565 2186/2523/565
f 2188/2524/568 2189/2525/557 2175/2526/556 2172/2527/568 2185/2528/568 2187/2529/568
s 0
f 2194/2530/569 2182/2531/569 2184/2532/569 2195/2533/569 2183/2534/569 2197/2535/569
s 1
f 2196/2521/567 2174/2536/566 2179/2537/570 2176/2538/570 2181/2539/570
o 立方体.002_cell.024
v -0.000484 -0.126823 0.007656
v -0.002336 -0.099583 0.017539
v -0.000328 -0.098978 0.004601
v -0.001444 -0.097058 0.011628
v -0.000464 -0.127673 0.013543
vn -0.9936 -0.0278 -0.1096
vt 1.000000 0.000000
vt 1.000000 0.194365
vt 0.362756 0.350776
vt 0.415955 0.191739
vt 0.451696 0.000000
s 0
usemtl マテリアル
f 2205/2540/571 2209/2541/571 2206/2542/571 2208/2543/571 2207/2544/571
o 立方体.002_cell.025
v -0.006228 -0.126378 -0.001141
v -0.013581 -0.126769 -0.001116
v -0.016464 -0.101018 -0.001103
v -0.019418 -0.097132 -0.004064
v -0.014473 -0.095475 -0.004031
v -0.015201 -0.103621 -0.005662
v -0.013581 -0.126769 -0.001116
v -0.016464 -0.101018 -0.001103
v -0.015201 -0.103621 -0.005662
vn 0.2435 0.0968 0.9651
vn 0.0069 -0.1922 -0.9813
vn 0.6331 0.0971 -0.7680
vn -0.0609 0.2011 -0.9777
vn -0.8248 -0.5581 0.0902
vn -0.9722 -0.1087 -0.2072
vn -0.1759 0.5085 0.8429
vt 0.898098 0.045998
vt 0.065763 0.065763
vt 0.000000 0.000000
vt 1.000000 0.006098
vt 1.000000 0.000000
vt 1.000000 0.076920
vt 1.000000 1.000000
vt 1.000000 0.019076
vt 0.903087 0.903087
vt 0.221814 0.131902
vt 0.521621 0.156250
vt 0.540995 0.179665
vt 0.539687 0.179687
vt 0.743418 0.000000
vt 0.802261 0.046364
vt 0.060347 0.060347
s 0
usemtl マテリアル
f 2217/2545/572 2216/2546/572 2210/2547/572 2214/2548/572
f 2210/2549/573 2216/2550/573 2218/2547/573
f 2210/2551/574 2218/2547/574 2214/2552/574
f 2214/2553/575 2218/2547/575 2213/2549/575
f 2213/2551/576 2218/2547/576 2217/2554/576
s 1
f 2211/2555/577 2212/2556/577 2215/2557/577
s 0
f 2214/2558/578 2213/2559/578 2217/2560/578
o 立方体.002_cell.026
v -0.001565 -0.196167 -0.001714
v -0.001180 -0.128651 -0.004780
v -0.009849 -0.196564 -0.005981
v -0.009726 -0.191441 -0.005956
v -0.009249 -0.179162 -0.006313
v -0.008141 -0.155795 -0.006895
v -0.010132 -0.130169 -0.009109
v -0.004511 -0.196135 -0.010482
v -0.001953 -0.155795 -0.010249
v -0.002272 -0.182428 -0.010851
v -0.001962 -0.136391 -0.012420
v -0.002063 -0.129631 -0.013166
v -0.009849 -0.196564 -0.005981
v -0.009726 -0.191441 -0.005956
v -0.009249 -0.179162 -0.006313
v -0.008141 -0.155795 -0.006895
v -0.010132 -0.130169 -0.009109
v -0.001953 -0.155795 -0.010249
v -0.001962 -0.136391 -0.012420
v -0.002272 -0.182428 -0.010851
v -0.002063 -0.129631 -0.013166
v -0.004511 -0.196135 -0.010482
vn -0.4581 0.0067 0.8889
vn -0.4409 0.0432 0.8965
vn -0.1176 0.9877 -0.1030
vn 0.0600 -0.9979 -0.0238
vn 0.9922 -0.0294 -0.1210
vn -0.4442 -0.1092 -0.8893
vn -0.1008 -0.1107 -0.9887
vn -0.4626 -0.0341 -0.8859
vn -0.6170 0.0136 -0.7869
vn -0.4702 -0.0350 -0.8819
vn -0.4492 0.0336 -0.8928
vn -0.6498 0.0101 -0.7600
vn -0.4087 -0.0034 -0.9126
vn -0.4405 -0.1112 -0.8908
vn -0.9162 0.0239 -0.4000
vn 0.9945 0.0033 -0.1051
vt 0.090574 0.000000
vt 0.196984 0.196984
vt 0.000000 0.000000
vt 0.271423 0.086074
vt 0.090574 0.090574
vt 1.000000 0.000000
vt 1.000000 0.098929
vt 0.615070 0.075290
vt 0.091087 0.091087
vt 0.092723 0.055873
vt 0.861604 0.000000
vt 0.969110 0.131405
vt 0.882488 0.000000
vt 1.000000 1.000000
vt 0.861604 0.861604
vt 0.874819 0.674380
vt 0.901460 0.305906
vt 0.519902 0.351481
vt 0.514760 0.351299
vt 0.500000 0.343750
vt 0.489649 0.312500
vt 0.500000 0.312500
vt 0.493166 0.343750
vt 0.500000 0.250000
vt 0.489542 0.218750
vt 0.494004 0.218750
vt 0.519938 0.312500
vt 0.500000 0.281250
vt 0.519960 0.292929
vt 0.519921 0.343750
vt 0.489597 0.281250
vt 0.489649 0.312500
vt 0.489539 0.209984
vt 0.490853 0.210595
vt 0.494004 0.218750
vt 0.882488 0.882488
vt 1.000000 0.910524
s 0
usemtl マテリアル
f 2232/2561/579 2231/2562/579 2219/2563/579
f 2233/2564/580 2232/2565/580 2219/2563/580 2220/2566/580 2235/2567/580 2234/2568/580
f 2235/2569/581 2220/2563/581 2239/2570/581
f 2240/2571/582 2219/2566/582 2231/2572/582
f 2237/2573/583 2220/2566/583 2219/2574/583 2240/2575/583 2238/2576/583 2236/2577/583
s 1
f 2230/2578/584 2229/2579/585 2227/2580/586
f 2226/2581/587 2224/2582/588 2227/2580/586 2228/2583/589
f 2224/2584/588 2221/2585/590 2223/2586/591
f 2230/2587/584 2224/2588/588 2225/2589/592
f 2227/2580/586 2224/2582/588 2230/2590/584
f 2221/2591/590 2224/2582/588 2226/2592/587
f 2221/2593/590 2222/2594/593 2223/2595/591
s 0
f 2237/2596/594 2239/2597/594 2220/2574/594
o 立方体.002_cell.027
v 0.000000 0.045452 0.138820
v 0.046177 0.020359 0.108729
v 0.043532 0.012764 0.102929
v 0.043517 0.024083 0.104356
v 0.040654 0.015469 0.098028
v 0.004560 0.045361 0.130354
v 0.026001 0.030681 0.124084
v 0.024780 0.033649 0.118669
v 0.036069 0.002754 0.088802
v 0.038430 -0.000774 0.092714
v -0.009559 0.010608 0.108852
v -0.008689 0.014506 0.104935
v -0.014018 0.045452 0.137523
v -0.012477 0.045361 0.129488
v -0.007549 -0.004387 0.096520
v -0.006837 0.000123 0.093497
v 0.000000 -0.003835 0.091036
v 0.000000 -0.007479 0.094643
v 0.019226 -0.008792 0.091759
v 0.018409 -0.004955 0.088140
v 0.028366 -0.008313 0.089298
v 0.026800 -0.004433 0.085798
v 0.033846 -0.002062 0.085469
v 0.036011 -0.005815 0.089074
v 0.043517 0.024083 0.104356
v 0.040654 0.015469 0.098028
v 0.046177 0.020359 0.108729
v 0.043532 0.012764 0.102929
v 0.026001 0.030681 0.124084
v 0.024780 0.033649 0.118669
v 0.004560 0.045361 0.130354
v 0.004560 0.045361 0.130354
v 0.000000 0.045452 0.138820
v 0.000000 0.045452 0.138820
v 0.036069 0.002754 0.088802
v -0.006837 0.000123 0.093497
v 0.000000 -0.003835 0.091036
v 0.038430 -0.000774 0.092714
v -0.009559 0.010608 0.108852
v -0.014018 0.045452 0.137523
v -0.014018 0.045452 0.137523
v -0.012477 0.045361 0.129488
v -0.012477 0.045361 0.129488
v -0.008689 0.014506 0.104935
v -0.007549 -0.004387 0.096520
v 0.000000 -0.007479 0.094643
v 0.018409 -0.004955 0.088140
v 0.026800 -0.004433 0.085798
v 0.019226 -0.008792 0.091759
v 0.028366 -0.008313 0.089298
v 0.033846 -0.002062 0.085469
v 0.036011 -0.005815 0.089074
vn 0.8752 0.0617 -0.4799
vn 0.5969 0.7486 0.2886
vn 0.8713 0.0407 -0.4891
vn -0.9816 0.0296 -0.1886
vn -0.9811 0.0262 -0.1918
vn -0.2277 -0.6655 -0.7108
vn 0.1777 -0.6225 -0.7622
vn 0.8466 -0.0226 -0.5317
vn 0.0007 0.9999 -0.0107
vn -0.0181 -0.6407 0.7676
vn -0.0710 -0.6392 0.7658
vn 0.0147 -0.6407 0.7676
vn 0.2306 -0.6399 0.7330
vn 0.1225 -0.6413 0.7575
vn 0.1516 -0.6417 0.7518
vn -0.2457 0.6258 -0.7402
vn -0.1658 0.6284 -0.7600
vn -0.1361 0.6283 -0.7659
vn 0.0512 0.6230 -0.7805
vn -0.0024 0.6259 -0.7799
vn -0.0315 0.6267 -0.7786
vt 1.000000 0.608196
vt 1.000000 0.650602
vt 0.608363 0.608363
vt 0.562468 0.562468
vt 0.693267 0.444725
vt 0.650602 0.650602
vt 0.608196 0.608196
vt 0.648221 0.417128
vt 0.663170 0.201966
vt 0.711843 0.173533
vt 0.638172 0.000000
vt 1.000000 0.562468
vt 1.000000 0.608363
vt 0.610335 0.000000
vt 0.651647 0.549812
vt 0.597103 0.479666
vt 0.431073 0.000000
vt 0.457752 0.000000
vt 0.897818 0.000000
vt 0.457752 0.457752
vt 0.431073 0.431073
vt 0.848357 0.000000
vt 0.880172 0.880172
vt 0.822819 0.822819
vt 0.850194 0.671307
vt 0.891901 0.217415
vt 0.894033 0.000000
vt 0.959427 0.000000
vt 0.955624 0.235916
vt 0.909744 0.708502
vt 0.928366 0.000000
vt 0.927631 0.927631
vt 0.810753 0.810753
vt 0.808749 0.000000
vt 0.107210 0.000000
vt 1.000000 0.361828
vt 1.000000 0.389665
vt 0.040146 0.000000
vt 0.765351 0.750000
vt 0.750000 0.750000
vt 0.750000 0.736254
vt 0.762991 0.736254
vt 0.625000 0.875000
vt 0.625000 0.890351
vt 0.605176 0.888225
vt 0.595591 0.886607
vt 0.594885 0.875000
vt 0.595848 0.815990
vt 0.598700 0.814641
vt 0.606403 0.813452
vt 0.610724 0.813237
vt 0.616596 0.843750
vt 0.594138 0.843750
vt 0.594442 0.827560
vt 0.696168 0.736254
vt 0.697273 0.736254
vt 0.698471 0.736254
vt 0.708733 0.736254
vt 0.722186 0.736254
vt 0.722186 0.736254
vt 0.695931 0.736254
vt 0.762991 0.736254
vt 0.750000 0.736254
vt 0.759904 0.736254
vt 0.761143 0.736254
vt 0.616596 0.843750
vt 0.750000 0.736254
vt 0.745252 0.736254
s 0
usemtl マテリアル
f 2265/2598/595 2267/2599/595 2268/2600/595 2266/2601/595
f 2269/2602/596 2267/2603/596 2265/2604/596 2270/2605/596 2271/2606/596 2273/2607/596
f 2275/2608/597 2266/2609/597 2268/2610/597 2278/2611/597
f 2280/2612/598 2282/2613/598 2284/2614/598 2279/2615/598
f 2285/2616/599 2279/2617/599 2284/2618/599 2276/2619/599
f 2285/2620/600 2276/2621/600 2277/2622/600 2287/2623/600 2288/2624/600 2290/2625/600 2289/2626/600 2286/2627/600
f 2292/2628/601 2290/2629/601 2288/2630/601 2291/2631/601
f 2291/2632/602 2275/2633/602 2278/2634/602 2292/2635/602
s 1
f 2281/2636/603 2274/2637/603 2272/2638/603 2283/2639/603
f 2241/2640/604 2253/2641/605 2251/2642/605 2255/2643/605 2258/2644/606
f 2264/2645/607 2250/2646/607 2243/2647/607 2242/2648/607 2247/2649/608 2259/2650/609 2261/2651/607
f 2245/2652/610 2249/2653/610 2263/2654/610 2262/2655/610 2260/2656/611 2248/2657/612 2244/2658/610
f 2254/2659/613 2246/2638/614 2257/2660/615 2256/2661/613 2252/2662/613
f 2259/2650/609 2247/2663/608 2241/2640/604 2258/2644/606
f 2257/2664/615 2246/2665/614 2248/2656/612 2260/2656/611
o 立方体.002_cell.028
v -0.001500 -0.100943 -0.011381
v -0.000000 -0.098629 -0.018568
v 0.000483 -0.122717 -0.014096
v -0.002459 -0.102986 -0.016109
v -0.001367 -0.127683 -0.013454
v -0.002459 -0.102986 -0.016109
v -0.001367 -0.127683 -0.013454
v 0.000483 -0.122717 -0.014096
vn -0.8774 0.4790 -0.0288
vn 0.9847 -0.0377 0.1703
vn -0.9780 -0.0209 0.2075
vn -0.0522 -0.1090 -0.9927
vt 0.771597 0.000000
vt 1.000000 0.000000
vt 0.950245 0.177391
vt 0.231775 0.163548
vt 0.221047 0.221047
vt 0.000000 0.000000
vt 1.000000 0.124594
vt 1.000000 1.000000
vt 0.941322 0.941322
vt 0.541667 0.376383
vt 0.525161 0.380202
vt 0.521354 0.375000
s 0
usemtl マテリアル
f 2298/2666/616 2293/2667/616 2294/2668/616
f 2298/2669/617 2294/2670/617 2293/2671/617 2299/2667/617 2300/2672/617
f 2299/2667/618 2293/2673/618 2298/2674/618
s 1
f 2296/2675/619 2295/2676/619 2297/2677/619
o 立方体.002_cell.029
v -0.008146 -0.252099 0.025054
v -0.002728 -0.252793 0.029234
v -0.010559 -0.254684 0.036280
v -0.009997 -0.263524 0.036347
v 0.013259 -0.263524 0.015778
v -0.003861 -0.263524 -0.000472
v -0.022898 -0.263524 0.026770
v -0.012703 -0.253371 0.029519
v -0.028929 -0.263524 0.036112
v -0.018908 -0.263524 0.036244
v -0.015587 -0.255012 0.036222
v -0.002728 -0.252793 0.029234
v -0.010559 -0.254684 0.036280
v -0.022898 -0.263524 0.026770
v -0.003861 -0.263524 -0.000472
v -0.009997 -0.263524 0.036347
v 0.013259 -0.263524 0.015778
v -0.008146 -0.252099 0.025054
v -0.012703 -0.253371 0.029519
v -0.028929 -0.263524 0.036112
v -0.018908 -0.263524 0.036244
v -0.015587 -0.255012 0.036222
vn 0.3281 0.8844 -0.3320
vn 0.6617 0.0477 0.7482
vn -0.6058 0.7050 -0.3687
vn -0.5064 0.7979 -0.3269
vn -0.0131 0.0076 0.9999
vn -0.0117 0.0070 0.9999
vn -0.0498 0.9756 0.2139
vn -0.0598 0.9755 0.2117
vn -0.0415 0.9756 0.2157
vn -0.0661 0.9754 0.2104
vn -0.0000 -1.0000 -0.0000
vt 0.836536 0.153623
vt 1.000000 0.333250
vt 1.000000 1.000000
vt 0.000000 0.000000
vt 0.101558 0.000000
vt 0.237345 0.000000
vt 0.333250 0.333250
vt 0.881550 0.123227
vt 1.000000 0.309632
vt 0.865644 0.865644
vt 0.504835 0.000000
vt 0.802093 0.000000
vt 0.802093 0.802093
vt 0.504835 0.504835
vt 1.000000 0.465691
vt 0.748453 0.748453
vt 0.465691 0.465691
vt 1.000000 0.764921
vt 1.000000 0.762655
vt 1.000000 0.898442
vt 0.895488 0.895488
vt 0.764921 0.764921
vt 0.433131 0.906250
vt 0.421789 0.906250
vt 0.429626 0.889074
vt 0.424782 0.937500
vt 0.411627 0.933465
vt 0.421789 0.906250
vt 0.435435 0.923112
vt 0.197503 0.685109
vt 0.245534 0.624236
vt 0.277839 0.657702
vt 0.226871 0.701146
vt 0.205226 0.704655
vt 0.179910 0.709460
s 0
usemtl マテリアル
f 2318/2678/620 2312/2679/620 2317/2680/620 2315/2681/620
f 2313/2682/621 2316/2683/621 2317/2680/621 2312/2684/621
f 2319/2685/622 2318/2686/622 2315/2687/622 2314/2688/622 2322/2689/622
f 2322/2690/623 2314/2691/623 2320/2692/623
f 2322/2693/624 2320/2694/624 2321/2695/624
f 2316/2696/625 2313/2697/625 2322/2698/625 2321/2699/625
s 1
f 2301/2700/626 2303/2701/627 2302/2702/628
f 2308/2703/629 2311/2704/629 2303/2705/627 2301/2706/626
f 2307/2707/630 2306/2708/630 2305/2709/630 2304/2710/630 2310/2711/630 2309/2712/630
o 立方体.002_cell.030
v -0.000000 -0.058255 -0.046991
v 0.018534 -0.058255 -0.043071
v -0.018534 -0.058255 -0.043071
v -0.009613 -0.058255 -0.045989
v 0.009613 -0.058255 -0.045989
v 0.026831 -0.058255 -0.039339
v -0.019460 -0.072636 -0.029985
v -0.018849 -0.079753 -0.029265
v 0.013454 -0.073652 -0.031744
v 0.022511 -0.067656 -0.033000
v 0.028140 -0.067003 -0.036248
v 0.014243 -0.047974 -0.053151
v 0.012162 -0.049949 -0.058055
v 0.006291 -0.047796 -0.060401
v -0.031131 -0.046026 -0.048183
v -0.025766 -0.058255 -0.039817
v -0.007229 -0.046404 -0.061475
v -0.000000 -0.046233 -0.062299
v -0.012281 -0.077909 -0.028539
v -0.006817 -0.081094 -0.032551
v -0.000000 -0.080330 -0.033840
v 0.006320 -0.078948 -0.034390
v 0.031171 -0.060662 -0.040727
v 0.024946 -0.056322 -0.048016
v 0.020665 -0.051560 -0.048022
v -0.024718 -0.046113 -0.057442
v -0.030905 -0.045488 -0.055313
v -0.012728 -0.046655 -0.060753
v 0.025908 -0.054222 -0.043313
v 0.012162 -0.049949 -0.058055
v 0.006291 -0.047796 -0.060401
v -0.019460 -0.072636 -0.029985
v -0.025766 -0.058255 -0.039817
v -0.031131 -0.046026 -0.048183
v 0.026831 -0.058255 -0.039339
v 0.022511 -0.067656 -0.033000
v -0.018849 -0.079753 -0.029265
v 0.028140 -0.067003 -0.036248
v 0.014243 -0.047974 -0.053151
v 0.014243 -0.047974 -0.053151
v 0.014243 -0.047974 -0.053151
v 0.031171 -0.060662 -0.040727
v 0.024946 -0.056322 -0.048016
v 0.024946 -0.056322 -0.048016
v 0.024946 -0.056322 -0.048016
v 0.020665 -0.051560 -0.048022
v 0.025908 -0.054222 -0.043313
vn 0.0914 -0.8418 0.5320
vn 0.1614 -0.9218 0.3524
vn -0.5650 0.6359 -0.5257
vn -0.0807 0.6965 -0.7130
vn -0.3019 0.6161 -0.7275
vn 0.4665 0.7340 -0.4936
vn 0.4448 0.3568 0.8215
vn 0.6748 0.6061 -0.4210
vn 0.7799 0.6252 -0.0301
vn -0.5670 -0.8222 -0.0508
vn 0.4684 0.5103 -0.7212
vn 0.4144 0.4105 -0.8123
vn -0.2879 0.6288 -0.7224
vn -0.0069 -0.5923 0.8057
vn 0.2023 0.6843 0.7005
vn 0.3445 0.6845 0.6424
vn 0.0985 -0.9133 0.3952
vn -0.2380 0.6312 0.7382
vn -0.0310 0.6629 0.7480
vn -0.1198 -0.5764 0.8083
vn -0.2752 0.6645 0.6948
vn 0.3678 0.6846 0.6293
vn 0.2645 0.5713 0.7769
vn -0.2714 -0.9565 -0.1072
vn -0.2278 0.7161 0.6598
vn -0.8554 -0.0212 0.5176
vn 0.1851 -0.7571 -0.6265
vn 0.3801 -0.6812 -0.6257
vn 0.2220 -0.6381 -0.7373
vn 0.4243 -0.6112 -0.6681
vn -0.4014 0.1304 -0.9066
vn -0.1949 0.6987 0.6883
vn -0.1042 0.8116 0.5749
vn -0.2164 0.7101 0.6700
vn -0.4305 -0.3744 -0.8213
vt 0.553437 0.375000
vt 0.553002 0.343750
vt 0.572665 0.348602
vt 0.572738 0.357302
vt 0.572837 0.375000
vt 0.116452 0.000000
vt 0.332070 0.127643
vt 1.000000 0.564679
vt 1.000000 0.391410
vt 0.651717 0.651717
vt 0.623715 0.505582
vt 1.000000 0.231324
vt 1.000000 0.971126
vt 0.435649 0.399027
vt 0.403893 0.338298
vt 0.204741 0.204741
vt 0.119045 0.119045
vt 0.831267 0.000000
vt 0.582669 0.085728
vt 0.555543 0.285178
vt 0.571985 0.285807
vt 0.573259 0.295856
vt 0.572904 0.312500
vt 0.553301 0.312500
vt 0.777814 0.513746
vt 0.805627 0.513746
vt 0.722187 0.513746
vt 0.722187 0.513746
vt 0.750000 0.513746
vt 0.694373 0.513746
vt 0.829872 0.513746
vt 0.830062 0.513746
vt 0.827457 0.513746
vt 0.693293 0.513746
vt 0.666559 0.513746
vt 0.572596 0.343750
vt 0.777067 0.513746
vt 1.000000 0.170165
vt 0.863567 0.473385
vt 0.714732 0.714732
vt 1.000000 0.120905
vt 0.565487 0.468750
vt 0.559485 0.468750
vt 0.555928 0.437500
vt 0.566288 0.460201
vt 0.554351 0.406250
vt 0.570722 0.406250
vt 0.569772 0.418635
vt 0.567979 0.437500
vt 0.571947 0.390694
vt 0.570722 0.406250
vt 0.554223 0.402482
vt 0.572875 0.376460
vt 0.750112 0.513746
vt 0.769486 0.513746
vt 0.667125 0.513746
vt 0.675178 0.513746
vt 0.681250 0.513746
vt 0.829813 0.513746
vt 0.821124 0.513746
vt 0.735805 0.513746
vt 0.564627 0.477711
vt 0.561019 0.479015
s 1
usemtl マテリアル
f 2343/2713/631 2342/2714/632 2350/2715/633 2339/2716/634 2340/2717/635
s 0
f 2361/2718/636 2352/2719/636 2353/2720/636
f 2360/2721/637 2364/2722/637 2357/2723/637 2358/2724/637
f 2362/2725/638 2347/2726/638 2365/2727/638
f 2366/2728/639 2369/2729/639 2357/2730/639 2364/2731/639
s 1
f 2359/2732/640 2337/2733/641 2349/2734/642 2348/2735/643 2341/2736/644
f 2342/2737/632 2326/2737/645 2325/2738/646 2341/2738/644
f 2344/2739/647 2327/2740/648 2323/2741/649 2343/2741/631
f 2331/2742/650 2324/2742/651 2327/2740/648 2344/2739/647
f 2325/2738/646 2355/2743/652 2354/2744/653 2359/2745/640 2341/2738/644
f 2324/2742/651 2331/2746/650 2332/2747/654 2328/2747/655
f 2350/2748/633 2342/2714/632 2341/2736/644 2348/2735/643
f 2343/2741/631 2323/2741/649 2326/2737/645 2342/2749/632
s 0
f 2329/2750/656 2338/2751/656 2356/2752/656 2330/2753/656
s 1
f 2345/2754/657 2332/2755/654 2331/2756/650 2367/2757/658
f 2344/2758/647 2335/2759/659 2334/2760/660 2367/2761/658 2331/2756/650
f 2336/2762/661 2335/2763/659 2344/2764/647 2343/2713/631 2340/2765/635
f 2350/2737/633 2326/2737/645 2323/2741/649 2340/2766/635 2339/2767/634
f 2368/2742/662 2324/2742/651 2328/2768/655 2351/2769/663 2346/2770/663
f 2337/2771/641 2355/2743/652 2325/2738/646 2348/2738/643 2349/2772/642
f 2340/2741/635 2323/2741/649 2327/2740/648 2363/2740/664 2336/2773/661
f 2325/2738/646 2326/2737/645 2350/2737/633 2348/2738/643
f 2363/2740/664 2327/2740/648 2324/2742/651 2368/2742/662
f 2345/2774/657 2333/2775/665 2332/2755/654
o 立方体.002_cell.031
v -0.068610 -0.023716 0.029524
v -0.062627 -0.023716 0.042703
v -0.068548 -0.012808 0.062559
v -0.062663 -0.011173 0.060059
v -0.067673 -0.006964 0.059006
v -0.100226 0.013473 0.051422
v -0.097993 0.018917 0.047785
v -0.080570 0.002894 0.054932
v -0.084531 -0.000720 0.057714
v -0.107036 0.019624 0.048677
v -0.102417 0.022005 0.044072
v -0.106956 0.015893 0.039413
v -0.070346 -0.023716 0.024266
v -0.062826 -0.042247 0.018345
v -0.057556 -0.041311 0.017959
v -0.050473 -0.058134 0.013540
v -0.041518 -0.061835 0.028294
v -0.036797 -0.061456 0.035582
v -0.037293 -0.058751 0.028979
v -0.058983 -0.025481 0.057376
v -0.045874 -0.039125 0.044415
v -0.055128 -0.023716 0.053038
v -0.045896 -0.061127 0.019750
v -0.067673 -0.006964 0.059006
v -0.080570 0.002894 0.054932
v -0.097993 0.018917 0.047785
v -0.100226 0.013473 0.051422
v -0.084531 -0.000720 0.057714
v -0.107036 0.019624 0.048677
v -0.070346 -0.023716 0.024266
v -0.057556 -0.041311 0.017959
v -0.106956 0.015893 0.039413
v -0.062826 -0.042247 0.018345
v -0.036797 -0.061456 0.035582
v -0.058983 -0.025481 0.057376
v -0.062663 -0.011173 0.060059
v -0.055128 -0.023716 0.053038
v -0.045874 -0.039125 0.044415
v -0.068548 -0.012808 0.062559
v -0.102417 0.022005 0.044072
v -0.050473 -0.058134 0.013540
vn 0.2261 0.4811 0.8470
vn 0.1245 0.5120 0.8499
vn 0.1247 0.6658 0.7357
vn -0.6500 0.7029 -0.2887
vn 0.0343 0.3845 -0.9225
vn -0.1085 0.2096 -0.9718
vn 0.5893 -0.7311 -0.3438
vn 0.7072 0.0078 0.7070
vn 0.6388 0.0200 0.7691
vn -0.6230 -0.6488 0.4369
vn -0.6868 -0.6448 0.3354
vn 0.1953 -0.7726 -0.6041
vn 0.7123 0.6269 -0.3155
vn 0.7655 0.5874 -0.2625
vn 0.7967 0.5760 -0.1832
vn -0.7199 -0.6411 0.2661
vn 0.5946 -0.7837 0.1795
vn -0.7030 -0.6420 0.3061
vn -0.7294 -0.6399 0.2418
vn 0.3849 -0.6901 0.6129
vn 0.7092 0.6268 -0.3227
vn 0.6926 0.6293 -0.3526
vn 0.6829 0.5975 -0.4203
vn 0.6271 0.6320 -0.4554
vn 0.6250 0.5982 -0.5015
vn 0.8387 0.5291 -0.1290
vn 0.6203 0.5587 -0.5505
vt 0.178442 0.178442
vt 0.156504 0.156504
vt 1.000000 0.170077
vt 0.513516 0.124012
vt 1.000000 0.048492
vt 1.000000 0.075635
vt 0.563772 0.142482
vt 0.191748 0.191748
vt 0.170077 0.170077
vt 0.075635 0.075635
vt 0.048492 0.048492
vt 0.088157 0.000000
vt 0.138167 0.000000
vt 0.088448 0.000000
vt 0.136722 0.000000
vt 0.138167 0.138167
vt 0.740062 0.182053
vt 1.000000 0.219329
vt 1.000000 0.250692
vt 0.136722 0.136722
vt 0.088448 0.088448
vt 0.250692 0.250692
vt 0.219329 0.219329
vt 0.187367 0.000000
vt 0.943964 0.000000
vt 1.000000 0.219062
vt 0.904769 0.000000
vt 0.792339 0.000000
vt 0.131294 0.126197
vt 0.417780 0.000000
vt 1.000000 0.830006
vt 1.000000 0.945330
vt 0.792339 0.792339
vt 0.417780 0.417780
vt 0.738706 0.644979
vt 0.592727 0.010768
vt 0.598731 0.031250
vt 0.563958 0.031250
vt 0.564175 0.002779
vt 0.584643 0.002284
vt 0.861254 0.680627
vt 0.861254 0.680627
vt 0.861254 0.670336
vt 0.609658 0.062500
vt 0.564363 0.062500
vt 0.606806 0.051673
vt 0.609658 0.062500
vt 0.608183 0.070783
vt 0.575103 0.081598
vt 0.566065 0.085107
vt 0.861254 0.682934
vt 0.861254 0.687389
vt 0.861254 0.708441
vt 0.861254 0.726036
vt 0.861254 0.733085
vt 0.861254 0.733336
vt 0.861254 0.675714
vt 0.861254 0.661918
vt 0.861254 0.666215
vt 0.861254 0.680627
vt 0.861254 0.733474
vt 0.861254 0.733336
vt 0.861254 0.733817
s 0
usemtl マテリアル
f 2408/2776/666 2405/2777/666 2393/2778/666
f 2394/2779/667 2395/2780/667 2396/2781/667 2397/2782/667 2408/2783/667 2393/2784/667
f 2396/2785/668 2395/2786/668 2409/2787/668 2398/2788/668
f 2409/2789/669 2401/2790/669 2398/2791/669
f 2399/2792/670 2400/2793/670 2402/2794/670 2401/2795/670 2409/2796/670
f 2402/2797/671 2400/2798/671 2410/2799/671
s 1
f 2388/2800/672 2387/2801/672 2386/2802/672
s 0
f 2404/2803/673 2403/2804/673 2407/2805/673
f 2405/2806/674 2408/2807/674 2404/2808/674 2407/2809/674 2406/2810/674
s 1
f 2372/2811/675 2378/2812/676 2386/2813/677 2387/2814/675 2389/2815/675
f 2380/2816/678 2370/2817/679 2382/2818/680
f 2379/2819/681 2392/2820/682 2386/2813/677 2378/2812/676 2375/2821/683
f 2392/2820/682 2379/2822/681 2381/2823/684 2383/2824/684 2385/2825/685
f 2380/2826/678 2376/2827/686 2377/2828/687 2371/2828/688 2370/2817/679
f 2371/2828/688 2377/2828/687 2374/2829/689 2373/2830/689 2391/2831/690
f 2392/2832/682 2385/2833/685 2384/2834/691 2382/2818/680 2370/2817/679
f 2392/2835/682 2370/2817/679 2371/2828/688 2386/2828/677
f 2387/2836/692 2386/2828/677 2371/2828/688 2391/2837/690 2390/2838/692
o 立方体.002_cell.032
v 0.042703 -0.023716 -0.062627
v 0.043006 -0.006689 -0.077537
v 0.044809 -0.010176 -0.081508
v 0.033938 -0.032761 -0.058621
v 0.042155 -0.017512 -0.075965
v 0.030187 -0.054651 -0.040544
v 0.034830 -0.043826 -0.055122
v 0.030499 -0.046071 -0.048431
v 0.032055 -0.054090 -0.046955
v 0.034000 -0.051250 -0.041217
v 0.048772 -0.023716 -0.058224
v 0.061653 -0.005282 -0.077019
v 0.060978 -0.000969 -0.072280
v 0.051557 -0.004450 -0.075618
v 0.054272 -0.007879 -0.079491
v 0.043006 -0.006689 -0.077537
v 0.033938 -0.032761 -0.058621
v 0.044809 -0.010176 -0.081508
v 0.042155 -0.017512 -0.075965
v 0.030499 -0.046071 -0.048431
v 0.034830 -0.043826 -0.055122
v 0.032055 -0.054090 -0.046955
v 0.048772 -0.023716 -0.058224
v 0.060978 -0.000969 -0.072280
v 0.034000 -0.051250 -0.041217
v 0.051557 -0.004450 -0.075618
v 0.061653 -0.005282 -0.077019
v 0.054272 -0.007879 -0.079491
v 0.030187 -0.054651 -0.040544
vn -0.0435 0.7408 -0.6703
vn -0.9071 0.0102 -0.4208
vn -0.7736 -0.2469 -0.5836
vn -0.8535 -0.2499 -0.4573
vn 0.8913 -0.4208 0.1687
vn -0.0336 0.7366 -0.6755
vn -0.3343 0.6285 0.7022
vn -0.4149 0.6322 0.6544
vn -0.3957 0.6318 0.6665
vn -0.4123 0.6322 0.6560
vn 0.3592 -0.6465 -0.6730
vn 0.3902 -0.6481 -0.6540
vn 0.4370 -0.6488 -0.6230
vn -0.4550 0.6319 0.6274
vn -0.4554 0.6320 0.6271
vn -0.4545 0.6319 0.6278
vn 0.3059 -0.6420 -0.7030
vt 1.000000 0.019360
vt 1.000000 0.074241
vt 0.810383 0.000000
vt 0.571777 0.000000
vt 0.074241 0.074241
vt 0.019360 0.019360
vt 0.163470 0.000000
vt 1.000000 0.761651
vt 1.000000 0.870197
vt 0.571777 0.571777
vt 0.163470 0.163470
vt 0.940082 0.334788
vt 1.000000 0.544521
vt 0.870197 0.870197
vt 0.761651 0.761651
vt 1.000000 0.472526
vt 1.000000 0.561916
vt 0.581119 0.341280
vt 0.074171 0.074171
vt 0.000000 0.000000
vt 0.060901 0.000000
vt 0.869689 0.289136
vt 0.561916 0.561916
vt 0.472526 0.472526
vt 0.715559 0.261941
vt 1.000000 0.048825
vt 0.677325 0.513746
vt 0.671880 0.513746
vt 0.666559 0.513746
vt 0.672449 0.513746
vt 0.679952 0.513746
vt 0.568366 0.468750
vt 0.594658 0.468750
vt 0.596135 0.481439
vt 0.666559 0.513746
vt 0.651941 0.513746
vt 0.651396 0.513746
vt 0.653299 0.513746
vt 0.653044 0.513746
vt 0.574205 0.462912
vt 0.589177 0.453671
vt 0.593527 0.455110
s 0
usemtl マテリアル
f 2428/2839/693 2426/2840/693 2436/2841/693
f 2427/2842/694 2426/2843/694 2428/2844/694 2429/2845/694
f 2431/2846/695 2430/2847/695 2427/2848/695 2429/2849/695
f 2432/2850/696 2439/2851/696 2430/2852/696 2431/2853/696
f 2437/2854/697 2434/2855/697 2433/2856/697 2435/2857/697 2439/2858/697 2432/2859/697
f 2436/2860/698 2434/2861/698 2437/2862/698 2438/2863/698 2428/2864/698
s 1
f 2414/2865/699 2418/2866/699 2416/2867/700 2411/2867/701 2424/2868/702 2412/2869/699
f 2419/2870/703 2425/2871/704 2422/2872/705
f 2424/2873/702 2411/2867/701 2421/2874/706 2423/2875/707
f 2421/2874/706 2411/2867/701 2416/2876/700 2420/2877/708
f 2425/2871/704 2419/2870/703 2417/2878/709 2415/2879/709 2413/2880/709
o 立方体.002_cell.033
v 0.002420 -0.244741 -0.001323
v 0.002114 -0.197857 -0.001182
v 0.010412 -0.236985 -0.007108
v 0.009369 -0.241289 -0.009665
v 0.008362 -0.197823 -0.008362
v 0.011205 -0.197612 -0.002347
v 0.013075 -0.243005 -0.002386
v 0.011440 -0.206281 -0.002043
v 0.012156 -0.236985 -0.002182
v 0.011440 -0.206281 -0.002043
v 0.012156 -0.236985 -0.002182
v 0.010412 -0.236985 -0.007108
v 0.009369 -0.241289 -0.009665
v 0.008362 -0.197823 -0.008362
v 0.011205 -0.197612 -0.002347
v 0.013075 -0.243005 -0.002386
vn -0.7679 0.4544 -0.4516
vn -0.6646 -0.0279 -0.7467
vn -0.0297 0.9993 -0.0212
vn 0.1260 -0.9493 -0.2879
vn 0.1022 -0.0181 0.9946
vn 0.0898 -0.0024 0.9960
vn 0.1260 0.0381 0.9913
vn 0.9262 0.0608 -0.3721
vn 0.9031 0.0336 -0.4281
vn 0.9081 0.0324 -0.4175
vn 0.9410 0.0881 -0.3268
vn 0.9464 0.0215 -0.3224
vn 0.9170 0.1033 -0.3853
vn 0.8946 0.0471 -0.4443
vt 0.784839 0.000000
vt 1.000000 0.000000
vt 1.000000 0.145072
vt 0.145072 0.145072
vt 0.000000 0.000000
vt 1.000000 0.133014
vt 0.159777 0.006167
vt 0.131270 0.131270
vt 0.649059 0.000000
vt 0.845896 0.129035
vt 1.000000 0.731136
vt 1.000000 1.000000
vt 0.688003 0.688003
vt 0.748832 0.644893
vt 0.762083 0.000000
vt 1.000000 0.839586
vt 0.762083 0.762083
vt 0.479167 0.562500
vt 0.489278 0.562500
vt 0.489270 0.593750
vt 0.479167 0.598155
vt 0.479167 0.593750
vt 0.489269 0.596022
vt 0.487045 0.598277
vt 0.468718 0.593750
vt 0.471308 0.598761
vt 0.470109 0.531250
vt 0.468179 0.562500
s 0
usemtl マテリアル
f 2452/2881/710 2440/2882/710 2451/2883/710
f 2451/2884/711 2440/2885/711 2441/2882/711 2453/2886/711
f 2454/2887/712 2453/2888/712 2441/2885/712
f 2455/2889/713 2440/2882/713 2452/2890/713
f 2450/2891/714 2440/2892/714 2455/2893/714
f 2441/2882/715 2440/2892/715 2450/2894/715 2449/2895/715
f 2454/2896/716 2441/2892/716 2449/2897/716
s 1
f 2442/2898/717 2444/2899/718 2445/2900/719
f 2448/2901/720 2442/2902/717 2445/2903/719 2447/2904/721
f 2446/2905/722 2442/2902/717 2448/2906/720
f 2443/2907/723 2442/2898/717 2446/2908/722
o 立方体.002_cell.034
v -0.000756 -0.011047 -0.091594
v -0.001540 -0.007483 -0.087916
v 0.008494 -0.008140 -0.093300
v 0.008166 -0.004409 -0.089685
v 0.010548 0.016927 -0.114034
v 0.009905 0.017488 -0.107214
v 0.012098 0.037714 -0.131241
v 0.011555 0.040366 -0.125547
v -0.011927 0.028289 -0.115731
v -0.000000 0.033944 -0.121612
v -0.013855 0.024536 -0.120077
v -0.000000 0.031127 -0.126864
v -0.005702 -0.004420 -0.089943
v -0.007087 -0.009154 -0.092584
v 0.008166 -0.004409 -0.089685
v 0.009905 0.017488 -0.107214
v -0.000756 -0.011047 -0.091594
v 0.008494 -0.008140 -0.093300
v 0.011555 0.040366 -0.125547
v 0.010548 0.016927 -0.114034
v 0.012098 0.037714 -0.131241
v -0.013855 0.024536 -0.120077
v -0.000000 0.031127 -0.126864
v -0.011927 0.028289 -0.115731
v -0.000000 0.033944 -0.121612
v -0.001540 -0.007483 -0.087916
v -0.005702 -0.004420 -0.089943
v -0.007087 -0.009154 -0.092584
vn 0.3294 -0.6419 0.6924
vn 0.9956 -0.0037 0.0941
vn 0.9956 0.0031 0.0935
vn -0.5455 0.7386 -0.3961
vn -0.9371 0.0877 0.3378
vn -0.5728 -0.2651 0.7756
vn -0.3116 -0.7147 0.6262
vn -0.0712 -0.6392 -0.7658
vn 0.0242 -0.6410 -0.7671
vn -0.0038 -0.6411 -0.7675
vn -0.0254 0.6299 0.7763
vn -0.0064 0.6299 0.7767
vn -0.0732 0.6288 0.7741
vn 0.0665 -0.6400 -0.7655
vn 0.0845 0.6268 0.7746
vt 0.182999 0.057692
vt 1.000000 0.720038
vt 1.000000 0.755940
vt 0.066842 0.000000
vt 0.769687 0.769687
vt 1.000000 0.605538
vt 1.000000 0.660522
vt 0.799267 0.799267
vt 0.660522 0.660522
vt 0.605538 0.605538
vt 0.502381 0.000000
vt 0.551792 0.000000
vt 1.000000 0.598515
vt 1.000000 0.636296
vt 0.765952 0.585606
vt 0.551792 0.551792
vt 0.502381 0.502381
vt 0.728444 0.540013
vt 0.928645 0.000000
vt 0.636296 0.636296
vt 0.598516 0.598516
vt 0.879900 0.000000
vt 1.000000 0.942462
vt 0.928645 0.928645
vt 1.000000 0.903681
vt 0.903681 0.903681
vt 1.000000 0.889088
vt 0.942462 0.942462
vt 0.595714 0.362718
vt 0.613099 0.357632
vt 0.616850 0.375000
vt 0.592855 0.373749
vt 0.750000 0.513746
vt 0.750000 0.513746
vt 0.737626 0.513746
vt 0.737561 0.513746
vt 0.737572 0.513746
vt 0.620598 0.388917
vt 0.608771 0.388927
vt 0.594509 0.388734
vt 0.592949 0.375000
vt 0.750000 0.513746
vt 0.763881 0.513746
vt 0.758581 0.513746
s 0
usemtl マテリアル
f 2472/2909/724 2473/2910/724 2470/2911/724 2481/2912/724
f 2473/2913/725 2475/2914/725 2471/2915/725 2470/2916/725
f 2471/2917/726 2475/2918/726 2476/2919/726 2474/2920/726
f 2477/2921/727 2479/2922/727 2480/2923/727 2474/2924/727 2476/2925/727 2478/2926/727
f 2482/2927/728 2479/2928/728 2477/2929/728 2483/2930/728
f 2481/2931/729 2482/2932/729 2483/2933/729
f 2483/2934/730 2472/2935/730 2481/2936/730
s 1
f 2469/2937/731 2466/2938/731 2467/2939/732 2456/2940/733
f 2465/2941/734 2457/2942/735 2459/2943/736 2461/2944/736 2463/2945/736
f 2462/2946/737 2460/2947/737 2458/2948/737 2456/2949/733 2467/2939/732
f 2457/2950/735 2465/2942/734 2464/2951/738 2468/2952/738
o 立方体.002_cell.035
v 0.001040 -0.128715 -0.002992
v 0.000396 -0.195500 -0.002675
v -0.000464 -0.193407 -0.011284
v -0.000000 -0.156111 -0.010445
v -0.000029 -0.130908 -0.013222
v 0.004988 -0.137990 -0.011393
v 0.004604 -0.145055 -0.010700
v 0.004172 -0.195324 -0.010570
v 0.005382 -0.130351 -0.012153
v -0.000464 -0.193407 -0.011284
v -0.000000 -0.156111 -0.010445
v -0.000000 -0.156111 -0.010445
v -0.000000 -0.156111 -0.010445
v 0.004988 -0.137990 -0.011393
v 0.004604 -0.145055 -0.010700
v 0.005382 -0.130351 -0.012153
v -0.000029 -0.130908 -0.013222
v 0.004172 -0.195324 -0.010570
vn 0.9700 -0.0077 0.2428
vn -0.3505 -0.9175 -0.1881
vn 0.9033 -0.0039 0.4289
vn -0.0604 0.9773 -0.2031
vn 0.2032 -0.1070 -0.9733
vn 0.2034 -0.1070 -0.9732
vn 0.2033 -0.1070 -0.9733
vn 0.1604 0.0202 -0.9868
vn -0.9948 0.0101 0.1017
vn 0.3999 -0.1110 -0.9098
vt 0.247273 0.130625
vt 0.141701 0.141701
vt 0.000000 0.000000
vt 1.000000 0.000000
vt 1.000000 0.132454
vt 0.407744 0.113598
vt 0.132454 0.132454
vt 0.135183 0.080058
vt 1.000000 0.141701
vt 0.935369 0.000000
vt 1.000000 0.905690
vt 1.000000 1.000000
vt 0.926165 0.926165
vt 0.519844 0.410291
vt 0.519725 0.437500
vt 0.508169 0.437500
vt 0.500000 0.406250
vt 0.500000 0.435702
vt 0.489857 0.432724
vt 0.489864 0.406250
vt 0.614103 0.051947
vt 0.058913 0.058913
vt 1.000000 0.070157
vt 0.519354 0.439191
vt 0.513544 0.438511
s 0
usemtl マテリアル
f 2498/2953/739 2497/2954/739 2484/2955/739 2485/2956/739 2501/2957/739 2496/2958/739
f 2501/2959/740 2485/2955/740 2493/2960/740
f 2484/2956/741 2497/2961/741 2499/2962/741
f 2500/2963/742 2484/2964/742 2499/2965/742
s 1
f 2488/2966/743 2492/2967/744 2490/2968/745 2495/2969/743
f 2494/2970/746 2491/2971/746 2486/2972/746
s 0
f 2487/2973/747 2493/2974/747 2485/2955/747 2484/2956/747 2500/2975/747
s 1
f 2492/2976/744 2489/2977/748 2490/2968/745
o 立方体.002_cell.036
v 0.022485 -0.047863 0.056618
v 0.017984 -0.045329 0.054154
v 0.037170 -0.043451 0.054445
v 0.050954 -0.037514 0.050954
v 0.055127 -0.034748 0.049113
v 0.016595 -0.049248 0.057266
v 0.019883 -0.037600 0.060058
v 0.025433 -0.036574 0.059103
v 0.025637 -0.022482 0.077788
v 0.055944 -0.029363 0.055944
v 0.047773 -0.021397 0.069973
v 0.036407 -0.037417 0.053389
v 0.033095 -0.020801 0.076907
v 0.050954 -0.037514 0.050954
v 0.055127 -0.034748 0.049113
v 0.037170 -0.043451 0.054445
v 0.055944 -0.029363 0.055944
v 0.025433 -0.036574 0.059103
v 0.036407 -0.037417 0.053389
v 0.019883 -0.037600 0.060058
v 0.025637 -0.022482 0.077788
v 0.033095 -0.020801 0.076907
v 0.047773 -0.021397 0.069973
v 0.022485 -0.047863 0.056618
v 0.017984 -0.045329 0.054154
v 0.016595 -0.049248 0.057266
v 0.016595 -0.049248 0.057266
v 0.016595 -0.049248 0.057266
vn 0.0644 -0.6344 -0.7703
vn -0.1615 -0.2515 -0.9543
vn -0.2436 0.7756 -0.5823
vn -0.9635 0.2476 0.1016
vn 0.1200 -0.9928 -0.0056
vn 0.2717 -0.6424 0.7166
vn 0.2309 -0.6400 0.7329
vn 0.2809 -0.9306 0.2345
vn 0.3552 -0.6474 0.6743
vn 0.6229 -0.6489 0.4370
vn 0.4766 -0.6524 0.5893
vn 0.4958 -0.6536 0.5719
vn -0.2242 0.4449 -0.8671
vn -0.2759 0.2588 -0.9257
vn -0.3066 0.1166 -0.9447
vt 1.000000 0.037730
vt 0.954705 0.000000
vt 1.000000 0.011880
vt 0.310199 0.004201
vt 0.366173 0.000000
vt 0.673636 0.000000
vt 0.581849 0.012598
vt 0.822174 0.172834
vt 1.000000 0.326364
vt 0.937624 0.613122
vt 0.818551 0.716795
vt 0.808108 0.808108
vt 0.337318 0.337318
vt 0.340995 0.206537
vt 0.482028 0.053625
vt 1.000000 0.337318
vt 1.000000 0.808108
vt 0.894313 0.894313
vt 0.572159 0.812500
vt 0.587306 0.812500
vt 0.586349 0.826242
vt 0.571432 0.825874
vt 0.574419 0.781250
vt 0.586967 0.781250
vt 0.579370 0.740201
vt 0.582434 0.750000
vt 0.577797 0.750000
vt 0.694373 0.736254
vt 0.706265 0.736254
vt 0.708063 0.736254
vt 0.706403 0.736254
vt 0.666560 0.736254
vt 0.666559 0.736254
vt 0.582434 0.750000
vt 0.586967 0.781250
vt 0.574419 0.781250
vt 0.577797 0.750000
s 0
usemtl マテリアル
f 2525/2978/749 2527/2979/749 2526/2980/749
f 2517/2981/750 2520/2982/750 2516/2983/750 2515/2984/750
f 2518/2985/751 2516/2986/751 2520/2987/751 2519/2988/751 2521/2989/751 2522/2990/751 2523/2991/751 2524/2992/751
f 2522/2993/752 2521/2994/752 2528/2995/752
s 1
f 2502/2996/753 2514/2997/754 2510/2998/755 2507/2999/755
f 2514/2997/754 2502/2996/753 2504/3000/756 2512/3001/757
f 2506/3002/758 2511/3003/759 2505/3004/760
f 2502/3005/753 2503/3006/761 2529/3007/761 2508/3008/761 2509/3005/762
f 2504/3009/756 2502/3005/753 2509/3005/762 2513/3010/763
f 2511/3011/759 2512/3012/757 2504/3013/756 2505/3014/760
o 立方体.002_cell.037
v -0.012960 -0.093995 -0.016744
v -0.004020 -0.093752 -0.017161
v -0.006099 -0.085522 -0.028911
v -0.021217 -0.080630 -0.020815
v -0.008284 -0.079509 -0.028468
v -0.004427 -0.096980 -0.011417
v -0.008430 -0.095335 -0.019590
v -0.020057 -0.082033 -0.026259
v -0.012712 -0.082394 -0.029542
v -0.017970 -0.085908 -0.017970
v -0.004427 -0.096980 -0.011417
v -0.004020 -0.093752 -0.017161
v -0.006099 -0.085522 -0.028911
v -0.008284 -0.079509 -0.028468
v -0.021217 -0.080630 -0.020815
v -0.017970 -0.085908 -0.017970
v -0.012712 -0.082394 -0.029542
v -0.012960 -0.093995 -0.016744
v -0.012960 -0.093995 -0.016744
v -0.008430 -0.095335 -0.019590
vn 0.1540 0.1281 -0.9797
vn 0.0170 -0.9786 -0.2052
vn -0.8494 -0.5276 -0.0092
vn 0.0452 0.6544 0.7548
vn 0.2213 0.8437 0.4890
vn 0.9881 -0.0574 0.1430
vn 0.2367 0.6466 0.7252
vn -0.9576 0.2224 0.1831
vn 0.1169 0.7722 0.6245
vn -0.0009 0.8718 0.4898
vn 0.8452 0.5333 0.0365
vn 0.1663 -0.1919 -0.9672
vn 0.8523 0.5229 -0.0121
vn -0.4139 -0.6705 -0.6158
vn -0.1351 -0.7098 -0.6913
vn -0.8442 -0.5344 -0.0422
vt 0.310708 0.000000
vt 0.317751 0.317751
vt 0.244475 0.244475
vt 1.000000 1.000000
vt 0.112045 0.000000
vt 0.564838 0.357846
vt 1.000000 0.719200
vt 1.000000 0.284664
vt 0.000000 0.000000
vt 0.805627 0.513746
vt 0.780537 0.513746
vt 0.778247 0.513746
vt 0.788510 0.513746
vt 0.833441 0.513746
vt 0.833441 0.513746
vt 0.805627 0.539464
vt 0.812608 0.534578
vt 0.861254 0.513746
vt 0.859886 0.513746
vt 0.546038 0.281250
vt 0.552332 0.281250
vt 0.552263 0.312500
vt 0.544900 0.312500
vt 0.550483 0.343515
vt 0.543910 0.340366
vt 0.544900 0.312500
vt 0.552372 0.335331
vt 0.551882 0.254595
vt 0.546351 0.271448
s 0
usemtl マテリアル
f 2538/3015/764 2543/3016/764 2532/3017/764
f 2540/3018/765 2548/3019/765 2536/3020/765 2541/3021/765
f 2545/3022/766 2544/3018/766 2547/3023/766
s 1
f 2546/3024/767 2531/3025/768 2542/3026/769 2534/3027/770
f 2537/3028/771 2530/3029/772 2531/3024/768 2546/3024/767
f 2535/3030/773 2531/3024/768 2530/3031/772
f 2530/3029/774 2537/3028/775 2533/3032/776 2539/3033/774
f 2530/3034/777 2537/3035/771 2546/3036/767 2549/3037/778
f 2542/3038/769 2531/3039/768 2549/3040/778 2546/3041/767
f 2533/3042/776 2537/3035/775 2530/3043/779
o 立方体.002_cell.038
v -0.007840 -0.103871 -0.008907
v -0.010001 -0.100345 -0.004814
v -0.005413 -0.097800 -0.009530
v -0.012779 -0.094672 -0.012779
v -0.012197 -0.096237 -0.008036
v -0.010001 -0.100345 -0.004814
v -0.012197 -0.096237 -0.008036
v -0.005413 -0.097800 -0.009530
v -0.012779 -0.094672 -0.012779
vn 0.7575 -0.2405 0.6070
vn 0.3138 -0.2202 -0.9236
vn -0.8699 -0.4902 -0.0549
vn -0.8697 -0.4923 -0.0351
vn 0.2935 0.8433 0.4502
vn 0.3038 0.6832 0.6641
vn 0.2982 0.8079 0.5084
vn 0.2725 0.9232 0.2710
vt 0.000000 0.000000
vt 1.000000 0.000000
vt 1.000000 1.000000
vt 0.544341 0.000000
vt 0.544341 0.544341
vt 0.804565 0.595604
vt 0.794501 0.580499
vt 0.783524 0.569373
vt 0.798168 0.554569
vt 0.805627 0.549564
vt 0.805627 0.569373
s 0
usemtl マテリアル
f 2555/3044/780 2550/3045/780 2557/3046/780
f 2558/3045/781 2557/3046/781 2550/3044/781
f 2558/3046/782 2550/3044/782 2556/3047/782
f 2556/3048/783 2550/3044/783 2555/3045/783
s 1
f 2554/3049/784 2551/3050/785 2552/3051/786
f 2552/3052/786 2553/3053/787 2554/3054/784
o 立方体.002_cell.039
v 0.010139 -0.129095 0.000313
v 0.011334 -0.195314 0.000414
v 0.010404 -0.155795 0.000339
vn -0.0674 0.0003 0.9977
vt 0.403008 0.393529
vt 1.000000 1.000000
vt 0.057671 0.000000
s 0
usemtl マテリアル
f 2561/3055/788 2560/3056/788 2559/3057/788
o 立方体.002_cell.040
v 0.032519 -0.060968 -0.032519
v 0.033361 -0.060878 -0.038960
v 0.037578 -0.060866 -0.025631
v 0.041173 -0.060823 -0.017717
v 0.049780 -0.060658 -0.005076
v 0.049314 -0.060624 -0.010330
v 0.046277 -0.060633 -0.019914
v 0.043796 -0.060812 -0.009711
v 0.042316 -0.060678 -0.028888
v 0.033764 -0.055603 -0.037010
v 0.039343 -0.052487 -0.034873
v 0.038012 -0.058653 -0.038012
v 0.045046 -0.049791 -0.030721
v 0.051401 -0.050775 -0.028799
v 0.057285 -0.046704 -0.023579
v 0.055955 -0.043170 -0.018047
v 0.058427 -0.042527 -0.012209
v 0.064120 -0.030889 0.024760
v 0.063879 -0.035634 0.013346
v 0.065382 -0.042538 -0.000000
v 0.048043 -0.052131 0.019127
v 0.052913 -0.052664 0.020936
v 0.043496 -0.058255 0.017235
v 0.044121 -0.060617 0.009223
v 0.050309 -0.060598 -0.000000
v 0.049407 -0.060510 0.010350
v 0.045017 -0.060693 -0.000000
v 0.041173 -0.060823 -0.017717
v 0.043796 -0.060812 -0.009711
v 0.037578 -0.060866 -0.025631
v 0.032519 -0.060968 -0.032519
v 0.046277 -0.060633 -0.019914
v 0.042316 -0.060678 -0.028888
v 0.049314 -0.060624 -0.010330
v 0.049780 -0.060658 -0.005076
v 0.039343 -0.052487 -0.034873
v 0.045046 -0.049791 -0.030721
v 0.045046 -0.049791 -0.030721
v 0.045046 -0.049791 -0.030721
v 0.055955 -0.043170 -0.018047
v 0.058427 -0.042527 -0.012209
v 0.048043 -0.052131 0.019127
v 0.043496 -0.058255 0.017235
v 0.043496 -0.058255 0.017235
v 0.043496 -0.058255 0.017235
v 0.050309 -0.060598 -0.000000
v 0.049407 -0.060510 0.010350
v 0.044121 -0.060617 0.009223
v 0.045017 -0.060693 -0.000000
v 0.033361 -0.060878 -0.038960
v 0.033361 -0.060878 -0.038960
v 0.033361 -0.060878 -0.038960
v 0.033764 -0.055603 -0.037010
v 0.038012 -0.058653 -0.038012
v 0.038012 -0.058653 -0.038012
v 0.038012 -0.058653 -0.038012
v 0.051401 -0.050775 -0.028799
v 0.057285 -0.046704 -0.023579
v 0.057285 -0.046704 -0.023579
v 0.057285 -0.046704 -0.023579
v 0.064120 -0.030889 0.024760
v 0.052913 -0.052664 0.020936
vn 0.0331 -0.9994 -0.0096
vn 0.4512 0.3254 -0.8309
vn -0.3469 0.0139 0.9378
vn -0.3509 -0.0287 0.9360
vn 0.0066 -0.9980 0.0633
vn -0.4343 0.6354 0.6385
vn -0.6535 0.6608 0.3692
vn -0.6275 0.6621 0.4097
vn -0.7151 0.6989 -0.0108
vn 0.7923 0.5815 -0.1848
vn 0.3878 0.9058 -0.1709
vn -0.7345 0.6657 0.1320
vn -0.6171 0.6930 0.3728
vn -0.6412 0.6849 0.3460
vn -0.6788 0.6960 0.2342
vn -0.7071 0.6853 0.1745
vn -0.7663 0.6424 0.0137
vn 0.7947 -0.5690 -0.2115
vn 0.7636 -0.5788 -0.2862
vn 0.7061 -0.5240 -0.4763
vn 0.6878 -0.5440 -0.4806
vn 0.6467 -0.5855 -0.4888
vn 0.7600 -0.4588 -0.4604
vn 0.8211 -0.5447 -0.1707
vn 0.7914 -0.5441 -0.2786
vn 0.8197 -0.5725 -0.0192
vn 0.6015 0.7179 -0.3505
vn 0.7940 -0.5645 0.2256
vn 0.7448 0.5410 -0.3907
vn 0.7973 -0.5678 0.2048
vn 0.5880 0.7384 -0.3303
vn -0.7124 0.6501 -0.2643
vn -0.7410 0.6258 -0.2436
vn 0.3192 0.5386 -0.7798
vn 0.0264 0.3449 -0.9383
vn -0.7206 0.6483 0.2460
vt 0.822526 0.269701
vt 0.893173 0.501229
vt 1.000000 0.624132
vt 0.957668 0.957668
vt 0.881084 0.813985
vt 0.801738 0.547359
vt 0.724892 0.220945
vt 0.690706 0.000000
vt 0.757757 0.000000
vt 0.613492 0.360963
vt 0.761842 0.761842
vt 0.539500 0.539500
vt 0.567610 0.567610
vt 1.000000 0.432133
vt 1.000000 0.475772
vt 0.432133 0.432133
vt 1.000000 0.313117
vt 0.475772 0.475772
vt 1.000000 0.242243
vt 1.000000 0.309294
vt 0.875590 0.321808
vt 0.580954 0.327274
vt 0.258650 0.258650
vt 0.501779 0.272223
vt 0.766261 0.268284
vt 0.651209 0.513746
vt 0.638746 0.513746
vt 0.645543 0.513746
vt 0.638746 0.625000
vt 0.638746 0.597186
vt 0.638746 0.541559
vt 0.638746 0.569373
vt 0.638746 0.582465
vt 0.572218 0.562500
vt 0.564644 0.562500
vt 0.564618 0.531250
vt 0.568683 0.531250
vt 0.570252 0.545659
vt 0.567188 0.511550
vt 0.564618 0.531250
vt 0.564556 0.500000
vt 0.573313 0.593750
vt 0.564649 0.593750
vt 0.572883 0.576204
vt 0.564629 0.609637
vt 0.564649 0.593750
vt 0.574938 0.625000
vt 0.564663 0.625000
vt 0.577422 0.656250
vt 0.564713 0.656250
vt 0.564713 0.656250
vt 0.579359 0.681932
vt 0.569177 0.682885
vt 0.564733 0.682620
vt 0.784288 0.784288
vt 0.735772 0.735772
vt 0.772472 0.682144
vt 0.638746 0.675307
vt 0.638746 0.652814
vt 0.638746 0.652814
vt 0.638746 0.676575
vt 0.638746 0.676858
vt 0.330224 0.330224
vt 0.923585 0.627900
vt 0.454968 0.454968
vt 0.890167 0.491007
vt 0.965258 0.965258
vt 0.696012 0.696012
vt 0.638746 0.522712
s 0
usemtl マテリアル
f 2589/3058/789 2591/3059/789 2592/3060/789 2611/3061/789 2594/3062/789 2593/3063/789 2595/3064/789 2596/3065/789 2590/3066/789
f 2598/3067/790 2615/3068/790 2597/3069/790
f 2579/3070/791 2603/3071/791 2623/3072/791
f 2603/3073/792 2604/3074/792 2623/3075/792
f 2590/3076/793 2596/3077/793 2607/3078/793 2608/3079/793 2605/3080/793 2609/3081/793 2610/3082/793
s 1
f 2612/3083/794 2562/3084/795 2617/3084/796 2614/3085/794
f 2588/3086/797 2581/3086/798 2602/3087/799 2569/3087/800
f 2599/3088/801 2564/3088/802 2565/3089/803 2619/3089/804
f 2619/3089/804 2565/3089/803 2569/3087/800 2602/3087/799 2601/3090/805
f 2620/3091/806 2568/3092/807 2570/3093/808 2600/3094/809 2618/3095/810
f 2616/3096/811 2600/3094/809 2570/3097/808 2613/3098/811
f 2602/3099/799 2567/3100/812 2568/3092/807 2620/3101/806
f 2566/3102/813 2567/3103/812 2602/3099/799 2581/3104/798 2586/3105/814
f 2586/3105/814 2581/3104/798 2580/3106/815 2587/3107/816
f 2587/3108/816 2580/3106/815 2622/3109/817 2583/3110/818 2584/3111/818
s 0
f 2576/3112/819 2577/3113/819 2578/3114/819
s 1
f 2622/3115/817 2580/3116/815 2585/3117/820 2606/3118/821 2582/3119/821
s 0
f 2574/3120/822 2621/3121/822 2575/3122/822
f 2573/3123/823 2563/3124/823 2571/3125/823
s 1
f 2588/3086/797 2585/3117/820 2580/3116/815 2581/3086/798
f 2617/3084/796 2562/3084/795 2564/3088/802 2599/3088/801 2572/3126/824
o 立方体.002_cell.041
v 0.003530 -0.245301 0.001296
v 0.002135 -0.257742 0.000015
v 0.019248 -0.257908 0.014431
v 0.024865 -0.256375 0.015370
v 0.014015 -0.249365 0.002937
v 0.026682 -0.252331 -0.006382
v 0.019044 -0.250534 -0.004177
v 0.014057 -0.249365 -0.002488
v 0.013518 -0.244421 -0.000000
v 0.029998 -0.253039 0.006286
v 0.027836 -0.252959 0.011978
v 0.030351 -0.252988 -0.000000
v 0.011966 -0.249365 0.008337
v 0.012417 -0.244211 0.005343
v 0.026682 -0.252331 -0.006382
v 0.019044 -0.250534 -0.004177
v 0.029998 -0.253039 0.006286
v 0.027836 -0.252959 0.011978
v 0.014057 -0.249365 -0.002488
v 0.013518 -0.244421 -0.000000
v 0.012417 -0.244211 0.005343
v 0.024865 -0.256375 0.015370
v 0.030351 -0.252988 -0.000000
v 0.011966 -0.249365 0.008337
vn -0.2640 0.0593 -0.9627
vn -0.2905 0.1302 -0.9480
vn -0.1449 0.8123 -0.5650
vn 0.8495 -0.4129 0.3284
vn 0.2872 -0.9402 -0.1830
vn 0.4228 -0.9061 0.0163
vn 0.1627 -0.9660 -0.2008
vn -0.6443 -0.0065 0.7647
vn -0.4479 0.2338 0.8630
vn -0.4111 0.4845 0.7722
vn 0.6881 0.7145 0.1268
vn 0.2135 0.9759 0.0459
vn 0.2195 0.9756 0.0045
vn -0.0027 0.7058 0.7084
vn 0.1234 0.9187 0.3753
vn 0.5539 0.7720 0.3119
vn 0.2190 0.9756 -0.0127
vn 0.2338 0.9721 0.0179
vn 0.6105 0.7920 -0.0062
vn 0.9481 0.1678 0.2700
vn 0.9816 0.1603 0.1038
vt 1.000000 0.564215
vt 0.094364 0.000000
vt 1.000000 0.000000
vt 0.564215 0.564215
vt 0.000000 0.000000
vt 0.593171 0.512503
vt 0.310759 0.118594
vt 0.348040 0.348040
vt 0.286669 0.000000
vt 0.926129 0.570157
vt 0.823908 0.190665
vt 0.805408 0.805408
vt 0.872622 0.872622
vt 0.878577 0.654076
vt 0.956747 0.896677
vt 0.873633 0.873633
vt 1.000000 1.000000
vt 1.000000 0.669192
vt 0.419654 0.000000
vt 1.000000 0.695840
vt 0.675618 0.669294
vt 0.458333 0.656250
vt 0.426357 0.632840
vt 0.427993 0.625000
vt 0.428018 0.703861
vt 0.428234 0.687500
vt 0.458333 0.718750
vt 0.433497 0.589348
vt 0.448546 0.592314
vt 0.451419 0.593750
vt 0.427561 0.656250
vt 0.458333 0.687500
vt 0.428234 0.687500
vt 0.458333 0.598525
vt 0.458333 0.625000
vt 0.431719 0.601737
vt 0.432988 0.593750
vt 0.467329 0.656250
vt 0.466654 0.625000
vt 0.465369 0.605651
vt 0.467007 0.687500
s 0
usemtl マテリアル
f 2639/3127/825 2638/3128/825 2625/3129/825
f 2639/3130/826 2625/3131/826 2624/3129/826 2642/3132/826
f 2643/3133/827 2642/3134/827 2624/3131/827 2644/3135/827
f 2645/3129/828 2640/3136/828 2641/3137/828
f 2626/3129/829 2640/3138/829 2645/3131/829
f 2640/3139/830 2626/3131/830 2646/3140/830
f 2638/3141/831 2646/3142/831 2626/3131/831 2625/3129/831
f 2624/3129/832 2625/3143/832 2626/3131/832
f 2647/3144/833 2624/3143/833 2626/3131/833 2645/3145/833
f 2644/3146/834 2624/3143/834 2647/3147/834
s 1
f 2628/3148/835 2633/3149/836 2635/3150/837
f 2627/3151/838 2634/3152/839 2636/3153/840
f 2629/3154/841 2630/3155/842 2631/3156/843
f 2633/3157/836 2628/3148/835 2636/3158/840 2634/3159/839
f 2631/3160/843 2628/3161/835 2635/3162/837 2629/3163/841
f 2637/3164/844 2628/3161/835 2632/3165/845
f 2632/3165/845 2628/3161/835 2631/3166/843
f 2637/3167/844 2636/3158/840 2628/3148/835
o 立方体.002_cell.042
v 0.005017 -0.195663 -0.002472
v 0.004617 -0.128576 -0.002692
v 0.010099 -0.195533 -0.005347
v 0.012349 -0.129493 -0.005130
v 0.009599 -0.155795 -0.004126
vn -0.3593 0.0026 -0.9332
vt 0.607705 0.031505
vt 0.036265 0.036265
vt 0.000000 0.000000
vt 1.000000 0.000000
vt 1.000000 0.050224
s 0
usemtl マテリアル
f 2652/3168/846 2650/3169/846 2648/3170/846 2649/3171/846 2651/3172/846
o 立方体.002_cell.043
v -0.124090 0.036048 -0.040878
v -0.107186 0.024042 -0.034883
v -0.112090 0.020724 -0.036497
v -0.119685 0.040623 -0.039458
v -0.080693 -0.011299 -0.044327
v -0.075194 -0.010208 -0.041320
v -0.104690 0.020130 -0.055134
v -0.101033 0.025274 -0.053451
v -0.119088 0.032542 -0.047054
v -0.115477 0.037686 -0.044642
v -0.112306 0.035379 -0.048327
v -0.109608 0.026550 -0.057302
v -0.105521 0.031368 -0.055427
v -0.079539 -0.020325 -0.026055
v -0.075721 -0.017145 -0.024794
v -0.079441 -0.018527 -0.031350
v -0.075577 -0.014294 -0.032522
v -0.107186 0.024042 -0.034883
v -0.119685 0.040623 -0.039458
v -0.124090 0.036048 -0.040878
v -0.112090 0.020724 -0.036497
v -0.075721 -0.017145 -0.024794
v -0.075577 -0.014294 -0.032522
v -0.080693 -0.011299 -0.044327
v -0.079441 -0.018527 -0.031350
v -0.075194 -0.010208 -0.041320
v -0.101033 0.025274 -0.053451
v -0.119088 0.032542 -0.047054
v -0.109608 0.026550 -0.057302
v -0.104690 0.020130 -0.055134
v -0.112306 0.035379 -0.048327
v -0.105521 0.031368 -0.055427
v -0.115477 0.037686 -0.044642
v -0.079539 -0.020325 -0.026055
vn -0.3232 0.0174 0.9462
vn 0.4433 0.0230 -0.8961
vn -0.3826 0.5986 -0.7038
vn -0.4122 0.6077 -0.6789
vn 0.6762 -0.6977 -0.2365
vn 0.5101 -0.7547 -0.4125
vn 0.4105 0.0066 -0.9118
vn -0.7330 -0.6399 -0.2305
vn -0.7263 -0.6406 -0.2491
vn -0.7269 -0.6406 -0.2476
vn 0.7405 0.6257 0.2454
vn 0.7308 0.6266 0.2709
vn 0.7306 0.6266 0.2714
vn -0.3103 -0.0042 0.9506
vn 0.7091 0.6269 0.3227
vn -0.7119 -0.6413 -0.2864
vt 0.250648 0.000000
vt 0.298361 0.000000
vt 1.000000 0.411335
vt 1.000000 0.437608
vt 0.636965 0.000000
vt 0.630804 0.630804
vt 0.607755 0.607755
vt 0.610308 0.000000
vt 0.394499 0.000000
vt 0.424207 0.000000
vt 1.000000 0.755736
vt 1.000000 0.794864
vt 0.798447 0.528731
vt 0.755736 0.755736
vt 1.000000 0.701639
vt 1.000000 0.749352
vt 0.794864 0.794864
vt 0.959429 0.959429
vt 0.926910 0.926910
vt 0.622897 0.000000
vt 0.645185 0.000000
vt 0.645185 0.645185
vt 0.712384 0.622443
vt 1.000000 0.623890
vt 1.000000 0.647292
vt 1.000000 0.363035
vt 1.000000 0.389692
vt 0.575793 0.000000
vt 0.605501 0.000000
vt 0.610931 0.173180
vt 0.619650 0.173691
vt 0.616566 0.187500
vt 0.588599 0.182769
vt 0.587576 0.173469
vt 0.861254 0.574634
vt 0.861254 0.581573
vt 0.861254 0.582082
vt 0.861254 0.581825
vt 0.861254 0.569373
vt 0.861254 0.569373
vt 0.411335 0.411335
vt 0.926910 0.000000
vt 0.959429 0.000000
vt 0.437608 0.437608
vt 0.861254 0.569373
vt 0.861254 0.555003
vt 0.861254 0.557818
vt 0.861254 0.558226
vt 0.610593 0.200100
vt 0.591534 0.202435
vt 0.589243 0.187500
vt 0.614246 0.199635
s 0
usemtl マテリアル
f 2671/3173/847 2672/3174/847 2673/3175/847 2670/3176/847
f 2679/3177/848 2678/3178/848 2676/3179/848 2682/3180/848
f 2684/3181/849 2681/3182/849 2680/3183/849 2685/3184/849 2683/3185/849
f 2680/3186/850 2672/3187/850 2671/3188/850 2685/3189/850
f 2674/3190/851 2666/3191/851 2677/3192/851 2675/3193/851
f 2675/3194/852 2677/3195/852 2676/3196/852 2678/3197/852
f 2679/3198/853 2682/3199/853 2681/3200/853 2684/3201/853
s 1
f 2655/3202/854 2653/3203/854 2661/3204/855 2668/3205/856 2686/3206/854
f 2662/3207/857 2656/3208/857 2654/3209/857 2667/3210/857 2669/3211/858 2663/3212/859
s 0
f 2673/3213/860 2666/3214/860 2674/3215/860 2670/3216/860
s 1
f 2663/3212/859 2669/3217/858 2658/3218/861 2660/3219/861 2665/3220/861
f 2659/3221/862 2657/3222/862 2668/3223/856 2661/3204/855 2664/3224/862
o 立方体.002_cell.044
v 0.006988 -0.124286 0.007234
v -0.000062 -0.126589 -0.000220
v -0.001128 -0.126533 0.004811
v 0.004292 -0.098951 0.004326
v 0.007698 -0.098220 -0.004679
v -0.000885 -0.099634 0.001833
v 0.002649 -0.098808 -0.005080
v 0.007698 -0.098220 -0.004679
v 0.004292 -0.098951 0.004326
v -0.000885 -0.099634 0.001833
v 0.002649 -0.098808 -0.005080
vn 0.2487 -0.9665 0.0634
vn 0.7379 -0.2971 -0.6060
vn -0.3625 0.0875 0.9279
vn -0.9782 -0.0141 -0.2071
vn -0.8907 0.0074 -0.4545
vn 0.0987 -0.1808 -0.9785
vn -0.1182 0.9923 0.0358
vn -0.1288 0.9910 0.0376
vn -0.1388 0.9895 0.0393
vn -0.1503 0.9878 0.0413
vn 0.9224 0.1395 0.3602
vt 0.000000 0.000000
vt 1.000000 0.000000
vt 1.000000 1.000000
vt 1.000000 0.038169
vt 0.456002 0.000000
vt 0.469619 0.469619
vt 0.111583 0.000000
vt 0.312810 0.108219
vt 1.000000 0.036536
vt 0.751683 0.027590
vt 0.705976 0.597186
vt 0.722186 0.597186
vt 0.718804 0.625000
vt 0.722186 0.625000
vt 0.734851 0.597186
vt 0.749758 0.625000
vt 1.000000 0.469619
vt 0.216384 0.119700
s 0
usemtl マテリアル
f 2689/3225/863 2688/3226/863 2687/3227/863
f 2687/3227/864 2688/3225/864 2694/3228/864
f 2696/3229/865 2689/3226/865 2687/3227/865 2695/3230/865
f 2688/3226/866 2689/3227/866 2696/3231/866
f 2697/3226/867 2688/3227/867 2696/3232/867
f 2694/3233/868 2688/3227/868 2697/3234/868
s 1
f 2691/3235/869 2693/3236/870 2690/3237/871
f 2690/3238/871 2693/3239/870 2692/3240/872
s 0
f 2695/3241/873 2687/3227/873 2694/3242/873
o 立方体.002_cell.045
v 0.074945 -0.023716 -0.000000
v 0.073303 -0.023716 -0.015313
v 0.073303 -0.023716 0.015313
v 0.066764 -0.026273 -0.028574
v 0.068463 -0.032238 -0.028196
v 0.085424 -0.010068 -0.035810
v 0.072696 -0.018190 -0.031282
v 0.081882 -0.005640 -0.035482
v 0.100678 0.009758 -0.042346
v 0.095228 0.012447 -0.041298
v 0.083087 -0.013754 0.033010
v 0.088236 -0.008594 0.030965
v 0.083445 -0.005837 0.030323
v 0.075684 -0.013733 0.033379
v 0.079255 -0.017583 0.034451
v 0.066861 -0.026081 0.028772
v 0.073884 -0.022681 0.036096
v 0.071158 -0.028277 0.030621
v 0.065032 -0.034175 0.013587
v 0.063910 -0.036482 0.006550
v 0.068035 -0.038292 0.009523
v 0.054842 -0.042538 -0.023078
v 0.059384 -0.041317 -0.012408
v 0.066461 -0.041246 -0.000000
v 0.070463 -0.018801 0.035011
v 0.100332 0.019185 -0.043175
v 0.107277 0.018180 -0.044744
v 0.123621 0.031246 -0.029037
v 0.115989 0.032685 -0.030388
v 0.121191 0.036837 -0.025306
v 0.129127 0.045361 -0.015778
v 0.137104 0.045446 -0.013077
v 0.128939 0.044115 -0.008283
v 0.134802 0.041656 -0.009178
v 0.123402 0.036155 -0.000000
v 0.128420 0.032991 -0.000000
v 0.103929 0.015009 0.021704
v 0.108264 0.011363 0.022685
v 0.066764 -0.026273 -0.028574
v 0.072696 -0.018190 -0.031282
v 0.081882 -0.005640 -0.035482
v 0.068463 -0.032238 -0.028196
v 0.085424 -0.010068 -0.035810
v 0.100678 0.009758 -0.042346
v 0.095228 0.012447 -0.041298
v 0.083087 -0.013754 0.033010
v 0.088236 -0.008594 0.030965
v 0.083445 -0.005837 0.030323
v 0.075684 -0.013733 0.033379
v 0.073884 -0.022681 0.036096
v 0.071158 -0.028277 0.030621
v 0.065032 -0.034175 0.013587
v 0.065032 -0.034175 0.013587
v 0.065032 -0.034175 0.013587
v 0.063910 -0.036482 0.006550
v 0.068035 -0.038292 0.009523
v 0.066461 -0.041246 -0.000000
v 0.070463 -0.018801 0.035011
v 0.079255 -0.017583 0.034451
v 0.054842 -0.042538 -0.023078
v 0.107277 0.018180 -0.044744
v 0.100332 0.019185 -0.043175
v 0.123621 0.031246 -0.029037
v 0.115989 0.032685 -0.030388
v 0.121191 0.036837 -0.025306
v 0.129127 0.045361 -0.015778
v 0.129127 0.045361 -0.015778
v 0.137104 0.045446 -0.013077
v 0.137104 0.045446 -0.013077
v 0.137104 0.045446 -0.013077
v 0.128939 0.044115 -0.008283
v 0.128939 0.044115 -0.008283
v 0.123402 0.036155 -0.000000
v 0.134802 0.041656 -0.009178
v 0.128420 0.032991 -0.000000
v 0.108264 0.011363 0.022685
v 0.103929 0.015009 0.021704
v 0.066861 -0.026081 0.028772
vn -0.2555 -0.1334 -0.9576
vn -0.2471 -0.1266 -0.9607
vn 0.0514 0.3189 0.9464
vn -0.5740 -0.3785 0.7261
vn -0.5518 -0.7066 0.4431
vn 0.0213 0.2866 0.9578
vn -0.2580 -0.1341 -0.9568
vn -0.2323 -0.0936 -0.9681
vn 0.1011 0.6685 -0.7368
vn 0.2482 0.6100 -0.7525
vn 0.3496 0.5602 0.7510
vn 0.3175 0.5386 0.7805
vn 0.0626 0.3282 0.9425
vn -0.0654 0.9846 0.1620
vn 0.7030 -0.6419 0.3061
vn 0.7320 -0.6759 0.0859
vn 0.7320 -0.6759 0.0852
vn 0.7391 -0.6667 -0.0963
vn 0.7394 -0.6557 -0.1527
vn -0.2308 -0.5046 0.8320
vn -0.1145 -0.1728 0.9783
vn 0.7430 -0.6527 0.1483
vn 0.7416 -0.6593 0.1236
vn 0.7438 -0.6470 0.1680
vn -0.1465 -0.9816 0.1226
vn 0.7472 -0.6568 -0.1016
vn 0.7334 -0.6786 0.0400
vn -0.7400 0.6258 0.2465
vn -0.7403 0.6258 0.2458
vn -0.7406 0.6258 0.2448
vn -0.7680 0.6065 0.2056
vn -0.7678 0.6281 0.1261
vn -0.7404 0.6258 0.2454
vn -0.7639 0.6128 -0.2023
vn -0.7755 0.5840 -0.2398
vn -0.7361 0.6261 -0.2572
vn -0.7351 0.6262 -0.2597
vn -0.7402 0.6257 -0.2462
vn -0.7708 0.6277 -0.1090
vn -0.7765 0.6282 0.0488
vn -0.8003 0.5996 0.0039
vn 0.0481 0.3093 0.9498
vn -0.7091 0.6270 0.3226
vn -0.7747 0.6267 0.0841
vn -0.7920 0.5629 -0.2364
vn -0.5676 -0.7551 0.3281
vn -0.5710 -0.7488 0.3366
vn 0.7389 -0.6512 -0.1731
vn -0.7094 0.6270 -0.3220
vt 0.293549 0.000000
vt 0.435963 0.028888
vt 0.608541 0.091323
vt 1.000000 0.232854
vt 1.000000 0.258152
vt 0.329237 0.000000
vt 0.368291 0.000000
vt 0.258152 0.258152
vt 0.232854 0.232854
vt 1.000000 0.202300
vt 1.000000 0.231793
vt 0.729927 0.000000
vt 0.764771 0.000000
vt 0.000000 0.000000
vt 0.038227 0.000000
vt 1.000000 0.481571
vt 0.657698 0.351187
vt 0.520800 0.520800
vt 0.481571 0.481571
vt 0.878366 0.462379
vt 0.938160 0.000000
vt 1.000000 0.045059
vt 0.412624 0.412624
vt 0.360288 0.360288
vt 1.000000 0.706451
vt 0.549852 0.549852
vt 1.000000 0.643886
vt 1.000000 0.631709
vt 1.000000 0.670763
vt 0.262210 0.000000
vt 0.306479 0.000000
vt 0.379975 0.000000
vt 0.444771 0.000000
vt 0.306479 0.306479
vt 0.262210 0.262210
vt 0.559264 0.448329
vt 0.890443 0.562936
vt 1.000000 0.640580
vt 0.444771 0.444771
vt 0.379975 0.379975
vt 1.000000 0.608248
vt 0.638146 0.638146
vt 1.000000 0.565884
vt 0.565884 0.565884
vt 0.526246 0.405884
vt 0.407955 0.000000
vt 0.436795 0.000000
vt 0.562542 0.429779
vt 0.608248 0.608248
vt 1.000000 0.270073
vt 0.436795 0.436795
vt 0.489438 0.386002
vt 1.000000 0.235229
vt 0.638746 0.608572
vt 0.638746 0.614990
vt 0.625850 0.610721
vt 0.586236 0.695151
vt 0.583052 0.687500
vt 0.589137 0.688084
vt 0.593412 0.563979
vt 0.604692 0.563756
vt 0.609484 0.564233
vt 0.618114 0.593750
vt 0.574000 0.593750
vt 0.573290 0.565928
vt 0.580799 0.565028
vt 0.605605 0.656250
vt 0.578243 0.656250
vt 0.577354 0.645982
vt 0.575674 0.625000
vt 0.617911 0.625000
vt 0.594251 0.676713
vt 0.591315 0.683098
vt 0.589370 0.687500
vt 0.581324 0.682784
vt 0.638746 0.569373
vt 0.638746 0.569373
vt 0.638746 0.569556
vt 0.638746 0.597186
vt 0.638746 0.597186
vt 0.638746 0.590146
vt 0.638746 0.652814
vt 0.638746 0.652814
vt 0.638746 0.680627
vt 0.638746 0.677819
vt 0.638746 0.672599
vt 0.638746 0.650373
vt 0.638746 0.625000
vt 0.392695 0.025835
vt 0.231794 0.231794
vt 0.360288 0.000000
vt 0.638746 0.568981
vt 0.638746 0.569007
vt 0.638746 0.569659
vt 0.638746 0.570492
vt 0.638746 0.638796
vt 0.390077 0.390077
vt 0.512433 0.312705
vt 0.435468 0.435468
vt 0.823775 0.427930
vt 1.000000 0.390077
vt 1.000000 0.435468
vt 0.624895 0.610630
vt 0.622841 0.614662
vt 0.617911 0.625000
vt 0.575674 0.625000
vt 0.638746 0.688441
s 0
usemtl マテリアル
f 2739/3243/874 2736/3244/874 2737/3245/874 2738/3246/874 2740/3247/874
f 2742/3248/875 2741/3249/875 2740/3250/875 2738/3251/875
f 2746/3252/876 2743/3253/876 2744/3254/876 2745/3255/876
f 2747/3256/877 2755/3257/877 2775/3258/877 2748/3259/877
f 2748/3260/878 2775/3261/878 2751/3262/878
f 2755/3263/879 2747/3264/879 2756/3265/879 2746/3266/879
f 2739/3267/880 2719/3268/880 2736/3269/880
f 2741/3270/881 2742/3271/881 2759/3272/881 2758/3273/881
f 2761/3274/882 2760/3275/882 2758/3276/882 2759/3277/882
f 2762/3278/883 2763/3279/883 2765/3280/883 2760/3281/883 2761/3282/883
f 2771/3283/884 2766/3284/884 2768/3285/884
f 2768/3286/885 2770/3287/885 2774/3288/885 2773/3289/885 2772/3290/885 2771/3291/885
f 2744/3292/886 2773/3293/886 2774/3294/886 2745/3295/886
s 1
f 2764/3296/887 2769/3297/887 2729/3298/887
f 2714/3299/888 2715/3300/889 2712/3301/890
f 2703/3302/891 2706/3303/891 2724/3304/891 2725/3305/892 2720/3306/893 2757/3307/894 2702/3308/891
f 2735/3309/895 2750/3310/896 2718/3311/897 2754/3312/898 2733/3313/899
f 2750/3310/896 2735/3309/895 2709/3314/900 2708/3315/900 2712/3316/890 2715/3317/889
f 2723/3318/901 2704/3319/902 2701/3320/903 2699/3321/904 2727/3322/905 2726/3323/906
f 2700/3324/907 2749/3325/908 2713/3326/909 2711/3327/910 2710/3328/911 2734/3324/912
f 2700/3324/907 2734/3329/912 2732/3330/913 2698/3330/914
s 0
f 2756/3331/915 2743/3332/915 2746/3333/915
s 1
f 2704/3319/902 2723/3318/901 2707/3334/916 2705/3335/916
f 2728/3296/917 2727/3322/905 2699/3321/904 2698/3330/914 2732/3330/913 2730/3297/917
f 2699/3321/904 2701/3336/903 2757/3337/894 2720/3321/893
f 2754/3330/898 2698/3330/914 2699/3321/904 2720/3321/893
f 2700/3324/907 2698/3330/914 2754/3330/898 2752/3338/918 2749/3324/908
s 0
f 2717/3339/919 2721/3340/919 2753/3341/919
f 2716/3342/920 2717/3343/920 2753/3344/920
s 1
f 2720/3306/893 2725/3305/892 2767/3345/921 2731/3346/921 2733/3347/899 2754/3348/898
f 2711/3326/910 2713/3326/909 2722/3349/922
o 立方体.002_cell.046
v -0.108132 0.014142 0.030814
v -0.104872 0.007221 0.021975
v -0.099937 0.009962 0.020871
v -0.094052 0.000990 0.008184
v -0.098365 -0.002067 0.008535
v -0.103659 0.018595 0.031641
v -0.090391 -0.004631 0.000000
v -0.094379 -0.007795 0.000000
v -0.076220 -0.017281 -0.022937
v -0.084167 -0.018063 -0.017635
v -0.080639 -0.014440 -0.016844
v -0.080961 -0.019249 -0.024522
v -0.079799 -0.012574 -0.024135
v -0.119113 0.039036 -0.037146
v -0.125528 0.037052 -0.039094
v -0.122480 0.027837 -0.017671
v -0.117853 0.031324 -0.014987
v -0.119809 0.035090 -0.025018
v -0.124223 0.030852 -0.026030
v -0.114816 0.025547 0.000000
v -0.118657 0.021293 0.000000
v -0.111355 0.015138 0.023333
v -0.107671 0.019741 0.022485
v -0.119113 0.039036 -0.037146
v -0.119809 0.035090 -0.025018
v -0.108132 0.014142 0.030814
v -0.104872 0.007221 0.021975
v -0.098365 -0.002067 0.008535
v -0.099937 0.009962 0.020871
v -0.094052 0.000990 0.008184
v -0.103659 0.018595 0.031641
v -0.094379 -0.007795 0.000000
v -0.084167 -0.018063 -0.017635
v -0.076220 -0.017281 -0.022937
v -0.080639 -0.014440 -0.016844
v -0.090391 -0.004631 0.000000
v -0.079799 -0.012574 -0.024135
v -0.080961 -0.019249 -0.024522
v -0.125528 0.037052 -0.039094
v -0.117853 0.031324 -0.014987
v -0.122480 0.027837 -0.017671
v -0.124223 0.030852 -0.026030
v -0.114816 0.025547 0.000000
v -0.118657 0.021293 0.000000
v -0.107671 0.019741 0.022485
v -0.111355 0.015138 0.023333
vn 0.4764 -0.5983 0.6442
vn 0.4673 -0.6443 0.6054
vn 0.3171 -0.0003 -0.9484
vn 0.3029 -0.0081 -0.9530
vn -0.6016 0.7200 0.3460
vn 0.7773 0.6288 0.0208
vn 0.7769 0.6285 0.0366
vn 0.7537 0.6280 0.1939
vn 0.7548 0.6281 0.1890
vn 0.7747 0.6267 0.0841
vn 0.7625 0.6285 -0.1536
vn 0.7682 0.6282 -0.1233
vn 0.7746 0.6268 -0.0842
vn -0.6871 0.6202 0.3785
vn -0.7543 -0.6416 0.1394
vn -0.7598 -0.6409 0.1095
vn -0.7331 -0.6399 0.2306
vn -0.7330 -0.6399 -0.2307
vn -0.7470 -0.6416 -0.1743
vn -0.7461 -0.6416 -0.1780
vn -0.7676 -0.6407 -0.0176
vn -0.7658 -0.6392 -0.0711
vn -0.7673 -0.6405 -0.0310
vn 0.7401 0.6259 -0.2459
vn -0.7658 -0.6392 0.0711
vn 0.7402 0.6259 0.2459
vt 0.182789 0.000000
vt 0.225719 0.000000
vt 0.534723 0.192683
vt 1.000000 0.491493
vt 1.000000 0.514931
vt 0.560030 0.233827
vt 0.895908 0.112982
vt 1.000000 0.028315
vt 1.000000 0.071360
vt 0.900977 0.151786
vt 0.638001 0.391166
vt 0.514931 0.514931
vt 0.491493 0.491493
vt 0.620574 0.363588
vt 0.092329 0.000000
vt 0.071360 0.071360
vt 0.036157 0.000000
vt 1.000000 0.543965
vt 0.092329 0.092329
vt 0.036157 0.036157
vt 1.000000 0.508693
vt 0.514979 0.247958
vt 0.531176 0.531176
vt 0.494868 0.494868
vt 0.479638 0.204805
vt 0.475710 0.000000
vt 0.509112 0.000000
vt 0.861254 0.625000
vt 0.861254 0.597186
vt 0.861254 0.597186
vt 0.861254 0.607925
vt 0.861254 0.652814
vt 0.861254 0.636755
vt 0.861254 0.625000
vt 0.882931 0.778219
vt 0.638548 0.210071
vt 0.509112 0.509112
vt 0.475710 0.475710
vt 0.628937 0.128262
vt 0.904221 0.742946
vt 1.000000 0.774281
vt 1.000000 0.817211
vt 0.607753 0.093750
vt 0.603249 0.093750
vt 0.607186 0.082683
vt 0.618874 0.171329
vt 0.587158 0.169840
vt 0.588864 0.156250
vt 0.616693 0.156250
vt 0.611255 0.125000
vt 0.614978 0.146649
vt 0.616693 0.156250
vt 0.594705 0.125000
vt 0.861254 0.665356
vt 0.597964 0.111888
vt 0.603249 0.093750
vt 0.861254 0.585205
vt 0.861254 0.585000
vt 0.861254 0.585795
s 0
usemtl マテリアル
f 2806/3350/923 2801/3351/923 2802/3352/923 2803/3353/923 2805/3354/923 2804/3355/923
f 2808/3356/924 2813/3357/924 2809/3358/924 2810/3359/924 2811/3360/924 2805/3361/924 2803/3362/924 2807/3363/924
f 2812/3364/925 2809/3365/925 2813/3366/925
f 2799/3367/926 2812/3368/926 2813/3369/926 2814/3370/926
f 2800/3371/927 2799/3372/927 2814/3373/927 2817/3374/927 2816/3375/927 2815/3376/927
s 1
f 2818/3377/928 2782/3377/929 2786/3378/930 2793/3379/931 2792/3380/932
f 2798/3381/933 2778/3381/934 2779/3382/935 2782/3383/929 2818/3383/928
s 0
f 2820/3384/936 2795/3385/936 2815/3386/936 2816/3387/936 2819/3388/936 2821/3389/936 2801/3390/936 2806/3391/936
s 1
f 2797/3392/937 2777/3393/938 2776/3394/939
f 2790/3395/940 2787/3396/940 2785/3397/941 2794/3398/942
f 2796/3399/943 2791/3400/944 2794/3401/942 2785/3397/941 2783/3402/945
f 2778/3381/934 2798/3381/933 2781/3403/946
f 2796/3399/943 2783/3402/945 2780/3404/947 2777/3405/938 2797/3392/937
f 2793/3379/931 2786/3378/930 2784/3406/948 2788/3407/948 2789/3408/948
o 立方体.002_cell.047
v -0.000268 -0.244413 -0.000945
v 0.002906 -0.197945 -0.005700
v -0.000501 -0.197858 -0.001694
v -0.000000 -0.236985 -0.012362
v 0.007108 -0.236985 -0.010412
v -0.006573 -0.198041 -0.009629
v 0.005236 -0.242476 -0.012168
v -0.005094 -0.240181 -0.011838
v -0.000000 -0.244566 -0.013541
v -0.010303 -0.198607 -0.005066
v 0.004525 -0.197611 -0.010514
v 0.006871 -0.219749 -0.010066
v -0.011029 -0.233577 -0.005491
v -0.009044 -0.236769 -0.009044
v -0.010303 -0.198607 -0.005066
v -0.011029 -0.233577 -0.005491
v 0.007108 -0.236985 -0.010412
v 0.006871 -0.219749 -0.010066
v -0.006573 -0.198041 -0.009629
v 0.004525 -0.197611 -0.010514
v -0.000000 -0.244566 -0.013541
v 0.005236 -0.242476 -0.012168
v -0.009044 -0.236769 -0.009044
v -0.005094 -0.240181 -0.011838
vn -0.0382 0.9993 0.0062
vn 0.6702 -0.7132 0.2056
vn -0.6541 -0.7564 -0.0041
vn 0.7618 0.0142 0.6476
vn 0.1728 0.9769 0.1258
vn -0.3262 0.0136 0.9452
vn 0.8098 0.0234 0.5862
vn -0.3917 -0.0030 0.9201
vn -0.7345 -0.6549 0.1778
vn -0.4602 0.0497 -0.8864
vn -0.2722 0.0850 -0.9585
vn -0.6648 0.0250 -0.7466
vn -0.0447 0.0485 -0.9978
vn 0.4010 0.0239 -0.9158
vn 0.2507 0.0889 -0.9640
vn 0.0618 0.0864 -0.9943
vn -0.7822 0.0390 -0.6218
vn -0.8634 0.0241 -0.5039
vn 0.1489 0.2547 -0.9555
vn 0.0477 0.1758 -0.9833
vn -0.0924 0.9946 0.0478
vt 0.139420 0.139420
vt 0.000000 0.000000
vt 0.150167 0.092077
vt 0.752206 0.000000
vt 1.000000 0.000000
vt 0.934574 0.273982
vt 0.841807 0.139316
vt 0.357716 0.357716
vt 0.276892 0.064318
vt 0.340894 0.243364
vt 1.000000 1.000000
vt 1.000000 0.853506
vt 0.920719 0.000000
vt 0.833573 0.833573
vt 0.870950 0.471844
vt 1.000000 0.747938
vt 0.054452 0.000000
vt 0.820178 0.729957
vt 1.000000 0.755082
vt 0.489268 0.343750
vt 0.479167 0.343750
vt 0.479167 0.312500
vt 0.489204 0.464034
vt 0.483589 0.468750
vt 0.479167 0.437500
vt 0.479167 0.406250
vt 0.479167 0.375000
vt 0.489279 0.406250
vt 0.489275 0.375000
vt 0.489106 0.250000
vt 0.479222 0.250000
vt 0.479534 0.218750
vt 0.469926 0.437500
vt 0.466986 0.406250
vt 0.466409 0.375000
vt 0.818263 0.000000
vt 0.853917 0.030866
vt 0.489160 0.281250
vt 0.479222 0.250000
vt 0.489131 0.264351
s 0
usemtl マテリアル
f 2840/3409/949 2824/3410/949 2841/3411/949
f 2838/3412/950 2822/3413/950 2830/3414/950 2843/3415/950
f 2830/3416/951 2822/3410/951 2844/3417/951 2845/3418/951
f 2822/3410/952 2823/3413/952 2824/3419/952
f 2824/3419/953 2823/3410/953 2841/3420/953
f 2836/3410/954 2822/3413/954 2824/3419/954
f 2841/3421/955 2823/3413/955 2822/3419/955 2838/3422/955 2839/3423/955
f 2837/3424/956 2822/3419/956 2836/3425/956
f 2837/3426/957 2844/3427/957 2822/3419/957
s 1
f 2827/3428/958 2829/3429/959 2835/3430/960
f 2832/3431/961 2833/3432/962 2826/3433/963
f 2826/3434/963 2825/3435/964 2832/3436/961
f 2825/3435/964 2829/3429/959 2827/3428/958 2832/3437/961
f 2831/3438/965 2835/3439/960 2834/3440/966
f 2826/3433/963 2828/3441/967 2842/3442/968
f 2829/3429/959 2825/3435/964 2842/3443/968
s 0
f 2836/3444/969 2824/3413/969 2840/3445/969
s 1
f 2827/3446/958 2835/3447/960 2831/3448/965
f 2826/3434/963 2842/3443/968 2825/3435/964
o 立方体.002_cell.048
v -0.006576 -0.106094 -0.007958
v -0.009194 -0.103092 -0.004301
v 0.001122 -0.111784 -0.006351
v -0.003816 -0.117203 0.002938
v -0.004190 -0.126171 0.000082
v -0.000221 -0.126805 -0.003442
v -0.005449 -0.110306 0.002191
v -0.005339 -0.098808 -0.000000
v -0.000000 -0.099088 -0.004178
v -0.005839 -0.098556 -0.005839
v -0.005339 -0.098808 -0.000000
v -0.000000 -0.099088 -0.004178
v -0.005839 -0.098556 -0.005839
vn -0.8294 -0.1378 0.5414
vn 0.6171 -0.2620 0.7420
vn 0.9347 0.1302 0.3307
vn 0.3120 0.1750 0.9338
vn -0.9634 -0.0412 -0.2648
vn -0.7300 -0.0286 0.6828
vn -0.8738 -0.2667 -0.4066
vn -0.6531 -0.3472 -0.6730
vn 0.7729 0.1005 -0.6265
vn -0.3491 -0.1479 -0.9253
vn 0.7140 0.0129 0.7001
vn -0.9935 0.0724 0.0882
vn -0.0805 0.7414 -0.6663
vn 0.2845 0.1861 -0.9404
vn 0.0806 0.9961 0.0360
vt 0.000000 0.000000
vt 1.000000 0.000000
vt 1.000000 1.000000
vt 1.000000 0.556087
vt 0.559493 0.000000
vt 0.080373 0.000000
vt 0.314107 0.000000
vt 1.000000 0.454841
vt 0.367601 0.002047
vt 1.000000 0.765503
vt 0.765503 0.765503
vt 0.881804 0.881804
vt 0.564720 0.000000
vt 0.777813 0.586324
vt 0.777813 0.597186
vt 0.750000 0.596336
s 0
usemtl マテリアル
f 2852/3449/970 2850/3450/970 2849/3451/970
f 2850/3449/971 2851/3450/971 2849/3451/971
f 2856/3452/972 2849/3451/972 2851/3449/972
f 2856/3453/973 2852/3450/973 2849/3451/973
f 2852/3451/974 2856/3454/974 2850/3450/974
f 2847/3450/975 2850/3451/975 2856/3455/975
f 2847/3449/976 2846/3450/976 2850/3451/976
f 2846/3449/977 2851/3450/977 2850/3451/977
f 2858/3450/978 2851/3451/978 2846/3449/978
f 2858/3449/979 2848/3450/979 2851/3451/979
f 2856/3456/980 2851/3451/980 2848/3449/980 2857/3457/980
f 2858/3449/981 2846/3450/981 2856/3458/981
f 2856/3459/982 2846/3449/982 2847/3450/982
f 2848/3450/983 2858/3460/983 2857/3461/983
s 1
f 2855/3462/984 2853/3463/984 2854/3464/984
o 立方体.002_cell.049
v 0.004332 -0.243826 0.002671
v 0.001543 -0.197508 0.002599
v 0.010412 -0.236985 0.007108
v 0.003060 -0.202904 0.011111
v 0.005128 -0.236985 0.011277
v 0.003088 -0.197032 0.010956
v 0.008349 -0.197116 0.008349
v 0.009693 -0.242589 0.009693
v 0.003060 -0.202904 0.011111
v 0.003088 -0.197032 0.010956
v 0.010412 -0.236985 0.007108
v 0.008349 -0.197116 0.008349
v 0.005128 -0.236985 0.011277
v 0.009693 -0.242589 0.009693
vn 0.6040 0.0448 -0.7958
vn -0.9886 -0.0593 0.1386
vn -0.9834 0.0095 0.1813
vn -0.0113 0.9984 -0.0547
vn 0.7745 -0.3442 -0.5307
vn -0.5691 -0.6172 0.5433
vn 0.6053 0.1048 0.7891
vn 0.4630 0.0276 0.8859
vn 0.4394 0.0296 0.8978
vn 0.6144 0.1265 0.7788
vn 0.5960 0.2719 0.7555
vn 0.3121 0.0235 0.9498
vt 0.862254 0.000000
vt 1.000000 0.000000
vt 1.000000 1.000000
vt 0.840414 0.840414
vt 0.000000 0.000000
vt 0.364890 0.165072
vt 1.000000 0.802966
vt 1.000000 0.859743
vt 0.802966 0.802966
vt 1.000000 0.840414
vt 0.863721 0.863721
vt 1.000000 0.137746
vt 0.777768 0.000000
vt 0.778018 0.716830
vt 1.000000 0.791338
vt 0.479167 0.750000
vt 0.489397 0.750000
vt 0.489422 0.781250
vt 0.479167 0.718750
vt 0.468381 0.718750
vt 0.489419 0.833061
vt 0.487912 0.833996
vt 0.480344 0.812500
s 0
usemtl マテリアル
f 2869/3465/985 2859/3466/985 2860/3467/985 2870/3468/985
f 2860/3467/986 2859/3469/986 2871/3470/986 2867/3471/986
f 2868/3472/987 2860/3467/987 2867/3473/987
f 2870/3474/988 2860/3467/988 2868/3475/988
f 2869/3476/989 2872/3477/989 2859/3466/989
f 2872/3478/990 2871/3479/990 2859/3467/990
s 1
f 2863/3480/991 2865/3481/992 2864/3482/993
f 2865/3481/992 2863/3480/991 2861/3483/994
f 2866/3484/995 2861/3483/994 2863/3480/991
f 2864/3485/993 2862/3486/996 2863/3487/991
o 立方体.002_cell.050
v -0.094545 0.045361 0.094545
v -0.101749 0.045452 0.101749
v -0.079912 0.045452 0.117041
v -0.074448 0.045361 0.109204
v -0.117041 0.045452 0.079912
v -0.109204 0.045361 0.074448
v -0.107693 0.020865 0.049769
v -0.102934 0.024125 0.047049
v -0.081643 0.004486 0.055664
v -0.085655 0.000875 0.058481
v -0.068878 -0.011808 0.063574
v -0.074634 -0.000898 0.057843
v -0.064940 -0.014763 0.064802
v -0.062531 -0.010119 0.061700
v -0.052895 -0.010743 0.077475
v -0.050700 -0.006315 0.074361
v -0.049463 -0.006454 0.082883
v -0.051087 0.002161 0.090044
v -0.050797 0.005984 0.085185
v -0.053041 0.012397 0.098541
v -0.052839 0.016909 0.093914
v -0.059671 0.045452 0.125835
v -0.058428 0.045361 0.116522
v -0.121001 0.045452 0.070796
v -0.113704 0.045361 0.064598
v -0.102934 0.024125 0.047049
v -0.081643 0.004486 0.055664
v -0.074634 -0.000898 0.057843
v -0.085655 0.000875 0.058481
v -0.068878 -0.011808 0.063574
v -0.052895 -0.010743 0.077475
v -0.064940 -0.014763 0.064802
v -0.107693 0.020865 0.049769
v -0.062531 -0.010119 0.061700
v -0.049463 -0.006454 0.082883
v -0.051087 0.002161 0.090044
v -0.053041 0.012397 0.098541
v -0.052839 0.016909 0.093914
v -0.050797 0.005984 0.085185
v -0.058428 0.045361 0.116522
v -0.058428 0.045361 0.116522
v -0.059671 0.045452 0.125835
v -0.059671 0.045452 0.125835
v -0.121001 0.045452 0.070796
v -0.121001 0.045452 0.070796
v -0.113704 0.045361 0.064598
v -0.113704 0.045361 0.064598
v -0.050700 -0.006315 0.074361
v -0.101749 0.045452 0.101749
v -0.117041 0.045452 0.079912
v -0.094545 0.045361 0.094545
v -0.109204 0.045361 0.074448
v -0.074448 0.045361 0.109204
v -0.079912 0.045452 0.117041
vn -0.1319 -0.5146 -0.8472
vn -0.1162 -0.5092 -0.8527
vn 0.6954 -0.6109 -0.3785
vn 0.9929 0.1132 -0.0367
vn 0.9885 0.0845 0.1255
vn 0.9873 0.0900 0.1308
vn -0.6173 0.2910 -0.7310
vn -0.3056 -0.6420 0.7032
vn -0.3749 -0.6475 0.6634
vn -0.3961 -0.6484 0.6501
vn 0.0065 1.0000 -0.0065
vn 0.0083 1.0000 -0.0047
vn 0.0082 1.0000 -0.0047
vn 0.0047 1.0000 -0.0082
vn 0.0047 1.0000 -0.0083
vn 0.7089 0.6267 -0.3236
vn 0.6685 0.6313 -0.3931
vn 0.6459 0.6321 -0.4281
vn 0.0089 1.0000 -0.0040
vn 0.0040 1.0000 -0.0090
vn -0.6421 -0.6486 0.4086
vn -0.6636 -0.6474 0.3747
vn -0.7032 -0.6420 0.3056
vn -0.5102 -0.6542 0.5583
vn -0.5347 -0.6546 0.5344
vn -0.6232 -0.6488 0.4366
vn 0.3943 0.6319 -0.6673
vn 0.4366 0.6329 -0.6394
vn 0.5246 0.6366 -0.5652
vn 0.5459 0.6368 -0.5445
vn 0.6264 0.6319 -0.4564
vn 0.3236 0.6267 -0.7089
vt 0.885293 0.000000
vt 0.968330 0.515571
vt 1.000000 0.669019
vt 1.000000 0.892758
vt 0.923377 0.528556
vt 0.836073 0.000000
vt 1.000000 0.939927
vt 0.892758 0.892758
vt 0.669019 0.669019
vt 1.000000 0.817215
vt 0.946735 0.000000
vt 0.956806 0.207655
vt 0.939927 0.939927
vt 0.820742 0.796069
vt 0.834004 0.000000
vt 1.000000 0.368704
vt 1.000000 0.398428
vt 0.283961 0.283961
vt 0.249854 0.249854
vt 1.000000 0.442784
vt 0.398428 0.398428
vt 0.368704 0.368704
vt 1.000000 0.414086
vt 0.553493 0.259208
vt 0.611101 0.263369
vt 0.442784 0.442784
vt 0.414086 0.414086
vt 0.780436 0.004993
vt 1.000000 0.114707
vt 1.000000 0.163927
vt 0.741378 0.041140
vt 0.625000 0.943340
vt 0.625000 0.968750
vt 0.593028 0.968750
vt 0.595468 0.958750
vt 0.600370 0.955160
vt 0.606194 0.951546
vt 0.861254 0.736254
vt 0.861254 0.708441
vt 0.875000 0.718750
vt 0.875000 0.750000
vt 0.843750 0.750000
vt 0.833441 0.736254
vt 0.861254 0.696500
vt 0.861254 0.683829
vt 0.861254 0.696500
vt 0.875000 0.707306
vt 0.818340 0.750000
vt 0.814022 0.736254
vt 0.599638 0.031250
vt 0.625000 0.031250
vt 0.625000 0.042694
vt 0.611011 0.058265
vt 0.590742 0.000000
vt 0.625000 0.000000
vt 0.592422 0.006765
vt 0.861254 0.736254
vt 0.861254 0.735253
vt 0.861254 0.717489
vt 0.820935 0.736254
vt 0.824514 0.736254
vt 0.625000 1.000000
vt 0.590742 1.000000
s 0
usemtl マテリアル
f 2898/3488/997 2899/3489/997 2900/3490/997 2902/3491/997 2901/3492/997 2905/3493/997
f 2904/3494/998 2902/3495/998 2900/3496/998 2906/3497/998
f 2907/3498/999 2903/3499/999 2904/3500/999 2906/3501/999 2920/3502/999
f 2911/3503/1000 2908/3504/1000 2907/3505/1000 2920/3506/1000
f 2909/3507/1001 2908/3508/1001 2911/3509/1001 2910/3510/1001
f 2912/3511/1002 2914/3512/1002 2909/3513/1002 2910/3514/1002
f 2918/3515/1003 2898/3516/1003 2905/3517/1003 2916/3518/1003
s 1
f 2915/3519/1004 2875/3520/1005 2887/3521/1006 2889/3522/1004 2890/3523/1004 2892/3524/1004
f 2923/3525/1007 2924/3526/1008 2922/3527/1009 2921/3528/1007
f 2923/3525/1007 2921/3528/1007 2926/3529/1010 2925/3530/1011
f 2919/3531/1012 2878/3526/1013 2881/3526/1014 2880/3532/1012
f 2922/3527/1009 2924/3526/1008 2897/3533/1015 2917/3534/1015
f 2925/3530/1011 2926/3529/1010 2894/3535/1016 2913/3536/1016
f 2882/3537/1017 2877/3538/1018 2896/3539/1019 2879/3540/1019
f 2885/3541/1020 2874/3542/1021 2877/3538/1018 2882/3537/1017 2883/3543/1022
f 2876/3530/1023 2888/3530/1024 2886/3544/1025 2873/3525/1026
f 2878/3526/1013 2873/3525/1026 2886/3545/1025 2884/3546/1027 2881/3526/1014
f 2893/3547/1028 2891/3548/1028 2888/3530/1024 2876/3530/1023 2895/3536/1028
f 2875/3520/1005 2874/3549/1021 2885/3550/1020 2887/3521/1006
o 立方体.002_cell.051
v 0.071608 -0.023202 0.037554
v 0.018534 -0.058255 0.043071
v 0.039339 -0.058255 0.026831
v 0.009613 -0.058255 0.045989
v 0.026831 -0.058255 0.039339
v 0.034101 -0.058255 0.034101
v 0.031659 -0.072210 0.016572
v 0.037836 -0.070491 0.018611
v 0.027930 -0.075004 0.019299
v 0.040342 -0.061633 0.017986
v 0.045410 -0.061580 0.019914
v 0.051934 -0.053275 0.022348
v 0.051232 -0.047219 0.022046
v 0.059678 -0.035984 0.025195
v 0.065143 -0.023716 0.037161
v 0.044486 -0.037318 0.047642
v 0.057593 -0.034244 0.046346
v 0.063627 -0.030410 0.043440
v 0.059697 -0.028063 0.040706
v 0.064915 -0.028714 0.027934
v 0.069123 -0.030923 0.029745
v 0.023779 -0.048952 0.055259
v 0.015024 -0.051066 0.056174
v 0.036375 -0.045106 0.053280
v 0.049823 -0.039362 0.049823
v 0.000000 -0.053388 0.050929
v 0.011053 -0.049533 0.052886
v -0.003896 -0.057493 0.052533
v -0.007253 -0.061654 0.048743
v -0.001215 -0.065645 0.045982
v 0.011097 -0.072511 0.038688
v 0.015343 -0.074446 0.035654
v 0.021179 -0.076711 0.031027
v 0.024028 -0.075522 0.024028
v 0.037836 -0.070491 0.018611
v 0.045410 -0.061580 0.019914
v 0.051934 -0.053275 0.022348
v 0.051232 -0.047219 0.022046
v 0.059678 -0.035984 0.025195
v 0.059678 -0.035984 0.025195
v 0.059678 -0.035984 0.025195
v 0.057593 -0.034244 0.046346
v 0.063627 -0.030410 0.043440
v 0.036375 -0.045106 0.053280
v 0.049823 -0.039362 0.049823
v 0.000000 -0.053388 0.050929
v 0.011053 -0.049533 0.052886
v 0.031659 -0.072210 0.016572
v 0.040342 -0.061633 0.017986
v 0.059697 -0.028063 0.040706
v 0.065143 -0.023716 0.037161
v 0.044486 -0.037318 0.047642
v 0.071608 -0.023202 0.037554
v 0.064915 -0.028714 0.027934
v 0.069123 -0.030923 0.029745
v -0.003896 -0.057493 0.052533
vn 0.6164 -0.6736 0.4078
vn -0.5711 -0.8061 -0.1549
vn -0.9222 0.1627 0.3509
vn 0.6187 -0.6644 0.4193
vn 0.6565 -0.6696 0.3473
vn 0.6911 -0.6704 0.2701
vn 0.3510 -0.1643 -0.9218
vn -0.3383 0.6032 0.7223
vn 0.3556 -0.0054 -0.9346
vn -0.0988 0.7004 0.7069
vn -0.0901 0.6878 0.7203
vn 0.2453 0.7577 -0.6047
vn 0.4143 0.0441 -0.9091
vn -0.7781 -0.6185 -0.1099
vn -0.2647 0.4812 -0.8357
vn -0.1926 0.7984 0.5705
vn -0.2040 0.5689 -0.7967
vn -0.7916 -0.5782 -0.1977
vn -0.9582 -0.2835 -0.0394
vn -0.7785 -0.4433 0.4443
vn -0.4715 -0.7123 -0.5200
vn -0.6339 0.6246 -0.4561
vn -0.6687 0.6302 -0.3945
vn -0.7097 0.6269 -0.3216
vn -0.6409 -0.7101 -0.2915
vn -0.2715 0.6524 -0.7075
vn -0.5069 0.6501 -0.5661
vn -0.3307 -0.9203 -0.2089
vn 0.0496 0.1853 0.9814
vn 0.6013 -0.6911 0.4011
vn -0.0400 0.6502 0.7587
vn -0.2071 0.6649 0.7176
vn 0.6096 -0.6972 0.3772
vn 0.4590 -0.0596 -0.8864
vn -0.7107 0.6267 -0.3195
vn -0.7416 0.6255 -0.2425
vn -0.7104 0.6267 -0.3203
vn -0.6181 0.6447 -0.4499
vn -0.0723 0.6332 0.7706
vn -0.6865 0.6287 -0.3652
vn -0.7100 0.6267 -0.3211
vt 0.581839 0.718750
vt 0.555065 0.718750
vt 0.556827 0.699698
vt 0.559035 0.695743
vt 0.564104 0.688577
vt 0.568830 0.687500
vt 0.581547 0.687500
vt 0.585569 0.700696
vt 0.224610 0.000000
vt 0.275326 0.000000
vt 0.116345 0.116345
vt 0.095844 0.095844
vt 0.882758 0.157024
vt 0.301208 0.084426
vt 0.840805 0.088802
vt 0.557065 0.000000
vt 0.845108 0.471035
vt 1.000000 0.724674
vt 0.936988 0.673264
vt 0.731094 0.339420
vt 1.000000 1.000000
vt 0.953105 0.881350
vt 1.000000 0.801962
vt 0.782390 0.733434
vt 0.483973 0.000000
vt 0.708113 0.000000
vt 0.827594 0.311897
vt 0.495545 0.000000
vt 0.583404 0.094276
vt 1.000000 0.926482
vt 0.986276 0.986276
vt 1.000000 0.463315
vt 1.000000 0.504455
vt 0.521484 0.521484
vt 0.750000 0.736254
vt 0.722186 0.736254
vt 0.722186 0.736254
vt 0.722186 0.736254
vt 0.774473 0.736254
vt 0.759056 0.736254
vt 0.758680 0.736254
vt 0.638746 0.736254
vt 0.638746 0.708441
vt 0.638746 0.709320
vt 0.638746 0.682546
vt 0.638746 0.691551
vt 0.638746 0.708441
vt 0.694373 0.736254
vt 0.666559 0.736254
vt 0.573478 0.781250
vt 0.555496 0.781250
vt 0.554696 0.750000
vt 0.576746 0.750000
vt 0.694373 0.736254
vt 0.556785 0.812500
vt 0.571289 0.812500
vt 0.570086 0.835181
vt 0.569227 0.843750
vt 0.557885 0.832315
vt 0.558604 0.843750
vt 0.566980 0.875000
vt 0.561355 0.875000
vt 0.555065 0.718750
vt 0.581839 0.718750
vt 0.579657 0.731884
vt 0.576746 0.750000
vt 0.554696 0.750000
vt 0.568830 0.687500
vt 0.577616 0.686044
vt 0.638746 0.679286
vt 0.638746 0.679659
vt 0.638746 0.680627
vt 0.711122 0.736254
vt 0.638746 0.736254
vt 0.488243 0.362334
vt 0.655292 0.584793
vt 0.708113 0.708113
vt 0.483974 0.483974
vt 0.638746 0.681974
vt 0.638746 0.706322
vt 0.638746 0.688588
vt 0.566430 0.886159
vt 0.564063 0.897429
s 1
usemtl マテリアル
f 2944/3551/1029 2935/3552/1030 2974/3553/1031 2961/3554/1032 2937/3555/1032 2963/3556/1033 2981/3557/1034 2927/3558/1032
s 0
f 2975/3559/1035 2962/3560/1035 2934/3561/1035 2933/3562/1035
f 2982/3563/1036 2973/3564/1036 2972/3565/1036
f 2965/3566/1037 2938/3567/1037 2962/3568/1037 2975/3569/1037 2964/3570/1037
f 2979/3571/1038 2977/3572/1038 2976/3573/1038
f 2976/3574/1039 2978/3575/1039 2968/3576/1039 2969/3577/1039 2979/3571/1039
f 2947/3578/1040 2946/3579/1040 2977/3580/1040 2979/3581/1040
f 2946/3582/1041 2947/3583/1041 2966/3584/1041
s 1
f 2956/3585/1042 2952/3585/1043 2953/3586/1044 2930/3587/1045 2957/3588/1046
f 2955/3589/1047 2954/3590/1048 2952/3585/1043 2956/3591/1042
f 2960/3592/1049 2932/3592/1050 2929/3593/1051 2935/3594/1030
f 2929/3593/1051 2936/3595/1052 2974/3596/1031 2935/3597/1030
f 2958/3598/1053 2928/3598/1054 2931/3599/1055 2959/3599/1056
f 2970/3600/1057 2959/3601/1056 2960/3602/1049 2971/3603/1058
f 2959/3599/1056 2931/3599/1055 2932/3592/1050 2960/3592/1049
f 2930/3587/1045 2928/3598/1054 2958/3604/1053 2957/3587/1046
f 2958/3605/1053 2948/3606/1059 2949/3607/1060 2953/3608/1044 2957/3609/1046
f 2957/3610/1046 2953/3608/1044 2954/3611/1048 2956/3612/1042
f 2935/3613/1030 2944/3614/1029 2943/3615/1061 2971/3616/1058 2960/3617/1049
f 2963/3618/1033 2967/3619/1062 2981/3557/1034
f 2980/3620/1063 2940/3621/1064 2939/3622/1065
f 2928/3598/1054 2930/3587/1045 2953/3586/1044 2949/3623/1060 2948/3598/1059
f 2942/3624/1066 2932/3592/1050 2931/3599/1055 2970/3599/1057
s 0
f 2950/3625/1067 2951/3626/1067 2968/3627/1067 2978/3628/1067
s 1
f 2970/3599/1057 2931/3599/1055 2928/3598/1054 2948/3598/1059
f 2939/3622/1065 2936/3629/1052 2929/3593/1051 2945/3630/1068 2941/3631/1069 2980/3622/1063
f 2945/3597/1068 2929/3593/1051 2932/3592/1050 2942/3624/1066
f 2948/3606/1059 2958/3605/1053 2959/3601/1056 2970/3600/1057
f 2954/3632/1048 2955/3633/1047 2956/3612/1042
o 立方体.002_cell.052
v 0.016050 -0.092794 -0.010958
v 0.026288 -0.066205 -0.031751
v 0.032595 -0.075936 -0.019214
v 0.029476 -0.072202 -0.021077
v 0.030539 -0.070859 -0.030539
v 0.019704 -0.071120 -0.031211
v 0.030581 -0.078057 -0.003675
v 0.030430 -0.075351 -0.013095
v 0.023479 -0.071928 -0.034395
v 0.029151 -0.085535 -0.003552
v 0.020835 -0.095519 -0.003317
v 0.012052 -0.096261 -0.008447
v 0.018142 -0.097218 -0.007807
v 0.015518 -0.094830 -0.003807
v 0.015674 -0.095138 -0.015674
v 0.012962 -0.090641 -0.016791
v 0.015354 -0.088828 -0.022496
v 0.014120 -0.076976 -0.028559
v 0.032595 -0.075936 -0.019214
v 0.029476 -0.072202 -0.021077
v 0.029151 -0.085535 -0.003552
v 0.020835 -0.095519 -0.003317
v 0.015674 -0.095138 -0.015674
v 0.015354 -0.088828 -0.022496
v 0.030539 -0.070859 -0.030539
v 0.026288 -0.066205 -0.031751
v 0.023479 -0.071928 -0.034395
v 0.019704 -0.071120 -0.031211
v 0.015518 -0.094830 -0.003807
v 0.018142 -0.097218 -0.007807
v 0.012052 -0.096261 -0.008447
v 0.012052 -0.096261 -0.008447
v 0.012052 -0.096261 -0.008447
v 0.016050 -0.092794 -0.010958
v 0.012962 -0.090641 -0.016791
v 0.014120 -0.076976 -0.028559
vn 0.7104 0.6813 0.1765
vn -0.4669 0.5493 -0.6930
vn -0.0798 0.0898 0.9928
vn -0.1548 -0.8897 0.4295
vn -0.9648 -0.1482 -0.2172
vn -0.8343 -0.3174 -0.4507
vn -0.2265 0.6432 0.7314
vn -0.6507 0.7281 0.2155
vn 0.9192 0.0036 0.3937
vn 0.4691 0.6028 0.6454
vn -0.7991 0.5940 0.0924
vn 0.6608 0.3273 0.6755
vn -0.6903 0.7012 0.1784
vn 0.8228 -0.4723 0.3160
vn 0.4517 -0.7858 -0.4224
vn -0.1879 0.1596 -0.9691
vn -0.8959 0.4095 -0.1721
vn 0.2099 -0.5485 -0.8094
vn 0.3497 -0.5706 -0.7430
vn -0.5754 0.7969 0.1841
vn -0.6633 0.6305 0.4031
vn 0.6917 -0.6696 -0.2705
vn 0.6833 -0.5730 -0.4526
vn 0.6549 -0.3789 -0.6539
vn 0.6827 -0.6652 -0.3024
vn -0.1834 -0.8924 0.4123
vt 0.241453 0.000000
vt 0.285873 0.026467
vt 0.103889 0.059051
vt 0.869014 0.543858
vt 0.949504 0.609305
vt 0.845814 0.845814
vt 1.000000 0.000000
vt 1.000000 0.112006
vt 0.466572 0.466572
vt 0.090625 0.072027
vt 0.112006 0.112006
vt 0.048318 0.000000
vt 0.125978 0.025522
vt 0.226008 0.013998
vt 0.315141 0.000000
vt 0.495438 0.019174
vt 0.228270 0.058469
vt 1.000000 0.870004
vt 0.600798 0.600798
vt 0.461810 0.416872
vt 0.657957 0.513746
vt 0.638746 0.513746
vt 0.644109 0.513746
vt 0.655825 0.513746
vt 0.666559 0.513746
vt 0.638746 0.597186
vt 0.638746 0.603237
vt 0.638746 0.608302
vt 0.638746 0.541559
vt 0.638746 0.569373
vt 0.638746 0.569373
vt 0.671769 0.513746
vt 0.686782 0.513746
vt 0.556494 0.454589
vt 0.558217 0.468750
vt 0.550129 0.458985
vt 0.555431 0.445145
vt 0.666559 0.569373
vt 0.638746 0.538273
vt 0.558826 0.500000
vt 0.545012 0.500000
vt 0.548602 0.468750
vt 0.559782 0.479388
vt 0.560433 0.484108
vt 0.544560 0.593750
vt 0.553241 0.607160
vt 0.550475 0.606658
vt 0.544794 0.601065
vt 0.556527 0.531250
vt 0.543197 0.524113
vt 0.545012 0.500000
vt 0.558826 0.500000
vt 0.555936 0.542111
vt 0.554883 0.562500
vt 0.543829 0.562500
vt 0.543286 0.531250
vt 0.236208 0.001535
vt 0.885824 0.070826
vt 0.371463 0.058405
vt 0.554883 0.562500
vt 0.553586 0.593750
s 0
usemtl マテリアル
f 3002/3634/1070 3001/3635/1070 2987/3636/1070
f 2991/3637/1071 2988/3638/1071 2984/3639/1071
f 3011/3640/1072 3004/3641/1072 3003/3642/1072
f 3012/3643/1073 3004/3644/1073 3011/3645/1073
f 3015/3646/1074 3016/3647/1074 3017/3648/1074 3006/3649/1074 3005/3650/1074
f 3000/3651/1075 3006/3652/1075 3017/3653/1075
s 1
f 2998/3654/1076 2983/3655/1077 3007/3656/1078 3008/3657/1079 3010/3658/1080
f 2989/3659/1081 2996/3660/1082 2992/3661/1083
f 2985/3662/1084 2983/3662/1077 2996/3663/1082 2990/3664/1085
f 3010/3665/1080 3018/3666/1086 2998/3658/1076
f 2990/3664/1085 2996/3659/1082 2989/3659/1081
f 3010/3667/1080 3009/3668/1087 2999/3669/1088 3018/3670/1086
f 2983/3662/1077 3013/3671/1089 2996/3663/1082
f 3007/3655/1078 2983/3662/1077 2985/3662/1084 2986/3672/1090
f 3007/3673/1078 2997/3674/1091 2999/3675/1088 3009/3676/1087 3008/3677/1079
f 2995/3678/1092 2989/3679/1081 2992/3680/1083 2993/3681/1093
f 2985/3682/1084 3014/3683/1094 2997/3684/1091 3007/3685/1078
f 2985/3686/1084 2990/3687/1085 2995/3688/1092 3014/3689/1094
s 0
f 3011/3690/1095 2994/3691/1095 3012/3692/1095
s 1
f 2990/3693/1085 2989/3694/1081 2995/3688/1092
o 立方体.002_cell.053
v 0.053795 -0.263524 0.023149
v 0.049245 -0.259315 0.033623
v 0.038774 -0.263524 0.030522
v 0.036520 -0.256547 0.029955
v 0.046959 -0.263524 0.036887
v 0.057164 -0.263524 0.012431
v 0.055007 -0.258820 0.011991
v 0.045864 -0.263524 0.022705
v 0.052899 -0.263524 0.015591
v 0.050670 -0.258127 0.015572
v 0.046147 -0.257442 0.019858
v 0.057164 -0.263524 0.012431
v 0.055007 -0.258820 0.011991
v 0.038774 -0.263524 0.030522
v 0.046959 -0.263524 0.036887
v 0.036520 -0.256547 0.029955
v 0.045864 -0.263524 0.022705
v 0.052899 -0.263524 0.015591
v 0.050670 -0.258127 0.015572
v 0.046147 -0.257442 0.019858
vn -0.6085 -0.1330 0.7824
vn -0.5623 -0.3287 -0.7588
vn -0.7094 -0.2766 -0.6482
vn -0.6818 -0.2839 -0.6742
vn -0.6386 -0.2663 -0.7220
vn 0.5945 0.5969 0.5387
vn 0.3915 -0.4379 0.8093
vn 0.8606 -0.3598 0.3604
vn 0.4886 0.8569 0.1644
vn 0.2820 0.9230 0.2618
vn 0.6205 0.6985 0.3565
vn 0.8048 0.3721 0.4624
vn -0.0000 -1.0000 -0.0000
vt 0.146697 0.068776
vt 0.103236 0.000000
vt 0.213942 0.000000
vt 0.658731 0.000000
vt 0.606582 0.004875
vt 0.601706 0.000000
vt 1.000000 0.378694
vt 0.315000 0.315000
vt 0.404253 0.236416
vt 1.000000 0.300292
vt 0.378217 0.000000
vt 0.378694 0.378694
vt 0.302320 0.228266
vt 0.310614 0.000000
vt 0.378217 0.378217
vt 0.310614 0.310614
vt 1.000000 0.341269
vt 0.375000 0.718750
vt 0.375000 0.687500
vt 0.392102 0.693475
vt 0.397766 0.718750
vt 0.398179 0.733486
vt 0.375000 0.731428
vt 0.384947 0.670607
vt 0.390685 0.687500
vt 0.375000 0.657422
vt 0.379146 0.657590
vt 0.375000 0.687500
vt 0.375000 0.729852
vt 0.342624 0.696989
vt 0.354328 0.682354
vt 0.373592 0.656988
vt 0.375000 0.657440
s 0
usemtl マテリアル
f 3033/3695/1096 3034/3696/1096 3032/3697/1096
f 3031/3698/1097 3030/3699/1097 3036/3700/1097
f 3035/3701/1098 3032/3702/1098 3034/3703/1098 3038/3704/1098
f 3036/3705/1099 3035/3706/1099 3038/3707/1099 3037/3708/1099
f 3036/3709/1100 3037/3710/1100 3031/3711/1100
s 1
f 3020/3712/1101 3023/3712/1102 3019/3713/1103
f 3029/3714/1104 3022/3715/1105 3020/3712/1101 3019/3713/1103
f 3022/3716/1105 3023/3717/1102 3020/3712/1101
f 3028/3718/1106 3029/3719/1104 3019/3713/1103 3024/3720/1107 3025/3721/1106
f 3019/3722/1103 3023/3723/1102 3021/3724/1108 3026/3725/1108 3027/3726/1108 3024/3727/1107
o 立方体.002_cell.054
v -0.045229 -0.007017 0.076233
v -0.034757 -0.007270 0.080770
v -0.036441 -0.010688 0.084684
v -0.018115 -0.006741 0.086728
v -0.019017 -0.010012 0.090760
v -0.010489 -0.008806 0.092558
v -0.010035 -0.005639 0.088486
v -0.057185 -0.021383 0.063386
v -0.039623 -0.030727 0.057798
v -0.034758 -0.015775 0.080772
v -0.013886 -0.032367 0.066462
v -0.017399 -0.019438 0.083041
v -0.009043 -0.024372 0.079700
v -0.007312 -0.035936 0.064271
v -0.027524 -0.030002 0.063962
v -0.047734 -0.010520 0.079923
v -0.063743 -0.015790 0.064612
v -0.061353 -0.011371 0.061522
v -0.052115 -0.012366 0.076332
v -0.049894 -0.008069 0.073178
v -0.055974 -0.020318 0.056418
v -0.045702 -0.034907 0.049187
v -0.019017 -0.010012 0.090760
v -0.010489 -0.008806 0.092558
v -0.018115 -0.006741 0.086728
v -0.010035 -0.005639 0.088486
v -0.034757 -0.007270 0.080770
v -0.045229 -0.007017 0.076233
v -0.036441 -0.010688 0.084684
v -0.013886 -0.032367 0.066462
v -0.027524 -0.030002 0.063962
v -0.007312 -0.035936 0.064271
v -0.017399 -0.019438 0.083041
v -0.009043 -0.024372 0.079700
v -0.034758 -0.015775 0.080772
v -0.061353 -0.011371 0.061522
v -0.049894 -0.008069 0.073178
v -0.063743 -0.015790 0.064612
v -0.052115 -0.012366 0.076332
v -0.052115 -0.012366 0.076332
v -0.052115 -0.012366 0.076332
v -0.047734 -0.010520 0.079923
v -0.039623 -0.030727 0.057798
v -0.045702 -0.034907 0.049187
v -0.057185 -0.021383 0.063386
v -0.055974 -0.020318 0.056418
vn -0.2329 0.7799 0.5809
vn -0.2486 -0.7812 0.5726
vn 0.9938 0.0005 0.1112
vn -0.4570 0.7790 0.4293
vn -0.6286 0.6444 0.4354
vn -0.7419 -0.0653 -0.6674
vn -0.7926 -0.5670 -0.2243
vn -0.2446 -0.7932 0.5577
vn -0.0712 -0.6392 0.7657
vn -0.1460 -0.6417 0.7530
vn -0.1307 -0.6414 0.7559
vn -0.2690 -0.6414 0.7185
vn -0.2619 -0.6412 0.7213
vn -0.4368 -0.6489 0.6230
vn 0.0826 0.6266 -0.7749
vn 0.1458 0.6284 -0.7641
vn 0.1586 0.6284 -0.7615
vn -0.3060 -0.6418 0.7031
vn 0.4553 0.6318 -0.6273
vn 0.3809 0.6311 -0.6758
vn 0.3990 0.6317 -0.6646
vn 0.2845 0.6271 -0.7252
vn 0.2820 0.6270 -0.7262
vn 0.3229 0.6272 -0.7088
vt 0.958390 0.958390
vt 0.914745 0.914745
vt 0.932756 0.718577
vt 0.945971 0.283871
vt 0.946236 0.000000
vt 0.995121 0.000000
vt 0.993487 0.299088
vt 0.977989 0.752094
vt 0.889269 0.352772
vt 1.000000 0.350686
vt 1.000000 0.662118
vt 0.860350 0.676400
vt 0.552142 0.513299
vt 0.265809 0.261913
vt 0.125566 0.000000
vt 0.424035 0.003950
vt 0.645708 0.209600
vt 1.000000 0.914745
vt 1.000000 0.958390
vt 0.662118 0.662118
vt 0.350686 0.350686
vt 1.000000 0.004878
vt 1.000000 0.053764
vt 0.894467 0.000000
vt 0.836081 0.000000
vt 0.955785 0.000000
vt 0.993456 0.734479
vt 0.988551 0.988551
vt 0.875680 0.726689
vt 0.963282 0.963282
vt 0.863964 0.863964
vt 1.000000 0.815005
vt 1.000000 0.855776
vt 0.935357 0.935357
vt 0.770969 0.770969
vt 1.000000 0.515516
vt 1.000000 0.578111
vt 0.855776 0.855776
vt 0.515516 0.515516
vt 0.594130 0.892057
vt 0.593444 0.906250
vt 0.588081 0.906250
vt 0.585274 0.892099
vt 0.588081 0.906250
vt 0.593444 0.906250
vt 0.593060 0.937500
vt 0.590165 0.937500
vt 0.586975 0.991375
vt 0.592105 0.968750
vt 0.588373 0.998618
vt 0.765253 0.736254
vt 0.765288 0.736254
vt 0.777814 0.736254
vt 0.590165 0.937500
vt 0.593060 0.937500
vt 0.593155 0.958827
vt 0.589992 0.968750
vt 0.855715 0.736254
vt 0.860677 0.736254
vt 0.861048 0.736254
vt 0.833441 0.736254
vt 0.833817 0.736254
vt 0.805627 0.736254
vt 0.833441 0.736254
vt 0.827326 0.736254
vt 0.824258 0.736254
s 0
usemtl マテリアル
f 3062/3728/1109 3064/3729/1109 3063/3730/1109 3065/3731/1109 3066/3732/1109 3080/3733/1109 3067/3734/1109 3061/3735/1109
f 3068/3736/1110 3070/3737/1110 3072/3738/1110 3071/3739/1110 3073/3740/1110 3078/3741/1110 3083/3742/1110 3081/3743/1110 3069/3744/1110
f 3064/3745/1111 3062/3746/1111 3072/3747/1111 3070/3748/1111
f 3080/3749/1112 3066/3750/1112 3075/3751/1112
f 3074/3752/1113 3076/3753/1113 3077/3754/1113 3080/3755/1113 3075/3756/1113
f 3076/3757/1114 3074/3758/1114 3084/3759/1114
f 3083/3760/1115 3076/3761/1115 3084/3762/1115 3082/3763/1115
f 3081/3764/1116 3083/3765/1116 3082/3766/1116
s 1
f 3044/3767/1117 3043/3768/1118 3050/3769/1119 3051/3770/1117
f 3050/3771/1119 3043/3772/1118 3041/3773/1120 3048/3774/1121
f 3046/3775/1122 3057/3776/1122 3055/3777/1122
f 3045/3778/1123 3052/3779/1123 3049/3780/1124 3042/3780/1125
f 3048/3781/1121 3041/3782/1120 3054/3783/1126 3079/3784/1126
f 3060/3785/1127 3059/3786/1127 3056/3787/1127 3058/3788/1128 3047/3789/1129
f 3040/3790/1130 3053/3790/1131 3047/3791/1129 3058/3792/1128 3039/3793/1132
f 3042/3780/1125 3049/3780/1124 3053/3790/1131 3040/3790/1130
o 立方体.002_cell.055
v 0.051503 0.045361 -0.119686
v 0.078414 0.016208 -0.087648
v 0.077273 0.019659 -0.081214
v 0.068133 0.031618 -0.099938
v 0.056871 0.045452 -0.127051
v 0.070697 0.026285 -0.103546
v 0.058242 0.045361 -0.116608
v 0.029426 0.006781 -0.094409
v 0.032772 0.004538 -0.099132
v 0.043417 0.045361 -0.122376
v 0.048366 0.045452 -0.129947
v 0.082892 0.010484 -0.076698
v 0.081628 0.013843 -0.068651
v 0.081386 0.012192 -0.081386
v 0.029773 -0.003393 -0.093152
v 0.026930 -0.000157 -0.089370
v 0.027896 -0.008653 -0.089149
v 0.027188 -0.005498 -0.084769
v 0.071152 0.001014 -0.076919
v 0.076328 0.003930 -0.076328
v 0.067589 0.003905 -0.072381
v 0.035184 -0.005929 -0.081762
v 0.043864 -0.009429 -0.082602
v 0.041765 -0.005914 -0.078788
v 0.036872 -0.009387 -0.085685
v 0.052181 -0.003092 -0.076534
v 0.054979 -0.006409 -0.080526
v 0.062323 0.001002 -0.073288
v 0.063065 -0.003292 -0.078101
v 0.078414 0.016208 -0.087648
v 0.070697 0.026285 -0.103546
v 0.056871 0.045452 -0.127051
v 0.056871 0.045452 -0.127051
v 0.058242 0.045361 -0.116608
v 0.058242 0.045361 -0.116608
v 0.068133 0.031618 -0.099938
v 0.077273 0.019659 -0.081214
v 0.029426 0.006781 -0.094409
v 0.043417 0.045361 -0.122376
v 0.043417 0.045361 -0.122376
v 0.048366 0.045452 -0.129947
v 0.048366 0.045452 -0.129947
v 0.032772 0.004538 -0.099132
v 0.082892 0.010484 -0.076698
v 0.081386 0.012192 -0.081386
v 0.026930 -0.000157 -0.089370
v 0.029773 -0.003393 -0.093152
v 0.027896 -0.008653 -0.089149
v 0.071152 0.001014 -0.076919
v 0.076328 0.003930 -0.076328
v 0.043864 -0.009429 -0.082602
v 0.036872 -0.009387 -0.085685
v 0.035184 -0.005929 -0.081762
v 0.041765 -0.005914 -0.078788
v 0.027188 -0.005498 -0.084769
v 0.052181 -0.003092 -0.076534
v 0.062323 0.001002 -0.073288
v 0.054979 -0.006409 -0.080526
v 0.063065 -0.003292 -0.078101
v 0.067589 0.003905 -0.072381
v 0.051503 0.045361 -0.119686
v 0.081628 0.013843 -0.068651
vn 0.8649 0.4899 -0.1093
vn -0.8329 -0.0934 -0.5455
vn 0.8680 0.4889 -0.0868
vn -0.8332 -0.0957 -0.5446
vn -0.9407 -0.1153 -0.3191
vn 0.0461 -0.7218 0.6905
vn 0.4325 -0.6847 0.5866
vn -0.2618 -0.7842 0.5626
vn 0.0806 -0.7382 0.6697
vn 0.2732 -0.6979 0.6620
vn -0.0037 0.9999 0.0096
vn -0.0042 0.9999 0.0093
vn -0.0033 0.9999 0.0099
vn -0.3601 0.6297 0.6883
vn -0.3715 0.6304 0.6816
vn -0.4561 0.6319 0.6266
vn -0.4893 0.6357 0.5971
vn -0.4990 0.6366 0.5880
vn -0.5851 0.6394 0.4988
vn 0.2614 -0.6408 -0.7218
vn 0.2723 -0.6413 -0.7174
vn 0.2389 -0.6397 -0.7305
vn -0.3233 0.6268 0.7089
vn -0.2852 0.6268 0.7251
vn -0.2850 0.6268 0.7252
vn -0.2456 0.6257 0.7404
vn 0.4997 -0.6538 -0.5683
vn 0.4712 -0.6520 -0.5940
vn 0.4367 -0.6488 -0.6232
vn 0.3528 -0.6461 -0.6768
vn 0.3420 -0.6453 -0.6831
vn 0.3057 -0.6420 -0.7031
vn 0.6232 -0.6489 -0.4366
vt 0.531081 0.231799
vt 0.869846 0.627709
vt 0.767219 0.556792
vt 0.526123 0.274156
vt 0.275068 0.000000
vt 0.318371 0.000000
vt 0.761886 0.000000
vt 0.815234 0.614396
vt 0.774026 0.658063
vt 0.723816 0.000000
vt 0.933402 0.742829
vt 0.791533 0.791533
vt 0.755128 0.755128
vt 0.844282 0.723649
vt 1.000000 0.681629
vt 0.802809 0.000000
vt 1.000000 0.238114
vt 1.000000 0.276184
vt 0.772382 0.000000
vt 0.772383 0.772383
vt 1.000000 0.058715
vt 1.000000 0.181947
vt 0.802809 0.802809
vt 0.196726 0.000000
vt 0.123907 0.123907
vt 0.057821 0.000000
vt 1.000000 0.929072
vt 1.000000 0.973383
vt 0.160633 0.000000
vt 0.194842 0.000000
vt 0.520526 0.371429
vt 0.547348 0.018418
vt 1.000000 0.020531
vt 1.000000 0.068860
vt 0.571869 0.066116
vt 0.069057 0.069057
vt 0.022260 0.022260
vt 1.000000 0.585224
vt 0.196726 0.196726
vt 0.057821 0.057821
vt 0.560597 0.285026
vt 1.000000 0.500092
vt 1.000000 0.837920
vt 0.585224 0.585224
vt 0.500092 0.500092
vt 1.000000 0.803666
vt 0.687500 0.500000
vt 0.694373 0.513746
vt 0.686204 0.513746
vt 0.703445 0.513746
vt 0.695351 0.500000
vt 0.666559 0.513746
vt 0.650820 0.513746
vt 0.638746 0.513746
vt 0.642437 0.513746
vt 0.638746 0.523214
vt 0.625000 0.437500
vt 0.593800 0.437500
vt 0.594217 0.421377
vt 0.597210 0.422323
vt 0.601722 0.423846
vt 0.625000 0.429649
vt 0.686204 0.513746
vt 0.694373 0.513746
vt 0.677169 0.513746
vt 0.694373 0.513746
vt 0.708807 0.513746
vt 0.710116 0.513746
vt 0.707683 0.513746
vt 0.606077 0.500000
vt 0.601376 0.500000
vt 0.599196 0.491090
vt 0.597267 0.482148
vt 0.595494 0.468750
vt 0.614095 0.468750
vt 0.608362 0.490661
vt 0.625000 0.439825
vt 0.614095 0.468750
vt 0.593775 0.450684
vt 0.593800 0.437500
vt 0.604446 0.510058
vt 0.601376 0.500000
vt 0.606077 0.500000
s 0
usemtl マテリアル
f 3115/3794/1133 3116/3795/1133 3118/3796/1133 3120/3797/1133 3121/3798/1133 3114/3799/1133
f 3122/3800/1134 3123/3801/1134 3125/3802/1134 3127/3803/1134
f 3121/3804/1135 3146/3805/1135 3128/3806/1135 3129/3807/1135 3114/3808/1135
f 3130/3809/1136 3122/3810/1136 3127/3811/1136 3131/3812/1136
f 3131/3813/1137 3132/3814/1137 3139/3815/1137 3130/3816/1137
f 3140/3817/1138 3138/3818/1138 3135/3819/1138
f 3128/3820/1139 3146/3821/1139 3144/3822/1139 3133/3823/1139 3134/3824/1139
f 3136/3825/1140 3135/3826/1140 3138/3827/1140 3137/3828/1140 3139/3829/1140 3132/3830/1140
f 3141/3831/1141 3140/3832/1141 3135/3833/1141 3142/3834/1141 3143/3835/1141
f 3144/3836/1142 3141/3837/1142 3143/3838/1142 3133/3839/1142
s 1
f 3117/3840/1143 3145/3841/1143 3119/3842/1144
f 3124/3843/1145 3145/3841/1143 3117/3840/1143 3126/3844/1145
f 3088/3845/1146 3110/3845/1147 3112/3846/1148 3105/3847/1149 3087/3848/1150
f 3097/3849/1151 3087/3847/1150 3105/3847/1149
f 3089/3850/1152 3109/3851/1153 3101/3852/1154 3099/3853/1154 3093/3854/1154 3095/3855/1154
f 3091/3856/1155 3085/3841/1156 3106/3857/1157 3108/3858/1155 3110/3845/1147 3088/3845/1146
f 3106/3859/1157 3085/3841/1156 3094/3843/1158 3092/3860/1158 3100/3861/1158 3102/3862/1158
f 3098/3863/1159 3104/3864/1160 3103/3865/1161 3113/3866/1161 3111/3867/1162 3090/3868/1163 3086/3869/1161
f 3089/3870/1152 3090/3871/1163 3111/3867/1162 3107/3872/1164 3109/3873/1153
f 3096/3874/1165 3104/3875/1160 3098/3876/1159
o 立方体.002_cell.056
v -0.000000 0.045452 -0.138820
v -0.000000 0.045361 -0.130852
v -0.055019 0.045452 -0.127856
v -0.051503 0.045361 -0.119686
v -0.028536 0.045452 -0.136179
v -0.026713 0.045361 -0.127932
v 0.012141 0.041846 -0.126680
v 0.015779 0.045361 -0.129127
v 0.019306 0.045452 -0.137033
v 0.012688 0.039167 -0.132399
v -0.012799 0.029197 -0.116371
v -0.000000 0.035178 -0.122611
v -0.014762 0.025418 -0.120730
v -0.000000 0.032342 -0.127879
v -0.048594 0.026037 -0.112926
v -0.063839 0.032007 -0.102243
v -0.046617 0.030004 -0.108331
v -0.023957 0.028661 -0.114725
v -0.025001 0.024854 -0.119311
v -0.069755 0.028427 -0.105911
v -0.071282 0.038471 -0.104558
v -0.078250 0.045452 -0.117763
v -0.073870 0.045361 -0.109468
v 0.019306 0.045452 -0.137033
v 0.019306 0.045452 -0.137033
v 0.012688 0.039167 -0.132399
v 0.015779 0.045361 -0.129127
v 0.015779 0.045361 -0.129127
v 0.012141 0.041846 -0.126680
v -0.000000 0.035178 -0.122611
v -0.012799 0.029197 -0.116371
v -0.014762 0.025418 -0.120730
v -0.000000 0.032342 -0.127879
v -0.048594 0.026037 -0.112926
v -0.069755 0.028427 -0.105911
v -0.078250 0.045452 -0.117763
v -0.078250 0.045452 -0.117763
v -0.063839 0.032007 -0.102243
v -0.046617 0.030004 -0.108331
v -0.025001 0.024854 -0.119311
v -0.023957 0.028661 -0.114725
v -0.073870 0.045361 -0.109468
v -0.073870 0.045361 -0.109468
v -0.071282 0.038471 -0.104558
v -0.000000 0.045452 -0.138820
v -0.000000 0.045361 -0.130852
v -0.055019 0.045452 -0.127856
v -0.028536 0.045452 -0.136179
v -0.051503 0.045361 -0.119686
v -0.026713 0.045361 -0.127932
vn 0.7614 -0.5560 0.3333
vn 0.5405 -0.7408 0.3987
vn -0.9039 -0.1343 0.4060
vn -0.4346 -0.1847 0.8815
vn -0.0000 0.9999 0.0111
vn -0.0011 0.9999 0.0112
vn -0.3056 -0.6420 -0.7032
vn -0.2690 -0.6415 -0.7184
vn -0.2650 -0.6414 -0.7200
vn -0.1515 -0.6417 -0.7519
vn -0.0000 -0.6408 -0.7677
vn -0.0260 -0.6406 -0.7674
vn -0.0709 -0.6392 -0.7658
vn -0.1511 -0.6417 -0.7519
vn 0.0036 0.9999 0.0096
vn 0.0022 0.9999 0.0106
vn 0.0022 0.9999 0.0105
vn 0.0037 0.9999 0.0095
vn 0.0041 1.0000 0.0091
vn 0.0709 -0.6392 -0.7658
vn 0.1659 0.6284 0.7600
vn 0.1656 0.6284 0.7600
vn 0.2856 0.6269 0.7249
vn 0.2820 0.6268 0.7264
vn -0.0847 0.6269 0.7745
vn -0.0001 0.6291 0.7773
vn 0.0309 0.6288 0.7770
vn 0.3237 0.6268 0.7088
vn 0.0846 0.6268 0.7746
vn 0.1237 -0.7809 0.6123
vt 0.516733 0.000000
vt 0.687886 0.236062
vt 0.560824 0.130133
vt 0.467400 0.000000
vt 0.467400 0.467400
vt 0.432092 0.246623
vt 0.378054 0.000000
vt 0.415618 0.000000
vt 0.477524 0.284099
vt 0.516733 0.516733
vt 0.404589 0.170973
vt 0.231726 0.000000
vt 0.321024 0.031257
vt 0.403350 0.111202
vt 0.710843 0.000000
vt 1.000000 0.200952
vt 1.000000 0.249607
vt 0.750000 0.500000
vt 0.750000 0.513746
vt 0.733571 0.513746
vt 0.728858 0.500000
vt 0.625000 0.283336
vt 0.625000 0.312500
vt 0.613954 0.312500
vt 0.616769 0.281762
vt 0.625000 0.343750
vt 0.625000 0.375000
vt 0.617542 0.375000
vt 0.613602 0.356606
vt 0.613281 0.343750
vt 0.613954 0.312500
vt 0.805627 0.513746
vt 0.777814 0.513746
vt 0.781250 0.500000
vt 0.812500 0.500000
vt 0.832740 0.513746
vt 0.841664 0.500000
vt 0.625000 0.396142
vt 0.621424 0.389457
vt 0.777814 0.513746
vt 0.805627 0.513746
vt 0.737070 0.513746
vt 0.733571 0.513746
vt 0.750000 0.513746
vt 0.827531 0.513746
vt 0.805627 0.513746
vt 0.833441 0.513746
vt 0.764803 0.513746
vt 0.718888 0.486664
vt 0.415618 0.415618
vt 0.378054 0.378054
vt 0.708981 0.454960
vt 0.490805 0.297327
vt 0.451638 0.000000
vt 0.480659 0.000000
vt 0.519909 0.308321
s 0
usemtl マテリアル
f 3172/3877/1166 3170/3878/1166 3173/3879/1166 3175/3880/1166
f 3175/3881/1167 3176/3882/1167 3177/3883/1167 3178/3884/1167 3179/3885/1167 3172/3886/1167
f 3182/3887/1168 3166/3888/1168 3190/3889/1168 3188/3890/1168
f 3190/3891/1169 3166/3892/1169 3184/3893/1169
s 1
f 3191/3894/1170 3192/3895/1170 3174/3896/1171 3171/3897/1171
f 3183/3898/1172 3193/3899/1173 3180/3900/1174 3181/3901/1172
f 3194/3902/1175 3147/3903/1176 3160/3904/1177 3159/3905/1178 3186/3906/1179
f 3193/3899/1173 3194/3902/1175 3186/3906/1179 3180/3907/1174
f 3195/3908/1180 3196/3909/1181 3151/3910/1182 3149/3911/1183
f 3189/3912/1184 3195/3908/1180 3149/3911/1183 3168/3913/1184
f 3196/3909/1181 3192/3895/1170 3191/3894/1170 3151/3910/1182
f 3160/3904/1177 3147/3903/1176 3155/3914/1185 3156/3915/1185
f 3187/3916/1186 3152/3909/1187 3150/3908/1188 3185/3917/1189
f 3153/3918/1190 3154/3919/1190 3148/3895/1191 3158/3920/1192
f 3162/3921/1193 3185/3922/1189 3150/3908/1188 3169/3912/1193 3167/3923/1193
f 3158/3920/1192 3148/3895/1191 3152/3909/1187 3187/3916/1186 3157/3924/1194
s 0
f 3165/3925/1195 3178/3926/1195 3177/3927/1195 3164/3928/1195 3163/3929/1195 3184/3930/1195 3166/3931/1195 3161/3932/1195
o 立方体.002_cell.057
v -0.005432 -0.126392 -0.004394
v -0.013913 -0.101018 -0.009493
v -0.024268 -0.083121 -0.021274
v -0.010524 -0.116294 -0.011054
v -0.012133 -0.127884 -0.006112
v -0.014511 -0.105763 -0.006841
v -0.019564 -0.094951 -0.009281
v -0.022092 -0.089402 -0.015078
v -0.017476 -0.090679 -0.011930
v -0.015286 -0.094062 -0.017069
v -0.020799 -0.086767 -0.020799
v -0.011237 -0.106893 -0.011853
v -0.019564 -0.094951 -0.009281
v -0.022092 -0.089402 -0.015078
v -0.022092 -0.089402 -0.015078
v -0.024268 -0.083121 -0.021274
v -0.024268 -0.083121 -0.021274
v -0.015286 -0.094062 -0.017069
v -0.020799 -0.086767 -0.020799
v -0.010524 -0.116294 -0.011054
v -0.011237 -0.106893 -0.011853
v -0.012133 -0.127884 -0.006112
v -0.014511 -0.105763 -0.006841
v -0.013913 -0.101018 -0.009493
vn 0.3110 -0.4090 -0.8579
vn -0.3860 0.5766 0.7201
vn -0.3129 0.6143 0.7244
vn 0.6217 0.6486 0.4392
vn 0.5911 0.6736 0.4438
vn 0.8016 0.0100 -0.5977
vn 0.7309 0.4265 0.5328
vn -0.2494 0.0051 0.9684
vn 0.5632 0.5647 0.6033
vn 0.9369 0.0685 -0.3429
vn -0.6946 -0.4771 -0.5384
vn -0.8366 -0.1196 -0.5346
vn -0.8755 -0.2005 -0.4398
vn -0.8115 -0.1217 -0.5715
vn -0.6225 -0.6378 -0.4535
vn -0.6241 -0.5623 -0.5425
vn -0.6131 -0.6511 -0.4474
vn -0.5348 -0.6685 -0.5168
vn -0.6215 -0.6487 -0.4392
vt 1.000000 0.000000
vt 1.000000 0.078043
vt 0.737101 0.000000
vt 0.000000 0.000000
vt 1.000000 0.016075
vt 0.539274 0.073171
vt 1.000000 1.000000
vt 0.167110 0.026813
vt 0.442447 0.000000
vt 1.000000 0.942506
vt 0.289979 0.289979
vt 1.000000 0.028892
vt 1.000000 0.262899
vt 0.393477 0.000000
vt 0.292352 0.085043
vt 0.393477 0.393477
vt 1.000000 0.020843
vt 0.575420 0.011300
vt 0.541667 0.218750
vt 0.521815 0.196818
vt 0.541667 0.194130
vt 0.530047 0.254180
vt 0.521754 0.250000
vt 0.539109 0.250000
vt 0.537198 0.254544
vt 0.548275 0.218750
vt 0.545118 0.193368
vt 0.542801 0.250000
vt 0.549775 0.250000
vt 0.545032 0.258735
vt 0.548275 0.218750
vt 0.551848 0.238924
s 0
usemtl マテリアル
f 3197/3933/1196 3218/3934/1196 3216/3935/1196
f 3209/3936/1197 3213/3937/1197 3210/3938/1197
f 3211/3933/1198 3213/3939/1198 3209/3940/1198 3205/3941/1198
f 3215/3942/1199 3212/3939/1199 3211/3936/1199
f 3215/3943/1200 3211/3936/1200 3214/3944/1200
f 3197/3933/1201 3216/3945/1201 3217/3946/1201
f 3198/3947/1202 3214/3936/1202 3219/3933/1202 3197/3939/1202 3217/3948/1202
f 3218/3949/1203 3197/3939/1203 3219/3936/1203
f 3219/3939/1204 3214/3936/1204 3211/3933/1204
f 3209/3933/1205 3219/3939/1205 3211/3936/1205 3205/3950/1205
s 1
f 3220/3951/1206 3201/3952/1207 3202/3953/1208
f 3200/3954/1209 3201/3955/1207 3220/3956/1206 3208/3957/1209
f 3204/3958/1210 3220/3951/1206 3202/3953/1208 3203/3959/1211
f 3220/3960/1206 3207/3961/1212 3206/3962/1213
f 3220/3951/1206 3204/3963/1210 3199/3964/1214 3207/3961/1212
o 立方体.002_cell.058
v 0.055019 0.045452 0.127856
v 0.051503 0.045361 0.119686
v 0.028536 0.045452 0.136179
v 0.026713 0.045361 0.127932
v 0.063760 0.026956 0.107172
v 0.063271 0.031718 0.102247
v 0.044514 0.025238 0.105002
v 0.065206 0.039786 0.118258
v 0.065604 0.045452 0.123257
v 0.064750 0.045361 0.113634
v 0.063944 0.037238 0.106820
v 0.064356 0.031710 0.111254
v 0.008083 0.045361 0.129969
v 0.025062 0.035354 0.120018
v 0.004060 0.045452 0.138444
v 0.047093 0.021501 0.109438
v 0.026286 0.032343 0.125444
v 0.065604 0.045452 0.123257
v 0.065604 0.045452 0.123257
v 0.064750 0.045361 0.113634
v 0.064750 0.045361 0.113634
v 0.065206 0.039786 0.118258
v 0.064356 0.031710 0.111254
v 0.063760 0.026956 0.107172
v 0.063271 0.031718 0.102247
v 0.063944 0.037238 0.106820
v 0.008083 0.045361 0.129969
v 0.008083 0.045361 0.129969
v 0.004060 0.045452 0.138444
v 0.004060 0.045452 0.138444
v 0.025062 0.035354 0.120018
v 0.044514 0.025238 0.105002
v 0.047093 0.021501 0.109438
v 0.026286 0.032343 0.125444
v 0.028536 0.045452 0.136179
v 0.026713 0.045361 0.127932
v 0.055019 0.045452 0.127856
v 0.051503 0.045361 0.119686
vn 0.1412 -0.7095 -0.6904
vn 0.9960 0.0080 -0.0885
vn 0.9942 -0.0099 -0.1075
vn 0.9926 -0.0219 -0.1197
vn -0.6035 -0.7472 -0.2784
vn -0.0022 0.9999 -0.0105
vn -0.0011 0.9999 -0.0110
vn 0.2690 -0.6415 0.7184
vn 0.3056 -0.6420 0.7032
vn -0.0041 0.9999 -0.0092
vn -0.0037 0.9999 -0.0096
vn 0.1514 -0.6417 0.7518
vn 0.1799 -0.6416 0.7457
vn 0.0709 -0.6392 0.7657
vn -0.2842 0.6273 -0.7250
vn -0.2854 0.6274 -0.7245
vn -0.3221 0.6279 -0.7085
vn -0.0847 0.6266 -0.7747
vn -0.1657 0.6283 -0.7601
vn -0.1951 0.6279 -0.7534
vt 0.509788 0.000000
vt 0.570030 0.000000
vt 1.000000 0.284452
vt 1.000000 0.322122
vt 0.592346 0.009286
vt 0.593106 0.084730
vt 0.547031 0.000000
vt 1.000000 0.431718
vt 0.587219 0.587219
vt 0.547031 0.547031
vt 1.000000 0.377814
vt 0.377814 0.377814
vt 0.429970 0.000000
vt 0.490212 0.000000
vt 0.431718 0.431718
vt 0.568503 0.250420
vt 0.761026 0.432819
vt 1.000000 0.633019
vt 0.998975 0.675145
vt 0.743642 0.460866
vt 0.491752 0.222036
vt 0.718750 0.750000
vt 0.722186 0.736254
vt 0.741584 0.736254
vt 0.745554 0.750000
vt 0.625000 0.812500
vt 0.611691 0.809575
vt 0.614476 0.791461
vt 0.617182 0.793469
vt 0.621776 0.796797
vt 0.625000 0.799211
vt 0.678315 0.736254
vt 0.694373 0.736254
vt 0.687500 0.750000
vt 0.674211 0.750000
vt 0.611374 0.812500
vt 0.625000 0.843750
vt 0.617542 0.843750
vt 0.625000 0.870554
vt 0.694373 0.736254
vt 0.678064 0.736254
vt 0.675222 0.736254
vt 0.673053 0.736254
vt 0.722186 0.736254
vt 0.695121 0.736254
s 0
usemtl マテリアル
f 3245/3965/1215 3244/3966/1215 3253/3967/1215 3252/3968/1215
f 3240/3969/1216 3238/3970/1216 3242/3971/1216
f 3246/3972/1217 3240/3973/1217 3242/3974/1217 3243/3975/1217
f 3243/3976/1218 3244/3977/1218 3245/3978/1218 3246/3979/1218
f 3247/3980/1219 3251/3981/1219 3252/3982/1219 3253/3983/1219 3254/3984/1219 3249/3985/1219
s 1
f 3255/3986/1220 3256/3987/1220 3248/3988/1221 3250/3989/1221
f 3257/3990/1222 3236/3991/1222 3225/3992/1223 3232/3993/1223 3228/3994/1223 3239/3995/1223
f 3241/3996/1224 3258/3997/1225 3221/3998/1225 3229/3999/1224
f 3236/4000/1222 3257/3990/1222 3223/4001/1226 3237/4002/1227
f 3258/3997/1225 3256/3987/1220 3255/3986/1220 3221/3998/1225
f 3237/4002/1227 3223/4001/1226 3235/4003/1228
f 3227/4004/1229 3222/3997/1230 3230/4005/1231 3231/4006/1231 3226/4007/1231
f 3233/3988/1232 3224/3987/1233 3234/4008/1234
f 3234/4008/1234 3224/3987/1233 3222/3997/1230 3227/4009/1229
o 立方体.002_cell.059
v 0.062627 -0.023716 -0.042703
v 0.091350 0.016108 -0.056910
v 0.100336 0.020455 -0.045628
v 0.095033 0.011878 -0.060019
v 0.105632 0.017095 -0.046596
v 0.083070 0.012658 -0.065028
v 0.086187 0.007272 -0.067225
v 0.084764 -0.010253 -0.037172
v 0.081182 -0.005741 -0.036827
v 0.067541 -0.032731 -0.029585
v 0.065928 -0.026513 -0.029992
v 0.050374 -0.036139 -0.042356
v 0.058693 -0.023716 -0.048124
v 0.048853 -0.046014 -0.041327
v 0.040678 -0.050687 -0.035532
v 0.057497 -0.045752 -0.025348
v 0.052342 -0.049304 -0.029723
v 0.046157 -0.048143 -0.031478
v 0.095033 0.011878 -0.060019
v 0.105632 0.017095 -0.046596
v 0.091350 0.016108 -0.056910
v 0.100336 0.020455 -0.045628
v 0.084764 -0.010253 -0.037172
v 0.083070 0.012658 -0.065028
v 0.086187 0.007272 -0.067225
v 0.057497 -0.045752 -0.025348
v 0.057497 -0.045752 -0.025348
v 0.057497 -0.045752 -0.025348
v 0.046157 -0.048143 -0.031478
v 0.081182 -0.005741 -0.036827
v 0.052342 -0.049304 -0.029723
v 0.067541 -0.032731 -0.029585
v 0.048853 -0.046014 -0.041327
v 0.040678 -0.050687 -0.035532
v 0.065928 -0.026513 -0.029992
v 0.058693 -0.023716 -0.048124
v 0.050374 -0.036139 -0.042356
vn 0.3623 0.7358 -0.5721
vn -0.7092 0.6268 0.3227
vn -0.6887 0.6282 0.3620
vn -0.6644 0.6174 0.4212
vn -0.6777 0.5896 0.4394
vn 0.3356 0.6258 -0.7041
vn 0.2542 0.1287 0.9585
vn -0.5800 0.0045 -0.8146
vn 0.2426 0.1259 0.9619
vn -0.3220 -0.5130 0.7957
vn 0.2587 0.1323 0.9569
vn 0.6651 -0.6610 -0.3474
vn 0.3707 -0.3580 0.8569
vn 0.4304 -0.1914 0.8821
vn 0.7303 -0.6620 -0.1686
vn -0.6507 0.6278 0.4270
vn -0.6394 0.6300 0.4408
vn 0.6181 -0.6501 -0.4420
vn -0.6281 0.6319 0.4542
vn -0.6494 0.5581 0.5166
vn -0.5727 0.0029 -0.8197
vt 0.801020 0.000000
vt 0.832580 0.000000
vt 1.000000 0.243134
vt 1.000000 0.288277
vt 0.638746 0.566466
vt 0.638746 0.541559
vt 0.638746 0.566444
vt 0.638746 0.566559
vt 1.000000 0.167420
vt 0.655613 0.148425
vt 0.054883 0.054883
vt 0.017412 0.017412
vt 0.708318 0.000000
vt 0.248467 0.248467
vt 0.222477 0.222477
vt 0.641185 0.000000
vt 0.500225 0.000000
vt 0.296685 0.296685
vt 0.175758 0.175758
vt 0.614554 0.000000
vt 1.000000 0.291682
vt 1.000000 0.358815
vt 0.533008 0.533008
vt 1.000000 0.325422
vt 1.000000 0.442423
vt 0.222477 0.000000
vt 0.248467 0.000000
vt 0.288277 0.288277
vt 0.243134 0.243134
vt 0.605175 0.531250
vt 0.569623 0.531250
vt 0.568172 0.512140
vt 0.572960 0.514034
vt 0.604322 0.520865
vt 0.638746 0.531867
vt 0.638746 0.528500
vt 0.593307 0.561388
vt 0.580518 0.561427
vt 0.573110 0.561069
vt 0.571089 0.544726
vt 0.605898 0.537051
vt 0.608867 0.561068
vt 0.638746 0.523810
vt 0.638746 0.526641
vt 0.638746 0.546665
vt 0.638746 0.565728
vt 1.000000 0.042856
vt 0.175758 0.000000
vt 0.296685 0.000000
vt 0.469362 0.274562
vt 1.000000 0.013673
s 0
usemtl マテリアル
f 3277/4010/1235 3279/4011/1235 3280/4012/1235 3278/4013/1235
s 1
f 3261/4014/1236 3260/4015/1237 3259/4015/1238 3293/4016/1239 3288/4017/1236
s 0
f 3279/4018/1240 3277/4019/1240 3283/4020/1240 3282/4021/1240
f 3290/4022/1241 3281/4023/1241 3267/4024/1241 3269/4025/1241
f 3292/4026/1242 3295/4027/1242 3291/4028/1242
f 3285/4029/1243 3290/4030/1243 3269/4031/1243
f 3284/4032/1244 3287/4033/1244 3289/4034/1244
f 3267/4035/1245 3281/4036/1245 3278/4037/1245 3280/4038/1245
s 1
f 3262/4039/1246 3276/4040/1247 3273/4041/1248 3272/4042/1249 3265/4043/1249
f 3264/4044/1250 3294/4045/1251 3259/4015/1238 3260/4015/1237
f 3266/4046/1252 3268/4047/1252 3274/4048/1252 3275/4049/1252 3276/4040/1247 3262/4050/1246 3263/4051/1252
f 3273/4052/1248 3276/4015/1247 3259/4015/1238 3294/4045/1251 3270/4053/1253
f 3259/4015/1238 3276/4054/1247 3286/4055/1254 3293/4016/1239
s 0
f 3283/4056/1255 3291/4057/1255 3295/4058/1255 3271/4059/1255 3282/4060/1255
o 立方体.002_cell.060
v -0.046407 -0.260786 -0.016245
v -0.053795 -0.259315 -0.023149
v -0.050723 -0.263524 -0.030222
v -0.054823 -0.263524 -0.019880
vn 0.6819 0.1211 0.7213
vn -0.5355 0.8270 -0.1712
vn 0.1496 -0.2380 -0.9597
vn -0.7176 -0.4880 0.4968
vt 0.390616 0.187500
vt 0.375000 0.187500
vt 0.375000 0.175761
vt 0.375000 0.214767
vt 0.375000 0.187500
vt 0.375000 0.208602
vt 0.125000 0.562500
vt 0.125000 0.541398
vt 0.144085 0.580479
s 1
usemtl マテリアル
f 3296/4061/1256 3297/4062/1257 3299/4063/1259
f 3298/4064/1258 3297/4062/1257 3296/4061/1256
f 3299/4065/1259 3297/4062/1257 3298/4066/1258
f 3299/4067/1259 3298/4068/1258 3296/4069/1256
o 立方体.002_cell.061
v -0.046991 -0.058255 0.000000
v -0.043071 -0.058255 -0.018534
v -0.039339 -0.058255 -0.026831
v -0.045989 -0.058255 -0.009613
v -0.034101 -0.058255 -0.034101
v -0.033943 -0.045114 -0.047426
v -0.033809 -0.050194 -0.049750
v -0.022488 -0.074905 -0.031985
v -0.027063 -0.058255 -0.039171
v -0.031648 -0.054936 -0.046359
v -0.019469 -0.075684 -0.027133
v -0.038459 -0.048135 -0.048657
v -0.061491 -0.040848 -0.026461
v -0.053294 -0.045087 -0.036384
v -0.060402 -0.036478 -0.021711
v -0.044664 -0.047787 -0.044664
v -0.065929 -0.037987 -0.020305
v -0.063573 -0.043211 -0.013319
v -0.054132 -0.049395 0.000269
v -0.021579 -0.080420 -0.026870
v -0.049989 -0.059115 0.012359
v -0.046549 -0.061983 0.015318
v -0.044593 -0.066389 0.009341
v -0.042046 -0.070082 0.003652
v -0.033483 -0.074068 -0.007004
v -0.037350 -0.070166 0.000000
v -0.031885 -0.079347 -0.013721
v -0.025772 -0.081870 -0.020991
v -0.033809 -0.050194 -0.049750
v -0.031648 -0.054936 -0.046359
v -0.022488 -0.074905 -0.031985
v -0.022488 -0.074905 -0.031985
v -0.022488 -0.074905 -0.031985
v -0.033483 -0.074068 -0.007004
v -0.037350 -0.070166 0.000000
v -0.038459 -0.048135 -0.048657
v -0.033943 -0.045114 -0.047426
v -0.027063 -0.058255 -0.039171
v -0.019469 -0.075684 -0.027133
v -0.021579 -0.080420 -0.026870
v -0.061491 -0.040848 -0.026461
v -0.060402 -0.036478 -0.021711
v -0.065929 -0.037987 -0.020305
v -0.042046 -0.070082 0.003652
vn -0.0299 0.4152 -0.9092
vn 0.8663 0.0771 -0.4936
vn 0.7615 -0.3688 -0.5330
vn -0.5334 -0.5805 0.6152
vn -0.5511 0.8341 -0.0253
vn -0.5851 0.2761 0.7625
vn 0.6974 -0.6928 0.1837
vn 0.4278 -0.8359 0.3439
vn 0.4855 0.6893 0.5378
vn 0.6522 0.6679 0.3586
vn -0.6406 -0.0371 0.7670
vn -0.9195 0.0501 0.3899
vn 0.3017 -0.9113 0.2803
vn 0.7761 0.6108 0.1568
vn -0.2428 -0.0003 0.9701
vn 0.7857 0.5994 0.1528
vn 0.7327 0.6398 -0.2318
vn 0.7241 0.6472 0.2382
vn 0.7465 0.6599 0.0849
vn -0.3489 0.7282 -0.5900
vn -0.8335 0.4823 -0.2696
vn -0.9537 -0.1072 -0.2810
vn -0.4649 -0.6539 -0.5969
vn -0.4703 -0.6551 -0.5914
vn 0.2128 -0.9756 -0.0535
vn 0.5543 0.5353 0.6373
vn 0.3695 0.6669 0.6471
vn -0.5301 0.6352 -0.5617
vn -0.4338 -0.6464 -0.6276
vn 0.6549 0.7097 0.2599
vn 0.4651 -0.6389 0.6128
vn 0.1631 0.7650 0.6231
vt 1.000000 0.312039
vt 0.263508 0.263508
vt 1.000000 0.291137
vt 0.312039 0.312039
vt 0.291137 0.291137
vt 0.597876 0.220647
vt 1.000000 0.150169
vt 0.443841 0.281120
vt 0.221294 0.000000
vt 0.128277 0.128277
vt 0.189677 0.000000
vt 0.557939 0.125000
vt 0.570085 0.128372
vt 0.574556 0.156250
vt 0.555550 0.156250
vt 0.861254 0.513746
vt 0.861254 0.541559
vt 0.576928 0.176868
vt 0.575900 0.187500
vt 0.553996 0.187500
vt 0.574556 0.156250
vt 0.861254 0.625000
vt 0.861254 0.625666
vt 0.861254 0.652814
vt 0.861254 0.636896
vt 0.861254 0.663687
vt 0.861254 0.672020
vt 0.861254 0.569373
vt 0.861254 0.569373
vt 0.861254 0.597186
vt 0.861254 0.597186
vt 1.000000 0.720669
vt 0.958511 0.694901
vt 1.000000 0.698999
vt 0.861254 0.569373
vt 0.552567 0.250000
vt 0.571952 0.250000
vt 0.571563 0.281250
vt 0.567885 0.281250
vt 0.556523 0.278925
vt 0.553385 0.268288
vt 0.861254 0.597186
vt 0.836957 0.513746
vt 0.836177 0.513746
vt 0.834330 0.513746
vt 0.845033 0.513746
vt 0.573489 0.218750
vt 0.552854 0.218750
vt 0.567885 0.281250
vt 0.571563 0.281465
vt 0.570583 0.281598
vt 0.559267 0.111858
vt 0.561369 0.093750
vt 0.566043 0.093750
vt 0.569588 0.125000
vt 0.861254 0.541559
vt 0.861254 0.577907
vt 0.861254 0.583340
vt 0.747522 0.599608
vt 0.840197 0.420012
vt 0.769111 0.630256
vt 0.552854 0.218750
vt 0.836790 0.513746
vt 0.844263 0.513746
vt 0.861254 0.513746
vt 0.834330 0.513746
s 0
usemtl マテリアル
f 3328/4070/1260 3311/4071/1260 3336/4072/1260
f 3328/4073/1261 3336/4074/1261 3308/4075/1261 3330/4076/1261 3329/4077/1261
f 3339/4078/1262 3331/4079/1262 3338/4080/1262
s 1
f 3343/4081/1263 3318/4082/1264 3317/4083/1265 3333/4084/1266
f 3327/4085/1267 3304/4085/1268 3302/4086/1269
f 3342/4087/1270 3340/4088/1271 3326/4089/1272 3333/4084/1266 3317/4090/1265
f 3300/4091/1273 3318/4092/1264 3320/4093/1274 3322/4093/1274 3343/4094/1263 3334/4091/1275
f 3320/4095/1276 3321/4096/1276 3322/4093/1276
f 3326/4097/1272 3301/4098/1277 3303/4099/1278 3333/4100/1266
s 0
f 3341/4101/1279 3312/4102/1279 3316/4103/1279
s 1
f 3301/4098/1277 3326/4104/1272 3327/4086/1267 3302/4086/1269
f 3327/4105/1267 3315/4106/1280 3335/4107/1281 3309/4108/1282 3332/4109/1283 3319/4110/1284
f 3333/4111/1266 3303/4099/1278 3300/4091/1273 3334/4091/1275
f 3310/4112/1285 3307/4113/1285 3337/4114/1286 3304/4085/1268 3327/4085/1267 3319/4115/1284
f 3313/4116/1287 3327/4117/1267 3326/4089/1272 3340/4088/1271
f 3309/4118/1282 3335/4119/1281 3306/4120/1288
f 3343/4121/1263 3322/4122/1274 3320/4123/1274 3318/4124/1264
f 3318/4091/1264 3300/4091/1273 3303/4099/1278 3317/4111/1265
f 3340/4098/1271 3301/4098/1277 3302/4086/1269 3313/4125/1287
f 3317/4111/1265 3303/4099/1278 3301/4098/1277 3340/4104/1271 3314/4126/1289 3342/4127/1270
f 3302/4086/1269 3304/4085/1268 3315/4085/1280 3313/4125/1287
s 0
f 3323/4128/1290 3324/4129/1290 3325/4130/1290
s 1
f 3315/4106/1280 3327/4131/1267 3313/4116/1287
f 3305/4132/1291 3335/4133/1281 3315/4134/1280 3304/4085/1268 3337/4135/1286
o 立方体.002_cell.062
v 0.019399 -0.258417 0.016208
v 0.024813 -0.257932 0.017070
v 0.025852 -0.263524 0.036153
v 0.030964 -0.255670 0.030964
v 0.030063 -0.263524 0.024998
v 0.029669 -0.254586 0.024259
v 0.026362 -0.253360 0.019304
v 0.024862 -0.263524 0.017016
v 0.020688 -0.252508 0.020688
v 0.018101 -0.256443 0.042065
v 0.013702 -0.263524 0.045945
v 0.013502 -0.256935 0.045796
v 0.024941 -0.255913 0.036528
v -0.003218 -0.254832 0.038232
v -0.000486 -0.263524 0.039542
v -0.005233 -0.263524 0.037254
v 0.015781 -0.252326 0.023114
v 0.005844 -0.252555 0.027891
v 0.010960 -0.252380 0.025470
v 0.019054 -0.263524 0.016199
v -0.000000 -0.253298 0.031728
v 0.014031 -0.263524 0.017222
v 0.030063 -0.263524 0.024998
v 0.024862 -0.263524 0.017016
v 0.018101 -0.256443 0.042065
v 0.013502 -0.256935 0.045796
v 0.030964 -0.255670 0.030964
v 0.029669 -0.254586 0.024259
v 0.025852 -0.263524 0.036153
v 0.013702 -0.263524 0.045945
v 0.024941 -0.255913 0.036528
v 0.026362 -0.253360 0.019304
v -0.000486 -0.263524 0.039542
v -0.005233 -0.263524 0.037254
v 0.005844 -0.252555 0.027891
v 0.010960 -0.252380 0.025470
v 0.014031 -0.263524 0.017222
v 0.020688 -0.252508 0.020688
v 0.015781 -0.252326 0.023114
v -0.003218 -0.254832 0.038232
v -0.000000 -0.253298 0.031728
v 0.019054 -0.263524 0.016199
vn 0.6769 0.0448 0.7347
vn 0.8758 -0.3516 0.3306
vn 0.9823 0.0280 -0.1852
vn 0.8330 -0.0022 -0.5533
vn -0.0215 0.5434 -0.8392
vn -0.3310 0.6149 -0.7158
vn 0.6271 0.0367 0.7781
vn -0.4113 0.0081 0.9115
vn -0.4342 -0.0007 0.9008
vn -0.4816 0.4658 -0.7424
vn -0.4792 0.4015 -0.7805
vn 0.1479 0.0018 -0.9890
vn -0.1996 0.0154 -0.9798
vn -0.7635 0.0425 -0.6444
vn 0.1422 0.9771 0.1584
vn 0.1384 0.9770 0.1622
vn 0.1767 0.9765 0.1237
vn 0.1042 0.9762 0.1900
vn 0.1040 0.9762 0.1901
vn 0.0494 0.9746 0.2183
vn 0.0749 0.9756 0.2066
vn 0.0771 0.9756 0.2057
vn 0.0451 0.9744 0.2204
vn -0.0000 -1.0000 -0.0000
vn 0.0203 0.9725 0.2319
vt 0.973846 0.890556
vt 0.231742 0.000000
vt 1.000000 0.796666
vt 0.921732 0.921732
vt 0.796666 0.796666
vt 1.000000 0.797371
vt 0.729066 0.000000
vt 0.858854 0.000000
vt 0.920994 0.920994
vt 0.899140 0.000000
vt 1.000000 0.000000
vt 1.000000 0.349924
vt 0.863892 0.863892
vt 0.727655 0.727655
vt 0.349924 0.349924
vt 0.000000 0.000000
vt 1.000000 0.412869
vt 0.412869 0.412869
vt 0.197948 0.000000
vt 0.338174 0.000000
vt 0.415244 0.000000
vt 1.000000 0.666185
vt 0.878269 0.628923
vt 0.554526 0.253046
vt 0.506742 0.275429
vt 1.000000 0.102512
vt 1.000000 0.235448
vt 0.415244 0.415244
vt 0.235448 0.235448
vt 0.099204 0.000000
vt 0.234195 0.000000
vt 1.000000 0.262281
vt 0.197948 0.197948
vt 0.262281 0.262281
vt 0.633268 0.000000
vt 0.524359 0.083988
vt 1.000000 0.100860
vt 0.092930 0.092930
vt 1.000000 1.000000
vt 0.907235 0.907235
vt 0.099204 0.099204
vt 0.366732 0.000000
vt 1.000000 0.048040
vt 0.234195 0.234195
vt 0.432008 0.750000
vt 0.404942 0.741884
vt 0.417919 0.729833
vt 0.424876 0.724281
vt 0.403898 0.768852
vt 0.405527 0.750000
vt 0.433539 0.781250
vt 0.394927 0.831173
vt 0.399055 0.812500
vt 0.433085 0.812500
vt 0.431618 0.843750
vt 0.399055 0.812500
vt 0.403487 0.781250
vt 0.433085 0.812500
vt 0.312139 0.707749
vt 0.283630 0.724658
vt 0.248864 0.705070
vt 0.237845 0.701624
vt 0.281656 0.658972
vt 0.292265 0.659976
vt 0.303121 0.662696
vt 0.326048 0.695050
vt 0.425392 0.875000
vt 0.410361 0.875000
vt 0.400905 0.843750
s 0
usemtl マテリアル
f 3370/4136/1292 3374/4137/1292 3372/4138/1292
f 3370/4139/1293 3372/4140/1293 3366/4141/1293
f 3366/4142/1294 3371/4143/1294 3370/4144/1294
f 3367/4145/1295 3345/4146/1295 3375/4147/1295 3371/4148/1295 3366/4149/1295
f 3375/4150/1296 3345/4151/1296 3344/4146/1296 3381/4152/1296
f 3381/4153/1297 3344/4151/1297 3360/4154/1297
f 3369/4155/1298 3373/4156/1298 3372/4157/1298 3374/4158/1298 3368/4159/1298
f 3369/4160/1299 3383/4161/1299 3376/4162/1299 3373/4163/1299
f 3376/4164/1300 3383/4165/1300 3377/4166/1300
f 3344/4151/1301 3380/4146/1301 3379/4167/1301 3360/4168/1301
f 3379/4169/1302 3380/4151/1302 3384/4170/1302 3378/4171/1302
f 3344/4151/1303 3345/4146/1303 3367/4172/1303 3385/4173/1303
f 3380/4146/1304 3344/4174/1304 3385/4175/1304
f 3383/4176/1305 3384/4177/1305 3380/4178/1305 3377/4179/1305
s 1
f 3352/4180/1306 3347/4181/1307 3349/4182/1308 3350/4183/1308
f 3356/4184/1309 3347/4185/1307 3352/4180/1306 3382/4186/1310
f 3355/4187/1311 3353/4188/1312 3362/4189/1313 3361/4190/1314
f 3353/4191/1312 3356/4192/1309 3382/4186/1310 3362/4193/1313
f 3346/4194/1315 3354/4195/1315 3358/4196/1315 3359/4197/1315 3365/4198/1315 3363/4199/1315 3351/4200/1315 3348/4201/1315
f 3364/4202/1316 3357/4203/1316 3355/4204/1311 3361/4190/1314
o 立方体.002_cell.063
v -0.034473 -0.261211 -0.002745
v -0.027773 -0.254565 -0.026803
v -0.025650 -0.263524 -0.024694
v -0.035074 -0.263524 -0.034131
v -0.035103 -0.256822 -0.034148
v -0.048718 -0.263524 -0.032908
v -0.042312 -0.256211 -0.013902
v -0.027392 -0.253470 -0.018703
v -0.045595 -0.263524 -0.016145
v -0.043856 -0.256881 -0.018872
v -0.046921 -0.258693 -0.032037
v -0.027228 -0.263524 -0.007755
v -0.030952 -0.253417 -0.008830
v -0.036887 -0.254623 -0.007730
v -0.030952 -0.253417 -0.008830
v -0.027392 -0.253470 -0.018703
v -0.027773 -0.254565 -0.026803
v -0.035103 -0.256822 -0.034148
v -0.035074 -0.263524 -0.034131
v -0.025650 -0.263524 -0.024694
v -0.042312 -0.256211 -0.013902
v -0.043856 -0.256881 -0.018872
v -0.048718 -0.263524 -0.032908
v -0.048718 -0.263524 -0.032908
v -0.048718 -0.263524 -0.032908
v -0.045595 -0.263524 -0.016145
v -0.046921 -0.258693 -0.032037
v -0.027228 -0.263524 -0.007755
v -0.036887 -0.254623 -0.007730
v -0.034473 -0.261211 -0.002745
vn 0.7076 0.0014 -0.7066
vn -0.0893 -0.0029 -0.9960
vn 0.9678 0.2161 0.1288
vn -0.9295 0.3192 0.1848
vn 0.4078 0.4403 0.7999
vn -0.7690 0.1697 0.6163
vn -0.2104 0.9754 -0.0661
vn -0.2049 0.9758 -0.0765
vn -0.2031 0.9759 -0.0799
vn -0.0198 -0.9989 0.0434
vn -0.2010 0.9331 -0.2981
vn -0.2020 0.9483 -0.2449
vn -0.2023 0.9668 -0.1559
vt 0.549869 0.000000
vt 0.624295 0.000000
vt 1.000000 0.347637
vt 1.000000 0.446278
vt 0.496595 0.000000
vt 1.000000 0.375705
vt 1.000000 0.450131
vt 0.251535 0.000000
vt 0.460749 0.000000
vt 1.000000 0.392678
vt 1.000000 0.538054
vt 0.684451 0.313544
vt 0.431264 0.431264
vt 1.000000 0.000000
vt 1.000000 0.132949
vt 0.966369 0.157786
vt 0.530968 0.472563
vt 0.304444 0.304444
vt 0.305446 0.000000
vt 0.535574 0.000000
vt 0.554898 0.554898
vt 1.000000 1.000000
vt 0.000000 0.000000
vt 0.534417 0.199087
vt 1.000000 0.724697
vt 0.421796 0.156250
vt 0.424953 0.187500
vt 0.395383 0.187500
vt 0.400994 0.173576
vt 0.194558 0.607866
vt 0.181538 0.620135
vt 0.149869 0.585037
vt 0.127249 0.533890
vt 0.164742 0.541628
vt 0.201019 0.578009
vt 0.414781 0.247001
vt 0.395876 0.247636
vt 0.378740 0.220892
vt 0.380205 0.218750
vt 0.423953 0.218750
vt 0.395383 0.187500
s 0
usemtl マテリアル
f 3404/4205/1317 3403/4206/1317 3402/4207/1317 3405/4208/1317
f 3408/4209/1318 3403/4210/1318 3404/4211/1318
f 3400/4212/1319 3413/4213/1319 3405/4214/1319 3402/4215/1319 3401/4216/1319
f 3409/4217/1320 3411/4218/1320 3406/4219/1320 3407/4220/1320 3412/4221/1320
f 3400/4222/1321 3414/4223/1321 3415/4224/1321 3413/4225/1321
f 3411/4226/1322 3415/4227/1322 3414/4228/1322 3406/4229/1322
s 1
f 3399/4230/1323 3398/4231/1324 3395/4232/1325 3392/4233/1323
f 3397/4234/1326 3386/4235/1326 3394/4236/1326 3391/4237/1326 3389/4238/1326 3388/4239/1326
f 3387/4240/1327 3390/4241/1327 3410/4242/1327 3396/4243/1328 3393/4244/1329
f 3398/4231/1324 3393/4244/1329 3396/4243/1328 3395/4245/1325
o 立方体.002_cell.064
v 0.010958 -0.092794 0.016050
v 0.007238 -0.094751 0.020478
v 0.006638 -0.098711 0.017208
v 0.011071 -0.073112 0.032960
v 0.014734 -0.076284 0.034240
v 0.025055 -0.079817 0.025055
v 0.020338 -0.078461 0.029795
v 0.022540 -0.085927 0.019570
v 0.016346 -0.088691 0.016346
v 0.014734 -0.076284 0.034240
v 0.020338 -0.078461 0.029795
v 0.011071 -0.073112 0.032960
v 0.006638 -0.098711 0.017208
v 0.016346 -0.088691 0.016346
v 0.010958 -0.092794 0.016050
vn 0.5533 0.7686 0.3211
vn 0.3760 -0.4348 -0.8183
vn 0.1120 0.6378 -0.7620
vn 0.9382 -0.1164 -0.3259
vn -0.4407 0.6496 -0.6195
vn -0.9671 0.1488 0.2063
vn -0.9568 0.2150 0.1956
vn 0.8342 0.2907 -0.4687
vn -0.4177 0.7786 -0.4683
vn -0.8755 -0.4151 0.2473
vn 0.5801 -0.7220 0.3770
vn -0.1453 -0.5515 0.8214
vt 0.790998 0.746823
vt 0.902265 0.724551
vt 0.762240 0.762240
vt 0.794393 0.690585
vt 1.000000 0.525669
vt 0.922741 0.642753
vt 0.638746 0.736254
vt 0.638746 0.727261
vt 0.638746 0.725966
vt 0.666559 0.736254
vt 0.666559 0.736254
vt 0.694373 0.736254
vt 0.694373 0.736254
vt 0.638746 0.736254
vt 0.694373 0.713439
vt 0.689450 0.713364
vt 0.554500 0.781250
vt 0.543022 0.781250
vt 0.547391 0.750000
vt 0.553729 0.750000
vt 0.555739 0.812500
vt 0.555739 0.812500
vt 0.556299 0.825627
vt 0.545231 0.822893
vt 0.542924 0.812500
s 0
usemtl マテリアル
f 3425/4246/1330 3422/4247/1330 3419/4248/1330
f 3424/4249/1331 3418/4250/1331 3430/4251/1331
s 1
f 3429/4252/1332 3421/4253/1332 3423/4254/1332
f 3426/4255/1333 3416/4256/1334 3417/4257/1335 3427/4258/1336
f 3416/4256/1334 3426/4256/1333 3421/4252/1337 3429/4259/1338
f 3428/4260/1339 3417/4257/1335 3416/4261/1334
f 3426/4262/1333 3428/4263/1339 3429/4264/1340 3421/4265/1337
f 3428/4263/1339 3426/4262/1333 3420/4266/1341
f 3420/4267/1341 3427/4268/1336 3417/4269/1335 3428/4270/1339
o 立方体.002_cell.065
v 0.053795 -0.263524 -0.023149
v 0.049245 -0.263524 -0.033623
v 0.031579 -0.256866 -0.037146
v 0.030260 -0.263524 -0.036187
v 0.041218 -0.263524 -0.043927
v 0.050179 -0.257678 -0.010515
v 0.042468 -0.255796 -0.003621
v 0.044728 -0.263524 -0.003296
v 0.056117 -0.259315 -0.015763
v 0.033447 -0.263524 -0.000617
v 0.031201 -0.263524 -0.005554
v 0.033086 -0.253636 -0.001496
v 0.026433 -0.263524 -0.016470
v 0.024104 -0.263524 -0.031317
v 0.027159 -0.255671 -0.033633
v 0.028989 -0.253543 -0.015843
v 0.024556 -0.263524 -0.023007
v 0.027860 -0.254715 -0.027860
v 0.029515 -0.253177 -0.009857
v 0.041218 -0.263524 -0.043927
v 0.030260 -0.263524 -0.036187
v 0.050179 -0.257678 -0.010515
v 0.056117 -0.259315 -0.015763
v 0.042468 -0.255796 -0.003621
v 0.033447 -0.263524 -0.000617
v 0.031201 -0.263524 -0.005554
v 0.031579 -0.256866 -0.037146
v 0.044728 -0.263524 -0.003296
v 0.026433 -0.263524 -0.016470
v 0.027159 -0.255671 -0.033633
v 0.033086 -0.253636 -0.001496
v 0.024104 -0.263524 -0.031317
v 0.024556 -0.263524 -0.023007
v 0.027860 -0.254715 -0.027860
v 0.028989 -0.253543 -0.015843
v 0.029515 -0.253177 -0.009857
vn -0.5769 -0.0033 -0.8168
vn 0.6793 0.2280 0.6975
vn 0.2353 0.1011 0.9667
vn -0.9102 0.0036 0.4141
vn -0.9163 0.0104 0.4003
vn -0.6204 0.0100 -0.7842
vn -0.9257 0.3749 0.0504
vn -0.9561 0.2338 0.1766
vn -0.9190 0.0220 0.3938
vn 0.9350 -0.1634 -0.3148
vn 0.4821 0.8760 -0.0099
vn 0.3725 0.9174 -0.1400
vn 0.2582 0.9350 -0.2432
vn 0.8407 0.0441 -0.5397
vn 0.9215 -0.1581 -0.3547
vn 0.2076 0.9605 -0.1853
vn 0.2043 0.9491 -0.2398
vn 0.6623 0.0188 -0.7490
vn 0.2134 0.9764 -0.0332
vn 0.0467 -0.9987 0.0213
vt 0.671901 0.065092
vt 0.606911 0.000000
vt 0.688025 0.000000
vt 0.774615 0.319605
vt 0.530523 0.181334
vt 0.214021 0.000000
vt 0.319930 0.000000
vt 0.214021 0.214021
vt 1.000000 0.011842
vt 1.000000 0.174112
vt 0.319930 0.319930
vt 0.010260 0.000000
vt 0.173567 0.000000
vt 0.172455 0.172455
vt 0.030731 0.000000
vt 0.560420 0.000000
vt 0.173567 0.173567
vt 0.396822 0.000000
vt 1.000000 0.311975
vt 1.000000 0.393089
vt 0.202769 0.000000
vt 0.202769 0.202769
vt 0.297670 0.000000
vt 0.609462 0.086438
vt 0.489586 0.272695
vt 0.396822 0.396822
vt 0.659721 0.659721
vt 0.297670 0.297670
vt 0.412953 0.000000
vt 0.933634 0.000000
vt 1.000000 0.439580
vt 1.000000 0.969269
vt 0.066366 0.000000
vt 0.375000 0.494540
vt 0.395506 0.486405
vt 0.405521 0.482209
vt 0.413526 0.500000
vt 0.425261 0.562500
vt 0.375000 0.562500
vt 0.375000 0.531250
vt 0.425714 0.593750
vt 0.388706 0.593750
vt 0.375000 0.583215
vt 0.421410 0.622153
vt 0.404473 0.612110
vt 0.342505 0.617092
vt 0.316769 0.623582
vt 0.313195 0.612533
vt 0.304256 0.579083
vt 0.304998 0.573048
vt 0.306627 0.553966
vt 0.323628 0.539515
vt 0.375000 0.500000
vt 0.375000 0.562500
vt 0.375000 0.586169
vt 0.421077 0.531250
vt 0.413526 0.500000
s 0
usemtl マテリアル
f 3450/4271/1342 3451/4272/1342 3457/4273/1342
f 3453/4274/1343 3452/4275/1343 3454/4276/1343 3458/4277/1343
f 3454/4278/1344 3461/4279/1344 3455/4280/1344 3458/4281/1344
f 3461/4282/1345 3456/4283/1345 3455/4284/1345
f 3461/4285/1346 3459/4286/1346 3456/4287/1346
f 3460/4288/1347 3457/4289/1347 3451/4290/1347 3462/4291/1347
f 3462/4292/1348 3463/4293/1348 3465/4294/1348 3464/4295/1348 3460/4296/1348
f 3465/4297/1349 3463/4298/1349 3459/4299/1349 3466/4300/1349
f 3459/4301/1350 3461/4302/1350 3466/4303/1350
s 1
f 3435/4304/1351 3433/4305/1352 3445/4306/1352 3448/4307/1353
f 3446/4308/1354 3431/4309/1355 3432/4310/1356
f 3431/4309/1355 3446/4308/1354 3449/4311/1357 3436/4312/1358 3439/4313/1359
f 3442/4314/1360 3437/4315/1360 3436/4312/1358 3449/4311/1357
f 3438/4316/1361 3440/4317/1361 3441/4318/1361 3443/4319/1361 3447/4320/1361 3444/4321/1361 3434/4322/1361 3435/4323/1351 3432/4310/1356 3431/4324/1355 3439/4325/1359
f 3446/4326/1354 3432/4310/1356 3435/4323/1351 3448/4327/1353
o 立方体.002_cell.066
v 0.001500 -0.246652 -0.001528
v 0.001630 -0.257237 -0.001636
v 0.010472 -0.249365 -0.010472
v 0.013158 -0.249365 -0.005662
v 0.002374 -0.263524 -0.016445
v 0.003598 -0.263524 -0.030818
v 0.002100 -0.263524 -0.010390
v 0.026756 -0.252469 -0.008184
v 0.009113 -0.243116 -0.010201
v 0.005429 -0.245592 -0.012616
v 0.014207 -0.263524 -0.030881
v 0.007109 -0.253943 -0.033927
v 0.014425 -0.254351 -0.033522
v 0.024587 -0.255200 -0.032833
v 0.021084 -0.263524 -0.030581
v 0.015863 -0.263524 -0.017513
v 0.021686 -0.263524 -0.024124
v 0.027031 -0.253179 -0.016289
v 0.025752 -0.254066 -0.025752
v 0.002374 -0.263524 -0.016445
v 0.003598 -0.263524 -0.030818
v 0.002100 -0.263524 -0.010390
v 0.014207 -0.263524 -0.030881
v 0.021084 -0.263524 -0.030581
v 0.015863 -0.263524 -0.017513
v 0.024587 -0.255200 -0.032833
v 0.025752 -0.254066 -0.025752
v 0.021686 -0.263524 -0.024124
v 0.005429 -0.245592 -0.012616
v 0.007109 -0.253943 -0.033927
v 0.026756 -0.252469 -0.008184
v 0.013158 -0.249365 -0.005662
v 0.009113 -0.243116 -0.010201
v 0.014425 -0.254351 -0.033522
v 0.027031 -0.253179 -0.016289
vn -0.9550 0.2310 -0.1861
vn -0.9989 -0.0118 -0.0452
vn 0.2731 0.0899 0.9578
vn -0.5096 0.8547 -0.0988
vn -0.0057 -0.3068 -0.9518
vn 0.0406 -0.2773 -0.9599
vn 0.4582 -0.7920 0.4035
vn 0.2939 -0.7688 0.5679
vn 0.8624 -0.5009 0.0731
vn 0.9100 -0.4059 -0.0849
vn 0.3790 0.6918 0.6147
vn -0.0000 -1.0000 -0.0000
vn 0.0718 0.9306 -0.3590
vn 0.4157 0.7272 -0.5463
vn 0.2217 0.9467 -0.2338
vn 0.2382 0.9578 -0.1610
vn 0.5102 0.7783 -0.3659
vn 0.1415 0.9771 -0.1591
vn 0.1898 0.9761 -0.1062
vn 0.4582 0.8559 -0.2397
vn 0.1987 0.9758 -0.0908
vn 0.6332 0.1703 -0.7550
vt 0.188002 0.000000
vt 0.551318 0.000000
vt 1.000000 0.413804
vt 1.000000 1.000000
vt 0.683813 0.614126
vt 0.413804 0.413804
vt 0.654519 0.000000
vt 1.000000 0.000000
vt 1.000000 0.551023
vt 0.000000 0.000000
vt 0.949890 0.000000
vt 1.000000 0.640471
vt 0.770456 0.770456
vt 0.300308 0.300308
vt 1.000000 0.448682
vt 0.756346 0.756346
vt 0.621212 0.000000
vt 0.837098 0.000000
vt 1.000000 0.300308
vt 1.000000 0.756346
vt 0.848373 0.459362
vt 0.357130 0.000000
vt 1.000000 0.020485
vt 1.000000 0.487005
vt 0.050110 0.000000
vt 1.000000 0.345481
vt 0.487005 0.487005
vt 0.969332 0.969332
vt 0.252462 0.000000
vt 0.668261 0.000000
vt 0.162902 0.000000
vt 0.378788 0.000000
vt 0.510653 0.288854
vt 0.668261 0.668261
vt 0.252462 0.252462
vt 1.000000 0.770456
vt 0.655196 0.629505
vt 0.254987 0.593136
vt 0.258044 0.563159
vt 0.282067 0.559980
vt 0.298982 0.557150
vt 0.298231 0.577301
vt 0.283720 0.588036
vt 0.254244 0.604941
vt 0.419996 0.406250
vt 0.458333 0.437500
vt 0.416575 0.437500
vt 0.411413 0.468750
vt 0.458333 0.500000
vt 0.418957 0.500000
vt 0.425310 0.531250
vt 0.458333 0.531250
vt 0.458333 0.562500
vt 0.428887 0.562500
vt 0.458333 0.468750
vt 0.416575 0.437500
vt 0.425310 0.531250
vt 0.468425 0.500000
vt 0.467255 0.468750
vt 0.466610 0.531250
s 0
usemtl マテリアル
f 3496/4328/1362 3487/4329/1362 3486/4330/1362 3467/4331/1362 3495/4332/1362
f 3467/4331/1363 3486/4333/1363 3488/4334/1363 3468/4335/1363
f 3498/4336/1364 3467/4331/1364 3468/4337/1364 3497/4338/1364
f 3495/4339/1365 3467/4331/1365 3499/4340/1365
f 3489/4341/1366 3487/4342/1366 3496/4343/1366
f 3492/4344/1367 3490/4345/1367 3489/4346/1367 3496/4347/1367 3500/4348/1367
f 3494/4349/1368 3497/4350/1368 3491/4351/1368
f 3497/4352/1369 3468/4335/1369 3488/4353/1369 3491/4354/1369
f 3497/4355/1370 3494/4356/1370 3501/4357/1370
f 3490/4358/1371 3492/4359/1371 3493/4360/1371 3501/4361/1371 3494/4362/1371
f 3499/4363/1372 3467/4331/1372 3498/4364/1372
s 1
f 3471/4365/1373 3472/4366/1373 3477/4367/1373 3481/4368/1373 3483/4369/1373 3482/4370/1373 3473/4371/1373
f 3478/4372/1374 3476/4373/1375 3479/4374/1376
f 3480/4375/1377 3469/4376/1378 3485/4377/1379
f 3484/4378/1380 3469/4379/1378 3470/4380/1381 3474/4381/1382
f 3476/4373/1375 3469/4382/1378 3480/4375/1377 3479/4383/1376
f 3485/4377/1379 3469/4379/1378 3484/4384/1380
f 3475/4385/1383 3469/4382/1378 3476/4386/1375
f 3470/4380/1381 3469/4379/1378 3475/4387/1383
o 立方体.002_cell.067
v -0.012007 -0.263524 -0.057297
v -0.007581 -0.263524 -0.029900
v -0.002515 -0.254679 -0.037617
v -0.023259 -0.253657 -0.025233
v -0.020236 -0.263524 -0.022198
v -0.013412 -0.253775 -0.031168
v -0.007277 -0.254126 -0.034727
v -0.033621 -0.256819 -0.035454
v -0.033675 -0.263524 -0.037676
v -0.023074 -0.263524 -0.050144
v -0.029352 -0.257641 -0.042989
v -0.006660 -0.263524 -0.047406
v -0.005826 -0.256541 -0.045569
v -0.002522 -0.263524 -0.038017
v -0.022041 -0.258684 -0.051220
v -0.017874 -0.259315 -0.055453
v -0.007581 -0.263524 -0.029900
v -0.002522 -0.263524 -0.038017
v -0.020236 -0.263524 -0.022198
v -0.013412 -0.253775 -0.031168
v -0.007277 -0.254126 -0.034727
v -0.023259 -0.253657 -0.025233
v -0.033621 -0.256819 -0.035454
v -0.002515 -0.254679 -0.037617
v -0.033675 -0.263524 -0.037676
v -0.023074 -0.263524 -0.050144
v -0.006660 -0.263524 -0.047406
v -0.022041 -0.258684 -0.051220
v -0.017874 -0.259315 -0.055453
v -0.029352 -0.257641 -0.042989
v -0.005826 -0.256541 -0.045569
v -0.012007 -0.263524 -0.057297
vn 0.8484 -0.0246 0.5288
vn 0.4836 0.3875 0.7848
vn -0.7243 -0.0962 0.6827
vn -0.7871 0.0392 -0.6156
vn 0.9185 0.0070 -0.3953
vn 0.8795 0.0200 -0.4754
vn -0.7129 -0.0037 -0.7012
vn -0.1237 0.9765 -0.1767
vn -0.1011 0.9767 -0.1892
vn -0.1022 0.9767 -0.1886
vn 0.0567 -0.4653 -0.8833
vn -0.0544 0.9559 -0.2885
vn -0.3346 0.9093 -0.2473
vn 0.0087 0.9694 -0.2453
vn 0.0488 0.9631 -0.2648
vn 0.2864 0.4225 -0.8599
vn -0.0241 -0.9990 -0.0373
vt 1.000000 0.431817
vt 0.428475 0.000000
vt 1.000000 0.235829
vt 1.000000 0.615817
vt 0.431817 0.431817
vt 0.235829 0.235829
vt 0.288908 0.251190
vt 0.559511 0.333792
vt 1.000000 0.474753
vt 0.615817 0.615817
vt 0.474753 0.474753
vt 0.391549 0.000000
vt 0.463731 0.000000
vt 0.446391 0.000000
vt 0.497702 0.000000
vt 0.497870 0.497870
vt 0.434872 0.434872
vt 0.438505 0.236835
vt 1.000000 0.170295
vt 1.000000 0.288526
vt 0.709359 0.000000
vt 0.808731 0.000000
vt 0.596490 0.178854
vt 0.808731 0.808731
vt 0.709359 0.709359
vt 0.901109 0.452075
vt 0.747472 0.249509
vt 1.000000 0.502298
vt 0.395903 0.254527
vt 0.422932 0.281250
vt 0.389015 0.281250
vt 0.375000 0.343750
vt 0.418455 0.343750
vt 0.409842 0.362735
vt 0.398231 0.355810
vt 0.421402 0.312500
vt 0.382393 0.304163
vt 0.389015 0.281250
vt 0.421402 0.312500
vt 0.375000 0.327296
vt 0.380281 0.312500
vt 0.189578 0.509489
vt 0.202384 0.500000
vt 0.220933 0.500000
vt 0.233680 0.524794
vt 0.247212 0.556305
vt 0.233067 0.564039
vt 0.205390 0.576533
vt 0.166432 0.533430
s 0
usemtl マテリアル
f 3518/4388/1384 3519/4389/1384 3525/4390/1384
f 3520/4391/1385 3518/4392/1385 3525/4393/1385 3522/4394/1385 3521/4395/1385 3523/4396/1385
f 3520/4397/1386 3523/4398/1386 3524/4399/1386 3526/4400/1386
f 3529/4401/1387 3527/4402/1387 3526/4403/1387 3524/4404/1387 3531/4405/1387
f 3525/4406/1388 3519/4407/1388 3528/4408/1388 3532/4409/1388
f 3533/4410/1389 3532/4411/1389 3528/4412/1389
f 3529/4413/1390 3530/4414/1390 3527/4415/1390
s 1
f 3509/4416/1391 3505/4417/1392 3512/4418/1393
f 3502/4419/1394 3508/4420/1395 3504/4421/1396 3514/4422/1396
f 3505/4417/1392 3507/4423/1397 3516/4424/1398 3512/4425/1393
f 3507/4426/1397 3508/4420/1395 3502/4419/1394 3517/4427/1399 3516/4428/1398
f 3511/4429/1400 3517/4430/1399 3502/4431/1394 3513/4432/1400 3515/4433/1400 3503/4434/1400 3506/4435/1400 3510/4436/1400
o 立方体.002_cell.068
v 0.009135 -0.121530 0.007184
v 0.012374 -0.117440 0.008444
v 0.013927 -0.110017 0.006986
v 0.014776 -0.104130 0.006692
v 0.006857 -0.098358 0.005491
v 0.010139 -0.097800 0.001241
v 0.012374 -0.117440 0.008444
v 0.013927 -0.110017 0.006986
v 0.009135 -0.121530 0.007184
vn 0.5349 -0.2366 -0.8111
vn 0.6731 -0.1334 -0.7274
vn -0.1036 0.0645 0.9925
vn -0.7778 -0.1215 -0.6166
vn 0.4745 0.7477 0.4646
vn -0.6293 0.2745 0.7271
vn -0.1077 0.0619 0.9923
vt 0.000000 0.000000
vt 1.000000 0.000000
vt 1.000000 0.440863
vt 0.557760 0.334132
vt 0.869459 0.000000
vt 0.440863 0.440863
vt 1.000000 0.290105
vt 0.615579 0.330473
vt 0.078886 0.000000
vt 1.000000 1.000000
vt 0.430875 0.283148
vt 0.545524 0.000000
vt 1.000000 0.130541
vt 0.929615 0.927811
vt 0.525469 0.734105
vt 0.529176 0.718750
vt 0.536716 0.738932
vt 1.000000 0.239980
vt 0.547179 0.547179
vt 0.335366 0.000000
s 0
usemtl マテリアル
f 3542/4437/1401 3539/4438/1401 3541/4439/1401 3540/4440/1401
f 3539/4437/1402 3537/4441/1402 3541/4442/1402
f 3538/4443/1403 3541/4444/1403 3537/4445/1403
f 3539/4438/1404 3542/4446/1404 3538/4447/1404
f 3538/4448/1405 3537/4449/1405 3539/4450/1405
s 1
f 3534/4451/1406 3535/4452/1406 3536/4453/1406
s 0
f 3542/4454/1407 3541/4455/1407 3538/4456/1407
o 立方体.002_cell.069
v -0.035965 -0.260607 -0.001682
v -0.044099 -0.260891 0.020269
v -0.056899 -0.260844 0.013273
v -0.049656 -0.260879 0.032676
v -0.053795 -0.260860 0.023149
v -0.046300 -0.257816 0.023680
v -0.048344 -0.257528 -0.014140
v -0.058409 -0.260801 -0.000000
v -0.057297 -0.260767 -0.012007
v -0.042713 -0.256329 0.014367
v -0.037658 -0.254635 -0.000000
v -0.040683 -0.255496 0.008525
v -0.040080 -0.255357 -0.008399
v -0.056899 -0.260844 0.013273
v -0.053795 -0.260860 0.023149
v -0.049656 -0.260879 0.032676
v -0.058409 -0.260801 -0.000000
v -0.057297 -0.260767 -0.012007
v -0.042713 -0.256329 0.014367
v -0.040683 -0.255496 0.008525
v -0.037658 -0.254635 -0.000000
v -0.046300 -0.257816 0.023680
v -0.048344 -0.257528 -0.014140
v -0.040080 -0.255357 -0.008399
vn -0.0034 -1.0000 -0.0006
vn 0.8950 0.1962 0.4007
vn 0.1522 -0.9861 -0.0660
vn -0.1687 -0.9828 -0.0752
vn 0.9241 0.1650 0.3446
vn 0.8980 0.2201 0.3810
vn 0.8037 -0.1166 -0.5835
vn -0.3464 0.9330 0.0969
vn -0.3811 0.9093 0.1674
vn -0.3474 0.9325 0.0987
vn -0.2928 0.9562 0.0026
vn -0.3108 0.9497 0.0380
vn -0.3041 0.9522 0.0299
vn -0.2927 0.9562 0.0023
vn -0.3250 0.9441 0.0551
vn -0.2967 0.9549 0.0118
vn -0.2950 0.9555 0.0048
vn -0.3173 0.9430 0.1000
vt 0.911402 0.000000
vt 1.000000 0.000000
vt 1.000000 0.553609
vt 0.953258 0.293196
vt 0.097546 0.000000
vt 0.553609 0.553609
vt 0.000000 0.000000
vt 0.967967 0.091051
vt 0.619892 0.095457
vt 0.072755 0.072755
vt 1.000000 1.000000
vt 1.000000 0.807300
vt 0.435883 0.178411
vt 0.779317 0.554054
vt 1.000000 0.884675
vt 0.807300 0.807300
vt 0.734337 0.000000
vt 0.816892 0.816892
vt 0.772371 0.410726
vt 0.375000 0.062500
vt 0.375000 0.035235
vt 0.394027 0.062500
vt 0.375000 0.125000
vt 0.375000 0.093750
vt 0.406988 0.093750
vt 0.414192 0.125000
vt 0.394027 0.062500
vt 0.400005 0.075339
vt 0.375000 0.156250
vt 0.416221 0.141586
vt 0.408150 0.156250
vt 0.408150 0.156250
vt 0.389962 0.168510
s 0
usemtl マテリアル
f 3556/4457/1408 3544/4458/1408 3558/4459/1408 3557/4460/1408
f 3564/4461/1409 3558/4462/1409 3544/4463/1409
f 3565/4463/1410 3544/4458/1410 3556/4464/1410 3559/4465/1410 3560/4466/1410
f 3565/4463/1411 3543/4458/1411 3544/4467/1411
f 3561/4468/1412 3544/4467/1412 3543/4463/1412 3563/4469/1412 3562/4470/1412
f 3564/4471/1413 3544/4467/1413 3561/4472/1413
f 3563/4473/1414 3543/4458/1414 3565/4474/1414 3566/4475/1414
s 1
f 3547/4476/1415 3546/4477/1416 3548/4478/1417
f 3550/4479/1418 3545/4480/1419 3554/4481/1420 3553/4482/1421
f 3545/4480/1419 3547/4476/1415 3548/4483/1417 3552/4484/1422 3554/4481/1420
f 3551/4485/1423 3550/4479/1418 3553/4486/1421 3555/4487/1424
f 3555/4488/1424 3549/4489/1425 3551/4485/1423
o 立方体.002_cell.070
v -0.022470 -0.071614 0.029073
v -0.026018 -0.071204 0.033360
v -0.027683 -0.061350 0.035619
v -0.010021 -0.062425 0.047839
v -0.005537 -0.064401 0.046612
v -0.001861 -0.065094 0.041261
v 0.002664 -0.069550 0.042584
v 0.009536 -0.072070 0.034343
v 0.008204 -0.073011 0.039171
v 0.006721 -0.083850 0.025312
v -0.005639 -0.091881 0.018898
v -0.002645 -0.097503 0.019244
v -0.020361 -0.078414 0.029828
v -0.009846 -0.091055 0.022881
v -0.027122 -0.064351 0.039730
v -0.018938 -0.063580 0.044010
v 0.005775 -0.092777 0.022674
v 0.001087 -0.094840 0.015985
v 0.004084 -0.097014 0.019514
v 0.009536 -0.072070 0.034343
v 0.006721 -0.083850 0.025312
v -0.026018 -0.071204 0.033360
v -0.020361 -0.078414 0.029828
v -0.027122 -0.064351 0.039730
v -0.027683 -0.061350 0.035619
v -0.022470 -0.071614 0.029073
v -0.005537 -0.064401 0.046612
v -0.010021 -0.062425 0.047839
v -0.001861 -0.065094 0.041261
v 0.008204 -0.073011 0.039171
v -0.002645 -0.097503 0.019244
v 0.004084 -0.097014 0.019514
v 0.001087 -0.094840 0.015985
vn -0.9318 -0.0760 -0.3550
vn 0.4385 0.8790 0.1874
vn 0.9154 -0.3588 0.1827
vn 0.0823 -0.8157 -0.5725
vn 0.9250 0.3380 0.1734
vn -0.8814 -0.1817 -0.4359
vn 0.1088 0.3559 -0.9282
vn -0.3916 -0.8911 0.2292
vn -0.8292 -0.5143 -0.2187
vn -0.8520 0.4201 0.3123
vn 0.8393 -0.5047 0.2023
vn 0.9136 0.2116 -0.3473
vn 0.8869 -0.0758 0.4557
vn -0.9465 0.2855 0.1503
vn 0.3074 0.6420 -0.7024
vn -0.9434 -0.2557 -0.2114
vn -0.0374 -0.6691 0.7422
vn -0.8368 -0.3944 -0.3797
vn -0.9754 0.2116 -0.0611
vn -0.7091 -0.2193 0.6702
vn -0.4387 -0.6487 0.6218
vn -0.7491 -0.2980 -0.5916
vt 1.000000 0.334345
vt 0.595009 0.000000
vt 0.721105 0.000000
vt 1.000000 0.224857
vt 0.389598 0.000000
vt 0.443637 0.000000
vt 0.534762 0.534762
vt 0.760306 0.760306
vt 0.737773 0.737773
vt 0.830017 0.000000
vt 0.754635 0.536254
vt 0.784366 0.601885
vt 0.685274 0.597946
vt 0.842247 0.736254
vt 0.842699 0.736254
vt 0.833441 0.736254
vt 0.777813 0.736254
vt 0.750000 0.736254
vt 0.750000 0.718041
vt 0.777814 0.736254
vt 0.736056 0.715087
vt 0.722186 0.736254
vt 0.750000 0.736254
vt 0.741729 0.736254
vt 0.722186 0.736254
vt 0.805627 0.736254
vt 0.805627 0.736254
vt 0.546593 0.932680
vt 0.544314 0.906250
vt 0.562500 0.906250
vt 0.562500 0.937500
vt 0.713172 0.736254
vt 0.714792 0.736254
vt 0.543666 0.895723
vt 0.543087 0.875000
vt 0.560467 0.875000
vt 0.562509 0.980284
vt 0.558629 0.979365
vt 0.554527 0.968750
vt 0.557601 0.843750
vt 0.543945 0.843750
vt 0.546355 0.837033
vt 0.550461 0.834680
vt 0.563624 0.906250
vt 1.000000 0.278895
vt 1.000000 0.404991
vt 0.887998 0.404244
vt 0.777814 0.736254
vt 0.789394 0.736254
vt 0.557601 0.843750
vt 0.559570 0.865469
s 0
usemtl マテリアル
f 3591/4490/1426 3592/4491/1426 3588/4492/1426 3581/4493/1426
f 3593/4494/1427 3595/4495/1427 3570/4496/1427
f 3586/4497/1428 3575/4498/1428 3587/4499/1428
f 3585/4500/1429 3578/4501/1429 3599/4502/1429
s 1
f 3567/4503/1430 3569/4504/1430 3590/4505/1430 3589/4505/1430
f 3577/4506/1431 3584/4507/1432 3597/4508/1433
f 3584/4507/1432 3577/4506/1431 3594/4509/1434 3572/4507/1435
f 3598/4510/1436 3584/4507/1432 3583/4511/1437
f 3584/4507/1432 3572/4512/1435 3573/4513/1438 3596/4514/1439 3583/4511/1437
f 3582/4515/1440 3580/4516/1440 3589/4505/1440 3590/4505/1440
f 3580/4517/1441 3577/4518/1431 3571/4519/1442 3582/4520/1443
f 3583/4511/1437 3596/4511/1439 3574/4521/1444 3576/4522/1445
f 3571/4519/1442 3577/4518/1431 3597/4523/1433 3598/4524/1436 3572/4525/1435
f 3590/4526/1446 3568/4527/1446 3589/4528/1446
f 3596/4529/1439 3598/4530/1436 3583/4531/1437 3576/4532/1445
f 3582/4520/1443 3571/4519/1442 3594/4533/1434
s 0
f 3588/4534/1447 3592/4535/1447 3579/4536/1447
s 1
f 3580/4515/1441 3582/4515/1443 3594/4537/1434 3577/4538/1431
f 3598/4530/1436 3596/4539/1439 3573/4540/1438 3572/4525/1435
o 立方体.002_cell.071
v 0.002642 -0.112171 -0.007172
v 0.001740 -0.126894 -0.005448
v 0.003660 -0.100670 -0.008430
v 0.004261 -0.107322 -0.015219
v 0.003608 -0.118598 -0.014110
v 0.007796 -0.127579 -0.011424
v 0.013261 -0.099591 -0.012504
v 0.011705 -0.105561 -0.011705
v 0.007904 -0.097816 -0.008887
v 0.004799 -0.101018 -0.015783
v 0.009143 -0.093182 -0.021246
v 0.013127 -0.089866 -0.022521
v 0.010346 -0.094683 -0.013540
v 0.004261 -0.107322 -0.015219
v 0.003608 -0.118598 -0.014110
v 0.004799 -0.101018 -0.015783
v 0.007796 -0.127579 -0.011424
v 0.013261 -0.099591 -0.012504
v 0.013261 -0.099591 -0.012504
v 0.013261 -0.099591 -0.012504
v 0.011705 -0.105561 -0.011705
v 0.007904 -0.097816 -0.008887
v 0.009143 -0.093182 -0.021246
v 0.010346 -0.094683 -0.013540
vn -0.9839 0.0399 -0.1739
vn -0.6436 -0.4787 -0.5972
vn 0.6236 -0.0647 0.7791
vn -0.2710 0.1283 0.9540
vn -0.9853 0.0702 -0.1559
vn -0.9063 0.3915 -0.1589
vn -0.5456 0.8007 0.2474
vn 0.4054 -0.1180 -0.9065
vn 0.3535 -0.1123 -0.9287
vn 0.3877 -0.3539 -0.8511
vn 0.5937 0.4877 0.6400
vn 0.4322 -0.3848 -0.8155
vn 0.3656 -0.6601 -0.6562
vn 0.0326 0.1106 0.9933
vn 0.9664 -0.1777 -0.1855
vn 0.8165 -0.1378 0.5606
vt 0.000000 0.000000
vt 0.218557 0.000000
vt 1.000000 0.775255
vt 1.000000 1.000000
vt 0.775255 0.775255
vt 1.000000 0.924118
vt 0.939543 0.059103
vt 0.930135 0.000000
vt 1.000000 0.020117
vt 0.899816 0.899816
vt 1.000000 0.000000
vt 0.444895 0.229980
vt 1.000000 0.781442
vt 0.418924 0.064151
vt 0.283781 0.283781
vt 0.545903 0.000000
vt 0.852263 0.622509
vt 0.844070 0.844070
vt 0.535733 0.535733
vt 0.521369 0.413451
vt 0.528294 0.413155
vt 0.536872 0.416697
vt 0.541667 0.437500
vt 0.676316 0.533556
vt 0.689020 0.541559
vt 0.678875 0.541559
vt 0.521319 0.437500
vt 0.541667 0.468750
vt 0.546237 0.468750
vt 0.196257 0.000000
vt 0.679590 0.024667
vt 0.535733 0.000000
vt 0.844070 0.000000
vt 0.964386 0.066345
vt 0.521463 0.468750
vt 0.538211 0.500000
s 0
usemtl マテリアル
f 3600/4541/1448 3613/4542/1448 3614/4543/1448 3601/4544/1448
f 3601/4544/1449 3614/4545/1449 3616/4546/1449
f 3620/4547/1450 3617/4548/1450 3621/4549/1450 3601/4544/1450 3616/4550/1450
f 3602/4541/1451 3600/4551/1451 3601/4544/1451
f 3602/4541/1452 3615/4552/1452 3613/4553/1452 3600/4544/1452
f 3602/4541/1453 3622/4554/1453 3615/4555/1453
f 3622/4556/1454 3602/4551/1454 3621/4557/1454 3623/4558/1454 3611/4559/1454
s 1
f 3605/4560/1455 3604/4561/1456 3603/4562/1456 3609/4563/1457
f 3612/4564/1458 3608/4565/1458 3619/4566/1458
f 3605/4567/1455 3609/4563/1457 3618/4568/1459
f 3610/4569/1460 3618/4568/1459 3609/4563/1457
s 0
f 3621/4570/1461 3602/4551/1461 3601/4544/1461
f 3622/4571/1462 3611/4572/1462 3623/4573/1462 3606/4574/1462
s 1
f 3605/4575/1455 3618/4568/1459 3607/4576/1463
o 立方体.002_cell.072
v 0.000539 -0.257236 0.001847
v 0.005359 -0.258725 0.005473
v 0.000494 -0.245688 0.001635
v 0.016723 -0.258699 0.014736
v 0.010472 -0.249365 0.010472
v 0.002937 -0.249365 0.014015
v -0.000000 -0.243614 0.013393
v -0.003228 -0.249685 0.015405
v -0.003327 -0.251141 0.021852
v 0.004380 -0.252209 0.026494
v 0.010252 -0.251977 0.023825
v 0.014780 -0.251933 0.021647
v 0.020949 -0.252258 0.018341
v 0.005228 -0.242349 0.012149
v 0.010252 -0.251977 0.023825
v 0.014780 -0.251933 0.021647
v -0.003228 -0.249685 0.015405
v -0.000000 -0.243614 0.013393
v -0.003327 -0.251141 0.021852
v 0.004380 -0.252209 0.026494
v 0.020949 -0.252258 0.018341
v 0.010472 -0.249365 0.010472
v 0.005228 -0.242349 0.012149
vn -0.8924 0.4366 -0.1145
vn -0.9717 -0.1045 -0.2118
vn -0.4175 -0.8886 0.1901
vn -0.2518 -0.9276 0.2758
vn 0.3448 -0.6205 0.7044
vn 0.3435 0.8394 -0.4212
vn 0.6468 0.0870 -0.7577
vn 0.6318 0.0076 -0.7751
vn 0.5987 -0.0123 -0.8009
vn 0.2397 0.8416 0.4840
vn 0.1133 0.9768 0.1817
vn 0.1421 0.9753 0.1693
vn 0.1938 0.7053 0.6819
vn 0.0348 0.9753 0.2180
vn 0.0753 0.9764 0.2026
vn 0.0854 0.8217 0.5634
vn 0.0007 0.9752 0.2215
vn 0.3087 0.1490 0.9394
vn 0.1911 0.2016 0.9607
vt 1.000000 0.000000
vt 1.000000 0.423577
vt 0.740386 0.000000
vt 0.423577 0.423577
vt 0.000000 0.000000
vt 1.000000 0.650873
vt 0.576638 0.576638
vt 0.593569 0.593569
vt 1.000000 0.539282
vt 0.539282 0.539282
vt 0.493008 0.057239
vt 0.521267 0.207318
vt 0.534939 0.353471
vt 0.611666 0.000000
vt 0.998527 0.258879
vt 0.746908 0.103243
vt 0.526546 0.000000
vt 1.000000 1.000000
vt 0.779868 0.487195
vt 0.458333 0.781250
vt 0.436825 0.781250
vt 0.435579 0.750000
vt 0.458333 0.843750
vt 0.435185 0.843750
vt 0.436460 0.812500
vt 0.458333 0.812500
vt 0.436825 0.781250
vt 0.458333 0.875000
vt 0.438753 0.875000
vt 0.470140 0.812500
vt 0.472260 0.843750
vt 0.468011 0.875000
s 0
usemtl マテリアル
f 3626/4577/1464 3640/4578/1464 3641/4579/1464
f 3640/4580/1465 3626/4581/1465 3624/4577/1465 3642/4582/1465
f 3625/4577/1466 3642/4583/1466 3624/4581/1466
f 3642/4584/1467 3625/4581/1467 3627/4577/1467 3643/4585/1467
f 3643/4586/1468 3627/4581/1468 3644/4587/1468 3639/4588/1468 3638/4589/1468
f 3645/4590/1469 3626/4577/1469 3641/4591/1469 3646/4592/1469
f 3644/4593/1470 3627/4577/1470 3626/4594/1470 3645/4595/1470
f 3626/4594/1471 3627/4581/1471 3625/4577/1471
f 3625/4581/1472 3624/4577/1472 3626/4594/1472
s 1
f 3628/4596/1473 3635/4597/1474 3636/4598/1475
f 3629/4599/1476 3633/4600/1477 3634/4601/1478
f 3628/4596/1473 3629/4602/1476 3634/4601/1478 3635/4603/1474
f 3629/4599/1476 3631/4604/1479 3632/4605/1480 3633/4600/1477
f 3629/4602/1476 3637/4606/1481 3630/4607/1482
f 3629/4602/1476 3628/4596/1473 3637/4606/1481
f 3629/4599/1476 3630/4608/1482 3631/4604/1479
o 立方体.002_cell.073
v 0.097138 0.027420 0.066137
v 0.100684 0.023675 0.070903
v 0.102594 0.022245 0.044148
v 0.106719 0.017965 0.045923
v 0.110657 0.014364 0.023406
v 0.092677 0.031254 0.093323
v 0.088494 0.035634 0.089145
v 0.092290 -0.004001 0.030824
v 0.089694 0.001122 0.029213
v 0.106599 0.018385 0.022261
v 0.078686 -0.010089 0.033860
v 0.081765 -0.014484 0.035185
v 0.070051 -0.018099 0.037287
v 0.075180 0.022639 0.096609
v 0.074284 0.028279 0.092090
v 0.062484 -0.015111 0.066203
v 0.061292 -0.011643 0.061292
v 0.066672 -0.018737 0.056428
v 0.067414 -0.016616 0.045966
v 0.072578 -0.022623 0.039215
v 0.070057 -0.021278 0.047830
v 0.097138 0.027420 0.066137
v 0.102594 0.022245 0.044148
v 0.106719 0.017965 0.045923
v 0.110657 0.014364 0.023406
v 0.092290 -0.004001 0.030824
v 0.089694 0.001122 0.029213
v 0.106599 0.018385 0.022261
v 0.078686 -0.010089 0.033860
v 0.081765 -0.014484 0.035185
v 0.061292 -0.011643 0.061292
v 0.067414 -0.016616 0.045966
v 0.070051 -0.018099 0.037287
v 0.066672 -0.018737 0.056428
v 0.070057 -0.021278 0.047830
v 0.072578 -0.022623 0.039215
v 0.088494 0.035634 0.089145
v 0.100684 0.023675 0.070903
v 0.092677 0.031254 0.093323
v 0.075180 0.022639 0.096609
v 0.074284 0.028279 0.092090
v 0.062484 -0.015111 0.066203
vn 0.7141 0.7000 0.0116
vn 0.7142 0.6997 0.0185
vn -0.1501 0.6036 0.7830
vn -0.0560 -0.3252 -0.9440
vn -0.0584 -0.3470 -0.9360
vn -0.9525 0.0845 0.2925
vn -0.8346 -0.5256 -0.1648
vn -0.8014 -0.5806 -0.1439
vn 0.7330 -0.6400 0.2306
vn 0.7153 -0.6408 0.2786
vn 0.7078 -0.6407 0.2976
vn -0.7150 0.6269 -0.3094
vn -0.7226 0.6269 -0.2913
vn -0.7404 0.6257 -0.2455
vn 0.6450 -0.6494 0.4027
vn 0.6686 -0.6467 0.3671
vn 0.7018 -0.6404 0.3121
vn -0.4568 0.6318 -0.6263
vn -0.5537 0.6359 -0.5376
vn -0.6099 0.6329 -0.4769
vn 0.5393 -0.6550 0.5293
vn 0.5896 -0.6531 0.4752
vn 0.6094 -0.6512 0.4523
vn -0.6786 0.6304 -0.3770
vn -0.6589 0.6314 -0.4089
vn -0.7091 0.6268 -0.3230
vn 0.4365 -0.6488 0.6233
vt 0.603551 0.000384
vt 0.794903 0.162177
vt 1.000000 0.327656
vt 0.982082 0.340179
vt 0.768544 0.166022
vt 0.574024 0.000000
vt 0.986274 0.194634
vt 0.353674 0.353674
vt 0.329642 0.327203
vt 1.000000 0.155373
vt 0.237550 0.000000
vt 0.190599 0.190599
vt 0.155373 0.155373
vt 0.195665 0.000000
vt 1.000000 0.396859
vt 1.000000 0.425976
vt 0.425529 0.000000
vt 0.462975 0.000000
vt 1.000000 0.050243
vt 0.784662 0.212359
vt 0.462975 0.462975
vt 0.425529 0.425529
vt 0.731919 0.188846
vt 1.000000 0.000000
vt 0.270046 0.000000
vt 1.000000 0.757566
vt 1.000000 0.799881
vt 0.235047 0.000000
vt 0.397929 0.397929
vt 0.053322 0.000000
vt 0.176709 0.002640
vt 0.710335 0.599997
vt 1.000000 0.888552
vt 1.000000 1.000000
vt 1.000000 0.397929
vt 0.890500 0.890500
vt 0.869539 0.586805
vt 0.607313 0.656539
vt 0.609362 0.687500
vt 0.590900 0.687500
vt 0.596864 0.674337
vt 0.638746 0.680627
vt 0.638746 0.652814
vt 0.638746 0.667931
vt 0.612274 0.718750
vt 0.587034 0.718750
vt 0.586331 0.700348
vt 0.655048 0.736254
vt 0.638746 0.736254
vt 0.640469 0.736254
vt 0.587034 0.718750
vt 0.612610 0.721152
vt 0.616790 0.750000
vt 0.589753 0.750000
vt 0.588480 0.736013
vt 0.638746 0.708441
vt 0.638746 0.708350
vt 0.638746 0.692519
vt 0.638746 0.736254
vt 0.589753 0.750000
vt 0.616922 0.750596
vt 0.612021 0.770895
s 0
usemtl マテリアル
f 3674/4609/1483 3669/4610/1483 3668/4611/1483 3684/4612/1483 3670/4613/1483 3671/4614/1483
f 3685/4615/1484 3684/4616/1484 3668/4617/1484 3683/4618/1484
f 3686/4619/1485 3685/4620/1485 3683/4621/1485 3687/4622/1485
f 3674/4623/1486 3671/4624/1486 3672/4625/1486 3673/4626/1486
f 3679/4627/1487 3675/4628/1487 3673/4629/1487 3672/4630/1487 3676/4631/1487 3682/4632/1487
f 3688/4633/1488 3686/4634/1488 3687/4635/1488 3677/4636/1488
f 3680/4637/1489 3688/4638/1489 3677/4639/1489 3678/4640/1489 3679/4641/1489 3682/4642/1489
f 3680/4643/1490 3682/4644/1490 3681/4645/1490
s 1
f 3651/4646/1491 3650/4647/1492 3658/4648/1493 3654/4649/1491
f 3657/4650/1494 3649/4650/1495 3656/4651/1496 3655/4652/1496
f 3658/4648/1493 3650/4647/1492 3648/4653/1497 3667/4654/1498 3666/4655/1499
f 3661/4656/1500 3653/4657/1501 3663/4658/1502
f 3667/4659/1498 3648/4660/1497 3652/4661/1503 3662/4662/1504 3664/4663/1505
f 3665/4664/1506 3647/4665/1507 3649/4650/1495 3657/4650/1494 3659/4666/1508
f 3647/4664/1507 3665/4664/1506 3663/4667/1502 3653/4657/1501
f 3662/4668/1504 3652/4669/1503 3660/4670/1509
o 立方体.002_cell.074
v -0.138820 0.045452 -0.000000
v -0.130852 0.045361 -0.000000
v -0.127856 0.045452 0.055019
v -0.119686 0.045361 0.051503
v -0.136179 0.045452 -0.028536
v -0.127932 0.045361 -0.026713
v -0.136179 0.045452 0.028536
v -0.127932 0.045361 0.026713
v -0.121749 0.045452 0.069075
v -0.108638 0.021247 0.048400
v -0.114463 0.045361 0.062937
v -0.103918 0.024035 0.044718
v -0.108384 0.016874 0.037593
v -0.103856 0.021082 0.037381
v -0.132581 0.045452 -0.039985
v -0.126961 0.038461 -0.038447
v -0.122307 0.042827 -0.037181
v -0.113676 0.017517 0.019717
v -0.109692 0.021881 0.019810
v -0.120839 0.036201 -0.023809
v -0.125577 0.032505 -0.026314
v -0.124526 0.030715 -0.021527
v -0.115997 0.027006 -0.000000
v -0.119854 0.022727 -0.000000
v -0.121749 0.045452 0.069075
v -0.121749 0.045452 0.069075
v -0.114463 0.045361 0.062937
v -0.114463 0.045361 0.062937
v -0.108638 0.021247 0.048400
v -0.132581 0.045452 -0.039985
v -0.132581 0.045452 -0.039985
v -0.126961 0.038461 -0.038447
v -0.125577 0.032505 -0.026314
v -0.124526 0.030715 -0.021527
v -0.120839 0.036201 -0.023809
v -0.115997 0.027006 -0.000000
v -0.109692 0.021881 0.019810
v -0.113676 0.017517 0.019717
v -0.119854 0.022727 -0.000000
v -0.127856 0.045452 0.055019
v -0.136179 0.045452 -0.028536
v -0.136179 0.045452 0.028536
v -0.138820 0.045452 -0.000000
v -0.119686 0.045361 0.051503
v -0.127932 0.045361 0.026713
v -0.130852 0.045361 -0.000000
v -0.127932 0.045361 -0.026713
v -0.103918 0.024035 0.044718
v -0.108384 0.016874 0.037593
v -0.103856 0.021082 0.037381
v -0.122307 0.042827 -0.037181
v -0.122307 0.042827 -0.037181
vn 0.6450 -0.2742 0.7133
vn 0.6522 -0.6989 0.2936
vn 0.2631 -0.0008 -0.9648
vn 0.6865 -0.6852 -0.2434
vn 0.6854 -0.6197 -0.3823
vn 0.6873 -0.6196 -0.3791
vn -0.7033 -0.6419 0.3055
vn -0.7186 -0.6439 0.2626
vn -0.7274 -0.6445 0.2356
vn 0.1567 0.9865 -0.0481
vn 0.0851 0.9961 -0.0239
vn 0.0875 0.9959 -0.0247
vn -0.7499 -0.6440 0.1516
vn -0.7677 -0.6408 -0.0000
vn -0.7676 -0.6407 0.0178
vn -0.7505 -0.6439 0.1487
vn 0.0096 0.9999 -0.0037
vn 0.0106 0.9999 -0.0022
vn 0.0105 0.9999 -0.0022
vn 0.0111 0.9999 -0.0000
vn 0.0092 0.9999 -0.0041
vn -0.7519 -0.6417 -0.1515
vn -0.7573 -0.6413 -0.1235
vn -0.7658 -0.6392 -0.0709
vn -0.7331 -0.6399 -0.2304
vn 0.7772 0.6289 -0.0213
vn 0.7774 0.6290 -0.0000
vn 0.7584 0.6305 -0.1652
vn 0.7586 0.6304 -0.1645
vn 0.7302 0.6407 0.2373
vn 0.7552 0.6356 0.1601
vn 0.7637 0.6325 0.1293
vn 0.7351 0.6300 -0.2505
vn 0.7248 0.6292 -0.2804
vn 0.7086 0.6270 -0.3237
vn 0.7399 0.6302 -0.2354
vn -0.7322 -0.6446 0.2200
vt 0.959097 0.256062
vt 0.839728 0.000000
vt 0.889732 0.000000
vt 0.996320 0.216941
vt 1.000000 0.110268
vt 0.975500 0.136214
vt 0.842270 0.000000
vt 0.890282 0.000000
vt 0.251971 0.000000
vt 0.319457 0.106068
vt 0.195284 0.000000
vt 0.794567 0.794567
vt 0.513528 0.000000
vt 0.599982 0.171467
vt 0.839551 0.839551
vt 0.748029 0.000000
vt 0.804716 0.000000
vt 1.000000 0.177408
vt 1.000000 0.222320
vt 0.925644 0.160770
vt 0.626956 0.339935
vt 1.000000 0.459077
vt 1.000000 0.486472
vt 0.628661 0.367196
vt 0.222320 0.222320
vt 0.177408 0.177408
vt 0.625000 0.044854
vt 0.625000 0.062500
vt 0.611229 0.060468
vt 0.875000 0.580240
vt 0.875000 0.593750
vt 0.861254 0.597186
vt 0.861254 0.584838
vt 0.625000 0.093750
vt 0.625000 0.125000
vt 0.612071 0.125000
vt 0.608608 0.093750
vt 0.861254 0.680627
vt 0.861254 0.652813
vt 0.875000 0.656250
vt 0.875000 0.687500
vt 0.861254 0.625000
vt 0.875000 0.625000
vt 0.861254 0.694486
vt 0.875000 0.705146
vt 0.625000 0.156250
vt 0.617634 0.156250
vt 0.616616 0.150851
vt 0.625000 0.169760
vt 0.621022 0.169957
vt 0.861254 0.649163
vt 0.861254 0.694487
vt 0.861254 0.652814
vt 0.861254 0.668203
vt 0.861254 0.597186
vt 0.608608 0.093750
vt 0.608740 0.073806
vt 0.610811 0.062500
s 0
usemtl マテリアル
f 3713/4671/1510 3717/4672/1510 3700/4673/1510 3715/4674/1510
f 3700/4675/1511 3717/4676/1511 3737/4677/1511 3738/4678/1511
f 3720/4679/1512 3718/4680/1512 3739/4681/1512
f 3737/4682/1513 3726/4683/1513 3725/4684/1513 3738/4685/1513
f 3720/4686/1514 3739/4687/1514 3723/4688/1514 3722/4689/1514 3721/4690/1514
f 3724/4691/1515 3725/4692/1515 3726/4693/1515 3727/4694/1515 3722/4695/1515 3723/4696/1515
s 1
f 3714/4697/1516 3728/4698/1517 3698/4699/1518
f 3719/4700/1519 3729/4701/1520 3735/4702/1521 3740/4703/1519
f 3695/4704/1522 3731/4705/1523 3712/4706/1524 3706/4707/1525
f 3732/4708/1526 3733/4709/1527 3730/4710/1528 3691/4711/1526
f 3733/4709/1527 3734/4712/1529 3689/4713/1529 3730/4710/1528
f 3716/4714/1530 3732/4708/1526 3691/4711/1526 3697/4715/1530
f 3735/4702/1521 3729/4701/1520 3689/4713/1529 3734/4712/1529
f 3731/4705/1523 3693/4716/1531 3709/4717/1532 3710/4718/1533 3712/4706/1524
f 3709/4717/1532 3693/4716/1531 3703/4719/1534 3704/4720/1534
f 3711/4712/1535 3690/4712/1536 3696/4709/1537 3707/4721/1538
f 3705/4703/1539 3694/4702/1540 3708/4702/1541
f 3736/4708/1542 3692/4708/1543 3699/4722/1544
f 3707/4723/1538 3696/4709/1537 3692/4708/1543 3736/4708/1542 3702/4724/1545
f 3708/4725/1541 3694/4702/1540 3690/4712/1536 3711/4712/1535
f 3728/4698/1517 3695/4704/1522 3706/4726/1525 3701/4727/1546 3698/4728/1518
o 立方体.002_cell.075
v 0.016974 -0.096361 -0.001997
v 0.010861 -0.097723 -0.007718
v 0.011868 -0.097240 -0.002613
v 0.006568 -0.127088 -0.001540
v 0.016574 -0.101018 -0.000000
v 0.014417 -0.099768 -0.010622
v 0.012567 -0.127762 -0.005079
v 0.013368 -0.106838 -0.009121
v 0.013586 -0.127683 0.000009
v 0.012234 -0.126704 0.006211
v 0.013471 -0.115943 0.006384
v 0.015657 -0.104592 0.003894
v 0.010861 -0.097723 -0.007718
v 0.014417 -0.099768 -0.010622
v 0.012567 -0.127762 -0.005079
v 0.013586 -0.127683 0.000009
v 0.013368 -0.106838 -0.009121
v 0.016974 -0.096361 -0.001997
v 0.016574 -0.101018 -0.000000
v 0.012234 -0.126704 0.006211
v 0.013471 -0.115943 0.006384
v 0.015657 -0.104592 0.003894
vn -0.0918 -0.9952 0.0338
vn -0.5863 -0.1039 -0.8034
vn -0.9684 0.1782 0.1742
vn -0.1623 0.9849 -0.0611
vn 0.1819 0.8949 -0.4075
vn -0.8004 0.1629 0.5770
vn -0.1124 -0.9850 0.1310
vn -0.8283 0.1837 0.5293
vn 0.0139 0.5805 0.8141
vn 0.9696 -0.1091 -0.2192
vn 0.3686 -0.1953 -0.9088
vn 0.9840 -0.1323 -0.1191
vn 0.9932 -0.1149 -0.0191
vn 0.9737 -0.1189 0.1941
vn 0.9731 -0.1188 0.1975
vn 0.9436 -0.1135 0.3111
vn -0.5157 -0.1040 -0.8504
vn 0.9606 -0.1751 -0.2157
vt 0.922473 0.000000
vt 1.000000 0.000000
vt 1.000000 0.063455
vt 0.085615 0.085615
vt 0.000000 0.000000
vt 0.946941 0.050089
vt 0.758958 0.058727
vt 1.000000 1.000000
vt 1.000000 0.866915
vt 0.379546 0.283321
vt 0.914407 0.914407
vt 1.000000 0.843051
vt 1.000000 0.262242
vt 0.614147 0.042353
vt 0.627641 0.000000
vt 0.579299 0.107928
vt 0.521361 0.562500
vt 0.541667 0.562500
vt 0.541667 0.593750
vt 0.521290 0.593750
vt 0.521383 0.625000
vt 0.541667 0.625000
vt 0.539582 0.656250
vt 0.521653 0.653188
vt 0.538948 0.662148
vt 0.531840 0.687500
vt 0.521683 0.656250
vt 0.521490 0.550784
vt 0.537240 0.531250
vt 0.541667 0.531250
vt 0.543636 0.593750
vt 0.543030 0.562500
s 0
usemtl マテリアル
f 3756/4729/1547 3744/4730/1547 3755/4731/1547
f 3755/4732/1548 3744/4733/1548 3753/4734/1548 3757/4735/1548
f 3743/4730/1549 3753/4736/1549 3744/4733/1549
f 3753/4736/1550 3743/4733/1550 3758/4730/1550
f 3754/4737/1551 3753/4736/1551 3758/4738/1551
f 3760/4733/1552 3743/4730/1552 3744/4736/1552
f 3744/4736/1553 3756/4739/1553 3760/4740/1553
f 3762/4741/1554 3743/4736/1554 3760/4733/1554 3761/4742/1554
f 3759/4743/1555 3758/4730/1555 3743/4736/1555 3762/4744/1555
s 1
f 3747/4745/1556 3746/4746/1557 3745/4747/1558 3749/4748/1559
f 3749/4749/1559 3745/4750/1558 3752/4751/1560 3750/4752/1561
f 3752/4753/1560 3751/4754/1562 3750/4755/1561
f 3746/4746/1557 3747/4756/1556 3748/4757/1563 3742/4758/1563
f 3741/4759/1564 3745/4747/1558 3746/4760/1557
o 立方体.002_cell.076
v 0.006087 -0.043927 -0.057935
v 0.001990 -0.045002 -0.063138
v 0.011688 -0.045683 -0.055931
v 0.018844 -0.034600 -0.062937
v 0.023937 -0.021752 -0.078960
v 0.027012 -0.009456 -0.088726
v 0.025704 -0.006110 -0.084744
v 0.000500 -0.033194 -0.067220
v 0.000245 -0.012161 -0.090713
v -0.000000 -0.021204 -0.076978
v -0.000534 -0.008659 -0.087073
v 0.009126 -0.009400 -0.092189
v 0.008777 -0.005707 -0.088568
v 0.019056 -0.009784 -0.090946
v 0.018237 -0.006002 -0.087312
v 0.025704 -0.006110 -0.084744
v 0.018844 -0.034600 -0.062937
v 0.023937 -0.021752 -0.078960
v 0.027012 -0.009456 -0.088726
v 0.011688 -0.045683 -0.055931
v 0.000500 -0.033194 -0.067220
v -0.000000 -0.021204 -0.076978
v -0.000534 -0.008659 -0.087073
v 0.008777 -0.005707 -0.088568
v 0.018237 -0.006002 -0.087312
v 0.009126 -0.009400 -0.092189
v 0.019056 -0.009784 -0.090946
v 0.000245 -0.012161 -0.090713
vn 0.9516 0.0061 0.3073
vn 0.7111 -0.6413 -0.2882
vn -0.9881 -0.1196 -0.0964
vn 0.1490 0.7210 -0.6767
vn -0.3167 0.6487 -0.6920
vn -0.1840 0.6191 0.7634
vn -0.5817 -0.0689 0.8105
vn -0.2451 0.6259 0.7404
vn 0.0743 -0.6917 -0.7183
vn 0.0835 -0.6880 -0.7209
vn -0.4829 -0.6895 0.5398
vn -0.1248 0.6102 0.7824
vn -0.4771 -0.3431 0.8091
vn 0.0650 -0.6955 -0.7156
vt 1.000000 0.080353
vt 0.295780 0.000000
vt 0.691580 0.000000
vt 1.000000 0.032610
vt 0.880235 0.880235
vt 1.000000 0.308420
vt 1.000000 0.704221
vt 1.000000 0.637937
vt 0.552325 0.325402
vt 0.085470 0.000000
vt 0.128142 0.000000
vt 0.899785 0.508256
vt 1.000000 0.811140
vt 1.000000 0.923259
vt 0.871611 0.533123
vt 0.707396 0.000000
vt 0.742546 0.000000
vt 0.904194 0.041549
vt 0.742546 0.742546
vt 0.707396 0.707396
vt 0.871858 0.000000
vt 0.722187 0.513746
vt 0.713720 0.513746
vt 0.710366 0.513746
vt 0.713209 0.513746
vt 0.571613 0.406250
vt 0.593574 0.406250
vt 0.593760 0.420169
vt 0.586764 0.419959
vt 0.747041 0.513746
vt 0.735864 0.513746
vt 0.736651 0.513746
vt 0.750000 0.513746
vt 0.750000 0.513746
vt 0.748975 0.513746
vt 0.593574 0.406250
vt 0.571613 0.406250
vt 0.572681 0.390836
vt 0.573537 0.379787
vt 0.579053 0.377502
vt 0.592221 0.375408
vt 0.593792 0.389921
s 0
usemtl マテリアル
f 3778/4761/1565 3779/4762/1565 3780/4763/1565 3781/4764/1565
f 3765/4765/1566 3780/4766/1566 3779/4767/1566
f 3783/4768/1567 3784/4769/1567 3785/4770/1567 3790/4771/1567
f 3787/4772/1568 3778/4773/1568 3781/4774/1568 3789/4775/1568 3788/4776/1568 3786/4777/1568
f 3785/4778/1569 3786/4779/1569 3788/4780/1569 3790/4781/1569
s 1
f 3777/4782/1570 3782/4783/1571 3766/4784/1572 3769/4785/1572
f 3782/4786/1571 3776/4787/1573 3768/4788/1574 3767/4789/1574
f 3764/4790/1575 3763/4791/1575 3782/4782/1571 3777/4782/1570 3775/4792/1576 3773/4793/1576 3772/4794/1576 3770/4795/1577
f 3776/4796/1573 3782/4797/1571 3763/4798/1575 3764/4799/1575 3770/4800/1577 3771/4801/1578 3774/4802/1578
o 立方体.002_cell.077
v -0.042811 -0.259315 -0.042811
v -0.048841 -0.263524 -0.034200
v -0.035857 -0.257175 -0.035857
v -0.035630 -0.263524 -0.035922
v -0.037516 -0.258289 -0.040849
v -0.040216 -0.263524 -0.044628
v -0.048841 -0.263524 -0.034200
v -0.035630 -0.263524 -0.035922
v -0.035857 -0.257175 -0.035857
v -0.037516 -0.258289 -0.040849
v -0.040216 -0.263524 -0.044628
vn 0.9458 0.0371 -0.3226
vn 0.8785 -0.1190 -0.4627
vn -0.4429 -0.4234 -0.7903
vn -0.5323 0.6494 -0.5431
vn -0.2804 0.9521 -0.1221
vn 0.0722 0.7906 -0.6081
vn 0.1293 -0.0056 0.9916
vn -0.9523 -0.2241 -0.2070
vn -0.0000 -1.0000 -0.0000
vt 0.440165 0.000000
vt 0.486035 0.000000
vt 0.570416 0.570416
vt 1.000000 0.513965
vt 1.000000 0.559834
vt 0.974382 0.497311
vt 0.375000 0.259063
vt 0.375000 0.250000
vt 0.392238 0.252403
vt 0.383594 0.257304
vt 0.983917 0.538440
vt 0.543680 0.000000
vt 0.620226 0.009589
vt 0.375000 0.221949
vt 0.392920 0.250000
vt 0.376323 0.222562
vt 0.162081 0.536497
vt 0.125000 0.529287
vt 0.133827 0.500000
s 0
usemtl マテリアル
f 3798/4803/1579 3800/4804/1579 3793/4805/1579
f 3800/4806/1580 3798/4807/1580 3801/4808/1580
s 1
f 3796/4809/1581 3791/4810/1582 3799/4811/1583 3795/4812/1584
s 0
f 3797/4813/1585 3798/4814/1585 3793/4815/1585
s 1
f 3791/4810/1582 3796/4810/1581 3792/4816/1586
f 3799/4817/1583 3791/4810/1582 3792/4818/1586
f 3794/4819/1587 3792/4820/1586 3796/4821/1581
o 立方体.002_cell.078
v -0.053795 -0.263524 0.023149
v -0.057297 -0.263524 -0.012007
v -0.057297 -0.263524 0.012007
v -0.047290 -0.263524 -0.014381
v -0.055720 -0.263524 -0.017027
v -0.058409 -0.262388 -0.000000
v -0.051786 -0.262183 0.027774
v -0.049504 -0.262161 0.033026
v -0.043515 -0.263524 0.019925
v -0.035479 -0.263524 0.000112
v -0.047290 -0.263524 -0.014381
v -0.055720 -0.263524 -0.017027
v -0.053795 -0.263524 0.023149
v -0.051786 -0.262183 0.027774
v -0.049504 -0.262161 0.033026
v -0.058409 -0.262388 -0.000000
v -0.057297 -0.263524 -0.012007
v -0.043515 -0.263524 0.019925
v -0.035479 -0.263524 0.000112
v -0.057297 -0.263524 0.012007
vn -0.0000 1.0000 -0.0000
vn -0.0399 0.9991 -0.0151
vn 0.0363 0.9990 -0.0270
vn 0.8418 0.4180 0.3414
vn -0.1492 -0.9865 0.0678
vn -0.9172 -0.0000 0.3985
vn -0.0581 -0.9979 0.0283
vn -0.0170 -0.9998 0.0104
vt 0.088038 0.059207
vt 0.062969 0.062969
vt 0.028818 0.000000
vt 0.264897 0.000000
vt 1.000000 0.000000
vt 0.912746 0.069166
vt 0.702388 0.067083
vt 0.503904 0.049948
vt 0.332908 0.017312
vt 0.222759 0.000000
vt 1.000000 1.000000
vt 0.264897 0.264897
vt 0.573585 0.573585
vt 0.000000 0.000000
vt 0.375000 0.033032
vt 0.375000 0.048700
vt 0.375000 0.062500
vt 0.125000 0.718731
vt 0.125000 0.687500
vt 0.125000 0.656250
vt 0.125000 0.625000
vt 0.125000 0.593750
vt 0.125000 0.579670
vt 0.146814 0.589272
vt 0.178944 0.625259
vt 0.153043 0.674065
s 0
usemtl マテリアル
f 3813/4822/1588 3818/4823/1588 3812/4824/1588
f 3815/4825/1589 3812/4826/1589 3818/4827/1589 3817/4828/1589 3821/4829/1589 3814/4830/1589
f 3816/4831/1590 3820/4826/1590 3812/4832/1590 3815/4833/1590
f 3816/4834/1591 3819/4835/1591 3820/4826/1591
s 1
f 3809/4836/1592 3808/4837/1593 3802/4838/1594
f 3809/4839/1592 3802/4840/1594 3804/4841/1595 3807/4842/1595 3803/4843/1595 3806/4844/1595 3805/4845/1595 3811/4846/1595 3810/4847/1595
o 立方体.002_cell.079
v -0.000000 -0.095627 -0.014951
v 0.003913 -0.092794 -0.018674
v 0.010522 -0.087605 -0.020794
v 0.012199 -0.079128 -0.027505
v 0.006111 -0.080381 -0.033213
v 0.014078 -0.078268 -0.032715
v -0.003758 -0.079601 -0.029323
v -0.000000 -0.081775 -0.032634
v -0.002429 -0.095742 -0.020735
v -0.000738 -0.097780 -0.010242
v 0.007301 -0.091245 -0.023521
v 0.011397 -0.086370 -0.026485
v 0.010522 -0.087605 -0.020794
v 0.012199 -0.079128 -0.027505
v 0.012199 -0.079128 -0.027505
v 0.012199 -0.079128 -0.027505
v 0.006111 -0.080381 -0.033213
v 0.006111 -0.080381 -0.033213
v -0.000000 -0.081775 -0.032634
v 0.007301 -0.091245 -0.023521
v 0.011397 -0.086370 -0.026485
v 0.014078 -0.078268 -0.032715
v -0.003758 -0.079601 -0.029323
v -0.000000 -0.095627 -0.014951
v -0.002429 -0.095742 -0.020735
vn 0.9871 -0.0907 0.1321
vn -0.2596 0.9635 0.0654
vn -0.2215 0.6807 -0.6983
vn -0.1398 -0.6665 -0.7323
vn 0.3197 -0.6981 -0.6406
vn -0.8957 -0.4233 -0.1358
vn -0.4211 0.5620 0.7119
vn 0.2659 0.6944 0.6687
vn -0.7842 0.5477 0.2917
vn -0.2527 0.6285 0.7356
vn -0.9898 -0.1397 -0.0285
vn -0.9937 0.0876 0.0704
vn -0.3969 0.6149 0.6814
vn -0.8159 0.4494 0.3637
vn 0.5360 -0.6713 -0.5119
vn 0.9421 -0.0578 0.3303
vn 0.1569 -0.6976 -0.6991
vn -0.0271 -0.6680 -0.7436
vn -0.6183 0.7469 0.2447
vn 0.7579 -0.6519 -0.0249
vt 0.688711 0.000000
vt 1.000000 0.252848
vt 0.435228 0.000000
vt 0.894474 0.324820
vt 0.202005 0.202005
vt 0.112677 0.107801
vt 0.701518 0.246646
vt 0.730064 0.325334
vt 0.269760 0.269760
vt 0.552615 0.375000
vt 0.553487 0.406250
vt 0.546001 0.406250
vt 0.544793 0.375000
vt 0.750000 0.513746
vt 0.722186 0.513746
vt 0.726304 0.513746
vt 0.722187 0.513746
vt 0.700690 0.513746
vt 0.694373 0.513746
vt 0.695785 0.513746
vt 0.685494 0.513746
vt 0.554620 0.437728
vt 0.553672 0.439390
vt 0.550001 0.437500
vt 0.767178 0.513746
vt 0.765089 0.513746
vt 0.554610 0.437500
vt 0.547225 0.421033
vt 0.552326 0.355351
vt 0.552615 0.375000
vt 0.544667 0.357337
vt 0.852476 0.042096
vt 0.783561 0.059627
vt 0.647268 0.000000
vt 0.572369 0.572369
vt 1.000000 0.311289
vt 1.000000 0.564772
s 0
usemtl マテリアル
f 3833/4848/1596 3835/4849/1596 3834/4850/1596
f 3839/4851/1597 3836/4852/1597 3827/4853/1597
f 3840/4854/1598 3844/4855/1598 3838/4856/1598
s 1
f 3829/4857/1599 3826/4858/1600 3823/4859/1600 3846/4860/1601
f 3822/4861/1602 3823/4862/1603 3826/4863/1603 3828/4861/1604
f 3826/4864/1605 3823/4865/1606 3841/4866/1607 3837/4867/1608
f 3841/4866/1607 3824/4868/1609 3837/4866/1608
f 3843/4869/1610 3825/4870/1611 3842/4871/1612
f 3828/4872/1604 3846/4873/1601 3822/4861/1602
f 3826/4858/1613 3843/4874/1610 3842/4871/1612 3841/4875/1607 3823/4859/1606
f 3828/4876/1604 3829/4877/1599 3846/4878/1601
s 0
f 3831/4879/1614 3845/4880/1614 3830/4881/1614
f 3832/4882/1615 3833/4883/1615 3834/4884/1615
o 立方体.002_cell.080
v -0.004902 -0.112547 0.004018
v -0.003148 -0.117793 0.004544
v -0.004846 -0.126944 0.012737
v -0.007307 -0.092492 0.017861
v -0.007549 -0.097997 0.017543
v -0.006906 -0.116611 0.013158
v -0.004880 -0.098808 0.004697
v -0.006433 -0.121646 0.012753
v -0.003805 -0.101018 0.016104
v -0.003604 -0.095380 0.014697
v -0.003000 -0.097800 0.009920
v -0.006906 -0.116611 0.013158
v -0.006433 -0.121646 0.012753
v -0.007549 -0.097997 0.017543
v -0.007549 -0.097997 0.017543
v -0.007549 -0.097997 0.017543
v -0.004880 -0.098808 0.004697
v -0.004846 -0.126944 0.012737
v -0.003604 -0.095380 0.014697
v -0.003000 -0.097800 0.009920
v -0.003000 -0.097800 0.009920
v -0.003805 -0.101018 0.016104
v -0.007307 -0.092492 0.017861
vn -0.9672 -0.0713 -0.2437
vn -0.8689 -0.2589 -0.4220
vn 0.9527 0.0846 0.2919
vn 0.9983 -0.0520 -0.0265
vn -0.7937 -0.3174 -0.5190
vn 0.6145 -0.0723 0.7856
vn 0.4070 0.0445 -0.9124
vn 0.3334 0.8573 -0.3923
vn -0.2216 0.9692 -0.1072
vn -0.0255 -0.1648 0.9860
vn 0.0161 -0.1623 0.9866
vn -0.0218 -0.1646 0.9861
vn -0.9277 -0.1157 0.3549
vn -0.9785 0.0134 -0.2060
vt 0.224905 0.224905
vt 0.000000 0.000000
vt 0.628708 0.000000
vt 1.000000 0.429386
vt 0.628708 0.628708
vt 1.000000 0.441917
vt 1.000000 1.000000
vt 0.358469 0.019658
vt 0.352780 0.000000
vt 0.428009 0.000000
vt 0.464085 0.091401
vt 0.439706 0.428296
vt 1.000000 0.000000
vt 0.428009 0.428009
vt 0.352780 0.352780
vt 0.560638 0.344620
vt 0.065056 0.000000
vt 0.773836 0.710895
vt 0.777813 0.708441
vt 0.777813 0.716164
vt 0.777814 0.680627
vt 0.786591 0.680627
vt 0.795094 0.708441
vt 0.523561 0.937500
vt 0.521693 0.915004
vt 0.541667 0.910295
vt 0.541667 0.937500
vt 0.541667 0.943390
vt 0.529806 0.949885
vt 0.523561 0.937500
vt 0.285482 0.272393
vt 0.554328 0.000000
vt 1.000000 0.224905
s 0
usemtl マテリアル
f 3858/4885/1616 3847/4886/1616 3859/4887/1616
f 3864/4888/1617 3859/4889/1617 3847/4886/1617
f 3853/4890/1618 3864/4891/1618 3848/4886/1618
f 3866/4892/1619 3865/4893/1619 3860/4894/1619 3868/4895/1619 3864/4891/1619 3853/4896/1619
f 3864/4891/1620 3847/4886/1620 3848/4897/1620
f 3860/4898/1621 3865/4899/1621 3869/4900/1621
f 3847/4891/1622 3853/4901/1622 3848/4897/1622
s 1
f 3856/4902/1623 3867/4903/1623 3850/4904/1623
f 3857/4905/1624 3863/4906/1624 3861/4907/1624
f 3854/4908/1625 3849/4909/1626 3855/4910/1626 3862/4911/1627
f 3862/4912/1627 3852/4913/1628 3854/4914/1625
s 0
f 3851/4915/1629 3853/4916/1629 3847/4897/1629 3858/4917/1629
o 立方体.002_cell.081
v 0.003263 -0.244224 0.000993
v 0.003585 -0.197608 0.001094
v 0.012484 -0.242648 0.004319
v 0.011619 -0.236570 0.004101
v 0.010752 -0.197408 0.003762
vn 0.3372 0.0141 -0.9413
vn -0.3490 0.0004 0.9371
vt 1.000000 0.734515
vt 1.000000 1.000000
vt 0.852898 0.826991
vt 0.862580 0.000000
vt 1.000000 0.000000
vt 0.840777 0.840777
s 0
usemtl マテリアル
f 3872/4918/1630 3870/4919/1630 3873/4920/1630
f 3874/4921/1631 3871/4922/1631 3870/4919/1631 3873/4923/1631
o 立方体.002_cell.082
v 0.012182 -0.095627 0.012182
v 0.012790 -0.100944 0.011179
v 0.019974 -0.092410 0.013632
v 0.017969 -0.097310 0.008008
v 0.012790 -0.100944 0.011179
v 0.012182 -0.095627 0.012182
v 0.017969 -0.097310 0.008008
vn -0.5653 0.0901 -0.8199
vn -0.2941 0.3040 0.9061
vn 0.3199 -0.5005 0.8044
vn 0.6522 0.6375 0.4102
vn 0.9616 -0.2390 -0.1346
vt 0.366897 0.366897
vt 1.000000 0.233885
vt 0.915713 0.442583
vt 0.542335 0.750000
vt 0.541667 0.718750
vt 0.548294 0.732127
vt 0.546564 0.718750
vt 0.541771 0.699097
vt 0.543777 0.689543
vt 0.638746 0.708441
vt 0.638746 0.708441
vt 0.638746 0.696265
s 0
usemtl マテリアル
f 3878/4924/1632 3879/4925/1632 3880/4926/1632
s 1
f 3875/4927/1633 3876/4928/1634 3877/4929/1635
f 3877/4930/1635 3876/4931/1634 3881/4932/1636
f 3875/4933/1633 3877/4934/1635 3881/4935/1636
o 立方体.002_cell.083
v 0.054249 -0.023716 -0.054249
v 0.041681 -0.055293 -0.037771
v 0.042130 -0.047436 -0.038045
v 0.046213 -0.048829 -0.040910
v 0.057830 -0.023716 -0.049315
v 0.074245 0.001067 -0.061099
v 0.081878 0.012626 -0.066620
v 0.034640 -0.053922 -0.038069
v 0.034244 -0.058669 -0.040643
v 0.039439 -0.044498 -0.044076
v 0.085892 0.009140 -0.070420
v 0.070728 0.004533 -0.070728
v 0.075147 0.002001 -0.075147
v 0.069580 -0.000929 -0.075997
v 0.062729 0.000022 -0.072005
v 0.063424 -0.004318 -0.076781
v 0.057830 -0.023716 -0.049315
v 0.074245 0.001067 -0.061099
v 0.042130 -0.047436 -0.038045
v 0.081878 0.012626 -0.066620
v 0.034640 -0.053922 -0.038069
v 0.039439 -0.044498 -0.044076
v 0.070728 0.004533 -0.070728
v 0.041681 -0.055293 -0.037771
v 0.041681 -0.055293 -0.037771
v 0.041681 -0.055293 -0.037771
v 0.046213 -0.048829 -0.040910
v 0.069580 -0.000929 -0.075997
v 0.063424 -0.004318 -0.076781
v 0.062729 0.000022 -0.072005
v 0.085892 0.009140 -0.070420
v 0.034244 -0.058669 -0.040643
v 0.075147 0.002001 -0.075147
vn 0.5735 -0.0043 0.8192
vn 0.6205 -0.0315 0.7836
vn 0.6527 -0.0707 0.7543
vn -0.9098 0.2540 -0.3284
vn -0.1276 -0.4644 0.8764
vn -0.2071 0.6883 -0.6952
vn -0.2896 0.6915 -0.6618
vn -0.9005 0.2450 -0.3594
vn -0.4560 0.6318 0.6268
vn -0.5419 0.5963 0.5922
vn -0.5274 0.6255 0.5750
vn -0.5861 0.6353 0.5028
vn 0.6231 -0.6488 -0.4367
vn 0.4814 -0.6547 -0.5828
vn 0.5833 -0.6534 -0.4825
vn 0.4703 -0.6540 -0.5925
vn -0.5508 0.5922 0.5882
vn -0.5907 0.6139 0.5236
vn -0.6269 0.6318 0.4559
vt 1.000000 0.956016
vt 0.863988 0.863988
vt 1.000000 0.929442
vt 0.929442 0.929442
vt 1.000000 0.000000
vt 1.000000 0.193763
vt 0.977556 0.583306
vt 0.956016 0.956016
vt 0.000000 0.000000
vt 0.071695 0.000000
vt 0.193763 0.193763
vt 1.000000 0.456073
vt 0.789620 0.000000
vt 1.000000 0.162419
vt 1.000000 0.586868
vt 0.456073 0.456073
vt 0.162419 0.162419
vt 0.874783 0.118740
vt 1.000000 0.928305
vt 0.968161 0.968161
vt 0.859525 0.262571
vt 0.824139 0.000000
vt 1.000000 0.527923
vt 1.000000 0.617542
vt 0.856960 0.856960
vt 0.822469 0.822469
vt 1.000000 0.210380
vt 0.617542 0.617542
vt 0.527923 0.527923
vt 1.000000 0.072104
vt 0.647045 0.513746
vt 0.638746 0.513746
vt 0.642675 0.513746
vt 0.649054 0.513746
vt 0.571359 0.510258
vt 0.566728 0.500000
vt 0.600279 0.500000
vt 0.604380 0.517947
vt 0.567542 0.485314
vt 0.596683 0.483998
vt 0.599100 0.494669
vt 0.566728 0.500000
vt 0.638746 0.520332
vt 0.638746 0.521354
vt 0.638746 0.525633
vt 0.638746 0.529056
vt 0.638746 0.525633
vt 0.638746 0.528199
s 0
usemtl マテリアル
f 3900/4936/1637 3905/4937/1637 3908/4938/1637
f 3908/4939/1638 3912/4940/1638 3899/4941/1638 3898/4942/1638 3900/4943/1638
f 3912/4944/1639 3901/4945/1639 3899/4946/1639
f 3902/4947/1640 3903/4948/1640 3913/4949/1640
f 3906/4950/1641 3902/4951/1641 3913/4952/1641
f 3904/4953/1642 3901/4954/1642 3912/4955/1642 3914/4956/1642 3909/4957/1642
f 3910/4958/1643 3911/4959/1643 3904/4960/1643 3909/4961/1643
f 3903/4962/1644 3911/4963/1644 3910/4964/1644 3913/4965/1644
s 1
f 3891/4966/1645 3889/4967/1646 3882/4967/1647 3893/4968/1648 3896/4969/1645
f 3885/4970/1649 3907/4971/1650 3894/4972/1651 3892/4973/1649
f 3890/4974/1652 3897/4975/1652 3895/4976/1652 3894/4972/1651 3907/4977/1650
f 3883/4978/1653 3884/4979/1653 3886/4980/1654 3882/4967/1647 3889/4967/1646
f 3888/4981/1655 3893/4967/1648 3882/4967/1647 3886/4982/1654 3887/4983/1655
o 立方体.002_cell.084
v -0.033623 -0.263524 -0.049245
v -0.035590 -0.263524 -0.044383
v -0.033879 -0.258092 -0.042311
v -0.024007 -0.263524 -0.052379
v -0.037262 -0.259315 -0.046697
v -0.035590 -0.263524 -0.044383
v -0.033879 -0.258092 -0.042311
v -0.024007 -0.263524 -0.052379
vn 0.5096 -0.4420 0.7382
vn -0.8298 0.4860 -0.2742
vn -0.8366 -0.5380 0.1029
vn -0.3790 0.9248 0.0346
vn -0.0831 0.3388 -0.9372
vn -0.4113 -0.5869 -0.6974
vt 0.484415 0.484415
vt 0.526365 0.000000
vt 0.537484 0.537484
vt 0.375000 0.268875
vt 0.379812 0.268311
vt 0.383813 0.281250
vt 0.375000 0.312500
vt 0.375000 0.281250
vt 0.375000 0.312500
vt 0.383813 0.281250
vt 0.375000 0.268961
vt 0.156250 0.500000
vt 0.185573 0.502803
vt 0.143961 0.500000
s 0
usemtl マテリアル
f 3920/4984/1656 3922/4985/1656 3921/4986/1656
s 1
f 3919/4987/1657 3916/4988/1658 3917/4989/1659
f 3918/4990/1660 3915/4991/1661 3919/4991/1657
f 3918/4992/1660 3919/4991/1657 3917/4993/1659
f 3919/4991/1657 3915/4991/1661 3916/4994/1658
f 3915/4995/1661 3918/4996/1660 3916/4997/1658
o 立方体.002_cell.085
v -0.054249 -0.023716 -0.054249
v -0.042703 -0.023716 -0.062627
v -0.077900 -0.022693 -0.024696
v -0.072750 -0.021104 -0.023667
v -0.066582 -0.036695 -0.021812
v -0.060949 -0.035238 -0.023233
v -0.062768 -0.039187 -0.027010
v -0.054398 -0.043519 -0.037137
v -0.045590 -0.046275 -0.045590
v -0.039183 -0.046627 -0.049719
v -0.034536 -0.043354 -0.048768
v -0.031249 -0.041243 -0.052353
v -0.034526 -0.038247 -0.060351
v -0.040140 -0.021969 -0.072773
v -0.038047 -0.019662 -0.068324
v -0.044946 -0.008803 -0.082703
v -0.042910 -0.005806 -0.078361
v -0.078048 -0.014597 -0.043484
v -0.073968 -0.011468 -0.041568
v -0.078231 -0.019955 -0.031234
v -0.074354 -0.016666 -0.030158
v -0.075967 -0.012884 -0.051866
v -0.072012 -0.009797 -0.049100
v -0.054557 0.002078 -0.080020
v -0.065048 -0.005205 -0.065048
v -0.068876 -0.008241 -0.068876
v -0.057797 -0.000547 -0.084654
v -0.077900 -0.022693 -0.024696
v -0.066582 -0.036695 -0.021812
v -0.066582 -0.036695 -0.021812
v -0.066582 -0.036695 -0.021812
v -0.034526 -0.038247 -0.060351
v -0.040140 -0.021969 -0.072773
v -0.038047 -0.019662 -0.068324
v -0.042910 -0.005806 -0.078361
v -0.044946 -0.008803 -0.082703
v -0.072012 -0.009797 -0.049100
v -0.065048 -0.005205 -0.065048
v -0.054557 0.002078 -0.080020
v -0.068876 -0.008241 -0.068876
v -0.057797 -0.000547 -0.084654
v -0.075967 -0.012884 -0.051866
v -0.039183 -0.046627 -0.049719
v -0.034536 -0.043354 -0.048768
v -0.072750 -0.021104 -0.023667
v -0.062768 -0.039187 -0.027010
v -0.073968 -0.011468 -0.041568
v -0.074354 -0.016666 -0.030158
v -0.060949 -0.035238 -0.023233
v -0.078048 -0.014597 -0.043484
v -0.078231 -0.019955 -0.031234
v -0.031249 -0.041243 -0.052353
vn -0.2061 0.0348 0.9779
vn 0.3386 -0.7272 0.5971
vn 0.9067 -0.0092 -0.4218
vn 0.9035 0.0067 -0.4285
vn -0.6645 0.6882 0.2911
vn -0.5016 0.7241 0.4733
vn 0.5701 -0.8207 0.0395
vn 0.4822 0.5864 -0.6508
vn -0.6034 0.7970 -0.0252
vn -0.2940 -0.6803 0.6714
vn 0.2187 -0.8018 0.5562
vn -0.6570 -0.6477 -0.3858
vn -0.5089 -0.6541 -0.5596
vn -0.7329 -0.6400 -0.2309
vn -0.7157 -0.6409 -0.2775
vn 0.7251 -0.6885 0.0129
vn 0.8299 0.5345 0.1597
vn 0.8061 0.5175 0.2871
vn -0.3529 -0.9268 -0.1286
vn -0.3704 -0.6631 -0.6505
vn -0.2798 -0.6764 -0.6813
vn 0.6785 -0.5179 -0.5210
vn 0.9406 0.2388 0.2412
vn 0.5170 0.5661 0.6420
vn 0.4475 0.5938 0.6687
vn 0.4689 0.6251 0.6240
vn 0.5207 0.6042 0.6032
vn 0.6979 0.5375 0.4733
vn 0.7926 0.5082 0.3369
vn 0.4028 0.5474 0.7336
vn 0.4897 0.6142 0.6188
vn -0.7060 -0.6408 -0.3016
vt 1.000000 0.600314
vt 0.078282 0.078282
vt 0.000905 0.000905
vt 0.720548 0.720548
vt 0.698576 0.698576
vt 0.743144 0.718369
vt 1.000000 0.657267
vt 1.000000 0.682383
vt 0.706237 0.706237
vt 0.682383 0.682383
vt 0.657267 0.657267
vt 0.637204 0.000000
vt 0.663178 0.000000
vt 0.945007 0.654939
vt 0.656185 0.656185
vt 0.632803 0.632803
vt 1.000000 0.633173
vt 1.000000 0.000683
vt 1.000000 0.059544
vt 0.655308 0.655308
vt 0.633173 0.633173
vt 0.831650 0.000000
vt 1.000000 0.184704
vt 1.000000 0.208863
vt 1.000000 0.606988
vt 0.663178 0.663178
vt 0.637204 0.637204
vt 1.000000 0.574719
vt 0.791684 0.626006
vt 0.606987 0.606987
vt 0.579668 0.574854
vt 0.771154 0.594706
vt 0.958288 0.635835
vt 1.000000 0.647703
vt 1.000000 0.672027
vt 0.968388 0.663276
vt 0.572812 0.250000
vt 0.574381 0.218750
vt 0.591810 0.218750
vt 0.594452 0.250000
vt 0.578263 0.173440
vt 0.586241 0.171959
vt 0.588340 0.187500
vt 0.576845 0.187500
vt 0.861254 0.575267
vt 0.861254 0.569373
vt 0.861254 0.572251
vt 0.861254 0.582091
vt 0.861254 0.580731
vt 0.572631 0.281250
vt 0.598971 0.282075
vt 0.594132 0.297755
vt 0.586641 0.296756
vt 0.577380 0.294238
vt 0.573985 0.292118
vt 0.598829 0.281250
vt 0.572611 0.269835
vt 0.861254 0.513746
vt 0.833441 0.513746
vt 0.833441 0.513746
vt 0.861254 0.513746
vt 0.861254 0.541559
vt 0.861254 0.541559
vt 0.861254 0.541559
vt 0.861254 0.554140
vt 0.832992 0.513746
vt 0.823582 0.513746
vt 0.822544 0.513746
vt 0.820286 0.513746
vt 0.819265 0.513746
vt 0.843999 0.513746
vt 0.591424 0.211678
s 0
usemtl マテリアル
f 3951/4998/1662 3967/4999/1662 3950/5000/1662
f 3971/5001/1663 3952/5002/1663 3929/5003/1663
f 3955/5004/1664 3956/5005/1664 3954/5006/1664
f 3956/5007/1665 3955/5008/1665 3958/5009/1665 3957/5010/1665
f 3970/5011/1666 3969/5012/1666 3972/5013/1666 3973/5014/1666
f 3950/5015/1667 3967/5016/1667 3970/5017/1667 3973/5018/1667
f 3934/5019/1668 3966/5020/1668 3932/5021/1668
f 3961/5022/1669 3957/5023/1669 3958/5024/1669 3963/5025/1669
f 3960/5026/1670 3961/5027/1670 3963/5028/1670 3962/5029/1670 3964/5030/1670 3972/5031/1670 3969/5032/1670 3959/5033/1670
s 1
f 3931/5034/1671 3930/5035/1672 3944/5036/1673 3948/5037/1674
f 3953/5038/1675 3925/5039/1675 3942/5040/1676 3968/5041/1677
f 3928/5042/1678 3968/5043/1677 3943/5044/1679 3926/5045/1678 3927/5046/1678
f 3965/5047/1680 3949/5048/1681 3938/5049/1682 3936/5050/1682 3935/5051/1683 3974/5052/1684
f 3931/5034/1671 3948/5037/1674 3949/5053/1681 3965/5054/1680
f 3923/5055/1685 3924/5056/1686 3946/5057/1687 3947/5058/1688
f 3931/5055/1671 3923/5055/1685 3947/5055/1688 3945/5059/1689 3930/5060/1672
f 3943/5043/1679 3968/5043/1677 3930/5061/1672 3945/5059/1689 3941/5062/1690
f 3924/5056/1686 3933/5063/1691 3974/5064/1684 3935/5065/1683 3937/5066/1692 3939/5067/1692 3946/5057/1687
f 3933/5057/1691 3924/5056/1686 3923/5055/1685 3931/5055/1671 3965/5068/1680
f 3968/5041/1677 3942/5040/1676 3940/5069/1693 3944/5036/1673 3930/5035/1672
o 立方体.002_cell.086
v -0.100019 0.014873 -0.054839
v -0.095681 0.018922 -0.052866
v -0.084755 -0.005123 -0.047953
v -0.080109 -0.002315 -0.045843
v -0.078994 -0.012479 -0.045755
v -0.074854 -0.009290 -0.043848
v -0.077009 -0.011405 -0.052577
v -0.069598 -0.006183 -0.057442
v -0.073032 -0.008285 -0.049795
v -0.073625 -0.009352 -0.060449
v -0.069764 -0.006790 -0.069764
v -0.055711 0.003438 -0.080553
v -0.065913 -0.003721 -0.065913
v -0.058849 0.000871 -0.085392
v -0.069047 0.023051 -0.101310
v -0.067175 0.018958 -0.098387
v -0.066254 0.027368 -0.097017
v -0.073629 0.029875 -0.105228
v -0.071264 0.034724 -0.100791
v -0.108767 0.026366 -0.058848
v -0.104664 0.031203 -0.056984
v -0.100184 0.030383 -0.065203
v -0.104576 0.025507 -0.066691
v -0.089412 0.025301 -0.089412
v -0.085924 0.030582 -0.085924
v -0.066254 0.027368 -0.097017
v -0.071264 0.034724 -0.100791
v -0.100019 0.014873 -0.054839
v -0.084755 -0.005123 -0.047953
v -0.095681 0.018922 -0.052866
v -0.080109 -0.002315 -0.045843
v -0.074854 -0.009290 -0.043848
v -0.078994 -0.012479 -0.045755
v -0.077009 -0.011405 -0.052577
v -0.073625 -0.009352 -0.060449
v -0.069598 -0.006183 -0.057442
v -0.073032 -0.008285 -0.049795
v -0.069764 -0.006790 -0.069764
v -0.058849 0.000871 -0.085392
v -0.055711 0.003438 -0.080553
v -0.065913 -0.003721 -0.065913
v -0.104576 0.025507 -0.066691
v -0.089412 0.025301 -0.089412
v -0.069047 0.023051 -0.101310
v -0.067175 0.018958 -0.098387
v -0.073629 0.029875 -0.105228
v -0.108767 0.026366 -0.058848
v -0.104664 0.031203 -0.056984
v -0.100184 0.030383 -0.065203
v -0.085924 0.030582 -0.085924
vn -0.4128 -0.0015 0.9108
vn -0.3955 -0.0355 0.9178
vn 0.5958 -0.8017 0.0471
vn 0.6037 -0.7966 0.0311
vn 0.8398 -0.0035 -0.5429
vn 0.7584 0.1719 -0.6287
vn -0.4151 0.0014 0.9098
vn -0.6154 0.6774 -0.4030
vn -0.6102 0.6759 -0.4134
vn -0.4357 -0.6487 -0.6239
vn -0.4176 -0.6468 -0.6381
vn -0.4359 -0.6487 -0.6238
vn 0.4563 0.6319 0.6265
vn 0.5420 0.6353 0.5501
vn 0.5733 0.6344 0.5185
vn 0.7089 0.6267 0.3234
vn 0.6796 0.6291 0.3773
vn 0.6749 0.6293 0.3854
vn -0.5323 -0.6527 -0.5391
vn -0.5671 -0.6514 -0.5041
vn -0.6348 -0.6436 -0.4276
vn -0.6756 -0.6442 -0.3586
vn -0.6724 -0.6443 -0.3643
vn -0.7031 -0.6420 -0.3057
vn 0.6348 0.6284 0.4496
vn -0.4367 -0.6488 -0.6232
vt 0.492781 0.000000
vt 1.000000 0.594039
vt 1.000000 0.620545
vt 0.468021 0.000000
vt 0.620545 0.620545
vt 0.594039 0.594039
vt 1.000000 0.625900
vt 1.000000 0.649583
vt 0.625900 0.625900
vt 0.792011 0.637298
vt 1.000000 0.656708
vt 1.000000 0.679735
vt 0.795749 0.660044
vt 0.649583 0.649583
vt 1.000000 0.535344
vt 1.000000 0.567573
vt 0.781539 0.636593
vt 0.679735 0.679735
vt 0.656708 0.656708
vt 0.766533 0.608984
vt 0.482958 0.098585
vt 0.471207 0.000000
vt 0.502587 0.000000
vt 0.567573 0.567573
vt 0.535344 0.535344
vt 1.000000 0.227639
vt 0.502587 0.502587
vt 0.471207 0.471207
vt 1.000000 0.177910
vt 1.000000 0.507219
vt 1.000000 0.531979
vt 0.393452 0.000000
vt 0.423008 0.000000
vt 0.423008 0.423008
vt 0.393452 0.393452
vt 1.000000 0.397246
vt 1.000000 0.427097
vt 0.793206 0.000000
vt 0.651615 0.200843
vt 0.427097 0.427097
vt 0.420165 0.376967
vt 0.600795 0.187341
vt 0.734383 0.000000
vt 0.614837 0.281315
vt 0.612255 0.281386
vt 0.609927 0.281250
vt 0.833558 0.513746
vt 0.835995 0.513746
vt 0.861254 0.513746
vt 0.834447 0.513746
vt 0.861254 0.556082
vt 0.861254 0.555189
vt 0.861254 0.553032
vt 0.861254 0.551544
vt 0.861254 0.541559
vt 0.861254 0.544711
vt 0.613535 0.250000
vt 0.595277 0.250000
vt 0.593819 0.233501
vt 0.592652 0.218750
vt 0.613418 0.218750
vt 0.592040 0.206656
vt 0.596225 0.204996
vt 0.607602 0.202821
vt 0.614141 0.201935
vt 0.861254 0.541559
vt 0.861254 0.527988
vt 0.599636 0.280508
vt 0.614877 0.281250
vt 0.609926 0.281250
s 0
usemtl マテリアル
f 4002/5070/1694 4003/5071/1694 4005/5072/1694 4004/5073/1694
f 4005/5074/1695 4003/5075/1695 4007/5076/1695 4006/5077/1695
f 4007/5078/1696 4008/5079/1696 4009/5080/1696 4010/5081/1696 4011/5082/1696 4006/5083/1696
f 4013/5084/1697 4014/5085/1697 4015/5086/1697 4010/5087/1697 4009/5088/1697 4012/5089/1697
f 4019/5090/1698 4018/5091/1698 4000/5092/1698 4014/5093/1698 4013/5094/1698
f 4001/5095/1699 4000/5096/1699 4018/5097/1699 4020/5098/1699
f 4002/5099/1700 4004/5100/1700 4022/5101/1700 4021/5102/1700
f 4021/5103/1701 4022/5104/1701 4023/5105/1701 4016/5106/1701
f 4020/5107/1702 4017/5108/1702 4016/5109/1702 4023/5110/1702 4024/5111/1702 4001/5112/1702
s 1
f 3992/5113/1703 3989/5114/1704 3990/5115/1705
f 3991/5116/1706 3993/5117/1706 3999/5118/1707 3987/5118/1708 3986/5119/1706
f 3995/5120/1709 3976/5121/1709 3978/5122/1709 3980/5123/1709 3983/5124/1710 3996/5125/1711
f 3998/5126/1712 3985/5127/1713 3984/5128/1714 3981/5129/1715 3997/5130/1716
f 3997/5130/1716 3981/5129/1715 3979/5131/1717 3977/5132/1717 3975/5133/1717 3994/5134/1717
f 3987/5118/1708 3999/5118/1707 3996/5135/1711 3983/5124/1710 3982/5136/1718
f 3988/5137/1719 3985/5127/1713 3998/5126/1712 3992/5138/1703 3990/5139/1705
o 立方体.002_cell.087
v -0.094545 0.045361 -0.094545
v -0.101749 0.045452 -0.101749
v -0.127856 0.045452 -0.055019
v -0.119686 0.045361 -0.051503
v -0.117041 0.045452 -0.079912
v -0.109204 0.045361 -0.074448
v -0.132057 0.045452 -0.041652
v -0.123723 0.045361 -0.039365
v -0.125070 0.037590 -0.042046
v -0.117687 0.032228 -0.050643
v -0.113499 0.036993 -0.048841
v -0.106054 0.032987 -0.057395
v -0.110165 0.028105 -0.059286
v -0.100703 0.031780 -0.066772
v -0.105159 0.026872 -0.068220
v -0.090341 0.031896 -0.081686
v -0.094261 0.026641 -0.084479
v -0.075255 0.045361 -0.108615
v -0.079163 0.043894 -0.115944
v -0.090280 0.026718 -0.090280
v -0.073133 0.035944 -0.100661
v -0.086772 0.032036 -0.086772
v -0.075624 0.031026 -0.105029
v -0.132057 0.045452 -0.041652
v -0.132057 0.045452 -0.041652
v -0.123723 0.045361 -0.039365
v -0.123723 0.045361 -0.039365
v -0.125070 0.037590 -0.042046
v -0.117687 0.032228 -0.050643
v -0.106054 0.032987 -0.057395
v -0.100703 0.031780 -0.066772
v -0.110165 0.028105 -0.059286
v -0.105159 0.026872 -0.068220
v -0.094261 0.026641 -0.084479
v -0.090280 0.026718 -0.090280
v -0.075624 0.031026 -0.105029
v -0.073133 0.035944 -0.100661
v -0.086772 0.032036 -0.086772
v -0.090341 0.031896 -0.081686
v -0.094545 0.045361 -0.094545
v -0.109204 0.045361 -0.074448
v -0.101749 0.045452 -0.101749
v -0.117041 0.045452 -0.079912
v -0.119686 0.045361 -0.051503
v -0.127856 0.045452 -0.055019
v -0.075255 0.045361 -0.108615
v -0.075255 0.045361 -0.108615
v -0.113499 0.036993 -0.048841
v -0.079163 0.043894 -0.115944
v -0.079163 0.043894 -0.115944
vn -0.2572 -0.2751 0.9264
vn 0.4299 -0.4663 0.7731
vn 0.4243 -0.6183 0.6616
vn 0.6017 -0.6731 0.4300
vn 0.6082 -0.6753 0.4172
vn 0.8979 -0.1284 -0.4211
vn 0.6123 -0.6752 0.4112
vn -0.0050 0.9993 -0.0378
vn -0.0048 0.9993 -0.0370
vn 0.0083 1.0000 0.0048
vn 0.0084 1.0000 0.0047
vn 0.0099 0.9999 0.0032
vn 0.0095 0.9999 0.0036
vn -0.0176 0.9966 -0.0809
vn -0.7331 -0.6400 -0.2304
vn -0.7184 -0.6415 -0.2690
vn -0.7139 -0.6418 -0.2802
vn -0.6613 -0.6500 -0.3745
vn -0.6684 -0.6489 -0.3634
vn -0.7032 -0.6420 -0.3055
vn -0.5383 -0.6572 -0.5275
vn -0.5444 -0.6573 -0.5211
vn -0.6251 -0.6532 -0.4273
vn 0.6267 0.6356 0.4509
vn 0.5536 0.6386 0.5345
vn 0.5458 0.6385 0.5426
vn 0.6661 0.6334 0.3940
vn 0.6715 0.6328 0.3855
vn 0.7190 0.6269 0.3000
vn 0.7249 0.6268 0.2857
vn 0.7402 0.6257 0.2462
vn 0.7088 0.6268 0.3237
vn 0.4568 0.6318 0.6262
vn -0.4365 -0.6488 -0.6233
vt 0.969244 0.537003
vt 0.899666 0.468100
vt 1.000000 0.511580
vt 0.565114 0.565114
vt 0.527934 0.527934
vt 1.000000 0.600783
vt 0.933779 0.621299
vt 0.632131 0.632131
vt 0.600783 0.600783
vt 0.578095 0.000000
vt 0.608460 0.000000
vt 0.603837 0.000000
vt 0.608459 0.608459
vt 0.578095 0.578095
vt 0.573170 0.000000
vt 0.945546 0.362489
vt 0.648589 0.000000
vt 0.675538 0.000000
vt 1.000000 0.396163
vt 0.569639 0.569639
vt 0.647749 0.517321
vt 0.647354 0.570368
vt 0.602900 0.602900
vt 0.648589 0.648589
vt 0.732974 0.614988
vt 1.000000 0.537920
vt 1.000000 0.573349
vt 0.750425 0.646226
vt 0.675538 0.675538
vt 0.861254 0.513746
vt 0.875000 0.500000
vt 0.875000 0.531250
vt 0.861254 0.541559
vt 0.861254 0.582991
vt 0.861254 0.569373
vt 0.875000 0.562500
vt 0.875000 0.578273
vt 0.834558 0.513746
vt 0.843750 0.500000
vt 0.625000 0.171727
vt 0.625000 0.187500
vt 0.617477 0.187500
vt 0.621274 0.171959
vt 0.617477 0.187500
vt 0.625000 0.218750
vt 0.614429 0.214872
vt 0.615130 0.201575
vt 0.625000 0.250000
vt 0.614342 0.250000
vt 0.614297 0.240755
vt 0.614245 0.218750
vt 0.861254 0.521298
vt 0.861254 0.569373
vt 0.861254 0.580664
vt 0.861254 0.567183
vt 0.861254 0.556443
vt 0.835263 0.513746
vt 0.624114 0.281250
vt 0.616792 0.277065
s 0
usemtl マテリアル
f 4050/5140/1720 4048/5141/1720 4052/5142/1720
f 4050/5143/1721 4052/5144/1721 4053/5145/1721 4035/5146/1721
f 4035/5147/1722 4053/5148/1722 4056/5149/1722 4054/5150/1722
f 4055/5151/1723 4054/5152/1723 4056/5153/1723 4057/5154/1723
f 4057/5155/1724 4058/5156/1724 4063/5157/1724 4055/5158/1724
f 4060/5159/1725 4073/5160/1725 4071/5161/1725 4061/5162/1725
f 4058/5163/1726 4059/5164/1726 4060/5165/1726 4061/5166/1726 4062/5167/1726 4063/5168/1726
s 1
f 4064/5169/1727 4066/5170/1728 4067/5171/1729 4065/5172/1730
f 4051/5173/1731 4068/5174/1732 4069/5175/1732 4049/5176/1731
f 4065/5172/1730 4067/5171/1729 4069/5175/1732 4068/5174/1732
f 4066/5170/1728 4064/5169/1727 4070/5177/1733 4074/5178/1733
f 4031/5179/1734 4027/5180/1735 4034/5181/1736 4033/5182/1734
f 4034/5183/1736 4027/5180/1735 4029/5184/1737 4039/5185/1738 4037/5186/1739
f 4029/5184/1737 4026/5187/1740 4044/5188/1741 4041/5189/1742 4039/5190/1738
f 4040/5191/1743 4046/5169/1744 4025/5169/1745 4030/5172/1746 4038/5172/1747
f 4072/5192/1748 4028/5174/1749 4032/5193/1750
f 4038/5172/1747 4030/5172/1746 4028/5174/1749 4072/5194/1748 4036/5195/1751
f 4045/5196/1752 4042/5177/1752 4025/5169/1745 4046/5169/1744
f 4026/5187/1740 4043/5197/1753 4047/5198/1753 4044/5188/1741
o 立方体.002_cell.088
v -0.074945 -0.023716 -0.000000
v -0.073303 -0.023716 0.015313
v -0.078363 -0.022742 -0.023092
v -0.074733 -0.019225 -0.022468
v -0.097605 -0.002865 0.009556
v -0.093001 -0.009447 -0.000000
v -0.089027 -0.006317 -0.000000
v -0.093262 0.000147 0.009173
v -0.079205 -0.016254 -0.016545
v -0.082705 -0.019849 -0.017328
v -0.098823 0.008896 0.021513
v -0.107274 0.014086 0.033389
v -0.103405 0.005430 0.021667
v -0.102743 0.018539 0.034262
v -0.067094 -0.036848 -0.019765
v -0.064882 -0.041613 -0.013593
v -0.058390 -0.050876 0.000354
v -0.101367 0.007661 0.034336
v -0.098403 0.013951 0.035657
v -0.052035 -0.057066 0.011548
v -0.089027 -0.006317 -0.000000
v -0.079205 -0.016254 -0.016545
v -0.093001 -0.009447 -0.000000
v -0.082705 -0.019849 -0.017328
v -0.097605 -0.002865 0.009556
v -0.093262 0.000147 0.009173
v -0.078363 -0.022742 -0.023092
v -0.107274 0.014086 0.033389
v -0.103405 0.005430 0.021667
v -0.098823 0.008896 0.021513
v -0.102743 0.018539 0.034262
v -0.074733 -0.019225 -0.022468
v -0.101367 0.007661 0.034336
v -0.052035 -0.057066 0.011548
v -0.067094 -0.036848 -0.019765
v -0.098403 0.013951 0.035657
vn -0.4670 0.5973 -0.6520
vn -0.4740 0.6017 -0.6428
vn -0.4758 0.6023 -0.6409
vn -0.4879 0.6175 -0.6170
vn 0.2198 -0.0541 -0.9740
vn -0.2480 -0.0248 0.9684
vn 0.1106 -0.2540 0.9609
vn 0.6403 -0.7288 -0.2425
vn -0.7425 -0.6414 0.1932
vn -0.7649 -0.6398 0.0749
vn -0.7667 -0.6411 0.0344
vn 0.4806 -0.7798 -0.4011
vn 0.5155 -0.7934 -0.3237
vn 0.8497 0.5215 0.0780
vn 0.7946 0.6040 -0.0617
vn 0.8243 0.5637 -0.0522
vn 0.7958 0.5977 -0.0977
vn 0.8019 0.5888 -0.1009
vn 0.8044 0.5849 -0.1042
vn -0.7573 -0.6416 -0.1217
vn -0.7329 -0.6399 -0.2311
vn 0.5514 -0.8340 -0.0174
vn 0.7750 0.6259 -0.0874
vn -0.7330 -0.6399 0.2306
vn 0.8543 0.4666 0.2288
vt 0.034448 0.000000
vt 0.088033 0.000000
vt 1.000000 0.426940
vt 1.000000 0.452002
vt 0.452002 0.452002
vt 0.456194 0.428785
vt 0.805403 0.465273
vt 1.000000 0.491699
vt 1.000000 0.515046
vt 0.812860 0.488599
vt 0.625300 0.039100
vt 0.515046 0.515046
vt 0.491699 0.491699
vt 0.603962 0.000000
vt 0.609319 0.586331
vt 0.799779 0.000000
vt 0.844092 0.000000
vt 0.635130 0.635130
vt 0.563591 0.563591
vt 0.494582 0.000000
vt 0.523479 0.000000
vt 0.877806 0.877806
vt 0.831506 0.831506
vt 1.000000 0.869409
vt 1.000000 0.904495
vt 0.813029 0.000000
vt 0.904495 0.904495
vt 0.869409 0.869409
vt 0.566815 0.093750
vt 0.602103 0.094208
vt 0.597510 0.110236
vt 0.593766 0.125000
vt 0.570195 0.124085
vt 0.861254 0.597186
vt 0.861254 0.597186
vt 0.861254 0.625000
vt 0.861254 0.654034
vt 0.861254 0.672979
vt 0.861254 0.672540
vt 0.861254 0.652814
vt 0.861254 0.652814
vt 0.570311 0.125000
vt 0.587848 0.156250
vt 0.575465 0.156250
vt 0.587441 0.159313
vt 0.585529 0.168938
vt 0.578175 0.168789
vt 0.861254 0.638256
vt 0.861254 0.652814
vt 0.602230 0.093750
vt 0.566673 0.091912
vt 0.603499 0.075006
vt 0.607155 0.078872
vt 0.861254 0.594317
vt 0.861254 0.585146
vt 0.861254 0.585244
s 0
usemtl マテリアル
f 4106/5199/1754 4101/5200/1754 4098/5201/1754 4096/5202/1754
f 4096/5203/1755 4098/5204/1755 4097/5205/1755 4099/5206/1755 4100/5207/1755 4095/5208/1755
f 4104/5209/1756 4100/5210/1756 4099/5211/1756 4103/5212/1756
f 4103/5213/1757 4102/5214/1757 4105/5215/1757 4104/5216/1757
f 4089/5217/1758 4101/5218/1758 4106/5219/1758
f 4105/5220/1759 4102/5221/1759 4107/5222/1759 4110/5223/1759
f 4108/5224/1760 4110/5225/1760 4107/5226/1760
s 1
f 4094/5227/1761 4087/5228/1762 4079/5229/1763 4080/5230/1764 4091/5231/1765
f 4090/5232/1766 4083/5233/1767 4081/5234/1768 4075/5234/1769 4091/5234/1765
f 4085/5235/1770 4088/5236/1771 4093/5237/1771 4094/5238/1761 4076/5239/1772
f 4091/5240/1765 4080/5230/1764 4084/5241/1773 4090/5242/1766
f 4090/5242/1766 4084/5243/1773 4077/5244/1774 4109/5245/1775
f 4076/5239/1772 4075/5234/1769 4081/5234/1768 4082/5246/1776 4085/5247/1770
f 4091/5234/1765 4075/5234/1769 4076/5239/1772 4094/5238/1761
f 4087/5248/1762 4094/5249/1761 4092/5250/1777 4086/5251/1777
f 4083/5233/1767 4090/5252/1766 4109/5253/1775 4078/5254/1778
o 立方体.002_cell.089
v 0.058409 -0.263524 -0.000000
v 0.047275 -0.263524 -0.000116
v 0.056110 -0.259042 -0.011758
v 0.055101 -0.258782 0.010225
v 0.056751 -0.263524 0.010552
v 0.051633 -0.263524 0.005060
v 0.050501 -0.257649 0.005634
v 0.045410 -0.256383 -0.000000
v 0.055101 -0.258782 0.010225
v 0.056751 -0.263524 0.010552
v 0.050501 -0.257649 0.005634
v 0.051633 -0.263524 0.005060
v 0.047275 -0.263524 -0.000116
v 0.045410 -0.256383 -0.000000
v 0.056110 -0.259042 -0.011758
vn -0.7473 -0.1849 -0.6383
vn -0.7163 -0.2032 0.6675
vn -0.7486 -0.2058 0.6303
vn 0.8825 0.2828 -0.3757
vn 0.9212 -0.2727 -0.2774
vn 0.5569 0.8295 0.0417
vn 0.6203 0.7697 -0.1511
vn 0.9580 0.2268 0.1753
vn 0.0020 -0.9808 -0.1951
vt 0.511970 0.277381
vt 0.675193 0.000000
vt 0.771696 0.000000
vt 0.340184 0.340184
vt 0.325694 0.000000
vt 0.396397 0.000000
vt 0.397394 0.397394
vt 1.000000 0.324807
vt 0.396397 0.396397
vt 0.325694 0.325694
vt 1.000000 0.228304
vt 0.375000 0.652855
vt 0.375000 0.625000
vt 0.399551 0.625000
vt 0.388950 0.641778
vt 0.379459 0.652601
vt 0.377285 0.593750
vt 0.347287 0.624713
vt 0.375000 0.594570
vt 0.373395 0.652379
vt 0.359765 0.637717
s 0
usemtl マテリアル
f 4125/5255/1779 4123/5256/1779 4124/5257/1779
f 4119/5258/1780 4121/5259/1780 4122/5260/1780 4120/5261/1780
f 4123/5262/1781 4122/5263/1781 4121/5264/1781 4124/5265/1781
s 1
f 4115/5266/1782 4111/5267/1783 4118/5268/1784 4117/5269/1785 4114/5270/1785
f 4118/5268/1784 4111/5267/1783 4113/5271/1786
f 4112/5272/1787 4113/5273/1786 4111/5267/1783 4115/5274/1782 4116/5275/1787
o 立方体.002_cell.090
v -0.000000 -0.263524 -0.058409
v 0.023149 -0.263524 -0.053795
v 0.012007 -0.259315 -0.057297
v 0.033623 -0.263524 -0.049245
v -0.004809 -0.263524 -0.047790
v -0.003928 -0.256530 -0.045697
v -0.008932 -0.263524 -0.057582
v -0.000711 -0.263524 -0.038153
v 0.021828 -0.263524 -0.032883
v 0.027206 -0.256169 -0.036353
v 0.035798 -0.263524 -0.042141
v 0.037447 -0.258729 -0.043333
v -0.000551 -0.254671 -0.037764
v 0.003196 -0.263524 -0.033272
v 0.012870 -0.263524 -0.032958
v 0.006771 -0.254346 -0.035747
v 0.015288 -0.254842 -0.035528
v -0.004809 -0.263524 -0.047790
v -0.008932 -0.263524 -0.057582
v -0.000711 -0.263524 -0.038153
v -0.003928 -0.256530 -0.045697
v -0.000551 -0.254671 -0.037764
v 0.035798 -0.263524 -0.042141
v 0.037447 -0.258729 -0.043333
v 0.027206 -0.256169 -0.036353
v 0.003196 -0.263524 -0.033272
v 0.012870 -0.263524 -0.032958
v 0.021828 -0.263524 -0.032883
v 0.006771 -0.254346 -0.035747
v 0.015288 -0.254842 -0.035528
vn -0.9217 0.0001 0.3880
vn -0.9201 -0.0009 0.3916
vn 0.5568 -0.0033 0.8307
vn -0.1351 0.3067 0.9422
vn 0.0359 0.3159 0.9481
vn 0.0386 0.9562 -0.2901
vn 0.1810 0.4082 -0.8948
vn -0.0094 -0.1355 -0.9907
vn -0.1082 0.9288 -0.3544
vn 0.2573 -0.1576 -0.9534
vn 0.1251 0.8851 -0.4483
vn 0.4704 -0.8634 -0.1824
vn 0.3947 -0.2550 -0.8827
vn 0.3727 0.5879 -0.7179
vn 0.2166 0.9297 -0.2980
vn 0.4601 -0.0785 -0.8844
vn 0.0121 -0.9981 -0.0609
vn 0.0613 0.8943 -0.4432
vn -0.7807 -0.0134 0.6248
vt 0.750244 0.429768
vt 0.282998 0.282998
vt 0.183527 0.183527
vt 1.000000 0.282998
vt 0.715159 0.000000
vt 0.835373 0.000000
vt 1.000000 0.183527
vt 1.000000 0.428322
vt 1.000000 0.469115
vt 0.211977 0.211977
vt 0.115113 0.115113
vt 0.818573 0.818573
vt 0.495627 0.495627
vt 1.000000 0.377658
vt 1.000000 0.774207
vt 0.774207 0.774207
vt 0.377658 0.377658
vt 0.209714 0.000000
vt 0.412491 0.026759
vt 0.599258 0.407569
vt 0.416511 0.406250
vt 0.375000 0.406250
vt 0.375000 0.375000
vt 0.416992 0.388719
vt 0.414498 0.375000
vt 0.375000 0.351754
vt 0.398321 0.361997
vt 0.375000 0.489693
vt 0.375000 0.468750
vt 0.375000 0.489616
vt 0.412461 0.437500
vt 0.375000 0.437500
vt 0.346068 0.516244
vt 0.301334 0.551562
vt 0.279266 0.555687
vt 0.257278 0.557854
vt 0.248344 0.547895
vt 0.238183 0.524603
vt 0.226753 0.500000
vt 0.250000 0.500000
vt 0.281250 0.500000
vt 0.312500 0.500000
vt 0.343750 0.500000
vt 0.406379 0.468750
vt 0.401348 0.476073
vt 0.415672 0.415672
vt 0.495627 0.000000
vt 0.675662 0.675662
s 0
usemtl マテリアル
f 4144/5276/1788 4143/5277/1788 4146/5278/1788
f 4143/5279/1789 4145/5280/1789 4147/5281/1789 4146/5282/1789
f 4148/5283/1790 4149/5284/1790 4150/5285/1790 4153/5286/1790
f 4147/5287/1791 4151/5288/1791 4152/5289/1791 4154/5290/1791
f 4154/5291/1792 4152/5292/1792 4153/5293/1792 4150/5294/1792 4155/5295/1792
s 1
f 4141/5296/1793 4128/5297/1794 4126/5298/1795 4138/5299/1796
f 4138/5300/1796 4126/5298/1795 4132/5301/1797 4131/5302/1798
f 4136/5303/1799 4129/5304/1800 4137/5305/1801
f 4128/5297/1794 4141/5296/1793 4142/5306/1802 4127/5307/1803
f 4136/5308/1799 4134/5309/1804 4140/5310/1804 4139/5311/1804 4133/5312/1804 4130/5313/1804 4132/5314/1797 4126/5315/1795 4128/5316/1794 4127/5317/1803 4129/5318/1800
f 4127/5307/1803 4142/5306/1802 4135/5319/1805 4129/5304/1800
f 4135/5320/1805 4137/5305/1801 4129/5304/1800
s 0
f 4145/5321/1806 4151/5322/1806 4147/5323/1806
o 立方体.002_cell.091
v 0.001474 -0.128782 0.000909
v 0.001137 -0.194934 0.004594
v 0.002590 -0.128938 0.007828
v 0.009597 -0.155795 0.004130
v 0.005992 -0.155795 0.008779
v 0.001233 -0.130159 0.013190
v 0.001185 -0.155795 0.010323
v 0.001065 -0.182473 0.010967
v 0.011379 -0.128057 0.007765
v 0.013013 -0.131047 0.002015
v 0.011985 -0.140340 0.001897
v 0.010271 -0.186498 0.004420
v 0.011048 -0.148337 0.002313
v 0.001107 -0.194320 0.011244
v 0.009884 -0.194874 0.005799
v 0.006527 -0.194720 0.009562
v 0.007459 -0.128318 0.011483
v 0.001233 -0.130159 0.013190
v 0.001185 -0.155795 0.010323
v 0.001065 -0.182473 0.010967
v 0.013013 -0.131047 0.002015
v 0.011985 -0.140340 0.001897
v 0.011048 -0.148337 0.002313
v 0.001107 -0.194320 0.011244
v 0.009597 -0.155795 0.004130
v 0.010271 -0.186498 0.004420
v 0.011379 -0.128057 0.007765
v 0.007459 -0.128318 0.011483
v 0.009884 -0.194874 0.005799
v 0.006527 -0.194720 0.009562
vn -0.9998 0.0040 -0.0192
vn -0.4418 0.8924 0.0914
vn -0.1619 0.9856 0.0484
vn 0.0872 0.9696 -0.2284
vn 0.0958 0.0021 -0.9954
vn 0.0893 -0.0642 -0.9939
vn -1.0000 -0.0036 -0.0043
vn 0.0011 -0.9991 0.0420
vn -0.2402 0.9579 0.1573
vn 0.5263 -0.1111 0.8430
vn 0.5679 -0.0489 0.8216
vn 0.8148 -0.1100 0.5693
vn 0.2939 -0.1088 0.9496
vn 0.8090 -0.0556 0.5852
vn 0.5761 0.0268 0.8170
vn 0.2982 0.0232 0.9542
vn 0.7863 0.0278 0.6172
vn 0.3042 -0.0426 0.9517
vn 0.3031 0.0222 0.9527
vn 0.9890 -0.1107 0.0986
vn 0.9419 -0.1024 0.3199
vn 0.9417 -0.1023 0.3206
vn -0.0450 -0.9948 0.0918
vt 1.000000 0.653872
vt 1.000000 1.000000
vt 0.000000 0.000000
vt 0.200427 0.000000
vt 0.605145 0.380835
vt 0.813822 0.000000
vt 1.000000 0.000000
vt 1.000000 0.872539
vt 0.472022 0.393162
vt 0.917982 0.917982
vt 1.000000 0.822902
vt 0.847680 0.125489
vt 0.846763 0.000000
vt 0.822903 0.822903
vt 0.837911 0.702214
vt 0.853936 0.589692
vt 1.000000 0.799573
vt 0.892604 0.892604
vt 0.854631 0.854631
vt 1.000000 0.855209
vt 0.483636 0.157879
vt 0.521245 0.750000
vt 0.500000 0.718750
vt 0.521149 0.721412
vt 0.520467 0.812500
vt 0.500000 0.781250
vt 0.520901 0.785010
vt 0.500000 0.687500
vt 0.521099 0.718750
vt 0.490012 0.781250
vt 0.500000 0.812500
vt 0.490030 0.812500
vt 0.489992 0.693443
vt 0.492122 0.687500
vt 0.489971 0.718750
vt 0.490046 0.843750
vt 0.500000 0.843750
vt 0.500000 0.857715
vt 0.493154 0.860353
vt 0.511756 0.648744
vt 0.519874 0.656250
vt 0.505673 0.656250
vt 0.520489 0.687500
vt 0.500000 0.664978
vt 0.915182 0.854973
vt 1.000000 0.888942
vt 0.519500 0.860887
vt 0.500000 0.857715
s 0
usemtl マテリアル
f 4173/5324/1807 4156/5325/1807 4157/5326/1807 4175/5327/1807 4174/5328/1807
f 4173/5329/1808 4158/5330/1808 4156/5325/1808
f 4156/5325/1809 4158/5326/1809 4183/5330/1809
f 4176/5331/1810 4156/5325/1810 4183/5326/1810 4182/5332/1810
f 4156/5325/1811 4176/5333/1811 4177/5334/1811
f 4181/5335/1812 4184/5336/1812 4157/5330/1812 4156/5325/1812 4177/5337/1812 4178/5338/1812 4180/5339/1812
f 4175/5340/1813 4157/5325/1813 4179/5341/1813
f 4157/5325/1814 4184/5342/1814 4171/5343/1814
f 4183/5326/1815 4158/5330/1815 4173/5344/1815
s 1
f 4172/5345/1816 4160/5346/1817 4164/5347/1818
f 4161/5348/1819 4160/5349/1817 4172/5350/1816
f 4160/5346/1817 4159/5351/1820 4164/5352/1818
f 4185/5353/1821 4160/5354/1817 4169/5355/1822
f 4170/5356/1823 4167/5357/1823 4159/5351/1820 4160/5346/1817 4185/5358/1821
f 4169/5359/1822 4160/5360/1817 4162/5361/1824 4163/5362/1825
f 4166/5363/1826 4165/5364/1827 4168/5365/1828
f 4168/5365/1828 4165/5364/1827 4164/5366/1818 4159/5367/1820
s 0
f 4171/5368/1829 4179/5369/1829 4157/5325/1829
s 1
f 4161/5370/1819 4162/5371/1824 4160/5360/1817
o 立方体.002_cell.092
v -0.053084 0.029491 -0.104930
v -0.056305 0.025591 -0.109166
v -0.064332 0.027571 -0.098096
v -0.067114 0.023354 -0.102427
v -0.053425 0.003554 -0.081840
v -0.043878 -0.008054 -0.083851
v -0.041831 -0.005051 -0.079520
v -0.037121 -0.008635 -0.086263
v -0.035266 -0.005670 -0.081953
v -0.028979 -0.008946 -0.088553
v -0.028009 -0.005998 -0.084073
v -0.019143 -0.009279 -0.091361
v -0.018170 -0.006402 -0.086996
v -0.009101 -0.008705 -0.092771
v -0.055249 -0.000094 -0.086175
v -0.013671 0.027676 -0.115045
v -0.015580 0.023920 -0.119404
v -0.046204 0.028705 -0.107371
v -0.048169 0.024752 -0.111938
v -0.023750 0.027410 -0.113735
v -0.024789 0.023616 -0.118298
v -0.007706 -0.003325 -0.090612
v -0.011427 0.003921 -0.103096
v -0.009434 0.006224 -0.098153
v -0.064332 0.027571 -0.098096
v -0.053084 0.029491 -0.104930
v -0.053425 0.003554 -0.081840
v -0.067114 0.023354 -0.102427
v -0.056305 0.025591 -0.109166
v -0.041831 -0.005051 -0.079520
v -0.035266 -0.005670 -0.081953
v -0.043878 -0.008054 -0.083851
v -0.037121 -0.008635 -0.086263
v -0.028979 -0.008946 -0.088553
v -0.028009 -0.005998 -0.084073
v -0.019143 -0.009279 -0.091361
v -0.009101 -0.008705 -0.092771
v -0.018170 -0.006402 -0.086996
v -0.055249 -0.000094 -0.086175
v -0.048169 0.024752 -0.111938
v -0.024789 0.023616 -0.118298
v -0.046204 0.028705 -0.107371
v -0.023750 0.027410 -0.113735
v -0.007706 -0.003325 -0.090612
v -0.009434 0.006224 -0.098153
v -0.013671 0.027676 -0.115045
v -0.011427 0.003921 -0.103096
v -0.015580 0.023920 -0.119404
vn -0.4242 0.7869 -0.4483
vn -0.8573 -0.0612 0.5111
vn 0.1164 -0.8410 0.5283
vn 0.2090 -0.7501 0.6274
vn -0.5254 -0.5453 0.6532
vn -0.1009 0.7757 -0.6230
vn -0.1299 0.7767 -0.6163
vn 0.9359 -0.1008 -0.3375
vn 0.9370 -0.0822 -0.3395
vn -0.2714 -0.6416 -0.7175
vn -0.2658 -0.6414 -0.7197
vn -0.3058 -0.6420 -0.7031
vn -0.0710 -0.6392 -0.7657
vn -0.1519 -0.6417 -0.7518
vn -0.1521 -0.6417 -0.7517
vn -0.2306 -0.6399 -0.7330
vn 0.1741 0.6283 0.7582
vn 0.1660 0.6284 0.7600
vn 0.2877 0.6269 0.7240
vn 0.2820 0.6268 0.7263
vn 0.2456 0.6258 0.7403
vn 0.3231 0.6268 0.7090
vn 0.0839 0.6267 0.7748
vt 0.462618 0.000000
vt 0.489846 0.000000
vt 1.000000 0.516381
vt 1.000000 0.544734
vt 0.595759 0.000000
vt 0.507666 0.507666
vt 0.477247 0.477247
vt 0.563413 0.000000
vt 0.653842 0.653842
vt 0.627889 0.627889
vt 0.798076 0.614027
vt 1.000000 0.601004
vt 1.000000 0.627761
vt 0.819626 0.639844
vt 0.737286 0.294983
vt 0.880492 0.000000
vt 0.918430 0.000000
vt 0.763762 0.320295
vt 0.627762 0.627762
vt 0.601004 0.601004
vt 1.000000 0.627889
vt 1.000000 0.653842
vt 0.641972 0.641972
vt 0.613527 0.613527
vt 1.000000 0.453262
vt 1.000000 0.482133
vt 0.373877 0.000000
vt 0.410717 0.000000
vt 0.458269 0.453532
vt 0.855718 0.492890
vt 1.000000 0.510154
vt 1.000000 0.537382
vt 0.876951 0.522165
vt 0.482133 0.482133
vt 0.853057 0.853057
vt 0.678004 0.000000
vt 0.716961 0.000000
vt 0.900193 0.900193
vt 0.589283 0.000000
vt 0.626123 0.000000
vt 0.716961 0.716961
vt 0.678004 0.678004
vt 0.613223 0.312500
vt 0.594228 0.312500
vt 0.594557 0.300289
vt 0.599730 0.284748
vt 0.614230 0.287484
vt 0.613700 0.301262
vt 0.594187 0.360212
vt 0.593861 0.343750
vt 0.612587 0.344155
vt 0.612749 0.355378
vt 0.601371 0.358330
vt 0.612577 0.343750
vt 0.594050 0.326597
vt 0.594228 0.312500
vt 0.613223 0.312500
vt 0.777814 0.513746
vt 0.777814 0.513746
vt 0.805627 0.513746
vt 0.805627 0.513746
vt 0.793870 0.513746
vt 0.814564 0.513746
vt 0.830812 0.513746
vt 0.829298 0.513746
vt 0.816855 0.513746
vt 0.761480 0.513746
vt 0.762965 0.513746
vt 0.765981 0.513746
s 0
usemtl マテリアル
f 4211/5372/1830 4214/5373/1830 4213/5374/1830 4210/5375/1830
f 4212/5376/1831 4210/5377/1831 4213/5378/1831 4224/5379/1831
f 4215/5380/1832 4217/5381/1832 4218/5382/1832 4219/5383/1832 4220/5384/1832 4216/5385/1832
f 4221/5386/1833 4222/5387/1833 4229/5388/1833 4223/5389/1833 4220/5390/1833 4219/5391/1833
f 4217/5392/1834 4215/5393/1834 4212/5394/1834 4224/5395/1834
f 4226/5396/1835 4228/5397/1835 4231/5398/1835 4233/5399/1835
f 4226/5400/1836 4225/5401/1836 4214/5402/1836 4211/5403/1836 4227/5404/1836 4228/5405/1836
f 4222/5406/1837 4232/5407/1837 4230/5408/1837 4229/5409/1837
f 4233/5410/1838 4231/5411/1838 4230/5412/1838 4232/5413/1838
s 1
f 4204/5414/1839 4193/5415/1840 4191/5416/1841 4200/5417/1841 4189/5418/1841 4187/5419/1841
f 4199/5420/1842 4197/5421/1843 4206/5422/1844 4202/5423/1842 4208/5424/1842
f 4206/5425/1844 4197/5421/1843 4195/5426/1845 4193/5427/1840 4204/5428/1839
f 4198/5429/1846 4205/5430/1847 4203/5431/1848 4194/5432/1849 4196/5433/1850
f 4194/5432/1849 4203/5431/1848 4186/5434/1851 4188/5435/1851 4190/5436/1851 4192/5437/1851
f 4205/5430/1847 4198/5429/1846 4207/5438/1852 4209/5439/1852 4201/5440/1852
o 立方体.002_cell.093
v 0.094545 0.045361 -0.094545
v 0.101749 0.045452 -0.101749
v 0.127856 0.045452 -0.055019
v 0.119686 0.045361 -0.051503
v 0.117041 0.045452 -0.079912
v 0.109204 0.045361 -0.074448
v 0.136179 0.045452 -0.028536
v 0.127932 0.045361 -0.026713
v 0.079912 0.045452 -0.117041
v 0.074448 0.045361 -0.109204
v 0.123044 0.039180 -0.025693
v 0.116252 0.033712 -0.032210
v 0.124034 0.032342 -0.030765
v 0.128129 0.035622 -0.026849
v 0.128780 0.045361 -0.018957
v 0.137329 0.045452 -0.016111
v 0.089457 0.016074 -0.060989
v 0.091361 0.011239 -0.065733
v 0.103464 0.023422 -0.044523
v 0.107763 0.019323 -0.046373
v 0.060843 0.042781 -0.122887
v 0.083164 0.014266 -0.067128
v 0.079154 0.018976 -0.079154
v 0.082028 0.013241 -0.082028
v 0.071374 0.027693 -0.104537
v 0.068794 0.033057 -0.100908
v 0.060225 0.045361 -0.115702
v 0.086676 0.010011 -0.070595
v 0.123044 0.039180 -0.025693
v 0.128780 0.045361 -0.018957
v 0.128780 0.045361 -0.018957
v 0.116252 0.033712 -0.032210
v 0.124034 0.032342 -0.030765
v 0.128129 0.035622 -0.026849
v 0.137329 0.045452 -0.016111
v 0.137329 0.045452 -0.016111
v 0.103464 0.023422 -0.044523
v 0.107763 0.019323 -0.046373
v 0.060843 0.042781 -0.122887
v 0.060843 0.042781 -0.122887
v 0.071374 0.027693 -0.104537
v 0.082028 0.013241 -0.082028
v 0.083164 0.014266 -0.067128
v 0.079154 0.018976 -0.079154
v 0.068794 0.033057 -0.100908
v 0.060225 0.045361 -0.115702
v 0.060225 0.045361 -0.115702
v 0.136179 0.045452 -0.028536
v 0.127932 0.045361 -0.026713
v 0.119686 0.045361 -0.051503
v 0.127856 0.045452 -0.055019
v 0.109204 0.045361 -0.074448
v 0.117041 0.045452 -0.079912
v 0.074448 0.045361 -0.109204
v 0.094545 0.045361 -0.094545
v 0.101749 0.045452 -0.101749
v 0.079912 0.045452 -0.117041
v 0.089457 0.016074 -0.060989
v 0.091361 0.011239 -0.065733
v 0.086676 0.010011 -0.070595
vn -0.2469 -0.6001 0.7609
vn -0.3637 -0.7062 0.6074
vn -0.2469 -0.6019 0.7595
vn -0.8574 -0.5047 0.1001
vn -0.3704 -0.7511 0.5466
vn -0.0109 0.9999 0.0011
vn -0.0105 0.9999 0.0022
vn 0.7433 -0.6414 -0.1900
vn 0.7518 -0.6417 -0.1514
vn 0.7657 -0.6392 -0.0709
vn -0.0096 0.9999 0.0036
vn -0.0095 0.9999 0.0037
vn -0.0084 1.0000 0.0047
vn -0.0083 1.0000 0.0048
vn 0.7091 -0.6448 -0.2854
vn 0.7154 -0.6438 -0.2716
vn 0.7331 -0.6399 -0.2304
vn -0.0161 0.9853 -0.1698
vn -0.0110 0.9963 -0.0857
vn -0.0102 0.9974 -0.0718
vn -0.0065 1.0000 0.0065
vn 0.6233 -0.6488 -0.4366
vn 0.5673 -0.6538 -0.5006
vn 0.5346 -0.6545 -0.5346
vn 0.6620 -0.6493 -0.3744
vn 0.6538 -0.6495 -0.3882
vn 0.3055 -0.6420 -0.7032
vn 0.3788 -0.6476 -0.6611
vn 0.4026 -0.6485 -0.6460
vn -0.5773 0.6358 0.5124
vn -0.5454 0.6365 0.5453
vn -0.3933 0.6313 0.6684
vn -0.4224 0.6320 0.6497
vn -0.7747 0.6266 0.0847
vn -0.7601 0.6283 0.1656
vn -0.7510 0.6276 0.2053
vn -0.7192 0.6270 0.2994
vn -0.7249 0.6268 0.2856
vn -0.6684 0.6314 0.3932
vn -0.6615 0.6317 0.4041
vn -0.3238 0.6267 0.7088
vn -0.7402 0.6258 0.2461
vn -0.6263 0.6319 0.4565
vt 0.605371 0.137708
vt 0.378568 0.000000
vt 0.445320 0.000000
vt 0.581644 0.082683
vt 0.950125 0.319278
vt 0.836430 0.286296
vt 0.265511 0.184184
vt 0.012378 0.000000
vt 0.178342 0.071225
vt 1.000000 0.696791
vt 1.000000 0.742646
vt 1.000000 0.621432
vt 0.742646 0.742646
vt 0.702218 0.693907
vt 1.000000 0.554679
vt 0.709140 0.709140
vt 0.789087 0.420924
vt 0.896498 0.106371
vt 0.947296 0.000000
vt 0.992008 0.000000
vt 0.927684 0.139098
vt 0.824134 0.444195
vt 0.760004 0.677900
vt 1.000000 0.919323
vt 0.993133 0.993133
vt 0.954995 0.954995
vt 0.625000 0.607357
vt 0.625000 0.593750
vt 0.638746 0.597186
vt 0.638746 0.605262
vt 0.619407 0.593750
vt 0.638746 0.569373
vt 0.625000 0.562500
vt 0.638746 0.541559
vt 0.625000 0.531250
vt 0.610134 0.562500
vt 0.617541 0.587981
vt 0.683049 0.506121
vt 0.683801 0.513746
vt 0.666559 0.513746
vt 0.656250 0.500000
vt 0.638746 0.513746
vt 0.625000 0.500000
vt 0.604716 0.513261
vt 0.606674 0.500000
vt 0.605535 0.527228
vt 0.605892 0.531250
vt 0.610003 0.561957
vt 0.625000 0.442555
vt 0.625000 0.468750
vt 0.614896 0.468750
vt 0.666559 0.513746
vt 0.638746 0.605262
vt 0.638746 0.588196
vt 0.638746 0.531637
s 0
usemtl マテリアル
f 4262/5441/1853 4265/5442/1853 4266/5443/1853 4267/5444/1853 4268/5445/1853 4263/5446/1853
f 4250/5447/1854 4276/5448/1854 4292/5449/1854 4271/5450/1854 4270/5451/1854
f 4265/5452/1855 4270/5453/1855 4271/5454/1855 4266/5455/1855
f 4272/5456/1856 4274/5457/1856 4275/5458/1856 4293/5459/1856 4276/5460/1856 4277/5461/1856 4278/5462/1856 4279/5463/1856
f 4292/5464/1857 4276/5465/1857 4293/5466/1857
s 1
f 4269/5467/1858 4281/5468/1859 4282/5469/1859 4264/5470/1858
f 4247/5471/1860 4240/5468/1861 4249/5467/1862
f 4283/5472/1863 4282/5469/1859 4281/5468/1859 4284/5473/1864
f 4285/5474/1865 4283/5472/1863 4284/5473/1864 4286/5475/1866
f 4253/5476/1867 4236/5473/1868 4240/5468/1861 4247/5471/1860 4246/5477/1869
f 4273/5478/1870 4280/5479/1870 4287/5480/1871 4290/5481/1872
f 4288/5482/1873 4285/5474/1865 4286/5475/1866 4289/5483/1873
f 4261/5484/1874 4257/5485/1875 4235/5483/1876 4238/5475/1877 4251/5486/1878
f 4288/5482/1873 4289/5483/1873 4290/5481/1872 4287/5480/1871
f 4251/5487/1878 4238/5475/1877 4236/5473/1868 4253/5488/1867
f 4254/5489/1879 4242/5490/1880 4258/5491/1881
f 4258/5491/1881 4242/5490/1880 4235/5483/1876 4257/5485/1875
f 4256/5482/1882 4234/5482/1883 4243/5480/1884 4259/5492/1885
f 4248/5493/1886 4241/5469/1887 4244/5469/1888
f 4252/5472/1889 4237/5472/1890 4239/5474/1891 4291/5474/1892
f 4260/5479/1893 4259/5480/1885 4243/5480/1884
f 4241/5469/1887 4237/5472/1890 4252/5472/1889 4245/5494/1894 4244/5469/1888
f 4255/5495/1895 4291/5474/1892 4239/5474/1891 4234/5482/1883 4256/5482/1882
o 立方体.002_cell.094
v -0.043379 -0.064401 0.018667
v -0.039695 -0.064401 0.027098
v -0.033335 -0.060420 0.032148
v -0.043092 -0.068222 0.009026
v -0.040982 -0.071321 0.003966
v -0.036218 -0.071565 -0.000000
v -0.037608 -0.075460 -0.003091
v -0.035141 -0.077931 -0.007360
v -0.028499 -0.077962 -0.012264
v -0.026781 -0.082742 -0.018280
v -0.020950 -0.095261 -0.004385
v -0.020794 -0.095451 0.004352
v -0.017326 -0.092840 0.007879
v -0.015609 -0.095126 0.000692
v -0.021553 -0.090167 0.014710
v -0.020562 -0.082971 0.018463
v -0.024849 -0.080153 0.024849
v -0.023019 -0.074978 0.025301
v -0.021870 -0.081206 -0.019107
v -0.020618 -0.084906 -0.015655
v -0.021528 -0.092815 -0.009264
v -0.031295 -0.064079 0.037077
v -0.027918 -0.070638 0.032613
v -0.024570 -0.070729 0.028449
v -0.031295 -0.064079 0.037077
v -0.031295 -0.064079 0.037077
v -0.027918 -0.070638 0.032613
v -0.040982 -0.071321 0.003966
v -0.036218 -0.071565 -0.000000
v -0.037608 -0.075460 -0.003091
v -0.020794 -0.095451 0.004352
v -0.020794 -0.095451 0.004352
v -0.015609 -0.095126 0.000692
v -0.020950 -0.095261 -0.004385
v -0.021553 -0.090167 0.014710
v -0.021553 -0.090167 0.014710
v -0.017326 -0.092840 0.007879
v -0.020562 -0.082971 0.018463
v -0.024849 -0.080153 0.024849
v -0.024849 -0.080153 0.024849
v -0.024849 -0.080153 0.024849
v -0.023019 -0.074978 0.025301
v -0.026781 -0.082742 -0.018280
v -0.026781 -0.082742 -0.018280
v -0.020618 -0.084906 -0.015655
v -0.020618 -0.084906 -0.015655
v -0.021528 -0.092815 -0.009264
v -0.024570 -0.070729 0.028449
vn -0.4688 0.6456 -0.6028
vn 0.0467 -0.9987 -0.0226
vn 0.6585 -0.4173 0.6263
vn 0.6984 -0.3036 0.6481
vn 0.0829 -0.6646 -0.7426
vn 0.7648 -0.1793 0.6188
vn 0.7788 -0.0256 0.6268
vn -0.6031 -0.6369 0.4802
vn -0.5995 -0.6376 0.4838
vn -0.5916 -0.6389 0.4917
vn 0.3796 0.6526 -0.6558
vn 0.4013 0.6152 -0.6786
vn 0.3944 0.6274 -0.6714
vn 0.4080 0.6030 -0.6855
vn 0.6590 0.5700 0.4908
vn 0.7563 0.6537 -0.0261
vn 0.7488 0.6473 0.1426
vn -0.4526 -0.3490 0.8206
vn -0.1988 -0.1309 0.9713
vn -0.5419 -0.4297 -0.7223
vn -0.2167 -0.1547 -0.9639
vn -0.7658 -0.6427 -0.0234
vn -0.7663 -0.6425 -0.0089
vn 0.6555 0.5308 0.5372
vn 0.6575 0.6626 -0.3586
vn -0.5516 0.1799 0.8144
vn 0.2200 0.0367 0.9748
vn 0.7535 0.6516 -0.0873
vn 0.6013 0.6510 -0.4633
vn -0.4932 0.0418 -0.8689
vn -0.9084 -0.4126 0.0683
vn -0.4252 0.4704 0.7733
vn -0.3562 0.5132 0.7809
vn 0.7001 0.6430 0.3105
vn 0.6410 0.5536 -0.5317
vn -0.7133 -0.6433 0.2781
vn -0.7075 -0.6440 0.2912
vn 0.1893 -0.8690 0.4572
vn 0.1049 -0.6323 -0.7676
vn -0.4378 -0.6490 0.6222
vt 0.643425 0.247459
vt 0.695594 0.270013
vt 0.272091 0.272091
vt 1.000000 0.037547
vt 0.934165 0.079792
vt 0.333425 0.021412
vt 1.000000 0.322393
vt 1.000000 0.387447
vt 0.534241 0.228346
vt 0.447775 0.172517
vt 0.579143 0.000000
vt 0.700857 0.000000
vt 1.000000 1.000000
vt 0.952971 0.952971
vt 1.000000 0.689097
vt 0.700857 0.700857
vt 0.579143 0.579143
vt 1.000000 0.586520
vt 0.763929 0.763929
vt 0.664896 0.664896
vt 1.000000 0.557666
vt 0.562500 0.031250
vt 0.547841 0.031250
vt 0.553538 0.000000
vt 0.563092 0.002133
vt 0.850673 0.736254
vt 0.854166 0.736254
vt 0.861254 0.736254
vt 0.861254 0.736254
vt 0.848613 0.736254
vt 0.861254 0.708441
vt 0.861254 0.708441
vt 0.861254 0.728202
vt 0.861254 0.652814
vt 0.861254 0.625000
vt 0.861254 0.625000
vt 0.861254 0.638140
vt 0.861254 0.652814
vt 0.556207 0.137429
vt 0.554802 0.156250
vt 0.544942 0.156250
vt 0.544151 0.125000
vt 0.861254 0.597186
vt 0.861254 0.572075
vt 0.861254 0.569373
vt 0.861254 0.569373
vt 0.861254 0.680627
vt 0.861254 0.680627
vt 0.861254 0.708441
vt 0.546334 0.187500
vt 0.553225 0.187500
vt 0.550158 0.218750
vt 0.861254 0.541559
vt 0.861254 0.569373
vt 0.861254 0.541560
vt 0.861254 0.597187
vt 0.861254 0.610809
vt 0.545871 0.062500
vt 0.563465 0.070256
vt 0.560326 0.093750
vt 0.562500 0.062500
vt 0.088731 0.021055
vt 0.139045 0.000000
vt 0.221584 0.000000
vt 0.547556 0.532351
vt 0.236790 0.087181
vt 0.544834 0.093750
vt 0.560326 0.093750
vt 0.558562 0.110394
vt 0.557154 0.125000
vt 0.562987 1.000000
vt 0.553538 1.000000
vt 0.558951 0.986925
s 0
usemtl マテリアル
f 4322/5496/1896 4300/5497/1896 4298/5498/1896
f 4326/5499/1897 4325/5500/1897 4304/5501/1897
f 4331/5502/1898 4332/5503/1898 4329/5504/1898
f 4333/5505/1899 4335/5506/1899 4320/5507/1899
s 1
f 4336/5508/1900 4312/5509/1900 4338/5510/1900
s 0
f 4320/5511/1901 4335/5512/1901 4341/5513/1901
f 4320/5514/1902 4341/5515/1902 4318/5516/1902
s 1
f 4295/5517/1903 4328/5518/1903 4310/5519/1904 4319/5520/1905
f 4317/5521/1906 4311/5522/1906 4334/5523/1907 4296/5524/1908 4315/5525/1906
f 4328/5526/1909 4295/5527/1909 4296/5524/1908 4334/5524/1907 4309/5528/1909
f 4324/5529/1910 4307/5530/1911 4299/5531/1912 4321/5532/1913 4297/5533/1914
f 4323/5534/1915 4301/5535/1916 4327/5536/1917 4324/5537/1918
f 4301/5538/1919 4327/5539/1919 4340/5540/1919 4302/5541/1919
f 4330/5542/1920 4294/5543/1921 4295/5544/1922 4328/5527/1923
f 4294/5543/1921 4330/5542/1920 4324/5529/1924 4297/5533/1925
f 4340/5545/1926 4302/5546/1927 4337/5547/1928
f 4337/5548/1928 4302/5540/1927 4340/5549/1929 4339/5550/1929
f 4299/5531/1912 4307/5530/1911 4327/5551/1930 4301/5538/1916 4323/5552/1915
f 4324/5553/1931 4294/5554/1921 4297/5555/1925
f 4294/5556/1921 4324/5553/1931 4328/5518/1932 4295/5517/1922
s 0
f 4305/5557/1933 4306/5558/1933 4308/5559/1933
f 4303/5508/1934 4313/5560/1934 4314/5561/1934
s 1
f 4324/5562/1918 4297/5563/1914 4321/5564/1913 4323/5565/1915
f 4319/5566/1905 4310/5567/1904 4316/5568/1935
o 立方体.002_cell.095
v -0.000000 -0.023716 0.074945
v 0.015313 -0.023716 0.073303
v -0.007034 -0.027683 0.077124
v -0.005551 -0.038298 0.062548
v -0.003916 -0.053964 0.055476
v 0.018232 -0.006032 0.087289
v 0.027160 -0.009515 0.088628
v 0.019041 -0.009871 0.090875
v 0.025940 -0.005618 0.085081
v 0.010576 -0.005495 0.088544
v 0.010035 -0.009177 0.092290
v 0.001776 -0.008686 0.093470
v -0.000000 -0.004983 0.090107
v -0.008675 -0.007975 0.093420
v -0.008247 -0.004818 0.089344
v -0.007825 -0.010315 0.084942
v 0.011057 -0.050772 0.057472
v 0.013130 -0.046435 0.054819
v 0.024641 -0.019090 0.081063
v 0.019136 -0.032476 0.064635
v -0.000000 -0.051669 0.052321
v -0.007034 -0.027683 0.077124
v -0.003916 -0.053964 0.055476
v -0.003916 -0.053964 0.055476
v -0.003916 -0.053964 0.055476
v 0.027160 -0.009515 0.088628
v 0.019041 -0.009871 0.090875
v 0.018232 -0.006032 0.087289
v 0.025940 -0.005618 0.085081
v -0.005551 -0.038298 0.062548
v 0.010576 -0.005495 0.088544
v 0.010035 -0.009177 0.092290
v 0.001776 -0.008686 0.093470
v -0.008247 -0.004818 0.089344
v -0.007825 -0.010315 0.084942
v 0.011057 -0.050772 0.057472
v 0.011057 -0.050772 0.057472
v 0.011057 -0.050772 0.057472
v 0.013130 -0.046435 0.054819
v -0.000000 -0.004983 0.090107
v -0.008675 -0.007975 0.093420
v 0.024641 -0.019090 0.081063
v 0.019136 -0.032476 0.064635
v -0.000000 -0.051669 0.052321
vn -0.9955 -0.0867 -0.0381
vn -0.0104 0.6046 -0.7965
vn -0.0459 0.6158 -0.7866
vn -0.0055 0.6024 -0.7981
vn 0.0345 0.5882 -0.8080
vn 0.1394 0.6988 0.7017
vn 0.0050 0.7355 0.6775
vn -0.9949 0.0046 -0.1010
vn -0.9949 -0.0000 -0.1007
vn 0.9094 -0.4146 0.0331
vn 0.9471 0.0044 -0.3209
vn -0.4238 0.5957 -0.6823
vn -0.0930 0.5959 -0.7976
vn -0.2138 0.6131 -0.7606
vn -0.2559 0.6212 -0.7407
vn 0.0033 -0.6412 0.7674
vn 0.0407 -0.6420 0.7656
vn 0.0693 -0.6429 0.7628
vn 0.1412 -0.6444 0.7515
vn 0.0542 -0.6421 0.7647
vn -0.0479 -0.6386 0.7680
vn 0.1640 0.6916 0.7034
vn -0.0834 0.6267 -0.7748
vn 0.2401 -0.9022 -0.3584
vn 0.2270 -0.6418 0.7325
vt 0.715718 0.000000
vt 1.000000 0.051711
vt 0.426641 0.000000
vt 0.760329 0.736254
vt 0.761966 0.736254
vt 0.762410 0.736254
vt 0.760902 0.736254
vt 0.750000 0.736254
vt 0.750000 0.736254
vt 0.281294 0.281294
vt 0.253305 0.253305
vt 1.000000 0.351919
vt 1.000000 0.375794
vt 0.375794 0.375794
vt 0.462742 0.278009
vt 0.865202 0.000000
vt 0.924368 0.000000
vt 0.942716 0.942716
vt 0.897966 0.897966
vt 1.000000 0.848631
vt 0.848631 0.848631
vt 1.000000 0.284282
vt 1.000000 0.573359
vt 0.914202 0.914202
vt 0.754160 0.000000
vt 0.139295 0.139295
vt 0.064897 0.064897
vt 0.322127 0.000000
vt 0.754160 0.754160
vt 0.322127 0.322127
vt 1.000000 0.927960
vt 1.000000 0.975854
vt 0.718151 0.736254
vt 0.722186 0.736254
vt 0.722186 0.736254
vt 0.709601 0.736254
vt 0.710782 0.736254
vt 0.594241 0.875000
vt 0.567926 0.875000
vt 0.570471 0.843750
vt 0.593524 0.843750
vt 0.593919 0.858627
vt 0.594241 0.875000
vt 0.592852 0.888988
vt 0.583390 0.888751
vt 0.253305 0.000000
vt 0.281294 0.000000
vt 0.681448 0.185444
vt 0.049820 0.000000
vt 0.148973 0.000000
vt 0.748597 0.176603
vt 0.746985 0.736254
vt 0.733947 0.736254
vt 0.235067 0.000000
vt 1.000000 0.335379
vt 0.922930 0.304130
vt 0.593726 0.829544
vt 0.570967 0.839279
vt 0.588279 0.829916
s 0
usemtl マテリアル
f 4371/5569/1936 4364/5570/1936 4363/5571/1936
s 1
f 4366/5572/1937 4345/5573/1937 4376/5574/1937 4356/5575/1937 4354/5576/1938 4342/5577/1939 4385/5577/1940
s 0
f 4373/5578/1941 4372/5579/1941 4381/5580/1941 4374/5581/1941
f 4374/5582/1942 4381/5583/1942 4375/5584/1942 4382/5585/1942
f 4382/5586/1943 4375/5587/1943 4357/5588/1943
f 4357/5589/1944 4371/5590/1944 4363/5591/1944 4382/5592/1944
f 4383/5593/1945 4377/5594/1945 4380/5595/1945 4384/5596/1945
f 4383/5597/1946 4384/5598/1946 4370/5599/1946 4367/5600/1946
s 1
f 4359/5601/1947 4358/5602/1948 4343/5603/1949 4369/5603/1950 4350/5604/1947 4361/5605/1947
f 4353/5606/1951 4365/5607/1952 4378/5608/1953 4349/5609/1954 4352/5610/1955
f 4365/5607/1952 4353/5611/1951 4355/5612/1956 4344/5613/1956
s 0
f 4372/5614/1957 4373/5615/1957 4368/5616/1957 4367/5617/1957 4370/5618/1957 4347/5619/1957
s 1
f 4343/5603/1949 4342/5577/1939 4354/5620/1938 4351/5621/1958 4369/5603/1950
s 0
f 4379/5622/1959 4346/5623/1959 4362/5624/1959
s 1
f 4385/5577/1940 4342/5577/1939 4343/5603/1949 4358/5602/1948
f 4348/5625/1960 4349/5609/1954 4378/5626/1953 4360/5627/1960
o 立方体.002_cell.096
v 0.028075 -0.253886 -0.007958
v 0.004070 -0.259595 0.002036
v 0.032042 -0.254373 0.000413
v 0.024890 -0.263524 0.014320
v 0.030985 -0.263524 0.002657
v 0.023214 -0.263524 -0.018207
v 0.018176 -0.263524 -0.015443
v 0.003838 -0.263524 -0.004039
v 0.013851 -0.263524 0.012304
v 0.024890 -0.263524 0.014320
v 0.030985 -0.263524 0.002657
v 0.013851 -0.263524 0.012304
v 0.023214 -0.263524 -0.018207
v 0.018176 -0.263524 -0.015443
v 0.004070 -0.259595 0.002036
v 0.003838 -0.263524 -0.004039
vn 0.8862 0.0112 0.4631
vn 0.9200 -0.1903 -0.3427
vn 0.9037 -0.0004 -0.4282
vn -0.1739 0.9749 0.1392
vn -0.1313 0.8578 0.4969
vn -0.0765 0.9047 0.4191
vn -0.3118 0.7615 -0.5682
vn -0.3894 0.7802 -0.4896
vn -0.0579 -0.9977 0.0355
vt 1.000000 0.844750
vt 1.000000 1.000000
vt 0.083296 0.000000
vt 1.000000 0.504976
vt 0.844096 0.844096
vt 0.492000 0.000000
vt 1.000000 0.000000
vt 0.000000 0.000000
vt 1.000000 0.508001
vt 0.605810 0.000000
vt 0.605810 0.605810
vt 0.790377 0.000000
vt 0.311946 0.630939
vt 0.302138 0.656357
vt 0.278544 0.650592
vt 0.254177 0.625398
vt 0.257535 0.617080
vt 0.288266 0.592107
vt 0.302943 0.594900
s 0
usemtl マテリアル
f 4396/5628/1961 4388/5629/1961 4395/5630/1961
f 4398/5631/1962 4388/5629/1962 4396/5632/1962
f 4398/5633/1963 4386/5634/1963 4388/5629/1963
f 4386/5635/1964 4400/5634/1964 4388/5629/1964
f 4400/5635/1965 4395/5634/1965 4388/5629/1965
f 4400/5635/1966 4397/5634/1966 4395/5629/1966
f 4386/5634/1967 4398/5636/1967 4399/5637/1967
f 4400/5634/1968 4386/5629/1968 4399/5638/1968 4401/5639/1968
s 1
f 4390/5640/1969 4389/5641/1969 4394/5642/1969 4387/5643/1969 4393/5644/1969 4392/5645/1969 4391/5646/1969
o 立方体.002_cell.097
v 0.034151 -0.253979 0.001183
v 0.045518 -0.263524 0.000559
v 0.049218 -0.263524 0.005022
v 0.043429 -0.255948 0.000549
v 0.052562 -0.258236 0.011160
v 0.054359 -0.263524 0.011542
v 0.051091 -0.263524 0.015411
v 0.048730 -0.257700 0.015442
v 0.043324 -0.256945 0.020814
v 0.044446 -0.263524 0.022404
v 0.034624 -0.263524 0.029245
v 0.034633 -0.256115 0.029235
v 0.031564 -0.263524 0.024311
v 0.031036 -0.254728 0.023431
v 0.027209 -0.263524 0.017231
v 0.027656 -0.253455 0.017934
v 0.031937 -0.253485 0.006692
v 0.029460 -0.253356 0.012677
v 0.034086 -0.263524 0.001167
v 0.048730 -0.257700 0.015442
v 0.043324 -0.256945 0.020814
v 0.049218 -0.263524 0.005022
v 0.045518 -0.263524 0.000559
v 0.054359 -0.263524 0.011542
v 0.051091 -0.263524 0.015411
v 0.052562 -0.258236 0.011160
v 0.044446 -0.263524 0.022404
v 0.034633 -0.256115 0.029235
v 0.031036 -0.254728 0.023431
v 0.043429 -0.255948 0.000549
v 0.034624 -0.263524 0.029245
v 0.031564 -0.263524 0.024311
v 0.027209 -0.263524 0.017231
v 0.027656 -0.253455 0.017934
v 0.029460 -0.253356 0.012677
v 0.034151 -0.253979 0.001183
v 0.034086 -0.263524 0.001167
v 0.031937 -0.253485 0.006692
vn 0.7532 0.2069 -0.6244
vn 0.7635 0.2213 -0.6067
vn 0.7305 0.2928 0.6170
vn 0.6962 0.2787 0.6615
vn 0.6337 0.1376 0.7612
vn -0.8498 0.0016 0.5271
vn -0.8517 0.0012 0.5240
vn -0.0606 -0.0068 -0.9981
vn -0.8377 -0.4440 -0.3179
vn -0.9252 0.0379 -0.3776
vn 0.2002 0.9747 0.0993
vn 0.1997 0.9748 0.0997
vn 0.7752 0.5221 -0.3557
vn 0.2128 0.9759 0.0485
vn 0.2174 0.9760 0.0153
vn 0.2133 0.9759 0.0451
vn -0.0000 -1.0000 -0.0000
vn 0.2054 0.9753 0.0817
vn 0.2050 0.9753 0.0828
vn 0.2100 0.9753 0.0687
vt 1.000000 0.211647
vt 1.000000 0.307447
vt 0.693455 0.000000
vt 1.000000 0.317832
vt 1.000000 0.383262
vt 0.307447 0.307447
vt 0.211647 0.211647
vt 1.000000 0.362118
vt 0.383262 0.383262
vt 0.317832 0.317832
vt 1.000000 0.287583
vt 0.362118 0.362118
vt 0.287583 0.287583
vt 0.279102 0.000000
vt 0.363648 0.000000
vt 1.000000 0.138159
vt 0.363648 0.363648
vt 0.279102 0.279102
vt 1.000000 0.009876
vt 0.009115 0.009115
vt 1.000000 0.144780
vt 1.000000 0.272656
vt 0.136937 0.136937
vt 1.000000 0.000000
vt 1.000000 0.106200
vt 0.272656 0.272656
vt 0.144780 0.144780
vt 0.812879 0.000000
vt 1.000000 0.201594
vt 1.000000 0.306545
vt 0.691227 0.000000
vt 0.000000 0.000000
vt 1.000000 0.260765
vt 0.532757 0.149069
vt 1.000000 1.000000
vt 0.161556 0.000000
vt 1.000000 0.892856
vt 0.400040 0.718750
vt 0.421111 0.718750
vt 0.413414 0.726750
vt 0.384410 0.656250
vt 0.403196 0.626940
vt 0.420530 0.630220
vt 0.423828 0.656250
vt 0.331171 0.695410
vt 0.321692 0.682198
vt 0.306846 0.656466
vt 0.326037 0.626633
vt 0.343185 0.626337
vt 0.353923 0.637448
vt 0.368111 0.654539
vt 0.362779 0.664441
vt 0.350562 0.680911
vt 0.393369 0.687500
vt 0.424905 0.687500
vt 0.423828 0.656250
vt 0.393369 0.687500
vt 0.388526 0.671939
s 0
usemtl マテリアル
f 4431/5647/1970 4423/5648/1970 4424/5649/1970
f 4427/5650/1971 4425/5651/1971 4423/5652/1971 4431/5653/1971
f 4426/5654/1972 4425/5655/1972 4427/5656/1972 4421/5657/1972
f 4426/5658/1973 4421/5659/1973 4422/5660/1973 4428/5661/1973
f 4432/5662/1974 4428/5663/1974 4422/5664/1974 4429/5665/1974
f 4429/5666/1975 4430/5667/1975 4433/5668/1975 4432/5669/1975
f 4435/5670/1976 4434/5671/1976 4433/5672/1976 4430/5673/1976
f 4437/5674/1977 4431/5675/1977 4424/5676/1977 4438/5677/1977
f 4437/5678/1978 4435/5670/1978 4436/5679/1978 4439/5680/1978
f 4435/5681/1979 4437/5678/1979 4438/5682/1979 4434/5683/1979
s 1
f 4413/5684/1980 4417/5685/1981 4415/5686/1982
f 4406/5687/1983 4405/5688/1984 4402/5689/1984 4418/5690/1985
f 4412/5691/1986 4414/5692/1986 4416/5693/1986 4420/5694/1986 4403/5695/1986 4404/5696/1986 4407/5697/1986 4408/5698/1986 4411/5699/1986
f 4417/5685/1981 4413/5684/1980 4410/5700/1987 4419/5701/1988
f 4406/5687/1983 4418/5702/1985 4419/5701/1988 4410/5703/1987 4409/5704/1989
o 立方体.002_cell.098
v 0.027178 -0.052529 -0.044236
v 0.021253 -0.049710 -0.049390
v 0.025636 -0.054543 -0.049339
v 0.032796 -0.044920 -0.055008
v 0.028620 -0.046773 -0.048664
v 0.030989 -0.036312 -0.056824
v 0.038467 -0.021901 -0.073563
v 0.025375 -0.036757 -0.058967
v 0.024837 -0.025235 -0.075636
v 0.019725 -0.038433 -0.059405
v 0.032486 -0.022639 -0.075494
v 0.016754 -0.047237 -0.052947
v 0.027178 -0.052529 -0.044236
v 0.027178 -0.052529 -0.044236
v 0.027178 -0.052529 -0.044236
v 0.021253 -0.049710 -0.049390
v 0.028620 -0.046773 -0.048664
v 0.025636 -0.054543 -0.049339
v 0.038467 -0.021901 -0.073563
v 0.032796 -0.044920 -0.055008
v 0.030989 -0.036312 -0.056824
v 0.025375 -0.036757 -0.058967
v 0.024837 -0.025235 -0.075636
v 0.032486 -0.022639 -0.075494
v 0.019725 -0.038433 -0.059405
v 0.016754 -0.047237 -0.052947
vn -0.6679 -0.6011 0.4389
vn 0.7719 0.2547 0.5825
vn 0.7612 0.2829 0.5836
vn -0.2751 0.7861 0.5534
vn -0.2772 0.7864 0.5521
vn -0.9624 0.2538 -0.0967
vn -0.2210 -0.8295 0.5130
vn 0.2060 -0.7295 -0.6522
vn 0.1416 -0.6961 -0.7038
vn -0.9344 -0.2447 0.2589
vn -0.2888 0.6269 0.7236
vn -0.3202 0.6268 0.7103
vn -0.2428 0.6256 0.7414
vn 0.1010 -0.6726 -0.7331
vt 1.000000 0.715989
vt 0.212199 0.000000
vt 0.523836 0.000000
vt 0.436132 0.436132
vt 1.000000 0.802359
vt 1.000000 0.903614
vt 0.802359 0.802359
vt 1.000000 0.264457
vt 1.000000 0.662406
vt 0.903615 0.903615
vt 0.662406 0.662406
vt 0.264457 0.264457
vt 0.297179 0.000000
vt 0.747721 0.000000
vt 0.720684 0.136065
vt 0.747721 0.747721
vt 0.511449 0.305633
vt 1.000000 0.376297
vt 0.778762 0.778762
vt 0.376297 0.376297
vt 1.000000 0.963884
vt 0.570855 0.418093
vt 0.584783 0.423584
vt 0.586260 0.437500
vt 0.568995 0.437500
vt 0.694373 0.513746
vt 0.673457 0.513746
vt 0.676294 0.513746
vt 0.680987 0.513746
vt 0.706279 0.513746
vt 0.708231 0.513746
vt 0.568108 0.449219
vt 0.586487 0.443659
vt 0.586680 0.449604
vt 0.573583 0.458697
vt 0.567016 0.464792
s 0
usemtl マテリアル
f 4452/5705/1990 4455/5706/1990 4457/5707/1990
f 4453/5708/1991 4459/5709/1991 4456/5710/1991
f 4459/5711/1992 4458/5712/1992 4460/5713/1992 4456/5714/1992
f 4460/5715/1993 4458/5716/1993 4463/5717/1993 4464/5718/1993 4461/5719/1993
f 4464/5720/1994 4463/5721/1994 4462/5722/1994
f 4464/5723/1995 4462/5724/1995 4465/5725/1995
s 1
f 4451/5726/1996 4448/5727/1997 4450/5728/1998 4441/5729/1999
f 4447/5730/2000 4441/5730/1999 4454/5731/2001 4444/5732/2001 4445/5733/2001
f 4441/5730/1999 4447/5730/2000 4449/5734/2002 4451/5735/1996
f 4442/5736/2003 4441/5729/1999 4450/5737/1998 4446/5738/2003 4443/5739/2003 4440/5740/2003
o 立方体.002_cell.099
v 0.042774 -0.010513 -0.082086
v 0.036474 -0.010590 -0.084759
v 0.034789 -0.007169 -0.080845
v 0.028686 -0.010936 -0.086907
v 0.026809 -0.009737 -0.081312
v 0.039942 -0.010370 -0.075677
v 0.033256 -0.029583 -0.061737
v 0.041236 -0.014928 -0.078725
v 0.027900 -0.029681 -0.064077
v 0.021420 -0.030651 -0.065424
v 0.027252 -0.016298 -0.082678
v 0.035100 -0.014742 -0.081567
v 0.042774 -0.010513 -0.082086
v 0.036474 -0.010590 -0.084759
v 0.033256 -0.029583 -0.061737
v 0.039942 -0.010370 -0.075677
v 0.027900 -0.029681 -0.064077
v 0.027252 -0.016298 -0.082678
v 0.035100 -0.014742 -0.081567
v 0.028686 -0.010936 -0.086907
v 0.026809 -0.009737 -0.081312
v 0.021420 -0.030651 -0.065424
v 0.034789 -0.007169 -0.080845
v 0.041236 -0.014928 -0.078725
vn 0.1332 0.9350 -0.3286
vn 0.9145 -0.0107 0.4044
vn 0.9107 -0.0174 0.4128
vn 0.2585 -0.7882 -0.5585
vn 0.2380 -0.7847 -0.5723
vn -0.9479 0.0023 -0.3184
vn 0.2306 -0.6400 -0.7330
vn 0.2702 -0.6415 -0.7179
vn 0.2656 -0.6414 -0.7198
vn 0.3061 -0.6419 -0.7030
vn -0.2816 0.6270 0.7264
vn -0.2821 0.6270 0.7262
vn -0.2460 0.6260 0.7400
vn -0.3218 0.6269 0.7095
vt 0.464190 0.009647
vt 1.000000 0.014190
vt 1.000000 0.059846
vt 0.490520 0.056185
vt 0.057710 0.057710
vt 0.010527 0.010527
vt 0.902854 0.000000
vt 0.982070 0.000000
vt 1.000000 0.011729
vt 0.902854 0.902854
vt 1.000000 0.487917
vt 0.982070 0.982070
vt 0.898095 0.898095
vt 0.487917 0.487917
vt 1.000000 0.436841
vt 0.407459 0.000000
vt 0.847287 0.000000
vt 0.894531 0.517984
vt 0.886683 0.886683
vt 0.437476 0.417081
vt 0.847287 0.847287
vt 0.407459 0.407459
vt 1.000000 0.915523
vt 1.000000 0.979774
vt 0.593297 0.423829
vt 0.593115 0.437500
vt 0.590753 0.437500
vt 0.589868 0.423750
vt 0.590613 0.447615
vt 0.593158 0.449497
vt 0.694373 0.513746
vt 0.694373 0.513746
vt 0.706554 0.513746
vt 0.706867 0.513746
vt 0.681724 0.513746
vt 0.683692 0.513746
vt 0.694373 0.513746
vt 0.693741 0.513746
s 0
usemtl マテリアル
f 4479/5741/2004 4485/5742/2004 4486/5743/2004 4488/5744/2004 4481/5745/2004 4478/5746/2004
f 4481/5747/2005 4489/5748/2005 4478/5749/2005
f 4481/5750/2006 4480/5751/2006 4489/5752/2006
f 4489/5753/2007 4480/5754/2007 4482/5755/2007
f 4487/5756/2008 4483/5757/2008 4484/5758/2008 4489/5759/2008 4482/5760/2008
f 4483/5761/2009 4487/5762/2009 4486/5763/2009 4485/5764/2009
s 1
f 4469/5765/2010 4467/5766/2011 4477/5767/2012 4476/5768/2010
f 4473/5769/2013 4477/5767/2012 4467/5766/2011 4466/5770/2013
f 4474/5771/2014 4468/5772/2015 4470/5773/2016 4475/5774/2016
f 4472/5775/2017 4471/5776/2017 4468/5777/2015 4474/5778/2014
