# Blender 4.4.1
# www.blender.org
mtllib JapaneseSake.mtl
o JapaneseSake
v 0.000000 -0.261928 -0.123490
v 0.000000 0.136029 -0.145225
v 0.024092 -0.261928 -0.121117
v 0.028332 0.136029 -0.142435
v 0.047258 -0.261928 -0.114090
v 0.055575 0.136029 -0.134170
v 0.068607 -0.261928 -0.102678
v 0.080683 0.136029 -0.120750
v 0.087321 -0.261928 -0.087321
v 0.102690 0.136029 -0.102690
v 0.102678 -0.261928 -0.068607
v 0.120750 0.136029 -0.080683
v 0.114090 -0.261928 -0.047258
v 0.134170 0.136029 -0.055575
v 0.121117 -0.261928 -0.024092
v 0.142435 0.136029 -0.028332
v 0.123490 -0.261928 0.000000
v 0.145225 0.136029 0.000000
v 0.121117 -0.261928 0.024092
v 0.142435 0.136029 0.028332
v 0.114090 -0.261928 0.047258
v 0.134170 0.136029 0.055575
v 0.102678 -0.261928 0.068607
v 0.120750 0.136029 0.080683
v 0.087321 -0.261928 0.087321
v 0.102690 0.136029 0.102690
v 0.068607 -0.261928 0.102678
v 0.080683 0.136029 0.120750
v 0.047258 -0.261928 0.114090
v 0.055575 0.136029 0.134170
v 0.024092 -0.261928 0.121117
v 0.028332 0.136029 0.142435
v 0.000000 -0.261928 0.123490
v 0.000000 0.136029 0.145225
v -0.024092 -0.261928 0.121117
v -0.028332 0.136029 0.142435
v -0.047258 -0.261928 0.114090
v -0.055575 0.136029 0.134170
v -0.068607 -0.261928 0.102678
v -0.080683 0.136029 0.120750
v -0.087321 -0.261928 0.087321
v -0.102690 0.136029 0.102690
v -0.102678 -0.261928 0.068607
v -0.120750 0.136029 0.080683
v -0.114090 -0.261928 0.047258
v -0.134170 0.136029 0.055575
v -0.121117 -0.261928 0.024092
v -0.142435 0.136029 0.028332
v -0.123490 -0.261928 0.000000
v -0.145225 0.136029 0.000000
v -0.121117 -0.261928 -0.024092
v -0.142435 0.136029 -0.028332
v -0.114090 -0.261928 -0.047258
v -0.134170 0.136029 -0.055575
v -0.102678 -0.261928 -0.068607
v -0.120750 0.136029 -0.080683
v -0.087321 -0.261928 -0.087321
v -0.102690 0.136029 -0.102690
v -0.068607 -0.261928 -0.102678
v -0.080683 0.136029 -0.120750
v -0.047258 -0.261928 -0.114090
v -0.055575 0.136029 -0.134170
v -0.024092 -0.261928 -0.121117
v -0.028332 0.136029 -0.142435
v 0.024484 0.269291 -0.123090
v 0.000000 0.269291 -0.125501
v 0.048027 0.269291 -0.115948
v 0.069725 0.269291 -0.104350
v 0.088743 0.269291 -0.088743
v 0.104350 0.269291 -0.069725
v 0.115948 0.269291 -0.048027
v 0.123090 0.269291 -0.024484
v 0.125501 0.269291 0.000000
v 0.123090 0.269291 0.024484
v 0.115948 0.269291 0.048027
v 0.104350 0.269291 0.069725
v 0.088743 0.269291 0.088743
v 0.069725 0.269291 0.104350
v 0.048027 0.269291 0.115948
v 0.024484 0.269291 0.123090
v 0.000000 0.269291 0.125501
v -0.024484 0.269291 0.123090
v -0.048027 0.269291 0.115948
v -0.069725 0.269291 0.104350
v -0.088743 0.269291 0.088743
v -0.104350 0.269291 0.069725
v -0.115948 0.269291 0.048027
v -0.123090 0.269291 0.024484
v -0.125501 0.269291 0.000000
v -0.123090 0.269291 -0.024484
v -0.115948 0.269291 -0.048027
v -0.104350 0.269291 -0.069725
v -0.088743 0.269291 -0.088743
v -0.069725 0.269291 -0.104350
v -0.048027 0.269291 -0.115948
v -0.024484 0.269291 -0.123090
v 0.009476 0.599204 -0.047642
v -0.000000 0.599204 -0.048575
v 0.018589 0.599204 -0.044877
v 0.026987 0.599204 -0.040389
v 0.034348 0.599204 -0.034348
v 0.040389 0.599204 -0.026987
v 0.044877 0.599204 -0.018589
v 0.047642 0.599204 -0.009476
v 0.048575 0.599204 -0.000000
v 0.047642 0.599204 0.009476
v 0.044877 0.599204 0.018589
v 0.040389 0.599204 0.026987
v 0.034348 0.599204 0.034348
v 0.026987 0.599204 0.040389
v 0.018589 0.599204 0.044877
v 0.009476 0.599204 0.047642
v -0.000000 0.599204 0.048575
v -0.009477 0.599204 0.047642
v -0.018589 0.599204 0.044877
v -0.026987 0.599204 0.040389
v -0.034348 0.599204 0.034348
v -0.040389 0.599204 0.026987
v -0.044877 0.599204 0.018589
v -0.047642 0.599204 0.009476
v -0.048575 0.599204 -0.000000
v -0.047642 0.599204 -0.009476
v -0.044877 0.599204 -0.018589
v -0.040389 0.599204 -0.026987
v -0.034348 0.599204 -0.034348
v -0.026987 0.599204 -0.040389
v -0.018589 0.599204 -0.044877
v -0.009477 0.599204 -0.047642
v 0.077150 0.202660 -0.107259
v 0.098193 0.202660 -0.091216
v 0.098193 0.202660 0.091216
v 0.077150 0.202660 0.107259
v -0.115463 0.202660 0.071668
v -0.128295 0.202660 0.049366
v -0.053142 0.202660 -0.119180
v -0.027091 0.202660 -0.126521
v 0.138866 0.202660 0.000000
v 0.136197 0.202660 0.025167
v -0.027091 0.202660 0.126521
v -0.053142 0.202660 0.119180
v -0.128295 0.202660 -0.049366
v -0.115463 0.202660 -0.071668
v 0.115463 0.202660 -0.071668
v 0.053142 0.202660 0.119180
v -0.136197 0.202660 0.025167
v 0.000000 0.202660 -0.128999
v 0.027091 0.202660 -0.126521
v 0.128295 0.202660 0.049366
v -0.077150 0.202660 0.107259
v -0.098193 0.202660 -0.091216
v 0.128295 0.202660 -0.049366
v 0.027091 0.202660 0.126521
v -0.138866 0.202660 0.000000
v 0.053142 0.202660 -0.119180
v 0.115463 0.202660 0.071668
v -0.098193 0.202660 0.091216
v -0.077150 0.202660 -0.107259
v 0.136197 0.202660 -0.025167
v 0.000000 0.202660 0.128999
v -0.136197 0.202660 -0.025167
v 0.100464 0.169345 -0.097126
v 0.078934 0.169345 0.114208
v -0.131263 0.169345 0.052564
v -0.027718 0.169345 -0.134717
v 0.139348 0.169345 0.026797
v -0.054371 0.169345 0.126901
v -0.118133 0.169345 -0.076311
v 0.118133 0.169345 -0.076311
v 0.054371 0.169345 0.126901
v -0.139348 0.169345 0.026797
v 0.027718 0.169345 -0.134717
v 0.131263 0.169345 0.052564
v -0.078934 0.169345 0.114208
v -0.100464 0.169345 -0.097126
v 0.131263 0.169345 -0.052564
v 0.027718 0.169345 0.134717
v -0.142078 0.169345 0.000000
v 0.054371 0.169345 -0.126901
v 0.118133 0.169345 0.076311
v -0.100464 0.169345 0.097126
v -0.078934 0.169345 -0.114208
v 0.139348 0.169345 -0.026797
v 0.000000 0.169345 0.137356
v -0.139348 0.169345 -0.026797
v 0.078934 0.169345 -0.114208
v 0.100464 0.169345 0.097126
v -0.118133 0.169345 0.076311
v -0.054371 0.169345 -0.126901
v 0.142078 0.169345 0.000000
v -0.027718 0.169345 0.134717
v -0.131263 0.169345 -0.052564
v 0.000000 0.169345 -0.137356
v 0.008189 0.670799 -0.044054
v -0.000000 0.670799 -0.044918
v 0.016063 0.670799 -0.041498
v 0.023320 0.670799 -0.037348
v 0.029681 0.670799 -0.031761
v 0.034901 0.670799 -0.024955
v 0.038780 0.670799 -0.017189
v 0.041169 0.670799 -0.008763
v 0.041975 0.670799 -0.000000
v 0.041169 0.670799 0.008763
v 0.038780 0.670799 0.017189
v 0.034901 0.670799 0.024955
v 0.029681 0.670799 0.031761
v 0.023320 0.670799 0.037348
v 0.016063 0.670799 0.041498
v 0.008189 0.670799 0.044054
v -0.000000 0.670799 0.044918
v -0.008189 0.670799 0.044054
v -0.016063 0.670799 0.041498
v -0.023320 0.670799 0.037348
v -0.029681 0.670799 0.031761
v -0.034901 0.670799 0.024955
v -0.038780 0.670799 0.017189
v -0.041169 0.670799 0.008763
v -0.041975 0.670799 -0.000000
v -0.041169 0.670799 -0.008763
v -0.038780 0.670799 -0.017189
v -0.034901 0.670799 -0.024955
v -0.029681 0.670799 -0.031761
v -0.023320 0.670799 -0.037348
v -0.016063 0.670799 -0.041498
v -0.008189 0.670799 -0.044054
v 0.010054 0.672578 -0.054087
v -0.000000 0.672578 -0.055147
v 0.019721 0.672578 -0.050949
v 0.028631 0.672578 -0.045853
v 0.036440 0.672578 -0.038995
v 0.042849 0.672578 -0.030638
v 0.047612 0.672578 -0.021104
v 0.050544 0.672578 -0.010759
v 0.051534 0.672578 -0.000000
v 0.050544 0.672578 0.010759
v 0.047612 0.672578 0.021104
v 0.042849 0.672578 0.030638
v 0.036440 0.672578 0.038995
v 0.028631 0.672578 0.045853
v 0.019721 0.672578 0.050949
v 0.010054 0.672578 0.054087
v -0.000000 0.672578 0.055147
v -0.010054 0.672578 0.054087
v -0.019721 0.672578 0.050949
v -0.028631 0.672578 0.045853
v -0.036440 0.672578 0.038995
v -0.042849 0.672578 0.030638
v -0.047612 0.672578 0.021104
v -0.050544 0.672578 0.010759
v -0.051534 0.672578 -0.000000
v -0.050544 0.672578 -0.010759
v -0.047612 0.672578 -0.021104
v -0.042849 0.672578 -0.030638
v -0.036440 0.672578 -0.038995
v -0.028631 0.672578 -0.045853
v -0.019721 0.672578 -0.050949
v -0.010054 0.672578 -0.054087
v 0.010054 0.678155 -0.054087
v 0.000000 0.678155 -0.055147
v 0.019721 0.678155 -0.050949
v 0.028631 0.678155 -0.045853
v 0.036440 0.678155 -0.038995
v 0.042849 0.678155 -0.030638
v 0.047612 0.678155 -0.021104
v 0.050544 0.678155 -0.010759
v 0.051534 0.678155 -0.000000
v 0.050544 0.678155 0.010759
v 0.047612 0.678155 0.021104
v 0.042849 0.678155 0.030638
v 0.036440 0.678155 0.038995
v 0.028631 0.678155 0.045853
v 0.019721 0.678155 0.050949
v 0.010054 0.678155 0.054087
v 0.000000 0.678155 0.055147
v -0.010054 0.678155 0.054087
v -0.019721 0.678155 0.050949
v -0.028631 0.678155 0.045853
v -0.036440 0.678155 0.038995
v -0.042849 0.678155 0.030638
v -0.047611 0.678155 0.021104
v -0.050544 0.678155 0.010759
v -0.051534 0.678155 -0.000000
v -0.050544 0.678155 -0.010759
v -0.047611 0.678155 -0.021104
v -0.042849 0.678155 -0.030638
v -0.036440 0.678155 -0.038995
v -0.028631 0.678155 -0.045853
v -0.019721 0.678155 -0.050949
v -0.010054 0.678155 -0.054087
v -0.004667 0.680425 -0.025108
v -0.009157 0.680425 -0.023651
v -0.013296 0.680425 -0.021284
v -0.016923 0.680425 -0.018099
v -0.019899 0.680425 -0.014217
v -0.022111 0.680425 -0.009789
v -0.023473 0.680425 -0.004984
v -0.023933 0.680425 0.000013
v -0.023473 0.680425 0.005009
v -0.022111 0.680425 0.009814
v -0.019899 0.680425 0.014242
v -0.016923 0.680425 0.018124
v -0.013296 0.680425 0.021309
v -0.009157 0.680425 0.023676
v -0.004667 0.680425 0.025133
v 0.000002 0.680425 0.025625
v 0.004672 0.680425 0.025133
v 0.009162 0.680425 0.023676
v 0.013300 0.680425 0.021309
v 0.016927 0.680425 0.018124
v 0.019904 0.680425 0.014242
v 0.022115 0.680425 0.009814
v 0.023477 0.680425 0.005009
v 0.023937 0.680425 0.000013
v 0.023477 0.680425 -0.004984
v 0.022115 0.680425 -0.009789
v 0.019904 0.680425 -0.014217
v 0.016927 0.680425 -0.018099
v 0.013300 0.680425 -0.021284
v 0.009162 0.680425 -0.023651
v 0.000002 0.680425 -0.025600
v 0.004672 0.680425 -0.025108
v 0.004672 0.681397 -0.025108
v 0.009162 0.681397 -0.023651
v 0.013300 0.681397 -0.021284
v 0.016927 0.681397 -0.018099
v 0.019904 0.681397 -0.014217
v 0.022115 0.681397 -0.009789
v 0.023477 0.681397 -0.004984
v 0.023937 0.681397 0.000013
v 0.023477 0.681397 0.005009
v 0.022115 0.681397 0.009814
v 0.019904 0.681397 0.014242
v 0.016927 0.681397 0.018124
v 0.013300 0.681397 0.021309
v 0.009162 0.681397 0.023676
v 0.004672 0.681397 0.025133
v 0.000002 0.681397 0.025625
v -0.004667 0.681397 0.025133
v -0.009157 0.681397 0.023676
v -0.013296 0.681397 0.021309
v -0.016923 0.681397 0.018124
v -0.019899 0.681397 0.014242
v -0.022111 0.681397 0.009814
v -0.023473 0.681397 0.005009
v -0.023933 0.681397 0.000013
v -0.023473 0.681397 -0.004984
v -0.022111 0.681397 -0.009789
v -0.019899 0.681397 -0.014217
v -0.016923 0.681397 -0.018099
v -0.013296 0.681397 -0.021284
v -0.009157 0.681397 -0.023651
v -0.004667 0.681397 -0.025108
v 0.000002 0.681397 -0.025600
v -0.071311 0.434247 0.027353
v -0.075703 0.434247 0.013944
v 0.075703 0.434247 0.013944
v 0.071311 0.434247 0.027353
v -0.077186 0.434247 -0.000000
v 0.064178 0.434247 0.039710
v -0.075703 0.434247 -0.013944
v 0.054579 0.434247 0.050541
v -0.071311 0.434247 -0.027353
v 0.042882 0.434247 0.059431
v -0.064178 0.434247 -0.039710
v 0.029538 0.434247 0.066036
v -0.000000 0.434247 -0.071476
v 0.015058 0.434247 -0.070103
v -0.054579 0.434247 -0.050541
v 0.015058 0.434247 0.070103
v 0.029538 0.434247 -0.066036
v -0.042882 0.434247 -0.059431
v -0.000000 0.434247 0.071476
v 0.042882 0.434247 -0.059431
v -0.029538 0.434247 -0.066036
v -0.015058 0.434247 0.070103
v 0.054579 0.434247 -0.050541
v -0.015058 0.434247 -0.070103
v -0.029538 0.434247 0.066036
v 0.064178 0.434247 -0.039710
v -0.042882 0.434247 0.059431
v 0.071311 0.434247 -0.027353
v -0.054579 0.434247 0.050541
v 0.075703 0.434247 -0.013944
v -0.064178 0.434247 0.039710
v 0.077186 0.434247 -0.000000
v -0.100842 0.351769 0.018738
v 0.094991 0.351769 0.036756
v -0.102817 0.351769 0.000000
v 0.085490 0.351769 0.053362
v -0.100842 0.351769 -0.018738
v 0.072703 0.351769 0.067916
v -0.094991 0.351769 -0.036756
v 0.057122 0.351769 0.079861
v -0.085490 0.351769 -0.053362
v 0.039347 0.351769 0.088737
v 0.020059 0.351769 -0.094203
v -0.072703 0.351769 -0.067916
v 0.020059 0.351769 0.094203
v 0.039347 0.351769 -0.088737
v -0.057122 0.351769 -0.079861
v -0.000000 0.351769 0.096048
v 0.057122 0.351769 -0.079861
v -0.039347 0.351769 -0.088737
v -0.020059 0.351769 0.094203
v 0.072703 0.351769 -0.067916
v -0.020059 0.351769 -0.094203
v -0.039347 0.351769 0.088737
v 0.085490 0.351769 -0.053362
v -0.057122 0.351769 0.079861
v 0.094991 0.351769 -0.036756
v -0.072703 0.351769 0.067916
v 0.100842 0.351769 -0.018738
v -0.085490 0.351769 0.053362
v 0.102817 0.351769 0.000000
v -0.094991 0.351769 0.036756
v 0.100842 0.351769 0.018738
v -0.000000 0.351769 -0.096048
v -0.052550 0.516725 0.021767
v 0.055786 0.516725 0.011097
v -0.000000 0.516725 -0.056879
v -0.055786 0.516725 0.011097
v 0.052550 0.516725 0.021767
v -0.056879 0.516725 -0.000000
v 0.047293 0.516725 0.031600
v -0.055786 0.516725 -0.011097
v 0.040220 0.516725 0.040220
v -0.052550 0.516725 -0.021767
v 0.031600 0.516725 0.047293
v -0.047293 0.516725 -0.031600
v 0.021767 0.516725 0.052550
v 0.011097 0.516725 -0.055786
v -0.040220 0.516725 -0.040220
v 0.011097 0.516725 0.055786
v 0.021767 0.516725 -0.052550
v -0.031601 0.516725 -0.047293
v -0.000000 0.516725 0.056879
v 0.031600 0.516725 -0.047293
v -0.021767 0.516725 -0.052550
v -0.011097 0.516725 0.055786
v 0.040220 0.516725 -0.040220
v -0.011097 0.516725 -0.055786
v -0.021767 0.516725 0.052550
v 0.047293 0.516725 -0.031600
v -0.031601 0.516725 0.047293
v 0.052550 0.516725 -0.021767
v -0.040220 0.516725 0.040220
v 0.055786 0.516725 -0.011097
v -0.047293 0.516725 0.031600
v 0.056879 0.516725 -0.000000
v 0.000000 -0.245613 -0.145225
v 0.028332 -0.245613 -0.142435
v 0.055575 -0.245613 -0.134170
v 0.080683 -0.245613 -0.120750
v 0.102690 -0.245613 -0.102690
v 0.120750 -0.245613 -0.080683
v 0.134170 -0.245613 -0.055575
v 0.142435 -0.245613 -0.028332
v 0.145225 -0.245613 0.000000
v 0.142435 -0.245613 0.028332
v 0.134170 -0.245613 0.055575
v 0.120750 -0.245613 0.080683
v 0.102690 -0.245613 0.102690
v 0.080683 -0.245613 0.120750
v 0.055575 -0.245613 0.134170
v 0.028332 -0.245613 0.142435
v 0.000000 -0.245613 0.145225
v -0.028332 -0.245613 0.142435
v -0.055575 -0.245613 0.134170
v -0.080683 -0.245613 0.120750
v -0.102690 -0.245613 0.102690
v -0.120750 -0.245613 0.080683
v -0.134170 -0.245613 0.055575
v -0.142435 -0.245613 0.028332
v -0.145225 -0.245613 0.000000
v -0.142435 -0.245613 -0.028332
v -0.134170 -0.245613 -0.055575
v -0.120750 -0.245613 -0.080683
v -0.102690 -0.245613 -0.102690
v -0.080683 -0.245613 -0.120750
v -0.055575 -0.245613 -0.134170
v -0.028332 -0.245613 -0.142435
v 0.008515 0.682347 -0.045782
v 0.000002 0.682347 -0.046680
v 0.016700 0.682347 -0.043125
v 0.024244 0.682347 -0.038811
v 0.030856 0.682347 -0.033004
v 0.036282 0.682347 -0.025928
v 0.040314 0.682347 -0.017856
v 0.042797 0.682347 -0.009097
v 0.043636 0.682347 0.000013
v 0.042797 0.682347 0.009122
v 0.040314 0.682347 0.017881
v 0.036282 0.682347 0.025953
v 0.030856 0.682347 0.033029
v 0.024244 0.682347 0.038836
v 0.016700 0.682347 0.043150
v 0.008515 0.682347 0.045807
v 0.000002 0.682347 0.046705
v -0.008510 0.682347 0.045807
v -0.016696 0.682347 0.043150
v -0.024239 0.682347 0.038836
v -0.030852 0.682347 0.033029
v -0.036278 0.682347 0.025953
v -0.040310 0.682347 0.017881
v -0.042793 0.682347 0.009122
v -0.043632 0.682347 0.000013
v -0.042793 0.682347 -0.009097
v -0.040310 0.682347 -0.017856
v -0.036278 0.682347 -0.025928
v -0.030852 0.682347 -0.033004
v -0.024239 0.682347 -0.038811
v -0.016696 0.682347 -0.043125
v -0.008510 0.682347 -0.045782
v -0.040310 0.739025 0.017881
v -0.036278 0.739025 0.025953
v -0.030852 0.739025 0.033029
v -0.024239 0.739025 0.038836
v -0.016696 0.739025 0.043150
v -0.008510 0.739025 0.045807
v 0.000002 0.739025 0.046705
v 0.008515 0.739025 0.045807
v 0.016700 0.739025 0.043150
v 0.024244 0.739025 0.038836
v 0.030856 0.739025 0.033029
v 0.036282 0.739025 0.025953
v 0.040314 0.739025 0.017881
v 0.042797 0.739025 0.009122
v 0.043636 0.739025 0.000013
v 0.042797 0.739025 -0.009097
v 0.040314 0.739025 -0.017856
v 0.036282 0.739025 -0.025928
v 0.030856 0.739025 -0.033004
v 0.024244 0.739025 -0.038811
v 0.016700 0.739025 -0.043125
v 0.008515 0.739025 -0.045782
v 0.000002 0.739025 -0.046680
v -0.042793 0.739025 0.009122
v -0.043632 0.739025 0.000013
v -0.042793 0.739025 -0.009097
v -0.040310 0.739025 -0.017856
v -0.036278 0.739025 -0.025928
v -0.030852 0.739025 -0.033004
v -0.024239 0.739025 -0.038811
v -0.016696 0.739025 -0.043125
v -0.008510 0.739025 -0.045782
v -0.032867 0.746813 0.014582
v -0.029579 0.746813 0.021164
v -0.025155 0.746813 0.026933
v -0.019764 0.746813 0.031667
v -0.013613 0.746813 0.035185
v -0.006939 0.746813 0.037352
v 0.000002 0.746813 0.038083
v 0.006943 0.746813 0.037352
v 0.013617 0.746813 0.035185
v 0.019768 0.746813 0.031667
v 0.025159 0.746813 0.026933
v 0.029583 0.746813 0.021164
v 0.032871 0.746813 0.014582
v 0.034896 0.746813 0.007440
v 0.035579 0.746813 0.000013
v 0.034896 0.746813 -0.007415
v 0.032871 0.746813 -0.014557
v 0.029583 0.746813 -0.021139
v 0.025159 0.746813 -0.026908
v 0.019768 0.746813 -0.031642
v 0.013617 0.746813 -0.035160
v 0.006943 0.746813 -0.037327
v 0.000002 0.746813 -0.038058
v -0.034891 0.746813 0.007440
v -0.035575 0.746813 0.000013
v -0.034891 0.746813 -0.007415
v -0.032867 0.746813 -0.014557
v -0.029579 0.746813 -0.021139
v -0.025155 0.746813 -0.026908
v -0.019764 0.746813 -0.031642
v -0.013613 0.746813 -0.035160
v -0.006939 0.746813 -0.037327
v -0.037356 0.751884 0.016572
v -0.033620 0.751884 0.024053
v -0.028591 0.751884 0.030610
v -0.022463 0.751884 0.035991
v -0.015472 0.751884 0.039990
v -0.007887 0.751884 0.042452
v 0.000002 0.751884 0.043283
v 0.007891 0.751884 0.042452
v 0.015476 0.751884 0.039990
v 0.022467 0.751884 0.035991
v 0.028595 0.751884 0.030610
v 0.033624 0.751884 0.024053
v 0.037361 0.751884 0.016572
v 0.039662 0.751884 0.008454
v 0.040439 0.751884 0.000013
v 0.039662 0.751884 -0.008429
v 0.037361 0.751884 -0.016547
v 0.033624 0.751884 -0.024028
v 0.028595 0.751884 -0.030585
v 0.022467 0.751884 -0.035966
v 0.015476 0.751884 -0.039965
v 0.007891 0.751884 -0.042427
v 0.000002 0.751884 -0.043258
v -0.039657 0.751884 0.008454
v -0.040434 0.751884 0.000013
v -0.039657 0.751884 -0.008429
v -0.037356 0.751884 -0.016547
v -0.033620 0.751884 -0.024028
v -0.028591 0.751884 -0.030585
v -0.022463 0.751884 -0.035966
v -0.015472 0.751884 -0.039965
v -0.007887 0.751884 -0.042427
v -0.037356 0.764304 0.016572
v -0.033620 0.764304 0.024053
v -0.028591 0.764304 0.030610
v -0.022463 0.764304 0.035991
v -0.015472 0.764304 0.039990
v -0.007887 0.764304 0.042452
v 0.000002 0.764304 0.043283
v 0.007891 0.764304 0.042452
v 0.015477 0.764304 0.039990
v 0.022467 0.764304 0.035991
v 0.028595 0.764304 0.030610
v 0.033624 0.764304 0.024053
v 0.037361 0.764304 0.016572
v 0.039662 0.764304 0.008454
v 0.040439 0.764304 0.000013
v 0.039662 0.764304 -0.008429
v 0.037361 0.764304 -0.016547
v 0.033624 0.764304 -0.024028
v 0.028595 0.764304 -0.030585
v 0.022467 0.764304 -0.035966
v 0.015477 0.764304 -0.039965
v 0.007891 0.764304 -0.042427
v 0.000002 0.764304 -0.043258
v -0.039657 0.764304 0.008454
v -0.040434 0.764304 0.000013
v -0.039657 0.764304 -0.008429
v -0.037356 0.764304 -0.016547
v -0.033620 0.764304 -0.024028
v -0.028591 0.764304 -0.030585
v -0.022463 0.764304 -0.035966
v -0.015472 0.764304 -0.039965
v -0.007887 0.764304 -0.042427
v -0.016355 0.774304 0.007263
v -0.014718 0.774304 0.010538
v -0.012517 0.774304 0.013409
v -0.009834 0.774304 0.015765
v -0.006773 0.774304 0.017516
v -0.003452 0.774304 0.018594
v 0.000002 0.774304 0.018958
v 0.003456 0.774304 0.018594
v 0.006777 0.774304 0.017516
v 0.009838 0.774304 0.015765
v 0.012521 0.774304 0.013409
v 0.014723 0.774304 0.010538
v 0.016359 0.774304 0.007263
v 0.017366 0.774304 0.003709
v 0.017706 0.774304 0.000013
v 0.017366 0.774304 -0.003684
v 0.016359 0.774304 -0.007238
v 0.014723 0.774304 -0.010513
v 0.012521 0.774304 -0.013384
v 0.009838 0.774304 -0.015740
v 0.006777 0.774304 -0.017491
v 0.003456 0.774304 -0.018569
v 0.000002 0.774304 -0.018933
v -0.017362 0.774304 0.003709
v -0.017702 0.774304 0.000013
v -0.017362 0.774304 -0.003684
v -0.016355 0.774304 -0.007238
v -0.014718 0.774304 -0.010513
v -0.012517 0.774304 -0.013384
v -0.009834 0.774304 -0.015740
v -0.006773 0.774304 -0.017491
v -0.003452 0.774304 -0.018569
vn 0.8273 0.0705 -0.5573
vn 0.6363 -0.4362 -0.6363
vn 0.7019 0.0836 -0.7074
vn 0.4999 -0.4362 -0.7482
vn 0.5501 0.0962 -0.8295
vn 0.3782 0.1064 0.9196
vn 0.4999 -0.4362 0.7482
vn 0.5501 0.0962 0.8295
vn 0.3443 -0.4362 -0.8313
vn 0.3782 0.1064 -0.9196
vn 0.1755 -0.4362 -0.8825
vn 0.1927 0.1128 -0.9747
vn -0.0000 -0.4362 -0.8998
vn -0.0000 0.1149 -0.9934
vn 0.6363 -0.4362 0.6363
vn 0.7019 0.0836 0.7074
vn 0.9792 0.0507 -0.1967
vn 0.8313 -0.4362 -0.3443
vn 0.9211 0.0589 -0.3848
vn 0.9989 0.0477 -0.0000
vn 0.8825 -0.4362 -0.1755
vn 0.7482 -0.4362 0.4999
vn 0.8273 0.0705 0.5573
vn -0.5501 0.0962 -0.8295
vn -0.6363 -0.4362 -0.6363
vn -0.7019 0.0836 -0.7074
vn 0.8313 -0.4362 0.3444
vn 0.9211 0.0589 0.3848
vn 0.8825 -0.4362 0.1755
vn 0.9792 0.0507 0.1967
vn 0.8998 -0.4362 -0.0000
vn 0.7482 -0.4362 -0.4999
vn -0.8273 0.0705 0.5573
vn -0.6363 -0.4362 0.6363
vn -0.7019 0.0836 0.7074
vn -0.0000 0.1149 0.9934
vn 0.1755 -0.4362 0.8825
vn 0.1927 0.1128 0.9747
vn -0.4999 -0.4362 0.7482
vn -0.5501 0.0962 0.8295
vn -0.7482 -0.4362 -0.4999
vn -0.8273 0.0705 -0.5573
vn -0.3443 -0.4362 0.8313
vn -0.3782 0.1064 0.9196
vn -0.1755 -0.4362 0.8825
vn -0.1927 0.1128 0.9747
vn -0.0000 -0.4362 0.8998
vn -0.8313 -0.4362 -0.3444
vn -0.9211 0.0589 -0.3848
vn -0.9792 0.0507 0.1967
vn -0.8313 -0.4362 0.3443
vn -0.9211 0.0589 0.3848
vn -0.8825 -0.4362 -0.1755
vn -0.9792 0.0507 -0.1967
vn -0.7302 -0.6217 -0.2833
vn -0.7400 0.6584 -0.1378
vn -0.7018 0.6583 -0.2721
vn -0.8998 -0.4362 -0.0000
vn -0.9989 0.0477 -0.0000
vn -0.8825 -0.4362 0.1755
vn -0.7482 -0.4362 0.4999
vn 0.3443 -0.4362 0.8313
vn 0.6799 0.1489 0.7180
vn 0.8077 0.2185 0.5475
vn 0.6863 0.2116 0.6959
vn -0.3782 0.1064 -0.9196
vn -0.4999 -0.4362 -0.7482
vn -0.1927 0.1128 -0.9747
vn -0.3443 -0.4362 -0.8313
vn -0.1755 -0.4362 -0.8825
vn -0.9764 0.0954 -0.1938
vn -0.9106 0.1647 -0.3790
vn -0.9665 0.1687 -0.1933
vn 0.5289 0.1494 -0.8354
vn 0.6863 0.2116 -0.6959
vn 0.6799 0.1489 -0.7180
vn -0.0000 -0.9426 -0.3340
vn 0.0652 -0.9426 -0.3276
vn 0.1837 0.1496 0.9715
vn 0.3710 0.1994 0.9070
vn 0.1894 0.1959 0.9622
vn -0.9680 0.1463 -0.2041
vn -0.9732 0.2301 -0.0000
vn -0.9542 0.2286 -0.1930
vn 0.9060 0.1471 0.3969
vn 0.9542 0.2286 0.1930
vn 0.8983 0.2244 0.3778
vn 0.8079 0.1480 -0.5704
vn 0.8983 0.2244 -0.3778
vn 0.9060 0.1471 -0.3969
vn -0.6799 0.1489 -0.7180
vn -0.8077 0.2185 -0.5475
vn -0.6863 0.2116 -0.6959
vn -0.3615 0.1496 -0.9203
vn -0.5388 0.2049 -0.8172
vn -0.3710 0.1994 -0.9070
vn 0.9542 0.2286 -0.1930
vn 0.9680 0.1463 -0.2041
vn -0.1845 0.2308 -0.9553
vn -0.0000 0.1495 0.9888
vn -0.1894 0.1959 0.9622
vn -0.1837 0.1496 0.9715
vn -0.9060 0.1471 0.3969
vn -0.9542 0.2286 0.1930
vn -0.9680 0.1463 0.2041
vn 0.3615 0.1496 0.9203
vn 0.5388 0.2049 0.8172
vn -0.4073 -0.7134 0.5702
vn -0.5422 -0.6696 0.5075
vn -0.5124 -0.7126 0.4792
vn 0.8079 0.1480 0.5704
vn 0.1837 0.1496 -0.9715
vn 0.3710 0.1994 -0.9070
vn 0.3615 0.1496 -0.9203
vn 0.9732 0.2301 -0.0000
vn 0.9893 0.1460 -0.0000
vn -0.3710 0.1994 0.9070
vn -0.3615 0.1496 0.9203
vn -0.8079 0.1480 0.5704
vn -0.8983 0.2244 0.3778
vn 0.5289 0.1494 0.8354
vn -0.5289 0.1494 0.8354
vn -0.6863 0.2116 0.6959
vn -0.6799 0.1489 0.7180
vn -0.9060 0.1471 -0.3969
vn -0.8983 0.2244 -0.3778
vn -0.0000 0.1495 -0.9888
vn 0.1894 0.1959 -0.9622
vn 0.8287 0.0906 -0.5524
vn 0.9284 0.0844 -0.3619
vn 0.9201 0.0936 -0.3803
vn -0.8079 0.1480 -0.5704
vn -0.8077 0.2185 0.5475
vn 0.8077 0.2185 -0.5475
vn 0.5388 0.2049 -0.8171
vn 0.9680 0.1463 0.2041
vn -0.0000 0.1947 0.9809
vn -0.2834 -0.7141 0.6400
vn -0.4317 -0.6693 0.6047
vn 0.1951 0.0770 0.9778
vn 0.4026 0.0561 0.9137
vn 0.2069 0.0522 0.9770
vn -0.7053 0.0868 0.7036
vn -0.8198 0.1591 0.5502
vn -0.6973 0.1528 0.7003
vn -0.7053 0.0868 -0.7036
vn -0.5480 0.1467 -0.8235
vn -0.6973 0.1528 -0.7003
vn -0.3824 0.0795 -0.9206
vn -0.1926 0.1386 -0.9714
vn -0.3776 0.1417 -0.9151
vn -0.9201 0.0936 0.3803
vn -0.9665 0.1687 0.1933
vn -0.9106 0.1647 0.3790
vn -0.1951 0.0770 -0.9778
vn -0.0000 0.1376 -0.9905
vn -0.9764 0.0954 0.1938
vn -0.9854 0.1702 -0.0000
vn 0.3824 0.0795 0.9206
vn 0.1926 0.1386 0.9714
vn 0.3776 0.1417 0.9151
vn -0.8287 0.0906 0.5524
vn -0.9954 0.0960 -0.0000
vn 0.7053 0.0868 -0.7036
vn 0.8198 0.1591 -0.5502
vn 0.6973 0.1528 -0.7003
vn 0.9764 0.0954 -0.1938
vn 0.9854 0.1702 -0.0000
vn 0.9665 0.1687 -0.1933
vn 0.5547 0.0830 0.8279
vn 0.5480 0.1467 0.8235
vn 0.9201 0.0936 0.3803
vn 0.8198 0.1591 0.5502
vn 0.9106 0.1647 0.3790
vn -0.8287 0.0906 -0.5524
vn -0.8198 0.1591 -0.5502
vn 0.9106 0.1647 -0.3790
vn 0.9764 0.0954 0.1938
vn 0.9665 0.1687 0.1933
vn -0.9201 0.0936 -0.3803
vn 0.1951 0.0770 -0.9778
vn 0.3776 0.1417 -0.9151
vn 0.1926 0.1386 -0.9714
vn 0.9954 0.0960 -0.0000
vn -0.0000 0.0761 -0.9971
vn 0.7053 0.0868 0.7036
vn 0.6973 0.1528 0.7003
vn 0.8287 0.0906 0.5524
vn -0.0000 0.0761 0.9971
vn -0.0000 0.0510 0.9987
vn -0.1951 0.0770 0.9778
vn -0.3776 0.1417 0.9151
vn -0.1926 0.1386 0.9714
vn -0.5547 0.0830 -0.8279
vn -0.3824 0.0795 0.9206
vn -0.5480 0.1467 0.8235
vn 0.3824 0.0795 -0.9206
vn 0.5480 0.1467 -0.8235
vn -0.0000 0.1376 0.9905
vn 0.5547 0.0830 -0.8279
vn -0.9743 0.1017 0.2012
vn -0.0000 0.2358 -0.9718
vn 0.9954 0.0959 -0.0000
vn 0.9743 0.1017 0.2012
vn -0.5326 0.1948 0.8236
vn 0.8143 0.1413 0.5630
vn 0.6853 0.1684 0.7086
vn 0.8143 0.1413 -0.5630
vn -0.5326 0.1948 -0.8236
vn -0.3636 0.2166 -0.9060
vn -0.1845 0.2308 0.9553
vn -0.9743 0.1017 -0.2012
vn -0.9126 0.1178 -0.3915
vn -0.6853 0.1684 0.7086
vn 0.5326 0.1948 0.8236
vn -0.9126 0.1178 0.3915
vn 0.3636 0.2166 0.9060
vn 0.1845 0.2308 0.9553
vn -0.9893 0.1460 -0.0000
vn 0.9743 0.1017 -0.2012
vn -0.8143 0.1413 -0.5630
vn -0.8143 0.1413 0.5630
vn -0.0000 -0.9852 -0.1713
vn -0.1624 -0.6232 -0.7650
vn -0.0000 -0.6233 -0.7820
vn -0.1837 0.1496 -0.9715
vn -0.1894 0.1959 -0.9622
vn 0.1845 0.2308 -0.9553
vn 0.7848 0.2576 -0.5636
vn 0.8812 0.2635 -0.3924
vn 0.9126 0.1178 0.3915
vn 0.5326 0.1948 -0.8236
vn -0.0000 -0.7148 -0.6993
vn -0.1545 -0.6688 -0.7272
vn -0.0000 -0.6687 -0.7435
vn 0.3636 0.2166 -0.9060
vn -0.9954 0.0959 -0.0000
vn -0.3636 0.2166 0.9060
vn -0.1300 -0.9842 -0.1205
vn -0.6637 -0.6221 -0.4154
vn -0.5712 -0.6224 -0.5351
vn 0.6853 0.1684 -0.7086
vn -0.6853 0.1684 -0.7086
vn 0.9126 0.1178 -0.3915
vn -0.0000 0.2358 0.9718
vn 0.6556 -0.7111 0.2540
vn 0.7296 -0.6703 0.1358
vn 0.6920 -0.6701 0.2683
vn -0.1455 -0.7147 0.6842
vn -0.3008 -0.6690 0.6797
vn -0.5388 0.2049 0.8172
vn 0.1693 -0.9834 0.0650
vn 0.7702 -0.6215 0.1435
vn 0.7302 -0.6217 0.2833
vn -0.0000 0.1947 -0.9809
vn -0.2069 0.0522 0.9770
vn 0.5781 0.0624 0.8136
vn 0.8441 0.0777 0.5306
vn 0.7267 0.0700 0.6834
vn -0.2069 0.0522 -0.9770
vn -0.0000 0.0510 -0.9987
vn -0.5547 0.0830 0.8279
vn -0.7267 0.0700 0.6834
vn -0.4026 0.0561 0.9137
vn -0.7848 0.2576 -0.5636
vn -0.6548 0.2946 -0.6960
vn -0.7805 0.2889 -0.5544
vn -0.8441 0.0777 -0.5306
vn -0.7267 0.0700 -0.6834
vn 0.2069 0.0522 -0.9770
vn -0.5781 0.0624 -0.8136
vn -0.4026 0.0561 -0.9137
vn 0.9284 0.0844 0.3619
vn -0.9790 0.0892 -0.1834
vn -0.9284 0.0844 -0.3619
vn 0.9958 0.0910 -0.0000
vn 0.9790 0.0892 0.1834
vn 0.5781 0.0624 -0.8136
vn -0.9958 0.0910 -0.0000
vn 0.9790 0.0892 -0.1834
vn -0.9790 0.0892 0.1834
vn 0.8441 0.0777 -0.5306
vn 0.4026 0.0561 -0.9137
vn 0.7267 0.0700 -0.6834
vn -0.9284 0.0844 0.3619
vn -0.5781 0.0624 0.8136
vn -0.8441 0.0777 0.5306
vn 0.7400 0.6584 -0.1378
vn 0.7835 -0.6214 -0.0000
vn 0.7702 -0.6215 -0.1435
vn 0.1795 -0.9832 -0.0331
vn 0.1829 -0.9831 -0.0000
vn -0.1526 -0.9838 -0.0945
vn 0.1693 -0.9834 -0.0650
vn 0.1023 -0.9846 -0.1420
vn 0.5712 -0.6224 -0.5351
vn 0.1300 -0.9842 -0.1205
vn 0.1526 -0.9838 -0.0945
vn 0.7302 -0.6217 -0.2833
vn -0.0706 -0.9849 0.1580
vn -0.4543 -0.6228 0.6370
vn -0.1023 -0.9846 0.1420
vn -0.1455 -0.7147 -0.6842
vn -0.3008 -0.6690 -0.6797
vn -0.1300 -0.9842 0.1205
vn -0.6637 -0.6221 0.4154
vn -0.1526 -0.9838 0.0945
vn 0.0360 -0.9851 -0.1680
vn 0.3163 -0.6231 -0.7154
vn 0.0706 -0.9849 -0.1580
vn -0.0360 -0.9851 -0.1680
vn -0.3163 -0.6231 -0.7154
vn -0.0000 -0.9852 0.1713
vn -0.1624 -0.6232 0.7650
vn -0.0360 -0.9851 0.1680
vn 0.6916 -0.7107 0.1287
vn 0.7421 -0.6703 -0.0000
vn 0.4543 -0.6228 -0.6370
vn 0.1624 -0.6232 -0.7650
vn -0.5712 -0.6224 0.5351
vn -0.3163 -0.6231 0.7154
vn -0.0000 -0.7148 0.6993
vn -0.1545 -0.6688 0.7272
vn 0.1300 -0.9842 0.1205
vn 0.6637 -0.6221 0.4154
vn 0.5712 -0.6224 0.5351
vn 0.1624 -0.6232 0.7650
vn -0.0000 -0.6233 0.7820
vn -0.0706 -0.9849 -0.1580
vn -0.4543 -0.6228 -0.6370
vn -0.7302 -0.6217 0.2833
vn -0.1693 -0.9834 0.0650
vn -0.1023 -0.9846 -0.1420
vn -0.1795 -0.9832 -0.0331
vn -0.7835 -0.6214 -0.0000
vn -0.7702 -0.6215 -0.1435
vn 0.6637 -0.6221 -0.4154
vn -0.1795 -0.9832 0.0331
vn -0.1829 -0.9831 -0.0000
vn 0.1526 -0.9838 0.0945
vn -0.1693 -0.9834 -0.0650
vn -0.7702 -0.6215 0.1435
vn 0.1795 -0.9832 0.0331
vn 0.3047 0.6578 -0.6888
vn 0.4375 0.6579 -0.6130
vn -0.0000 0.6576 0.7533
vn 0.6383 0.6582 0.3993
vn -0.0000 0.6576 -0.7533
vn 0.1565 0.6577 -0.7369
vn -0.3047 0.6578 -0.6888
vn -0.1565 0.6577 -0.7369
vn -0.4375 0.6579 0.6130
vn -0.3047 0.6578 0.6888
vn 0.5497 0.6581 -0.5146
vn 0.6382 0.6582 -0.3992
vn -0.4375 0.6579 -0.6130
vn 0.3163 -0.6231 0.7154
vn 0.1565 0.6577 0.7369
vn 0.5497 0.6581 0.5146
vn -0.1565 0.6577 0.7369
vn 0.4543 -0.6228 0.6370
vn 0.3047 0.6578 0.6888
vn -0.6382 0.6582 -0.3992
vn -0.5496 0.6581 -0.5146
vn -0.7400 0.6584 0.1378
vn 0.7018 0.6583 -0.2722
vn 0.7400 0.6584 0.1378
vn -0.6382 0.6582 0.3992
vn 0.7018 0.6583 0.2722
vn -0.7018 0.6583 0.2721
vn -0.7527 0.6584 -0.0000
vn 0.4375 0.6579 0.6130
vn -0.5497 0.6581 0.5146
vn 0.6673 0.6985 0.2584
vn -0.2834 -0.7141 -0.6400
vn -0.4317 -0.6693 -0.6047
vn 0.6916 -0.7107 -0.1287
vn 0.7036 -0.7106 -0.0000
vn 0.1545 -0.6688 0.7272
vn -0.0000 -0.6687 0.7435
vn -0.4073 -0.7134 -0.5702
vn -0.5422 -0.6696 -0.5075
vn 0.6556 -0.7111 -0.2540
vn 0.7296 -0.6703 -0.1358
vn 0.1455 -0.7147 0.6842
vn 0.3008 -0.6690 0.6797
vn -0.5124 -0.7126 -0.4793
vn -0.6295 -0.6699 -0.3937
vn 0.5956 -0.7118 -0.3722
vn 0.6920 -0.6701 -0.2683
vn 0.2834 -0.7141 0.6401
vn 0.4317 -0.6693 0.6047
vn -0.5956 -0.7118 -0.3722
vn -0.6920 -0.6701 -0.2683
vn 0.0706 -0.9849 0.1580
vn 0.5124 -0.7126 -0.4792
vn 0.6295 -0.6699 -0.3937
vn 0.4073 -0.7134 0.5702
vn 0.5422 -0.6696 0.5075
vn -0.6556 -0.7111 -0.2540
vn -0.7296 -0.6703 -0.1358
vn 0.5422 -0.6696 -0.5075
vn 0.7815 0.3867 -0.4897
vn 0.1480 0.7027 -0.6959
vn 0.2834 -0.7141 -0.6400
vn 0.2884 0.7021 -0.6511
vn 0.1023 -0.9846 0.1420
vn 0.0360 -0.9851 0.1680
vn 0.1480 0.7026 0.6960
vn -0.0000 0.7029 0.7113
vn 0.4073 -0.7134 -0.5702
vn 0.4145 0.7012 -0.5801
vn -0.1480 0.7026 0.6960
vn -0.6673 0.6985 0.2584
vn -0.6916 -0.7107 0.1287
vn -0.7040 0.6980 0.1309
vn 0.5215 0.7002 -0.4876
vn -0.2884 0.7020 0.6511
vn 0.6063 0.6993 -0.3788
vn -0.7036 -0.7106 -0.0000
vn -0.7163 0.6978 -0.0000
vn -0.4145 0.7012 0.5801
vn -0.6916 -0.7107 -0.1287
vn -0.7040 0.6980 -0.1309
vn 0.6673 0.6985 -0.2584
vn -0.5215 0.7002 0.4876
vn -0.6673 0.6985 -0.2584
vn 0.7040 0.6980 -0.1309
vn -0.5956 -0.7118 0.3722
vn -0.6063 0.6993 0.3788
vn -0.6063 0.6993 -0.3788
vn 0.7163 0.6978 -0.0000
vn -0.6556 -0.7111 0.2540
vn -0.5215 0.7002 -0.4876
vn 0.7041 0.6980 0.1309
vn -0.4145 0.7012 -0.5801
vn 0.5957 -0.7118 0.3722
vn 0.6063 0.6993 0.3788
vn -0.5289 0.1494 -0.8354
vn -0.2884 0.7021 -0.6511
vn 0.5124 -0.7126 0.4793
vn 0.5215 0.7002 0.4876
vn -0.1480 0.7027 -0.6959
vn -0.0000 0.7029 -0.7113
vn 0.4145 0.7012 0.5801
vn 0.2884 0.7020 0.6511
vn 0.1455 -0.7147 -0.6842
vn -0.9423 0.2674 -0.2015
vn -0.8774 0.2843 -0.3865
vn -0.9387 0.2816 -0.1987
vn 0.9632 0.2686 -0.0000
vn 0.9387 0.2816 0.1987
vn 0.9598 0.2807 -0.0000
vn 0.8774 0.2843 -0.3865
vn 0.9423 0.2674 -0.2015
vn 0.9387 0.2816 -0.1987
vn 0.5077 0.3005 -0.8075
vn 0.6595 0.2505 -0.7088
vn 0.6548 0.2946 -0.6960
vn 0.3459 0.3056 -0.8871
vn 0.5122 0.2434 -0.8237
vn -0.9387 0.2816 0.1987
vn -0.9632 0.2686 -0.0000
vn -0.9598 0.2807 -0.0000
vn -0.0000 0.3107 0.9505
vn -0.1771 0.2330 0.9562
vn -0.1751 0.3093 0.9347
vn -0.3494 0.2372 0.9064
vn -0.3459 0.3056 0.8871
vn -0.8774 0.2843 0.3865
vn -0.9423 0.2674 0.2015
vn 0.8812 0.2635 0.3924
vn 0.7805 0.2889 0.5544
vn 0.8774 0.2843 0.3865
vn 0.1771 0.2330 0.9562
vn 0.1751 0.3093 0.9347
vn 0.5077 0.3005 0.8075
vn 0.7805 0.2889 -0.5544
vn -0.5077 0.3005 0.8075
vn -0.6595 0.2505 0.7088
vn -0.6548 0.2946 0.6960
vn 0.9423 0.2674 0.2015
vn -0.1771 0.2330 -0.9562
vn -0.0000 0.3107 -0.9505
vn -0.1751 0.3093 -0.9347
vn 0.3459 0.3056 0.8871
vn 0.5122 0.2434 0.8237
vn 0.3494 0.2372 0.9064
vn -0.8812 0.2635 -0.3924
vn -0.5122 0.2434 0.8237
vn -0.7848 0.2576 0.5636
vn -0.7805 0.2889 0.5544
vn 0.1751 0.3093 -0.9347
vn 0.3494 0.2372 -0.9064
vn 0.6595 0.2505 0.7088
vn 0.6548 0.2946 0.6960
vn -0.8812 0.2635 0.3924
vn -0.3494 0.2372 -0.9064
vn -0.3459 0.3056 -0.8871
vn -0.6595 0.2505 -0.7088
vn -0.5077 0.3005 -0.8075
vn 0.7848 0.2576 0.5636
vn 0.1771 0.2330 -0.9562
vn -0.5122 0.2434 -0.8237
vn 0.7527 0.6584 -0.0000
vn -0.0000 0.2314 0.9729
vn -0.0000 0.2314 -0.9729
vn -0.0000 -0.9426 0.3340
vn 0.3086 -0.9426 0.1278
vn 0.2777 -0.9426 0.1856
vn -0.1278 -0.9426 -0.3086
vn -0.1856 -0.9426 -0.2777
vn -0.2362 -0.9426 -0.2362
vn -0.3086 -0.9426 0.1278
vn 0.1278 -0.9426 -0.3086
vn -0.0652 -0.9426 0.3276
vn 0.3340 -0.9426 -0.0000
vn 0.1278 -0.9426 0.3086
vn 0.0652 -0.9426 0.3276
vn 0.1856 -0.9426 0.2777
vn 0.2362 -0.9426 0.2362
vn 0.2777 -0.9426 -0.1856
vn 0.2362 -0.9426 -0.2362
vn 0.3086 -0.9426 -0.1278
vn -0.1278 -0.9426 0.3086
vn 0.3276 -0.9426 0.0652
vn -0.3340 -0.9426 -0.0000
vn -0.3276 -0.9426 -0.0652
vn -0.3086 -0.9426 -0.1278
vn 0.1856 -0.9426 -0.2777
vn -0.2777 -0.9426 0.1856
vn -0.2362 -0.9426 0.2362
vn -0.2777 -0.9426 -0.1856
vn 0.3276 -0.9426 -0.0652
vn -0.0652 -0.9426 -0.3276
vn -0.1856 -0.9426 0.2777
vn -0.3276 -0.9426 0.0652
vn -0.6295 -0.6699 0.3937
vn -0.6920 -0.6701 0.2683
vn 0.1545 -0.6688 -0.7272
vn -0.7296 -0.6703 0.1358
vn 0.3008 -0.6690 -0.6797
vn -0.7421 -0.6703 -0.0000
vn 0.6295 -0.6699 0.3937
vn 0.4317 -0.6693 -0.6047
vn 0.7815 0.3867 0.4897
vn 0.7322 0.0200 0.6808
vn 0.6719 0.3893 0.6301
vn -0.3713 0.3942 0.8407
vn 0.6719 0.3893 -0.6301
vn -0.1905 0.3957 0.8984
vn -0.9081 0.3830 0.1694
vn 0.5338 0.3919 -0.7493
vn -0.0000 0.3963 0.9181
vn -0.9239 0.3825 -0.0000
vn 0.3713 0.3942 -0.8407
vn 0.1905 0.3957 0.8984
vn -0.9081 0.3830 -0.1694
vn 0.1905 0.3957 -0.8984
vn 0.3713 0.3942 0.8407
vn -0.8605 0.3845 -0.3343
vn 0.5338 0.3919 0.7493
vn -0.7815 0.3867 -0.4897
vn -0.6719 0.3893 -0.6301
vn -0.5338 0.3919 -0.7493
vn 0.8605 0.3845 0.3343
vn -0.3713 0.3942 -0.8407
vn 0.9081 0.3830 0.1694
vn -0.1905 0.3957 -0.8984
vn -0.8605 0.3845 0.3343
vn 0.9239 0.3825 -0.0000
vn -0.0000 0.3963 -0.9181
vn -0.7815 0.3867 0.4897
vn 0.9081 0.3830 -0.1694
vn -0.5338 0.3919 0.7493
vn -0.6719 0.3893 0.6301
vn 0.8605 0.3845 -0.3343
vn 0.9831 0.0200 0.1818
vn 0.9308 -0.3655 -0.0000
vn 0.9148 -0.3660 0.1706
vn -0.9831 0.0200 -0.1818
vn 0.8493 0.0200 0.5276
vn -0.9330 0.0200 -0.3593
vn 0.9330 0.0200 0.3593
vn -0.8493 0.0200 -0.5276
vn -0.8493 0.0200 0.5276
vn -0.9330 0.0200 0.3593
vn -0.7322 0.0200 -0.6808
vn 0.9831 0.0200 -0.1818
vn 0.9998 0.0200 -0.0000
vn -0.7322 0.0200 0.6808
vn -0.5835 0.0201 -0.8119
vn 0.9330 0.0200 -0.3593
vn -0.5835 0.0201 0.8119
vn -0.4069 0.0201 -0.9133
vn 0.8493 0.0200 -0.5276
vn -0.4069 0.0201 0.9133
vn -0.2092 0.0201 -0.9777
vn 0.7322 0.0200 -0.6808
vn -0.2092 0.0201 0.9777
vn -0.0000 0.0201 -0.9998
vn 0.5835 0.0201 -0.8119
vn -0.0000 0.0201 0.9998
vn 0.4069 0.0201 -0.9133
vn 0.2092 0.0201 -0.9777
vn 0.2092 0.0201 0.9777
vn 0.4069 0.0201 0.9133
vn -0.9831 0.0200 0.1818
vn 0.5835 0.0201 0.8119
vn -0.9998 0.0200 -0.0000
vn 0.7873 -0.3697 -0.4934
vn 0.7884 0.5335 -0.3062
vn 0.8669 -0.3675 -0.3367
vn -0.8669 -0.3675 0.3367
vn -0.7873 -0.3697 -0.4934
vn -0.6770 -0.3724 -0.6349
vn -0.7873 -0.3697 0.4934
vn -0.5379 -0.3751 -0.7550
vn 0.9148 -0.3660 -0.1706
vn -0.6770 -0.3724 0.6349
vn -0.3741 -0.3774 -0.8471
vn -0.5379 -0.3751 0.7550
vn -0.1920 -0.3789 -0.9053
vn -0.3741 -0.3774 0.8471
vn -0.0000 -0.3795 -0.9252
vn 0.6770 -0.3724 -0.6349
vn -0.1920 -0.3789 0.9053
vn 0.5379 -0.3751 -0.7550
vn 0.1920 -0.3789 0.9053
vn -0.0000 -0.3795 0.9252
vn 0.3741 -0.3774 -0.8471
vn 0.3741 -0.3774 0.8471
vn 0.1920 -0.3789 -0.9053
vn 0.5379 -0.3751 0.7550
vn -0.9148 -0.3660 0.1706
vn 0.6770 -0.3724 0.6349
vn -0.9308 -0.3655 -0.0000
vn 0.7873 -0.3697 0.4934
vn -0.9148 -0.3660 -0.1706
vn 0.8669 -0.3675 0.3367
vn -0.8669 -0.3675 -0.3367
vn 0.4893 0.5378 -0.6866
vn 0.0847 0.9782 -0.1898
vn 0.1226 0.9778 -0.1702
vn -0.4893 0.5378 0.6866
vn -0.3404 0.5390 -0.7705
vn -0.1747 0.5399 -0.8234
vn 0.7161 0.5348 -0.4486
vn -0.3404 0.5390 0.7705
vn -0.0000 0.5401 -0.8416
vn 0.6158 0.5363 -0.5773
vn -0.1747 0.5399 0.8234
vn 0.3404 0.5390 -0.7705
vn -0.0000 0.5401 0.8416
vn 0.1747 0.5399 -0.8234
vn 0.1747 0.5399 0.8234
vn 0.3404 0.5390 0.7705
vn -0.8320 0.5327 0.1551
vn 0.4893 0.5378 0.6866
vn -0.8465 0.5324 -0.0000
vn 0.6158 0.5363 0.5773
vn -0.8320 0.5327 -0.1551
vn 0.7161 0.5348 0.4486
vn -0.7884 0.5335 -0.3062
vn 0.7884 0.5335 0.3062
vn -0.7161 0.5348 -0.4486
vn 0.8320 0.5327 0.1551
vn -0.7884 0.5335 0.3062
vn -0.6158 0.5363 -0.5773
vn 0.8465 0.5324 -0.0000
vn -0.7161 0.5348 0.4486
vn -0.4893 0.5378 -0.6866
vn 0.8320 0.5327 -0.1551
vn -0.6158 0.5363 0.5773
vn 0.1553 0.9773 -0.1441
vn -0.1553 0.9773 -0.1441
vn -0.0000 0.9785 0.2062
vn 0.0433 0.9784 -0.2020
vn 0.0433 0.9784 0.2020
vn -0.0000 0.9785 -0.2062
vn 0.0847 0.9782 0.1898
vn -0.2013 0.9765 0.0774
vn -0.2132 0.9762 0.0393
vn 0.1225 0.9778 0.1702
vn -0.2172 0.9761 -0.0000
vn 0.1553 0.9773 0.1441
vn -0.2132 0.9762 -0.0393
vn 0.1818 0.9769 0.1127
vn -0.2013 0.9765 -0.0774
vn 0.2013 0.9765 0.0774
vn -0.1818 0.9769 -0.1127
vn 0.2132 0.9762 0.0393
vn -0.1818 0.9769 0.1127
vn 0.2132 0.9762 -0.0393
vn 0.2172 0.9761 -0.0000
vn -0.1553 0.9773 0.1441
vn -0.1226 0.9778 -0.1702
vn 0.2013 0.9765 -0.0774
vn -0.1225 0.9778 0.1702
vn -0.0847 0.9782 -0.1898
vn 0.1818 0.9769 -0.1127
vn -0.0847 0.9782 0.1898
vn -0.0433 0.9784 -0.2020
vn -0.0433 0.9784 0.2020
vt 0.387485 0.760706
vt 0.033917 0.732361
vt 0.387567 0.733280
vt 0.034605 0.706432
vt 0.387542 0.705941
vt 0.366119 0.151459
vt 0.032943 0.151040
vt 0.364244 0.125957
vt 0.035176 0.680501
vt 0.387415 0.678689
vt 0.036177 0.654683
vt 0.387191 0.651524
vt 0.036970 0.628924
vt 0.386868 0.624447
vt 0.031773 0.126497
vt 0.362303 0.100533
vt 0.386829 0.815377
vt 0.030955 0.784272
vt 0.387193 0.788004
vt 0.386396 0.842831
vt 0.028995 0.810388
vt 0.030444 0.102023
vt 0.360301 0.075189
vt 0.385317 0.543732
vt 0.038722 0.526472
vt 0.384610 0.516998
vt 0.029489 0.077682
vt 0.358239 0.049922
vt 0.027468 0.053307
vt 0.356121 0.024730
vt 0.024712 0.028546
vt 0.354004 0.000166
vt 0.032496 0.758270
vt 0.377273 0.332222
vt 0.038204 0.324620
vt 0.375900 0.306156
vt 0.369660 0.202702
vt 0.034748 0.200299
vt 0.367925 0.177040
vt 0.037385 0.299655
vt 0.374448 0.280171
vt 0.038727 0.500990
vt 0.383815 0.490350
vt 0.036494 0.274705
vt 0.372922 0.254267
vt 0.036047 0.249844
vt 0.371326 0.228445
vt 0.035426 0.225049
vt 0.039220 0.475668
vt 0.382933 0.463787
vt 0.379780 0.384601
vt 0.038628 0.374732
vt 0.378567 0.358370
vt 0.038839 0.450346
vt 0.381964 0.437308
vt 0.436871 0.803916
vt 0.436822 0.793556
vt 0.441166 0.801635
vt 0.038929 0.425090
vt 0.380913 0.410913
vt 0.038831 0.399892
vt 0.038389 0.349623
vt 0.034137 0.175643
vt 0.733478 0.094336
vt 0.777212 0.136253
vt 0.758941 0.146242
vt 0.385931 0.570551
vt 0.038571 0.552006
vt 0.386448 0.597456
vt 0.038438 0.577598
vt 0.037682 0.603210
vt 0.855846 0.498073
vt 0.778302 0.465872
vt 0.783971 0.455779
vt 0.451149 0.524485
vt 0.506646 0.548055
vt 0.448851 0.547675
vt 0.010577 0.628782
vt 0.009893 0.654370
vt 0.674392 0.133754
vt 0.724186 0.168256
vt 0.707678 0.180243
vt 0.523501 0.304059
vt 0.583498 0.316218
vt 0.572749 0.334098
vt 0.773463 0.072946
vt 0.815578 0.118441
vt 0.796087 0.126978
vt 0.447474 0.570496
vt 0.505436 0.589867
vt 0.446961 0.592968
vt 0.493844 0.363734
vt 0.553501 0.370933
vt 0.545058 0.389784
vt 0.477280 0.407510
vt 0.537426 0.408865
vt 0.530612 0.428149
vt 0.506217 0.611124
vt 0.447256 0.615208
vt 0.419139 0.390730
vt 0.440712 0.422641
vt 0.411390 0.414809
vt 0.655412 0.148733
vt 0.676270 0.206078
vt 0.637097 0.164500
vt 0.559141 0.249703
vt 0.594930 0.298768
vt 0.546474 0.267466
vt 0.693842 0.119640
vt 0.741269 0.156917
vt 0.452090 0.731832
vt 0.479272 0.730415
vt 0.454526 0.739102
vt 0.753439 0.083176
vt 0.458673 0.477350
vt 0.511372 0.507198
vt 0.454415 0.500995
vt 0.507970 0.632630
vt 0.448317 0.637402
vt 0.661336 0.219943
vt 0.619565 0.180872
vt 0.572739 0.232167
vt 0.607024 0.281820
vt 0.713585 0.106487
vt 0.602951 0.197691
vt 0.633055 0.249628
vt 0.587334 0.214819
vt 0.513008 0.323186
vt 0.562739 0.352354
vt 0.463915 0.453753
vt 0.514994 0.487127
vt 0.814101 0.599219
vt 0.875184 0.624885
vt 0.811895 0.607742
vt 0.503125 0.343052
vt 0.619744 0.265425
vt 0.505589 0.568844
vt 0.508582 0.527506
vt 0.793628 0.063544
vt 0.835717 0.110672
vt 0.691728 0.192866
vt 0.449930 0.724585
vt 0.477449 0.723905
vt 0.912221 0.425356
vt 0.965740 0.465762
vt 0.960586 0.471221
vt 0.881934 0.459833
vt 0.809835 0.417420
vt 0.817013 0.408437
vt 0.842688 0.522555
vt 0.763376 0.496956
vt 0.768007 0.486489
vt 0.834962 0.539343
vt 0.755118 0.518097
vt 0.759079 0.507493
vt 0.870903 0.474702
vt 0.796293 0.436153
vt 0.802919 0.426664
vt 0.831389 0.547823
vt 0.751467 0.528712
vt 0.865679 0.482357
vt 0.789981 0.445871
vt 0.918629 0.418952
vt 0.855955 0.367633
vt 0.864211 0.360343
vt 0.876326 0.467193
vt 0.860663 0.490152
vt 0.816500 0.590666
vt 0.738192 0.581508
vt 0.740179 0.571045
vt 0.809875 0.616228
vt 0.734342 0.612149
vt 0.735275 0.602098
vt 0.925119 0.412723
vt 0.872587 0.353357
vt 0.944993 0.395149
vt 0.889644 0.340370
vt 0.898284 0.334406
vt 0.846860 0.514287
vt 0.772981 0.476118
vt 0.736556 0.591871
vt 0.951723 0.389670
vt 0.906962 0.328818
vt 0.851245 0.506122
vt 0.824853 0.564925
vt 0.745172 0.549930
vt 0.748160 0.539325
vt 0.958488 0.384377
vt 0.915640 0.323616
vt 0.828021 0.556354
vt 0.931682 0.406677
vt 0.881071 0.346693
vt 0.938310 0.400818
vt 0.905907 0.431929
vt 0.955546 0.476748
vt 0.899716 0.438668
vt 0.832049 0.391276
vt 0.839857 0.383107
vt 0.838724 0.530912
vt 0.893646 0.445568
vt 0.824427 0.399721
vt 0.821876 0.573508
vt 0.742508 0.560510
vt 0.847832 0.375215
vt 0.819091 0.582092
vt 0.523035 0.250490
vt 0.434283 0.446494
vt 0.802584 0.027484
vt 0.780732 0.037058
vt 0.582422 0.175788
vt 0.737825 0.058004
vt 0.716722 0.069616
vt 0.418027 0.567373
vt 0.456561 0.376271
vt 0.448164 0.399202
vt 0.418681 0.638935
vt 0.617300 0.141355
vt 0.498026 0.290327
vt 0.486586 0.310964
vt 0.566303 0.193841
vt 0.695893 0.082106
vt 0.536649 0.231218
vt 0.675419 0.095527
vt 0.655412 0.109897
vt 0.534654 0.285553
vt 0.417808 0.615103
vt 0.475841 0.332145
vt 0.551057 0.212333
vt 0.459754 0.857253
vt 0.462005 0.842226
vt 0.468241 0.849008
vt 0.470154 0.430410
vt 0.524614 0.447621
vt 0.428946 0.470626
vt 0.658900 0.574738
vt 0.658123 0.587872
vt 0.759160 0.047187
vt 0.421511 0.519148
vt 0.500986 0.817941
vt 0.516695 0.795469
vt 0.521008 0.800374
vt 0.424700 0.494883
vt 0.510173 0.270184
vt 0.599427 0.158257
vt 0.437047 0.824623
vt 0.441356 0.812007
vt 0.446051 0.819940
vt 0.419314 0.543329
vt 0.465814 0.353911
vt 0.544942 0.172930
vt 0.389640 0.539197
vt 0.387899 0.589686
vt 0.417556 0.591281
vt 0.579178 0.135794
vt 0.485149 0.254475
vt 0.657154 0.071374
vt 0.636548 0.086088
vt 0.744831 0.021160
vt 0.722277 0.032562
vt 0.528952 0.192468
vt 0.391823 0.514020
vt 0.767706 0.010390
vt 0.597499 0.118347
vt 0.635994 0.125195
vt 0.399312 0.463985
vt 0.678367 0.057590
vt 0.700100 0.044678
vt 0.441811 0.666863
vt 0.463399 0.654998
vt 0.464943 0.662918
vt 0.395017 0.488932
vt 0.472085 0.276227
vt 0.388139 0.614959
vt 0.513665 0.212585
vt 0.388366 0.564427
vt 0.459817 0.298363
vt 0.404770 0.439250
vt 0.388985 0.640233
vt 0.448040 0.717384
vt 0.475819 0.717481
vt 0.646926 0.234462
vt 0.448346 0.320873
vt 0.437700 0.343763
vt 0.561670 0.154016
vt 0.499061 0.233255
vt 0.391431 0.660144
vt 0.402899 0.651835
vt 0.401415 0.661944
vt 0.519432 0.467281
vt 0.950580 0.482348
vt 0.971034 0.460352
vt 0.982100 0.449650
vt 0.976485 0.454980
vt 0.893052 0.574518
vt 0.890189 0.581457
vt 0.887713 0.452624
vt 0.936085 0.499995
vt 0.945687 0.488070
vt 0.696590 0.436609
vt 0.615421 0.417017
vt 0.622451 0.401029
vt 0.906114 0.546731
vt 0.902568 0.553701
vt 0.887422 0.588433
vt 0.899220 0.560656
vt 0.896055 0.567591
vt 0.987877 0.444371
vt 0.913817 0.532837
vt 0.909864 0.539767
vt 0.999834 0.434044
vt 0.993797 0.439162
vt 0.882211 0.602644
vt 0.917958 0.525979
vt 0.873079 0.632525
vt 0.922298 0.519246
vt 0.877413 0.617344
vt 0.884765 0.595486
vt 0.879759 0.609928
vt 0.926784 0.512655
vt 0.940855 0.493945
vt 0.616638 0.101758
vt 0.931388 0.506233
vt 0.524282 0.880968
vt 0.531515 0.890953
vt 0.521829 0.885705
vt 0.517213 0.894373
vt 0.525266 0.899323
vt 0.432516 0.816292
vt 0.508783 0.889959
vt 0.483653 0.875703
vt 0.496746 0.871768
vt 0.491910 0.880789
vt 0.500306 0.885505
vt 0.513057 0.881105
vt 0.395275 0.740796
vt 0.408675 0.745660
vt 0.398959 0.750079
vt 0.496289 0.812525
vt 0.512490 0.790519
vt 0.402973 0.759007
vt 0.415927 0.762827
vt 0.407229 0.767626
vt 0.467595 0.864058
vt 0.481813 0.861287
vt 0.475551 0.870159
vt 0.453169 0.849229
vt 0.456294 0.835076
vt 0.389221 0.720806
vt 0.403090 0.727888
vt 0.392002 0.731083
vt 0.441672 0.660001
vt 0.461543 0.646663
vt 0.489114 0.866710
vt 0.474833 0.855415
vt 0.412130 0.754299
vt 0.405636 0.736879
vt 0.446411 0.710257
vt 0.474340 0.711067
vt 0.388872 0.679797
vt 0.400179 0.671669
vt 0.399330 0.681208
vt 0.399775 0.709328
vt 0.401166 0.718656
vt 0.447281 0.841121
vt 0.451007 0.827643
vt 0.419969 0.771243
vt 0.411626 0.775955
vt 0.441941 0.832914
vt 0.424258 0.799787
vt 0.428272 0.787694
vt 0.432540 0.795772
vt 0.504723 0.876533
vt 0.416050 0.784005
vt 0.420379 0.791792
vt 0.390012 0.669926
vt 0.427938 0.367046
vt 0.428276 0.807984
vt 0.424135 0.779529
vt 0.392862 0.650427
vt 0.404402 0.640565
vt 0.484968 0.857447
vt 0.492013 0.862714
vt 0.406203 0.717674
vt 0.405278 0.672176
vt 0.471890 0.845576
vt 0.478269 0.851754
vt 0.460306 0.832115
vt 0.465860 0.838993
vt 0.413374 0.743849
vt 0.410472 0.735307
vt 0.871106 0.640233
vt 0.808031 0.624684
vt 0.499427 0.867625
vt 0.507230 0.872241
vt 0.455141 0.824916
vt 0.399070 0.699985
vt 0.404884 0.708662
vt 0.404405 0.681476
vt 0.408070 0.726611
vt 0.398943 0.690630
vt 0.404168 0.699665
vt 0.445636 0.809618
vt 0.450275 0.817404
vt 0.428435 0.777312
vt 0.515467 0.876638
vt 0.408339 0.652663
vt 0.420402 0.760701
vt 0.406601 0.662643
vt 0.424348 0.769046
vt 0.432568 0.785471
vt 0.404023 0.690622
vt 0.416710 0.752302
vt 0.440471 0.666894
vt 0.491677 0.806843
vt 0.508350 0.785429
vt 0.537621 0.850698
vt 0.559324 0.842913
vt 0.542609 0.854350
vt 0.471555 0.698052
vt 0.472965 0.704578
vt 0.487169 0.800906
vt 0.504272 0.780130
vt 0.532344 0.846658
vt 0.553960 0.836697
vt 0.445161 0.703083
vt 0.470213 0.691465
vt 0.482790 0.794723
vt 0.500282 0.774577
vt 0.526981 0.842351
vt 0.548676 0.830924
vt 0.444089 0.695822
vt 0.468906 0.684729
vt 0.478561 0.788308
vt 0.496431 0.768760
vt 0.387899 0.699883
vt 0.521594 0.837807
vt 0.543634 0.825481
vt 0.443233 0.688508
vt 0.467612 0.677765
vt 0.474507 0.781680
vt 0.492784 0.762709
vt 0.538793 0.820256
vt 0.573591 0.794112
vt 0.504865 0.824115
vt 0.511006 0.828158
vt 0.510002 0.829192
vt 0.388140 0.689772
vt 0.388225 0.710190
vt 0.443703 0.703318
vt 0.444975 0.710545
vt 0.516250 0.833066
vt 0.515289 0.834113
vt 0.446589 0.717729
vt 0.458851 0.754186
vt 0.463481 0.760757
vt 0.462128 0.761392
vt 0.520682 0.838856
vt 0.448479 0.724981
vt 0.526120 0.843388
vt 0.467008 0.767845
vt 0.465651 0.768524
vt 0.450649 0.732279
vt 0.470653 0.774861
vt 0.469339 0.775565
vt 0.531537 0.847675
vt 0.453103 0.739598
vt 0.473219 0.782427
vt 0.536875 0.851689
vt 0.457241 0.746367
vt 0.455839 0.746911
vt 0.477297 0.789099
vt 0.541973 0.855258
vt 0.460227 0.753596
vt 0.481553 0.795558
vt 0.440517 0.653575
vt 0.440391 0.660001
vt 0.485963 0.801780
vt 0.442110 0.673953
vt 0.440721 0.674015
vt 0.485206 0.385240
vt 0.490507 0.807751
vt 0.442578 0.681195
vt 0.441151 0.681293
vt 0.495163 0.813461
vt 0.499921 0.818900
vt 0.441781 0.688645
vt 0.442626 0.696004
vt 0.505904 0.823107
vt 0.709456 0.411681
vt 0.630018 0.385545
vt 0.638127 0.370539
vt 0.883737 0.254769
vt 0.843670 0.187776
vt 0.859324 0.182056
vt 0.580104 0.589562
vt 0.658001 0.600706
vt 0.580842 0.606302
vt 0.583020 0.538025
vt 0.660311 0.561294
vt 0.581218 0.555428
vt 0.585617 0.520455
vt 0.662329 0.547557
vt 0.656159 0.341822
vt 0.716596 0.399793
vt 0.646796 0.355963
vt 0.739845 0.251436
vt 0.781028 0.323459
vt 0.726099 0.263235
vt 0.770371 0.333690
vt 0.712852 0.275512
vt 0.666152 0.327999
vt 0.724203 0.388197
vt 0.860643 0.265428
vt 0.813049 0.201875
vt 0.828265 0.194387
vt 0.803261 0.304104
vt 0.753949 0.240087
vt 0.783095 0.219410
vt 0.580239 0.572611
vt 0.700184 0.288181
vt 0.750330 0.354883
vt 0.688159 0.301177
vt 0.872158 0.259743
vt 0.675825 0.490985
vt 0.593076 0.485170
vt 0.597731 0.467667
vt 0.768393 0.229385
vt 0.826136 0.286729
vt 0.814660 0.295138
vt 0.658547 0.613287
vt 0.582489 0.622880
vt 0.702800 0.423943
vt 0.760115 0.344179
vt 0.741067 0.365780
vt 0.676812 0.314455
vt 0.588981 0.502800
vt 0.664921 0.533574
vt 0.837638 0.278945
vt 0.797992 0.210225
vt 0.732356 0.376875
vt 0.680412 0.476942
vt 0.603033 0.450404
vt 0.690798 0.449686
vt 0.608941 0.433492
vt 0.849141 0.271834
vt 0.668047 0.519414
vt 0.685406 0.463148
vt 0.790844 0.000166
vt 0.410580 0.641590
vt 0.792004 0.313551
vt 0.671668 0.505174
vt 0.010047 0.226319
vt 0.004942 0.079236
vt 0.005843 0.103118
vt 0.011913 0.577055
vt 0.012346 0.551194
vt 0.012765 0.525753
vt 0.012827 0.375565
vt 0.009021 0.679726
vt 0.010766 0.250963
vt 0.000166 0.831762
vt 0.026492 0.837104
vt 0.008612 0.176492
vt 0.009278 0.201516
vt 0.007710 0.151596
vt 0.006852 0.127130
vt 0.005907 0.757344
vt 0.007198 0.731223
vt 0.004665 0.783028
vt 0.011305 0.275389
vt 0.000166 0.033962
vt 0.003283 0.056234
vt 0.013230 0.425684
vt 0.013226 0.450542
vt 0.013354 0.475566
vt 0.008188 0.705195
vt 0.012550 0.350388
vt 0.012367 0.325053
vt 0.012977 0.500687
vt 0.003072 0.808011
vt 0.011198 0.603028
vt 0.011895 0.299931
vt 0.013070 0.400663
vt 0.830374 0.762843
vt 0.826096 0.784348
vt 0.817705 0.804606
vt 0.805523 0.822838
vt 0.790018 0.838343
vt 0.771787 0.850525
vt 0.751529 0.858916
vt 0.730023 0.863194
vt 0.708096 0.863194
vt 0.686590 0.858916
vt 0.666332 0.850525
vt 0.648100 0.838343
vt 0.632596 0.822838
vt 0.620414 0.804606
vt 0.612023 0.784348
vt 0.607745 0.762843
vt 0.607745 0.740915
vt 0.612023 0.719410
vt 0.620414 0.699152
vt 0.632596 0.680920
vt 0.648101 0.665415
vt 0.666332 0.653233
vt 0.686590 0.644842
vt 0.708096 0.640565
vt 0.730023 0.640565
vt 0.751529 0.644842
vt 0.771787 0.653233
vt 0.790018 0.665415
vt 0.805523 0.680920
vt 0.817705 0.699152
vt 0.826096 0.719410
vt 0.830374 0.740916
vt 0.534236 0.885529
vt 0.481365 0.736969
vt 0.483755 0.743551
vt 0.525303 0.805317
vt 0.486454 0.750094
vt 0.529665 0.810231
vt 0.489434 0.756499
vt 0.466307 0.670512
vt 0.534146 0.815190
vt 0.510908 0.665404
vt 0.520110 0.672639
vt 0.510625 0.672403
vt 0.513476 0.707617
vt 0.567994 0.790133
vt 0.512401 0.702261
vt 0.522228 0.733790
vt 0.562861 0.786258
vt 0.511522 0.696767
vt 0.524637 0.738861
vt 0.558133 0.782434
vt 0.510964 0.691052
vt 0.527201 0.743843
vt 0.553746 0.778608
vt 0.510641 0.685140
vt 0.529908 0.748725
vt 0.510531 0.678954
vt 0.532796 0.753458
vt 0.535843 0.758018
vt 0.539037 0.762402
vt 0.511340 0.657875
vt 0.542384 0.766623
vt 0.511883 0.649605
vt 0.545902 0.770710
vt 0.520029 0.728624
vt 0.593432 0.807328
vt 0.549644 0.774719
vt 0.518060 0.723408
vt 0.586238 0.802575
vt 0.514763 0.712919
vt 0.516324 0.718173
vt 0.579700 0.798254
vt 0.523357 0.651081
vt 0.532851 0.643662
vt 0.530542 0.652635
vt 0.533643 0.740264
vt 0.520906 0.665985
vt 0.536211 0.744776
vt 0.522001 0.658828
vt 0.538954 0.749152
vt 0.512521 0.640565
vt 0.525278 0.721172
vt 0.527050 0.726052
vt 0.541872 0.753381
vt 0.591856 0.793086
vt 0.598709 0.796859
vt 0.523728 0.716237
vt 0.544967 0.757457
vt 0.585241 0.789516
vt 0.522402 0.711246
vt 0.548247 0.761383
vt 0.579119 0.786069
vt 0.521312 0.706189
vt 0.551724 0.765170
vt 0.573524 0.782670
vt 0.520460 0.701051
vt 0.555405 0.768837
vt 0.568410 0.779273
vt 0.519827 0.695817
vt 0.563721 0.775844
vt 0.559400 0.772362
vt 0.519504 0.690424
vt 0.519423 0.684788
vt 0.529040 0.730868
vt 0.519620 0.678881
vt 0.531260 0.735610
vt 0.581872 0.780639
vt 0.591600 0.774030
vt 0.588066 0.783655
vt 0.531311 0.724312
vt 0.542878 0.746710
vt 0.545731 0.750742
vt 0.602797 0.790456
vt 0.529643 0.719569
vt 0.548739 0.754584
vt 0.595004 0.786821
vt 0.528215 0.714806
vt 0.551909 0.758238
vt 0.527034 0.710030
vt 0.555264 0.761718
vt 0.526103 0.705231
vt 0.558856 0.765038
vt 0.576328 0.777639
vt 0.525429 0.700378
vt 0.571337 0.774604
vt 0.524774 0.690314
vt 0.525024 0.695421
vt 0.566815 0.771512
vt 0.524830 0.685028
vt 0.562681 0.768337
vt 0.525203 0.679472
vt 0.533203 0.729016
vt 0.525923 0.673566
vt 0.535280 0.733643
vt 0.527033 0.667218
vt 0.537648 0.738125
vt 0.528570 0.660309
vt 0.540182 0.742496
vt 0.575404 0.767516
vt 0.582220 0.746418
vt 0.585192 0.748018
vt 0.533984 0.708433
vt 0.557063 0.753369
vt 0.560181 0.756551
vt 0.585524 0.772052
vt 0.533162 0.704004
vt 0.563519 0.759574
vt 0.580177 0.769872
vt 0.532612 0.699541
vt 0.571100 0.764997
vt 0.532336 0.695003
vt 0.567180 0.762320
vt 0.532376 0.690349
vt 0.532739 0.685540
vt 0.539761 0.726082
vt 0.533475 0.680517
vt 0.541750 0.730399
vt 0.534647 0.675216
vt 0.543908 0.734624
vt 0.536342 0.669564
vt 0.546245 0.738728
vt 0.538692 0.663465
vt 0.548732 0.742675
vt 0.541918 0.656772
vt 0.537975 0.721696
vt 0.551359 0.746438
vt 0.607413 0.777218
vt 0.536405 0.717278
vt 0.554131 0.750003
vt 0.598686 0.775774
vt 0.535069 0.712855
vt 0.578444 0.663814
vt 0.582224 0.664313
vt 0.596055 0.683934
vt 0.554129 0.695153
vt 0.579453 0.744589
vt 0.554145 0.691830
vt 0.576880 0.742542
vt 0.554458 0.688491
vt 0.557390 0.715058
vt 0.558567 0.718369
vt 0.555083 0.685135
vt 0.559862 0.721625
vt 0.556041 0.681769
vt 0.561599 0.724664
vt 0.557363 0.678416
vt 0.563452 0.727643
vt 0.559093 0.675118
vt 0.565406 0.730525
vt 0.546409 0.649250
vt 0.561301 0.671943
vt 0.556353 0.711722
vt 0.567460 0.733279
vt 0.599197 0.751454
vt 0.603134 0.751144
vt 0.555480 0.708385
vt 0.569620 0.735874
vt 0.595381 0.751167
vt 0.554797 0.705060
vt 0.571897 0.738292
vt 0.591772 0.750440
vt 0.554331 0.701750
vt 0.574310 0.740517
vt 0.588375 0.749371
vt 0.554101 0.698451
vt 0.814086 0.054852
vt 0.441665 0.653594
vt 0.393621 0.640699
vt 0.524693 0.642876
vt 0.585784 0.665541
vt 0.588987 0.667452
vt 0.593845 0.673003
vt 0.591709 0.669971
vt 0.595315 0.676430
vt 0.596061 0.680121
vt 0.595297 0.687723
vt 0.593815 0.691342
vt 0.574588 0.664064
vt 0.591668 0.694651
vt 0.567241 0.666744
vt 0.588937 0.697524
vt 0.564031 0.669070
vt 0.585728 0.699850
vt 0.582163 0.701541
vt 0.559153 0.675253
vt 0.578380 0.702530
vt 0.574525 0.702780
vt 0.557672 0.678871
vt 0.570744 0.702281
vt 0.556914 0.682660
vt 0.567184 0.701053
vt 0.556907 0.686473
vt 0.563982 0.699142
vt 0.557653 0.690164
vt 0.561260 0.696623
vt 0.559123 0.693591
vt 0.570805 0.665054
s 1
usemtl マテリアル.006
f 12/1/1 453/2/2 10/3/3
f 10/3/3 452/4/4 8/5/5
f 30/6/6 462/7/7 28/8/8
f 8/5/5 451/9/9 6/10/10
f 6/10/10 450/11/11 4/12/12
f 4/12/12 449/13/13 2/14/14
f 28/8/8 461/15/15 26/16/16
f 16/17/17 455/18/18 14/19/19
f 18/20/20 456/21/21 16/17/17
f 26/16/16 460/22/22 24/23/23
f 60/24/24 477/25/25 58/26/26
f 24/23/23 459/27/27 22/28/28
f 22/28/28 458/29/29 20/30/30
f 20/30/30 457/31/31 18/32/20
f 14/19/19 454/33/32 12/1/1
f 44/34/33 469/35/34 42/36/35
f 34/37/36 464/38/37 32/39/38
f 42/36/35 468/40/39 40/41/40
f 58/26/26 476/42/41 56/43/42
f 40/41/40 467/44/43 38/45/44
f 38/45/44 466/46/45 36/47/46
f 36/47/46 465/48/47 34/37/36
f 56/43/42 475/49/48 54/50/49
f 48/51/50 471/52/51 46/53/52
f 54/50/49 474/54/53 52/55/54
f 251/56/55 282/57/56 283/58/57
f 52/55/54 473/59/58 50/60/59
f 50/60/59 472/61/60 48/51/50
f 46/53/52 470/62/61 44/34/33
f 32/39/38 463/63/62 30/6/6
f 131/64/63 76/65/64 77/66/65
f 62/67/66 478/68/67 60/24/24
f 64/69/68 479/70/69 62/67/66
f 2/14/14 480/71/70 64/69/68
f 122/72/71 426/73/72 424/74/73
f 129/75/74 69/76/75 130/77/76
f 1/78/77 450/11/11 3/79/78
f 152/80/79 79/81/80 80/82/81
f 160/83/82 89/84/83 90/85/84
f 148/86/85 74/87/86 75/88/87
f 143/89/88 71/90/89 151/91/90
f 150/92/91 92/93/92 93/94/93
f 135/95/94 94/96/95 95/97/96
f 151/91/90 72/98/97 158/99/98
f 62/100/66 164/101/99 64/102/68
f 159/103/100 82/104/101 139/105/102
f 134/106/103 88/107/104 145/108/105
f 144/109/106 78/110/107 79/81/80
f 339/111/108 501/112/109 340/113/110
f 155/114/111 75/88/87 76/65/64
f 147/115/112 67/116/113 154/117/114
f 158/99/98 73/118/115 137/119/116
f 139/105/102 83/120/117 140/121/118
f 133/122/119 87/123/120 134/106/103
f 132/124/121 77/66/65 78/110/107
f 149/125/122 85/126/123 156/127/124
f 141/128/125 90/85/84 91/129/126
f 146/130/127 65/131/128 147/115/112
f 102/132/129 199/133/130 103/134/131
f 142/135/132 91/129/126 92/93/92
f 156/127/124 86/136/133 133/122/119
f 130/77/76 70/137/134 143/89/88
f 154/117/114 68/138/135 129/75/74
f 138/139/136 73/140/115 74/87/86
f 159/103/100 80/82/81 81/141/137
f 338/142/138 500/143/139 339/111/108
f 112/144/140 207/145/141 208/146/142
f 117/147/143 447/148/144 445/149/145
f 125/150/146 434/151/147 431/152/148
f 127/153/149 440/154/150 437/155/151
f 119/156/152 420/157/153 417/158/154
f 128/159/155 419/160/156 440/154/150
f 120/161/157 422/162/158 420/157/153
f 111/163/159 432/164/160 429/165/161
f 118/166/162 417/158/154 447/148/144
f 121/167/163 424/74/73 422/162/158
f 101/168/164 442/169/165 439/170/166
f 104/171/167 448/172/168 446/173/169
f 110/174/170 429/165/161 427/175/171
f 107/176/172 423/177/173 421/178/174
f 124/179/175 431/152/148 428/180/176
f 102/132/129 444/181/177 442/169/165
f 106/182/178 421/178/174 418/183/179
f 123/184/180 428/180/176 426/73/72
f 97/185/181 433/186/182 430/187/183
f 105/188/184 418/183/179 448/189/168
f 98/190/185 430/187/183 419/160/156
f 109/191/186 427/175/171 425/192/187
f 108/193/188 425/192/187 423/177/173
f 113/194/189 208/146/142 209/195/190
f 114/196/191 441/197/192 438/198/193
f 126/199/194 437/155/151 434/151/147
f 115/200/195 443/201/196 441/197/192
f 99/202/197 436/203/198 433/186/182
f 113/194/189 438/198/193 435/204/199
f 112/144/140 435/204/199 432/164/160
f 100/205/200 439/170/166 436/203/198
f 103/134/131 446/173/169 444/181/177
f 170/206/201 134/106/103 145/108/105
f 164/101/99 146/130/127 192/207/202
f 189/208/203 138/139/136 165/209/204
f 173/210/205 140/121/118 149/125/122
f 179/211/206 131/64/63 186/212/207
f 168/213/208 130/77/76 143/89/88
f 181/214/209 135/95/94 188/215/210
f 189/216/203 158/99/98 137/119/116
f 190/217/211 159/103/100 139/105/102
f 184/218/212 141/128/125 191/219/213
f 180/220/214 149/125/122 156/127/124
f 186/212/207 132/124/121 162/221/215
f 163/222/216 133/122/119 134/106/103
f 169/223/217 152/80/79 176/224/218
f 145/108/105 89/84/83 153/225/219
f 182/226/220 151/91/90 158/99/98
f 191/219/213 142/135/132 167/227/221
f 187/228/222 156/127/124 133/122/119
f 194/229/223 256/230/224 226/231/225
f 136/232/226 95/97/96 96/233/227
f 171/234/228 146/130/127 147/115/112
f 378/235/229 444/181/177 380/236/230
f 165/209/204 148/86/85 172/237/231
f 185/238/232 154/117/114 129/75/74
f 352/239/233 512/240/234 482/241/235
f 172/237/231 155/114/111 179/211/206
f 178/242/236 147/115/112 154/117/114
f 177/243/237 145/108/105 153/225/219
f 166/244/238 139/105/102 140/121/118
f 221/245/239 252/246/240 253/247/241
f 161/248/242 129/75/74 130/77/76
f 167/227/221 150/92/91 174/249/243
f 42/250/35 173/210/205 180/220/214
f 10/251/3 185/238/232 161/248/242
f 14/252/19 168/213/208 175/253/244
f 38/254/44 190/217/211 166/244/238
f 50/255/59 170/206/201 177/243/237
f 30/256/6 176/224/218 32/257/38
f 22/258/28 179/211/206 24/259/23
f 44/260/33 180/220/214 187/228/222
f 8/261/5 178/242/236 185/238/232
f 20/262/30 172/237/231 22/258/28
f 36/263/46 183/264/245 190/217/211
f 4/265/12 192/207/202 171/234/228
f 188/215/210 136/232/226 164/101/99
f 28/266/8 169/223/217 30/256/6
f 24/259/23 186/212/207 26/267/16
f 330/268/246 490/269/247 491/270/248
f 6/271/10 171/234/228 178/242/236
f 50/255/59 184/218/212 52/272/54
f 16/273/17 175/253/244 182/226/220
f 46/274/52 187/228/222 163/222/216
f 12/275/1 161/248/242 168/213/208
f 26/267/16 162/221/215 28/266/8
f 52/272/54 191/219/213 54/276/49
f 64/102/68 192/207/202 2/277/14
f 18/278/20 182/226/220 189/216/203
f 337/279/249 499/280/250 338/142/138
f 140/121/118 84/281/251 149/125/122
f 56/282/42 174/249/243 58/283/26
f 40/284/40 166/244/238 173/210/205
f 177/243/237 160/83/82 184/218/212
f 176/224/218 159/103/100 183/264/245
f 48/285/50 163/222/216 170/206/201
f 203/286/252 234/287/253 235/288/254
f 146/130/127 96/233/227 66/289/255
f 113/194/189 210/290/256 114/196/191
f 111/163/159 206/291/257 207/145/141
f 109/191/186 204/292/258 205/293/259
f 98/190/185 224/294/260 194/295/261
f 116/296/262 213/297/263 117/147/143
f 114/196/191 211/298/264 115/200/195
f 363/299/265 396/300/266 393/301/267
f 125/150/146 220/302/268 221/303/269
f 98/190/185 193/304/270 97/185/181
f 127/153/149 222/305/271 223/306/272
f 108/193/188 203/307/273 204/292/258
f 126/199/194 221/303/269 222/305/271
f 123/184/180 218/308/274 219/309/275
f 110/174/170 205/293/259 206/291/257
f 106/182/178 201/310/276 202/311/277
f 99/202/197 196/312/278 100/205/200
f 122/72/71 217/313/279 218/308/274
f 103/134/131 200/314/280 104/171/167
f 119/156/152 216/315/281 120/161/157
f 116/296/262 445/149/145 443/201/196
f 124/179/175 219/309/275 220/302/268
f 120/161/157 217/313/279 121/167/163
f 101/168/164 198/316/282 102/132/129
f 97/185/181 195/317/283 99/202/197
f 100/205/200 197/318/284 101/168/164
f 118/166/162 215/319/285 119/156/152
f 115/200/195 212/320/286 116/296/262
f 32/257/38 183/264/245 34/321/36
f 117/147/143 214/322/287 118/166/162
f 128/159/155 223/306/272 224/294/260
f 264/323/288 233/324/289 232/325/290
f 200/326/291 233/324/289 201/327/292
f 220/328/293 251/56/55 252/246/240
f 199/329/294 232/325/290 200/326/291
f 196/330/295 229/331/296 197/332/297
f 198/333/298 231/334/299 199/329/294
f 211/335/300 244/336/301 212/337/302
f 351/338/303 511/339/304 512/240/234
f 213/340/305 246/341/306 214/342/307
f 193/343/308 227/344/309 195/345/310
f 224/346/311 255/347/312 256/230/224
f 175/253/244 143/89/88 151/91/90
f 209/348/313 242/349/314 210/350/315
f 329/351/316 489/352/317 490/269/247
f 195/345/310 228/353/318 196/330/295
f 194/229/223 225/354/319 193/343/308
f 212/337/302 245/355/320 213/340/305
f 210/350/315 243/356/321 211/335/300
f 336/357/322 498/358/323 337/279/249
f 205/359/324 236/360/325 237/361/326
f 209/348/313 240/362/327 241/363/328
f 223/364/329 254/365/330 255/347/312
f 214/342/307 247/366/331 215/367/332
f 222/368/333 253/247/241 254/365/330
f 218/369/334 249/370/335 250/371/336
f 197/332/297 230/372/337 198/333/298
f 216/373/338 249/370/335 217/374/339
f 204/375/340 235/288/254 236/360/325
f 58/283/26 181/214/209 60/376/24
f 219/377/341 250/371/336 251/56/55
f 215/367/332 248/378/342 216/373/338
f 202/379/343 233/380/289 234/287/253
f 60/376/24 188/215/210 62/100/66
f 228/353/318 259/381/344 260/382/345
f 240/362/327 273/383/346 241/363/328
f 235/288/254 268/384/347 236/360/325
f 225/354/319 258/385/348 257/386/349
f 256/230/224 287/387/350 288/388/351
f 243/356/321 276/389/352 244/336/301
f 226/231/225 288/388/351 258/385/348
f 227/344/309 257/386/349 259/381/344
f 242/349/314 275/390/353 243/356/321
f 104/171/167 201/391/276 105/392/184
f 230/372/337 261/393/354 262/394/355
f 255/347/312 286/395/356 287/387/350
f 239/396/357 272/397/358 240/362/327
f 236/360/325 269/398/359 237/361/326
f 241/363/328 274/399/360 242/349/314
f 238/400/361 271/401/362 239/396/357
f 253/247/241 284/402/363 285/403/364
f 254/365/330 285/403/364 286/395/356
f 247/366/331 280/404/365 248/378/342
f 231/334/299 262/394/355 263/405/366
f 233/380/289 266/406/367 234/287/253
f 252/246/240 283/58/57 284/402/363
f 229/331/296 260/382/345 261/393/354
f 245/355/320 278/407/368 246/341/306
f 232/325/290 263/405/366 264/323/288
f 234/287/253 267/408/369 235/288/254
f 246/341/306 279/409/370 247/366/331
f 248/378/342 281/410/371 249/370/335
f 237/361/326 270/411/372 238/400/361
f 250/371/336 281/410/371 282/57/56
f 244/336/301 277/412/373 245/355/320
f 266/406/367 310/413/374 267/408/369
f 350/414/375 510/415/376 511/339/304
f 327/416/377 489/417/317 328/418/378
f 336/357/322 496/419/379 497/420/380
f 349/421/381 509/422/382 510/415/376
f 326/423/383 488/424/384 327/416/377
f 335/425/385 495/426/386 496/419/379
f 348/427/387 508/428/388 509/422/382
f 325/429/389 487/430/390 326/423/383
f 334/431/391 494/432/392 495/426/386
f 347/433/393 507/434/394 508/428/388
f 207/435/395 238/400/361 239/396/357
f 162/221/215 144/109/106 169/223/217
f 324/436/396 486/437/397 325/429/389
f 333/438/398 493/439/399 494/432/392
f 346/440/400 506/441/401 507/434/394
f 485/442/402 530/443/403 486/437/397
f 320/444/404 322/445/405 318/446/406
f 206/447/407 237/361/326 238/400/361
f 208/448/408 239/396/357 240/362/327
f 305/449/409 336/357/322 304/450/410
f 318/446/406 323/451/411 317/452/412
f 304/450/410 337/279/249 303/453/413
f 298/454/414 343/455/415 297/456/416
f 317/452/412 324/436/396 316/457/417
f 303/453/413 338/142/138 302/458/418
f 316/457/417 325/429/389 315/459/419
f 297/456/416 344/460/420 296/461/421
f 302/458/418 339/111/108 301/462/422
f 296/461/421 345/463/423 295/464/424
f 54/276/49 167/227/221 56/282/42
f 315/459/419 326/423/383 314/465/425
f 301/462/422 340/113/110 300/466/426
f 295/464/424 346/440/400 294/467/427
f 314/465/425 327/416/377 313/468/428
f 300/466/426 341/469/429 299/470/430
f 294/467/427 347/433/393 293/471/431
f 313/468/428 328/418/378 312/472/432
f 299/470/430 342/473/433 298/454/414
f 293/471/431 348/427/387 292/474/434
f 312/475/432 329/351/316 311/476/435
f 292/474/434 349/421/381 291/477/436
f 311/476/435 330/268/246 310/413/374
f 310/413/374 331/478/437 309/479/438
f 157/480/439 93/94/93 94/96/95
f 291/477/436 350/414/375 290/481/440
f 309/479/438 332/482/441 308/483/442
f 280/404/365 298/454/414 297/456/416
f 290/481/440 351/338/303 289/484/443
f 289/484/443 352/239/233 319/485/444
f 308/483/442 333/438/398 307/486/445
f 307/486/445 334/431/391 306/487/446
f 319/485/444 321/488/447 320/444/404
f 323/451/411 485/442/402 324/436/396
f 284/402/363 292/474/434 285/403/364
f 257/386/349 319/485/444 320/444/404
f 270/411/372 306/487/446 271/401/362
f 283/58/57 293/471/431 284/402/363
f 269/398/359 307/486/445 270/411/372
f 282/57/56 294/467/427 283/58/57
f 268/384/347 308/483/442 269/398/359
f 281/410/371 295/464/424 282/57/56
f 267/408/369 309/479/438 268/384/347
f 281/410/371 297/456/416 296/461/421
f 359/489/448 391/490/449 389/491/450
f 384/492/451 415/493/452 413/494/453
f 409/495/454 382/496/455 411/497/456
f 401/498/457 375/499/458 404/500/459
f 398/501/460 372/502/461 401/498/457
f 385/503/462 357/504/463 387/505/464
f 400/506/465 374/507/466 403/508/467
f 403/508/467 377/509/468 406/510/469
f 414/511/470 354/512/471 385/503/462
f 356/513/472 388/514/473 386/515/474
f 368/516/475 400/506/465 397/517/476
f 77/66/65 392/518/477 78/110/107
f 407/519/478 380/236/230 409/495/454
f 408/520/479 381/521/480 410/522/481
f 386/515/474 355/523/482 356/513/472
f 376/524/483 416/525/484 405/526/485
f 394/527/486 362/528/487 364/529/488
f 411/497/456 384/530/451 413/531/453
f 361/532/489 393/301/267 391/490/449
f 406/510/469 379/533/490 408/520/479
f 410/522/481 383/534/491 412/535/492
f 395/536/493 369/537/494 398/501/460
f 360/538/495 392/518/477 390/539/496
f 412/535/492 353/540/497 414/511/470
f 404/500/459 378/235/229 407/519/478
f 373/541/498 405/526/485 402/542/499
f 357/504/463 389/491/450 387/505/464
f 367/543/500 399/544/501 396/300/266
f 390/539/496 358/545/502 360/538/495
f 364/529/488 397/517/476 394/527/486
f 416/525/484 366/546/503 395/536/493
f 370/547/504 402/542/499 399/544/501
f 69/76/75 401/498/457 404/500/459
f 75/88/87 388/514/473 76/65/64
f 410/522/481 86/136/133 85/126/123
f 385/503/462 89/84/83 88/107/104
f 406/510/469 84/281/251 83/120/117
f 92/93/92 396/300/266 93/94/93
f 79/81/80 397/517/476 80/82/81
f 76/65/64 390/539/496 77/66/65
f 80/82/81 400/506/465 81/141/137
f 89/84/83 389/491/450 90/85/84
f 93/94/93 399/544/501 94/96/95
f 95/97/96 405/526/485 96/233/227
f 78/110/107 394/527/486 79/81/80
f 85/126/123 408/520/479 410/522/481
f 96/233/227 416/525/484 66/289/255
f 82/104/101 400/506/465 403/508/467
f 94/96/95 402/542/499 95/97/96
f 412/535/492 87/123/120 86/136/133
f 414/511/470 88/107/104 87/123/120
f 407/519/478 71/90/89 70/137/134
f 395/536/493 67/116/113 65/131/128
f 404/500/459 70/137/134 69/76/75
f 416/525/484 65/131/128 66/289/255
f 90/85/84 391/490/449 91/129/126
f 91/129/126 393/301/267 92/93/92
f 73/118/115 411/497/456 413/531/453
f 403/508/467 83/120/117 82/104/101
f 73/140/115 415/493/452 74/87/86
f 398/501/460 68/138/135 67/116/113
f 74/87/86 386/515/474 75/88/87
f 409/495/454 72/98/97 71/90/89
f 18/548/20 165/209/204 20/262/30
f 354/512/471 422/162/158 357/504/463
f 360/538/495 423/177/173 425/192/187
f 379/533/490 445/149/145 381/521/480
f 375/499/458 442/169/165 378/235/229
f 428/180/176 367/543/500 363/299/265
f 364/529/488 427/175/171 429/165/161
f 421/178/174 358/545/502 356/513/472
f 382/496/455 448/172/168 384/530/451
f 265/549/505 311/476/435 266/406/367
f 369/537/494 436/203/198 372/502/461
f 434/151/147 373/541/498 370/547/504
f 353/540/497 420/157/153 354/512/471
f 383/534/491 417/158/154 353/540/497
f 377/509/468 443/201/196 379/533/490
f 371/550/506 438/198/193 374/507/466
f 356/513/472 418/183/179 421/178/174
f 374/507/466 441/197/192 377/509/468
f 380/236/230 446/173/169 382/496/455
f 422/162/158 359/489/448 357/504/463
f 448/189/168 355/523/482 384/492/451
f 429/165/161 368/516/475 364/529/488
f 440/154/150 365/551/507 376/524/483
f 431/152/148 370/547/504 367/543/500
f 425/192/187 362/528/487 360/538/495
f 381/521/480 447/148/144 383/534/491
f 365/551/507 430/187/183 366/546/503
f 426/73/72 363/299/265 361/532/489
f 424/74/73 361/532/489 359/489/448
f 372/502/461 439/170/166 375/499/458
f 437/155/151 376/524/483 373/541/498
f 432/164/160 371/550/506 368/516/475
f 366/546/503 433/186/182 369/537/494
f 33/552/508 464/38/37 465/48/47
f 21/553/509 458/29/29 459/27/27
f 21/553/509 460/22/22 23/554/510
f 61/555/511 478/68/67 479/70/69
f 477/25/25 59/556/512 57/557/513
f 45/558/514 470/62/61 471/52/51
f 5/559/515 450/11/11 451/9/9
f 33/552/508 466/46/45 35/560/516
f 17/561/517 456/21/21 457/562/31
f 29/563/518 464/38/37 31/564/519
f 174/249/243 157/480/439 181/214/209
f 461/15/15 27/565/520 25/566/521
f 453/2/2 11/567/522 9/568/523
f 13/569/524 454/33/32 455/18/18
f 37/570/525 466/46/45 467/44/43
f 17/571/517 458/29/29 19/572/526
f 49/573/527 474/54/53 51/574/528
f 53/575/529 474/54/53 475/49/48
f 5/559/515 452/4/4 7/576/530
f 469/35/34 43/577/531 41/578/532
f 460/22/22 25/566/521 23/554/510
f 53/575/529 476/42/41 55/579/533
f 13/569/524 456/21/21 15/580/534
f 1/78/77 480/71/70 449/13/13
f 49/573/527 472/61/60 473/59/58
f 61/555/511 480/71/70 63/581/535
f 37/570/525 468/40/39 39/582/536
f 468/40/39 41/578/532 39/582/536
f 452/4/4 9/568/523 7/576/530
f 29/563/518 462/7/7 463/63/62
f 476/42/41 57/557/513 55/579/533
f 45/558/514 472/61/60 47/583/537
f 63/584/535 1/585/77 3/586/78
f 3/586/78 5/587/515 7/588/530
f 7/588/530 9/589/523 11/590/522
f 11/590/522 13/591/524 15/592/534
f 15/592/534 17/593/517 19/594/526
f 19/594/526 21/595/509 23/596/510
f 23/596/510 25/597/521 27/598/520
f 27/598/520 29/599/518 31/600/519
f 31/600/519 33/601/508 35/602/516
f 35/602/516 37/603/525 39/604/536
f 39/604/536 41/605/532 43/606/531
f 43/606/531 45/607/514 47/608/537
f 47/608/537 49/609/527 51/610/528
f 51/610/528 53/611/529 55/612/533
f 55/612/533 57/613/513 59/614/512
f 59/614/512 61/615/511 63/584/535
f 63/584/535 3/586/78 7/588/530
f 7/588/530 11/590/522 15/592/534
f 15/592/534 19/594/526 23/596/510
f 23/596/510 27/598/520 31/600/519
f 31/600/519 35/602/516 39/604/536
f 39/604/536 43/606/531 47/608/537
f 47/608/537 51/610/528 55/612/533
f 55/612/533 59/614/512 63/584/535
f 63/584/535 7/588/530 15/592/534
f 15/592/534 23/596/510 31/600/519
f 31/600/519 39/604/536 47/608/537
f 47/608/537 55/612/533 63/584/535
f 279/409/370 299/470/430 298/454/414
f 265/616/505 313/468/428 312/472/432
f 278/407/368 300/466/426 299/470/430
f 264/323/288 314/465/425 313/468/428
f 277/412/373 301/462/422 300/466/426
f 263/405/366 315/459/419 314/465/425
f 276/389/352 302/458/418 301/462/422
f 288/388/351 319/485/444 258/385/348
f 262/394/355 316/457/417 315/459/419
f 107/176/172 202/311/277 203/307/273
f 275/390/353 303/453/413 302/458/418
f 287/387/350 289/484/443 288/388/351
f 261/393/354 317/452/412 316/457/417
f 274/399/360 304/450/410 303/453/413
f 286/395/356 290/481/440 287/387/350
f 260/382/345 318/446/406 317/452/412
f 272/397/358 304/450/410 273/383/346
f 285/403/364 291/477/436 286/395/356
f 259/381/344 320/444/404 318/446/406
f 306/487/446 335/425/385 305/449/409
f 271/401/362 305/449/409 272/397/358
f 15/592/534 47/608/537 63/584/535
f 340/113/110 502/617/538 341/469/429
f 341/469/429 503/618/539 342/473/433
f 352/239/233 481/619/540 321/488/447
f 342/473/433 504/620/541 343/455/415
f 321/488/447 483/621/542 322/445/405
f 343/455/415 505/622/543 344/460/420
f 331/478/437 491/270/248 492/623/544
f 322/445/405 484/624/545 323/451/411
f 345/463/423 505/622/543 506/441/401
f 332/482/441 492/623/544 493/439/399
f 524/625/546 555/626/547 523/627/548
f 498/358/323 517/628/549 499/280/250
f 484/624/545 531/629/550 485/442/402
f 497/420/380 518/630/551 498/358/323
f 503/618/539 536/631/552 504/620/541
f 483/621/542 532/632/553 484/624/545
f 496/419/379 519/633/554 497/420/380
f 504/620/541 537/634/555 505/622/543
f 481/619/540 533/635/556 483/621/542
f 495/426/386 520/636/557 496/419/379
f 505/622/543 538/637/558 506/441/401
f 482/241/235 534/638/559 481/619/540
f 494/432/392 521/639/560 495/426/386
f 506/441/401 539/640/561 507/434/394
f 493/439/399 522/641/562 494/432/392
f 507/434/394 540/642/563 508/428/388
f 492/623/544 523/627/548 493/439/399
f 508/428/388 541/643/564 509/422/382
f 491/270/248 524/625/546 492/623/544
f 509/422/382 542/644/565 510/415/376
f 490/269/247 525/645/566 491/270/248
f 510/415/376 543/646/567 511/339/304
f 489/352/317 526/647/568 490/269/247
f 511/339/304 544/648/569 512/240/234
f 502/617/538 513/649/570 503/618/539
f 488/424/384 527/650/571 489/417/317
f 512/240/234 535/651/572 482/241/235
f 501/112/109 514/652/573 502/617/538
f 487/430/390 528/653/574 488/424/384
f 501/112/109 516/654/575 515/655/576
f 486/437/397 529/656/577 487/430/390
f 499/280/250 516/654/575 500/143/139
f 558/657/578 591/658/579 590/659/580
f 537/634/555 570/660/581 538/637/558
f 525/645/566 556/661/582 524/625/546
f 538/637/558 571/662/583 539/640/561
f 526/647/568 557/663/584 525/645/566
f 539/640/561 572/664/585 540/642/563
f 527/665/571 558/657/578 526/647/568
f 513/649/570 546/666/586 545/667/587
f 540/642/563 573/668/588 541/643/564
f 527/650/571 560/669/589 559/670/590
f 514/652/573 547/671/591 546/666/586
f 541/643/564 574/672/592 542/644/565
f 528/653/574 561/673/593 560/669/589
f 515/655/576 548/674/594 547/671/591
f 542/644/565 575/675/595 543/646/567
f 529/656/577 562/676/596 561/673/593
f 516/654/575 549/677/597 548/674/594
f 543/646/567 576/678/598 544/648/569
f 530/443/403 563/679/599 562/676/596
f 517/628/549 550/680/600 549/677/597
f 544/648/569 567/681/601 535/651/572
f 531/629/550 564/682/602 563/679/599
f 518/630/551 551/683/603 550/680/600
f 532/632/553 565/684/604 564/682/602
f 520/636/557 551/683/603 519/633/554
f 533/635/556 566/685/605 565/684/604
f 521/639/560 552/686/606 520/636/557
f 534/638/559 567/681/601 566/685/605
f 522/641/562 553/687/607 521/639/560
f 536/631/552 545/667/587 568/688/608
f 523/627/548 554/689/609 522/641/562
f 537/634/555 568/688/608 569/690/610
f 594/691/611 625/692/612 593/693/613
f 546/666/586 577/694/614 545/667/587
f 573/668/588 604/695/615 605/696/616
f 560/669/589 591/697/579 559/670/590
f 547/671/591 578/698/617 546/666/586
f 574/672/592 605/696/616 606/699/618
f 561/673/593 592/700/619 560/669/589
f 548/674/594 579/701/620 547/671/591
f 575/675/595 606/699/618 607/702/621
f 562/676/596 593/693/613 561/673/593
f 549/677/597 580/703/622 548/674/594
f 576/678/598 607/702/621 608/704/623
f 563/679/599 594/691/611 562/676/596
f 550/680/600 581/705/624 549/677/597
f 567/681/601 608/704/623 599/706/625
f 564/682/602 595/707/626 563/679/599
f 551/683/603 582/708/627 550/680/600
f 565/684/604 596/709/628 564/682/602
f 551/683/603 584/710/629 583/711/630
f 566/685/605 597/712/631 565/684/604
f 552/686/606 585/713/632 584/710/629
f 567/681/601 598/714/633 566/685/605
f 553/687/607 586/715/634 585/713/632
f 545/667/587 600/716/635 568/688/608
f 554/689/609 587/717/636 586/715/634
f 568/688/608 601/718/637 569/690/610
f 555/626/547 588/719/638 587/717/636
f 570/660/581 601/718/637 602/720/639
f 556/661/582 589/721/640 588/719/638
f 571/662/583 602/720/639 603/722/641
f 557/663/584 590/659/580 589/721/640
f 572/664/585 603/722/641 604/695/615
f 628/723/642 661/724/643 660/725/644
f 581/705/624 612/726/645 580/703/622
f 608/704/623 639/727/646 640/728/647
f 595/707/626 626/729/648 594/691/611
f 582/708/627 613/730/649 581/705/624
f 599/706/625 640/728/647 631/731/650
f 596/709/628 627/732/651 595/707/626
f 583/711/630 614/733/652 582/708/627
f 596/709/628 629/734/653 628/723/642
f 584/710/629 615/735/654 583/711/630
f 597/712/631 630/736/655 629/734/653
f 585/713/632 616/737/656 584/710/629
f 598/714/633 631/731/650 630/736/655
f 586/715/634 617/738/657 585/713/632
f 577/694/614 632/739/658 600/716/635
f 587/717/636 618/740/659 586/715/634
f 600/716/635 633/741/660 601/718/637
f 588/719/638 619/742/661 587/717/636
f 601/718/637 634/743/662 602/720/639
f 589/721/640 620/744/663 588/719/638
f 602/720/639 635/745/664 603/722/641
f 590/659/580 621/746/665 589/721/640
f 603/722/641 636/747/666 604/695/615
f 591/658/579 622/748/667 590/659/580
f 578/698/617 609/749/668 577/694/614
f 604/695/615 637/750/669 605/696/616
f 592/700/619 623/751/670 591/697/579
f 579/701/620 610/752/671 578/698/617
f 605/696/616 638/753/672 606/699/618
f 593/693/613 624/754/673 592/700/619
f 580/703/622 611/755/674 579/701/620
f 607/702/621 638/753/672 639/727/646
f 659/756/675 660/757/644 669/758/676
f 616/737/656 647/759/677 615/735/654
f 629/734/653 662/760/678 661/724/643
f 617/738/657 648/761/679 616/737/656
f 630/736/655 663/762/680 662/760/678
f 618/740/659 649/763/681 617/738/657
f 632/739/658 641/764/682 664/765/683
f 619/742/661 650/766/684 618/740/659
f 633/741/660 664/765/683 665/767/685
f 620/744/663 651/768/686 619/742/661
f 633/741/660 666/769/687 634/743/662
f 621/746/665 652/770/688 620/744/663
f 634/743/662 667/771/689 635/745/664
f 622/748/667 653/772/690 621/746/665
f 635/745/664 668/773/691 636/747/666
f 623/774/670 654/775/692 622/748/667
f 609/749/668 642/776/693 641/764/682
f 636/747/666 669/777/676 637/750/669
f 623/751/670 656/778/694 655/779/695
f 610/752/671 643/780/696 642/776/693
f 637/750/669 670/781/697 638/753/672
f 624/754/673 657/782/698 656/778/694
f 611/755/674 644/783/699 643/780/696
f 638/753/672 671/784/700 639/727/646
f 625/692/612 658/785/701 657/782/698
f 612/726/645 645/786/702 644/783/699
f 639/727/646 672/787/703 640/728/647
f 626/729/648 659/788/675 658/785/701
f 613/730/649 646/789/704 645/786/702
f 640/728/647 663/762/680 631/731/650
f 627/732/651 660/725/644 659/788/675
f 614/733/652 647/759/677 646/789/704
f 12/1/1 454/33/32 453/2/2
f 10/3/3 453/2/2 452/4/4
f 30/6/6 463/63/62 462/7/7
f 8/5/5 452/4/4 451/9/9
f 6/10/10 451/9/9 450/11/11
f 4/12/12 450/11/11 449/13/13
f 28/8/8 462/7/7 461/15/15
f 16/17/17 456/21/21 455/18/18
f 18/20/20 457/562/31 456/21/21
f 26/16/16 461/15/15 460/22/22
f 60/24/24 478/68/67 477/25/25
f 24/23/23 460/22/22 459/27/27
f 22/28/28 459/27/27 458/29/29
f 20/30/30 458/29/29 457/31/31
f 14/19/19 455/18/18 454/33/32
f 44/34/33 470/62/61 469/35/34
f 34/37/36 465/48/47 464/38/37
f 42/36/35 469/35/34 468/40/39
f 58/26/26 477/25/25 476/42/41
f 40/41/40 468/40/39 467/44/43
f 38/45/44 467/44/43 466/46/45
f 36/47/46 466/46/45 465/48/47
f 56/43/42 476/42/41 475/49/48
f 48/51/50 472/61/60 471/52/51
f 54/50/49 475/49/48 474/54/53
f 251/56/55 250/371/336 282/57/56
f 52/55/54 474/54/53 473/59/58
f 50/60/59 473/59/58 472/61/60
f 46/53/52 471/52/51 470/62/61
f 32/39/38 464/38/37 463/63/62
f 131/64/63 155/114/111 76/65/64
f 62/67/66 479/70/69 478/68/67
f 64/69/68 480/71/70 479/70/69
f 2/14/14 449/13/13 480/71/70
f 122/72/71 123/184/180 426/73/72
f 129/75/74 68/138/135 69/76/75
f 1/78/77 449/13/13 450/11/11
f 152/80/79 144/109/106 79/81/80
f 160/83/82 153/225/219 89/84/83
f 148/86/85 138/139/136 74/87/86
f 143/89/88 70/137/134 71/90/89
f 150/92/91 142/135/132 92/93/92
f 135/95/94 157/480/439 94/96/95
f 151/91/90 71/90/89 72/98/97
f 62/100/66 188/215/210 164/101/99
f 159/103/100 81/141/137 82/104/101
f 134/106/103 87/123/120 88/107/104
f 144/109/106 132/124/121 78/110/107
f 339/111/108 500/143/139 501/112/109
f 155/114/111 148/86/85 75/88/87
f 147/115/112 65/131/128 67/116/113
f 158/99/98 72/98/97 73/118/115
f 139/105/102 82/104/101 83/120/117
f 133/122/119 86/136/133 87/123/120
f 132/124/121 131/64/63 77/66/65
f 149/125/122 84/281/251 85/126/123
f 141/128/125 160/83/82 90/85/84
f 146/130/127 66/289/255 65/131/128
f 102/132/129 198/316/282 199/133/130
f 142/135/132 141/128/125 91/129/126
f 156/127/124 85/126/123 86/136/133
f 130/77/76 69/76/75 70/137/134
f 154/117/114 67/116/113 68/138/135
f 138/139/136 137/790/116 73/140/115
f 159/103/100 152/80/79 80/82/81
f 338/142/138 499/280/250 500/143/139
f 112/144/140 111/163/159 207/145/141
f 117/147/143 118/166/162 447/148/144
f 125/150/146 126/199/194 434/151/147
f 127/153/149 128/159/155 440/154/150
f 119/156/152 120/161/157 420/157/153
f 128/159/155 98/190/185 419/160/156
f 120/161/157 121/167/163 422/162/158
f 111/163/159 112/144/140 432/164/160
f 118/166/162 119/156/152 417/158/154
f 121/167/163 122/72/71 424/74/73
f 101/168/164 102/132/129 442/169/165
f 104/171/167 105/392/184 448/172/168
f 110/174/170 111/163/159 429/165/161
f 107/176/172 108/193/188 423/177/173
f 124/179/175 125/150/146 431/152/148
f 102/132/129 103/134/131 444/181/177
f 106/182/178 107/176/172 421/178/174
f 123/184/180 124/179/175 428/180/176
f 97/185/181 99/202/197 433/186/182
f 105/188/184 106/182/178 418/183/179
f 98/190/185 97/185/181 430/187/183
f 109/191/186 110/174/170 427/175/171
f 108/193/188 109/191/186 425/192/187
f 113/194/189 112/144/140 208/146/142
f 114/196/191 115/200/195 441/197/192
f 126/199/194 127/153/149 437/155/151
f 115/200/195 116/296/262 443/201/196
f 99/202/197 100/205/200 436/203/198
f 113/194/189 114/196/191 438/198/193
f 112/144/140 113/194/189 435/204/199
f 100/205/200 101/168/164 439/170/166
f 103/134/131 104/171/167 446/173/169
f 170/206/201 163/222/216 134/106/103
f 164/101/99 136/232/226 146/130/127
f 189/208/203 137/790/116 138/139/136
f 173/210/205 166/244/238 140/121/118
f 179/211/206 155/114/111 131/64/63
f 168/213/208 161/248/242 130/77/76
f 181/214/209 157/480/439 135/95/94
f 189/216/203 182/226/220 158/99/98
f 190/217/211 183/264/245 159/103/100
f 184/218/212 160/83/82 141/128/125
f 180/220/214 173/210/205 149/125/122
f 186/212/207 131/64/63 132/124/121
f 163/222/216 187/228/222 133/122/119
f 169/223/217 144/109/106 152/80/79
f 145/108/105 88/107/104 89/84/83
f 182/226/220 175/253/244 151/91/90
f 191/219/213 141/128/125 142/135/132
f 187/228/222 180/220/214 156/127/124
f 194/229/223 224/346/311 256/230/224
f 136/232/226 135/95/94 95/97/96
f 171/234/228 192/207/202 146/130/127
f 378/235/229 442/169/165 444/181/177
f 165/209/204 138/139/136 148/86/85
f 185/238/232 178/242/236 154/117/114
f 352/239/233 351/338/303 512/240/234
f 172/237/231 148/86/85 155/114/111
f 178/242/236 171/234/228 147/115/112
f 177/243/237 170/206/201 145/108/105
f 166/244/238 190/217/211 139/105/102
f 221/245/239 220/328/293 252/246/240
f 161/248/242 185/238/232 129/75/74
f 167/227/221 142/135/132 150/92/91
f 42/250/35 40/284/40 173/210/205
f 10/251/3 8/261/5 185/238/232
f 14/252/19 12/275/1 168/213/208
f 38/254/44 36/263/46 190/217/211
f 50/255/59 48/285/50 170/206/201
f 30/256/6 169/223/217 176/224/218
f 22/258/28 172/237/231 179/211/206
f 44/260/33 42/250/35 180/220/214
f 8/261/5 6/271/10 178/242/236
f 20/262/30 165/209/204 172/237/231
f 36/263/46 34/321/36 183/264/245
f 4/265/12 2/277/14 192/207/202
f 188/215/210 135/95/94 136/232/226
f 28/266/8 162/221/215 169/223/217
f 24/259/23 179/211/206 186/212/207
f 330/268/246 329/351/316 490/269/247
f 6/271/10 4/265/12 171/234/228
f 50/255/59 177/243/237 184/218/212
f 16/273/17 14/252/19 175/253/244
f 46/274/52 44/260/33 187/228/222
f 12/275/1 10/251/3 161/248/242
f 26/267/16 186/212/207 162/221/215
f 52/272/54 184/218/212 191/219/213
f 64/102/68 164/101/99 192/207/202
f 18/278/20 16/273/17 182/226/220
f 337/279/249 498/358/323 499/280/250
f 140/121/118 83/120/117 84/281/251
f 56/282/42 167/227/221 174/249/243
f 40/284/40 38/254/44 166/244/238
f 177/243/237 153/225/219 160/83/82
f 176/224/218 152/80/79 159/103/100
f 48/285/50 46/274/52 163/222/216
f 203/286/252 202/379/343 234/287/253
f 146/130/127 136/232/226 96/233/227
f 113/194/189 209/195/190 210/290/256
f 111/163/159 110/174/170 206/291/257
f 109/191/186 108/193/188 204/292/258
f 98/190/185 128/159/155 224/294/260
f 116/296/262 212/320/286 213/297/263
f 114/196/191 210/290/256 211/298/264
f 363/299/265 367/543/500 396/300/266
f 125/150/146 124/179/175 220/302/268
f 98/190/185 194/295/261 193/304/270
f 127/153/149 126/199/194 222/305/271
f 108/193/188 107/176/172 203/307/273
f 126/199/194 125/150/146 221/303/269
f 123/184/180 122/72/71 218/308/274
f 110/174/170 109/191/186 205/293/259
f 106/182/178 105/188/184 201/310/276
f 99/202/197 195/317/283 196/312/278
f 122/72/71 121/167/163 217/313/279
f 103/134/131 199/133/130 200/314/280
f 119/156/152 215/319/285 216/315/281
f 116/296/262 117/147/143 445/149/145
f 124/179/175 123/184/180 219/309/275
f 120/161/157 216/315/281 217/313/279
f 101/168/164 197/318/284 198/316/282
f 97/185/181 193/304/270 195/317/283
f 100/205/200 196/312/278 197/318/284
f 118/166/162 214/322/287 215/319/285
f 115/200/195 211/298/264 212/320/286
f 32/257/38 176/224/218 183/264/245
f 117/147/143 213/297/263 214/322/287
f 128/159/155 127/153/149 223/306/272
f 264/323/288 265/616/505 233/324/289
f 200/326/291 232/325/290 233/324/289
f 220/328/293 219/377/341 251/56/55
f 199/329/294 231/334/299 232/325/290
f 196/330/295 228/353/318 229/331/296
f 198/333/298 230/372/337 231/334/299
f 211/335/300 243/356/321 244/336/301
f 351/338/303 350/414/375 511/339/304
f 213/340/305 245/355/320 246/341/306
f 193/343/308 225/354/319 227/344/309
f 224/346/311 223/364/329 255/347/312
f 175/253/244 168/213/208 143/89/88
f 209/348/313 241/363/328 242/349/314
f 329/351/316 328/791/378 489/352/317
f 195/345/310 227/344/309 228/353/318
f 194/229/223 226/231/225 225/354/319
f 212/337/302 244/336/301 245/355/320
f 210/350/315 242/349/314 243/356/321
f 336/357/322 497/420/380 498/358/323
f 205/359/324 204/375/340 236/360/325
f 209/348/313 208/448/408 240/362/327
f 223/364/329 222/368/333 254/365/330
f 214/342/307 246/341/306 247/366/331
f 222/368/333 221/245/239 253/247/241
f 218/369/334 217/374/339 249/370/335
f 197/332/297 229/331/296 230/372/337
f 216/373/338 248/378/342 249/370/335
f 204/375/340 203/286/252 235/288/254
f 58/283/26 174/249/243 181/214/209
f 219/377/341 218/369/334 250/371/336
f 215/367/332 247/366/331 248/378/342
f 202/379/343 201/792/292 233/380/289
f 60/376/24 181/214/209 188/215/210
f 228/353/318 227/344/309 259/381/344
f 240/362/327 272/397/358 273/383/346
f 235/288/254 267/408/369 268/384/347
f 225/354/319 226/231/225 258/385/348
f 256/230/224 255/347/312 287/387/350
f 243/356/321 275/390/353 276/389/352
f 226/231/225 256/230/224 288/388/351
f 227/344/309 225/354/319 257/386/349
f 242/349/314 274/399/360 275/390/353
f 104/171/167 200/314/280 201/391/276
f 230/372/337 229/331/296 261/393/354
f 255/347/312 254/365/330 286/395/356
f 239/396/357 271/401/362 272/397/358
f 236/360/325 268/384/347 269/398/359
f 241/363/328 273/383/346 274/399/360
f 238/400/361 270/411/372 271/401/362
f 253/247/241 252/246/240 284/402/363
f 254/365/330 253/247/241 285/403/364
f 247/366/331 279/409/370 280/404/365
f 231/334/299 230/372/337 262/394/355
f 233/380/289 265/549/505 266/406/367
f 252/246/240 251/56/55 283/58/57
f 229/331/296 228/353/318 260/382/345
f 245/355/320 277/412/373 278/407/368
f 232/325/290 231/334/299 263/405/366
f 234/287/253 266/406/367 267/408/369
f 246/341/306 278/407/368 279/409/370
f 248/378/342 280/404/365 281/410/371
f 237/361/326 269/398/359 270/411/372
f 250/371/336 249/370/335 281/410/371
f 244/336/301 276/389/352 277/412/373
f 266/406/367 311/476/435 310/413/374
f 350/414/375 349/421/381 510/415/376
f 327/416/377 488/424/384 489/417/317
f 336/357/322 335/425/385 496/419/379
f 349/421/381 348/427/387 509/422/382
f 326/423/383 487/430/390 488/424/384
f 335/425/385 334/431/391 495/426/386
f 348/427/387 347/433/393 508/428/388
f 325/429/389 486/437/397 487/430/390
f 334/431/391 333/438/398 494/432/392
f 347/433/393 346/440/400 507/434/394
f 207/435/395 206/447/407 238/400/361
f 162/221/215 132/124/121 144/109/106
f 324/436/396 485/442/402 486/437/397
f 333/438/398 332/482/441 493/439/399
f 346/440/400 345/463/423 506/441/401
f 485/442/402 531/629/550 530/443/403
f 320/444/404 321/488/447 322/445/405
f 206/447/407 205/359/324 237/361/326
f 208/448/408 207/435/395 239/396/357
f 305/449/409 335/425/385 336/357/322
f 318/446/406 322/445/405 323/451/411
f 304/450/410 336/357/322 337/279/249
f 298/454/414 342/473/433 343/455/415
f 317/452/412 323/451/411 324/436/396
f 303/453/413 337/279/249 338/142/138
f 316/457/417 324/436/396 325/429/389
f 297/456/416 343/455/415 344/460/420
f 302/458/418 338/142/138 339/111/108
f 296/461/421 344/460/420 345/463/423
f 54/276/49 191/219/213 167/227/221
f 315/459/419 325/429/389 326/423/383
f 301/462/422 339/111/108 340/113/110
f 295/464/424 345/463/423 346/440/400
f 314/465/425 326/423/383 327/416/377
f 300/466/426 340/113/110 341/469/429
f 294/467/427 346/440/400 347/433/393
f 313/468/428 327/416/377 328/418/378
f 299/470/430 341/469/429 342/473/433
f 293/471/431 347/433/393 348/427/387
f 312/475/432 328/791/378 329/351/316
f 292/474/434 348/427/387 349/421/381
f 311/476/435 329/351/316 330/268/246
f 310/413/374 330/268/246 331/478/437
f 157/480/439 150/92/91 93/94/93
f 291/477/436 349/421/381 350/414/375
f 309/479/438 331/478/437 332/482/441
f 280/404/365 279/409/370 298/454/414
f 290/481/440 350/414/375 351/338/303
f 289/484/443 351/338/303 352/239/233
f 308/483/442 332/482/441 333/438/398
f 307/486/445 333/438/398 334/431/391
f 319/485/444 352/239/233 321/488/447
f 323/451/411 484/624/545 485/442/402
f 284/402/363 293/471/431 292/474/434
f 257/386/349 258/385/348 319/485/444
f 270/411/372 307/486/445 306/487/446
f 283/58/57 294/467/427 293/471/431
f 269/398/359 308/483/442 307/486/445
f 282/57/56 295/464/424 294/467/427
f 268/384/347 309/479/438 308/483/442
f 281/410/371 296/461/421 295/464/424
f 267/408/369 310/413/374 309/479/438
f 281/410/371 280/404/365 297/456/416
f 359/489/448 361/532/489 391/490/449
f 384/492/451 355/523/482 415/493/452
f 409/495/454 380/236/230 382/496/455
f 401/498/457 372/502/461 375/499/458
f 398/501/460 369/537/494 372/502/461
f 385/503/462 354/512/471 357/504/463
f 400/506/465 371/550/506 374/507/466
f 403/508/467 374/507/466 377/509/468
f 414/511/470 353/540/497 354/512/471
f 356/513/472 358/545/502 388/514/473
f 368/516/475 371/550/506 400/506/465
f 77/66/65 390/539/496 392/518/477
f 407/519/478 378/235/229 380/236/230
f 408/520/479 379/533/490 381/521/480
f 386/515/474 415/493/452 355/523/482
f 376/524/483 365/551/507 416/525/484
f 394/527/486 392/518/477 362/528/487
f 411/497/456 382/496/455 384/530/451
f 361/532/489 363/299/265 393/301/267
f 406/510/469 377/509/468 379/533/490
f 410/522/481 381/521/480 383/534/491
f 395/536/493 366/546/503 369/537/494
f 360/538/495 362/528/487 392/518/477
f 412/535/492 383/534/491 353/540/497
f 404/500/459 375/499/458 378/235/229
f 373/541/498 376/524/483 405/526/485
f 357/504/463 359/489/448 389/491/450
f 367/543/500 370/547/504 399/544/501
f 390/539/496 388/514/473 358/545/502
f 364/529/488 368/516/475 397/517/476
f 416/525/484 365/551/507 366/546/503
f 370/547/504 373/541/498 402/542/499
f 69/76/75 68/138/135 401/498/457
f 75/88/87 386/515/474 388/514/473
f 410/522/481 412/535/492 86/136/133
f 385/503/462 387/505/464 89/84/83
f 406/510/469 408/520/479 84/281/251
f 92/93/92 393/301/267 396/300/266
f 79/81/80 394/527/486 397/517/476
f 76/65/64 388/514/473 390/539/496
f 80/82/81 397/517/476 400/506/465
f 89/84/83 387/505/464 389/491/450
f 93/94/93 396/300/266 399/544/501
f 95/97/96 402/542/499 405/526/485
f 78/110/107 392/518/477 394/527/486
f 85/126/123 84/281/251 408/520/479
f 96/233/227 405/526/485 416/525/484
f 82/104/101 81/141/137 400/506/465
f 94/96/95 399/544/501 402/542/499
f 412/535/492 414/511/470 87/123/120
f 414/511/470 385/503/462 88/107/104
f 407/519/478 409/495/454 71/90/89
f 395/536/493 398/501/460 67/116/113
f 404/500/459 407/519/478 70/137/134
f 416/525/484 395/536/493 65/131/128
f 90/85/84 389/491/450 391/490/449
f 91/129/126 391/490/449 393/301/267
f 73/118/115 72/98/97 411/497/456
f 403/508/467 406/510/469 83/120/117
f 73/140/115 413/494/453 415/493/452
f 398/501/460 401/498/457 68/138/135
f 74/87/86 415/493/452 386/515/474
f 409/495/454 411/497/456 72/98/97
f 18/548/20 189/208/203 165/209/204
f 354/512/471 420/157/153 422/162/158
f 360/538/495 358/545/502 423/177/173
f 379/533/490 443/201/196 445/149/145
f 375/499/458 439/170/166 442/169/165
f 428/180/176 431/152/148 367/543/500
f 364/529/488 362/528/487 427/175/171
f 421/178/174 423/177/173 358/545/502
f 382/496/455 446/173/169 448/172/168
f 265/549/505 312/475/432 311/476/435
f 369/537/494 433/186/182 436/203/198
f 434/151/147 437/155/151 373/541/498
f 353/540/497 417/158/154 420/157/153
f 383/534/491 447/148/144 417/158/154
f 377/509/468 441/197/192 443/201/196
f 371/550/506 435/204/199 438/198/193
f 356/513/472 355/523/482 418/183/179
f 374/507/466 438/198/193 441/197/192
f 380/236/230 444/181/177 446/173/169
f 422/162/158 424/74/73 359/489/448
f 448/189/168 418/183/179 355/523/482
f 429/165/161 432/164/160 368/516/475
f 440/154/150 419/160/156 365/551/507
f 431/152/148 434/151/147 370/547/504
f 425/192/187 427/175/171 362/528/487
f 381/521/480 445/149/145 447/148/144
f 365/551/507 419/160/156 430/187/183
f 426/73/72 428/180/176 363/299/265
f 424/74/73 426/73/72 361/532/489
f 372/502/461 436/203/198 439/170/166
f 437/155/151 440/154/150 376/524/483
f 432/164/160 435/204/199 371/550/506
f 366/546/503 430/187/183 433/186/182
f 33/552/508 31/564/519 464/38/37
f 21/553/509 19/572/526 458/29/29
f 21/553/509 459/27/27 460/22/22
f 61/555/511 59/556/512 478/68/67
f 477/25/25 478/68/67 59/556/512
f 45/558/514 43/577/531 470/62/61
f 5/559/515 3/79/78 450/11/11
f 33/552/508 465/48/47 466/46/45
f 17/561/517 15/580/534 456/21/21
f 29/563/518 463/63/62 464/38/37
f 174/249/243 150/92/91 157/480/439
f 461/15/15 462/7/7 27/565/520
f 453/2/2 454/33/32 11/567/522
f 13/569/524 11/567/522 454/33/32
f 37/570/525 35/560/516 466/46/45
f 17/571/517 457/31/31 458/29/29
f 49/573/527 473/59/58 474/54/53
f 53/575/529 51/574/528 474/54/53
f 5/559/515 451/9/9 452/4/4
f 469/35/34 470/62/61 43/577/531
f 460/22/22 461/15/15 25/566/521
f 53/575/529 475/49/48 476/42/41
f 13/569/524 455/18/18 456/21/21
f 1/78/77 63/581/535 480/71/70
f 49/573/527 47/583/537 472/61/60
f 61/555/511 479/70/69 480/71/70
f 37/570/525 467/44/43 468/40/39
f 468/40/39 469/35/34 41/578/532
f 452/4/4 453/2/2 9/568/523
f 29/563/518 27/565/520 462/7/7
f 476/42/41 477/25/25 57/557/513
f 45/558/514 471/52/51 472/61/60
f 279/409/370 278/407/368 299/470/430
f 265/616/505 264/323/288 313/468/428
f 278/407/368 277/412/373 300/466/426
f 264/323/288 263/405/366 314/465/425
f 277/412/373 276/389/352 301/462/422
f 263/405/366 262/394/355 315/459/419
f 276/389/352 275/390/353 302/458/418
f 288/388/351 289/484/443 319/485/444
f 262/394/355 261/393/354 316/457/417
f 107/176/172 106/182/178 202/311/277
f 275/390/353 274/399/360 303/453/413
f 287/387/350 290/481/440 289/484/443
f 261/393/354 260/382/345 317/452/412
f 274/399/360 273/383/346 304/450/410
f 286/395/356 291/477/436 290/481/440
f 260/382/345 259/381/344 318/446/406
f 272/397/358 305/449/409 304/450/410
f 285/403/364 292/474/434 291/477/436
f 259/381/344 257/386/349 320/444/404
f 306/487/446 334/431/391 335/425/385
f 271/401/362 306/487/446 305/449/409
f 15/592/534 31/600/519 47/608/537
f 340/113/110 501/112/109 502/617/538
f 341/469/429 502/617/538 503/618/539
f 352/239/233 482/241/235 481/619/540
f 342/473/433 503/618/539 504/620/541
f 321/488/447 481/619/540 483/621/542
f 343/455/415 504/620/541 505/622/543
f 331/478/437 330/268/246 491/270/248
f 322/445/405 483/621/542 484/624/545
f 345/463/423 344/460/420 505/622/543
f 332/482/441 331/478/437 492/623/544
f 524/625/546 556/661/582 555/626/547
f 498/358/323 518/630/551 517/628/549
f 484/624/545 532/632/553 531/629/550
f 497/420/380 519/633/554 518/630/551
f 503/618/539 513/649/570 536/631/552
f 483/621/542 533/635/556 532/632/553
f 496/419/379 520/636/557 519/633/554
f 504/620/541 536/631/552 537/634/555
f 481/619/540 534/638/559 533/635/556
f 495/426/386 521/639/560 520/636/557
f 505/622/543 537/634/555 538/637/558
f 482/241/235 535/651/572 534/638/559
f 494/432/392 522/641/562 521/639/560
f 506/441/401 538/637/558 539/640/561
f 493/439/399 523/627/548 522/641/562
f 507/434/394 539/640/561 540/642/563
f 492/623/544 524/625/546 523/627/548
f 508/428/388 540/642/563 541/643/564
f 491/270/248 525/645/566 524/625/546
f 509/422/382 541/643/564 542/644/565
f 490/269/247 526/647/568 525/645/566
f 510/415/376 542/644/565 543/646/567
f 489/352/317 527/665/571 526/647/568
f 511/339/304 543/646/567 544/648/569
f 502/617/538 514/652/573 513/649/570
f 488/424/384 528/653/574 527/650/571
f 512/240/234 544/648/569 535/651/572
f 501/112/109 515/655/576 514/652/573
f 487/430/390 529/656/577 528/653/574
f 501/112/109 500/143/139 516/654/575
f 486/437/397 530/443/403 529/656/577
f 499/280/250 517/628/549 516/654/575
f 558/657/578 559/793/590 591/658/579
f 537/634/555 569/690/610 570/660/581
f 525/645/566 557/663/584 556/661/582
f 538/637/558 570/660/581 571/662/583
f 526/647/568 558/657/578 557/663/584
f 539/640/561 571/662/583 572/664/585
f 527/665/571 559/793/590 558/657/578
f 513/649/570 514/652/573 546/666/586
f 540/642/563 572/664/585 573/668/588
f 527/650/571 528/653/574 560/669/589
f 514/652/573 515/655/576 547/671/591
f 541/643/564 573/668/588 574/672/592
f 528/653/574 529/656/577 561/673/593
f 515/655/576 516/654/575 548/674/594
f 542/644/565 574/672/592 575/675/595
f 529/656/577 530/443/403 562/676/596
f 516/654/575 517/628/549 549/677/597
f 543/646/567 575/675/595 576/678/598
f 530/443/403 531/629/550 563/679/599
f 517/628/549 518/630/551 550/680/600
f 544/648/569 576/678/598 567/681/601
f 531/629/550 532/632/553 564/682/602
f 518/630/551 519/633/554 551/683/603
f 532/632/553 533/635/556 565/684/604
f 520/636/557 552/686/606 551/683/603
f 533/635/556 534/638/559 566/685/605
f 521/639/560 553/687/607 552/686/606
f 534/638/559 535/651/572 567/681/601
f 522/641/562 554/689/609 553/687/607
f 536/631/552 513/649/570 545/667/587
f 523/627/548 555/626/547 554/689/609
f 537/634/555 536/631/552 568/688/608
f 594/691/611 626/729/648 625/692/612
f 546/666/586 578/698/617 577/694/614
f 573/668/588 572/664/585 604/695/615
f 560/669/589 592/700/619 591/697/579
f 547/671/591 579/701/620 578/698/617
f 574/672/592 573/668/588 605/696/616
f 561/673/593 593/693/613 592/700/619
f 548/674/594 580/703/622 579/701/620
f 575/675/595 574/672/592 606/699/618
f 562/676/596 594/691/611 593/693/613
f 549/677/597 581/705/624 580/703/622
f 576/678/598 575/675/595 607/702/621
f 563/679/599 595/707/626 594/691/611
f 550/680/600 582/708/627 581/705/624
f 567/681/601 576/678/598 608/704/623
f 564/682/602 596/709/628 595/707/626
f 551/683/603 583/711/630 582/708/627
f 565/684/604 597/712/631 596/709/628
f 551/683/603 552/686/606 584/710/629
f 566/685/605 598/714/633 597/712/631
f 552/686/606 553/687/607 585/713/632
f 567/681/601 599/706/625 598/714/633
f 553/687/607 554/689/609 586/715/634
f 545/667/587 577/694/614 600/716/635
f 554/689/609 555/626/547 587/717/636
f 568/688/608 600/716/635 601/718/637
f 555/626/547 556/661/582 588/719/638
f 570/660/581 569/690/610 601/718/637
f 556/661/582 557/663/584 589/721/640
f 571/662/583 570/660/581 602/720/639
f 557/663/584 558/657/578 590/659/580
f 572/664/585 571/662/583 603/722/641
f 628/723/642 629/734/653 661/724/643
f 581/705/624 613/730/649 612/726/645
f 608/704/623 607/702/621 639/727/646
f 595/707/626 627/732/651 626/729/648
f 582/708/627 614/733/652 613/730/649
f 599/706/625 608/704/623 640/728/647
f 596/709/628 628/723/642 627/732/651
f 583/711/630 615/735/654 614/733/652
f 596/709/628 597/712/631 629/734/653
f 584/710/629 616/737/656 615/735/654
f 597/712/631 598/714/633 630/736/655
f 585/713/632 617/738/657 616/737/656
f 598/714/633 599/706/625 631/731/650
f 586/715/634 618/740/659 617/738/657
f 577/694/614 609/749/668 632/739/658
f 587/717/636 619/742/661 618/740/659
f 600/716/635 632/739/658 633/741/660
f 588/719/638 620/744/663 619/742/661
f 601/718/637 633/741/660 634/743/662
f 589/721/640 621/746/665 620/744/663
f 602/720/639 634/743/662 635/745/664
f 590/659/580 622/748/667 621/746/665
f 603/722/641 635/745/664 636/747/666
f 591/658/579 623/774/670 622/748/667
f 578/698/617 610/752/671 609/749/668
f 604/695/615 636/747/666 637/750/669
f 592/700/619 624/754/673 623/751/670
f 579/701/620 611/755/674 610/752/671
f 605/696/616 637/750/669 638/753/672
f 593/693/613 625/692/612 624/754/673
f 580/703/622 612/726/645 611/755/674
f 607/702/621 606/699/618 638/753/672
f 661/794/643 662/795/678 672/796/703
f 662/795/678 663/797/680 672/796/703
f 672/796/703 671/798/700 661/794/643
f 671/798/700 670/799/697 661/794/643
f 670/799/697 669/758/676 660/757/644
f 661/794/643 670/799/697 660/757/644
f 669/758/676 668/800/691 659/756/675
f 668/800/691 667/801/689 658/802/701
f 659/756/675 668/800/691 658/802/701
f 667/801/689 666/803/687 656/804/694
f 666/803/687 665/805/685 655/806/695
f 665/805/685 664/807/683 654/775/692
f 664/807/683 641/808/682 653/809/690
f 641/808/682 642/810/693 653/809/690
f 642/810/693 643/811/696 652/812/688
f 653/809/690 642/810/693 652/812/688
f 643/811/696 644/813/699 651/814/686
f 644/813/699 645/815/702 650/816/684
f 651/814/686 644/813/699 650/816/684
f 645/815/702 646/817/704 649/818/681
f 646/817/704 647/819/677 648/820/679
f 649/818/681 646/817/704 648/820/679
f 649/818/681 650/816/684 645/815/702
f 651/814/686 652/812/688 643/811/696
f 653/809/690 654/775/692 664/807/683
f 654/775/692 655/806/695 665/805/685
f 655/806/695 656/804/694 666/803/687
f 656/804/694 657/821/698 667/801/689
f 657/821/698 658/802/701 667/801/689
f 616/737/656 648/761/679 647/759/677
f 629/734/653 630/736/655 662/760/678
f 617/738/657 649/763/681 648/761/679
f 630/736/655 631/731/650 663/762/680
f 618/740/659 650/766/684 649/763/681
f 632/739/658 609/749/668 641/764/682
f 619/742/661 651/768/686 650/766/684
f 633/741/660 632/739/658 664/765/683
f 620/744/663 652/770/688 651/768/686
f 633/741/660 665/767/685 666/769/687
f 621/746/665 653/772/690 652/770/688
f 634/743/662 666/769/687 667/771/689
f 622/748/667 654/775/692 653/772/690
f 635/745/664 667/771/689 668/773/691
f 623/774/670 655/806/695 654/775/692
f 609/749/668 610/752/671 642/776/693
f 636/747/666 668/773/691 669/777/676
f 623/751/670 624/754/673 656/778/694
f 610/752/671 611/755/674 643/780/696
f 637/750/669 669/777/676 670/781/697
f 624/754/673 625/692/612 657/782/698
f 611/755/674 612/726/645 644/783/699
f 638/753/672 670/781/697 671/784/700
f 625/692/612 626/729/648 658/785/701
f 612/726/645 613/730/649 645/786/702
f 639/727/646 671/784/700 672/787/703
f 626/729/648 627/732/651 659/788/675
f 613/730/649 614/733/652 646/789/704
f 640/728/647 672/787/703 663/762/680
f 627/732/651 628/723/642 660/725/644
f 614/733/652 615/735/654 647/759/677
