# Blender 4.4.1
# www.blender.org
mtllib Cocktail.mtl
o 立方体.001
v -0.042811 -0.259315 0.042811
v -0.094545 0.045361 0.094545
v -0.042811 -0.259315 -0.042811
v -0.094545 0.045361 -0.094545
v 0.042811 -0.259315 0.042811
v 0.094545 0.045361 0.094545
v 0.042811 -0.259315 -0.042811
v 0.094545 0.045361 -0.094545
v -0.010472 -0.249365 0.010472
v -0.012074 -0.101018 0.012074
v -0.012074 -0.101018 -0.012074
v -0.010472 -0.249365 -0.010472
v 0.012074 -0.101018 -0.012074
v 0.010472 -0.249365 -0.010472
v 0.012074 -0.101018 0.012074
v 0.010472 -0.249365 0.010472
v -0.042811 -0.263524 0.042811
v -0.042811 -0.263524 -0.042811
v 0.042811 -0.263524 0.042811
v 0.042811 -0.263524 -0.042811
v -0.101749 0.045452 0.101749
v -0.101749 0.045452 -0.101749
v 0.101749 0.045452 -0.101749
v 0.101749 0.045452 0.101749
v -0.013953 -0.092794 0.013953
v -0.013953 -0.092794 -0.013953
v 0.013953 -0.092794 -0.013953
v 0.013953 -0.092794 0.013953
v -0.058409 -0.259315 -0.000000
v -0.138820 0.045452 -0.000000
v 0.058409 -0.259315 -0.000000
v 0.138820 0.045452 -0.000000
v 0.014287 -0.249365 -0.000000
v 0.016574 -0.101018 -0.000000
v -0.014287 -0.249365 -0.000000
v -0.016574 -0.101018 -0.000000
v -0.058409 -0.263524 -0.000000
v 0.058409 -0.263524 -0.000000
v -0.130852 0.045361 -0.000000
v 0.130852 0.045361 -0.000000
v -0.019037 -0.092794 -0.000000
v 0.019037 -0.092794 -0.000000
v -0.000000 -0.259315 -0.058409
v -0.000000 0.045452 -0.138820
v -0.000000 -0.259315 0.058409
v -0.000000 0.045452 0.138820
v -0.000000 -0.249365 0.014287
v -0.000000 -0.101018 0.016574
v -0.000000 -0.249365 -0.014287
v -0.000000 -0.101018 -0.016574
v -0.000000 -0.263524 -0.058409
v -0.000000 -0.263524 0.058409
v -0.000000 0.045361 -0.130852
v -0.000000 0.045361 0.130852
v -0.000000 -0.092794 -0.019037
v -0.000000 -0.092794 0.019037
v -0.000000 -0.100099 -0.000000
v -0.000000 -0.263524 -0.000000
v 0.055019 0.045452 -0.127856
v 0.023149 -0.259315 0.053795
v 0.005662 -0.249365 -0.013158
v 0.006549 -0.101018 -0.015220
v 0.023149 -0.263524 0.053795
v 0.051503 0.045361 -0.119686
v 0.007545 -0.092794 -0.017533
v 0.010294 -0.097800 -0.000000
v 0.023149 -0.259315 -0.053795
v 0.055019 0.045452 0.127856
v 0.005662 -0.249365 0.013158
v 0.006549 -0.101018 0.015220
v 0.023149 -0.263524 -0.053795
v 0.051503 0.045361 0.119686
v 0.007545 -0.092794 0.017533
v 0.031583 -0.263524 -0.000000
v -0.023149 -0.259315 -0.053795
v -0.055019 0.045452 0.127856
v -0.005662 -0.249365 0.013158
v -0.006549 -0.101018 0.015220
v -0.023149 -0.263524 -0.053795
v -0.051503 0.045361 0.119686
v -0.007545 -0.092794 0.017533
v -0.031583 -0.263524 -0.000000
v -0.055019 0.045452 -0.127856
v -0.023149 -0.259315 0.053795
v -0.005662 -0.249365 -0.013158
v -0.006549 -0.101018 -0.015220
v -0.023149 -0.263524 0.053795
v -0.051503 0.045361 -0.119686
v -0.007545 -0.092794 -0.017533
v -0.010294 -0.097800 -0.000000
v -0.053795 -0.259315 0.023149
v 0.127856 0.045452 0.055019
v 0.013158 -0.249365 0.005662
v 0.015220 -0.101018 0.006549
v -0.053795 -0.263524 0.023149
v 0.119686 0.045361 0.051503
v 0.017533 -0.092794 0.007545
v -0.127856 0.045452 0.055019
v 0.053795 -0.259315 0.023149
v -0.013158 -0.249365 0.005662
v -0.015220 -0.101018 0.006549
v 0.053795 -0.263524 0.023149
v -0.119686 0.045361 0.051503
v -0.017533 -0.092794 0.007545
v -0.000000 -0.097800 0.010294
v -0.000000 -0.263524 0.031583
v 0.008767 -0.097800 0.008767
v 0.026898 -0.263524 0.026898
v -0.026898 -0.263524 0.026898
v -0.008767 -0.097800 0.008767
v -0.127856 0.045452 -0.055019
v 0.053795 -0.259315 -0.023149
v -0.013158 -0.249365 -0.005662
v -0.015220 -0.101018 -0.006549
v 0.053795 -0.263524 -0.023149
v -0.119686 0.045361 -0.051503
v -0.017533 -0.092794 -0.007545
v -0.053795 -0.259315 -0.023149
v 0.127856 0.045452 -0.055019
v 0.013158 -0.249365 -0.005662
v 0.015220 -0.101018 -0.006549
v -0.053795 -0.263524 -0.023149
v 0.119686 0.045361 -0.051503
v 0.017533 -0.092794 -0.007545
v -0.000000 -0.263524 -0.031583
v -0.000000 -0.097800 -0.010294
v 0.008767 -0.097800 -0.008767
v 0.026898 -0.263524 -0.026898
v -0.026898 -0.263524 -0.026898
v -0.008767 -0.097800 -0.008767
v -0.007625 -0.155795 0.007625
v -0.007625 -0.155795 -0.007625
v 0.007625 -0.155795 -0.007625
v 0.007625 -0.155795 0.007625
v -0.010437 -0.155795 -0.000000
v 0.010437 -0.155795 -0.000000
v -0.000000 -0.155795 -0.010437
v -0.000000 -0.155795 0.010437
v 0.004130 -0.155795 0.009597
v 0.004130 -0.155795 -0.009597
v -0.004130 -0.155795 -0.009597
v -0.004130 -0.155795 0.009597
v -0.009597 -0.155795 0.004130
v 0.009597 -0.155795 0.004130
v 0.009597 -0.155795 -0.004130
v -0.009597 -0.155795 -0.004130
v -0.033623 -0.259315 -0.049245
v -0.079912 0.045452 0.117041
v -0.008224 -0.249365 0.012045
v -0.009493 -0.101018 0.013913
v -0.033623 -0.263524 -0.049245
v -0.074448 0.045361 0.109204
v -0.010958 -0.092794 0.016050
v -0.045873 -0.263524 -0.000000
v -0.079912 0.045452 -0.117041
v -0.033623 -0.259315 0.049245
v -0.008224 -0.249365 -0.012045
v -0.009493 -0.101018 -0.013913
v -0.033623 -0.263524 0.049245
v -0.074448 0.045361 -0.109204
v -0.010958 -0.092794 -0.016050
v -0.014951 -0.095627 -0.000000
v -0.041133 -0.263524 0.025511
v -0.013406 -0.095627 0.008315
v -0.041133 -0.263524 -0.025511
v -0.013406 -0.095627 -0.008315
v -0.005992 -0.155795 -0.008779
v -0.005992 -0.155795 0.008779
v -0.117041 0.045452 -0.079912
v 0.049245 -0.259315 -0.033623
v -0.012045 -0.249365 -0.008224
v -0.013913 -0.101018 -0.009493
v 0.049245 -0.263524 -0.033623
v -0.109204 0.045361 -0.074448
v -0.016050 -0.092794 -0.010958
v -0.049245 -0.259315 -0.033623
v 0.117041 0.045452 -0.079912
v 0.012045 -0.249365 -0.008224
v 0.013913 -0.101018 -0.009493
v -0.049245 -0.263524 -0.033623
v 0.109204 0.045361 -0.074448
v 0.016050 -0.092794 -0.010958
v -0.000000 -0.263524 -0.045873
v -0.000000 -0.095627 -0.014951
v 0.008315 -0.095627 -0.013406
v 0.025511 -0.263524 -0.041133
v -0.025511 -0.263524 -0.041133
v -0.008315 -0.095627 -0.013406
v 0.008779 -0.155795 -0.005992
v -0.008779 -0.155795 -0.005992
v -0.012182 -0.095627 -0.012182
v -0.037378 -0.263524 -0.037378
v -0.057297 -0.259315 -0.012007
v 0.136179 0.045452 -0.028536
v 0.014015 -0.249365 -0.002937
v 0.016235 -0.101018 -0.003397
v -0.057297 -0.263524 -0.012007
v 0.127932 0.045361 -0.026713
v 0.018674 -0.092794 -0.003913
v -0.000000 -0.263524 -0.016381
v -0.000000 -0.098808 -0.005339
v 0.009727 -0.097800 -0.004547
v 0.029846 -0.263524 -0.013951
v -0.029846 -0.263524 -0.013951
v -0.009727 -0.097800 -0.004547
v -0.136179 0.045452 -0.028536
v 0.057297 -0.259315 -0.012007
v -0.014015 -0.249365 -0.002937
v -0.016235 -0.101018 -0.003397
v 0.057297 -0.263524 -0.012007
v -0.127932 0.045361 -0.026713
v -0.018674 -0.092794 -0.003913
v -0.010231 -0.155795 -0.002142
v 0.010231 -0.155795 -0.002142
v -0.043572 -0.263524 -0.012979
v -0.014201 -0.095627 -0.004230
v -0.136179 0.045452 0.028536
v 0.057297 -0.259315 0.012007
v -0.014015 -0.249365 0.002937
v -0.016235 -0.101018 0.003397
v 0.057297 -0.263524 0.012007
v -0.127932 0.045361 0.026713
v -0.018674 -0.092794 0.003913
v -0.057297 -0.259315 0.012007
v 0.136179 0.045452 0.028536
v 0.014015 -0.249365 0.002937
v 0.016235 -0.101018 0.003397
v -0.057297 -0.263524 0.012007
v 0.127932 0.045361 0.026713
v 0.018674 -0.092794 0.003913
v -0.000000 -0.098808 0.005339
v -0.000000 -0.263524 0.016381
v 0.009727 -0.097800 0.004547
v 0.029846 -0.263524 0.013951
v -0.029846 -0.263524 0.013951
v -0.009727 -0.097800 0.004547
v 0.010231 -0.155795 0.002142
v -0.010231 -0.155795 0.002142
v -0.014201 -0.095627 0.004230
v -0.043572 -0.263524 0.012979
v -0.049245 -0.259315 0.033623
v 0.117041 0.045452 0.079912
v 0.012045 -0.249365 0.008224
v 0.013913 -0.101018 0.009493
v -0.049245 -0.263524 0.033623
v 0.109204 0.045361 0.074448
v 0.016050 -0.092794 0.010958
v -0.000000 -0.095627 0.014951
v -0.000000 -0.263524 0.045873
v 0.008315 -0.095627 0.013406
v 0.025511 -0.263524 0.041133
v -0.025511 -0.263524 0.041133
v -0.008315 -0.095627 0.013406
v -0.117041 0.045452 0.079912
v 0.049245 -0.259315 0.033623
v -0.012045 -0.249365 0.008224
v -0.013913 -0.101018 0.009493
v 0.049245 -0.263524 0.033623
v -0.109204 0.045361 0.074448
v -0.016050 -0.092794 0.010958
v -0.008779 -0.155795 0.005992
v 0.008779 -0.155795 0.005992
v -0.037378 -0.263524 0.037378
v -0.012182 -0.095627 0.012182
v -0.028536 0.045452 -0.136179
v -0.012007 -0.259315 0.057297
v -0.002937 -0.249365 -0.014015
v -0.003397 -0.101018 -0.016235
v -0.012007 -0.263524 0.057297
v -0.026713 0.045361 -0.127932
v -0.003913 -0.092794 -0.018674
v -0.005339 -0.098808 -0.000000
v -0.012007 -0.259315 -0.057297
v -0.028536 0.045452 0.136179
v -0.002937 -0.249365 0.014015
v -0.003397 -0.101018 0.016235
v -0.012007 -0.263524 -0.057297
v -0.026713 0.045361 0.127932
v -0.003913 -0.092794 0.018674
v -0.016381 -0.263524 -0.000000
v -0.004547 -0.097800 0.009727
v -0.013951 -0.263524 0.029846
v -0.004547 -0.097800 -0.009727
v -0.013951 -0.263524 -0.029846
v -0.002142 -0.155795 0.010231
v -0.002142 -0.155795 -0.010231
v -0.012979 -0.263524 -0.043572
v -0.004230 -0.095627 -0.014201
v -0.004864 -0.098808 -0.004864
v -0.014923 -0.263524 -0.014923
v -0.014923 -0.263524 0.014923
v -0.004864 -0.098808 0.004864
v -0.004230 -0.095627 0.014201
v -0.012979 -0.263524 0.043572
v 0.012007 -0.259315 -0.057297
v 0.028536 0.045452 0.136179
v 0.002937 -0.249365 0.014015
v 0.003397 -0.101018 0.016235
v 0.012007 -0.263524 -0.057297
v 0.026713 0.045361 0.127932
v 0.003913 -0.092794 0.018674
v 0.016381 -0.263524 -0.000000
v 0.028536 0.045452 -0.136179
v 0.012007 -0.259315 0.057297
v 0.002937 -0.249365 -0.014015
v 0.003397 -0.101018 -0.016235
v 0.012007 -0.263524 0.057297
v 0.026713 0.045361 -0.127932
v 0.003913 -0.092794 -0.018674
v 0.005339 -0.098808 -0.000000
v 0.013951 -0.263524 0.029846
v 0.004547 -0.097800 0.009727
v 0.013951 -0.263524 -0.029846
v 0.004547 -0.097800 -0.009727
v 0.002142 -0.155795 -0.010231
v 0.002142 -0.155795 0.010231
v 0.004230 -0.095627 -0.014201
v 0.012979 -0.263524 -0.043572
v 0.014923 -0.263524 -0.014923
v 0.004864 -0.098808 -0.004864
v 0.004864 -0.098808 0.004864
v 0.014923 -0.263524 0.014923
v 0.012979 -0.263524 0.043572
v 0.004230 -0.095627 0.014201
v 0.079912 0.045452 -0.117041
v 0.033623 -0.259315 0.049245
v 0.008224 -0.249365 -0.012045
v 0.009493 -0.101018 -0.013913
v 0.033623 -0.263524 0.049245
v 0.074448 0.045361 -0.109204
v 0.010958 -0.092794 -0.016050
v 0.014951 -0.095627 -0.000000
v 0.033623 -0.259315 -0.049245
v 0.079912 0.045452 0.117041
v 0.008224 -0.249365 0.012045
v 0.009493 -0.101018 0.013913
v 0.033623 -0.263524 -0.049245
v 0.074448 0.045361 0.109204
v 0.010958 -0.092794 0.016050
v 0.045873 -0.263524 -0.000000
v 0.013406 -0.095627 0.008315
v 0.041133 -0.263524 0.025511
v 0.013406 -0.095627 -0.008315
v 0.041133 -0.263524 -0.025511
v 0.005992 -0.155795 0.008779
v 0.005992 -0.155795 -0.008779
v 0.037378 -0.263524 -0.037378
v 0.012182 -0.095627 -0.012182
v 0.014201 -0.095627 -0.004230
v 0.043572 -0.263524 -0.012979
v 0.043572 -0.263524 0.012979
v 0.014201 -0.095627 0.004230
v 0.012182 -0.095627 0.012182
v 0.037378 -0.263524 0.037378
v -0.009048 -0.236985 -0.009048
v 0.009048 -0.236985 -0.009048
v 0.009048 -0.236985 0.009048
v -0.012362 -0.236985 -0.000000
v 0.012362 -0.236985 -0.000000
v -0.000000 -0.236985 -0.012362
v -0.000000 -0.236985 0.012362
v 0.004896 -0.236985 0.011378
v 0.004896 -0.236985 -0.011378
v -0.004896 -0.236985 -0.011378
v -0.004896 -0.236985 0.011378
v -0.011378 -0.236985 0.004896
v 0.011378 -0.236985 0.004896
v 0.011378 -0.236985 -0.004896
v -0.011378 -0.236985 -0.004896
v -0.009048 -0.236985 0.009048
v -0.007108 -0.236985 0.010412
v -0.007108 -0.236985 -0.010412
v -0.010412 -0.236985 -0.007108
v 0.010412 -0.236985 -0.007108
v 0.012123 -0.236985 -0.002539
v -0.012123 -0.236985 -0.002539
v -0.012123 -0.236985 0.002539
v 0.012123 -0.236985 0.002539
v 0.010412 -0.236985 0.007108
v -0.010412 -0.236985 0.007108
v -0.002539 -0.236985 -0.012123
v -0.002539 -0.236985 0.012123
v 0.002539 -0.236985 0.012123
v 0.002539 -0.236985 -0.012123
v 0.007108 -0.236985 -0.010412
v 0.007108 -0.236985 0.010412
vn -0.6637 -0.6475 -0.3746
vn -0.6437 -0.4138 -0.6437
vn -0.7953 -0.4039 -0.4521
vn 0.3746 -0.6475 -0.6637
vn 0.6437 -0.4138 -0.6437
vn 0.4521 -0.4039 -0.7953
vn 0.6637 -0.6475 0.3746
vn 0.6437 -0.4138 0.6437
vn 0.7953 -0.4039 0.4521
vn -0.3746 -0.6475 0.6637
vn -0.6437 -0.4138 0.6437
vn -0.4521 -0.4039 0.7953
vn -0.5680 0.5956 -0.5680
vn -0.6355 -0.6852 -0.3558
vn -0.6930 0.6071 -0.3888
vn -0.6684 0.6313 0.3933
vn -0.5378 0.6493 0.5378
vn -0.6452 0.6862 0.3360
vn -0.3888 0.6071 0.6930
vn -0.4902 0.7207 0.4902
vn -0.5680 0.5956 0.5680
vn -0.7064 -0.0453 0.7064
vn -0.4915 -0.0444 0.8698
vn 0.6930 0.6071 0.3888
vn 0.4902 0.7207 0.4902
vn 0.5680 0.5956 0.5680
vn 0.7064 -0.0453 0.7064
vn 0.8698 -0.0444 0.4915
vn 0.3888 0.6071 -0.6930
vn 0.4902 0.7207 -0.4902
vn 0.5680 0.5956 -0.5680
vn 0.7064 -0.0453 -0.7064
vn 0.4915 -0.0444 -0.8698
vn -0.4902 0.7207 -0.4902
vn -0.7064 -0.0453 -0.7064
vn -0.8698 -0.0444 -0.4915
vn -0.0000 -1.0000 -0.0000
vn 0.5249 -0.6701 0.5249
vn 0.3558 -0.6852 0.6355
vn 0.6355 -0.6852 0.3558
vn -0.3558 -0.6852 0.6355
vn 0.3558 -0.6852 -0.6355
vn 0.0064 1.0000 0.0064
vn 0.0082 1.0000 0.0047
vn 0.0084 1.0000 0.0047
vn -0.0064 1.0000 0.0064
vn -0.0047 1.0000 0.0082
vn -0.0047 1.0000 0.0084
vn -0.0064 1.0000 -0.0064
vn -0.0082 1.0000 -0.0047
vn -0.0084 1.0000 -0.0047
vn 0.0064 1.0000 -0.0064
vn 0.0047 1.0000 -0.0082
vn 0.0047 1.0000 -0.0084
vn 0.4099 0.8148 -0.4099
vn 0.5378 0.6493 -0.5378
vn 0.3360 0.6862 -0.6452
vn 0.6684 0.6313 -0.3933
vn 0.6452 0.6862 -0.3360
vn -0.3933 0.6313 -0.6684
vn -0.5378 0.6493 -0.5378
vn -0.3360 0.6862 -0.6452
vn 0.3933 0.6313 0.6684
vn 0.5378 0.6493 0.5378
vn 0.3360 0.6862 0.6452
vn 0.7600 0.6285 0.1656
vn 0.6855 0.7281 -0.0000
vn 0.6680 0.7316 0.1358
vn 0.4951 0.8688 -0.0000
vn 0.4941 0.8641 0.0963
vn -0.0106 0.9999 0.0022
vn -0.0113 0.9999 -0.0000
vn -0.0105 0.9999 0.0022
vn 0.0106 0.9999 -0.0022
vn 0.0113 0.9999 -0.0000
vn 0.0105 0.9999 -0.0022
vn 0.7945 0.6072 -0.0000
vn 0.7151 -0.6840 -0.1438
vn 0.7807 0.6049 -0.1570
vn -0.9787 -0.0440 0.2007
vn -0.9168 -0.3993 -0.0000
vn -0.9990 -0.0441 -0.0000
vn -0.6975 0.7028 0.1402
vn -0.7945 0.6072 -0.0000
vn -0.7807 0.6049 0.1570
vn 0.9787 -0.0440 -0.2007
vn 0.9168 -0.3993 -0.0000
vn 0.9990 -0.0441 -0.0000
vn 0.6975 0.7028 -0.1402
vn -0.7600 0.6285 -0.1656
vn -0.6855 0.7281 -0.0000
vn -0.6680 0.7316 -0.1358
vn -0.7151 -0.6840 0.1438
vn 0.8972 -0.4002 -0.1868
vn 0.7677 -0.6408 -0.0000
vn -0.8972 -0.4002 0.1868
vn -0.7677 -0.6408 -0.0000
vn -0.1217 0.9851 0.1217
vn -0.0000 1.0000 -0.0000
vn -0.2174 0.9761 -0.0000
vn -0.1656 0.6285 0.7600
vn -0.0000 0.7281 0.6855
vn -0.1358 0.7316 0.6680
vn 0.1656 0.6285 -0.7600
vn -0.0000 0.7281 -0.6855
vn 0.1358 0.7316 -0.6680
vn -0.0000 0.8688 -0.4951
vn -0.1358 0.7316 -0.6680
vn -0.0963 0.8641 -0.4941
vn -0.0022 0.9999 -0.0106
vn -0.0000 0.9999 -0.0113
vn -0.0022 0.9999 -0.0105
vn 0.0022 0.9999 0.0106
vn -0.0000 0.9999 0.0113
vn 0.0022 0.9999 0.0105
vn -0.0000 0.6072 -0.7945
vn -0.1438 -0.6840 -0.7151
vn -0.1570 0.6049 -0.7807
vn -0.0000 0.6072 0.7945
vn 0.1438 -0.6840 0.7151
vn 0.1570 0.6049 0.7807
vn -0.1438 -0.6840 0.7151
vn -0.2007 -0.0440 -0.9787
vn -0.0000 -0.3993 -0.9168
vn -0.0000 -0.0441 -0.9990
vn -0.1402 0.7028 -0.6975
vn 0.2007 -0.0440 0.9787
vn -0.0000 -0.3993 0.9168
vn -0.0000 -0.0441 0.9990
vn 0.1402 0.7028 0.6975
vn 0.1868 -0.4002 0.8972
vn -0.0000 -0.6408 0.7677
vn -0.1868 -0.4002 -0.8972
vn -0.0000 -0.6408 -0.7677
vn 0.4521 -0.4039 0.7953
vn 0.2690 -0.6415 0.7184
vn 0.3270 -0.3964 0.8579
vn 0.3468 0.7039 0.6199
vn 0.2760 0.6146 0.7390
vn 0.3888 0.6071 0.6930
vn 0.4915 -0.0444 0.8698
vn 0.3530 -0.0437 0.9346
vn -0.0047 1.0000 -0.0084
vn -0.0036 0.9999 -0.0095
vn -0.0047 1.0000 -0.0082
vn -0.1449 0.8423 -0.5192
vn -0.4099 0.8148 -0.4099
vn -0.2856 0.6269 0.7249
vn -0.3360 0.6862 0.6452
vn -0.3933 0.6313 0.6684
vn -0.4941 0.8641 0.0963
vn -0.3269 0.9451 -0.0000
vn -0.4951 0.8688 -0.0000
vn -0.2856 0.6269 -0.7249
vn -0.1656 0.6285 -0.7600
vn -0.0037 0.9999 0.0096
vn -0.0022 0.9999 0.0105
vn -0.0022 0.9999 0.0106
vn 0.2760 0.6146 -0.7390
vn 0.1438 -0.6840 -0.7151
vn 0.1570 0.6049 -0.7807
vn 0.2512 -0.6955 0.6732
vn 0.2007 -0.0440 -0.9787
vn 0.3270 -0.3964 -0.8579
vn 0.3530 -0.0437 -0.9346
vn 0.2521 0.6928 -0.6756
vn 0.1514 -0.6417 -0.7518
vn 0.1868 -0.4002 -0.8972
vn -0.4521 -0.4039 -0.7953
vn -0.2690 -0.6415 -0.7184
vn -0.3270 -0.3964 -0.8579
vn -0.3468 0.7039 -0.6199
vn -0.2760 0.6146 -0.7390
vn -0.3888 0.6071 -0.6930
vn -0.4915 -0.0444 -0.8698
vn -0.3530 -0.0437 -0.9346
vn -0.3558 -0.6852 -0.6355
vn 0.0047 1.0000 0.0084
vn 0.0036 0.9999 0.0095
vn 0.0047 1.0000 0.0082
vn 0.2856 0.6269 -0.7249
vn 0.3933 0.6313 -0.6684
vn 0.3260 0.9437 0.0556
vn 0.2174 0.9761 -0.0000
vn 0.1217 0.9851 0.1217
vn 0.2856 0.6269 0.7249
vn 0.1358 0.7316 0.6680
vn 0.1656 0.6285 0.7600
vn 0.0963 0.8641 -0.4941
vn 0.2307 0.7201 -0.6544
vn 0.0037 0.9999 -0.0096
vn 0.0022 0.9999 -0.0105
vn 0.0022 0.9999 -0.0106
vn -0.2760 0.6146 0.7390
vn -0.1570 0.6049 0.7807
vn -0.2007 -0.0440 0.9787
vn -0.3270 -0.3964 0.8579
vn -0.3530 -0.0437 0.9346
vn -0.2521 0.6928 0.6756
vn -0.1514 -0.6417 0.7518
vn -0.1868 -0.4002 0.8972
vn 0.1217 0.9851 -0.1217
vn 0.2294 0.9459 -0.2294
vn 0.0556 0.9437 -0.3260
vn -0.3260 0.9437 -0.0556
vn -0.5192 0.8423 -0.1449
vn -0.4941 0.8641 -0.0963
vn -0.0000 0.9761 -0.2174
vn -0.0556 0.9437 -0.3260
vn -0.1217 0.9851 -0.1217
vn -0.7953 -0.4039 0.4521
vn -0.7184 -0.6415 0.2690
vn -0.8579 -0.3964 0.3270
vn -0.7390 0.6146 0.2760
vn -0.6355 -0.6852 0.3558
vn -0.6930 0.6071 0.3888
vn -0.7249 0.6269 -0.2856
vn -0.6452 0.6862 -0.3360
vn -0.6684 0.6313 -0.3933
vn -0.6199 0.7039 0.3468
vn -0.8698 -0.0444 0.4915
vn -0.9346 -0.0437 0.3530
vn 0.0084 1.0000 -0.0047
vn 0.0095 0.9999 -0.0036
vn 0.0082 1.0000 -0.0047
vn 0.7249 0.6269 -0.2856
vn 0.6680 0.7316 -0.1358
vn 0.7600 0.6285 -0.1656
vn 0.4941 0.8641 -0.0963
vn 0.6544 0.7201 -0.2307
vn 0.5192 0.8423 -0.1449
vn -0.0096 0.9999 -0.0037
vn -0.0105 0.9999 -0.0022
vn -0.0106 0.9999 -0.0022
vn 0.7390 0.6146 0.2760
vn 0.7151 -0.6840 0.1438
vn 0.7807 0.6049 0.1570
vn 0.6732 -0.6955 0.2512
vn 0.9787 -0.0440 0.2007
vn 0.8579 -0.3964 0.3270
vn 0.9346 -0.0437 0.3530
vn 0.6756 0.6928 0.2521
vn 0.7518 -0.6417 0.1514
vn 0.8972 -0.4002 0.1868
vn 0.1449 0.8423 0.5192
vn 0.0556 0.9437 0.3260
vn 0.0963 0.8641 0.4941
vn -0.4099 0.8148 0.4099
vn -0.2294 0.9459 0.2294
vn -0.5192 0.8423 0.1449
vn -0.0963 0.8641 0.4941
vn -0.0000 0.9451 0.3269
vn -0.0556 0.9437 0.3260
vn 0.7953 -0.4039 -0.4521
vn 0.7184 -0.6415 -0.2690
vn 0.8579 -0.3964 -0.3270
vn 0.6199 0.7039 -0.3468
vn 0.7390 0.6146 -0.2760
vn 0.6930 0.6071 -0.3888
vn 0.8698 -0.0444 -0.4915
vn 0.9346 -0.0437 -0.3530
vn 0.6355 -0.6852 -0.3558
vn -0.0084 1.0000 0.0047
vn -0.0095 0.9999 0.0036
vn -0.0082 1.0000 0.0047
vn 0.6452 0.6862 0.3360
vn 0.5192 0.8423 0.1449
vn 0.4099 0.8148 0.4099
vn 0.7249 0.6269 0.2856
vn 0.6684 0.6313 0.3933
vn 0.0096 0.9999 0.0037
vn 0.0105 0.9999 0.0022
vn 0.0106 0.9999 0.0022
vn -0.9787 -0.0440 -0.2007
vn -0.8579 -0.3964 -0.3270
vn -0.9346 -0.0437 -0.3530
vn -0.7807 0.6049 -0.1570
vn -0.6756 0.6928 -0.2521
vn -0.7390 0.6146 -0.2760
vn -0.7249 0.6269 0.2856
vn -0.6680 0.7316 0.1358
vn -0.7600 0.6285 0.1656
vn -0.7151 -0.6840 -0.1438
vn -0.7518 -0.6417 -0.1514
vn -0.8972 -0.4002 -0.1868
vn -0.9326 0.0895 -0.3497
vn -0.9761 0.0896 -0.1978
vn 0.9326 0.0895 -0.3497
vn 0.8682 0.0912 -0.4877
vn 0.9326 0.0895 0.3497
vn 0.9761 0.0896 0.1978
vn -0.9326 0.0895 0.3497
vn -0.8682 0.0912 0.4877
vn -0.3497 0.0895 0.9326
vn -0.1978 0.0896 0.9761
vn -0.3497 0.0895 -0.9326
vn -0.4877 0.0912 -0.8682
vn 0.3497 0.0895 -0.9326
vn 0.1978 0.0896 -0.9761
vn 0.3497 0.0895 0.9326
vn 0.4877 0.0912 0.8682
vn -0.0000 0.0892 0.9960
vn 0.1978 0.0896 0.9761
vn -0.0000 0.0892 -0.9960
vn -0.1978 0.0896 -0.9761
vn 0.9960 0.0892 -0.0000
vn 0.9761 0.0896 -0.1978
vn -0.9960 0.0892 -0.0000
vn -0.9761 0.0896 0.1978
vn -0.8682 0.0912 -0.4877
vn -0.7040 0.0934 -0.7040
vn 0.4877 0.0912 -0.8682
vn 0.7040 0.0934 -0.7040
vn 0.8682 0.0912 0.4877
vn 0.7040 0.0934 0.7040
vn -0.4877 0.0912 0.8682
vn -0.7040 0.0934 0.7040
vn 0.2294 0.9459 0.2294
vn -0.6732 -0.6955 -0.2512
vn 0.3260 0.9437 -0.0556
vn -0.6732 -0.6955 0.2512
vn -0.7267 -0.6870 -0.0000
vn 0.5454 0.6364 -0.5454
vn 0.0063 1.0000 0.0063
vn -0.5249 -0.6701 -0.5249
vn -0.5249 -0.6701 0.5249
vn -0.3746 -0.6475 -0.6637
vn 0.3269 0.9451 -0.0000
vn 0.2307 0.7201 0.6544
vn 0.1449 0.8423 -0.5192
vn 0.0036 0.9999 -0.0095
vn -0.2512 -0.6955 0.6732
vn -0.3468 0.7039 0.6199
vn -0.2690 -0.6415 0.7184
vn 0.5454 0.6364 0.5454
vn -0.0063 1.0000 0.0063
vn 0.5249 -0.6701 -0.5249
vn 0.6637 -0.6475 -0.3746
vn -0.0000 0.8688 0.4951
vn -0.1449 0.8423 0.5192
vn 0.2512 -0.6955 -0.6732
vn 0.0095 0.9999 0.0036
vn -0.6199 0.7039 -0.3468
vn -0.6544 0.7201 0.2307
vn -0.7184 -0.6415 -0.2690
vn -0.7773 0.6291 -0.0000
vn -0.6975 0.7028 -0.1402
vn 0.0114 0.9999 -0.0000
vn -0.3260 0.9437 0.0556
vn -0.0000 0.9761 0.2174
vn 0.7518 -0.6417 -0.1514
vn 0.6756 0.6928 -0.2521
vn 0.6732 -0.6955 -0.2512
vn -0.0096 0.9999 0.0037
vn 0.6544 0.7201 0.2307
vn 0.6975 0.7028 0.1402
vn 0.7267 -0.6870 -0.0000
vn -0.0114 0.9999 -0.0000
vn 0.7773 0.6291 -0.0000
vn -0.7518 -0.6417 0.1514
vn -0.6544 0.7201 -0.2307
vn -0.6756 0.6928 0.2521
vn 0.0096 0.9999 -0.0037
vn 0.0063 1.0000 -0.0063
vn -0.5454 0.6364 -0.5454
vn -0.6637 -0.6475 0.3746
vn -0.2294 0.9459 -0.2294
vn -0.0000 0.9451 -0.3269
vn -0.0095 0.9999 -0.0036
vn 0.6199 0.7039 0.3468
vn 0.7184 -0.6415 0.2690
vn -0.2512 -0.6955 -0.6732
vn -0.1402 0.7028 0.6975
vn -0.0000 -0.6870 0.7267
vn -0.0000 0.9999 -0.0114
vn -0.0000 0.6291 0.7773
vn -0.1514 -0.6417 -0.7518
vn -0.2521 0.6928 -0.6756
vn 0.0037 0.9999 0.0096
vn -0.0000 -0.6870 -0.7267
vn -0.2307 0.7201 0.6544
vn 0.1402 0.7028 -0.6975
vn -0.0000 0.9999 0.0114
vn -0.0000 0.6291 -0.7773
vn 0.1514 -0.6417 0.7518
vn 0.2521 0.6928 0.6756
vn -0.0037 0.9999 -0.0096
vn -0.2307 0.7201 -0.6544
vn -0.5454 0.6364 0.5454
vn -0.0063 1.0000 -0.0063
vn 0.3746 -0.6475 0.6637
vn -0.0036 0.9999 0.0095
vn 0.3468 0.7039 -0.6199
vn 0.2690 -0.6415 -0.7184
vn -0.0000 0.6998 -0.7143
vn -0.0000 0.6998 0.7143
vn 0.7143 0.6998 -0.0000
vn -0.7143 0.6998 -0.0000
vn -0.5346 -0.6546 -0.5346
vn 0.5346 -0.6546 -0.5346
vn 0.5346 -0.6546 0.5346
vn -0.5346 -0.6546 0.5346
vt 0.625000 0.218750
vt 0.541667 0.250000
vt 0.541667 0.218750
vt 0.625000 0.468750
vt 0.541667 0.500000
vt 0.541667 0.468750
vt 0.625000 0.718750
vt 0.541667 0.750000
vt 0.541667 0.718750
vt 0.625000 0.968750
vt 0.541667 1.000000
vt 0.541667 0.968750
vt 0.375000 0.250000
vt 0.375000 0.218750
vt 0.375000 0.218750
vt 0.638746 0.541559
vt 0.638746 0.513746
vt 0.375000 0.968750
vt 0.458333 1.000000
vt 0.375000 1.000000
vt 0.500000 1.000000
vt 0.500000 0.968750
vt 0.375000 0.718750
vt 0.458333 0.750000
vt 0.375000 0.750000
vt 0.500000 0.750000
vt 0.500000 0.718750
vt 0.375000 0.468750
vt 0.458333 0.500000
vt 0.375000 0.500000
vt 0.500000 0.500000
vt 0.500000 0.468750
vt 0.458333 0.250000
vt 0.500000 0.250000
vt 0.500000 0.218750
vt 0.343750 0.718750
vt 0.343750 0.750000
vt 0.861254 0.513746
vt 0.875000 0.531250
vt 0.861254 0.541559
vt 0.656250 0.500000
vt 0.666559 0.513746
vt 0.638746 0.736254
vt 0.638746 0.708441
vt 0.861254 0.736254
vt 0.843750 0.750000
vt 0.833441 0.736254
vt 0.833441 0.708441
vt 0.833441 0.736254
vt 0.861254 0.708441
vt 0.666559 0.736254
vt 0.666559 0.736254
vt 0.833441 0.513746
vt 0.833441 0.513746
vt 0.861254 0.597186
vt 0.861254 0.625000
vt 0.861254 0.597187
vt 0.833441 0.625000
vt 0.833441 0.597186
vt 0.638746 0.597186
vt 0.625000 0.625000
vt 0.625000 0.593750
vt 0.861254 0.652813
vt 0.875000 0.625000
vt 0.875000 0.656250
vt 0.375000 0.625000
vt 0.375000 0.593750
vt 0.343750 0.625000
vt 0.343750 0.593750
vt 0.500000 0.093750
vt 0.541667 0.125000
vt 0.500000 0.125000
vt 0.458333 0.093750
vt 0.375000 0.125000
vt 0.375000 0.093750
vt 0.500000 0.593750
vt 0.541667 0.625000
vt 0.500000 0.625000
vt 0.458333 0.593750
vt 0.638746 0.652814
vt 0.638746 0.625000
vt 0.638746 0.652813
vt 0.375000 0.093750
vt 0.541667 0.593750
vt 0.541667 0.093750
vt 0.625000 0.125000
vt 0.218750 0.593750
vt 0.250000 0.625000
vt 0.218750 0.625000
vt 0.722186 0.597186
vt 0.750000 0.625000
vt 0.722186 0.625000
vt 0.722187 0.513746
vt 0.750000 0.513746
vt 0.722186 0.513746
vt 0.777814 0.736254
vt 0.750000 0.736254
vt 0.777813 0.736254
vt 0.750000 0.708441
vt 0.722186 0.736254
vt 0.722186 0.708441
vt 0.722186 0.736254
vt 0.750000 0.750000
vt 0.718750 0.750000
vt 0.777814 0.513746
vt 0.750000 0.500000
vt 0.781250 0.500000
vt 0.375000 0.375000
vt 0.375000 0.343750
vt 0.375000 0.875000
vt 0.375000 0.843750
vt 0.250000 0.718750
vt 0.218750 0.750000
vt 0.218750 0.718750
vt 0.500000 0.343750
vt 0.541667 0.375000
vt 0.500000 0.375000
vt 0.458333 0.343750
vt 0.500000 0.843750
vt 0.541667 0.875000
vt 0.500000 0.875000
vt 0.458333 0.843750
vt 0.541667 0.843750
vt 0.625000 0.875000
vt 0.541667 0.343750
vt 0.625000 0.375000
vt 0.541667 0.781250
vt 0.625000 0.812500
vt 0.541667 0.812500
vt 0.458333 0.781250
vt 0.375000 0.812500
vt 0.375000 0.781250
vt 0.500000 0.781250
vt 0.500000 0.812500
vt 0.687500 0.750000
vt 0.656250 0.750000
vt 0.694373 0.708441
vt 0.666559 0.708441
vt 0.694373 0.513746
vt 0.666559 0.597186
vt 0.694373 0.625000
vt 0.666559 0.625000
vt 0.312500 0.593750
vt 0.281250 0.625000
vt 0.281250 0.593750
vt 0.694373 0.736254
vt 0.718750 0.500000
vt 0.375000 0.437500
vt 0.375000 0.406250
vt 0.281250 0.718750
vt 0.312500 0.750000
vt 0.281250 0.750000
vt 0.500000 0.406250
vt 0.541667 0.437500
vt 0.500000 0.437500
vt 0.458333 0.437500
vt 0.625000 0.406250
vt 0.541667 0.406250
vt 0.541667 0.281250
vt 0.625000 0.312500
vt 0.541667 0.312500
vt 0.458333 0.281250
vt 0.375000 0.312500
vt 0.375000 0.281250
vt 0.500000 0.281250
vt 0.500000 0.312500
vt 0.187500 0.718750
vt 0.156250 0.750000
vt 0.156250 0.718750
vt 0.812500 0.500000
vt 0.843750 0.500000
vt 0.805627 0.736254
vt 0.156250 0.593750
vt 0.187500 0.625000
vt 0.156250 0.625000
vt 0.805627 0.597186
vt 0.777813 0.625000
vt 0.777813 0.597186
vt 0.805627 0.513746
vt 0.777814 0.513746
vt 0.777813 0.708441
vt 0.805627 0.736254
vt 0.781250 0.750000
vt 0.375000 0.937500
vt 0.375000 0.906250
vt 0.375000 0.906250
vt 0.500000 0.906250
vt 0.541667 0.937500
vt 0.500000 0.937500
vt 0.458333 0.937500
vt 0.625000 0.906250
vt 0.541667 0.906250
vt 0.777813 0.652814
vt 0.805627 0.680627
vt 0.777814 0.680627
vt 0.187500 0.656250
vt 0.156250 0.687500
vt 0.156250 0.656250
vt 0.281250 0.656250
vt 0.312500 0.687500
vt 0.281250 0.687500
vt 0.694373 0.652813
vt 0.666559 0.680627
vt 0.666559 0.652813
vt 0.250000 0.656250
vt 0.218750 0.687500
vt 0.218750 0.656250
vt 0.750000 0.652813
vt 0.722186 0.680627
vt 0.722186 0.652813
vt 0.541667 0.031250
vt 0.625000 0.062500
vt 0.541667 0.062500
vt 0.375000 0.062500
vt 0.375000 0.031250
vt 0.375000 0.031250
vt 0.638746 0.680627
vt 0.638746 0.708441
vt 0.458333 0.031250
vt 0.500000 0.031250
vt 0.500000 0.062500
vt 0.875000 0.687500
vt 0.875000 0.718750
vt 0.861254 0.680627
vt 0.861254 0.652814
vt 0.833441 0.652814
vt 0.861254 0.680627
vt 0.833441 0.680627
vt 0.625000 0.656250
vt 0.375000 0.687500
vt 0.375000 0.656250
vt 0.343750 0.656250
vt 0.375000 0.687500
vt 0.343750 0.687500
vt 0.500000 0.656250
vt 0.541667 0.687500
vt 0.500000 0.687500
vt 0.458333 0.687500
vt 0.541667 0.656250
vt 0.805627 0.541559
vt 0.777814 0.569373
vt 0.777813 0.541559
vt 0.156250 0.531250
vt 0.187500 0.562500
vt 0.156250 0.562500
vt 0.312500 0.531250
vt 0.281250 0.562500
vt 0.281250 0.531250
vt 0.666559 0.541559
vt 0.694373 0.569373
vt 0.666559 0.569373
vt 0.722186 0.541559
vt 0.750000 0.569373
vt 0.722186 0.569373
vt 0.218750 0.531250
vt 0.250000 0.562500
vt 0.218750 0.562500
vt 0.541667 0.531250
vt 0.625000 0.562500
vt 0.541667 0.562500
vt 0.458333 0.531250
vt 0.375000 0.562500
vt 0.375000 0.531250
vt 0.500000 0.531250
vt 0.500000 0.562500
vt 0.343750 0.562500
vt 0.343750 0.531250
vt 0.625000 0.531250
vt 0.861254 0.541560
vt 0.833441 0.569373
vt 0.833441 0.541559
vt 0.861254 0.569373
vt 0.875000 0.593750
vt 0.500000 0.156250
vt 0.541667 0.187500
vt 0.500000 0.187500
vt 0.375000 0.156250
vt 0.458333 0.187500
vt 0.375000 0.187500
vt 0.638746 0.569373
vt 0.638746 0.597186
vt 0.375000 0.156250
vt 0.625000 0.156250
vt 0.541667 0.156250
vt 0.479167 0.187500
vt 0.479167 0.156250
vt 0.479167 0.562500
vt 0.479167 0.531250
vt 0.479167 0.687500
vt 0.479167 0.656250
vt 0.479167 0.062500
vt 0.479167 0.031250
vt 0.479167 0.937500
vt 0.479167 0.906250
vt 0.479167 0.312500
vt 0.479167 0.281250
vt 0.479167 0.437500
vt 0.479167 0.406250
vt 0.479167 0.812500
vt 0.479167 0.781250
vt 0.479167 0.875000
vt 0.479167 0.843750
vt 0.479167 0.375000
vt 0.479167 0.343750
vt 0.479167 0.625000
vt 0.479167 0.593750
vt 0.479167 0.125000
vt 0.479167 0.093750
vt 0.479167 0.218750
vt 0.479167 0.250000
vt 0.479167 0.468750
vt 0.479167 0.500000
vt 0.479167 0.718750
vt 0.479167 0.750000
vt 0.479167 0.968750
vt 0.479167 1.000000
vt 0.805627 0.569373
vt 0.125000 0.531250
vt 0.125000 0.562500
vt 0.805627 0.652814
vt 0.125000 0.687500
vt 0.125000 0.656250
vt 0.125000 0.593750
vt 0.125000 0.625000
vt 0.875000 0.500000
vt 0.125000 0.750000
vt 0.125000 0.718750
vt 0.625000 0.281250
vt 0.805627 0.625000
vt 0.805627 0.513746
vt 0.805627 0.708441
vt 0.812500 0.750000
vt 0.375000 0.937500
vt 0.458333 0.968750
vt 0.625000 0.937500
vt 0.125000 0.500000
vt 0.625000 0.500000
vt 0.343750 0.500000
vt 0.218750 0.500000
vt 0.250000 0.531250
vt 0.750000 0.541559
vt 0.694373 0.541559
vt 0.312500 0.500000
vt 0.281250 0.500000
vt 0.156250 0.500000
vt 0.187500 0.531250
vt 0.875000 0.562500
vt 0.458333 0.218750
vt 0.638746 0.569373
vt 0.375000 0.187500
vt 0.625000 0.187500
vt 0.458333 0.156250
vt 0.861254 0.625000
vt 0.187500 0.593750
vt 0.312500 0.562500
vt 0.694373 0.597186
vt 0.750000 0.597186
vt 0.250000 0.593750
vt 0.458333 0.562500
vt 0.375000 0.562500
vt 0.861254 0.569373
vt 0.458333 0.656250
vt 0.312500 0.656250
vt 0.625000 0.093750
vt 0.375000 0.062500
vt 0.638746 0.680627
vt 0.458333 0.062500
vt 0.500000 0.000000
vt 0.479167 0.000000
vt 0.875000 0.750000
vt 0.458333 0.000000
vt 0.375000 0.000000
vt 0.541667 0.000000
vt 0.625000 0.031250
vt 0.187500 0.687500
vt 0.312500 0.718750
vt 0.694373 0.680627
vt 0.250000 0.687500
vt 0.750000 0.680627
vt 0.625000 0.687500
vt 0.458333 0.718750
vt 0.187500 0.500000
vt 0.458333 0.906250
vt 0.750000 0.736254
vt 0.750000 0.513746
vt 0.625000 0.343750
vt 0.458333 0.312500
vt 0.187500 0.750000
vt 0.375000 0.312500
vt 0.250000 0.500000
vt 0.694373 0.513746
vt 0.458333 0.406250
vt 0.250000 0.750000
vt 0.625000 0.843750
vt 0.458333 0.812500
vt 0.375000 0.812500
vt 0.694373 0.736254
vt 0.312500 0.625000
vt 0.625000 0.750000
vt 0.625000 0.781250
vt 0.687500 0.500000
vt 0.375000 0.437500
vt 0.458333 0.468750
vt 0.625000 0.437500
vt 0.458333 0.375000
vt 0.458333 0.875000
vt 0.458333 0.625000
vt 0.458333 0.125000
vt 0.625000 0.250000
vt 0.625000 1.000000
vt 0.625000 0.000000
s 1
usemtl マテリアル
f 169/1/1 11/2/2 172/3/3
f 325/4/4 13/5/5 328/6/6
f 242/7/7 15/8/8 244/9/9
f 148/10/10 10/11/11 150/12/12
f 3/13/13 180/14/14 176/15/15
f 181/16/16 27/17/17 182/16/18
f 156/18/19 9/19/20 1/20/21
f 150/12/12 131/21/22 168/22/23
f 255/23/24 16/24/25 5/25/26
f 244/9/9 134/26/27 262/27/28
f 333/28/29 14/29/30 7/30/31
f 328/6/6 133/31/32 346/32/33
f 176/15/15 12/33/34 3/13/13
f 172/3/3 132/34/35 190/35/36
f 354/36/37 19/25/38 329/37/39
f 5/25/26 258/23/40 255/23/24
f 1/20/21 159/18/41 156/18/19
f 7/30/31 337/28/42 333/28/29
f 4/38/43 169/39/44 174/40/45
f 8/17/46 325/41/47 330/42/48
f 6/43/49 242/7/50 246/44/51
f 2/45/52 148/46/53 152/47/54
f 264/48/55 25/45/56 153/49/57
f 259/50/58 25/45/56 260/50/59
f 338/51/60 28/43/61 339/52/62
f 160/53/63 26/38/64 161/54/65
f 211/55/66 41/56/67 212/57/68
f 212/57/68 162/58/69 216/59/70
f 198/60/71 32/61/72 194/62/73
f 222/63/74 30/64/75 217/65/76
f 31/66/77 210/67/78 207/67/79
f 210/67/78 340/68/37 350/69/37
f 238/70/80 36/71/81 135/72/82
f 219/73/83 29/74/84 224/75/85
f 214/76/86 34/77/87 136/78/88
f 195/79/89 31/66/77 207/67/79
f 229/80/90 42/81/91 230/82/92
f 29/74/84 228/83/93 224/75/85
f 196/84/94 32/61/95 34/77/87
f 220/85/96 30/86/97 36/71/81
f 290/87/37 58/88/37 280/89/37
f 320/90/98 57/91/99 310/92/100
f 308/93/101 55/94/102 309/95/103
f 278/96/104 56/97/105 279/98/106
f 248/99/107 301/100/108 324/101/109
f 300/102/110 46/103/111 296/104/112
f 270/105/113 44/106/114 265/107/115
f 43/108/116 277/109/117 273/109/118
f 45/110/119 307/111/120 304/111/121
f 249/112/37 269/113/122 294/114/37
f 286/115/123 50/116/124 137/117/125
f 267/118/126 43/108/116 273/109/118
f 316/119/127 48/120/128 138/121/129
f 297/122/130 45/110/119 304/111/121
f 298/123/131 46/124/132 48/120/128
f 268/125/133 44/126/134 50/116/124
f 336/127/135 68/128/136 70/129/137
f 335/130/138 60/131/139 326/132/140
f 345/133/141 70/129/137 139/134/142
f 60/131/139 329/132/39 326/132/140
f 338/51/143 68/135/144 334/136/145
f 250/137/146 339/52/62 353/138/147
f 64/139/148 331/42/149 330/42/150
f 349/140/151 66/141/152 332/142/153
f 203/143/37 302/144/37 319/145/37
f 72/146/154 301/100/108 300/102/155
f 64/139/156 303/147/157 308/93/158
f 67/148/159 299/149/160 295/149/161
f 323/150/37 63/151/162 307/152/120
f 315/153/163 62/154/164 140/155/165
f 295/149/161 61/156/166 67/148/159
f 303/157/167 62/154/164 306/158/168
f 158/159/169 83/160/170 86/161/171
f 157/162/172 75/163/173 147/164/174
f 167/165/175 86/161/171 141/166/176
f 252/167/37 159/168/41 263/169/37
f 75/163/173 151/164/177 147/164/174
f 160/53/178 83/170/179 155/171/180
f 80/172/181 153/49/57 152/47/182
f 215/173/37 82/174/37 154/175/37
f 205/176/183 272/177/184 289/178/185
f 88/179/186 271/180/187 270/105/188
f 293/181/189 81/182/190 279/98/106
f 80/172/191 274/183/192 278/96/193
f 84/184/194 269/185/122 266/186/195
f 285/187/196 78/188/197 142/189/198
f 266/186/195 77/190/199 84/184/194
f 274/191/200 78/188/197 276/192/201
f 292/193/202 110/194/203 281/195/204
f 235/196/37 163/197/37 240/198/37
f 322/199/37 108/200/37 311/201/37
f 233/202/205 341/203/206 352/204/207
f 232/205/37 282/206/37 291/207/37
f 231/208/208 312/209/209 321/210/210
f 257/211/211 98/212/212 101/213/213
f 91/214/214 245/215/215 241/216/216
f 96/217/217 247/218/218 246/44/219
f 256/219/220 91/214/214 241/216/216
f 261/220/221 101/213/213 143/221/222
f 259/50/223 98/222/224 254/223/225
f 103/224/226 223/225/227 222/63/228
f 239/226/229 104/227/230 164/228/231
f 96/217/232 225/229/233 229/80/234
f 99/230/235 221/231/236 218/231/237
f 351/232/37 102/233/238 342/234/37
f 237/235/239 94/236/240 144/237/241
f 218/231/237 93/238/242 99/230/235
f 225/229/243 94/236/240 227/239/244
f 188/240/245 283/241/246 288/242/247
f 192/243/37 129/244/37 165/245/37
f 186/246/37 313/247/37 318/248/37
f 348/249/248 127/250/249 343/251/250
f 317/252/251 126/253/252 314/254/253
f 287/255/37 125/256/37 284/257/37
f 179/258/254 119/259/255 121/260/256
f 178/261/257 112/262/258 170/263/259
f 189/264/260 121/260/256 145/265/261
f 173/263/262 344/266/37 347/267/37
f 112/262/258 173/263/262 170/263/259
f 181/16/263 119/259/264 177/268/265
f 175/269/266 166/270/267 191/271/268
f 116/272/269 175/269/266 174/40/270
f 116/272/271 206/273/272 211/55/273
f 213/274/274 114/275/275 146/276/276
f 193/277/277 113/278/278 118/279/279
f 123/280/280 199/281/281 198/60/282
f 118/279/279 197/282/283 193/277/277
f 206/283/284 114/275/275 209/284/285
f 213/274/274 369/285/286 376/286/287
f 189/264/260 368/287/288 374/288/289
f 237/235/239 367/289/290 378/290/291
f 261/220/221 366/291/292 380/292/293
f 285/187/196 365/293/294 382/294/295
f 167/165/175 364/295/296 372/296/297
f 315/153/163 363/297/298 384/298/299
f 345/133/141 362/299/300 386/300/301
f 316/119/127 361/301/302 383/302/303
f 286/115/123 360/303/304 381/304/305
f 214/76/86 359/305/306 375/306/307
f 238/70/80 358/307/308 377/308/309
f 373/309/310 132/34/35 355/310/311
f 385/311/312 133/31/32 356/312/313
f 379/313/314 134/26/27 357/314/315
f 371/315/316 131/21/22 370/316/317
f 365/293/294 168/22/23 371/315/316
f 132/34/35 372/296/297 355/310/311
f 191/271/268 130/317/318 188/240/245
f 180/318/14 165/245/37 122/319/319
f 236/320/320 164/228/231 110/194/203
f 240/198/37 95/321/321 228/322/93
f 197/323/283 154/175/37 37/324/322
f 152/47/182 25/45/56 2/45/323
f 4/38/43 155/171/180 22/325/324
f 147/164/174 18/13/325 3/13/13
f 263/169/37 17/326/326 245/327/215
f 132/34/35 158/159/169 167/165/175
f 12/33/34 147/164/174 3/13/13
f 11/2/2 155/328/327 158/159/169
f 216/59/70 90/329/328 205/176/183
f 88/179/186 161/54/65 89/330/329
f 253/331/330 153/49/57 81/182/190
f 152/47/54 76/332/331 80/172/191
f 156/18/19 87/333/332 84/184/194
f 78/188/197 168/22/23 142/189/198
f 84/184/194 149/334/333 156/18/19
f 76/335/334 150/12/12 78/188/197
f 18/336/325 192/243/37 180/318/14
f 161/54/65 188/240/245 89/330/329
f 369/285/286 190/35/36 373/309/310
f 133/31/32 374/288/289 356/312/313
f 174/40/270 26/38/64 4/38/335
f 26/38/64 191/271/268 161/54/65
f 8/17/46 177/268/265 23/337/336
f 170/263/259 20/30/337 7/30/31
f 20/30/337 347/267/37 337/338/42
f 133/31/32 179/258/254 189/264/260
f 14/29/30 170/263/259 7/30/31
f 13/5/5 177/268/338 179/258/254
f 277/339/117 183/340/37 287/255/37
f 309/95/103 184/341/339 317/252/251
f 331/42/149 185/342/340 348/249/248
f 71/343/341 318/248/37 299/344/160
f 151/345/177 187/346/37 192/243/37
f 89/330/329 288/242/247 271/180/187
f 174/40/45 111/347/342 116/272/271
f 114/275/275 190/35/36 146/276/276
f 118/279/279 171/348/343 176/15/15
f 123/280/280 182/16/18 124/349/344
f 176/15/15 122/350/319 118/279/279
f 111/351/345 172/3/3 114/275/275
f 166/270/267 205/176/183 130/317/318
f 122/319/319 215/173/37 197/323/283
f 368/287/288 214/76/86 375/306/307
f 358/307/308 213/274/274 376/286/287
f 30/86/97 209/284/285 36/71/81
f 193/277/277 37/74/322 29/74/84
f 198/60/282 42/81/91 40/81/346
f 29/74/84 208/352/347 193/277/277
f 36/71/81 213/274/274 135/72/82
f 211/55/273 30/64/75 39/353/348
f 130/317/318 289/178/185 283/241/246
f 165/245/37 204/354/37 215/173/37
f 128/355/37 319/145/37 313/247/37
f 343/251/250 202/356/349 349/140/151
f 314/254/253 201/357/350 320/90/98
f 284/257/37 200/358/37 290/87/37
f 121/260/256 194/62/351 196/84/94
f 120/359/352 207/67/79 112/262/258
f 121/260/256 214/76/86 145/265/261
f 115/360/353 350/69/37 344/266/37
f 207/67/79 115/360/353 112/262/258
f 123/280/354 194/62/73 119/259/264
f 117/361/355 216/59/70 166/270/267
f 116/272/269 212/57/68 117/361/355
f 154/175/37 228/322/93 37/324/322
f 90/329/328 239/226/229 236/320/320
f 366/291/292 238/70/80 377/308/309
f 359/305/306 237/235/239 378/290/291
f 32/61/95 227/239/244 34/77/87
f 31/66/77 226/362/356 218/231/237
f 34/77/87 237/235/239 136/78/88
f 340/68/37 221/231/236 351/232/37
f 218/231/237 38/66/357 31/66/77
f 229/80/234 32/61/72 40/81/358
f 162/58/69 223/225/227 239/226/229
f 222/63/228 41/56/67 39/353/359
f 57/91/99 321/210/210 310/92/100
f 58/88/37 291/207/37 280/89/37
f 66/141/152 352/204/207 332/142/153
f 302/144/37 234/363/37 322/199/37
f 82/174/37 240/198/37 154/175/37
f 272/177/184 236/320/320 292/193/202
f 101/213/213 217/364/360 220/85/96
f 224/75/85 95/365/321 91/214/214
f 96/217/217 230/82/92 97/366/361
f 100/367/362 224/75/85 91/214/214
f 101/213/213 238/70/80 143/221/222
f 103/224/363 217/65/76 98/222/224
f 110/194/203 264/48/55 253/331/330
f 163/197/37 245/327/215 95/321/321
f 367/289/290 262/27/28 379/313/314
f 131/368/22 380/292/293 370/369/317
f 2/45/52 254/223/225 21/370/364
f 131/368/22 257/211/211 261/220/221
f 9/371/20 241/216/216 1/372/21
f 246/44/219 28/43/61 6/43/365
f 241/216/216 17/372/326 1/372/21
f 10/373/11 254/374/366 257/211/211
f 281/195/204 253/331/330 293/181/189
f 109/375/37 263/169/37 163/197/37
f 311/201/37 251/376/37 323/150/37
f 107/377/367 353/138/147 341/203/206
f 106/378/37 294/114/37 282/206/37
f 105/379/368 324/101/109 312/209/209
f 103/224/226 260/50/59 104/227/230
f 164/228/231 260/50/59 264/48/55
f 246/44/51 92/380/369 96/217/232
f 255/23/24 102/233/238 99/230/235
f 342/234/37 258/23/40 354/36/37
f 94/236/240 262/27/28 144/237/241
f 99/230/235 243/381/370 255/23/24
f 92/380/371 244/9/9 94/236/240
f 282/206/37 252/167/37 109/375/37
f 105/379/368 293/181/189 248/99/107
f 57/91/99 292/193/202 231/208/208
f 280/89/37 235/196/37 82/174/37
f 129/244/37 290/87/37 204/354/37
f 283/241/246 201/357/350 126/253/252
f 271/180/187 184/341/339 55/94/102
f 79/382/372 287/255/37 187/346/37
f 364/295/296 286/115/123 381/304/305
f 361/301/302 285/187/196 382/294/295
f 187/346/37 284/257/37 129/244/37
f 288/242/247 126/253/252 184/341/339
f 291/207/37 109/375/37 235/196/37
f 231/208/208 281/195/204 105/379/368
f 46/124/132 276/192/201 48/120/128
f 45/110/119 275/383/373 266/186/195
f 48/120/128 285/187/196 138/121/129
f 266/186/195 52/110/374 45/110/119
f 278/96/193 46/103/111 54/384/375
f 248/99/107 279/98/106 56/97/105
f 270/105/188 55/94/102 53/385/376
f 289/178/185 57/91/99 201/357/350
f 86/161/171 265/386/377 268/125/133
f 85/387/378 273/109/118 75/163/173
f 86/161/171 286/115/123 141/166/176
f 294/114/37 87/388/332 252/167/37
f 273/109/118 79/389/372 75/163/173
f 88/179/379 265/107/115 83/170/179
f 80/172/181 279/98/106 81/182/190
f 204/354/37 280/89/37 82/174/37
f 312/209/209 250/137/146 107/377/367
f 106/378/37 323/150/37 249/112/37
f 58/88/37 322/199/37 232/205/37
f 310/92/100 233/202/205 66/141/152
f 127/250/249 320/90/98 202/356/349
f 313/247/37 200/358/37 125/256/37
f 299/344/160 183/340/37 51/390/380
f 65/391/381 317/252/251 185/342/340
f 362/299/300 316/119/127 383/302/303
f 360/303/304 315/153/163 384/298/299
f 185/342/340 314/254/253 127/250/249
f 318/248/37 125/256/37 183/340/37
f 321/210/210 107/377/367 233/202/205
f 232/205/37 311/201/37 106/378/37
f 44/126/134 306/158/168 50/116/124
f 43/108/116 305/392/382 295/149/161
f 50/116/124 315/153/163 137/117/125
f 249/112/37 307/152/120 52/393/374
f 295/149/161 51/108/380 43/108/116
f 308/93/158 44/106/114 53/385/383
f 300/102/155 56/97/105 54/384/384
f 319/145/37 58/88/37 200/358/37
f 70/129/137 296/394/385 298/123/131
f 69/395/386 304/111/121 60/131/139
f 70/129/137 316/119/127 139/134/142
f 304/111/121 63/396/162 60/131/139
f 72/146/387 296/104/112 68/135/144
f 324/101/109 73/397/388 250/137/146
f 64/139/148 309/95/103 65/391/381
f 202/356/349 310/92/100 66/141/152
f 108/200/37 354/36/37 251/376/37
f 341/203/206 247/218/218 97/366/361
f 332/142/153 230/82/92 42/81/91
f 74/398/37 351/232/37 234/363/37
f 344/266/37 203/143/37 128/355/37
f 124/349/344 349/140/151 199/281/281
f 27/17/17 348/249/248 182/16/18
f 337/338/42 186/246/37 71/343/341
f 363/297/298 346/32/33 385/311/312
f 134/26/27 386/300/301 357/314/315
f 347/267/37 128/355/37 186/246/37
f 182/16/18 343/251/250 124/349/344
f 234/363/37 342/234/37 108/200/37
f 352/204/207 97/366/361 230/82/92
f 199/281/281 332/142/153 42/81/91
f 330/42/150 27/17/17 8/17/389
f 353/138/147 28/43/61 247/218/218
f 6/43/49 334/136/145 24/399/390
f 326/132/140 19/25/38 5/25/26
f 134/26/27 336/127/135 345/133/141
f 16/24/25 326/132/140 5/25/26
f 15/8/8 334/400/391 336/127/135
f 350/69/37 74/398/37 203/143/37
f 72/146/154 339/52/62 73/397/388
f 330/42/48 59/401/392 64/139/156
f 333/28/29 71/402/341 67/148/159
f 251/376/37 329/37/39 63/151/162
f 62/154/164 346/32/33 140/155/165
f 67/148/159 327/403/393 333/28/29
f 59/404/394 328/6/6 62/154/164
f 357/314/315 335/130/138 16/24/25
f 61/156/166 385/311/312 327/403/393
f 49/405/395 384/298/299 305/392/382
f 362/299/300 297/122/130 69/395/386
f 47/406/396 382/294/295 275/383/373
f 364/295/296 267/118/126 85/387/378
f 370/369/317 256/219/220 9/371/20
f 93/238/242 379/313/314 243/381/370
f 33/407/397 378/290/291 226/362/356
f 366/291/292 219/73/83 100/367/362
f 35/408/398 376/286/287 208/352/347
f 368/287/288 195/79/89 120/359/352
f 356/312/313 178/261/257 14/29/30
f 113/278/278 373/309/310 171/348/343
f 355/310/311 157/162/172 12/33/34
f 77/190/199 371/315/316 149/334/333
f 149/334/333 370/316/317 9/19/20
f 243/381/370 357/314/315 16/24/25
f 327/403/393 356/312/313 14/29/30
f 171/348/343 355/310/311 12/33/34
f 377/308/309 35/408/398 219/73/83
f 375/306/307 33/407/397 195/79/89
f 381/304/305 49/405/395 267/118/126
f 383/302/303 47/406/396 297/122/130
f 386/300/301 69/395/386 335/130/138
f 305/392/382 363/297/298 61/156/166
f 372/296/297 85/387/378 157/162/172
f 275/383/373 365/293/294 77/190/199
f 380/292/293 100/367/362 256/219/220
f 226/362/356 367/289/290 93/238/242
f 374/288/289 120/359/352 178/261/257
f 208/352/347 369/285/286 113/278/278
f 169/1/1 22/409/399 11/2/2
f 325/4/4 23/337/400 13/5/5
f 242/7/7 24/399/401 15/8/8
f 148/10/10 21/410/402 10/11/11
f 3/13/13 18/13/325 180/14/14
f 181/16/16 8/17/389 27/17/17
f 156/18/19 149/334/333 9/19/20
f 150/12/12 10/11/11 131/21/22
f 255/23/24 243/381/370 16/24/25
f 244/9/9 15/8/8 134/26/27
f 333/28/29 327/403/393 14/29/30
f 328/6/6 13/5/5 133/31/32
f 176/15/15 171/348/343 12/33/34
f 172/3/3 11/2/2 132/34/35
f 354/36/37 258/23/40 19/25/38
f 5/25/26 19/25/38 258/23/40
f 1/20/21 17/20/326 159/18/41
f 7/30/31 20/30/337 337/28/42
f 4/38/43 22/325/324 169/39/44
f 8/17/46 23/337/336 325/41/47
f 6/43/49 24/399/390 242/7/50
f 2/45/52 21/370/364 148/46/53
f 264/48/55 260/50/59 25/45/56
f 259/50/58 2/45/323 25/45/56
f 338/51/60 6/43/365 28/43/61
f 160/53/63 4/38/335 26/38/64
f 211/55/66 39/353/359 41/56/67
f 212/57/68 41/56/67 162/58/69
f 198/60/71 40/81/358 32/61/72
f 222/63/74 39/353/348 30/64/75
f 31/66/77 38/66/357 210/67/78
f 210/67/78 38/66/357 340/68/37
f 238/70/80 220/85/96 36/71/81
f 219/73/83 35/408/398 29/74/84
f 214/76/86 196/84/94 34/77/87
f 195/79/89 33/407/397 31/66/77
f 229/80/90 40/81/346 42/81/91
f 29/74/84 37/74/322 228/83/93
f 196/84/94 194/62/351 32/61/95
f 220/85/96 217/364/360 30/86/97
f 290/87/37 200/358/37 58/88/37
f 320/90/98 201/357/350 57/91/99
f 308/93/101 53/385/376 55/94/102
f 278/96/104 54/384/384 56/97/105
f 248/99/107 56/97/105 301/100/108
f 300/102/110 54/384/375 46/103/111
f 270/105/113 53/385/383 44/106/114
f 43/108/116 51/108/380 277/109/117
f 45/110/119 52/110/374 307/111/120
f 249/112/37 52/393/374 269/113/122
f 286/115/123 268/125/133 50/116/124
f 267/118/126 49/405/395 43/108/116
f 316/119/127 298/123/131 48/120/128
f 297/122/130 47/406/396 45/110/119
f 298/123/131 296/394/385 46/124/132
f 268/125/133 265/386/377 44/126/134
f 336/127/135 334/400/391 68/128/136
f 335/130/138 69/395/386 60/131/139
f 345/133/141 336/127/135 70/129/137
f 60/131/139 63/396/162 329/132/39
f 338/51/143 72/146/387 68/135/144
f 250/137/146 73/397/388 339/52/62
f 64/139/148 65/391/381 331/42/149
f 349/140/151 202/356/349 66/141/152
f 203/143/37 74/398/37 302/144/37
f 72/146/154 73/397/388 301/100/108
f 64/139/156 59/401/392 303/147/157
f 67/148/159 71/402/341 299/149/160
f 323/150/37 251/376/37 63/151/162
f 315/153/163 306/158/168 62/154/164
f 295/149/161 305/392/382 61/156/166
f 303/157/167 59/404/394 62/154/164
f 158/159/169 155/328/327 83/160/170
f 157/162/172 85/387/378 75/163/173
f 167/165/175 158/159/169 86/161/171
f 252/167/37 87/388/332 159/168/41
f 75/163/173 79/389/372 151/164/177
f 160/53/178 88/179/379 83/170/179
f 80/172/181 81/182/190 153/49/57
f 215/173/37 204/354/37 82/174/37
f 205/176/183 90/329/328 272/177/184
f 88/179/186 89/330/329 271/180/187
f 293/181/189 253/331/330 81/182/190
f 80/172/191 76/332/331 274/183/192
f 84/184/194 87/333/332 269/185/122
f 285/187/196 276/192/201 78/188/197
f 266/186/195 275/383/373 77/190/199
f 274/191/200 76/335/334 78/188/197
f 292/193/202 236/320/320 110/194/203
f 235/196/37 109/375/37 163/197/37
f 322/199/37 234/363/37 108/200/37
f 233/202/205 107/377/367 341/203/206
f 232/205/37 106/378/37 282/206/37
f 231/208/208 105/379/368 312/209/209
f 257/211/211 254/374/366 98/212/212
f 91/214/214 95/365/321 245/215/215
f 96/217/217 97/366/361 247/218/218
f 256/219/220 100/367/362 91/214/214
f 261/220/221 257/211/211 101/213/213
f 259/50/223 103/224/363 98/222/224
f 103/224/226 104/227/230 223/225/227
f 239/226/229 223/225/227 104/227/230
f 96/217/232 92/380/369 225/229/233
f 99/230/235 102/233/238 221/231/236
f 351/232/37 221/231/236 102/233/238
f 237/235/239 227/239/244 94/236/240
f 218/231/237 226/362/356 93/238/242
f 225/229/243 92/380/371 94/236/240
f 188/240/245 130/317/318 283/241/246
f 192/243/37 187/346/37 129/244/37
f 186/246/37 128/355/37 313/247/37
f 348/249/248 185/342/340 127/250/249
f 317/252/251 184/341/339 126/253/252
f 287/255/37 183/340/37 125/256/37
f 179/258/254 177/268/338 119/259/255
f 178/261/257 120/359/352 112/262/258
f 189/264/260 179/258/254 121/260/256
f 173/263/262 115/360/353 344/266/37
f 112/262/258 115/360/353 173/263/262
f 181/16/263 123/280/354 119/259/264
f 175/269/266 117/361/355 166/270/267
f 116/272/269 117/361/355 175/269/266
f 116/272/271 111/347/342 206/273/272
f 213/274/274 209/284/285 114/275/275
f 193/277/277 208/352/347 113/278/278
f 123/280/280 124/349/344 199/281/281
f 118/279/279 122/350/319 197/282/283
f 206/283/284 111/351/345 114/275/275
f 213/274/274 146/276/276 369/285/286
f 189/264/260 145/265/261 368/287/288
f 237/235/239 144/237/241 367/289/290
f 261/220/221 143/221/222 366/291/292
f 285/187/196 142/189/198 365/293/294
f 167/165/175 141/166/176 364/295/296
f 315/153/163 140/155/165 363/297/298
f 345/133/141 139/134/142 362/299/300
f 316/119/127 138/121/129 361/301/302
f 286/115/123 137/117/125 360/303/304
f 214/76/86 136/78/88 359/305/306
f 238/70/80 135/72/82 358/307/308
f 373/309/310 190/35/36 132/34/35
f 385/311/312 346/32/33 133/31/32
f 379/313/314 262/27/28 134/26/27
f 371/315/316 168/22/23 131/21/22
f 365/293/294 142/189/198 168/22/23
f 132/34/35 167/165/175 372/296/297
f 191/271/268 166/270/267 130/317/318
f 180/318/14 192/243/37 165/245/37
f 236/320/320 239/226/229 164/228/231
f 240/198/37 163/197/37 95/321/321
f 197/323/283 215/173/37 154/175/37
f 152/47/182 153/49/57 25/45/56
f 4/38/43 160/53/178 155/171/180
f 147/164/174 151/164/177 18/13/325
f 263/169/37 159/168/41 17/326/326
f 132/34/35 11/2/2 158/159/169
f 12/33/34 157/162/172 147/164/174
f 11/2/2 22/409/399 155/328/327
f 216/59/70 162/58/69 90/329/328
f 88/179/186 160/53/63 161/54/65
f 253/331/330 264/48/55 153/49/57
f 152/47/54 148/46/53 76/332/331
f 156/18/19 159/18/41 87/333/332
f 78/188/197 150/12/12 168/22/23
f 84/184/194 77/190/199 149/334/333
f 76/335/334 148/10/10 150/12/12
f 18/336/325 151/345/177 192/243/37
f 161/54/65 191/271/268 188/240/245
f 369/285/286 146/276/276 190/35/36
f 133/31/32 189/264/260 374/288/289
f 174/40/270 175/269/266 26/38/64
f 26/38/64 175/269/266 191/271/268
f 8/17/46 181/16/263 177/268/265
f 170/263/259 173/263/262 20/30/337
f 20/30/337 173/263/262 347/267/37
f 133/31/32 13/5/5 179/258/254
f 14/29/30 178/261/257 170/263/259
f 13/5/5 23/337/400 177/268/338
f 277/339/117 51/390/380 183/340/37
f 309/95/103 55/94/102 184/341/339
f 331/42/149 65/391/381 185/342/340
f 71/343/341 186/246/37 318/248/37
f 151/345/177 79/382/372 187/346/37
f 89/330/329 188/240/245 288/242/247
f 174/40/45 169/39/44 111/347/342
f 114/275/275 172/3/3 190/35/36
f 118/279/279 113/278/278 171/348/343
f 123/280/280 181/16/16 182/16/18
f 176/15/15 180/14/14 122/350/319
f 111/351/345 169/1/1 172/3/3
f 166/270/267 216/59/70 205/176/183
f 122/319/319 165/245/37 215/173/37
f 368/287/288 145/265/261 214/76/86
f 358/307/308 135/72/82 213/274/274
f 30/86/97 206/283/284 209/284/285
f 193/277/277 197/282/283 37/74/322
f 198/60/282 199/281/281 42/81/91
f 29/74/84 35/408/398 208/352/347
f 36/71/81 209/284/285 213/274/274
f 211/55/273 206/273/272 30/64/75
f 130/317/318 205/176/183 289/178/185
f 165/245/37 129/244/37 204/354/37
f 128/355/37 203/143/37 319/145/37
f 343/251/250 127/250/249 202/356/349
f 314/254/253 126/253/252 201/357/350
f 284/257/37 125/256/37 200/358/37
f 121/260/256 119/259/255 194/62/351
f 120/359/352 195/79/89 207/67/79
f 121/260/256 196/84/94 214/76/86
f 115/360/353 210/67/78 350/69/37
f 207/67/79 210/67/78 115/360/353
f 123/280/354 198/60/71 194/62/73
f 117/361/355 212/57/68 216/59/70
f 116/272/269 211/55/66 212/57/68
f 154/175/37 240/198/37 228/322/93
f 90/329/328 162/58/69 239/226/229
f 366/291/292 143/221/222 238/70/80
f 359/305/306 136/78/88 237/235/239
f 32/61/95 225/229/243 227/239/244
f 31/66/77 33/407/397 226/362/356
f 34/77/87 227/239/244 237/235/239
f 340/68/37 38/66/357 221/231/236
f 218/231/237 221/231/236 38/66/357
f 229/80/234 225/229/233 32/61/72
f 162/58/69 41/56/67 223/225/227
f 222/63/228 223/225/227 41/56/67
f 57/91/99 231/208/208 321/210/210
f 58/88/37 232/205/37 291/207/37
f 66/141/152 233/202/205 352/204/207
f 302/144/37 74/398/37 234/363/37
f 82/174/37 235/196/37 240/198/37
f 272/177/184 90/329/328 236/320/320
f 101/213/213 98/212/212 217/364/360
f 224/75/85 228/83/93 95/365/321
f 96/217/217 229/80/90 230/82/92
f 100/367/362 219/73/83 224/75/85
f 101/213/213 220/85/96 238/70/80
f 103/224/363 222/63/74 217/65/76
f 110/194/203 164/228/231 264/48/55
f 163/197/37 263/169/37 245/327/215
f 367/289/290 144/237/241 262/27/28
f 131/368/22 261/220/221 380/292/293
f 2/45/52 259/50/223 254/223/225
f 131/368/22 10/373/11 257/211/211
f 9/371/20 256/219/220 241/216/216
f 246/44/219 247/218/218 28/43/61
f 241/216/216 245/215/215 17/372/326
f 10/373/11 21/411/402 254/374/366
f 281/195/204 110/194/203 253/331/330
f 109/375/37 252/167/37 263/169/37
f 311/201/37 108/200/37 251/376/37
f 107/377/367 250/137/146 353/138/147
f 106/378/37 249/112/37 294/114/37
f 105/379/368 248/99/107 324/101/109
f 103/224/226 259/50/58 260/50/59
f 164/228/231 104/227/230 260/50/59
f 246/44/51 242/7/50 92/380/369
f 255/23/24 258/23/40 102/233/238
f 342/234/37 102/233/238 258/23/40
f 94/236/240 244/9/9 262/27/28
f 99/230/235 93/238/242 243/381/370
f 92/380/371 242/7/7 244/9/9
f 282/206/37 294/114/37 252/167/37
f 105/379/368 281/195/204 293/181/189
f 57/91/99 272/177/184 292/193/202
f 280/89/37 291/207/37 235/196/37
f 129/244/37 284/257/37 290/87/37
f 283/241/246 289/178/185 201/357/350
f 271/180/187 288/242/247 184/341/339
f 79/382/372 277/339/117 287/255/37
f 364/295/296 141/166/176 286/115/123
f 361/301/302 138/121/129 285/187/196
f 187/346/37 287/255/37 284/257/37
f 288/242/247 283/241/246 126/253/252
f 291/207/37 282/206/37 109/375/37
f 231/208/208 292/193/202 281/195/204
f 46/124/132 274/191/200 276/192/201
f 45/110/119 47/406/396 275/383/373
f 48/120/128 276/192/201 285/187/196
f 266/186/195 269/185/122 52/110/374
f 278/96/193 274/183/192 46/103/111
f 248/99/107 293/181/189 279/98/106
f 270/105/188 271/180/187 55/94/102
f 289/178/185 272/177/184 57/91/99
f 86/161/171 83/160/170 265/386/377
f 85/387/378 267/118/126 273/109/118
f 86/161/171 268/125/133 286/115/123
f 294/114/37 269/113/122 87/388/332
f 273/109/118 277/109/117 79/389/372
f 88/179/379 270/105/113 265/107/115
f 80/172/181 278/96/104 279/98/106
f 204/354/37 290/87/37 280/89/37
f 312/209/209 324/101/109 250/137/146
f 106/378/37 311/201/37 323/150/37
f 58/88/37 302/144/37 322/199/37
f 310/92/100 321/210/210 233/202/205
f 127/250/249 314/254/253 320/90/98
f 313/247/37 319/145/37 200/358/37
f 299/344/160 318/248/37 183/340/37
f 65/391/381 309/95/103 317/252/251
f 362/299/300 139/134/142 316/119/127
f 360/303/304 137/117/125 315/153/163
f 185/342/340 317/252/251 314/254/253
f 318/248/37 313/247/37 125/256/37
f 321/210/210 312/209/209 107/377/367
f 232/205/37 322/199/37 311/201/37
f 44/126/134 303/157/167 306/158/168
f 43/108/116 49/405/395 305/392/382
f 50/116/124 306/158/168 315/153/163
f 249/112/37 323/150/37 307/152/120
f 295/149/161 299/149/160 51/108/380
f 308/93/158 303/147/157 44/106/114
f 300/102/155 301/100/108 56/97/105
f 319/145/37 302/144/37 58/88/37
f 70/129/137 68/128/136 296/394/385
f 69/395/386 297/122/130 304/111/121
f 70/129/137 298/123/131 316/119/127
f 304/111/121 307/111/120 63/396/162
f 72/146/387 300/102/110 296/104/112
f 324/101/109 301/100/108 73/397/388
f 64/139/148 308/93/101 309/95/103
f 202/356/349 320/90/98 310/92/100
f 108/200/37 342/234/37 354/36/37
f 341/203/206 353/138/147 247/218/218
f 332/142/153 352/204/207 230/82/92
f 74/398/37 340/68/37 351/232/37
f 344/266/37 350/69/37 203/143/37
f 124/349/344 343/251/250 349/140/151
f 27/17/17 331/42/149 348/249/248
f 337/338/42 347/267/37 186/246/37
f 363/297/298 140/155/165 346/32/33
f 134/26/27 345/133/141 386/300/301
f 347/267/37 344/266/37 128/355/37
f 182/16/18 348/249/248 343/251/250
f 234/363/37 351/232/37 342/234/37
f 352/204/207 341/203/206 97/366/361
f 199/281/281 349/140/151 332/142/153
f 330/42/150 331/42/149 27/17/17
f 353/138/147 339/52/62 28/43/61
f 6/43/49 338/51/143 334/136/145
f 326/132/140 329/132/39 19/25/38
f 134/26/27 15/8/8 336/127/135
f 16/24/25 335/130/138 326/132/140
f 15/8/8 24/399/401 334/400/391
f 350/69/37 340/68/37 74/398/37
f 72/146/154 338/51/60 339/52/62
f 330/42/48 325/41/47 59/401/392
f 333/28/29 337/28/42 71/402/341
f 251/376/37 354/36/37 329/37/39
f 62/154/164 328/6/6 346/32/33
f 67/148/159 61/156/166 327/403/393
f 59/404/394 325/4/4 328/6/6
f 357/314/315 386/300/301 335/130/138
f 61/156/166 363/297/298 385/311/312
f 49/405/395 360/303/304 384/298/299
f 362/299/300 383/302/303 297/122/130
f 47/406/396 361/301/302 382/294/295
f 364/295/296 381/304/305 267/118/126
f 370/369/317 380/292/293 256/219/220
f 93/238/242 367/289/290 379/313/314
f 33/407/397 359/305/306 378/290/291
f 366/291/292 377/308/309 219/73/83
f 35/408/398 358/307/308 376/286/287
f 368/287/288 375/306/307 195/79/89
f 356/312/313 374/288/289 178/261/257
f 113/278/278 369/285/286 373/309/310
f 355/310/311 372/296/297 157/162/172
f 77/190/199 365/293/294 371/315/316
f 149/334/333 371/315/316 370/316/317
f 243/381/370 379/313/314 357/314/315
f 327/403/393 385/311/312 356/312/313
f 171/348/343 373/309/310 355/310/311
f 377/308/309 358/307/308 35/408/398
f 375/306/307 359/305/306 33/407/397
f 381/304/305 360/303/304 49/405/395
f 383/302/303 361/301/302 47/406/396
f 386/300/301 362/299/300 69/395/386
f 305/392/382 384/298/299 363/297/298
f 372/296/297 364/295/296 85/387/378
f 275/383/373 382/294/295 365/293/294
f 380/292/293 366/291/292 100/367/362
f 226/362/356 378/290/291 367/289/290
f 374/288/289 368/287/288 120/359/352
f 208/352/347 376/286/287 369/285/286
o 立方体.002_cell
v 0.079912 0.045452 0.117041
v 0.074448 0.045361 0.109204
v 0.100208 0.045441 0.101351
v 0.093848 0.045361 0.095053
v 0.093865 0.033834 0.095176
v 0.066948 0.045452 0.122673
v 0.066080 0.045361 0.113027
v 0.065467 0.027100 0.106562
v 0.075896 0.026440 0.100064
v 0.074756 0.031571 0.095067
v 0.070725 0.026343 0.103586
v 0.088331 0.036359 0.089996
v 0.068035 0.031406 0.099795
v 0.100208 0.045441 0.101351
v 0.100208 0.045441 0.101351
v 0.093848 0.045361 0.095053
v 0.093848 0.045361 0.095053
v 0.066948 0.045452 0.122673
v 0.066948 0.045452 0.122673
v 0.066080 0.045361 0.113027
v 0.066080 0.045361 0.113027
v 0.065467 0.027100 0.106562
v 0.075896 0.026440 0.100064
v 0.070725 0.026343 0.103586
v 0.074756 0.031571 0.095067
v 0.088331 0.036359 0.089996
v 0.079912 0.045452 0.117041
v 0.074448 0.045361 0.109204
v 0.093865 0.033834 0.095176
v 0.068035 0.031406 0.099795
vn 0.6937 -0.0067 -0.7202
vn -0.9942 0.0640 -0.0865
vn -0.4158 -0.6784 -0.6057
vn 0.0942 -0.7649 -0.6372
vn 0.4554 -0.6324 0.6266
vn 0.3839 -0.6394 0.6662
vn 0.3825 -0.6394 0.6669
vn 0.3055 -0.6420 0.7032
vn -0.0040 1.0000 -0.0090
vn -0.0047 1.0000 -0.0082
vn -0.0047 1.0000 -0.0083
vn -0.0054 1.0000 -0.0076
vn -0.4258 0.6320 -0.6475
vn -0.3238 0.6267 -0.7088
vn -0.3933 0.6313 -0.6684
vn -0.4567 0.6318 -0.6263
vt 0.689790 0.689790
vt 0.743064 0.000000
vt 0.776295 0.000000
vt 0.743876 0.432413
vt 0.520969 0.166409
vt 0.468828 0.000000
vt 0.529384 0.000000
vt 0.604954 0.229656
vt 1.000000 0.246404
vt 0.655433 0.059058
vt 0.550009 0.000000
vt 0.623568 0.000000
vt 1.000000 0.204063
vt 0.246404 0.246404
vt 0.204063 0.204063
vt 0.161770 0.000000
vt 0.197350 0.000000
vt 0.618390 0.751195
vt 0.625000 0.750964
vt 0.625000 0.781250
vt 0.614128 0.781250
vt 0.614183 0.772944
vt 0.625000 0.797525
vt 0.614231 0.783664
vt 0.672525 0.750000
vt 0.656250 0.750000
vt 0.666559 0.736254
vt 0.676703 0.736254
vt 0.639710 0.736254
vt 0.627614 0.748337
vt 0.670816 0.736254
vt 0.640174 0.736254
vt 0.656478 0.736254
s 0
usemtl マテリアル
f 400/412/403 415/413/403 412/414/403 402/415/403
f 406/416/404 399/417/404 408/418/404 404/419/404
f 409/420/405 410/421/405 408/422/405 399/423/405 411/424/405
f 409/425/406 411/426/406 412/427/406 415/428/406
s 1
f 391/429/407 401/430/407 413/431/408 397/432/409 395/433/407
f 397/432/409 413/431/408 405/434/410 394/435/410
f 392/436/411 387/437/412 414/438/413 407/439/411
f 403/440/414 414/438/413 387/437/412 389/441/414
f 416/442/415 393/439/416 388/438/417
f 416/438/415 388/438/417 390/440/418 398/443/418 396/444/418
o 立方体.002_cell.001
v 0.028536 0.045452 -0.136179
v 0.026713 0.045361 -0.127932
v 0.012471 0.013785 -0.111233
v 0.012180 0.018740 -0.107980
v 0.010898 -0.007982 -0.093208
v 0.010571 -0.004277 -0.089530
v 0.025704 -0.008448 -0.090018
v 0.019231 -0.008762 -0.091784
v 0.018412 -0.004942 -0.088151
v 0.024548 -0.000987 -0.089459
v 0.027366 -0.004194 -0.093209
v 0.046558 0.045452 -0.130515
v 0.041604 0.045361 -0.122979
v 0.014141 0.041675 -0.126323
v 0.017977 0.045361 -0.128887
v 0.021548 0.045452 -0.136826
v 0.014692 0.038976 -0.132054
v 0.010571 -0.004277 -0.089530
v 0.018412 -0.004942 -0.088151
v 0.012471 0.013785 -0.111233
v 0.010898 -0.007982 -0.093208
v 0.019231 -0.008762 -0.091784
v 0.012180 0.018740 -0.107980
v 0.025704 -0.008448 -0.090018
v 0.027366 -0.004194 -0.093209
v 0.024548 -0.000987 -0.089459
v 0.046558 0.045452 -0.130515
v 0.046558 0.045452 -0.130515
v 0.041604 0.045361 -0.122979
v 0.041604 0.045361 -0.122979
v 0.014141 0.041675 -0.126323
v 0.017977 0.045361 -0.128887
v 0.017977 0.045361 -0.128887
v 0.021548 0.045452 -0.136826
v 0.021548 0.045452 -0.136826
v 0.014692 0.038976 -0.132054
v 0.026713 0.045361 -0.127932
v 0.028536 0.045452 -0.136179
vn -0.9961 -0.0008 -0.0879
vn -0.1748 -0.6990 0.6935
vn 0.4911 0.0109 0.8710
vn 0.8317 0.0901 0.5478
vn -0.7597 0.5572 -0.3354
vn -0.9951 0.0063 -0.0985
vn -0.0011 0.9999 0.0109
vn -0.0022 0.9999 0.0105
vn -0.0033 0.9999 0.0101
vn -0.0841 0.6267 0.7747
vn -0.1442 0.6284 0.7644
vn -0.1653 0.6284 0.7601
vn 0.1525 -0.6417 -0.7516
vn 0.1515 -0.6417 -0.7518
vn 0.2306 -0.6399 -0.7330
vn 0.0710 -0.6392 -0.7657
vn -0.2460 0.6259 0.7401
vt 0.300384 0.000000
vt 1.000000 0.793454
vt 1.000000 0.824006
vt 0.271009 0.000000
vt 0.756568 0.756568
vt 0.888005 0.415549
vt 1.000000 0.152129
vt 0.916972 0.471668
vt 0.792560 0.792560
vt 1.000000 0.824534
vt 0.277876 0.277876
vt 0.152129 0.152129
vt 1.000000 0.793368
vt 0.841853 0.084016
vt 0.875752 0.178647
vt 0.824534 0.824534
vt 0.793368 0.793368
vt 0.888384 0.540662
vt 0.801040 0.468833
vt 1.000000 0.512465
vt 1.000000 0.564123
vt 1.000000 0.728991
vt 0.564123 0.564123
vt 0.512465 0.512465
vt 1.000000 0.699616
vt 0.731283 0.513746
vt 0.722187 0.513746
vt 0.718750 0.500000
vt 0.726403 0.500000
vt 0.705480 0.513746
vt 0.697484 0.500000
vt 0.734809 0.513746
vt 0.733983 0.513746
vt 0.731283 0.513746
vt 0.734945 0.513746
vt 0.594155 0.406250
vt 0.625000 0.406250
vt 0.625000 0.427516
vt 0.596754 0.418633
vt 0.594334 0.417462
vt 0.594598 0.392591
vt 0.606984 0.391890
vt 0.621315 0.391732
vt 0.625000 0.398597
vt 0.714514 0.513746
vt 0.713544 0.513746
s 0
usemtl マテリアル
f 436/445/419 437/446/419 434/447/419 439/448/419
f 437/449/420 438/450/420 440/451/420 435/452/420 434/453/420
f 442/454/421 435/455/421 440/456/421 441/457/421
f 443/458/422 445/459/422 442/460/422 441/461/422
f 448/462/423 450/463/423 452/464/423 447/465/423
f 439/466/424 447/467/424 452/468/424 436/469/424
s 1
f 449/470/425 453/471/426 454/472/426 451/473/425
f 454/472/426 453/471/426 446/474/427 444/475/427
f 420/476/428 422/477/428 425/471/429 418/471/430 431/478/428 430/479/428
f 424/480/431 417/481/432 428/482/433 427/483/433 423/484/433
f 417/481/432 424/480/431 421/485/434 419/486/434 433/487/434 432/488/434
f 429/474/435 418/471/430 425/489/429 426/490/435
o 立方体.002_cell.002
v 0.033341 -0.078821 0.010569
v 0.033225 -0.080783 -0.002427
v 0.032533 -0.077149 0.016817
v 0.027832 -0.079532 0.021529
v 0.020794 -0.084892 0.015423
v 0.018147 -0.091964 0.007809
v 0.019358 -0.096594 0.005709
v 0.017408 -0.093923 -0.000000
vn -0.3555 0.8057 -0.4737
vn -0.7201 0.6858 0.1055
vn 0.4540 0.6327 -0.6273
vn -0.5960 0.1976 0.7783
vn -0.9999 -0.0152 -0.0006
vn -0.7625 0.6384 0.1049
vt 0.638746 0.625000
vt 0.638746 0.652813
vt 0.638746 0.652814
vt 0.546511 0.700154
vt 0.545368 0.687500
vt 0.555246 0.698925
vt 0.554345 0.718750
vt 0.548786 0.718750
vt 0.638746 0.680627
vt 0.638746 0.692384
vt 0.638746 0.708441
vt 0.638746 0.707218
vt 0.638746 0.674731
vt 0.638746 0.680627
vt 0.554295 0.671964
vt 0.554794 0.687500
vt 0.543962 0.656250
s 1
usemtl マテリアル
f 462/491/437 461/492/441 455/493/436 456/491/437
f 460/494/440 461/495/441 457/496/438 458/497/439 459/498/439
f 457/499/438 460/500/440 459/501/439 458/502/439
f 455/493/436 461/503/441 460/504/440 457/499/438
f 455/505/436 457/506/438 461/507/441
o 立方体.002_cell.003
v -0.006248 -0.106105 0.003595
v -0.013953 -0.092794 0.013953
v -0.017934 -0.083462 0.026274
v -0.024721 -0.074952 0.030362
v -0.014071 -0.084513 0.021945
v -0.023935 -0.078707 0.026999
v -0.020327 -0.080195 0.022005
v -0.022349 -0.085060 0.021127
v -0.018097 -0.088488 0.014159
v -0.015507 -0.098478 0.010988
v -0.013707 -0.095627 0.006769
v -0.010104 -0.093023 0.020965
v -0.008845 -0.099708 0.015400
v -0.008287 -0.116451 0.012564
v -0.006959 -0.098267 0.006959
v -0.009223 -0.097963 0.002164
v -0.011492 -0.108179 0.011492
v -0.017934 -0.083462 0.026274
v -0.017934 -0.083462 0.026274
v -0.017934 -0.083462 0.026274
v -0.024721 -0.074952 0.030362
v -0.023935 -0.078707 0.026999
v -0.023935 -0.078707 0.026999
v -0.023935 -0.078707 0.026999
v -0.020327 -0.080195 0.022005
v -0.014071 -0.084513 0.021945
v -0.022349 -0.085060 0.021127
v -0.018097 -0.088488 0.014159
v -0.013953 -0.092794 0.013953
v -0.013707 -0.095627 0.006769
v -0.013707 -0.095627 0.006769
v -0.013707 -0.095627 0.006769
v -0.015507 -0.098478 0.010988
v -0.015507 -0.098478 0.010988
v -0.015507 -0.098478 0.010988
v -0.010104 -0.093023 0.020965
v -0.006959 -0.098267 0.006959
v -0.008845 -0.099708 0.015400
v -0.008287 -0.116451 0.012564
v -0.009223 -0.097963 0.002164
v -0.011492 -0.108179 0.011492
vn 0.4389 0.6487 -0.6217
vn 0.7490 0.2801 0.6004
vn 0.8813 0.2517 -0.4001
vn -0.7555 -0.3432 -0.5580
vn -0.4698 -0.6628 0.5831
vn -0.4766 -0.3833 0.7912
vn -0.6358 -0.4850 0.6005
vn -0.3053 0.1821 0.9347
vn -0.4600 -0.6623 0.5914
vn 0.5164 0.7069 -0.4834
vn 0.7035 0.6156 -0.3551
vn 0.5556 0.7124 -0.4286
vn -0.2364 0.8069 -0.5413
vn 0.3708 0.9285 -0.0173
vn 0.8055 0.5824 0.1094
vn -0.6003 -0.1727 0.7809
vn 0.3647 0.9241 -0.1137
vn 0.3220 0.8526 0.4116
vn 0.7261 -0.3133 0.6121
vn 0.3430 0.6549 -0.6734
vn 0.9259 -0.3395 0.1656
vn -0.6848 0.3952 -0.6123
vn 0.6928 0.6786 -0.2439
vn -0.8923 -0.0910 -0.4422
vn -0.7294 -0.3631 -0.5798
vn 0.9761 -0.0043 0.2171
vt 1.000000 0.587617
vt 0.900447 0.100460
vt 1.000000 0.468160
vt 1.000000 0.125824
vt 1.000000 0.155029
vt 0.755116 0.000000
vt 0.000000 0.000000
vt 0.712334 0.000000
vt 0.377190 0.377190
vt 1.000000 0.907995
vt 0.953823 0.935468
vt 0.914132 0.914132
vt 0.616242 0.597682
vt 0.556496 0.982837
vt 0.554360 0.989845
vt 0.551762 1.000000
vt 0.541667 1.000000
vt 0.541667 0.968750
vt 0.551655 0.968750
vt 0.833441 0.736254
vt 0.861254 0.736254
vt 0.861254 0.736254
vt 0.855309 0.736254
vt 0.845689 0.736254
vt 0.861254 0.736254
vt 0.861254 0.708441
vt 0.861254 0.718051
vt 0.805627 0.680627
vt 0.833441 0.680627
vt 0.833441 0.708441
vt 0.805627 0.707133
vt 0.534104 0.989779
vt 0.530365 0.968750
vt 0.809108 0.645841
vt 0.816297 0.652814
vt 0.805627 0.652814
vt 0.818755 0.736254
vt 0.806561 0.709375
vt 0.829266 0.736254
vt 0.844599 0.680627
vt 0.852816 0.687956
vt 0.541667 0.000000
vt 0.550746 0.004756
vt 0.546245 0.030794
vt 0.892788 0.493129
vt 0.585148 0.585148
vt 0.468933 0.468933
vt 0.219070 0.147151
vt 0.164317 0.045476
vt 0.132894 0.000000
vt 0.039131 0.000000
vt 0.092005 0.000000
vt 0.221671 0.221671
vt 0.712334 0.712334
vt 0.536853 0.057564
vt 1.000000 0.509318
vt 0.833441 0.670105
vt 0.551655 0.968750
vt 0.542412 0.956131
vt 0.546215 0.944370
vt 0.554491 0.414504
vt 0.524522 0.000000
vt 1.000000 0.000000
vt 0.695585 0.119770
s 0
usemtl マテリアル
f 483/508/442 480/509/442 484/510/442
f 488/511/443 481/512/443 474/513/443
f 463/514/444 502/515/444 477/516/444
f 497/517/445 494/518/445 502/519/445 479/520/445
s 1
f 466/521/446 486/522/446 489/523/447 496/524/448 500/525/449 482/526/450
f 465/527/451 491/528/452 489/529/447 487/530/453 485/531/453
f 489/532/447 491/533/452 490/534/454
f 499/535/455 472/536/456 491/537/452 500/538/449
f 500/525/449 496/524/448 503/539/457 476/540/457
f 478/541/458 473/542/459 499/543/455
f 491/527/452 498/544/460 500/545/449
f 498/544/460 491/527/452 465/527/451 467/546/461
f 491/533/452 472/547/456 492/548/462
f 496/549/448 489/550/447 490/551/454
s 0
f 470/552/463 468/553/463 469/554/463
f 471/555/464 464/556/464 493/557/464
f 493/558/465 495/559/465 471/560/465
f 502/561/466 463/514/466 501/562/466 479/563/466
s 1
f 473/564/459 472/536/456 499/543/455
f 482/565/450 500/566/449 498/567/460
s 0
f 475/568/467 501/569/467 463/570/467 477/571/467
o 立方体.002_cell.004
v 0.004005 -0.128433 -0.004150
v 0.003785 -0.195568 -0.005041
v 0.005992 -0.155795 -0.008779
v 0.007375 -0.129767 -0.011343
v 0.007152 -0.195579 -0.009146
vn 0.8700 -0.0008 0.4931
vt 1.000000 0.000000
vt 1.000000 1.000000
vt 0.951452 0.951452
vt 0.957749 0.400381
vt 0.930206 0.000000
s 0
usemtl マテリアル
f 504/572/468 505/573/468 508/574/468 506/575/468 507/576/468
o 立方体.002_cell.005
v -0.029524 -0.023716 -0.068610
v -0.034187 -0.026693 -0.063865
v -0.036279 -0.028708 -0.068301
v -0.043002 -0.009593 -0.082827
v -0.040974 -0.006603 -0.078537
v -0.030549 -0.044170 -0.056672
v -0.002489 -0.044875 -0.063196
v -0.000998 -0.033531 -0.066894
v -0.001813 -0.016207 -0.080825
v -0.036620 -0.010146 -0.085101
v -0.034782 -0.007193 -0.080827
v -0.007941 -0.007505 -0.087203
v -0.011232 -0.010439 -0.091126
v -0.017912 -0.007971 -0.085755
v -0.018875 -0.010838 -0.090083
v -0.002245 -0.008552 -0.086974
v -0.025161 -0.044776 -0.058470
v -0.022124 -0.041954 -0.055647
v -0.012937 -0.045437 -0.061750
v -0.001594 -0.012013 -0.090711
v -0.036279 -0.028708 -0.068301
v -0.043002 -0.009593 -0.082827
v -0.034782 -0.007193 -0.080827
v -0.017912 -0.007971 -0.085755
v -0.007941 -0.007505 -0.087203
v -0.011232 -0.010439 -0.091126
v -0.018875 -0.010838 -0.090083
v -0.036620 -0.010146 -0.085101
v -0.040974 -0.006603 -0.078537
v -0.001813 -0.016207 -0.080825
v -0.002245 -0.008552 -0.086974
v -0.034187 -0.026693 -0.063865
v -0.030549 -0.044170 -0.056672
v -0.001594 -0.012013 -0.090711
v -0.022124 -0.041954 -0.055647
v -0.025161 -0.044776 -0.058470
v -0.012937 -0.045437 -0.061750
vn -0.9052 0.0045 0.4249
vn -0.9025 -0.0107 0.4305
vn -0.1162 0.8397 -0.5304
vn 0.9913 0.1117 0.0694
vn 0.1597 0.7216 -0.6736
vn 0.1274 -0.7667 0.6293
vn 0.1489 0.7383 -0.6578
vn 0.7658 -0.5993 0.2332
vn 0.1454 0.5740 0.8059
vn 0.3193 0.6057 0.7288
vn 0.3353 0.5757 0.7458
vn 0.3581 -0.9304 -0.0785
vn 0.3160 0.5808 0.7503
vn -0.2714 -0.6415 -0.7175
vn -0.0327 -0.6489 -0.7601
vn 0.4927 0.0677 0.8675
vn 0.7687 -0.4653 0.4389
vn 0.1658 -0.6321 -0.7570
vn 0.3852 0.5067 0.7713
vn 0.3219 0.6269 0.7095
vn -0.0285 0.5489 0.8354
vn 0.4293 -0.8283 0.3600
vn -0.3063 -0.6420 -0.7029
vt 1.000000 0.683324
vt 0.902731 0.603566
vt 0.343333 0.000000
vt 0.368908 0.000000
vt 1.000000 0.750985
vt 0.708505 0.708505
vt 0.683324 0.683324
vt 0.323196 0.182242
vt 0.050820 0.000000
vt 0.087518 0.000000
vt 0.295517 0.138794
vt 0.809376 0.496033
vt 1.000000 0.631092
vt 1.000000 0.656667
vt 0.814013 0.524466
vt 0.901362 0.000000
vt 0.942017 0.000000
vt 0.577109 0.577109
vt 0.087518 0.087518
vt 0.050820 0.050820
vt 0.053670 0.000000
vt 0.896958 0.680455
vt 0.785598 0.785598
vt 0.765469 0.765469
vt 1.000000 0.907871
vt 0.950991 0.950991
vt 0.916601 0.916601
vt 0.777814 0.513746
vt 0.805627 0.513746
vt 0.801742 0.513746
vt 0.573665 0.312500
vt 0.593368 0.312500
vt 0.592974 0.343750
vt 0.573289 0.343750
vt 0.588123 0.373141
vt 0.578774 0.374293
vt 0.573608 0.369024
vt 0.593295 0.362334
vt 0.592236 0.372588
vt 0.817589 0.513746
vt 0.816362 0.513746
vt 0.751426 0.513746
vt 0.752049 0.513746
vt 0.752994 0.513746
vt 0.759095 0.513746
vt 0.762274 0.513746
vt 0.817897 0.513746
vt 0.818759 0.513746
vt 0.574281 0.297827
vt 0.582807 0.299319
vt 0.593682 0.300815
s 0
usemtl マテリアル
f 529/577/469 540/578/469 537/579/469 530/580/469
f 514/581/470 540/582/470 529/583/470
f 532/584/471 533/585/471 534/586/471 535/587/471 536/588/471 530/589/471 537/590/471 531/591/471
f 542/592/472 539/593/472 517/594/472
f 534/595/473 533/596/473 539/597/473
f 527/598/474 543/599/474 525/600/474
f 534/601/475 539/602/475 542/603/475
s 1
f 545/604/476 522/604/477 519/605/478 509/605/479 544/605/480 526/606/481
f 544/607/480 518/608/482 523/609/483 545/610/476
f 538/611/484 516/612/485 515/613/485 545/610/476 523/609/483 521/614/486 528/615/486
f 510/616/487 509/605/479 519/605/478 513/617/488
f 515/618/485 516/619/485 538/620/484 524/621/489 520/622/489 522/604/477 545/604/476
f 509/605/479 510/623/487 541/624/490 544/605/480
f 518/608/482 544/607/480 541/625/490 511/626/491 512/627/491
o 立方体.002_cell.006
v 0.031870 -0.076109 -0.006667
v 0.031464 -0.073954 -0.013539
v 0.030602 -0.071212 -0.020876
v 0.029362 -0.068557 -0.026328
v 0.031439 -0.069389 -0.031439
v 0.027722 -0.065595 -0.031330
v 0.032054 -0.076710 -0.000000
v 0.031979 -0.062364 -0.031322
v 0.032407 -0.062425 -0.038019
v 0.032064 -0.075688 0.007159
v 0.031426 -0.074005 0.013523
v 0.040110 -0.062260 -0.017260
v 0.036620 -0.062287 -0.024978
v 0.041306 -0.062112 -0.028198
v 0.049001 -0.062165 -0.000000
v 0.048114 -0.062090 -0.010078
v 0.047942 -0.062300 0.010042
v 0.045288 -0.062461 0.017987
v 0.042673 -0.062448 0.008921
v 0.043695 -0.062327 -0.000000
v 0.042820 -0.062262 -0.008952
v 0.045160 -0.062084 -0.019433
v 0.040210 -0.062596 0.016070
v 0.039727 -0.069150 0.017095
v 0.030602 -0.071212 -0.020876
v 0.029362 -0.068557 -0.026328
v 0.045288 -0.062461 0.017987
v 0.040210 -0.062596 0.016070
v 0.047942 -0.062300 0.010042
v 0.049001 -0.062165 -0.000000
v 0.048114 -0.062090 -0.010078
v 0.045160 -0.062084 -0.019433
v 0.041306 -0.062112 -0.028198
v 0.031979 -0.062364 -0.031322
v 0.036620 -0.062287 -0.024978
v 0.040110 -0.062260 -0.017260
v 0.042820 -0.062262 -0.008952
v 0.043695 -0.062327 -0.000000
v 0.042673 -0.062448 0.008921
v 0.027722 -0.065595 -0.031330
v 0.027722 -0.065595 -0.031330
v 0.027722 -0.065595 -0.031330
v 0.031439 -0.069389 -0.031439
v 0.032407 -0.062425 -0.038019
vn -0.7054 -0.6869 -0.1748
vn -0.6038 0.7958 -0.0458
vn -0.0296 0.9995 0.0079
vn -0.6550 -0.7556 0.0062
vn -0.6485 -0.6477 0.3998
vn -0.7829 0.6205 -0.0455
vn -0.7769 0.6296 -0.0016
vn -0.7610 0.6284 0.1609
vn -0.6599 -0.7501 0.0443
vn -0.6771 -0.6405 0.3624
vn -0.6974 -0.7118 0.0833
vn -0.7269 0.6268 0.2807
vn -0.6715 0.6312 0.3882
vn 0.5623 -0.7854 -0.2587
vn 0.5801 -0.7588 -0.2961
vn 0.6230 -0.7677 -0.1501
vn 0.6461 -0.7633 0.0026
vn -0.7402 -0.2759 0.6132
vn -0.5790 -0.4710 0.6656
vn -0.5828 0.6453 0.4940
vn -0.6035 0.6397 0.4760
vn 0.6222 -0.7680 0.1516
vn 0.2821 -0.8093 -0.5153
vn 0.3189 -0.8064 -0.4980
vn -0.5576 -0.5279 -0.6407
vn 0.5975 -0.7690 0.2274
vn -0.5030 0.6613 0.5565
vt 0.134829 0.049573
vt 0.250586 0.250586
vt 0.098554 0.072231
vt 0.100831 0.000000
vt 0.807075 0.000000
vt 1.000000 0.086723
vt 1.000000 0.225798
vt 0.270051 0.000000
vt 0.435193 0.163039
vt 0.606337 0.353346
vt 0.746132 0.530916
vt 0.840993 0.681086
vt 0.912066 0.814310
vt 0.927212 0.927212
vt 0.807075 0.807075
vt 0.785954 0.723375
vt 0.724965 0.606738
vt 0.642138 0.473965
vt 0.519397 0.316843
vt 0.366024 0.147223
vt 0.216203 0.000000
vt 0.638746 0.632658
vt 0.638746 0.652814
vt 0.638746 0.652814
vt 0.638746 0.625000
vt 0.638746 0.597186
vt 0.638746 0.541559
vt 0.638746 0.569373
vt 0.638746 0.541559
vt 0.563818 0.562500
vt 0.555663 0.562500
vt 0.557319 0.531250
vt 0.563802 0.531250
vt 0.638746 0.569373
vt 0.554368 0.593750
vt 0.563815 0.593750
vt 0.563772 0.625000
vt 0.553964 0.609783
vt 0.638746 0.676919
vt 0.638746 0.654693
vt 0.638746 0.680627
vt 0.638746 0.513746
vt 0.638746 0.521929
vt 0.554009 0.625000
vt 0.563695 0.656250
vt 0.554549 0.656250
vt 0.563752 0.500000
vt 0.559662 0.500000
vt 0.561323 0.485806
vt 0.563695 0.656250
vt 0.563603 0.683163
vt 0.562937 0.683864
vt 0.559798 0.687500
vt 0.555619 0.687500
vt 0.563815 0.593750
vt 0.555663 0.562500
vt 0.557546 0.527933
vt 0.563752 0.500000
vt 0.647927 0.513746
s 0
usemtl マテリアル
f 588/628/492 548/629/492 571/630/492 585/631/492
f 579/632/493 589/633/493 586/634/493
f 572/635/494 574/636/494 575/637/494 576/638/494 577/639/494 578/640/494 589/641/494 579/642/494 580/643/494 581/644/494 582/645/494 583/646/494 584/647/494 573/648/494
s 1
f 552/649/495 555/650/496 564/651/497 565/652/498
f 566/653/499 546/653/500 552/652/495 565/652/498
f 570/654/501 547/655/502 557/655/503 558/656/504
f 567/657/505 547/658/502 570/659/501 559/660/506
f 557/661/503 547/655/502 546/653/500 566/653/499
f 546/662/500 561/663/507 560/664/508 552/665/495
f 568/666/509 564/651/497 555/667/496 556/668/510 569/668/510
f 553/669/511 549/670/512 570/654/501 558/654/504
f 552/671/495 560/664/508 562/672/513 555/673/496
f 554/674/514 550/675/515 551/676/516
f 555/673/496 562/677/513 563/678/517 568/679/509 569/680/510 556/681/510
f 561/682/507 546/662/500 547/683/502 567/657/505
f 559/660/506 570/684/501 550/675/515 554/685/514
f 587/686/518 549/669/512 553/669/511
o 立方体.002_cell.007
v -0.042811 -0.263524 0.042811
v -0.000000 -0.263524 0.058409
v -0.023149 -0.263524 0.053795
v -0.033623 -0.263524 0.049245
v -0.012007 -0.263524 0.057297
v 0.012007 -0.263524 0.057297
v -0.030936 -0.263524 0.038739
v -0.022101 -0.256095 0.038644
v -0.019989 -0.263524 0.038492
v -0.016579 -0.255576 0.038527
v -0.010515 -0.263524 0.038527
v -0.011103 -0.255206 0.038530
v -0.000000 -0.255766 0.042670
v 0.001894 -0.263524 0.043171
v 0.009792 -0.256885 0.046729
v 0.014377 -0.263524 0.048882
v 0.014373 -0.257665 0.048905
v 0.016321 -0.259315 0.055941
v -0.027057 -0.256743 0.039629
v -0.016579 -0.255576 0.038527
v -0.011103 -0.255206 0.038530
v -0.019989 -0.263524 0.038492
v -0.030936 -0.263524 0.038739
v -0.022101 -0.256095 0.038644
v -0.010515 -0.263524 0.038527
v 0.001894 -0.263524 0.043171
v -0.000000 -0.255766 0.042670
v 0.009792 -0.256885 0.046729
v 0.014373 -0.257665 0.048905
v 0.016321 -0.259315 0.055941
v -0.027057 -0.256743 0.039629
v 0.014377 -0.263524 0.048882
v 0.012007 -0.263524 0.057297
v -0.042811 -0.263524 0.042811
vn -0.0225 0.0140 -0.9996
vn 0.0024 0.0019 -1.0000
vn 0.3504 0.0251 -0.9363
vn 0.3861 0.0347 -0.9218
vn 0.4194 -0.0049 -0.9078
vn 0.9183 -0.3955 -0.0171
vn -0.2859 0.2837 -0.9153
vn -0.1623 0.8811 0.4443
vn -0.4259 -0.2379 0.8729
vn -0.2517 -0.2233 0.9417
vn -0.1129 0.8979 0.4255
vn -0.1236 0.8832 0.4524
vn -0.5322 -0.3729 0.7600
vn -0.0914 0.9056 0.4142
vn -0.2041 -0.2039 0.9575
vn -0.1007 -0.2219 0.9699
vn -0.0532 0.8947 0.4434
vn -0.0000 -1.0000 -0.0000
vn -0.3237 0.2066 0.9233
vn -0.1243 0.8670 0.4825
vn -0.3554 0.8105 0.4656
vt 1.000000 0.245209
vt 0.429534 0.000000
vt 0.691013 0.000000
vt 1.000000 0.124195
vt 0.245261 0.000000
vt 0.245209 0.245209
vt 0.124195 0.124195
vt 0.119380 0.000000
vt 1.000000 0.425713
vt 0.245261 0.245261
vt 0.290615 0.160737
vt 1.000000 0.340250
vt 0.340250 0.340250
vt 1.000000 0.357311
vt 0.425713 0.425713
vt 0.437405 0.000000
vt 0.436722 0.436722
vt 0.361973 0.214116
vt 0.371130 0.000000
vt 0.613237 0.050487
vt 0.562595 0.000000
vt 0.628870 0.000000
vt 0.660751 0.050385
vt 0.783875 0.223681
vt 0.422801 0.055941
vt 0.308987 0.000000
vt 0.570466 0.000000
vt 0.396542 0.968750
vt 0.375000 0.968750
vt 0.375000 0.937500
vt 0.406310 0.937500
vt 0.401963 0.955810
vt 0.375000 1.000000
vt 0.396542 0.968750
vt 0.409112 0.906250
vt 0.375000 0.906250
vt 0.375000 0.875000
vt 0.404726 0.875000
vt 0.125000 0.746191
vt 0.173503 0.717105
vt 0.202045 0.710286
vt 0.225370 0.706289
vt 0.262086 0.717538
vt 0.286073 0.731919
vt 0.281250 0.750000
vt 0.250000 0.750000
vt 0.218750 0.750000
vt 0.187500 0.750000
vt 0.156250 0.750000
vt 0.409415 0.917846
vt 0.406310 0.937500
vt 0.395348 0.843750
vt 0.375000 0.843750
vt 0.375000 0.831650
vt 0.388816 0.831286
vt 0.398634 0.852750
s 0
usemtl マテリアル
f 611/687/519 612/688/519 613/689/519 609/690/519
f 614/691/520 611/692/520 609/693/520 610/694/520
f 615/695/521 614/696/521 610/697/521 616/698/521
f 616/699/522 617/700/522 615/701/522
f 621/702/523 615/703/523 617/704/523 618/705/523
f 622/706/524 621/707/524 618/708/524 619/709/524
f 590/710/525 620/711/525 613/712/525 612/713/525
s 1
f 608/714/526 593/715/527 592/716/528 599/717/529 597/718/530
f 623/719/531 593/715/527 608/720/526
f 601/721/532 594/722/533 591/723/534 602/724/535
f 623/725/531 596/726/536 598/727/536 600/728/536 603/729/536 605/730/536 595/731/537 591/732/534 594/733/533 592/734/528 593/735/527
f 601/736/532 599/737/529 592/716/528 594/722/533
f 604/738/538 595/739/537 607/740/539 606/741/539
f 602/724/535 591/723/534 595/739/537 604/742/538
o 立方体.002_cell.008
v 0.015562 -0.101146 0.005440
v 0.013042 -0.096129 0.004949
v 0.015207 -0.095432 0.000269
vn 0.7890 0.4385 0.4303
vt 1.000000 0.697893
vt 0.686376 0.686376
vt 0.197916 0.145374
s 0
usemtl マテリアル
f 625/743/540 624/744/540 626/745/540
o 立方体.002_cell.009
v -0.000818 -0.246717 -0.001376
v -0.006812 -0.240896 -0.002966
v -0.010472 -0.249365 -0.010472
v -0.005662 -0.249365 -0.013158
v 0.000094 -0.247424 -0.013976
v 0.000344 -0.263524 -0.015318
v -0.001194 -0.254149 -0.035391
v -0.000480 -0.263524 -0.031511
v -0.005876 -0.241774 -0.011768
v -0.013876 -0.263524 -0.004867
v -0.005059 -0.263524 -0.002898
v -0.001303 -0.263524 -0.007325
v -0.023160 -0.253232 -0.022869
v -0.017899 -0.253155 -0.026215
v -0.020015 -0.263524 -0.019633
v -0.012762 -0.253341 -0.029349
v -0.006667 -0.263524 -0.028024
v -0.006823 -0.253629 -0.032562
v -0.009259 -0.238819 -0.009259
v -0.011995 -0.239903 -0.004450
v -0.025017 -0.263524 -0.008047
v -0.028879 -0.252996 -0.009202
v -0.013426 -0.249365 -0.004810
v -0.022954 -0.263524 -0.013584
v -0.025744 -0.253029 -0.017578
v 0.000344 -0.263524 -0.015318
v -0.001303 -0.263524 -0.007325
v -0.017899 -0.253155 -0.026215
v -0.012762 -0.253341 -0.029349
v -0.000480 -0.263524 -0.031511
v -0.020015 -0.263524 -0.019633
v -0.006667 -0.263524 -0.028024
v -0.013876 -0.263524 -0.004867
v -0.025017 -0.263524 -0.008047
v -0.011995 -0.239903 -0.004450
v -0.013426 -0.249365 -0.004810
v -0.028879 -0.252996 -0.009202
v -0.022954 -0.263524 -0.013584
v 0.000094 -0.247424 -0.013976
v -0.001194 -0.254149 -0.035391
v -0.005876 -0.241774 -0.011768
v -0.005059 -0.263524 -0.002898
v -0.023160 -0.253232 -0.022869
v -0.006823 -0.253629 -0.032562
v -0.009259 -0.238819 -0.009259
v -0.025744 -0.253029 -0.017578
vn 0.9994 0.0252 -0.0227
vn 0.6922 0.7217 0.0063
vn -0.2571 -0.0009 0.9664
vn -0.2179 -0.0333 0.9754
vn 0.9044 -0.1653 0.3934
vn -0.4891 -0.3941 -0.7781
vn -0.4515 -0.3754 -0.8094
vn 0.4278 0.8946 0.1289
vn -0.2744 0.0049 0.9616
vn -0.8754 -0.3568 -0.3261
vn -0.8351 -0.3776 -0.4001
vn -0.1536 0.9775 -0.1444
vn -0.4756 0.7445 -0.4686
vn -0.1095 0.9765 -0.1855
vn -0.6151 0.7185 -0.3247
vn -0.8750 0.1518 -0.4598
vn -0.7452 0.1571 -0.6481
vn -0.1967 0.9497 -0.2439
vn -0.1496 0.9611 -0.2322
vn -0.2753 0.7339 -0.6209
vn -0.2297 0.7411 -0.6308
vn -0.0799 0.9760 -0.2028
vn -0.1915 0.9764 -0.0996
vn -0.2061 0.9752 -0.0810
vn -0.0000 -1.0000 -0.0000
vn -0.4204 0.1569 -0.8937
vt 0.637970 0.000000
vt 1.000000 0.000000
vt 1.000000 0.668259
vt 0.640334 0.640334
vt 0.227990 0.227990
vt 0.288649 0.288649
vt 0.000000 0.000000
vt 0.536817 0.321279
vt 1.000000 0.494037
vt 1.000000 1.000000
vt 0.494037 0.494037
vt 0.213864 0.000000
vt 1.000000 0.440653
vt 0.504372 0.010356
vt 0.754598 0.306728
vt 1.000000 0.601563
vt 1.000000 0.774772
vt 0.348125 0.000000
vt 0.774772 0.774772
vt 0.605458 0.598444
vt 0.816381 0.433974
vt 1.000000 0.298321
vt 1.000000 0.589725
vt 0.907735 0.139429
vt 0.858877 0.000000
vt 1.000000 0.244291
vt 0.631193 0.000000
vt 1.000000 0.420373
vt 0.818195 0.818195
vt 0.868582 0.633257
vt 0.394587 0.000000
vt 0.631193 0.631193
vt 0.579068 0.446058
vt 1.000000 0.566354
vt 1.000000 0.735128
vt 0.735128 0.735128
vt 0.566354 0.566354
vt 0.504577 0.000000
vt 0.651875 0.000000
vt 0.426085 0.250000
vt 0.458333 0.281250
vt 0.426591 0.281250
vt 0.458333 0.250000
vt 0.458333 0.218750
vt 0.477932 0.218750
vt 0.476081 0.250000
vt 0.418513 0.367624
vt 0.422624 0.343750
vt 0.458333 0.343750
vt 0.458333 0.375000
vt 0.458333 0.312500
vt 0.425031 0.311882
vt 0.425009 0.312500
vt 0.425947 0.248939
vt 0.427645 0.218750
vt 0.427645 0.218750
vt 0.428197 0.187500
vt 0.254360 0.562292
vt 0.250704 0.595731
vt 0.247398 0.610909
vt 0.240150 0.619273
vt 0.222757 0.614943
vt 0.199094 0.607390
vt 0.202120 0.595522
vt 0.206624 0.582374
vt 0.235233 0.568173
vt 0.468810 0.323838
vt 0.466272 0.343750
vt 0.473372 0.281250
vt 0.470129 0.312500
s 0
usemtl マテリアル
f 665/746/541 627/747/541 652/748/541 656/749/541 666/750/541
f 667/751/542 628/752/542 627/747/542 665/753/542
f 628/752/543 659/754/543 627/755/543
f 668/747/544 627/755/544 659/756/544
f 653/757/545 652/758/545 627/755/545 668/752/545
f 669/759/546 654/760/546 655/761/546 658/762/546 657/763/546
f 658/764/547 655/765/547 670/766/547 666/767/547 656/768/547
f 645/769/548 661/770/548 628/747/548 667/771/548
f 660/772/549 659/773/549 628/755/549 661/774/549 662/775/549 663/776/549
f 660/777/550 663/778/550 672/779/550 664/780/550
f 664/781/551 672/782/551 669/783/551 657/784/551
s 1
f 639/785/552 629/786/553 640/787/554
f 629/788/553 649/789/555 646/790/556 671/791/557
f 633/792/558 644/793/559 630/794/560 631/795/561
f 640/787/554 629/786/553 630/796/560 642/797/562
f 630/794/560 644/793/559 642/798/562
f 649/789/555 629/788/553 639/799/552 651/800/563
f 649/789/555 651/801/563 648/802/564
f 634/803/565 632/804/565 638/805/565 637/806/565 636/807/565 647/808/565 650/809/565 641/810/565 643/811/565
f 630/796/560 635/812/566 631/813/561
f 630/796/560 629/786/553 671/814/557 635/815/566
o 立方体.002_cell.010
v -0.051503 0.045361 0.119686
v -0.028536 0.045452 0.136179
v -0.026713 0.045361 0.127932
v -0.047850 -0.007879 0.082284
v -0.058495 0.045452 0.126345
v -0.057267 0.045361 0.117053
v -0.016037 0.045452 0.137336
v -0.014492 0.045361 0.129268
v -0.010056 -0.006871 0.094214
v -0.009745 -0.003809 0.089999
v -0.035256 -0.005703 0.081929
v -0.036948 -0.009156 0.085862
v -0.018394 -0.005049 0.088066
v -0.019302 -0.008350 0.092121
v -0.047224 -0.005462 0.076699
v -0.058495 0.045452 0.126345
v -0.058495 0.045452 0.126345
v -0.047850 -0.007879 0.082284
v -0.057267 0.045361 0.117053
v -0.057267 0.045361 0.117053
v -0.016037 0.045452 0.137336
v -0.016037 0.045452 0.137336
v -0.014492 0.045361 0.129268
v -0.014492 0.045361 0.129268
v -0.035256 -0.005703 0.081929
v -0.018394 -0.005049 0.088066
v -0.009745 -0.003809 0.089999
v -0.036948 -0.009156 0.085862
v -0.019302 -0.008350 0.092121
v -0.026713 0.045361 0.127932
v -0.028536 0.045452 0.136179
v -0.051503 0.045361 0.119686
v -0.010056 -0.006871 0.094214
v -0.047224 -0.005462 0.076699
vn -0.9870 -0.0854 -0.1364
vn 0.9892 -0.0140 0.1461
vn 0.2088 -0.8075 -0.5517
vn 0.0022 0.9999 -0.0106
vn 0.0011 0.9999 -0.0109
vn 0.0037 0.9999 -0.0098
vn 0.0042 0.9999 -0.0092
vn -0.0710 -0.6392 0.7657
vn -0.1545 -0.6411 0.7518
vn -0.1610 -0.6410 0.7504
vn -0.2686 -0.6405 0.7195
vn -0.2438 -0.6389 0.7297
vn -0.3060 -0.6419 0.7031
vn 0.1716 0.6283 -0.7588
vn 0.1652 0.6284 -0.7602
vn 0.0841 0.6267 -0.7747
vn 0.2851 0.6269 -0.7251
vn 0.2844 0.6269 -0.7254
vn 0.3229 0.6269 -0.7090
vt 0.528867 0.142933
vt 0.084333 0.084333
vt 0.028953 0.028953
vt 0.529665 0.084373
vt 0.415314 0.348707
vt 0.360993 0.297635
vt 1.000000 0.067588
vt 1.000000 0.126709
vt 0.751574 0.069812
vt 0.305642 0.076739
vt 0.092551 0.092551
vt 0.049401 0.049401
vt 0.273243 0.032110
vt 0.737812 0.023210
vt 1.000000 0.025425
vt 1.000000 0.072973
vt 0.777814 0.736254
vt 0.781250 0.750000
vt 0.767561 0.750000
vt 0.765089 0.736254
vt 0.812500 0.750000
vt 0.805627 0.736254
vt 0.812613 0.736254
vt 0.625000 0.892562
vt 0.625000 0.906250
vt 0.594390 0.906250
vt 0.595438 0.890495
vt 0.593931 0.937500
vt 0.625000 0.941864
vt 0.593977 0.955472
vt 0.777814 0.736254
vt 0.765089 0.736254
vt 0.764571 0.736254
vt 0.805627 0.736254
vt 0.825436 0.736254
vt 0.625000 0.937500
s 0
usemtl マテリアル
f 691/816/567 706/817/567 690/818/567 688/819/567
f 695/820/568 693/821/568 705/822/568 699/823/568
f 697/824/569 698/825/569 699/826/569 705/827/569 701/828/569 700/829/569 690/830/569 706/831/569
s 1
f 702/832/570 703/833/570 694/834/571 696/835/571
f 689/836/572 704/837/572 692/838/573
f 704/837/572 689/836/572 703/833/570 702/832/570
f 679/839/574 674/840/575 686/841/576 681/842/574
f 684/843/577 677/844/578 676/845/579
f 685/846/580 675/832/581 680/847/582 682/848/582
f 673/837/583 675/832/581 685/846/580 683/849/584
f 678/838/585 673/837/583 683/849/584 687/850/585
f 674/840/575 677/851/578 684/843/577 686/841/576
o 立方体.002_cell.011
v -0.002215 -0.245957 0.003327
v -0.002529 -0.256754 0.003245
v -0.008224 -0.249365 0.012045
v -0.023855 -0.263524 0.023393
v -0.010152 -0.251920 0.023591
v -0.013845 -0.263524 0.008179
v -0.014388 -0.253163 0.027778
v -0.040138 -0.263524 0.019708
v -0.015056 -0.250035 0.008766
v -0.011236 -0.243233 0.007671
v -0.032635 -0.263524 0.036485
v -0.018034 -0.254231 0.031372
v -0.042938 -0.263524 0.024360
v -0.044665 -0.257577 0.024771
v -0.044434 -0.259315 0.040493
v -0.025190 -0.256011 0.036893
v -0.047836 -0.258938 0.032661
v -0.047890 -0.263524 0.035558
v -0.023855 -0.263524 0.023393
v -0.013845 -0.263524 0.008179
v -0.010152 -0.251920 0.023591
v -0.014388 -0.253163 0.027778
v -0.015056 -0.250035 0.008766
v -0.011236 -0.243233 0.007671
v -0.044665 -0.257577 0.024771
v -0.040138 -0.263524 0.019708
v -0.018034 -0.254231 0.031372
v -0.008224 -0.249365 0.012045
v -0.047836 -0.258938 0.032661
v -0.047890 -0.263524 0.035558
v -0.047890 -0.263524 0.035558
v -0.047890 -0.263524 0.035558
v -0.042938 -0.263524 0.024360
v -0.025190 -0.256011 0.036893
v -0.032635 -0.263524 0.036485
v -0.044434 -0.259315 0.040493
vn 0.8907 0.2007 0.4079
vn 0.5920 -0.7056 0.3894
vn -0.4417 0.0979 -0.8918
vn -0.4008 0.0415 -0.9152
vn 0.4795 0.6534 0.5859
vn 0.5765 -0.6013 0.5532
vn 0.5887 -0.7063 0.3932
vn -0.8380 -0.2086 -0.5042
vn 0.1143 -0.4981 0.8596
vn -0.8884 -0.2343 -0.3948
vn -0.1401 0.9771 0.1601
vn -0.0874 0.9756 0.2012
vn -0.2710 0.8490 0.4536
vn -0.2794 0.8644 0.4181
vn -0.2281 0.9607 0.1581
vn -0.2489 0.9577 0.1444
vn -0.2012 0.9756 0.0874
vn -0.2612 0.9521 0.1593
vn -0.0000 -1.0000 -0.0000
vn -0.4308 0.3741 0.8212
vt 1.000000 0.340810
vt 1.000000 1.000000
vt 0.000000 0.000000
vt 0.613578 0.236679
vt 0.536741 0.000000
vt 1.000000 0.661143
vt 0.273265 0.204803
vt 0.173365 0.000000
vt 0.288955 0.000000
vt 0.437697 0.000000
vt 1.000000 0.738913
vt 0.661143 0.661143
vt 1.000000 0.000000
vt 0.794749 0.599633
vt 0.810423 0.000000
vt 1.000000 0.717865
vt 0.877707 0.863372
vt 1.000000 0.411058
vt 1.000000 0.768679
vt 0.315285 0.000000
vt 1.000000 0.463259
vt 1.000000 0.826635
vt 0.768679 0.768679
vt 0.411058 0.411058
vt 1.000000 0.562303
vt 1.000000 0.711045
vt 1.000000 0.397401
vt 0.938245 0.646009
vt 0.240376 0.173932
vt 0.431186 0.112798
vt 0.108391 0.108391
vt 0.621345 0.049082
vt 0.521072 0.061909
vt 0.404427 0.964428
vt 0.417581 0.956188
vt 0.426526 0.949096
vt 0.436940 0.937500
vt 0.458333 0.968750
vt 0.458333 1.000000
vt 0.383171 1.000000
vt 0.402670 0.968750
vt 0.378156 0.031250
vt 0.452724 0.042850
vt 0.389556 0.046324
vt 0.375000 0.028059
vt 0.383171 0.000000
vt 0.458333 0.031250
vt 0.157994 0.675477
vt 0.161093 0.672589
vt 0.222227 0.641964
vt 0.196489 0.677604
vt 0.169880 0.712822
vt 0.125000 0.725331
vt 0.467179 1.000000
vt 0.465369 0.968750
s 0
usemtl マテリアル
f 727/852/586 708/853/586 707/854/586 734/855/586
f 725/856/587 726/857/587 708/853/587 727/858/587 728/859/587
f 732/860/588 731/861/588 729/862/588 708/853/588 726/863/588
f 707/864/589 708/853/589 729/865/589 730/866/589
f 734/867/590 707/853/590 730/868/590
f 741/869/591 733/870/591 722/871/591
f 725/872/592 728/873/592 733/874/592 741/875/592
f 739/854/593 731/876/593 732/877/593
f 741/878/594 722/879/594 742/880/594 737/881/594
f 731/882/595 739/854/595 736/883/595 735/884/595
s 1
f 740/885/596 718/886/597 713/887/597 711/888/597 709/889/598
f 715/890/599 721/891/600 740/892/596 709/889/598
f 723/893/601 715/894/599 720/895/602
f 738/896/603 721/897/600 715/898/599 723/893/601
f 719/899/604 714/900/604 712/901/604 710/902/604 717/903/604 724/904/604
f 716/905/605 715/890/599 709/906/598
o 立方体.002_cell.012
v 0.009622 -0.128558 -0.002133
v 0.009893 -0.195071 -0.002418
v 0.010183 -0.155795 -0.002291
v 0.012787 -0.132683 -0.002438
v 0.011230 -0.146680 -0.002351
v 0.010183 -0.155795 -0.002291
v 0.011230 -0.146680 -0.002351
v 0.012787 -0.132683 -0.002438
v 0.009622 -0.128558 -0.002133
vn -0.0909 0.0039 -0.9959
vn 0.0909 -0.0039 0.9959
vt 1.000000 1.000000
vt 0.037220 0.000000
vt 0.413349 0.408744
vt 0.969502 0.242248
vt 0.937397 0.000000
vt 1.000000 0.000000
vt 0.976296 0.976296
vt 0.991050 0.400635
vt 0.500000 0.589953
vt 0.520409 0.593750
vt 0.506933 0.593750
vt 0.520154 0.596896
vt 0.517581 0.596477
s 0
usemtl マテリアル
f 744/907/606 751/908/606 748/909/606
f 749/910/607 750/911/607 751/912/607 744/913/607 748/914/607
s 1
f 745/915/606 743/916/606 747/917/606
f 743/918/606 746/919/606 747/917/606
o 立方体.002_cell.013
v 0.042811 -0.263524 0.042811
v 0.023149 -0.263524 0.053795
v 0.033623 -0.263524 0.049245
v 0.018042 -0.263524 0.055400
v 0.016133 -0.263524 0.048407
v 0.016118 -0.257674 0.048400
v 0.026119 -0.256375 0.038254
v 0.032144 -0.256033 0.032144
v 0.031014 -0.263524 0.033318
v 0.036108 -0.263524 0.031593
v 0.037761 -0.257217 0.033471
v 0.045482 -0.259315 0.038997
v 0.018042 -0.263524 0.055400
v 0.016133 -0.263524 0.048407
v 0.026119 -0.256375 0.038254
v 0.032144 -0.256033 0.032144
v 0.016118 -0.257674 0.048400
v 0.031014 -0.263524 0.033318
v 0.037761 -0.257217 0.033471
v 0.045482 -0.259315 0.038997
v 0.036108 -0.263524 0.031593
vn -0.9647 -0.0022 0.2634
vn -0.7120 -0.0026 -0.7022
vn -0.3191 -0.0995 -0.9425
vn 0.2667 0.2103 -0.9406
vn 0.5947 0.0824 -0.7997
vn 0.2739 0.8748 0.3997
vn 0.6674 -0.2273 0.7092
vn 0.3592 -0.1415 0.9225
vn 0.1776 0.8815 0.4375
vn 0.3938 -0.3264 0.8593
vn 0.5326 -0.2804 0.7986
vn 0.2457 0.8388 0.4858
vn 0.0681 -0.9968 -0.0407
vn -0.0992 -0.0134 0.9950
vn -0.1110 0.7947 0.5967
vt 0.521120 0.075194
vt 0.367595 0.000000
vt 0.434183 0.000000
vt 0.486664 0.296888
vt 0.733204 0.154312
vt 1.000000 0.010149
vt 1.000000 0.138943
vt 0.434183 0.434183
vt 0.138128 0.000000
vt 0.138334 0.138334
vt 0.011043 0.000000
vt 1.000000 0.266667
vt 0.138127 0.138127
vt 0.011043 0.011043
vt 0.716722 0.478948
vt 0.348738 0.348738
vt 0.266667 0.266667
vt 0.399621 0.781250
vt 0.375000 0.781250
vt 0.375000 0.750000
vt 0.402488 0.750000
vt 0.375000 0.826847
vt 0.375000 0.812500
vt 0.388737 0.825828
vt 0.392884 0.812500
vt 0.399621 0.781250
vt 0.347000 0.710583
vt 0.375000 0.735536
vt 0.343750 0.750000
vt 0.312500 0.750000
vt 0.298178 0.750000
vt 0.290713 0.731847
vt 0.329438 0.699139
vt 0.392566 0.739823
vt 0.375000 0.737028
s 0
usemtl マテリアル
f 764/920/608 768/921/608 765/922/608
f 768/923/609 766/924/609 767/925/609 769/926/609 765/927/609
f 772/928/610 769/929/610 767/930/610
f 770/931/611 772/932/611 767/933/611
f 771/934/612 772/935/612 770/936/612
s 1
f 758/937/613 754/938/614 752/939/615 759/940/616
f 755/941/617 753/942/618 757/943/619
f 757/944/619 753/942/618 754/938/614 758/945/613
f 761/946/620 763/947/621 752/939/615 754/948/614 753/949/618 755/950/617 756/951/620 760/952/620
f 762/953/622 759/940/616 752/939/615 763/954/621
o 立方体.002_cell.014
v 0.009493 -0.101018 0.013913
v 0.003655 -0.096044 0.013421
v 0.004016 -0.101018 0.016036
v 0.003608 -0.127114 0.013114
v 0.008159 -0.097543 0.009441
v 0.010806 -0.106882 0.012162
v 0.003777 -0.098474 0.006568
v 0.008120 -0.122501 0.011900
v 0.004016 -0.101018 0.016036
v 0.003608 -0.127114 0.013114
v 0.010806 -0.106882 0.012162
v 0.008120 -0.122501 0.011900
v 0.009493 -0.101018 0.013913
v 0.003655 -0.096044 0.013421
v 0.008159 -0.097543 0.009441
v 0.003777 -0.098474 0.006568
vn -0.9906 0.0001 0.1371
vn 0.8320 0.5300 0.1637
vn 0.3211 0.4589 0.8285
vn -0.9998 0.0017 -0.0185
vn 0.3482 -0.1426 -0.9265
vn 0.5763 -0.1127 0.8094
vn 0.4006 -0.1106 0.9095
vn 0.3719 -0.1099 0.9217
vn 0.3601 -0.1096 0.9265
vn 0.0186 0.9424 -0.3339
vt 0.288278 0.288278
vt 0.229825 0.000000
vt 1.000000 0.185482
vt 0.920006 0.319666
vt 0.451310 0.000000
vt 0.670547 0.000000
vt 1.000000 0.289291
vt 0.385444 0.385444
vt 1.000000 0.175595
vt 1.000000 0.291846
vt 0.347726 0.000000
vt 1.000000 0.000000
vt 1.000000 0.770175
vt 1.000000 1.000000
vt 0.334947 0.051936
vt 0.329453 0.000000
vt 0.548690 0.000000
vt 0.909855 0.532321
vt 0.537206 0.759984
vt 0.541667 0.781250
vt 0.525326 0.781250
vt 0.541667 0.812500
vt 0.522358 0.787937
vt 0.695319 0.700212
vt 0.698039 0.683927
vt 0.702469 0.680627
s 0
usemtl マテリアル
f 781/955/623 786/956/623 782/957/623
f 773/958/624 783/959/624 787/960/624 786/961/624
f 773/962/625 786/963/625 781/964/625
f 788/965/626 782/966/626 786/967/626
f 782/968/627 788/969/627 787/970/627 783/971/627 784/972/627
s 1
f 778/973/628 785/974/629 780/975/630
f 780/975/630 785/974/629 775/976/631 776/977/631
f 774/978/632 777/979/632 779/980/632
o 立方体.002_cell.015
v -0.001624 -0.246262 0.000889
v -0.041299 -0.260779 0.018151
v -0.001356 -0.257674 0.000966
v -0.015246 -0.249910 0.006932
v -0.011306 -0.263524 0.005186
v -0.006422 -0.263524 -0.000508
v -0.025961 -0.263524 -0.006197
v -0.016669 -0.249976 -0.003493
v -0.013227 -0.244040 -0.002490
v -0.012794 -0.241379 0.002681
v -0.039854 -0.255508 0.011343
v -0.035392 -0.254124 -0.000000
v -0.032854 -0.263524 0.000369
v -0.031119 -0.253297 -0.006521
v -0.015246 -0.249910 0.006932
v -0.041299 -0.260779 0.018151
v -0.041299 -0.260779 0.018151
v -0.041299 -0.260779 0.018151
v -0.012794 -0.241379 0.002681
v -0.011306 -0.263524 0.005186
v -0.025961 -0.263524 -0.006197
v -0.006422 -0.263524 -0.000508
v -0.039854 -0.255508 0.011343
v -0.016669 -0.249976 -0.003493
v -0.013227 -0.244040 -0.002490
v -0.032854 -0.263524 0.000369
v -0.035392 -0.254124 -0.000000
v -0.031119 -0.253297 -0.006521
vn 0.3644 0.1593 0.9175
vn 0.3951 0.0010 0.9186
vn 0.3959 -0.0111 0.9182
vn 0.5865 -0.6347 0.5031
vn -0.0179 -0.9966 0.0799
vn 0.2938 0.8397 -0.4566
vn -0.8888 -0.2531 -0.3821
vn -0.7155 -0.3028 -0.6296
vn -0.1259 0.8948 0.4283
vn -0.5532 0.8223 0.1335
vn -0.5676 0.8230 0.0229
vn -0.2159 0.9763 0.0157
vn -0.2199 0.9753 -0.0204
vn -0.0734 0.7961 0.6008
vn 0.2619 0.0130 -0.9650
vn -0.8335 0.5166 -0.1961
vn -0.9158 0.4013 0.0160
vt 1.000000 0.713345
vt 1.000000 1.000000
vt 0.000000 0.000000
vt 0.218201 0.000000
vt 1.000000 0.000000
vt 0.713345 0.713345
vt 0.166628 0.000000
vt 1.000000 0.701213
vt 1.000000 0.724670
vt 0.751047 0.751047
vt 0.163760 0.663932
vt 0.186664 0.622186
vt 0.197575 0.611396
vt 0.237705 0.623987
vt 0.227756 0.635568
vt 1.000000 0.781799
vt 0.702964 0.702964
vt 0.656657 0.000000
vt 0.722420 0.584237
vt 0.573780 0.573780
vt 0.337819 0.337819
vt 0.341747 0.000000
vt 0.606769 0.000000
vt 0.410999 0.093750
vt 0.458333 0.093750
vt 0.458333 0.125000
vt 0.418472 0.125000
vt 0.425402 0.156250
vt 0.453223 0.156250
vt 0.406886 0.082660
vt 0.398520 0.062500
vt 0.657868 0.000000
vt 0.724670 0.724670
vt 0.393231 0.000000
vt 0.658253 0.000000
vt 0.630239 0.482385
vt 0.467295 0.153133
vt 0.473681 0.125000
s 0
usemtl マテリアル
f 803/981/633 791/982/633 789/983/633 807/984/633
f 804/985/634 791/982/634 803/986/634
f 804/987/635 808/988/635 791/982/635
f 810/989/636 791/982/636 808/990/636
s 1
f 806/991/637 801/992/637 809/993/637 794/994/637 793/995/637
s 0
f 807/996/638 789/982/638 813/997/638
f 815/998/639 814/985/639 805/982/639 811/999/639
f 814/1000/640 815/1001/640 816/1002/640 795/1003/640
s 1
f 799/1004/641 792/1005/642 796/1006/643 800/1007/644
f 802/1008/645 800/1007/644 796/1009/643
f 792/1005/642 799/1010/641 790/1011/646
s 0
f 813/1012/647 789/985/647 791/982/647 810/1013/647 795/1014/647 816/1015/647 812/1016/647
s 1
f 797/1017/648 796/1006/643 798/1018/649
f 796/1006/643 792/1005/642 798/1018/649
o 立方体.002_cell.016
v -0.006331 -0.112531 0.003344
v -0.002869 -0.125868 0.005037
v -0.012999 -0.096341 0.002377
v -0.013430 -0.106174 0.009164
v -0.011039 -0.114282 0.010937
v -0.014708 -0.101018 0.007702
v -0.014660 -0.115386 0.003068
v -0.016469 -0.101018 0.001049
v -0.012777 -0.126958 0.004714
v -0.019075 -0.096005 0.008208
v -0.008416 -0.121750 0.011795
v -0.009972 -0.126895 0.009972
v -0.013430 -0.106174 0.009164
v -0.011039 -0.114282 0.010937
v -0.014708 -0.101018 0.007702
v -0.014660 -0.115386 0.003068
v -0.012777 -0.126958 0.004714
v -0.016469 -0.101018 0.001049
v -0.019075 -0.096005 0.008208
v -0.008416 -0.121750 0.011795
v -0.009972 -0.126895 0.009972
vn 0.6216 0.4788 0.6200
vn 0.7606 0.3454 0.5497
vn -0.3940 -0.2157 -0.8935
vn 0.1520 -0.0750 -0.9855
vn -0.5482 0.5782 -0.6044
vn 0.7654 0.3321 0.5512
vn 0.7933 0.0776 0.6039
vn -0.8392 -0.1240 0.5295
vn -0.9038 -0.1153 0.4121
vn -0.8780 -0.1214 0.4630
vn -0.8120 -0.1233 0.5705
vn -0.8965 -0.3569 0.2623
vn -0.9442 -0.1040 0.3126
vn -0.5794 -0.1108 0.8075
vn -0.9195 -0.3088 0.2434
vn 0.1107 -0.9927 -0.0471
vn -0.7301 -0.6555 0.1933
vt 0.968971 0.968971
vt 0.832693 0.832693
vt 1.000000 0.925706
vt 0.924112 0.000000
vt 1.000000 0.000000
vt 0.992669 0.992669
vt 0.934729 0.815969
vt 0.928481 0.501839
vt 0.000000 0.000000
vt 0.960396 0.960396
vt 0.978774 0.978774
vt 0.076532 0.000000
vt 0.454026 0.389306
vt 1.000000 0.945368
vt 1.000000 0.832693
vt 0.994453 0.994453
vt 0.945987 0.945987
vt 0.982922 0.074022
vt 0.370442 0.000000
vt 0.410459 0.000000
vt 1.000000 1.000000
vt 0.370442 0.370442
vt 0.531577 0.000790
vt 0.537744 0.031250
vt 0.521930 0.031250
vt 0.521983 0.000000
vt 0.541667 0.093750
vt 0.530738 0.093750
vt 0.521925 0.062500
vt 0.525079 0.968750
vt 0.525897 0.972236
vt 0.531420 1.000000
vt 0.541667 0.062500
vt 0.541667 0.115349
vt 0.530738 0.093750
vt 1.000000 0.933577
vt 0.594842 0.564903
vt 0.543548 0.093750
s 0
usemtl マテリアル
f 819/1019/650 835/1020/650 831/1021/650
f 830/1022/651 817/1023/651 819/1024/651 831/1025/651 829/1026/651
f 817/1027/652 818/1023/652 819/1028/652
f 819/1029/653 818/1027/653 833/1030/653 832/1031/653 834/1032/653
f 835/1033/654 819/1034/654 834/1035/654
f 817/1023/655 830/1036/655 836/1037/655
f 837/1038/656 818/1023/656 817/1039/656 836/1040/656
s 1
f 821/1041/657 820/1042/658 825/1043/659 828/1044/660
f 822/1045/661 823/1046/662 825/1047/659
f 828/1048/660 827/1049/663 821/1050/657
f 822/1051/661 825/1043/659 820/1042/658
f 822/1045/661 824/1052/664 823/1053/662
s 0
f 833/1054/665 818/1039/665 837/1055/665
s 1
f 824/1052/664 822/1045/661 826/1056/666
o 立方体.002_cell.017
v -0.026629 -0.063119 0.041071
v -0.019337 -0.062374 0.044937
v -0.021340 -0.059800 0.040448
v -0.027834 -0.060165 0.036698
v -0.047616 -0.021724 0.069743
v -0.028599 -0.035024 0.059047
v -0.040675 -0.020920 0.073497
v -0.037837 -0.037126 0.052651
v -0.054372 -0.029147 0.057273
v -0.041189 -0.041524 0.045800
v -0.032301 -0.062707 0.037800
v -0.011896 -0.058255 0.045242
v -0.009743 -0.060534 0.049444
v -0.005228 -0.052660 0.050967
v -0.006656 -0.041635 0.059729
v -0.011639 -0.027818 0.076581
v -0.011955 -0.038122 0.062013
v -0.033037 -0.020975 0.076773
v -0.016467 -0.024868 0.078594
v -0.026629 -0.063119 0.041071
v -0.026629 -0.063119 0.041071
v -0.026629 -0.063119 0.041071
v -0.019337 -0.062374 0.044937
v -0.047616 -0.021724 0.069743
v -0.040675 -0.020920 0.073497
v -0.037837 -0.037126 0.052651
v -0.041189 -0.041524 0.045800
v -0.054372 -0.029147 0.057273
v -0.032301 -0.062707 0.037800
v -0.032301 -0.062707 0.037800
v -0.032301 -0.062707 0.037800
v -0.005228 -0.052660 0.050967
v -0.006656 -0.041635 0.059729
v -0.011955 -0.038122 0.062013
v -0.011639 -0.027818 0.076581
v -0.016467 -0.024868 0.078594
v -0.033037 -0.020975 0.076773
v -0.021340 -0.059800 0.040448
v -0.027834 -0.060165 0.036698
v -0.028599 -0.035024 0.059047
v -0.009743 -0.060534 0.049444
v -0.011896 -0.058255 0.045242
vn 0.3819 -0.7180 -0.5820
vn 0.2196 0.7839 -0.5807
vn 0.2065 0.7744 -0.5981
vn 0.4106 -0.6984 -0.5862
vn 0.2849 -0.7561 -0.5892
vn 0.8490 -0.2570 0.4617
vn 0.2773 0.7816 -0.5588
vn 0.2472 0.7886 -0.5631
vn -0.3656 -0.6473 0.6688
vn -0.2707 -0.6419 0.7174
vn -0.2725 -0.6420 0.7167
vn -0.3063 -0.6420 0.7029
vn -0.3529 -0.6464 0.6765
vn -0.0552 -0.6475 0.7600
vn 0.4490 -0.7201 0.5289
vn 0.2892 -0.3852 -0.8763
vn 0.3475 -0.5866 0.7315
vn -0.6480 0.0157 -0.7615
vn 0.3598 0.6138 -0.7027
vn 0.4301 0.4098 -0.8044
vn 0.3435 0.3268 -0.8805
vn 0.2891 0.5983 -0.7473
vn -0.2832 0.4937 -0.8222
vn 0.1684 0.5953 -0.7856
vn 0.3697 0.5993 -0.7100
vn 0.1549 0.5209 -0.8395
vn -0.4288 -0.6496 0.6278
vn 0.3793 -0.7149 -0.5874
vt 0.312221 0.008179
vt 0.060875 0.042182
vt 0.209567 0.000000
vt 1.000000 0.484034
vt 1.000000 0.772078
vt 0.502589 0.334503
vt 0.203129 0.000000
vt 0.543945 0.000000
vt 1.000000 0.391188
vt 0.772078 0.772078
vt 0.484034 0.484034
vt 0.367330 0.044970
vt 1.000000 0.661487
vt 0.770077 0.557395
vt 0.286912 0.085878
vt 0.946250 0.946250
vt 1.000000 0.514125
vt 1.000000 0.712863
vt 0.220973 0.000000
vt 0.524628 0.000000
vt 0.107118 0.107118
vt 1.000000 0.377479
vt 0.524628 0.524628
vt 0.220973 0.220973
vt 0.695944 0.561945
vt 0.624041 0.624041
vt 0.392388 0.362420
vt 0.456055 0.000000
vt 0.796871 0.000000
vt 0.793537 0.204813
vt 0.563229 0.964930
vt 0.563653 0.937500
vt 0.587207 0.937500
vt 0.587238 0.953479
vt 0.586781 0.968750
vt 0.584992 0.906250
vt 0.564700 0.904484
vt 0.567351 0.889138
vt 0.583313 0.897787
vt 0.564602 0.906250
vt 0.584992 0.906250
vt 0.587207 0.937500
vt 0.563730 0.934654
vt 0.222351 0.000000
vt 0.729513 0.729513
vt 0.391188 0.391188
vt 0.805627 0.736254
vt 0.833441 0.736254
vt 0.833441 0.736254
vt 0.764985 0.736254
vt 0.763801 0.736254
vt 0.777814 0.736254
vt 0.775698 0.736254
vt 0.784931 0.736254
vt 0.781220 0.736254
vt 0.848294 0.736254
vt 0.853318 0.736254
vt 0.563180 0.968750
vt 0.582558 0.995502
vt 0.563464 0.986812
vt 0.817029 0.736254
s 0
usemtl マテリアル
f 860/1057/667 857/1058/667 875/1059/667
f 863/1060/668 865/1061/668 861/1062/668 862/1063/668 877/1064/668
f 864/1065/669 865/1066/669 863/1067/669
f 878/1068/670 860/1069/670 875/1070/670 879/1071/670
f 876/1072/671 858/1073/671 867/1074/671
f 870/1075/672 872/1076/672 869/1077/672
f 871/1078/673 872/1079/673 870/1080/673
f 873/1081/674 872/1082/674 871/1083/674 877/1084/674 862/1085/674 874/1086/674
s 1
f 859/1087/675 839/1088/676 855/1089/677 844/1090/678 842/1091/679
f 856/1092/680 850/1093/681 851/1094/682 853/1095/683
f 850/1096/681 856/1097/680 855/1098/677 839/1099/676
s 0
f 866/1100/684 865/1101/684 864/1102/684
s 1
f 843/1103/685 840/1103/686 841/1104/687 845/1105/688
f 852/1106/689 851/1107/682 850/1108/681 854/1109/690
f 849/1110/691 840/1103/686 843/1103/685 854/1108/690 850/1111/681
f 845/1105/688 841/1104/687 848/1112/692 847/1113/692
f 859/1114/675 842/1091/679 846/1115/693 868/1116/693
f 841/1104/687 840/1117/686 838/1104/694
o 立方体.002_cell.018
v -0.001334 -0.244532 0.001893
v -0.005482 -0.240658 -0.001565
v -0.000498 -0.196806 0.004468
v -0.009048 -0.236985 0.009048
v -0.012123 -0.236985 0.002539
v -0.011385 -0.200640 -0.001206
v -0.011595 -0.214356 -0.002429
v -0.012113 -0.236564 -0.002537
v -0.010507 -0.197290 0.004522
v -0.006553 -0.196579 0.009599
v -0.000000 -0.196268 0.011397
v 0.000849 -0.201873 0.011448
v -0.011442 -0.241115 0.006366
v -0.004600 -0.245031 0.012785
v -0.000000 -0.240669 0.012935
v -0.011385 -0.200640 -0.001206
v -0.011595 -0.214356 -0.002429
v -0.012113 -0.236564 -0.002537
v -0.010507 -0.197290 0.004522
v -0.012123 -0.236985 0.002539
v -0.011442 -0.241115 0.006366
v -0.006553 -0.196579 0.009599
v -0.000000 -0.196268 0.011397
v 0.000849 -0.201873 0.011448
v -0.000000 -0.240669 0.012935
v -0.004600 -0.245031 0.012785
vn -0.0445 0.8653 -0.4993
vn 0.3854 0.0593 -0.9208
vn -0.6039 -0.7272 -0.3262
vn 0.6560 0.0292 -0.7542
vn -0.0265 0.9968 -0.0755
vn 0.9855 0.1486 -0.0824
vn 0.9888 -0.0174 -0.1483
vn -0.4426 -0.8125 -0.3793
vn -0.3773 -0.9130 -0.1550
vn 0.6752 -0.7179 0.1696
vn -0.2447 0.0101 0.9696
vn -0.6131 0.0418 0.7889
vn -0.3336 0.1494 0.9308
vn 0.1661 0.0341 0.9855
vn -0.8201 -0.0069 0.5722
vn -0.9085 0.0370 0.4163
vn -0.5325 0.0213 0.8462
vn -0.9884 0.0288 0.1493
vn -0.9977 0.0275 0.0626
vn -0.4202 0.1807 0.8893
vn -0.0486 0.9937 -0.1014
vt 1.000000 0.000000
vt 1.000000 0.277275
vt 0.761257 0.000000
vt 0.000000 0.000000
vt 1.000000 0.177842
vt 0.565551 0.241509
vt 0.277275 0.277275
vt 0.184449 0.184449
vt 0.152219 0.000000
vt 0.179073 0.125305
vt 1.000000 1.000000
vt 1.000000 0.887208
vt 0.932986 0.929803
vt 0.882138 0.882138
vt 1.000000 0.827710
vt 0.748263 0.000000
vt 0.827710 0.827710
vt 1.000000 0.847781
vt 0.137002 0.137002
vt 0.231153 0.073776
vt 1.000000 0.690136
vt 0.784711 0.734460
vt 0.489575 0.937500
vt 0.479167 0.937500
vt 0.479167 0.906250
vt 0.488176 0.863787
vt 0.489615 0.875000
vt 0.479167 0.865449
vt 0.479167 0.031250
vt 0.479167 0.000000
vt 0.489417 0.031250
vt 0.489535 0.968750
vt 0.479167 0.093750
vt 0.479167 0.062500
vt 0.489286 0.093750
vt 0.479167 0.125000
vt 0.489186 0.125000
vt 0.488493 0.140954
vt 0.484973 0.156250
vt 0.479275 0.156250
vt 0.489480 1.000000
vt 0.479167 0.968750
vt 0.489532 0.970998
vt 0.468687 0.906250
vt 0.468085 0.968750
vt 0.479167 1.000000
vt 0.469832 1.000000
vt 0.936088 0.045222
vt 0.931578 0.000000
s 0
usemtl マテリアル
f 882/1118/695 895/1119/695 898/1120/695
f 882/1121/696 881/1118/696 897/1122/696 896/1123/696 895/1124/696
f 897/1125/697 881/1121/697 900/1126/697 899/1127/697
f 880/1121/698 881/1118/698 882/1128/698
f 902/1129/699 882/1128/699 889/1130/699
f 902/1131/700 903/1132/700 882/1128/700
f 904/1133/701 880/1118/701 882/1128/701 903/1134/701
f 900/1135/702 881/1128/702 880/1121/702
f 900/1136/703 880/1121/703 905/1137/703
f 905/1138/704 880/1128/704 904/1139/704
s 1
f 890/1140/705 883/1141/706 894/1142/707
f 891/1143/708 890/1144/705 894/1145/707
f 892/1146/709 883/1147/706 888/1148/710
f 901/1149/711 883/1141/706 890/1140/705
f 884/1150/712 892/1151/709 888/1152/710
f 884/1153/712 888/1154/710 885/1155/713 886/1156/713 887/1157/713
f 888/1158/710 883/1159/706 901/1160/711
f 893/1161/714 894/1142/707 883/1141/706
f 893/1162/714 883/1163/706 892/1164/709
s 0
f 898/1165/715 889/1166/715 882/1118/715
o 立方体.002_cell.019
v 0.138820 0.045452 0.000000
v 0.130852 0.045361 0.000000
v 0.127856 0.045452 0.055019
v 0.119686 0.045361 0.051503
v 0.136179 0.045452 0.028536
v 0.127932 0.045361 0.026713
v 0.117041 0.045452 0.079912
v 0.109204 0.045361 0.074448
v 0.101508 0.044063 0.100029
v 0.091335 0.038496 0.089451
v 0.095243 0.045361 0.093588
v 0.125078 0.038226 0.000000
v 0.110426 0.022536 0.017924
v 0.114308 0.018225 0.019272
v 0.130136 0.035047 0.000000
v 0.137806 0.045452 -0.010961
v 0.130045 0.045361 -0.007384
v 0.097875 0.028788 0.067044
v 0.101445 0.025017 0.071812
v 0.107620 0.019137 0.046311
v 0.103478 0.023440 0.044528
v 0.107582 0.019628 0.022466
v 0.111614 0.015455 0.023388
v 0.094625 0.032533 0.092718
v 0.091335 0.038496 0.089451
v 0.095243 0.045361 0.093588
v 0.095243 0.045361 0.093588
v 0.114308 0.018225 0.019272
v 0.130136 0.035047 0.000000
v 0.125078 0.038226 0.000000
v 0.110426 0.022536 0.017924
v 0.130045 0.045361 -0.007384
v 0.130045 0.045361 -0.007384
v 0.137806 0.045452 -0.010961
v 0.137806 0.045452 -0.010961
v 0.107620 0.019137 0.046311
v 0.111614 0.015455 0.023388
v 0.103478 0.023440 0.044528
v 0.107582 0.019628 0.022466
v 0.101445 0.025017 0.071812
v 0.094625 0.032533 0.092718
v 0.130852 0.045361 0.000000
v 0.138820 0.045452 0.000000
v 0.119686 0.045361 0.051503
v 0.109204 0.045361 0.074448
v 0.127856 0.045452 0.055019
v 0.117041 0.045452 0.079912
v 0.127932 0.045361 0.026713
v 0.136179 0.045452 0.028536
v 0.101508 0.044063 0.100029
v 0.101508 0.044063 0.100029
v 0.097875 0.028788 0.067044
vn -0.7173 -0.0127 0.6966
vn -0.3447 -0.5484 -0.7618
vn -0.4431 -0.5930 -0.6723
vn -0.7176 -0.6963 -0.0132
vn -0.8105 -0.5855 -0.0172
vn -0.0112 0.9999 -0.0000
vn -0.0113 0.9999 0.0011
vn 0.7677 -0.6408 -0.0000
vn 0.7671 -0.6403 0.0392
vn 0.7658 -0.6392 -0.0709
vn 0.0114 0.9996 0.0269
vn 0.0136 0.9995 0.0301
vn -0.0095 0.9999 -0.0037
vn -0.0096 0.9999 -0.0036
vn -0.0106 0.9999 -0.0022
vn -0.0105 0.9999 -0.0022
vn 0.0340 0.9976 0.0608
vn 0.6700 -0.6488 0.3607
vn 0.6635 -0.6491 0.3721
vn 0.6233 -0.6488 0.4365
vn 0.7485 -0.6417 0.1672
vn 0.7518 -0.6417 0.1515
vn 0.7155 -0.6437 0.2715
vn 0.7190 -0.6431 0.2637
vn 0.7658 -0.6392 0.0709
vn -0.7601 0.6284 -0.1655
vn -0.7774 0.6290 0.0001
vn -0.7766 0.6283 -0.0467
vn -0.7746 0.6267 -0.0846
vn -0.7567 0.6282 -0.1811
vn -0.7745 0.6269 0.0847
vn -0.6262 0.6320 -0.4566
vn -0.6682 0.6317 -0.3930
vn -0.6806 0.6309 -0.3725
vn -0.7245 0.6272 -0.2859
vn -0.7275 0.6270 -0.2786
vt 0.724044 0.456146
vt 0.235674 0.000000
vt 0.268364 0.000000
vt 1.000000 0.690434
vt 1.000000 0.518904
vt 1.000000 0.546000
vt 0.626782 0.445363
vt 0.479054 0.411338
vt 0.377343 0.357611
vt 0.598306 0.410180
vt 0.518904 0.518904
vt 0.561806 0.000000
vt 0.591068 0.000000
vt 0.546000 0.546000
vt 0.591068 0.591068
vt 0.566935 0.562086
vt 0.764299 0.590905
vt 1.000000 0.635587
vt 0.997357 0.661019
vt 0.790482 0.621140
vt 0.661694 0.661694
vt 0.635587 0.635587
vt 0.793226 0.000000
vt 0.828434 0.000000
vt 0.638746 0.625000
vt 0.625000 0.625000
vt 0.625000 0.612997
vt 0.638746 0.617312
vt 0.619080 0.625000
vt 0.638746 0.708441
vt 0.625000 0.718750
vt 0.625000 0.687500
vt 0.638746 0.680627
vt 0.638746 0.652814
vt 0.625000 0.656250
vt 0.625000 0.748760
vt 0.638746 0.734930
vt 0.612976 0.718750
vt 0.624210 0.748713
vt 0.617650 0.748252
vt 0.607933 0.656250
vt 0.610028 0.687500
vt 0.610028 0.687500
vt 0.607917 0.655370
vt 0.609509 0.650307
vt 0.638746 0.646765
vt 0.638746 0.734655
vt 0.638746 0.734930
vt 0.638746 0.708769
vt 0.638746 0.652814
s 0
usemtl マテリアル
f 931/1167/716 930/1168/716 946/1169/716 955/1170/716
f 933/1171/717 936/1172/717 935/1173/717 937/1174/717 939/1175/717 934/1176/717
f 933/1177/718 942/1178/718 944/1179/718 936/1180/718
f 944/1181/719 942/1182/719 941/1183/719 945/1184/719 957/1185/719 943/1186/719
f 957/1187/720 945/1188/720 946/1189/720 930/1190/720
s 1
f 947/1191/721 948/1192/721 940/1193/722 938/1194/722
f 906/1192/723 920/1195/724 921/1193/725
f 950/1196/726 952/1197/727 951/1198/728 949/1199/729
f 953/1200/730 954/1201/731 948/1192/721 947/1191/721
f 956/1202/732 952/1197/727 950/1196/726 932/1203/732
f 949/1199/729 951/1198/728 954/1201/731 953/1200/730
f 924/1204/733 912/1197/734 914/1205/735 929/1206/735
f 928/1207/736 910/1201/737 908/1198/738 925/1208/739
f 925/1209/739 908/1198/738 912/1197/734 924/1204/733
f 928/1210/736 919/1211/740 920/1195/724 906/1192/723 910/1201/737
f 911/1200/741 907/1191/742 917/1191/743 918/1212/744 927/1200/745
f 922/1194/746 917/1191/743 907/1191/742
f 915/1213/747 916/1214/747 913/1196/748 923/1215/749
f 913/1196/748 909/1199/750 926/1199/751 923/1196/749
f 909/1199/750 911/1200/741 927/1216/745 926/1199/751
o 立方体.002_cell.020
v 0.021571 -0.029626 0.066241
v 0.027105 -0.015862 0.083105
v 0.027941 -0.028693 0.064930
v 0.056261 -0.019841 0.065639
v 0.050746 -0.015214 0.074327
v 0.035222 -0.014374 0.081850
v 0.038670 -0.029627 0.059239
v 0.027689 -0.005507 0.084595
v 0.034639 -0.003066 0.084359
v 0.028520 -0.010388 0.087438
v 0.048277 -0.033954 0.048277
v 0.060454 -0.021997 0.060454
v 0.060548 -0.031104 0.046797
v 0.066251 -0.022046 0.037972
v 0.060961 -0.026187 0.041568
v 0.070987 -0.023726 0.040556
v 0.065146 -0.028253 0.044477
v 0.069034 -0.022732 0.047131
v 0.059808 -0.012690 0.061317
v 0.061023 -0.016104 0.066192
v 0.066456 -0.018037 0.045313
v 0.055023 -0.011142 0.066359
v 0.037625 -0.007112 0.087434
v 0.049310 -0.009339 0.072321
v 0.021571 -0.029626 0.066241
v 0.027941 -0.028693 0.064930
v 0.038670 -0.029627 0.059239
v 0.056261 -0.019841 0.065639
v 0.050746 -0.015214 0.074327
v 0.050746 -0.015214 0.074327
v 0.050746 -0.015214 0.074327
v 0.035222 -0.014374 0.081850
v 0.027105 -0.015862 0.083105
v 0.027689 -0.005507 0.084595
v 0.034639 -0.003066 0.084359
v 0.028520 -0.010388 0.087438
v 0.060454 -0.021997 0.060454
v 0.060548 -0.031104 0.046797
v 0.066251 -0.022046 0.037972
v 0.060961 -0.026187 0.041568
v 0.065146 -0.028253 0.044477
v 0.070987 -0.023726 0.040556
v 0.069034 -0.022732 0.047131
v 0.055023 -0.011142 0.066359
v 0.049310 -0.009339 0.072321
v 0.048277 -0.033954 0.048277
v 0.037625 -0.007112 0.087434
v 0.061023 -0.016104 0.066192
v 0.066456 -0.018037 0.045313
v 0.059808 -0.012690 0.061317
vn 0.2325 -0.7895 0.5680
vn -0.1637 0.4956 0.8530
vn -0.9529 0.0101 0.3032
vn 0.2517 -0.8044 0.5381
vn 0.1009 -0.7287 -0.6773
vn 0.8353 0.5232 0.1691
vn 0.8067 0.5865 0.0720
vn 0.6023 0.7166 0.3517
vn 0.6701 0.5394 0.5099
vn 0.6665 -0.6219 0.4113
vn 0.6726 -0.6254 0.3956
vn 0.4915 -0.6443 0.5859
vn 0.6074 -0.6236 0.4921
vn 0.6494 -0.6115 0.4520
vn -0.5311 0.6360 -0.5598
vn -0.5162 0.6363 -0.5733
vn -0.6516 0.6287 -0.4244
vn -0.6511 0.6287 -0.4252
vn 0.2680 -0.6415 0.7188
vn 0.2660 -0.6414 0.7196
vn 0.3060 -0.6419 0.7031
vn -0.2820 0.6258 -0.7272
vn -0.3743 0.6309 -0.6796
vn -0.3890 0.6320 -0.6702
vn 0.2306 -0.6400 0.7330
vn -0.4466 0.6348 -0.6306
vn -0.2445 0.6257 -0.7408
vn 0.4369 -0.6489 0.6230
vn -0.7096 0.6266 -0.3223
vn 0.7030 -0.6420 0.3060
vt 0.458263 0.285535
vt 0.492733 0.000000
vt 0.886253 0.000000
vt 0.991991 0.318273
vt 0.926907 0.710257
vt 0.835482 0.835482
vt 0.393508 0.393508
vt 1.000000 0.959132
vt 0.043704 0.000000
vt 0.169087 0.000000
vt 1.000000 0.836380
vt 0.977393 0.977393
vt 0.910646 0.910646
vt 1.000000 0.393508
vt 1.000000 0.835482
vt 1.000000 0.113747
vt 0.959253 0.487849
vt 0.435301 0.435301
vt 0.216690 0.216690
vt 0.742367 0.085355
vt 0.413024 0.178884
vt 0.066533 0.066533
vt 0.413004 0.000000
vt 0.790009 0.123762
vt 1.000000 0.216690
vt 1.000000 0.435301
vt 1.000000 0.000000
vt 0.947181 0.834445
vt 0.611991 0.222865
vt 0.881172 0.881172
vt 0.000000 0.000000
vt 0.036897 0.000000
vt 0.336536 0.287058
vt 1.000000 0.844653
vt 0.967358 0.967358
vt 0.844653 0.844653
vt 1.000000 0.936318
vt 0.988960 0.604173
vt 0.967539 0.967539
vt 0.846529 0.846529
vt 0.862474 0.594369
vt 0.830913 0.000000
vt 0.959647 0.031173
vt 0.583066 0.718750
vt 0.586207 0.718750
vt 0.588895 0.750000
vt 0.586625 0.750000
vt 0.581444 0.728643
vt 0.638746 0.736254
vt 0.638746 0.736254
vt 0.638746 0.708441
vt 0.595094 0.812500
vt 0.590963 0.812500
vt 0.591672 0.781250
vt 0.694373 0.736254
vt 0.694373 0.736254
vt 0.666559 0.736254
vt 0.669565 0.736254
vt 0.595310 0.814096
vt 0.593230 0.826746
vt 0.590116 0.826741
vt 0.666560 0.736254
vt 0.646201 0.736254
vt 0.638746 0.736254
vt 0.707084 0.736254
vt 0.706859 0.736254
vt 0.590484 0.781250
vt 0.587852 0.762930
vt 0.590167 0.759577
vt 0.638746 0.697077
vt 0.586207 0.718750
vt 0.585642 0.705703
s 0
usemtl マテリアル
f 983/1217/752 984/1218/752 985/1219/752 986/1220/752 989/1221/752 990/1222/752 982/1223/752
f 993/1224/753 980/1225/753 992/1226/753 991/1227/753
f 993/1228/754 991/1229/754 982/1230/754 990/1231/754
f 985/1232/755 984/1233/755 1003/1234/755 995/1235/755 994/1236/755
f 997/1237/756 996/1238/756 999/1239/756 998/1240/756 995/1241/756 1003/1242/756
f 999/1243/757 1005/1244/757 1000/1245/757
f 1005/1246/758 999/1247/758 996/1248/758 978/1249/758 1007/1250/758
f 1005/1251/759 1007/1252/759 1001/1253/759
f 987/1254/760 1005/1255/760 1001/1256/760 1002/1257/760 992/1258/760 980/1259/760
s 1
f 974/1260/761 975/1261/762 977/1262/763 969/1263/764 970/1264/765
f 968/1265/766 976/1266/767 1006/1267/768 972/1267/769
f 1004/1268/770 963/1269/771 962/1270/772
f 960/1271/773 966/1272/773 981/1273/774 964/1274/775
f 963/1269/771 1004/1275/770 967/1276/776 959/1277/776
f 964/1278/775 981/1273/774 979/1279/777 976/1265/767 968/1280/766
f 966/1271/773 960/1271/773 958/1281/778 965/1282/778
f 988/1283/779 961/1284/779 969/1263/764 977/1285/763
f 972/1267/769 1006/1267/768 971/1286/780
f 975/1287/762 974/1260/761 973/1288/781
o 立方体.002_cell.021
v -0.012204 -0.096043 -0.016455
v -0.004160 -0.101218 -0.011574
v -0.002283 -0.126950 -0.005611
v -0.009493 -0.101018 -0.013913
v -0.007127 -0.127755 -0.011699
v -0.008432 -0.117624 -0.012357
v -0.009625 -0.107678 -0.012893
v -0.005063 -0.099607 -0.016933
v -0.008432 -0.117624 -0.012357
v -0.008432 -0.117624 -0.012357
v -0.008432 -0.117624 -0.012357
v -0.009625 -0.107678 -0.012893
v -0.007127 -0.127755 -0.011699
v -0.004160 -0.101218 -0.011574
v -0.005063 -0.099607 -0.016933
v -0.009493 -0.101018 -0.013913
vn -0.7773 -0.0594 0.6263
vn 0.5301 -0.1386 -0.8366
vn -0.4220 0.1753 0.8895
vn 0.7773 0.0594 -0.6263
vn -0.4244 0.1777 0.8879
vn 0.3446 -0.5102 -0.7880
vn -0.4071 -0.1110 -0.9066
vn -0.5755 -0.1127 -0.8100
vn 0.0474 -0.0902 -0.9948
vn 0.3878 -0.5234 -0.7587
vn 0.4881 -0.0505 -0.8713
vn 0.0967 -0.9485 -0.3015
vn 0.6370 -0.1296 -0.7598
vn 0.3077 0.7026 -0.6416
vt 0.000000 0.000000
vt 1.000000 0.048490
vt 0.546983 0.066530
vt 0.083414 0.083414
vt 1.000000 0.005288
vt 0.530823 0.005135
vt 1.000000 0.000000
vt 1.000000 1.000000
vt 0.914022 0.914022
vt 1.000000 0.759963
vt 0.541667 0.281250
vt 0.529035 0.281250
vt 0.536601 0.274189
vt 0.521309 0.312500
vt 0.541667 0.312500
vt 0.541667 0.329552
vt 0.528232 0.333454
vt 0.541667 0.329552
vt 0.543212 0.312500
vt 0.542470 0.330618
vt 0.759964 0.759964
vt 0.184750 0.000000
vt 0.465152 0.321522
vt 0.521329 0.289753
s 0
usemtl マテリアル
f 1010/1289/782 1019/1290/782 1016/1291/782 1020/1292/782
f 1019/1289/783 1008/1293/783 1011/1294/783
f 1021/1289/784 1019/1295/784 1010/1296/784
f 1010/1296/785 1020/1297/785 1013/1298/785
f 1008/1295/786 1019/1296/786 1021/1289/786
s 1
f 1023/1299/787 1018/1300/788 1014/1301/789
f 1012/1302/790 1023/1303/787 1009/1304/791 1017/1305/792
f 1009/1306/791 1023/1307/787 1022/1308/793
s 0
f 1013/1309/794 1021/1295/794 1010/1296/794
f 1008/1296/795 1021/1289/795 1015/1310/795 1011/1311/795
s 1
f 1012/1312/790 1018/1300/788 1023/1303/787
o 立方体.002_cell.022
v -0.001434 -0.195503 0.000447
v -0.005139 -0.127985 0.000359
v -0.002184 -0.128184 0.005180
v -0.007625 -0.155795 0.007625
v -0.010437 -0.155795 0.000000
v -0.002142 -0.155795 0.010231
v -0.012358 -0.128896 0.005318
v -0.012039 -0.129883 -0.005771
v -0.007718 -0.128799 0.011309
v -0.013445 -0.128945 0.000000
v -0.009970 -0.172798 -0.004290
v -0.011170 -0.196114 -0.002339
v -0.010467 -0.195441 0.004504
v -0.002331 -0.194458 0.011132
v -0.001993 -0.129437 0.013195
v -0.001430 -0.177917 0.010824
v -0.013445 -0.128945 0.000000
v -0.012358 -0.128896 0.005318
v -0.012039 -0.129883 -0.005771
v -0.007718 -0.128799 0.011309
v -0.001993 -0.129437 0.013195
v -0.009970 -0.172798 -0.004290
v -0.011170 -0.196114 -0.002339
v -0.010437 -0.155795 0.000000
v -0.010467 -0.195441 0.004504
v -0.002331 -0.194458 0.011132
v -0.002142 -0.155795 0.010231
v -0.001430 -0.177917 0.010824
vn -0.1154 0.9932 0.0145
vn -0.1049 0.9772 -0.1845
vn -0.0314 0.9958 0.0858
vn 0.8525 0.0461 -0.5206
vn 0.6583 0.0351 -0.7519
vn 0.0499 -0.0653 -0.9966
vn 0.0382 -0.9942 0.1005
vn 0.9999 0.0116 0.0001
vn 0.9947 -0.0525 0.0887
vn -0.9058 -0.1035 0.4109
vn -0.7545 -0.0581 0.6537
vn -0.5809 -0.1007 0.8077
vn -0.9629 -0.0470 0.2658
vn -0.9938 -0.1113 0.0027
vn -0.4840 -0.0618 0.8729
vn -0.8786 0.0087 0.4775
vn -0.5494 -0.0010 0.8356
vn -0.0941 0.0237 0.9953
vn -0.9697 -0.1086 -0.2186
vn -0.9974 0.0140 0.0707
vn -0.3216 -0.1040 0.9411
vn 0.0354 -0.9949 0.0943
vn -0.9730 0.0310 -0.2285
vt 0.916805 0.000000
vt 1.000000 0.000000
vt 0.981644 0.047025
vt 0.087338 0.087338
vt 0.000000 0.000000
vt 0.768805 0.023294
vt 0.926748 0.255599
vt 0.933666 0.000000
vt 1.000000 1.000000
vt 0.916805 0.916805
vt 0.213981 0.000000
vt 0.464169 0.350083
vt 0.646537 0.605582
vt 0.084537 0.084537
vt 0.125948 0.056196
vt 0.782842 0.388849
vt 0.717755 0.000000
vt 0.749766 0.749766
vt 0.717755 0.717755
vt 1.000000 0.839205
vt 0.520508 0.031250
vt 0.500000 0.000000
vt 0.520546 0.000000
vt 0.500000 0.062500
vt 0.520461 0.062500
vt 0.520437 0.093750
vt 0.500000 1.000000
vt 0.500000 0.968750
vt 0.520546 1.000000
vt 0.520461 0.062500
vt 0.500000 0.031250
vt 0.489884 0.031250
vt 0.500000 0.906250
vt 0.490092 0.893161
vt 0.494324 0.894862
vt 0.520107 0.168615
vt 0.519876 0.187500
vt 0.500000 0.156250
vt 0.489654 0.156250
vt 0.489709 0.125000
vt 0.489994 0.968750
vt 0.489942 1.000000
vt 0.520544 0.952992
vt 0.520535 0.968750
vt 0.500000 0.937500
vt 0.211879 0.211879
vt 0.192960 0.166646
vt 0.500000 0.187500
vt 0.495637 0.187500
s 0
usemtl マテリアル
f 1041/1313/796 1025/1314/796 1033/1315/796
f 1033/1316/797 1025/1317/797 1042/1318/797
f 1043/1319/798 1044/1320/798 1026/1314/798 1025/1321/798 1041/1322/798
f 1026/1317/799 1024/1314/799 1025/1321/799
f 1025/1321/800 1024/1317/800 1042/1314/800
f 1042/1321/801 1024/1317/801 1046/1323/801 1045/1324/801 1028/1325/801
f 1036/1326/802 1024/1317/802 1037/1327/802
f 1029/1328/803 1051/1329/803 1024/1314/803 1026/1321/803 1044/1330/803
f 1024/1321/804 1051/1331/804 1037/1332/804
s 1
f 1030/1333/805 1027/1334/806 1032/1335/807
f 1047/1336/808 1030/1337/805 1040/1338/809
f 1027/1339/806 1050/1340/810 1032/1341/807
f 1030/1342/805 1047/1336/808 1027/1343/806
f 1048/1344/811 1027/1343/806 1047/1336/808
f 1050/1345/810 1049/1346/812 1039/1347/813
f 1040/1348/809 1031/1349/814 1047/1350/808
f 1047/1350/808 1035/1351/815 1048/1352/811
f 1049/1353/812 1050/1340/810 1027/1339/806 1048/1354/811
f 1038/1355/816 1032/1356/807 1050/1357/810
s 0
f 1046/1358/817 1024/1317/817 1036/1359/817
s 1
f 1047/1360/808 1034/1361/818 1035/1351/815
o 立方体.002_cell.023
v 0.036642 -0.002628 0.084017
v 0.048000 0.020233 0.107886
v 0.045362 0.023926 0.103528
v 0.064467 0.030601 0.100713
v 0.068055 0.025458 0.103938
v 0.069333 0.016477 0.083788
v 0.074714 0.025133 0.099532
v 0.070630 0.012357 0.089094
v 0.073599 0.030257 0.094585
v 0.060978 -0.014753 0.067630
v 0.059698 -0.011276 0.062823
v 0.052296 -0.011989 0.076597
v 0.049840 -0.008186 0.073099
v 0.038601 -0.004162 0.089703
v 0.043566 0.009211 0.099751
v 0.041308 0.013409 0.096070
v 0.039947 -0.000094 0.092831
v 0.038601 -0.004162 0.089703
v 0.052296 -0.011989 0.076597
v 0.074714 0.025133 0.099532
v 0.070630 0.012357 0.089094
v 0.069333 0.016477 0.083788
v 0.073599 0.030257 0.094585
v 0.060978 -0.014753 0.067630
v 0.036642 -0.002628 0.084017
v 0.049840 -0.008186 0.073099
v 0.059698 -0.011276 0.062823
v 0.048000 0.020233 0.107886
v 0.068055 0.025458 0.103938
v 0.043566 0.009211 0.099751
v 0.039947 -0.000094 0.092831
v 0.041308 0.013409 0.096070
v 0.045362 0.023926 0.103528
v 0.064467 0.030601 0.100713
vn 0.4229 -0.6472 0.6342
vn 0.3725 -0.6464 0.6659
vn 0.3805 -0.6467 0.6611
vn -0.0564 0.6270 0.7770
vn 0.9551 -0.0701 -0.2879
vn 0.9461 -0.0925 -0.3105
vn -0.9399 0.0514 0.3377
vn -0.9138 -0.0053 0.4061
vn -0.8640 -0.0237 0.5030
vn 0.4292 0.6746 0.6006
vn -0.3231 0.6268 -0.7091
vn -0.3910 0.6299 -0.6711
vn -0.3961 0.6300 -0.6681
vn 0.3058 -0.6420 0.7031
vn -0.5838 -0.7684 -0.2622
vn -0.4399 0.6297 -0.6403
vt 0.591132 0.758991
vt 0.606171 0.769428
vt 0.613440 0.773784
vt 0.613459 0.781250
vt 0.592319 0.781250
vt 0.443520 0.000000
vt 0.504845 0.000000
vt 0.321222 0.321222
vt 0.284099 0.284099
vt 1.000000 0.522377
vt 1.000000 0.552841
vt 0.232824 0.000000
vt 0.277220 0.000000
vt 0.552841 0.552841
vt 0.522378 0.522378
vt 1.000000 0.022371
vt 1.000000 0.078349
vt 1.000000 0.834135
vt 0.824102 0.392434
vt 0.697690 0.000000
vt 0.731710 0.731710
vt 0.661988 0.539045
vt 0.540904 0.000000
vt 0.568562 0.000000
vt 0.568562 0.568562
vt 0.540904 0.540904
vt 1.000000 0.327143
vt 1.000000 0.369497
vt 0.722780 0.000000
vt 0.767176 0.000000
vt 1.000000 0.411236
vt 0.912470 0.334163
vt 0.690314 0.736254
vt 0.666559 0.736254
vt 0.694373 0.736254
vt 0.694373 0.736254
vt 0.595654 0.811545
vt 0.592319 0.781250
vt 0.613863 0.789115
vt 0.610652 0.810552
vt 0.604381 0.811652
vt 0.599087 0.812500
vt 0.046076 0.046076
vt 0.434948 0.031824
vt 1.000000 0.030082
vt 1.000000 0.080344
vt 0.600736 0.142103
vt 0.160085 0.160085
vt 0.665766 0.736254
vt 0.657238 0.736254
vt 0.652809 0.736254
vt 0.642554 0.736254
s 1
usemtl マテリアル
f 1061/1362/819 1072/1363/819 1071/1364/819 1056/1365/820 1070/1366/821
s 0
f 1080/1367/822 1085/1368/822 1084/1369/822 1079/1370/822
f 1059/1371/823 1073/1372/823 1074/1373/823 1058/1374/823
f 1073/1375/824 1059/1376/824 1075/1377/824 1078/1378/824
f 1076/1379/825 1065/1380/825 1082/1381/825
f 1076/1382/826 1082/1383/826 1081/1384/826 1083/1385/826
f 1083/1386/827 1081/1387/827 1079/1388/827 1084/1389/827
f 1058/1390/828 1074/1391/828 1085/1392/828 1080/1393/828
s 1
f 1054/1394/829 1055/1395/830 1077/1395/831 1052/1396/829 1067/1397/829
f 1069/1398/832 1070/1399/821 1056/1400/820 1053/1401/832 1066/1402/832 1068/1403/832
s 0
f 1075/1404/833 1063/1405/833 1065/1406/833 1076/1407/833 1064/1408/833 1078/1409/833
s 1
f 1077/1395/831 1055/1410/830 1060/1411/834 1057/1412/834 1062/1413/834
o 立方体.002_cell.024
v -0.000484 -0.126823 0.007656
v -0.002336 -0.099583 0.017539
v -0.000328 -0.098978 0.004601
v -0.001444 -0.097058 0.011628
v -0.000464 -0.127673 0.013543
vn -0.9936 -0.0278 -0.1096
vt 1.000000 0.000000
vt 1.000000 0.194365
vt 0.362756 0.350776
vt 0.415955 0.191739
vt 0.451696 0.000000
s 0
usemtl マテリアル
f 1086/1414/835 1090/1415/835 1087/1416/835 1089/1417/835 1088/1418/835
o 立方体.002_cell.025
v -0.006228 -0.126378 -0.001141
v -0.013581 -0.126769 -0.001116
v -0.016464 -0.101018 -0.001103
v -0.019418 -0.097132 -0.004064
v -0.014473 -0.095475 -0.004031
v -0.015201 -0.103621 -0.005662
v -0.013581 -0.126769 -0.001116
v -0.016464 -0.101018 -0.001103
v -0.015201 -0.103621 -0.005662
vn 0.2435 0.0968 0.9651
vn 0.0069 -0.1922 -0.9813
vn 0.6331 0.0971 -0.7680
vn -0.0609 0.2011 -0.9777
vn -0.8248 -0.5581 0.0902
vn -0.9722 -0.1087 -0.2072
vn -0.1759 0.5085 0.8429
vt 0.898098 0.045998
vt 0.065763 0.065763
vt 0.000000 0.000000
vt 1.000000 0.006098
vt 1.000000 0.000000
vt 1.000000 0.076920
vt 1.000000 1.000000
vt 1.000000 0.019076
vt 0.903087 0.903087
vt 0.221814 0.131902
vt 0.521621 0.156250
vt 0.540995 0.179665
vt 0.539687 0.179687
vt 0.743418 0.000000
vt 0.802261 0.046364
vt 0.060347 0.060347
s 0
usemtl マテリアル
f 1098/1419/836 1097/1420/836 1091/1421/836 1095/1422/836
f 1091/1423/837 1097/1424/837 1099/1421/837
f 1091/1425/838 1099/1421/838 1095/1426/838
f 1095/1427/839 1099/1421/839 1094/1423/839
f 1094/1425/840 1099/1421/840 1098/1428/840
s 1
f 1092/1429/841 1093/1430/841 1096/1431/841
s 0
f 1095/1432/842 1094/1433/842 1098/1434/842
o 立方体.002_cell.026
v -0.001565 -0.196167 -0.001714
v -0.001180 -0.128651 -0.004780
v -0.009849 -0.196564 -0.005981
v -0.009726 -0.191441 -0.005956
v -0.009249 -0.179162 -0.006313
v -0.008141 -0.155795 -0.006895
v -0.010132 -0.130169 -0.009109
v -0.004511 -0.196135 -0.010482
v -0.001953 -0.155795 -0.010249
v -0.002272 -0.182428 -0.010851
v -0.001962 -0.136391 -0.012420
v -0.002063 -0.129631 -0.013166
v -0.009849 -0.196564 -0.005981
v -0.009726 -0.191441 -0.005956
v -0.009249 -0.179162 -0.006313
v -0.008141 -0.155795 -0.006895
v -0.010132 -0.130169 -0.009109
v -0.001953 -0.155795 -0.010249
v -0.001962 -0.136391 -0.012420
v -0.002272 -0.182428 -0.010851
v -0.002063 -0.129631 -0.013166
v -0.004511 -0.196135 -0.010482
vn -0.4581 0.0067 0.8889
vn -0.4409 0.0432 0.8965
vn -0.1176 0.9877 -0.1030
vn 0.0600 -0.9979 -0.0238
vn 0.9922 -0.0294 -0.1210
vn -0.4442 -0.1092 -0.8893
vn -0.1008 -0.1107 -0.9887
vn -0.4626 -0.0341 -0.8859
vn -0.6170 0.0136 -0.7869
vn -0.4702 -0.0350 -0.8819
vn -0.4492 0.0336 -0.8928
vn -0.6498 0.0101 -0.7600
vn -0.4087 -0.0034 -0.9126
vn -0.4405 -0.1112 -0.8908
vn -0.9162 0.0239 -0.4000
vn 0.9945 0.0033 -0.1051
vt 0.090574 0.000000
vt 0.196984 0.196984
vt 0.000000 0.000000
vt 0.271423 0.086074
vt 0.090574 0.090574
vt 1.000000 0.000000
vt 1.000000 0.098929
vt 0.615070 0.075290
vt 0.091087 0.091087
vt 0.092723 0.055873
vt 0.861604 0.000000
vt 0.969110 0.131405
vt 0.882488 0.000000
vt 1.000000 1.000000
vt 0.861604 0.861604
vt 0.874819 0.674380
vt 0.901460 0.305906
vt 0.519902 0.351481
vt 0.514760 0.351299
vt 0.500000 0.343750
vt 0.489649 0.312500
vt 0.500000 0.312500
vt 0.493166 0.343750
vt 0.500000 0.250000
vt 0.489542 0.218750
vt 0.494004 0.218750
vt 0.519938 0.312500
vt 0.500000 0.281250
vt 0.519960 0.292929
vt 0.519921 0.343750
vt 0.489597 0.281250
vt 0.489649 0.312500
vt 0.489539 0.209984
vt 0.490853 0.210595
vt 0.494004 0.218750
vt 0.882488 0.882488
vt 1.000000 0.910524
s 0
usemtl マテリアル
f 1113/1435/843 1112/1436/843 1100/1437/843
f 1114/1438/844 1113/1439/844 1100/1437/844 1101/1440/844 1116/1441/844 1115/1442/844
f 1116/1443/845 1101/1437/845 1120/1444/845
f 1121/1445/846 1100/1440/846 1112/1446/846
f 1118/1447/847 1101/1440/847 1100/1448/847 1121/1449/847 1119/1450/847 1117/1451/847
s 1
f 1111/1452/848 1110/1453/849 1108/1454/850
f 1107/1455/851 1105/1456/852 1108/1454/850 1109/1457/853
f 1105/1458/852 1102/1459/854 1104/1460/855
f 1111/1461/848 1105/1462/852 1106/1463/856
f 1108/1454/850 1105/1456/852 1111/1464/848
f 1102/1465/854 1105/1456/852 1107/1466/851
f 1102/1467/854 1103/1468/857 1104/1469/855
s 0
f 1118/1470/858 1120/1471/858 1101/1448/858
o 立方体.002_cell.027
v 0.000000 0.045452 0.138820
v 0.046177 0.020359 0.108729
v 0.043532 0.012764 0.102929
v 0.043517 0.024083 0.104356
v 0.040654 0.015469 0.098028
v 0.004560 0.045361 0.130354
v 0.026001 0.030681 0.124084
v 0.024780 0.033649 0.118669
v 0.036069 0.002754 0.088802
v 0.038430 -0.000774 0.092714
v -0.009559 0.010608 0.108852
v -0.008689 0.014506 0.104935
v -0.014018 0.045452 0.137523
v -0.012477 0.045361 0.129488
v -0.007549 -0.004387 0.096520
v -0.006837 0.000123 0.093497
v 0.000000 -0.003835 0.091036
v 0.000000 -0.007479 0.094643
v 0.019226 -0.008792 0.091759
v 0.018409 -0.004955 0.088140
v 0.028366 -0.008313 0.089298
v 0.026800 -0.004433 0.085798
v 0.033846 -0.002062 0.085469
v 0.036011 -0.005815 0.089074
v 0.043517 0.024083 0.104356
v 0.040654 0.015469 0.098028
v 0.046177 0.020359 0.108729
v 0.043532 0.012764 0.102929
v 0.026001 0.030681 0.124084
v 0.024780 0.033649 0.118669
v 0.004560 0.045361 0.130354
v 0.004560 0.045361 0.130354
v 0.000000 0.045452 0.138820
v 0.000000 0.045452 0.138820
v 0.036069 0.002754 0.088802
v -0.006837 0.000123 0.093497
v 0.000000 -0.003835 0.091036
v 0.038430 -0.000774 0.092714
v -0.009559 0.010608 0.108852
v -0.014018 0.045452 0.137523
v -0.014018 0.045452 0.137523
v -0.012477 0.045361 0.129488
v -0.012477 0.045361 0.129488
v -0.008689 0.014506 0.104935
v -0.007549 -0.004387 0.096520
v 0.000000 -0.007479 0.094643
v 0.018409 -0.004955 0.088140
v 0.026800 -0.004433 0.085798
v 0.019226 -0.008792 0.091759
v 0.028366 -0.008313 0.089298
v 0.033846 -0.002062 0.085469
v 0.036011 -0.005815 0.089074
vn 0.8752 0.0617 -0.4799
vn 0.5969 0.7486 0.2886
vn 0.8713 0.0407 -0.4891
vn -0.9816 0.0296 -0.1886
vn -0.9811 0.0262 -0.1918
vn -0.2277 -0.6655 -0.7108
vn 0.1777 -0.6225 -0.7622
vn 0.8466 -0.0226 -0.5317
vn 0.0007 0.9999 -0.0107
vn -0.0181 -0.6407 0.7676
vn -0.0710 -0.6392 0.7658
vn 0.0147 -0.6407 0.7676
vn 0.2306 -0.6399 0.7330
vn 0.1225 -0.6413 0.7575
vn 0.1516 -0.6417 0.7518
vn -0.2457 0.6258 -0.7402
vn -0.1658 0.6284 -0.7600
vn -0.1361 0.6283 -0.7659
vn 0.0512 0.6230 -0.7805
vn -0.0024 0.6259 -0.7799
vn -0.0315 0.6267 -0.7786
vt 1.000000 0.608196
vt 1.000000 0.650602
vt 0.608363 0.608363
vt 0.562468 0.562468
vt 0.693267 0.444725
vt 0.650602 0.650602
vt 0.608196 0.608196
vt 0.648221 0.417128
vt 0.663170 0.201966
vt 0.711843 0.173533
vt 0.638172 0.000000
vt 1.000000 0.562468
vt 1.000000 0.608363
vt 0.610335 0.000000
vt 0.651647 0.549812
vt 0.597103 0.479666
vt 0.431073 0.000000
vt 0.457752 0.000000
vt 0.897818 0.000000
vt 0.457752 0.457752
vt 0.431073 0.431073
vt 0.848357 0.000000
vt 0.880172 0.880172
vt 0.822819 0.822819
vt 0.850194 0.671307
vt 0.891901 0.217415
vt 0.894033 0.000000
vt 0.959427 0.000000
vt 0.955624 0.235916
vt 0.909744 0.708502
vt 0.928366 0.000000
vt 0.927631 0.927631
vt 0.810753 0.810753
vt 0.808749 0.000000
vt 0.107210 0.000000
vt 1.000000 0.361828
vt 1.000000 0.389665
vt 0.040146 0.000000
vt 0.765351 0.750000
vt 0.750000 0.750000
vt 0.750000 0.736254
vt 0.762991 0.736254
vt 0.625000 0.875000
vt 0.625000 0.890351
vt 0.605176 0.888225
vt 0.595591 0.886607
vt 0.594885 0.875000
vt 0.595848 0.815990
vt 0.598700 0.814641
vt 0.606403 0.813452
vt 0.610724 0.813237
vt 0.616596 0.843750
vt 0.594138 0.843750
vt 0.594442 0.827560
vt 0.696168 0.736254
vt 0.697273 0.736254
vt 0.698471 0.736254
vt 0.708733 0.736254
vt 0.722186 0.736254
vt 0.722186 0.736254
vt 0.695931 0.736254
vt 0.762991 0.736254
vt 0.750000 0.736254
vt 0.759904 0.736254
vt 0.761143 0.736254
vt 0.616596 0.843750
vt 0.750000 0.736254
vt 0.745252 0.736254
s 0
usemtl マテリアル
f 1146/1472/859 1148/1473/859 1149/1474/859 1147/1475/859
f 1150/1476/860 1148/1477/860 1146/1478/860 1151/1479/860 1152/1480/860 1154/1481/860
f 1156/1482/861 1147/1483/861 1149/1484/861 1159/1485/861
f 1161/1486/862 1163/1487/862 1165/1488/862 1160/1489/862
f 1166/1490/863 1160/1491/863 1165/1492/863 1157/1493/863
f 1166/1494/864 1157/1495/864 1158/1496/864 1168/1497/864 1169/1498/864 1171/1499/864 1170/1500/864 1167/1501/864
f 1173/1502/865 1171/1503/865 1169/1504/865 1172/1505/865
f 1172/1506/866 1156/1507/866 1159/1508/866 1173/1509/866
s 1
f 1162/1510/867 1155/1511/867 1153/1512/867 1164/1513/867
f 1122/1514/868 1134/1515/869 1132/1516/869 1136/1517/869 1139/1518/870
f 1145/1519/871 1131/1520/871 1124/1521/871 1123/1522/871 1128/1523/872 1140/1524/873 1142/1525/871
f 1126/1526/874 1130/1527/874 1144/1528/874 1143/1529/874 1141/1530/875 1129/1531/876 1125/1532/874
f 1135/1533/877 1127/1512/878 1138/1534/879 1137/1535/877 1133/1536/877
f 1140/1524/873 1128/1537/872 1122/1514/868 1139/1518/870
f 1138/1538/879 1127/1539/878 1129/1530/876 1141/1530/875
o 立方体.002_cell.028
v -0.001500 -0.100943 -0.011381
v -0.000000 -0.098629 -0.018568
v 0.000483 -0.122717 -0.014096
v -0.002459 -0.102986 -0.016109
v -0.001367 -0.127683 -0.013454
v -0.002459 -0.102986 -0.016109
v -0.001367 -0.127683 -0.013454
v 0.000483 -0.122717 -0.014096
vn -0.8774 0.4790 -0.0288
vn 0.9847 -0.0377 0.1703
vn -0.9780 -0.0209 0.2075
vn -0.0522 -0.1090 -0.9927
vt 0.771597 0.000000
vt 1.000000 0.000000
vt 0.950245 0.177391
vt 0.231775 0.163548
vt 0.221047 0.221047
vt 0.000000 0.000000
vt 1.000000 0.124594
vt 1.000000 1.000000
vt 0.941322 0.941322
vt 0.541667 0.376383
vt 0.525161 0.380202
vt 0.521354 0.375000
s 0
usemtl マテリアル
f 1179/1540/880 1174/1541/880 1175/1542/880
f 1179/1543/881 1175/1544/881 1174/1545/881 1180/1541/881 1181/1546/881
f 1180/1541/882 1174/1547/882 1179/1548/882
s 1
f 1177/1549/883 1176/1550/883 1178/1551/883
o 立方体.002_cell.029
v -0.008146 -0.252099 0.025054
v -0.002728 -0.252793 0.029234
v -0.010559 -0.254684 0.036280
v -0.009997 -0.263524 0.036347
v 0.013259 -0.263524 0.015778
v -0.003861 -0.263524 -0.000472
v -0.022898 -0.263524 0.026770
v -0.012703 -0.253371 0.029519
v -0.028929 -0.263524 0.036112
v -0.018908 -0.263524 0.036244
v -0.015587 -0.255012 0.036222
v -0.002728 -0.252793 0.029234
v -0.010559 -0.254684 0.036280
v -0.022898 -0.263524 0.026770
v -0.003861 -0.263524 -0.000472
v -0.009997 -0.263524 0.036347
v 0.013259 -0.263524 0.015778
v -0.008146 -0.252099 0.025054
v -0.012703 -0.253371 0.029519
v -0.028929 -0.263524 0.036112
v -0.018908 -0.263524 0.036244
v -0.015587 -0.255012 0.036222
vn 0.3281 0.8844 -0.3320
vn 0.6617 0.0477 0.7482
vn -0.6058 0.7050 -0.3687
vn -0.5064 0.7979 -0.3269
vn -0.0131 0.0076 0.9999
vn -0.0117 0.0070 0.9999
vn -0.0498 0.9756 0.2139
vn -0.0598 0.9755 0.2117
vn -0.0415 0.9756 0.2157
vn -0.0661 0.9754 0.2104
vn -0.0000 -1.0000 -0.0000
vt 0.836536 0.153623
vt 1.000000 0.333250
vt 1.000000 1.000000
vt 0.000000 0.000000
vt 0.101558 0.000000
vt 0.237345 0.000000
vt 0.333250 0.333250
vt 0.881550 0.123227
vt 1.000000 0.309632
vt 0.865644 0.865644
vt 0.504835 0.000000
vt 0.802093 0.000000
vt 0.802093 0.802093
vt 0.504835 0.504835
vt 1.000000 0.465691
vt 0.748453 0.748453
vt 0.465691 0.465691
vt 1.000000 0.764921
vt 1.000000 0.762655
vt 1.000000 0.898442
vt 0.895488 0.895488
vt 0.764921 0.764921
vt 0.433131 0.906250
vt 0.421789 0.906250
vt 0.429626 0.889074
vt 0.424782 0.937500
vt 0.411627 0.933465
vt 0.421789 0.906250
vt 0.435435 0.923112
vt 0.197503 0.685109
vt 0.245534 0.624236
vt 0.277839 0.657702
vt 0.226871 0.701146
vt 0.205226 0.704655
vt 0.179910 0.709460
s 0
usemtl マテリアル
f 1199/1552/884 1193/1553/884 1198/1554/884 1196/1555/884
f 1194/1556/885 1197/1557/885 1198/1554/885 1193/1558/885
f 1200/1559/886 1199/1560/886 1196/1561/886 1195/1562/886 1203/1563/886
f 1203/1564/887 1195/1565/887 1201/1566/887
f 1203/1567/888 1201/1568/888 1202/1569/888
f 1197/1570/889 1194/1571/889 1203/1572/889 1202/1573/889
s 1
f 1182/1574/890 1184/1575/891 1183/1576/892
f 1189/1577/893 1192/1578/893 1184/1579/891 1182/1580/890
f 1188/1581/894 1187/1582/894 1186/1583/894 1185/1584/894 1191/1585/894 1190/1586/894
o 立方体.002_cell.030
v -0.000000 -0.058255 -0.046991
v 0.018534 -0.058255 -0.043071
v -0.018534 -0.058255 -0.043071
v -0.009613 -0.058255 -0.045989
v 0.009613 -0.058255 -0.045989
v 0.026831 -0.058255 -0.039339
v -0.019460 -0.072636 -0.029985
v -0.018849 -0.079753 -0.029265
v 0.013454 -0.073652 -0.031744
v 0.022511 -0.067656 -0.033000
v 0.028140 -0.067003 -0.036248
v 0.014243 -0.047974 -0.053151
v 0.012162 -0.049949 -0.058055
v 0.006291 -0.047796 -0.060401
v -0.031131 -0.046026 -0.048183
v -0.025766 -0.058255 -0.039817
v -0.007229 -0.046404 -0.061475
v -0.000000 -0.046233 -0.062299
v -0.012281 -0.077909 -0.028539
v -0.006817 -0.081094 -0.032551
v -0.000000 -0.080330 -0.033840
v 0.006320 -0.078948 -0.034390
v 0.031171 -0.060662 -0.040727
v 0.024946 -0.056322 -0.048016
v 0.020665 -0.051560 -0.048022
v -0.024718 -0.046113 -0.057442
v -0.030905 -0.045488 -0.055313
v -0.012728 -0.046655 -0.060753
v 0.025908 -0.054222 -0.043313
v 0.012162 -0.049949 -0.058055
v 0.006291 -0.047796 -0.060401
v -0.019460 -0.072636 -0.029985
v -0.025766 -0.058255 -0.039817
v -0.031131 -0.046026 -0.048183
v 0.026831 -0.058255 -0.039339
v 0.022511 -0.067656 -0.033000
v -0.018849 -0.079753 -0.029265
v 0.028140 -0.067003 -0.036248
v 0.014243 -0.047974 -0.053151
v 0.014243 -0.047974 -0.053151
v 0.014243 -0.047974 -0.053151
v 0.031171 -0.060662 -0.040727
v 0.024946 -0.056322 -0.048016
v 0.024946 -0.056322 -0.048016
v 0.024946 -0.056322 -0.048016
v 0.020665 -0.051560 -0.048022
v 0.025908 -0.054222 -0.043313
vn 0.0914 -0.8418 0.5320
vn 0.1614 -0.9218 0.3524
vn -0.5650 0.6359 -0.5257
vn -0.0807 0.6965 -0.7130
vn -0.3019 0.6161 -0.7275
vn 0.4665 0.7340 -0.4936
vn 0.4448 0.3568 0.8215
vn 0.6748 0.6061 -0.4210
vn 0.7799 0.6252 -0.0301
vn -0.5670 -0.8222 -0.0508
vn 0.4684 0.5103 -0.7212
vn 0.4144 0.4105 -0.8123
vn -0.2879 0.6288 -0.7224
vn -0.0069 -0.5923 0.8057
vn 0.2023 0.6843 0.7005
vn 0.3445 0.6845 0.6424
vn 0.0985 -0.9133 0.3952
vn -0.2380 0.6312 0.7382
vn -0.0310 0.6629 0.7480
vn -0.1198 -0.5764 0.8083
vn -0.2752 0.6645 0.6948
vn 0.3678 0.6846 0.6293
vn 0.2645 0.5713 0.7769
vn -0.2714 -0.9565 -0.1072
vn -0.2278 0.7161 0.6598
vn -0.8554 -0.0212 0.5176
vn 0.1851 -0.7571 -0.6265
vn 0.3801 -0.6812 -0.6257
vn 0.2220 -0.6381 -0.7373
vn 0.4243 -0.6112 -0.6681
vn -0.4014 0.1304 -0.9066
vn -0.1949 0.6987 0.6883
vn -0.1042 0.8116 0.5749
vn -0.2164 0.7101 0.6700
vn -0.4305 -0.3744 -0.8213
vt 0.553437 0.375000
vt 0.553002 0.343750
vt 0.572665 0.348602
vt 0.572738 0.357302
vt 0.572837 0.375000
vt 0.116452 0.000000
vt 0.332070 0.127643
vt 1.000000 0.564679
vt 1.000000 0.391410
vt 0.651717 0.651717
vt 0.623715 0.505582
vt 1.000000 0.231324
vt 1.000000 0.971126
vt 0.435649 0.399027
vt 0.403893 0.338298
vt 0.204741 0.204741
vt 0.119045 0.119045
vt 0.831267 0.000000
vt 0.582669 0.085728
vt 0.555543 0.285178
vt 0.571985 0.285807
vt 0.573259 0.295856
vt 0.572904 0.312500
vt 0.553301 0.312500
vt 0.777814 0.513746
vt 0.805627 0.513746
vt 0.722187 0.513746
vt 0.722187 0.513746
vt 0.750000 0.513746
vt 0.694373 0.513746
vt 0.829872 0.513746
vt 0.830062 0.513746
vt 0.827457 0.513746
vt 0.693293 0.513746
vt 0.666559 0.513746
vt 0.572596 0.343750
vt 0.777067 0.513746
vt 1.000000 0.170165
vt 0.863567 0.473385
vt 0.714732 0.714732
vt 1.000000 0.120905
vt 0.565487 0.468750
vt 0.559485 0.468750
vt 0.555928 0.437500
vt 0.566288 0.460201
vt 0.554351 0.406250
vt 0.570722 0.406250
vt 0.569772 0.418635
vt 0.567979 0.437500
vt 0.571947 0.390694
vt 0.570722 0.406250
vt 0.554223 0.402482
vt 0.572875 0.376460
vt 0.750112 0.513746
vt 0.769486 0.513746
vt 0.667125 0.513746
vt 0.675178 0.513746
vt 0.681250 0.513746
vt 0.829813 0.513746
vt 0.821124 0.513746
vt 0.735805 0.513746
vt 0.564627 0.477711
vt 0.561019 0.479015
s 1
usemtl マテリアル
f 1224/1587/895 1223/1588/896 1231/1589/897 1220/1590/898 1221/1591/899
s 0
f 1242/1592/900 1233/1593/900 1234/1594/900
f 1241/1595/901 1245/1596/901 1238/1597/901 1239/1598/901
f 1243/1599/902 1228/1600/902 1246/1601/902
f 1247/1602/903 1250/1603/903 1238/1604/903 1245/1605/903
s 1
f 1240/1606/904 1218/1607/905 1230/1608/906 1229/1609/907 1222/1610/908
f 1223/1611/896 1207/1611/909 1206/1612/910 1222/1612/908
f 1225/1613/911 1208/1614/912 1204/1615/913 1224/1615/895
f 1212/1616/914 1205/1616/915 1208/1614/912 1225/1613/911
f 1206/1612/910 1236/1617/916 1235/1618/917 1240/1619/904 1222/1612/908
f 1205/1616/915 1212/1620/914 1213/1621/918 1209/1621/919
f 1231/1622/897 1223/1588/896 1222/1610/908 1229/1609/907
f 1224/1615/895 1204/1615/913 1207/1611/909 1223/1623/896
s 0
f 1210/1624/920 1219/1625/920 1237/1626/920 1211/1627/920
s 1
f 1226/1628/921 1213/1629/918 1212/1630/914 1248/1631/922
f 1225/1632/911 1216/1633/923 1215/1634/924 1248/1635/922 1212/1630/914
f 1217/1636/925 1216/1637/923 1225/1638/911 1224/1587/895 1221/1639/899
f 1231/1611/897 1207/1611/909 1204/1615/913 1221/1640/899 1220/1641/898
f 1249/1616/926 1205/1616/915 1209/1642/919 1232/1643/927 1227/1644/927
f 1218/1645/905 1236/1617/916 1206/1612/910 1229/1612/907 1230/1646/906
f 1221/1615/899 1204/1615/913 1208/1614/912 1244/1614/928 1217/1647/925
f 1206/1612/910 1207/1611/909 1231/1611/897 1229/1612/907
f 1244/1614/928 1208/1614/912 1205/1616/915 1249/1616/926
f 1226/1648/921 1214/1649/929 1213/1629/918
o 立方体.002_cell.031
v -0.068610 -0.023716 0.029524
v -0.062627 -0.023716 0.042703
v -0.068548 -0.012808 0.062559
v -0.062663 -0.011173 0.060059
v -0.067673 -0.006964 0.059006
v -0.100226 0.013473 0.051422
v -0.097993 0.018917 0.047785
v -0.080570 0.002894 0.054932
v -0.084531 -0.000720 0.057714
v -0.107036 0.019624 0.048677
v -0.102417 0.022005 0.044072
v -0.106956 0.015893 0.039413
v -0.070346 -0.023716 0.024266
v -0.062826 -0.042247 0.018345
v -0.057556 -0.041311 0.017959
v -0.050473 -0.058134 0.013540
v -0.041518 -0.061835 0.028294
v -0.036797 -0.061456 0.035582
v -0.037293 -0.058751 0.028979
v -0.058983 -0.025481 0.057376
v -0.045874 -0.039125 0.044415
v -0.055128 -0.023716 0.053038
v -0.045896 -0.061127 0.019750
v -0.067673 -0.006964 0.059006
v -0.080570 0.002894 0.054932
v -0.097993 0.018917 0.047785
v -0.100226 0.013473 0.051422
v -0.084531 -0.000720 0.057714
v -0.107036 0.019624 0.048677
v -0.070346 -0.023716 0.024266
v -0.057556 -0.041311 0.017959
v -0.106956 0.015893 0.039413
v -0.062826 -0.042247 0.018345
v -0.036797 -0.061456 0.035582
v -0.058983 -0.025481 0.057376
v -0.062663 -0.011173 0.060059
v -0.055128 -0.023716 0.053038
v -0.045874 -0.039125 0.044415
v -0.068548 -0.012808 0.062559
v -0.102417 0.022005 0.044072
v -0.050473 -0.058134 0.013540
vn 0.2261 0.4811 0.8470
vn 0.1245 0.5120 0.8499
vn 0.1247 0.6658 0.7357
vn -0.6500 0.7029 -0.2887
vn 0.0343 0.3845 -0.9225
vn -0.1085 0.2096 -0.9718
vn 0.5893 -0.7311 -0.3438
vn 0.7072 0.0078 0.7070
vn 0.6388 0.0200 0.7691
vn -0.6230 -0.6488 0.4369
vn -0.6868 -0.6448 0.3354
vn 0.1953 -0.7726 -0.6041
vn 0.7123 0.6269 -0.3155
vn 0.7655 0.5874 -0.2625
vn 0.7967 0.5760 -0.1832
vn -0.7199 -0.6411 0.2661
vn 0.5946 -0.7837 0.1795
vn -0.7030 -0.6420 0.3061
vn -0.7294 -0.6399 0.2418
vn 0.3849 -0.6901 0.6129
vn 0.7092 0.6268 -0.3227
vn 0.6926 0.6293 -0.3526
vn 0.6829 0.5975 -0.4203
vn 0.6271 0.6320 -0.4554
vn 0.6250 0.5982 -0.5015
vn 0.8387 0.5291 -0.1290
vn 0.6203 0.5587 -0.5505
vt 0.178442 0.178442
vt 0.156504 0.156504
vt 1.000000 0.170077
vt 0.513516 0.124012
vt 1.000000 0.048492
vt 1.000000 0.075635
vt 0.563772 0.142482
vt 0.191748 0.191748
vt 0.170077 0.170077
vt 0.075635 0.075635
vt 0.048492 0.048492
vt 0.088157 0.000000
vt 0.138167 0.000000
vt 0.088448 0.000000
vt 0.136722 0.000000
vt 0.138167 0.138167
vt 0.740062 0.182053
vt 1.000000 0.219329
vt 1.000000 0.250692
vt 0.136722 0.136722
vt 0.088448 0.088448
vt 0.250692 0.250692
vt 0.219329 0.219329
vt 0.187367 0.000000
vt 0.943964 0.000000
vt 1.000000 0.219062
vt 0.904769 0.000000
vt 0.792339 0.000000
vt 0.131294 0.126197
vt 0.417780 0.000000
vt 1.000000 0.830006
vt 1.000000 0.945330
vt 0.792339 0.792339
vt 0.417780 0.417780
vt 0.738706 0.644979
vt 0.592727 0.010768
vt 0.598731 0.031250
vt 0.563958 0.031250
vt 0.564175 0.002779
vt 0.584643 0.002284
vt 0.861254 0.680627
vt 0.861254 0.680627
vt 0.861254 0.670336
vt 0.609658 0.062500
vt 0.564363 0.062500
vt 0.606806 0.051673
vt 0.609658 0.062500
vt 0.608183 0.070783
vt 0.575103 0.081598
vt 0.566065 0.085107
vt 0.861254 0.682934
vt 0.861254 0.687389
vt 0.861254 0.708441
vt 0.861254 0.726036
vt 0.861254 0.733085
vt 0.861254 0.733336
vt 0.861254 0.675714
vt 0.861254 0.661918
vt 0.861254 0.666215
vt 0.861254 0.680627
vt 0.861254 0.733474
vt 0.861254 0.733336
vt 0.861254 0.733817
s 0
usemtl マテリアル
f 1289/1650/930 1286/1651/930 1274/1652/930
f 1275/1653/931 1276/1654/931 1277/1655/931 1278/1656/931 1289/1657/931 1274/1658/931
f 1277/1659/932 1276/1660/932 1290/1661/932 1279/1662/932
f 1290/1663/933 1282/1664/933 1279/1665/933
f 1280/1666/934 1281/1667/934 1283/1668/934 1282/1669/934 1290/1670/934
f 1283/1671/935 1281/1672/935 1291/1673/935
s 1
f 1269/1674/936 1268/1675/936 1267/1676/936
s 0
f 1285/1677/937 1284/1678/937 1288/1679/937
f 1286/1680/938 1289/1681/938 1285/1682/938 1288/1683/938 1287/1684/938
s 1
f 1253/1685/939 1259/1686/940 1267/1687/941 1268/1688/939 1270/1689/939
f 1261/1690/942 1251/1691/943 1263/1692/944
f 1260/1693/945 1273/1694/946 1267/1687/941 1259/1686/940 1256/1695/947
f 1273/1694/946 1260/1696/945 1262/1697/948 1264/1698/948 1266/1699/949
f 1261/1700/942 1257/1701/950 1258/1702/951 1252/1702/952 1251/1691/943
f 1252/1702/952 1258/1702/951 1255/1703/953 1254/1704/953 1272/1705/954
f 1273/1706/946 1266/1707/949 1265/1708/955 1263/1692/944 1251/1691/943
f 1273/1709/946 1251/1691/943 1252/1702/952 1267/1702/941
f 1268/1710/956 1267/1702/941 1252/1702/952 1272/1711/954 1271/1712/956
o 立方体.002_cell.032
v 0.042703 -0.023716 -0.062627
v 0.043006 -0.006689 -0.077537
v 0.044809 -0.010176 -0.081508
v 0.033938 -0.032761 -0.058621
v 0.042155 -0.017512 -0.075965
v 0.030187 -0.054651 -0.040544
v 0.034830 -0.043826 -0.055122
v 0.030499 -0.046071 -0.048431
v 0.032055 -0.054090 -0.046955
v 0.034000 -0.051250 -0.041217
v 0.048772 -0.023716 -0.058224
v 0.061653 -0.005282 -0.077019
v 0.060978 -0.000969 -0.072280
v 0.051557 -0.004450 -0.075618
v 0.054272 -0.007879 -0.079491
v 0.043006 -0.006689 -0.077537
v 0.033938 -0.032761 -0.058621
v 0.044809 -0.010176 -0.081508
v 0.042155 -0.017512 -0.075965
v 0.030499 -0.046071 -0.048431
v 0.034830 -0.043826 -0.055122
v 0.032055 -0.054090 -0.046955
v 0.048772 -0.023716 -0.058224
v 0.060978 -0.000969 -0.072280
v 0.034000 -0.051250 -0.041217
v 0.051557 -0.004450 -0.075618
v 0.061653 -0.005282 -0.077019
v 0.054272 -0.007879 -0.079491
v 0.030187 -0.054651 -0.040544
vn -0.0435 0.7408 -0.6703
vn -0.9071 0.0102 -0.4208
vn -0.7736 -0.2469 -0.5836
vn -0.8535 -0.2499 -0.4573
vn 0.8913 -0.4208 0.1687
vn -0.0336 0.7366 -0.6755
vn -0.3343 0.6285 0.7022
vn -0.4149 0.6322 0.6544
vn -0.3957 0.6318 0.6665
vn -0.4123 0.6322 0.6560
vn 0.3592 -0.6465 -0.6730
vn 0.3902 -0.6481 -0.6540
vn 0.4370 -0.6488 -0.6230
vn -0.4550 0.6319 0.6274
vn -0.4554 0.6320 0.6271
vn -0.4545 0.6319 0.6278
vn 0.3059 -0.6420 -0.7030
vt 1.000000 0.019360
vt 1.000000 0.074241
vt 0.810383 0.000000
vt 0.571777 0.000000
vt 0.074241 0.074241
vt 0.019360 0.019360
vt 0.163470 0.000000
vt 1.000000 0.761651
vt 1.000000 0.870197
vt 0.571777 0.571777
vt 0.163470 0.163470
vt 0.940082 0.334788
vt 1.000000 0.544521
vt 0.870197 0.870197
vt 0.761651 0.761651
vt 1.000000 0.472526
vt 1.000000 0.561916
vt 0.581119 0.341280
vt 0.074171 0.074171
vt 0.000000 0.000000
vt 0.060901 0.000000
vt 0.869689 0.289136
vt 0.561916 0.561916
vt 0.472526 0.472526
vt 0.715559 0.261941
vt 1.000000 0.048825
vt 0.677325 0.513746
vt 0.671880 0.513746
vt 0.666559 0.513746
vt 0.672449 0.513746
vt 0.679952 0.513746
vt 0.568366 0.468750
vt 0.594658 0.468750
vt 0.596135 0.481439
vt 0.666559 0.513746
vt 0.651941 0.513746
vt 0.651396 0.513746
vt 0.653299 0.513746
vt 0.653044 0.513746
vt 0.574205 0.462912
vt 0.589177 0.453671
vt 0.593527 0.455110
s 0
usemtl マテリアル
f 1309/1713/957 1307/1714/957 1317/1715/957
f 1308/1716/958 1307/1717/958 1309/1718/958 1310/1719/958
f 1312/1720/959 1311/1721/959 1308/1722/959 1310/1723/959
f 1313/1724/960 1320/1725/960 1311/1726/960 1312/1727/960
f 1318/1728/961 1315/1729/961 1314/1730/961 1316/1731/961 1320/1732/961 1313/1733/961
f 1317/1734/962 1315/1735/962 1318/1736/962 1319/1737/962 1309/1738/962
s 1
f 1295/1739/963 1299/1740/963 1297/1741/964 1292/1741/965 1305/1742/966 1293/1743/963
f 1300/1744/967 1306/1745/968 1303/1746/969
f 1305/1747/966 1292/1741/965 1302/1748/970 1304/1749/971
f 1302/1748/970 1292/1741/965 1297/1750/964 1301/1751/972
f 1306/1745/968 1300/1744/967 1298/1752/973 1296/1753/973 1294/1754/973
o 立方体.002_cell.033
v 0.002420 -0.244741 -0.001323
v 0.002114 -0.197857 -0.001182
v 0.010412 -0.236985 -0.007108
v 0.009369 -0.241289 -0.009665
v 0.008362 -0.197823 -0.008362
v 0.011205 -0.197612 -0.002347
v 0.013075 -0.243005 -0.002386
v 0.011440 -0.206281 -0.002043
v 0.012156 -0.236985 -0.002182
v 0.011440 -0.206281 -0.002043
v 0.012156 -0.236985 -0.002182
v 0.010412 -0.236985 -0.007108
v 0.009369 -0.241289 -0.009665
v 0.008362 -0.197823 -0.008362
v 0.011205 -0.197612 -0.002347
v 0.013075 -0.243005 -0.002386
vn -0.7679 0.4544 -0.4516
vn -0.6646 -0.0279 -0.7467
vn -0.0297 0.9993 -0.0212
vn 0.1260 -0.9493 -0.2879
vn 0.1022 -0.0181 0.9946
vn 0.0898 -0.0024 0.9960
vn 0.1260 0.0381 0.9913
vn 0.9262 0.0608 -0.3721
vn 0.9031 0.0336 -0.4281
vn 0.9081 0.0324 -0.4175
vn 0.9410 0.0881 -0.3268
vn 0.9464 0.0215 -0.3224
vn 0.9170 0.1033 -0.3853
vn 0.8946 0.0471 -0.4443
vt 0.784839 0.000000
vt 1.000000 0.000000
vt 1.000000 0.145072
vt 0.145072 0.145072
vt 0.000000 0.000000
vt 1.000000 0.133014
vt 0.159777 0.006167
vt 0.131270 0.131270
vt 0.649059 0.000000
vt 0.845896 0.129035
vt 1.000000 0.731136
vt 1.000000 1.000000
vt 0.688003 0.688003
vt 0.748832 0.644893
vt 0.762083 0.000000
vt 1.000000 0.839586
vt 0.762083 0.762083
vt 0.479167 0.562500
vt 0.489278 0.562500
vt 0.489270 0.593750
vt 0.479167 0.598155
vt 0.479167 0.593750
vt 0.489269 0.596022
vt 0.487045 0.598277
vt 0.468718 0.593750
vt 0.471308 0.598761
vt 0.470109 0.531250
vt 0.468179 0.562500
s 0
usemtl マテリアル
f 1333/1755/974 1321/1756/974 1332/1757/974
f 1332/1758/975 1321/1759/975 1322/1756/975 1334/1760/975
f 1335/1761/976 1334/1762/976 1322/1759/976
f 1336/1763/977 1321/1756/977 1333/1764/977
f 1331/1765/978 1321/1766/978 1336/1767/978
f 1322/1756/979 1321/1766/979 1331/1768/979 1330/1769/979
f 1335/1770/980 1322/1766/980 1330/1771/980
s 1
f 1323/1772/981 1325/1773/982 1326/1774/983
f 1329/1775/984 1323/1776/981 1326/1777/983 1328/1778/985
f 1327/1779/986 1323/1776/981 1329/1780/984
f 1324/1781/987 1323/1772/981 1327/1782/986
o 立方体.002_cell.034
v -0.000756 -0.011047 -0.091594
v -0.001540 -0.007483 -0.087916
v 0.008494 -0.008140 -0.093300
v 0.008166 -0.004409 -0.089685
v 0.010548 0.016927 -0.114034
v 0.009905 0.017488 -0.107214
v 0.012098 0.037714 -0.131241
v 0.011555 0.040366 -0.125547
v -0.011927 0.028289 -0.115731
v -0.000000 0.033944 -0.121612
v -0.013855 0.024536 -0.120077
v -0.000000 0.031127 -0.126864
v -0.005702 -0.004420 -0.089943
v -0.007087 -0.009154 -0.092584
v 0.008166 -0.004409 -0.089685
v 0.009905 0.017488 -0.107214
v -0.000756 -0.011047 -0.091594
v 0.008494 -0.008140 -0.093300
v 0.011555 0.040366 -0.125547
v 0.010548 0.016927 -0.114034
v 0.012098 0.037714 -0.131241
v -0.013855 0.024536 -0.120077
v -0.000000 0.031127 -0.126864
v -0.011927 0.028289 -0.115731
v -0.000000 0.033944 -0.121612
v -0.001540 -0.007483 -0.087916
v -0.005702 -0.004420 -0.089943
v -0.007087 -0.009154 -0.092584
vn 0.3294 -0.6419 0.6924
vn 0.9956 -0.0037 0.0941
vn 0.9956 0.0031 0.0935
vn -0.5455 0.7386 -0.3961
vn -0.9371 0.0877 0.3378
vn -0.5728 -0.2651 0.7756
vn -0.3116 -0.7147 0.6262
vn -0.0712 -0.6392 -0.7658
vn 0.0242 -0.6410 -0.7671
vn -0.0038 -0.6411 -0.7675
vn -0.0254 0.6299 0.7763
vn -0.0064 0.6299 0.7767
vn -0.0732 0.6288 0.7741
vn 0.0665 -0.6400 -0.7655
vn 0.0845 0.6268 0.7746
vt 0.182999 0.057692
vt 1.000000 0.720038
vt 1.000000 0.755940
vt 0.066842 0.000000
vt 0.769687 0.769687
vt 1.000000 0.605538
vt 1.000000 0.660522
vt 0.799267 0.799267
vt 0.660522 0.660522
vt 0.605538 0.605538
vt 0.502381 0.000000
vt 0.551792 0.000000
vt 1.000000 0.598515
vt 1.000000 0.636296
vt 0.765952 0.585606
vt 0.551792 0.551792
vt 0.502381 0.502381
vt 0.728444 0.540013
vt 0.928645 0.000000
vt 0.636296 0.636296
vt 0.598516 0.598516
vt 0.879900 0.000000
vt 1.000000 0.942462
vt 0.928645 0.928645
vt 1.000000 0.903681
vt 0.903681 0.903681
vt 1.000000 0.889088
vt 0.942462 0.942462
vt 0.595714 0.362718
vt 0.613099 0.357632
vt 0.616850 0.375000
vt 0.592855 0.373749
vt 0.750000 0.513746
vt 0.750000 0.513746
vt 0.737626 0.513746
vt 0.737561 0.513746
vt 0.737572 0.513746
vt 0.620598 0.388917
vt 0.608771 0.388927
vt 0.594509 0.388734
vt 0.592949 0.375000
vt 0.750000 0.513746
vt 0.763881 0.513746
vt 0.758581 0.513746
s 0
usemtl マテリアル
f 1353/1783/988 1354/1784/988 1351/1785/988 1362/1786/988
f 1354/1787/989 1356/1788/989 1352/1789/989 1351/1790/989
f 1352/1791/990 1356/1792/990 1357/1793/990 1355/1794/990
f 1358/1795/991 1360/1796/991 1361/1797/991 1355/1798/991 1357/1799/991 1359/1800/991
f 1363/1801/992 1360/1802/992 1358/1803/992 1364/1804/992
f 1362/1805/993 1363/1806/993 1364/1807/993
f 1364/1808/994 1353/1809/994 1362/1810/994
s 1
f 1350/1811/995 1347/1812/995 1348/1813/996 1337/1814/997
f 1346/1815/998 1338/1816/999 1340/1817/1000 1342/1818/1000 1344/1819/1000
f 1343/1820/1001 1341/1821/1001 1339/1822/1001 1337/1823/997 1348/1813/996
f 1338/1824/999 1346/1816/998 1345/1825/1002 1349/1826/1002
o 立方体.002_cell.035
v 0.001040 -0.128715 -0.002992
v 0.000396 -0.195500 -0.002675
v -0.000464 -0.193407 -0.011284
v -0.000000 -0.156111 -0.010445
v -0.000029 -0.130908 -0.013222
v 0.004988 -0.137990 -0.011393
v 0.004604 -0.145055 -0.010700
v 0.004172 -0.195324 -0.010570
v 0.005382 -0.130351 -0.012153
v -0.000464 -0.193407 -0.011284
v -0.000000 -0.156111 -0.010445
v -0.000000 -0.156111 -0.010445
v -0.000000 -0.156111 -0.010445
v 0.004988 -0.137990 -0.011393
v 0.004604 -0.145055 -0.010700
v 0.005382 -0.130351 -0.012153
v -0.000029 -0.130908 -0.013222
v 0.004172 -0.195324 -0.010570
vn 0.9700 -0.0077 0.2428
vn -0.3505 -0.9175 -0.1881
vn 0.9033 -0.0039 0.4289
vn -0.0604 0.9773 -0.2031
vn 0.2032 -0.1070 -0.9733
vn 0.2034 -0.1070 -0.9732
vn 0.2033 -0.1070 -0.9733
vn 0.1604 0.0202 -0.9868
vn -0.9948 0.0101 0.1017
vn 0.3999 -0.1110 -0.9098
vt 0.247273 0.130625
vt 0.141701 0.141701
vt 0.000000 0.000000
vt 1.000000 0.000000
vt 1.000000 0.132454
vt 0.407744 0.113598
vt 0.132454 0.132454
vt 0.135183 0.080058
vt 1.000000 0.141701
vt 0.935369 0.000000
vt 1.000000 0.905690
vt 1.000000 1.000000
vt 0.926165 0.926165
vt 0.519844 0.410291
vt 0.519725 0.437500
vt 0.508169 0.437500
vt 0.500000 0.406250
vt 0.500000 0.435702
vt 0.489857 0.432724
vt 0.489864 0.406250
vt 0.614103 0.051947
vt 0.058913 0.058913
vt 1.000000 0.070157
vt 0.519354 0.439191
vt 0.513544 0.438511
s 0
usemtl マテリアル
f 1379/1827/1003 1378/1828/1003 1365/1829/1003 1366/1830/1003 1382/1831/1003 1377/1832/1003
f 1382/1833/1004 1366/1829/1004 1374/1834/1004
f 1365/1830/1005 1378/1835/1005 1380/1836/1005
f 1381/1837/1006 1365/1838/1006 1380/1839/1006
s 1
f 1369/1840/1007 1373/1841/1008 1371/1842/1009 1376/1843/1007
f 1375/1844/1010 1372/1845/1010 1367/1846/1010
s 0
f 1368/1847/1011 1374/1848/1011 1366/1829/1011 1365/1830/1011 1381/1849/1011
s 1
f 1373/1850/1008 1370/1851/1012 1371/1842/1009
o 立方体.002_cell.036
v 0.022485 -0.047863 0.056618
v 0.017984 -0.045329 0.054154
v 0.037170 -0.043451 0.054445
v 0.050954 -0.037514 0.050954
v 0.055127 -0.034748 0.049113
v 0.016595 -0.049248 0.057266
v 0.019883 -0.037600 0.060058
v 0.025433 -0.036574 0.059103
v 0.025637 -0.022482 0.077788
v 0.055944 -0.029363 0.055944
v 0.047773 -0.021397 0.069973
v 0.036407 -0.037417 0.053389
v 0.033095 -0.020801 0.076907
v 0.050954 -0.037514 0.050954
v 0.055127 -0.034748 0.049113
v 0.037170 -0.043451 0.054445
v 0.055944 -0.029363 0.055944
v 0.025433 -0.036574 0.059103
v 0.036407 -0.037417 0.053389
v 0.019883 -0.037600 0.060058
v 0.025637 -0.022482 0.077788
v 0.033095 -0.020801 0.076907
v 0.047773 -0.021397 0.069973
v 0.022485 -0.047863 0.056618
v 0.017984 -0.045329 0.054154
v 0.016595 -0.049248 0.057266
v 0.016595 -0.049248 0.057266
v 0.016595 -0.049248 0.057266
vn 0.0644 -0.6344 -0.7703
vn -0.1615 -0.2515 -0.9543
vn -0.2436 0.7756 -0.5823
vn -0.9635 0.2476 0.1016
vn 0.1200 -0.9928 -0.0056
vn 0.2717 -0.6424 0.7166
vn 0.2309 -0.6400 0.7329
vn 0.2809 -0.9306 0.2345
vn 0.3552 -0.6474 0.6743
vn 0.6229 -0.6489 0.4370
vn 0.4766 -0.6524 0.5893
vn 0.4958 -0.6536 0.5719
vn -0.2242 0.4449 -0.8671
vn -0.2759 0.2588 -0.9257
vn -0.3066 0.1166 -0.9447
vt 1.000000 0.037730
vt 0.954705 0.000000
vt 1.000000 0.011880
vt 0.310199 0.004201
vt 0.366173 0.000000
vt 0.673636 0.000000
vt 0.581849 0.012598
vt 0.822174 0.172834
vt 1.000000 0.326364
vt 0.937624 0.613122
vt 0.818551 0.716795
vt 0.808108 0.808108
vt 0.337318 0.337318
vt 0.340995 0.206537
vt 0.482028 0.053625
vt 1.000000 0.337318
vt 1.000000 0.808108
vt 0.894313 0.894313
vt 0.572159 0.812500
vt 0.587306 0.812500
vt 0.586349 0.826242
vt 0.571432 0.825874
vt 0.574419 0.781250
vt 0.586967 0.781250
vt 0.579370 0.740201
vt 0.582434 0.750000
vt 0.577797 0.750000
vt 0.694373 0.736254
vt 0.706265 0.736254
vt 0.708063 0.736254
vt 0.706403 0.736254
vt 0.666560 0.736254
vt 0.666559 0.736254
vt 0.582434 0.750000
vt 0.586967 0.781250
vt 0.574419 0.781250
vt 0.577797 0.750000
s 0
usemtl マテリアル
f 1406/1852/1013 1408/1853/1013 1407/1854/1013
f 1398/1855/1014 1401/1856/1014 1397/1857/1014 1396/1858/1014
f 1399/1859/1015 1397/1860/1015 1401/1861/1015 1400/1862/1015 1402/1863/1015 1403/1864/1015 1404/1865/1015 1405/1866/1015
f 1403/1867/1016 1402/1868/1016 1409/1869/1016
s 1
f 1383/1870/1017 1395/1871/1018 1391/1872/1019 1388/1873/1019
f 1395/1871/1018 1383/1870/1017 1385/1874/1020 1393/1875/1021
f 1387/1876/1022 1392/1877/1023 1386/1878/1024
f 1383/1879/1017 1384/1880/1025 1410/1881/1025 1389/1882/1025 1390/1879/1026
f 1385/1883/1020 1383/1879/1017 1390/1879/1026 1394/1884/1027
f 1392/1885/1023 1393/1886/1021 1385/1887/1020 1386/1888/1024
o 立方体.002_cell.037
v -0.012960 -0.093995 -0.016744
v -0.004020 -0.093752 -0.017161
v -0.006099 -0.085522 -0.028911
v -0.021217 -0.080630 -0.020815
v -0.008284 -0.079509 -0.028468
v -0.004427 -0.096980 -0.011417
v -0.008430 -0.095335 -0.019590
v -0.020057 -0.082033 -0.026259
v -0.012712 -0.082394 -0.029542
v -0.017970 -0.085908 -0.017970
v -0.004427 -0.096980 -0.011417
v -0.004020 -0.093752 -0.017161
v -0.006099 -0.085522 -0.028911
v -0.008284 -0.079509 -0.028468
v -0.021217 -0.080630 -0.020815
v -0.017970 -0.085908 -0.017970
v -0.012712 -0.082394 -0.029542
v -0.012960 -0.093995 -0.016744
v -0.012960 -0.093995 -0.016744
v -0.008430 -0.095335 -0.019590
vn 0.1540 0.1281 -0.9797
vn 0.0170 -0.9786 -0.2052
vn -0.8494 -0.5276 -0.0092
vn 0.0452 0.6544 0.7548
vn 0.2213 0.8437 0.4890
vn 0.9881 -0.0574 0.1430
vn 0.2367 0.6466 0.7252
vn -0.9576 0.2224 0.1831
vn 0.1169 0.7722 0.6245
vn -0.0009 0.8718 0.4898
vn 0.8452 0.5333 0.0365
vn 0.1663 -0.1919 -0.9672
vn 0.8523 0.5229 -0.0121
vn -0.4139 -0.6705 -0.6158
vn -0.1351 -0.7098 -0.6913
vn -0.8442 -0.5344 -0.0422
vt 0.310708 0.000000
vt 0.317751 0.317751
vt 0.244475 0.244475
vt 1.000000 1.000000
vt 0.112045 0.000000
vt 0.564838 0.357846
vt 1.000000 0.719200
vt 1.000000 0.284664
vt 0.000000 0.000000
vt 0.805627 0.513746
vt 0.780537 0.513746
vt 0.778247 0.513746
vt 0.788510 0.513746
vt 0.833441 0.513746
vt 0.833441 0.513746
vt 0.805627 0.539464
vt 0.812608 0.534578
vt 0.861254 0.513746
vt 0.859886 0.513746
vt 0.546038 0.281250
vt 0.552332 0.281250
vt 0.552263 0.312500
vt 0.544900 0.312500
vt 0.550483 0.343515
vt 0.543910 0.340366
vt 0.544900 0.312500
vt 0.552372 0.335331
vt 0.551882 0.254595
vt 0.546351 0.271448
s 0
usemtl マテリアル
f 1419/1889/1028 1424/1890/1028 1413/1891/1028
f 1421/1892/1029 1429/1893/1029 1417/1894/1029 1422/1895/1029
f 1426/1896/1030 1425/1892/1030 1428/1897/1030
s 1
f 1427/1898/1031 1412/1899/1032 1423/1900/1033 1415/1901/1034
f 1418/1902/1035 1411/1903/1036 1412/1898/1032 1427/1898/1031
f 1416/1904/1037 1412/1898/1032 1411/1905/1036
f 1411/1903/1038 1418/1902/1039 1414/1906/1040 1420/1907/1038
f 1411/1908/1041 1418/1909/1035 1427/1910/1031 1430/1911/1042
f 1423/1912/1033 1412/1913/1032 1430/1914/1042 1427/1915/1031
f 1414/1916/1040 1418/1909/1039 1411/1917/1043
o 立方体.002_cell.038
v -0.007840 -0.103871 -0.008907
v -0.010001 -0.100345 -0.004814
v -0.005413 -0.097800 -0.009530
v -0.012779 -0.094672 -0.012779
v -0.012197 -0.096237 -0.008036
v -0.010001 -0.100345 -0.004814
v -0.012197 -0.096237 -0.008036
v -0.005413 -0.097800 -0.009530
v -0.012779 -0.094672 -0.012779
vn 0.7575 -0.2405 0.6070
vn 0.3138 -0.2202 -0.9236
vn -0.8699 -0.4902 -0.0549
vn -0.8697 -0.4923 -0.0351
vn 0.2935 0.8433 0.4502
vn 0.3038 0.6832 0.6641
vn 0.2982 0.8079 0.5084
vn 0.2725 0.9232 0.2710
vt 0.000000 0.000000
vt 1.000000 0.000000
vt 1.000000 1.000000
vt 0.544341 0.000000
vt 0.544341 0.544341
vt 0.804565 0.595604
vt 0.794501 0.580499
vt 0.783524 0.569373
vt 0.798168 0.554569
vt 0.805627 0.549564
vt 0.805627 0.569373
s 0
usemtl マテリアル
f 1436/1918/1044 1431/1919/1044 1438/1920/1044
f 1439/1919/1045 1438/1920/1045 1431/1918/1045
f 1439/1920/1046 1431/1918/1046 1437/1921/1046
f 1437/1922/1047 1431/1918/1047 1436/1919/1047
s 1
f 1435/1923/1048 1432/1924/1049 1433/1925/1050
f 1433/1926/1050 1434/1927/1051 1435/1928/1048
o 立方体.002_cell.039
v 0.010139 -0.129095 0.000313
v 0.011334 -0.195314 0.000414
v 0.010404 -0.155795 0.000339
vn -0.0674 0.0003 0.9977
vt 0.403008 0.393529
vt 1.000000 1.000000
vt 0.057671 0.000000
s 0
usemtl マテリアル
f 1442/1929/1052 1441/1930/1052 1440/1931/1052
o 立方体.002_cell.040
v 0.032519 -0.060968 -0.032519
v 0.033361 -0.060878 -0.038960
v 0.037578 -0.060866 -0.025631
v 0.041173 -0.060823 -0.017717
v 0.049780 -0.060658 -0.005076
v 0.049314 -0.060624 -0.010330
v 0.046277 -0.060633 -0.019914
v 0.043796 -0.060812 -0.009711
v 0.042316 -0.060678 -0.028888
v 0.033764 -0.055603 -0.037010
v 0.039343 -0.052487 -0.034873
v 0.038012 -0.058653 -0.038012
v 0.045046 -0.049791 -0.030721
v 0.051401 -0.050775 -0.028799
v 0.057285 -0.046704 -0.023579
v 0.055955 -0.043170 -0.018047
v 0.058427 -0.042527 -0.012209
v 0.064120 -0.030889 0.024760
v 0.063879 -0.035634 0.013346
v 0.065382 -0.042538 -0.000000
v 0.048043 -0.052131 0.019127
v 0.052913 -0.052664 0.020936
v 0.043496 -0.058255 0.017235
v 0.044121 -0.060617 0.009223
v 0.050309 -0.060598 -0.000000
v 0.049407 -0.060510 0.010350
v 0.045017 -0.060693 -0.000000
v 0.041173 -0.060823 -0.017717
v 0.043796 -0.060812 -0.009711
v 0.037578 -0.060866 -0.025631
v 0.032519 -0.060968 -0.032519
v 0.046277 -0.060633 -0.019914
v 0.042316 -0.060678 -0.028888
v 0.049314 -0.060624 -0.010330
v 0.049780 -0.060658 -0.005076
v 0.039343 -0.052487 -0.034873
v 0.045046 -0.049791 -0.030721
v 0.045046 -0.049791 -0.030721
v 0.045046 -0.049791 -0.030721
v 0.055955 -0.043170 -0.018047
v 0.058427 -0.042527 -0.012209
v 0.048043 -0.052131 0.019127
v 0.043496 -0.058255 0.017235
v 0.043496 -0.058255 0.017235
v 0.043496 -0.058255 0.017235
v 0.050309 -0.060598 -0.000000
v 0.049407 -0.060510 0.010350
v 0.044121 -0.060617 0.009223
v 0.045017 -0.060693 -0.000000
v 0.033361 -0.060878 -0.038960
v 0.033361 -0.060878 -0.038960
v 0.033361 -0.060878 -0.038960
v 0.033764 -0.055603 -0.037010
v 0.038012 -0.058653 -0.038012
v 0.038012 -0.058653 -0.038012
v 0.038012 -0.058653 -0.038012
v 0.051401 -0.050775 -0.028799
v 0.057285 -0.046704 -0.023579
v 0.057285 -0.046704 -0.023579
v 0.057285 -0.046704 -0.023579
v 0.064120 -0.030889 0.024760
v 0.052913 -0.052664 0.020936
vn 0.0331 -0.9994 -0.0096
vn 0.4512 0.3254 -0.8309
vn -0.3469 0.0139 0.9378
vn -0.3509 -0.0287 0.9360
vn 0.0066 -0.9980 0.0633
vn -0.4343 0.6354 0.6385
vn -0.6535 0.6608 0.3692
vn -0.6275 0.6621 0.4097
vn -0.7151 0.6989 -0.0108
vn 0.7923 0.5815 -0.1848
vn 0.3878 0.9058 -0.1709
vn -0.7345 0.6657 0.1320
vn -0.6171 0.6930 0.3728
vn -0.6412 0.6849 0.3460
vn -0.6788 0.6960 0.2342
vn -0.7071 0.6853 0.1745
vn -0.7663 0.6424 0.0137
vn 0.7947 -0.5690 -0.2115
vn 0.7636 -0.5788 -0.2862
vn 0.7061 -0.5240 -0.4763
vn 0.6878 -0.5440 -0.4806
vn 0.6467 -0.5855 -0.4888
vn 0.7600 -0.4588 -0.4604
vn 0.8211 -0.5447 -0.1707
vn 0.7914 -0.5441 -0.2786
vn 0.8197 -0.5725 -0.0192
vn 0.6015 0.7179 -0.3505
vn 0.7940 -0.5645 0.2256
vn 0.7448 0.5410 -0.3907
vn 0.7973 -0.5678 0.2048
vn 0.5880 0.7384 -0.3303
vn -0.7124 0.6501 -0.2643
vn -0.7410 0.6258 -0.2436
vn 0.3192 0.5386 -0.7798
vn 0.0264 0.3449 -0.9383
vn -0.7206 0.6483 0.2460
vt 0.822526 0.269701
vt 0.893173 0.501229
vt 1.000000 0.624132
vt 0.957668 0.957668
vt 0.881084 0.813985
vt 0.801738 0.547359
vt 0.724892 0.220945
vt 0.690706 0.000000
vt 0.757757 0.000000
vt 0.613492 0.360963
vt 0.761842 0.761842
vt 0.539500 0.539500
vt 0.567610 0.567610
vt 1.000000 0.432133
vt 1.000000 0.475772
vt 0.432133 0.432133
vt 1.000000 0.313117
vt 0.475772 0.475772
vt 1.000000 0.242243
vt 1.000000 0.309294
vt 0.875590 0.321808
vt 0.580954 0.327274
vt 0.258650 0.258650
vt 0.501779 0.272223
vt 0.766261 0.268284
vt 0.651209 0.513746
vt 0.638746 0.513746
vt 0.645543 0.513746
vt 0.638746 0.625000
vt 0.638746 0.597186
vt 0.638746 0.541559
vt 0.638746 0.569373
vt 0.638746 0.582465
vt 0.572218 0.562500
vt 0.564644 0.562500
vt 0.564618 0.531250
vt 0.568683 0.531250
vt 0.570252 0.545659
vt 0.567188 0.511550
vt 0.564618 0.531250
vt 0.564556 0.500000
vt 0.573313 0.593750
vt 0.564649 0.593750
vt 0.572883 0.576204
vt 0.564629 0.609637
vt 0.564649 0.593750
vt 0.574938 0.625000
vt 0.564663 0.625000
vt 0.577422 0.656250
vt 0.564713 0.656250
vt 0.564713 0.656250
vt 0.579359 0.681932
vt 0.569177 0.682885
vt 0.564733 0.682620
vt 0.784288 0.784288
vt 0.735772 0.735772
vt 0.772472 0.682144
vt 0.638746 0.675307
vt 0.638746 0.652814
vt 0.638746 0.652814
vt 0.638746 0.676575
vt 0.638746 0.676858
vt 0.330224 0.330224
vt 0.923585 0.627900
vt 0.454968 0.454968
vt 0.890167 0.491007
vt 0.965258 0.965258
vt 0.696012 0.696012
vt 0.638746 0.522712
s 0
usemtl マテリアル
f 1470/1932/1053 1472/1933/1053 1473/1934/1053 1492/1935/1053 1475/1936/1053 1474/1937/1053 1476/1938/1053 1477/1939/1053 1471/1940/1053
f 1479/1941/1054 1496/1942/1054 1478/1943/1054
f 1460/1944/1055 1484/1945/1055 1504/1946/1055
f 1484/1947/1056 1485/1948/1056 1504/1949/1056
f 1471/1950/1057 1477/1951/1057 1488/1952/1057 1489/1953/1057 1486/1954/1057 1490/1955/1057 1491/1956/1057
s 1
f 1493/1957/1058 1443/1958/1059 1498/1958/1060 1495/1959/1058
f 1469/1960/1061 1462/1960/1062 1483/1961/1063 1450/1961/1064
f 1480/1962/1065 1445/1962/1066 1446/1963/1067 1500/1963/1068
f 1500/1963/1068 1446/1963/1067 1450/1961/1064 1483/1961/1063 1482/1964/1069
f 1501/1965/1070 1449/1966/1071 1451/1967/1072 1481/1968/1073 1499/1969/1074
f 1497/1970/1075 1481/1968/1073 1451/1971/1072 1494/1972/1075
f 1483/1973/1063 1448/1974/1076 1449/1966/1071 1501/1975/1070
f 1447/1976/1077 1448/1977/1076 1483/1973/1063 1462/1978/1062 1467/1979/1078
f 1467/1979/1078 1462/1978/1062 1461/1980/1079 1468/1981/1080
f 1468/1982/1080 1461/1980/1079 1503/1983/1081 1464/1984/1082 1465/1985/1082
s 0
f 1457/1986/1083 1458/1987/1083 1459/1988/1083
s 1
f 1503/1989/1081 1461/1990/1079 1466/1991/1084 1487/1992/1085 1463/1993/1085
s 0
f 1455/1994/1086 1502/1995/1086 1456/1996/1086
f 1454/1997/1087 1444/1998/1087 1452/1999/1087
s 1
f 1469/1960/1061 1466/1991/1084 1461/1990/1079 1462/1960/1062
f 1498/1958/1060 1443/1958/1059 1445/1962/1066 1480/1962/1065 1453/2000/1088
o 立方体.002_cell.041
v 0.003530 -0.245301 0.001296
v 0.002135 -0.257742 0.000015
v 0.019248 -0.257908 0.014431
v 0.024865 -0.256375 0.015370
v 0.014015 -0.249365 0.002937
v 0.026682 -0.252331 -0.006382
v 0.019044 -0.250534 -0.004177
v 0.014057 -0.249365 -0.002488
v 0.013518 -0.244421 -0.000000
v 0.029998 -0.253039 0.006286
v 0.027836 -0.252959 0.011978
v 0.030351 -0.252988 -0.000000
v 0.011966 -0.249365 0.008337
v 0.012417 -0.244211 0.005343
v 0.026682 -0.252331 -0.006382
v 0.019044 -0.250534 -0.004177
v 0.029998 -0.253039 0.006286
v 0.027836 -0.252959 0.011978
v 0.014057 -0.249365 -0.002488
v 0.013518 -0.244421 -0.000000
v 0.012417 -0.244211 0.005343
v 0.024865 -0.256375 0.015370
v 0.030351 -0.252988 -0.000000
v 0.011966 -0.249365 0.008337
vn -0.2640 0.0593 -0.9627
vn -0.2905 0.1302 -0.9480
vn -0.1449 0.8123 -0.5650
vn 0.8495 -0.4129 0.3284
vn 0.2872 -0.9402 -0.1830
vn 0.4228 -0.9061 0.0163
vn 0.1627 -0.9660 -0.2008
vn -0.6443 -0.0065 0.7647
vn -0.4479 0.2338 0.8630
vn -0.4111 0.4845 0.7722
vn 0.6881 0.7145 0.1268
vn 0.2135 0.9759 0.0459
vn 0.2195 0.9756 0.0045
vn -0.0027 0.7058 0.7084
vn 0.1234 0.9187 0.3753
vn 0.5539 0.7720 0.3119
vn 0.2190 0.9756 -0.0127
vn 0.2338 0.9721 0.0179
vn 0.6105 0.7920 -0.0062
vn 0.9481 0.1678 0.2700
vn 0.9816 0.1603 0.1038
vt 1.000000 0.564215
vt 0.094364 0.000000
vt 1.000000 0.000000
vt 0.564215 0.564215
vt 0.000000 0.000000
vt 0.593171 0.512503
vt 0.310759 0.118594
vt 0.348040 0.348040
vt 0.286669 0.000000
vt 0.926129 0.570157
vt 0.823908 0.190665
vt 0.805408 0.805408
vt 0.872622 0.872622
vt 0.878577 0.654076
vt 0.956747 0.896677
vt 0.873633 0.873633
vt 1.000000 1.000000
vt 1.000000 0.669192
vt 0.419654 0.000000
vt 1.000000 0.695840
vt 0.675618 0.669294
vt 0.458333 0.656250
vt 0.426357 0.632840
vt 0.427993 0.625000
vt 0.428018 0.703861
vt 0.428234 0.687500
vt 0.458333 0.718750
vt 0.433497 0.589348
vt 0.448546 0.592314
vt 0.451419 0.593750
vt 0.427561 0.656250
vt 0.458333 0.687500
vt 0.428234 0.687500
vt 0.458333 0.598525
vt 0.458333 0.625000
vt 0.431719 0.601737
vt 0.432988 0.593750
vt 0.467329 0.656250
vt 0.466654 0.625000
vt 0.465369 0.605651
vt 0.467007 0.687500
s 0
usemtl マテリアル
f 1520/2001/1089 1519/2002/1089 1506/2003/1089
f 1520/2004/1090 1506/2005/1090 1505/2003/1090 1523/2006/1090
f 1524/2007/1091 1523/2008/1091 1505/2005/1091 1525/2009/1091
f 1526/2003/1092 1521/2010/1092 1522/2011/1092
f 1507/2003/1093 1521/2012/1093 1526/2005/1093
f 1521/2013/1094 1507/2005/1094 1527/2014/1094
f 1519/2015/1095 1527/2016/1095 1507/2005/1095 1506/2003/1095
f 1505/2003/1096 1506/2017/1096 1507/2005/1096
f 1528/2018/1097 1505/2017/1097 1507/2005/1097 1526/2019/1097
f 1525/2020/1098 1505/2017/1098 1528/2021/1098
s 1
f 1509/2022/1099 1514/2023/1100 1516/2024/1101
f 1508/2025/1102 1515/2026/1103 1517/2027/1104
f 1510/2028/1105 1511/2029/1106 1512/2030/1107
f 1514/2031/1100 1509/2022/1099 1517/2032/1104 1515/2033/1103
f 1512/2034/1107 1509/2035/1099 1516/2036/1101 1510/2037/1105
f 1518/2038/1108 1509/2035/1099 1513/2039/1109
f 1513/2039/1109 1509/2035/1099 1512/2040/1107
f 1518/2041/1108 1517/2032/1104 1509/2022/1099
o 立方体.002_cell.042
v 0.005017 -0.195663 -0.002472
v 0.004617 -0.128576 -0.002692
v 0.010099 -0.195533 -0.005347
v 0.012349 -0.129493 -0.005130
v 0.009599 -0.155795 -0.004126
vn -0.3593 0.0026 -0.9332
vt 0.607705 0.031505
vt 0.036265 0.036265
vt 0.000000 0.000000
vt 1.000000 0.000000
vt 1.000000 0.050224
s 0
usemtl マテリアル
f 1533/2042/1110 1531/2043/1110 1529/2044/1110 1530/2045/1110 1532/2046/1110
o 立方体.002_cell.043
v -0.124090 0.036048 -0.040878
v -0.107186 0.024042 -0.034883
v -0.112090 0.020724 -0.036497
v -0.119685 0.040623 -0.039458
v -0.080693 -0.011299 -0.044327
v -0.075194 -0.010208 -0.041320
v -0.104690 0.020130 -0.055134
v -0.101033 0.025274 -0.053451
v -0.119088 0.032542 -0.047054
v -0.115477 0.037686 -0.044642
v -0.112306 0.035379 -0.048327
v -0.109608 0.026550 -0.057302
v -0.105521 0.031368 -0.055427
v -0.079539 -0.020325 -0.026055
v -0.075721 -0.017145 -0.024794
v -0.079441 -0.018527 -0.031350
v -0.075577 -0.014294 -0.032522
v -0.107186 0.024042 -0.034883
v -0.119685 0.040623 -0.039458
v -0.124090 0.036048 -0.040878
v -0.112090 0.020724 -0.036497
v -0.075721 -0.017145 -0.024794
v -0.075577 -0.014294 -0.032522
v -0.080693 -0.011299 -0.044327
v -0.079441 -0.018527 -0.031350
v -0.075194 -0.010208 -0.041320
v -0.101033 0.025274 -0.053451
v -0.119088 0.032542 -0.047054
v -0.109608 0.026550 -0.057302
v -0.104690 0.020130 -0.055134
v -0.112306 0.035379 -0.048327
v -0.105521 0.031368 -0.055427
v -0.115477 0.037686 -0.044642
v -0.079539 -0.020325 -0.026055
vn -0.3232 0.0174 0.9462
vn 0.4433 0.0230 -0.8961
vn -0.3826 0.5986 -0.7038
vn -0.4122 0.6077 -0.6789
vn 0.6762 -0.6977 -0.2365
vn 0.5101 -0.7547 -0.4125
vn 0.4105 0.0066 -0.9118
vn -0.7330 -0.6399 -0.2305
vn -0.7263 -0.6406 -0.2491
vn -0.7269 -0.6406 -0.2476
vn 0.7405 0.6257 0.2454
vn 0.7308 0.6266 0.2709
vn 0.7306 0.6266 0.2714
vn -0.3103 -0.0042 0.9506
vn 0.7091 0.6269 0.3227
vn -0.7119 -0.6413 -0.2864
vt 0.250648 0.000000
vt 0.298361 0.000000
vt 1.000000 0.411335
vt 1.000000 0.437608
vt 0.636965 0.000000
vt 0.630804 0.630804
vt 0.607755 0.607755
vt 0.610308 0.000000
vt 0.394499 0.000000
vt 0.424207 0.000000
vt 1.000000 0.755736
vt 1.000000 0.794864
vt 0.798447 0.528731
vt 0.755736 0.755736
vt 1.000000 0.701639
vt 1.000000 0.749352
vt 0.794864 0.794864
vt 0.959429 0.959429
vt 0.926910 0.926910
vt 0.622897 0.000000
vt 0.645185 0.000000
vt 0.645185 0.645185
vt 0.712384 0.622443
vt 1.000000 0.623890
vt 1.000000 0.647292
vt 1.000000 0.363035
vt 1.000000 0.389692
vt 0.575793 0.000000
vt 0.605501 0.000000
vt 0.610931 0.173180
vt 0.619650 0.173691
vt 0.616566 0.187500
vt 0.588599 0.182769
vt 0.587576 0.173469
vt 0.861254 0.574634
vt 0.861254 0.581573
vt 0.861254 0.582082
vt 0.861254 0.581825
vt 0.861254 0.569373
vt 0.861254 0.569373
vt 0.411335 0.411335
vt 0.926910 0.000000
vt 0.959429 0.000000
vt 0.437608 0.437608
vt 0.861254 0.569373
vt 0.861254 0.555003
vt 0.861254 0.557818
vt 0.861254 0.558226
vt 0.610593 0.200100
vt 0.591534 0.202435
vt 0.589243 0.187500
vt 0.614246 0.199635
s 0
usemtl マテリアル
f 1552/2047/1111 1553/2048/1111 1554/2049/1111 1551/2050/1111
f 1560/2051/1112 1559/2052/1112 1557/2053/1112 1563/2054/1112
f 1565/2055/1113 1562/2056/1113 1561/2057/1113 1566/2058/1113 1564/2059/1113
f 1561/2060/1114 1553/2061/1114 1552/2062/1114 1566/2063/1114
f 1555/2064/1115 1547/2065/1115 1558/2066/1115 1556/2067/1115
f 1556/2068/1116 1558/2069/1116 1557/2070/1116 1559/2071/1116
f 1560/2072/1117 1563/2073/1117 1562/2074/1117 1565/2075/1117
s 1
f 1536/2076/1118 1534/2077/1118 1542/2078/1119 1549/2079/1120 1567/2080/1118
f 1543/2081/1121 1537/2082/1121 1535/2083/1121 1548/2084/1121 1550/2085/1122 1544/2086/1123
s 0
f 1554/2087/1124 1547/2088/1124 1555/2089/1124 1551/2090/1124
s 1
f 1544/2086/1123 1550/2091/1122 1539/2092/1125 1541/2093/1125 1546/2094/1125
f 1540/2095/1126 1538/2096/1126 1549/2097/1120 1542/2078/1119 1545/2098/1126
o 立方体.002_cell.044
v 0.006988 -0.124286 0.007234
v -0.000062 -0.126589 -0.000220
v -0.001128 -0.126533 0.004811
v 0.004292 -0.098951 0.004326
v 0.007698 -0.098220 -0.004679
v -0.000885 -0.099634 0.001833
v 0.002649 -0.098808 -0.005080
v 0.007698 -0.098220 -0.004679
v 0.004292 -0.098951 0.004326
v -0.000885 -0.099634 0.001833
v 0.002649 -0.098808 -0.005080
vn 0.2487 -0.9665 0.0634
vn 0.7379 -0.2971 -0.6060
vn -0.3625 0.0875 0.9279
vn -0.9782 -0.0141 -0.2071
vn -0.8907 0.0074 -0.4545
vn 0.0987 -0.1808 -0.9785
vn -0.1182 0.9923 0.0358
vn -0.1288 0.9910 0.0376
vn -0.1388 0.9895 0.0393
vn -0.1503 0.9878 0.0413
vn 0.9224 0.1395 0.3602
vt 0.000000 0.000000
vt 1.000000 0.000000
vt 1.000000 1.000000
vt 1.000000 0.038169
vt 0.456002 0.000000
vt 0.469619 0.469619
vt 0.111583 0.000000
vt 0.312810 0.108219
vt 1.000000 0.036536
vt 0.751683 0.027590
vt 0.705976 0.597186
vt 0.722186 0.597186
vt 0.718804 0.625000
vt 0.722186 0.625000
vt 0.734851 0.597186
vt 0.749758 0.625000
vt 1.000000 0.469619
vt 0.216384 0.119700
s 0
usemtl マテリアル
f 1570/2099/1127 1569/2100/1127 1568/2101/1127
f 1568/2101/1128 1569/2099/1128 1575/2102/1128
f 1577/2103/1129 1570/2100/1129 1568/2101/1129 1576/2104/1129
f 1569/2100/1130 1570/2101/1130 1577/2105/1130
f 1578/2100/1131 1569/2101/1131 1577/2106/1131
f 1575/2107/1132 1569/2101/1132 1578/2108/1132
s 1
f 1572/2109/1133 1574/2110/1134 1571/2111/1135
f 1571/2112/1135 1574/2113/1134 1573/2114/1136
s 0
f 1576/2115/1137 1568/2101/1137 1575/2116/1137
o 立方体.002_cell.045
v 0.074945 -0.023716 -0.000000
v 0.073303 -0.023716 -0.015313
v 0.073303 -0.023716 0.015313
v 0.066764 -0.026273 -0.028574
v 0.068463 -0.032238 -0.028196
v 0.085424 -0.010068 -0.035810
v 0.072696 -0.018190 -0.031282
v 0.081882 -0.005640 -0.035482
v 0.100678 0.009758 -0.042346
v 0.095228 0.012447 -0.041298
v 0.083087 -0.013754 0.033010
v 0.088236 -0.008594 0.030965
v 0.083445 -0.005837 0.030323
v 0.075684 -0.013733 0.033379
v 0.079255 -0.017583 0.034451
v 0.066861 -0.026081 0.028772
v 0.073884 -0.022681 0.036096
v 0.071158 -0.028277 0.030621
v 0.065032 -0.034175 0.013587
v 0.063910 -0.036482 0.006550
v 0.068035 -0.038292 0.009523
v 0.054842 -0.042538 -0.023078
v 0.059384 -0.041317 -0.012408
v 0.066461 -0.041246 -0.000000
v 0.070463 -0.018801 0.035011
v 0.100332 0.019185 -0.043175
v 0.107277 0.018180 -0.044744
v 0.123621 0.031246 -0.029037
v 0.115989 0.032685 -0.030388
v 0.121191 0.036837 -0.025306
v 0.129127 0.045361 -0.015778
v 0.137104 0.045446 -0.013077
v 0.128939 0.044115 -0.008283
v 0.134802 0.041656 -0.009178
v 0.123402 0.036155 -0.000000
v 0.128420 0.032991 -0.000000
v 0.103929 0.015009 0.021704
v 0.108264 0.011363 0.022685
v 0.066764 -0.026273 -0.028574
v 0.072696 -0.018190 -0.031282
v 0.081882 -0.005640 -0.035482
v 0.068463 -0.032238 -0.028196
v 0.085424 -0.010068 -0.035810
v 0.100678 0.009758 -0.042346
v 0.095228 0.012447 -0.041298
v 0.083087 -0.013754 0.033010
v 0.088236 -0.008594 0.030965
v 0.083445 -0.005837 0.030323
v 0.075684 -0.013733 0.033379
v 0.073884 -0.022681 0.036096
v 0.071158 -0.028277 0.030621
v 0.065032 -0.034175 0.013587
v 0.065032 -0.034175 0.013587
v 0.065032 -0.034175 0.013587
v 0.063910 -0.036482 0.006550
v 0.068035 -0.038292 0.009523
v 0.066461 -0.041246 -0.000000
v 0.070463 -0.018801 0.035011
v 0.079255 -0.017583 0.034451
v 0.054842 -0.042538 -0.023078
v 0.107277 0.018180 -0.044744
v 0.100332 0.019185 -0.043175
v 0.123621 0.031246 -0.029037
v 0.115989 0.032685 -0.030388
v 0.121191 0.036837 -0.025306
v 0.129127 0.045361 -0.015778
v 0.129127 0.045361 -0.015778
v 0.137104 0.045446 -0.013077
v 0.137104 0.045446 -0.013077
v 0.137104 0.045446 -0.013077
v 0.128939 0.044115 -0.008283
v 0.128939 0.044115 -0.008283
v 0.123402 0.036155 -0.000000
v 0.134802 0.041656 -0.009178
v 0.128420 0.032991 -0.000000
v 0.108264 0.011363 0.022685
v 0.103929 0.015009 0.021704
v 0.066861 -0.026081 0.028772
vn -0.2555 -0.1334 -0.9576
vn -0.2471 -0.1266 -0.9607
vn 0.0514 0.3189 0.9464
vn -0.5740 -0.3785 0.7261
vn -0.5518 -0.7066 0.4431
vn 0.0213 0.2866 0.9578
vn -0.2580 -0.1341 -0.9568
vn -0.2323 -0.0936 -0.9681
vn 0.1011 0.6685 -0.7368
vn 0.2482 0.6100 -0.7525
vn 0.3496 0.5602 0.7510
vn 0.3175 0.5386 0.7805
vn 0.0626 0.3282 0.9425
vn -0.0654 0.9846 0.1620
vn 0.7030 -0.6419 0.3061
vn 0.7320 -0.6759 0.0859
vn 0.7320 -0.6759 0.0852
vn 0.7391 -0.6667 -0.0963
vn 0.7394 -0.6557 -0.1527
vn -0.2308 -0.5046 0.8320
vn -0.1145 -0.1728 0.9783
vn 0.7430 -0.6527 0.1483
vn 0.7416 -0.6593 0.1236
vn 0.7438 -0.6470 0.1680
vn -0.1465 -0.9816 0.1226
vn 0.7472 -0.6568 -0.1016
vn 0.7334 -0.6786 0.0400
vn -0.7400 0.6258 0.2465
vn -0.7403 0.6258 0.2458
vn -0.7406 0.6258 0.2448
vn -0.7680 0.6065 0.2056
vn -0.7678 0.6281 0.1261
vn -0.7404 0.6258 0.2454
vn -0.7639 0.6128 -0.2023
vn -0.7755 0.5840 -0.2398
vn -0.7361 0.6261 -0.2572
vn -0.7351 0.6262 -0.2597
vn -0.7402 0.6257 -0.2462
vn -0.7708 0.6277 -0.1090
vn -0.7765 0.6282 0.0488
vn -0.8003 0.5996 0.0039
vn 0.0481 0.3093 0.9498
vn -0.7091 0.6270 0.3226
vn -0.7747 0.6267 0.0841
vn -0.7920 0.5629 -0.2364
vn -0.5676 -0.7551 0.3281
vn -0.5710 -0.7488 0.3366
vn 0.7389 -0.6512 -0.1731
vn -0.7094 0.6270 -0.3220
vt 0.293549 0.000000
vt 0.435963 0.028888
vt 0.608541 0.091323
vt 1.000000 0.232854
vt 1.000000 0.258152
vt 0.329237 0.000000
vt 0.368291 0.000000
vt 0.258152 0.258152
vt 0.232854 0.232854
vt 1.000000 0.202300
vt 1.000000 0.231793
vt 0.729927 0.000000
vt 0.764771 0.000000
vt 0.000000 0.000000
vt 0.038227 0.000000
vt 1.000000 0.481571
vt 0.657698 0.351187
vt 0.520800 0.520800
vt 0.481571 0.481571
vt 0.878366 0.462379
vt 0.938160 0.000000
vt 1.000000 0.045059
vt 0.412624 0.412624
vt 0.360288 0.360288
vt 1.000000 0.706451
vt 0.549852 0.549852
vt 1.000000 0.643886
vt 1.000000 0.631709
vt 1.000000 0.670763
vt 0.262210 0.000000
vt 0.306479 0.000000
vt 0.379975 0.000000
vt 0.444771 0.000000
vt 0.306479 0.306479
vt 0.262210 0.262210
vt 0.559264 0.448329
vt 0.890443 0.562936
vt 1.000000 0.640580
vt 0.444771 0.444771
vt 0.379975 0.379975
vt 1.000000 0.608248
vt 0.638146 0.638146
vt 1.000000 0.565884
vt 0.565884 0.565884
vt 0.526246 0.405884
vt 0.407955 0.000000
vt 0.436795 0.000000
vt 0.562542 0.429779
vt 0.608248 0.608248
vt 1.000000 0.270073
vt 0.436795 0.436795
vt 0.489438 0.386002
vt 1.000000 0.235229
vt 0.638746 0.608572
vt 0.638746 0.614990
vt 0.625850 0.610721
vt 0.586236 0.695151
vt 0.583052 0.687500
vt 0.589137 0.688084
vt 0.593412 0.563979
vt 0.604692 0.563756
vt 0.609484 0.564233
vt 0.618114 0.593750
vt 0.574000 0.593750
vt 0.573290 0.565928
vt 0.580799 0.565028
vt 0.605605 0.656250
vt 0.578243 0.656250
vt 0.577354 0.645982
vt 0.575674 0.625000
vt 0.617911 0.625000
vt 0.594251 0.676713
vt 0.591315 0.683098
vt 0.589370 0.687500
vt 0.581324 0.682784
vt 0.638746 0.569373
vt 0.638746 0.569373
vt 0.638746 0.569556
vt 0.638746 0.597186
vt 0.638746 0.597186
vt 0.638746 0.590146
vt 0.638746 0.652814
vt 0.638746 0.652814
vt 0.638746 0.680627
vt 0.638746 0.677819
vt 0.638746 0.672599
vt 0.638746 0.650373
vt 0.638746 0.625000
vt 0.392695 0.025835
vt 0.231794 0.231794
vt 0.360288 0.000000
vt 0.638746 0.568981
vt 0.638746 0.569007
vt 0.638746 0.569659
vt 0.638746 0.570492
vt 0.638746 0.638796
vt 0.390077 0.390077
vt 0.512433 0.312705
vt 0.435468 0.435468
vt 0.823775 0.427930
vt 1.000000 0.390077
vt 1.000000 0.435468
vt 0.624895 0.610630
vt 0.622841 0.614662
vt 0.617911 0.625000
vt 0.575674 0.625000
vt 0.638746 0.688441
s 0
usemtl マテリアル
f 1620/2117/1138 1617/2118/1138 1618/2119/1138 1619/2120/1138 1621/2121/1138
f 1623/2122/1139 1622/2123/1139 1621/2124/1139 1619/2125/1139
f 1627/2126/1140 1624/2127/1140 1625/2128/1140 1626/2129/1140
f 1628/2130/1141 1636/2131/1141 1656/2132/1141 1629/2133/1141
f 1629/2134/1142 1656/2135/1142 1632/2136/1142
f 1636/2137/1143 1628/2138/1143 1637/2139/1143 1627/2140/1143
f 1620/2141/1144 1600/2142/1144 1617/2143/1144
f 1622/2144/1145 1623/2145/1145 1640/2146/1145 1639/2147/1145
f 1642/2148/1146 1641/2149/1146 1639/2150/1146 1640/2151/1146
f 1643/2152/1147 1644/2153/1147 1646/2154/1147 1641/2155/1147 1642/2156/1147
f 1652/2157/1148 1647/2158/1148 1649/2159/1148
f 1649/2160/1149 1651/2161/1149 1655/2162/1149 1654/2163/1149 1653/2164/1149 1652/2165/1149
f 1625/2166/1150 1654/2167/1150 1655/2168/1150 1626/2169/1150
s 1
f 1645/2170/1151 1650/2171/1151 1610/2172/1151
f 1595/2173/1152 1596/2174/1153 1593/2175/1154
f 1584/2176/1155 1587/2177/1155 1605/2178/1155 1606/2179/1156 1601/2180/1157 1638/2181/1158 1583/2182/1155
f 1616/2183/1159 1631/2184/1160 1599/2185/1161 1635/2186/1162 1614/2187/1163
f 1631/2184/1160 1616/2183/1159 1590/2188/1164 1589/2189/1164 1593/2190/1154 1596/2191/1153
f 1604/2192/1165 1585/2193/1166 1582/2194/1167 1580/2195/1168 1608/2196/1169 1607/2197/1170
f 1581/2198/1171 1630/2199/1172 1594/2200/1173 1592/2201/1174 1591/2202/1175 1615/2198/1176
f 1581/2198/1171 1615/2203/1176 1613/2204/1177 1579/2204/1178
s 0
f 1637/2205/1179 1624/2206/1179 1627/2207/1179
s 1
f 1585/2193/1166 1604/2192/1165 1588/2208/1180 1586/2209/1180
f 1609/2170/1181 1608/2196/1169 1580/2195/1168 1579/2204/1178 1613/2204/1177 1611/2171/1181
f 1580/2195/1168 1582/2210/1167 1638/2211/1158 1601/2195/1157
f 1635/2204/1162 1579/2204/1178 1580/2195/1168 1601/2195/1157
f 1581/2198/1171 1579/2204/1178 1635/2204/1162 1633/2212/1182 1630/2198/1172
s 0
f 1598/2213/1183 1602/2214/1183 1634/2215/1183
f 1597/2216/1184 1598/2217/1184 1634/2218/1184
s 1
f 1601/2180/1157 1606/2179/1156 1648/2219/1185 1612/2220/1185 1614/2221/1163 1635/2222/1162
f 1592/2200/1174 1594/2200/1173 1603/2223/1186
o 立方体.002_cell.046
v -0.108132 0.014142 0.030814
v -0.104872 0.007221 0.021975
v -0.099937 0.009962 0.020871
v -0.094052 0.000990 0.008184
v -0.098365 -0.002067 0.008535
v -0.103659 0.018595 0.031641
v -0.090391 -0.004631 0.000000
v -0.094379 -0.007795 0.000000
v -0.076220 -0.017281 -0.022937
v -0.084167 -0.018063 -0.017635
v -0.080639 -0.014440 -0.016844
v -0.080961 -0.019249 -0.024522
v -0.079799 -0.012574 -0.024135
v -0.119113 0.039036 -0.037146
v -0.125528 0.037052 -0.039094
v -0.122480 0.027837 -0.017671
v -0.117853 0.031324 -0.014987
v -0.119809 0.035090 -0.025018
v -0.124223 0.030852 -0.026030
v -0.114816 0.025547 0.000000
v -0.118657 0.021293 0.000000
v -0.111355 0.015138 0.023333
v -0.107671 0.019741 0.022485
v -0.119113 0.039036 -0.037146
v -0.119809 0.035090 -0.025018
v -0.108132 0.014142 0.030814
v -0.104872 0.007221 0.021975
v -0.098365 -0.002067 0.008535
v -0.099937 0.009962 0.020871
v -0.094052 0.000990 0.008184
v -0.103659 0.018595 0.031641
v -0.094379 -0.007795 0.000000
v -0.084167 -0.018063 -0.017635
v -0.076220 -0.017281 -0.022937
v -0.080639 -0.014440 -0.016844
v -0.090391 -0.004631 0.000000
v -0.079799 -0.012574 -0.024135
v -0.080961 -0.019249 -0.024522
v -0.125528 0.037052 -0.039094
v -0.117853 0.031324 -0.014987
v -0.122480 0.027837 -0.017671
v -0.124223 0.030852 -0.026030
v -0.114816 0.025547 0.000000
v -0.118657 0.021293 0.000000
v -0.107671 0.019741 0.022485
v -0.111355 0.015138 0.023333
vn 0.4764 -0.5983 0.6442
vn 0.4673 -0.6443 0.6054
vn 0.3171 -0.0003 -0.9484
vn 0.3029 -0.0081 -0.9530
vn -0.6016 0.7200 0.3460
vn 0.7773 0.6288 0.0208
vn 0.7769 0.6285 0.0366
vn 0.7537 0.6280 0.1939
vn 0.7548 0.6281 0.1890
vn 0.7747 0.6267 0.0841
vn 0.7625 0.6285 -0.1536
vn 0.7682 0.6282 -0.1233
vn 0.7746 0.6268 -0.0842
vn -0.6871 0.6202 0.3785
vn -0.7543 -0.6416 0.1394
vn -0.7598 -0.6409 0.1095
vn -0.7331 -0.6399 0.2306
vn -0.7330 -0.6399 -0.2307
vn -0.7470 -0.6416 -0.1743
vn -0.7461 -0.6416 -0.1780
vn -0.7676 -0.6407 -0.0176
vn -0.7658 -0.6392 -0.0711
vn -0.7673 -0.6405 -0.0310
vn 0.7401 0.6259 -0.2459
vn -0.7658 -0.6392 0.0711
vn 0.7402 0.6259 0.2459
vt 0.182789 0.000000
vt 0.225719 0.000000
vt 0.534723 0.192683
vt 1.000000 0.491493
vt 1.000000 0.514931
vt 0.560030 0.233827
vt 0.895908 0.112982
vt 1.000000 0.028315
vt 1.000000 0.071360
vt 0.900977 0.151786
vt 0.638001 0.391166
vt 0.514931 0.514931
vt 0.491493 0.491493
vt 0.620574 0.363588
vt 0.092329 0.000000
vt 0.071360 0.071360
vt 0.036157 0.000000
vt 1.000000 0.543965
vt 0.092329 0.092329
vt 0.036157 0.036157
vt 1.000000 0.508693
vt 0.514979 0.247958
vt 0.531176 0.531176
vt 0.494868 0.494868
vt 0.479638 0.204805
vt 0.475710 0.000000
vt 0.509112 0.000000
vt 0.861254 0.625000
vt 0.861254 0.597186
vt 0.861254 0.597186
vt 0.861254 0.607925
vt 0.861254 0.652814
vt 0.861254 0.636755
vt 0.861254 0.625000
vt 0.882931 0.778219
vt 0.638548 0.210071
vt 0.509112 0.509112
vt 0.475710 0.475710
vt 0.628937 0.128262
vt 0.904221 0.742946
vt 1.000000 0.774281
vt 1.000000 0.817211
vt 0.607753 0.093750
vt 0.603249 0.093750
vt 0.607186 0.082683
vt 0.618874 0.171329
vt 0.587158 0.169840
vt 0.588864 0.156250
vt 0.616693 0.156250
vt 0.611255 0.125000
vt 0.614978 0.146649
vt 0.616693 0.156250
vt 0.594705 0.125000
vt 0.861254 0.665356
vt 0.597964 0.111888
vt 0.603249 0.093750
vt 0.861254 0.585205
vt 0.861254 0.585000
vt 0.861254 0.585795
s 0
usemtl マテリアル
f 1687/2224/1187 1682/2225/1187 1683/2226/1187 1684/2227/1187 1686/2228/1187 1685/2229/1187
f 1689/2230/1188 1694/2231/1188 1690/2232/1188 1691/2233/1188 1692/2234/1188 1686/2235/1188 1684/2236/1188 1688/2237/1188
f 1693/2238/1189 1690/2239/1189 1694/2240/1189
f 1680/2241/1190 1693/2242/1190 1694/2243/1190 1695/2244/1190
f 1681/2245/1191 1680/2246/1191 1695/2247/1191 1698/2248/1191 1697/2249/1191 1696/2250/1191
s 1
f 1699/2251/1192 1663/2251/1193 1667/2252/1194 1674/2253/1195 1673/2254/1196
f 1679/2255/1197 1659/2255/1198 1660/2256/1199 1663/2257/1193 1699/2257/1192
s 0
f 1701/2258/1200 1676/2259/1200 1696/2260/1200 1697/2261/1200 1700/2262/1200 1702/2263/1200 1682/2264/1200 1687/2265/1200
s 1
f 1678/2266/1201 1658/2267/1202 1657/2268/1203
f 1671/2269/1204 1668/2270/1204 1666/2271/1205 1675/2272/1206
f 1677/2273/1207 1672/2274/1208 1675/2275/1206 1666/2271/1205 1664/2276/1209
f 1659/2255/1198 1679/2255/1197 1662/2277/1210
f 1677/2273/1207 1664/2276/1209 1661/2278/1211 1658/2279/1202 1678/2266/1201
f 1674/2253/1195 1667/2252/1194 1665/2280/1212 1669/2281/1212 1670/2282/1212
o 立方体.002_cell.047
v -0.000268 -0.244413 -0.000945
v 0.002906 -0.197945 -0.005700
v -0.000501 -0.197858 -0.001694
v -0.000000 -0.236985 -0.012362
v 0.007108 -0.236985 -0.010412
v -0.006573 -0.198041 -0.009629
v 0.005236 -0.242476 -0.012168
v -0.005094 -0.240181 -0.011838
v -0.000000 -0.244566 -0.013541
v -0.010303 -0.198607 -0.005066
v 0.004525 -0.197611 -0.010514
v 0.006871 -0.219749 -0.010066
v -0.011029 -0.233577 -0.005491
v -0.009044 -0.236769 -0.009044
v -0.010303 -0.198607 -0.005066
v -0.011029 -0.233577 -0.005491
v 0.007108 -0.236985 -0.010412
v 0.006871 -0.219749 -0.010066
v -0.006573 -0.198041 -0.009629
v 0.004525 -0.197611 -0.010514
v -0.000000 -0.244566 -0.013541
v 0.005236 -0.242476 -0.012168
v -0.009044 -0.236769 -0.009044
v -0.005094 -0.240181 -0.011838
vn -0.0382 0.9993 0.0062
vn 0.6702 -0.7132 0.2056
vn -0.6541 -0.7564 -0.0041
vn 0.7618 0.0142 0.6476
vn 0.1728 0.9769 0.1258
vn -0.3262 0.0136 0.9452
vn 0.8098 0.0234 0.5862
vn -0.3917 -0.0030 0.9201
vn -0.7345 -0.6549 0.1778
vn -0.4602 0.0497 -0.8864
vn -0.2722 0.0850 -0.9585
vn -0.6648 0.0250 -0.7466
vn -0.0447 0.0485 -0.9978
vn 0.4010 0.0239 -0.9158
vn 0.2507 0.0889 -0.9640
vn 0.0618 0.0864 -0.9943
vn -0.7822 0.0390 -0.6218
vn -0.8634 0.0241 -0.5039
vn 0.1489 0.2547 -0.9555
vn 0.0477 0.1758 -0.9833
vn -0.0924 0.9946 0.0478
vt 0.139420 0.139420
vt 0.000000 0.000000
vt 0.150167 0.092077
vt 0.752206 0.000000
vt 1.000000 0.000000
vt 0.934574 0.273982
vt 0.841807 0.139316
vt 0.357716 0.357716
vt 0.276892 0.064318
vt 0.340894 0.243364
vt 1.000000 1.000000
vt 1.000000 0.853506
vt 0.920719 0.000000
vt 0.833573 0.833573
vt 0.870950 0.471844
vt 1.000000 0.747938
vt 0.054452 0.000000
vt 0.820178 0.729957
vt 1.000000 0.755082
vt 0.489268 0.343750
vt 0.479167 0.343750
vt 0.479167 0.312500
vt 0.489204 0.464034
vt 0.483589 0.468750
vt 0.479167 0.437500
vt 0.479167 0.406250
vt 0.479167 0.375000
vt 0.489279 0.406250
vt 0.489275 0.375000
vt 0.489106 0.250000
vt 0.479222 0.250000
vt 0.479534 0.218750
vt 0.469926 0.437500
vt 0.466986 0.406250
vt 0.466409 0.375000
vt 0.818263 0.000000
vt 0.853917 0.030866
vt 0.489160 0.281250
vt 0.479222 0.250000
vt 0.489131 0.264351
s 0
usemtl マテリアル
f 1721/2283/1213 1705/2284/1213 1722/2285/1213
f 1719/2286/1214 1703/2287/1214 1711/2288/1214 1724/2289/1214
f 1711/2290/1215 1703/2284/1215 1725/2291/1215 1726/2292/1215
f 1703/2284/1216 1704/2287/1216 1705/2293/1216
f 1705/2293/1217 1704/2284/1217 1722/2294/1217
f 1717/2284/1218 1703/2287/1218 1705/2293/1218
f 1722/2295/1219 1704/2287/1219 1703/2293/1219 1719/2296/1219 1720/2297/1219
f 1718/2298/1220 1703/2293/1220 1717/2299/1220
f 1718/2300/1221 1725/2301/1221 1703/2293/1221
s 1
f 1708/2302/1222 1710/2303/1223 1716/2304/1224
f 1713/2305/1225 1714/2306/1226 1707/2307/1227
f 1707/2308/1227 1706/2309/1228 1713/2310/1225
f 1706/2309/1228 1710/2303/1223 1708/2302/1222 1713/2311/1225
f 1712/2312/1229 1716/2313/1224 1715/2314/1230
f 1707/2307/1227 1709/2315/1231 1723/2316/1232
f 1710/2303/1223 1706/2309/1228 1723/2317/1232
s 0
f 1717/2318/1233 1705/2287/1233 1721/2319/1233
s 1
f 1708/2320/1222 1716/2321/1224 1712/2322/1229
f 1707/2308/1227 1723/2317/1232 1706/2309/1228
o 立方体.002_cell.048
v -0.006576 -0.106094 -0.007958
v -0.009194 -0.103092 -0.004301
v 0.001122 -0.111784 -0.006351
v -0.003816 -0.117203 0.002938
v -0.004190 -0.126171 0.000082
v -0.000221 -0.126805 -0.003442
v -0.005449 -0.110306 0.002191
v -0.005339 -0.098808 -0.000000
v -0.000000 -0.099088 -0.004178
v -0.005839 -0.098556 -0.005839
v -0.005339 -0.098808 -0.000000
v -0.000000 -0.099088 -0.004178
v -0.005839 -0.098556 -0.005839
vn -0.8294 -0.1378 0.5414
vn 0.6171 -0.2620 0.7420
vn 0.9347 0.1302 0.3307
vn 0.3120 0.1750 0.9338
vn -0.9634 -0.0412 -0.2648
vn -0.7300 -0.0286 0.6828
vn -0.8738 -0.2667 -0.4066
vn -0.6531 -0.3472 -0.6730
vn 0.7729 0.1005 -0.6265
vn -0.3491 -0.1479 -0.9253
vn 0.7140 0.0129 0.7001
vn -0.9935 0.0724 0.0882
vn -0.0805 0.7414 -0.6663
vn 0.2845 0.1861 -0.9404
vn 0.0806 0.9961 0.0360
vt 0.000000 0.000000
vt 1.000000 0.000000
vt 1.000000 1.000000
vt 1.000000 0.556087
vt 0.559493 0.000000
vt 0.080373 0.000000
vt 0.314107 0.000000
vt 1.000000 0.454841
vt 0.367601 0.002047
vt 1.000000 0.765503
vt 0.765503 0.765503
vt 0.881804 0.881804
vt 0.564720 0.000000
vt 0.777813 0.586324
vt 0.777813 0.597186
vt 0.750000 0.596336
s 0
usemtl マテリアル
f 1733/2323/1234 1731/2324/1234 1730/2325/1234
f 1731/2323/1235 1732/2324/1235 1730/2325/1235
f 1737/2326/1236 1730/2325/1236 1732/2323/1236
f 1737/2327/1237 1733/2324/1237 1730/2325/1237
f 1733/2325/1238 1737/2328/1238 1731/2324/1238
f 1728/2324/1239 1731/2325/1239 1737/2329/1239
f 1728/2323/1240 1727/2324/1240 1731/2325/1240
f 1727/2323/1241 1732/2324/1241 1731/2325/1241
f 1739/2324/1242 1732/2325/1242 1727/2323/1242
f 1739/2323/1243 1729/2324/1243 1732/2325/1243
f 1737/2330/1244 1732/2325/1244 1729/2323/1244 1738/2331/1244
f 1739/2323/1245 1727/2324/1245 1737/2332/1245
f 1737/2333/1246 1727/2323/1246 1728/2324/1246
f 1729/2324/1247 1739/2334/1247 1738/2335/1247
s 1
f 1736/2336/1248 1734/2337/1248 1735/2338/1248
o 立方体.002_cell.049
v 0.004332 -0.243826 0.002671
v 0.001543 -0.197508 0.002599
v 0.010412 -0.236985 0.007108
v 0.003060 -0.202904 0.011111
v 0.005128 -0.236985 0.011277
v 0.003088 -0.197032 0.010956
v 0.008349 -0.197116 0.008349
v 0.009693 -0.242589 0.009693
v 0.003060 -0.202904 0.011111
v 0.003088 -0.197032 0.010956
v 0.010412 -0.236985 0.007108
v 0.008349 -0.197116 0.008349
v 0.005128 -0.236985 0.011277
v 0.009693 -0.242589 0.009693
vn 0.6040 0.0448 -0.7958
vn -0.9886 -0.0593 0.1386
vn -0.9834 0.0095 0.1813
vn -0.0113 0.9984 -0.0547
vn 0.7745 -0.3442 -0.5307
vn -0.5691 -0.6172 0.5433
vn 0.6053 0.1048 0.7891
vn 0.4630 0.0276 0.8859
vn 0.4394 0.0296 0.8978
vn 0.6144 0.1265 0.7788
vn 0.5960 0.2719 0.7555
vn 0.3121 0.0235 0.9498
vt 0.862254 0.000000
vt 1.000000 0.000000
vt 1.000000 1.000000
vt 0.840414 0.840414
vt 0.000000 0.000000
vt 0.364890 0.165072
vt 1.000000 0.802966
vt 1.000000 0.859743
vt 0.802966 0.802966
vt 1.000000 0.840414
vt 0.863721 0.863721
vt 1.000000 0.137746
vt 0.777768 0.000000
vt 0.778018 0.716830
vt 1.000000 0.791338
vt 0.479167 0.750000
vt 0.489397 0.750000
vt 0.489422 0.781250
vt 0.479167 0.718750
vt 0.468381 0.718750
vt 0.489419 0.833061
vt 0.487912 0.833996
vt 0.480344 0.812500
s 0
usemtl マテリアル
f 1750/2339/1249 1740/2340/1249 1741/2341/1249 1751/2342/1249
f 1741/2341/1250 1740/2343/1250 1752/2344/1250 1748/2345/1250
f 1749/2346/1251 1741/2341/1251 1748/2347/1251
f 1751/2348/1252 1741/2341/1252 1749/2349/1252
f 1750/2350/1253 1753/2351/1253 1740/2340/1253
f 1753/2352/1254 1752/2353/1254 1740/2341/1254
s 1
f 1744/2354/1255 1746/2355/1256 1745/2356/1257
f 1746/2355/1256 1744/2354/1255 1742/2357/1258
f 1747/2358/1259 1742/2357/1258 1744/2354/1255
f 1745/2359/1257 1743/2360/1260 1744/2361/1255
o 立方体.002_cell.050
v -0.094545 0.045361 0.094545
v -0.101749 0.045452 0.101749
v -0.079912 0.045452 0.117041
v -0.074448 0.045361 0.109204
v -0.117041 0.045452 0.079912
v -0.109204 0.045361 0.074448
v -0.107693 0.020865 0.049769
v -0.102934 0.024125 0.047049
v -0.081643 0.004486 0.055664
v -0.085655 0.000875 0.058481
v -0.068878 -0.011808 0.063574
v -0.074634 -0.000898 0.057843
v -0.064940 -0.014763 0.064802
v -0.062531 -0.010119 0.061700
v -0.052895 -0.010743 0.077475
v -0.050700 -0.006315 0.074361
v -0.049463 -0.006454 0.082883
v -0.051087 0.002161 0.090044
v -0.050797 0.005984 0.085185
v -0.053041 0.012397 0.098541
v -0.052839 0.016909 0.093914
v -0.059671 0.045452 0.125835
v -0.058428 0.045361 0.116522
v -0.121001 0.045452 0.070796
v -0.113704 0.045361 0.064598
v -0.102934 0.024125 0.047049
v -0.081643 0.004486 0.055664
v -0.074634 -0.000898 0.057843
v -0.085655 0.000875 0.058481
v -0.068878 -0.011808 0.063574
v -0.052895 -0.010743 0.077475
v -0.064940 -0.014763 0.064802
v -0.107693 0.020865 0.049769
v -0.062531 -0.010119 0.061700
v -0.049463 -0.006454 0.082883
v -0.051087 0.002161 0.090044
v -0.053041 0.012397 0.098541
v -0.052839 0.016909 0.093914
v -0.050797 0.005984 0.085185
v -0.058428 0.045361 0.116522
v -0.058428 0.045361 0.116522
v -0.059671 0.045452 0.125835
v -0.059671 0.045452 0.125835
v -0.121001 0.045452 0.070796
v -0.121001 0.045452 0.070796
v -0.113704 0.045361 0.064598
v -0.113704 0.045361 0.064598
v -0.050700 -0.006315 0.074361
v -0.101749 0.045452 0.101749
v -0.117041 0.045452 0.079912
v -0.094545 0.045361 0.094545
v -0.109204 0.045361 0.074448
v -0.074448 0.045361 0.109204
v -0.079912 0.045452 0.117041
vn -0.1319 -0.5146 -0.8472
vn -0.1162 -0.5092 -0.8527
vn 0.6954 -0.6109 -0.3785
vn 0.9929 0.1132 -0.0367
vn 0.9885 0.0845 0.1255
vn 0.9873 0.0900 0.1308
vn -0.6173 0.2910 -0.7310
vn -0.3056 -0.6420 0.7032
vn -0.3749 -0.6475 0.6634
vn -0.3961 -0.6484 0.6501
vn 0.0065 1.0000 -0.0065
vn 0.0083 1.0000 -0.0047
vn 0.0082 1.0000 -0.0047
vn 0.0047 1.0000 -0.0082
vn 0.0047 1.0000 -0.0083
vn 0.7089 0.6267 -0.3236
vn 0.6685 0.6313 -0.3931
vn 0.6459 0.6321 -0.4281
vn 0.0089 1.0000 -0.0040
vn 0.0040 1.0000 -0.0090
vn -0.6421 -0.6486 0.4086
vn -0.6636 -0.6474 0.3747
vn -0.7032 -0.6420 0.3056
vn -0.5102 -0.6542 0.5583
vn -0.5347 -0.6546 0.5344
vn -0.6232 -0.6488 0.4366
vn 0.3943 0.6319 -0.6673
vn 0.4366 0.6329 -0.6394
vn 0.5246 0.6366 -0.5652
vn 0.5459 0.6368 -0.5445
vn 0.6264 0.6319 -0.4564
vn 0.3236 0.6267 -0.7089
vt 0.885293 0.000000
vt 0.968330 0.515571
vt 1.000000 0.669019
vt 1.000000 0.892758
vt 0.923377 0.528556
vt 0.836073 0.000000
vt 1.000000 0.939927
vt 0.892758 0.892758
vt 0.669019 0.669019
vt 1.000000 0.817215
vt 0.946735 0.000000
vt 0.956806 0.207655
vt 0.939927 0.939927
vt 0.820742 0.796069
vt 0.834004 0.000000
vt 1.000000 0.368704
vt 1.000000 0.398428
vt 0.283961 0.283961
vt 0.249854 0.249854
vt 1.000000 0.442784
vt 0.398428 0.398428
vt 0.368704 0.368704
vt 1.000000 0.414086
vt 0.553493 0.259208
vt 0.611101 0.263369
vt 0.442784 0.442784
vt 0.414086 0.414086
vt 0.780436 0.004993
vt 1.000000 0.114707
vt 1.000000 0.163927
vt 0.741378 0.041140
vt 0.625000 0.943340
vt 0.625000 0.968750
vt 0.593028 0.968750
vt 0.595468 0.958750
vt 0.600370 0.955160
vt 0.606194 0.951546
vt 0.861254 0.736254
vt 0.861254 0.708441
vt 0.875000 0.718750
vt 0.875000 0.750000
vt 0.843750 0.750000
vt 0.833441 0.736254
vt 0.861254 0.696500
vt 0.861254 0.683829
vt 0.861254 0.696500
vt 0.875000 0.707306
vt 0.818340 0.750000
vt 0.814022 0.736254
vt 0.599638 0.031250
vt 0.625000 0.031250
vt 0.625000 0.042694
vt 0.611011 0.058265
vt 0.590742 0.000000
vt 0.625000 0.000000
vt 0.592422 0.006765
vt 0.861254 0.736254
vt 0.861254 0.735253
vt 0.861254 0.717489
vt 0.820935 0.736254
vt 0.824514 0.736254
vt 0.625000 1.000000
vt 0.590742 1.000000
s 0
usemtl マテリアル
f 1779/2362/1261 1780/2363/1261 1781/2364/1261 1783/2365/1261 1782/2366/1261 1786/2367/1261
f 1785/2368/1262 1783/2369/1262 1781/2370/1262 1787/2371/1262
f 1788/2372/1263 1784/2373/1263 1785/2374/1263 1787/2375/1263 1801/2376/1263
f 1792/2377/1264 1789/2378/1264 1788/2379/1264 1801/2380/1264
f 1790/2381/1265 1789/2382/1265 1792/2383/1265 1791/2384/1265
f 1793/2385/1266 1795/2386/1266 1790/2387/1266 1791/2388/1266
f 1799/2389/1267 1779/2390/1267 1786/2391/1267 1797/2392/1267
s 1
f 1796/2393/1268 1756/2394/1269 1768/2395/1270 1770/2396/1268 1771/2397/1268 1773/2398/1268
f 1804/2399/1271 1805/2400/1272 1803/2401/1273 1802/2402/1271
f 1804/2399/1271 1802/2402/1271 1807/2403/1274 1806/2404/1275
f 1800/2405/1276 1759/2400/1277 1762/2400/1278 1761/2406/1276
f 1803/2401/1273 1805/2400/1272 1778/2407/1279 1798/2408/1279
f 1806/2404/1275 1807/2403/1274 1775/2409/1280 1794/2410/1280
f 1763/2411/1281 1758/2412/1282 1777/2413/1283 1760/2414/1283
f 1766/2415/1284 1755/2416/1285 1758/2412/1282 1763/2411/1281 1764/2417/1286
f 1757/2404/1287 1769/2404/1288 1767/2418/1289 1754/2399/1290
f 1759/2400/1277 1754/2399/1290 1767/2419/1289 1765/2420/1291 1762/2400/1278
f 1774/2421/1292 1772/2422/1292 1769/2404/1288 1757/2404/1287 1776/2410/1292
f 1756/2394/1269 1755/2423/1285 1766/2424/1284 1768/2395/1270
o 立方体.002_cell.051
v 0.071608 -0.023202 0.037554
v 0.018534 -0.058255 0.043071
v 0.039339 -0.058255 0.026831
v 0.009613 -0.058255 0.045989
v 0.026831 -0.058255 0.039339
v 0.034101 -0.058255 0.034101
v 0.031659 -0.072210 0.016572
v 0.037836 -0.070491 0.018611
v 0.027930 -0.075004 0.019299
v 0.040342 -0.061633 0.017986
v 0.045410 -0.061580 0.019914
v 0.051934 -0.053275 0.022348
v 0.051232 -0.047219 0.022046
v 0.059678 -0.035984 0.025195
v 0.065143 -0.023716 0.037161
v 0.044486 -0.037318 0.047642
v 0.057593 -0.034244 0.046346
v 0.063627 -0.030410 0.043440
v 0.059697 -0.028063 0.040706
v 0.064915 -0.028714 0.027934
v 0.069123 -0.030923 0.029745
v 0.023779 -0.048952 0.055259
v 0.015024 -0.051066 0.056174
v 0.036375 -0.045106 0.053280
v 0.049823 -0.039362 0.049823
v 0.000000 -0.053388 0.050929
v 0.011053 -0.049533 0.052886
v -0.003896 -0.057493 0.052533
v -0.007253 -0.061654 0.048743
v -0.001215 -0.065645 0.045982
v 0.011097 -0.072511 0.038688
v 0.015343 -0.074446 0.035654
v 0.021179 -0.076711 0.031027
v 0.024028 -0.075522 0.024028
v 0.037836 -0.070491 0.018611
v 0.045410 -0.061580 0.019914
v 0.051934 -0.053275 0.022348
v 0.051232 -0.047219 0.022046
v 0.059678 -0.035984 0.025195
v 0.059678 -0.035984 0.025195
v 0.059678 -0.035984 0.025195
v 0.057593 -0.034244 0.046346
v 0.063627 -0.030410 0.043440
v 0.036375 -0.045106 0.053280
v 0.049823 -0.039362 0.049823
v 0.000000 -0.053388 0.050929
v 0.011053 -0.049533 0.052886
v 0.031659 -0.072210 0.016572
v 0.040342 -0.061633 0.017986
v 0.059697 -0.028063 0.040706
v 0.065143 -0.023716 0.037161
v 0.044486 -0.037318 0.047642
v 0.071608 -0.023202 0.037554
v 0.064915 -0.028714 0.027934
v 0.069123 -0.030923 0.029745
v -0.003896 -0.057493 0.052533
vn 0.6164 -0.6736 0.4078
vn -0.5711 -0.8061 -0.1549
vn -0.9222 0.1627 0.3509
vn 0.6187 -0.6644 0.4193
vn 0.6565 -0.6696 0.3473
vn 0.6911 -0.6704 0.2701
vn 0.3510 -0.1643 -0.9218
vn -0.3383 0.6032 0.7223
vn 0.3556 -0.0054 -0.9346
vn -0.0988 0.7004 0.7069
vn -0.0901 0.6878 0.7203
vn 0.2453 0.7577 -0.6047
vn 0.4143 0.0441 -0.9091
vn -0.7781 -0.6185 -0.1099
vn -0.2647 0.4812 -0.8357
vn -0.1926 0.7984 0.5705
vn -0.2040 0.5689 -0.7967
vn -0.7916 -0.5782 -0.1977
vn -0.9582 -0.2835 -0.0394
vn -0.7785 -0.4433 0.4443
vn -0.4715 -0.7123 -0.5200
vn -0.6339 0.6246 -0.4561
vn -0.6687 0.6302 -0.3945
vn -0.7097 0.6269 -0.3216
vn -0.6409 -0.7101 -0.2915
vn -0.2715 0.6524 -0.7075
vn -0.5069 0.6501 -0.5661
vn -0.3307 -0.9203 -0.2089
vn 0.0496 0.1853 0.9814
vn 0.6013 -0.6911 0.4011
vn -0.0400 0.6502 0.7587
vn -0.2071 0.6649 0.7176
vn 0.6096 -0.6972 0.3772
vn 0.4590 -0.0596 -0.8864
vn -0.7107 0.6267 -0.3195
vn -0.7416 0.6255 -0.2425
vn -0.7104 0.6267 -0.3203
vn -0.6181 0.6447 -0.4499
vn -0.0723 0.6332 0.7706
vn -0.6865 0.6287 -0.3652
vn -0.7100 0.6267 -0.3211
vt 0.581839 0.718750
vt 0.555065 0.718750
vt 0.556827 0.699698
vt 0.559035 0.695743
vt 0.564104 0.688577
vt 0.568830 0.687500
vt 0.581547 0.687500
vt 0.585569 0.700696
vt 0.224610 0.000000
vt 0.275326 0.000000
vt 0.116345 0.116345
vt 0.095844 0.095844
vt 0.882758 0.157024
vt 0.301208 0.084426
vt 0.840805 0.088802
vt 0.557065 0.000000
vt 0.845108 0.471035
vt 1.000000 0.724674
vt 0.936988 0.673264
vt 0.731094 0.339420
vt 1.000000 1.000000
vt 0.953105 0.881350
vt 1.000000 0.801962
vt 0.782390 0.733434
vt 0.483973 0.000000
vt 0.708113 0.000000
vt 0.827594 0.311897
vt 0.495545 0.000000
vt 0.583404 0.094276
vt 1.000000 0.926482
vt 0.986276 0.986276
vt 1.000000 0.463315
vt 1.000000 0.504455
vt 0.521484 0.521484
vt 0.750000 0.736254
vt 0.722186 0.736254
vt 0.722186 0.736254
vt 0.722186 0.736254
vt 0.774473 0.736254
vt 0.759056 0.736254
vt 0.758680 0.736254
vt 0.638746 0.736254
vt 0.638746 0.708441
vt 0.638746 0.709320
vt 0.638746 0.682546
vt 0.638746 0.691551
vt 0.638746 0.708441
vt 0.694373 0.736254
vt 0.666559 0.736254
vt 0.573478 0.781250
vt 0.555496 0.781250
vt 0.554696 0.750000
vt 0.576746 0.750000
vt 0.694373 0.736254
vt 0.556785 0.812500
vt 0.571289 0.812500
vt 0.570086 0.835181
vt 0.569227 0.843750
vt 0.557885 0.832315
vt 0.558604 0.843750
vt 0.566980 0.875000
vt 0.561355 0.875000
vt 0.555065 0.718750
vt 0.581839 0.718750
vt 0.579657 0.731884
vt 0.576746 0.750000
vt 0.554696 0.750000
vt 0.568830 0.687500
vt 0.577616 0.686044
vt 0.638746 0.679286
vt 0.638746 0.679659
vt 0.638746 0.680627
vt 0.711122 0.736254
vt 0.638746 0.736254
vt 0.488243 0.362334
vt 0.655292 0.584793
vt 0.708113 0.708113
vt 0.483974 0.483974
vt 0.638746 0.681974
vt 0.638746 0.706322
vt 0.638746 0.688588
vt 0.566430 0.886159
vt 0.564063 0.897429
s 1
usemtl マテリアル
f 1825/2425/1293 1816/2426/1294 1855/2427/1295 1842/2428/1296 1818/2429/1296 1844/2430/1297 1862/2431/1298 1808/2432/1296
s 0
f 1856/2433/1299 1843/2434/1299 1815/2435/1299 1814/2436/1299
f 1863/2437/1300 1854/2438/1300 1853/2439/1300
f 1846/2440/1301 1819/2441/1301 1843/2442/1301 1856/2443/1301 1845/2444/1301
f 1860/2445/1302 1858/2446/1302 1857/2447/1302
f 1857/2448/1303 1859/2449/1303 1849/2450/1303 1850/2451/1303 1860/2445/1303
f 1828/2452/1304 1827/2453/1304 1858/2454/1304 1860/2455/1304
f 1827/2456/1305 1828/2457/1305 1847/2458/1305
s 1
f 1837/2459/1306 1833/2459/1307 1834/2460/1308 1811/2461/1309 1838/2462/1310
f 1836/2463/1311 1835/2464/1312 1833/2459/1307 1837/2465/1306
f 1841/2466/1313 1813/2466/1314 1810/2467/1315 1816/2468/1294
f 1810/2467/1315 1817/2469/1316 1855/2470/1295 1816/2471/1294
f 1839/2472/1317 1809/2472/1318 1812/2473/1319 1840/2473/1320
f 1851/2474/1321 1840/2475/1320 1841/2476/1313 1852/2477/1322
f 1840/2473/1320 1812/2473/1319 1813/2466/1314 1841/2466/1313
f 1811/2461/1309 1809/2472/1318 1839/2478/1317 1838/2461/1310
f 1839/2479/1317 1829/2480/1323 1830/2481/1324 1834/2482/1308 1838/2483/1310
f 1838/2484/1310 1834/2482/1308 1835/2485/1312 1837/2486/1306
f 1816/2487/1294 1825/2488/1293 1824/2489/1325 1852/2490/1322 1841/2491/1313
f 1844/2492/1297 1848/2493/1326 1862/2431/1298
f 1861/2494/1327 1821/2495/1328 1820/2496/1329
f 1809/2472/1318 1811/2461/1309 1834/2460/1308 1830/2497/1324 1829/2472/1323
f 1823/2498/1330 1813/2466/1314 1812/2473/1319 1851/2473/1321
s 0
f 1831/2499/1331 1832/2500/1331 1849/2501/1331 1859/2502/1331
s 1
f 1851/2473/1321 1812/2473/1319 1809/2472/1318 1829/2472/1323
f 1820/2496/1329 1817/2503/1316 1810/2467/1315 1826/2504/1332 1822/2505/1333 1861/2496/1327
f 1826/2471/1332 1810/2467/1315 1813/2466/1314 1823/2498/1330
f 1829/2480/1323 1839/2479/1317 1840/2475/1320 1851/2474/1321
f 1835/2506/1312 1836/2507/1311 1837/2486/1306
o 立方体.002_cell.052
v 0.016050 -0.092794 -0.010958
v 0.026288 -0.066205 -0.031751
v 0.032595 -0.075936 -0.019214
v 0.029476 -0.072202 -0.021077
v 0.030539 -0.070859 -0.030539
v 0.019704 -0.071120 -0.031211
v 0.030581 -0.078057 -0.003675
v 0.030430 -0.075351 -0.013095
v 0.023479 -0.071928 -0.034395
v 0.029151 -0.085535 -0.003552
v 0.020835 -0.095519 -0.003317
v 0.012052 -0.096261 -0.008447
v 0.018142 -0.097218 -0.007807
v 0.015518 -0.094830 -0.003807
v 0.015674 -0.095138 -0.015674
v 0.012962 -0.090641 -0.016791
v 0.015354 -0.088828 -0.022496
v 0.014120 -0.076976 -0.028559
v 0.032595 -0.075936 -0.019214
v 0.029476 -0.072202 -0.021077
v 0.029151 -0.085535 -0.003552
v 0.020835 -0.095519 -0.003317
v 0.015674 -0.095138 -0.015674
v 0.015354 -0.088828 -0.022496
v 0.030539 -0.070859 -0.030539
v 0.026288 -0.066205 -0.031751
v 0.023479 -0.071928 -0.034395
v 0.019704 -0.071120 -0.031211
v 0.015518 -0.094830 -0.003807
v 0.018142 -0.097218 -0.007807
v 0.012052 -0.096261 -0.008447
v 0.012052 -0.096261 -0.008447
v 0.012052 -0.096261 -0.008447
v 0.016050 -0.092794 -0.010958
v 0.012962 -0.090641 -0.016791
v 0.014120 -0.076976 -0.028559
vn 0.7104 0.6813 0.1765
vn -0.4669 0.5493 -0.6930
vn -0.0798 0.0898 0.9928
vn -0.1548 -0.8897 0.4295
vn -0.9648 -0.1482 -0.2172
vn -0.8343 -0.3174 -0.4507
vn -0.2265 0.6432 0.7314
vn -0.6507 0.7281 0.2155
vn 0.9192 0.0036 0.3937
vn 0.4691 0.6028 0.6454
vn -0.7991 0.5940 0.0924
vn 0.6608 0.3273 0.6755
vn -0.6903 0.7012 0.1784
vn 0.8228 -0.4723 0.3160
vn 0.4517 -0.7858 -0.4224
vn -0.1879 0.1596 -0.9691
vn -0.8959 0.4095 -0.1721
vn 0.2099 -0.5485 -0.8094
vn 0.3497 -0.5706 -0.7430
vn -0.5754 0.7969 0.1841
vn -0.6633 0.6305 0.4031
vn 0.6917 -0.6696 -0.2705
vn 0.6833 -0.5730 -0.4526
vn 0.6549 -0.3789 -0.6539
vn 0.6827 -0.6652 -0.3024
vn -0.1834 -0.8924 0.4123
vt 0.241453 0.000000
vt 0.285873 0.026467
vt 0.103889 0.059051
vt 0.869014 0.543858
vt 0.949504 0.609305
vt 0.845814 0.845814
vt 1.000000 0.000000
vt 1.000000 0.112006
vt 0.466572 0.466572
vt 0.090625 0.072027
vt 0.112006 0.112006
vt 0.048318 0.000000
vt 0.125978 0.025522
vt 0.226008 0.013998
vt 0.315141 0.000000
vt 0.495438 0.019174
vt 0.228270 0.058469
vt 1.000000 0.870004
vt 0.600798 0.600798
vt 0.461810 0.416872
vt 0.657957 0.513746
vt 0.638746 0.513746
vt 0.644109 0.513746
vt 0.655825 0.513746
vt 0.666559 0.513746
vt 0.638746 0.597186
vt 0.638746 0.603237
vt 0.638746 0.608302
vt 0.638746 0.541559
vt 0.638746 0.569373
vt 0.638746 0.569373
vt 0.671769 0.513746
vt 0.686782 0.513746
vt 0.556494 0.454589
vt 0.558217 0.468750
vt 0.550129 0.458985
vt 0.555431 0.445145
vt 0.666559 0.569373
vt 0.638746 0.538273
vt 0.558826 0.500000
vt 0.545012 0.500000
vt 0.548602 0.468750
vt 0.559782 0.479388
vt 0.560433 0.484108
vt 0.544560 0.593750
vt 0.553241 0.607160
vt 0.550475 0.606658
vt 0.544794 0.601065
vt 0.556527 0.531250
vt 0.543197 0.524113
vt 0.545012 0.500000
vt 0.558826 0.500000
vt 0.555936 0.542111
vt 0.554883 0.562500
vt 0.543829 0.562500
vt 0.543286 0.531250
vt 0.236208 0.001535
vt 0.885824 0.070826
vt 0.371463 0.058405
vt 0.554883 0.562500
vt 0.553586 0.593750
s 0
usemtl マテリアル
f 1883/2508/1334 1882/2509/1334 1868/2510/1334
f 1872/2511/1335 1869/2512/1335 1865/2513/1335
f 1892/2514/1336 1885/2515/1336 1884/2516/1336
f 1893/2517/1337 1885/2518/1337 1892/2519/1337
f 1896/2520/1338 1897/2521/1338 1898/2522/1338 1887/2523/1338 1886/2524/1338
f 1881/2525/1339 1887/2526/1339 1898/2527/1339
s 1
f 1879/2528/1340 1864/2529/1341 1888/2530/1342 1889/2531/1343 1891/2532/1344
f 1870/2533/1345 1877/2534/1346 1873/2535/1347
f 1866/2536/1348 1864/2536/1341 1877/2537/1346 1871/2538/1349
f 1891/2539/1344 1899/2540/1350 1879/2532/1340
f 1871/2538/1349 1877/2533/1346 1870/2533/1345
f 1891/2541/1344 1890/2542/1351 1880/2543/1352 1899/2544/1350
f 1864/2536/1341 1894/2545/1353 1877/2537/1346
f 1888/2529/1342 1864/2536/1341 1866/2536/1348 1867/2546/1354
f 1888/2547/1342 1878/2548/1355 1880/2549/1352 1890/2550/1351 1889/2551/1343
f 1876/2552/1356 1870/2553/1345 1873/2554/1347 1874/2555/1357
f 1866/2556/1348 1895/2557/1358 1878/2558/1355 1888/2559/1342
f 1866/2560/1348 1871/2561/1349 1876/2562/1356 1895/2563/1358
s 0
f 1892/2564/1359 1875/2565/1359 1893/2566/1359
s 1
f 1871/2567/1349 1870/2568/1345 1876/2562/1356
o 立方体.002_cell.053
v 0.053795 -0.263524 0.023149
v 0.049245 -0.259315 0.033623
v 0.038774 -0.263524 0.030522
v 0.036520 -0.256547 0.029955
v 0.046959 -0.263524 0.036887
v 0.057164 -0.263524 0.012431
v 0.055007 -0.258820 0.011991
v 0.045864 -0.263524 0.022705
v 0.052899 -0.263524 0.015591
v 0.050670 -0.258127 0.015572
v 0.046147 -0.257442 0.019858
v 0.057164 -0.263524 0.012431
v 0.055007 -0.258820 0.011991
v 0.038774 -0.263524 0.030522
v 0.046959 -0.263524 0.036887
v 0.036520 -0.256547 0.029955
v 0.045864 -0.263524 0.022705
v 0.052899 -0.263524 0.015591
v 0.050670 -0.258127 0.015572
v 0.046147 -0.257442 0.019858
vn -0.6085 -0.1330 0.7824
vn -0.5623 -0.3287 -0.7588
vn -0.7094 -0.2766 -0.6482
vn -0.6818 -0.2839 -0.6742
vn -0.6386 -0.2663 -0.7220
vn 0.5945 0.5969 0.5387
vn 0.3915 -0.4379 0.8093
vn 0.8606 -0.3598 0.3604
vn 0.4886 0.8569 0.1644
vn 0.2820 0.9230 0.2618
vn 0.6205 0.6985 0.3565
vn 0.8048 0.3721 0.4624
vn -0.0000 -1.0000 -0.0000
vt 0.146697 0.068776
vt 0.103236 0.000000
vt 0.213942 0.000000
vt 0.658731 0.000000
vt 0.606582 0.004875
vt 0.601706 0.000000
vt 1.000000 0.378694
vt 0.315000 0.315000
vt 0.404253 0.236416
vt 1.000000 0.300292
vt 0.378217 0.000000
vt 0.378694 0.378694
vt 0.302320 0.228266
vt 0.310614 0.000000
vt 0.378217 0.378217
vt 0.310614 0.310614
vt 1.000000 0.341269
vt 0.375000 0.718750
vt 0.375000 0.687500
vt 0.392102 0.693475
vt 0.397766 0.718750
vt 0.398179 0.733486
vt 0.375000 0.731428
vt 0.384947 0.670607
vt 0.390685 0.687500
vt 0.375000 0.657422
vt 0.379146 0.657590
vt 0.375000 0.687500
vt 0.375000 0.729852
vt 0.342624 0.696989
vt 0.354328 0.682354
vt 0.373592 0.656988
vt 0.375000 0.657440
s 0
usemtl マテリアル
f 1914/2569/1360 1915/2570/1360 1913/2571/1360
f 1912/2572/1361 1911/2573/1361 1917/2574/1361
f 1916/2575/1362 1913/2576/1362 1915/2577/1362 1919/2578/1362
f 1917/2579/1363 1916/2580/1363 1919/2581/1363 1918/2582/1363
f 1917/2583/1364 1918/2584/1364 1912/2585/1364
s 1
f 1901/2586/1365 1904/2586/1366 1900/2587/1367
f 1910/2588/1368 1903/2589/1369 1901/2586/1365 1900/2587/1367
f 1903/2590/1369 1904/2591/1366 1901/2586/1365
f 1909/2592/1370 1910/2593/1368 1900/2587/1367 1905/2594/1371 1906/2595/1370
f 1900/2596/1367 1904/2597/1366 1902/2598/1372 1907/2599/1372 1908/2600/1372 1905/2601/1371
o 立方体.002_cell.054
v -0.045229 -0.007017 0.076233
v -0.034757 -0.007270 0.080770
v -0.036441 -0.010688 0.084684
v -0.018115 -0.006741 0.086728
v -0.019017 -0.010012 0.090760
v -0.010489 -0.008806 0.092558
v -0.010035 -0.005639 0.088486
v -0.057185 -0.021383 0.063386
v -0.039623 -0.030727 0.057798
v -0.034758 -0.015775 0.080772
v -0.013886 -0.032367 0.066462
v -0.017399 -0.019438 0.083041
v -0.009043 -0.024372 0.079700
v -0.007312 -0.035936 0.064271
v -0.027524 -0.030002 0.063962
v -0.047734 -0.010520 0.079923
v -0.063743 -0.015790 0.064612
v -0.061353 -0.011371 0.061522
v -0.052115 -0.012366 0.076332
v -0.049894 -0.008069 0.073178
v -0.055974 -0.020318 0.056418
v -0.045702 -0.034907 0.049187
v -0.019017 -0.010012 0.090760
v -0.010489 -0.008806 0.092558
v -0.018115 -0.006741 0.086728
v -0.010035 -0.005639 0.088486
v -0.034757 -0.007270 0.080770
v -0.045229 -0.007017 0.076233
v -0.036441 -0.010688 0.084684
v -0.013886 -0.032367 0.066462
v -0.027524 -0.030002 0.063962
v -0.007312 -0.035936 0.064271
v -0.017399 -0.019438 0.083041
v -0.009043 -0.024372 0.079700
v -0.034758 -0.015775 0.080772
v -0.061353 -0.011371 0.061522
v -0.049894 -0.008069 0.073178
v -0.063743 -0.015790 0.064612
v -0.052115 -0.012366 0.076332
v -0.052115 -0.012366 0.076332
v -0.052115 -0.012366 0.076332
v -0.047734 -0.010520 0.079923
v -0.039623 -0.030727 0.057798
v -0.045702 -0.034907 0.049187
v -0.057185 -0.021383 0.063386
v -0.055974 -0.020318 0.056418
vn -0.2329 0.7799 0.5809
vn -0.2486 -0.7812 0.5726
vn 0.9938 0.0005 0.1112
vn -0.4570 0.7790 0.4293
vn -0.6286 0.6444 0.4354
vn -0.7419 -0.0653 -0.6674
vn -0.7926 -0.5670 -0.2243
vn -0.2446 -0.7932 0.5577
vn -0.0712 -0.6392 0.7657
vn -0.1460 -0.6417 0.7530
vn -0.1307 -0.6414 0.7559
vn -0.2690 -0.6414 0.7185
vn -0.2619 -0.6412 0.7213
vn -0.4368 -0.6489 0.6230
vn 0.0826 0.6266 -0.7749
vn 0.1458 0.6284 -0.7641
vn 0.1586 0.6284 -0.7615
vn -0.3060 -0.6418 0.7031
vn 0.4553 0.6318 -0.6273
vn 0.3809 0.6311 -0.6758
vn 0.3990 0.6317 -0.6646
vn 0.2845 0.6271 -0.7252
vn 0.2820 0.6270 -0.7262
vn 0.3229 0.6272 -0.7088
vt 0.958390 0.958390
vt 0.914745 0.914745
vt 0.932756 0.718577
vt 0.945971 0.283871
vt 0.946236 0.000000
vt 0.995121 0.000000
vt 0.993487 0.299088
vt 0.977989 0.752094
vt 0.889269 0.352772
vt 1.000000 0.350686
vt 1.000000 0.662118
vt 0.860350 0.676400
vt 0.552142 0.513299
vt 0.265809 0.261913
vt 0.125566 0.000000
vt 0.424035 0.003950
vt 0.645708 0.209600
vt 1.000000 0.914745
vt 1.000000 0.958390
vt 0.662118 0.662118
vt 0.350686 0.350686
vt 1.000000 0.004878
vt 1.000000 0.053764
vt 0.894467 0.000000
vt 0.836081 0.000000
vt 0.955785 0.000000
vt 0.993456 0.734479
vt 0.988551 0.988551
vt 0.875680 0.726689
vt 0.963282 0.963282
vt 0.863964 0.863964
vt 1.000000 0.815005
vt 1.000000 0.855776
vt 0.935357 0.935357
vt 0.770969 0.770969
vt 1.000000 0.515516
vt 1.000000 0.578111
vt 0.855776 0.855776
vt 0.515516 0.515516
vt 0.594130 0.892057
vt 0.593444 0.906250
vt 0.588081 0.906250
vt 0.585274 0.892099
vt 0.588081 0.906250
vt 0.593444 0.906250
vt 0.593060 0.937500
vt 0.590165 0.937500
vt 0.586975 0.991375
vt 0.592105 0.968750
vt 0.588373 0.998618
vt 0.765253 0.736254
vt 0.765288 0.736254
vt 0.777814 0.736254
vt 0.590165 0.937500
vt 0.593060 0.937500
vt 0.593155 0.958827
vt 0.589992 0.968750
vt 0.855715 0.736254
vt 0.860677 0.736254
vt 0.861048 0.736254
vt 0.833441 0.736254
vt 0.833817 0.736254
vt 0.805627 0.736254
vt 0.833441 0.736254
vt 0.827326 0.736254
vt 0.824258 0.736254
s 0
usemtl マテリアル
f 1943/2602/1373 1945/2603/1373 1944/2604/1373 1946/2605/1373 1947/2606/1373 1961/2607/1373 1948/2608/1373 1942/2609/1373
f 1949/2610/1374 1951/2611/1374 1953/2612/1374 1952/2613/1374 1954/2614/1374 1959/2615/1374 1964/2616/1374 1962/2617/1374 1950/2618/1374
f 1945/2619/1375 1943/2620/1375 1953/2621/1375 1951/2622/1375
f 1961/2623/1376 1947/2624/1376 1956/2625/1376
f 1955/2626/1377 1957/2627/1377 1958/2628/1377 1961/2629/1377 1956/2630/1377
f 1957/2631/1378 1955/2632/1378 1965/2633/1378
f 1964/2634/1379 1957/2635/1379 1965/2636/1379 1963/2637/1379
f 1962/2638/1380 1964/2639/1380 1963/2640/1380
s 1
f 1925/2641/1381 1924/2642/1382 1931/2643/1383 1932/2644/1381
f 1931/2645/1383 1924/2646/1382 1922/2647/1384 1929/2648/1385
f 1927/2649/1386 1938/2650/1386 1936/2651/1386
f 1926/2652/1387 1933/2653/1387 1930/2654/1388 1923/2654/1389
f 1929/2655/1385 1922/2656/1384 1935/2657/1390 1960/2658/1390
f 1941/2659/1391 1940/2660/1391 1937/2661/1391 1939/2662/1392 1928/2663/1393
f 1921/2664/1394 1934/2664/1395 1928/2665/1393 1939/2666/1392 1920/2667/1396
f 1923/2654/1389 1930/2654/1388 1934/2664/1395 1921/2664/1394
o 立方体.002_cell.055
v 0.051503 0.045361 -0.119686
v 0.078414 0.016208 -0.087648
v 0.077273 0.019659 -0.081214
v 0.068133 0.031618 -0.099938
v 0.056871 0.045452 -0.127051
v 0.070697 0.026285 -0.103546
v 0.058242 0.045361 -0.116608
v 0.029426 0.006781 -0.094409
v 0.032772 0.004538 -0.099132
v 0.043417 0.045361 -0.122376
v 0.048366 0.045452 -0.129947
v 0.082892 0.010484 -0.076698
v 0.081628 0.013843 -0.068651
v 0.081386 0.012192 -0.081386
v 0.029773 -0.003393 -0.093152
v 0.026930 -0.000157 -0.089370
v 0.027896 -0.008653 -0.089149
v 0.027188 -0.005498 -0.084769
v 0.071152 0.001014 -0.076919
v 0.076328 0.003930 -0.076328
v 0.067589 0.003905 -0.072381
v 0.035184 -0.005929 -0.081762
v 0.043864 -0.009429 -0.082602
v 0.041765 -0.005914 -0.078788
v 0.036872 -0.009387 -0.085685
v 0.052181 -0.003092 -0.076534
v 0.054979 -0.006409 -0.080526
v 0.062323 0.001002 -0.073288
v 0.063065 -0.003292 -0.078101
v 0.078414 0.016208 -0.087648
v 0.070697 0.026285 -0.103546
v 0.056871 0.045452 -0.127051
v 0.056871 0.045452 -0.127051
v 0.058242 0.045361 -0.116608
v 0.058242 0.045361 -0.116608
v 0.068133 0.031618 -0.099938
v 0.077273 0.019659 -0.081214
v 0.029426 0.006781 -0.094409
v 0.043417 0.045361 -0.122376
v 0.043417 0.045361 -0.122376
v 0.048366 0.045452 -0.129947
v 0.048366 0.045452 -0.129947
v 0.032772 0.004538 -0.099132
v 0.082892 0.010484 -0.076698
v 0.081386 0.012192 -0.081386
v 0.026930 -0.000157 -0.089370
v 0.029773 -0.003393 -0.093152
v 0.027896 -0.008653 -0.089149
v 0.071152 0.001014 -0.076919
v 0.076328 0.003930 -0.076328
v 0.043864 -0.009429 -0.082602
v 0.036872 -0.009387 -0.085685
v 0.035184 -0.005929 -0.081762
v 0.041765 -0.005914 -0.078788
v 0.027188 -0.005498 -0.084769
v 0.052181 -0.003092 -0.076534
v 0.062323 0.001002 -0.073288
v 0.054979 -0.006409 -0.080526
v 0.063065 -0.003292 -0.078101
v 0.067589 0.003905 -0.072381
v 0.051503 0.045361 -0.119686
v 0.081628 0.013843 -0.068651
vn 0.8649 0.4899 -0.1093
vn -0.8329 -0.0934 -0.5455
vn 0.8680 0.4889 -0.0868
vn -0.8332 -0.0957 -0.5446
vn -0.9407 -0.1153 -0.3191
vn 0.0461 -0.7218 0.6905
vn 0.4325 -0.6847 0.5866
vn -0.2618 -0.7842 0.5626
vn 0.0806 -0.7382 0.6697
vn 0.2732 -0.6979 0.6620
vn -0.0037 0.9999 0.0096
vn -0.0042 0.9999 0.0093
vn -0.0033 0.9999 0.0099
vn -0.3601 0.6297 0.6883
vn -0.3715 0.6304 0.6816
vn -0.4561 0.6319 0.6266
vn -0.4893 0.6357 0.5971
vn -0.4990 0.6366 0.5880
vn -0.5851 0.6394 0.4988
vn 0.2614 -0.6408 -0.7218
vn 0.2723 -0.6413 -0.7174
vn 0.2389 -0.6397 -0.7305
vn -0.3233 0.6268 0.7089
vn -0.2852 0.6268 0.7251
vn -0.2850 0.6268 0.7252
vn -0.2456 0.6257 0.7404
vn 0.4997 -0.6538 -0.5683
vn 0.4712 -0.6520 -0.5940
vn 0.4367 -0.6488 -0.6232
vn 0.3528 -0.6461 -0.6768
vn 0.3420 -0.6453 -0.6831
vn 0.3057 -0.6420 -0.7031
vn 0.6232 -0.6489 -0.4366
vt 0.531081 0.231799
vt 0.869846 0.627709
vt 0.767219 0.556792
vt 0.526123 0.274156
vt 0.275068 0.000000
vt 0.318371 0.000000
vt 0.761886 0.000000
vt 0.815234 0.614396
vt 0.774026 0.658063
vt 0.723816 0.000000
vt 0.933402 0.742829
vt 0.791533 0.791533
vt 0.755128 0.755128
vt 0.844282 0.723649
vt 1.000000 0.681629
vt 0.802809 0.000000
vt 1.000000 0.238114
vt 1.000000 0.276184
vt 0.772382 0.000000
vt 0.772383 0.772383
vt 1.000000 0.058715
vt 1.000000 0.181947
vt 0.802809 0.802809
vt 0.196726 0.000000
vt 0.123907 0.123907
vt 0.057821 0.000000
vt 1.000000 0.929072
vt 1.000000 0.973383
vt 0.160633 0.000000
vt 0.194842 0.000000
vt 0.520526 0.371429
vt 0.547348 0.018418
vt 1.000000 0.020531
vt 1.000000 0.068860
vt 0.571869 0.066116
vt 0.069057 0.069057
vt 0.022260 0.022260
vt 1.000000 0.585224
vt 0.196726 0.196726
vt 0.057821 0.057821
vt 0.560597 0.285026
vt 1.000000 0.500092
vt 1.000000 0.837920
vt 0.585224 0.585224
vt 0.500092 0.500092
vt 1.000000 0.803666
vt 0.687500 0.500000
vt 0.694373 0.513746
vt 0.686204 0.513746
vt 0.703445 0.513746
vt 0.695351 0.500000
vt 0.666559 0.513746
vt 0.650820 0.513746
vt 0.638746 0.513746
vt 0.642437 0.513746
vt 0.638746 0.523214
vt 0.625000 0.437500
vt 0.593800 0.437500
vt 0.594217 0.421377
vt 0.597210 0.422323
vt 0.601722 0.423846
vt 0.625000 0.429649
vt 0.686204 0.513746
vt 0.694373 0.513746
vt 0.677169 0.513746
vt 0.694373 0.513746
vt 0.708807 0.513746
vt 0.710116 0.513746
vt 0.707683 0.513746
vt 0.606077 0.500000
vt 0.601376 0.500000
vt 0.599196 0.491090
vt 0.597267 0.482148
vt 0.595494 0.468750
vt 0.614095 0.468750
vt 0.608362 0.490661
vt 0.625000 0.439825
vt 0.614095 0.468750
vt 0.593775 0.450684
vt 0.593800 0.437500
vt 0.604446 0.510058
vt 0.601376 0.500000
vt 0.606077 0.500000
s 0
usemtl マテリアル
f 1996/2668/1397 1997/2669/1397 1999/2670/1397 2001/2671/1397 2002/2672/1397 1995/2673/1397
f 2003/2674/1398 2004/2675/1398 2006/2676/1398 2008/2677/1398
f 2002/2678/1399 2027/2679/1399 2009/2680/1399 2010/2681/1399 1995/2682/1399
f 2011/2683/1400 2003/2684/1400 2008/2685/1400 2012/2686/1400
f 2012/2687/1401 2013/2688/1401 2020/2689/1401 2011/2690/1401
f 2021/2691/1402 2019/2692/1402 2016/2693/1402
f 2009/2694/1403 2027/2695/1403 2025/2696/1403 2014/2697/1403 2015/2698/1403
f 2017/2699/1404 2016/2700/1404 2019/2701/1404 2018/2702/1404 2020/2703/1404 2013/2704/1404
f 2022/2705/1405 2021/2706/1405 2016/2707/1405 2023/2708/1405 2024/2709/1405
f 2025/2710/1406 2022/2711/1406 2024/2712/1406 2014/2713/1406
s 1
f 1998/2714/1407 2026/2715/1407 2000/2716/1408
f 2005/2717/1409 2026/2715/1407 1998/2714/1407 2007/2718/1409
f 1969/2719/1410 1991/2719/1411 1993/2720/1412 1986/2721/1413 1968/2722/1414
f 1978/2723/1415 1968/2721/1414 1986/2721/1413
f 1970/2724/1416 1990/2725/1417 1982/2726/1418 1980/2727/1418 1974/2728/1418 1976/2729/1418
f 1972/2730/1419 1966/2715/1420 1987/2731/1421 1989/2732/1419 1991/2719/1411 1969/2719/1410
f 1987/2733/1421 1966/2715/1420 1975/2717/1422 1973/2734/1422 1981/2735/1422 1983/2736/1422
f 1979/2737/1423 1985/2738/1424 1984/2739/1425 1994/2740/1425 1992/2741/1426 1971/2742/1427 1967/2743/1425
f 1970/2744/1416 1971/2745/1427 1992/2741/1426 1988/2746/1428 1990/2747/1417
f 1977/2748/1429 1985/2749/1424 1979/2750/1423
o 立方体.002_cell.056
v -0.000000 0.045452 -0.138820
v -0.000000 0.045361 -0.130852
v -0.055019 0.045452 -0.127856
v -0.051503 0.045361 -0.119686
v -0.028536 0.045452 -0.136179
v -0.026713 0.045361 -0.127932
v 0.012141 0.041846 -0.126680
v 0.015779 0.045361 -0.129127
v 0.019306 0.045452 -0.137033
v 0.012688 0.039167 -0.132399
v -0.012799 0.029197 -0.116371
v -0.000000 0.035178 -0.122611
v -0.014762 0.025418 -0.120730
v -0.000000 0.032342 -0.127879
v -0.048594 0.026037 -0.112926
v -0.063839 0.032007 -0.102243
v -0.046617 0.030004 -0.108331
v -0.023957 0.028661 -0.114725
v -0.025001 0.024854 -0.119311
v -0.069755 0.028427 -0.105911
v -0.071282 0.038471 -0.104558
v -0.078250 0.045452 -0.117763
v -0.073870 0.045361 -0.109468
v 0.019306 0.045452 -0.137033
v 0.019306 0.045452 -0.137033
v 0.012688 0.039167 -0.132399
v 0.015779 0.045361 -0.129127
v 0.015779 0.045361 -0.129127
v 0.012141 0.041846 -0.126680
v -0.000000 0.035178 -0.122611
v -0.012799 0.029197 -0.116371
v -0.014762 0.025418 -0.120730
v -0.000000 0.032342 -0.127879
v -0.048594 0.026037 -0.112926
v -0.069755 0.028427 -0.105911
v -0.078250 0.045452 -0.117763
v -0.078250 0.045452 -0.117763
v -0.063839 0.032007 -0.102243
v -0.046617 0.030004 -0.108331
v -0.025001 0.024854 -0.119311
v -0.023957 0.028661 -0.114725
v -0.073870 0.045361 -0.109468
v -0.073870 0.045361 -0.109468
v -0.071282 0.038471 -0.104558
v -0.000000 0.045452 -0.138820
v -0.000000 0.045361 -0.130852
v -0.055019 0.045452 -0.127856
v -0.028536 0.045452 -0.136179
v -0.051503 0.045361 -0.119686
v -0.026713 0.045361 -0.127932
vn 0.7614 -0.5560 0.3333
vn 0.5405 -0.7408 0.3987
vn -0.9039 -0.1343 0.4060
vn -0.4346 -0.1847 0.8815
vn -0.0000 0.9999 0.0111
vn -0.0011 0.9999 0.0112
vn -0.3056 -0.6420 -0.7032
vn -0.2690 -0.6415 -0.7184
vn -0.2650 -0.6414 -0.7200
vn -0.1515 -0.6417 -0.7519
vn -0.0000 -0.6408 -0.7677
vn -0.0260 -0.6406 -0.7674
vn -0.0709 -0.6392 -0.7658
vn -0.1511 -0.6417 -0.7519
vn 0.0036 0.9999 0.0096
vn 0.0022 0.9999 0.0106
vn 0.0022 0.9999 0.0105
vn 0.0037 0.9999 0.0095
vn 0.0041 1.0000 0.0091
vn 0.0709 -0.6392 -0.7658
vn 0.1659 0.6284 0.7600
vn 0.1656 0.6284 0.7600
vn 0.2856 0.6269 0.7249
vn 0.2820 0.6268 0.7264
vn -0.0847 0.6269 0.7745
vn -0.0001 0.6291 0.7773
vn 0.0309 0.6288 0.7770
vn 0.3237 0.6268 0.7088
vn 0.0846 0.6268 0.7746
vn 0.1237 -0.7809 0.6123
vt 0.516733 0.000000
vt 0.687886 0.236062
vt 0.560824 0.130133
vt 0.467400 0.000000
vt 0.467400 0.467400
vt 0.432092 0.246623
vt 0.378054 0.000000
vt 0.415618 0.000000
vt 0.477524 0.284099
vt 0.516733 0.516733
vt 0.404589 0.170973
vt 0.231726 0.000000
vt 0.321024 0.031257
vt 0.403350 0.111202
vt 0.710843 0.000000
vt 1.000000 0.200952
vt 1.000000 0.249607
vt 0.750000 0.500000
vt 0.750000 0.513746
vt 0.733571 0.513746
vt 0.728858 0.500000
vt 0.625000 0.283336
vt 0.625000 0.312500
vt 0.613954 0.312500
vt 0.616769 0.281762
vt 0.625000 0.343750
vt 0.625000 0.375000
vt 0.617542 0.375000
vt 0.613602 0.356606
vt 0.613281 0.343750
vt 0.613954 0.312500
vt 0.805627 0.513746
vt 0.777814 0.513746
vt 0.781250 0.500000
vt 0.812500 0.500000
vt 0.832740 0.513746
vt 0.841664 0.500000
vt 0.625000 0.396142
vt 0.621424 0.389457
vt 0.777814 0.513746
vt 0.805627 0.513746
vt 0.737070 0.513746
vt 0.733571 0.513746
vt 0.750000 0.513746
vt 0.827531 0.513746
vt 0.805627 0.513746
vt 0.833441 0.513746
vt 0.764803 0.513746
vt 0.718888 0.486664
vt 0.415618 0.415618
vt 0.378054 0.378054
vt 0.708981 0.454960
vt 0.490805 0.297327
vt 0.451638 0.000000
vt 0.480659 0.000000
vt 0.519909 0.308321
s 0
usemtl マテリアル
f 2053/2751/1430 2051/2752/1430 2054/2753/1430 2056/2754/1430
f 2056/2755/1431 2057/2756/1431 2058/2757/1431 2059/2758/1431 2060/2759/1431 2053/2760/1431
f 2063/2761/1432 2047/2762/1432 2071/2763/1432 2069/2764/1432
f 2071/2765/1433 2047/2766/1433 2065/2767/1433
s 1
f 2072/2768/1434 2073/2769/1434 2055/2770/1435 2052/2771/1435
f 2064/2772/1436 2074/2773/1437 2061/2774/1438 2062/2775/1436
f 2075/2776/1439 2028/2777/1440 2041/2778/1441 2040/2779/1442 2067/2780/1443
f 2074/2773/1437 2075/2776/1439 2067/2780/1443 2061/2781/1438
f 2076/2782/1444 2077/2783/1445 2032/2784/1446 2030/2785/1447
f 2070/2786/1448 2076/2782/1444 2030/2785/1447 2049/2787/1448
f 2077/2783/1445 2073/2769/1434 2072/2768/1434 2032/2784/1446
f 2041/2778/1441 2028/2777/1440 2036/2788/1449 2037/2789/1449
f 2068/2790/1450 2033/2783/1451 2031/2782/1452 2066/2791/1453
f 2034/2792/1454 2035/2793/1454 2029/2769/1455 2039/2794/1456
f 2043/2795/1457 2066/2796/1453 2031/2782/1452 2050/2786/1457 2048/2797/1457
f 2039/2794/1456 2029/2769/1455 2033/2783/1451 2068/2790/1450 2038/2798/1458
s 0
f 2046/2799/1459 2059/2800/1459 2058/2801/1459 2045/2802/1459 2044/2803/1459 2065/2804/1459 2047/2805/1459 2042/2806/1459
o 立方体.002_cell.057
v -0.005432 -0.126392 -0.004394
v -0.013913 -0.101018 -0.009493
v -0.024268 -0.083121 -0.021274
v -0.010524 -0.116294 -0.011054
v -0.012133 -0.127884 -0.006112
v -0.014511 -0.105763 -0.006841
v -0.019564 -0.094951 -0.009281
v -0.022092 -0.089402 -0.015078
v -0.017476 -0.090679 -0.011930
v -0.015286 -0.094062 -0.017069
v -0.020799 -0.086767 -0.020799
v -0.011237 -0.106893 -0.011853
v -0.019564 -0.094951 -0.009281
v -0.022092 -0.089402 -0.015078
v -0.022092 -0.089402 -0.015078
v -0.024268 -0.083121 -0.021274
v -0.024268 -0.083121 -0.021274
v -0.015286 -0.094062 -0.017069
v -0.020799 -0.086767 -0.020799
v -0.010524 -0.116294 -0.011054
v -0.011237 -0.106893 -0.011853
v -0.012133 -0.127884 -0.006112
v -0.014511 -0.105763 -0.006841
v -0.013913 -0.101018 -0.009493
vn 0.3110 -0.4090 -0.8579
vn -0.3860 0.5766 0.7201
vn -0.3129 0.6143 0.7244
vn 0.6217 0.6486 0.4392
vn 0.5911 0.6736 0.4438
vn 0.8016 0.0100 -0.5977
vn 0.7309 0.4265 0.5328
vn -0.2494 0.0051 0.9684
vn 0.5632 0.5647 0.6033
vn 0.9369 0.0685 -0.3429
vn -0.6946 -0.4771 -0.5384
vn -0.8366 -0.1196 -0.5346
vn -0.8755 -0.2005 -0.4398
vn -0.8115 -0.1217 -0.5715
vn -0.6225 -0.6378 -0.4535
vn -0.6241 -0.5623 -0.5425
vn -0.6131 -0.6511 -0.4474
vn -0.5348 -0.6685 -0.5168
vn -0.6215 -0.6487 -0.4392
vt 1.000000 0.000000
vt 1.000000 0.078043
vt 0.737101 0.000000
vt 0.000000 0.000000
vt 1.000000 0.016075
vt 0.539274 0.073171
vt 1.000000 1.000000
vt 0.167110 0.026813
vt 0.442447 0.000000
vt 1.000000 0.942506
vt 0.289979 0.289979
vt 1.000000 0.028892
vt 1.000000 0.262899
vt 0.393477 0.000000
vt 0.292352 0.085043
vt 0.393477 0.393477
vt 1.000000 0.020843
vt 0.575420 0.011300
vt 0.541667 0.218750
vt 0.521815 0.196818
vt 0.541667 0.194130
vt 0.530047 0.254180
vt 0.521754 0.250000
vt 0.539109 0.250000
vt 0.537198 0.254544
vt 0.548275 0.218750
vt 0.545118 0.193368
vt 0.542801 0.250000
vt 0.549775 0.250000
vt 0.545032 0.258735
vt 0.548275 0.218750
vt 0.551848 0.238924
s 0
usemtl マテリアル
f 2078/2807/1460 2099/2808/1460 2097/2809/1460
f 2090/2810/1461 2094/2811/1461 2091/2812/1461
f 2092/2807/1462 2094/2813/1462 2090/2814/1462 2086/2815/1462
f 2096/2816/1463 2093/2813/1463 2092/2810/1463
f 2096/2817/1464 2092/2810/1464 2095/2818/1464
f 2078/2807/1465 2097/2819/1465 2098/2820/1465
f 2079/2821/1466 2095/2810/1466 2100/2807/1466 2078/2813/1466 2098/2822/1466
f 2099/2823/1467 2078/2813/1467 2100/2810/1467
f 2100/2813/1468 2095/2810/1468 2092/2807/1468
f 2090/2807/1469 2100/2813/1469 2092/2810/1469 2086/2824/1469
s 1
f 2101/2825/1470 2082/2826/1471 2083/2827/1472
f 2081/2828/1473 2082/2829/1471 2101/2830/1470 2089/2831/1473
f 2085/2832/1474 2101/2825/1470 2083/2827/1472 2084/2833/1475
f 2101/2834/1470 2088/2835/1476 2087/2836/1477
f 2101/2825/1470 2085/2837/1474 2080/2838/1478 2088/2835/1476
o 立方体.002_cell.058
v 0.055019 0.045452 0.127856
v 0.051503 0.045361 0.119686
v 0.028536 0.045452 0.136179
v 0.026713 0.045361 0.127932
v 0.063760 0.026956 0.107172
v 0.063271 0.031718 0.102247
v 0.044514 0.025238 0.105002
v 0.065206 0.039786 0.118258
v 0.065604 0.045452 0.123257
v 0.064750 0.045361 0.113634
v 0.063944 0.037238 0.106820
v 0.064356 0.031710 0.111254
v 0.008083 0.045361 0.129969
v 0.025062 0.035354 0.120018
v 0.004060 0.045452 0.138444
v 0.047093 0.021501 0.109438
v 0.026286 0.032343 0.125444
v 0.065604 0.045452 0.123257
v 0.065604 0.045452 0.123257
v 0.064750 0.045361 0.113634
v 0.064750 0.045361 0.113634
v 0.065206 0.039786 0.118258
v 0.064356 0.031710 0.111254
v 0.063760 0.026956 0.107172
v 0.063271 0.031718 0.102247
v 0.063944 0.037238 0.106820
v 0.008083 0.045361 0.129969
v 0.008083 0.045361 0.129969
v 0.004060 0.045452 0.138444
v 0.004060 0.045452 0.138444
v 0.025062 0.035354 0.120018
v 0.044514 0.025238 0.105002
v 0.047093 0.021501 0.109438
v 0.026286 0.032343 0.125444
v 0.028536 0.045452 0.136179
v 0.026713 0.045361 0.127932
v 0.055019 0.045452 0.127856
v 0.051503 0.045361 0.119686
vn 0.1412 -0.7095 -0.6904
vn 0.9960 0.0080 -0.0885
vn 0.9942 -0.0099 -0.1075
vn 0.9926 -0.0219 -0.1197
vn -0.6035 -0.7472 -0.2784
vn -0.0022 0.9999 -0.0105
vn -0.0011 0.9999 -0.0110
vn 0.2690 -0.6415 0.7184
vn 0.3056 -0.6420 0.7032
vn -0.0041 0.9999 -0.0092
vn -0.0037 0.9999 -0.0096
vn 0.1514 -0.6417 0.7518
vn 0.1799 -0.6416 0.7457
vn 0.0709 -0.6392 0.7657
vn -0.2842 0.6273 -0.7250
vn -0.2854 0.6274 -0.7245
vn -0.3221 0.6279 -0.7085
vn -0.0847 0.6266 -0.7747
vn -0.1657 0.6283 -0.7601
vn -0.1951 0.6279 -0.7534
vt 0.509788 0.000000
vt 0.570030 0.000000
vt 1.000000 0.284452
vt 1.000000 0.322122
vt 0.592346 0.009286
vt 0.593106 0.084730
vt 0.547031 0.000000
vt 1.000000 0.431718
vt 0.587219 0.587219
vt 0.547031 0.547031
vt 1.000000 0.377814
vt 0.377814 0.377814
vt 0.429970 0.000000
vt 0.490212 0.000000
vt 0.431718 0.431718
vt 0.568503 0.250420
vt 0.761026 0.432819
vt 1.000000 0.633019
vt 0.998975 0.675145
vt 0.743642 0.460866
vt 0.491752 0.222036
vt 0.718750 0.750000
vt 0.722186 0.736254
vt 0.741584 0.736254
vt 0.745554 0.750000
vt 0.625000 0.812500
vt 0.611691 0.809575
vt 0.614476 0.791461
vt 0.617182 0.793469
vt 0.621776 0.796797
vt 0.625000 0.799211
vt 0.678315 0.736254
vt 0.694373 0.736254
vt 0.687500 0.750000
vt 0.674211 0.750000
vt 0.611374 0.812500
vt 0.625000 0.843750
vt 0.617542 0.843750
vt 0.625000 0.870554
vt 0.694373 0.736254
vt 0.678064 0.736254
vt 0.675222 0.736254
vt 0.673053 0.736254
vt 0.722186 0.736254
vt 0.695121 0.736254
s 0
usemtl マテリアル
f 2126/2839/1479 2125/2840/1479 2134/2841/1479 2133/2842/1479
f 2121/2843/1480 2119/2844/1480 2123/2845/1480
f 2127/2846/1481 2121/2847/1481 2123/2848/1481 2124/2849/1481
f 2124/2850/1482 2125/2851/1482 2126/2852/1482 2127/2853/1482
f 2128/2854/1483 2132/2855/1483 2133/2856/1483 2134/2857/1483 2135/2858/1483 2130/2859/1483
s 1
f 2136/2860/1484 2137/2861/1484 2129/2862/1485 2131/2863/1485
f 2138/2864/1486 2117/2865/1486 2106/2866/1487 2113/2867/1487 2109/2868/1487 2120/2869/1487
f 2122/2870/1488 2139/2871/1489 2102/2872/1489 2110/2873/1488
f 2117/2874/1486 2138/2864/1486 2104/2875/1490 2118/2876/1491
f 2139/2871/1489 2137/2861/1484 2136/2860/1484 2102/2872/1489
f 2118/2876/1491 2104/2875/1490 2116/2877/1492
f 2108/2878/1493 2103/2871/1494 2111/2879/1495 2112/2880/1495 2107/2881/1495
f 2114/2862/1496 2105/2861/1497 2115/2882/1498
f 2115/2882/1498 2105/2861/1497 2103/2871/1494 2108/2883/1493
o 立方体.002_cell.059
v 0.062627 -0.023716 -0.042703
v 0.091350 0.016108 -0.056910
v 0.100336 0.020455 -0.045628
v 0.095033 0.011878 -0.060019
v 0.105632 0.017095 -0.046596
v 0.083070 0.012658 -0.065028
v 0.086187 0.007272 -0.067225
v 0.084764 -0.010253 -0.037172
v 0.081182 -0.005741 -0.036827
v 0.067541 -0.032731 -0.029585
v 0.065928 -0.026513 -0.029992
v 0.050374 -0.036139 -0.042356
v 0.058693 -0.023716 -0.048124
v 0.048853 -0.046014 -0.041327
v 0.040678 -0.050687 -0.035532
v 0.057497 -0.045752 -0.025348
v 0.052342 -0.049304 -0.029723
v 0.046157 -0.048143 -0.031478
v 0.095033 0.011878 -0.060019
v 0.105632 0.017095 -0.046596
v 0.091350 0.016108 -0.056910
v 0.100336 0.020455 -0.045628
v 0.084764 -0.010253 -0.037172
v 0.083070 0.012658 -0.065028
v 0.086187 0.007272 -0.067225
v 0.057497 -0.045752 -0.025348
v 0.057497 -0.045752 -0.025348
v 0.057497 -0.045752 -0.025348
v 0.046157 -0.048143 -0.031478
v 0.081182 -0.005741 -0.036827
v 0.052342 -0.049304 -0.029723
v 0.067541 -0.032731 -0.029585
v 0.048853 -0.046014 -0.041327
v 0.040678 -0.050687 -0.035532
v 0.065928 -0.026513 -0.029992
v 0.058693 -0.023716 -0.048124
v 0.050374 -0.036139 -0.042356
vn 0.3623 0.7358 -0.5721
vn -0.7092 0.6268 0.3227
vn -0.6887 0.6282 0.3620
vn -0.6644 0.6174 0.4212
vn -0.6777 0.5896 0.4394
vn 0.3356 0.6258 -0.7041
vn 0.2542 0.1287 0.9585
vn -0.5800 0.0045 -0.8146
vn 0.2426 0.1259 0.9619
vn -0.3220 -0.5130 0.7957
vn 0.2587 0.1323 0.9569
vn 0.6651 -0.6610 -0.3474
vn 0.3707 -0.3580 0.8569
vn 0.4304 -0.1914 0.8821
vn 0.7303 -0.6620 -0.1686
vn -0.6507 0.6278 0.4270
vn -0.6394 0.6300 0.4408
vn 0.6181 -0.6501 -0.4420
vn -0.6281 0.6319 0.4542
vn -0.6494 0.5581 0.5166
vn -0.5727 0.0029 -0.8197
vt 0.801020 0.000000
vt 0.832580 0.000000
vt 1.000000 0.243134
vt 1.000000 0.288277
vt 0.638746 0.566466
vt 0.638746 0.541559
vt 0.638746 0.566444
vt 0.638746 0.566559
vt 1.000000 0.167420
vt 0.655613 0.148425
vt 0.054883 0.054883
vt 0.017412 0.017412
vt 0.708318 0.000000
vt 0.248467 0.248467
vt 0.222477 0.222477
vt 0.641185 0.000000
vt 0.500225 0.000000
vt 0.296685 0.296685
vt 0.175758 0.175758
vt 0.614554 0.000000
vt 1.000000 0.291682
vt 1.000000 0.358815
vt 0.533008 0.533008
vt 1.000000 0.325422
vt 1.000000 0.442423
vt 0.222477 0.000000
vt 0.248467 0.000000
vt 0.288277 0.288277
vt 0.243134 0.243134
vt 0.605175 0.531250
vt 0.569623 0.531250
vt 0.568172 0.512140
vt 0.572960 0.514034
vt 0.604322 0.520865
vt 0.638746 0.531867
vt 0.638746 0.528500
vt 0.593307 0.561388
vt 0.580518 0.561427
vt 0.573110 0.561069
vt 0.571089 0.544726
vt 0.605898 0.537051
vt 0.608867 0.561068
vt 0.638746 0.523810
vt 0.638746 0.526641
vt 0.638746 0.546665
vt 0.638746 0.565728
vt 1.000000 0.042856
vt 0.175758 0.000000
vt 0.296685 0.000000
vt 0.469362 0.274562
vt 1.000000 0.013673
s 0
usemtl マテリアル
f 2158/2884/1499 2160/2885/1499 2161/2886/1499 2159/2887/1499
s 1
f 2142/2888/1500 2141/2889/1501 2140/2889/1502 2174/2890/1503 2169/2891/1500
s 0
f 2160/2892/1504 2158/2893/1504 2164/2894/1504 2163/2895/1504
f 2171/2896/1505 2162/2897/1505 2148/2898/1505 2150/2899/1505
f 2173/2900/1506 2176/2901/1506 2172/2902/1506
f 2166/2903/1507 2171/2904/1507 2150/2905/1507
f 2165/2906/1508 2168/2907/1508 2170/2908/1508
f 2148/2909/1509 2162/2910/1509 2159/2911/1509 2161/2912/1509
s 1
f 2143/2913/1510 2157/2914/1511 2154/2915/1512 2153/2916/1513 2146/2917/1513
f 2145/2918/1514 2175/2919/1515 2140/2889/1502 2141/2889/1501
f 2147/2920/1516 2149/2921/1516 2155/2922/1516 2156/2923/1516 2157/2914/1511 2143/2924/1510 2144/2925/1516
f 2154/2926/1512 2157/2889/1511 2140/2889/1502 2175/2919/1515 2151/2927/1517
f 2140/2889/1502 2157/2928/1511 2167/2929/1518 2174/2890/1503
s 0
f 2164/2930/1519 2172/2931/1519 2176/2932/1519 2152/2933/1519 2163/2934/1519
o 立方体.002_cell.060
v -0.046407 -0.260786 -0.016245
v -0.053795 -0.259315 -0.023149
v -0.050723 -0.263524 -0.030222
v -0.054823 -0.263524 -0.019880
vn 0.6819 0.1211 0.7213
vn -0.5355 0.8270 -0.1712
vn 0.1496 -0.2380 -0.9597
vn -0.7176 -0.4880 0.4968
vt 0.390616 0.187500
vt 0.375000 0.187500
vt 0.375000 0.175761
vt 0.375000 0.214767
vt 0.375000 0.187500
vt 0.375000 0.208602
vt 0.125000 0.562500
vt 0.125000 0.541398
vt 0.144085 0.580479
s 1
usemtl マテリアル
f 2177/2935/1520 2178/2936/1521 2180/2937/1523
f 2179/2938/1522 2178/2936/1521 2177/2935/1520
f 2180/2939/1523 2178/2936/1521 2179/2940/1522
f 2180/2941/1523 2179/2942/1522 2177/2943/1520
o 立方体.002_cell.061
v -0.046991 -0.058255 0.000000
v -0.043071 -0.058255 -0.018534
v -0.039339 -0.058255 -0.026831
v -0.045989 -0.058255 -0.009613
v -0.034101 -0.058255 -0.034101
v -0.033943 -0.045114 -0.047426
v -0.033809 -0.050194 -0.049750
v -0.022488 -0.074905 -0.031985
v -0.027063 -0.058255 -0.039171
v -0.031648 -0.054936 -0.046359
v -0.019469 -0.075684 -0.027133
v -0.038459 -0.048135 -0.048657
v -0.061491 -0.040848 -0.026461
v -0.053294 -0.045087 -0.036384
v -0.060402 -0.036478 -0.021711
v -0.044664 -0.047787 -0.044664
v -0.065929 -0.037987 -0.020305
v -0.063573 -0.043211 -0.013319
v -0.054132 -0.049395 0.000269
v -0.021579 -0.080420 -0.026870
v -0.049989 -0.059115 0.012359
v -0.046549 -0.061983 0.015318
v -0.044593 -0.066389 0.009341
v -0.042046 -0.070082 0.003652
v -0.033483 -0.074068 -0.007004
v -0.037350 -0.070166 0.000000
v -0.031885 -0.079347 -0.013721
v -0.025772 -0.081870 -0.020991
v -0.033809 -0.050194 -0.049750
v -0.031648 -0.054936 -0.046359
v -0.022488 -0.074905 -0.031985
v -0.022488 -0.074905 -0.031985
v -0.022488 -0.074905 -0.031985
v -0.033483 -0.074068 -0.007004
v -0.037350 -0.070166 0.000000
v -0.038459 -0.048135 -0.048657
v -0.033943 -0.045114 -0.047426
v -0.027063 -0.058255 -0.039171
v -0.019469 -0.075684 -0.027133
v -0.021579 -0.080420 -0.026870
v -0.061491 -0.040848 -0.026461
v -0.060402 -0.036478 -0.021711
v -0.065929 -0.037987 -0.020305
v -0.042046 -0.070082 0.003652
vn -0.0299 0.4152 -0.9092
vn 0.8663 0.0771 -0.4936
vn 0.7615 -0.3688 -0.5330
vn -0.5334 -0.5805 0.6152
vn -0.5511 0.8341 -0.0253
vn -0.5851 0.2761 0.7625
vn 0.6974 -0.6928 0.1837
vn 0.4278 -0.8359 0.3439
vn 0.4855 0.6893 0.5378
vn 0.6522 0.6679 0.3586
vn -0.6406 -0.0371 0.7670
vn -0.9195 0.0501 0.3899
vn 0.3017 -0.9113 0.2803
vn 0.7761 0.6108 0.1568
vn -0.2428 -0.0003 0.9701
vn 0.7857 0.5994 0.1528
vn 0.7327 0.6398 -0.2318
vn 0.7241 0.6472 0.2382
vn 0.7465 0.6599 0.0849
vn -0.3489 0.7282 -0.5900
vn -0.8335 0.4823 -0.2696
vn -0.9537 -0.1072 -0.2810
vn -0.4649 -0.6539 -0.5969
vn -0.4703 -0.6551 -0.5914
vn 0.2128 -0.9756 -0.0535
vn 0.5543 0.5353 0.6373
vn 0.3695 0.6669 0.6471
vn -0.5301 0.6352 -0.5617
vn -0.4338 -0.6464 -0.6276
vn 0.6549 0.7097 0.2599
vn 0.4651 -0.6389 0.6128
vn 0.1631 0.7650 0.6231
vt 1.000000 0.312039
vt 0.263508 0.263508
vt 1.000000 0.291137
vt 0.312039 0.312039
vt 0.291137 0.291137
vt 0.597876 0.220647
vt 1.000000 0.150169
vt 0.443841 0.281120
vt 0.221294 0.000000
vt 0.128277 0.128277
vt 0.189677 0.000000
vt 0.557939 0.125000
vt 0.570085 0.128372
vt 0.574556 0.156250
vt 0.555550 0.156250
vt 0.861254 0.513746
vt 0.861254 0.541559
vt 0.576928 0.176868
vt 0.575900 0.187500
vt 0.553996 0.187500
vt 0.574556 0.156250
vt 0.861254 0.625000
vt 0.861254 0.625666
vt 0.861254 0.652814
vt 0.861254 0.636896
vt 0.861254 0.663687
vt 0.861254 0.672020
vt 0.861254 0.569373
vt 0.861254 0.569373
vt 0.861254 0.597186
vt 0.861254 0.597186
vt 1.000000 0.720669
vt 0.958511 0.694901
vt 1.000000 0.698999
vt 0.861254 0.569373
vt 0.552567 0.250000
vt 0.571952 0.250000
vt 0.571563 0.281250
vt 0.567885 0.281250
vt 0.556523 0.278925
vt 0.553385 0.268288
vt 0.861254 0.597186
vt 0.836957 0.513746
vt 0.836177 0.513746
vt 0.834330 0.513746
vt 0.845033 0.513746
vt 0.573489 0.218750
vt 0.552854 0.218750
vt 0.567885 0.281250
vt 0.571563 0.281465
vt 0.570583 0.281598
vt 0.559267 0.111858
vt 0.561369 0.093750
vt 0.566043 0.093750
vt 0.569588 0.125000
vt 0.861254 0.541559
vt 0.861254 0.577907
vt 0.861254 0.583340
vt 0.747522 0.599608
vt 0.840197 0.420012
vt 0.769111 0.630256
vt 0.552854 0.218750
vt 0.836790 0.513746
vt 0.844263 0.513746
vt 0.861254 0.513746
vt 0.834330 0.513746
s 0
usemtl マテリアル
f 2209/2944/1524 2192/2945/1524 2217/2946/1524
f 2209/2947/1525 2217/2948/1525 2189/2949/1525 2211/2950/1525 2210/2951/1525
f 2220/2952/1526 2212/2953/1526 2219/2954/1526
s 1
f 2224/2955/1527 2199/2956/1528 2198/2957/1529 2214/2958/1530
f 2208/2959/1531 2185/2959/1532 2183/2960/1533
f 2223/2961/1534 2221/2962/1535 2207/2963/1536 2214/2958/1530 2198/2964/1529
f 2181/2965/1537 2199/2966/1528 2201/2967/1538 2203/2967/1538 2224/2968/1527 2215/2965/1539
f 2201/2969/1540 2202/2970/1540 2203/2967/1540
f 2207/2971/1536 2182/2972/1541 2184/2973/1542 2214/2974/1530
s 0
f 2222/2975/1543 2193/2976/1543 2197/2977/1543
s 1
f 2182/2972/1541 2207/2978/1536 2208/2960/1531 2183/2960/1533
f 2208/2979/1531 2196/2980/1544 2216/2981/1545 2190/2982/1546 2213/2983/1547 2200/2984/1548
f 2214/2985/1530 2184/2973/1542 2181/2965/1537 2215/2965/1539
f 2191/2986/1549 2188/2987/1549 2218/2988/1550 2185/2959/1532 2208/2959/1531 2200/2989/1548
f 2194/2990/1551 2208/2991/1531 2207/2963/1536 2221/2962/1535
f 2190/2992/1546 2216/2993/1545 2187/2994/1552
f 2224/2995/1527 2203/2996/1538 2201/2997/1538 2199/2998/1528
f 2199/2965/1528 2181/2965/1537 2184/2973/1542 2198/2985/1529
f 2221/2972/1535 2182/2972/1541 2183/2960/1533 2194/2999/1551
f 2198/2985/1529 2184/2973/1542 2182/2972/1541 2221/2978/1535 2195/3000/1553 2223/3001/1534
f 2183/2960/1533 2185/2959/1532 2196/2959/1544 2194/2999/1551
s 0
f 2204/3002/1554 2205/3003/1554 2206/3004/1554
s 1
f 2196/2980/1544 2208/3005/1531 2194/2990/1551
f 2186/3006/1555 2216/3007/1545 2196/3008/1544 2185/2959/1532 2218/3009/1550
o 立方体.002_cell.062
v 0.019399 -0.258417 0.016208
v 0.024813 -0.257932 0.017070
v 0.025852 -0.263524 0.036153
v 0.030964 -0.255670 0.030964
v 0.030063 -0.263524 0.024998
v 0.029669 -0.254586 0.024259
v 0.026362 -0.253360 0.019304
v 0.024862 -0.263524 0.017016
v 0.020688 -0.252508 0.020688
v 0.018101 -0.256443 0.042065
v 0.013702 -0.263524 0.045945
v 0.013502 -0.256935 0.045796
v 0.024941 -0.255913 0.036528
v -0.003218 -0.254832 0.038232
v -0.000486 -0.263524 0.039542
v -0.005233 -0.263524 0.037254
v 0.015781 -0.252326 0.023114
v 0.005844 -0.252555 0.027891
v 0.010960 -0.252380 0.025470
v 0.019054 -0.263524 0.016199
v -0.000000 -0.253298 0.031728
v 0.014031 -0.263524 0.017222
v 0.030063 -0.263524 0.024998
v 0.024862 -0.263524 0.017016
v 0.018101 -0.256443 0.042065
v 0.013502 -0.256935 0.045796
v 0.030964 -0.255670 0.030964
v 0.029669 -0.254586 0.024259
v 0.025852 -0.263524 0.036153
v 0.013702 -0.263524 0.045945
v 0.024941 -0.255913 0.036528
v 0.026362 -0.253360 0.019304
v -0.000486 -0.263524 0.039542
v -0.005233 -0.263524 0.037254
v 0.005844 -0.252555 0.027891
v 0.010960 -0.252380 0.025470
v 0.014031 -0.263524 0.017222
v 0.020688 -0.252508 0.020688
v 0.015781 -0.252326 0.023114
v -0.003218 -0.254832 0.038232
v -0.000000 -0.253298 0.031728
v 0.019054 -0.263524 0.016199
vn 0.6769 0.0448 0.7347
vn 0.8758 -0.3516 0.3306
vn 0.9823 0.0280 -0.1852
vn 0.8330 -0.0022 -0.5533
vn -0.0215 0.5434 -0.8392
vn -0.3310 0.6149 -0.7158
vn 0.6271 0.0367 0.7781
vn -0.4113 0.0081 0.9115
vn -0.4342 -0.0007 0.9008
vn -0.4816 0.4658 -0.7424
vn -0.4792 0.4015 -0.7805
vn 0.1479 0.0018 -0.9890
vn -0.1996 0.0154 -0.9798
vn -0.7635 0.0425 -0.6444
vn 0.1422 0.9771 0.1584
vn 0.1384 0.9770 0.1622
vn 0.1767 0.9765 0.1237
vn 0.1042 0.9762 0.1900
vn 0.1040 0.9762 0.1901
vn 0.0494 0.9746 0.2183
vn 0.0749 0.9756 0.2066
vn 0.0771 0.9756 0.2057
vn 0.0451 0.9744 0.2204
vn -0.0000 -1.0000 -0.0000
vn 0.0203 0.9725 0.2319
vt 0.973846 0.890556
vt 0.231742 0.000000
vt 1.000000 0.796666
vt 0.921732 0.921732
vt 0.796666 0.796666
vt 1.000000 0.797371
vt 0.729066 0.000000
vt 0.858854 0.000000
vt 0.920994 0.920994
vt 0.899140 0.000000
vt 1.000000 0.000000
vt 1.000000 0.349924
vt 0.863892 0.863892
vt 0.727655 0.727655
vt 0.349924 0.349924
vt 0.000000 0.000000
vt 1.000000 0.412869
vt 0.412869 0.412869
vt 0.197948 0.000000
vt 0.338174 0.000000
vt 0.415244 0.000000
vt 1.000000 0.666185
vt 0.878269 0.628923
vt 0.554526 0.253046
vt 0.506742 0.275429
vt 1.000000 0.102512
vt 1.000000 0.235448
vt 0.415244 0.415244
vt 0.235448 0.235448
vt 0.099204 0.000000
vt 0.234195 0.000000
vt 1.000000 0.262281
vt 0.197948 0.197948
vt 0.262281 0.262281
vt 0.633268 0.000000
vt 0.524359 0.083988
vt 1.000000 0.100860
vt 0.092930 0.092930
vt 1.000000 1.000000
vt 0.907235 0.907235
vt 0.099204 0.099204
vt 0.366732 0.000000
vt 1.000000 0.048040
vt 0.234195 0.234195
vt 0.432008 0.750000
vt 0.404942 0.741884
vt 0.417919 0.729833
vt 0.424876 0.724281
vt 0.403898 0.768852
vt 0.405527 0.750000
vt 0.433539 0.781250
vt 0.394927 0.831173
vt 0.399055 0.812500
vt 0.433085 0.812500
vt 0.431618 0.843750
vt 0.399055 0.812500
vt 0.403487 0.781250
vt 0.433085 0.812500
vt 0.312139 0.707749
vt 0.283630 0.724658
vt 0.248864 0.705070
vt 0.237845 0.701624
vt 0.281656 0.658972
vt 0.292265 0.659976
vt 0.303121 0.662696
vt 0.326048 0.695050
vt 0.425392 0.875000
vt 0.410361 0.875000
vt 0.400905 0.843750
s 0
usemtl マテリアル
f 2251/3010/1556 2255/3011/1556 2253/3012/1556
f 2251/3013/1557 2253/3014/1557 2247/3015/1557
f 2247/3016/1558 2252/3017/1558 2251/3018/1558
f 2248/3019/1559 2226/3020/1559 2256/3021/1559 2252/3022/1559 2247/3023/1559
f 2256/3024/1560 2226/3025/1560 2225/3020/1560 2262/3026/1560
f 2262/3027/1561 2225/3025/1561 2241/3028/1561
f 2250/3029/1562 2254/3030/1562 2253/3031/1562 2255/3032/1562 2249/3033/1562
f 2250/3034/1563 2264/3035/1563 2257/3036/1563 2254/3037/1563
f 2257/3038/1564 2264/3039/1564 2258/3040/1564
f 2225/3025/1565 2261/3020/1565 2260/3041/1565 2241/3042/1565
f 2260/3043/1566 2261/3025/1566 2265/3044/1566 2259/3045/1566
f 2225/3025/1567 2226/3020/1567 2248/3046/1567 2266/3047/1567
f 2261/3020/1568 2225/3048/1568 2266/3049/1568
f 2264/3050/1569 2265/3051/1569 2261/3052/1569 2258/3053/1569
s 1
f 2233/3054/1570 2228/3055/1571 2230/3056/1572 2231/3057/1572
f 2237/3058/1573 2228/3059/1571 2233/3054/1570 2263/3060/1574
f 2236/3061/1575 2234/3062/1576 2243/3063/1577 2242/3064/1578
f 2234/3065/1576 2237/3066/1573 2263/3060/1574 2243/3067/1577
f 2227/3068/1579 2235/3069/1579 2239/3070/1579 2240/3071/1579 2246/3072/1579 2244/3073/1579 2232/3074/1579 2229/3075/1579
f 2245/3076/1580 2238/3077/1580 2236/3078/1575 2242/3064/1578
o 立方体.002_cell.063
v -0.034473 -0.261211 -0.002745
v -0.027773 -0.254565 -0.026803
v -0.025650 -0.263524 -0.024694
v -0.035074 -0.263524 -0.034131
v -0.035103 -0.256822 -0.034148
v -0.048718 -0.263524 -0.032908
v -0.042312 -0.256211 -0.013902
v -0.027392 -0.253470 -0.018703
v -0.045595 -0.263524 -0.016145
v -0.043856 -0.256881 -0.018872
v -0.046921 -0.258693 -0.032037
v -0.027228 -0.263524 -0.007755
v -0.030952 -0.253417 -0.008830
v -0.036887 -0.254623 -0.007730
v -0.030952 -0.253417 -0.008830
v -0.027392 -0.253470 -0.018703
v -0.027773 -0.254565 -0.026803
v -0.035103 -0.256822 -0.034148
v -0.035074 -0.263524 -0.034131
v -0.025650 -0.263524 -0.024694
v -0.042312 -0.256211 -0.013902
v -0.043856 -0.256881 -0.018872
v -0.048718 -0.263524 -0.032908
v -0.048718 -0.263524 -0.032908
v -0.048718 -0.263524 -0.032908
v -0.045595 -0.263524 -0.016145
v -0.046921 -0.258693 -0.032037
v -0.027228 -0.263524 -0.007755
v -0.036887 -0.254623 -0.007730
v -0.034473 -0.261211 -0.002745
vn 0.7076 0.0014 -0.7066
vn -0.0893 -0.0029 -0.9960
vn 0.9678 0.2161 0.1288
vn -0.9295 0.3192 0.1848
vn 0.4078 0.4403 0.7999
vn -0.7690 0.1697 0.6163
vn -0.2104 0.9754 -0.0661
vn -0.2049 0.9758 -0.0765
vn -0.2031 0.9759 -0.0799
vn -0.0198 -0.9989 0.0434
vn -0.2010 0.9331 -0.2981
vn -0.2020 0.9483 -0.2449
vn -0.2023 0.9668 -0.1559
vt 0.549869 0.000000
vt 0.624295 0.000000
vt 1.000000 0.347637
vt 1.000000 0.446278
vt 0.496595 0.000000
vt 1.000000 0.375705
vt 1.000000 0.450131
vt 0.251535 0.000000
vt 0.460749 0.000000
vt 1.000000 0.392678
vt 1.000000 0.538054
vt 0.684451 0.313544
vt 0.431264 0.431264
vt 1.000000 0.000000
vt 1.000000 0.132949
vt 0.966369 0.157786
vt 0.530968 0.472563
vt 0.304444 0.304444
vt 0.305446 0.000000
vt 0.535574 0.000000
vt 0.554898 0.554898
vt 1.000000 1.000000
vt 0.000000 0.000000
vt 0.534417 0.199087
vt 1.000000 0.724697
vt 0.421796 0.156250
vt 0.424953 0.187500
vt 0.395383 0.187500
vt 0.400994 0.173576
vt 0.194558 0.607866
vt 0.181538 0.620135
vt 0.149869 0.585037
vt 0.127249 0.533890
vt 0.164742 0.541628
vt 0.201019 0.578009
vt 0.414781 0.247001
vt 0.395876 0.247636
vt 0.378740 0.220892
vt 0.380205 0.218750
vt 0.423953 0.218750
vt 0.395383 0.187500
s 0
usemtl マテリアル
f 2285/3079/1581 2284/3080/1581 2283/3081/1581 2286/3082/1581
f 2289/3083/1582 2284/3084/1582 2285/3085/1582
f 2281/3086/1583 2294/3087/1583 2286/3088/1583 2283/3089/1583 2282/3090/1583
f 2290/3091/1584 2292/3092/1584 2287/3093/1584 2288/3094/1584 2293/3095/1584
f 2281/3096/1585 2295/3097/1585 2296/3098/1585 2294/3099/1585
f 2292/3100/1586 2296/3101/1586 2295/3102/1586 2287/3103/1586
s 1
f 2280/3104/1587 2279/3105/1588 2276/3106/1589 2273/3107/1587
f 2278/3108/1590 2267/3109/1590 2275/3110/1590 2272/3111/1590 2270/3112/1590 2269/3113/1590
f 2268/3114/1591 2271/3115/1591 2291/3116/1591 2277/3117/1592 2274/3118/1593
f 2279/3105/1588 2274/3118/1593 2277/3117/1592 2276/3119/1589
o 立方体.002_cell.064
v 0.010958 -0.092794 0.016050
v 0.007238 -0.094751 0.020478
v 0.006638 -0.098711 0.017208
v 0.011071 -0.073112 0.032960
v 0.014734 -0.076284 0.034240
v 0.025055 -0.079817 0.025055
v 0.020338 -0.078461 0.029795
v 0.022540 -0.085927 0.019570
v 0.016346 -0.088691 0.016346
v 0.014734 -0.076284 0.034240
v 0.020338 -0.078461 0.029795
v 0.011071 -0.073112 0.032960
v 0.006638 -0.098711 0.017208
v 0.016346 -0.088691 0.016346
v 0.010958 -0.092794 0.016050
vn 0.5533 0.7686 0.3211
vn 0.3760 -0.4348 -0.8183
vn 0.1120 0.6378 -0.7620
vn 0.9382 -0.1164 -0.3259
vn -0.4407 0.6496 -0.6195
vn -0.9671 0.1488 0.2063
vn -0.9568 0.2150 0.1956
vn 0.8342 0.2907 -0.4687
vn -0.4177 0.7786 -0.4683
vn -0.8755 -0.4151 0.2473
vn 0.5801 -0.7220 0.3770
vn -0.1453 -0.5515 0.8214
vt 0.790998 0.746823
vt 0.902265 0.724551
vt 0.762240 0.762240
vt 0.794393 0.690585
vt 1.000000 0.525669
vt 0.922741 0.642753
vt 0.638746 0.736254
vt 0.638746 0.727261
vt 0.638746 0.725966
vt 0.666559 0.736254
vt 0.666559 0.736254
vt 0.694373 0.736254
vt 0.694373 0.736254
vt 0.638746 0.736254
vt 0.694373 0.713439
vt 0.689450 0.713364
vt 0.554500 0.781250
vt 0.543022 0.781250
vt 0.547391 0.750000
vt 0.553729 0.750000
vt 0.555739 0.812500
vt 0.555739 0.812500
vt 0.556299 0.825627
vt 0.545231 0.822893
vt 0.542924 0.812500
s 0
usemtl マテリアル
f 2306/3120/1594 2303/3121/1594 2300/3122/1594
f 2305/3123/1595 2299/3124/1595 2311/3125/1595
s 1
f 2310/3126/1596 2302/3127/1596 2304/3128/1596
f 2307/3129/1597 2297/3130/1598 2298/3131/1599 2308/3132/1600
f 2297/3130/1598 2307/3130/1597 2302/3126/1601 2310/3133/1602
f 2309/3134/1603 2298/3131/1599 2297/3135/1598
f 2307/3136/1597 2309/3137/1603 2310/3138/1604 2302/3139/1601
f 2309/3137/1603 2307/3136/1597 2301/3140/1605
f 2301/3141/1605 2308/3142/1600 2298/3143/1599 2309/3144/1603
o 立方体.002_cell.065
v 0.053795 -0.263524 -0.023149
v 0.049245 -0.263524 -0.033623
v 0.031579 -0.256866 -0.037146
v 0.030260 -0.263524 -0.036187
v 0.041218 -0.263524 -0.043927
v 0.050179 -0.257678 -0.010515
v 0.042468 -0.255796 -0.003621
v 0.044728 -0.263524 -0.003296
v 0.056117 -0.259315 -0.015763
v 0.033447 -0.263524 -0.000617
v 0.031201 -0.263524 -0.005554
v 0.033086 -0.253636 -0.001496
v 0.026433 -0.263524 -0.016470
v 0.024104 -0.263524 -0.031317
v 0.027159 -0.255671 -0.033633
v 0.028989 -0.253543 -0.015843
v 0.024556 -0.263524 -0.023007
v 0.027860 -0.254715 -0.027860
v 0.029515 -0.253177 -0.009857
v 0.041218 -0.263524 -0.043927
v 0.030260 -0.263524 -0.036187
v 0.050179 -0.257678 -0.010515
v 0.056117 -0.259315 -0.015763
v 0.042468 -0.255796 -0.003621
v 0.033447 -0.263524 -0.000617
v 0.031201 -0.263524 -0.005554
v 0.031579 -0.256866 -0.037146
v 0.044728 -0.263524 -0.003296
v 0.026433 -0.263524 -0.016470
v 0.027159 -0.255671 -0.033633
v 0.033086 -0.253636 -0.001496
v 0.024104 -0.263524 -0.031317
v 0.024556 -0.263524 -0.023007
v 0.027860 -0.254715 -0.027860
v 0.028989 -0.253543 -0.015843
v 0.029515 -0.253177 -0.009857
vn -0.5769 -0.0033 -0.8168
vn 0.6793 0.2280 0.6975
vn 0.2353 0.1011 0.9667
vn -0.9102 0.0036 0.4141
vn -0.9163 0.0104 0.4003
vn -0.6204 0.0100 -0.7842
vn -0.9257 0.3749 0.0504
vn -0.9561 0.2338 0.1766
vn -0.9190 0.0220 0.3938
vn 0.9350 -0.1634 -0.3148
vn 0.4821 0.8760 -0.0099
vn 0.3725 0.9174 -0.1400
vn 0.2582 0.9350 -0.2432
vn 0.8407 0.0441 -0.5397
vn 0.9215 -0.1581 -0.3547
vn 0.2076 0.9605 -0.1853
vn 0.2043 0.9491 -0.2398
vn 0.6623 0.0188 -0.7490
vn 0.2134 0.9764 -0.0332
vn 0.0467 -0.9987 0.0213
vt 0.671901 0.065092
vt 0.606911 0.000000
vt 0.688025 0.000000
vt 0.774615 0.319605
vt 0.530523 0.181334
vt 0.214021 0.000000
vt 0.319930 0.000000
vt 0.214021 0.214021
vt 1.000000 0.011842
vt 1.000000 0.174112
vt 0.319930 0.319930
vt 0.010260 0.000000
vt 0.173567 0.000000
vt 0.172455 0.172455
vt 0.030731 0.000000
vt 0.560420 0.000000
vt 0.173567 0.173567
vt 0.396822 0.000000
vt 1.000000 0.311975
vt 1.000000 0.393089
vt 0.202769 0.000000
vt 0.202769 0.202769
vt 0.297670 0.000000
vt 0.609462 0.086438
vt 0.489586 0.272695
vt 0.396822 0.396822
vt 0.659721 0.659721
vt 0.297670 0.297670
vt 0.412953 0.000000
vt 0.933634 0.000000
vt 1.000000 0.439580
vt 1.000000 0.969269
vt 0.066366 0.000000
vt 0.375000 0.494540
vt 0.395506 0.486405
vt 0.405521 0.482209
vt 0.413526 0.500000
vt 0.425261 0.562500
vt 0.375000 0.562500
vt 0.375000 0.531250
vt 0.425714 0.593750
vt 0.388706 0.593750
vt 0.375000 0.583215
vt 0.421410 0.622153
vt 0.404473 0.612110
vt 0.342505 0.617092
vt 0.316769 0.623582
vt 0.313195 0.612533
vt 0.304256 0.579083
vt 0.304998 0.573048
vt 0.306627 0.553966
vt 0.323628 0.539515
vt 0.375000 0.500000
vt 0.375000 0.562500
vt 0.375000 0.586169
vt 0.421077 0.531250
vt 0.413526 0.500000
s 0
usemtl マテリアル
f 2331/3145/1606 2332/3146/1606 2338/3147/1606
f 2334/3148/1607 2333/3149/1607 2335/3150/1607 2339/3151/1607
f 2335/3152/1608 2342/3153/1608 2336/3154/1608 2339/3155/1608
f 2342/3156/1609 2337/3157/1609 2336/3158/1609
f 2342/3159/1610 2340/3160/1610 2337/3161/1610
f 2341/3162/1611 2338/3163/1611 2332/3164/1611 2343/3165/1611
f 2343/3166/1612 2344/3167/1612 2346/3168/1612 2345/3169/1612 2341/3170/1612
f 2346/3171/1613 2344/3172/1613 2340/3173/1613 2347/3174/1613
f 2340/3175/1614 2342/3176/1614 2347/3177/1614
s 1
f 2316/3178/1615 2314/3179/1616 2326/3180/1616 2329/3181/1617
f 2327/3182/1618 2312/3183/1619 2313/3184/1620
f 2312/3183/1619 2327/3182/1618 2330/3185/1621 2317/3186/1622 2320/3187/1623
f 2323/3188/1624 2318/3189/1624 2317/3186/1622 2330/3185/1621
f 2319/3190/1625 2321/3191/1625 2322/3192/1625 2324/3193/1625 2328/3194/1625 2325/3195/1625 2315/3196/1625 2316/3197/1615 2313/3184/1620 2312/3198/1619 2320/3199/1623
f 2327/3200/1618 2313/3184/1620 2316/3197/1615 2329/3201/1617
o 立方体.002_cell.066
v 0.001500 -0.246652 -0.001528
v 0.001630 -0.257237 -0.001636
v 0.010472 -0.249365 -0.010472
v 0.013158 -0.249365 -0.005662
v 0.002374 -0.263524 -0.016445
v 0.003598 -0.263524 -0.030818
v 0.002100 -0.263524 -0.010390
v 0.026756 -0.252469 -0.008184
v 0.009113 -0.243116 -0.010201
v 0.005429 -0.245592 -0.012616
v 0.014207 -0.263524 -0.030881
v 0.007109 -0.253943 -0.033927
v 0.014425 -0.254351 -0.033522
v 0.024587 -0.255200 -0.032833
v 0.021084 -0.263524 -0.030581
v 0.015863 -0.263524 -0.017513
v 0.021686 -0.263524 -0.024124
v 0.027031 -0.253179 -0.016289
v 0.025752 -0.254066 -0.025752
v 0.002374 -0.263524 -0.016445
v 0.003598 -0.263524 -0.030818
v 0.002100 -0.263524 -0.010390
v 0.014207 -0.263524 -0.030881
v 0.021084 -0.263524 -0.030581
v 0.015863 -0.263524 -0.017513
v 0.024587 -0.255200 -0.032833
v 0.025752 -0.254066 -0.025752
v 0.021686 -0.263524 -0.024124
v 0.005429 -0.245592 -0.012616
v 0.007109 -0.253943 -0.033927
v 0.026756 -0.252469 -0.008184
v 0.013158 -0.249365 -0.005662
v 0.009113 -0.243116 -0.010201
v 0.014425 -0.254351 -0.033522
v 0.027031 -0.253179 -0.016289
vn -0.9550 0.2310 -0.1861
vn -0.9989 -0.0118 -0.0452
vn 0.2731 0.0899 0.9578
vn -0.5096 0.8547 -0.0988
vn -0.0057 -0.3068 -0.9518
vn 0.0406 -0.2773 -0.9599
vn 0.4582 -0.7920 0.4035
vn 0.2939 -0.7688 0.5679
vn 0.8624 -0.5009 0.0731
vn 0.9100 -0.4059 -0.0849
vn 0.3790 0.6918 0.6147
vn -0.0000 -1.0000 -0.0000
vn 0.0718 0.9306 -0.3590
vn 0.4157 0.7272 -0.5463
vn 0.2217 0.9467 -0.2338
vn 0.2382 0.9578 -0.1610
vn 0.5102 0.7783 -0.3659
vn 0.1415 0.9771 -0.1591
vn 0.1898 0.9761 -0.1062
vn 0.4582 0.8559 -0.2397
vn 0.1987 0.9758 -0.0908
vn 0.6332 0.1703 -0.7550
vt 0.188002 0.000000
vt 0.551318 0.000000
vt 1.000000 0.413804
vt 1.000000 1.000000
vt 0.683813 0.614126
vt 0.413804 0.413804
vt 0.654519 0.000000
vt 1.000000 0.000000
vt 1.000000 0.551023
vt 0.000000 0.000000
vt 0.949890 0.000000
vt 1.000000 0.640471
vt 0.770456 0.770456
vt 0.300308 0.300308
vt 1.000000 0.448682
vt 0.756346 0.756346
vt 0.621212 0.000000
vt 0.837098 0.000000
vt 1.000000 0.300308
vt 1.000000 0.756346
vt 0.848373 0.459362
vt 0.357130 0.000000
vt 1.000000 0.020485
vt 1.000000 0.487005
vt 0.050110 0.000000
vt 1.000000 0.345481
vt 0.487005 0.487005
vt 0.969332 0.969332
vt 0.252462 0.000000
vt 0.668261 0.000000
vt 0.162902 0.000000
vt 0.378788 0.000000
vt 0.510653 0.288854
vt 0.668261 0.668261
vt 0.252462 0.252462
vt 1.000000 0.770456
vt 0.655196 0.629505
vt 0.254987 0.593136
vt 0.258044 0.563159
vt 0.282067 0.559980
vt 0.298982 0.557150
vt 0.298231 0.577301
vt 0.283720 0.588036
vt 0.254244 0.604941
vt 0.419996 0.406250
vt 0.458333 0.437500
vt 0.416575 0.437500
vt 0.411413 0.468750
vt 0.458333 0.500000
vt 0.418957 0.500000
vt 0.425310 0.531250
vt 0.458333 0.531250
vt 0.458333 0.562500
vt 0.428887 0.562500
vt 0.458333 0.468750
vt 0.416575 0.437500
vt 0.425310 0.531250
vt 0.468425 0.500000
vt 0.467255 0.468750
vt 0.466610 0.531250
s 0
usemtl マテリアル
f 2377/3202/1626 2368/3203/1626 2367/3204/1626 2348/3205/1626 2376/3206/1626
f 2348/3205/1627 2367/3207/1627 2369/3208/1627 2349/3209/1627
f 2379/3210/1628 2348/3205/1628 2349/3211/1628 2378/3212/1628
f 2376/3213/1629 2348/3205/1629 2380/3214/1629
f 2370/3215/1630 2368/3216/1630 2377/3217/1630
f 2373/3218/1631 2371/3219/1631 2370/3220/1631 2377/3221/1631 2381/3222/1631
f 2375/3223/1632 2378/3224/1632 2372/3225/1632
f 2378/3226/1633 2349/3209/1633 2369/3227/1633 2372/3228/1633
f 2378/3229/1634 2375/3230/1634 2382/3231/1634
f 2371/3232/1635 2373/3233/1635 2374/3234/1635 2382/3235/1635 2375/3236/1635
f 2380/3237/1636 2348/3205/1636 2379/3238/1636
s 1
f 2352/3239/1637 2353/3240/1637 2358/3241/1637 2362/3242/1637 2364/3243/1637 2363/3244/1637 2354/3245/1637
f 2359/3246/1638 2357/3247/1639 2360/3248/1640
f 2361/3249/1641 2350/3250/1642 2366/3251/1643
f 2365/3252/1644 2350/3253/1642 2351/3254/1645 2355/3255/1646
f 2357/3247/1639 2350/3256/1642 2361/3249/1641 2360/3257/1640
f 2366/3251/1643 2350/3253/1642 2365/3258/1644
f 2356/3259/1647 2350/3256/1642 2357/3260/1639
f 2351/3254/1645 2350/3253/1642 2356/3261/1647
o 立方体.002_cell.067
v -0.012007 -0.263524 -0.057297
v -0.007581 -0.263524 -0.029900
v -0.002515 -0.254679 -0.037617
v -0.023259 -0.253657 -0.025233
v -0.020236 -0.263524 -0.022198
v -0.013412 -0.253775 -0.031168
v -0.007277 -0.254126 -0.034727
v -0.033621 -0.256819 -0.035454
v -0.033675 -0.263524 -0.037676
v -0.023074 -0.263524 -0.050144
v -0.029352 -0.257641 -0.042989
v -0.006660 -0.263524 -0.047406
v -0.005826 -0.256541 -0.045569
v -0.002522 -0.263524 -0.038017
v -0.022041 -0.258684 -0.051220
v -0.017874 -0.259315 -0.055453
v -0.007581 -0.263524 -0.029900
v -0.002522 -0.263524 -0.038017
v -0.020236 -0.263524 -0.022198
v -0.013412 -0.253775 -0.031168
v -0.007277 -0.254126 -0.034727
v -0.023259 -0.253657 -0.025233
v -0.033621 -0.256819 -0.035454
v -0.002515 -0.254679 -0.037617
v -0.033675 -0.263524 -0.037676
v -0.023074 -0.263524 -0.050144
v -0.006660 -0.263524 -0.047406
v -0.022041 -0.258684 -0.051220
v -0.017874 -0.259315 -0.055453
v -0.029352 -0.257641 -0.042989
v -0.005826 -0.256541 -0.045569
v -0.012007 -0.263524 -0.057297
vn 0.8484 -0.0246 0.5288
vn 0.4836 0.3875 0.7848
vn -0.7243 -0.0962 0.6827
vn -0.7871 0.0392 -0.6156
vn 0.9185 0.0070 -0.3953
vn 0.8795 0.0200 -0.4754
vn -0.7129 -0.0037 -0.7012
vn -0.1237 0.9765 -0.1767
vn -0.1011 0.9767 -0.1892
vn -0.1022 0.9767 -0.1886
vn 0.0567 -0.4653 -0.8833
vn -0.0544 0.9559 -0.2885
vn -0.3346 0.9093 -0.2473
vn 0.0087 0.9694 -0.2453
vn 0.0488 0.9631 -0.2648
vn 0.2864 0.4225 -0.8599
vn -0.0241 -0.9990 -0.0373
vt 1.000000 0.431817
vt 0.428475 0.000000
vt 1.000000 0.235829
vt 1.000000 0.615817
vt 0.431817 0.431817
vt 0.235829 0.235829
vt 0.288908 0.251190
vt 0.559511 0.333792
vt 1.000000 0.474753
vt 0.615817 0.615817
vt 0.474753 0.474753
vt 0.391549 0.000000
vt 0.463731 0.000000
vt 0.446391 0.000000
vt 0.497702 0.000000
vt 0.497870 0.497870
vt 0.434872 0.434872
vt 0.438505 0.236835
vt 1.000000 0.170295
vt 1.000000 0.288526
vt 0.709359 0.000000
vt 0.808731 0.000000
vt 0.596490 0.178854
vt 0.808731 0.808731
vt 0.709359 0.709359
vt 0.901109 0.452075
vt 0.747472 0.249509
vt 1.000000 0.502298
vt 0.395903 0.254527
vt 0.422932 0.281250
vt 0.389015 0.281250
vt 0.375000 0.343750
vt 0.418455 0.343750
vt 0.409842 0.362735
vt 0.398231 0.355810
vt 0.421402 0.312500
vt 0.382393 0.304163
vt 0.389015 0.281250
vt 0.421402 0.312500
vt 0.375000 0.327296
vt 0.380281 0.312500
vt 0.189578 0.509489
vt 0.202384 0.500000
vt 0.220933 0.500000
vt 0.233680 0.524794
vt 0.247212 0.556305
vt 0.233067 0.564039
vt 0.205390 0.576533
vt 0.166432 0.533430
s 0
usemtl マテリアル
f 2399/3262/1648 2400/3263/1648 2406/3264/1648
f 2401/3265/1649 2399/3266/1649 2406/3267/1649 2403/3268/1649 2402/3269/1649 2404/3270/1649
f 2401/3271/1650 2404/3272/1650 2405/3273/1650 2407/3274/1650
f 2410/3275/1651 2408/3276/1651 2407/3277/1651 2405/3278/1651 2412/3279/1651
f 2406/3280/1652 2400/3281/1652 2409/3282/1652 2413/3283/1652
f 2414/3284/1653 2413/3285/1653 2409/3286/1653
f 2410/3287/1654 2411/3288/1654 2408/3289/1654
s 1
f 2390/3290/1655 2386/3291/1656 2393/3292/1657
f 2383/3293/1658 2389/3294/1659 2385/3295/1660 2395/3296/1660
f 2386/3291/1656 2388/3297/1661 2397/3298/1662 2393/3299/1657
f 2388/3300/1661 2389/3294/1659 2383/3293/1658 2398/3301/1663 2397/3302/1662
f 2392/3303/1664 2398/3304/1663 2383/3305/1658 2394/3306/1664 2396/3307/1664 2384/3308/1664 2387/3309/1664 2391/3310/1664
o 立方体.002_cell.068
v 0.009135 -0.121530 0.007184
v 0.012374 -0.117440 0.008444
v 0.013927 -0.110017 0.006986
v 0.014776 -0.104130 0.006692
v 0.006857 -0.098358 0.005491
v 0.010139 -0.097800 0.001241
v 0.012374 -0.117440 0.008444
v 0.013927 -0.110017 0.006986
v 0.009135 -0.121530 0.007184
vn 0.5349 -0.2366 -0.8111
vn 0.6731 -0.1334 -0.7274
vn -0.1036 0.0645 0.9925
vn -0.7778 -0.1215 -0.6166
vn 0.4745 0.7477 0.4646
vn -0.6293 0.2745 0.7271
vn -0.1077 0.0619 0.9923
vt 0.000000 0.000000
vt 1.000000 0.000000
vt 1.000000 0.440863
vt 0.557760 0.334132
vt 0.869459 0.000000
vt 0.440863 0.440863
vt 1.000000 0.290105
vt 0.615579 0.330473
vt 0.078886 0.000000
vt 1.000000 1.000000
vt 0.430875 0.283148
vt 0.545524 0.000000
vt 1.000000 0.130541
vt 0.929615 0.927811
vt 0.525469 0.734105
vt 0.529176 0.718750
vt 0.536716 0.738932
vt 1.000000 0.239980
vt 0.547179 0.547179
vt 0.335366 0.000000
s 0
usemtl マテリアル
f 2423/3311/1665 2420/3312/1665 2422/3313/1665 2421/3314/1665
f 2420/3311/1666 2418/3315/1666 2422/3316/1666
f 2419/3317/1667 2422/3318/1667 2418/3319/1667
f 2420/3312/1668 2423/3320/1668 2419/3321/1668
f 2419/3322/1669 2418/3323/1669 2420/3324/1669
s 1
f 2415/3325/1670 2416/3326/1670 2417/3327/1670
s 0
f 2423/3328/1671 2422/3329/1671 2419/3330/1671
o 立方体.002_cell.069
v -0.035965 -0.260607 -0.001682
v -0.044099 -0.260891 0.020269
v -0.056899 -0.260844 0.013273
v -0.049656 -0.260879 0.032676
v -0.053795 -0.260860 0.023149
v -0.046300 -0.257816 0.023680
v -0.048344 -0.257528 -0.014140
v -0.058409 -0.260801 -0.000000
v -0.057297 -0.260767 -0.012007
v -0.042713 -0.256329 0.014367
v -0.037658 -0.254635 -0.000000
v -0.040683 -0.255496 0.008525
v -0.040080 -0.255357 -0.008399
v -0.056899 -0.260844 0.013273
v -0.053795 -0.260860 0.023149
v -0.049656 -0.260879 0.032676
v -0.058409 -0.260801 -0.000000
v -0.057297 -0.260767 -0.012007
v -0.042713 -0.256329 0.014367
v -0.040683 -0.255496 0.008525
v -0.037658 -0.254635 -0.000000
v -0.046300 -0.257816 0.023680
v -0.048344 -0.257528 -0.014140
v -0.040080 -0.255357 -0.008399
vn -0.0034 -1.0000 -0.0006
vn 0.8950 0.1962 0.4007
vn 0.1522 -0.9861 -0.0660
vn -0.1687 -0.9828 -0.0752
vn 0.9241 0.1650 0.3446
vn 0.8980 0.2201 0.3810
vn 0.8037 -0.1166 -0.5835
vn -0.3464 0.9330 0.0969
vn -0.3811 0.9093 0.1674
vn -0.3474 0.9325 0.0987
vn -0.2928 0.9562 0.0026
vn -0.3108 0.9497 0.0380
vn -0.3041 0.9522 0.0299
vn -0.2927 0.9562 0.0023
vn -0.3250 0.9441 0.0551
vn -0.2967 0.9549 0.0118
vn -0.2950 0.9555 0.0048
vn -0.3173 0.9430 0.1000
vt 0.911402 0.000000
vt 1.000000 0.000000
vt 1.000000 0.553609
vt 0.953258 0.293196
vt 0.097546 0.000000
vt 0.553609 0.553609
vt 0.000000 0.000000
vt 0.967967 0.091051
vt 0.619892 0.095457
vt 0.072755 0.072755
vt 1.000000 1.000000
vt 1.000000 0.807300
vt 0.435883 0.178411
vt 0.779317 0.554054
vt 1.000000 0.884675
vt 0.807300 0.807300
vt 0.734337 0.000000
vt 0.816892 0.816892
vt 0.772371 0.410726
vt 0.375000 0.062500
vt 0.375000 0.035235
vt 0.394027 0.062500
vt 0.375000 0.125000
vt 0.375000 0.093750
vt 0.406988 0.093750
vt 0.414192 0.125000
vt 0.394027 0.062500
vt 0.400005 0.075339
vt 0.375000 0.156250
vt 0.416221 0.141586
vt 0.408150 0.156250
vt 0.408150 0.156250
vt 0.389962 0.168510
s 0
usemtl マテリアル
f 2437/3331/1672 2425/3332/1672 2439/3333/1672 2438/3334/1672
f 2445/3335/1673 2439/3336/1673 2425/3337/1673
f 2446/3337/1674 2425/3332/1674 2437/3338/1674 2440/3339/1674 2441/3340/1674
f 2446/3337/1675 2424/3332/1675 2425/3341/1675
f 2442/3342/1676 2425/3341/1676 2424/3337/1676 2444/3343/1676 2443/3344/1676
f 2445/3345/1677 2425/3341/1677 2442/3346/1677
f 2444/3347/1678 2424/3332/1678 2446/3348/1678 2447/3349/1678
s 1
f 2428/3350/1679 2427/3351/1680 2429/3352/1681
f 2431/3353/1682 2426/3354/1683 2435/3355/1684 2434/3356/1685
f 2426/3354/1683 2428/3350/1679 2429/3357/1681 2433/3358/1686 2435/3355/1684
f 2432/3359/1687 2431/3353/1682 2434/3360/1685 2436/3361/1688
f 2436/3362/1688 2430/3363/1689 2432/3359/1687
o 立方体.002_cell.070
v -0.022470 -0.071614 0.029073
v -0.026018 -0.071204 0.033360
v -0.027683 -0.061350 0.035619
v -0.010021 -0.062425 0.047839
v -0.005537 -0.064401 0.046612
v -0.001861 -0.065094 0.041261
v 0.002664 -0.069550 0.042584
v 0.009536 -0.072070 0.034343
v 0.008204 -0.073011 0.039171
v 0.006721 -0.083850 0.025312
v -0.005639 -0.091881 0.018898
v -0.002645 -0.097503 0.019244
v -0.020361 -0.078414 0.029828
v -0.009846 -0.091055 0.022881
v -0.027122 -0.064351 0.039730
v -0.018938 -0.063580 0.044010
v 0.005775 -0.092777 0.022674
v 0.001087 -0.094840 0.015985
v 0.004084 -0.097014 0.019514
v 0.009536 -0.072070 0.034343
v 0.006721 -0.083850 0.025312
v -0.026018 -0.071204 0.033360
v -0.020361 -0.078414 0.029828
v -0.027122 -0.064351 0.039730
v -0.027683 -0.061350 0.035619
v -0.022470 -0.071614 0.029073
v -0.005537 -0.064401 0.046612
v -0.010021 -0.062425 0.047839
v -0.001861 -0.065094 0.041261
v 0.008204 -0.073011 0.039171
v -0.002645 -0.097503 0.019244
v 0.004084 -0.097014 0.019514
v 0.001087 -0.094840 0.015985
vn -0.9318 -0.0760 -0.3550
vn 0.4385 0.8790 0.1874
vn 0.9154 -0.3588 0.1827
vn 0.0823 -0.8157 -0.5725
vn 0.9250 0.3380 0.1734
vn -0.8814 -0.1817 -0.4359
vn 0.1088 0.3559 -0.9282
vn -0.3916 -0.8911 0.2292
vn -0.8292 -0.5143 -0.2187
vn -0.8520 0.4201 0.3123
vn 0.8393 -0.5047 0.2023
vn 0.9136 0.2116 -0.3473
vn 0.8869 -0.0758 0.4557
vn -0.9465 0.2855 0.1503
vn 0.3074 0.6420 -0.7024
vn -0.9434 -0.2557 -0.2114
vn -0.0374 -0.6691 0.7422
vn -0.8368 -0.3944 -0.3797
vn -0.9754 0.2116 -0.0611
vn -0.7091 -0.2193 0.6702
vn -0.4387 -0.6487 0.6218
vn -0.7491 -0.2980 -0.5916
vt 1.000000 0.334345
vt 0.595009 0.000000
vt 0.721105 0.000000
vt 1.000000 0.224857
vt 0.389598 0.000000
vt 0.443637 0.000000
vt 0.534762 0.534762
vt 0.760306 0.760306
vt 0.737773 0.737773
vt 0.830017 0.000000
vt 0.754635 0.536254
vt 0.784366 0.601885
vt 0.685274 0.597946
vt 0.842247 0.736254
vt 0.842699 0.736254
vt 0.833441 0.736254
vt 0.777813 0.736254
vt 0.750000 0.736254
vt 0.750000 0.718041
vt 0.777814 0.736254
vt 0.736056 0.715087
vt 0.722186 0.736254
vt 0.750000 0.736254
vt 0.741729 0.736254
vt 0.722186 0.736254
vt 0.805627 0.736254
vt 0.805627 0.736254
vt 0.546593 0.932680
vt 0.544314 0.906250
vt 0.562500 0.906250
vt 0.562500 0.937500
vt 0.713172 0.736254
vt 0.714792 0.736254
vt 0.543666 0.895723
vt 0.543087 0.875000
vt 0.560467 0.875000
vt 0.562509 0.980284
vt 0.558629 0.979365
vt 0.554527 0.968750
vt 0.557601 0.843750
vt 0.543945 0.843750
vt 0.546355 0.837033
vt 0.550461 0.834680
vt 0.563624 0.906250
vt 1.000000 0.278895
vt 1.000000 0.404991
vt 0.887998 0.404244
vt 0.777814 0.736254
vt 0.789394 0.736254
vt 0.557601 0.843750
vt 0.559570 0.865469
s 0
usemtl マテリアル
f 2472/3364/1690 2473/3365/1690 2469/3366/1690 2462/3367/1690
f 2474/3368/1691 2476/3369/1691 2451/3370/1691
f 2467/3371/1692 2456/3372/1692 2468/3373/1692
f 2466/3374/1693 2459/3375/1693 2480/3376/1693
s 1
f 2448/3377/1694 2450/3378/1694 2471/3379/1694 2470/3379/1694
f 2458/3380/1695 2465/3381/1696 2478/3382/1697
f 2465/3381/1696 2458/3380/1695 2475/3383/1698 2453/3381/1699
f 2479/3384/1700 2465/3381/1696 2464/3385/1701
f 2465/3381/1696 2453/3386/1699 2454/3387/1702 2477/3388/1703 2464/3385/1701
f 2463/3389/1704 2461/3390/1704 2470/3379/1704 2471/3379/1704
f 2461/3391/1705 2458/3392/1695 2452/3393/1706 2463/3394/1707
f 2464/3385/1701 2477/3385/1703 2455/3395/1708 2457/3396/1709
f 2452/3393/1706 2458/3392/1695 2478/3397/1697 2479/3398/1700 2453/3399/1699
f 2471/3400/1710 2449/3401/1710 2470/3402/1710
f 2477/3403/1703 2479/3404/1700 2464/3405/1701 2457/3406/1709
f 2463/3394/1707 2452/3393/1706 2475/3407/1698
s 0
f 2469/3408/1711 2473/3409/1711 2460/3410/1711
s 1
f 2461/3389/1705 2463/3389/1707 2475/3411/1698 2458/3412/1695
f 2479/3404/1700 2477/3413/1703 2454/3414/1702 2453/3399/1699
o 立方体.002_cell.071
v 0.002642 -0.112171 -0.007172
v 0.001740 -0.126894 -0.005448
v 0.003660 -0.100670 -0.008430
v 0.004261 -0.107322 -0.015219
v 0.003608 -0.118598 -0.014110
v 0.007796 -0.127579 -0.011424
v 0.013261 -0.099591 -0.012504
v 0.011705 -0.105561 -0.011705
v 0.007904 -0.097816 -0.008887
v 0.004799 -0.101018 -0.015783
v 0.009143 -0.093182 -0.021246
v 0.013127 -0.089866 -0.022521
v 0.010346 -0.094683 -0.013540
v 0.004261 -0.107322 -0.015219
v 0.003608 -0.118598 -0.014110
v 0.004799 -0.101018 -0.015783
v 0.007796 -0.127579 -0.011424
v 0.013261 -0.099591 -0.012504
v 0.013261 -0.099591 -0.012504
v 0.013261 -0.099591 -0.012504
v 0.011705 -0.105561 -0.011705
v 0.007904 -0.097816 -0.008887
v 0.009143 -0.093182 -0.021246
v 0.010346 -0.094683 -0.013540
vn -0.9839 0.0399 -0.1739
vn -0.6436 -0.4787 -0.5972
vn 0.6236 -0.0647 0.7791
vn -0.2710 0.1283 0.9540
vn -0.9853 0.0702 -0.1559
vn -0.9063 0.3915 -0.1589
vn -0.5456 0.8007 0.2474
vn 0.4054 -0.1180 -0.9065
vn 0.3535 -0.1123 -0.9287
vn 0.3877 -0.3539 -0.8511
vn 0.5937 0.4877 0.6400
vn 0.4322 -0.3848 -0.8155
vn 0.3656 -0.6601 -0.6562
vn 0.0326 0.1106 0.9933
vn 0.9664 -0.1777 -0.1855
vn 0.8165 -0.1378 0.5606
vt 0.000000 0.000000
vt 0.218557 0.000000
vt 1.000000 0.775255
vt 1.000000 1.000000
vt 0.775255 0.775255
vt 1.000000 0.924118
vt 0.939543 0.059103
vt 0.930135 0.000000
vt 1.000000 0.020117
vt 0.899816 0.899816
vt 1.000000 0.000000
vt 0.444895 0.229980
vt 1.000000 0.781442
vt 0.418924 0.064151
vt 0.283781 0.283781
vt 0.545903 0.000000
vt 0.852263 0.622509
vt 0.844070 0.844070
vt 0.535733 0.535733
vt 0.521369 0.413451
vt 0.528294 0.413155
vt 0.536872 0.416697
vt 0.541667 0.437500
vt 0.676316 0.533556
vt 0.689020 0.541559
vt 0.678875 0.541559
vt 0.521319 0.437500
vt 0.541667 0.468750
vt 0.546237 0.468750
vt 0.196257 0.000000
vt 0.679590 0.024667
vt 0.535733 0.000000
vt 0.844070 0.000000
vt 0.964386 0.066345
vt 0.521463 0.468750
vt 0.538211 0.500000
s 0
usemtl マテリアル
f 2481/3415/1712 2494/3416/1712 2495/3417/1712 2482/3418/1712
f 2482/3418/1713 2495/3419/1713 2497/3420/1713
f 2501/3421/1714 2498/3422/1714 2502/3423/1714 2482/3418/1714 2497/3424/1714
f 2483/3415/1715 2481/3425/1715 2482/3418/1715
f 2483/3415/1716 2496/3426/1716 2494/3427/1716 2481/3418/1716
f 2483/3415/1717 2503/3428/1717 2496/3429/1717
f 2503/3430/1718 2483/3425/1718 2502/3431/1718 2504/3432/1718 2492/3433/1718
s 1
f 2486/3434/1719 2485/3435/1720 2484/3436/1720 2490/3437/1721
f 2493/3438/1722 2489/3439/1722 2500/3440/1722
f 2486/3441/1719 2490/3437/1721 2499/3442/1723
f 2491/3443/1724 2499/3442/1723 2490/3437/1721
s 0
f 2502/3444/1725 2483/3425/1725 2482/3418/1725
f 2503/3445/1726 2492/3446/1726 2504/3447/1726 2487/3448/1726
s 1
f 2486/3449/1719 2499/3442/1723 2488/3450/1727
o 立方体.002_cell.072
v 0.000539 -0.257236 0.001847
v 0.005359 -0.258725 0.005473
v 0.000494 -0.245688 0.001635
v 0.016723 -0.258699 0.014736
v 0.010472 -0.249365 0.010472
v 0.002937 -0.249365 0.014015
v -0.000000 -0.243614 0.013393
v -0.003228 -0.249685 0.015405
v -0.003327 -0.251141 0.021852
v 0.004380 -0.252209 0.026494
v 0.010252 -0.251977 0.023825
v 0.014780 -0.251933 0.021647
v 0.020949 -0.252258 0.018341
v 0.005228 -0.242349 0.012149
v 0.010252 -0.251977 0.023825
v 0.014780 -0.251933 0.021647
v -0.003228 -0.249685 0.015405
v -0.000000 -0.243614 0.013393
v -0.003327 -0.251141 0.021852
v 0.004380 -0.252209 0.026494
v 0.020949 -0.252258 0.018341
v 0.010472 -0.249365 0.010472
v 0.005228 -0.242349 0.012149
vn -0.8924 0.4366 -0.1145
vn -0.9717 -0.1045 -0.2118
vn -0.4175 -0.8886 0.1901
vn -0.2518 -0.9276 0.2758
vn 0.3448 -0.6205 0.7044
vn 0.3435 0.8394 -0.4212
vn 0.6468 0.0870 -0.7577
vn 0.6318 0.0076 -0.7751
vn 0.5987 -0.0123 -0.8009
vn 0.2397 0.8416 0.4840
vn 0.1133 0.9768 0.1817
vn 0.1421 0.9753 0.1693
vn 0.1938 0.7053 0.6819
vn 0.0348 0.9753 0.2180
vn 0.0753 0.9764 0.2026
vn 0.0854 0.8217 0.5634
vn 0.0007 0.9752 0.2215
vn 0.3087 0.1490 0.9394
vn 0.1911 0.2016 0.9607
vt 1.000000 0.000000
vt 1.000000 0.423577
vt 0.740386 0.000000
vt 0.423577 0.423577
vt 0.000000 0.000000
vt 1.000000 0.650873
vt 0.576638 0.576638
vt 0.593569 0.593569
vt 1.000000 0.539282
vt 0.539282 0.539282
vt 0.493008 0.057239
vt 0.521267 0.207318
vt 0.534939 0.353471
vt 0.611666 0.000000
vt 0.998527 0.258879
vt 0.746908 0.103243
vt 0.526546 0.000000
vt 1.000000 1.000000
vt 0.779868 0.487195
vt 0.458333 0.781250
vt 0.436825 0.781250
vt 0.435579 0.750000
vt 0.458333 0.843750
vt 0.435185 0.843750
vt 0.436460 0.812500
vt 0.458333 0.812500
vt 0.436825 0.781250
vt 0.458333 0.875000
vt 0.438753 0.875000
vt 0.470140 0.812500
vt 0.472260 0.843750
vt 0.468011 0.875000
s 0
usemtl マテリアル
f 2507/3451/1728 2521/3452/1728 2522/3453/1728
f 2521/3454/1729 2507/3455/1729 2505/3451/1729 2523/3456/1729
f 2506/3451/1730 2523/3457/1730 2505/3455/1730
f 2523/3458/1731 2506/3455/1731 2508/3451/1731 2524/3459/1731
f 2524/3460/1732 2508/3455/1732 2525/3461/1732 2520/3462/1732 2519/3463/1732
f 2526/3464/1733 2507/3451/1733 2522/3465/1733 2527/3466/1733
f 2525/3467/1734 2508/3451/1734 2507/3468/1734 2526/3469/1734
f 2507/3468/1735 2508/3455/1735 2506/3451/1735
f 2506/3455/1736 2505/3451/1736 2507/3468/1736
s 1
f 2509/3470/1737 2516/3471/1738 2517/3472/1739
f 2510/3473/1740 2514/3474/1741 2515/3475/1742
f 2509/3470/1737 2510/3476/1740 2515/3475/1742 2516/3477/1738
f 2510/3473/1740 2512/3478/1743 2513/3479/1744 2514/3474/1741
f 2510/3476/1740 2518/3480/1745 2511/3481/1746
f 2510/3476/1740 2509/3470/1737 2518/3480/1745
f 2510/3473/1740 2511/3482/1746 2512/3478/1743
o 立方体.002_cell.073
v 0.097138 0.027420 0.066137
v 0.100684 0.023675 0.070903
v 0.102594 0.022245 0.044148
v 0.106719 0.017965 0.045923
v 0.110657 0.014364 0.023406
v 0.092677 0.031254 0.093323
v 0.088494 0.035634 0.089145
v 0.092290 -0.004001 0.030824
v 0.089694 0.001122 0.029213
v 0.106599 0.018385 0.022261
v 0.078686 -0.010089 0.033860
v 0.081765 -0.014484 0.035185
v 0.070051 -0.018099 0.037287
v 0.075180 0.022639 0.096609
v 0.074284 0.028279 0.092090
v 0.062484 -0.015111 0.066203
v 0.061292 -0.011643 0.061292
v 0.066672 -0.018737 0.056428
v 0.067414 -0.016616 0.045966
v 0.072578 -0.022623 0.039215
v 0.070057 -0.021278 0.047830
v 0.097138 0.027420 0.066137
v 0.102594 0.022245 0.044148
v 0.106719 0.017965 0.045923
v 0.110657 0.014364 0.023406
v 0.092290 -0.004001 0.030824
v 0.089694 0.001122 0.029213
v 0.106599 0.018385 0.022261
v 0.078686 -0.010089 0.033860
v 0.081765 -0.014484 0.035185
v 0.061292 -0.011643 0.061292
v 0.067414 -0.016616 0.045966
v 0.070051 -0.018099 0.037287
v 0.066672 -0.018737 0.056428
v 0.070057 -0.021278 0.047830
v 0.072578 -0.022623 0.039215
v 0.088494 0.035634 0.089145
v 0.100684 0.023675 0.070903
v 0.092677 0.031254 0.093323
v 0.075180 0.022639 0.096609
v 0.074284 0.028279 0.092090
v 0.062484 -0.015111 0.066203
vn 0.7141 0.7000 0.0116
vn 0.7142 0.6997 0.0185
vn -0.1501 0.6036 0.7830
vn -0.0560 -0.3252 -0.9440
vn -0.0584 -0.3470 -0.9360
vn -0.9525 0.0845 0.2925
vn -0.8346 -0.5256 -0.1648
vn -0.8014 -0.5806 -0.1439
vn 0.7330 -0.6400 0.2306
vn 0.7153 -0.6408 0.2786
vn 0.7078 -0.6407 0.2976
vn -0.7150 0.6269 -0.3094
vn -0.7226 0.6269 -0.2913
vn -0.7404 0.6257 -0.2455
vn 0.6450 -0.6494 0.4027
vn 0.6686 -0.6467 0.3671
vn 0.7018 -0.6404 0.3121
vn -0.4568 0.6318 -0.6263
vn -0.5537 0.6359 -0.5376
vn -0.6099 0.6329 -0.4769
vn 0.5393 -0.6550 0.5293
vn 0.5896 -0.6531 0.4752
vn 0.6094 -0.6512 0.4523
vn -0.6786 0.6304 -0.3770
vn -0.6589 0.6314 -0.4089
vn -0.7091 0.6268 -0.3230
vn 0.4365 -0.6488 0.6233
vt 0.603551 0.000384
vt 0.794903 0.162177
vt 1.000000 0.327656
vt 0.982082 0.340179
vt 0.768544 0.166022
vt 0.574024 0.000000
vt 0.986274 0.194634
vt 0.353674 0.353674
vt 0.329642 0.327203
vt 1.000000 0.155373
vt 0.237550 0.000000
vt 0.190599 0.190599
vt 0.155373 0.155373
vt 0.195665 0.000000
vt 1.000000 0.396859
vt 1.000000 0.425976
vt 0.425529 0.000000
vt 0.462975 0.000000
vt 1.000000 0.050243
vt 0.784662 0.212359
vt 0.462975 0.462975
vt 0.425529 0.425529
vt 0.731919 0.188846
vt 1.000000 0.000000
vt 0.270046 0.000000
vt 1.000000 0.757566
vt 1.000000 0.799881
vt 0.235047 0.000000
vt 0.397929 0.397929
vt 0.053322 0.000000
vt 0.176709 0.002640
vt 0.710335 0.599997
vt 1.000000 0.888552
vt 1.000000 1.000000
vt 1.000000 0.397929
vt 0.890500 0.890500
vt 0.869539 0.586805
vt 0.607313 0.656539
vt 0.609362 0.687500
vt 0.590900 0.687500
vt 0.596864 0.674337
vt 0.638746 0.680627
vt 0.638746 0.652814
vt 0.638746 0.667931
vt 0.612274 0.718750
vt 0.587034 0.718750
vt 0.586331 0.700348
vt 0.655048 0.736254
vt 0.638746 0.736254
vt 0.640469 0.736254
vt 0.587034 0.718750
vt 0.612610 0.721152
vt 0.616790 0.750000
vt 0.589753 0.750000
vt 0.588480 0.736013
vt 0.638746 0.708441
vt 0.638746 0.708350
vt 0.638746 0.692519
vt 0.638746 0.736254
vt 0.589753 0.750000
vt 0.616922 0.750596
vt 0.612021 0.770895
s 0
usemtl マテリアル
f 2555/3483/1747 2550/3484/1747 2549/3485/1747 2565/3486/1747 2551/3487/1747 2552/3488/1747
f 2566/3489/1748 2565/3490/1748 2549/3491/1748 2564/3492/1748
f 2567/3493/1749 2566/3494/1749 2564/3495/1749 2568/3496/1749
f 2555/3497/1750 2552/3498/1750 2553/3499/1750 2554/3500/1750
f 2560/3501/1751 2556/3502/1751 2554/3503/1751 2553/3504/1751 2557/3505/1751 2563/3506/1751
f 2569/3507/1752 2567/3508/1752 2568/3509/1752 2558/3510/1752
f 2561/3511/1753 2569/3512/1753 2558/3513/1753 2559/3514/1753 2560/3515/1753 2563/3516/1753
f 2561/3517/1754 2563/3518/1754 2562/3519/1754
s 1
f 2532/3520/1755 2531/3521/1756 2539/3522/1757 2535/3523/1755
f 2538/3524/1758 2530/3524/1759 2537/3525/1760 2536/3526/1760
f 2539/3522/1757 2531/3521/1756 2529/3527/1761 2548/3528/1762 2547/3529/1763
f 2542/3530/1764 2534/3531/1765 2544/3532/1766
f 2548/3533/1762 2529/3534/1761 2533/3535/1767 2543/3536/1768 2545/3537/1769
f 2546/3538/1770 2528/3539/1771 2530/3524/1759 2538/3524/1758 2540/3540/1772
f 2528/3538/1771 2546/3538/1770 2544/3541/1766 2534/3531/1765
f 2543/3542/1768 2533/3543/1767 2541/3544/1773
o 立方体.002_cell.074
v -0.138820 0.045452 -0.000000
v -0.130852 0.045361 -0.000000
v -0.127856 0.045452 0.055019
v -0.119686 0.045361 0.051503
v -0.136179 0.045452 -0.028536
v -0.127932 0.045361 -0.026713
v -0.136179 0.045452 0.028536
v -0.127932 0.045361 0.026713
v -0.121749 0.045452 0.069075
v -0.108638 0.021247 0.048400
v -0.114463 0.045361 0.062937
v -0.103918 0.024035 0.044718
v -0.108384 0.016874 0.037593
v -0.103856 0.021082 0.037381
v -0.132581 0.045452 -0.039985
v -0.126961 0.038461 -0.038447
v -0.122307 0.042827 -0.037181
v -0.113676 0.017517 0.019717
v -0.109692 0.021881 0.019810
v -0.120839 0.036201 -0.023809
v -0.125577 0.032505 -0.026314
v -0.124526 0.030715 -0.021527
v -0.115997 0.027006 -0.000000
v -0.119854 0.022727 -0.000000
v -0.121749 0.045452 0.069075
v -0.121749 0.045452 0.069075
v -0.114463 0.045361 0.062937
v -0.114463 0.045361 0.062937
v -0.108638 0.021247 0.048400
v -0.132581 0.045452 -0.039985
v -0.132581 0.045452 -0.039985
v -0.126961 0.038461 -0.038447
v -0.125577 0.032505 -0.026314
v -0.124526 0.030715 -0.021527
v -0.120839 0.036201 -0.023809
v -0.115997 0.027006 -0.000000
v -0.109692 0.021881 0.019810
v -0.113676 0.017517 0.019717
v -0.119854 0.022727 -0.000000
v -0.127856 0.045452 0.055019
v -0.136179 0.045452 -0.028536
v -0.136179 0.045452 0.028536
v -0.138820 0.045452 -0.000000
v -0.119686 0.045361 0.051503
v -0.127932 0.045361 0.026713
v -0.130852 0.045361 -0.000000
v -0.127932 0.045361 -0.026713
v -0.103918 0.024035 0.044718
v -0.108384 0.016874 0.037593
v -0.103856 0.021082 0.037381
v -0.122307 0.042827 -0.037181
v -0.122307 0.042827 -0.037181
vn 0.6450 -0.2742 0.7133
vn 0.6522 -0.6989 0.2936
vn 0.2631 -0.0008 -0.9648
vn 0.6865 -0.6852 -0.2434
vn 0.6854 -0.6197 -0.3823
vn 0.6873 -0.6196 -0.3791
vn -0.7033 -0.6419 0.3055
vn -0.7186 -0.6439 0.2626
vn -0.7274 -0.6445 0.2356
vn 0.1567 0.9865 -0.0481
vn 0.0851 0.9961 -0.0239
vn 0.0875 0.9959 -0.0247
vn -0.7499 -0.6440 0.1516
vn -0.7677 -0.6408 -0.0000
vn -0.7676 -0.6407 0.0178
vn -0.7505 -0.6439 0.1487
vn 0.0096 0.9999 -0.0037
vn 0.0106 0.9999 -0.0022
vn 0.0105 0.9999 -0.0022
vn 0.0111 0.9999 -0.0000
vn 0.0092 0.9999 -0.0041
vn -0.7519 -0.6417 -0.1515
vn -0.7573 -0.6413 -0.1235
vn -0.7658 -0.6392 -0.0709
vn -0.7331 -0.6399 -0.2304
vn 0.7772 0.6289 -0.0213
vn 0.7774 0.6290 -0.0000
vn 0.7584 0.6305 -0.1652
vn 0.7586 0.6304 -0.1645
vn 0.7302 0.6407 0.2373
vn 0.7552 0.6356 0.1601
vn 0.7637 0.6325 0.1293
vn 0.7351 0.6300 -0.2505
vn 0.7248 0.6292 -0.2804
vn 0.7086 0.6270 -0.3237
vn 0.7399 0.6302 -0.2354
vn -0.7322 -0.6446 0.2200
vt 0.959097 0.256062
vt 0.839728 0.000000
vt 0.889732 0.000000
vt 0.996320 0.216941
vt 1.000000 0.110268
vt 0.975500 0.136214
vt 0.842270 0.000000
vt 0.890282 0.000000
vt 0.251971 0.000000
vt 0.319457 0.106068
vt 0.195284 0.000000
vt 0.794567 0.794567
vt 0.513528 0.000000
vt 0.599982 0.171467
vt 0.839551 0.839551
vt 0.748029 0.000000
vt 0.804716 0.000000
vt 1.000000 0.177408
vt 1.000000 0.222320
vt 0.925644 0.160770
vt 0.626956 0.339935
vt 1.000000 0.459077
vt 1.000000 0.486472
vt 0.628661 0.367196
vt 0.222320 0.222320
vt 0.177408 0.177408
vt 0.625000 0.044854
vt 0.625000 0.062500
vt 0.611229 0.060468
vt 0.875000 0.580240
vt 0.875000 0.593750
vt 0.861254 0.597186
vt 0.861254 0.584838
vt 0.625000 0.093750
vt 0.625000 0.125000
vt 0.612071 0.125000
vt 0.608608 0.093750
vt 0.861254 0.680627
vt 0.861254 0.652813
vt 0.875000 0.656250
vt 0.875000 0.687500
vt 0.861254 0.625000
vt 0.875000 0.625000
vt 0.861254 0.694486
vt 0.875000 0.705146
vt 0.625000 0.156250
vt 0.617634 0.156250
vt 0.616616 0.150851
vt 0.625000 0.169760
vt 0.621022 0.169957
vt 0.861254 0.649163
vt 0.861254 0.694487
vt 0.861254 0.652814
vt 0.861254 0.668203
vt 0.861254 0.597186
vt 0.608608 0.093750
vt 0.608740 0.073806
vt 0.610811 0.062500
s 0
usemtl マテリアル
f 2594/3545/1774 2598/3546/1774 2581/3547/1774 2596/3548/1774
f 2581/3549/1775 2598/3550/1775 2618/3551/1775 2619/3552/1775
f 2601/3553/1776 2599/3554/1776 2620/3555/1776
f 2618/3556/1777 2607/3557/1777 2606/3558/1777 2619/3559/1777
f 2601/3560/1778 2620/3561/1778 2604/3562/1778 2603/3563/1778 2602/3564/1778
f 2605/3565/1779 2606/3566/1779 2607/3567/1779 2608/3568/1779 2603/3569/1779 2604/3570/1779
s 1
f 2595/3571/1780 2609/3572/1781 2579/3573/1782
f 2600/3574/1783 2610/3575/1784 2616/3576/1785 2621/3577/1783
f 2576/3578/1786 2612/3579/1787 2593/3580/1788 2587/3581/1789
f 2613/3582/1790 2614/3583/1791 2611/3584/1792 2572/3585/1790
f 2614/3583/1791 2615/3586/1793 2570/3587/1793 2611/3584/1792
f 2597/3588/1794 2613/3582/1790 2572/3585/1790 2578/3589/1794
f 2616/3576/1785 2610/3575/1784 2570/3587/1793 2615/3586/1793
f 2612/3579/1787 2574/3590/1795 2590/3591/1796 2591/3592/1797 2593/3580/1788
f 2590/3591/1796 2574/3590/1795 2584/3593/1798 2585/3594/1798
f 2592/3586/1799 2571/3586/1800 2577/3583/1801 2588/3595/1802
f 2586/3577/1803 2575/3576/1804 2589/3576/1805
f 2617/3582/1806 2573/3582/1807 2580/3596/1808
f 2588/3597/1802 2577/3583/1801 2573/3582/1807 2617/3582/1806 2583/3598/1809
f 2589/3599/1805 2575/3576/1804 2571/3586/1800 2592/3586/1799
f 2609/3572/1781 2576/3578/1786 2587/3600/1789 2582/3601/1810 2579/3602/1782
o 立方体.002_cell.075
v 0.016974 -0.096361 -0.001997
v 0.010861 -0.097723 -0.007718
v 0.011868 -0.097240 -0.002613
v 0.006568 -0.127088 -0.001540
v 0.016574 -0.101018 -0.000000
v 0.014417 -0.099768 -0.010622
v 0.012567 -0.127762 -0.005079
v 0.013368 -0.106838 -0.009121
v 0.013586 -0.127683 0.000009
v 0.012234 -0.126704 0.006211
v 0.013471 -0.115943 0.006384
v 0.015657 -0.104592 0.003894
v 0.010861 -0.097723 -0.007718
v 0.014417 -0.099768 -0.010622
v 0.012567 -0.127762 -0.005079
v 0.013586 -0.127683 0.000009
v 0.013368 -0.106838 -0.009121
v 0.016974 -0.096361 -0.001997
v 0.016574 -0.101018 -0.000000
v 0.012234 -0.126704 0.006211
v 0.013471 -0.115943 0.006384
v 0.015657 -0.104592 0.003894
vn -0.0918 -0.9952 0.0338
vn -0.5863 -0.1039 -0.8034
vn -0.9684 0.1782 0.1742
vn -0.1623 0.9849 -0.0611
vn 0.1819 0.8949 -0.4075
vn -0.8004 0.1629 0.5770
vn -0.1124 -0.9850 0.1310
vn -0.8283 0.1837 0.5293
vn 0.0139 0.5805 0.8141
vn 0.9696 -0.1091 -0.2192
vn 0.3686 -0.1953 -0.9088
vn 0.9840 -0.1323 -0.1191
vn 0.9932 -0.1149 -0.0191
vn 0.9737 -0.1189 0.1941
vn 0.9731 -0.1188 0.1975
vn 0.9436 -0.1135 0.3111
vn -0.5157 -0.1040 -0.8504
vn 0.9606 -0.1751 -0.2157
vt 0.922473 0.000000
vt 1.000000 0.000000
vt 1.000000 0.063455
vt 0.085615 0.085615
vt 0.000000 0.000000
vt 0.946941 0.050089
vt 0.758958 0.058727
vt 1.000000 1.000000
vt 1.000000 0.866915
vt 0.379546 0.283321
vt 0.914407 0.914407
vt 1.000000 0.843051
vt 1.000000 0.262242
vt 0.614147 0.042353
vt 0.627641 0.000000
vt 0.579299 0.107928
vt 0.521361 0.562500
vt 0.541667 0.562500
vt 0.541667 0.593750
vt 0.521290 0.593750
vt 0.521383 0.625000
vt 0.541667 0.625000
vt 0.539582 0.656250
vt 0.521653 0.653188
vt 0.538948 0.662148
vt 0.531840 0.687500
vt 0.521683 0.656250
vt 0.521490 0.550784
vt 0.537240 0.531250
vt 0.541667 0.531250
vt 0.543636 0.593750
vt 0.543030 0.562500
s 0
usemtl マテリアル
f 2637/3603/1811 2625/3604/1811 2636/3605/1811
f 2636/3606/1812 2625/3607/1812 2634/3608/1812 2638/3609/1812
f 2624/3604/1813 2634/3610/1813 2625/3607/1813
f 2634/3610/1814 2624/3607/1814 2639/3604/1814
f 2635/3611/1815 2634/3610/1815 2639/3612/1815
f 2641/3607/1816 2624/3604/1816 2625/3610/1816
f 2625/3610/1817 2637/3613/1817 2641/3614/1817
f 2643/3615/1818 2624/3610/1818 2641/3607/1818 2642/3616/1818
f 2640/3617/1819 2639/3604/1819 2624/3610/1819 2643/3618/1819
s 1
f 2628/3619/1820 2627/3620/1821 2626/3621/1822 2630/3622/1823
f 2630/3623/1823 2626/3624/1822 2633/3625/1824 2631/3626/1825
f 2633/3627/1824 2632/3628/1826 2631/3629/1825
f 2627/3620/1821 2628/3630/1820 2629/3631/1827 2623/3632/1827
f 2622/3633/1828 2626/3621/1822 2627/3634/1821
o 立方体.002_cell.076
v 0.006087 -0.043927 -0.057935
v 0.001990 -0.045002 -0.063138
v 0.011688 -0.045683 -0.055931
v 0.018844 -0.034600 -0.062937
v 0.023937 -0.021752 -0.078960
v 0.027012 -0.009456 -0.088726
v 0.025704 -0.006110 -0.084744
v 0.000500 -0.033194 -0.067220
v 0.000245 -0.012161 -0.090713
v -0.000000 -0.021204 -0.076978
v -0.000534 -0.008659 -0.087073
v 0.009126 -0.009400 -0.092189
v 0.008777 -0.005707 -0.088568
v 0.019056 -0.009784 -0.090946
v 0.018237 -0.006002 -0.087312
v 0.025704 -0.006110 -0.084744
v 0.018844 -0.034600 -0.062937
v 0.023937 -0.021752 -0.078960
v 0.027012 -0.009456 -0.088726
v 0.011688 -0.045683 -0.055931
v 0.000500 -0.033194 -0.067220
v -0.000000 -0.021204 -0.076978
v -0.000534 -0.008659 -0.087073
v 0.008777 -0.005707 -0.088568
v 0.018237 -0.006002 -0.087312
v 0.009126 -0.009400 -0.092189
v 0.019056 -0.009784 -0.090946
v 0.000245 -0.012161 -0.090713
vn 0.9516 0.0061 0.3073
vn 0.7111 -0.6413 -0.2882
vn -0.9881 -0.1196 -0.0964
vn 0.1490 0.7210 -0.6767
vn -0.3167 0.6487 -0.6920
vn -0.1840 0.6191 0.7634
vn -0.5817 -0.0689 0.8105
vn -0.2451 0.6259 0.7404
vn 0.0743 -0.6917 -0.7183
vn 0.0835 -0.6880 -0.7209
vn -0.4829 -0.6895 0.5398
vn -0.1248 0.6102 0.7824
vn -0.4771 -0.3431 0.8091
vn 0.0650 -0.6955 -0.7156
vt 1.000000 0.080353
vt 0.295780 0.000000
vt 0.691580 0.000000
vt 1.000000 0.032610
vt 0.880235 0.880235
vt 1.000000 0.308420
vt 1.000000 0.704221
vt 1.000000 0.637937
vt 0.552325 0.325402
vt 0.085470 0.000000
vt 0.128142 0.000000
vt 0.899785 0.508256
vt 1.000000 0.811140
vt 1.000000 0.923259
vt 0.871611 0.533123
vt 0.707396 0.000000
vt 0.742546 0.000000
vt 0.904194 0.041549
vt 0.742546 0.742546
vt 0.707396 0.707396
vt 0.871858 0.000000
vt 0.722187 0.513746
vt 0.713720 0.513746
vt 0.710366 0.513746
vt 0.713209 0.513746
vt 0.571613 0.406250
vt 0.593574 0.406250
vt 0.593760 0.420169
vt 0.586764 0.419959
vt 0.747041 0.513746
vt 0.735864 0.513746
vt 0.736651 0.513746
vt 0.750000 0.513746
vt 0.750000 0.513746
vt 0.748975 0.513746
vt 0.593574 0.406250
vt 0.571613 0.406250
vt 0.572681 0.390836
vt 0.573537 0.379787
vt 0.579053 0.377502
vt 0.592221 0.375408
vt 0.593792 0.389921
s 0
usemtl マテリアル
f 2659/3635/1829 2660/3636/1829 2661/3637/1829 2662/3638/1829
f 2646/3639/1830 2661/3640/1830 2660/3641/1830
f 2664/3642/1831 2665/3643/1831 2666/3644/1831 2671/3645/1831
f 2668/3646/1832 2659/3647/1832 2662/3648/1832 2670/3649/1832 2669/3650/1832 2667/3651/1832
f 2666/3652/1833 2667/3653/1833 2669/3654/1833 2671/3655/1833
s 1
f 2658/3656/1834 2663/3657/1835 2647/3658/1836 2650/3659/1836
f 2663/3660/1835 2657/3661/1837 2649/3662/1838 2648/3663/1838
f 2645/3664/1839 2644/3665/1839 2663/3656/1835 2658/3656/1834 2656/3666/1840 2654/3667/1840 2653/3668/1840 2651/3669/1841
f 2657/3670/1837 2663/3671/1835 2644/3672/1839 2645/3673/1839 2651/3674/1841 2652/3675/1842 2655/3676/1842
o 立方体.002_cell.077
v -0.042811 -0.259315 -0.042811
v -0.048841 -0.263524 -0.034200
v -0.035857 -0.257175 -0.035857
v -0.035630 -0.263524 -0.035922
v -0.037516 -0.258289 -0.040849
v -0.040216 -0.263524 -0.044628
v -0.048841 -0.263524 -0.034200
v -0.035630 -0.263524 -0.035922
v -0.035857 -0.257175 -0.035857
v -0.037516 -0.258289 -0.040849
v -0.040216 -0.263524 -0.044628
vn 0.9458 0.0371 -0.3226
vn 0.8785 -0.1190 -0.4627
vn -0.4429 -0.4234 -0.7903
vn -0.5323 0.6494 -0.5431
vn -0.2804 0.9521 -0.1221
vn 0.0722 0.7906 -0.6081
vn 0.1293 -0.0056 0.9916
vn -0.9523 -0.2241 -0.2070
vn -0.0000 -1.0000 -0.0000
vt 0.440165 0.000000
vt 0.486035 0.000000
vt 0.570416 0.570416
vt 1.000000 0.513965
vt 1.000000 0.559834
vt 0.974382 0.497311
vt 0.375000 0.259063
vt 0.375000 0.250000
vt 0.392238 0.252403
vt 0.383594 0.257304
vt 0.983917 0.538440
vt 0.543680 0.000000
vt 0.620226 0.009589
vt 0.375000 0.221949
vt 0.392920 0.250000
vt 0.376323 0.222562
vt 0.162081 0.536497
vt 0.125000 0.529287
vt 0.133827 0.500000
s 0
usemtl マテリアル
f 2679/3677/1843 2681/3678/1843 2674/3679/1843
f 2681/3680/1844 2679/3681/1844 2682/3682/1844
s 1
f 2677/3683/1845 2672/3684/1846 2680/3685/1847 2676/3686/1848
s 0
f 2678/3687/1849 2679/3688/1849 2674/3689/1849
s 1
f 2672/3684/1846 2677/3684/1845 2673/3690/1850
f 2680/3691/1847 2672/3684/1846 2673/3692/1850
f 2675/3693/1851 2673/3694/1850 2677/3695/1845
o 立方体.002_cell.078
v -0.053795 -0.263524 0.023149
v -0.057297 -0.263524 -0.012007
v -0.057297 -0.263524 0.012007
v -0.047290 -0.263524 -0.014381
v -0.055720 -0.263524 -0.017027
v -0.058409 -0.262388 -0.000000
v -0.051786 -0.262183 0.027774
v -0.049504 -0.262161 0.033026
v -0.043515 -0.263524 0.019925
v -0.035479 -0.263524 0.000112
v -0.047290 -0.263524 -0.014381
v -0.055720 -0.263524 -0.017027
v -0.053795 -0.263524 0.023149
v -0.051786 -0.262183 0.027774
v -0.049504 -0.262161 0.033026
v -0.058409 -0.262388 -0.000000
v -0.057297 -0.263524 -0.012007
v -0.043515 -0.263524 0.019925
v -0.035479 -0.263524 0.000112
v -0.057297 -0.263524 0.012007
vn -0.0000 1.0000 -0.0000
vn -0.0399 0.9991 -0.0151
vn 0.0363 0.9990 -0.0270
vn 0.8418 0.4180 0.3414
vn -0.1492 -0.9865 0.0678
vn -0.9172 -0.0000 0.3985
vn -0.0581 -0.9979 0.0283
vn -0.0170 -0.9998 0.0104
vt 0.088038 0.059207
vt 0.062969 0.062969
vt 0.028818 0.000000
vt 0.264897 0.000000
vt 1.000000 0.000000
vt 0.912746 0.069166
vt 0.702388 0.067083
vt 0.503904 0.049948
vt 0.332908 0.017312
vt 0.222759 0.000000
vt 1.000000 1.000000
vt 0.264897 0.264897
vt 0.573585 0.573585
vt 0.000000 0.000000
vt 0.375000 0.033032
vt 0.375000 0.048700
vt 0.375000 0.062500
vt 0.125000 0.718731
vt 0.125000 0.687500
vt 0.125000 0.656250
vt 0.125000 0.625000
vt 0.125000 0.593750
vt 0.125000 0.579670
vt 0.146814 0.589272
vt 0.178944 0.625259
vt 0.153043 0.674065
s 0
usemtl マテリアル
f 2694/3696/1852 2699/3697/1852 2693/3698/1852
f 2696/3699/1853 2693/3700/1853 2699/3701/1853 2698/3702/1853 2702/3703/1853 2695/3704/1853
f 2697/3705/1854 2701/3700/1854 2693/3706/1854 2696/3707/1854
f 2697/3708/1855 2700/3709/1855 2701/3700/1855
s 1
f 2690/3710/1856 2689/3711/1857 2683/3712/1858
f 2690/3713/1856 2683/3714/1858 2685/3715/1859 2688/3716/1859 2684/3717/1859 2687/3718/1859 2686/3719/1859 2692/3720/1859 2691/3721/1859
o 立方体.002_cell.079
v -0.000000 -0.095627 -0.014951
v 0.003913 -0.092794 -0.018674
v 0.010522 -0.087605 -0.020794
v 0.012199 -0.079128 -0.027505
v 0.006111 -0.080381 -0.033213
v 0.014078 -0.078268 -0.032715
v -0.003758 -0.079601 -0.029323
v -0.000000 -0.081775 -0.032634
v -0.002429 -0.095742 -0.020735
v -0.000738 -0.097780 -0.010242
v 0.007301 -0.091245 -0.023521
v 0.011397 -0.086370 -0.026485
v 0.010522 -0.087605 -0.020794
v 0.012199 -0.079128 -0.027505
v 0.012199 -0.079128 -0.027505
v 0.012199 -0.079128 -0.027505
v 0.006111 -0.080381 -0.033213
v 0.006111 -0.080381 -0.033213
v -0.000000 -0.081775 -0.032634
v 0.007301 -0.091245 -0.023521
v 0.011397 -0.086370 -0.026485
v 0.014078 -0.078268 -0.032715
v -0.003758 -0.079601 -0.029323
v -0.000000 -0.095627 -0.014951
v -0.002429 -0.095742 -0.020735
vn 0.9871 -0.0907 0.1321
vn -0.2596 0.9635 0.0654
vn -0.2215 0.6807 -0.6983
vn -0.1398 -0.6665 -0.7323
vn 0.3197 -0.6981 -0.6406
vn -0.8957 -0.4233 -0.1358
vn -0.4211 0.5620 0.7119
vn 0.2659 0.6944 0.6687
vn -0.7842 0.5477 0.2917
vn -0.2527 0.6285 0.7356
vn -0.9898 -0.1397 -0.0285
vn -0.9937 0.0876 0.0704
vn -0.3969 0.6149 0.6814
vn -0.8159 0.4494 0.3637
vn 0.5360 -0.6713 -0.5119
vn 0.9421 -0.0578 0.3303
vn 0.1569 -0.6976 -0.6991
vn -0.0271 -0.6680 -0.7436
vn -0.6183 0.7469 0.2447
vn 0.7579 -0.6519 -0.0249
vt 0.688711 0.000000
vt 1.000000 0.252848
vt 0.435228 0.000000
vt 0.894474 0.324820
vt 0.202005 0.202005
vt 0.112677 0.107801
vt 0.701518 0.246646
vt 0.730064 0.325334
vt 0.269760 0.269760
vt 0.552615 0.375000
vt 0.553487 0.406250
vt 0.546001 0.406250
vt 0.544793 0.375000
vt 0.750000 0.513746
vt 0.722186 0.513746
vt 0.726304 0.513746
vt 0.722187 0.513746
vt 0.700690 0.513746
vt 0.694373 0.513746
vt 0.695785 0.513746
vt 0.685494 0.513746
vt 0.554620 0.437728
vt 0.553672 0.439390
vt 0.550001 0.437500
vt 0.767178 0.513746
vt 0.765089 0.513746
vt 0.554610 0.437500
vt 0.547225 0.421033
vt 0.552326 0.355351
vt 0.552615 0.375000
vt 0.544667 0.357337
vt 0.852476 0.042096
vt 0.783561 0.059627
vt 0.647268 0.000000
vt 0.572369 0.572369
vt 1.000000 0.311289
vt 1.000000 0.564772
s 0
usemtl マテリアル
f 2714/3722/1860 2716/3723/1860 2715/3724/1860
f 2720/3725/1861 2717/3726/1861 2708/3727/1861
f 2721/3728/1862 2725/3729/1862 2719/3730/1862
s 1
f 2710/3731/1863 2707/3732/1864 2704/3733/1864 2727/3734/1865
f 2703/3735/1866 2704/3736/1867 2707/3737/1867 2709/3735/1868
f 2707/3738/1869 2704/3739/1870 2722/3740/1871 2718/3741/1872
f 2722/3740/1871 2705/3742/1873 2718/3740/1872
f 2724/3743/1874 2706/3744/1875 2723/3745/1876
f 2709/3746/1868 2727/3747/1865 2703/3735/1866
f 2707/3732/1877 2724/3748/1874 2723/3745/1876 2722/3749/1871 2704/3733/1870
f 2709/3750/1868 2710/3751/1863 2727/3752/1865
s 0
f 2712/3753/1878 2726/3754/1878 2711/3755/1878
f 2713/3756/1879 2714/3757/1879 2715/3758/1879
o 立方体.002_cell.080
v -0.004902 -0.112547 0.004018
v -0.003148 -0.117793 0.004544
v -0.004846 -0.126944 0.012737
v -0.007307 -0.092492 0.017861
v -0.007549 -0.097997 0.017543
v -0.006906 -0.116611 0.013158
v -0.004880 -0.098808 0.004697
v -0.006433 -0.121646 0.012753
v -0.003805 -0.101018 0.016104
v -0.003604 -0.095380 0.014697
v -0.003000 -0.097800 0.009920
v -0.006906 -0.116611 0.013158
v -0.006433 -0.121646 0.012753
v -0.007549 -0.097997 0.017543
v -0.007549 -0.097997 0.017543
v -0.007549 -0.097997 0.017543
v -0.004880 -0.098808 0.004697
v -0.004846 -0.126944 0.012737
v -0.003604 -0.095380 0.014697
v -0.003000 -0.097800 0.009920
v -0.003000 -0.097800 0.009920
v -0.003805 -0.101018 0.016104
v -0.007307 -0.092492 0.017861
vn -0.9672 -0.0713 -0.2437
vn -0.8689 -0.2589 -0.4220
vn 0.9527 0.0846 0.2919
vn 0.9983 -0.0520 -0.0265
vn -0.7937 -0.3174 -0.5190
vn 0.6145 -0.0723 0.7856
vn 0.4070 0.0445 -0.9124
vn 0.3334 0.8573 -0.3923
vn -0.2216 0.9692 -0.1072
vn -0.0255 -0.1648 0.9860
vn 0.0161 -0.1623 0.9866
vn -0.0218 -0.1646 0.9861
vn -0.9277 -0.1157 0.3549
vn -0.9785 0.0134 -0.2060
vt 0.224905 0.224905
vt 0.000000 0.000000
vt 0.628708 0.000000
vt 1.000000 0.429386
vt 0.628708 0.628708
vt 1.000000 0.441917
vt 1.000000 1.000000
vt 0.358469 0.019658
vt 0.352780 0.000000
vt 0.428009 0.000000
vt 0.464085 0.091401
vt 0.439706 0.428296
vt 1.000000 0.000000
vt 0.428009 0.428009
vt 0.352780 0.352780
vt 0.560638 0.344620
vt 0.065056 0.000000
vt 0.773836 0.710895
vt 0.777813 0.708441
vt 0.777813 0.716164
vt 0.777814 0.680627
vt 0.786591 0.680627
vt 0.795094 0.708441
vt 0.523561 0.937500
vt 0.521693 0.915004
vt 0.541667 0.910295
vt 0.541667 0.937500
vt 0.541667 0.943390
vt 0.529806 0.949885
vt 0.523561 0.937500
vt 0.285482 0.272393
vt 0.554328 0.000000
vt 1.000000 0.224905
s 0
usemtl マテリアル
f 2739/3759/1880 2728/3760/1880 2740/3761/1880
f 2745/3762/1881 2740/3763/1881 2728/3760/1881
f 2734/3764/1882 2745/3765/1882 2729/3760/1882
f 2747/3766/1883 2746/3767/1883 2741/3768/1883 2749/3769/1883 2745/3765/1883 2734/3770/1883
f 2745/3765/1884 2728/3760/1884 2729/3771/1884
f 2741/3772/1885 2746/3773/1885 2750/3774/1885
f 2728/3765/1886 2734/3775/1886 2729/3771/1886
s 1
f 2737/3776/1887 2748/3777/1887 2731/3778/1887
f 2738/3779/1888 2744/3780/1888 2742/3781/1888
f 2735/3782/1889 2730/3783/1890 2736/3784/1890 2743/3785/1891
f 2743/3786/1891 2733/3787/1892 2735/3788/1889
s 0
f 2732/3789/1893 2734/3790/1893 2728/3771/1893 2739/3791/1893
o 立方体.002_cell.081
v 0.003263 -0.244224 0.000993
v 0.003585 -0.197608 0.001094
v 0.012484 -0.242648 0.004319
v 0.011619 -0.236570 0.004101
v 0.010752 -0.197408 0.003762
vn 0.3372 0.0141 -0.9413
vn -0.3490 0.0004 0.9371
vt 1.000000 0.734515
vt 1.000000 1.000000
vt 0.852898 0.826991
vt 0.862580 0.000000
vt 1.000000 0.000000
vt 0.840777 0.840777
s 0
usemtl マテリアル
f 2753/3792/1894 2751/3793/1894 2754/3794/1894
f 2755/3795/1895 2752/3796/1895 2751/3793/1895 2754/3797/1895
o 立方体.002_cell.082
v 0.012182 -0.095627 0.012182
v 0.012790 -0.100944 0.011179
v 0.019974 -0.092410 0.013632
v 0.017969 -0.097310 0.008008
v 0.012790 -0.100944 0.011179
v 0.012182 -0.095627 0.012182
v 0.017969 -0.097310 0.008008
vn -0.5653 0.0901 -0.8199
vn -0.2941 0.3040 0.9061
vn 0.3199 -0.5005 0.8044
vn 0.6522 0.6375 0.4102
vn 0.9616 -0.2390 -0.1346
vt 0.366897 0.366897
vt 1.000000 0.233885
vt 0.915713 0.442583
vt 0.542335 0.750000
vt 0.541667 0.718750
vt 0.548294 0.732127
vt 0.546564 0.718750
vt 0.541771 0.699097
vt 0.543777 0.689543
vt 0.638746 0.708441
vt 0.638746 0.708441
vt 0.638746 0.696265
s 0
usemtl マテリアル
f 2759/3798/1896 2760/3799/1896 2761/3800/1896
s 1
f 2756/3801/1897 2757/3802/1898 2758/3803/1899
f 2758/3804/1899 2757/3805/1898 2762/3806/1900
f 2756/3807/1897 2758/3808/1899 2762/3809/1900
o 立方体.002_cell.083
v 0.054249 -0.023716 -0.054249
v 0.041681 -0.055293 -0.037771
v 0.042130 -0.047436 -0.038045
v 0.046213 -0.048829 -0.040910
v 0.057830 -0.023716 -0.049315
v 0.074245 0.001067 -0.061099
v 0.081878 0.012626 -0.066620
v 0.034640 -0.053922 -0.038069
v 0.034244 -0.058669 -0.040643
v 0.039439 -0.044498 -0.044076
v 0.085892 0.009140 -0.070420
v 0.070728 0.004533 -0.070728
v 0.075147 0.002001 -0.075147
v 0.069580 -0.000929 -0.075997
v 0.062729 0.000022 -0.072005
v 0.063424 -0.004318 -0.076781
v 0.057830 -0.023716 -0.049315
v 0.074245 0.001067 -0.061099
v 0.042130 -0.047436 -0.038045
v 0.081878 0.012626 -0.066620
v 0.034640 -0.053922 -0.038069
v 0.039439 -0.044498 -0.044076
v 0.070728 0.004533 -0.070728
v 0.041681 -0.055293 -0.037771
v 0.041681 -0.055293 -0.037771
v 0.041681 -0.055293 -0.037771
v 0.046213 -0.048829 -0.040910
v 0.069580 -0.000929 -0.075997
v 0.063424 -0.004318 -0.076781
v 0.062729 0.000022 -0.072005
v 0.085892 0.009140 -0.070420
v 0.034244 -0.058669 -0.040643
v 0.075147 0.002001 -0.075147
vn 0.5735 -0.0043 0.8192
vn 0.6205 -0.0315 0.7836
vn 0.6527 -0.0707 0.7543
vn -0.9098 0.2540 -0.3284
vn -0.1276 -0.4644 0.8764
vn -0.2071 0.6883 -0.6952
vn -0.2896 0.6915 -0.6618
vn -0.9005 0.2450 -0.3594
vn -0.4560 0.6318 0.6268
vn -0.5419 0.5963 0.5922
vn -0.5274 0.6255 0.5750
vn -0.5861 0.6353 0.5028
vn 0.6231 -0.6488 -0.4367
vn 0.4814 -0.6547 -0.5828
vn 0.5833 -0.6534 -0.4825
vn 0.4703 -0.6540 -0.5925
vn -0.5508 0.5922 0.5882
vn -0.5907 0.6139 0.5236
vn -0.6269 0.6318 0.4559
vt 1.000000 0.956016
vt 0.863988 0.863988
vt 1.000000 0.929442
vt 0.929442 0.929442
vt 1.000000 0.000000
vt 1.000000 0.193763
vt 0.977556 0.583306
vt 0.956016 0.956016
vt 0.000000 0.000000
vt 0.071695 0.000000
vt 0.193763 0.193763
vt 1.000000 0.456073
vt 0.789620 0.000000
vt 1.000000 0.162419
vt 1.000000 0.586868
vt 0.456073 0.456073
vt 0.162419 0.162419
vt 0.874783 0.118740
vt 1.000000 0.928305
vt 0.968161 0.968161
vt 0.859525 0.262571
vt 0.824139 0.000000
vt 1.000000 0.527923
vt 1.000000 0.617542
vt 0.856960 0.856960
vt 0.822469 0.822469
vt 1.000000 0.210380
vt 0.617542 0.617542
vt 0.527923 0.527923
vt 1.000000 0.072104
vt 0.647045 0.513746
vt 0.638746 0.513746
vt 0.642675 0.513746
vt 0.649054 0.513746
vt 0.571359 0.510258
vt 0.566728 0.500000
vt 0.600279 0.500000
vt 0.604380 0.517947
vt 0.567542 0.485314
vt 0.596683 0.483998
vt 0.599100 0.494669
vt 0.566728 0.500000
vt 0.638746 0.520332
vt 0.638746 0.521354
vt 0.638746 0.525633
vt 0.638746 0.529056
vt 0.638746 0.525633
vt 0.638746 0.528199
s 0
usemtl マテリアル
f 2781/3810/1901 2786/3811/1901 2789/3812/1901
f 2789/3813/1902 2793/3814/1902 2780/3815/1902 2779/3816/1902 2781/3817/1902
f 2793/3818/1903 2782/3819/1903 2780/3820/1903
f 2783/3821/1904 2784/3822/1904 2794/3823/1904
f 2787/3824/1905 2783/3825/1905 2794/3826/1905
f 2785/3827/1906 2782/3828/1906 2793/3829/1906 2795/3830/1906 2790/3831/1906
f 2791/3832/1907 2792/3833/1907 2785/3834/1907 2790/3835/1907
f 2784/3836/1908 2792/3837/1908 2791/3838/1908 2794/3839/1908
s 1
f 2772/3840/1909 2770/3841/1910 2763/3841/1911 2774/3842/1912 2777/3843/1909
f 2766/3844/1913 2788/3845/1914 2775/3846/1915 2773/3847/1913
f 2771/3848/1916 2778/3849/1916 2776/3850/1916 2775/3846/1915 2788/3851/1914
f 2764/3852/1917 2765/3853/1917 2767/3854/1918 2763/3841/1911 2770/3841/1910
f 2769/3855/1919 2774/3841/1912 2763/3841/1911 2767/3856/1918 2768/3857/1919
o 立方体.002_cell.084
v -0.033623 -0.263524 -0.049245
v -0.035590 -0.263524 -0.044383
v -0.033879 -0.258092 -0.042311
v -0.024007 -0.263524 -0.052379
v -0.037262 -0.259315 -0.046697
v -0.035590 -0.263524 -0.044383
v -0.033879 -0.258092 -0.042311
v -0.024007 -0.263524 -0.052379
vn 0.5096 -0.4420 0.7382
vn -0.8298 0.4860 -0.2742
vn -0.8366 -0.5380 0.1029
vn -0.3790 0.9248 0.0346
vn -0.0831 0.3388 -0.9372
vn -0.4113 -0.5869 -0.6974
vt 0.484415 0.484415
vt 0.526365 0.000000
vt 0.537484 0.537484
vt 0.375000 0.268875
vt 0.379812 0.268311
vt 0.383813 0.281250
vt 0.375000 0.312500
vt 0.375000 0.281250
vt 0.375000 0.312500
vt 0.383813 0.281250
vt 0.375000 0.268961
vt 0.156250 0.500000
vt 0.185573 0.502803
vt 0.143961 0.500000
s 0
usemtl マテリアル
f 2801/3858/1920 2803/3859/1920 2802/3860/1920
s 1
f 2800/3861/1921 2797/3862/1922 2798/3863/1923
f 2799/3864/1924 2796/3865/1925 2800/3865/1921
f 2799/3866/1924 2800/3865/1921 2798/3867/1923
f 2800/3865/1921 2796/3865/1925 2797/3868/1922
f 2796/3869/1925 2799/3870/1924 2797/3871/1922
o 立方体.002_cell.085
v -0.054249 -0.023716 -0.054249
v -0.042703 -0.023716 -0.062627
v -0.077900 -0.022693 -0.024696
v -0.072750 -0.021104 -0.023667
v -0.066582 -0.036695 -0.021812
v -0.060949 -0.035238 -0.023233
v -0.062768 -0.039187 -0.027010
v -0.054398 -0.043519 -0.037137
v -0.045590 -0.046275 -0.045590
v -0.039183 -0.046627 -0.049719
v -0.034536 -0.043354 -0.048768
v -0.031249 -0.041243 -0.052353
v -0.034526 -0.038247 -0.060351
v -0.040140 -0.021969 -0.072773
v -0.038047 -0.019662 -0.068324
v -0.044946 -0.008803 -0.082703
v -0.042910 -0.005806 -0.078361
v -0.078048 -0.014597 -0.043484
v -0.073968 -0.011468 -0.041568
v -0.078231 -0.019955 -0.031234
v -0.074354 -0.016666 -0.030158
v -0.075967 -0.012884 -0.051866
v -0.072012 -0.009797 -0.049100
v -0.054557 0.002078 -0.080020
v -0.065048 -0.005205 -0.065048
v -0.068876 -0.008241 -0.068876
v -0.057797 -0.000547 -0.084654
v -0.077900 -0.022693 -0.024696
v -0.066582 -0.036695 -0.021812
v -0.066582 -0.036695 -0.021812
v -0.066582 -0.036695 -0.021812
v -0.034526 -0.038247 -0.060351
v -0.040140 -0.021969 -0.072773
v -0.038047 -0.019662 -0.068324
v -0.042910 -0.005806 -0.078361
v -0.044946 -0.008803 -0.082703
v -0.072012 -0.009797 -0.049100
v -0.065048 -0.005205 -0.065048
v -0.054557 0.002078 -0.080020
v -0.068876 -0.008241 -0.068876
v -0.057797 -0.000547 -0.084654
v -0.075967 -0.012884 -0.051866
v -0.039183 -0.046627 -0.049719
v -0.034536 -0.043354 -0.048768
v -0.072750 -0.021104 -0.023667
v -0.062768 -0.039187 -0.027010
v -0.073968 -0.011468 -0.041568
v -0.074354 -0.016666 -0.030158
v -0.060949 -0.035238 -0.023233
v -0.078048 -0.014597 -0.043484
v -0.078231 -0.019955 -0.031234
v -0.031249 -0.041243 -0.052353
vn -0.2061 0.0348 0.9779
vn 0.3386 -0.7272 0.5971
vn 0.9067 -0.0092 -0.4218
vn 0.9035 0.0067 -0.4285
vn -0.6645 0.6882 0.2911
vn -0.5016 0.7241 0.4733
vn 0.5701 -0.8207 0.0395
vn 0.4822 0.5864 -0.6508
vn -0.6034 0.7970 -0.0252
vn -0.2940 -0.6803 0.6714
vn 0.2187 -0.8018 0.5562
vn -0.6570 -0.6477 -0.3858
vn -0.5089 -0.6541 -0.5596
vn -0.7329 -0.6400 -0.2309
vn -0.7157 -0.6409 -0.2775
vn 0.7251 -0.6885 0.0129
vn 0.8299 0.5345 0.1597
vn 0.8061 0.5175 0.2871
vn -0.3529 -0.9268 -0.1286
vn -0.3704 -0.6631 -0.6505
vn -0.2798 -0.6764 -0.6813
vn 0.6785 -0.5179 -0.5210
vn 0.9406 0.2388 0.2412
vn 0.5170 0.5661 0.6420
vn 0.4475 0.5938 0.6687
vn 0.4689 0.6251 0.6240
vn 0.5207 0.6042 0.6032
vn 0.6979 0.5375 0.4733
vn 0.7926 0.5082 0.3369
vn 0.4028 0.5474 0.7336
vn 0.4897 0.6142 0.6188
vn -0.7060 -0.6408 -0.3016
vt 1.000000 0.600314
vt 0.078282 0.078282
vt 0.000905 0.000905
vt 0.720548 0.720548
vt 0.698576 0.698576
vt 0.743144 0.718369
vt 1.000000 0.657267
vt 1.000000 0.682383
vt 0.706237 0.706237
vt 0.682383 0.682383
vt 0.657267 0.657267
vt 0.637204 0.000000
vt 0.663178 0.000000
vt 0.945007 0.654939
vt 0.656185 0.656185
vt 0.632803 0.632803
vt 1.000000 0.633173
vt 1.000000 0.000683
vt 1.000000 0.059544
vt 0.655308 0.655308
vt 0.633173 0.633173
vt 0.831650 0.000000
vt 1.000000 0.184704
vt 1.000000 0.208863
vt 1.000000 0.606988
vt 0.663178 0.663178
vt 0.637204 0.637204
vt 1.000000 0.574719
vt 0.791684 0.626006
vt 0.606987 0.606987
vt 0.579668 0.574854
vt 0.771154 0.594706
vt 0.958288 0.635835
vt 1.000000 0.647703
vt 1.000000 0.672027
vt 0.968388 0.663276
vt 0.572812 0.250000
vt 0.574381 0.218750
vt 0.591810 0.218750
vt 0.594452 0.250000
vt 0.578263 0.173440
vt 0.586241 0.171959
vt 0.588340 0.187500
vt 0.576845 0.187500
vt 0.861254 0.575267
vt 0.861254 0.569373
vt 0.861254 0.572251
vt 0.861254 0.582091
vt 0.861254 0.580731
vt 0.572631 0.281250
vt 0.598971 0.282075
vt 0.594132 0.297755
vt 0.586641 0.296756
vt 0.577380 0.294238
vt 0.573985 0.292118
vt 0.598829 0.281250
vt 0.572611 0.269835
vt 0.861254 0.513746
vt 0.833441 0.513746
vt 0.833441 0.513746
vt 0.861254 0.513746
vt 0.861254 0.541559
vt 0.861254 0.541559
vt 0.861254 0.541559
vt 0.861254 0.554140
vt 0.832992 0.513746
vt 0.823582 0.513746
vt 0.822544 0.513746
vt 0.820286 0.513746
vt 0.819265 0.513746
vt 0.843999 0.513746
vt 0.591424 0.211678
s 0
usemtl マテリアル
f 2832/3872/1926 2848/3873/1926 2831/3874/1926
f 2852/3875/1927 2833/3876/1927 2810/3877/1927
f 2836/3878/1928 2837/3879/1928 2835/3880/1928
f 2837/3881/1929 2836/3882/1929 2839/3883/1929 2838/3884/1929
f 2851/3885/1930 2850/3886/1930 2853/3887/1930 2854/3888/1930
f 2831/3889/1931 2848/3890/1931 2851/3891/1931 2854/3892/1931
f 2815/3893/1932 2847/3894/1932 2813/3895/1932
f 2842/3896/1933 2838/3897/1933 2839/3898/1933 2844/3899/1933
f 2841/3900/1934 2842/3901/1934 2844/3902/1934 2843/3903/1934 2845/3904/1934 2853/3905/1934 2850/3906/1934 2840/3907/1934
s 1
f 2812/3908/1935 2811/3909/1936 2825/3910/1937 2829/3911/1938
f 2834/3912/1939 2806/3913/1939 2823/3914/1940 2849/3915/1941
f 2809/3916/1942 2849/3917/1941 2824/3918/1943 2807/3919/1942 2808/3920/1942
f 2846/3921/1944 2830/3922/1945 2819/3923/1946 2817/3924/1946 2816/3925/1947 2855/3926/1948
f 2812/3908/1935 2829/3911/1938 2830/3927/1945 2846/3928/1944
f 2804/3929/1949 2805/3930/1950 2827/3931/1951 2828/3932/1952
f 2812/3929/1935 2804/3929/1949 2828/3929/1952 2826/3933/1953 2811/3934/1936
f 2824/3917/1943 2849/3917/1941 2811/3935/1936 2826/3933/1953 2822/3936/1954
f 2805/3930/1950 2814/3937/1955 2855/3938/1948 2816/3939/1947 2818/3940/1956 2820/3941/1956 2827/3931/1951
f 2814/3931/1955 2805/3930/1950 2804/3929/1949 2812/3929/1935 2846/3942/1944
f 2849/3915/1941 2823/3914/1940 2821/3943/1957 2825/3910/1937 2811/3909/1936
o 立方体.002_cell.086
v -0.100019 0.014873 -0.054839
v -0.095681 0.018922 -0.052866
v -0.084755 -0.005123 -0.047953
v -0.080109 -0.002315 -0.045843
v -0.078994 -0.012479 -0.045755
v -0.074854 -0.009290 -0.043848
v -0.077009 -0.011405 -0.052577
v -0.069598 -0.006183 -0.057442
v -0.073032 -0.008285 -0.049795
v -0.073625 -0.009352 -0.060449
v -0.069764 -0.006790 -0.069764
v -0.055711 0.003438 -0.080553
v -0.065913 -0.003721 -0.065913
v -0.058849 0.000871 -0.085392
v -0.069047 0.023051 -0.101310
v -0.067175 0.018958 -0.098387
v -0.066254 0.027368 -0.097017
v -0.073629 0.029875 -0.105228
v -0.071264 0.034724 -0.100791
v -0.108767 0.026366 -0.058848
v -0.104664 0.031203 -0.056984
v -0.100184 0.030383 -0.065203
v -0.104576 0.025507 -0.066691
v -0.089412 0.025301 -0.089412
v -0.085924 0.030582 -0.085924
v -0.066254 0.027368 -0.097017
v -0.071264 0.034724 -0.100791
v -0.100019 0.014873 -0.054839
v -0.084755 -0.005123 -0.047953
v -0.095681 0.018922 -0.052866
v -0.080109 -0.002315 -0.045843
v -0.074854 -0.009290 -0.043848
v -0.078994 -0.012479 -0.045755
v -0.077009 -0.011405 -0.052577
v -0.073625 -0.009352 -0.060449
v -0.069598 -0.006183 -0.057442
v -0.073032 -0.008285 -0.049795
v -0.069764 -0.006790 -0.069764
v -0.058849 0.000871 -0.085392
v -0.055711 0.003438 -0.080553
v -0.065913 -0.003721 -0.065913
v -0.104576 0.025507 -0.066691
v -0.089412 0.025301 -0.089412
v -0.069047 0.023051 -0.101310
v -0.067175 0.018958 -0.098387
v -0.073629 0.029875 -0.105228
v -0.108767 0.026366 -0.058848
v -0.104664 0.031203 -0.056984
v -0.100184 0.030383 -0.065203
v -0.085924 0.030582 -0.085924
vn -0.4128 -0.0015 0.9108
vn -0.3955 -0.0355 0.9178
vn 0.5958 -0.8017 0.0471
vn 0.6037 -0.7966 0.0311
vn 0.8398 -0.0035 -0.5429
vn 0.7584 0.1719 -0.6287
vn -0.4151 0.0014 0.9098
vn -0.6154 0.6774 -0.4030
vn -0.6102 0.6759 -0.4134
vn -0.4357 -0.6487 -0.6239
vn -0.4176 -0.6468 -0.6381
vn -0.4359 -0.6487 -0.6238
vn 0.4563 0.6319 0.6265
vn 0.5420 0.6353 0.5501
vn 0.5733 0.6344 0.5185
vn 0.7089 0.6267 0.3234
vn 0.6796 0.6291 0.3773
vn 0.6749 0.6293 0.3854
vn -0.5323 -0.6527 -0.5391
vn -0.5671 -0.6514 -0.5041
vn -0.6348 -0.6436 -0.4276
vn -0.6756 -0.6442 -0.3586
vn -0.6724 -0.6443 -0.3643
vn -0.7031 -0.6420 -0.3057
vn 0.6348 0.6284 0.4496
vn -0.4367 -0.6488 -0.6232
vt 0.492781 0.000000
vt 1.000000 0.594039
vt 1.000000 0.620545
vt 0.468021 0.000000
vt 0.620545 0.620545
vt 0.594039 0.594039
vt 1.000000 0.625900
vt 1.000000 0.649583
vt 0.625900 0.625900
vt 0.792011 0.637298
vt 1.000000 0.656708
vt 1.000000 0.679735
vt 0.795749 0.660044
vt 0.649583 0.649583
vt 1.000000 0.535344
vt 1.000000 0.567573
vt 0.781539 0.636593
vt 0.679735 0.679735
vt 0.656708 0.656708
vt 0.766533 0.608984
vt 0.482958 0.098585
vt 0.471207 0.000000
vt 0.502587 0.000000
vt 0.567573 0.567573
vt 0.535344 0.535344
vt 1.000000 0.227639
vt 0.502587 0.502587
vt 0.471207 0.471207
vt 1.000000 0.177910
vt 1.000000 0.507219
vt 1.000000 0.531979
vt 0.393452 0.000000
vt 0.423008 0.000000
vt 0.423008 0.423008
vt 0.393452 0.393452
vt 1.000000 0.397246
vt 1.000000 0.427097
vt 0.793206 0.000000
vt 0.651615 0.200843
vt 0.427097 0.427097
vt 0.420165 0.376967
vt 0.600795 0.187341
vt 0.734383 0.000000
vt 0.614837 0.281315
vt 0.612255 0.281386
vt 0.609927 0.281250
vt 0.833558 0.513746
vt 0.835995 0.513746
vt 0.861254 0.513746
vt 0.834447 0.513746
vt 0.861254 0.556082
vt 0.861254 0.555189
vt 0.861254 0.553032
vt 0.861254 0.551544
vt 0.861254 0.541559
vt 0.861254 0.544711
vt 0.613535 0.250000
vt 0.595277 0.250000
vt 0.593819 0.233501
vt 0.592652 0.218750
vt 0.613418 0.218750
vt 0.592040 0.206656
vt 0.596225 0.204996
vt 0.607602 0.202821
vt 0.614141 0.201935
vt 0.861254 0.541559
vt 0.861254 0.527988
vt 0.599636 0.280508
vt 0.614877 0.281250
vt 0.609926 0.281250
s 0
usemtl マテリアル
f 2883/3944/1958 2884/3945/1958 2886/3946/1958 2885/3947/1958
f 2886/3948/1959 2884/3949/1959 2888/3950/1959 2887/3951/1959
f 2888/3952/1960 2889/3953/1960 2890/3954/1960 2891/3955/1960 2892/3956/1960 2887/3957/1960
f 2894/3958/1961 2895/3959/1961 2896/3960/1961 2891/3961/1961 2890/3962/1961 2893/3963/1961
f 2900/3964/1962 2899/3965/1962 2881/3966/1962 2895/3967/1962 2894/3968/1962
f 2882/3969/1963 2881/3970/1963 2899/3971/1963 2901/3972/1963
f 2883/3973/1964 2885/3974/1964 2903/3975/1964 2902/3976/1964
f 2902/3977/1965 2903/3978/1965 2904/3979/1965 2897/3980/1965
f 2901/3981/1966 2898/3982/1966 2897/3983/1966 2904/3984/1966 2905/3985/1966 2882/3986/1966
s 1
f 2873/3987/1967 2870/3988/1968 2871/3989/1969
f 2872/3990/1970 2874/3991/1970 2880/3992/1971 2868/3992/1972 2867/3993/1970
f 2876/3994/1973 2857/3995/1973 2859/3996/1973 2861/3997/1973 2864/3998/1974 2877/3999/1975
f 2879/4000/1976 2866/4001/1977 2865/4002/1978 2862/4003/1979 2878/4004/1980
f 2878/4004/1980 2862/4003/1979 2860/4005/1981 2858/4006/1981 2856/4007/1981 2875/4008/1981
f 2868/3992/1972 2880/3992/1971 2877/4009/1975 2864/3998/1974 2863/4010/1982
f 2869/4011/1983 2866/4001/1977 2879/4000/1976 2873/4012/1967 2871/4013/1969
o 立方体.002_cell.087
v -0.094545 0.045361 -0.094545
v -0.101749 0.045452 -0.101749
v -0.127856 0.045452 -0.055019
v -0.119686 0.045361 -0.051503
v -0.117041 0.045452 -0.079912
v -0.109204 0.045361 -0.074448
v -0.132057 0.045452 -0.041652
v -0.123723 0.045361 -0.039365
v -0.125070 0.037590 -0.042046
v -0.117687 0.032228 -0.050643
v -0.113499 0.036993 -0.048841
v -0.106054 0.032987 -0.057395
v -0.110165 0.028105 -0.059286
v -0.100703 0.031780 -0.066772
v -0.105159 0.026872 -0.068220
v -0.090341 0.031896 -0.081686
v -0.094261 0.026641 -0.084479
v -0.075255 0.045361 -0.108615
v -0.079163 0.043894 -0.115944
v -0.090280 0.026718 -0.090280
v -0.073133 0.035944 -0.100661
v -0.086772 0.032036 -0.086772
v -0.075624 0.031026 -0.105029
v -0.132057 0.045452 -0.041652
v -0.132057 0.045452 -0.041652
v -0.123723 0.045361 -0.039365
v -0.123723 0.045361 -0.039365
v -0.125070 0.037590 -0.042046
v -0.117687 0.032228 -0.050643
v -0.106054 0.032987 -0.057395
v -0.100703 0.031780 -0.066772
v -0.110165 0.028105 -0.059286
v -0.105159 0.026872 -0.068220
v -0.094261 0.026641 -0.084479
v -0.090280 0.026718 -0.090280
v -0.075624 0.031026 -0.105029
v -0.073133 0.035944 -0.100661
v -0.086772 0.032036 -0.086772
v -0.090341 0.031896 -0.081686
v -0.094545 0.045361 -0.094545
v -0.109204 0.045361 -0.074448
v -0.101749 0.045452 -0.101749
v -0.117041 0.045452 -0.079912
v -0.119686 0.045361 -0.051503
v -0.127856 0.045452 -0.055019
v -0.075255 0.045361 -0.108615
v -0.075255 0.045361 -0.108615
v -0.113499 0.036993 -0.048841
v -0.079163 0.043894 -0.115944
v -0.079163 0.043894 -0.115944
vn -0.2572 -0.2751 0.9264
vn 0.4299 -0.4663 0.7731
vn 0.4243 -0.6183 0.6616
vn 0.6017 -0.6731 0.4300
vn 0.6082 -0.6753 0.4172
vn 0.8979 -0.1284 -0.4211
vn 0.6123 -0.6752 0.4112
vn -0.0050 0.9993 -0.0378
vn -0.0048 0.9993 -0.0370
vn 0.0083 1.0000 0.0048
vn 0.0084 1.0000 0.0047
vn 0.0099 0.9999 0.0032
vn 0.0095 0.9999 0.0036
vn -0.0176 0.9966 -0.0809
vn -0.7331 -0.6400 -0.2304
vn -0.7184 -0.6415 -0.2690
vn -0.7139 -0.6418 -0.2802
vn -0.6613 -0.6500 -0.3745
vn -0.6684 -0.6489 -0.3634
vn -0.7032 -0.6420 -0.3055
vn -0.5383 -0.6572 -0.5275
vn -0.5444 -0.6573 -0.5211
vn -0.6251 -0.6532 -0.4273
vn 0.6267 0.6356 0.4509
vn 0.5536 0.6386 0.5345
vn 0.5458 0.6385 0.5426
vn 0.6661 0.6334 0.3940
vn 0.6715 0.6328 0.3855
vn 0.7190 0.6269 0.3000
vn 0.7249 0.6268 0.2857
vn 0.7402 0.6257 0.2462
vn 0.7088 0.6268 0.3237
vn 0.4568 0.6318 0.6262
vn -0.4365 -0.6488 -0.6233
vt 0.969244 0.537003
vt 0.899666 0.468100
vt 1.000000 0.511580
vt 0.565114 0.565114
vt 0.527934 0.527934
vt 1.000000 0.600783
vt 0.933779 0.621299
vt 0.632131 0.632131
vt 0.600783 0.600783
vt 0.578095 0.000000
vt 0.608460 0.000000
vt 0.603837 0.000000
vt 0.608459 0.608459
vt 0.578095 0.578095
vt 0.573170 0.000000
vt 0.945546 0.362489
vt 0.648589 0.000000
vt 0.675538 0.000000
vt 1.000000 0.396163
vt 0.569639 0.569639
vt 0.647749 0.517321
vt 0.647354 0.570368
vt 0.602900 0.602900
vt 0.648589 0.648589
vt 0.732974 0.614988
vt 1.000000 0.537920
vt 1.000000 0.573349
vt 0.750425 0.646226
vt 0.675538 0.675538
vt 0.861254 0.513746
vt 0.875000 0.500000
vt 0.875000 0.531250
vt 0.861254 0.541559
vt 0.861254 0.582991
vt 0.861254 0.569373
vt 0.875000 0.562500
vt 0.875000 0.578273
vt 0.834558 0.513746
vt 0.843750 0.500000
vt 0.625000 0.171727
vt 0.625000 0.187500
vt 0.617477 0.187500
vt 0.621274 0.171959
vt 0.617477 0.187500
vt 0.625000 0.218750
vt 0.614429 0.214872
vt 0.615130 0.201575
vt 0.625000 0.250000
vt 0.614342 0.250000
vt 0.614297 0.240755
vt 0.614245 0.218750
vt 0.861254 0.521298
vt 0.861254 0.569373
vt 0.861254 0.580664
vt 0.861254 0.567183
vt 0.861254 0.556443
vt 0.835263 0.513746
vt 0.624114 0.281250
vt 0.616792 0.277065
s 0
usemtl マテリアル
f 2931/4014/1984 2929/4015/1984 2933/4016/1984
f 2931/4017/1985 2933/4018/1985 2934/4019/1985 2916/4020/1985
f 2916/4021/1986 2934/4022/1986 2937/4023/1986 2935/4024/1986
f 2936/4025/1987 2935/4026/1987 2937/4027/1987 2938/4028/1987
f 2938/4029/1988 2939/4030/1988 2944/4031/1988 2936/4032/1988
f 2941/4033/1989 2954/4034/1989 2952/4035/1989 2942/4036/1989
f 2939/4037/1990 2940/4038/1990 2941/4039/1990 2942/4040/1990 2943/4041/1990 2944/4042/1990
s 1
f 2945/4043/1991 2947/4044/1992 2948/4045/1993 2946/4046/1994
f 2932/4047/1995 2949/4048/1996 2950/4049/1996 2930/4050/1995
f 2946/4046/1994 2948/4045/1993 2950/4049/1996 2949/4048/1996
f 2947/4044/1992 2945/4043/1991 2951/4051/1997 2955/4052/1997
f 2912/4053/1998 2908/4054/1999 2915/4055/2000 2914/4056/1998
f 2915/4057/2000 2908/4054/1999 2910/4058/2001 2920/4059/2002 2918/4060/2003
f 2910/4058/2001 2907/4061/2004 2925/4062/2005 2922/4063/2006 2920/4064/2002
f 2921/4065/2007 2927/4043/2008 2906/4043/2009 2911/4046/2010 2919/4046/2011
f 2953/4066/2012 2909/4048/2013 2913/4067/2014
f 2919/4046/2011 2911/4046/2010 2909/4048/2013 2953/4068/2012 2917/4069/2015
f 2926/4070/2016 2923/4051/2016 2906/4043/2009 2927/4043/2008
f 2907/4061/2004 2924/4071/2017 2928/4072/2017 2925/4062/2005
o 立方体.002_cell.088
v -0.074945 -0.023716 -0.000000
v -0.073303 -0.023716 0.015313
v -0.078363 -0.022742 -0.023092
v -0.074733 -0.019225 -0.022468
v -0.097605 -0.002865 0.009556
v -0.093001 -0.009447 -0.000000
v -0.089027 -0.006317 -0.000000
v -0.093262 0.000147 0.009173
v -0.079205 -0.016254 -0.016545
v -0.082705 -0.019849 -0.017328
v -0.098823 0.008896 0.021513
v -0.107274 0.014086 0.033389
v -0.103405 0.005430 0.021667
v -0.102743 0.018539 0.034262
v -0.067094 -0.036848 -0.019765
v -0.064882 -0.041613 -0.013593
v -0.058390 -0.050876 0.000354
v -0.101367 0.007661 0.034336
v -0.098403 0.013951 0.035657
v -0.052035 -0.057066 0.011548
v -0.089027 -0.006317 -0.000000
v -0.079205 -0.016254 -0.016545
v -0.093001 -0.009447 -0.000000
v -0.082705 -0.019849 -0.017328
v -0.097605 -0.002865 0.009556
v -0.093262 0.000147 0.009173
v -0.078363 -0.022742 -0.023092
v -0.107274 0.014086 0.033389
v -0.103405 0.005430 0.021667
v -0.098823 0.008896 0.021513
v -0.102743 0.018539 0.034262
v -0.074733 -0.019225 -0.022468
v -0.101367 0.007661 0.034336
v -0.052035 -0.057066 0.011548
v -0.067094 -0.036848 -0.019765
v -0.098403 0.013951 0.035657
vn -0.4670 0.5973 -0.6520
vn -0.4740 0.6017 -0.6428
vn -0.4758 0.6023 -0.6409
vn -0.4879 0.6175 -0.6170
vn 0.2198 -0.0541 -0.9740
vn -0.2480 -0.0248 0.9684
vn 0.1106 -0.2540 0.9609
vn 0.6403 -0.7288 -0.2425
vn -0.7425 -0.6414 0.1932
vn -0.7649 -0.6398 0.0749
vn -0.7667 -0.6411 0.0344
vn 0.4806 -0.7798 -0.4011
vn 0.5155 -0.7934 -0.3237
vn 0.8497 0.5215 0.0780
vn 0.7946 0.6040 -0.0617
vn 0.8243 0.5637 -0.0522
vn 0.7958 0.5977 -0.0977
vn 0.8019 0.5888 -0.1009
vn 0.8044 0.5849 -0.1042
vn -0.7573 -0.6416 -0.1217
vn -0.7329 -0.6399 -0.2311
vn 0.5514 -0.8340 -0.0174
vn 0.7750 0.6259 -0.0874
vn -0.7330 -0.6399 0.2306
vn 0.8543 0.4666 0.2288
vt 0.034448 0.000000
vt 0.088033 0.000000
vt 1.000000 0.426940
vt 1.000000 0.452002
vt 0.452002 0.452002
vt 0.456194 0.428785
vt 0.805403 0.465273
vt 1.000000 0.491699
vt 1.000000 0.515046
vt 0.812860 0.488599
vt 0.625300 0.039100
vt 0.515046 0.515046
vt 0.491699 0.491699
vt 0.603962 0.000000
vt 0.609319 0.586331
vt 0.799779 0.000000
vt 0.844092 0.000000
vt 0.635130 0.635130
vt 0.563591 0.563591
vt 0.494582 0.000000
vt 0.523479 0.000000
vt 0.877806 0.877806
vt 0.831506 0.831506
vt 1.000000 0.869409
vt 1.000000 0.904495
vt 0.813029 0.000000
vt 0.904495 0.904495
vt 0.869409 0.869409
vt 0.566815 0.093750
vt 0.602103 0.094208
vt 0.597510 0.110236
vt 0.593766 0.125000
vt 0.570195 0.124085
vt 0.861254 0.597186
vt 0.861254 0.597186
vt 0.861254 0.625000
vt 0.861254 0.654034
vt 0.861254 0.672979
vt 0.861254 0.672540
vt 0.861254 0.652814
vt 0.861254 0.652814
vt 0.570311 0.125000
vt 0.587848 0.156250
vt 0.575465 0.156250
vt 0.587441 0.159313
vt 0.585529 0.168938
vt 0.578175 0.168789
vt 0.861254 0.638256
vt 0.861254 0.652814
vt 0.602230 0.093750
vt 0.566673 0.091912
vt 0.603499 0.075006
vt 0.607155 0.078872
vt 0.861254 0.594317
vt 0.861254 0.585146
vt 0.861254 0.585244
s 0
usemtl マテリアル
f 2987/4073/2018 2982/4074/2018 2979/4075/2018 2977/4076/2018
f 2977/4077/2019 2979/4078/2019 2978/4079/2019 2980/4080/2019 2981/4081/2019 2976/4082/2019
f 2985/4083/2020 2981/4084/2020 2980/4085/2020 2984/4086/2020
f 2984/4087/2021 2983/4088/2021 2986/4089/2021 2985/4090/2021
f 2970/4091/2022 2982/4092/2022 2987/4093/2022
f 2986/4094/2023 2983/4095/2023 2988/4096/2023 2991/4097/2023
f 2989/4098/2024 2991/4099/2024 2988/4100/2024
s 1
f 2975/4101/2025 2968/4102/2026 2960/4103/2027 2961/4104/2028 2972/4105/2029
f 2971/4106/2030 2964/4107/2031 2962/4108/2032 2956/4108/2033 2972/4108/2029
f 2966/4109/2034 2969/4110/2035 2974/4111/2035 2975/4112/2025 2957/4113/2036
f 2972/4114/2029 2961/4104/2028 2965/4115/2037 2971/4116/2030
f 2971/4116/2030 2965/4117/2037 2958/4118/2038 2990/4119/2039
f 2957/4113/2036 2956/4108/2033 2962/4108/2032 2963/4120/2040 2966/4121/2034
f 2972/4108/2029 2956/4108/2033 2957/4113/2036 2975/4112/2025
f 2968/4122/2026 2975/4123/2025 2973/4124/2041 2967/4125/2041
f 2964/4107/2031 2971/4126/2030 2990/4127/2039 2959/4128/2042
o 立方体.002_cell.089
v 0.058409 -0.263524 -0.000000
v 0.047275 -0.263524 -0.000116
v 0.056110 -0.259042 -0.011758
v 0.055101 -0.258782 0.010225
v 0.056751 -0.263524 0.010552
v 0.051633 -0.263524 0.005060
v 0.050501 -0.257649 0.005634
v 0.045410 -0.256383 -0.000000
v 0.055101 -0.258782 0.010225
v 0.056751 -0.263524 0.010552
v 0.050501 -0.257649 0.005634
v 0.051633 -0.263524 0.005060
v 0.047275 -0.263524 -0.000116
v 0.045410 -0.256383 -0.000000
v 0.056110 -0.259042 -0.011758
vn -0.7473 -0.1849 -0.6383
vn -0.7163 -0.2032 0.6675
vn -0.7486 -0.2058 0.6303
vn 0.8825 0.2828 -0.3757
vn 0.9212 -0.2727 -0.2774
vn 0.5569 0.8295 0.0417
vn 0.6203 0.7697 -0.1511
vn 0.9580 0.2268 0.1753
vn 0.0020 -0.9808 -0.1951
vt 0.511970 0.277381
vt 0.675193 0.000000
vt 0.771696 0.000000
vt 0.340184 0.340184
vt 0.325694 0.000000
vt 0.396397 0.000000
vt 0.397394 0.397394
vt 1.000000 0.324807
vt 0.396397 0.396397
vt 0.325694 0.325694
vt 1.000000 0.228304
vt 0.375000 0.652855
vt 0.375000 0.625000
vt 0.399551 0.625000
vt 0.388950 0.641778
vt 0.379459 0.652601
vt 0.377285 0.593750
vt 0.347287 0.624713
vt 0.375000 0.594570
vt 0.373395 0.652379
vt 0.359765 0.637717
s 0
usemtl マテリアル
f 3006/4129/2043 3004/4130/2043 3005/4131/2043
f 3000/4132/2044 3002/4133/2044 3003/4134/2044 3001/4135/2044
f 3004/4136/2045 3003/4137/2045 3002/4138/2045 3005/4139/2045
s 1
f 2996/4140/2046 2992/4141/2047 2999/4142/2048 2998/4143/2049 2995/4144/2049
f 2999/4142/2048 2992/4141/2047 2994/4145/2050
f 2993/4146/2051 2994/4147/2050 2992/4141/2047 2996/4148/2046 2997/4149/2051
o 立方体.002_cell.090
v -0.000000 -0.263524 -0.058409
v 0.023149 -0.263524 -0.053795
v 0.012007 -0.259315 -0.057297
v 0.033623 -0.263524 -0.049245
v -0.004809 -0.263524 -0.047790
v -0.003928 -0.256530 -0.045697
v -0.008932 -0.263524 -0.057582
v -0.000711 -0.263524 -0.038153
v 0.021828 -0.263524 -0.032883
v 0.027206 -0.256169 -0.036353
v 0.035798 -0.263524 -0.042141
v 0.037447 -0.258729 -0.043333
v -0.000551 -0.254671 -0.037764
v 0.003196 -0.263524 -0.033272
v 0.012870 -0.263524 -0.032958
v 0.006771 -0.254346 -0.035747
v 0.015288 -0.254842 -0.035528
v -0.004809 -0.263524 -0.047790
v -0.008932 -0.263524 -0.057582
v -0.000711 -0.263524 -0.038153
v -0.003928 -0.256530 -0.045697
v -0.000551 -0.254671 -0.037764
v 0.035798 -0.263524 -0.042141
v 0.037447 -0.258729 -0.043333
v 0.027206 -0.256169 -0.036353
v 0.003196 -0.263524 -0.033272
v 0.012870 -0.263524 -0.032958
v 0.021828 -0.263524 -0.032883
v 0.006771 -0.254346 -0.035747
v 0.015288 -0.254842 -0.035528
vn -0.9217 0.0001 0.3880
vn -0.9201 -0.0009 0.3916
vn 0.5568 -0.0033 0.8307
vn -0.1351 0.3067 0.9422
vn 0.0359 0.3159 0.9481
vn 0.0386 0.9562 -0.2901
vn 0.1810 0.4082 -0.8948
vn -0.0094 -0.1355 -0.9907
vn -0.1082 0.9288 -0.3544
vn 0.2573 -0.1576 -0.9534
vn 0.1251 0.8851 -0.4483
vn 0.4704 -0.8634 -0.1824
vn 0.3947 -0.2550 -0.8827
vn 0.3727 0.5879 -0.7179
vn 0.2166 0.9297 -0.2980
vn 0.4601 -0.0785 -0.8844
vn 0.0121 -0.9981 -0.0609
vn 0.0613 0.8943 -0.4432
vn -0.7807 -0.0134 0.6248
vt 0.750244 0.429768
vt 0.282998 0.282998
vt 0.183527 0.183527
vt 1.000000 0.282998
vt 0.715159 0.000000
vt 0.835373 0.000000
vt 1.000000 0.183527
vt 1.000000 0.428322
vt 1.000000 0.469115
vt 0.211977 0.211977
vt 0.115113 0.115113
vt 0.818573 0.818573
vt 0.495627 0.495627
vt 1.000000 0.377658
vt 1.000000 0.774207
vt 0.774207 0.774207
vt 0.377658 0.377658
vt 0.209714 0.000000
vt 0.412491 0.026759
vt 0.599258 0.407569
vt 0.416511 0.406250
vt 0.375000 0.406250
vt 0.375000 0.375000
vt 0.416992 0.388719
vt 0.414498 0.375000
vt 0.375000 0.351754
vt 0.398321 0.361997
vt 0.375000 0.489693
vt 0.375000 0.468750
vt 0.375000 0.489616
vt 0.412461 0.437500
vt 0.375000 0.437500
vt 0.346068 0.516244
vt 0.301334 0.551562
vt 0.279266 0.555687
vt 0.257278 0.557854
vt 0.248344 0.547895
vt 0.238183 0.524603
vt 0.226753 0.500000
vt 0.250000 0.500000
vt 0.281250 0.500000
vt 0.312500 0.500000
vt 0.343750 0.500000
vt 0.406379 0.468750
vt 0.401348 0.476073
vt 0.415672 0.415672
vt 0.495627 0.000000
vt 0.675662 0.675662
s 0
usemtl マテリアル
f 3025/4150/2052 3024/4151/2052 3027/4152/2052
f 3024/4153/2053 3026/4154/2053 3028/4155/2053 3027/4156/2053
f 3029/4157/2054 3030/4158/2054 3031/4159/2054 3034/4160/2054
f 3028/4161/2055 3032/4162/2055 3033/4163/2055 3035/4164/2055
f 3035/4165/2056 3033/4166/2056 3034/4167/2056 3031/4168/2056 3036/4169/2056
s 1
f 3022/4170/2057 3009/4171/2058 3007/4172/2059 3019/4173/2060
f 3019/4174/2060 3007/4172/2059 3013/4175/2061 3012/4176/2062
f 3017/4177/2063 3010/4178/2064 3018/4179/2065
f 3009/4171/2058 3022/4170/2057 3023/4180/2066 3008/4181/2067
f 3017/4182/2063 3015/4183/2068 3021/4184/2068 3020/4185/2068 3014/4186/2068 3011/4187/2068 3013/4188/2061 3007/4189/2059 3009/4190/2058 3008/4191/2067 3010/4192/2064
f 3008/4181/2067 3023/4180/2066 3016/4193/2069 3010/4178/2064
f 3016/4194/2069 3018/4179/2065 3010/4178/2064
s 0
f 3026/4195/2070 3032/4196/2070 3028/4197/2070
o 立方体.002_cell.091
v 0.001474 -0.128782 0.000909
v 0.001137 -0.194934 0.004594
v 0.002590 -0.128938 0.007828
v 0.009597 -0.155795 0.004130
v 0.005992 -0.155795 0.008779
v 0.001233 -0.130159 0.013190
v 0.001185 -0.155795 0.010323
v 0.001065 -0.182473 0.010967
v 0.011379 -0.128057 0.007765
v 0.013013 -0.131047 0.002015
v 0.011985 -0.140340 0.001897
v 0.010271 -0.186498 0.004420
v 0.011048 -0.148337 0.002313
v 0.001107 -0.194320 0.011244
v 0.009884 -0.194874 0.005799
v 0.006527 -0.194720 0.009562
v 0.007459 -0.128318 0.011483
v 0.001233 -0.130159 0.013190
v 0.001185 -0.155795 0.010323
v 0.001065 -0.182473 0.010967
v 0.013013 -0.131047 0.002015
v 0.011985 -0.140340 0.001897
v 0.011048 -0.148337 0.002313
v 0.001107 -0.194320 0.011244
v 0.009597 -0.155795 0.004130
v 0.010271 -0.186498 0.004420
v 0.011379 -0.128057 0.007765
v 0.007459 -0.128318 0.011483
v 0.009884 -0.194874 0.005799
v 0.006527 -0.194720 0.009562
vn -0.9998 0.0040 -0.0192
vn -0.4418 0.8924 0.0914
vn -0.1619 0.9856 0.0484
vn 0.0872 0.9696 -0.2284
vn 0.0958 0.0021 -0.9954
vn 0.0893 -0.0642 -0.9939
vn -1.0000 -0.0036 -0.0043
vn 0.0011 -0.9991 0.0420
vn -0.2402 0.9579 0.1573
vn 0.5263 -0.1111 0.8430
vn 0.5679 -0.0489 0.8216
vn 0.8148 -0.1100 0.5693
vn 0.2939 -0.1088 0.9496
vn 0.8090 -0.0556 0.5852
vn 0.5761 0.0268 0.8170
vn 0.2982 0.0232 0.9542
vn 0.7863 0.0278 0.6172
vn 0.3042 -0.0426 0.9517
vn 0.3031 0.0222 0.9527
vn 0.9890 -0.1107 0.0986
vn 0.9419 -0.1024 0.3199
vn 0.9417 -0.1023 0.3206
vn -0.0450 -0.9948 0.0918
vt 1.000000 0.653872
vt 1.000000 1.000000
vt 0.000000 0.000000
vt 0.200427 0.000000
vt 0.605145 0.380835
vt 0.813822 0.000000
vt 1.000000 0.000000
vt 1.000000 0.872539
vt 0.472022 0.393162
vt 0.917982 0.917982
vt 1.000000 0.822902
vt 0.847680 0.125489
vt 0.846763 0.000000
vt 0.822903 0.822903
vt 0.837911 0.702214
vt 0.853936 0.589692
vt 1.000000 0.799573
vt 0.892604 0.892604
vt 0.854631 0.854631
vt 1.000000 0.855209
vt 0.483636 0.157879
vt 0.521245 0.750000
vt 0.500000 0.718750
vt 0.521149 0.721412
vt 0.520467 0.812500
vt 0.500000 0.781250
vt 0.520901 0.785010
vt 0.500000 0.687500
vt 0.521099 0.718750
vt 0.490012 0.781250
vt 0.500000 0.812500
vt 0.490030 0.812500
vt 0.489992 0.693443
vt 0.492122 0.687500
vt 0.489971 0.718750
vt 0.490046 0.843750
vt 0.500000 0.843750
vt 0.500000 0.857715
vt 0.493154 0.860353
vt 0.511756 0.648744
vt 0.519874 0.656250
vt 0.505673 0.656250
vt 0.520489 0.687500
vt 0.500000 0.664978
vt 0.915182 0.854973
vt 1.000000 0.888942
vt 0.519500 0.860887
vt 0.500000 0.857715
s 0
usemtl マテリアル
f 3054/4198/2071 3037/4199/2071 3038/4200/2071 3056/4201/2071 3055/4202/2071
f 3054/4203/2072 3039/4204/2072 3037/4199/2072
f 3037/4199/2073 3039/4200/2073 3064/4204/2073
f 3057/4205/2074 3037/4199/2074 3064/4200/2074 3063/4206/2074
f 3037/4199/2075 3057/4207/2075 3058/4208/2075
f 3062/4209/2076 3065/4210/2076 3038/4204/2076 3037/4199/2076 3058/4211/2076 3059/4212/2076 3061/4213/2076
f 3056/4214/2077 3038/4199/2077 3060/4215/2077
f 3038/4199/2078 3065/4216/2078 3052/4217/2078
f 3064/4200/2079 3039/4204/2079 3054/4218/2079
s 1
f 3053/4219/2080 3041/4220/2081 3045/4221/2082
f 3042/4222/2083 3041/4223/2081 3053/4224/2080
f 3041/4220/2081 3040/4225/2084 3045/4226/2082
f 3066/4227/2085 3041/4228/2081 3050/4229/2086
f 3051/4230/2087 3048/4231/2087 3040/4225/2084 3041/4220/2081 3066/4232/2085
f 3050/4233/2086 3041/4234/2081 3043/4235/2088 3044/4236/2089
f 3047/4237/2090 3046/4238/2091 3049/4239/2092
f 3049/4239/2092 3046/4238/2091 3045/4240/2082 3040/4241/2084
s 0
f 3052/4242/2093 3060/4243/2093 3038/4199/2093
s 1
f 3042/4244/2083 3043/4245/2088 3041/4234/2081
o 立方体.002_cell.092
v -0.053084 0.029491 -0.104930
v -0.056305 0.025591 -0.109166
v -0.064332 0.027571 -0.098096
v -0.067114 0.023354 -0.102427
v -0.053425 0.003554 -0.081840
v -0.043878 -0.008054 -0.083851
v -0.041831 -0.005051 -0.079520
v -0.037121 -0.008635 -0.086263
v -0.035266 -0.005670 -0.081953
v -0.028979 -0.008946 -0.088553
v -0.028009 -0.005998 -0.084073
v -0.019143 -0.009279 -0.091361
v -0.018170 -0.006402 -0.086996
v -0.009101 -0.008705 -0.092771
v -0.055249 -0.000094 -0.086175
v -0.013671 0.027676 -0.115045
v -0.015580 0.023920 -0.119404
v -0.046204 0.028705 -0.107371
v -0.048169 0.024752 -0.111938
v -0.023750 0.027410 -0.113735
v -0.024789 0.023616 -0.118298
v -0.007706 -0.003325 -0.090612
v -0.011427 0.003921 -0.103096
v -0.009434 0.006224 -0.098153
v -0.064332 0.027571 -0.098096
v -0.053084 0.029491 -0.104930
v -0.053425 0.003554 -0.081840
v -0.067114 0.023354 -0.102427
v -0.056305 0.025591 -0.109166
v -0.041831 -0.005051 -0.079520
v -0.035266 -0.005670 -0.081953
v -0.043878 -0.008054 -0.083851
v -0.037121 -0.008635 -0.086263
v -0.028979 -0.008946 -0.088553
v -0.028009 -0.005998 -0.084073
v -0.019143 -0.009279 -0.091361
v -0.009101 -0.008705 -0.092771
v -0.018170 -0.006402 -0.086996
v -0.055249 -0.000094 -0.086175
v -0.048169 0.024752 -0.111938
v -0.024789 0.023616 -0.118298
v -0.046204 0.028705 -0.107371
v -0.023750 0.027410 -0.113735
v -0.007706 -0.003325 -0.090612
v -0.009434 0.006224 -0.098153
v -0.013671 0.027676 -0.115045
v -0.011427 0.003921 -0.103096
v -0.015580 0.023920 -0.119404
vn -0.4242 0.7869 -0.4483
vn -0.8573 -0.0612 0.5111
vn 0.1164 -0.8410 0.5283
vn 0.2090 -0.7501 0.6274
vn -0.5254 -0.5453 0.6532
vn -0.1009 0.7757 -0.6230
vn -0.1299 0.7767 -0.6163
vn 0.9359 -0.1008 -0.3375
vn 0.9370 -0.0822 -0.3395
vn -0.2714 -0.6416 -0.7175
vn -0.2658 -0.6414 -0.7197
vn -0.3058 -0.6420 -0.7031
vn -0.0710 -0.6392 -0.7657
vn -0.1519 -0.6417 -0.7518
vn -0.1521 -0.6417 -0.7517
vn -0.2306 -0.6399 -0.7330
vn 0.1741 0.6283 0.7582
vn 0.1660 0.6284 0.7600
vn 0.2877 0.6269 0.7240
vn 0.2820 0.6268 0.7263
vn 0.2456 0.6258 0.7403
vn 0.3231 0.6268 0.7090
vn 0.0839 0.6267 0.7748
vt 0.462618 0.000000
vt 0.489846 0.000000
vt 1.000000 0.516381
vt 1.000000 0.544734
vt 0.595759 0.000000
vt 0.507666 0.507666
vt 0.477247 0.477247
vt 0.563413 0.000000
vt 0.653842 0.653842
vt 0.627889 0.627889
vt 0.798076 0.614027
vt 1.000000 0.601004
vt 1.000000 0.627761
vt 0.819626 0.639844
vt 0.737286 0.294983
vt 0.880492 0.000000
vt 0.918430 0.000000
vt 0.763762 0.320295
vt 0.627762 0.627762
vt 0.601004 0.601004
vt 1.000000 0.627889
vt 1.000000 0.653842
vt 0.641972 0.641972
vt 0.613527 0.613527
vt 1.000000 0.453262
vt 1.000000 0.482133
vt 0.373877 0.000000
vt 0.410717 0.000000
vt 0.458269 0.453532
vt 0.855718 0.492890
vt 1.000000 0.510154
vt 1.000000 0.537382
vt 0.876951 0.522165
vt 0.482133 0.482133
vt 0.853057 0.853057
vt 0.678004 0.000000
vt 0.716961 0.000000
vt 0.900193 0.900193
vt 0.589283 0.000000
vt 0.626123 0.000000
vt 0.716961 0.716961
vt 0.678004 0.678004
vt 0.613223 0.312500
vt 0.594228 0.312500
vt 0.594557 0.300289
vt 0.599730 0.284748
vt 0.614230 0.287484
vt 0.613700 0.301262
vt 0.594187 0.360212
vt 0.593861 0.343750
vt 0.612587 0.344155
vt 0.612749 0.355378
vt 0.601371 0.358330
vt 0.612577 0.343750
vt 0.594050 0.326597
vt 0.594228 0.312500
vt 0.613223 0.312500
vt 0.777814 0.513746
vt 0.777814 0.513746
vt 0.805627 0.513746
vt 0.805627 0.513746
vt 0.793870 0.513746
vt 0.814564 0.513746
vt 0.830812 0.513746
vt 0.829298 0.513746
vt 0.816855 0.513746
vt 0.761480 0.513746
vt 0.762965 0.513746
vt 0.765981 0.513746
s 0
usemtl マテリアル
f 3092/4246/2094 3095/4247/2094 3094/4248/2094 3091/4249/2094
f 3093/4250/2095 3091/4251/2095 3094/4252/2095 3105/4253/2095
f 3096/4254/2096 3098/4255/2096 3099/4256/2096 3100/4257/2096 3101/4258/2096 3097/4259/2096
f 3102/4260/2097 3103/4261/2097 3110/4262/2097 3104/4263/2097 3101/4264/2097 3100/4265/2097
f 3098/4266/2098 3096/4267/2098 3093/4268/2098 3105/4269/2098
f 3107/4270/2099 3109/4271/2099 3112/4272/2099 3114/4273/2099
f 3107/4274/2100 3106/4275/2100 3095/4276/2100 3092/4277/2100 3108/4278/2100 3109/4279/2100
f 3103/4280/2101 3113/4281/2101 3111/4282/2101 3110/4283/2101
f 3114/4284/2102 3112/4285/2102 3111/4286/2102 3113/4287/2102
s 1
f 3085/4288/2103 3074/4289/2104 3072/4290/2105 3081/4291/2105 3070/4292/2105 3068/4293/2105
f 3080/4294/2106 3078/4295/2107 3087/4296/2108 3083/4297/2106 3089/4298/2106
f 3087/4299/2108 3078/4295/2107 3076/4300/2109 3074/4301/2104 3085/4302/2103
f 3079/4303/2110 3086/4304/2111 3084/4305/2112 3075/4306/2113 3077/4307/2114
f 3075/4306/2113 3084/4305/2112 3067/4308/2115 3069/4309/2115 3071/4310/2115 3073/4311/2115
f 3086/4304/2111 3079/4303/2110 3088/4312/2116 3090/4313/2116 3082/4314/2116
o 立方体.002_cell.093
v 0.094545 0.045361 -0.094545
v 0.101749 0.045452 -0.101749
v 0.127856 0.045452 -0.055019
v 0.119686 0.045361 -0.051503
v 0.117041 0.045452 -0.079912
v 0.109204 0.045361 -0.074448
v 0.136179 0.045452 -0.028536
v 0.127932 0.045361 -0.026713
v 0.079912 0.045452 -0.117041
v 0.074448 0.045361 -0.109204
v 0.123044 0.039180 -0.025693
v 0.116252 0.033712 -0.032210
v 0.124034 0.032342 -0.030765
v 0.128129 0.035622 -0.026849
v 0.128780 0.045361 -0.018957
v 0.137329 0.045452 -0.016111
v 0.089457 0.016074 -0.060989
v 0.091361 0.011239 -0.065733
v 0.103464 0.023422 -0.044523
v 0.107763 0.019323 -0.046373
v 0.060843 0.042781 -0.122887
v 0.083164 0.014266 -0.067128
v 0.079154 0.018976 -0.079154
v 0.082028 0.013241 -0.082028
v 0.071374 0.027693 -0.104537
v 0.068794 0.033057 -0.100908
v 0.060225 0.045361 -0.115702
v 0.086676 0.010011 -0.070595
v 0.123044 0.039180 -0.025693
v 0.128780 0.045361 -0.018957
v 0.128780 0.045361 -0.018957
v 0.116252 0.033712 -0.032210
v 0.124034 0.032342 -0.030765
v 0.128129 0.035622 -0.026849
v 0.137329 0.045452 -0.016111
v 0.137329 0.045452 -0.016111
v 0.103464 0.023422 -0.044523
v 0.107763 0.019323 -0.046373
v 0.060843 0.042781 -0.122887
v 0.060843 0.042781 -0.122887
v 0.071374 0.027693 -0.104537
v 0.082028 0.013241 -0.082028
v 0.083164 0.014266 -0.067128
v 0.079154 0.018976 -0.079154
v 0.068794 0.033057 -0.100908
v 0.060225 0.045361 -0.115702
v 0.060225 0.045361 -0.115702
v 0.136179 0.045452 -0.028536
v 0.127932 0.045361 -0.026713
v 0.119686 0.045361 -0.051503
v 0.127856 0.045452 -0.055019
v 0.109204 0.045361 -0.074448
v 0.117041 0.045452 -0.079912
v 0.074448 0.045361 -0.109204
v 0.094545 0.045361 -0.094545
v 0.101749 0.045452 -0.101749
v 0.079912 0.045452 -0.117041
v 0.089457 0.016074 -0.060989
v 0.091361 0.011239 -0.065733
v 0.086676 0.010011 -0.070595
vn -0.2469 -0.6001 0.7609
vn -0.3637 -0.7062 0.6074
vn -0.2469 -0.6019 0.7595
vn -0.8574 -0.5047 0.1001
vn -0.3704 -0.7511 0.5466
vn -0.0109 0.9999 0.0011
vn -0.0105 0.9999 0.0022
vn 0.7433 -0.6414 -0.1900
vn 0.7518 -0.6417 -0.1514
vn 0.7657 -0.6392 -0.0709
vn -0.0096 0.9999 0.0036
vn -0.0095 0.9999 0.0037
vn -0.0084 1.0000 0.0047
vn -0.0083 1.0000 0.0048
vn 0.7091 -0.6448 -0.2854
vn 0.7154 -0.6438 -0.2716
vn 0.7331 -0.6399 -0.2304
vn -0.0161 0.9853 -0.1698
vn -0.0110 0.9963 -0.0857
vn -0.0102 0.9974 -0.0718
vn -0.0065 1.0000 0.0065
vn 0.6233 -0.6488 -0.4366
vn 0.5673 -0.6538 -0.5006
vn 0.5346 -0.6545 -0.5346
vn 0.6620 -0.6493 -0.3744
vn 0.6538 -0.6495 -0.3882
vn 0.3055 -0.6420 -0.7032
vn 0.3788 -0.6476 -0.6611
vn 0.4026 -0.6485 -0.6460
vn -0.5773 0.6358 0.5124
vn -0.5454 0.6365 0.5453
vn -0.3933 0.6313 0.6684
vn -0.4224 0.6320 0.6497
vn -0.7747 0.6266 0.0847
vn -0.7601 0.6283 0.1656
vn -0.7510 0.6276 0.2053
vn -0.7192 0.6270 0.2994
vn -0.7249 0.6268 0.2856
vn -0.6684 0.6314 0.3932
vn -0.6615 0.6317 0.4041
vn -0.3238 0.6267 0.7088
vn -0.7402 0.6258 0.2461
vn -0.6263 0.6319 0.4565
vt 0.605371 0.137708
vt 0.378568 0.000000
vt 0.445320 0.000000
vt 0.581644 0.082683
vt 0.950125 0.319278
vt 0.836430 0.286296
vt 0.265511 0.184184
vt 0.012378 0.000000
vt 0.178342 0.071225
vt 1.000000 0.696791
vt 1.000000 0.742646
vt 1.000000 0.621432
vt 0.742646 0.742646
vt 0.702218 0.693907
vt 1.000000 0.554679
vt 0.709140 0.709140
vt 0.789087 0.420924
vt 0.896498 0.106371
vt 0.947296 0.000000
vt 0.992008 0.000000
vt 0.927684 0.139098
vt 0.824134 0.444195
vt 0.760004 0.677900
vt 1.000000 0.919323
vt 0.993133 0.993133
vt 0.954995 0.954995
vt 0.625000 0.607357
vt 0.625000 0.593750
vt 0.638746 0.597186
vt 0.638746 0.605262
vt 0.619407 0.593750
vt 0.638746 0.569373
vt 0.625000 0.562500
vt 0.638746 0.541559
vt 0.625000 0.531250
vt 0.610134 0.562500
vt 0.617541 0.587981
vt 0.683049 0.506121
vt 0.683801 0.513746
vt 0.666559 0.513746
vt 0.656250 0.500000
vt 0.638746 0.513746
vt 0.625000 0.500000
vt 0.604716 0.513261
vt 0.606674 0.500000
vt 0.605535 0.527228
vt 0.605892 0.531250
vt 0.610003 0.561957
vt 0.625000 0.442555
vt 0.625000 0.468750
vt 0.614896 0.468750
vt 0.666559 0.513746
vt 0.638746 0.605262
vt 0.638746 0.588196
vt 0.638746 0.531637
s 0
usemtl マテリアル
f 3143/4315/2117 3146/4316/2117 3147/4317/2117 3148/4318/2117 3149/4319/2117 3144/4320/2117
f 3131/4321/2118 3157/4322/2118 3173/4323/2118 3152/4324/2118 3151/4325/2118
f 3146/4326/2119 3151/4327/2119 3152/4328/2119 3147/4329/2119
f 3153/4330/2120 3155/4331/2120 3156/4332/2120 3174/4333/2120 3157/4334/2120 3158/4335/2120 3159/4336/2120 3160/4337/2120
f 3173/4338/2121 3157/4339/2121 3174/4340/2121
s 1
f 3150/4341/2122 3162/4342/2123 3163/4343/2123 3145/4344/2122
f 3128/4345/2124 3121/4342/2125 3130/4341/2126
f 3164/4346/2127 3163/4343/2123 3162/4342/2123 3165/4347/2128
f 3166/4348/2129 3164/4346/2127 3165/4347/2128 3167/4349/2130
f 3134/4350/2131 3117/4347/2132 3121/4342/2125 3128/4345/2124 3127/4351/2133
f 3154/4352/2134 3161/4353/2134 3168/4354/2135 3171/4355/2136
f 3169/4356/2137 3166/4348/2129 3167/4349/2130 3170/4357/2137
f 3142/4358/2138 3138/4359/2139 3116/4357/2140 3119/4349/2141 3132/4360/2142
f 3169/4356/2137 3170/4357/2137 3171/4355/2136 3168/4354/2135
f 3132/4361/2142 3119/4349/2141 3117/4347/2132 3134/4362/2131
f 3135/4363/2143 3123/4364/2144 3139/4365/2145
f 3139/4365/2145 3123/4364/2144 3116/4357/2140 3138/4359/2139
f 3137/4356/2146 3115/4356/2147 3124/4354/2148 3140/4366/2149
f 3129/4367/2150 3122/4343/2151 3125/4343/2152
f 3133/4346/2153 3118/4346/2154 3120/4348/2155 3172/4348/2156
f 3141/4353/2157 3140/4354/2149 3124/4354/2148
f 3122/4343/2151 3118/4346/2154 3133/4346/2153 3126/4368/2158 3125/4343/2152
f 3136/4369/2159 3172/4348/2156 3120/4348/2155 3115/4356/2147 3137/4356/2146
o 立方体.002_cell.094
v -0.043379 -0.064401 0.018667
v -0.039695 -0.064401 0.027098
v -0.033335 -0.060420 0.032148
v -0.043092 -0.068222 0.009026
v -0.040982 -0.071321 0.003966
v -0.036218 -0.071565 -0.000000
v -0.037608 -0.075460 -0.003091
v -0.035141 -0.077931 -0.007360
v -0.028499 -0.077962 -0.012264
v -0.026781 -0.082742 -0.018280
v -0.020950 -0.095261 -0.004385
v -0.020794 -0.095451 0.004352
v -0.017326 -0.092840 0.007879
v -0.015609 -0.095126 0.000692
v -0.021553 -0.090167 0.014710
v -0.020562 -0.082971 0.018463
v -0.024849 -0.080153 0.024849
v -0.023019 -0.074978 0.025301
v -0.021870 -0.081206 -0.019107
v -0.020618 -0.084906 -0.015655
v -0.021528 -0.092815 -0.009264
v -0.031295 -0.064079 0.037077
v -0.027918 -0.070638 0.032613
v -0.024570 -0.070729 0.028449
v -0.031295 -0.064079 0.037077
v -0.031295 -0.064079 0.037077
v -0.027918 -0.070638 0.032613
v -0.040982 -0.071321 0.003966
v -0.036218 -0.071565 -0.000000
v -0.037608 -0.075460 -0.003091
v -0.020794 -0.095451 0.004352
v -0.020794 -0.095451 0.004352
v -0.015609 -0.095126 0.000692
v -0.020950 -0.095261 -0.004385
v -0.021553 -0.090167 0.014710
v -0.021553 -0.090167 0.014710
v -0.017326 -0.092840 0.007879
v -0.020562 -0.082971 0.018463
v -0.024849 -0.080153 0.024849
v -0.024849 -0.080153 0.024849
v -0.024849 -0.080153 0.024849
v -0.023019 -0.074978 0.025301
v -0.026781 -0.082742 -0.018280
v -0.026781 -0.082742 -0.018280
v -0.020618 -0.084906 -0.015655
v -0.020618 -0.084906 -0.015655
v -0.021528 -0.092815 -0.009264
v -0.024570 -0.070729 0.028449
vn -0.4688 0.6456 -0.6028
vn 0.0467 -0.9987 -0.0226
vn 0.6585 -0.4173 0.6263
vn 0.6984 -0.3036 0.6481
vn 0.0829 -0.6646 -0.7426
vn 0.7648 -0.1793 0.6188
vn 0.7788 -0.0256 0.6268
vn -0.6031 -0.6369 0.4802
vn -0.5995 -0.6376 0.4838
vn -0.5916 -0.6389 0.4917
vn 0.3796 0.6526 -0.6558
vn 0.4013 0.6152 -0.6786
vn 0.3944 0.6274 -0.6714
vn 0.4080 0.6030 -0.6855
vn 0.6590 0.5700 0.4908
vn 0.7563 0.6537 -0.0261
vn 0.7488 0.6473 0.1426
vn -0.4526 -0.3490 0.8206
vn -0.1988 -0.1309 0.9713
vn -0.5419 -0.4297 -0.7223
vn -0.2167 -0.1547 -0.9639
vn -0.7658 -0.6427 -0.0234
vn -0.7663 -0.6425 -0.0089
vn 0.6555 0.5308 0.5372
vn 0.6575 0.6626 -0.3586
vn -0.5516 0.1799 0.8144
vn 0.2200 0.0367 0.9748
vn 0.7535 0.6516 -0.0873
vn 0.6013 0.6510 -0.4633
vn -0.4932 0.0418 -0.8689
vn -0.9084 -0.4126 0.0683
vn -0.4252 0.4704 0.7733
vn -0.3562 0.5132 0.7809
vn 0.7001 0.6430 0.3105
vn 0.6410 0.5536 -0.5317
vn -0.7133 -0.6433 0.2781
vn -0.7075 -0.6440 0.2912
vn 0.1893 -0.8690 0.4572
vn 0.1049 -0.6323 -0.7676
vn -0.4378 -0.6490 0.6222
vt 0.643425 0.247459
vt 0.695594 0.270013
vt 0.272091 0.272091
vt 1.000000 0.037547
vt 0.934165 0.079792
vt 0.333425 0.021412
vt 1.000000 0.322393
vt 1.000000 0.387447
vt 0.534241 0.228346
vt 0.447775 0.172517
vt 0.579143 0.000000
vt 0.700857 0.000000
vt 1.000000 1.000000
vt 0.952971 0.952971
vt 1.000000 0.689097
vt 0.700857 0.700857
vt 0.579143 0.579143
vt 1.000000 0.586520
vt 0.763929 0.763929
vt 0.664896 0.664896
vt 1.000000 0.557666
vt 0.562500 0.031250
vt 0.547841 0.031250
vt 0.553538 0.000000
vt 0.563092 0.002133
vt 0.850673 0.736254
vt 0.854166 0.736254
vt 0.861254 0.736254
vt 0.861254 0.736254
vt 0.848613 0.736254
vt 0.861254 0.708441
vt 0.861254 0.708441
vt 0.861254 0.728202
vt 0.861254 0.652814
vt 0.861254 0.625000
vt 0.861254 0.625000
vt 0.861254 0.638140
vt 0.861254 0.652814
vt 0.556207 0.137429
vt 0.554802 0.156250
vt 0.544942 0.156250
vt 0.544151 0.125000
vt 0.861254 0.597186
vt 0.861254 0.572075
vt 0.861254 0.569373
vt 0.861254 0.569373
vt 0.861254 0.680627
vt 0.861254 0.680627
vt 0.861254 0.708441
vt 0.546334 0.187500
vt 0.553225 0.187500
vt 0.550158 0.218750
vt 0.861254 0.541559
vt 0.861254 0.569373
vt 0.861254 0.541560
vt 0.861254 0.597187
vt 0.861254 0.610809
vt 0.545871 0.062500
vt 0.563465 0.070256
vt 0.560326 0.093750
vt 0.562500 0.062500
vt 0.088731 0.021055
vt 0.139045 0.000000
vt 0.221584 0.000000
vt 0.547556 0.532351
vt 0.236790 0.087181
vt 0.544834 0.093750
vt 0.560326 0.093750
vt 0.558562 0.110394
vt 0.557154 0.125000
vt 0.562987 1.000000
vt 0.553538 1.000000
vt 0.558951 0.986925
s 0
usemtl マテリアル
f 3203/4370/2160 3181/4371/2160 3179/4372/2160
f 3207/4373/2161 3206/4374/2161 3185/4375/2161
f 3212/4376/2162 3213/4377/2162 3210/4378/2162
f 3214/4379/2163 3216/4380/2163 3201/4381/2163
s 1
f 3217/4382/2164 3193/4383/2164 3219/4384/2164
s 0
f 3201/4385/2165 3216/4386/2165 3222/4387/2165
f 3201/4388/2166 3222/4389/2166 3199/4390/2166
s 1
f 3176/4391/2167 3209/4392/2167 3191/4393/2168 3200/4394/2169
f 3198/4395/2170 3192/4396/2170 3215/4397/2171 3177/4398/2172 3196/4399/2170
f 3209/4400/2173 3176/4401/2173 3177/4398/2172 3215/4398/2171 3190/4402/2173
f 3205/4403/2174 3188/4404/2175 3180/4405/2176 3202/4406/2177 3178/4407/2178
f 3204/4408/2179 3182/4409/2180 3208/4410/2181 3205/4411/2182
f 3182/4412/2183 3208/4413/2183 3221/4414/2183 3183/4415/2183
f 3211/4416/2184 3175/4417/2185 3176/4418/2186 3209/4401/2187
f 3175/4417/2185 3211/4416/2184 3205/4403/2188 3178/4407/2189
f 3221/4419/2190 3183/4420/2191 3218/4421/2192
f 3218/4422/2192 3183/4414/2191 3221/4423/2193 3220/4424/2193
f 3180/4405/2176 3188/4404/2175 3208/4425/2194 3182/4412/2180 3204/4426/2179
f 3205/4427/2195 3175/4428/2185 3178/4429/2189
f 3175/4430/2185 3205/4427/2195 3209/4392/2196 3176/4391/2186
s 0
f 3186/4431/2197 3187/4432/2197 3189/4433/2197
f 3184/4382/2198 3194/4434/2198 3195/4435/2198
s 1
f 3205/4436/2182 3178/4437/2178 3202/4438/2177 3204/4439/2179
f 3200/4440/2169 3191/4441/2168 3197/4442/2199
o 立方体.002_cell.095
v -0.000000 -0.023716 0.074945
v 0.015313 -0.023716 0.073303
v -0.007034 -0.027683 0.077124
v -0.005551 -0.038298 0.062548
v -0.003916 -0.053964 0.055476
v 0.018232 -0.006032 0.087289
v 0.027160 -0.009515 0.088628
v 0.019041 -0.009871 0.090875
v 0.025940 -0.005618 0.085081
v 0.010576 -0.005495 0.088544
v 0.010035 -0.009177 0.092290
v 0.001776 -0.008686 0.093470
v -0.000000 -0.004983 0.090107
v -0.008675 -0.007975 0.093420
v -0.008247 -0.004818 0.089344
v -0.007825 -0.010315 0.084942
v 0.011057 -0.050772 0.057472
v 0.013130 -0.046435 0.054819
v 0.024641 -0.019090 0.081063
v 0.019136 -0.032476 0.064635
v -0.000000 -0.051669 0.052321
v -0.007034 -0.027683 0.077124
v -0.003916 -0.053964 0.055476
v -0.003916 -0.053964 0.055476
v -0.003916 -0.053964 0.055476
v 0.027160 -0.009515 0.088628
v 0.019041 -0.009871 0.090875
v 0.018232 -0.006032 0.087289
v 0.025940 -0.005618 0.085081
v -0.005551 -0.038298 0.062548
v 0.010576 -0.005495 0.088544
v 0.010035 -0.009177 0.092290
v 0.001776 -0.008686 0.093470
v -0.008247 -0.004818 0.089344
v -0.007825 -0.010315 0.084942
v 0.011057 -0.050772 0.057472
v 0.011057 -0.050772 0.057472
v 0.011057 -0.050772 0.057472
v 0.013130 -0.046435 0.054819
v -0.000000 -0.004983 0.090107
v -0.008675 -0.007975 0.093420
v 0.024641 -0.019090 0.081063
v 0.019136 -0.032476 0.064635
v -0.000000 -0.051669 0.052321
vn -0.9955 -0.0867 -0.0381
vn -0.0104 0.6046 -0.7965
vn -0.0459 0.6158 -0.7866
vn -0.0055 0.6024 -0.7981
vn 0.0345 0.5882 -0.8080
vn 0.1394 0.6988 0.7017
vn 0.0050 0.7355 0.6775
vn -0.9949 0.0046 -0.1010
vn -0.9949 -0.0000 -0.1007
vn 0.9094 -0.4146 0.0331
vn 0.9471 0.0044 -0.3209
vn -0.4238 0.5957 -0.6823
vn -0.0930 0.5959 -0.7976
vn -0.2138 0.6131 -0.7606
vn -0.2559 0.6212 -0.7407
vn 0.0033 -0.6412 0.7674
vn 0.0407 -0.6420 0.7656
vn 0.0693 -0.6429 0.7628
vn 0.1412 -0.6444 0.7515
vn 0.0542 -0.6421 0.7647
vn -0.0479 -0.6386 0.7680
vn 0.1640 0.6916 0.7034
vn -0.0834 0.6267 -0.7748
vn 0.2401 -0.9022 -0.3584
vn 0.2270 -0.6418 0.7325
vt 0.715718 0.000000
vt 1.000000 0.051711
vt 0.426641 0.000000
vt 0.760329 0.736254
vt 0.761966 0.736254
vt 0.762410 0.736254
vt 0.760902 0.736254
vt 0.750000 0.736254
vt 0.750000 0.736254
vt 0.281294 0.281294
vt 0.253305 0.253305
vt 1.000000 0.351919
vt 1.000000 0.375794
vt 0.375794 0.375794
vt 0.462742 0.278009
vt 0.865202 0.000000
vt 0.924368 0.000000
vt 0.942716 0.942716
vt 0.897966 0.897966
vt 1.000000 0.848631
vt 0.848631 0.848631
vt 1.000000 0.284282
vt 1.000000 0.573359
vt 0.914202 0.914202
vt 0.754160 0.000000
vt 0.139295 0.139295
vt 0.064897 0.064897
vt 0.322127 0.000000
vt 0.754160 0.754160
vt 0.322127 0.322127
vt 1.000000 0.927960
vt 1.000000 0.975854
vt 0.718151 0.736254
vt 0.722186 0.736254
vt 0.722186 0.736254
vt 0.709601 0.736254
vt 0.710782 0.736254
vt 0.594241 0.875000
vt 0.567926 0.875000
vt 0.570471 0.843750
vt 0.593524 0.843750
vt 0.593919 0.858627
vt 0.594241 0.875000
vt 0.592852 0.888988
vt 0.583390 0.888751
vt 0.253305 0.000000
vt 0.281294 0.000000
vt 0.681448 0.185444
vt 0.049820 0.000000
vt 0.148973 0.000000
vt 0.748597 0.176603
vt 0.746985 0.736254
vt 0.733947 0.736254
vt 0.235067 0.000000
vt 1.000000 0.335379
vt 0.922930 0.304130
vt 0.593726 0.829544
vt 0.570967 0.839279
vt 0.588279 0.829916
s 0
usemtl マテリアル
f 3252/4443/2200 3245/4444/2200 3244/4445/2200
s 1
f 3247/4446/2201 3226/4447/2201 3257/4448/2201 3237/4449/2201 3235/4450/2202 3223/4451/2203 3266/4451/2204
s 0
f 3254/4452/2205 3253/4453/2205 3262/4454/2205 3255/4455/2205
f 3255/4456/2206 3262/4457/2206 3256/4458/2206 3263/4459/2206
f 3263/4460/2207 3256/4461/2207 3238/4462/2207
f 3238/4463/2208 3252/4464/2208 3244/4465/2208 3263/4466/2208
f 3264/4467/2209 3258/4468/2209 3261/4469/2209 3265/4470/2209
f 3264/4471/2210 3265/4472/2210 3251/4473/2210 3248/4474/2210
s 1
f 3240/4475/2211 3239/4476/2212 3224/4477/2213 3250/4477/2214 3231/4478/2211 3242/4479/2211
f 3234/4480/2215 3246/4481/2216 3259/4482/2217 3230/4483/2218 3233/4484/2219
f 3246/4481/2216 3234/4485/2215 3236/4486/2220 3225/4487/2220
s 0
f 3253/4488/2221 3254/4489/2221 3249/4490/2221 3248/4491/2221 3251/4492/2221 3228/4493/2221
s 1
f 3224/4477/2213 3223/4451/2203 3235/4494/2202 3232/4495/2222 3250/4477/2214
s 0
f 3260/4496/2223 3227/4497/2223 3243/4498/2223
s 1
f 3266/4451/2204 3223/4451/2203 3224/4477/2213 3239/4476/2212
f 3229/4499/2224 3230/4483/2218 3259/4500/2217 3241/4501/2224
o 立方体.002_cell.096
v 0.028075 -0.253886 -0.007958
v 0.004070 -0.259595 0.002036
v 0.032042 -0.254373 0.000413
v 0.024890 -0.263524 0.014320
v 0.030985 -0.263524 0.002657
v 0.023214 -0.263524 -0.018207
v 0.018176 -0.263524 -0.015443
v 0.003838 -0.263524 -0.004039
v 0.013851 -0.263524 0.012304
v 0.024890 -0.263524 0.014320
v 0.030985 -0.263524 0.002657
v 0.013851 -0.263524 0.012304
v 0.023214 -0.263524 -0.018207
v 0.018176 -0.263524 -0.015443
v 0.004070 -0.259595 0.002036
v 0.003838 -0.263524 -0.004039
vn 0.8862 0.0112 0.4631
vn 0.9200 -0.1903 -0.3427
vn 0.9037 -0.0004 -0.4282
vn -0.1739 0.9749 0.1392
vn -0.1313 0.8578 0.4969
vn -0.0765 0.9047 0.4191
vn -0.3118 0.7615 -0.5682
vn -0.3894 0.7802 -0.4896
vn -0.0579 -0.9977 0.0355
vt 1.000000 0.844750
vt 1.000000 1.000000
vt 0.083296 0.000000
vt 1.000000 0.504976
vt 0.844096 0.844096
vt 0.492000 0.000000
vt 1.000000 0.000000
vt 0.000000 0.000000
vt 1.000000 0.508001
vt 0.605810 0.000000
vt 0.605810 0.605810
vt 0.790377 0.000000
vt 0.311946 0.630939
vt 0.302138 0.656357
vt 0.278544 0.650592
vt 0.254177 0.625398
vt 0.257535 0.617080
vt 0.288266 0.592107
vt 0.302943 0.594900
s 0
usemtl マテリアル
f 3277/4502/2225 3269/4503/2225 3276/4504/2225
f 3279/4505/2226 3269/4503/2226 3277/4506/2226
f 3279/4507/2227 3267/4508/2227 3269/4503/2227
f 3267/4509/2228 3281/4508/2228 3269/4503/2228
f 3281/4509/2229 3276/4508/2229 3269/4503/2229
f 3281/4509/2230 3278/4508/2230 3276/4503/2230
f 3267/4508/2231 3279/4510/2231 3280/4511/2231
f 3281/4508/2232 3267/4503/2232 3280/4512/2232 3282/4513/2232
s 1
f 3271/4514/2233 3270/4515/2233 3275/4516/2233 3268/4517/2233 3274/4518/2233 3273/4519/2233 3272/4520/2233
o 立方体.002_cell.097
v 0.034151 -0.253979 0.001183
v 0.045518 -0.263524 0.000559
v 0.049218 -0.263524 0.005022
v 0.043429 -0.255948 0.000549
v 0.052562 -0.258236 0.011160
v 0.054359 -0.263524 0.011542
v 0.051091 -0.263524 0.015411
v 0.048730 -0.257700 0.015442
v 0.043324 -0.256945 0.020814
v 0.044446 -0.263524 0.022404
v 0.034624 -0.263524 0.029245
v 0.034633 -0.256115 0.029235
v 0.031564 -0.263524 0.024311
v 0.031036 -0.254728 0.023431
v 0.027209 -0.263524 0.017231
v 0.027656 -0.253455 0.017934
v 0.031937 -0.253485 0.006692
v 0.029460 -0.253356 0.012677
v 0.034086 -0.263524 0.001167
v 0.048730 -0.257700 0.015442
v 0.043324 -0.256945 0.020814
v 0.049218 -0.263524 0.005022
v 0.045518 -0.263524 0.000559
v 0.054359 -0.263524 0.011542
v 0.051091 -0.263524 0.015411
v 0.052562 -0.258236 0.011160
v 0.044446 -0.263524 0.022404
v 0.034633 -0.256115 0.029235
v 0.031036 -0.254728 0.023431
v 0.043429 -0.255948 0.000549
v 0.034624 -0.263524 0.029245
v 0.031564 -0.263524 0.024311
v 0.027209 -0.263524 0.017231
v 0.027656 -0.253455 0.017934
v 0.029460 -0.253356 0.012677
v 0.034151 -0.253979 0.001183
v 0.034086 -0.263524 0.001167
v 0.031937 -0.253485 0.006692
vn 0.7532 0.2069 -0.6244
vn 0.7635 0.2213 -0.6067
vn 0.7305 0.2928 0.6170
vn 0.6962 0.2787 0.6615
vn 0.6337 0.1376 0.7612
vn -0.8498 0.0016 0.5271
vn -0.8517 0.0012 0.5240
vn -0.0606 -0.0068 -0.9981
vn -0.8377 -0.4440 -0.3179
vn -0.9252 0.0379 -0.3776
vn 0.2002 0.9747 0.0993
vn 0.1997 0.9748 0.0997
vn 0.7752 0.5221 -0.3557
vn 0.2128 0.9759 0.0485
vn 0.2174 0.9760 0.0153
vn 0.2133 0.9759 0.0451
vn -0.0000 -1.0000 -0.0000
vn 0.2054 0.9753 0.0817
vn 0.2050 0.9753 0.0828
vn 0.2100 0.9753 0.0687
vt 1.000000 0.211647
vt 1.000000 0.307447
vt 0.693455 0.000000
vt 1.000000 0.317832
vt 1.000000 0.383262
vt 0.307447 0.307447
vt 0.211647 0.211647
vt 1.000000 0.362118
vt 0.383262 0.383262
vt 0.317832 0.317832
vt 1.000000 0.287583
vt 0.362118 0.362118
vt 0.287583 0.287583
vt 0.279102 0.000000
vt 0.363648 0.000000
vt 1.000000 0.138159
vt 0.363648 0.363648
vt 0.279102 0.279102
vt 1.000000 0.009876
vt 0.009115 0.009115
vt 1.000000 0.144780
vt 1.000000 0.272656
vt 0.136937 0.136937
vt 1.000000 0.000000
vt 1.000000 0.106200
vt 0.272656 0.272656
vt 0.144780 0.144780
vt 0.812879 0.000000
vt 1.000000 0.201594
vt 1.000000 0.306545
vt 0.691227 0.000000
vt 0.000000 0.000000
vt 1.000000 0.260765
vt 0.532757 0.149069
vt 1.000000 1.000000
vt 0.161556 0.000000
vt 1.000000 0.892856
vt 0.400040 0.718750
vt 0.421111 0.718750
vt 0.413414 0.726750
vt 0.384410 0.656250
vt 0.403196 0.626940
vt 0.420530 0.630220
vt 0.423828 0.656250
vt 0.331171 0.695410
vt 0.321692 0.682198
vt 0.306846 0.656466
vt 0.326037 0.626633
vt 0.343185 0.626337
vt 0.353923 0.637448
vt 0.368111 0.654539
vt 0.362779 0.664441
vt 0.350562 0.680911
vt 0.393369 0.687500
vt 0.424905 0.687500
vt 0.423828 0.656250
vt 0.393369 0.687500
vt 0.388526 0.671939
s 0
usemtl マテリアル
f 3312/4521/2234 3304/4522/2234 3305/4523/2234
f 3308/4524/2235 3306/4525/2235 3304/4526/2235 3312/4527/2235
f 3307/4528/2236 3306/4529/2236 3308/4530/2236 3302/4531/2236
f 3307/4532/2237 3302/4533/2237 3303/4534/2237 3309/4535/2237
f 3313/4536/2238 3309/4537/2238 3303/4538/2238 3310/4539/2238
f 3310/4540/2239 3311/4541/2239 3314/4542/2239 3313/4543/2239
f 3316/4544/2240 3315/4545/2240 3314/4546/2240 3311/4547/2240
f 3318/4548/2241 3312/4549/2241 3305/4550/2241 3319/4551/2241
f 3318/4552/2242 3316/4544/2242 3317/4553/2242 3320/4554/2242
f 3316/4555/2243 3318/4552/2243 3319/4556/2243 3315/4557/2243
s 1
f 3294/4558/2244 3298/4559/2245 3296/4560/2246
f 3287/4561/2247 3286/4562/2248 3283/4563/2248 3299/4564/2249
f 3293/4565/2250 3295/4566/2250 3297/4567/2250 3301/4568/2250 3284/4569/2250 3285/4570/2250 3288/4571/2250 3289/4572/2250 3292/4573/2250
f 3298/4559/2245 3294/4558/2244 3291/4574/2251 3300/4575/2252
f 3287/4561/2247 3299/4576/2249 3300/4575/2252 3291/4577/2251 3290/4578/2253
o 立方体.002_cell.098
v 0.027178 -0.052529 -0.044236
v 0.021253 -0.049710 -0.049390
v 0.025636 -0.054543 -0.049339
v 0.032796 -0.044920 -0.055008
v 0.028620 -0.046773 -0.048664
v 0.030989 -0.036312 -0.056824
v 0.038467 -0.021901 -0.073563
v 0.025375 -0.036757 -0.058967
v 0.024837 -0.025235 -0.075636
v 0.019725 -0.038433 -0.059405
v 0.032486 -0.022639 -0.075494
v 0.016754 -0.047237 -0.052947
v 0.027178 -0.052529 -0.044236
v 0.027178 -0.052529 -0.044236
v 0.027178 -0.052529 -0.044236
v 0.021253 -0.049710 -0.049390
v 0.028620 -0.046773 -0.048664
v 0.025636 -0.054543 -0.049339
v 0.038467 -0.021901 -0.073563
v 0.032796 -0.044920 -0.055008
v 0.030989 -0.036312 -0.056824
v 0.025375 -0.036757 -0.058967
v 0.024837 -0.025235 -0.075636
v 0.032486 -0.022639 -0.075494
v 0.019725 -0.038433 -0.059405
v 0.016754 -0.047237 -0.052947
vn -0.6679 -0.6011 0.4389
vn 0.7719 0.2547 0.5825
vn 0.7612 0.2829 0.5836
vn -0.2751 0.7861 0.5534
vn -0.2772 0.7864 0.5521
vn -0.9624 0.2538 -0.0967
vn -0.2210 -0.8295 0.5130
vn 0.2060 -0.7295 -0.6522
vn 0.1416 -0.6961 -0.7038
vn -0.9344 -0.2447 0.2589
vn -0.2888 0.6269 0.7236
vn -0.3202 0.6268 0.7103
vn -0.2428 0.6256 0.7414
vn 0.1010 -0.6726 -0.7331
vt 1.000000 0.715989
vt 0.212199 0.000000
vt 0.523836 0.000000
vt 0.436132 0.436132
vt 1.000000 0.802359
vt 1.000000 0.903614
vt 0.802359 0.802359
vt 1.000000 0.264457
vt 1.000000 0.662406
vt 0.903615 0.903615
vt 0.662406 0.662406
vt 0.264457 0.264457
vt 0.297179 0.000000
vt 0.747721 0.000000
vt 0.720684 0.136065
vt 0.747721 0.747721
vt 0.511449 0.305633
vt 1.000000 0.376297
vt 0.778762 0.778762
vt 0.376297 0.376297
vt 1.000000 0.963884
vt 0.570855 0.418093
vt 0.584783 0.423584
vt 0.586260 0.437500
vt 0.568995 0.437500
vt 0.694373 0.513746
vt 0.673457 0.513746
vt 0.676294 0.513746
vt 0.680987 0.513746
vt 0.706279 0.513746
vt 0.708231 0.513746
vt 0.568108 0.449219
vt 0.586487 0.443659
vt 0.586680 0.449604
vt 0.573583 0.458697
vt 0.567016 0.464792
s 0
usemtl マテリアル
f 3333/4579/2254 3336/4580/2254 3338/4581/2254
f 3334/4582/2255 3340/4583/2255 3337/4584/2255
f 3340/4585/2256 3339/4586/2256 3341/4587/2256 3337/4588/2256
f 3341/4589/2257 3339/4590/2257 3344/4591/2257 3345/4592/2257 3342/4593/2257
f 3345/4594/2258 3344/4595/2258 3343/4596/2258
f 3345/4597/2259 3343/4598/2259 3346/4599/2259
s 1
f 3332/4600/2260 3329/4601/2261 3331/4602/2262 3322/4603/2263
f 3328/4604/2264 3322/4604/2263 3335/4605/2265 3325/4606/2265 3326/4607/2265
f 3322/4604/2263 3328/4604/2264 3330/4608/2266 3332/4609/2260
f 3323/4610/2267 3322/4603/2263 3331/4611/2262 3327/4612/2267 3324/4613/2267 3321/4614/2267
o 立方体.002_cell.099
v 0.042774 -0.010513 -0.082086
v 0.036474 -0.010590 -0.084759
v 0.034789 -0.007169 -0.080845
v 0.028686 -0.010936 -0.086907
v 0.026809 -0.009737 -0.081312
v 0.039942 -0.010370 -0.075677
v 0.033256 -0.029583 -0.061737
v 0.041236 -0.014928 -0.078725
v 0.027900 -0.029681 -0.064077
v 0.021420 -0.030651 -0.065424
v 0.027252 -0.016298 -0.082678
v 0.035100 -0.014742 -0.081567
v 0.042774 -0.010513 -0.082086
v 0.036474 -0.010590 -0.084759
v 0.033256 -0.029583 -0.061737
v 0.039942 -0.010370 -0.075677
v 0.027900 -0.029681 -0.064077
v 0.027252 -0.016298 -0.082678
v 0.035100 -0.014742 -0.081567
v 0.028686 -0.010936 -0.086907
v 0.026809 -0.009737 -0.081312
v 0.021420 -0.030651 -0.065424
v 0.034789 -0.007169 -0.080845
v 0.041236 -0.014928 -0.078725
vn 0.1332 0.9350 -0.3286
vn 0.9145 -0.0107 0.4044
vn 0.9107 -0.0174 0.4128
vn 0.2585 -0.7882 -0.5585
vn 0.2380 -0.7847 -0.5723
vn -0.9479 0.0023 -0.3184
vn 0.2306 -0.6400 -0.7330
vn 0.2702 -0.6415 -0.7179
vn 0.2656 -0.6414 -0.7198
vn 0.3061 -0.6419 -0.7030
vn -0.2816 0.6270 0.7264
vn -0.2821 0.6270 0.7262
vn -0.2460 0.6260 0.7400
vn -0.3218 0.6269 0.7095
vt 0.464190 0.009647
vt 1.000000 0.014190
vt 1.000000 0.059846
vt 0.490520 0.056185
vt 0.057710 0.057710
vt 0.010527 0.010527
vt 0.902854 0.000000
vt 0.982070 0.000000
vt 1.000000 0.011729
vt 0.902854 0.902854
vt 1.000000 0.487917
vt 0.982070 0.982070
vt 0.898095 0.898095
vt 0.487917 0.487917
vt 1.000000 0.436841
vt 0.407459 0.000000
vt 0.847287 0.000000
vt 0.894531 0.517984
vt 0.886683 0.886683
vt 0.437476 0.417081
vt 0.847287 0.847287
vt 0.407459 0.407459
vt 1.000000 0.915523
vt 1.000000 0.979774
vt 0.593297 0.423829
vt 0.593115 0.437500
vt 0.590753 0.437500
vt 0.589868 0.423750
vt 0.590613 0.447615
vt 0.593158 0.449497
vt 0.694373 0.513746
vt 0.694373 0.513746
vt 0.706554 0.513746
vt 0.706867 0.513746
vt 0.681724 0.513746
vt 0.683692 0.513746
vt 0.694373 0.513746
vt 0.693741 0.513746
s 0
usemtl マテリアル
f 3360/4615/2268 3366/4616/2268 3367/4617/2268 3369/4618/2268 3362/4619/2268 3359/4620/2268
f 3362/4621/2269 3370/4622/2269 3359/4623/2269
f 3362/4624/2270 3361/4625/2270 3370/4626/2270
f 3370/4627/2271 3361/4628/2271 3363/4629/2271
f 3368/4630/2272 3364/4631/2272 3365/4632/2272 3370/4633/2272 3363/4634/2272
f 3364/4635/2273 3368/4636/2273 3367/4637/2273 3366/4638/2273
s 1
f 3350/4639/2274 3348/4640/2275 3358/4641/2276 3357/4642/2274
f 3354/4643/2277 3358/4641/2276 3348/4640/2275 3347/4644/2277
f 3355/4645/2278 3349/4646/2279 3351/4647/2280 3356/4648/2280
f 3353/4649/2281 3352/4650/2281 3349/4651/2279 3355/4652/2278
