# Blender 4.4.1
# www.blender.org
mtllib Table.mtl
o Table
v -0.000000 -0.360207 -0.948349
v 0.021101 -0.360740 -0.946340
v -0.000000 -0.431565 -0.967290
v 0.021101 -0.432098 -0.965281
v 0.047872 -0.097007 -0.397534
v 0.041987 -0.492128 -0.681686
v 0.041987 -0.360931 -0.713277
v 0.047872 0.037673 -0.406011
v -0.000000 0.037542 -0.408085
v -0.000000 -0.361418 -0.715298
v -0.000000 -0.492615 -0.683707
v -0.000000 -0.097138 -0.399608
v 0.047872 -0.138572 -0.464301
v 0.048460 -0.292207 -0.520019
v 0.047245 -0.185262 -0.602318
v 0.047872 -0.024617 -0.536585
v -0.000000 -0.025730 -0.538340
v -0.000000 -0.186729 -0.604087
v -0.000000 -0.293674 -0.521788
v -0.000000 -0.139685 -0.466056
v 0.047872 0.019958 -0.303207
v 0.034252 0.019958 -0.204644
v -0.000000 -0.114989 -0.305286
v -0.000000 -0.114989 -0.206722
v 0.034252 -0.114989 -0.204644
v 0.047872 -0.114989 -0.303207
v -0.000000 0.019958 -0.206722
v -0.000000 0.019958 -0.305286
v 0.034252 -0.501838 -0.808541
v 0.034252 -0.484672 -0.905599
v -0.000000 -0.368591 -0.787085
v -0.000000 -0.351425 -0.884143
v 0.034252 -0.351787 -0.882096
v 0.034252 -0.368953 -0.785039
v -0.000000 -0.484310 -0.907645
v -0.000000 -0.501476 -0.810588
v 0.047872 0.025090 -0.476061
v -0.000000 -0.099849 -0.437595
v 0.047872 -0.099227 -0.435681
v -0.000000 0.024468 -0.477976
v 0.047872 -0.105998 -0.350371
v -0.000000 0.028750 -0.356685
v 0.047872 0.028815 -0.354609
v -0.000000 -0.106063 -0.352447
v 0.041987 0.019958 -0.253926
v -0.000000 -0.114989 -0.256004
v 0.041987 -0.114989 -0.253926
v -0.000000 0.019958 -0.256004
v 0.034252 0.028860 -0.155362
v -0.000000 -0.106086 -0.157440
v 0.034252 -0.106086 -0.155362
v -0.000000 0.028860 -0.157440
v 0.048166 -0.400967 -0.580445
v -0.000000 -0.292540 -0.655624
v 0.047558 -0.291301 -0.653889
v -0.000000 -0.402205 -0.582180
v 0.048166 -0.212900 -0.488905
v 0.047558 -0.107354 -0.572769
v -0.000000 -0.108749 -0.574449
v -0.000000 -0.214295 -0.490586
v 1.402662 1.014585 -1.402662
v 0.091529 0.646377 -0.091529
v 0.759115 1.014585 -1.832666
v 0.049535 0.646377 -0.119589
v 1.945548 1.014585 -0.386994
v 0.126955 0.646377 -0.025253
v 1.832666 1.014585 -0.759115
v 0.119589 0.646377 -0.049535
v 1.102065 1.014585 -1.649356
v 0.386994 1.014585 -1.945548
v 0.025253 0.646377 -0.126955
v 0.071914 0.646377 -0.107627
v 1.649356 1.014585 -1.102064
v -0.000000 1.014585 -1.983664
v 0.107627 0.646377 -0.071914
v -0.000000 0.646377 -0.129442
v 0.129442 0.646377 -0.000000
v 1.983664 1.014585 -0.000000
v 0.386994 0.812991 -1.945548
v 0.759115 0.812991 -1.832666
v 1.102065 0.812991 -1.649356
v 1.649356 0.812991 -1.102064
v 1.832666 0.812991 -0.759115
v 1.402662 0.812991 -1.402662
v -0.000000 0.812991 -1.983664
v 1.945548 0.812991 -0.386994
v 1.983664 0.812991 -0.000000
v 0.043156 0.812991 -0.216961
v 0.084654 0.812991 -0.204373
v 0.122899 0.812991 -0.183931
v 0.183931 0.812991 -0.122899
v 0.204373 0.812991 -0.084654
v 0.156420 0.812991 -0.156420
v -0.000000 0.812991 -0.221212
v 0.216961 0.812991 -0.043156
v 0.221212 0.812991 -0.000000
v 0.025253 0.578541 -0.126955
v 0.049535 0.578541 -0.119589
v 0.071914 0.578541 -0.107627
v 0.107627 0.578541 -0.071914
v 0.119589 0.578541 -0.049535
v 0.091529 0.578541 -0.091529
v -0.000000 0.578541 -0.129442
v 0.126955 0.578541 -0.025253
v 0.129442 0.578541 -0.000000
v 0.017488 0.430739 -0.087919
v 0.034304 0.430739 -0.082818
v 0.049802 0.430739 -0.074534
v 0.074534 0.430739 -0.049802
v 0.082817 0.430739 -0.034304
v 0.063386 0.430739 -0.063386
v -0.000000 0.430739 -0.089641
v 0.087919 0.430739 -0.017488
v 0.089641 0.430739 -0.000000
v 0.054606 0.526224 -0.131830
v 0.049571 0.473907 -0.119675
v 0.025271 0.473907 -0.127046
v 0.027838 0.526224 -0.139950
v 0.079275 0.526224 -0.118644
v 0.071966 0.473907 -0.107704
v 0.131830 0.526224 -0.054606
v 0.119675 0.473907 -0.049571
v 0.107704 0.473907 -0.071966
v 0.118644 0.526224 -0.079275
v 0.091595 0.473907 -0.091595
v 0.100898 0.526224 -0.100898
v -0.000000 0.473907 -0.129535
v -0.000000 0.526224 -0.142692
v 0.139950 0.526224 -0.027838
v 0.127046 0.473907 -0.025271
v 0.142692 0.526224 -0.000000
v 0.129535 0.473907 -0.000000
v 0.010222 0.412308 -0.051391
v 0.020052 0.412308 -0.048410
v 0.029111 0.412308 -0.043567
v 0.043567 0.412308 -0.029111
v 0.048409 0.412308 -0.020052
v 0.037051 0.412308 -0.037051
v -0.000000 0.412308 -0.052398
v 0.051391 0.412308 -0.010222
v 0.052398 0.412308 -0.000000
v 0.010222 0.347718 -0.051391
v 0.020052 0.347718 -0.048410
v 0.029111 0.347718 -0.043567
v 0.043567 0.347718 -0.029111
v 0.048409 0.347718 -0.020052
v 0.037051 0.347718 -0.037051
v -0.000000 0.347718 -0.052398
v 0.051391 0.347718 -0.010222
v 0.052398 0.347718 -0.000000
v 0.021101 0.037763 -0.106080
v 0.041390 0.037763 -0.099925
v 0.060089 0.037763 -0.089930
v 0.089930 0.037763 -0.060089
v 0.099925 0.037763 -0.041390
v 0.076479 0.037763 -0.076479
v -0.000000 0.037763 -0.108158
v 0.106080 0.037763 -0.021101
v 0.108158 0.037763 -0.000000
v 0.003812 -0.137244 -0.019165
v 0.007478 -0.137244 -0.018053
v 0.010856 -0.137244 -0.016247
v 0.016247 -0.137244 -0.010856
v 0.018053 -0.137244 -0.007478
v 0.013817 -0.137244 -0.013817
v -0.000000 -0.137244 -0.019541
v 0.019165 -0.137244 -0.003812
v 0.019541 -0.137244 -0.000000
v 0.946340 -0.360740 -0.021101
v 0.948349 -0.360207 -0.000000
v 0.965281 -0.432098 -0.021101
v 0.967290 -0.431565 -0.000000
v 0.408085 0.037542 -0.000000
v 0.715298 -0.361418 -0.000000
v 0.713277 -0.360931 -0.041987
v 0.406011 0.037673 -0.047872
v 0.397534 -0.097007 -0.047872
v 0.681686 -0.492128 -0.041987
v 0.683707 -0.492615 -0.000000
v 0.399608 -0.097138 -0.000000
v 0.021101 -0.097184 -0.106080
v 0.041390 -0.097184 -0.099925
v 0.060089 -0.097184 -0.089930
v 0.089930 -0.097184 -0.060089
v 0.099925 -0.097184 -0.041390
v 0.076479 -0.097184 -0.076479
v -0.000000 -0.097184 -0.108158
v 0.106080 -0.097184 -0.021101
v 0.108158 -0.097184 -0.000000
v 0.014101 -0.137244 -0.070890
v 0.027660 -0.137244 -0.066777
v 0.040156 -0.137244 -0.060098
v 0.060098 -0.137244 -0.040156
v 0.066777 -0.137244 -0.027660
v 0.051109 -0.137244 -0.051109
v -0.000000 -0.137244 -0.072279
v 0.070890 -0.137244 -0.014101
v 0.072279 -0.137244 -0.000000
v 0.003812 -0.553885 -0.019165
v 0.007478 -0.553885 -0.018053
v 0.010856 -0.553885 -0.016247
v 0.016247 -0.553885 -0.010856
v 0.018053 -0.553885 -0.007478
v 0.013817 -0.553885 -0.013817
v -0.000000 -0.553885 -0.019541
v 0.019165 -0.553885 -0.003812
v 0.019540 -0.553885 -0.000000
v 0.017047 -0.566423 -0.085702
v 0.033439 -0.566423 -0.080729
v 0.048546 -0.566423 -0.072654
v 0.072654 -0.566423 -0.048546
v 0.080729 -0.566423 -0.033439
v 0.061787 -0.566423 -0.061787
v -0.000000 -0.566423 -0.087381
v 0.085702 -0.566423 -0.017047
v 0.087381 -0.566423 -0.000000
v 0.538340 -0.025730 -0.000000
v 0.604087 -0.186729 -0.000000
v 0.602562 -0.185661 -0.048493
v 0.536585 -0.024617 -0.047872
v 0.464301 -0.138572 -0.047872
v 0.520263 -0.292606 -0.047277
v 0.521788 -0.293674 -0.000000
v 0.466056 -0.139685 -0.000000
v 0.303207 0.019958 -0.047872
v 0.204644 0.019958 -0.034252
v 0.305286 -0.114989 -0.000000
v 0.206722 -0.114989 -0.000000
v 0.206722 0.019958 -0.000000
v 0.305286 0.019958 -0.000000
v 0.204644 -0.114989 -0.034252
v 0.303207 -0.114989 -0.047872
v 0.787085 -0.368591 -0.000000
v 0.884143 -0.351425 -0.000000
v 0.808541 -0.501838 -0.034252
v 0.905599 -0.484672 -0.034252
v 0.882096 -0.351787 -0.034252
v 0.785039 -0.368953 -0.034252
v 0.907645 -0.484310 -0.000000
v 0.810588 -0.501476 -0.000000
v 0.476061 0.025090 -0.047872
v 0.437595 -0.099849 -0.000000
v 0.477976 0.024468 -0.000000
v 0.435681 -0.099227 -0.047872
v 0.356685 0.028750 -0.000000
v 0.350371 -0.105998 -0.047872
v 0.354609 0.028815 -0.047872
v 0.352447 -0.106063 -0.000000
v 0.253926 0.019958 -0.041987
v 0.256004 -0.114989 -0.000000
v 0.256004 0.019958 -0.000000
v 0.253926 -0.114989 -0.041987
v 0.155362 0.028860 -0.034252
v 0.157440 -0.106086 -0.000000
v 0.157440 0.028860 -0.000000
v 0.155362 -0.106086 -0.034252
v 0.655624 -0.292540 -0.000000
v 0.580537 -0.401182 -0.047574
v 0.653981 -0.291516 -0.048182
v 0.582180 -0.402205 -0.000000
v 0.574449 -0.108749 -0.000000
v 0.572879 -0.107561 -0.048182
v 0.489015 -0.213107 -0.047574
v 0.490586 -0.214295 -0.000000
v 0.000000 -0.360207 0.948349
v 0.021101 -0.360740 0.946340
v 0.000000 -0.431565 0.967290
v 0.021101 -0.432098 0.965281
v 0.047872 -0.097007 0.397534
v 0.041987 -0.492128 0.681686
v 0.041987 -0.360931 0.713277
v 0.047872 0.037673 0.406011
v 0.000000 0.037542 0.408085
v 0.000000 -0.361418 0.715298
v 0.000000 -0.492615 0.683707
v 0.000000 -0.097138 0.399608
v 0.047872 -0.138572 0.464301
v 0.048460 -0.292207 0.520019
v 0.047245 -0.185262 0.602318
v 0.047872 -0.024617 0.536585
v 0.000000 -0.025730 0.538340
v 0.000000 -0.186729 0.604087
v 0.000000 -0.293674 0.521788
v 0.000000 -0.139685 0.466056
v 0.047872 0.019958 0.303207
v 0.034252 0.019958 0.204644
v 0.000000 -0.114989 0.305286
v 0.000000 -0.114989 0.206722
v 0.034252 -0.114989 0.204644
v 0.047872 -0.114989 0.303207
v 0.000000 0.019958 0.206722
v 0.000000 0.019958 0.305286
v 0.034252 -0.501838 0.808541
v 0.034252 -0.484672 0.905599
v 0.000000 -0.368591 0.787085
v 0.000000 -0.351425 0.884143
v 0.034252 -0.351787 0.882096
v 0.034252 -0.368953 0.785039
v 0.000000 -0.484310 0.907645
v 0.000000 -0.501476 0.810588
v 0.047872 0.025090 0.476061
v 0.000000 -0.099849 0.437595
v 0.047872 -0.099227 0.435681
v 0.000000 0.024468 0.477976
v 0.047872 -0.105998 0.350371
v 0.000000 0.028750 0.356685
v 0.047872 0.028815 0.354609
v 0.000000 -0.106063 0.352447
v 0.041987 0.019958 0.253926
v 0.000000 -0.114989 0.256004
v 0.041987 -0.114989 0.253926
v 0.000000 0.019958 0.256004
v 0.034252 0.028860 0.155362
v 0.000000 -0.106086 0.157440
v 0.034252 -0.106086 0.155362
v 0.000000 0.028860 0.157440
v 0.048166 -0.400967 0.580445
v 0.000000 -0.292540 0.655624
v 0.047558 -0.291301 0.653889
v 0.000000 -0.402205 0.582180
v 0.048166 -0.212900 0.488905
v 0.047558 -0.107354 0.572769
v 0.000000 -0.108749 0.574449
v 0.000000 -0.214295 0.490586
v 1.402662 1.014585 1.402662
v 0.091529 0.646377 0.091529
v 0.759115 1.014585 1.832666
v 0.049535 0.646377 0.119589
v 1.945548 1.014585 0.386993
v 0.126955 0.646377 0.025253
v 1.832666 1.014585 0.759115
v 0.119589 0.646377 0.049535
v 1.102065 1.014585 1.649356
v 0.386994 1.014585 1.945548
v 0.025253 0.646377 0.126955
v 0.071914 0.646377 0.107627
v 1.649356 1.014585 1.102064
v 0.000000 1.014585 1.983664
v 0.107627 0.646377 0.071914
v 0.000000 0.646377 0.129442
v 0.386994 0.812991 1.945548
v 0.759115 0.812991 1.832666
v 1.102065 0.812991 1.649356
v 1.649356 0.812991 1.102064
v 1.832666 0.812991 0.759115
v 1.402662 0.812991 1.402662
v 0.000000 0.812991 1.983664
v 1.945548 0.812991 0.386993
v 0.043156 0.812991 0.216961
v 0.084654 0.812991 0.204373
v 0.122899 0.812991 0.183931
v 0.183931 0.812991 0.122899
v 0.204373 0.812991 0.084654
v 0.156420 0.812991 0.156420
v 0.000000 0.812991 0.221212
v 0.216961 0.812991 0.043156
v 0.025253 0.578541 0.126955
v 0.049535 0.578541 0.119589
v 0.071914 0.578541 0.107627
v 0.107627 0.578541 0.071914
v 0.119589 0.578541 0.049535
v 0.091529 0.578541 0.091529
v 0.000000 0.578541 0.129442
v 0.126955 0.578541 0.025253
v 0.017488 0.430739 0.087919
v 0.034304 0.430739 0.082818
v 0.049802 0.430739 0.074534
v 0.074534 0.430739 0.049802
v 0.082817 0.430739 0.034304
v 0.063386 0.430739 0.063386
v 0.000000 0.430739 0.089641
v 0.087919 0.430739 0.017488
v 0.054606 0.526224 0.131830
v 0.049571 0.473907 0.119675
v 0.025271 0.473907 0.127046
v 0.027838 0.526224 0.139950
v 0.079275 0.526224 0.118644
v 0.071966 0.473907 0.107704
v 0.131830 0.526224 0.054606
v 0.119675 0.473907 0.049571
v 0.107704 0.473907 0.071966
v 0.118644 0.526224 0.079275
v 0.091595 0.473907 0.091595
v 0.100898 0.526224 0.100898
v 0.000000 0.473907 0.129535
v 0.000000 0.526224 0.142692
v 0.139950 0.526224 0.027838
v 0.127046 0.473907 0.025271
v 0.010222 0.412308 0.051391
v 0.020052 0.412308 0.048410
v 0.029111 0.412308 0.043567
v 0.043567 0.412308 0.029111
v 0.048409 0.412308 0.020052
v 0.037051 0.412308 0.037051
v 0.000000 0.412308 0.052398
v 0.051391 0.412308 0.010222
v 0.010222 0.347718 0.051391
v 0.020052 0.347718 0.048410
v 0.029111 0.347718 0.043567
v 0.043567 0.347718 0.029111
v 0.048409 0.347718 0.020052
v 0.037051 0.347718 0.037051
v 0.000000 0.347718 0.052398
v 0.051391 0.347718 0.010222
v 0.021101 0.037763 0.106080
v 0.041390 0.037763 0.099925
v 0.060089 0.037763 0.089930
v 0.089930 0.037763 0.060089
v 0.099925 0.037763 0.041390
v 0.076479 0.037763 0.076479
v 0.000000 0.037763 0.108158
v 0.106080 0.037763 0.021101
v 0.003812 -0.137244 0.019165
v 0.007478 -0.137244 0.018053
v 0.010856 -0.137244 0.016247
v 0.016247 -0.137244 0.010856
v 0.018053 -0.137244 0.007478
v 0.013817 -0.137244 0.013817
v 0.000000 -0.137244 0.019541
v 0.019165 -0.137244 0.003812
v 0.946340 -0.360740 0.021100
v 0.965281 -0.432098 0.021100
v 0.713277 -0.360931 0.041987
v 0.406011 0.037673 0.047872
v 0.397534 -0.097007 0.047872
v 0.681686 -0.492128 0.041987
v 0.021101 -0.097184 0.106080
v 0.041390 -0.097184 0.099925
v 0.060089 -0.097184 0.089930
v 0.089930 -0.097184 0.060089
v 0.099925 -0.097184 0.041390
v 0.076479 -0.097184 0.076479
v 0.000000 -0.097184 0.108158
v 0.106080 -0.097184 0.021101
v 0.014101 -0.137244 0.070890
v 0.027660 -0.137244 0.066777
v 0.040156 -0.137244 0.060098
v 0.060098 -0.137244 0.040156
v 0.066777 -0.137244 0.027660
v 0.051109 -0.137244 0.051109
v 0.000000 -0.137244 0.072279
v 0.070890 -0.137244 0.014101
v 0.003812 -0.553885 0.019165
v 0.007478 -0.553885 0.018053
v 0.010856 -0.553885 0.016247
v 0.016247 -0.553885 0.010856
v 0.018053 -0.553885 0.007478
v 0.013817 -0.553885 0.013817
v 0.000000 -0.553885 0.019541
v 0.019165 -0.553885 0.003812
v 0.017047 -0.566423 0.085702
v 0.033439 -0.566423 0.080729
v 0.048546 -0.566423 0.072654
v 0.072654 -0.566423 0.048546
v 0.080729 -0.566423 0.033439
v 0.061787 -0.566423 0.061787
v 0.000000 -0.566423 0.087381
v 0.085702 -0.566423 0.017047
v 0.602562 -0.185661 0.048493
v 0.536585 -0.024617 0.047872
v 0.464301 -0.138572 0.047872
v 0.520263 -0.292606 0.047277
v 0.303207 0.019958 0.047872
v 0.204644 0.019958 0.034252
v 0.204644 -0.114989 0.034252
v 0.303207 -0.114989 0.047872
v 0.808541 -0.501838 0.034252
v 0.905599 -0.484672 0.034252
v 0.882096 -0.351787 0.034252
v 0.785039 -0.368953 0.034252
v 0.476061 0.025090 0.047872
v 0.435681 -0.099227 0.047872
v 0.350371 -0.105998 0.047872
v 0.354609 0.028815 0.047872
v 0.253926 0.019958 0.041987
v 0.253926 -0.114989 0.041987
v 0.155362 0.028860 0.034252
v 0.155362 -0.106086 0.034252
v 0.580537 -0.401182 0.047574
v 0.653981 -0.291516 0.048182
v 0.572879 -0.107561 0.048182
v 0.489015 -0.213107 0.047574
v -0.021101 -0.360740 -0.946340
v -0.021101 -0.432098 -0.965281
v -0.047872 -0.097007 -0.397534
v -0.041987 -0.492128 -0.681686
v -0.041987 -0.360931 -0.713277
v -0.047872 0.037673 -0.406011
v -0.047872 -0.138572 -0.464301
v -0.048460 -0.292207 -0.520019
v -0.047245 -0.185262 -0.602318
v -0.047872 -0.024617 -0.536585
v -0.047872 0.019958 -0.303207
v -0.034252 0.019958 -0.204644
v -0.034252 -0.114989 -0.204644
v -0.047872 -0.114989 -0.303207
v -0.034252 -0.501838 -0.808541
v -0.034252 -0.484672 -0.905599
v -0.034252 -0.351787 -0.882096
v -0.034252 -0.368953 -0.785039
v -0.047872 0.025090 -0.476061
v -0.047872 -0.099227 -0.435681
v -0.047872 -0.105998 -0.350371
v -0.047872 0.028815 -0.354609
v -0.041987 0.019958 -0.253926
v -0.041987 -0.114989 -0.253926
v -0.034252 0.028860 -0.155362
v -0.034252 -0.106086 -0.155362
v -0.048166 -0.400967 -0.580445
v -0.047558 -0.291301 -0.653889
v -0.048166 -0.212900 -0.488905
v -0.047558 -0.107354 -0.572769
v -1.402662 1.014585 -1.402662
v -0.091529 0.646377 -0.091529
v -0.759115 1.014585 -1.832666
v -0.049535 0.646377 -0.119589
v -1.945548 1.014585 -0.386993
v -0.126955 0.646377 -0.025253
v -1.832666 1.014585 -0.759115
v -0.119589 0.646377 -0.049535
v -1.102065 1.014585 -1.649356
v -0.386994 1.014585 -1.945548
v -0.025253 0.646377 -0.126955
v -0.071914 0.646377 -0.107627
v -1.649356 1.014585 -1.102064
v -0.107627 0.646377 -0.071914
v -0.129442 0.646377 0.000000
v -1.983664 1.014585 0.000000
v -0.386994 0.812991 -1.945548
v -0.759115 0.812991 -1.832666
v -1.102065 0.812991 -1.649356
v -1.649356 0.812991 -1.102064
v -1.832666 0.812991 -0.759115
v -1.402662 0.812991 -1.402662
v -1.945548 0.812991 -0.386993
v -1.983664 0.812991 0.000000
v -0.043156 0.812991 -0.216961
v -0.084654 0.812991 -0.204373
v -0.122899 0.812991 -0.183931
v -0.183931 0.812991 -0.122899
v -0.204373 0.812991 -0.084654
v -0.156420 0.812991 -0.156420
v -0.216961 0.812991 -0.043156
v -0.221212 0.812991 0.000000
v -0.025253 0.578541 -0.126955
v -0.049535 0.578541 -0.119589
v -0.071914 0.578541 -0.107627
v -0.107627 0.578541 -0.071914
v -0.119589 0.578541 -0.049535
v -0.091529 0.578541 -0.091529
v -0.126955 0.578541 -0.025253
v -0.129442 0.578541 0.000000
v -0.017488 0.430739 -0.087919
v -0.034304 0.430739 -0.082818
v -0.049802 0.430739 -0.074534
v -0.074534 0.430739 -0.049802
v -0.082817 0.430739 -0.034304
v -0.063386 0.430739 -0.063386
v -0.087919 0.430739 -0.017488
v -0.089641 0.430739 0.000000
v -0.054606 0.526224 -0.131830
v -0.049571 0.473907 -0.119675
v -0.025271 0.473907 -0.127046
v -0.027838 0.526224 -0.139950
v -0.079275 0.526224 -0.118644
v -0.071966 0.473907 -0.107704
v -0.131830 0.526224 -0.054606
v -0.119675 0.473907 -0.049571
v -0.107704 0.473907 -0.071966
v -0.118644 0.526224 -0.079275
v -0.091595 0.473907 -0.091595
v -0.100898 0.526224 -0.100898
v -0.139950 0.526224 -0.027838
v -0.127046 0.473907 -0.025271
v -0.142692 0.526224 0.000000
v -0.129535 0.473907 0.000000
v -0.010222 0.412308 -0.051391
v -0.020052 0.412308 -0.048410
v -0.029111 0.412308 -0.043567
v -0.043567 0.412308 -0.029111
v -0.048409 0.412308 -0.020052
v -0.037051 0.412308 -0.037051
v -0.051391 0.412308 -0.010222
v -0.052398 0.412308 0.000000
v -0.010222 0.347718 -0.051391
v -0.020052 0.347718 -0.048410
v -0.029111 0.347718 -0.043567
v -0.043567 0.347718 -0.029111
v -0.048409 0.347718 -0.020052
v -0.037051 0.347718 -0.037051
v -0.051391 0.347718 -0.010222
v -0.052398 0.347718 0.000000
v -0.021101 0.037763 -0.106080
v -0.041390 0.037763 -0.099925
v -0.060089 0.037763 -0.089930
v -0.089930 0.037763 -0.060089
v -0.099925 0.037763 -0.041390
v -0.076479 0.037763 -0.076479
v -0.106080 0.037763 -0.021101
v -0.108158 0.037763 0.000000
v -0.003812 -0.137244 -0.019165
v -0.007478 -0.137244 -0.018053
v -0.010856 -0.137244 -0.016247
v -0.016247 -0.137244 -0.010856
v -0.018053 -0.137244 -0.007478
v -0.013817 -0.137244 -0.013817
v -0.019165 -0.137244 -0.003812
v -0.019541 -0.137244 0.000000
v -0.946340 -0.360740 -0.021100
v -0.948349 -0.360207 0.000000
v -0.965281 -0.432098 -0.021100
v -0.967290 -0.431565 0.000000
v -0.408085 0.037542 0.000000
v -0.715298 -0.361418 0.000000
v -0.713277 -0.360931 -0.041987
v -0.406011 0.037673 -0.047872
v -0.397534 -0.097007 -0.047872
v -0.681686 -0.492128 -0.041987
v -0.683707 -0.492615 0.000000
v -0.399608 -0.097138 0.000000
v -0.021101 -0.097184 -0.106080
v -0.041390 -0.097184 -0.099925
v -0.060089 -0.097184 -0.089930
v -0.089930 -0.097184 -0.060089
v -0.099925 -0.097184 -0.041390
v -0.076479 -0.097184 -0.076479
v -0.106080 -0.097184 -0.021101
v -0.108158 -0.097184 0.000000
v -0.014101 -0.137244 -0.070890
v -0.027660 -0.137244 -0.066777
v -0.040156 -0.137244 -0.060098
v -0.060098 -0.137244 -0.040156
v -0.066777 -0.137244 -0.027660
v -0.051109 -0.137244 -0.051109
v -0.070890 -0.137244 -0.014101
v -0.072279 -0.137244 0.000000
v -0.003812 -0.553885 -0.019165
v -0.007478 -0.553885 -0.018053
v -0.010856 -0.553885 -0.016247
v -0.016247 -0.553885 -0.010856
v -0.018053 -0.553885 -0.007478
v -0.013817 -0.553885 -0.013817
v -0.019165 -0.553885 -0.003812
v -0.019540 -0.553885 0.000000
v -0.017047 -0.566423 -0.085702
v -0.033439 -0.566423 -0.080729
v -0.048546 -0.566423 -0.072654
v -0.072654 -0.566423 -0.048546
v -0.080729 -0.566423 -0.033439
v -0.061787 -0.566423 -0.061787
v -0.085702 -0.566423 -0.017047
v -0.087381 -0.566423 0.000000
v -0.538340 -0.025730 0.000000
v -0.604087 -0.186729 0.000000
v -0.602562 -0.185661 -0.048493
v -0.536585 -0.024617 -0.047872
v -0.464301 -0.138572 -0.047872
v -0.520263 -0.292606 -0.047277
v -0.521788 -0.293674 0.000000
v -0.466056 -0.139685 0.000000
v -0.303207 0.019958 -0.047872
v -0.204644 0.019958 -0.034252
v -0.305286 -0.114989 0.000000
v -0.206722 -0.114989 0.000000
v -0.206722 0.019958 0.000000
v -0.305286 0.019958 0.000000
v -0.204644 -0.114989 -0.034252
v -0.303207 -0.114989 -0.047872
v -0.787085 -0.368591 0.000000
v -0.884143 -0.351425 0.000000
v -0.808541 -0.501838 -0.034252
v -0.905599 -0.484672 -0.034252
v -0.882096 -0.351787 -0.034252
v -0.785039 -0.368953 -0.034252
v -0.907645 -0.484310 0.000000
v -0.810588 -0.501476 0.000000
v -0.476061 0.025090 -0.047872
v -0.437595 -0.099849 0.000000
v -0.477976 0.024468 0.000000
v -0.435681 -0.099227 -0.047872
v -0.356685 0.028750 0.000000
v -0.350371 -0.105998 -0.047872
v -0.354609 0.028815 -0.047872
v -0.352447 -0.106063 0.000000
v -0.253926 0.019958 -0.041987
v -0.256004 -0.114989 0.000000
v -0.256004 0.019958 0.000000
v -0.253926 -0.114989 -0.041987
v -0.155362 0.028860 -0.034252
v -0.157440 -0.106086 0.000000
v -0.157440 0.028860 0.000000
v -0.155362 -0.106086 -0.034252
v -0.655624 -0.292540 0.000000
v -0.580537 -0.401182 -0.047574
v -0.653981 -0.291516 -0.048182
v -0.582180 -0.402205 0.000000
v -0.574449 -0.108749 0.000000
v -0.572879 -0.107561 -0.048182
v -0.489015 -0.213107 -0.047574
v -0.490586 -0.214295 0.000000
v -0.021101 -0.360740 0.946340
v -0.021101 -0.432098 0.965281
v -0.047872 -0.097007 0.397534
v -0.041987 -0.492128 0.681686
v -0.041987 -0.360931 0.713277
v -0.047872 0.037673 0.406011
v -0.047872 -0.138572 0.464301
v -0.048460 -0.292207 0.520019
v -0.047245 -0.185262 0.602318
v -0.047872 -0.024617 0.536585
v -0.047872 0.019958 0.303207
v -0.034252 0.019958 0.204644
v -0.034252 -0.114989 0.204644
v -0.047872 -0.114989 0.303207
v -0.034252 -0.501838 0.808541
v -0.034252 -0.484672 0.905599
v -0.034252 -0.351787 0.882096
v -0.034252 -0.368953 0.785039
v -0.047872 0.025090 0.476061
v -0.047872 -0.099227 0.435681
v -0.047872 -0.105998 0.350371
v -0.047872 0.028815 0.354609
v -0.041987 0.019958 0.253926
v -0.041987 -0.114989 0.253926
v -0.034252 0.028860 0.155362
v -0.034252 -0.106086 0.155362
v -0.048166 -0.400967 0.580445
v -0.047558 -0.291301 0.653889
v -0.048166 -0.212900 0.488905
v -0.047558 -0.107354 0.572769
v -1.402662 1.014585 1.402662
v -0.091529 0.646377 0.091529
v -0.759115 1.014585 1.832666
v -0.049535 0.646377 0.119589
v -1.945548 1.014585 0.386994
v -0.126955 0.646377 0.025253
v -1.832666 1.014585 0.759115
v -0.119589 0.646377 0.049535
v -1.102064 1.014585 1.649356
v -0.386994 1.014585 1.945548
v -0.025253 0.646377 0.126955
v -0.071914 0.646377 0.107627
v -1.649356 1.014585 1.102064
v -0.107627 0.646377 0.071914
v -0.386994 0.812991 1.945548
v -0.759115 0.812991 1.832666
v -1.102064 0.812991 1.649356
v -1.649356 0.812991 1.102064
v -1.832666 0.812991 0.759115
v -1.402662 0.812991 1.402662
v -1.945548 0.812991 0.386994
v -0.043156 0.812991 0.216961
v -0.084654 0.812991 0.204373
v -0.122899 0.812991 0.183931
v -0.183931 0.812991 0.122899
v -0.204373 0.812991 0.084654
v -0.156420 0.812991 0.156420
v -0.216961 0.812991 0.043156
v -0.025253 0.578541 0.126955
v -0.049535 0.578541 0.119589
v -0.071914 0.578541 0.107627
v -0.107627 0.578541 0.071914
v -0.119589 0.578541 0.049535
v -0.091529 0.578541 0.091529
v -0.126955 0.578541 0.025253
v -0.017488 0.430739 0.087919
v -0.034304 0.430739 0.082818
v -0.049802 0.430739 0.074534
v -0.074534 0.430739 0.049802
v -0.082817 0.430739 0.034304
v -0.063386 0.430739 0.063386
v -0.087919 0.430739 0.017488
v -0.054606 0.526224 0.131830
v -0.049571 0.473907 0.119675
v -0.025271 0.473907 0.127046
v -0.027838 0.526224 0.139950
v -0.079275 0.526224 0.118644
v -0.071966 0.473907 0.107704
v -0.131830 0.526224 0.054606
v -0.119675 0.473907 0.049571
v -0.107704 0.473907 0.071966
v -0.118644 0.526224 0.079275
v -0.091595 0.473907 0.091595
v -0.100898 0.526224 0.100898
v -0.139950 0.526224 0.027838
v -0.127046 0.473907 0.025271
v -0.010222 0.412308 0.051391
v -0.020052 0.412308 0.048410
v -0.029111 0.412308 0.043567
v -0.043567 0.412308 0.029111
v -0.048409 0.412308 0.020052
v -0.037051 0.412308 0.037051
v -0.051391 0.412308 0.010222
v -0.010222 0.347718 0.051391
v -0.020052 0.347718 0.048410
v -0.029111 0.347718 0.043567
v -0.043567 0.347718 0.029111
v -0.048409 0.347718 0.020052
v -0.037051 0.347718 0.037051
v -0.051391 0.347718 0.010222
v -0.021101 0.037763 0.106080
v -0.041390 0.037763 0.099925
v -0.060089 0.037763 0.089930
v -0.089930 0.037763 0.060089
v -0.099925 0.037763 0.041390
v -0.076479 0.037763 0.076479
v -0.106080 0.037763 0.021101
v -0.003812 -0.137244 0.019165
v -0.007478 -0.137244 0.018053
v -0.010856 -0.137244 0.016247
v -0.016247 -0.137244 0.010856
v -0.018053 -0.137244 0.007478
v -0.013817 -0.137244 0.013817
v -0.019165 -0.137244 0.003812
v -0.946340 -0.360740 0.021101
v -0.965281 -0.432098 0.021101
v -0.713277 -0.360931 0.041987
v -0.406011 0.037673 0.047872
v -0.397534 -0.097007 0.047872
v -0.681686 -0.492128 0.041987
v -0.021101 -0.097184 0.106080
v -0.041390 -0.097184 0.099925
v -0.060089 -0.097184 0.089930
v -0.089930 -0.097184 0.060089
v -0.099925 -0.097184 0.041390
v -0.076479 -0.097184 0.076479
v -0.106080 -0.097184 0.021101
v -0.014101 -0.137244 0.070890
v -0.027660 -0.137244 0.066777
v -0.040156 -0.137244 0.060098
v -0.060098 -0.137244 0.040156
v -0.066777 -0.137244 0.027660
v -0.051109 -0.137244 0.051109
v -0.070890 -0.137244 0.014101
v -0.003812 -0.553885 0.019165
v -0.007478 -0.553885 0.018053
v -0.010856 -0.553885 0.016247
v -0.016247 -0.553885 0.010856
v -0.018053 -0.553885 0.007478
v -0.013817 -0.553885 0.013817
v -0.019165 -0.553885 0.003812
v -0.017047 -0.566423 0.085702
v -0.033439 -0.566423 0.080729
v -0.048546 -0.566423 0.072654
v -0.072654 -0.566423 0.048546
v -0.080729 -0.566423 0.033439
v -0.061787 -0.566423 0.061787
v -0.085702 -0.566423 0.017047
v -0.602562 -0.185661 0.048493
v -0.536585 -0.024617 0.047872
v -0.464301 -0.138572 0.047872
v -0.520263 -0.292606 0.047277
v -0.303207 0.019958 0.047872
v -0.204644 0.019958 0.034252
v -0.204644 -0.114989 0.034252
v -0.303207 -0.114989 0.047872
v -0.808541 -0.501838 0.034252
v -0.905599 -0.484672 0.034252
v -0.882096 -0.351787 0.034252
v -0.785039 -0.368953 0.034252
v -0.476061 0.025090 0.047872
v -0.435681 -0.099227 0.047872
v -0.350371 -0.105998 0.047872
v -0.354609 0.028815 0.047872
v -0.253926 0.019958 0.041987
v -0.253926 -0.114989 0.041987
v -0.155362 0.028860 0.034252
v -0.155362 -0.106086 0.034252
v -0.580537 -0.401182 0.047574
v -0.653981 -0.291516 0.048182
v -0.572879 -0.107561 0.048182
v -0.489015 -0.213107 0.047574
vn 0.9959 0.0197 -0.0884
vn 0.5656 -0.2252 -0.7933
vn 0.5537 0.6116 -0.5652
vn -0.0000 0.7371 -0.6758
vn -0.0000 -0.2736 -0.9619
vn -0.0000 0.9999 0.0110
vn -0.0000 -0.8956 -0.4449
vn 0.0150 -0.9109 -0.4122
vn -0.0000 -0.9825 -0.1863
vn 0.0053 -0.9977 -0.0681
vn 0.0091 -0.9823 -0.1869
vn -0.0000 -0.6270 0.7791
vn -0.0070 -0.9115 0.4112
vn -0.0122 -0.6174 0.7865
vn -0.0000 0.9856 0.1689
vn -0.0024 1.0000 0.0009
vn -0.0000 0.9999 -0.0103
vn -0.0000 0.5513 -0.8343
vn 0.0106 0.8690 -0.4948
vn -0.0000 0.8911 -0.4538
vn 1.0000 -0.0000 -0.0000
vn 0.9993 -0.0118 -0.0346
vn 0.9969 -0.0237 -0.0755
vn 0.9996 -0.0099 -0.0256
vn 1.0000 -0.0008 -0.0013
vn 1.0000 0.0042 -0.0054
vn 1.0000 0.0031 -0.0074
vn 1.0000 -0.0004 -0.0048
vn -0.0000 0.9031 -0.4295
vn 0.0169 0.6067 -0.7948
vn -0.0000 0.5959 -0.8030
vn -0.0000 0.3764 -0.9265
vn 0.0219 0.3954 -0.9183
vn -0.0000 0.3979 -0.9174
vn -0.0000 -0.8679 0.4967
vn -0.0242 -0.4577 0.8888
vn -0.0108 -0.8815 0.4720
vn -0.0000 -0.3397 0.9405
vn -0.0200 -0.4249 0.9050
vn -0.0236 -0.3386 0.9406
vn 0.9933 -0.0000 0.1155
vn 0.9973 -0.0000 0.0736
vn 0.9895 -0.0000 0.1446
vn 0.9906 -0.0000 0.1368
vn 0.9984 -0.0000 0.0563
vn -0.0000 0.9843 -0.1768
vn 0.0054 0.9961 -0.0883
vn -0.0000 0.9963 -0.0858
vn -0.0000 1.0000 -0.0000
vn -0.0000 0.9962 0.0873
vn -0.0000 -0.9843 0.1768
vn -0.0054 -0.9961 0.0883
vn -0.0107 -0.9843 0.1764
vn -0.0000 -1.0000 -0.0000
vn -0.0000 -0.9954 -0.0963
vn 0.0041 -0.9955 -0.0951
vn -0.0000 -0.9244 0.3813
vn -0.0055 -0.9990 -0.0451
vn -0.0000 -0.9984 -0.0573
vn 0.0049 0.9996 0.0262
vn -0.0000 0.9991 0.0429
vn 0.0085 0.9994 0.0337
vn 0.9979 -0.0057 -0.0647
vn 0.9989 -0.0044 -0.0457
vn 0.9971 0.0132 -0.0745
vn -0.0000 -0.9984 -0.0572
vn 0.0069 0.9097 -0.4153
vn -0.0084 0.9855 0.1695
vn 0.9966 -0.0000 0.0825
vn 1.0000 0.0044 -0.0067
vn 0.0163 0.5425 -0.8399
vn -0.0000 -0.4284 0.9036
vn -0.0000 -0.4494 0.8933
vn 0.0222 0.3776 -0.9257
vn 1.0000 0.0015 -0.0015
vn 0.7071 -0.0000 -0.7071
vn 0.8315 -0.0000 -0.5556
vn 0.3827 -0.0000 -0.9239
vn 0.5556 -0.0000 -0.8315
vn -0.0000 -0.0000 -1.0000
vn 0.1951 -0.0000 -0.9808
vn 0.9239 -0.0000 -0.3827
vn 0.9808 -0.0000 -0.1951
vn 0.3702 -0.2529 -0.8938
vn 0.1709 -0.4825 -0.8591
vn 0.3352 -0.4825 -0.8092
vn 0.5375 -0.2529 -0.8044
vn 0.4866 -0.4825 -0.7283
vn 0.8044 -0.2529 -0.5375
vn 0.8092 -0.4825 -0.3352
vn 0.8938 -0.2529 -0.3702
vn 0.6841 -0.2529 -0.6841
vn 0.7283 -0.4825 -0.4866
vn 0.1887 -0.2529 -0.9489
vn -0.0000 -0.4825 -0.8759
vn 0.6194 -0.4825 -0.6194
vn 0.8591 -0.4825 -0.1709
vn 0.9489 -0.2529 -0.1887
vn 0.9675 -0.2529 -0.0000
vn 0.8759 -0.4825 -0.0000
vn 0.9731 0.1247 -0.1936
vn 0.3797 0.1247 -0.9167
vn 0.1936 0.1247 -0.9731
vn 0.5512 0.1247 -0.8250
vn 0.8250 0.1247 -0.5512
vn 0.7016 0.1247 -0.7016
vn -0.0000 -0.2529 -0.9675
vn -0.0000 0.1247 -0.9922
vn 0.9167 0.1247 -0.3797
vn 0.1722 -0.4697 -0.8658
vn 0.2319 -0.7954 -0.5600
vn 0.1182 -0.7954 -0.5945
vn 0.3378 -0.4697 -0.8156
vn 0.3367 -0.7954 -0.5040
vn 0.8156 -0.4697 -0.3378
vn 0.5040 -0.7954 -0.3367
vn 0.7340 -0.4697 -0.4905
vn 0.4286 -0.7954 -0.4286
vn 0.6242 -0.4697 -0.6242
vn -0.0000 -0.7954 -0.6061
vn -0.0000 -0.4697 -0.8828
vn 0.4905 -0.4697 -0.7340
vn 0.5945 -0.7954 -0.1182
vn 0.5600 -0.7954 -0.2320
vn 0.8658 -0.4697 -0.1722
vn 0.6061 -0.7954 -0.0000
vn 0.9922 0.1247 -0.0000
vn 0.9808 0.0008 -0.1951
vn 0.8828 -0.4697 -0.0000
vn 0.9239 0.0008 -0.3827
vn 0.7071 0.0008 -0.7071
vn 0.5556 0.0008 -0.8315
vn 0.1951 0.0008 -0.9808
vn -0.0000 0.0008 -1.0000
vn 0.8315 0.0008 -0.5556
vn 0.3827 0.0008 -0.9239
vn 0.1697 -0.8963 -0.4098
vn 0.0865 -0.8963 -0.4350
vn 0.3688 -0.8963 -0.2464
vn 0.3136 -0.8963 -0.3136
vn -0.0000 -0.8963 -0.4435
vn 0.2464 -0.8963 -0.3688
vn 0.4350 -0.8963 -0.0865
vn 0.4098 -0.8963 -0.1697
vn 0.4435 -0.8963 -0.0000
vn 0.1943 0.0894 -0.9769
vn 0.3812 0.0894 -0.9202
vn 0.8281 0.0894 -0.5533
vn 0.7043 0.0894 -0.7043
vn -0.0000 0.0894 -0.9960
vn 0.5533 0.0894 -0.8281
vn 0.9202 0.0894 -0.3812
vn 0.9769 0.0894 -0.1943
vn 0.5534 0.0884 -0.8282
vn 0.3585 -0.3499 -0.8655
vn 0.3812 0.0884 -0.9203
vn 0.2262 0.1180 -0.9669
vn 0.8282 0.0884 -0.5534
vn 0.7043 0.0884 -0.7043
vn -0.0000 0.1771 -0.9842
vn 0.9203 0.0884 -0.3812
vn 0.9960 0.0894 -0.0000
vn 0.9669 0.1180 -0.2262
vn 0.7789 -0.3499 -0.5204
vn 0.6624 -0.3499 -0.6624
vn 0.5205 -0.3499 -0.7789
vn 0.8655 -0.3499 -0.3585
vn -0.0110 0.9999 -0.0000
vn 0.5652 0.6116 -0.5537
vn -0.0337 0.9994 -0.0085
vn 0.2076 -0.4660 -0.8601
vn 0.6758 0.7371 -0.0000
vn 0.7933 -0.2252 -0.5656
vn 0.4449 -0.8956 -0.0000
vn 0.9619 -0.2736 -0.0000
vn 0.0884 0.0197 -0.9959
vn 0.0745 0.0132 -0.9971
vn 0.0273 -0.0147 -0.9995
vn 0.0739 -0.0264 -0.9969
vn 0.0626 -0.0053 -0.9980
vn 0.1863 -0.9825 -0.0000
vn 0.0681 -0.9977 -0.0053
vn 0.0572 -0.9984 -0.0000
vn -0.7792 -0.6268 -0.0000
vn -0.4107 -0.9117 0.0073
vn -0.3813 -0.9244 -0.0000
vn -0.1689 0.9856 -0.0000
vn -0.0009 1.0000 0.0024
vn -0.1695 0.9855 0.0084
vn 0.8344 0.5511 -0.0000
vn 0.4954 0.8686 -0.0108
vn 0.8398 0.5426 -0.0168
vn 0.1641 -0.9034 -0.3961
vn 0.2382 -0.9034 -0.3565
vn 0.3565 -0.9034 -0.2382
vn 0.3961 -0.9034 -0.1641
vn 0.3032 -0.9034 -0.3032
vn 0.0836 -0.9034 -0.4205
vn -0.0000 -0.6672 -0.7449
vn 0.4205 -0.9034 -0.0836
vn 0.8601 -0.4661 -0.2076
vn 0.7449 -0.6672 -0.0000
vn 0.4287 -0.9034 -0.0000
vn -0.0000 -0.9034 -0.4287
vn 0.0355 0.9833 -0.1782
vn 0.0695 0.9833 -0.1679
vn 0.1010 0.9833 -0.1511
vn 0.1511 0.9833 -0.1010
vn 0.1679 0.9833 -0.0695
vn 0.1285 0.9833 -0.1285
vn -0.0000 0.9833 -0.1817
vn 0.1782 0.9833 -0.0355
vn 0.1817 0.9833 -0.0000
vn 0.4295 0.9031 -0.0000
vn 0.7950 0.6064 -0.0169
vn 0.4153 0.9097 -0.0069
vn 0.9263 0.3767 -0.0000
vn 0.9182 0.3956 -0.0202
vn 0.9256 0.3779 -0.0215
vn -0.4967 -0.8679 -0.0000
vn -0.8885 -0.4582 0.0241
vn -0.8933 -0.4495 -0.0000
vn -0.9405 -0.3398 -0.0000
vn -0.9049 -0.4251 0.0196
vn -0.9038 -0.4279 -0.0000
vn -0.0013 0.0008 -1.0000
vn -0.0014 -0.0015 -1.0000
vn -0.0053 -0.0042 -1.0000
vn -0.0074 -0.0031 -1.0000
vn -0.0067 -0.0044 -1.0000
vn 0.1768 0.9843 -0.0000
vn 0.0883 0.9961 -0.0054
vn 0.1764 0.9843 -0.0107
vn -0.0873 0.9962 -0.0000
vn -0.0861 0.9963 0.0037
vn -0.1768 -0.9843 -0.0000
vn -0.0883 -0.9961 0.0054
vn -0.0858 -0.9963 -0.0000
vn 0.0963 -0.9954 -0.0000
vn -0.1155 -0.0000 -0.9933
vn -0.0736 -0.0000 -0.9973
vn -0.0825 -0.0000 -0.9966
vn -0.1368 -0.0000 -0.9906
vn -0.0632 -0.0000 -0.9980
vn 0.0457 -0.0044 -0.9989
vn 0.0282 0.0050 -0.9996
vn 0.0451 -0.9990 0.0055
vn 0.0573 -0.9984 -0.0000
vn 0.4122 -0.9109 -0.0150
vn 0.4538 0.8911 -0.0000
vn -0.0262 0.9996 -0.0049
vn -0.0429 0.9991 -0.0000
vn -0.4720 -0.8815 0.0108
vn 0.0103 0.9999 -0.0000
vn 0.1869 -0.9823 -0.0091
vn -0.0563 -0.0000 -0.9984
vn -0.2578 -0.0000 -0.9662
vn -0.1446 -0.0000 -0.9895
vn -0.1767 -0.9841 0.0150
vn -0.1778 -0.9841 -0.0000
vn 0.1767 0.9841 -0.0150
vn 0.9176 0.3974 -0.0000
vn -0.7858 -0.6184 0.0135
vn 0.0168 -0.0185 -0.9997
vn -0.0047 0.0004 -1.0000
vn -0.9406 -0.3388 0.0233
vn 0.8030 0.5960 -0.0000
vn 0.0150 0.9841 -0.1767
vn 0.0107 0.9843 -0.1764
vn 0.9662 -0.0000 0.2578
vn -0.0150 -0.9841 0.1767
vn 0.9959 0.0197 0.0884
vn 0.5656 -0.2252 0.7933
vn 0.9971 0.0132 0.0745
vn -0.0000 0.7371 0.6758
vn 0.5537 0.6116 0.5652
vn -0.0000 0.9999 -0.0110
vn 0.0085 0.9994 -0.0337
vn -0.0000 -0.8956 0.4449
vn 0.0150 -0.9109 0.4122
vn 0.0053 -0.9977 0.0681
vn -0.0000 -0.9825 0.1863
vn 0.0091 -0.9823 0.1869
vn -0.0070 -0.9115 -0.4112
vn -0.0000 -0.6270 -0.7791
vn -0.0122 -0.6174 -0.7865
vn -0.0000 0.9856 -0.1689
vn -0.0024 1.0000 -0.0009
vn -0.0084 0.9855 -0.1695
vn -0.0000 0.5513 0.8343
vn 0.0106 0.8690 0.4948
vn 0.0163 0.5425 0.8399
vn 0.9969 -0.0237 0.0755
vn 0.9993 -0.0118 0.0346
vn 0.9996 -0.0099 0.0256
vn 1.0000 -0.0008 0.0013
vn 1.0000 0.0031 0.0074
vn 1.0000 0.0042 0.0054
vn 1.0000 -0.0004 0.0048
vn -0.0000 0.9031 0.4295
vn 0.0169 0.6067 0.7948
vn 0.0069 0.9097 0.4153
vn -0.0000 0.3764 0.9265
vn 0.0219 0.3954 0.9183
vn 0.0222 0.3776 0.9257
vn -0.0242 -0.4577 -0.8888
vn -0.0000 -0.8679 -0.4967
vn -0.0108 -0.8815 -0.4720
vn -0.0200 -0.4249 -0.9050
vn -0.0000 -0.3397 -0.9405
vn -0.0236 -0.3386 -0.9406
vn 0.9973 -0.0000 -0.0736
vn 0.9933 -0.0000 -0.1155
vn 0.9895 -0.0000 -0.1446
vn 0.9984 -0.0000 -0.0563
vn 0.9906 -0.0000 -0.1368
vn -0.0000 0.9843 0.1768
vn 0.0054 0.9961 0.0883
vn 0.0107 0.9843 0.1764
vn -0.0000 0.9962 -0.0873
vn -0.0054 -0.9961 -0.0883
vn -0.0000 -0.9843 -0.1768
vn -0.0107 -0.9843 -0.1764
vn -0.0000 -0.9954 0.0963
vn -0.0055 -0.9990 0.0451
vn -0.0000 -0.9244 -0.3813
vn -0.0000 -0.9984 0.0573
vn -0.0000 0.8911 0.4538
vn 0.0049 0.9996 -0.0262
vn -0.0000 0.9991 -0.0429
vn 0.9989 -0.0044 0.0457
vn 0.9979 -0.0057 0.0647
vn 0.9996 0.0050 0.0282
vn -0.0000 -0.9984 0.0572
vn -0.0000 0.9999 0.0103
vn 0.9980 -0.0000 -0.0632
vn -0.0037 0.9963 -0.0861
vn 0.0041 -0.9955 0.0951
vn -0.0000 -0.9963 -0.0858
vn -0.0000 0.9963 0.0858
vn 0.9966 -0.0000 -0.0825
vn 1.0000 0.0044 0.0067
vn -0.0000 0.3979 0.9174
vn -0.0000 -0.4284 -0.9036
vn -0.0000 -0.4494 -0.8933
vn -0.0000 0.5959 0.8030
vn 1.0000 0.0015 0.0015
vn 0.8315 -0.0000 0.5556
vn 0.7071 -0.0000 0.7071
vn 0.5556 -0.0000 0.8315
vn 0.3827 -0.0000 0.9239
vn 0.1951 -0.0000 0.9808
vn -0.0000 -0.0000 1.0000
vn 0.9239 -0.0000 0.3827
vn 0.9808 -0.0000 0.1951
vn 0.3702 -0.2529 0.8938
vn 0.1709 -0.4825 0.8591
vn 0.1887 -0.2529 0.9489
vn 0.5375 -0.2529 0.8044
vn 0.3352 -0.4825 0.8092
vn 0.8092 -0.4825 0.3352
vn 0.8044 -0.2529 0.5375
vn 0.8938 -0.2529 0.3702
vn 0.7283 -0.4825 0.4866
vn 0.6841 -0.2529 0.6841
vn -0.0000 -0.4825 0.8759
vn -0.0000 -0.2529 0.9675
vn 0.6194 -0.4825 0.6194
vn 0.8591 -0.4825 0.1709
vn 0.9489 -0.2529 0.1887
vn 0.9731 0.1247 0.1936
vn 0.3797 0.1247 0.9167
vn 0.5512 0.1247 0.8250
vn 0.8250 0.1247 0.5512
vn 0.7016 0.1247 0.7016
vn 0.1936 0.1247 0.9731
vn 0.9167 0.1247 0.3797
vn 0.1722 -0.4697 0.8658
vn 0.2319 -0.7954 0.5600
vn 0.3378 -0.4697 0.8156
vn 0.3367 -0.7954 0.5040
vn 0.4905 -0.4697 0.7340
vn 0.5040 -0.7954 0.3367
vn 0.8156 -0.4697 0.3378
vn 0.7340 -0.4697 0.4905
vn 0.4286 -0.7954 0.4286
vn 0.6242 -0.4697 0.6242
vn -0.0000 -0.7954 0.6061
vn -0.0000 -0.4697 0.8828
vn 0.5945 -0.7954 0.1182
vn 0.8658 -0.4697 0.1722
vn 0.9808 0.0008 0.1951
vn 1.0000 0.0008 -0.0000
vn 0.9239 0.0008 0.3827
vn 0.7071 0.0008 0.7071
vn 0.5556 0.0008 0.8315
vn -0.0000 0.1247 0.9922
vn 0.1951 0.0008 0.9808
vn -0.0000 0.0008 1.0000
vn 0.8315 0.0008 0.5556
vn 0.3827 0.0008 0.9239
vn 0.1182 -0.7954 0.5945
vn 0.1697 -0.8963 0.4098
vn 0.3688 -0.8963 0.2464
vn 0.5600 -0.7954 0.2320
vn 0.3136 -0.8963 0.3136
vn -0.0000 -0.8963 0.4435
vn 0.4350 -0.8963 0.0865
vn 0.1943 0.0894 0.9769
vn 0.3812 0.0894 0.9202
vn 0.8281 0.0894 0.5533
vn 0.7043 0.0894 0.7043
vn -0.0000 0.0894 0.9960
vn 0.5533 0.0894 0.8281
vn 0.9202 0.0894 0.3812
vn 0.9769 0.0894 0.1943
vn 0.3585 -0.3499 0.8655
vn 0.5534 0.0884 0.8282
vn 0.3812 0.0884 0.9203
vn 0.2262 0.1180 0.9669
vn 0.8282 0.0884 0.5534
vn 0.7043 0.0884 0.7043
vn -0.0000 0.1771 0.9842
vn 0.9203 0.0884 0.3812
vn 0.9669 0.1180 0.2262
vn 0.7789 -0.3499 0.5204
vn 0.6624 -0.3499 0.6624
vn 0.5205 -0.3499 0.7789
vn 0.8655 -0.3499 0.3585
vn 0.5652 0.6116 0.5537
vn -0.0337 0.9994 0.0086
vn 0.2076 -0.4660 0.8601
vn 0.7933 -0.2252 0.5656
vn 0.4122 -0.9109 0.0150
vn 0.0884 0.0197 0.9959
vn 0.0745 0.0132 0.9971
vn 0.0273 -0.0147 0.9995
vn 0.0739 -0.0264 0.9969
vn 0.0168 -0.0185 0.9997
vn 0.0681 -0.9977 0.0053
vn 0.1869 -0.9823 0.0091
vn -0.4107 -0.9117 -0.0073
vn -0.7858 -0.6184 -0.0135
vn -0.0009 1.0000 -0.0024
vn -0.1695 0.9855 -0.0084
vn 0.4954 0.8686 0.0108
vn 0.8398 0.5426 0.0168
vn 0.1641 -0.9034 0.3961
vn 0.0836 -0.9034 0.4205
vn 0.2382 -0.9034 0.3565
vn 0.3565 -0.9034 0.2382
vn 0.3961 -0.9034 0.1641
vn 0.3032 -0.9034 0.3032
vn -0.0000 -0.6672 0.7449
vn -0.0000 -0.9034 0.4287
vn 0.4205 -0.9034 0.0836
vn 0.0355 0.9833 0.1782
vn 0.0695 0.9833 0.1679
vn 0.1010 0.9833 0.1511
vn 0.1511 0.9833 0.1010
vn 0.1679 0.9833 0.0695
vn 0.1679 0.9833 0.0696
vn 0.1285 0.9833 0.1285
vn -0.0000 0.9833 0.1817
vn 0.1782 0.9833 0.0355
vn 0.7950 0.6064 0.0169
vn 0.4153 0.9097 0.0069
vn 0.9182 0.3956 0.0202
vn 0.9256 0.3779 0.0215
vn -0.8885 -0.4582 -0.0241
vn -0.4720 -0.8815 -0.0108
vn -0.9049 -0.4251 -0.0196
vn -0.9406 -0.3388 -0.0233
vn -0.0013 0.0008 1.0000
vn -0.0053 -0.0042 1.0000
vn -0.0074 -0.0031 1.0000
vn -0.0047 0.0004 1.0000
vn 0.0883 0.9961 0.0054
vn 0.1764 0.9843 0.0107
vn -0.0883 -0.9961 -0.0054
vn -0.1764 -0.9843 -0.0107
vn -0.1155 -0.0000 0.9933
vn -0.0736 -0.0000 0.9973
vn -0.1446 -0.0000 0.9895
vn -0.0632 -0.0000 0.9980
vn -0.1368 -0.0000 0.9906
vn 0.0626 -0.0053 0.9980
vn 0.0457 -0.0044 0.9989
vn 0.0282 0.0050 0.9996
vn 0.0451 -0.9990 -0.0055
vn -0.0262 0.9996 0.0049
vn -0.0861 0.9963 -0.0037
vn 0.0951 -0.9955 0.0041
vn -0.0563 -0.0000 0.9984
vn -0.0825 -0.0000 0.9966
vn 0.0858 0.9963 -0.0000
vn -0.2578 -0.0000 0.9662
vn -0.1767 -0.9841 -0.0150
vn 0.1767 0.9841 0.0150
vn 0.1778 0.9841 -0.0000
vn -0.0067 -0.0044 1.0000
vn -0.0014 -0.0015 1.0000
vn 0.0150 0.9841 0.1767
vn 0.9662 -0.0000 -0.2578
vn -0.0150 -0.9841 -0.1767
vn -0.9959 0.0197 -0.0884
vn -0.5656 -0.2252 -0.7933
vn -0.9971 0.0132 -0.0745
vn -0.5537 0.6116 -0.5652
vn -0.0085 0.9994 0.0337
vn -0.0150 -0.9109 -0.4122
vn -0.0053 -0.9977 -0.0681
vn -0.0091 -0.9823 -0.1869
vn 0.0070 -0.9115 0.4112
vn 0.0122 -0.6174 0.7865
vn 0.0024 1.0000 0.0009
vn 0.0084 0.9855 0.1695
vn -0.0106 0.8690 -0.4948
vn -0.0163 0.5425 -0.8399
vn -1.0000 -0.0000 -0.0000
vn -0.9969 -0.0237 -0.0755
vn -0.9993 -0.0118 -0.0346
vn -0.9996 -0.0099 -0.0256
vn -1.0000 -0.0008 -0.0013
vn -1.0000 0.0031 -0.0074
vn -1.0000 0.0042 -0.0054
vn -1.0000 -0.0004 -0.0048
vn -0.0169 0.6067 -0.7948
vn -0.0069 0.9097 -0.4153
vn -0.0219 0.3954 -0.9183
vn -0.0222 0.3776 -0.9257
vn 0.0242 -0.4577 0.8888
vn 0.0108 -0.8815 0.4720
vn 0.0200 -0.4249 0.9050
vn 0.0236 -0.3386 0.9406
vn -0.9973 -0.0000 0.0736
vn -0.9933 -0.0000 0.1155
vn -0.9895 -0.0000 0.1446
vn -0.9984 -0.0000 0.0563
vn -0.9906 -0.0000 0.1368
vn -0.0054 0.9961 -0.0883
vn -0.0107 0.9843 -0.1764
vn 0.0054 -0.9961 0.0883
vn 0.0107 -0.9843 0.1764
vn 0.0055 -0.9990 -0.0451
vn -0.0049 0.9996 0.0262
vn -0.9989 -0.0044 -0.0457
vn -0.9979 -0.0057 -0.0647
vn -0.9996 0.0050 -0.0282
vn -0.9980 -0.0000 0.0632
vn 0.0037 0.9963 0.0861
vn -0.0041 -0.9955 -0.0951
vn -0.0000 -0.9963 0.0858
vn -0.9966 -0.0000 0.0825
vn -1.0000 0.0044 -0.0067
vn -1.0000 0.0015 -0.0015
vn -0.8315 -0.0000 -0.5556
vn -0.7071 -0.0000 -0.7071
vn -0.5556 -0.0000 -0.8315
vn -0.3827 -0.0000 -0.9239
vn -0.1951 -0.0000 -0.9808
vn -0.9239 -0.0000 -0.3827
vn -0.9808 -0.0000 -0.1951
vn -0.3702 -0.2529 -0.8938
vn -0.1709 -0.4825 -0.8591
vn -0.1887 -0.2529 -0.9489
vn -0.5375 -0.2529 -0.8044
vn -0.3352 -0.4825 -0.8092
vn -0.8092 -0.4825 -0.3352
vn -0.8044 -0.2529 -0.5375
vn -0.8938 -0.2529 -0.3702
vn -0.7283 -0.4825 -0.4866
vn -0.6841 -0.2529 -0.6841
vn -0.6194 -0.4825 -0.6194
vn -0.8591 -0.4825 -0.1709
vn -0.9489 -0.2529 -0.1887
vn -0.9675 -0.2529 -0.0000
vn -0.9731 0.1247 -0.1936
vn -0.3797 0.1247 -0.9167
vn -0.5512 0.1247 -0.8250
vn -0.8250 0.1247 -0.5512
vn -0.7016 0.1247 -0.7016
vn -0.1936 0.1247 -0.9731
vn -0.9167 0.1247 -0.3797
vn -0.1722 -0.4697 -0.8658
vn -0.2319 -0.7954 -0.5600
vn -0.3378 -0.4697 -0.8156
vn -0.3367 -0.7954 -0.5040
vn -0.4905 -0.4697 -0.7340
vn -0.5040 -0.7954 -0.3367
vn -0.8156 -0.4697 -0.3378
vn -0.7340 -0.4697 -0.4905
vn -0.4286 -0.7954 -0.4286
vn -0.6242 -0.4697 -0.6242
vn -0.5945 -0.7954 -0.1182
vn -0.8658 -0.4697 -0.1722
vn -0.6061 -0.7954 -0.0000
vn -0.8828 -0.4697 -0.0000
vn -0.9808 0.0008 -0.1951
vn -0.9922 0.1247 -0.0000
vn -1.0000 0.0008 -0.0000
vn -0.9239 0.0008 -0.3827
vn -0.7071 0.0008 -0.7071
vn -0.5556 0.0008 -0.8315
vn -0.1951 0.0008 -0.9808
vn -0.8315 0.0008 -0.5556
vn -0.3827 0.0008 -0.9239
vn -0.1182 -0.7954 -0.5945
vn -0.1697 -0.8963 -0.4098
vn -0.3688 -0.8963 -0.2464
vn -0.5600 -0.7954 -0.2320
vn -0.3136 -0.8963 -0.3136
vn -0.4350 -0.8963 -0.0865
vn -0.4435 -0.8963 -0.0000
vn -0.1943 0.0894 -0.9769
vn -0.3812 0.0894 -0.9202
vn -0.8281 0.0894 -0.5533
vn -0.7043 0.0894 -0.7043
vn -0.5533 0.0894 -0.8281
vn -0.9202 0.0894 -0.3812
vn -0.9769 0.0894 -0.1943
vn -0.3585 -0.3499 -0.8655
vn -0.5534 0.0884 -0.8282
vn -0.3812 0.0884 -0.9203
vn -0.2262 0.1180 -0.9669
vn -0.8282 0.0884 -0.5534
vn -0.7043 0.0884 -0.7043
vn -0.9203 0.0884 -0.3812
vn -0.9669 0.1180 -0.2262
vn -0.9960 0.0894 -0.0000
vn -0.7789 -0.3499 -0.5204
vn -0.6624 -0.3499 -0.6624
vn -0.5205 -0.3499 -0.7789
vn -0.8655 -0.3499 -0.3585
vn -0.5652 0.6116 -0.5537
vn 0.0110 0.9999 -0.0000
vn 0.0337 0.9994 -0.0086
vn -0.2076 -0.4660 -0.8601
vn -0.7933 -0.2252 -0.5656
vn -0.6758 0.7371 -0.0000
vn -0.4449 -0.8956 -0.0000
vn -0.4122 -0.9109 -0.0150
vn -0.0884 0.0197 -0.9959
vn -0.0745 0.0132 -0.9971
vn -0.0273 -0.0147 -0.9995
vn -0.0739 -0.0264 -0.9969
vn -0.0168 -0.0185 -0.9997
vn -0.1863 -0.9825 -0.0000
vn -0.0681 -0.9977 -0.0053
vn -0.1869 -0.9823 -0.0091
vn 0.7792 -0.6268 -0.0000
vn 0.4107 -0.9117 0.0073
vn 0.7858 -0.6184 0.0135
vn 0.0009 1.0000 0.0024
vn 0.1689 0.9856 -0.0000
vn 0.1695 0.9855 0.0084
vn -0.4954 0.8686 -0.0108
vn -0.8344 0.5511 -0.0000
vn -0.8398 0.5426 -0.0168
vn -0.1641 -0.9034 -0.3961
vn -0.0836 -0.9034 -0.4205
vn -0.2382 -0.9034 -0.3565
vn -0.3565 -0.9034 -0.2382
vn -0.3961 -0.9034 -0.1641
vn -0.3032 -0.9034 -0.3032
vn -0.4205 -0.9034 -0.0836
vn -0.7449 -0.6672 -0.0000
vn -0.4287 -0.9034 -0.0000
vn -0.0355 0.9833 -0.1782
vn -0.0695 0.9833 -0.1679
vn -0.1010 0.9833 -0.1511
vn -0.1511 0.9833 -0.1010
vn -0.1679 0.9833 -0.0695
vn -0.1679 0.9833 -0.0696
vn -0.1285 0.9833 -0.1285
vn -0.1782 0.9833 -0.0355
vn -0.1817 0.9833 -0.0000
vn -0.7950 0.6064 -0.0169
vn -0.4295 0.9031 -0.0000
vn -0.4153 0.9097 -0.0069
vn -0.9182 0.3956 -0.0202
vn -0.9263 0.3767 -0.0000
vn -0.9256 0.3779 -0.0215
vn 0.4967 -0.8679 -0.0000
vn 0.8885 -0.4582 0.0241
vn 0.4720 -0.8815 0.0108
vn 0.9405 -0.3398 -0.0000
vn 0.9049 -0.4251 0.0196
vn 0.9406 -0.3388 0.0233
vn 0.0013 0.0008 -1.0000
vn 0.0053 -0.0042 -1.0000
vn 0.0074 -0.0031 -1.0000
vn 0.0047 0.0004 -1.0000
vn -0.0883 0.9961 -0.0054
vn -0.1768 0.9843 -0.0000
vn -0.1764 0.9843 -0.0107
vn 0.0873 0.9962 -0.0000
vn 0.1768 -0.9843 -0.0000
vn 0.0883 -0.9961 0.0054
vn 0.1764 -0.9843 0.0107
vn -0.0963 -0.9954 -0.0000
vn 0.1155 -0.0000 -0.9933
vn 0.0736 -0.0000 -0.9973
vn 0.1446 -0.0000 -0.9895
vn 0.0632 -0.0000 -0.9980
vn 0.1368 -0.0000 -0.9906
vn -0.0626 -0.0053 -0.9980
vn -0.0457 -0.0044 -0.9989
vn -0.0282 0.0050 -0.9996
vn 0.3813 -0.9244 -0.0000
vn -0.0451 -0.9990 0.0055
vn -0.0573 -0.9984 -0.0000
vn 0.0262 0.9996 -0.0049
vn -0.4538 0.8911 -0.0000
vn 0.0429 0.9991 -0.0000
vn -0.0572 -0.9984 -0.0000
vn -0.0103 0.9999 -0.0000
vn 0.0861 0.9963 0.0037
vn -0.0951 -0.9955 -0.0041
vn 0.0563 -0.0000 -0.9984
vn 0.0825 -0.0000 -0.9966
vn 0.0858 -0.9963 -0.0000
vn -0.0858 0.9963 -0.0000
vn 0.2578 -0.0000 -0.9662
vn 0.1767 -0.9841 0.0150
vn 0.1778 -0.9841 -0.0000
vn -0.1767 0.9841 -0.0150
vn -0.1778 0.9841 -0.0000
vn -0.9176 0.3974 -0.0000
vn 0.9038 -0.4279 -0.0000
vn 0.0067 -0.0044 -1.0000
vn 0.0014 -0.0015 -1.0000
vn 0.8933 -0.4495 -0.0000
vn -0.8030 0.5960 -0.0000
vn -0.0150 0.9841 -0.1767
vn -0.9662 -0.0000 0.2578
vn 0.0150 -0.9841 0.1767
vn -0.9959 0.0197 0.0884
vn -0.5656 -0.2252 0.7933
vn -0.5537 0.6116 0.5652
vn -0.0000 -0.2736 0.9619
vn -0.0150 -0.9109 0.4122
vn -0.0053 -0.9977 0.0681
vn -0.0091 -0.9823 0.1869
vn 0.0070 -0.9115 -0.4112
vn 0.0122 -0.6174 -0.7865
vn 0.0024 1.0000 -0.0009
vn -0.0106 0.8690 0.4948
vn -0.9993 -0.0118 0.0346
vn -0.9969 -0.0237 0.0755
vn -0.9996 -0.0099 0.0256
vn -1.0000 -0.0008 0.0013
vn -1.0000 0.0042 0.0054
vn -1.0000 0.0031 0.0074
vn -1.0000 -0.0004 0.0048
vn -0.0169 0.6067 0.7948
vn -0.0219 0.3954 0.9183
vn 0.0242 -0.4577 -0.8888
vn 0.0108 -0.8815 -0.4720
vn 0.0200 -0.4249 -0.9050
vn 0.0236 -0.3386 -0.9406
vn -0.9933 -0.0000 -0.1155
vn -0.9973 -0.0000 -0.0736
vn -0.9895 -0.0000 -0.1446
vn -0.9906 -0.0000 -0.1368
vn -0.9984 -0.0000 -0.0563
vn -0.0054 0.9961 0.0883
vn 0.0054 -0.9961 -0.0883
vn 0.0107 -0.9843 -0.1764
vn -0.0041 -0.9955 0.0951
vn 0.0055 -0.9990 0.0451
vn -0.0049 0.9996 -0.0262
vn -0.0085 0.9994 -0.0337
vn -0.9979 -0.0057 0.0647
vn -0.9989 -0.0044 0.0457
vn -0.9971 0.0132 0.0745
vn -0.0069 0.9097 0.4153
vn 0.0084 0.9855 -0.1695
vn -0.9966 -0.0000 -0.0825
vn -1.0000 0.0044 0.0067
vn -0.0163 0.5425 0.8399
vn -0.0222 0.3776 0.9257
vn -1.0000 0.0015 0.0015
vn -0.7071 -0.0000 0.7071
vn -0.8315 -0.0000 0.5556
vn -0.3827 -0.0000 0.9239
vn -0.5556 -0.0000 0.8315
vn -0.1951 -0.0000 0.9808
vn -0.9239 -0.0000 0.3827
vn -0.9808 -0.0000 0.1951
vn -0.3702 -0.2529 0.8938
vn -0.1709 -0.4825 0.8591
vn -0.3352 -0.4825 0.8092
vn -0.5375 -0.2529 0.8044
vn -0.4866 -0.4825 0.7283
vn -0.8044 -0.2529 0.5375
vn -0.8092 -0.4825 0.3352
vn -0.8938 -0.2529 0.3702
vn -0.6841 -0.2529 0.6841
vn -0.7283 -0.4825 0.4866
vn -0.1887 -0.2529 0.9489
vn -0.6194 -0.4825 0.6194
vn -0.8591 -0.4825 0.1709
vn -0.9489 -0.2529 0.1887
vn -0.8759 -0.4825 -0.0000
vn -0.9731 0.1247 0.1936
vn -0.3797 0.1247 0.9167
vn -0.1936 0.1247 0.9731
vn -0.5512 0.1247 0.8250
vn -0.8250 0.1247 0.5512
vn -0.7016 0.1247 0.7016
vn -0.9167 0.1247 0.3797
vn -0.1722 -0.4697 0.8658
vn -0.2319 -0.7954 0.5600
vn -0.1182 -0.7954 0.5945
vn -0.3378 -0.4697 0.8156
vn -0.3367 -0.7954 0.5040
vn -0.8156 -0.4697 0.3378
vn -0.5040 -0.7954 0.3367
vn -0.7340 -0.4697 0.4905
vn -0.4286 -0.7954 0.4286
vn -0.6242 -0.4697 0.6242
vn -0.4905 -0.4697 0.7340
vn -0.5945 -0.7954 0.1182
vn -0.5600 -0.7954 0.2320
vn -0.8658 -0.4697 0.1722
vn -0.9808 0.0008 0.1951
vn -0.9239 0.0008 0.3827
vn -0.7071 0.0008 0.7071
vn -0.5556 0.0008 0.8315
vn -0.1951 0.0008 0.9808
vn -0.8315 0.0008 0.5556
vn -0.3827 0.0008 0.9239
vn -0.1697 -0.8963 0.4098
vn -0.0865 -0.8963 0.4350
vn -0.3688 -0.8963 0.2464
vn -0.3136 -0.8963 0.3136
vn -0.2464 -0.8963 0.3688
vn -0.4350 -0.8963 0.0865
vn -0.4098 -0.8963 0.1697
vn -0.1943 0.0894 0.9769
vn -0.3812 0.0894 0.9202
vn -0.8281 0.0894 0.5533
vn -0.7043 0.0894 0.7043
vn -0.5533 0.0894 0.8281
vn -0.9202 0.0894 0.3812
vn -0.9769 0.0894 0.1943
vn -0.5534 0.0884 0.8282
vn -0.3585 -0.3499 0.8655
vn -0.3812 0.0884 0.9203
vn -0.2262 0.1180 0.9669
vn -0.8282 0.0884 0.5534
vn -0.7043 0.0884 0.7043
vn -0.9203 0.0884 0.3812
vn -0.9669 0.1180 0.2262
vn -0.7789 -0.3499 0.5204
vn -0.6624 -0.3499 0.6624
vn -0.5205 -0.3499 0.7789
vn -0.8655 -0.3499 0.3585
vn -0.5652 0.6116 0.5537
vn 0.0337 0.9994 0.0085
vn -0.2076 -0.4660 0.8601
vn -0.7933 -0.2252 0.5656
vn -0.9619 -0.2736 -0.0000
vn -0.0884 0.0197 0.9959
vn -0.0745 0.0132 0.9971
vn -0.0273 -0.0147 0.9995
vn -0.0739 -0.0264 0.9969
vn -0.0626 -0.0053 0.9980
vn -0.0681 -0.9977 0.0053
vn 0.4107 -0.9117 -0.0073
vn 0.0009 1.0000 -0.0024
vn 0.1695 0.9855 -0.0084
vn -0.4954 0.8686 0.0108
vn -0.8398 0.5426 0.0168
vn -0.1641 -0.9034 0.3961
vn -0.2382 -0.9034 0.3565
vn -0.3565 -0.9034 0.2382
vn -0.3961 -0.9034 0.1641
vn -0.3032 -0.9034 0.3032
vn -0.0836 -0.9034 0.4205
vn -0.4205 -0.9034 0.0836
vn -0.8601 -0.4661 0.2076
vn -0.0355 0.9833 0.1782
vn -0.0695 0.9833 0.1679
vn -0.1010 0.9833 0.1511
vn -0.1511 0.9833 0.1010
vn -0.1679 0.9833 0.0695
vn -0.1285 0.9833 0.1285
vn -0.1782 0.9833 0.0355
vn -0.7950 0.6064 0.0169
vn -0.4153 0.9097 0.0069
vn -0.9182 0.3956 0.0202
vn -0.9256 0.3779 0.0215
vn 0.8885 -0.4582 -0.0241
vn 0.9049 -0.4251 -0.0196
vn 0.0013 0.0008 1.0000
vn 0.0014 -0.0015 1.0000
vn 0.0053 -0.0042 1.0000
vn 0.0074 -0.0031 1.0000
vn 0.0067 -0.0044 1.0000
vn -0.0883 0.9961 0.0054
vn -0.1764 0.9843 0.0107
vn 0.0861 0.9963 -0.0037
vn 0.0883 -0.9961 -0.0054
vn 0.1155 -0.0000 0.9933
vn 0.0736 -0.0000 0.9973
vn 0.0825 -0.0000 0.9966
vn 0.1368 -0.0000 0.9906
vn 0.0632 -0.0000 0.9980
vn -0.0457 -0.0044 0.9989
vn -0.0282 0.0050 0.9996
vn -0.0451 -0.9990 -0.0055
vn -0.4122 -0.9109 0.0150
vn 0.0262 0.9996 0.0049
vn 0.4720 -0.8815 -0.0108
vn -0.1869 -0.9823 0.0091
vn 0.0563 -0.0000 0.9984
vn 0.2578 -0.0000 0.9662
vn 0.1446 -0.0000 0.9895
vn 0.1767 -0.9841 -0.0150
vn -0.1767 0.9841 0.0150
vn 0.7858 -0.6184 -0.0135
vn -0.0168 -0.0185 0.9997
vn 0.0047 0.0004 1.0000
vn 0.9406 -0.3388 -0.0233
vn -0.0150 0.9841 0.1767
vn -0.0107 0.9843 0.1764
vn -0.9662 -0.0000 -0.2578
vn 0.0150 -0.9841 -0.1767
vn 0.9980 -0.0000 0.0632
vn -0.0037 0.9963 0.0861
vn 0.9996 0.0050 -0.0282
vn 0.9842 0.1771 -0.0000
vn -0.1764 -0.9843 0.0107
vn 0.0951 -0.9955 -0.0041
vn -0.0000 0.9841 -0.1778
vn -0.0000 -0.9841 0.1778
vn 0.4866 -0.4825 0.7283
vn 0.0865 -0.8963 0.4350
vn 0.2464 -0.8963 0.3688
vn 0.4098 -0.8963 0.1697
vn 0.8601 -0.4661 0.2076
vn -0.0000 0.9841 0.1778
vn -0.0000 -0.9841 -0.1778
vn -0.4866 -0.4825 -0.7283
vn -0.0865 -0.8963 -0.4350
vn -0.2464 -0.8963 -0.3688
vn -0.4098 -0.8963 -0.1697
vn -0.9842 0.1771 -0.0000
vn -0.8601 -0.4661 -0.2076
vn -0.9980 -0.0000 -0.0632
vn 0.0037 0.9963 -0.0861
vn -0.9996 0.0050 0.0282
vn 0.1764 -0.9843 -0.0107
vn -0.0951 -0.9955 0.0041
vt 0.213980 0.208028
vt 0.198076 0.234030
vt 0.197864 0.212745
vt 0.191751 0.212804
vt 0.191958 0.234089
vt 0.210797 0.200289
vt 0.194886 0.207600
vt 0.216416 0.240956
vt 0.217583 0.234761
vt 0.399476 0.244621
vt 0.385603 0.228247
vt 0.400821 0.230569
vt 0.278402 0.242964
vt 0.255843 0.235632
vt 0.278728 0.233369
vt 0.407698 0.181671
vt 0.393246 0.189823
vt 0.395016 0.178766
vt 0.283165 0.189630
vt 0.258790 0.205184
vt 0.257075 0.193047
vt 0.405057 0.193612
vt 0.285516 0.202590
vt 0.371734 0.226635
vt 0.362685 0.188272
vt 0.378733 0.187289
vt 0.328625 0.230113
vt 0.318525 0.197791
vt 0.341237 0.193403
vt 0.378604 0.176741
vt 0.360620 0.177526
vt 0.338342 0.181248
vt 0.315956 0.184962
vt 0.371374 0.244787
vt 0.353789 0.227771
vt 0.328466 0.244050
vt 0.305861 0.231610
vt 0.450276 0.235088
vt 0.444561 0.200787
vt 0.457919 0.202765
vt 0.426051 0.233592
vt 0.418112 0.197317
vt 0.431119 0.199056
vt 0.459200 0.194105
vt 0.446128 0.191391
vt 0.420781 0.184998
vt 0.433360 0.188210
vt 0.450160 0.243397
vt 0.438286 0.235331
vt 0.412958 0.244351
vt 0.413833 0.232162
vt 0.255278 0.242520
vt 0.234530 0.235932
vt 0.233851 0.242128
vt 0.238428 0.204498
vt 0.236648 0.195123
vt 0.384244 0.244795
vt 0.425692 0.244032
vt 0.305548 0.243541
vt 0.353854 0.244577
vt 0.016312 0.125087
vt 0.000116 0.156330
vt 0.000116 0.125087
vt 0.016312 0.062601
vt 0.000116 0.093844
vt 0.000116 0.062601
vt 0.016312 0.000116
vt 0.000116 0.031359
vt 0.000116 0.000116
vt 0.016312 0.031359
vt 0.016312 0.093844
vt 0.016312 0.156330
vt 0.000116 0.187572
vt 0.016312 0.187572
vt 0.000116 0.218815
vt 0.016312 0.218815
vt 0.000116 0.250058
vt 0.736051 0.226725
vt 0.720761 0.019783
vt 0.741045 0.225731
vt 0.746137 0.225731
vt 0.766421 0.019783
vt 0.755835 0.228673
vt 0.891354 0.071532
vt 0.760069 0.231502
vt 0.811204 0.028691
vt 0.853389 0.046164
vt 0.731347 0.228673
vt 0.675978 0.028691
vt 0.751131 0.226725
vt 0.763670 0.235103
vt 0.923640 0.103818
vt 0.766499 0.239336
vt 0.949008 0.141783
vt 0.416561 0.055881
vt 0.470541 0.069236
vt 0.465721 0.080240
vt 0.412735 0.062275
vt 0.460023 0.090768
vt 0.403709 0.074457
vt 0.438211 0.119143
vt 0.398579 0.080129
vt 0.408462 0.068507
vt 0.446238 0.110261
vt 0.419931 0.049408
vt 0.474444 0.057642
vt 0.453506 0.100783
vt 0.429501 0.127387
vt 0.393014 0.085384
vt 0.387106 0.090280
vt 0.420142 0.134904
vt 0.380641 0.071174
vt 0.400559 0.045979
vt 0.403940 0.040240
vt 0.397098 0.051590
vt 0.389430 0.062036
vt 0.393398 0.056961
vt 0.422835 0.042945
vt 0.407167 0.034455
vt 0.385177 0.066784
vt 0.380325 0.029156
vt 0.366099 0.031226
vt 0.366656 0.027114
vt 0.378659 0.034597
vt 0.365071 0.035028
vt 0.368831 0.051802
vt 0.361932 0.041790
vt 0.371673 0.048081
vt 0.363658 0.038537
vt 0.374312 0.044028
vt 0.366643 0.022741
vt 0.381702 0.022871
vt 0.376595 0.039546
vt 0.357656 0.047465
vt 0.359923 0.044765
vt 0.365699 0.055197
vt 0.355170 0.049901
vt 0.375829 0.075187
vt 0.372571 0.062296
vt 0.362345 0.058207
vt 0.376388 0.058471
vt 0.383305 0.049705
vt 0.386435 0.044733
vt 0.392172 0.033587
vt 0.395102 0.027271
vt 0.379973 0.054254
vt 0.389386 0.039420
vt 0.356013 0.029738
vt 0.356238 0.027106
vt 0.353569 0.037023
vt 0.354665 0.034717
vt 0.356018 0.024476
vt 0.355491 0.032281
vt 0.350590 0.041109
vt 0.352237 0.039178
vt 0.348850 0.042943
vt 0.363407 0.740253
vt 0.337817 0.739523
vt 0.362829 0.736331
vt 0.364012 0.744212
vt 0.338043 0.743146
vt 0.366000 0.756571
vt 0.338571 0.754419
vt 0.365310 0.752348
vt 0.338422 0.750609
vt 0.364646 0.748234
vt 0.337590 0.735952
vt 0.362265 0.732407
vt 0.338256 0.746847
vt 0.366703 0.760925
vt 0.338730 0.758266
vt 0.366223 0.765560
vt 0.338856 0.762141
vt 0.243381 0.750807
vt 0.207093 0.762606
vt 0.241940 0.744979
vt 0.240500 0.738913
vt 0.246207 0.761718
vt 0.244809 0.756376
vt 0.240638 0.732407
vt 0.247564 0.766862
vt 0.338937 0.766035
vt 0.248876 0.771833
vt 0.293852 0.890337
vt 0.185638 0.889342
vt 0.293852 0.889342
vt 0.216279 0.775959
vt 0.213679 0.771697
vt 0.210573 0.767348
vt 0.218584 0.780086
vt 0.209888 0.627172
vt 0.192530 0.629053
vt 0.207472 0.618303
vt 0.202855 0.757627
vt 0.191551 0.639598
vt 0.186102 0.660318
vt 0.185638 0.639731
vt 0.215506 0.666912
vt 0.197230 0.670938
vt 0.197011 0.665475
vt 0.206304 0.702572
vt 0.215756 0.673158
vt 0.406210 0.722097
vt 0.384319 0.687108
vt 0.399944 0.684254
vt 0.276446 0.678479
vt 0.255888 0.705246
vt 0.253738 0.675284
vt 0.398103 0.670043
vt 0.382781 0.670292
vt 0.276635 0.669007
vt 0.253584 0.668443
vt 0.405713 0.606545
vt 0.395234 0.592074
vt 0.408732 0.594485
vt 0.281183 0.615864
vt 0.254266 0.607595
vt 0.279722 0.602350
vt 0.196224 0.775379
vt 0.199759 0.778094
vt 0.205567 0.784074
vt 0.207921 0.787301
vt 0.202879 0.780942
vt 0.192148 0.773205
vt 0.196139 0.753752
vt 0.210241 0.790450
vt 0.220760 0.784000
vt 0.222729 0.787854
vt 0.212131 0.793801
vt 0.188714 0.792872
vt 0.190339 0.793995
vt 0.193406 0.797186
vt 0.194813 0.799199
vt 0.191906 0.795440
vt 0.187092 0.792112
vt 0.187381 0.771554
vt 0.196194 0.801306
vt 0.197355 0.803803
vt 0.293852 0.891331
vt 0.185638 0.890337
vt 0.293852 0.885362
vt 0.185638 0.884367
vt 0.293852 0.884367
vt 0.293852 0.886357
vt 0.185638 0.885362
vt 0.185638 0.888347
vt 0.293852 0.888347
vt 0.185638 0.887352
vt 0.293852 0.887352
vt 0.185638 0.883372
vt 0.293852 0.883372
vt 0.185638 0.886357
vt 0.203677 0.937671
vt 0.185638 0.937394
vt 0.186377 0.933006
vt 0.203512 0.938652
vt 0.185755 0.941841
vt 0.204153 0.941529
vt 0.191038 0.953918
vt 0.188506 0.950260
vt 0.203755 0.940618
vt 0.186722 0.946184
vt 0.204028 0.936740
vt 0.187943 0.928842
vt 0.203538 0.939647
vt 0.205432 0.943042
vt 0.204720 0.942348
vt 0.206265 0.943586
vt 0.194225 0.957022
vt 0.376379 0.601986
vt 0.357635 0.591127
vt 0.377233 0.590407
vt 0.336078 0.606934
vt 0.312132 0.597608
vt 0.334461 0.594284
vt 0.369864 0.670358
vt 0.351953 0.687174
vt 0.352301 0.670261
vt 0.326881 0.669905
vt 0.303630 0.681222
vt 0.303882 0.669523
vt 0.370074 0.688888
vt 0.359557 0.729654
vt 0.326543 0.683712
vt 0.314907 0.715306
vt 0.458275 0.618457
vt 0.447449 0.606843
vt 0.460744 0.609582
vt 0.434929 0.601881
vt 0.418990 0.609727
vt 0.422320 0.597415
vt 0.449273 0.668644
vt 0.437692 0.677445
vt 0.436912 0.669013
vt 0.425516 0.679878
vt 0.411709 0.669719
vt 0.424595 0.669372
vt 0.449932 0.677025
vt 0.445646 0.711413
vt 0.432637 0.714290
vt 0.413187 0.682057
vt 0.234855 0.707234
vt 0.232811 0.673909
vt 0.232555 0.667809
vt 0.255318 0.619537
vt 0.234204 0.612389
vt 0.235180 0.621797
vt 0.393860 0.728038
vt 0.392897 0.603798
vt 0.419255 0.716965
vt 0.431854 0.612804
vt 0.463040 0.673995
vt 0.459368 0.710286
vt 0.462410 0.668280
vt 0.473173 0.616030
vt 0.313774 0.610847
vt 0.282015 0.709674
vt 0.337621 0.720912
vt 0.358346 0.602993
vt 0.471252 0.202688
vt 0.463479 0.237360
vt 0.208775 0.420986
vt 0.197452 0.387027
vt 0.216694 0.388835
vt 0.191751 0.354399
vt 0.185845 0.375743
vt 0.185638 0.354458
vt 0.210797 0.341883
vt 0.192960 0.343575
vt 0.208447 0.332783
vt 0.216416 0.382550
vt 0.385710 0.403141
vt 0.399476 0.386215
vt 0.401267 0.400313
vt 0.255514 0.391010
vt 0.278402 0.384558
vt 0.278277 0.394139
vt 0.407698 0.323265
vt 0.397514 0.308747
vt 0.410877 0.311371
vt 0.283165 0.331224
vt 0.256152 0.322565
vt 0.281945 0.317783
vt 0.407638 0.438101
vt 0.257715 0.420413
vt 0.283563 0.425137
vt 0.360862 0.445598
vt 0.371484 0.404879
vt 0.378909 0.447658
vt 0.316383 0.431055
vt 0.328072 0.399591
vt 0.339007 0.436784
vt 0.378604 0.318336
vt 0.360048 0.307269
vt 0.379613 0.306812
vt 0.338342 0.322843
vt 0.314628 0.313580
vt 0.336936 0.310329
vt 0.353378 0.403077
vt 0.371373 0.386381
vt 0.305335 0.397068
vt 0.328466 0.385645
vt 0.446616 0.427275
vt 0.450802 0.393278
vt 0.460178 0.426141
vt 0.420723 0.432922
vt 0.426587 0.396049
vt 0.433728 0.430236
vt 0.459200 0.335700
vt 0.448724 0.324203
vt 0.461703 0.327025
vt 0.420781 0.326592
vt 0.436553 0.319137
vt 0.433360 0.329805
vt 0.438676 0.393693
vt 0.450160 0.384991
vt 0.412958 0.385945
vt 0.425692 0.385626
vt 0.234081 0.390009
vt 0.255278 0.384114
vt 0.233851 0.383723
vt 0.257074 0.334641
vt 0.235774 0.327145
vt 0.236648 0.336718
vt 0.237275 0.422257
vt 0.384244 0.386390
vt 0.395016 0.320361
vt 0.395252 0.444055
vt 0.414389 0.398104
vt 0.424258 0.314518
vt 0.437941 0.385317
vt 0.446128 0.332985
vt 0.315956 0.326557
vt 0.305548 0.385135
vt 0.353854 0.386171
vt 0.360620 0.319120
vt 0.000116 0.343786
vt 0.016312 0.375029
vt 0.000116 0.375029
vt 0.000116 0.406272
vt 0.016312 0.437514
vt 0.000116 0.437514
vt 0.000116 0.468757
vt 0.016312 0.500000
vt 0.000116 0.500000
vt 0.016312 0.468757
vt 0.016312 0.406272
vt 0.000116 0.312543
vt 0.016312 0.343786
vt 0.000116 0.281301
vt 0.016312 0.312543
vt 0.016312 0.281301
vt 0.923640 0.399343
vt 0.760069 0.271659
vt 0.763670 0.268059
vt 0.766499 0.263825
vt 0.975389 0.228751
vt 0.769441 0.254127
vt 0.769441 0.249035
vt 0.966481 0.319194
vt 0.768447 0.259121
vt 0.891354 0.431630
vt 0.755835 0.274488
vt 0.768447 0.244041
vt 0.345366 0.107650
vt 0.342471 0.163956
vt 0.337895 0.108630
vt 0.352782 0.106212
vt 0.354369 0.162511
vt 0.399766 0.147587
vt 0.367189 0.101516
vt 0.374087 0.098297
vt 0.388882 0.152664
vt 0.360072 0.104161
vt 0.330504 0.164469
vt 0.330363 0.108826
vt 0.377637 0.156856
vt 0.410211 0.141654
vt 0.380735 0.094542
vt 0.370706 0.078720
vt 0.342404 0.089703
vt 0.348341 0.088468
vt 0.359894 0.084582
vt 0.354180 0.086758
vt 0.336391 0.090384
vt 0.365361 0.081805
vt 0.334617 0.069699
vt 0.337018 0.058665
vt 0.338868 0.069114
vt 0.340303 0.057901
vt 0.343069 0.068213
vt 0.346647 0.055561
vt 0.355106 0.063291
vt 0.351213 0.065276
vt 0.343519 0.056871
vt 0.347196 0.066942
vt 0.330312 0.059296
vt 0.330324 0.069906
vt 0.352486 0.052056
vt 0.358846 0.060954
vt 0.364277 0.068896
vt 0.368503 0.065745
vt 0.359844 0.071644
vt 0.350407 0.075823
vt 0.345499 0.077333
vt 0.330356 0.090626
vt 0.335416 0.079086
vt 0.330326 0.079341
vt 0.355181 0.073887
vt 0.340488 0.078419
vt 0.333679 0.059114
vt 0.335337 0.049401
vt 0.342559 0.047110
vt 0.349636 0.053940
vt 0.340201 0.048048
vt 0.330316 0.049855
vt 0.346856 0.044498
vt 0.339017 0.792767
vt 0.362789 0.789858
vt 0.362299 0.793435
vt 0.338966 0.789069
vt 0.363326 0.786164
vt 0.338954 0.777694
vt 0.365091 0.774273
vt 0.364492 0.778382
vt 0.338942 0.781529
vt 0.363898 0.782342
vt 0.339100 0.796411
vt 0.361863 0.796903
vt 0.338944 0.785322
vt 0.338972 0.773825
vt 0.365678 0.770004
vt 0.338987 0.769930
vt 0.232292 0.809707
vt 0.255988 0.798701
vt 0.256992 0.802855
vt 0.257945 0.806953
vt 0.253814 0.790174
vt 0.254929 0.794478
vt 0.258815 0.811025
vt 0.252642 0.785773
vt 0.251412 0.781261
vt 0.185638 0.893321
vt 0.293852 0.892326
vt 0.293852 0.893321
vt 0.228006 0.799033
vt 0.229550 0.802639
vt 0.230976 0.806193
vt 0.226331 0.795367
vt 0.197463 0.639465
vt 0.213076 0.634700
vt 0.233379 0.813262
vt 0.197927 0.660052
vt 0.216634 0.660846
vt 0.384034 0.653647
vt 0.403194 0.618629
vt 0.399377 0.655853
vt 0.276926 0.659539
vt 0.257128 0.631540
vt 0.283626 0.628908
vt 0.254191 0.661634
vt 0.391263 0.614947
vt 0.222134 0.813184
vt 0.223151 0.816417
vt 0.220728 0.810055
vt 0.217558 0.803724
vt 0.215783 0.800522
vt 0.219205 0.806901
vt 0.234252 0.816859
vt 0.224054 0.819623
vt 0.214145 0.797080
vt 0.207355 0.818897
vt 0.208558 0.821504
vt 0.205852 0.816353
vt 0.202422 0.811349
vt 0.200479 0.808902
vt 0.204210 0.813835
vt 0.209615 0.824090
vt 0.198518 0.806379
vt 0.185638 0.892326
vt 0.185638 0.898296
vt 0.293852 0.897301
vt 0.293852 0.898296
vt 0.185638 0.897301
vt 0.293852 0.896306
vt 0.185638 0.894316
vt 0.293852 0.894316
vt 0.185638 0.895311
vt 0.293852 0.895311
vt 0.185638 0.899291
vt 0.293852 0.899291
vt 0.185638 0.896306
vt 0.212601 0.942348
vt 0.223096 0.957023
vt 0.211889 0.943042
vt 0.219373 0.959458
vt 0.211056 0.943586
vt 0.209158 0.944152
vt 0.206436 0.961987
vt 0.208163 0.944152
vt 0.210134 0.943961
vt 0.210885 0.961987
vt 0.213168 0.941529
vt 0.226283 0.953918
vt 0.207187 0.943961
vt 0.202069 0.961133
vt 0.360534 0.613758
vt 0.376642 0.612576
vt 0.316393 0.623957
vt 0.339053 0.619242
vt 0.352131 0.653447
vt 0.370093 0.652150
vt 0.304037 0.657838
vt 0.326910 0.656115
vt 0.443478 0.625392
vt 0.457042 0.627290
vt 0.429744 0.623915
vt 0.437196 0.660559
vt 0.449361 0.660233
vt 0.424984 0.658840
vt 0.412547 0.657340
vt 0.237025 0.630999
vt 0.233192 0.661787
vt 0.416380 0.622264
vt 0.444928 0.615836
vt 0.462782 0.662505
vt 0.470632 0.627128
vt 0.471372 0.621458
vt 0.473819 0.333432
vt 0.463742 0.390279
vt 0.208775 0.279392
vt 0.197452 0.245433
vt 0.216694 0.247240
vt 0.185845 0.234149
vt 0.185638 0.212864
vt 0.192960 0.201981
vt 0.208447 0.191189
vt 0.385710 0.261546
vt 0.401267 0.258719
vt 0.255514 0.249415
vt 0.278277 0.252545
vt 0.397514 0.167152
vt 0.410877 0.169776
vt 0.256153 0.180971
vt 0.281945 0.176189
vt 0.407638 0.296506
vt 0.257715 0.278818
vt 0.283563 0.283542
vt 0.360862 0.304004
vt 0.371484 0.263284
vt 0.378909 0.306064
vt 0.316383 0.289460
vt 0.328072 0.257997
vt 0.339008 0.295190
vt 0.360048 0.165675
vt 0.379613 0.165217
vt 0.314629 0.171985
vt 0.336936 0.168734
vt 0.353378 0.261483
vt 0.305335 0.255473
vt 0.446616 0.285681
vt 0.450802 0.251683
vt 0.460178 0.284546
vt 0.420723 0.291328
vt 0.426587 0.254454
vt 0.433728 0.288641
vt 0.448724 0.182609
vt 0.461703 0.185430
vt 0.436553 0.177543
vt 0.438676 0.252099
vt 0.234081 0.248414
vt 0.235774 0.185551
vt 0.237276 0.280662
vt 0.395252 0.302460
vt 0.414389 0.256509
vt 0.424258 0.172924
vt 0.437941 0.243722
vt 0.000116 0.843670
vt 0.016312 0.874913
vt 0.000116 0.874913
vt 0.000116 0.906156
vt 0.016312 0.937399
vt 0.000116 0.937399
vt 0.000116 0.968642
vt 0.016312 0.999884
vt 0.000116 0.999884
vt 0.016312 0.968642
vt 0.016312 0.906156
vt 0.000116 0.812428
vt 0.016312 0.843670
vt 0.000116 0.781185
vt 0.016312 0.812428
vt 0.000116 0.749942
vt 0.016312 0.781185
vt 0.563542 0.103818
vt 0.727113 0.231502
vt 0.723513 0.235103
vt 0.720684 0.239336
vt 0.717742 0.254127
vt 0.511794 0.228750
vt 0.717742 0.249035
vt 0.718735 0.244041
vt 0.595829 0.071532
vt 0.538175 0.141783
vt 0.520701 0.319193
vt 0.718735 0.259121
vt 0.720684 0.263825
vt 0.243933 0.055793
vt 0.189611 0.069470
vt 0.240493 0.049346
vt 0.247779 0.062238
vt 0.194510 0.080537
vt 0.222395 0.119611
vt 0.256824 0.074509
vt 0.261998 0.080187
vt 0.214276 0.110713
vt 0.252080 0.068503
vt 0.185638 0.057804
vt 0.237574 0.042819
vt 0.206891 0.101199
vt 0.231196 0.127839
vt 0.267570 0.085489
vt 0.273517 0.090381
vt 0.280015 0.071209
vt 0.260029 0.045909
vt 0.263494 0.051556
vt 0.271138 0.062087
vt 0.267186 0.056964
vt 0.256741 0.040104
vt 0.275494 0.066781
vt 0.280397 0.029059
vt 0.294642 0.031239
vt 0.282124 0.034573
vt 0.295653 0.035032
vt 0.284103 0.039489
vt 0.298748 0.041824
vt 0.291830 0.051801
vt 0.288987 0.048047
vt 0.297038 0.038560
vt 0.286398 0.043980
vt 0.294162 0.022753
vt 0.279044 0.022741
vt 0.303009 0.047499
vt 0.294920 0.055215
vt 0.305482 0.049943
vt 0.298289 0.058217
vt 0.288084 0.062353
vt 0.284822 0.075246
vt 0.292158 0.065787
vt 0.284237 0.058517
vt 0.277389 0.049684
vt 0.274263 0.044710
vt 0.253501 0.034289
vt 0.268456 0.033498
vt 0.265541 0.027149
vt 0.280744 0.054258
vt 0.271312 0.039302
vt 0.294110 0.027124
vt 0.304678 0.029826
vt 0.307151 0.037096
vt 0.300757 0.044789
vt 0.306071 0.034778
vt 0.304724 0.024589
vt 0.310095 0.041198
vt 0.311817 0.043040
vt 0.346339 0.843977
vt 0.362961 0.837979
vt 0.363461 0.840645
vt 0.345563 0.841291
vt 0.362491 0.835303
vt 0.343425 0.832731
vt 0.361352 0.827166
vt 0.361678 0.829903
vt 0.344098 0.835660
vt 0.362060 0.832613
vt 0.347159 0.846586
vt 0.363980 0.843320
vt 0.344812 0.838515
vt 0.342799 0.829732
vt 0.361088 0.824398
vt 0.342224 0.826668
vt 0.360886 0.821591
vt 0.235267 0.870693
vt 0.267816 0.867153
vt 0.268686 0.872262
vt 0.269642 0.877537
vt 0.266280 0.857475
vt 0.267022 0.862231
vt 0.271972 0.882624
vt 0.265569 0.852862
vt 0.264877 0.848372
vt 0.341658 0.823540
vt 0.185638 0.909240
vt 0.293852 0.908245
vt 0.293852 0.909240
vt 0.237487 0.857051
vt 0.237012 0.861308
vt 0.236288 0.865825
vt 0.237746 0.852991
vt 0.461380 0.540406
vt 0.448968 0.552716
vt 0.445771 0.545190
vt 0.233742 0.875985
vt 0.460888 0.519815
vt 0.467294 0.540266
vt 0.443299 0.512980
vt 0.442179 0.519046
vt 0.274789 0.526413
vt 0.255650 0.561449
vt 0.259444 0.524217
vt 0.381891 0.520425
vt 0.401719 0.548402
vt 0.375223 0.551064
vt 0.260710 0.510027
vt 0.382172 0.510958
vt 0.404623 0.518305
vt 0.267586 0.565124
vt 0.253138 0.573539
vt 0.377680 0.564105
vt 0.222605 0.864733
vt 0.220255 0.867775
vt 0.224295 0.861411
vt 0.226393 0.854744
vt 0.226954 0.851451
vt 0.225528 0.858070
vt 0.229955 0.881217
vt 0.217248 0.870684
vt 0.227478 0.848228
vt 0.237972 0.845379
vt 0.227574 0.844993
vt 0.210708 0.854546
vt 0.209778 0.855543
vt 0.211526 0.853139
vt 0.212724 0.849691
vt 0.213093 0.847725
vt 0.212201 0.851507
vt 0.208796 0.856257
vt 0.213406 0.845716
vt 0.213465 0.843521
vt 0.185638 0.908245
vt 0.293852 0.907250
vt 0.185638 0.914215
vt 0.293852 0.913220
vt 0.293852 0.914215
vt 0.185638 0.913220
vt 0.293852 0.912225
vt 0.185638 0.910235
vt 0.293852 0.910235
vt 0.185638 0.911230
vt 0.293852 0.911230
vt 0.185638 0.915209
vt 0.293852 0.915210
vt 0.185638 0.912225
vt 0.204900 0.935480
vt 0.195189 0.920275
vt 0.205648 0.934824
vt 0.199035 0.918038
vt 0.206508 0.934324
vt 0.208433 0.933859
vt 0.212087 0.916191
vt 0.209427 0.933911
vt 0.207448 0.933998
vt 0.207644 0.915958
vt 0.204291 0.936267
vt 0.191844 0.923207
vt 0.210392 0.934153
vt 0.216403 0.917273
vt 0.211292 0.934575
vt 0.298322 0.566289
vt 0.282484 0.578076
vt 0.282212 0.567484
vt 0.342459 0.556047
vt 0.322789 0.573092
vt 0.319802 0.560785
vt 0.288947 0.509692
vt 0.306693 0.526589
vt 0.288732 0.527900
vt 0.331928 0.510109
vt 0.354782 0.522154
vt 0.331912 0.523898
vt 0.215349 0.554705
vt 0.200546 0.561647
vt 0.201778 0.552808
vt 0.229088 0.556177
vt 0.239854 0.570365
vt 0.226982 0.567293
vt 0.209546 0.511448
vt 0.221624 0.519529
vt 0.209459 0.519858
vt 0.247105 0.510359
vt 0.233835 0.521244
vt 0.234220 0.510711
vt 0.246273 0.522738
vt 0.421824 0.548921
vt 0.425620 0.518128
vt 0.405221 0.511496
vt 0.426250 0.512105
vt 0.403542 0.560404
vt 0.423680 0.558122
vt 0.276031 0.509767
vt 0.265960 0.576278
vt 0.242457 0.557822
vt 0.221905 0.511075
vt 0.213901 0.564265
vt 0.196041 0.517586
vt 0.188180 0.552971
vt 0.196413 0.511814
vt 0.187439 0.558645
vt 0.345092 0.569157
vt 0.354926 0.510469
vt 0.306509 0.509775
vt 0.300520 0.577054
vt 0.473819 0.191838
vt 0.463743 0.248684
vt 0.213980 0.349623
vt 0.198076 0.375624
vt 0.197864 0.354339
vt 0.191958 0.375684
vt 0.194886 0.349194
vt 0.217583 0.376355
vt 0.385603 0.369841
vt 0.400821 0.372164
vt 0.255843 0.377227
vt 0.278728 0.374964
vt 0.393246 0.331417
vt 0.258790 0.346778
vt 0.405057 0.335206
vt 0.285516 0.344185
vt 0.371734 0.368229
vt 0.362685 0.329867
vt 0.378733 0.328884
vt 0.328625 0.371707
vt 0.318525 0.339385
vt 0.341237 0.334997
vt 0.353789 0.369365
vt 0.305861 0.373204
vt 0.450276 0.376683
vt 0.444561 0.342382
vt 0.457919 0.344360
vt 0.426051 0.375187
vt 0.418112 0.338912
vt 0.431119 0.340651
vt 0.438286 0.376926
vt 0.413833 0.373756
vt 0.234530 0.377526
vt 0.238428 0.346093
vt 0.016312 0.624971
vt 0.000116 0.656214
vt 0.000116 0.624971
vt 0.016312 0.562486
vt 0.000116 0.593728
vt 0.000116 0.562486
vt 0.000116 0.531243
vt 0.016312 0.531243
vt 0.016312 0.593728
vt 0.016312 0.656214
vt 0.000116 0.687457
vt 0.016312 0.687457
vt 0.000116 0.718699
vt 0.016312 0.718699
vt 0.751131 0.276437
vt 0.766421 0.483378
vt 0.746137 0.277430
vt 0.741045 0.277430
vt 0.720761 0.483378
vt 0.727113 0.271659
vt 0.633794 0.456997
vt 0.595829 0.431630
vt 0.736051 0.276437
vt 0.731347 0.274488
vt 0.811204 0.474471
vt 0.675978 0.474470
vt 0.563542 0.399343
vt 0.723513 0.268059
vt 0.538175 0.361378
vt 0.315341 0.107766
vt 0.318535 0.164012
vt 0.306638 0.162628
vt 0.307921 0.106315
vt 0.294885 0.160318
vt 0.293502 0.101598
vt 0.261141 0.147945
vt 0.286572 0.098408
vt 0.300617 0.104271
vt 0.272068 0.152975
vt 0.322837 0.108609
vt 0.283344 0.157090
vt 0.250630 0.142064
vt 0.279921 0.094629
vt 0.240625 0.135337
vt 0.289941 0.078799
vt 0.318316 0.089628
vt 0.324307 0.090467
vt 0.312365 0.088449
vt 0.300813 0.084573
vt 0.306519 0.086757
vt 0.295278 0.081915
vt 0.326030 0.069706
vt 0.323601 0.058686
vt 0.326943 0.059124
vt 0.321760 0.069194
vt 0.320308 0.057932
vt 0.305516 0.063312
vt 0.313981 0.055587
vt 0.309415 0.065310
vt 0.317097 0.056890
vt 0.313412 0.067002
vt 0.317552 0.068252
vt 0.308153 0.052104
vt 0.310991 0.053993
vt 0.301800 0.060949
vt 0.296398 0.068927
vt 0.300846 0.071658
vt 0.310265 0.075901
vt 0.315175 0.077402
vt 0.325242 0.079068
vt 0.305477 0.073982
vt 0.320174 0.078499
vt 0.325287 0.049386
vt 0.327787 0.049806
vt 0.318048 0.047219
vt 0.320379 0.048157
vt 0.322798 0.048881
vt 0.313792 0.044602
vt 0.315826 0.046070
vt 0.361187 0.803537
vt 0.339260 0.799998
vt 0.361492 0.800269
vt 0.360954 0.806715
vt 0.339461 0.803531
vt 0.360692 0.815823
vt 0.340295 0.813796
vt 0.360703 0.812851
vt 0.339975 0.810430
vt 0.360791 0.809816
vt 0.339707 0.807008
vt 0.360754 0.818734
vt 0.340694 0.817102
vt 0.341148 0.820351
vt 0.261061 0.823176
vt 0.235948 0.823890
vt 0.260346 0.819126
vt 0.259598 0.815079
vt 0.262405 0.831344
vt 0.261747 0.827244
vt 0.263042 0.835490
vt 0.263663 0.839698
vt 0.293852 0.906255
vt 0.185638 0.905260
vt 0.293852 0.905260
vt 0.237464 0.834473
vt 0.237104 0.830927
vt 0.236509 0.827411
vt 0.237718 0.838068
vt 0.466326 0.550813
vt 0.451394 0.561582
vt 0.235155 0.820390
vt 0.472722 0.519533
vt 0.473208 0.540127
vt 0.461565 0.508931
vt 0.461791 0.514391
vt 0.452454 0.477315
vt 0.443041 0.506735
vt 0.252571 0.457988
vt 0.274481 0.492954
vt 0.258860 0.495818
vt 0.382350 0.501485
vt 0.402876 0.474701
vt 0.405060 0.504655
vt 0.263632 0.588007
vt 0.250126 0.585606
vt 0.404609 0.572347
vt 0.379156 0.577619
vt 0.225871 0.825857
vt 0.226436 0.829036
vt 0.227284 0.835412
vt 0.227455 0.838606
vt 0.226968 0.832209
vt 0.225110 0.822702
vt 0.227720 0.841792
vt 0.237981 0.841700
vt 0.211473 0.829186
vt 0.212124 0.831709
vt 0.213018 0.836600
vt 0.213262 0.838961
vt 0.212638 0.834178
vt 0.210686 0.826632
vt 0.213495 0.841296
vt 0.185638 0.906255
vt 0.293852 0.901281
vt 0.185638 0.900286
vt 0.293852 0.900286
vt 0.293852 0.902276
vt 0.185638 0.901281
vt 0.185638 0.904265
vt 0.293852 0.904265
vt 0.185638 0.903270
vt 0.293852 0.903271
vt 0.185638 0.902276
vt 0.213566 0.940618
vt 0.231566 0.941841
vt 0.230598 0.946184
vt 0.213783 0.939647
vt 0.231683 0.937394
vt 0.213293 0.936740
vt 0.227041 0.925057
vt 0.229377 0.928843
vt 0.213644 0.937671
vt 0.230944 0.933007
vt 0.228815 0.950260
vt 0.213809 0.938652
vt 0.212095 0.935163
vt 0.212771 0.935893
vt 0.224021 0.921789
vt 0.301242 0.588922
vt 0.281640 0.589659
vt 0.346747 0.582396
vt 0.324418 0.585742
vt 0.306843 0.492864
vt 0.355167 0.498771
vt 0.288723 0.491164
vt 0.299206 0.450397
vt 0.332253 0.496303
vt 0.343858 0.464704
vt 0.211381 0.573265
vt 0.198076 0.570528
vt 0.223912 0.578223
vt 0.236530 0.582684
vt 0.221121 0.502645
vt 0.233294 0.500207
vt 0.208885 0.503069
vt 0.213154 0.468691
vt 0.226157 0.465808
vt 0.245621 0.498022
vt 0.423903 0.472688
vt 0.425986 0.506005
vt 0.424667 0.567529
vt 0.264913 0.452038
vt 0.239533 0.463126
vt 0.195783 0.506103
vt 0.199437 0.469823
vt 0.185638 0.564077
vt 0.376750 0.470301
vt 0.321144 0.459119
vt 0.471252 0.344282
vt 0.463479 0.378954
vt 0.595829 0.535465
vt 0.766421 0.483717
vt 0.720761 0.947312
vt 0.197167 0.239710
vt 0.016312 0.250058
vt 0.633794 0.046164
vt 0.250174 0.776622
vt 0.194489 0.634500
vt 0.192015 0.660185
vt 0.191567 0.691033
vt 0.185638 0.791841
vt 0.185638 0.891331
vt 0.197948 0.959458
vt 0.377564 0.731659
vt 0.473173 0.708749
vt 0.472016 0.197140
vt 0.463116 0.243047
vt 0.192226 0.409128
vt 0.197167 0.381304
vt 0.949008 0.361378
vt 0.975389 0.274411
vt 0.853389 0.456997
vt 0.966481 0.183968
vt 0.366107 0.160141
vt 0.332843 0.049813
vt 0.337817 0.048904
vt 0.344803 0.045964
vt 0.224674 0.791596
vt 0.215251 0.961133
vt 0.472016 0.338735
vt 0.473819 0.424599
vt 0.463116 0.384641
vt 0.192226 0.267534
vt 0.016312 0.749942
vt 0.511794 0.274411
vt 0.520701 0.183968
vt 0.633794 0.046164
vt 0.200286 0.091125
vt 0.304480 0.027206
vt 0.305176 0.032356
vt 0.308466 0.039259
vt 0.264272 0.843986
vt 0.237943 0.849140
vt 0.464360 0.545368
vt 0.466807 0.519673
vt 0.185638 0.907250
vt 0.203239 0.916581
vt 0.189123 0.926728
vt 0.220431 0.919162
vt 0.473819 0.283004
vt 0.467202 0.488832
vt 0.281202 0.448406
vt 0.185638 0.471365
vt 0.811204 0.492624
vt 0.853389 0.510098
vt 0.891354 0.535465
vt 0.923640 0.567752
vt 0.949008 0.605717
vt 0.966481 0.647901
vt 0.975389 0.692684
vt 0.975389 0.738344
vt 0.966481 0.783127
vt 0.949008 0.825312
vt 0.923640 0.863277
vt 0.891354 0.895563
vt 0.853389 0.920931
vt 0.811204 0.938404
vt 0.766421 0.947312
vt 0.675978 0.938404
vt 0.563542 0.863277
vt 0.633794 0.920931
vt 0.595829 0.895563
vt 0.538175 0.825312
vt 0.511794 0.692684
vt 0.520701 0.783127
vt 0.511794 0.738344
vt 0.520701 0.647901
vt 0.538175 0.605717
vt 0.563542 0.567752
vt 0.633794 0.510098
vt 0.675978 0.492624
vt 0.720761 0.483717
s 1
usemtl Material
f 33/1/1 4/2/2 2/3/3
f 1/4/4 4/2/2 3/5/5
f 32/6/6 2/3/3 1/7/4
f 35/8/7 4/2/2 30/9/8
f 44/10/9 5/11/10 41/12/11
f 56/13/12 6/14/13 53/15/14
f 42/16/15 8/17/16 9/18/17
f 54/19/18 7/20/19 10/21/20
f 43/22/21 5/11/21 8/17/21
f 53/15/22 7/20/23 55/23/24
f 39/24/21 16/25/25 37/26/21
f 57/27/26 15/28/27 58/29/28
f 40/30/29 16/25/30 17/31/31
f 59/32/32 15/28/33 18/33/34
f 38/34/35 13/35/36 39/24/37
f 60/36/38 14/37/39 57/27/40
f 51/38/41 22/39/42 49/40/43
f 47/41/44 21/42/45 45/43/44
f 52/44/46 22/39/47 27/45/48
f 45/43/49 28/46/50 48/47/49
f 50/48/51 25/49/52 51/38/53
f 47/41/54 23/50/55 26/51/56
f 11/52/57 29/53/58 6/14/13
f 36/54/59 30/9/8 29/53/58
f 10/21/20 34/55/60 31/56/61
f 31/56/61 33/1/62 32/6/6
f 6/14/63 34/55/64 7/20/23
f 34/55/64 30/9/65 33/1/1
f 12/57/66 39/24/37 5/11/10
f 9/18/17 37/26/67 40/30/29
f 8/17/21 39/24/21 37/26/21
f 21/42/45 41/12/21 43/22/21
f 28/46/50 43/22/68 42/16/15
f 23/50/55 41/12/11 26/51/56
f 25/49/52 46/58/54 47/41/54
f 22/39/47 48/47/49 27/45/48
f 25/49/69 45/43/44 22/39/42
f 14/37/70 55/23/24 15/28/27
f 18/33/34 55/23/71 54/19/18
f 19/59/72 53/15/14 14/37/39
f 20/60/73 57/27/40 13/35/36
f 17/31/31 58/29/74 59/32/32
f 13/35/75 58/29/28 16/25/25
f 61/61/76 82/62/77 84/63/76
f 63/64/78 81/65/79 80/66/78
f 74/67/80 79/68/81 85/69/80
f 70/70/81 80/66/78 79/68/81
f 69/71/79 84/63/76 81/65/79
f 73/72/77 83/73/82 82/62/77
f 67/74/82 86/75/83 83/73/82
f 65/76/83 87/77/21 86/75/83
f 88/78/54 80/79/54 89/80/54
f 90/81/54 80/79/54 81/82/54
f 91/83/54 83/84/54 92/85/54
f 91/83/54 84/86/54 82/87/54
f 94/88/54 79/89/54 88/78/54
f 90/81/54 84/86/54 93/90/54
f 95/91/54 83/84/54 86/92/54
f 96/93/54 86/92/54 87/94/54
f 64/95/84 88/96/85 89/97/86
f 72/98/87 89/97/86 90/99/88
f 75/100/89 92/101/90 68/102/91
f 62/103/92 91/104/93 75/100/89
f 71/105/94 94/106/95 88/96/85
f 72/98/87 93/107/96 62/103/92
f 68/102/91 95/108/97 66/109/98
f 77/110/99 95/108/97 96/111/100
f 77/110/99 104/112/101 66/109/98
f 71/105/94 98/113/102 97/114/103
f 64/95/84 99/115/104 98/113/102
f 68/102/91 100/116/105 75/100/89
f 75/100/89 102/117/106 62/103/92
f 76/118/107 97/114/103 103/119/108
f 62/103/92 99/115/104 72/98/87
f 66/109/98 101/120/109 68/102/91
f 117/121/110 107/122/111 106/123/112
f 116/124/113 108/125/114 107/122/111
f 122/126/115 109/127/116 123/128/117
f 123/128/117 111/129/118 125/130/119
f 117/121/110 112/131/120 127/132/121
f 120/133/122 111/129/118 108/125/114
f 122/126/115 113/134/123 110/135/124
f 130/136/125 114/137/126 113/134/123
f 105/138/127 129/139/128 104/112/101
f 129/139/128 132/140/129 130/136/125
f 104/112/101 121/141/130 101/120/109
f 121/141/130 130/136/125 122/126/115
f 99/115/104 126/142/131 119/143/132
f 119/143/132 125/130/119 120/133/122
f 103/119/108 118/144/133 128/145/134
f 128/145/134 117/121/110 127/132/121
f 102/117/106 124/146/135 126/142/131
f 126/142/131 123/128/117 125/130/119
f 100/116/105 121/141/130 124/146/135
f 124/146/135 122/126/115 123/128/117
f 98/113/102 119/143/132 115/147/136
f 115/147/136 120/133/122 116/124/113
f 97/114/103 115/147/136 118/144/133
f 118/144/133 116/124/113 117/121/110
f 106/123/112 134/148/137 133/149/138
f 108/125/114 134/148/137 107/122/111
f 110/135/124 136/150/139 109/127/116
f 109/127/116 138/151/140 111/129/118
f 106/123/112 139/152/141 112/131/120
f 108/125/114 138/151/140 135/153/142
f 110/135/124 140/154/143 137/155/144
f 113/134/123 141/156/145 140/154/143
f 134/157/78 142/158/146 133/159/81
f 135/160/79 143/161/147 134/157/78
f 137/162/82 145/163/148 136/164/77
f 136/164/77 147/165/149 138/166/76
f 133/159/81 148/167/150 139/168/80
f 138/166/76 144/169/151 135/160/79
f 140/170/83 146/171/152 137/162/82
f 141/172/21 149/173/153 140/170/83
f 153/174/154 182/175/155 152/176/156
f 143/161/147 151/177/157 142/158/146
f 144/169/151 152/176/156 143/161/147
f 146/171/152 154/178/158 145/163/148
f 145/163/148 156/179/159 147/165/149
f 142/158/146 157/180/160 148/167/150
f 147/165/149 153/174/154 144/169/151
f 149/173/153 155/181/161 146/171/152
f 150/182/162 158/183/163 149/173/153
f 167/184/83 203/185/82 164/186/82
f 155/181/161 184/187/164 154/178/158
f 154/178/158 186/188/165 156/179/159
f 156/179/159 183/189/166 153/174/154
f 158/183/163 185/190/167 155/181/161
f 234/191/168 169/192/169 237/193/170
f 152/176/156 181/194/171 151/177/157
f 170/195/172 171/196/173 169/197/169
f 239/198/174 171/199/173 172/200/175
f 237/201/176 171/199/173 236/202/177
f 247/203/80 177/204/80 246/205/80
f 258/206/178 175/207/179 178/208/180
f 248/209/181 177/204/182 180/210/183
f 260/211/184 178/208/185 179/212/186
f 245/213/187 176/214/188 247/215/189
f 257/216/190 175/217/191 259/218/192
f 191/219/193 181/194/171 182/175/155
f 191/219/193 183/189/166 192/220/194
f 193/221/195 185/190/167 194/222/196
f 195/223/197 184/187/164 193/221/195
f 190/224/198 187/225/199 181/194/171
f 195/223/197 183/189/166 186/188/165
f 197/226/200 185/190/167 188/227/201
f 197/226/200 189/228/202 198/229/203
f 161/230/54 190/224/198 191/219/193
f 161/230/54 192/220/194 162/231/54
f 163/232/54 194/222/196 164/233/54
f 165/234/54 193/221/195 163/232/54
f 160/235/54 196/236/204 190/224/198
f 165/234/54 192/220/194 195/223/197
f 167/237/54 194/222/196 197/226/200
f 167/237/54 198/229/203 168/238/54
f 168/239/21 206/240/83 167/184/83
f 161/241/78 199/242/81 160/243/81
f 162/244/79 200/245/78 161/241/78
f 164/186/82 202/246/77 163/247/77
f 163/247/77 204/248/76 165/249/76
f 160/243/81 205/250/80 166/251/80
f 165/249/76 201/252/79 162/244/79
f 199/253/205 209/254/206 208/255/205
f 200/256/206 210/257/207 209/254/206
f 202/258/208 212/259/209 211/260/208
f 204/261/210 211/260/208 213/262/210
f 205/263/211 208/255/205 214/264/211
f 204/261/210 210/257/207 201/265/207
f 206/266/212 212/259/209 203/267/209
f 207/268/213 215/269/212 206/266/212
f 243/270/214 220/271/215 241/272/216
f 261/273/217 219/274/218 262/275/219
f 242/276/220 221/277/221 224/278/222
f 264/279/223 222/280/224 223/281/225
f 244/282/80 220/283/226 221/277/227
f 263/284/228 219/285/229 222/280/230
f 255/286/231 226/287/232 253/288/233
f 249/289/49 230/290/234 225/291/235
f 254/292/236 231/293/237 228/294/238
f 252/295/54 227/296/239 250/297/54
f 256/298/240 226/299/241 231/293/242
f 249/300/243 232/301/244 252/295/243
f 178/208/180 238/302/245 235/303/246
f 238/302/245 236/202/177 235/303/246
f 179/212/186 235/303/247 240/304/248
f 240/304/248 236/202/249 239/198/174
f 174/305/250 238/306/251 175/217/191
f 233/307/252 237/193/170 238/306/251
f 176/308/80 244/282/80 177/204/80
f 180/210/183 244/282/253 242/276/220
f 173/309/254 241/272/216 176/214/188
f 230/290/234 247/215/189 225/291/235
f 227/296/239 246/205/255 248/209/181
f 225/310/256 246/205/80 232/301/244
f 231/293/242 249/300/243 252/295/243
f 231/293/237 250/297/54 228/294/238
f 226/287/232 251/311/49 249/289/49
f 188/312/257 253/313/258 256/298/240
f 188/312/259 254/292/236 189/314/260
f 158/315/261 255/286/231 253/288/233
f 218/316/262 259/218/192 219/274/218
f 223/281/225 258/206/263 260/211/184
f 222/280/230 259/317/264 258/206/178
f 221/277/227 262/318/265 263/284/228
f 224/278/222 263/284/266 264/279/223
f 217/319/267 262/275/219 220/271/215
f 52/44/46 151/320/268 49/40/269
f 49/40/43 181/321/270 51/38/41
f 181/321/271 50/48/51 51/38/53
f 297/322/272 268/323/273 294/324/274
f 265/325/275 268/326/273 266/327/276
f 296/328/277 266/329/276 297/330/278
f 268/323/273 299/331/279 294/324/280
f 269/332/281 308/333/282 305/334/283
f 270/335/284 320/336/285 317/337/286
f 306/338/287 272/339/288 307/340/289
f 318/341/290 271/342/291 319/343/292
f 307/344/21 269/332/21 305/334/21
f 271/345/293 317/337/294 319/346/295
f 280/347/296 303/348/21 301/349/21
f 279/350/297 321/351/298 322/352/299
f 304/353/300 280/354/301 301/355/302
f 323/356/303 279/357/304 322/358/305
f 277/359/306 302/360/307 303/348/308
f 278/361/309 324/362/310 321/351/311
f 286/363/312 315/364/313 313/365/314
f 285/366/315 311/367/316 309/368/316
f 316/369/317 286/370/318 313/371/319
f 292/372/320 309/373/49 312/374/49
f 289/375/321 314/376/322 315/364/323
f 311/367/54 287/377/324 310/378/54
f 293/379/325 275/380/326 270/335/284
f 294/324/280 300/381/327 293/379/325
f 274/382/328 298/383/329 271/342/291
f 295/384/330 297/330/278 298/383/329
f 298/385/331 270/335/332 271/345/293
f 298/385/331 294/324/274 293/379/333
f 303/348/308 276/386/334 269/332/281
f 273/387/335 301/355/302 272/339/288
f 272/388/21 303/348/21 269/332/21
f 285/366/315 305/334/21 290/389/336
f 292/372/320 307/340/289 285/390/337
f 305/334/283 287/377/324 290/389/338
f 289/375/321 310/378/54 288/391/339
f 312/374/49 286/370/318 291/392/340
f 309/368/316 289/375/341 286/363/312
f 319/346/295 278/361/342 279/350/297
f 282/393/343 319/343/292 279/357/304
f 317/337/286 283/394/344 278/361/309
f 321/351/311 284/395/345 277/359/306
f 281/396/346 322/358/305 280/354/301
f 322/352/299 277/359/347 280/347/296
f 344/397/348 325/398/349 346/399/349
f 343/400/350 327/401/351 342/402/351
f 341/403/352 338/404/353 347/405/353
f 342/402/351 334/406/352 341/403/352
f 346/399/349 333/407/350 343/400/350
f 345/408/354 337/409/348 344/397/348
f 348/410/355 331/411/354 345/408/354
f 87/77/21 329/412/355 348/410/355
f 342/413/54 349/414/54 350/415/54
f 351/416/54 342/413/54 350/415/54
f 345/417/54 352/418/54 353/419/54
f 352/418/54 346/420/54 354/421/54
f 341/422/54 355/423/54 349/414/54
f 346/420/54 351/416/54 354/421/54
f 356/424/54 345/417/54 353/419/54
f 87/94/54 356/424/54 96/93/54
f 328/425/356 349/426/357 335/427/358
f 336/428/359 350/429/360 328/425/356
f 353/430/361 339/431/362 332/432/363
f 352/433/364 326/434/365 339/431/362
f 335/427/358 355/435/366 340/436/367
f 354/437/368 336/428/359 326/434/365
f 356/438/369 332/432/363 330/439/370
f 77/110/99 356/438/369 330/439/370
f 364/440/371 77/110/99 330/439/370
f 335/427/358 358/441/372 328/425/356
f 328/425/356 359/442/373 336/428/359
f 360/443/374 332/432/363 339/431/362
f 362/444/375 339/431/362 326/434/365
f 340/436/367 357/445/376 335/427/358
f 359/442/373 326/434/365 336/428/359
f 361/446/377 330/439/370 332/432/363
f 375/447/378 366/448/379 374/449/380
f 374/449/380 367/450/381 378/451/382
f 368/452/383 380/453/384 381/454/385
f 370/455/386 381/454/385 383/456/387
f 371/457/388 375/447/378 385/458/389
f 378/451/382 370/455/386 383/456/387
f 380/453/384 372/459/390 388/460/391
f 388/460/391 114/137/126 132/140/129
f 387/461/392 105/138/127 364/440/371
f 387/461/392 132/140/129 131/462/393
f 379/463/394 364/440/371 361/446/377
f 379/463/394 388/460/391 387/461/392
f 359/442/373 384/464/395 362/444/375
f 377/465/396 383/456/387 384/464/395
f 363/466/397 376/467/398 357/445/376
f 386/468/399 375/447/378 376/467/398
f 362/444/375 382/469/400 360/443/374
f 384/464/395 381/454/385 382/469/400
f 360/443/374 379/463/394 361/446/377
f 382/469/400 380/453/384 379/463/394
f 358/441/372 377/465/396 359/442/373
f 373/470/401 378/451/382 377/465/396
f 357/445/376 373/470/401 358/441/372
f 376/467/398 374/449/380 373/470/401
f 365/471/402 390/472/403 366/448/379
f 390/472/403 367/450/381 366/448/379
f 392/473/404 369/474/405 368/452/383
f 394/475/406 368/452/383 370/455/386
f 395/476/407 365/471/402 371/457/388
f 367/450/381 394/475/406 370/455/386
f 369/474/405 396/477/408 372/459/390
f 372/459/390 141/156/145 114/137/126
f 397/478/409 390/479/351 389/480/352
f 398/481/410 391/482/350 390/479/351
f 400/483/411 393/484/354 392/485/348
f 402/486/412 392/485/348 394/487/349
f 403/488/413 389/480/352 395/489/353
f 399/490/414 394/487/349 391/482/350
f 401/491/415 396/492/355 393/484/354
f 404/493/416 141/172/21 396/492/355
f 428/494/417 407/495/418 406/496/419
f 405/497/420 398/481/410 397/478/409
f 406/496/419 399/490/414 398/481/410
f 408/498/421 401/491/415 400/483/411
f 410/499/422 400/483/411 402/486/412
f 411/500/423 397/478/409 403/488/413
f 407/495/418 402/486/412 399/490/414
f 409/501/424 404/493/416 401/491/415
f 412/502/425 150/182/162 404/493/416
f 447/503/354 420/504/355 417/505/354
f 430/506/426 409/501/424 408/498/421
f 432/507/427 408/498/421 410/499/422
f 429/508/428 410/499/422 407/495/418
f 431/509/429 412/502/425 409/501/424
f 421/510/430 234/191/168 469/511/431
f 427/512/432 406/496/419 405/497/420
f 422/513/433 170/195/172 421/510/430
f 239/198/174 422/513/433 468/514/434
f 422/513/433 469/511/435 468/514/436
f 425/515/353 474/516/353 473/517/353
f 479/518/437 423/519/438 480/520/439
f 248/209/181 425/515/440 473/517/441
f 260/211/184 426/521/442 479/518/443
f 424/522/444 245/213/187 474/516/445
f 423/519/446 257/216/190 480/520/447
f 436/523/448 427/512/432 435/524/449
f 429/508/428 436/523/448 437/525/450
f 431/509/429 438/526/451 439/527/452
f 430/506/426 440/528/453 438/526/451
f 435/524/449 433/529/454 441/530/455
f 440/528/453 429/508/428 437/525/450
f 442/531/456 431/509/429 439/527/452
f 189/228/202 442/531/456 198/229/203
f 414/532/54 435/524/449 413/533/54
f 437/525/450 414/532/54 415/534/54
f 439/527/452 416/535/54 417/536/54
f 438/526/451 418/537/54 416/535/54
f 413/533/54 441/530/455 419/538/54
f 418/537/54 437/525/450 415/534/54
f 420/539/54 439/527/452 417/536/54
f 198/229/203 420/539/54 168/238/54
f 450/540/355 168/239/21 420/504/355
f 443/541/352 414/542/351 413/543/352
f 444/544/351 415/545/350 414/542/351
f 446/546/348 417/505/354 416/547/348
f 448/548/349 416/547/348 418/549/349
f 449/550/353 413/543/352 419/551/353
f 445/552/350 418/549/349 415/545/350
f 443/553/457 452/554/458 444/555/458
f 444/555/458 453/556/459 445/557/459
f 446/558/460 455/559/461 447/560/462
f 448/561/463 454/562/460 446/558/460
f 449/563/464 451/564/457 443/553/457
f 453/556/459 448/561/463 445/557/459
f 455/559/461 450/565/465 447/560/462
f 458/566/465 207/268/213 450/565/465
f 460/567/466 243/270/214 471/568/467
f 459/569/468 261/273/217 481/570/469
f 242/276/220 461/571/470 472/572/471
f 264/279/223 462/573/472 482/574/473
f 472/572/353 460/567/474 471/568/353
f 482/574/475 459/569/476 481/570/477
f 464/575/478 255/286/231 477/576/479
f 475/577/49 230/290/234 251/311/49
f 254/292/236 465/578/480 478/579/481
f 227/296/239 476/580/54 250/297/54
f 478/579/482 464/575/483 477/576/484
f 466/581/485 475/577/486 476/580/486
f 426/521/487 470/582/488 423/519/438
f 468/514/436 470/582/488 467/583/489
f 179/212/186 467/583/490 426/521/442
f 240/304/248 468/514/434 467/583/490
f 470/582/491 174/305/250 423/519/446
f 469/511/431 233/307/252 470/582/491
f 472/572/353 424/522/353 425/515/353
f 180/210/183 472/572/471 425/515/440
f 471/568/467 173/309/254 424/522/444
f 474/516/445 230/290/234 463/584/492
f 227/296/239 473/517/441 466/581/493
f 473/517/353 463/584/494 466/581/485
f 465/578/495 475/577/486 464/575/483
f 250/297/54 465/578/480 228/294/238
f 464/575/478 251/311/49 229/585/496
f 434/586/497 477/576/484 412/587/497
f 254/292/236 434/586/498 189/314/260
f 412/587/499 255/286/231 159/588/500
f 480/520/447 218/316/262 459/569/468
f 223/281/225 479/518/443 462/573/472
f 462/573/501 480/520/439 459/569/476
f 461/571/502 481/570/477 460/567/474
f 224/278/222 482/574/473 461/571/470
f 481/570/469 217/319/267 460/567/466
f 405/589/503 316/369/317 313/371/319
f 427/590/504 313/365/314 315/364/313
f 314/376/322 427/590/505 315/364/323
f 499/591/506 484/592/507 498/593/508
f 1/4/4 484/594/507 483/595/509
f 32/6/6 483/596/509 499/597/510
f 484/592/507 35/8/7 498/593/511
f 485/598/512 44/10/9 503/599/513
f 486/600/514 56/13/12 509/601/515
f 42/16/15 488/602/516 504/603/517
f 54/19/18 487/604/518 510/605/519
f 504/606/520 485/598/520 503/599/520
f 487/607/521 509/601/522 510/608/523
f 492/609/524 502/610/520 501/611/520
f 491/612/525 511/613/526 512/614/527
f 40/30/29 492/615/528 501/616/529
f 59/32/32 491/617/530 512/618/531
f 489/619/532 38/34/35 502/610/533
f 490/620/534 60/36/38 511/613/535
f 494/621/536 508/622/537 507/623/538
f 493/624/539 506/625/540 505/626/540
f 52/44/46 494/627/541 507/628/542
f 28/46/50 505/629/49 48/47/49
f 495/630/543 50/48/51 508/622/544
f 506/625/54 23/50/55 46/58/54
f 497/631/545 11/52/57 486/600/514
f 498/593/511 36/54/59 497/631/545
f 10/21/20 500/632/546 487/604/518
f 31/56/61 499/597/510 500/632/546
f 500/633/547 486/600/548 487/607/521
f 500/633/547 498/593/508 497/631/549
f 502/610/533 12/57/66 485/598/512
f 9/18/17 501/616/529 488/602/516
f 488/634/520 502/610/520 485/598/520
f 493/624/539 503/599/520 496/635/550
f 28/46/50 504/603/517 493/636/551
f 503/599/513 23/50/55 496/635/552
f 495/630/543 46/58/54 24/637/553
f 48/47/49 494/627/541 27/45/48
f 505/626/540 495/630/554 494/621/536
f 510/608/523 490/620/555 491/612/525
f 18/33/34 510/605/519 491/617/530
f 509/601/515 19/59/72 490/620/534
f 511/613/535 20/60/73 489/619/532
f 17/31/31 512/618/531 492/615/528
f 512/614/527 489/619/556 492/609/524
f 532/638/557 513/639/558 534/640/558
f 531/641/559 515/642/560 530/643/560
f 529/644/561 74/645/80 85/646/80
f 530/643/560 522/647/561 529/644/561
f 534/640/558 521/648/559 531/641/559
f 533/649/562 525/650/557 532/638/557
f 535/651/563 519/652/562 533/649/562
f 536/653/520 517/654/563 535/651/563
f 530/655/54 537/656/54 538/657/54
f 539/658/54 530/655/54 538/657/54
f 541/659/54 532/660/54 540/661/54
f 532/660/54 542/662/54 540/661/54
f 529/663/54 94/88/54 537/656/54
f 542/662/54 531/664/54 539/658/54
f 535/665/54 541/659/54 543/666/54
f 544/667/54 535/665/54 543/666/54
f 516/668/564 537/669/565 523/670/566
f 524/671/567 538/672/568 516/668/564
f 541/673/569 526/674/570 520/675/571
f 540/676/572 514/677/573 526/674/570
f 523/670/566 94/678/95 76/679/107
f 542/680/574 524/671/567 514/677/573
f 543/681/575 520/675/571 518/682/576
f 527/683/577 543/681/575 518/682/576
f 551/684/578 527/683/577 518/682/576
f 523/670/566 546/685/579 516/668/564
f 516/668/564 547/686/580 524/671/567
f 548/687/581 520/675/571 526/674/570
f 550/688/582 526/674/570 514/677/573
f 76/679/107 545/689/583 523/670/566
f 547/686/580 514/677/573 524/671/567
f 549/690/584 518/682/576 520/675/571
f 563/691/585 554/692/586 562/693/587
f 562/693/587 555/694/588 566/695/589
f 556/696/590 568/697/591 569/698/592
f 558/699/593 569/698/592 571/700/594
f 112/701/120 563/691/585 127/702/121
f 566/695/589 558/699/593 571/700/594
f 568/697/591 559/703/595 574/704/596
f 574/704/596 560/705/597 576/706/598
f 573/707/599 552/708/600 551/684/578
f 573/707/599 576/706/598 575/709/601
f 567/710/602 551/684/578 549/690/584
f 567/710/602 574/704/596 573/707/599
f 547/686/580 572/711/603 550/688/582
f 565/712/604 571/700/594 572/711/603
f 103/713/108 564/714/605 545/689/583
f 128/715/134 563/691/585 564/714/605
f 550/688/582 570/716/606 548/687/581
f 572/711/603 569/698/592 570/716/606
f 548/687/581 567/710/602 549/690/584
f 570/716/606 568/697/591 567/710/602
f 546/685/579 565/712/604 547/686/580
f 561/717/607 566/695/589 565/712/604
f 545/689/583 561/717/607 546/685/579
f 564/714/605 562/693/587 561/717/607
f 553/718/608 578/719/609 554/692/586
f 578/719/609 555/694/588 554/692/586
f 580/720/610 557/721/611 556/696/590
f 582/722/612 556/696/590 558/699/593
f 139/723/141 553/718/608 112/701/120
f 555/694/588 582/722/612 558/699/593
f 557/721/611 583/724/613 559/703/595
f 559/703/595 584/725/614 560/705/597
f 585/726/615 578/727/560 577/728/561
f 586/729/616 579/730/559 578/727/560
f 588/731/617 581/732/562 580/733/557
f 590/734/618 580/733/557 582/735/558
f 148/736/150 577/728/561 139/737/80
f 587/738/619 582/735/558 579/730/559
f 589/739/620 583/740/563 581/732/562
f 591/741/621 584/742/520 583/740/563
f 622/743/622 595/744/623 594/745/624
f 593/746/625 586/729/616 585/726/615
f 594/745/624 587/738/619 586/729/616
f 596/747/626 589/739/620 588/731/617
f 598/748/627 588/731/617 590/734/618
f 157/749/160 585/726/615 148/736/150
f 595/744/623 590/734/618 587/738/619
f 597/750/628 591/741/621 589/739/620
f 599/751/629 592/752/630 591/741/621
f 641/753/562 607/754/563 605/755/562
f 624/756/631 597/750/628 596/747/626
f 626/757/632 596/747/626 598/748/627
f 623/758/633 598/748/627 595/744/623
f 625/759/634 599/751/629 597/750/628
f 609/760/635 670/761/636 673/762/637
f 621/763/638 594/745/624 593/746/625
f 611/764/639 610/765/640 609/760/635
f 675/766/641 611/764/639 672/767/642
f 611/764/639 673/762/643 672/767/644
f 617/768/80 683/769/80 682/770/80
f 694/771/645 615/772/646 695/773/647
f 684/774/648 617/768/649 682/770/650
f 696/775/651 618/776/652 694/771/653
f 616/777/654 681/778/655 683/769/656
f 615/772/657 693/779/658 695/773/659
f 630/780/660 621/763/638 629/781/661
f 623/758/633 630/780/660 631/782/662
f 625/759/634 632/783/663 633/784/664
f 624/756/631 634/785/665 632/783/663
f 629/781/661 187/786/199 196/787/204
f 634/785/665 623/758/633 631/782/662
f 635/788/666 625/759/634 633/784/664
f 628/789/667 635/788/666 636/790/668
f 602/791/54 629/781/661 601/792/54
f 631/782/662 602/791/54 603/793/54
f 633/784/664 604/794/54 605/795/54
f 632/783/663 606/796/54 604/794/54
f 601/792/54 196/787/204 166/797/54
f 606/796/54 631/782/662 603/793/54
f 607/798/54 633/784/664 605/795/54
f 636/790/668 607/798/54 608/799/54
f 643/800/563 608/801/520 607/754/563
f 637/802/561 602/803/560 601/804/561
f 638/805/560 603/806/559 602/803/560
f 640/807/557 605/755/562 604/808/557
f 642/809/558 604/808/557 606/810/558
f 205/811/80 601/804/561 166/812/80
f 639/813/559 606/810/558 603/806/559
f 637/814/669 646/815/670 638/816/670
f 638/816/670 647/817/671 639/818/671
f 640/819/672 649/820/673 641/821/674
f 642/822/675 648/823/672 640/819/672
f 205/824/211 645/825/669 637/814/669
f 647/817/671 642/822/675 639/818/671
f 649/820/673 643/826/676 641/821/674
f 651/827/676 644/828/677 643/826/676
f 656/829/678 679/830/679 677/831/680
f 655/832/681 697/833/682 698/834/683
f 678/835/684 657/836/685 680/837/686
f 700/838/687 658/839/688 699/840/689
f 680/837/80 656/829/690 677/831/80
f 699/840/691 655/832/692 698/834/693
f 662/841/694 691/842/695 689/843/696
f 685/844/49 666/845/697 687/846/49
f 690/847/698 667/848/699 692/849/700
f 663/850/701 688/851/54 686/852/54
f 692/849/702 662/841/703 689/843/704
f 668/853/705 685/844/706 688/851/706
f 618/776/707 674/854/708 615/772/646
f 672/767/644 674/854/708 671/855/709
f 619/856/710 671/855/711 618/776/652
f 676/857/712 672/767/642 671/855/711
f 674/854/713 614/858/714 615/772/657
f 673/762/637 669/859/715 674/854/713
f 680/837/80 616/777/80 617/768/80
f 620/860/716 680/837/686 617/768/649
f 677/831/680 613/861/717 616/777/654
f 683/769/656 666/845/697 661/862/718
f 663/850/701 682/770/650 668/853/719
f 682/770/80 661/862/720 668/853/705
f 667/848/721 685/844/706 662/841/703
f 686/852/54 667/848/699 664/863/722
f 662/841/694 687/846/49 665/864/723
f 627/865/724 689/843/704 599/866/724
f 690/847/698 627/865/725 628/867/726
f 599/866/727 691/842/695 600/868/728
f 695/773/659 654/869/729 655/832/681
f 659/870/730 694/771/653 658/839/688
f 658/839/731 695/773/647 655/832/692
f 657/836/732 698/834/693 656/829/690
f 660/871/733 699/840/689 657/836/685
f 698/834/683 653/872/734 656/829/678
f 593/873/735 52/44/46 507/628/542
f 621/874/736 507/623/538 508/622/537
f 50/48/51 621/874/737 508/622/544
f 717/875/738 702/876/739 701/877/740
f 265/325/275 702/876/739 267/878/741
f 296/328/277 701/877/740 265/879/275
f 299/331/279 702/876/739 716/880/742
f 308/333/282 703/881/743 721/882/744
f 320/336/285 704/883/745 727/884/746
f 306/338/287 706/885/747 273/387/335
f 318/341/290 705/886/748 274/382/328
f 722/887/520 703/881/520 706/885/520
f 727/884/749 705/886/750 728/888/751
f 720/889/520 710/890/752 719/891/520
f 729/892/753 709/893/754 730/894/755
f 304/353/300 710/890/756 281/396/346
f 323/356/303 709/893/757 282/393/343
f 302/360/307 707/895/758 720/889/759
f 324/362/310 708/896/760 729/892/761
f 726/897/762 712/898/763 725/899/764
f 724/900/765 711/901/766 723/902/765
f 316/369/317 712/898/767 291/392/340
f 723/902/49 292/372/320 312/374/49
f 314/376/322 713/903/768 726/897/769
f 724/900/54 287/377/324 714/904/770
f 275/380/326 715/905/771 704/883/745
f 300/381/327 716/880/742 715/905/771
f 274/382/328 718/906/772 295/384/330
f 295/384/330 717/875/773 296/328/277
f 704/883/774 718/906/775 705/886/750
f 718/906/775 716/880/776 717/875/738
f 276/386/334 720/889/759 703/881/743
f 273/387/335 719/891/777 304/353/300
f 706/885/520 720/889/520 719/891/520
f 711/901/766 721/882/520 722/887/520
f 292/372/320 722/887/778 306/338/287
f 287/377/324 721/882/744 714/904/770
f 713/903/768 310/378/54 724/900/54
f 712/898/767 312/374/49 291/392/340
f 713/903/779 723/902/765 712/898/763
f 708/896/780 728/888/751 709/893/754
f 282/393/343 728/888/781 318/341/290
f 283/394/344 727/884/746 708/896/760
f 284/395/345 729/892/761 707/895/758
f 281/396/346 730/894/782 323/356/303
f 707/895/783 730/894/755 710/890/752
f 731/907/784 748/908/785 750/909/784
f 733/910/786 747/911/787 746/912/786
f 338/404/353 745/913/788 347/405/353
f 740/914/788 746/912/786 745/913/788
f 739/915/787 750/909/784 747/911/787
f 743/916/785 749/917/789 748/908/785
f 737/918/789 751/919/790 749/917/789
f 735/920/790 536/653/520 751/919/790
f 752/921/54 746/922/54 753/923/54
f 754/924/54 746/922/54 747/925/54
f 756/926/54 748/927/54 749/928/54
f 757/929/54 748/927/54 755/930/54
f 355/423/54 745/931/54 752/921/54
f 757/929/54 747/925/54 750/932/54
f 756/926/54 751/933/54 758/934/54
f 544/667/54 751/933/54 536/935/54
f 734/936/791 752/937/792 753/938/793
f 742/939/794 753/938/793 754/940/795
f 744/941/796 756/942/797 738/943/798
f 732/944/799 755/945/800 744/941/796
f 741/946/801 355/435/366 752/937/792
f 742/939/794 757/947/802 732/944/799
f 738/943/798 758/948/803 736/949/804
f 527/683/577 758/948/803 544/950/805
f 527/683/577 765/951/806 736/949/804
f 741/946/801 760/952/807 759/953/808
f 734/936/791 761/954/809 760/952/807
f 738/943/798 762/955/810 744/941/796
f 744/941/796 764/956/811 732/944/799
f 340/436/367 759/953/808 363/466/397
f 732/944/799 761/954/809 742/939/794
f 736/949/804 763/957/812 738/943/798
f 775/958/813 767/959/814 766/960/815
f 774/961/816 768/962/817 767/959/814
f 780/963/818 769/964/819 781/965/820
f 781/965/820 771/966/821 783/967/822
f 775/958/813 371/457/388 385/458/389
f 778/968/823 771/966/821 768/962/817
f 780/963/818 772/969/824 770/970/825
f 786/971/826 560/705/597 772/969/824
f 552/708/600 785/972/827 765/951/806
f 785/972/827 576/706/598 786/971/826
f 765/951/806 779/973/828 763/957/812
f 779/973/828 786/971/826 780/963/818
f 761/954/809 784/974/829 777/975/830
f 777/975/830 783/967/822 778/968/823
f 363/466/397 776/976/831 386/468/399
f 386/468/399 775/958/813 385/458/389
f 764/956/811 782/977/832 784/974/829
f 784/974/829 781/965/820 783/967/822
f 762/955/810 779/973/828 782/977/832
f 782/977/832 780/963/818 781/965/820
f 760/952/807 777/975/830 773/978/833
f 773/978/833 778/968/823 774/961/816
f 759/953/808 773/978/833 776/976/831
f 776/976/831 774/961/816 775/958/813
f 766/960/815 788/979/834 787/980/835
f 768/962/817 788/979/834 767/959/814
f 770/970/825 790/981/836 769/964/819
f 769/964/819 792/982/837 771/966/821
f 766/960/815 395/476/407 371/457/388
f 768/962/817 792/982/837 789/983/838
f 770/970/825 793/984/839 791/985/840
f 772/969/824 584/725/614 793/984/839
f 788/986/786 794/987/841 787/988/788
f 789/989/787 795/990/842 788/986/786
f 791/991/789 797/992/843 790/993/785
f 790/993/785 799/994/844 792/995/784
f 787/988/788 403/488/413 395/489/353
f 792/995/784 796/996/845 789/989/787
f 793/997/790 798/998/846 791/991/789
f 584/742/520 800/999/847 793/997/790
f 803/1000/848 822/1001/849 802/1002/850
f 795/990/842 801/1003/851 794/987/841
f 796/996/845 802/1002/850 795/990/842
f 798/998/846 804/1004/852 797/992/843
f 797/992/843 806/1005/853 799/994/844
f 794/987/841 411/500/423 403/488/413
f 799/994/844 803/1000/848 796/996/845
f 800/999/847 805/1006/854 798/998/846
f 592/752/630 807/1007/855 800/999/847
f 814/1008/790 839/1009/789 812/1010/789
f 805/1006/854 824/1011/856 804/1004/852
f 804/1004/852 826/1012/857 806/1005/853
f 806/1005/853 823/1013/858 803/1000/848
f 807/1007/855 825/1014/859 805/1006/854
f 670/761/636 815/1015/860 859/1016/861
f 802/1002/850 821/1017/862 801/1003/851
f 610/765/640 816/1018/863 815/1019/860
f 675/766/641 816/1020/863 612/1021/864
f 859/1022/865 816/1020/863 858/1023/866
f 864/1024/353 819/1025/353 863/1026/353
f 869/1027/867 817/1028/868 820/1029/869
f 684/774/648 819/1025/870 620/860/716
f 696/775/651 820/1029/871 619/856/710
f 681/778/655 818/1030/872 864/1031/873
f 693/779/658 817/1032/874 870/1033/875
f 829/1034/876 821/1017/862 822/1001/849
f 829/1034/876 823/1013/858 830/1035/877
f 831/1036/878 825/1014/859 832/1037/879
f 833/1038/880 824/1011/856 831/1036/878
f 828/1039/881 433/529/454 821/1017/862
f 833/1038/880 823/1013/858 826/1012/857
f 834/1040/882 825/1014/859 827/1041/883
f 834/1040/882 628/789/667 636/790/668
f 809/1042/54 828/1039/881 829/1034/876
f 809/1042/54 830/1035/877 810/1043/54
f 811/1044/54 832/1037/879 812/1045/54
f 813/1046/54 831/1036/878 811/1044/54
f 808/1047/54 441/530/455 828/1039/881
f 813/1046/54 830/1035/877 833/1038/880
f 814/1048/54 832/1037/879 834/1040/882
f 814/1048/54 636/790/668 608/799/54
f 608/801/520 841/1049/790 814/1008/790
f 809/1050/786 835/1051/788 808/1052/788
f 810/1053/787 836/1054/786 809/1050/786
f 812/1010/789 838/1055/785 811/1056/785
f 811/1056/785 840/1057/784 813/1058/784
f 808/1052/788 449/550/353 419/551/353
f 813/1058/784 837/1059/787 810/1053/787
f 835/1060/884 843/1061/885 842/1062/884
f 836/1063/885 844/1064/886 843/1061/885
f 838/1065/887 846/1066/888 845/1067/887
f 840/1068/889 845/1067/887 847/1069/889
f 449/563/464 842/1062/884 457/1070/464
f 840/1068/889 844/1064/886 837/1071/886
f 841/1072/890 846/1066/888 839/1073/888
f 644/828/677 848/1074/890 841/1072/890
f 679/830/679 850/1075/891 861/1076/892
f 697/833/682 849/1077/893 871/1078/894
f 678/835/684 851/1079/895 660/871/733
f 700/838/687 852/1080/896 659/870/730
f 862/1081/353 850/1082/897 851/1079/898
f 872/1083/899 849/1084/900 852/1080/901
f 691/842/695 854/1085/902 867/1086/903
f 865/1087/49 666/845/697 853/1088/904
f 690/847/698 855/1089/905 664/863/722
f 866/1090/54 663/850/701 686/852/54
f 868/1091/906 854/1092/907 855/1089/908
f 865/1093/909 856/1094/910 866/1090/909
f 820/1029/869 860/1095/911 857/1096/912
f 860/1095/911 858/1023/866 857/1096/912
f 619/856/710 857/1096/913 676/857/712
f 676/857/712 858/1023/914 675/766/641
f 614/858/714 860/1097/915 817/1032/874
f 669/859/715 859/1016/861 860/1097/915
f 818/1098/353 862/1081/353 819/1025/353
f 620/860/716 862/1081/916 678/835/684
f 613/861/717 861/1076/892 818/1030/872
f 666/845/697 864/1031/873 853/1088/904
f 663/850/701 863/1026/917 684/774/648
f 853/1099/918 863/1026/353 856/1094/910
f 855/1089/908 865/1093/909 866/1090/909
f 855/1089/905 686/852/54 664/863/722
f 854/1085/902 687/846/49 865/1087/49
f 827/1100/919 867/1101/920 868/1091/906
f 827/1100/921 690/847/698 628/867/726
f 807/1102/922 691/842/695 867/1086/903
f 654/869/729 870/1033/875 849/1077/893
f 659/870/730 869/1027/923 696/775/651
f 852/1080/901 870/1103/924 869/1027/867
f 851/1079/898 871/1104/925 872/1083/899
f 660/871/733 872/1083/926 700/838/687
f 653/872/734 871/1078/894 850/1075/891
f 316/369/317 801/1105/927 725/899/928
f 725/899/764 821/1106/929 726/897/762
f 821/1106/930 314/376/322 726/897/769
f 331/1107/49 67/1108/49 737/1109/49
f 33/1/1 30/9/65 4/2/2
f 1/4/4 2/3/3 4/2/2
f 32/6/6 33/1/62 2/3/3
f 35/8/7 3/1110/5 4/2/2
f 44/10/9 12/57/66 5/11/10
f 56/13/12 11/52/57 6/14/13
f 42/16/15 43/22/68 8/17/16
f 54/19/18 55/23/71 7/20/19
f 43/22/21 41/12/21 5/11/21
f 53/15/22 6/14/63 7/20/23
f 39/24/21 13/35/75 16/25/25
f 57/27/26 14/37/70 15/28/27
f 40/30/29 37/26/67 16/25/30
f 59/32/32 58/29/74 15/28/33
f 38/34/35 20/60/73 13/35/36
f 60/36/38 19/59/72 14/37/39
f 51/38/41 25/49/69 22/39/42
f 47/41/44 26/51/931 21/42/45
f 52/44/46 49/40/269 22/39/47
f 45/43/49 21/42/932 28/46/50
f 50/48/51 24/637/553 25/49/52
f 47/41/54 46/58/54 23/50/55
f 11/52/57 36/54/59 29/53/58
f 36/54/59 35/8/7 30/9/8
f 10/21/20 7/20/19 34/55/60
f 31/56/61 34/55/60 33/1/62
f 6/14/63 29/53/933 34/55/64
f 34/55/64 29/53/933 30/9/65
f 12/57/66 38/34/35 39/24/37
f 9/18/17 8/17/16 37/26/67
f 8/17/21 5/11/21 39/24/21
f 21/42/45 26/51/931 41/12/21
f 28/46/50 21/42/932 43/22/68
f 23/50/55 44/10/9 41/12/11
f 25/49/52 24/637/553 46/58/54
f 22/39/47 45/43/49 48/47/49
f 25/49/69 47/41/44 45/43/44
f 14/37/70 53/15/22 55/23/24
f 18/33/34 15/28/33 55/23/71
f 19/59/72 56/13/12 53/15/14
f 20/60/73 60/36/38 57/27/40
f 17/31/31 16/25/30 58/29/74
f 13/35/75 57/27/26 58/29/28
f 61/61/76 73/72/77 82/62/77
f 63/64/78 69/71/79 81/65/79
f 74/67/80 70/70/81 79/68/81
f 70/70/81 63/64/78 80/66/78
f 69/71/79 61/61/76 84/63/76
f 73/72/77 67/74/82 83/73/82
f 67/74/82 65/76/83 86/75/83
f 65/76/83 78/1111/21 87/77/21
f 88/78/54 79/89/54 80/79/54
f 90/81/54 89/80/54 80/79/54
f 91/83/54 82/87/54 83/84/54
f 91/83/54 93/90/54 84/86/54
f 94/88/54 85/1112/54 79/89/54
f 90/81/54 81/82/54 84/86/54
f 95/91/54 92/85/54 83/84/54
f 96/93/54 95/91/54 86/92/54
f 64/95/84 71/105/94 88/96/85
f 72/98/87 64/95/84 89/97/86
f 75/100/89 91/104/93 92/101/90
f 62/103/92 93/107/96 91/104/93
f 71/105/94 76/118/107 94/106/95
f 72/98/87 90/99/88 93/107/96
f 68/102/91 92/101/90 95/108/97
f 77/110/99 66/109/98 95/108/97
f 77/110/99 105/138/127 104/112/101
f 71/105/94 64/95/84 98/113/102
f 64/95/84 72/98/87 99/115/104
f 68/102/91 101/120/109 100/116/105
f 75/100/89 100/116/105 102/117/106
f 76/118/107 71/105/94 97/114/103
f 62/103/92 102/117/106 99/115/104
f 66/109/98 104/112/101 101/120/109
f 117/121/110 116/124/113 107/122/111
f 116/124/113 120/133/122 108/125/114
f 122/126/115 110/135/124 109/127/116
f 123/128/117 109/127/116 111/129/118
f 117/121/110 106/123/112 112/131/120
f 120/133/122 125/130/119 111/129/118
f 122/126/115 130/136/125 113/134/123
f 130/136/125 132/140/129 114/137/126
f 105/138/127 131/462/393 129/139/128
f 129/139/128 131/462/393 132/140/129
f 104/112/101 129/139/128 121/141/130
f 121/141/130 129/139/128 130/136/125
f 99/115/104 102/117/106 126/142/131
f 119/143/132 126/142/131 125/130/119
f 103/119/108 97/114/103 118/144/133
f 128/145/134 118/144/133 117/121/110
f 102/117/106 100/116/105 124/146/135
f 126/142/131 124/146/135 123/128/117
f 100/116/105 101/120/109 121/141/130
f 124/146/135 121/141/130 122/126/115
f 98/113/102 99/115/104 119/143/132
f 115/147/136 119/143/132 120/133/122
f 97/114/103 98/113/102 115/147/136
f 118/144/133 115/147/136 116/124/113
f 106/123/112 107/122/111 134/148/137
f 108/125/114 135/153/142 134/148/137
f 110/135/124 137/155/144 136/150/139
f 109/127/116 136/150/139 138/151/140
f 106/123/112 133/149/138 139/152/141
f 108/125/114 111/129/118 138/151/140
f 110/135/124 113/134/123 140/154/143
f 113/134/123 114/137/126 141/156/145
f 134/157/78 143/161/147 142/158/146
f 135/160/79 144/169/151 143/161/147
f 137/162/82 146/171/152 145/163/148
f 136/164/77 145/163/148 147/165/149
f 133/159/81 142/158/146 148/167/150
f 138/166/76 147/165/149 144/169/151
f 140/170/83 149/173/153 146/171/152
f 141/172/21 150/182/162 149/173/153
f 153/174/154 183/189/166 182/175/155
f 143/161/147 152/176/156 151/177/157
f 144/169/151 153/174/154 152/176/156
f 146/171/152 155/181/161 154/178/158
f 145/163/148 154/178/158 156/179/159
f 142/158/146 151/177/157 157/180/160
f 147/165/149 156/179/159 153/174/154
f 149/173/153 158/183/163 155/181/161
f 150/182/162 159/1113/934 158/183/163
f 167/184/83 206/240/83 203/185/82
f 155/181/161 185/190/167 184/187/164
f 154/178/158 184/187/164 186/188/165
f 156/179/159 186/188/165 183/189/166
f 158/183/163 188/227/201 185/190/167
f 234/191/168 170/1114/172 169/192/169
f 152/176/156 182/175/155 181/194/171
f 170/195/172 172/1115/175 171/196/173
f 239/198/174 236/202/249 171/199/173
f 237/201/176 169/1116/169 171/199/173
f 247/203/80 176/308/80 177/204/80
f 258/206/178 259/317/264 175/207/179
f 248/209/181 246/205/255 177/204/182
f 260/211/184 258/206/263 178/208/185
f 245/213/187 173/309/254 176/214/188
f 257/216/190 174/305/250 175/217/191
f 191/219/193 190/224/198 181/194/171
f 191/219/193 182/175/155 183/189/166
f 193/221/195 184/187/164 185/190/167
f 195/223/197 186/188/165 184/187/164
f 190/224/198 196/236/204 187/225/199
f 195/223/197 192/220/194 183/189/166
f 197/226/200 194/222/196 185/190/167
f 197/226/200 188/227/201 189/228/202
f 161/230/54 160/235/54 190/224/198
f 161/230/54 191/219/193 192/220/194
f 163/232/54 193/221/195 194/222/196
f 165/234/54 195/223/197 193/221/195
f 160/235/54 166/1117/54 196/236/204
f 165/234/54 162/231/54 192/220/194
f 167/237/54 164/233/54 194/222/196
f 167/237/54 197/226/200 198/229/203
f 168/239/21 207/1118/21 206/240/83
f 161/241/78 200/245/78 199/242/81
f 162/244/79 201/252/79 200/245/78
f 164/186/82 203/185/82 202/246/77
f 163/247/77 202/246/77 204/248/76
f 160/243/81 199/242/81 205/250/80
f 165/249/76 204/248/76 201/252/79
f 199/253/205 200/256/206 209/254/206
f 200/256/206 201/265/207 210/257/207
f 202/258/208 203/267/209 212/259/209
f 204/261/210 202/258/208 211/260/208
f 205/263/211 199/253/205 208/255/205
f 204/261/210 213/262/210 210/257/207
f 206/266/212 215/269/212 212/259/209
f 207/268/213 216/1119/213 215/269/212
f 243/270/214 217/319/267 220/271/215
f 261/273/217 218/316/262 219/274/218
f 242/276/220 244/282/253 221/277/221
f 264/279/223 263/284/266 222/280/224
f 244/282/80 241/1120/80 220/283/226
f 263/284/228 262/318/265 219/285/229
f 255/286/231 229/585/496 226/287/232
f 249/289/49 251/311/49 230/290/234
f 254/292/236 256/298/935 231/293/237
f 252/295/54 232/301/936 227/296/239
f 256/298/240 253/313/258 226/299/241
f 249/300/243 225/310/256 232/301/244
f 178/208/180 175/207/179 238/302/245
f 238/302/245 237/201/176 236/202/177
f 179/212/186 178/208/185 235/303/247
f 240/304/248 235/303/247 236/202/249
f 174/305/250 233/307/252 238/306/251
f 233/307/252 234/191/168 237/193/170
f 176/308/80 241/1120/80 244/282/80
f 180/210/183 177/204/182 244/282/253
f 173/309/254 243/270/214 241/272/216
f 230/290/234 245/213/187 247/215/189
f 227/296/239 232/301/936 246/205/255
f 225/310/256 247/203/80 246/205/80
f 231/293/242 226/299/241 249/300/243
f 231/293/237 252/295/54 250/297/54
f 226/287/232 229/585/496 251/311/49
f 188/312/257 158/1121/257 253/313/258
f 188/312/259 256/298/935 254/292/236
f 158/315/261 159/588/500 255/286/231
f 218/316/262 257/216/190 259/218/192
f 223/281/225 222/280/224 258/206/263
f 222/280/230 219/285/229 259/317/264
f 221/277/227 220/283/226 262/318/265
f 224/278/222 221/277/221 263/284/266
f 217/319/267 261/273/217 262/275/219
f 52/44/46 157/1122/937 151/320/268
f 49/40/43 151/320/270 181/321/270
f 181/321/271 187/1123/938 50/48/51
f 297/322/272 266/1124/276 268/323/273
f 265/325/275 267/878/741 268/326/273
f 296/328/277 265/879/275 266/329/276
f 268/323/273 267/1125/741 299/331/279
f 269/332/281 276/386/334 308/333/282
f 270/335/284 275/380/326 320/336/285
f 306/338/287 273/387/335 272/339/288
f 318/341/290 274/382/328 271/342/291
f 307/344/21 272/388/21 269/332/21
f 271/345/293 270/335/332 317/337/294
f 280/347/296 277/359/347 303/348/21
f 279/350/297 278/361/342 321/351/298
f 304/353/300 281/396/346 280/354/301
f 323/356/303 282/393/343 279/357/304
f 277/359/306 284/395/345 302/360/307
f 278/361/309 283/394/344 324/362/310
f 286/363/312 289/375/341 315/364/313
f 285/366/315 290/389/336 311/367/316
f 316/369/317 291/392/340 286/370/318
f 292/372/320 285/390/337 309/373/49
f 289/375/321 288/391/339 314/376/322
f 311/367/54 290/389/338 287/377/324
f 293/379/325 300/381/327 275/380/326
f 294/324/280 299/331/279 300/381/327
f 274/382/328 295/384/330 298/383/329
f 295/384/330 296/328/277 297/330/278
f 298/385/331 293/379/333 270/335/332
f 298/385/331 297/322/272 294/324/274
f 303/348/308 302/360/307 276/386/334
f 273/387/335 304/353/300 301/355/302
f 272/388/21 301/349/21 303/348/21
f 285/366/315 307/344/21 305/334/21
f 292/372/320 306/338/287 307/340/289
f 305/334/283 308/333/282 287/377/324
f 289/375/321 311/367/54 310/378/54
f 312/374/49 309/373/49 286/370/318
f 309/368/316 311/367/316 289/375/341
f 319/346/295 317/337/294 278/361/342
f 282/393/343 318/341/290 319/343/292
f 317/337/286 320/336/285 283/394/344
f 321/351/311 324/362/310 284/395/345
f 281/396/346 323/356/303 322/358/305
f 322/352/299 321/351/298 277/359/347
f 344/397/348 337/409/348 325/398/349
f 343/400/350 333/407/350 327/401/351
f 341/403/352 334/406/352 338/404/353
f 342/402/351 327/401/351 334/406/352
f 346/399/349 325/398/349 333/407/350
f 345/408/354 331/411/354 337/409/348
f 348/410/355 329/412/355 331/411/354
f 87/77/21 78/1111/21 329/412/355
f 342/413/54 341/422/54 349/414/54
f 351/416/54 343/1126/54 342/413/54
f 345/417/54 344/1127/54 352/418/54
f 352/418/54 344/1127/54 346/420/54
f 341/422/54 347/1128/54 355/423/54
f 346/420/54 343/1126/54 351/416/54
f 356/424/54 348/1129/54 345/417/54
f 87/94/54 348/1129/54 356/424/54
f 328/425/356 350/429/360 349/426/357
f 336/428/359 351/1130/939 350/429/360
f 353/430/361 352/433/364 339/431/362
f 352/433/364 354/437/368 326/434/365
f 335/427/358 349/426/357 355/435/366
f 354/437/368 351/1130/939 336/428/359
f 356/438/369 353/430/361 332/432/363
f 77/110/99 96/111/100 356/438/369
f 364/440/371 105/138/127 77/110/99
f 335/427/358 357/445/376 358/441/372
f 328/425/356 358/441/372 359/442/373
f 360/443/374 361/446/377 332/432/363
f 362/444/375 360/443/374 339/431/362
f 340/436/367 363/466/397 357/445/376
f 359/442/373 362/444/375 326/434/365
f 361/446/377 364/440/371 330/439/370
f 375/447/378 365/471/402 366/448/379
f 374/449/380 366/448/379 367/450/381
f 368/452/383 369/474/405 380/453/384
f 370/455/386 368/452/383 381/454/385
f 371/457/388 365/471/402 375/447/378
f 378/451/382 367/450/381 370/455/386
f 380/453/384 369/474/405 372/459/390
f 388/460/391 372/459/390 114/137/126
f 387/461/392 131/462/393 105/138/127
f 387/461/392 388/460/391 132/140/129
f 379/463/394 387/461/392 364/440/371
f 379/463/394 380/453/384 388/460/391
f 359/442/373 377/465/396 384/464/395
f 377/465/396 378/451/382 383/456/387
f 363/466/397 386/468/399 376/467/398
f 386/468/399 385/458/389 375/447/378
f 362/444/375 384/464/395 382/469/400
f 384/464/395 383/456/387 381/454/385
f 360/443/374 382/469/400 379/463/394
f 382/469/400 381/454/385 380/453/384
f 358/441/372 373/470/401 377/465/396
f 373/470/401 374/449/380 378/451/382
f 357/445/376 376/467/398 373/470/401
f 376/467/398 375/447/378 374/449/380
f 365/471/402 389/1131/940 390/472/403
f 390/472/403 391/1132/941 367/450/381
f 392/473/404 393/1133/942 369/474/405
f 394/475/406 392/473/404 368/452/383
f 395/476/407 389/1131/940 365/471/402
f 367/450/381 391/1132/941 394/475/406
f 369/474/405 393/1133/942 396/477/408
f 372/459/390 396/477/408 141/156/145
f 397/478/409 398/481/410 390/479/351
f 398/481/410 399/490/414 391/482/350
f 400/483/411 401/491/415 393/484/354
f 402/486/412 400/483/411 392/485/348
f 403/488/413 397/478/409 389/480/352
f 399/490/414 402/486/412 394/487/349
f 401/491/415 404/493/416 396/492/355
f 404/493/416 150/182/162 141/172/21
f 428/494/417 429/508/428 407/495/418
f 405/497/420 406/496/419 398/481/410
f 406/496/419 407/495/418 399/490/414
f 408/498/421 409/501/424 401/491/415
f 410/499/422 408/498/421 400/483/411
f 411/500/423 405/497/420 397/478/409
f 407/495/418 410/499/422 402/486/412
f 409/501/424 412/502/425 404/493/416
f 412/502/425 159/1113/934 150/182/162
f 447/503/354 450/540/355 420/504/355
f 430/506/426 431/509/429 409/501/424
f 432/507/427 430/506/426 408/498/421
f 429/508/428 432/507/427 410/499/422
f 431/509/429 434/1134/943 412/502/425
f 421/510/430 170/1114/172 234/191/168
f 427/512/432 428/494/417 406/496/419
f 422/513/433 172/1115/175 170/195/172
f 239/198/174 172/200/175 422/513/433
f 422/513/433 421/510/430 469/511/435
f 425/515/353 424/522/353 474/516/353
f 479/518/437 426/521/487 423/519/438
f 248/209/181 180/210/183 425/515/440
f 260/211/184 179/212/186 426/521/442
f 424/522/444 173/309/254 245/213/187
f 423/519/446 174/305/250 257/216/190
f 436/523/448 428/494/417 427/512/432
f 429/508/428 428/494/417 436/523/448
f 431/509/429 430/506/426 438/526/451
f 430/506/426 432/507/427 440/528/453
f 435/524/449 427/512/432 433/529/454
f 440/528/453 432/507/427 429/508/428
f 442/531/456 434/1134/943 431/509/429
f 189/228/202 434/1134/943 442/531/456
f 414/532/54 436/523/448 435/524/449
f 437/525/450 436/523/448 414/532/54
f 439/527/452 438/526/451 416/535/54
f 438/526/451 440/528/453 418/537/54
f 413/533/54 435/524/449 441/530/455
f 418/537/54 440/528/453 437/525/450
f 420/539/54 442/531/456 439/527/452
f 198/229/203 442/531/456 420/539/54
f 450/540/355 207/1118/21 168/239/21
f 443/541/352 444/544/351 414/542/351
f 444/544/351 445/552/350 415/545/350
f 446/546/348 447/503/354 417/505/354
f 448/548/349 446/546/348 416/547/348
f 449/550/353 443/541/352 413/543/352
f 445/552/350 448/548/349 418/549/349
f 443/553/457 451/564/457 452/554/458
f 444/555/458 452/554/458 453/556/459
f 446/558/460 454/562/460 455/559/461
f 448/561/463 456/1135/463 454/562/460
f 449/563/464 457/1070/464 451/564/457
f 453/556/459 456/1135/463 448/561/463
f 455/559/461 458/566/465 450/565/465
f 458/566/465 216/1119/213 207/268/213
f 460/567/466 217/319/267 243/270/214
f 459/569/468 218/316/262 261/273/217
f 242/276/220 224/278/222 461/571/470
f 264/279/223 223/281/225 462/573/472
f 472/572/353 461/571/502 460/567/474
f 482/574/475 462/573/501 459/569/476
f 464/575/478 229/585/496 255/286/231
f 475/577/49 463/584/492 230/290/234
f 254/292/236 228/294/238 465/578/480
f 227/296/239 466/581/493 476/580/54
f 478/579/482 465/578/495 464/575/483
f 466/581/485 463/584/494 475/577/486
f 426/521/487 467/583/489 470/582/488
f 468/514/436 469/511/435 470/582/488
f 179/212/186 240/304/248 467/583/490
f 240/304/248 239/198/174 468/514/434
f 470/582/491 233/307/252 174/305/250
f 469/511/431 234/191/168 233/307/252
f 472/572/353 471/568/353 424/522/353
f 180/210/183 242/276/220 472/572/471
f 471/568/467 243/270/214 173/309/254
f 474/516/445 245/213/187 230/290/234
f 227/296/239 248/209/181 473/517/441
f 473/517/353 474/516/353 463/584/494
f 465/578/495 476/580/486 475/577/486
f 250/297/54 476/580/54 465/578/480
f 464/575/478 475/577/49 251/311/49
f 434/586/497 478/579/482 477/576/484
f 254/292/236 478/579/481 434/586/498
f 412/587/499 477/576/479 255/286/231
f 480/520/447 257/216/190 218/316/262
f 223/281/225 260/211/184 479/518/443
f 462/573/501 479/518/437 480/520/439
f 461/571/502 482/574/475 481/570/477
f 224/278/222 264/279/223 482/574/473
f 481/570/469 261/273/217 217/319/267
f 405/589/503 411/1136/944 316/369/317
f 427/590/504 405/1137/504 313/365/314
f 314/376/322 433/1138/945 427/590/505
f 499/591/506 483/1139/509 484/592/507
f 1/4/4 3/5/5 484/594/507
f 32/6/6 1/7/4 483/596/509
f 484/592/507 3/1110/5 35/8/7
f 485/598/512 12/57/66 44/10/9
f 486/600/514 11/52/57 56/13/12
f 42/16/15 9/18/17 488/602/516
f 54/19/18 10/21/20 487/604/518
f 504/606/520 488/634/520 485/598/520
f 487/607/521 486/600/548 509/601/522
f 492/609/524 489/619/556 502/610/520
f 491/612/525 490/620/555 511/613/526
f 40/30/29 17/31/31 492/615/528
f 59/32/32 18/33/34 491/617/530
f 489/619/532 20/60/73 38/34/35
f 490/620/534 19/59/72 60/36/38
f 494/621/536 495/630/554 508/622/537
f 493/624/539 496/635/550 506/625/540
f 52/44/46 27/45/48 494/627/541
f 28/46/50 493/636/551 505/629/49
f 495/630/543 24/637/553 50/48/51
f 506/625/54 496/635/552 23/50/55
f 497/631/545 36/54/59 11/52/57
f 498/593/511 35/8/7 36/54/59
f 10/21/20 31/56/61 500/632/546
f 31/56/61 32/6/6 499/597/510
f 500/633/547 497/631/549 486/600/548
f 500/633/547 499/591/506 498/593/508
f 502/610/533 38/34/35 12/57/66
f 9/18/17 40/30/29 501/616/529
f 488/634/520 501/611/520 502/610/520
f 493/624/539 504/606/520 503/599/520
f 28/46/50 42/16/15 504/603/517
f 503/599/513 44/10/9 23/50/55
f 495/630/543 506/625/54 46/58/54
f 48/47/49 505/629/49 494/627/541
f 505/626/540 506/625/540 495/630/554
f 510/608/523 509/601/522 490/620/555
f 18/33/34 54/19/18 510/605/519
f 509/601/515 56/13/12 19/59/72
f 511/613/535 60/36/38 20/60/73
f 17/31/31 59/32/32 512/618/531
f 512/614/527 511/613/526 489/619/556
f 532/638/557 525/650/557 513/639/558
f 531/641/559 521/648/559 515/642/560
f 529/644/561 522/647/561 74/645/80
f 530/643/560 515/642/560 522/647/561
f 534/640/558 513/639/558 521/648/559
f 533/649/562 519/652/562 525/650/557
f 535/651/563 517/654/563 519/652/562
f 536/653/520 528/1140/520 517/654/563
f 530/655/54 529/663/54 537/656/54
f 539/658/54 531/664/54 530/655/54
f 541/659/54 533/1141/54 532/660/54
f 532/660/54 534/1142/54 542/662/54
f 529/663/54 85/1143/54 94/88/54
f 542/662/54 534/1142/54 531/664/54
f 535/665/54 533/1141/54 541/659/54
f 544/667/54 536/935/54 535/665/54
f 516/668/564 538/672/568 537/669/565
f 524/671/567 539/1144/946 538/672/568
f 541/673/569 540/676/572 526/674/570
f 540/676/572 542/680/574 514/677/573
f 523/670/566 537/669/565 94/678/95
f 542/680/574 539/1144/946 524/671/567
f 543/681/575 541/673/569 520/675/571
f 527/683/577 544/950/805 543/681/575
f 551/684/578 552/708/600 527/683/577
f 523/670/566 545/689/583 546/685/579
f 516/668/564 546/685/579 547/686/580
f 548/687/581 549/690/584 520/675/571
f 550/688/582 548/687/581 526/674/570
f 76/679/107 103/713/108 545/689/583
f 547/686/580 550/688/582 514/677/573
f 549/690/584 551/684/578 518/682/576
f 563/691/585 553/718/608 554/692/586
f 562/693/587 554/692/586 555/694/588
f 556/696/590 557/721/611 568/697/591
f 558/699/593 556/696/590 569/698/592
f 112/701/120 553/718/608 563/691/585
f 566/695/589 555/694/588 558/699/593
f 568/697/591 557/721/611 559/703/595
f 574/704/596 559/703/595 560/705/597
f 573/707/599 575/709/601 552/708/600
f 573/707/599 574/704/596 576/706/598
f 567/710/602 573/707/599 551/684/578
f 567/710/602 568/697/591 574/704/596
f 547/686/580 565/712/604 572/711/603
f 565/712/604 566/695/589 571/700/594
f 103/713/108 128/715/134 564/714/605
f 128/715/134 127/702/121 563/691/585
f 550/688/582 572/711/603 570/716/606
f 572/711/603 571/700/594 569/698/592
f 548/687/581 570/716/606 567/710/602
f 570/716/606 569/698/592 568/697/591
f 546/685/579 561/717/607 565/712/604
f 561/717/607 562/693/587 566/695/589
f 545/689/583 564/714/605 561/717/607
f 564/714/605 563/691/585 562/693/587
f 553/718/608 577/1145/947 578/719/609
f 578/719/609 579/1146/948 555/694/588
f 580/720/610 581/1147/949 557/721/611
f 582/722/612 580/720/610 556/696/590
f 139/723/141 577/1145/947 553/718/608
f 555/694/588 579/1146/948 582/722/612
f 557/721/611 581/1147/949 583/724/613
f 559/703/595 583/724/613 584/725/614
f 585/726/615 586/729/616 578/727/560
f 586/729/616 587/738/619 579/730/559
f 588/731/617 589/739/620 581/732/562
f 590/734/618 588/731/617 580/733/557
f 148/736/150 585/726/615 577/728/561
f 587/738/619 590/734/618 582/735/558
f 589/739/620 591/741/621 583/740/563
f 591/741/621 592/752/630 584/742/520
f 622/743/622 623/758/633 595/744/623
f 593/746/625 594/745/624 586/729/616
f 594/745/624 595/744/623 587/738/619
f 596/747/626 597/750/628 589/739/620
f 598/748/627 596/747/626 588/731/617
f 157/749/160 593/746/625 585/726/615
f 595/744/623 598/748/627 590/734/618
f 597/750/628 599/751/629 591/741/621
f 599/751/629 600/1148/950 592/752/630
f 641/753/562 643/800/563 607/754/563
f 624/756/631 625/759/634 597/750/628
f 626/757/632 624/756/631 596/747/626
f 623/758/633 626/757/632 598/748/627
f 625/759/634 627/1149/951 599/751/629
f 609/760/635 610/1150/640 670/761/636
f 621/763/638 622/743/622 594/745/624
f 611/764/639 612/1151/864 610/765/640
f 675/766/641 612/1021/864 611/764/639
f 611/764/639 609/760/635 673/762/643
f 617/768/80 616/777/80 683/769/80
f 694/771/645 618/776/707 615/772/646
f 684/774/648 620/860/716 617/768/649
f 696/775/651 619/856/710 618/776/652
f 616/777/654 613/861/717 681/778/655
f 615/772/657 614/858/714 693/779/658
f 630/780/660 622/743/622 621/763/638
f 623/758/633 622/743/622 630/780/660
f 625/759/634 624/756/631 632/783/663
f 624/756/631 626/757/632 634/785/665
f 629/781/661 621/763/638 187/786/199
f 634/785/665 626/757/632 623/758/633
f 635/788/666 627/1149/951 625/759/634
f 628/789/667 627/1149/951 635/788/666
f 602/791/54 630/780/660 629/781/661
f 631/782/662 630/780/660 602/791/54
f 633/784/664 632/783/663 604/794/54
f 632/783/663 634/785/665 606/796/54
f 601/792/54 629/781/661 196/787/204
f 606/796/54 634/785/665 631/782/662
f 607/798/54 635/788/666 633/784/664
f 636/790/668 635/788/666 607/798/54
f 643/800/563 644/1152/520 608/801/520
f 637/802/561 638/805/560 602/803/560
f 638/805/560 639/813/559 603/806/559
f 640/807/557 641/753/562 605/755/562
f 642/809/558 640/807/557 604/808/557
f 205/811/80 637/802/561 601/804/561
f 639/813/559 642/809/558 606/810/558
f 637/814/669 645/825/669 646/815/670
f 638/816/670 646/815/670 647/817/671
f 640/819/672 648/823/672 649/820/673
f 642/822/675 650/1153/675 648/823/672
f 205/824/211 214/1154/211 645/825/669
f 647/817/671 650/1153/675 642/822/675
f 649/820/673 651/827/676 643/826/676
f 651/827/676 652/1155/677 644/828/677
f 656/829/678 653/872/734 679/830/679
f 655/832/681 654/869/729 697/833/682
f 678/835/684 660/871/733 657/836/685
f 700/838/687 659/870/730 658/839/688
f 680/837/80 657/836/732 656/829/690
f 699/840/691 658/839/731 655/832/692
f 662/841/694 665/864/723 691/842/695
f 685/844/49 661/862/718 666/845/697
f 690/847/698 664/863/722 667/848/699
f 663/850/701 668/853/719 688/851/54
f 692/849/702 667/848/721 662/841/703
f 668/853/705 661/862/720 685/844/706
f 618/776/707 671/855/709 674/854/708
f 672/767/644 673/762/643 674/854/708
f 619/856/710 676/857/712 671/855/711
f 676/857/712 675/766/641 672/767/642
f 674/854/713 669/859/715 614/858/714
f 673/762/637 670/761/636 669/859/715
f 680/837/80 677/831/80 616/777/80
f 620/860/716 678/835/684 680/837/686
f 677/831/680 679/830/679 613/861/717
f 683/769/656 681/778/655 666/845/697
f 663/850/701 684/774/648 682/770/650
f 682/770/80 683/769/80 661/862/720
f 667/848/721 688/851/706 685/844/706
f 686/852/54 688/851/54 667/848/699
f 662/841/694 685/844/49 687/846/49
f 627/865/724 692/849/702 689/843/704
f 690/847/698 692/849/700 627/865/725
f 599/866/727 689/843/696 691/842/695
f 695/773/659 693/779/658 654/869/729
f 659/870/730 696/775/651 694/771/653
f 658/839/731 694/771/645 695/773/647
f 657/836/732 699/840/691 698/834/693
f 660/871/733 700/838/687 699/840/689
f 698/834/683 697/833/682 653/872/734
f 593/873/735 157/1122/937 52/44/46
f 621/874/736 593/1156/736 507/623/538
f 50/48/51 187/1123/938 621/874/737
f 717/875/738 716/880/776 702/876/739
f 265/325/275 701/877/740 702/876/739
f 296/328/277 717/875/773 701/877/740
f 299/331/279 267/1125/741 702/876/739
f 308/333/282 276/386/334 703/881/743
f 320/336/285 275/380/326 704/883/745
f 306/338/287 722/887/778 706/885/747
f 318/341/290 728/888/781 705/886/748
f 722/887/520 721/882/520 703/881/520
f 727/884/749 704/883/774 705/886/750
f 720/889/520 707/895/783 710/890/752
f 729/892/753 708/896/780 709/893/754
f 304/353/300 719/891/777 710/890/756
f 323/356/303 730/894/782 709/893/757
f 302/360/307 284/395/345 707/895/758
f 324/362/310 283/394/344 708/896/760
f 726/897/762 713/903/779 712/898/763
f 724/900/765 714/904/952 711/901/766
f 316/369/317 725/899/928 712/898/767
f 723/902/49 711/901/953 292/372/320
f 314/376/322 288/391/339 713/903/768
f 724/900/54 310/378/54 287/377/324
f 275/380/326 300/381/327 715/905/771
f 300/381/327 299/331/279 716/880/742
f 274/382/328 705/886/748 718/906/772
f 295/384/330 718/906/772 717/875/773
f 704/883/774 715/905/954 718/906/775
f 718/906/775 715/905/954 716/880/776
f 276/386/334 302/360/307 720/889/759
f 273/387/335 706/885/747 719/891/777
f 706/885/520 703/881/520 720/889/520
f 711/901/766 714/904/952 721/882/520
f 292/372/320 711/901/953 722/887/778
f 287/377/324 308/333/282 721/882/744
f 713/903/768 288/391/339 310/378/54
f 712/898/767 723/902/49 312/374/49
f 713/903/779 724/900/765 723/902/765
f 708/896/780 727/884/749 728/888/751
f 282/393/343 709/893/757 728/888/781
f 283/394/344 320/336/285 727/884/746
f 284/395/345 324/362/310 729/892/761
f 281/396/346 710/890/756 730/894/782
f 707/895/783 729/892/753 730/894/755
f 731/907/784 743/916/785 748/908/785
f 733/910/786 739/915/787 747/911/787
f 338/404/353 740/914/788 745/913/788
f 740/914/788 733/910/786 746/912/786
f 739/915/787 731/907/784 750/909/784
f 743/916/785 737/918/789 749/917/789
f 737/918/789 735/920/790 751/919/790
f 735/920/790 528/1140/520 536/653/520
f 752/921/54 745/931/54 746/922/54
f 754/924/54 753/923/54 746/922/54
f 756/926/54 755/930/54 748/927/54
f 757/929/54 750/932/54 748/927/54
f 355/423/54 347/1128/54 745/931/54
f 757/929/54 754/924/54 747/925/54
f 756/926/54 749/928/54 751/933/54
f 544/667/54 758/934/54 751/933/54
f 734/936/791 741/946/801 752/937/792
f 742/939/794 734/936/791 753/938/793
f 744/941/796 755/945/800 756/942/797
f 732/944/799 757/947/802 755/945/800
f 741/946/801 340/436/367 355/435/366
f 742/939/794 754/940/795 757/947/802
f 738/943/798 756/942/797 758/948/803
f 527/683/577 736/949/804 758/948/803
f 527/683/577 552/708/600 765/951/806
f 741/946/801 734/936/791 760/952/807
f 734/936/791 742/939/794 761/954/809
f 738/943/798 763/957/812 762/955/810
f 744/941/796 762/955/810 764/956/811
f 340/436/367 741/946/801 759/953/808
f 732/944/799 764/956/811 761/954/809
f 736/949/804 765/951/806 763/957/812
f 775/958/813 774/961/816 767/959/814
f 774/961/816 778/968/823 768/962/817
f 780/963/818 770/970/825 769/964/819
f 781/965/820 769/964/819 771/966/821
f 775/958/813 766/960/815 371/457/388
f 778/968/823 783/967/822 771/966/821
f 780/963/818 786/971/826 772/969/824
f 786/971/826 576/706/598 560/705/597
f 552/708/600 575/709/601 785/972/827
f 785/972/827 575/709/601 576/706/598
f 765/951/806 785/972/827 779/973/828
f 779/973/828 785/972/827 786/971/826
f 761/954/809 764/956/811 784/974/829
f 777/975/830 784/974/829 783/967/822
f 363/466/397 759/953/808 776/976/831
f 386/468/399 776/976/831 775/958/813
f 764/956/811 762/955/810 782/977/832
f 784/974/829 782/977/832 781/965/820
f 762/955/810 763/957/812 779/973/828
f 782/977/832 779/973/828 780/963/818
f 760/952/807 761/954/809 777/975/830
f 773/978/833 777/975/830 778/968/823
f 759/953/808 760/952/807 773/978/833
f 776/976/831 773/978/833 774/961/816
f 766/960/815 767/959/814 788/979/834
f 768/962/817 789/983/838 788/979/834
f 770/970/825 791/985/840 790/981/836
f 769/964/819 790/981/836 792/982/837
f 766/960/815 787/980/835 395/476/407
f 768/962/817 771/966/821 792/982/837
f 770/970/825 772/969/824 793/984/839
f 772/969/824 560/705/597 584/725/614
f 788/986/786 795/990/842 794/987/841
f 789/989/787 796/996/845 795/990/842
f 791/991/789 798/998/846 797/992/843
f 790/993/785 797/992/843 799/994/844
f 787/988/788 794/987/841 403/488/413
f 792/995/784 799/994/844 796/996/845
f 793/997/790 800/999/847 798/998/846
f 584/742/520 592/752/630 800/999/847
f 803/1000/848 823/1013/858 822/1001/849
f 795/990/842 802/1002/850 801/1003/851
f 796/996/845 803/1000/848 802/1002/850
f 798/998/846 805/1006/854 804/1004/852
f 797/992/843 804/1004/852 806/1005/853
f 794/987/841 801/1003/851 411/500/423
f 799/994/844 806/1005/853 803/1000/848
f 800/999/847 807/1007/855 805/1006/854
f 592/752/630 600/1148/950 807/1007/855
f 814/1008/790 841/1049/790 839/1009/789
f 805/1006/854 825/1014/859 824/1011/856
f 804/1004/852 824/1011/856 826/1012/857
f 806/1005/853 826/1012/857 823/1013/858
f 807/1007/855 827/1041/883 825/1014/859
f 670/761/636 610/1150/640 815/1015/860
f 802/1002/850 822/1001/849 821/1017/862
f 610/765/640 612/1151/864 816/1018/863
f 675/766/641 858/1023/914 816/1020/863
f 859/1022/865 815/1157/860 816/1020/863
f 864/1024/353 818/1098/353 819/1025/353
f 869/1027/867 870/1103/924 817/1028/868
f 684/774/648 863/1026/917 819/1025/870
f 696/775/651 869/1027/923 820/1029/871
f 681/778/655 613/861/717 818/1030/872
f 693/779/658 614/858/714 817/1032/874
f 829/1034/876 828/1039/881 821/1017/862
f 829/1034/876 822/1001/849 823/1013/858
f 831/1036/878 824/1011/856 825/1014/859
f 833/1038/880 826/1012/857 824/1011/856
f 828/1039/881 441/530/455 433/529/454
f 833/1038/880 830/1035/877 823/1013/858
f 834/1040/882 832/1037/879 825/1014/859
f 834/1040/882 827/1041/883 628/789/667
f 809/1042/54 808/1047/54 828/1039/881
f 809/1042/54 829/1034/876 830/1035/877
f 811/1044/54 831/1036/878 832/1037/879
f 813/1046/54 833/1038/880 831/1036/878
f 808/1047/54 419/538/54 441/530/455
f 813/1046/54 810/1043/54 830/1035/877
f 814/1048/54 812/1045/54 832/1037/879
f 814/1048/54 834/1040/882 636/790/668
f 608/801/520 644/1152/520 841/1049/790
f 809/1050/786 836/1054/786 835/1051/788
f 810/1053/787 837/1059/787 836/1054/786
f 812/1010/789 839/1009/789 838/1055/785
f 811/1056/785 838/1055/785 840/1057/784
f 808/1052/788 835/1051/788 449/550/353
f 813/1058/784 840/1057/784 837/1059/787
f 835/1060/884 836/1063/885 843/1061/885
f 836/1063/885 837/1071/886 844/1064/886
f 838/1065/887 839/1073/888 846/1066/888
f 840/1068/889 838/1065/887 845/1067/887
f 449/563/464 835/1060/884 842/1062/884
f 840/1068/889 847/1069/889 844/1064/886
f 841/1072/890 848/1074/890 846/1066/888
f 644/828/677 652/1155/677 848/1074/890
f 679/830/679 653/872/734 850/1075/891
f 697/833/682 654/869/729 849/1077/893
f 678/835/684 862/1081/916 851/1079/895
f 700/838/687 872/1083/926 852/1080/896
f 862/1081/353 861/1158/353 850/1082/897
f 872/1083/899 871/1104/925 849/1084/900
f 691/842/695 665/864/723 854/1085/902
f 865/1087/49 687/846/49 666/845/697
f 690/847/698 868/1091/955 855/1089/905
f 866/1090/54 856/1094/956 663/850/701
f 868/1091/906 867/1101/920 854/1092/907
f 865/1093/909 853/1099/918 856/1094/910
f 820/1029/869 817/1028/868 860/1095/911
f 860/1095/911 859/1022/865 858/1023/866
f 619/856/710 820/1029/871 857/1096/913
f 676/857/712 857/1096/913 858/1023/914
f 614/858/714 669/859/715 860/1097/915
f 669/859/715 670/761/636 859/1016/861
f 818/1098/353 861/1158/353 862/1081/353
f 620/860/716 819/1025/870 862/1081/916
f 613/861/717 679/830/679 861/1076/892
f 666/845/697 681/778/655 864/1031/873
f 663/850/701 856/1094/956 863/1026/917
f 853/1099/918 864/1024/353 863/1026/353
f 855/1089/908 854/1092/907 865/1093/909
f 855/1089/905 866/1090/54 686/852/54
f 854/1085/902 665/864/723 687/846/49
f 827/1100/919 807/1159/919 867/1101/920
f 827/1100/921 868/1091/955 690/847/698
f 807/1102/922 600/868/728 691/842/695
f 654/869/729 693/779/658 870/1033/875
f 659/870/730 852/1080/896 869/1027/923
f 852/1080/901 849/1084/900 870/1103/924
f 851/1079/898 850/1082/897 871/1104/925
f 660/871/733 851/1079/895 872/1083/926
f 653/872/734 697/833/682 871/1078/894
f 316/369/317 411/1136/944 801/1105/927
f 725/899/764 801/1105/929 821/1106/929
f 821/1106/930 433/1138/945 314/376/322
f 67/1108/49 73/1160/49 61/1161/49
f 61/1161/49 69/1162/49 63/1163/49
f 63/1163/49 70/1164/49 74/1165/49
f 74/1165/49 522/1166/49 63/1163/49
f 522/1166/49 515/1167/49 63/1163/49
f 515/1167/49 521/1168/49 513/1169/49
f 513/1169/49 525/1170/49 515/1167/49
f 525/1170/49 519/1171/49 515/1167/49
f 519/1171/49 517/1172/49 737/1109/49
f 517/1172/49 528/1173/49 737/1109/49
f 528/1173/49 735/1174/49 737/1109/49
f 737/1109/49 743/1175/49 733/1176/49
f 743/1175/49 731/1177/49 733/1176/49
f 731/1177/49 739/1178/49 733/1176/49
f 733/1176/49 740/1179/49 327/1180/49
f 740/1179/49 338/1181/49 327/1180/49
f 338/1181/49 334/1182/49 327/1180/49
f 327/1180/49 333/1183/49 325/1184/49
f 325/1184/49 337/1185/49 331/1107/49
f 331/1107/49 329/1186/49 78/1187/49
f 78/1187/49 65/1188/49 67/1108/49
f 67/1108/49 61/1161/49 515/1167/49
f 61/1161/49 63/1163/49 515/1167/49
f 327/1180/49 325/1184/49 331/1107/49
f 331/1107/49 78/1187/49 67/1108/49
f 515/1167/49 519/1171/49 67/1108/49
f 519/1171/49 737/1109/49 67/1108/49
f 737/1109/49 733/1176/49 327/1180/49
f 327/1180/49 331/1107/49 737/1109/49
