# Blender 4.4.0
# www.blender.org
mtllib UI_cocktail.mtl
o BarSign.004
v -0.036404 0.878254 -0.048814
v 0.128053 0.862056 -0.048814
v -0.036404 0.878254 0.120672
v -0.200862 0.862056 -0.048814
v -0.359000 0.814086 -0.048814
v -0.200862 0.862056 0.120672
v -0.359000 0.814086 0.120672
v -0.504741 0.736186 0.120672
v -0.632484 0.631350 0.120672
v -0.504741 0.736186 -0.048814
v -0.632484 0.631350 -0.048814
v -0.737320 0.503607 -0.048814
v -0.815220 0.357866 -0.048814
v -0.737320 0.503607 0.120672
v -0.815220 0.357866 0.120672
v -0.863190 0.199728 0.120672
v -0.879388 0.035270 0.120672
v -0.863190 0.199728 -0.048814
v -0.879388 0.035270 -0.048814
v -0.863190 -0.129188 -0.048814
v -0.815220 -0.287325 -0.048814
v -0.863190 -0.129187 0.120672
v -0.815220 -0.287325 0.120672
v -0.737320 -0.433066 0.120672
v -0.632484 -0.560809 0.120672
v -0.737320 -0.433066 -0.048814
v -0.632484 -0.560809 -0.048814
v -0.504741 -0.665645 -0.048814
v -0.359000 -0.743545 -0.048814
v -0.504741 -0.665645 0.120672
v -0.359000 -0.743545 0.120672
v -0.200862 -0.791516 0.120672
v -0.036404 -0.807713 0.120672
v -0.200862 -0.791516 -0.048814
v -0.036404 -0.807713 -0.048814
v 0.128053 -0.791516 -0.048814
v 0.286191 -0.743545 -0.048814
v 0.128053 -0.791516 0.120672
v 0.286191 -0.743545 0.120672
v 0.431932 -0.665645 0.120672
v 0.559675 -0.560809 0.120672
v 0.431932 -0.665645 -0.048814
v 0.559675 -0.560809 -0.048814
v 0.664511 -0.433066 -0.048814
v 0.742411 -0.287325 -0.048814
v 0.664510 -0.433066 0.120672
v 0.742411 -0.287325 0.120672
v 0.790381 -0.129187 0.120672
v 0.806579 0.035270 0.120672
v 0.790382 -0.129188 -0.048814
v 0.806579 0.035270 -0.048814
v 0.790382 0.199728 -0.048814
v 0.742411 0.357866 -0.048814
v 0.790381 0.199728 0.120672
v 0.742411 0.357866 0.120672
v 0.664510 0.503607 0.120672
v 0.559675 0.631350 0.120672
v 0.664511 0.503607 -0.048814
v 0.559675 0.631350 -0.048814
v 0.431932 0.736186 -0.048814
v 0.286191 0.814086 -0.048814
v 0.431932 0.736186 0.120672
v 0.286191 0.814086 0.120672
v 0.128053 0.862056 0.120672
v -0.036404 0.938852 -0.025157
v 0.139876 0.921490 -0.025157
v -0.036404 0.938852 0.089515
v -0.212684 0.921490 -0.025157
v -0.382190 0.870071 -0.025157
v -0.212684 0.921490 0.089515
v -0.382190 0.870071 0.089515
v -0.538407 0.786571 0.089515
v -0.675333 0.674199 0.089515
v -0.538407 0.786571 -0.025157
v -0.675333 0.674199 -0.025157
v -0.787705 0.537274 -0.025156
v -0.871205 0.381056 -0.025156
v -0.787705 0.537274 0.089515
v -0.871205 0.381056 0.089515
v -0.922624 0.211550 0.089515
v -0.939986 0.035270 0.089515
v -0.922624 0.211550 -0.025156
v -0.939986 0.035270 -0.025156
v -0.922624 -0.141010 -0.025156
v -0.871205 -0.310516 -0.025156
v -0.922624 -0.141010 0.089515
v -0.871205 -0.310516 0.089516
v -0.787705 -0.466733 0.089516
v -0.675333 -0.603659 0.089516
v -0.787705 -0.466733 -0.025156
v -0.675333 -0.603659 -0.025156
v -0.538407 -0.716031 -0.025156
v -0.382190 -0.799531 -0.025156
v -0.538407 -0.716031 0.089516
v -0.382190 -0.799531 0.089516
v -0.212684 -0.850950 0.089516
v -0.036404 -0.868312 0.089516
v -0.212684 -0.850950 -0.025156
v -0.036404 -0.868312 -0.025156
v 0.139876 -0.850950 -0.025156
v 0.309382 -0.799531 -0.025156
v 0.139876 -0.850950 0.089516
v 0.309381 -0.799531 0.089516
v 0.465599 -0.716031 0.089516
v 0.602525 -0.603659 0.089516
v 0.465599 -0.716031 -0.025156
v 0.602525 -0.603659 -0.025156
v 0.714897 -0.466733 -0.025156
v 0.798397 -0.310516 -0.025156
v 0.714897 -0.466733 0.089516
v 0.798397 -0.310516 0.089516
v 0.849816 -0.141010 0.089515
v 0.867178 0.035270 0.089515
v 0.849816 -0.141010 -0.025156
v 0.867178 0.035270 -0.025156
v 0.849816 0.211550 -0.025156
v 0.798397 0.381056 -0.025156
v 0.849816 0.211550 0.089515
v 0.798397 0.381056 0.089515
v 0.714897 0.537274 0.089515
v 0.602525 0.674199 0.089515
v 0.714897 0.537274 -0.025156
v 0.602525 0.674199 -0.025157
v 0.465599 0.786571 -0.025157
v 0.309382 0.870071 -0.025157
v 0.465599 0.786571 0.089515
v 0.309381 0.870071 0.089515
v 0.139876 0.921490 0.089515
v 0.128054 0.862056 -0.025157
v 0.664511 0.503607 -0.025156
v 0.790382 -0.129187 -0.025156
v 0.431932 -0.665645 -0.025156
v -0.200862 -0.791515 -0.025156
v -0.737319 -0.433066 -0.025156
v -0.863190 0.199728 -0.025156
v -0.504740 0.736185 -0.025157
v -0.036404 0.878254 -0.025157
v 0.286192 0.814086 -0.025157
v 0.559675 0.631350 -0.025157
v 0.742411 0.357866 -0.025156
v 0.431932 0.736185 -0.025157
v 0.286192 -0.743545 -0.025156
v 0.559675 -0.560809 -0.025156
v 0.742411 -0.287325 -0.025156
v 0.664511 -0.433066 -0.025156
v 0.806579 0.035270 -0.025156
v -0.815219 -0.287325 -0.025156
v -0.632484 -0.560809 -0.025156
v -0.359000 -0.743545 -0.025156
v -0.504740 -0.665645 -0.025156
v -0.036404 -0.807713 -0.025156
v -0.879387 0.035270 -0.025156
v -0.815219 0.357866 -0.025156
v -0.632484 0.631350 -0.025157
v -0.359000 0.814086 -0.025157
v -0.737319 0.503607 -0.025156
v -0.200862 0.862056 -0.025157
v 0.790382 0.199728 -0.025156
v 0.128054 -0.791515 -0.025156
v -0.863190 -0.129187 -0.025156
v -0.036404 0.878254 0.089515
v -0.632484 0.631350 0.089515
v -0.879387 0.035270 0.089515
v -0.632484 -0.560809 0.089516
v -0.036404 -0.807713 0.089516
v 0.559675 -0.560809 0.089516
v 0.806579 0.035270 0.089515
v 0.559675 0.631350 0.089515
v -0.737319 0.503607 0.089515
v -0.504740 0.736185 0.089515
v -0.200862 0.862056 0.089515
v 0.128054 0.862056 0.089515
v -0.359000 0.814086 0.089515
v -0.863190 -0.129187 0.089515
v -0.863190 0.199728 0.089515
v -0.737319 -0.433066 0.089516
v -0.504740 -0.665645 0.089516
v -0.815219 -0.287325 0.089515
v -0.200862 -0.791515 0.089516
v 0.128054 -0.791515 0.089516
v 0.431932 -0.665645 0.089516
v 0.664511 -0.433066 0.089516
v 0.286192 -0.743545 0.089516
v 0.431932 0.736185 0.089515
v 0.664511 0.503607 0.089515
v 0.790382 -0.129187 0.089515
v 0.790382 0.199728 0.089515
v 0.742411 0.357866 0.089515
v -0.815219 0.357866 0.089515
v -0.359000 -0.743545 0.089516
v 0.742411 -0.287325 0.089515
v 0.286192 0.814086 0.089515
v -0.036403 0.938853 -0.025156
v -0.036402 1.035271 -0.063454
v 0.158688 1.016056 -0.063454
v 0.139878 0.921491 -0.025156
v -0.036402 1.035270 0.063454
v -0.231493 1.016056 -0.063454
v -0.212683 0.921491 -0.025156
v -0.419086 0.959150 -0.063454
v -0.382189 0.870072 -0.025156
v -0.231493 1.016056 0.063454
v -0.419086 0.959150 0.063454
v -0.591973 0.866740 0.063454
v -0.743509 0.742377 0.063454
v -0.591973 0.866740 -0.063454
v -0.538407 0.786572 -0.025156
v -0.743509 0.742377 -0.063454
v -0.675332 0.674200 -0.025156
v -0.867872 0.590841 -0.063454
v -0.787704 0.537274 -0.025156
v -0.960282 0.417954 -0.063454
v -0.871204 0.381057 -0.025156
v -0.867872 0.590841 0.063454
v -0.960282 0.417954 0.063454
v -1.017187 0.230361 0.063454
v -1.036402 0.035271 0.063454
v -0.922624 0.211551 -0.025157
v -1.017188 0.230361 -0.063454
v -1.036402 0.035271 -0.063454
v -0.939985 0.035271 -0.025157
v -0.922624 -0.141009 -0.025157
v -1.017188 -0.159820 -0.063454
v -0.871204 -0.310515 -0.025157
v -0.960282 -0.347413 -0.063454
v -1.017188 -0.159820 0.063454
v -0.960282 -0.347413 0.063454
v -0.867872 -0.520300 0.063454
v -0.743509 -0.671836 0.063454
v -0.867872 -0.520300 -0.063454
v -0.787704 -0.466733 -0.025157
v -0.743509 -0.671836 -0.063454
v -0.675332 -0.603658 -0.025157
v -0.591973 -0.796199 -0.063454
v -0.538406 -0.716031 -0.025157
v -0.382189 -0.799530 -0.025157
v -0.419086 -0.888609 -0.063454
v -0.591973 -0.796199 0.063454
v -0.419086 -0.888609 0.063454
v -0.231493 -0.945515 0.063454
v -0.036402 -0.964729 0.063454
v -0.212684 -0.850949 -0.025157
v -0.231493 -0.945515 -0.063454
v -0.036403 -0.868311 -0.025157
v -0.036402 -0.964730 -0.063454
v 0.158688 -0.945515 -0.063454
v 0.139877 -0.850950 -0.025157
v 0.346281 -0.888609 -0.063454
v 0.309383 -0.799530 -0.025157
v 0.158688 -0.945515 0.063454
v 0.346281 -0.888609 0.063454
v 0.519168 -0.796199 0.063454
v 0.670704 -0.671836 0.063454
v 0.465600 -0.716031 -0.025157
v 0.519168 -0.796199 -0.063454
v 0.670704 -0.671836 -0.063454
v 0.602526 -0.603658 -0.025157
v 0.795068 -0.520300 -0.063454
v 0.714898 -0.466733 -0.025157
v 0.887477 -0.347413 -0.063454
v 0.798398 -0.310515 -0.025157
v 0.795067 -0.520300 0.063454
v 0.887477 -0.347413 0.063454
v 0.944382 -0.159820 0.063454
v 0.963598 0.035271 0.063454
v 0.944383 -0.159820 -0.063454
v 0.849817 -0.141009 -0.025157
v 0.963598 0.035271 -0.063454
v 0.867179 0.035271 -0.025157
v 0.944383 0.230361 -0.063454
v 0.849817 0.211551 -0.025157
v 0.887477 0.417954 -0.063454
v 0.798398 0.381057 -0.025156
v 0.944383 0.230361 0.063454
v 0.887477 0.417954 0.063454
v 0.795067 0.590841 0.063454
v 0.670704 0.742377 0.063454
v 0.795067 0.590841 -0.063454
v 0.714898 0.537274 -0.025156
v 0.670704 0.742377 -0.063454
v 0.602526 0.674200 -0.025156
v 0.465600 0.786572 -0.025156
v 0.519167 0.866740 -0.063454
v 0.346281 0.959150 -0.063454
v 0.309383 0.870072 -0.025156
v 0.519167 0.866740 0.063454
v 0.346281 0.959150 0.063454
v 0.158688 1.016056 0.063454
v 0.849818 0.211551 0.063454
v 0.714898 0.537274 0.063454
v 0.798398 0.381057 0.063454
v 0.465600 0.786572 0.063454
v 0.602526 0.674200 0.063454
v 0.139877 0.921491 0.063454
v 0.309383 0.870072 0.063454
v 0.849818 -0.141009 0.063454
v 0.714898 -0.466733 0.063454
v 0.798398 -0.310515 0.063454
v 0.465600 -0.716031 0.063454
v 0.139877 -0.850949 0.063454
v 0.309383 -0.799530 0.063454
v 0.602526 -0.603658 0.063454
v -0.212684 -0.850950 0.063454
v -0.538406 -0.716030 0.063454
v -0.382189 -0.799530 0.063454
v -0.871204 -0.310515 0.063454
v -0.787704 -0.466733 0.063454
v -0.922624 -0.141009 0.063454
v -0.675332 -0.603658 0.063454
v -0.212683 0.921491 0.063454
v -0.538406 0.786572 0.063454
v -0.382189 0.870072 0.063454
v -0.787704 0.537274 0.063454
v -0.675332 0.674200 0.063454
v -0.922624 0.211551 0.063454
v -0.871204 0.381057 0.063454
v 0.867179 0.035271 0.063454
v -0.036403 0.938853 0.063454
v -0.036404 -0.868311 0.063454
v -0.939985 0.035271 0.063454
v 0.286193 0.814086 -0.063454
v 0.128055 0.862056 -0.063454
v -0.200861 0.862056 -0.063454
v -0.358999 0.814086 -0.063454
v -0.036404 0.878254 -0.063454
v -0.815219 -0.287325 -0.063454
v -0.815219 0.357867 -0.063454
v -0.879387 0.035271 -0.063454
v -0.863189 -0.129187 -0.063454
v -0.863190 0.199729 -0.063454
v 0.286192 -0.743545 -0.063454
v 0.128055 -0.791515 -0.063454
v -0.200861 -0.791515 -0.063454
v -0.358999 -0.743545 -0.063454
v -0.036404 -0.807713 -0.063454
v 0.806581 0.035271 -0.063454
v 0.790383 -0.129187 -0.063454
v 0.790382 0.199729 -0.063454
v 0.742412 -0.287325 -0.063454
v 0.742412 0.357867 -0.063454
v 0.559676 0.631350 -0.063454
v 0.431933 0.736186 -0.063454
v -0.504740 0.736186 -0.063454
v -0.632483 0.631350 -0.063454
v -0.632483 -0.560809 -0.063454
v -0.737319 -0.433066 -0.063454
v -0.737319 0.503607 -0.063454
v 0.664512 -0.433066 -0.063454
v 0.664512 0.503607 -0.063454
v 0.431933 -0.665645 -0.063454
v -0.504740 -0.665645 -0.063454
v 0.559676 -0.560809 -0.063454
v 0.128055 -0.791515 -0.025157
v -0.504740 -0.665645 -0.025157
v -0.863190 -0.129187 -0.025157
v -0.737319 0.503607 -0.025156
v -0.200862 0.862056 -0.025156
v 0.431933 0.736186 -0.025156
v 0.790383 0.199729 -0.025157
v 0.664512 -0.433066 -0.025157
v 0.286191 -0.743545 -0.025157
v -0.036404 -0.807713 -0.025157
v -0.358999 -0.743545 -0.025157
v -0.632483 -0.560809 -0.025157
v -0.200862 -0.791515 -0.025157
v -0.632483 0.631350 -0.025156
v -0.879387 0.035271 -0.025157
v -0.863189 0.199729 -0.025157
v -0.815219 0.357867 -0.025156
v -0.815219 -0.287325 -0.025157
v 0.559676 0.631350 -0.025156
v 0.286192 0.814086 -0.025156
v -0.036403 0.878254 -0.025156
v -0.358999 0.814086 -0.025156
v 0.128055 0.862056 -0.025156
v 0.790383 -0.129187 -0.025157
v 0.806580 0.035271 -0.025157
v 0.742412 -0.287325 -0.025157
v 0.559676 -0.560809 -0.025157
v 0.742412 0.357867 -0.025156
v 0.431933 -0.665645 -0.025157
v -0.737319 -0.433066 -0.025157
v 0.664512 0.503607 -0.025156
v -0.504740 0.736186 -0.025156
v -0.668438 0.853636 -0.020759
v -0.663759 0.817891 0.025722
v -0.670731 0.831140 -0.043185
v -0.673772 0.912163 -0.073908
v -0.670709 0.922228 -0.043762
v -0.655668 0.862581 -0.013033
v -0.651468 0.830433 0.028696
v -0.656536 0.817816 0.097019
v -0.645088 0.830367 0.091664
v -0.594017 0.830322 0.086490
v -0.600397 0.830388 0.023522
v -0.604598 0.862536 -0.018208
v -0.593652 0.853571 -0.028336
v -0.588975 0.817825 0.018144
v -0.581750 0.817751 0.089441
v -0.580855 0.790359 0.098496
v -0.574753 0.830856 0.158372
v -0.577002 0.853399 0.135988
v -0.589921 0.790452 0.009037
v -0.595944 0.831074 -0.050762
v -0.592315 0.778134 0.103742
v -0.602200 0.778236 0.006171
v -0.608715 0.822122 -0.058496
v -0.611961 0.908437 -0.091277
v -0.659785 0.822167 -0.053321
v -0.663032 0.908482 -0.086102
v -0.664706 0.790518 0.016615
v -0.653271 0.778280 0.011346
v -0.643385 0.778179 0.108916
v -0.655642 0.790424 0.106073
v -0.636787 0.821930 0.173666
v -0.585716 0.821885 0.168491
v -0.633373 0.908177 0.206610
v -0.649539 0.830921 0.165950
v -0.651788 0.853464 0.143566
v -0.646341 0.911880 0.196827
v -0.646221 1.034616 0.196943
v -0.649384 0.922008 0.166699
v -0.649285 1.024550 0.166796
v -0.638615 0.925620 0.154723
v -0.640825 0.862427 0.133455
v -0.589755 0.862383 0.128280
v -0.574598 0.921943 0.159122
v -0.587545 0.925576 0.149548
v -0.574499 1.024485 0.159218
v -0.587452 1.020895 0.149638
v -0.638522 1.020940 0.154813
v -0.640610 1.084178 0.133664
v -0.651556 1.093143 0.143793
v -0.589540 1.084133 0.128490
v -0.593740 1.116281 0.086760
v -0.644811 1.116325 0.091935
v -0.600119 1.116346 0.023792
v -0.651192 1.116391 0.028967
v -0.656234 1.128888 0.097313
v -0.655288 1.156261 0.106420
v -0.664351 1.156355 0.016961
v -0.663458 1.128962 0.026016
v -0.649264 1.115639 0.166219
v -0.636493 1.124591 0.173952
v -0.633247 1.038276 0.206734
v -0.582302 0.908132 0.201435
v -0.582177 1.038231 0.201559
v -0.574478 1.115574 0.158642
v -0.571436 1.034551 0.189365
v -0.585422 1.124546 0.168778
v -0.580502 1.156196 0.098842
v -0.591936 1.168433 0.104111
v -0.643007 1.168477 0.109286
v -0.652893 1.168579 0.011715
v -0.601822 1.168535 0.006540
v -0.608422 1.124783 -0.058209
v -0.659492 1.124828 -0.053034
v -0.662905 1.038581 -0.085979
v -0.670454 1.115857 -0.042915
v -0.668205 1.093314 -0.020531
v -0.673652 1.034899 -0.073792
v -0.670609 1.024770 -0.043665
v -0.655453 1.084330 -0.012823
v -0.657664 1.021137 -0.034091
v -0.606592 1.021093 -0.039266
v -0.657756 0.925819 -0.034181
v -0.606685 0.925773 -0.039356
v -0.595923 0.922163 -0.051339
v -0.595824 1.024705 -0.051242
v -0.598868 1.034833 -0.081370
v -0.598986 0.912097 -0.081486
v -0.593420 1.093249 -0.028109
v -0.595668 1.115792 -0.050493
v -0.611835 1.038537 -0.091154
v -0.589566 1.156289 0.009383
v -0.588672 1.128897 0.018439
v -0.581448 1.128823 0.089735
v -0.576769 1.093077 0.136215
v -0.604382 1.084286 -0.017998
v -0.571553 0.911815 0.189249
v -0.539485 4.225853 0.017943
v -0.586172 4.190198 0.020943
v -0.517033 4.203313 0.016460
v -0.486063 4.284276 0.014528
v -0.516280 4.294400 0.016503
v -0.547648 4.234814 0.030426
v -0.589563 4.202747 0.033120
v -0.657682 4.190264 0.025593
v -0.652719 4.202805 0.037227
v -0.649388 4.202753 0.088450
v -0.586233 4.202696 0.084344
v -0.652805 4.190188 0.100603
v -0.581293 4.190123 0.095953
v -0.534606 4.225778 0.092953
v -0.544316 4.234762 0.081650
v -0.511402 4.294325 0.091513
v -0.522983 4.297957 0.080327
v -0.522890 4.393277 0.080417
v -0.526315 4.298009 0.029103
v -0.526222 4.393330 0.029193
v -0.516180 4.396942 0.016600
v -0.547431 4.456564 0.030636
v -0.539252 4.465532 0.018170
v -0.485943 4.407012 0.014644
v -0.474144 4.410671 0.025824
v -0.516758 4.488031 0.016729
v -0.507023 4.496983 0.028049
v -0.576737 4.528645 0.020671
v -0.585870 4.501271 0.021237
v -0.657381 4.501336 0.025888
v -0.589287 4.488706 0.033390
v -0.544101 4.456512 0.081860
v -0.585957 4.488655 0.084615
v -0.652442 4.488763 0.037497
v -0.704071 4.465681 0.028888
v -0.649112 4.488712 0.088722
v -0.694361 4.456697 0.040191
v -0.715693 4.393501 0.041514
v -0.727273 4.397133 0.030328
v -0.691028 4.456645 0.091415
v -0.712361 4.393449 0.092738
v -0.699192 4.465606 0.103898
v -0.722395 4.397058 0.105337
v -0.752732 4.284446 0.107196
v -0.722494 4.294516 0.105240
v -0.752613 4.407182 0.107313
v -0.712454 4.298130 0.092648
v -0.715785 4.298181 0.041424
v -0.694575 4.234947 0.039981
v -0.691244 4.234895 0.091205
v -0.699423 4.225927 0.103671
v -0.721919 4.203428 0.105111
v -0.661940 4.162814 0.101170
v -0.731653 4.194476 0.093792
v -0.764531 4.280787 0.096017
v -0.764406 4.410887 0.096140
v -0.767861 4.280839 0.044793
v -0.734985 4.194528 0.042568
v -0.726795 4.203503 0.030101
v -0.666818 4.162889 0.026160
v -0.670125 4.150650 0.038305
v -0.666793 4.150599 0.089530
v -0.568929 4.150510 0.083166
v -0.572212 4.162733 0.095335
v -0.503985 4.194269 0.078986
v -0.572260 4.150561 0.031942
v -0.507316 4.194322 0.027763
v -0.577090 4.162808 0.020325
v -0.474271 4.280572 0.025701
v -0.470940 4.280520 0.076925
v -0.481185 4.284201 0.089538
v -0.470814 4.410620 0.077048
v -0.512156 4.203238 0.091471
v -0.481066 4.406936 0.089654
v -0.511881 4.487956 0.091740
v -0.503692 4.496931 0.079273
v -0.568551 4.540809 0.083535
v -0.571858 4.528569 0.095681
v -0.661585 4.528651 0.101516
v -0.666415 4.540897 0.089899
v -0.580993 4.501195 0.096248
v -0.534374 4.465456 0.093180
v -0.652503 4.501260 0.100898
v -0.721642 4.488145 0.105381
v -0.731360 4.497137 0.094078
v -0.669747 4.540949 0.038675
v -0.734691 4.497190 0.042854
v -0.767736 4.410938 0.044916
v -0.726519 4.488221 0.030371
v -0.666463 4.528726 0.026506
v -0.571882 4.540860 0.032311
v -0.757491 4.407259 0.032303
v -0.757609 4.284523 0.032187
v -0.704302 4.226003 0.028661
v -0.727372 4.294592 0.030230
v -0.511304 4.396867 0.091611
v -0.604508 4.739251 -0.050713
v -0.607892 4.652896 -0.083374
v -0.593929 4.738525 -0.064518
v -0.658962 4.652940 -0.078199
v -0.655579 4.739295 -0.045538
v -0.668713 4.738591 -0.056940
v -0.671894 4.657562 -0.087634
v -0.597109 4.657497 -0.095212
v -0.542481 1.131807 0.015014
v -0.589169 1.096153 0.018014
v -0.520032 1.109267 0.013531
v -0.489061 1.190229 0.011599
v -0.519279 1.200354 0.013574
v -0.550646 1.140767 0.027497
v -0.592560 1.108701 0.030190
v -0.660680 1.096218 0.022664
v -0.655719 1.108758 0.034297
v -0.652387 1.108707 0.085521
v -0.589230 1.108649 0.081415
v -0.547315 1.140716 0.078721
v -0.537604 1.131732 0.090024
v -0.514400 1.200278 0.088584
v -0.525982 1.203911 0.077398
v -0.529312 1.203963 0.026173
v -0.514301 1.302821 0.088681
v -0.525889 1.299231 0.077488
v -0.529219 1.299283 0.026264
v -0.550430 1.362517 0.027707
v -0.547099 1.362466 0.078931
v -0.592284 1.394660 0.030461
v -0.588953 1.394608 0.081685
v -0.537373 1.371410 0.090251
v -0.583991 1.407149 0.093318
v -0.514877 1.393909 0.088811
v -0.484064 1.312890 0.086725
v -0.473811 1.316574 0.074118
v -0.484184 1.190154 0.086609
v -0.473938 1.186474 0.073996
v -0.515153 1.109192 0.088541
v -0.506983 1.100223 0.076057
v -0.477269 1.186526 0.022771
v -0.477142 1.316625 0.022895
v -0.510314 1.100275 0.024833
v -0.580088 1.068761 0.017395
v -0.575258 1.056515 0.029012
v -0.673122 1.056604 0.035377
v -0.571928 1.056464 0.080237
v -0.669791 1.056553 0.086601
v -0.575211 1.068686 0.092406
v -0.584292 1.096077 0.093024
v -0.664938 1.068767 0.098241
v -0.655803 1.096142 0.097674
v -0.702422 1.131880 0.100742
v -0.724916 1.109381 0.102182
v -0.734651 1.100430 0.090862
v -0.767529 1.186741 0.093088
v -0.755730 1.190400 0.104268
v -0.755611 1.313136 0.104384
v -0.725394 1.303012 0.102409
v -0.725492 1.200470 0.102311
v -0.715451 1.204083 0.089719
v -0.694241 1.140849 0.088276
v -0.697572 1.140901 0.037052
v -0.718782 1.204135 0.038495
v -0.730371 1.200545 0.027301
v -0.707299 1.131956 0.025732
v -0.729794 1.109457 0.027172
v -0.760607 1.190476 0.029257
v -0.770860 1.186792 0.041864
v -0.770734 1.316892 0.041987
v -0.760489 1.313212 0.029374
v -0.730270 1.303088 0.027399
v -0.707067 1.371635 0.025959
v -0.697358 1.362650 0.037262
v -0.718690 1.299454 0.038585
v -0.715359 1.299403 0.089809
v -0.694027 1.362599 0.088485
v -0.702189 1.371559 0.100969
v -0.652109 1.394665 0.085792
v -0.655440 1.394717 0.034568
v -0.660380 1.407289 0.022958
v -0.588868 1.407224 0.018308
v -0.579734 1.434599 0.017742
v -0.669460 1.434680 0.023577
v -0.729518 1.394175 0.027441
v -0.737689 1.403143 0.039925
v -0.767402 1.316840 0.093211
v -0.672743 1.446902 0.035746
v -0.734358 1.403091 0.091149
v -0.724639 1.394099 0.102452
v -0.664582 1.434604 0.098587
v -0.669413 1.446851 0.086970
v -0.574880 1.446814 0.029382
v -0.571550 1.446762 0.080606
v -0.574855 1.434523 0.092752
v -0.506690 1.402884 0.076344
v -0.655501 1.407214 0.097969
v -0.510020 1.402936 0.025120
v -0.519755 1.393985 0.013801
v -0.488941 1.312966 0.011715
v -0.542249 1.371485 0.015240
v -0.519178 1.302896 0.013671
v -0.737981 1.100482 0.039639
v -0.669815 1.068843 0.023230
v -0.667933 1.375621 -0.020264
v -0.663255 1.339876 0.026216
v -0.670226 1.353125 -0.042691
v -0.673267 1.434148 -0.073414
v -0.670205 1.444214 -0.043267
v -0.655163 1.384566 -0.012539
v -0.650963 1.352418 0.029191
v -0.656031 1.339801 0.097512
v -0.644583 1.352352 0.092159
v -0.593511 1.352307 0.086984
v -0.599893 1.352373 0.024016
v -0.581244 1.339736 0.089935
v -0.588469 1.339811 0.018638
v -0.593147 1.375556 -0.027842
v -0.604092 1.384522 -0.017714
v -0.595418 1.444149 -0.050845
v -0.606179 1.447758 -0.038862
v -0.606087 1.543079 -0.038772
v -0.657251 1.447804 -0.033687
v -0.657158 1.543123 -0.033597
v -0.670104 1.546756 -0.043170
v -0.654948 1.606316 -0.012329
v -0.603877 1.606272 -0.017504
v -0.667701 1.615300 -0.020037
v -0.650686 1.638376 0.029461
v -0.599616 1.638332 0.024287
v -0.662952 1.650948 0.026511
v -0.644306 1.638311 0.092429
v -0.655729 1.650874 0.097807
v -0.651050 1.615128 0.144287
v -0.593235 1.638267 0.087254
v -0.640105 1.606164 0.134159
v -0.648780 1.546536 0.167290
v -0.638018 1.542926 0.155307
v -0.589034 1.606119 0.128984
v -0.586948 1.542881 0.150132
v -0.573994 1.546471 0.159713
v -0.587040 1.447561 0.150042
v -0.589249 1.384368 0.128774
v -0.574093 1.443928 0.159616
v -0.638111 1.447606 0.155217
v -0.648879 1.443994 0.167193
v -0.640320 1.384413 0.133949
v -0.651283 1.375450 0.144060
v -0.649035 1.352907 0.166444
v -0.645835 1.433865 0.197320
v -0.632867 1.430162 0.207105
v -0.632742 1.560261 0.207228
v -0.645716 1.556602 0.197437
v -0.648759 1.637624 0.166713
v -0.635988 1.646577 0.174447
v -0.654783 1.678247 0.106914
v -0.642501 1.690463 0.109780
v -0.652388 1.690565 0.012209
v -0.663847 1.678340 0.017455
v -0.658988 1.646814 -0.052540
v -0.669949 1.637843 -0.042421
v -0.662401 1.560568 -0.085485
v -0.673148 1.556885 -0.073298
v -0.607917 1.646769 -0.057715
v -0.611330 1.560523 -0.090660
v -0.662527 1.430467 -0.085608
v -0.659281 1.344152 -0.052827
v -0.611456 1.430423 -0.090783
v -0.598362 1.556819 -0.080876
v -0.598482 1.434083 -0.080992
v -0.595439 1.353060 -0.050268
v -0.608210 1.344108 -0.058002
v -0.589415 1.312438 0.009532
v -0.601695 1.300221 0.006665
v -0.652767 1.300266 0.011839
v -0.664200 1.312503 0.017109
v -0.642880 1.300164 0.109411
v -0.655137 1.312410 0.106567
v -0.636281 1.343915 0.174160
v -0.591809 1.300120 0.104236
v -0.580351 1.312344 0.098990
v -0.585211 1.343870 0.168985
v -0.581797 1.430117 0.201930
v -0.574249 1.352842 0.158866
v -0.576498 1.375384 0.136482
v -0.571050 1.433800 0.189743
v -0.581671 1.560216 0.202053
v -0.570930 1.556537 0.189859
v -0.573973 1.637559 0.159136
v -0.576265 1.615063 0.136709
v -0.580943 1.650808 0.090229
v -0.579997 1.678181 0.099336
v -0.588168 1.650883 0.018933
v -0.592915 1.615235 -0.027615
v -0.595164 1.637778 -0.049999
v -0.589061 1.678275 0.009878
v -0.591431 1.690419 0.104605
v -0.601317 1.690521 0.007034
v -0.584917 1.646532 0.169272
v -0.595320 1.546690 -0.050748
v -0.541989 1.639983 0.015495
v -0.588678 1.604327 0.018495
v -0.519539 1.617442 0.014012
v -0.488568 1.698405 0.012080
v -0.518785 1.708529 0.014055
v -0.550152 1.648942 0.027978
v -0.592069 1.616876 0.030672
v -0.660189 1.604392 0.023145
v -0.655226 1.616933 0.034779
v -0.588738 1.616824 0.081895
v -0.651895 1.616881 0.086003
v -0.693749 1.649024 0.088757
v -0.697080 1.649075 0.037533
v -0.655311 1.604317 0.098156
v -0.701929 1.640056 0.101223
v -0.755237 1.698575 0.104749
v -0.725000 1.708645 0.102793
v -0.724423 1.617557 0.102663
v -0.664445 1.576942 0.098722
v -0.734159 1.608605 0.091344
v -0.767037 1.694915 0.093569
v -0.737489 1.608657 0.040120
v -0.770367 1.694967 0.042345
v -0.766910 1.825016 0.093692
v -0.770241 1.825067 0.042468
v -0.759996 1.821387 0.029855
v -0.760115 1.698652 0.029739
v -0.737197 1.911318 0.040406
v -0.729025 1.902350 0.027923
v -0.668969 1.942855 0.024058
v -0.659886 1.915464 0.023440
v -0.706575 1.879810 0.026440
v -0.729779 1.811263 0.027880
v -0.696865 1.870826 0.037743
v -0.654949 1.902891 0.035050
v -0.588460 1.902783 0.082166
v -0.591792 1.902834 0.030942
v -0.651619 1.902840 0.086273
v -0.693533 1.870774 0.088967
v -0.701696 1.879734 0.101450
v -0.724901 1.811187 0.102890
v -0.714867 1.807578 0.090290
v -0.718199 1.807629 0.039066
v -0.718290 1.712310 0.038976
v -0.714959 1.712258 0.090200
v -0.729878 1.708721 0.027782
v -0.706807 1.640131 0.026213
v -0.729302 1.617632 0.027653
v -0.669323 1.577018 0.023712
v -0.579596 1.576937 0.017877
v -0.672628 1.564779 0.035858
v -0.574766 1.564690 0.029493
v -0.571435 1.564638 0.080718
v -0.669298 1.564728 0.087082
v -0.574718 1.576861 0.092887
v -0.583800 1.604251 0.093505
v -0.514661 1.617366 0.089022
v -0.506490 1.608398 0.076539
v -0.473444 1.694649 0.074477
v -0.509822 1.608450 0.025315
v -0.476776 1.694701 0.023253
v -0.476650 1.824800 0.023376
v -0.488449 1.821141 0.012196
v -0.519262 1.902159 0.014282
v -0.509528 1.911111 0.025601
v -0.473320 1.824749 0.074600
v -0.514385 1.902084 0.089292
v -0.506197 1.911059 0.076825
v -0.483571 1.821065 0.087206
v -0.536880 1.879584 0.090732
v -0.513809 1.810995 0.089162
v -0.483690 1.698329 0.087090
v -0.513908 1.708454 0.089066
v -0.537112 1.639906 0.090505
v -0.525488 1.712086 0.077879
v -0.525396 1.807406 0.077969
v -0.546821 1.648891 0.079202
v -0.546607 1.870641 0.079412
v -0.549938 1.870692 0.028188
v -0.528819 1.712138 0.026654
v -0.528727 1.807458 0.026745
v -0.518687 1.811071 0.014152
v -0.541757 1.879660 0.015722
v -0.588376 1.915399 0.018789
v -0.579241 1.942773 0.018223
v -0.672252 1.955077 0.036227
v -0.574388 1.954989 0.029863
v -0.668921 1.955026 0.087451
v -0.571057 1.954937 0.081087
v -0.574363 1.942698 0.093233
v -0.664091 1.942780 0.099068
v -0.655010 1.915388 0.098450
v -0.583498 1.915324 0.093800
v -0.724148 1.902274 0.102933
v -0.733865 1.911266 0.091630
v -0.755118 1.821311 0.104865
v -0.667441 1.883796 -0.019783
v -0.662762 1.848051 0.026697
v -0.669732 1.861300 -0.042210
v -0.672776 1.942323 -0.072933
v -0.669711 1.952389 -0.042787
v -0.654670 1.892741 -0.012057
v -0.650470 1.860593 0.029672
v -0.655538 1.847976 0.097993
v -0.644091 1.860527 0.092640
v -0.599400 1.860548 0.024497
v -0.593020 1.860483 0.087465
v -0.588757 1.892544 0.129255
v -0.576005 1.883560 0.136964
v -0.580752 1.847911 0.090416
v -0.579859 1.820519 0.099471
v -0.588923 1.820613 0.010012
v -0.587976 1.847986 0.019119
v -0.573757 1.861016 0.159347
v -0.570557 1.941975 0.190224
v -0.584718 1.852045 0.169467
v -0.581305 1.938292 0.202411
v -0.632376 1.938336 0.207585
v -0.632249 2.068436 0.207709
v -0.581179 2.068392 0.202534
v -0.635497 2.154752 0.174928
v -0.573480 2.145734 0.159617
v -0.570439 2.064711 0.190340
v -0.584425 2.154707 0.169753
v -0.579504 2.186356 0.099817
v -0.590939 2.198593 0.105086
v -0.642010 2.198637 0.110261
v -0.654290 2.186421 0.107395
v -0.663354 2.186515 0.017936
v -0.651896 2.198740 0.012690
v -0.658495 2.154989 -0.052059
v -0.600826 2.198695 0.007515
v -0.588569 2.186450 0.010359
v -0.607425 2.154944 -0.057234
v -0.594671 2.145952 -0.049518
v -0.610838 2.068698 -0.090178
v -0.661908 2.068742 -0.085004
v -0.672657 2.065059 -0.072817
v -0.669457 2.146018 -0.041940
v -0.662034 1.938642 -0.085127
v -0.610963 1.938598 -0.090302
v -0.658788 1.852327 -0.052346
v -0.607718 1.852282 -0.057521
v -0.663709 1.820678 0.017590
v -0.652274 1.808441 0.012321
v -0.601205 1.808396 0.007146
v -0.642387 1.808339 0.109892
v -0.591317 1.808295 0.104717
v -0.635789 1.852090 0.174642
v -0.648542 1.861081 0.166925
v -0.654644 1.820584 0.107049
v -0.650791 1.883625 0.144541
v -0.645343 1.942040 0.197802
v -0.645224 2.064776 0.197918
v -0.648386 1.952169 0.167674
v -0.648288 2.054711 0.167771
v -0.637525 2.051101 0.155788
v -0.637617 1.955781 0.155698
v -0.639828 1.892588 0.134430
v -0.586547 1.955736 0.150523
v -0.586454 2.051056 0.150613
v -0.573602 1.952104 0.160097
v -0.573501 2.054646 0.160194
v -0.575773 2.123238 0.137191
v -0.588543 2.114294 0.129465
v -0.639613 2.114338 0.134640
v -0.592743 2.146441 0.087736
v -0.643813 2.146486 0.092910
v -0.599123 2.146507 0.024767
v -0.580450 2.158984 0.090710
v -0.587675 2.159058 0.019414
v -0.592422 2.123409 -0.027134
v -0.594827 2.054865 -0.050267
v -0.603386 2.114446 -0.017022
v -0.597870 2.064994 -0.080394
v -0.597989 1.942258 -0.080511
v -0.594947 1.861235 -0.049787
v -0.592655 1.883731 -0.027361
v -0.594925 1.952323 -0.050364
v -0.603600 1.892697 -0.017232
v -0.605689 1.955933 -0.038381
v -0.605595 2.051253 -0.038291
v -0.656759 1.955979 -0.033206
v -0.656666 2.051298 -0.033116
v -0.654456 2.114491 -0.011848
v -0.650194 2.146552 0.029942
v -0.667208 2.123475 -0.019556
v -0.669613 2.054931 -0.042689
v -0.662461 2.159123 0.026991
v -0.655237 2.159049 0.098288
v -0.650558 2.123303 0.144768
v -0.648267 2.145799 0.167194
v -0.541483 2.161968 0.015989
v -0.588172 2.126314 0.018989
v -0.519033 2.139428 0.014506
v -0.488062 2.220391 0.012574
v -0.518280 2.230515 0.014549
v -0.549646 2.170928 0.028472
v -0.591563 2.138862 0.031166
v -0.659682 2.126378 0.023639
v -0.654720 2.138919 0.035273
v -0.588231 2.138811 0.082390
v -0.651389 2.138868 0.086497
v -0.693244 2.171010 0.089251
v -0.701424 2.162042 0.101717
v -0.654804 2.126303 0.098650
v -0.663939 2.098929 0.099216
v -0.723918 2.139543 0.103157
v -0.574213 2.098847 0.093381
v -0.583294 2.126237 0.093999
v -0.514155 2.139353 0.089517
v -0.536606 2.161892 0.090999
v -0.546316 2.170877 0.079696
v -0.513402 2.230440 0.089560
v -0.483184 2.220315 0.087584
v -0.472939 2.216635 0.074971
v -0.472813 2.346735 0.075094
v -0.483065 2.343051 0.087701
v -0.513880 2.424070 0.089786
v -0.536373 2.401570 0.091226
v -0.513302 2.332982 0.089657
v -0.546101 2.392627 0.079906
v -0.524890 2.329392 0.078463
v -0.524983 2.234073 0.078373
v -0.528313 2.234125 0.027149
v -0.528221 2.329444 0.027239
v -0.518180 2.333057 0.014646
v -0.549432 2.392679 0.028682
v -0.541251 2.401646 0.016216
v -0.487944 2.343127 0.012690
v -0.476145 2.346787 0.023870
v -0.518757 2.424145 0.014776
v -0.509022 2.433097 0.026095
v -0.578736 2.464760 0.018717
v -0.587871 2.437385 0.019284
v -0.659380 2.437450 0.023934
v -0.591286 2.424821 0.031437
v -0.654443 2.424878 0.035544
v -0.587955 2.424769 0.082660
v -0.582993 2.437310 0.094294
v -0.654504 2.437375 0.098944
v -0.651112 2.424826 0.086768
v -0.696359 2.392812 0.038237
v -0.693029 2.392760 0.089461
v -0.701192 2.401720 0.101944
v -0.754614 2.343297 0.105359
v -0.724395 2.333173 0.103384
v -0.723643 2.424260 0.103427
v -0.766405 2.347001 0.094186
v -0.663584 2.464765 0.099563
v -0.733360 2.433252 0.092124
v -0.668414 2.477012 0.087945
v -0.736690 2.433304 0.040901
v -0.769735 2.347053 0.042962
v -0.759490 2.343373 0.030349
v -0.759610 2.220637 0.030233
v -0.769862 2.216953 0.042839
v -0.728519 2.424336 0.028417
v -0.668463 2.464841 0.024552
v -0.706069 2.401796 0.026934
v -0.729273 2.333249 0.028374
v -0.729373 2.230707 0.028277
v -0.717692 2.329616 0.039560
v -0.714362 2.329564 0.090785
v -0.717784 2.234296 0.039470
v -0.714454 2.234244 0.090694
v -0.696574 2.171062 0.038027
v -0.724495 2.230631 0.103287
v -0.754731 2.220561 0.105243
v -0.766530 2.216901 0.094063
v -0.733653 2.130591 0.091838
v -0.736984 2.130643 0.040614
v -0.728796 2.139618 0.028147
v -0.668818 2.099005 0.024206
v -0.672124 2.086766 0.036352
v -0.668793 2.086713 0.087576
v -0.570929 2.086624 0.081212
v -0.574260 2.086677 0.029988
v -0.505985 2.130384 0.077033
v -0.509316 2.130436 0.025809
v -0.476270 2.216687 0.023747
v -0.579091 2.098923 0.018371
v -0.706302 2.162118 0.026707
v -0.573882 2.476975 0.030357
v -0.671746 2.477064 0.036721
v -0.570550 2.476923 0.081581
v -0.505691 2.433046 0.077319
v -0.573859 2.464684 0.093728
v -0.666935 2.405782 -0.019289
v -0.662256 2.370037 0.027191
v -0.669227 2.383286 -0.041715
v -0.672269 2.464309 -0.072439
v -0.669205 2.474375 -0.042292
v -0.654164 2.414727 -0.011563
v -0.649964 2.382579 0.030166
v -0.655033 2.369963 0.098488
v -0.643586 2.382513 0.093134
v -0.592515 2.382468 0.087959
v -0.598893 2.382534 0.024991
v -0.603094 2.414682 -0.016738
v -0.592149 2.405717 -0.026867
v -0.580247 2.369897 0.090910
v -0.587471 2.369972 0.019613
v -0.588418 2.342599 0.010507
v -0.594441 2.383221 -0.049293
v -0.579353 2.342505 0.099965
v -0.573250 2.383003 0.159842
v -0.584213 2.374032 0.169961
v -0.590812 2.330280 0.105211
v -0.600697 2.330382 0.007640
v -0.641883 2.330325 0.110386
v -0.635284 2.374076 0.175135
v -0.631869 2.460323 0.208080
v -0.648036 2.383068 0.167419
v -0.654138 2.342571 0.107543
v -0.663203 2.342664 0.018084
v -0.658283 2.374313 -0.051851
v -0.651769 2.330427 0.012815
v -0.610458 2.460584 -0.089807
v -0.607212 2.374269 -0.057026
v -0.661529 2.460628 -0.084633
v -0.610332 2.590683 -0.089684
v -0.661404 2.590728 -0.084510
v -0.672151 2.587045 -0.072323
v -0.668950 2.668004 -0.041446
v -0.657989 2.676974 -0.051565
v -0.606918 2.676930 -0.056740
v -0.594164 2.667938 -0.049024
v -0.588063 2.708436 0.010853
v -0.600320 2.720681 0.008010
v -0.651390 2.720726 0.013185
v -0.590434 2.720579 0.105580
v -0.641504 2.720624 0.110756
v -0.662848 2.708501 0.018431
v -0.654731 2.681034 0.098782
v -0.661955 2.681109 0.027486
v -0.653785 2.708407 0.107889
v -0.647760 2.667785 0.167689
v -0.634990 2.676738 0.175422
v -0.580673 2.590378 0.203028
v -0.631744 2.590422 0.208203
v -0.583920 2.676693 0.170248
v -0.578998 2.708342 0.100311
v -0.572974 2.667720 0.160111
v -0.579945 2.680969 0.091205
v -0.575267 2.645223 0.137685
v -0.569933 2.586697 0.190835
v -0.572996 2.576631 0.160688
v -0.573095 2.474090 0.160591
v -0.570052 2.463961 0.190718
v -0.580799 2.460278 0.202905
v -0.575499 2.405546 0.137458
v -0.588252 2.414530 0.129749
v -0.639323 2.414574 0.134924
v -0.637112 2.477767 0.156192
v -0.586041 2.477722 0.151017
v -0.585949 2.573042 0.151107
v -0.637020 2.573086 0.156282
v -0.647882 2.474155 0.168169
v -0.647780 2.576696 0.168266
v -0.639108 2.636324 0.135134
v -0.592237 2.668427 0.088230
v -0.643308 2.668471 0.093405
v -0.650053 2.645289 0.145263
v -0.588037 2.636279 0.129959
v -0.644719 2.586762 0.198412
v -0.644837 2.464026 0.198296
v -0.650284 2.405611 0.145035
v -0.598617 2.668493 0.025262
v -0.649687 2.668537 0.030436
v -0.602879 2.636432 -0.016528
v -0.653950 2.636477 -0.011353
v -0.666703 2.645461 -0.019062
v -0.669106 2.576917 -0.042195
v -0.656161 2.573284 -0.032621
v -0.656253 2.477965 -0.032712
v -0.605090 2.573240 -0.037796
v -0.605182 2.477920 -0.037887
v -0.594320 2.576851 -0.049773
v -0.594419 2.474309 -0.049870
v -0.597483 2.464244 -0.080017
v -0.597364 2.586980 -0.079900
v -0.591916 2.645395 -0.026640
v -0.587170 2.681044 0.019908
v -0.540988 2.673707 0.016473
v -0.587675 2.638053 0.019474
v -0.518538 2.651167 0.014991
v -0.487565 2.732131 0.013058
v -0.517784 2.742254 0.015034
v -0.549152 2.682667 0.028957
v -0.591067 2.650602 0.031650
v -0.654225 2.650659 0.035757
v -0.650893 2.650607 0.086981
v -0.587736 2.650550 0.082874
v -0.545820 2.682616 0.080181
v -0.536110 2.673632 0.091484
v -0.512907 2.742178 0.090044
v -0.524486 2.745812 0.078857
v -0.524395 2.841132 0.078947
v -0.512806 2.844721 0.090141
v -0.527818 2.745864 0.027633
v -0.527726 2.841183 0.027724
v -0.517685 2.844796 0.015131
v -0.487447 2.854866 0.013175
v -0.540755 2.913385 0.016700
v -0.548937 2.904417 0.029167
v -0.590790 2.936560 0.031921
v -0.545606 2.904366 0.080391
v -0.587458 2.936508 0.083145
v -0.535878 2.913310 0.091711
v -0.482570 2.854791 0.088185
v -0.582496 2.949049 0.094778
v -0.513383 2.935809 0.090271
v -0.573361 2.976423 0.094212
v -0.505195 2.944785 0.077804
v -0.472318 2.858474 0.075578
v -0.482689 2.732054 0.088069
v -0.472444 2.728374 0.075455
v -0.508526 2.944837 0.026580
v -0.475649 2.858526 0.024355
v -0.475775 2.728426 0.024231
v -0.508820 2.642175 0.026293
v -0.578594 2.610662 0.018855
v -0.573765 2.598415 0.030472
v -0.505488 2.642123 0.077517
v -0.570433 2.598364 0.081696
v -0.573717 2.610586 0.093865
v -0.513660 2.651092 0.090001
v -0.582798 2.637977 0.094484
v -0.654309 2.638041 0.099134
v -0.663444 2.610668 0.099701
v -0.723422 2.651282 0.103642
v -0.700928 2.673781 0.102202
v -0.754235 2.732301 0.105727
v -0.723999 2.742370 0.103771
v -0.692747 2.682749 0.089736
v -0.717289 2.746035 0.039955
v -0.696078 2.682801 0.038512
v -0.713958 2.745984 0.091179
v -0.717197 2.841355 0.040045
v -0.713865 2.841304 0.091269
v -0.723898 2.844913 0.103869
v -0.692532 2.904499 0.089945
v -0.700696 2.913460 0.102429
v -0.754116 2.855036 0.105844
v -0.765909 2.858741 0.094671
v -0.723146 2.936000 0.103911
v -0.663088 2.976504 0.100047
v -0.654007 2.949114 0.099429
v -0.732863 2.944991 0.092609
v -0.667919 2.988751 0.088430
v -0.769239 2.858793 0.043447
v -0.736194 2.945043 0.041385
v -0.728023 2.936075 0.028901
v -0.667966 2.976581 0.025036
v -0.671250 2.988803 0.037206
v -0.573386 2.988714 0.030842
v -0.578240 2.976499 0.019202
v -0.658885 2.949190 0.024418
v -0.587375 2.949125 0.019768
v -0.518261 2.935885 0.015261
v -0.705573 2.913535 0.027418
v -0.653947 2.936617 0.036028
v -0.650616 2.936565 0.087252
v -0.695864 2.904551 0.038722
v -0.728777 2.844988 0.028858
v -0.759114 2.732377 0.030717
v -0.728877 2.742446 0.028761
v -0.758995 2.855112 0.030834
v -0.769366 2.728693 0.043324
v -0.733157 2.642330 0.092322
v -0.736489 2.642382 0.041098
v -0.766035 2.728641 0.094548
v -0.728301 2.651358 0.028632
v -0.659186 2.638118 0.024124
v -0.705805 2.673857 0.027191
v -0.668321 2.610744 0.024690
v -0.671627 2.598505 0.036836
v -0.668297 2.598452 0.088060
v -0.570055 2.988662 0.082066
v -0.666440 2.917522 -0.018804
v -0.661761 2.881776 0.027675
v -0.668731 2.895025 -0.041231
v -0.671773 2.976048 -0.071954
v -0.668710 2.986114 -0.041808
v -0.653669 2.926466 -0.011079
v -0.649469 2.894318 0.030651
v -0.654537 2.881702 0.098972
v -0.643089 2.894252 0.093618
v -0.598398 2.894273 0.025476
v -0.592017 2.894208 0.088443
v -0.587756 2.926269 0.130234
v -0.575004 2.917285 0.137942
v -0.579750 2.881637 0.091395
v -0.586975 2.881711 0.020098
v -0.578858 2.854244 0.100450
v -0.572755 2.894742 0.160326
v -0.569557 2.975701 0.191203
v -0.583717 2.885771 0.170445
v -0.580303 2.972017 0.203390
v -0.631373 2.972061 0.208564
v -0.631248 3.102162 0.208687
v -0.580177 3.102117 0.203513
v -0.634494 3.188477 0.175906
v -0.583424 3.188432 0.170732
v -0.572479 3.179459 0.160595
v -0.569436 3.098436 0.191319
v -0.574771 3.156963 0.138169
v -0.572599 2.985829 0.161075
v -0.572500 3.088371 0.161172
v -0.585453 3.084781 0.151592
v -0.587541 3.148019 0.130444
v -0.638612 3.148063 0.135618
v -0.591741 3.180166 0.088714
v -0.642812 3.180211 0.093889
v -0.598121 3.180233 0.025746
v -0.579451 3.192709 0.091689
v -0.587567 3.220175 0.011337
v -0.586673 3.192783 0.020393
v -0.578502 3.220081 0.100796
v -0.589937 3.232319 0.106065
v -0.650895 3.232465 0.013669
v -0.641008 3.232363 0.111240
v -0.599824 3.232421 0.008494
v -0.657494 3.188714 -0.051081
v -0.606423 3.188669 -0.056255
v -0.593670 3.179678 -0.048539
v -0.609836 3.102423 -0.089200
v -0.660906 3.102468 -0.084025
v -0.671655 3.098785 -0.071838
v -0.668455 3.179743 -0.040961
v -0.661032 2.972368 -0.084148
v -0.609963 2.972323 -0.089323
v -0.657787 2.886053 -0.051367
v -0.606716 2.886008 -0.056542
v -0.662708 2.854403 0.018569
v -0.651274 2.842166 0.013300
v -0.600202 2.842122 0.008125
v -0.641386 2.842064 0.110870
v -0.590315 2.842020 0.105696
v -0.587922 2.854338 0.010991
v -0.593945 2.894960 -0.048809
v -0.596988 2.975983 -0.079532
v -0.591654 2.917456 -0.026382
v -0.602597 2.926422 -0.016254
v -0.593924 2.986049 -0.049385
v -0.604687 2.989659 -0.037402
v -0.593825 3.088590 -0.049288
v -0.602384 3.148172 -0.016044
v -0.591421 3.157135 -0.026155
v -0.596869 3.098719 -0.079416
v -0.604594 3.084978 -0.037312
v -0.653455 3.148216 -0.010869
v -0.655664 3.085023 -0.032137
v -0.655758 2.989704 -0.032228
v -0.668611 3.088656 -0.041711
v -0.666207 3.157200 -0.018577
v -0.649192 3.180277 0.030921
v -0.661459 3.192848 0.027970
v -0.654235 3.192774 0.099267
v -0.662354 3.220240 0.018915
v -0.653289 3.220147 0.108373
v -0.647265 3.179524 0.168173
v -0.644222 3.098501 0.198896
v -0.649557 3.157028 0.145747
v -0.647286 3.088436 0.168750
v -0.647385 2.985894 0.168653
v -0.636523 3.084826 0.156767
v -0.636616 2.989506 0.156676
v -0.585545 2.989462 0.151502
v -0.638826 2.926314 0.135409
v -0.649789 2.917350 0.145520
v -0.647542 2.894807 0.167904
v -0.644340 2.975766 0.198781
v -0.653643 2.854310 0.108027
v -0.634787 2.885816 0.175620
v -0.540483 3.195693 0.016968
v -0.587170 3.160039 0.019968
v -0.518031 3.173154 0.015485
v -0.487060 3.254116 0.013553
v -0.517277 3.264240 0.015528
v -0.548645 3.204654 0.029451
v -0.590561 3.172587 0.032145
v -0.658680 3.160104 0.024618
v -0.653718 3.172644 0.036252
v -0.587229 3.172536 0.083368
v -0.545314 3.204602 0.080675
v -0.535604 3.195617 0.091978
v -0.582293 3.159963 0.094978
v -0.653803 3.160028 0.099628
v -0.650388 3.172593 0.087475
v -0.700422 3.195767 0.102696
v -0.695572 3.204787 0.039006
v -0.692242 3.204736 0.090230
v -0.723493 3.264356 0.104266
v -0.713452 3.267970 0.091673
v -0.716783 3.268021 0.040449
v -0.728371 3.264432 0.029255
v -0.716691 3.363341 0.040539
v -0.713360 3.363289 0.091763
v -0.723394 3.366898 0.104362
v -0.692027 3.426485 0.090440
v -0.700190 3.435445 0.102923
v -0.650110 3.458551 0.087746
v -0.695357 3.426537 0.039216
v -0.728271 3.366974 0.029352
v -0.705067 3.435521 0.027912
v -0.653442 3.458603 0.036522
v -0.658378 3.471176 0.024913
v -0.590284 3.458546 0.032415
v -0.586869 3.471111 0.020262
v -0.540250 3.435372 0.017195
v -0.548431 3.426404 0.029661
v -0.586953 3.458494 0.083639
v -0.545099 3.426352 0.080885
v -0.535372 3.435296 0.092205
v -0.581990 3.471035 0.095272
v -0.653501 3.471100 0.099923
v -0.722641 3.457986 0.104406
v -0.662584 3.498491 0.100541
v -0.572857 3.498409 0.094706
v -0.667413 3.510737 0.088924
v -0.569549 3.510648 0.082560
v -0.504690 3.466771 0.078298
v -0.512878 3.457795 0.090765
v -0.471811 3.380460 0.076073
v -0.482064 3.376776 0.088679
v -0.471937 3.250361 0.075950
v -0.512300 3.366707 0.090635
v -0.512401 3.264165 0.090538
v -0.482183 3.254040 0.088563
v -0.513153 3.173078 0.090495
v -0.504983 3.164109 0.078012
v -0.573211 3.132572 0.094360
v -0.662938 3.132653 0.100195
v -0.569927 3.120350 0.082191
v -0.573259 3.120402 0.030966
v -0.671122 3.120490 0.037330
v -0.667791 3.120438 0.088555
v -0.732651 3.164317 0.092817
v -0.735982 3.164368 0.041592
v -0.727794 3.173343 0.029126
v -0.768860 3.250679 0.043818
v -0.667815 3.132729 0.025184
v -0.765529 3.250627 0.095042
v -0.765404 3.380727 0.095165
v -0.768735 3.380778 0.043941
v -0.722915 3.173268 0.104136
v -0.753731 3.254287 0.106222
v -0.753611 3.377023 0.106338
v -0.727518 3.458061 0.029395
v -0.735689 3.467029 0.041879
v -0.758489 3.377098 0.031327
v -0.758608 3.254362 0.031212
v -0.705300 3.195843 0.027686
v -0.667461 3.498566 0.025531
v -0.670744 3.510788 0.037700
v -0.732359 3.466977 0.093103
v -0.572881 3.510700 0.031336
v -0.508022 3.466823 0.027074
v -0.577734 3.498485 0.019696
v -0.517756 3.457871 0.015755
v -0.475143 3.380512 0.024848
v -0.486941 3.376852 0.013669
v -0.517179 3.366782 0.015625
v -0.527219 3.363169 0.028218
v -0.527312 3.267850 0.028128
v -0.523889 3.363117 0.079442
v -0.523981 3.267798 0.079352
v -0.475269 3.250412 0.024726
v -0.508313 3.164161 0.026787
v -0.578089 3.132648 0.019349
v -0.665933 3.439507 -0.018310
v -0.661255 3.403762 0.028170
v -0.668225 3.417012 -0.040737
v -0.671267 3.498034 -0.071460
v -0.668204 3.508100 -0.041314
v -0.653163 3.448452 -0.010585
v -0.648963 3.416304 0.031144
v -0.642583 3.416239 0.094112
v -0.597893 3.416259 0.025970
v -0.591513 3.416193 0.088938
v -0.586469 3.403697 0.020592
v -0.587249 3.448255 0.130728
v -0.574498 3.439271 0.138436
v -0.579245 3.403622 0.091889
v -0.578352 3.376230 0.100944
v -0.572249 3.416728 0.160820
v -0.587416 3.376324 0.011485
v -0.593440 3.416946 -0.048314
v -0.606211 3.407994 -0.056048
v -0.599697 3.364108 0.008619
v -0.650767 3.364152 0.013793
v -0.640881 3.364051 0.111364
v -0.589810 3.364006 0.106190
v -0.583211 3.407757 0.170939
v -0.634282 3.407802 0.176114
v -0.647036 3.416793 0.168398
v -0.653138 3.376296 0.108521
v -0.630868 3.494048 0.209058
v -0.643835 3.497752 0.199275
v -0.579797 3.494004 0.203883
v -0.630742 3.624148 0.209182
v -0.633988 3.710463 0.176400
v -0.579672 3.624103 0.204007
v -0.643717 3.620487 0.199391
v -0.646759 3.701511 0.168667
v -0.649051 3.679014 0.146241
v -0.652783 3.742133 0.108868
v -0.653730 3.714760 0.099761
v -0.661847 3.742226 0.019409
v -0.642306 3.702197 0.094383
v -0.660953 3.714834 0.028464
v -0.648686 3.702263 0.031415
v -0.665701 3.679186 -0.018084
v -0.667949 3.701729 -0.040468
v -0.660401 3.624453 -0.083531
v -0.656987 3.710700 -0.050587
v -0.671148 3.620771 -0.071344
v -0.668105 3.610642 -0.041217
v -0.652949 3.670202 -0.010375
v -0.655159 3.607009 -0.031643
v -0.655251 3.511690 -0.031733
v -0.604089 3.606964 -0.036818
v -0.604181 3.511645 -0.036908
v -0.593319 3.610576 -0.048794
v -0.593419 3.508035 -0.048891
v -0.602093 3.448408 -0.015760
v -0.591148 3.439442 -0.025888
v -0.596482 3.497969 -0.079038
v -0.596362 3.620706 -0.078922
v -0.609330 3.624409 -0.088706
v -0.609456 3.494310 -0.088829
v -0.660527 3.494354 -0.083654
v -0.657281 3.408039 -0.050873
v -0.662202 3.376390 0.019063
v -0.605917 3.710655 -0.055761
v -0.593164 3.701664 -0.048045
v -0.587061 3.742160 0.011831
v -0.586169 3.714769 0.020887
v -0.590914 3.679121 -0.025661
v -0.601878 3.670158 -0.015550
v -0.597615 3.702218 0.026241
v -0.591236 3.702152 0.089208
v -0.638105 3.670049 0.136113
v -0.587035 3.670005 0.130938
v -0.574266 3.678949 0.138663
v -0.578944 3.714694 0.092183
v -0.577997 3.742067 0.101290
v -0.571973 3.701445 0.161089
v -0.568932 3.620422 0.191813
v -0.582918 3.710418 0.171226
v -0.589432 3.754304 0.106559
v -0.599319 3.754406 0.008988
v -0.650389 3.754451 0.014163
v -0.640503 3.754349 0.111734
v -0.572093 3.507815 0.161569
v -0.571994 3.610357 0.161667
v -0.569050 3.497687 0.191697
v -0.584947 3.606767 0.152086
v -0.585040 3.511447 0.151996
v -0.636018 3.606812 0.157261
v -0.636110 3.511492 0.157171
v -0.646781 3.610422 0.169244
v -0.646880 3.507880 0.169147
v -0.638321 3.448300 0.135903
v -0.649283 3.439336 0.146014
v -0.654030 3.403688 0.099466
v -0.539989 3.703868 0.017449
v -0.586678 3.668213 0.020449
v -0.517539 3.681328 0.015966
v -0.486569 3.762290 0.014034
v -0.516785 3.772415 0.016009
v -0.548152 3.712828 0.029932
v -0.590069 3.680762 0.032625
v -0.653226 3.680819 0.036732
v -0.649895 3.680767 0.087957
v -0.586738 3.680710 0.083850
v -0.544821 3.712777 0.081156
v -0.535112 3.703792 0.092459
v -0.511909 3.772339 0.091020
v -0.523488 3.775972 0.079832
v -0.523396 3.871292 0.079923
v -0.526821 3.776024 0.028608
v -0.526727 3.871344 0.028699
v -0.516686 3.874957 0.016106
v -0.547938 3.934578 0.030142
v -0.539758 3.943546 0.017675
v -0.486450 3.885027 0.014150
v -0.474651 3.888686 0.025330
v -0.517263 3.966045 0.016236
v -0.507528 3.974997 0.027555
v -0.577242 4.006660 0.020177
v -0.586376 3.979286 0.020743
v -0.589792 3.966720 0.032896
v -0.657887 3.979350 0.025394
v -0.652950 3.966778 0.037003
v -0.666969 4.006741 0.026012
v -0.727026 3.966236 0.029876
v -0.704575 3.943695 0.028394
v -0.757996 3.885273 0.031809
v -0.727779 3.875149 0.029833
v -0.694866 3.934711 0.039696
v -0.691534 3.934660 0.090920
v -0.649618 3.966725 0.088227
v -0.712867 3.871464 0.092244
v -0.716198 3.871515 0.041020
v -0.712960 3.776144 0.092154
v -0.716291 3.776196 0.040930
v -0.727879 3.772607 0.029737
v -0.695080 3.712961 0.039487
v -0.704808 3.704017 0.028167
v -0.758115 3.762537 0.031692
v -0.727301 3.681519 0.029607
v -0.768368 3.758853 0.044299
v -0.735490 3.672542 0.042074
v -0.732159 3.672491 0.093298
v -0.765037 3.758802 0.095523
v -0.764911 3.888900 0.095646
v -0.768241 3.888953 0.044422
v -0.735197 3.975203 0.042360
v -0.731865 3.975152 0.093584
v -0.666921 4.018912 0.089405
v -0.670253 4.018963 0.038181
v -0.722147 3.966160 0.104887
v -0.662091 4.006665 0.101022
v -0.572364 4.006583 0.095187
v -0.653010 3.979274 0.100404
v -0.581499 3.979209 0.095753
v -0.699697 3.943620 0.103404
v -0.586461 3.966669 0.084120
v -0.544607 3.934527 0.081366
v -0.534880 3.943470 0.092686
v -0.511810 3.874882 0.091116
v -0.512385 3.965970 0.091246
v -0.481571 3.884951 0.089160
v -0.471320 3.888634 0.076554
v -0.481689 3.762215 0.089044
v -0.512661 3.681252 0.090976
v -0.471446 3.758535 0.076431
v -0.504491 3.672284 0.078492
v -0.474776 3.758587 0.025206
v -0.507821 3.672336 0.027268
v -0.577597 3.640823 0.019831
v -0.572767 3.628576 0.031448
v -0.569435 3.628524 0.082671
v -0.670630 3.628665 0.037811
v -0.667299 3.628613 0.089036
v -0.572719 3.640747 0.094841
v -0.662445 3.640828 0.100676
v -0.581800 3.668137 0.095459
v -0.653310 3.668202 0.100109
v -0.722424 3.681442 0.104617
v -0.699929 3.703942 0.103177
v -0.753238 3.762461 0.106703
v -0.723001 3.772531 0.104747
v -0.691749 3.712910 0.090710
v -0.753119 3.885197 0.106819
v -0.722901 3.875073 0.104843
v -0.667323 3.640904 0.025665
v -0.658188 3.668278 0.025099
v -0.504196 3.974946 0.078779
v -0.569057 4.018824 0.083041
v -0.572388 4.018875 0.031817
v -0.665441 3.947683 -0.017829
v -0.660762 3.911937 0.028651
v -0.667733 3.925186 -0.040256
v -0.670775 4.006209 -0.070979
v -0.667713 4.016274 -0.040832
v -0.652672 3.956627 -0.010104
v -0.648472 3.924479 0.031625
v -0.642091 3.924413 0.094593
v -0.591020 3.924368 0.089419
v -0.597401 3.924434 0.026450
v -0.601601 3.956582 -0.015279
v -0.590654 3.947618 -0.025407
v -0.585977 3.911871 0.021073
v -0.592947 3.925121 -0.047834
v -0.578753 3.911797 0.092369
v -0.586923 3.884499 0.011966
v -0.605718 3.916169 -0.055567
v -0.599203 3.872282 0.009100
v -0.577858 3.884405 0.101425
v -0.589318 3.872180 0.106671
v -0.582718 3.915931 0.171420
v -0.571756 3.924902 0.161301
v -0.574004 3.947445 0.138917
v -0.579305 4.002177 0.204365
v -0.568558 4.005860 0.192178
v -0.571602 4.015990 0.162051
v -0.579179 4.132277 0.204488
v -0.568438 4.128596 0.192294
v -0.571502 4.118531 0.162147
v -0.573772 4.187123 0.139144
v -0.571481 4.209620 0.161571
v -0.578451 4.222869 0.092664
v -0.577505 4.250242 0.101771
v -0.582425 4.218592 0.171707
v -0.588940 4.262478 0.107040
v -0.640010 4.262523 0.112215
v -0.633496 4.218637 0.176881
v -0.630250 4.132322 0.209663
v -0.646266 4.209685 0.169148
v -0.652290 4.250307 0.109349
v -0.653237 4.222934 0.100242
v -0.661355 4.250400 0.019890
v -0.649897 4.262625 0.014644
v -0.598826 4.262580 0.009470
v -0.656495 4.218874 -0.050105
v -0.605424 4.218830 -0.055280
v -0.667457 4.209903 -0.039986
v -0.659909 4.132627 -0.083050
v -0.670656 4.128945 -0.070863
v -0.660034 4.002528 -0.083173
v -0.608838 4.132583 -0.088225
v -0.608963 4.002483 -0.088348
v -0.595871 4.128879 -0.078441
v -0.592670 4.209838 -0.047564
v -0.586570 4.250335 0.012312
v -0.585675 4.222943 0.021368
v -0.590423 4.187295 -0.025180
v -0.592827 4.118751 -0.048313
v -0.601386 4.178332 -0.015069
v -0.597123 4.210392 0.026721
v -0.590743 4.210327 0.089689
v -0.641813 4.210372 0.094864
v -0.648193 4.210437 0.031896
v -0.660461 4.223008 0.028945
v -0.665209 4.187360 -0.017602
v -0.652456 4.178377 -0.009894
v -0.667613 4.118816 -0.040735
v -0.654666 4.115184 -0.031162
v -0.603595 4.115139 -0.036337
v -0.603688 4.019819 -0.036427
v -0.654758 4.019864 -0.031252
v -0.592926 4.016209 -0.048410
v -0.595990 4.006144 -0.078557
v -0.637614 4.178223 0.136594
v -0.648559 4.187189 0.146722
v -0.643225 4.128661 0.199872
v -0.646288 4.118596 0.169725
v -0.646388 4.016055 0.169628
v -0.635526 4.114986 0.157742
v -0.584455 4.114942 0.152567
v -0.584547 4.019622 0.152477
v -0.635618 4.019666 0.157652
v -0.586759 3.956429 0.131209
v -0.637829 3.956474 0.136384
v -0.648791 3.947511 0.146495
v -0.653539 3.911862 0.099947
v -0.643344 4.005926 0.199756
v -0.646543 3.924967 0.168879
v -0.652645 3.884470 0.109002
v -0.630376 4.002222 0.209540
v -0.633789 3.915976 0.176595
v -0.640389 3.872225 0.111845
v -0.661709 3.884564 0.019544
v -0.650274 3.872327 0.014275
v -0.656789 3.916213 -0.050392
v -0.586543 4.178178 0.131419
v -0.664935 4.469668 -0.017335
v -0.660257 4.433922 0.029145
v -0.667226 4.447172 -0.039762
v -0.670269 4.528194 -0.070485
v -0.667206 4.538260 -0.040339
v -0.652165 4.478612 -0.009610
v -0.647965 4.446465 0.032120
v -0.641585 4.446398 0.095087
v -0.596895 4.446419 0.026945
v -0.590514 4.446353 0.089913
v -0.586252 4.478415 0.131703
v -0.573500 4.469431 0.139412
v -0.585471 4.433857 0.021567
v -0.578248 4.433783 0.092863
v -0.577353 4.406391 0.101918
v -0.571252 4.446888 0.161796
v -0.586418 4.406484 0.012460
v -0.605211 4.438154 -0.055073
v -0.598699 4.394268 0.009594
v -0.592441 4.447106 -0.047339
v -0.588812 4.394166 0.107165
v -0.639882 4.394210 0.112339
v -0.633283 4.437962 0.177089
v -0.582213 4.437917 0.171914
v -0.578799 4.524163 0.204859
v -0.629871 4.524208 0.210034
v -0.642837 4.527912 0.200249
v -0.646036 4.446953 0.169373
v -0.629744 4.654307 0.210157
v -0.632991 4.740623 0.177376
v -0.578672 4.654263 0.204982
v -0.642718 4.650648 0.200366
v -0.645761 4.731671 0.169643
v -0.648052 4.709175 0.147216
v -0.651784 4.772292 0.109843
v -0.652732 4.744920 0.100736
v -0.660849 4.772386 0.020384
v -0.659956 4.744994 0.029439
v -0.647689 4.732423 0.032390
v -0.641308 4.732357 0.095359
v -0.590237 4.732313 0.090184
v -0.596618 4.732379 0.027216
v -0.637108 4.700209 0.137088
v -0.645782 4.640583 0.170219
v -0.635021 4.636971 0.158236
v -0.586038 4.700165 0.131913
v -0.583950 4.636928 0.153061
v -0.570996 4.640517 0.162642
v -0.584043 4.541608 0.152971
v -0.571095 4.537975 0.162545
v -0.568052 4.527846 0.192672
v -0.567932 4.650583 0.192788
v -0.573268 4.709110 0.139639
v -0.570976 4.731606 0.162065
v -0.577000 4.772227 0.102265
v -0.577946 4.744854 0.093158
v -0.581921 4.740579 0.172201
v -0.588434 4.784465 0.107534
v -0.639504 4.784509 0.112709
v -0.649391 4.784611 0.015138
v -0.598321 4.784567 0.009963
v -0.655989 4.740860 -0.049612
v -0.604918 4.740816 -0.054786
v -0.666951 4.731889 -0.039492
v -0.659403 4.654614 -0.082556
v -0.670151 4.650930 -0.070369
v -0.659530 4.524514 -0.082679
v -0.608332 4.654569 -0.087730
v -0.608459 4.524469 -0.087853
v -0.595365 4.650865 -0.077947
v -0.592167 4.731824 -0.047069
v -0.589918 4.709281 -0.024686
v -0.586064 4.772321 0.012807
v -0.585170 4.744929 0.021861
v -0.592321 4.640737 -0.047820
v -0.600880 4.700318 -0.014574
v -0.603090 4.637125 -0.035842
v -0.651951 4.700362 -0.009400
v -0.664702 4.709346 -0.017108
v -0.667106 4.640802 -0.040241
v -0.654161 4.637169 -0.030668
v -0.654253 4.541850 -0.030758
v -0.603182 4.541805 -0.035933
v -0.592421 4.538195 -0.047916
v -0.601095 4.478568 -0.014784
v -0.590150 4.469603 -0.024913
v -0.595485 4.528129 -0.078063
v -0.656282 4.438199 -0.049898
v -0.649769 4.394312 0.014769
v -0.661203 4.406549 0.020038
v -0.652139 4.406456 0.109496
v -0.653033 4.433847 0.100441
v -0.648285 4.469496 0.146989
v -0.645881 4.538040 0.170122
v -0.637323 4.478460 0.136878
v -0.635112 4.541652 0.158146
v -0.775155 4.633697 -0.011886
v -0.734187 4.556311 0.047304
v -0.775184 4.585703 -0.030097
v -0.764499 4.646504 -0.012058
v -0.726065 4.618910 0.060601
v -0.734160 4.604303 0.065515
v -0.665319 4.542968 0.082362
v -0.665290 4.590961 0.100572
v -0.662375 4.606559 0.093057
v -0.572856 4.609511 0.085136
v -0.584518 4.618885 0.060453
v -0.655861 4.616531 0.066765
v -0.589871 4.612040 0.044907
v -0.652881 4.609962 0.050481
v -0.705763 4.627605 0.037657
v -0.735291 4.651065 -0.024124
v -0.697686 4.619923 0.024295
v -0.724852 4.641553 -0.032667
v -0.697715 4.571929 0.006085
v -0.724881 4.593560 -0.050879
v -0.735333 4.580786 -0.050792
v -0.705803 4.557326 0.010990
v -0.764539 4.576224 -0.038725
v -0.726106 4.548631 0.033935
v -0.662416 4.536279 0.066390
v -0.655902 4.546251 0.040098
v -0.652909 4.561968 0.032270
v -0.589900 4.564047 0.026695
v -0.584558 4.548605 0.033786
v -0.572897 4.539232 0.058470
v -0.516831 4.555535 0.015419
v -0.567683 4.546189 0.073723
v -0.507050 4.563804 0.027208
v -0.482277 4.595366 -0.056012
v -0.507021 4.611797 0.045419
v -0.482248 4.643360 -0.037801
v -0.567654 4.594182 0.091934
v -0.493583 4.655441 -0.036027
v -0.516790 4.625815 0.042086
v -0.541327 4.633030 0.023109
v -0.551102 4.624759 0.011327
v -0.524690 4.658012 -0.042757
v -0.535821 4.647789 -0.049392
v -0.535849 4.599796 -0.067603
v -0.551129 4.576766 -0.006885
v -0.524730 4.587733 -0.069424
v -0.541368 4.562750 -0.003559
v -0.493624 4.585162 -0.062694
v 0.375711 4.468560 -0.017335
v 0.381060 4.432908 0.029145
v 0.373842 4.446024 -0.039761
v 0.369278 4.526975 -0.070485
v 0.372153 4.537097 -0.040338
v 0.388310 4.477743 -0.009609
v 0.393113 4.445678 0.032120
v 0.399493 4.445732 0.095088
v 0.444176 4.446592 0.026945
v 0.450556 4.446646 0.089913
v 0.454215 4.478782 0.131704
v 0.467135 4.470038 0.139412
v 0.455833 4.434246 0.021568
v 0.463058 4.434307 0.092864
v 0.464465 4.406937 0.101919
v 0.469806 4.447542 0.161796
v 0.455400 4.406860 0.012461
v 0.436014 4.438172 -0.055072
v 0.443351 4.394415 0.009594
v 0.448615 4.447362 -0.047339
v 0.453238 4.394499 0.107165
v 0.402174 4.393585 0.112340
v 0.407952 4.437452 0.177090
v 0.459014 4.438366 0.171915
v 0.460808 4.524661 0.204859
v 0.409746 4.523748 0.210034
v 0.396711 4.527207 0.200250
v 0.395032 4.446203 0.169373
v 0.407430 4.653827 0.210157
v 0.402565 4.740067 0.177376
v 0.458493 4.654740 0.204982
v 0.394526 4.649925 0.200367
v 0.389964 4.730876 0.169643
v 0.388094 4.708341 0.147217
v 0.383179 4.771378 0.109843
v 0.382747 4.743991 0.100736
v 0.374115 4.771301 0.020385
v 0.375521 4.743931 0.029440
v 0.388023 4.731592 0.032391
v 0.394404 4.731646 0.095359
v 0.445465 4.732560 0.090184
v 0.439086 4.732506 0.027216
v 0.399207 4.699582 0.137088
v 0.391652 4.639803 0.170220
v 0.402480 4.636395 0.158236
v 0.450268 4.700496 0.131913
v 0.453542 4.637309 0.153062
v 0.466425 4.641141 0.162642
v 0.455240 4.542004 0.152972
v 0.468251 4.538615 0.162545
v 0.471485 4.528546 0.192672
v 0.469301 4.651263 0.192789
v 0.462868 4.709679 0.139639
v 0.464738 4.732214 0.162065
v 0.457951 4.772716 0.102265
v 0.457520 4.745330 0.093159
v 0.453627 4.740980 0.172201
v 0.446291 4.784737 0.107535
v 0.395227 4.783823 0.112710
v 0.385341 4.783740 0.015139
v 0.436404 4.784653 0.009964
v 0.379564 4.739872 -0.049611
v 0.430627 4.740786 -0.054786
v 0.368774 4.730696 -0.039492
v 0.377770 4.653576 -0.082555
v 0.367094 4.649692 -0.070369
v 0.380087 4.523497 -0.082678
v 0.428833 4.654490 -0.087730
v 0.431149 4.524411 -0.087853
v 0.441868 4.651031 -0.077946
v 0.443547 4.732035 -0.047069
v 0.446218 4.709538 -0.024686
v 0.448888 4.772639 0.012807
v 0.450296 4.745269 0.021862
v 0.445101 4.640961 -0.047819
v 0.435426 4.700371 -0.014574
v 0.434403 4.637148 -0.035842
v 0.384362 4.699456 -0.009399
v 0.371445 4.708200 -0.017108
v 0.370328 4.639623 -0.040241
v 0.383339 4.636234 -0.030667
v 0.385037 4.540929 -0.030758
v 0.436098 4.541843 -0.035933
v 0.446926 4.538435 -0.047916
v 0.439372 4.478656 -0.014784
v 0.450485 4.469898 -0.024912
v 0.444053 4.528313 -0.078062
v 0.384952 4.437258 -0.049898
v 0.392289 4.393502 0.014769
v 0.380626 4.405522 0.020038
v 0.389691 4.405598 0.109497
v 0.388284 4.432969 0.100442
v 0.392361 4.468700 0.146990
v 0.393477 4.537278 0.170122
v 0.403154 4.477868 0.136878
v 0.404177 4.541091 0.158146
v 0.505715 4.227142 0.017943
v 0.459705 4.190617 0.020943
v 0.528585 4.205027 0.016461
v 0.558031 4.286557 0.014528
v 0.527628 4.296113 0.016503
v 0.497385 4.235948 0.030426
v 0.456078 4.203100 0.033120
v 0.388205 4.189340 0.025593
v 0.392932 4.201972 0.037227
v 0.396263 4.201982 0.088451
v 0.459409 4.203111 0.084344
v 0.393084 4.189356 0.100604
v 0.464584 4.190633 0.095953
v 0.510593 4.227158 0.092954
v 0.500716 4.235959 0.081650
v 0.532507 4.296128 0.091514
v 0.520860 4.299543 0.080327
v 0.519163 4.394848 0.080417
v 0.517529 4.299532 0.029103
v 0.515831 4.394837 0.029193
v 0.525803 4.398638 0.016600
v 0.493437 4.457663 0.030636
v 0.501448 4.466782 0.018170
v 0.555845 4.409274 0.014644
v 0.567574 4.413154 0.025824
v 0.523516 4.489700 0.016730
v 0.533082 4.498833 0.028049
v 0.462786 4.529181 0.020672
v 0.454168 4.501640 0.021238
v 0.382667 4.500363 0.025888
v 0.450988 4.489013 0.033391
v 0.496769 4.457673 0.081861
v 0.454319 4.489025 0.084615
v 0.387841 4.487885 0.037498
v 0.336658 4.463838 0.028888
v 0.391174 4.487896 0.088722
v 0.346534 4.455038 0.040191
v 0.326390 4.391453 0.041514
v 0.314744 4.394867 0.030328
v 0.349865 4.455049 0.091415
v 0.329723 4.391464 0.092738
v 0.341535 4.463854 0.103898
v 0.319623 4.394883 0.105338
v 0.291404 4.281723 0.107197
v 0.321448 4.292357 0.105241
v 0.289220 4.404439 0.107313
v 0.331419 4.296159 0.092648
v 0.328087 4.296148 0.041424
v 0.350481 4.233323 0.039981
v 0.353813 4.233333 0.091205
v 0.345802 4.224214 0.103671
v 0.323734 4.201296 0.105112
v 0.384464 4.161815 0.101170
v 0.314168 4.192163 0.093792
v 0.279677 4.277841 0.096017
v 0.277362 4.407921 0.096140
v 0.276345 4.277832 0.044793
v 0.310837 4.192153 0.042568
v 0.318856 4.201281 0.030101
v 0.379585 4.161799 0.026160
v 0.376509 4.149500 0.038306
v 0.379841 4.149511 0.089530
v 0.477688 4.151259 0.083166
v 0.474178 4.163418 0.095335
v 0.541801 4.196230 0.078987
v 0.474357 4.151248 0.031942
v 0.538470 4.196219 0.027763
v 0.469299 4.163402 0.020325
v 0.569890 4.283075 0.025701
v 0.573221 4.283086 0.076925
v 0.562909 4.286573 0.089539
v 0.570906 4.413165 0.077048
v 0.533464 4.205043 0.091471
v 0.560724 4.409289 0.089655
v 0.528395 4.489716 0.091740
v 0.536413 4.498843 0.079274
v 0.470742 4.541496 0.083535
v 0.467665 4.529196 0.095682
v 0.377952 4.527594 0.101517
v 0.372894 4.539749 0.089900
v 0.459047 4.501656 0.096248
v 0.506327 4.466798 0.093180
v 0.387546 4.500379 0.100898
v 0.318666 4.485968 0.105381
v 0.308781 4.494777 0.094079
v 0.369562 4.539738 0.038676
v 0.305450 4.494766 0.042854
v 0.274030 4.407910 0.044916
v 0.313787 4.485953 0.030371
v 0.373073 4.527578 0.026506
v 0.467409 4.541485 0.032311
v 0.284341 4.404423 0.032303
v 0.286526 4.281707 0.032187
v 0.340924 4.224197 0.028661
v 0.316569 4.292342 0.030231
v 0.530682 4.398654 0.091611
v 0.431066 4.739229 -0.050712
v 0.429303 4.652824 -0.083374
v 0.441658 4.738702 -0.064518
v 0.378242 4.651911 -0.078199
v 0.380005 4.738315 -0.045538
v 0.366885 4.737363 -0.056940
v 0.365226 4.656289 -0.087634
v 0.439999 4.657628 -0.095212
v 0.440077 0.853098 -0.020759
v 0.445424 0.817447 0.025721
v 0.438207 0.830563 -0.043185
v 0.433644 0.911514 -0.073909
v 0.436518 0.921636 -0.043762
v 0.452676 0.862281 -0.013033
v 0.457479 0.830217 0.028696
v 0.452649 0.817508 0.097018
v 0.463859 0.830271 0.091664
v 0.514921 0.831185 0.086489
v 0.508541 0.831131 0.023521
v 0.503737 0.863195 -0.018208
v 0.514850 0.854437 -0.028337
v 0.520198 0.818785 0.018144
v 0.527422 0.818846 0.089440
v 0.528830 0.791476 0.098495
v 0.534171 0.832080 0.158372
v 0.531500 0.854577 0.135988
v 0.519766 0.791400 0.009037
v 0.512980 0.831901 -0.050763
v 0.517602 0.779038 0.103741
v 0.507717 0.778955 0.006171
v 0.500380 0.822711 -0.058496
v 0.495514 0.908950 -0.091277
v 0.449318 0.821797 -0.053322
v 0.444452 0.908036 -0.086102
v 0.444992 0.790061 0.016615
v 0.456653 0.778040 0.011345
v 0.466540 0.778125 0.108916
v 0.454056 0.790137 0.106073
v 0.472317 0.821991 0.173666
v 0.523380 0.822906 0.168491
v 0.474112 0.908287 0.206610
v 0.459397 0.830742 0.165950
v 0.456726 0.853239 0.143566
v 0.461077 0.911746 0.196826
v 0.458892 1.034463 0.196942
v 0.457843 0.921816 0.166699
v 0.456018 1.024342 0.166795
v 0.468542 0.925629 0.154722
v 0.467517 0.862406 0.133454
v 0.518581 0.863320 0.128280
v 0.532616 0.923154 0.159121
v 0.519605 0.926543 0.149548
v 0.530791 1.025680 0.159218
v 0.517908 1.021848 0.149638
v 0.466846 1.020934 0.154813
v 0.463572 1.084122 0.133664
v 0.452460 1.092880 0.143793
v 0.514634 1.085035 0.128489
v 0.509831 1.117098 0.086760
v 0.458769 1.116185 0.091935
v 0.503451 1.117045 0.023792
v 0.452387 1.116130 0.028967
v 0.447112 1.128531 0.097312
v 0.447545 1.155916 0.106419
v 0.438480 1.155840 0.016961
v 0.439887 1.128470 0.026016
v 0.454329 1.115415 0.166219
v 0.466930 1.124605 0.173952
v 0.471796 1.038366 0.206733
v 0.525174 0.909201 0.201435
v 0.522858 1.039280 0.201558
v 0.529103 1.116753 0.158641
v 0.533665 1.035801 0.189364
v 0.517993 1.125519 0.168777
v 0.522317 1.157255 0.098842
v 0.510656 1.169275 0.104111
v 0.459593 1.168361 0.109286
v 0.449706 1.168278 0.011715
v 0.500769 1.169192 0.006540
v 0.494993 1.125324 -0.058209
v 0.443930 1.124410 -0.053035
v 0.442136 1.038115 -0.085979
v 0.433138 1.115235 -0.042916
v 0.435809 1.092739 -0.020532
v 0.431459 1.034231 -0.073792
v 0.434693 1.024162 -0.043665
v 0.448728 1.083996 -0.012823
v 0.447704 1.020772 -0.034091
v 0.498767 1.021686 -0.039266
v 0.449401 0.925469 -0.034182
v 0.500464 0.926382 -0.039357
v 0.511292 0.922974 -0.051340
v 0.509467 1.025500 -0.051243
v 0.506234 1.035569 -0.081370
v 0.508417 0.912852 -0.081486
v 0.510584 1.094077 -0.028109
v 0.507912 1.116574 -0.050493
v 0.493199 1.039029 -0.091154
v 0.513252 1.157178 0.009383
v 0.514662 1.129808 0.018438
v 0.521885 1.129869 0.089735
v 0.527233 1.094218 0.136215
v 0.499791 1.084910 -0.017998
v 0.535850 0.913085 0.189249
v 0.560790 1.133585 0.015014
v 0.514778 1.097060 0.018014
v 0.583661 1.111470 0.013531
v 0.613106 1.192999 0.011599
v 0.582703 1.202555 0.013574
v 0.552460 1.142390 0.027497
v 0.511153 1.109543 0.030190
v 0.443279 1.095783 0.022664
v 0.448005 1.108415 0.034297
v 0.451338 1.108426 0.085521
v 0.514485 1.109553 0.081414
v 0.555791 1.142401 0.078721
v 0.565668 1.133600 0.090024
v 0.587581 1.202571 0.088584
v 0.575933 1.205986 0.077398
v 0.572603 1.205976 0.026173
v 0.585756 1.305097 0.088681
v 0.574237 1.301291 0.077488
v 0.570906 1.301280 0.026264
v 0.548514 1.364105 0.027707
v 0.551844 1.364116 0.078931
v 0.506064 1.395456 0.030461
v 0.509394 1.395467 0.081685
v 0.561402 1.373241 0.090251
v 0.514120 1.408099 0.093318
v 0.583470 1.396158 0.088811
v 0.615799 1.315732 0.086725
v 0.625980 1.319608 0.074118
v 0.617983 1.193015 0.086609
v 0.628296 1.189529 0.073995
v 0.588538 1.111486 0.088541
v 0.596876 1.102673 0.076057
v 0.624965 1.189518 0.022771
v 0.622649 1.319597 0.022894
v 0.593545 1.102662 0.024833
v 0.524373 1.069845 0.017395
v 0.529432 1.057691 0.029012
v 0.431584 1.055943 0.035377
v 0.532764 1.057702 0.080236
v 0.434914 1.055954 0.086600
v 0.529252 1.069860 0.092405
v 0.519657 1.097076 0.093024
v 0.439538 1.068258 0.098241
v 0.448158 1.095799 0.097674
v 0.400877 1.130656 0.100742
v 0.378809 1.107739 0.102182
v 0.369244 1.098606 0.090862
v 0.334751 1.184285 0.093087
v 0.346479 1.188165 0.104267
v 0.344294 1.310882 0.104384
v 0.374697 1.301326 0.102408
v 0.376522 1.198801 0.102311
v 0.386493 1.202602 0.089719
v 0.408887 1.139777 0.088276
v 0.405556 1.139766 0.037051
v 0.383162 1.202591 0.038495
v 0.371644 1.198785 0.027301
v 0.395998 1.130641 0.025731
v 0.373930 1.107723 0.027171
v 0.341601 1.188150 0.029257
v 0.331421 1.184274 0.041864
v 0.329104 1.314353 0.041987
v 0.339416 1.310866 0.029373
v 0.369819 1.301311 0.027398
v 0.391731 1.370281 0.025958
v 0.401608 1.361480 0.037262
v 0.381466 1.297895 0.038585
v 0.384796 1.297907 0.089808
v 0.404940 1.361491 0.088485
v 0.396610 1.370297 0.100969
v 0.446247 1.394339 0.085792
v 0.442915 1.394328 0.034568
v 0.437743 1.406806 0.022958
v 0.509242 1.408083 0.018308
v 0.517862 1.435624 0.017742
v 0.428149 1.434021 0.023577
v 0.368862 1.392396 0.027441
v 0.360525 1.401209 0.039925
v 0.332435 1.314364 0.093211
v 0.424636 1.446180 0.035746
v 0.363856 1.401220 0.091149
v 0.373742 1.392412 0.102452
v 0.433027 1.434037 0.098587
v 0.427968 1.446190 0.086970
v 0.522485 1.447928 0.029382
v 0.525816 1.447938 0.080606
v 0.522740 1.435639 0.092752
v 0.591488 1.405286 0.076344
v 0.442621 1.406822 0.097969
v 0.588156 1.405275 0.025120
v 0.578591 1.396143 0.013800
v 0.610920 1.315717 0.011715
v 0.556524 1.373225 0.015240
v 0.580877 1.305081 0.013671
v 0.365912 1.098595 0.039638
v 0.434660 1.068242 0.023230
v 0.430785 1.375001 -0.020265
v 0.436133 1.339350 0.026216
v 0.428915 1.352467 -0.042691
v 0.424353 1.433417 -0.073414
v 0.427227 1.443539 -0.043268
v 0.443385 1.384184 -0.012539
v 0.448186 1.352121 0.029191
v 0.443357 1.339411 0.097512
v 0.454568 1.352174 0.092158
v 0.505629 1.353088 0.086984
v 0.499249 1.353034 0.024016
v 0.518131 1.340749 0.089934
v 0.510906 1.340689 0.018638
v 0.505558 1.376340 -0.027842
v 0.494447 1.385098 -0.017714
v 0.502001 1.444877 -0.050845
v 0.491172 1.448285 -0.038862
v 0.489475 1.543590 -0.038772
v 0.440110 1.447371 -0.033687
v 0.438413 1.542676 -0.033597
v 0.425401 1.546065 -0.043171
v 0.439438 1.605900 -0.012329
v 0.490499 1.606814 -0.017504
v 0.426518 1.614643 -0.020038
v 0.443097 1.638034 0.029461
v 0.494159 1.638948 0.024286
v 0.430596 1.650373 0.026510
v 0.449477 1.638088 0.092429
v 0.437820 1.650435 0.097807
v 0.443168 1.614783 0.144287
v 0.500541 1.639002 0.087254
v 0.454279 1.606025 0.134159
v 0.446727 1.546245 0.167290
v 0.457555 1.542838 0.155307
v 0.505342 1.606939 0.128984
v 0.508616 1.543752 0.150132
v 0.521501 1.547584 0.159713
v 0.510314 1.448447 0.150042
v 0.509290 1.385224 0.128774
v 0.523326 1.445058 0.159615
v 0.459251 1.447533 0.155217
v 0.448552 1.443719 0.167193
v 0.458227 1.384310 0.133949
v 0.447435 1.375143 0.144060
v 0.450105 1.352646 0.166444
v 0.451784 1.433650 0.197320
v 0.464820 1.430190 0.207104
v 0.462505 1.560269 0.207228
v 0.449601 1.556367 0.197437
v 0.445037 1.637318 0.166713
v 0.457639 1.646509 0.174447
v 0.438253 1.677820 0.106914
v 0.450302 1.690265 0.109780
v 0.440416 1.690181 0.012209
v 0.429188 1.677744 0.017455
v 0.434639 1.646314 -0.052541
v 0.423846 1.637139 -0.042421
v 0.432844 1.560019 -0.085485
v 0.422167 1.556135 -0.073298
v 0.485700 1.647228 -0.057715
v 0.483906 1.560933 -0.090660
v 0.435160 1.429940 -0.085608
v 0.440027 1.343701 -0.052827
v 0.486223 1.430853 -0.090783
v 0.496942 1.557473 -0.080876
v 0.499126 1.434756 -0.080992
v 0.503689 1.353805 -0.050269
v 0.491088 1.344614 -0.058002
v 0.510474 1.313302 0.009531
v 0.498425 1.300858 0.006665
v 0.447363 1.299944 0.011839
v 0.435700 1.311964 0.017109
v 0.457249 1.300027 0.109410
v 0.444765 1.312041 0.106567
v 0.463026 1.343895 0.174160
v 0.508311 1.300942 0.104236
v 0.519538 1.313380 0.098990
v 0.514089 1.344809 0.168985
v 0.515883 1.431104 0.201930
v 0.524880 1.353984 0.158866
v 0.522208 1.376481 0.136482
v 0.526559 1.434988 0.189743
v 0.513566 1.561183 0.202053
v 0.524374 1.557705 0.189859
v 0.519811 1.638656 0.159136
v 0.517941 1.616121 0.136709
v 0.512593 1.651773 0.090229
v 0.513026 1.679159 0.099336
v 0.505369 1.651711 0.018933
v 0.501292 1.615981 -0.027615
v 0.498621 1.638478 -0.049999
v 0.503961 1.679082 0.009878
v 0.501363 1.691179 0.104605
v 0.491479 1.691095 0.007034
v 0.508700 1.647423 0.169272
v 0.500175 1.547403 -0.050748
v 0.551744 1.641680 0.015495
v 0.505733 1.605155 0.018495
v 0.574614 1.619565 0.014012
v 0.604059 1.701095 0.012080
v 0.573658 1.710650 0.014055
v 0.543414 1.650485 0.027978
v 0.502107 1.617638 0.030672
v 0.434234 1.603877 0.023145
v 0.438960 1.616509 0.034778
v 0.505438 1.617648 0.081895
v 0.442293 1.616520 0.086002
v 0.399841 1.647871 0.088757
v 0.396511 1.647860 0.037533
v 0.439113 1.603893 0.098156
v 0.391832 1.638751 0.101223
v 0.337434 1.696260 0.104749
v 0.367477 1.706895 0.102793
v 0.369763 1.615834 0.102663
v 0.430492 1.576352 0.098722
v 0.360197 1.606701 0.091344
v 0.325706 1.692379 0.093569
v 0.356867 1.606690 0.040120
v 0.322375 1.692369 0.042345
v 0.323389 1.822459 0.093692
v 0.320059 1.822448 0.042468
v 0.330371 1.818961 0.029855
v 0.332556 1.696245 0.029739
v 0.351480 1.909304 0.040406
v 0.359817 1.900491 0.027922
v 0.419103 1.942116 0.024058
v 0.428697 1.914900 0.023440
v 0.382686 1.878376 0.026440
v 0.360773 1.809405 0.027879
v 0.392563 1.869575 0.037742
v 0.433870 1.902422 0.035049
v 0.500350 1.903561 0.082166
v 0.497018 1.903551 0.030942
v 0.437201 1.902433 0.086273
v 0.395893 1.869586 0.088967
v 0.387565 1.878392 0.101450
v 0.365652 1.809421 0.102890
v 0.375751 1.806001 0.090290
v 0.372420 1.805990 0.039066
v 0.374116 1.710686 0.038976
v 0.377448 1.710696 0.090200
v 0.362598 1.706880 0.027782
v 0.386953 1.638735 0.026212
v 0.364885 1.615818 0.027653
v 0.425616 1.576336 0.023712
v 0.515328 1.577939 0.017877
v 0.422539 1.564038 0.035857
v 0.520387 1.565785 0.029493
v 0.523717 1.565796 0.080718
v 0.425869 1.564049 0.087082
v 0.520206 1.577955 0.092887
v 0.510611 1.605170 0.093505
v 0.579493 1.619581 0.089022
v 0.587830 1.610767 0.076539
v 0.619251 1.697623 0.074477
v 0.584498 1.610757 0.025315
v 0.615919 1.697613 0.023252
v 0.613603 1.827692 0.023376
v 0.601875 1.823811 0.012196
v 0.569545 1.904237 0.014282
v 0.579111 1.913370 0.025601
v 0.616935 1.827702 0.074600
v 0.574424 1.904253 0.089292
v 0.582442 1.913381 0.076825
v 0.606753 1.823827 0.087206
v 0.552357 1.881335 0.090732
v 0.576710 1.813192 0.089162
v 0.608938 1.701110 0.087090
v 0.578537 1.710666 0.089065
v 0.556623 1.641695 0.090505
v 0.566889 1.714081 0.077879
v 0.565192 1.809385 0.077969
v 0.546746 1.650496 0.079202
v 0.542798 1.872211 0.079412
v 0.539467 1.872200 0.028188
v 0.563558 1.714070 0.026654
v 0.561861 1.809374 0.026745
v 0.571832 1.813176 0.014152
v 0.547478 1.881320 0.015722
v 0.500196 1.916178 0.018789
v 0.508816 1.943718 0.018223
v 0.415590 1.954274 0.036227
v 0.513439 1.956023 0.029863
v 0.418923 1.954285 0.087451
v 0.516770 1.956033 0.081087
v 0.513695 1.943734 0.093233
v 0.423982 1.942132 0.099068
v 0.433575 1.914916 0.098450
v 0.505075 1.916193 0.093800
v 0.364694 1.900506 0.102933
v 0.354810 1.909314 0.091630
v 0.335250 1.818977 0.104865
v 0.421739 1.883096 -0.019783
v 0.427088 1.847445 0.026697
v 0.419869 1.860561 -0.042210
v 0.415308 1.941513 -0.072933
v 0.418181 1.951634 -0.042787
v 0.434339 1.892279 -0.012057
v 0.439140 1.860215 0.029672
v 0.434311 1.847506 0.097993
v 0.445521 1.860269 0.092640
v 0.490204 1.861129 0.024497
v 0.496584 1.861183 0.087465
v 0.500244 1.893319 0.129255
v 0.513163 1.884576 0.136964
v 0.509085 1.848844 0.090415
v 0.510493 1.821474 0.099471
v 0.501428 1.821397 0.010012
v 0.501861 1.848783 0.019119
v 0.515835 1.862078 0.159347
v 0.517514 1.943083 0.190224
v 0.505042 1.852903 0.169467
v 0.506838 1.939198 0.202411
v 0.455774 1.938285 0.207585
v 0.453457 2.068364 0.207709
v 0.504521 2.069278 0.202534
v 0.448592 2.154603 0.174928
v 0.510766 2.146751 0.159617
v 0.515329 2.065799 0.190340
v 0.499654 2.155517 0.169753
v 0.503981 2.187253 0.099817
v 0.492318 2.199273 0.105086
v 0.441257 2.198359 0.110261
v 0.429207 2.185915 0.107395
v 0.420142 2.185838 0.017936
v 0.431370 2.198276 0.012690
v 0.425593 2.154408 -0.052059
v 0.482432 2.199190 0.007515
v 0.494917 2.187176 0.010359
v 0.476655 2.155322 -0.057234
v 0.489576 2.146572 -0.049518
v 0.474861 2.069027 -0.090178
v 0.423799 2.068113 -0.085004
v 0.413123 2.064229 -0.072817
v 0.414802 2.145233 -0.041940
v 0.426114 1.938034 -0.085127
v 0.477177 1.938948 -0.090302
v 0.430981 1.851795 -0.052346
v 0.482042 1.852709 -0.057520
v 0.426655 1.820059 0.017590
v 0.438316 1.808039 0.012321
v 0.489379 1.808953 0.007146
v 0.448204 1.808122 0.109891
v 0.499266 1.809036 0.104717
v 0.453980 1.851989 0.174641
v 0.441060 1.860740 0.166925
v 0.435720 1.820136 0.107048
v 0.438388 1.883237 0.144541
v 0.442739 1.941744 0.197802
v 0.440555 2.064461 0.197918
v 0.439506 1.951814 0.167674
v 0.437681 2.054340 0.167771
v 0.448509 2.050932 0.155788
v 0.450206 1.955627 0.155698
v 0.449182 1.892404 0.134430
v 0.501268 1.956542 0.150523
v 0.499571 2.051847 0.150613
v 0.514280 1.953153 0.160096
v 0.512455 2.055679 0.160194
v 0.508896 2.124216 0.137191
v 0.496297 2.115033 0.129465
v 0.445233 2.114120 0.134640
v 0.491495 2.147097 0.087736
v 0.440431 2.146183 0.092910
v 0.485113 2.147043 0.024767
v 0.503548 2.159868 0.090710
v 0.496324 2.159806 0.019413
v 0.492246 2.124075 -0.027134
v 0.491130 2.055498 -0.050267
v 0.481455 2.114908 -0.017023
v 0.487896 2.065568 -0.080394
v 0.490081 1.942851 -0.080511
v 0.494643 1.861899 -0.049787
v 0.496512 1.884434 -0.027361
v 0.492955 1.952972 -0.050364
v 0.485402 1.893193 -0.017232
v 0.482126 1.956380 -0.038381
v 0.480429 2.051684 -0.038291
v 0.431064 1.955466 -0.033206
v 0.429368 2.050770 -0.033116
v 0.430392 2.113994 -0.011848
v 0.434051 2.146129 0.029942
v 0.417473 2.122736 -0.019556
v 0.416356 2.054160 -0.042690
v 0.421551 2.158468 0.026991
v 0.428774 2.158529 0.098288
v 0.434123 2.122877 0.144769
v 0.435992 2.145413 0.167194
v 0.542453 2.163583 0.015989
v 0.496443 2.127059 0.018989
v 0.565322 2.141468 0.014506
v 0.594769 2.222998 0.012574
v 0.564365 2.232554 0.014549
v 0.534122 2.172388 0.028472
v 0.492816 2.139541 0.031166
v 0.424943 2.125781 0.023639
v 0.429669 2.138413 0.035273
v 0.496147 2.139552 0.082390
v 0.432999 2.138423 0.086497
v 0.390550 2.169775 0.089251
v 0.382540 2.160655 0.101717
v 0.429822 2.125797 0.098650
v 0.421201 2.098256 0.099216
v 0.360471 2.137737 0.103157
v 0.510915 2.099859 0.093381
v 0.501320 2.127074 0.093999
v 0.570201 2.141484 0.089516
v 0.547331 2.163599 0.090999
v 0.537454 2.172399 0.079696
v 0.569243 2.232569 0.089560
v 0.599647 2.223014 0.087584
v 0.609959 2.219527 0.074971
v 0.607643 2.349606 0.075094
v 0.597462 2.345730 0.087700
v 0.565132 2.426157 0.089786
v 0.543065 2.403239 0.091226
v 0.567418 2.335095 0.089657
v 0.533508 2.394114 0.079906
v 0.555901 2.331289 0.078463
v 0.557598 2.235985 0.078373
v 0.554266 2.235974 0.027149
v 0.552569 2.331278 0.027239
v 0.562540 2.335079 0.014646
v 0.530175 2.394104 0.028682
v 0.538186 2.403223 0.016216
v 0.592584 2.345715 0.012690
v 0.604311 2.349595 0.023870
v 0.560255 2.426141 0.014776
v 0.569820 2.435274 0.026095
v 0.499523 2.465622 0.018717
v 0.490906 2.438081 0.019284
v 0.419406 2.436804 0.023934
v 0.487726 2.425454 0.031437
v 0.424579 2.424326 0.035543
v 0.491057 2.425465 0.082660
v 0.495783 2.438097 0.094294
v 0.424285 2.436820 0.098944
v 0.427910 2.424337 0.086768
v 0.383273 2.391479 0.038237
v 0.386602 2.391490 0.089461
v 0.378273 2.400295 0.101944
v 0.325957 2.340880 0.105359
v 0.356360 2.331325 0.103384
v 0.355403 2.422410 0.103427
v 0.314099 2.344362 0.094186
v 0.414690 2.464035 0.099563
v 0.345519 2.431218 0.092124
v 0.409631 2.476189 0.087945
v 0.342186 2.431207 0.040901
v 0.310768 2.344351 0.042962
v 0.321079 2.340864 0.030349
v 0.323265 2.218148 0.030233
v 0.313083 2.214272 0.042839
v 0.350525 2.422394 0.028417
v 0.409812 2.464019 0.024552
v 0.373396 2.400279 0.026934
v 0.351481 2.331309 0.028374
v 0.353306 2.228783 0.028277
v 0.363128 2.327894 0.039560
v 0.366461 2.327905 0.090784
v 0.364825 2.232589 0.039470
v 0.368156 2.232600 0.090694
v 0.387219 2.169764 0.038027
v 0.358185 2.228799 0.103287
v 0.328143 2.218163 0.105243
v 0.316413 2.214283 0.094063
v 0.350906 2.128604 0.091838
v 0.347575 2.128594 0.040614
v 0.355593 2.137722 0.028147
v 0.416324 2.098240 0.024206
v 0.413247 2.085942 0.036352
v 0.416579 2.085952 0.087576
v 0.514427 2.087700 0.081212
v 0.511096 2.087689 0.029988
v 0.578539 2.132671 0.077033
v 0.575207 2.132660 0.025809
v 0.606627 2.219516 0.023747
v 0.506037 2.099843 0.018371
v 0.377662 2.160639 0.026707
v 0.504147 2.477926 0.030357
v 0.406299 2.476178 0.036721
v 0.507479 2.477937 0.081581
v 0.573151 2.435284 0.077319
v 0.504402 2.465638 0.093727
v 0.412447 2.405000 -0.019289
v 0.417795 2.369348 0.027191
v 0.410578 2.382464 -0.041715
v 0.406015 2.463416 -0.072439
v 0.408890 2.473537 -0.042293
v 0.425048 2.414182 -0.011564
v 0.429851 2.382119 0.030166
v 0.425020 2.369410 0.098488
v 0.436230 2.382173 0.093134
v 0.487293 2.383087 0.087959
v 0.480913 2.383033 0.024991
v 0.476109 2.415096 -0.016738
v 0.487221 2.406338 -0.026867
v 0.499795 2.370748 0.090910
v 0.492568 2.370687 0.019614
v 0.492137 2.343301 0.010507
v 0.485351 2.383803 -0.049293
v 0.501202 2.343377 0.099965
v 0.506544 2.383982 0.159842
v 0.495751 2.374807 0.169961
v 0.489975 2.330940 0.105211
v 0.480088 2.330856 0.007640
v 0.438912 2.330026 0.110386
v 0.444688 2.373893 0.175135
v 0.446482 2.460188 0.208080
v 0.431768 2.382644 0.167419
v 0.426429 2.342039 0.107543
v 0.417364 2.341962 0.018084
v 0.421688 2.373698 -0.051851
v 0.429024 2.329942 0.012815
v 0.467885 2.460851 -0.089807
v 0.472752 2.374612 -0.057026
v 0.416823 2.459937 -0.084633
v 0.465570 2.590930 -0.089684
v 0.414508 2.590016 -0.084510
v 0.403831 2.586133 -0.072323
v 0.405510 2.667137 -0.041446
v 0.416301 2.676312 -0.051565
v 0.467364 2.677226 -0.056740
v 0.480283 2.668475 -0.049023
v 0.485626 2.709080 0.010853
v 0.473141 2.721093 0.008010
v 0.422078 2.720179 0.013185
v 0.483028 2.721177 0.105581
v 0.431964 2.720263 0.110756
v 0.410851 2.707742 0.018431
v 0.419483 2.680432 0.098782
v 0.412260 2.680371 0.027486
v 0.419915 2.707818 0.107889
v 0.426701 2.667316 0.167689
v 0.439301 2.676507 0.175422
v 0.495229 2.591181 0.203028
v 0.444167 2.590267 0.208203
v 0.490364 2.677421 0.170248
v 0.494689 2.709156 0.100311
v 0.501474 2.668655 0.160111
v 0.494258 2.681770 0.091204
v 0.499606 2.646119 0.137685
v 0.506037 2.587703 0.190835
v 0.503164 2.577581 0.160688
v 0.504989 2.475056 0.160591
v 0.508222 2.464986 0.190718
v 0.497545 2.461102 0.202905
v 0.503873 2.406479 0.137458
v 0.490953 2.415222 0.129749
v 0.439890 2.414308 0.134924
v 0.440915 2.477531 0.156192
v 0.491976 2.478445 0.151018
v 0.490279 2.573750 0.151107
v 0.439218 2.572835 0.156282
v 0.430214 2.473718 0.168168
v 0.428389 2.576243 0.168266
v 0.435943 2.636023 0.135134
v 0.482202 2.669000 0.088230
v 0.431140 2.668086 0.093404
v 0.424831 2.644781 0.145263
v 0.487006 2.636937 0.129959
v 0.431263 2.586364 0.198412
v 0.433447 2.463648 0.198296
v 0.429098 2.405141 0.145036
v 0.475822 2.668946 0.025262
v 0.424760 2.668032 0.030436
v 0.472163 2.636811 -0.016528
v 0.421100 2.635897 -0.011354
v 0.408181 2.644640 -0.019062
v 0.407065 2.576063 -0.042195
v 0.420077 2.572674 -0.032621
v 0.421773 2.477370 -0.032712
v 0.471139 2.573588 -0.037796
v 0.472836 2.478283 -0.037887
v 0.481838 2.577401 -0.049773
v 0.483663 2.474876 -0.049870
v 0.480789 2.464754 -0.080017
v 0.478604 2.587471 -0.079900
v 0.482954 2.645978 -0.026640
v 0.487033 2.681710 0.019908
v 0.533343 2.675241 0.016474
v 0.487334 2.638717 0.019474
v 0.556213 2.653127 0.014991
v 0.585659 2.734657 0.013058
v 0.555257 2.744212 0.015034
v 0.525013 2.684047 0.028957
v 0.483707 2.651199 0.031650
v 0.420560 2.650071 0.035757
v 0.423892 2.650082 0.086981
v 0.487038 2.651210 0.082874
v 0.528346 2.684057 0.080181
v 0.538222 2.675257 0.091484
v 0.560136 2.744227 0.090044
v 0.548488 2.747643 0.078858
v 0.546791 2.842947 0.078947
v 0.558310 2.846753 0.090141
v 0.545157 2.747632 0.027633
v 0.543460 2.842937 0.027724
v 0.553432 2.846737 0.015131
v 0.583475 2.857373 0.013175
v 0.529078 2.914881 0.016700
v 0.521067 2.905761 0.029167
v 0.478616 2.937113 0.031921
v 0.524398 2.905772 0.080391
v 0.481949 2.937124 0.083145
v 0.533956 2.914898 0.091711
v 0.588353 2.857389 0.088185
v 0.486674 2.949755 0.094779
v 0.556024 2.937814 0.090271
v 0.495294 2.977296 0.094212
v 0.564042 2.946943 0.077804
v 0.598535 2.861264 0.075579
v 0.590538 2.734672 0.088069
v 0.600849 2.731185 0.075455
v 0.560710 2.946932 0.026580
v 0.595203 2.861253 0.024355
v 0.597517 2.731175 0.024231
v 0.566097 2.644319 0.026293
v 0.496927 2.611502 0.018855
v 0.501986 2.599348 0.030472
v 0.569429 2.644329 0.077517
v 0.505317 2.599358 0.081696
v 0.501804 2.611517 0.093866
v 0.561091 2.653143 0.090002
v 0.492211 2.638732 0.094484
v 0.420712 2.637455 0.099134
v 0.412093 2.609915 0.099701
v 0.351362 2.649395 0.103642
v 0.373431 2.672313 0.102202
v 0.319033 2.729822 0.105728
v 0.349077 2.740457 0.103771
v 0.381442 2.681433 0.089735
v 0.355716 2.744247 0.039955
v 0.378110 2.681422 0.038512
v 0.359048 2.744258 0.091179
v 0.354019 2.839552 0.040045
v 0.357351 2.839563 0.091269
v 0.347252 2.842983 0.103868
v 0.377495 2.903148 0.089945
v 0.369164 2.911954 0.102429
v 0.316848 2.852538 0.105844
v 0.304988 2.856020 0.094671
v 0.346295 2.934068 0.103912
v 0.405580 2.975693 0.100047
v 0.415175 2.948478 0.099429
v 0.336410 2.942876 0.092609
v 0.400523 2.987847 0.088430
v 0.301659 2.856010 0.043447
v 0.333079 2.942866 0.041385
v 0.341417 2.934052 0.028901
v 0.400702 2.975678 0.025037
v 0.397190 2.987836 0.037206
v 0.495039 2.989584 0.030842
v 0.490415 2.977281 0.019202
v 0.410296 2.948462 0.024418
v 0.481795 2.949739 0.019768
v 0.551145 2.937799 0.015261
v 0.364285 2.911937 0.027419
v 0.415470 2.935984 0.036028
v 0.418801 2.935996 0.087252
v 0.374163 2.903137 0.038721
v 0.342372 2.842967 0.028858
v 0.314154 2.729806 0.030717
v 0.344197 2.740441 0.028761
v 0.311971 2.852522 0.030833
v 0.303974 2.725930 0.043324
v 0.341798 2.640263 0.092323
v 0.338466 2.640252 0.041098
v 0.307306 2.725941 0.094548
v 0.346484 2.649380 0.028632
v 0.415834 2.637439 0.024124
v 0.368552 2.672297 0.027191
v 0.407214 2.609899 0.024690
v 0.404138 2.597600 0.036836
v 0.407469 2.597610 0.088060
v 0.498370 2.989595 0.082066
v 0.403338 2.916658 -0.018804
v 0.408688 2.881007 0.027675
v 0.401469 2.894123 -0.041231
v 0.396907 2.975074 -0.071954
v 0.399779 2.985196 -0.041808
v 0.415938 2.925841 -0.011079
v 0.420740 2.893777 0.030651
v 0.415911 2.881068 0.098972
v 0.427121 2.893831 0.093618
v 0.471804 2.894691 0.025476
v 0.478183 2.894745 0.088443
v 0.481843 2.926881 0.130234
v 0.494762 2.918137 0.137942
v 0.490684 2.882406 0.091395
v 0.483461 2.882345 0.020098
v 0.492093 2.855036 0.100450
v 0.497433 2.895640 0.160326
v 0.499113 2.976645 0.191203
v 0.486642 2.886465 0.170446
v 0.488436 2.972760 0.203390
v 0.437374 2.971847 0.208564
v 0.435058 3.101926 0.208687
v 0.486120 3.102840 0.203513
v 0.430191 3.188165 0.175907
v 0.481254 3.189079 0.170732
v 0.492366 3.180313 0.160595
v 0.496928 3.099361 0.191319
v 0.490496 3.157778 0.138170
v 0.495879 2.986715 0.161075
v 0.494054 3.089240 0.161172
v 0.481171 3.085408 0.151592
v 0.477896 3.148596 0.130444
v 0.426834 3.147681 0.135618
v 0.473094 3.180659 0.088714
v 0.422032 3.179744 0.093889
v 0.466713 3.180605 0.025746
v 0.485148 3.193429 0.091689
v 0.476516 3.220738 0.011337
v 0.477924 3.193368 0.020393
v 0.485580 3.220814 0.100796
v 0.473917 3.232835 0.106065
v 0.412969 3.231838 0.013669
v 0.422855 3.231921 0.111240
v 0.464031 3.232751 0.008494
v 0.407193 3.187970 -0.051081
v 0.458255 3.188884 -0.056255
v 0.471175 3.180134 -0.048539
v 0.456461 3.102589 -0.089199
v 0.405397 3.101675 -0.084025
v 0.394722 3.097791 -0.071838
v 0.396401 3.178795 -0.040961
v 0.407715 2.971596 -0.084148
v 0.458777 2.972510 -0.089323
v 0.412580 2.885357 -0.051367
v 0.463642 2.886271 -0.056542
v 0.408253 2.853621 0.018569
v 0.419917 2.841601 0.013300
v 0.470978 2.842515 0.008125
v 0.429803 2.841684 0.110870
v 0.480865 2.842598 0.105696
v 0.483028 2.854959 0.010991
v 0.476243 2.895461 -0.048809
v 0.471680 2.976413 -0.079532
v 0.478113 2.917997 -0.026382
v 0.467001 2.926755 -0.016254
v 0.474554 2.986534 -0.049386
v 0.463726 2.989941 -0.037402
v 0.472729 3.089060 -0.049288
v 0.463053 3.148470 -0.016044
v 0.473845 3.157637 -0.026155
v 0.469496 3.099129 -0.079416
v 0.462030 3.085246 -0.037312
v 0.411991 3.147556 -0.010869
v 0.410967 3.084332 -0.032137
v 0.412664 2.989028 -0.032227
v 0.397955 3.087722 -0.041711
v 0.399071 3.156298 -0.018578
v 0.415651 3.179691 0.030921
v 0.403150 3.192030 0.027970
v 0.410375 3.192091 0.099267
v 0.401743 3.219400 0.018915
v 0.410807 3.219476 0.108374
v 0.417592 3.178975 0.168173
v 0.422154 3.098023 0.198897
v 0.415723 3.156439 0.145747
v 0.419280 3.087902 0.168750
v 0.421105 2.985376 0.168653
v 0.430108 3.084494 0.156767
v 0.431805 2.989190 0.156676
v 0.482868 2.990104 0.151502
v 0.430781 2.925967 0.135409
v 0.419989 2.916799 0.145520
v 0.422660 2.894302 0.167904
v 0.424339 2.975307 0.198781
v 0.417318 2.853697 0.108027
v 0.435580 2.885551 0.175620
v 0.524053 3.197145 0.016968
v 0.478041 3.160620 0.019968
v 0.546922 3.175030 0.015485
v 0.576367 3.256559 0.013553
v 0.545966 3.266115 0.015528
v 0.515722 3.205950 0.029451
v 0.474415 3.173103 0.032145
v 0.406543 3.159343 0.024618
v 0.411268 3.171974 0.036252
v 0.477747 3.173114 0.083368
v 0.519054 3.205961 0.080675
v 0.528931 3.197160 0.091978
v 0.482919 3.160636 0.094978
v 0.411421 3.159359 0.099629
v 0.414600 3.171985 0.087476
v 0.364139 3.194217 0.102696
v 0.368819 3.203326 0.039006
v 0.372149 3.203337 0.090230
v 0.339785 3.262360 0.104265
v 0.349756 3.266162 0.091673
v 0.346425 3.266151 0.040449
v 0.334906 3.262345 0.029255
v 0.344728 3.361455 0.040539
v 0.348060 3.361466 0.091763
v 0.337960 3.364886 0.104363
v 0.368202 3.425052 0.090440
v 0.359872 3.433857 0.102923
v 0.409509 3.457899 0.087746
v 0.364871 3.425041 0.039216
v 0.333081 3.364871 0.029352
v 0.354994 3.433841 0.027912
v 0.406178 3.457888 0.036522
v 0.401005 3.470366 0.024912
v 0.469325 3.459016 0.032415
v 0.472504 3.471643 0.020262
v 0.519786 3.436785 0.017195
v 0.511774 3.427665 0.029661
v 0.472657 3.459027 0.083639
v 0.515107 3.427676 0.080885
v 0.524664 3.436801 0.092205
v 0.477383 3.471659 0.095273
v 0.405883 3.470381 0.099923
v 0.337003 3.455972 0.104406
v 0.396290 3.497597 0.100541
v 0.486003 3.499199 0.094706
v 0.391231 3.509750 0.088924
v 0.489078 3.511498 0.082560
v 0.554750 3.468846 0.078298
v 0.546733 3.459718 0.090765
v 0.589243 3.383167 0.076073
v 0.579062 3.379292 0.088679
v 0.591558 3.253089 0.075950
v 0.549017 3.368657 0.090636
v 0.550844 3.266131 0.090538
v 0.581246 3.256575 0.088563
v 0.551800 3.175046 0.090495
v 0.560137 3.166233 0.078012
v 0.492514 3.133420 0.094360
v 0.402801 3.131818 0.100195
v 0.496026 3.121262 0.082191
v 0.492695 3.121251 0.030966
v 0.394846 3.119503 0.037331
v 0.398177 3.119514 0.088555
v 0.332506 3.162166 0.092817
v 0.329174 3.162156 0.041593
v 0.337193 3.171283 0.029126
v 0.294682 3.247834 0.043818
v 0.397923 3.131802 0.025185
v 0.298013 3.247844 0.095042
v 0.295698 3.377924 0.095165
v 0.292367 3.377913 0.043941
v 0.342071 3.171300 0.104136
v 0.309742 3.251725 0.106222
v 0.307557 3.374442 0.106338
v 0.332125 3.455956 0.029395
v 0.323788 3.464769 0.041879
v 0.302679 3.374426 0.031328
v 0.304864 3.251709 0.031212
v 0.359262 3.194201 0.027686
v 0.391412 3.497581 0.025531
v 0.387899 3.509739 0.037700
v 0.327118 3.464780 0.093103
v 0.485747 3.511488 0.031336
v 0.551418 3.468836 0.027074
v 0.481124 3.499184 0.019696
v 0.541854 3.459703 0.015755
v 0.585911 3.383157 0.024849
v 0.574183 3.379277 0.013669
v 0.544141 3.368641 0.015625
v 0.534169 3.364840 0.028218
v 0.535866 3.269535 0.028128
v 0.537501 3.364850 0.079442
v 0.539196 3.269546 0.079352
v 0.588227 3.253078 0.024726
v 0.556805 3.166222 0.026788
v 0.487636 3.133404 0.019350
v 0.394046 3.438561 -0.018310
v 0.399395 3.402910 0.028170
v 0.392177 3.416026 -0.040737
v 0.387616 3.496978 -0.071460
v 0.390489 3.507099 -0.041313
v 0.406646 3.447744 -0.010585
v 0.411449 3.415680 0.031144
v 0.417830 3.415735 0.094113
v 0.462512 3.416594 0.025970
v 0.468892 3.416649 0.088938
v 0.474169 3.404248 0.020592
v 0.472552 3.448784 0.130728
v 0.485471 3.440041 0.138437
v 0.481393 3.404310 0.091889
v 0.482801 3.376939 0.100944
v 0.488142 3.417544 0.160821
v 0.473736 3.376863 0.011485
v 0.466951 3.417365 -0.048314
v 0.454351 3.408174 -0.056048
v 0.461688 3.364418 0.008619
v 0.410624 3.363504 0.013794
v 0.420511 3.363588 0.111365
v 0.471574 3.364502 0.106190
v 0.477350 3.408370 0.170940
v 0.426289 3.407455 0.176115
v 0.413368 3.416205 0.168398
v 0.408027 3.375601 0.108521
v 0.428082 3.493750 0.209059
v 0.415047 3.497210 0.199275
v 0.479144 3.494664 0.203884
v 0.425766 3.623829 0.209182
v 0.420900 3.710068 0.176401
v 0.476829 3.624743 0.204007
v 0.412863 3.619926 0.199391
v 0.408301 3.700878 0.168667
v 0.406431 3.678342 0.146241
v 0.401515 3.741380 0.108868
v 0.401081 3.713994 0.099761
v 0.392450 3.741303 0.019409
v 0.412739 3.701647 0.094383
v 0.393858 3.713933 0.028464
v 0.406359 3.701594 0.031415
v 0.389780 3.678202 -0.018083
v 0.387109 3.700699 -0.040467
v 0.396107 3.623578 -0.083531
v 0.397900 3.709874 -0.050586
v 0.385429 3.619695 -0.071344
v 0.388664 3.609625 -0.041216
v 0.402700 3.669459 -0.010375
v 0.401676 3.606236 -0.031643
v 0.403372 3.510931 -0.031733
v 0.452738 3.607150 -0.036818
v 0.454434 3.511845 -0.036908
v 0.463438 3.610963 -0.048794
v 0.465263 3.508437 -0.048891
v 0.457710 3.448658 -0.015759
v 0.468820 3.439900 -0.025888
v 0.462389 3.498316 -0.079038
v 0.460204 3.621033 -0.078922
v 0.447169 3.624492 -0.088706
v 0.449485 3.494414 -0.088829
v 0.398421 3.493500 -0.083654
v 0.403287 3.407260 -0.050873
v 0.398963 3.375525 0.019063
v 0.448964 3.710788 -0.055761
v 0.461884 3.702037 -0.048045
v 0.467224 3.742641 0.011832
v 0.468632 3.715271 0.020887
v 0.464554 3.679540 -0.025661
v 0.453763 3.670373 -0.015550
v 0.457421 3.702508 0.026241
v 0.463801 3.702561 0.089208
v 0.417542 3.669585 0.136113
v 0.468604 3.670499 0.130938
v 0.481204 3.679680 0.138663
v 0.475856 3.715332 0.092183
v 0.476289 3.742718 0.101290
v 0.483074 3.702216 0.161090
v 0.487636 3.621265 0.191813
v 0.471963 3.710982 0.171226
v 0.464627 3.754738 0.106559
v 0.454740 3.754655 0.008988
v 0.403678 3.753741 0.014163
v 0.413564 3.753825 0.111734
v 0.486588 3.508618 0.161570
v 0.484763 3.611144 0.161667
v 0.489821 3.498549 0.191697
v 0.471880 3.607311 0.152086
v 0.473576 3.512007 0.151996
v 0.420816 3.606397 0.157261
v 0.422514 3.511093 0.157171
v 0.409989 3.609805 0.169244
v 0.411814 3.507280 0.169147
v 0.421489 3.447870 0.135903
v 0.410697 3.438702 0.146014
v 0.406620 3.402971 0.099466
v 0.515007 3.705239 0.017449
v 0.468996 3.668714 0.020449
v 0.537876 3.683124 0.015966
v 0.567322 3.764654 0.014034
v 0.536920 3.774210 0.016009
v 0.506676 3.714044 0.029932
v 0.465370 3.681197 0.032626
v 0.402222 3.680069 0.036733
v 0.405554 3.680080 0.087957
v 0.468700 3.681207 0.083850
v 0.510008 3.714056 0.081156
v 0.519885 3.705255 0.092459
v 0.541797 3.774225 0.091020
v 0.530151 3.777640 0.079833
v 0.528454 3.872945 0.079923
v 0.526819 3.777630 0.028609
v 0.525123 3.872934 0.028699
v 0.535095 3.876735 0.016106
v 0.502728 3.935759 0.030142
v 0.510740 3.944879 0.017676
v 0.565138 3.887371 0.014150
v 0.576865 3.891252 0.025330
v 0.532809 3.967796 0.016236
v 0.542373 3.976929 0.027555
v 0.472078 4.007277 0.020177
v 0.463459 3.979738 0.020744
v 0.460279 3.967110 0.032896
v 0.391959 3.978460 0.025394
v 0.397132 3.965983 0.037003
v 0.382367 4.005675 0.026012
v 0.323079 3.964050 0.029876
v 0.345949 3.941935 0.028394
v 0.293633 3.882520 0.031809
v 0.324035 3.872964 0.029833
v 0.355825 3.933135 0.039697
v 0.359156 3.933146 0.090921
v 0.400464 3.965992 0.088227
v 0.339014 3.869561 0.092244
v 0.335682 3.869550 0.041020
v 0.340711 3.774255 0.092154
v 0.337379 3.774245 0.040930
v 0.325861 3.770440 0.029737
v 0.359773 3.711420 0.039487
v 0.350216 3.702295 0.028167
v 0.295818 3.759804 0.031692
v 0.328147 3.679378 0.029607
v 0.285636 3.755928 0.044299
v 0.320129 3.670250 0.042074
v 0.323460 3.670260 0.093298
v 0.288967 3.755939 0.095523
v 0.286653 3.886018 0.095646
v 0.283321 3.886007 0.044422
v 0.314741 3.972863 0.042360
v 0.318073 3.972874 0.093584
v 0.382184 4.017845 0.089405
v 0.378854 4.017834 0.038181
v 0.327958 3.964066 0.104887
v 0.387244 4.005691 0.101022
v 0.476956 4.007293 0.095187
v 0.396837 3.978476 0.100404
v 0.468337 3.979753 0.095754
v 0.350827 3.941951 0.103404
v 0.463610 3.967121 0.084120
v 0.506061 3.935770 0.081366
v 0.515619 3.944895 0.092686
v 0.539972 3.876751 0.091117
v 0.537687 3.967813 0.091246
v 0.570017 3.887387 0.089161
v 0.580198 3.891262 0.076554
v 0.572200 3.764670 0.089044
v 0.542754 3.683140 0.090976
v 0.582513 3.761183 0.076431
v 0.551092 3.674327 0.078493
v 0.579182 3.761172 0.025207
v 0.547760 3.674316 0.027268
v 0.478590 3.641499 0.019831
v 0.483649 3.629345 0.031448
v 0.486981 3.629356 0.082671
v 0.385800 3.627597 0.037812
v 0.389132 3.627608 0.089036
v 0.483469 3.641514 0.094841
v 0.393756 3.639912 0.100676
v 0.473874 3.668730 0.095459
v 0.402375 3.667453 0.100110
v 0.333026 3.679394 0.104617
v 0.355094 3.702311 0.103177
v 0.300697 3.759820 0.106703
v 0.330739 3.770455 0.104747
v 0.363104 3.711431 0.090711
v 0.298512 3.882536 0.106819
v 0.328914 3.872980 0.104844
v 0.388877 3.639896 0.025665
v 0.397496 3.667437 0.025099
v 0.545704 3.976940 0.078779
v 0.480034 4.019593 0.083041
v 0.476701 4.019582 0.031817
v 0.385001 3.946656 -0.017829
v 0.390350 3.911004 0.028651
v 0.383132 3.924120 -0.040256
v 0.378569 4.005072 -0.070979
v 0.381444 4.015193 -0.040832
v 0.397600 3.955839 -0.010104
v 0.402403 3.923775 0.031626
v 0.408784 3.923829 0.094593
v 0.459846 3.924742 0.089419
v 0.453466 3.924689 0.026451
v 0.448663 3.956753 -0.015278
v 0.459775 3.947994 -0.025407
v 0.465123 3.912343 0.021073
v 0.457906 3.925459 -0.047833
v 0.472348 3.912403 0.092370
v 0.464690 3.884957 0.011967
v 0.445305 3.916269 -0.055566
v 0.452643 3.872512 0.009100
v 0.473755 3.885033 0.101425
v 0.462529 3.872596 0.106671
v 0.468304 3.916462 0.171420
v 0.479096 3.925638 0.161301
v 0.476426 3.948135 0.138917
v 0.470098 4.002758 0.204365
v 0.480775 4.006642 0.192178
v 0.477543 4.016712 0.162051
v 0.467783 4.132837 0.204488
v 0.478590 4.129358 0.192294
v 0.475718 4.119237 0.162148
v 0.472158 4.187775 0.139145
v 0.474028 4.210310 0.161571
v 0.466811 4.223426 0.092664
v 0.467244 4.250812 0.101771
v 0.462916 4.219076 0.171707
v 0.455581 4.262833 0.107040
v 0.404518 4.261918 0.112215
v 0.411856 4.218162 0.176882
v 0.416720 4.131923 0.209663
v 0.399255 4.208972 0.169148
v 0.392469 4.249474 0.109349
v 0.392036 4.222088 0.100242
v 0.383405 4.249397 0.019890
v 0.394633 4.261835 0.014644
v 0.445694 4.262749 0.009470
v 0.388855 4.217968 -0.050105
v 0.439917 4.218882 -0.055280
v 0.378064 4.208793 -0.039986
v 0.387062 4.131672 -0.083050
v 0.376384 4.127789 -0.070863
v 0.389376 4.001594 -0.083173
v 0.438123 4.132586 -0.088224
v 0.440440 4.002508 -0.088348
v 0.451158 4.129127 -0.078440
v 0.452838 4.210131 -0.047564
v 0.458179 4.250735 0.012313
v 0.459586 4.223365 0.021368
v 0.455509 4.187634 -0.025180
v 0.454392 4.119057 -0.048313
v 0.444715 4.178467 -0.015069
v 0.448376 4.210602 0.026722
v 0.454757 4.210656 0.089690
v 0.403694 4.209742 0.094865
v 0.397313 4.209688 0.031896
v 0.384812 4.222027 0.028945
v 0.380735 4.186296 -0.017602
v 0.393654 4.177554 -0.009894
v 0.379619 4.117719 -0.040735
v 0.392630 4.114330 -0.031162
v 0.443693 4.115243 -0.036337
v 0.445390 4.019939 -0.036426
v 0.394327 4.019026 -0.031252
v 0.456217 4.016531 -0.048410
v 0.453343 4.006411 -0.078557
v 0.408498 4.177679 0.136594
v 0.397385 4.186437 0.146722
v 0.403818 4.128020 0.199872
v 0.400943 4.117898 0.169725
v 0.402769 4.015374 0.169628
v 0.411770 4.114492 0.157743
v 0.462834 4.115406 0.152568
v 0.464530 4.020101 0.152477
v 0.413468 4.019187 0.157652
v 0.463507 3.956877 0.131209
v 0.412444 3.955964 0.136384
v 0.401651 3.946797 0.146495
v 0.397573 3.911065 0.099947
v 0.406001 4.005304 0.199756
v 0.404322 3.924299 0.168879
v 0.398981 3.883695 0.109003
v 0.419037 4.001844 0.209540
v 0.417243 3.915548 0.176595
v 0.411465 3.871681 0.111846
v 0.389917 3.883618 0.019544
v 0.401579 3.871598 0.014275
v 0.394243 3.915354 -0.050391
v 0.459559 4.178593 0.131419
v 0.262429 4.630490 -0.011885
v 0.304843 4.553886 0.047304
v 0.263302 4.582505 -0.030097
v 0.272844 4.643494 -0.012057
v 0.311789 4.616628 0.060602
v 0.303969 4.601871 0.065515
v 0.373952 4.541839 0.082362
v 0.373079 4.589824 0.100573
v 0.375701 4.605473 0.093057
v 0.465148 4.610106 0.085137
v 0.453314 4.619258 0.060454
v 0.382025 4.615567 0.066765
v 0.448090 4.612315 0.044907
v 0.385129 4.609054 0.050481
v 0.331925 4.625702 0.037657
v 0.301960 4.648603 -0.024124
v 0.340144 4.618173 0.024295
v 0.312578 4.639289 -0.032667
v 0.341017 4.570187 0.006085
v 0.313450 4.591304 -0.050878
v 0.303239 4.578336 -0.050791
v 0.333204 4.555434 0.010990
v 0.274122 4.573227 -0.038725
v 0.313067 4.546360 0.033935
v 0.376979 4.535206 0.066390
v 0.383303 4.545299 0.040098
v 0.386003 4.561068 0.032270
v 0.448962 4.564329 0.026695
v 0.454591 4.548991 0.033786
v 0.466426 4.539838 0.058470
v 0.522176 4.557191 0.015419
v 0.471509 4.546892 0.073723
v 0.531801 4.565641 0.027208
v 0.555978 4.597664 -0.056012
v 0.530929 4.613627 0.045419
v 0.555105 4.645649 -0.037800
v 0.470638 4.594877 0.091935
v 0.543545 4.657515 -0.036026
v 0.520897 4.627459 0.042087
v 0.496230 4.634212 0.023109
v 0.486613 4.625759 0.011327
v 0.512395 4.659503 -0.042756
v 0.501457 4.649072 -0.049391
v 0.502331 4.601087 -0.067602
v 0.487486 4.577774 -0.006884
v 0.513674 4.589235 -0.069424
v 0.497508 4.563944 -0.003559
v 0.544823 4.587247 -0.062693
vn -0.0000 1.0000 -0.0000
vn 0.1940 0.9810 -0.0000
vn -0.0000 -0.0000 -1.0000
vn -0.1940 0.9810 -0.0000
vn -0.1941 0.9810 -0.0000
vn -0.3808 0.9246 -0.0000
vn -0.0000 -0.0000 1.0000
vn -0.5537 0.8327 -0.0000
vn -0.5536 0.8328 -0.0000
vn -0.7055 0.7087 -0.0000
vn -0.7054 0.7088 -0.0000
vn -0.8304 0.5571 -0.0000
vn -0.9233 0.3840 -0.0000
vn -0.9806 0.1958 -0.0000
vn -1.0000 -0.0000 -0.0000
vn -0.9806 -0.1958 -0.0000
vn -0.9807 -0.1957 -0.0000
vn -0.9233 -0.3840 -0.0000
vn -0.8304 -0.5572 -0.0000
vn -0.8304 -0.5571 -0.0000
vn -0.7055 -0.7087 -0.0000
vn -0.5536 -0.8328 -0.0000
vn -0.3808 -0.9246 -0.0000
vn -0.1941 -0.9810 -0.0000
vn -0.1940 -0.9810 -0.0000
vn -0.0000 -1.0000 -0.0000
vn 0.1940 -0.9810 -0.0000
vn 0.3808 -0.9246 -0.0000
vn 0.5536 -0.8328 -0.0000
vn 0.7055 -0.7087 -0.0000
vn 0.7054 -0.7088 -0.0000
vn 0.8304 -0.5572 -0.0000
vn 0.8304 -0.5571 -0.0000
vn 0.9233 -0.3840 -0.0000
vn 0.9806 -0.1958 -0.0000
vn 1.0000 -0.0000 -0.0000
vn 0.9806 0.1958 -0.0000
vn 0.9233 0.3840 -0.0000
vn 0.9807 0.1956 -0.0000
vn 0.8304 0.5572 -0.0000
vn 0.7054 0.7088 -0.0000
vn 0.5536 0.8328 -0.0000
vn 0.7055 0.7087 -0.0000
vn 0.3808 0.9246 -0.0000
vn 0.1941 0.9810 -0.0000
vn -0.8304 0.5572 -0.0000
vn -0.9233 0.3841 -0.0000
vn -0.7054 -0.7088 -0.0000
vn 0.1941 -0.9810 -0.0000
vn 0.3808 0.9247 -0.0000
vn 0.3808 -0.9247 -0.0000
vn 0.7055 -0.7088 -0.0000
vn 0.9234 -0.3840 -0.0000
vn 0.9806 -0.1959 -0.0000
vn 0.9807 -0.1958 -0.0000
vn 0.9806 0.1959 -0.0000
vn 0.7055 0.7088 -0.0000
vn -0.9234 0.3840 -0.0000
vn -0.9807 0.1958 -0.0000
vn -0.9807 -0.1958 -0.0000
vn -0.9806 -0.1959 -0.0000
vn -0.9234 -0.3840 -0.0000
vn -0.3808 -0.9247 -0.0000
vn 0.5537 -0.8327 -0.0000
vn 0.9807 -0.1957 -0.0000
vn 0.5537 0.8327 -0.0000
vn 0.9807 0.1958 -0.0000
vn 0.9234 0.3840 -0.0000
vn 0.8304 0.5571 -0.0000
vn -0.3809 0.9246 -0.0000
vn -0.7055 0.7088 -0.0000
vn 0.1939 -0.9810 -0.0000
vn 0.9234 0.3839 -0.0000
vn -0.9806 0.1959 -0.0000
vn -0.9234 -0.3839 -0.0000
vn -0.7055 -0.7088 -0.0000
vn -0.4147 0.8560 0.3087
vn -0.9281 0.2004 0.3137
vn -0.9545 0.2533 0.1575
vn -0.9496 -0.2170 -0.2261
vn -0.9635 -0.0531 -0.2625
vn -0.9130 0.0607 0.4034
vn -0.3444 0.5213 0.7808
vn 0.4667 0.8574 0.2169
vn -0.9643 0.2619 0.0392
vn -0.4651 0.8587 -0.2153
vn 0.4166 0.8556 -0.3072
vn 0.5014 0.5179 0.6931
vn 0.9678 0.2140 0.1322
vn 0.9647 0.2603 -0.0388
vn 0.9550 0.2515 -0.1571
vn 0.8951 -0.4422 0.0576
vn 0.8693 -0.4410 -0.2231
vn 0.9491 -0.2194 0.2258
vn 0.9285 0.1993 -0.3133
vn 0.8915 -0.2166 -0.3979
vn 0.3263 -0.6289 -0.7057
vn 0.3701 -0.9100 0.1871
vn 0.3091 -0.9186 -0.2462
vn -0.4874 -0.6200 -0.6148
vn 0.2996 -0.1828 -0.9364
vn -0.5002 -0.1819 -0.8466
vn -0.3720 -0.9089 -0.1886
vn -0.8961 -0.4400 -0.0584
vn -0.3105 -0.9185 0.2448
vn -0.8700 -0.4401 0.2223
vn -0.3274 -0.6297 0.7045
vn 0.4861 -0.6223 0.6136
vn -0.2999 -0.1841 0.9360
vn -0.8918 -0.2157 0.3976
vn -0.9674 0.2162 -0.1318
vn -0.8986 -0.0529 0.4355
vn -0.9710 0.0661 -0.2298
vn -0.8986 0.0539 0.4355
vn -0.5004 0.5202 -0.6921
vn -0.9711 -0.0637 -0.2299
vn -0.4978 0.1384 -0.8562
vn 0.3453 0.5223 -0.7797
vn 0.9131 0.0598 -0.4033
vn 0.3037 0.1397 -0.9425
vn 0.9130 -0.0607 -0.4034
vn -0.4980 -0.1358 -0.8565
vn 0.3035 -0.1385 -0.9427
vn -0.5014 -0.5179 -0.6931
vn -0.9678 -0.2140 -0.1322
vn -0.4667 -0.8574 -0.2169
vn 0.3444 -0.5213 -0.7808
vn 0.4148 -0.8559 -0.3088
vn 0.4651 -0.8587 0.2153
vn -0.9647 -0.2603 0.0388
vn -0.4166 -0.8556 0.3072
vn -0.8915 0.2166 0.3979
vn -0.8693 0.4411 0.2231
vn -0.8951 0.4422 -0.0576
vn -0.9551 -0.2514 0.1570
vn -0.3263 0.6289 0.7057
vn -0.2996 0.1828 0.9364
vn 0.4998 -0.1846 0.8462
vn 0.5002 0.1819 0.8466
vn 0.9496 0.2170 0.2261
vn 0.4875 0.6200 0.6148
vn 0.9635 0.0531 0.2625
vn 0.8961 0.4400 0.0584
vn 0.3720 0.9089 0.1886
vn -0.3091 0.9186 0.2462
vn -0.3701 0.9100 -0.1871
vn 0.3274 0.6297 -0.7045
vn 0.3105 0.9185 -0.2448
vn -0.4862 0.6223 -0.6135
vn -0.4999 0.1846 -0.8462
vn -0.9491 0.2194 -0.2258
vn -0.9634 0.0555 -0.2624
vn -0.9285 -0.1993 0.3133
vn -0.9131 -0.0598 0.4033
vn -0.3038 -0.1396 0.9425
vn -0.3453 -0.5223 0.7797
vn 0.4978 -0.1384 0.8562
vn -0.3035 0.1385 0.9427
vn 0.4981 0.1358 0.8564
vn 0.9711 0.0637 0.2299
vn 0.9710 -0.0661 0.2298
vn 0.8986 0.0529 -0.4355
vn 0.8985 -0.0539 -0.4357
vn 0.8918 0.2157 -0.3976
vn 0.9674 -0.2162 0.1318
vn 0.3000 0.1841 -0.9360
vn 0.8700 0.4401 -0.2223
vn 0.9643 -0.2619 -0.0392
vn 0.9545 -0.2533 -0.1575
vn 0.9281 -0.2004 -0.3137
vn 0.5004 -0.5202 0.6921
vn 0.9633 -0.0555 0.2625
vn -0.3117 0.8862 -0.3428
vn -0.3271 0.2239 -0.9181
vn -0.1485 0.2975 -0.9431
vn 0.3153 -0.2676 -0.9105
vn 0.3896 -0.0706 -0.9183
vn -0.4596 0.0773 -0.8848
vn -0.7855 0.5375 -0.3068
vn -0.2732 0.8829 0.3820
vn 0.0268 0.2937 -0.9555
vn 0.2750 0.8830 -0.3804
vn 0.3133 0.8850 0.3444
vn 0.1490 0.2953 0.9437
vn -0.0262 0.2917 0.9562
vn -0.2000 0.2149 0.9559
vn -0.7421 0.5359 0.4026
vn -0.3298 0.0726 0.9413
vn -0.9101 0.1458 0.3878
vn -0.9504 0.1458 -0.2748
vn -0.9104 -0.1447 0.3875
vn -0.9506 -0.1436 -0.2751
vn -0.4597 -0.0747 -0.8849
vn -0.7864 -0.5356 -0.3077
vn -0.3274 -0.2215 -0.9186
vn 0.3897 0.0717 -0.9181
vn 0.9137 0.1823 -0.3632
vn 0.3157 0.2688 -0.9100
vn 0.7057 0.6228 -0.3379
vn 0.0827 0.4526 -0.8879
vn -0.1489 -0.2953 -0.9437
vn 0.0262 -0.2917 -0.9561
vn -0.3133 -0.8850 -0.3444
vn -0.7436 -0.5345 0.4017
vn -0.2757 -0.8827 0.3805
vn 0.2732 -0.8829 -0.3820
vn 0.2000 -0.2149 -0.9559
vn 0.7425 -0.5354 -0.4026
vn 0.3117 -0.8862 0.3428
vn 0.9101 -0.1458 -0.3878
vn 0.7855 -0.5375 0.3067
vn 0.3298 -0.0726 -0.9413
vn 0.9504 -0.1458 0.2748
vn 0.4595 -0.0775 0.8848
vn 0.3271 -0.2239 0.9181
vn -0.3895 0.0706 0.9183
vn -0.3897 -0.0717 0.9182
vn 0.4597 0.0747 0.8849
vn 0.9506 0.1436 0.2751
vn 0.9104 0.1447 -0.3875
vn 0.7436 0.5345 -0.4017
vn 0.7864 0.5356 0.3077
vn 0.3274 0.2215 0.9186
vn -0.3158 -0.2688 0.9100
vn -0.0828 -0.4526 0.8879
vn -0.7057 -0.6228 0.3379
vn -0.9137 -0.1823 0.3632
vn -0.7457 -0.6146 -0.2574
vn -0.9134 0.1832 0.3635
vn -0.9499 -0.1804 -0.2553
vn -0.4396 -0.2674 -0.8575
vn -0.2037 -0.4511 -0.8689
vn -0.2892 -0.9220 -0.2573
vn -0.2416 -0.9277 0.2847
vn 0.2874 -0.9230 0.2558
vn 0.2028 -0.4533 0.8680
vn 0.7443 -0.6167 0.2563
vn 0.2400 -0.9276 -0.2862
vn 0.7047 -0.6233 -0.3389
vn 0.0819 -0.4509 -0.8888
vn 0.9134 -0.1832 -0.3635
vn 0.9495 -0.1829 0.2549
vn 0.5150 -0.0729 0.8541
vn 0.4392 -0.2700 0.8568
vn 0.9499 0.1804 0.2552
vn 0.5151 0.0702 0.8543
vn 0.4397 0.2674 0.8574
vn 0.7457 0.6146 0.2574
vn 0.2892 0.9220 0.2573
vn 0.2037 0.4511 0.8689
vn -0.0268 -0.2937 0.9555
vn -0.0819 0.4510 0.8888
vn -0.2400 0.9276 0.2862
vn -0.2006 -0.2164 0.9555
vn 0.1485 -0.2975 0.9431
vn -0.3152 0.2676 0.9105
vn -0.7047 0.6233 0.3389
vn -0.2874 0.9230 -0.2558
vn -0.7443 0.6167 -0.2563
vn -0.2028 0.4533 -0.8680
vn -0.9495 0.1829 -0.2549
vn -0.4392 0.2700 -0.8569
vn 0.2416 0.9277 -0.2847
vn -0.5150 0.0729 -0.8541
vn -0.5151 -0.0702 -0.8543
vn 0.2006 0.2164 -0.9555
vn 0.3300 0.0736 -0.9411
vn -0.3300 -0.0736 0.9411
vn -0.3888 0.6311 -0.6712
vn -0.4313 0.1081 -0.8957
vn 0.2359 0.0903 -0.9676
vn -0.4574 0.7015 -0.5465
vn 0.2267 0.6403 -0.7339
vn 0.3116 0.7195 -0.6207
vn 0.4241 -0.3166 -0.8485
vn -0.6209 -0.2690 -0.7363
vn 0.3152 -0.2676 -0.9105
vn -0.2741 0.8826 0.3821
vn -0.9104 -0.1447 0.3876
vn -0.2758 -0.8827 0.3805
vn 0.5149 -0.0729 0.8541
vn 0.4392 -0.2700 0.8569
vn 0.0819 -0.4510 -0.8888
vn 0.2400 -0.9277 -0.2861
vn 0.2028 -0.4534 0.8680
vn -0.3157 -0.2688 0.9100
vn -0.3897 -0.0717 0.9181
vn -0.3896 0.0706 0.9183
vn 0.4596 -0.0773 0.8848
vn 0.9104 0.1447 -0.3876
vn 0.3300 0.0735 -0.9411
vn -0.4397 -0.2674 -0.8574
vn 0.2001 -0.2149 -0.9559
vn 0.2740 -0.8826 -0.3821
vn -0.1490 -0.2953 -0.9437
vn 0.0828 0.4526 -0.8879
vn -0.0818 0.4510 0.8888
vn 0.3897 0.0717 -0.9182
vn -0.3444 0.5214 0.7808
vn 0.9550 0.2515 -0.1570
vn 0.9679 0.2140 0.1322
vn 0.4978 -0.1383 0.8562
vn -0.3037 -0.1397 0.9425
vn -0.9550 -0.2514 0.1570
vn 0.4148 -0.8559 -0.3087
vn -0.4981 -0.1358 -0.8564
vn -0.4978 0.1383 -0.8562
vn -0.3000 -0.1841 0.9360
vn -0.8985 0.0539 0.4356
vn -0.8915 0.2165 0.3979
vn -0.3264 0.6289 0.7057
vn -0.4875 -0.6200 -0.6148
vn 0.8986 -0.0539 -0.4355
vn 0.8693 -0.4411 -0.2231
vn -0.8961 -0.4400 -0.0583
vn 0.4862 -0.6223 0.6135
vn 0.4999 -0.1846 0.8462
vn 0.9634 -0.0555 0.2624
vn 0.8701 0.4400 -0.2223
vn 0.7431 0.5352 -0.4017
vn -0.9499 -0.1804 -0.2552
vn -0.2028 0.4534 -0.8679
vn 0.0262 -0.2917 -0.9562
vn -0.2750 -0.8830 0.3804
vn 0.2400 -0.9276 -0.2861
vn -0.2001 0.2149 0.9559
vn -0.7425 0.5354 0.4026
vn -0.7431 -0.5352 0.4017
vn -0.2400 0.9277 0.2861
vn 0.9551 0.2514 -0.1570
vn 0.4874 0.6200 0.6148
vn 0.8961 0.4401 0.0584
vn 0.3719 0.9089 0.1886
vn 0.8700 0.4402 -0.2220
vn -0.4998 0.1846 -0.8462
vn 0.3038 0.1397 -0.9424
vn 0.9281 -0.2005 -0.3137
vn 0.5003 -0.5202 0.6921
vn 0.8985 -0.0539 -0.4356
vn 0.8915 -0.2165 -0.3979
vn 0.4980 0.1358 0.8565
vn 0.5015 0.5178 0.6931
vn -0.4163 -0.8558 0.3072
vn -0.9550 -0.2515 0.1570
vn -0.1485 0.2976 -0.9431
vn -0.4596 0.0773 -0.8847
vn 0.3274 0.2215 0.9185
vn 0.1490 0.2954 0.9437
vn -0.0262 0.2917 0.9561
vn -0.0828 -0.4525 0.8879
vn 0.5151 0.0702 0.8542
vn 0.4396 0.2674 0.8575
vn -0.9101 0.1459 0.3878
vn -0.3274 -0.2215 -0.9185
vn 0.7057 0.6227 -0.3379
vn 0.0262 -0.2918 -0.9561
vn 0.7855 -0.5375 0.3068
vn -0.3153 0.2676 0.9105
vn -0.5150 -0.0702 -0.8543
vn 0.4596 0.0749 0.8849
vn -0.2892 -0.9220 -0.2574
vn 0.0818 -0.4509 -0.8888
vn -0.4651 0.8586 -0.2153
vn 0.4165 0.8557 -0.3072
vn 0.9648 0.2603 -0.0388
vn -0.8701 -0.4401 0.2220
vn -0.8919 -0.2156 0.3976
vn -0.9679 -0.2140 -0.1322
vn -0.3038 -0.1397 0.9424
vn -0.3300 -0.0735 0.9411
vn 0.4391 -0.2700 0.8569
vn -0.0818 0.4509 0.8888
vn -0.2400 0.9276 0.2861
vn 0.2892 0.9220 0.2574
vn -0.3443 0.5214 0.7808
vn 0.4149 -0.8559 -0.3088
vn -0.4998 0.1846 -0.8463
vn -0.9633 0.0555 -0.2625
vn 0.8693 -0.4412 -0.2228
vn 0.3701 -0.9099 0.1871
vn -0.8693 0.4412 0.2228
vn -0.3117 0.8862 -0.3427
vn 0.3896 -0.0707 -0.9183
vn -0.7855 0.5375 -0.3067
vn 0.1489 0.2953 0.9437
vn 0.9101 -0.1459 -0.3878
vn -0.1490 -0.2954 -0.9437
vn 0.5150 0.0702 0.8543
vn -0.3299 -0.0736 0.9411
vn -0.7057 -0.6227 0.3379
vn -0.9101 0.1458 0.3879
vn 0.4861 -0.6223 0.6135
vn 0.8960 0.4401 0.0584
vn 0.3895 -0.0706 -0.9183
vn -0.2741 0.8826 0.3820
vn -0.0819 0.4509 0.8888
vn -0.4147 0.8560 0.3088
vn -0.8693 0.4410 0.2231
vn -0.4861 0.6223 -0.6135
vn 0.8919 0.2157 -0.3976
vn -0.4666 -0.8574 -0.2169
vn -0.4165 -0.8556 0.3072
vn -0.9550 -0.2515 0.1571
vn 0.9491 -0.2195 0.2258
vn 0.3264 -0.6289 -0.7057
vn 0.8961 0.4400 0.0583
vn 0.3274 0.6296 -0.7045
vn -0.5003 -0.1819 -0.8466
vn 0.8700 0.4400 -0.2223
vn -0.6593 -0.6438 0.3884
vn -0.7134 0.1083 0.6924
vn -0.8643 0.2931 0.4088
vn -0.9022 -0.3881 0.1881
vn -0.2834 0.7807 0.5570
vn -0.3804 0.8174 0.4326
vn -0.0666 0.7696 0.6351
vn -0.1911 -0.7649 0.6151
vn -0.2031 0.0261 0.9788
vn 0.1315 0.7718 0.6221
vn -0.1524 0.9856 0.0729
vn 0.0882 0.9949 0.0486
vn -0.3573 0.7394 -0.5706
vn 0.2674 0.9514 0.1529
vn 0.2010 0.7611 -0.6166
vn 0.6814 0.6310 -0.3707
vn 0.2576 0.9301 0.2620
vn 0.8155 0.5757 -0.0595
vn 0.6865 -0.2044 -0.6978
vn 0.9072 -0.2110 -0.3639
vn 0.2918 -0.8594 -0.4198
vn 0.1883 -0.8471 -0.4969
vn -0.4799 -0.8647 -0.1481
vn -0.2853 -0.9579 -0.0336
vn -0.0684 -0.9970 0.0351
vn 0.0546 -0.8312 -0.5533
vn 0.2069 -0.1181 -0.9712
vn -0.3672 -0.1384 -0.9198
vn -0.0986 -0.8355 -0.5406
vn 0.1329 -0.9908 0.0241
vn 0.3564 -0.7436 0.5657
vn 0.3425 -0.9363 -0.0782
vn 0.7620 -0.5845 0.2790
vn 0.3833 0.0430 0.9226
vn 0.9484 -0.3146 0.0388
vn 0.8904 0.3643 0.2729
vn 0.8194 0.1557 0.5517
vn 0.3859 0.8450 0.3701
vn 0.3451 0.7907 0.5056
vn -0.2893 0.9343 0.2081
vn -0.7791 0.5776 -0.2437
vn -0.2790 0.9097 0.3076
vn -0.8529 0.5156 0.0819
vn -0.9445 -0.2532 -0.2091
vn -0.7822 -0.2553 -0.5683
vn -0.3387 -0.8650 -0.3703
vn -0.2193 -0.8581 -0.4644
vn 0.4877 -0.8390 -0.2415
vn -0.4307 0.8481 0.3086
vn -0.9319 0.1829 0.3133
vn -0.9593 0.2345 0.1573
vn -0.9453 -0.2353 -0.2261
vn -0.9623 -0.0715 -0.2625
vn -0.9140 0.0438 0.4033
vn -0.3538 0.5153 0.7806
vn 0.4508 0.8658 0.2171
vn -0.4809 0.8500 -0.2152
vn 0.4006 0.8632 -0.3073
vn 0.3358 0.5282 -0.7799
vn 0.9245 0.2167 -0.3137
vn 0.9499 0.2702 -0.1572
vn 0.9595 0.2790 -0.0385
vn 0.8776 -0.4242 -0.2232
vn 0.9532 -0.2010 0.2258
vn 0.9035 -0.4247 0.0576
vn 0.3859 -0.9032 0.1877
vn 0.8955 -0.1994 -0.3980
vn 0.3377 -0.6223 -0.7062
vn 0.3249 -0.9130 -0.2467
vn -0.2947 -0.9238 0.2443
vn -0.3159 -0.6361 0.7040
vn 0.4975 -0.6126 0.6142
vn 0.5032 -0.1749 0.8463
vn -0.2965 -0.1899 0.9360
vn -0.3030 0.1770 0.9364
vn -0.8974 -0.0701 0.4355
vn -0.8876 -0.2328 0.3975
vn 0.4968 0.1914 0.8465
vn -0.8994 0.0367 0.4356
vn -0.8955 0.1994 0.3980
vn -0.3377 0.6223 0.7062
vn -0.9636 -0.2322 -0.1326
vn -0.8776 0.4242 0.2232
vn -0.9595 -0.2790 0.0385
vn -0.9035 0.4246 -0.0576
vn -0.9499 -0.2701 0.1572
vn -0.4006 -0.8632 0.3073
vn -0.4508 -0.8658 -0.2171
vn 0.4307 -0.8481 -0.3086
vn -0.4920 -0.5268 -0.6931
vn 0.4809 -0.8500 0.2152
vn -0.4956 -0.1450 -0.8564
vn -0.9698 -0.0817 -0.2300
vn 0.3059 -0.1329 -0.9427
vn 0.3538 -0.5153 -0.7806
vn 0.9140 -0.0438 -0.4033
vn 0.9118 0.0767 -0.4034
vn 0.3012 0.1452 -0.9424
vn 0.9642 -0.0371 0.2624
vn 0.9623 0.0715 0.2625
vn 0.9453 0.2353 0.2261
vn 0.9319 -0.1829 -0.3133
vn 0.9593 -0.2345 -0.1573
vn 0.4760 0.6294 0.6142
vn 0.8873 0.4574 0.0583
vn 0.3561 0.9153 0.1880
vn -0.3249 0.9130 0.2467
vn -0.3860 0.9032 -0.1877
vn 0.2947 0.9238 -0.2443
vn -0.4975 0.6126 -0.6141
vn 0.3159 0.6360 -0.7040
vn -0.5032 0.1749 -0.8463
vn -0.9532 0.2010 -0.2258
vn -0.9642 0.0371 -0.2625
vn 0.2965 0.1899 -0.9360
vn -0.4967 -0.1915 -0.8465
vn 0.3030 -0.1770 -0.9364
vn 0.8974 0.0701 -0.4355
vn 0.8876 0.2328 -0.3975
vn 0.9714 -0.1979 0.1314
vn 0.9692 -0.2431 -0.0395
vn 0.8614 0.4567 -0.2222
vn 0.9721 -0.0480 0.2296
vn 0.5097 -0.5111 0.6921
vn 0.5002 -0.1291 0.8562
vn -0.3359 -0.5282 0.7799
vn -0.9118 -0.0767 0.4034
vn -0.9245 -0.2167 0.3137
vn -0.3012 -0.1452 0.9424
vn -0.3059 0.1329 0.9427
vn 0.4955 0.1450 0.8564
vn 0.9698 0.0817 0.2300
vn 0.4920 0.5268 0.6931
vn 0.9636 0.2322 0.1326
vn 0.8994 -0.0367 -0.4356
vn -0.4760 -0.6294 -0.6142
vn -0.8873 -0.4574 -0.0584
vn -0.3561 -0.9153 -0.1880
vn -0.8614 -0.4567 0.2222
vn -0.9692 0.2431 0.0395
vn -0.9714 0.1979 -0.1314
vn -0.5097 0.5111 -0.6921
vn -0.9721 0.0480 -0.2296
vn -0.5002 0.1291 -0.8562
vn -0.3281 0.8802 -0.3429
vn -0.3315 0.2178 -0.9180
vn -0.1537 0.2953 -0.9430
vn 0.3197 -0.2613 -0.9108
vn 0.3906 -0.0636 -0.9184
vn -0.4611 0.0683 -0.8847
vn -0.7954 0.5225 -0.3071
vn -0.2895 0.8776 0.3821
vn 0.0216 0.2935 -0.9557
vn 0.2585 0.8880 -0.3803
vn 0.2968 0.8907 0.3443
vn 0.1438 0.2975 0.9438
vn -0.0313 0.2918 0.9560
vn -0.2044 0.2112 0.9558
vn -0.7519 0.5218 0.4029
vn -0.3312 0.0660 0.9413
vn -0.9127 0.1288 0.3879
vn -0.9529 0.1281 -0.2749
vn -0.9076 -0.1617 0.3874
vn -0.9478 -0.1613 -0.2749
vn -0.4582 -0.0836 -0.8849
vn -0.7762 -0.5504 -0.3074
vn -0.3229 -0.2275 -0.9187
vn 0.3885 0.0788 -0.9181
vn 0.9101 0.1997 -0.3630
vn 0.3112 0.2751 -0.9097
vn 0.6940 0.6362 -0.3370
vn 0.0740 0.4546 -0.8876
vn -0.1438 -0.2975 -0.9438
vn 0.0313 -0.2918 -0.9560
vn -0.2969 -0.8907 -0.3443
vn -0.7334 -0.5487 0.4014
vn -0.2592 -0.8878 0.3804
vn 0.2895 -0.8776 -0.3821
vn 0.2044 -0.2112 -0.9558
vn 0.7524 -0.5211 -0.4029
vn 0.3281 -0.8802 0.3429
vn 0.9126 -0.1288 -0.3880
vn 0.7954 -0.5225 0.3071
vn 0.3311 -0.0660 -0.9413
vn 0.9529 -0.1281 0.2750
vn 0.4609 -0.0688 0.8848
vn 0.3316 -0.2178 0.9179
vn -0.3906 0.0636 0.9184
vn -0.3885 -0.0788 0.9181
vn 0.4581 0.0836 0.8850
vn 0.9478 0.1613 0.2749
vn 0.9076 0.1617 -0.3874
vn 0.7334 0.5487 -0.4014
vn 0.7762 0.5505 0.3074
vn 0.3229 0.2275 0.9187
vn -0.3112 -0.2751 0.9097
vn -0.0740 -0.4546 0.8876
vn -0.6940 -0.6362 0.3370
vn -0.9101 -0.1998 0.3630
vn -0.7340 -0.6288 -0.2566
vn -0.9167 0.1657 0.3637
vn -0.9463 -0.1987 -0.2551
vn -0.4350 -0.2760 -0.8571
vn -0.1949 -0.4554 -0.8687
vn -0.2728 -0.9272 -0.2567
vn -0.2251 -0.9320 0.2841
vn 0.3038 -0.9176 0.2565
vn 0.2115 -0.4488 0.8682
vn 0.7558 -0.6022 0.2571
vn 0.2564 -0.9231 -0.2867
vn 0.7162 -0.6096 -0.3398
vn 0.0905 -0.4487 -0.8891
vn 0.9167 -0.1657 -0.3637
vn 0.9528 -0.1646 0.2551
vn 0.5160 -0.0634 0.8542
vn 0.4437 -0.2614 0.8572
vn 0.9463 0.1987 0.2551
vn 0.5139 0.0796 0.8542
vn 0.4350 0.2760 0.8571
vn 0.7340 0.6289 0.2566
vn 0.2728 0.9272 0.2567
vn 0.1949 0.4554 0.8687
vn -0.0216 -0.2935 0.9557
vn -0.0905 0.4487 0.8891
vn -0.2564 0.9231 0.2867
vn -0.1962 -0.2200 0.9556
vn 0.1537 -0.2953 0.9430
vn -0.3197 0.2613 0.9108
vn -0.7162 0.6096 0.3398
vn -0.3038 0.9175 -0.2565
vn -0.7558 0.6022 -0.2571
vn -0.2115 0.4488 -0.8683
vn -0.9528 0.1646 -0.2551
vn -0.4437 0.2614 -0.8572
vn 0.2251 0.9320 -0.2841
vn -0.5160 0.0634 -0.8542
vn -0.5139 -0.0796 -0.8542
vn 0.1962 0.2200 -0.9556
vn 0.3284 0.0801 -0.9411
vn -0.3284 -0.0801 0.9411
vn -0.4020 0.6239 -0.6702
vn -0.4311 0.1006 -0.8967
vn 0.2366 0.0940 -0.9670
vn -0.4683 0.6945 -0.5463
vn 0.2128 0.6443 -0.7345
vn 0.3002 0.7238 -0.6213
vn 0.4281 -0.3103 -0.8488
vn -0.6170 -0.2792 -0.7357
vn 0.8955 -0.1993 -0.3980
vn -0.8873 -0.4574 -0.0583
vn -0.2946 -0.9239 0.2443
vn 0.4975 -0.6127 0.6141
vn -0.9714 0.1978 -0.1314
vn -0.9697 -0.0817 -0.2300
vn -0.4955 -0.1450 -0.8564
vn -0.3859 0.9032 -0.1877
vn 0.3159 0.6361 -0.7040
vn -0.9642 0.0371 -0.2624
vn -0.3358 -0.5282 0.7799
vn 0.9721 -0.0480 0.2297
vn 0.8975 0.0701 -0.4355
vn -0.4610 0.0683 -0.8848
vn 0.0216 0.2936 -0.9557
vn -0.2906 0.8772 0.3822
vn -0.3311 0.0660 0.9413
vn -0.9126 0.1288 0.3880
vn -0.9529 0.1281 -0.2750
vn -0.1961 -0.2200 0.9556
vn 0.5139 0.0796 0.8541
vn 0.4351 0.2760 0.8571
vn 0.9101 0.1998 -0.3630
vn 0.9167 -0.1656 -0.3637
vn 0.2115 -0.4488 0.8683
vn -0.0313 0.2919 0.9559
vn -0.9101 -0.1998 0.3629
vn 0.4581 0.0836 0.8849
vn 0.4611 -0.0683 0.8847
vn 0.7762 0.5504 0.3074
vn 0.3286 0.0796 -0.9411
vn 0.1961 0.2200 -0.9556
vn -0.4351 -0.2760 -0.8571
vn -0.5139 -0.0796 -0.8541
vn 0.3312 -0.0660 -0.9413
vn 0.9127 -0.1288 -0.3879
vn 0.2906 -0.8772 -0.3822
vn 0.0313 -0.2919 -0.9559
vn -0.2115 0.4488 -0.8682
vn -0.3196 0.2613 0.9108
vn -0.0905 0.4488 0.8891
vn 0.7340 0.6289 0.2565
vn -0.7340 -0.6289 -0.2565
vn -0.1949 -0.4555 -0.8686
vn -0.3537 0.5153 0.7806
vn 0.9499 0.2701 -0.1572
vn -0.3060 0.1329 0.9427
vn 0.4308 -0.8481 -0.3086
vn 0.3537 -0.5153 -0.7806
vn -0.9721 0.0480 -0.2297
vn -0.8975 -0.0701 0.4355
vn -0.9035 0.4247 -0.0576
vn -0.4975 0.6126 -0.6142
vn -0.4968 -0.1915 -0.8465
vn 0.4975 -0.6126 0.6141
vn 0.4967 0.1915 0.8465
vn 0.8873 0.4574 0.0584
vn 0.9714 -0.1978 0.1314
vn -0.3316 0.2178 -0.9179
vn 0.3197 -0.2614 -0.9108
vn 0.7330 0.5491 -0.4014
vn -0.3111 -0.2750 0.9097
vn 0.4582 0.0836 0.8849
vn -0.6940 -0.6362 0.3371
vn -0.9167 0.1656 0.3637
vn -0.5161 0.0634 -0.8542
vn -0.2585 -0.8880 0.3803
vn -0.2968 -0.8907 -0.3443
vn 0.7955 -0.5224 0.3071
vn 0.9126 -0.1288 -0.3879
vn -0.1949 -0.4555 -0.8687
vn 0.3111 0.2751 -0.9097
vn -0.7524 0.5211 0.4029
vn -0.9126 0.1288 0.3879
vn -0.7330 -0.5491 0.4014
vn -0.4581 -0.0836 -0.8850
vn -0.3038 0.9176 -0.2564
vn 0.2727 0.9272 0.2567
vn 0.1949 0.4555 0.8687
vn -0.0216 -0.2936 0.9557
vn -0.7162 0.6096 0.3397
vn 0.4975 -0.6127 0.6142
vn -0.8776 0.4243 0.2232
vn 0.8614 0.4567 -0.2221
vn -0.5033 0.1749 -0.8463
vn -0.4760 -0.6295 -0.6142
vn -0.4921 -0.5268 -0.6931
vn 0.9692 -0.2432 -0.0395
vn 0.9697 0.0817 0.2300
vn 0.4921 0.5268 0.6931
vn -0.9499 -0.2702 0.1572
vn -0.8955 0.1993 0.3980
vn 0.2969 0.8907 0.3443
vn -0.3312 0.0660 0.9412
vn -0.3285 -0.0801 0.9411
vn -0.7762 -0.5505 -0.3074
vn 0.9101 0.1997 -0.3631
vn -0.3906 0.0636 0.9183
vn 0.4610 -0.0683 0.8848
vn -0.9101 -0.1997 0.3630
vn -0.3038 0.9176 -0.2565
vn 0.7340 0.6288 0.2566
vn -0.4306 0.8481 0.3086
vn 0.4508 0.8658 0.2170
vn 0.9595 0.2790 -0.0386
vn -0.8614 -0.4567 0.2221
vn 0.8614 0.4568 -0.2222
vn 0.2946 0.9239 -0.2443
vn 0.3011 0.1452 -0.9425
vn 0.4956 0.1450 0.8564
vn 0.3906 -0.0636 -0.9183
vn -0.2905 0.8772 0.3822
vn -0.3286 -0.0796 0.9411
vn -0.3229 -0.2274 -0.9187
vn 0.5161 -0.0635 0.8542
vn 0.3315 -0.2178 0.9180
vn 0.9642 -0.0371 0.2625
vn 0.4760 0.6295 0.6142
vn 0.9452 0.2353 0.2261
vn 0.3060 -0.1329 -0.9427
vn -0.4975 0.6127 -0.6141
vn 0.8777 -0.4244 -0.2226
vn -0.8777 0.4244 0.2226
vn -0.3159 -0.6360 0.7041
vn 0.4351 0.2760 0.8570
vn 0.9463 0.1987 0.2550
vn -0.2728 -0.9272 -0.2568
vn -0.5138 -0.0796 -0.8542
vn 0.0905 -0.4488 -0.8891
vn 0.9035 -0.4246 0.0576
vn -0.2946 -0.9238 0.2443
vn 0.4968 0.1915 0.8465
vn -0.8994 0.0367 0.4355
vn -0.3012 -0.1452 0.9425
vn -0.4968 -0.1914 -0.8465
vn 0.3012 0.1452 -0.9425
vn -0.9692 0.2432 0.0395
vn 0.3285 0.0801 -0.9411
vn -0.7340 -0.6289 -0.2566
vn -0.9452 -0.2353 -0.2261
vn -0.8954 0.1994 0.3980
vn 0.5096 -0.5112 0.6921
vn -0.8874 -0.4574 -0.0584
vn -0.6471 -0.6566 0.3875
vn -0.7153 0.0941 0.6925
vn -0.8702 0.2755 0.4085
vn -0.8941 -0.4067 0.1875
vn -0.2978 0.7751 0.5573
vn -0.3953 0.8103 0.4325
vn -0.0805 0.7681 0.6352
vn -0.1771 -0.7685 0.6148
vn -0.2033 0.0221 0.9789
vn 0.1174 0.7742 0.6219
vn -0.1709 0.9826 0.0734
vn 0.0693 0.9964 0.0484
vn -0.3711 0.7325 -0.5708
vn 0.2499 0.9562 0.1523
vn 0.1867 0.7649 -0.6166
vn 0.6694 0.6439 -0.3705
vn 0.2421 0.9345 0.2610
vn 0.8046 0.5908 -0.0600
vn 0.6903 -0.1914 -0.6977
vn 0.9110 -0.1940 -0.3640
vn 0.3075 -0.8540 -0.4197
vn 0.2039 -0.8437 -0.4965
vn -0.4634 -0.8737 -0.1479
vn -0.2681 -0.9628 -0.0332
vn -0.0503 -0.9981 0.0352
vn 0.0706 -0.8301 -0.5531
vn 0.2093 -0.1142 -0.9712
vn -0.3642 -0.1453 -0.9199
vn -0.0826 -0.8370 -0.5409
vn 0.1508 -0.9883 0.0239
vn 0.3700 -0.7366 0.5662
vn 0.3591 -0.9300 -0.0786
vn 0.7730 -0.5693 0.2798
vn 0.3826 0.0506 0.9225
vn 0.9546 -0.2953 0.0392
vn 0.8830 0.3818 0.2732
vn 0.8162 0.1721 0.5515
vn 0.3710 0.8517 0.3701
vn 0.3304 0.7972 0.5054
vn -0.3064 0.9288 0.2086
vn -0.7901 0.5624 -0.2438
vn -0.2940 0.9048 0.3082
vn -0.8625 0.4994 0.0822
vn -0.9395 -0.2713 -0.2092
vn -0.7772 -0.2699 -0.5684
vn -0.3225 -0.8710 -0.3705
vn -0.2037 -0.8617 -0.4647
vn 0.5037 -0.8294 -0.2417
vt 0.479237 0.398634
vt 0.468453 0.226083
vt 0.479237 0.226083
vt 0.409120 0.058575
vt 0.311729 0.123650
vt 0.376804 0.221041
vt 0.144921 0.398634
vt 0.134136 0.226083
vt 0.144921 0.226083
vt 0.155705 0.398634
vt 0.155705 0.226083
vt 0.188716 0.063288
vt 0.296931 0.108112
vt 0.252107 0.216328
vt 0.166490 0.398634
vt 0.166490 0.226083
vt 0.177274 0.398634
vt 0.177274 0.226083
vt 0.188058 0.398634
vt 0.188058 0.226083
vt 0.198843 0.398634
vt 0.198843 0.226083
vt 0.209627 0.398634
vt 0.209627 0.226083
vt 0.220412 0.398634
vt 0.220412 0.226083
vt 0.231196 0.398634
vt 0.231196 0.226083
vt 0.241980 0.398634
vt 0.241980 0.226083
vt 0.252765 0.398634
vt 0.252765 0.226083
vt 0.263549 0.398634
vt 0.263549 0.226083
vt 0.274334 0.398634
vt 0.274334 0.226083
vt 0.285118 0.398634
vt 0.285118 0.226083
vt 0.295902 0.398634
vt 0.295902 0.226083
vt 0.306687 0.398634
vt 0.306687 0.226083
vt 0.317471 0.398634
vt 0.317471 0.226083
vt 0.328256 0.398634
vt 0.328256 0.226083
vt 0.339040 0.398634
vt 0.339040 0.226083
vt 0.349824 0.398634
vt 0.349824 0.226083
vt 0.360609 0.398634
vt 0.360609 0.226083
vt 0.371393 0.398634
vt 0.371393 0.226083
vt 0.382178 0.398634
vt 0.382178 0.226083
vt 0.392962 0.398634
vt 0.392962 0.226083
vt 0.403746 0.226083
vt 0.414531 0.226083
vt 0.403746 0.398634
vt 0.425315 0.226083
vt 0.414531 0.398634
vt 0.436100 0.226083
vt 0.425315 0.398634
vt 0.446884 0.226083
vt 0.436100 0.398634
vt 0.457668 0.398634
vt 0.457668 0.226083
vt 0.468453 0.398634
vt 0.674505 0.712220
vt 0.678136 0.712220
vt 0.679107 0.702365
vt 0.781762 0.722784
vt 0.781762 0.701656
vt 0.779171 0.712220
vt 0.785058 0.768625
vt 0.778008 0.881434
vt 0.778008 0.768625
vt 0.566490 0.768625
vt 0.559439 0.881434
vt 0.559439 0.768625
vt 0.573541 0.768625
vt 0.566490 0.881434
vt 0.615844 0.658071
vt 0.625699 0.662673
vt 0.615844 0.661703
vt 0.615844 0.766368
vt 0.605989 0.761766
vt 0.615844 0.762737
vt 0.580591 0.768625
vt 0.573541 0.881434
vt 0.587642 0.768625
vt 0.580591 0.881434
vt 0.594692 0.881434
vt 0.594692 0.768625
vt 0.601743 0.881434
vt 0.601743 0.768625
vt 0.608793 0.768625
vt 0.615844 0.881434
vt 0.615844 0.768625
vt 0.622895 0.881434
vt 0.622895 0.768625
vt 0.629945 0.881434
vt 0.629945 0.768625
vt 0.636996 0.881434
vt 0.636996 0.768625
vt 0.644046 0.768625
vt 0.651097 0.881434
vt 0.651097 0.768625
vt 0.658148 0.881434
vt 0.658148 0.768625
vt 0.665198 0.881434
vt 0.665198 0.768625
vt 0.672249 0.881434
vt 0.672249 0.768625
vt 0.679299 0.881434
vt 0.679299 0.768625
vt 0.686350 0.881434
vt 0.686350 0.768625
vt 0.693401 0.881434
vt 0.693401 0.768625
vt 0.700451 0.881434
vt 0.700451 0.768625
vt 0.707502 0.881434
vt 0.707502 0.768625
vt 0.714552 0.881434
vt 0.714552 0.768625
vt 0.721603 0.881434
vt 0.721603 0.768625
vt 0.728654 0.881434
vt 0.728654 0.768625
vt 0.735704 0.881434
vt 0.735704 0.768625
vt 0.742755 0.768625
vt 0.749805 0.768625
vt 0.742755 0.881434
vt 0.756856 0.768625
vt 0.749805 0.881434
vt 0.763906 0.768625
vt 0.756856 0.881434
vt 0.770957 0.881434
vt 0.770957 0.768625
vt 0.778008 0.807745
vt 0.785058 0.830571
vt 0.785058 0.807745
vt 0.566490 0.807745
vt 0.559439 0.830571
vt 0.566490 0.830571
vt 0.573541 0.830571
vt 0.573541 0.807745
vt 0.580591 0.830571
vt 0.580591 0.807745
vt 0.587642 0.807745
vt 0.594692 0.830571
vt 0.594692 0.807745
vt 0.601743 0.830571
vt 0.601743 0.807745
vt 0.608793 0.807745
vt 0.608793 0.830571
vt 0.615844 0.807745
vt 0.622895 0.830571
vt 0.622895 0.807745
vt 0.629945 0.830571
vt 0.629945 0.807745
vt 0.636996 0.807745
vt 0.636996 0.830571
vt 0.644046 0.807745
vt 0.644046 0.830571
vt 0.651097 0.830571
vt 0.651097 0.807745
vt 0.658148 0.807745
vt 0.658148 0.830571
vt 0.665198 0.807745
vt 0.665198 0.830571
vt 0.672249 0.830571
vt 0.672249 0.807745
vt 0.679299 0.830571
vt 0.679299 0.807745
vt 0.686350 0.807745
vt 0.686350 0.830571
vt 0.693401 0.807745
vt 0.693401 0.830571
vt 0.700451 0.807745
vt 0.700451 0.830571
vt 0.707502 0.807745
vt 0.707502 0.830571
vt 0.714552 0.807745
vt 0.714552 0.830571
vt 0.721603 0.807745
vt 0.721603 0.830571
vt 0.728654 0.807745
vt 0.735704 0.807745
vt 0.728654 0.830571
vt 0.735704 0.830571
vt 0.742755 0.807745
vt 0.742755 0.830571
vt 0.749805 0.807745
vt 0.749805 0.830571
vt 0.756856 0.807745
vt 0.756856 0.830571
vt 0.763906 0.807745
vt 0.763906 0.830571
vt 0.770957 0.830571
vt 0.770957 0.807745
vt 0.778008 0.830571
vt 0.273716 0.623723
vt 0.283566 0.624693
vt 0.262031 0.615469
vt 0.273716 0.724707
vt 0.263865 0.723736
vt 0.285401 0.732960
vt 0.336108 0.861391
vt 0.328309 0.736607
vt 0.336108 0.736607
vt 0.094339 0.861391
vt 0.086540 0.736607
vt 0.094339 0.736607
vt 0.102138 0.861391
vt 0.102138 0.736607
vt 0.159490 0.621134
vt 0.148932 0.620094
vt 0.148932 0.614318
vt 0.138373 0.727296
vt 0.148932 0.728336
vt 0.148932 0.734111
vt 0.109937 0.861391
vt 0.109937 0.736607
vt 0.117736 0.861391
vt 0.117736 0.736607
vt 0.125535 0.861391
vt 0.125535 0.736607
vt 0.133334 0.736607
vt 0.141133 0.861391
vt 0.141133 0.736607
vt 0.148932 0.736607
vt 0.156731 0.736607
vt 0.148932 0.861391
vt 0.164530 0.861391
vt 0.164530 0.736607
vt 0.172329 0.736607
vt 0.180128 0.736607
vt 0.172329 0.861391
vt 0.187927 0.736607
vt 0.180128 0.861391
vt 0.195726 0.736607
vt 0.187927 0.861391
vt 0.203525 0.736607
vt 0.195726 0.861391
vt 0.211324 0.861391
vt 0.211324 0.736607
vt 0.219123 0.861391
vt 0.219123 0.736607
vt 0.226922 0.861391
vt 0.226922 0.736607
vt 0.234721 0.736607
vt 0.242520 0.736607
vt 0.234721 0.861391
vt 0.250319 0.861391
vt 0.250319 0.736607
vt 0.258118 0.861391
vt 0.258118 0.736607
vt 0.265917 0.861391
vt 0.265917 0.736607
vt 0.273716 0.861391
vt 0.273716 0.736607
vt 0.281515 0.861391
vt 0.281515 0.736607
vt 0.289314 0.861391
vt 0.289314 0.736607
vt 0.297113 0.861391
vt 0.297113 0.736607
vt 0.304912 0.861391
vt 0.304912 0.736607
vt 0.312711 0.861391
vt 0.312711 0.736607
vt 0.320510 0.861391
vt 0.320510 0.736607
vt 0.328309 0.861391
vt 0.273716 0.730094
vt 0.273716 0.734111
vt 0.250795 0.729552
vt 0.284618 0.619409
vt 0.285401 0.615469
vt 0.328309 0.833032
vt 0.086540 0.833032
vt 0.094339 0.833032
vt 0.109937 0.833032
vt 0.102138 0.833032
vt 0.117736 0.833032
vt 0.125535 0.833032
vt 0.133334 0.833032
vt 0.141133 0.833032
vt 0.148932 0.833032
vt 0.164530 0.833032
vt 0.156731 0.833032
vt 0.172329 0.833032
vt 0.180128 0.833032
vt 0.187927 0.833032
vt 0.195726 0.833032
vt 0.203525 0.833032
vt 0.211324 0.833032
vt 0.219123 0.833032
vt 0.226922 0.833032
vt 0.242520 0.833032
vt 0.234721 0.833032
vt 0.250319 0.833032
vt 0.258118 0.833032
vt 0.265917 0.833032
vt 0.273716 0.833032
vt 0.289314 0.833032
vt 0.281515 0.833032
vt 0.297113 0.833032
vt 0.312711 0.833032
vt 0.304912 0.833032
vt 0.320510 0.833032
vt 0.328309 0.798096
vt 0.336108 0.806529
vt 0.336108 0.798096
vt 0.086540 0.798096
vt 0.094339 0.806529
vt 0.094339 0.798096
vt 0.102138 0.798096
vt 0.109937 0.806529
vt 0.102138 0.806529
vt 0.117736 0.798096
vt 0.109937 0.798096
vt 0.117736 0.806529
vt 0.125535 0.798096
vt 0.133334 0.798096
vt 0.125535 0.806529
vt 0.133334 0.806529
vt 0.141133 0.806529
vt 0.148932 0.806529
vt 0.141133 0.798096
vt 0.148932 0.798096
vt 0.156731 0.806529
vt 0.156731 0.798096
vt 0.164530 0.798096
vt 0.164530 0.806529
vt 0.172329 0.798096
vt 0.180128 0.806529
vt 0.180128 0.798096
vt 0.187927 0.806529
vt 0.187927 0.798096
vt 0.195726 0.806529
vt 0.195726 0.798096
vt 0.203525 0.806529
vt 0.211324 0.806529
vt 0.203525 0.798096
vt 0.219123 0.806529
vt 0.211324 0.798096
vt 0.226922 0.806529
vt 0.219123 0.798096
vt 0.226922 0.798096
vt 0.234721 0.806529
vt 0.234721 0.798096
vt 0.242520 0.806529
vt 0.250319 0.798096
vt 0.242520 0.798096
vt 0.250319 0.806529
vt 0.258118 0.798096
vt 0.265917 0.806529
vt 0.265917 0.798096
vt 0.273716 0.806529
vt 0.273716 0.798096
vt 0.281515 0.798096
vt 0.289314 0.806529
vt 0.289314 0.798096
vt 0.297113 0.798096
vt 0.297113 0.806529
vt 0.304912 0.798096
vt 0.304912 0.806529
vt 0.312711 0.798096
vt 0.312711 0.806529
vt 0.320510 0.798096
vt 0.320510 0.806529
vt 0.000000 0.000000
vt 0.392962 0.222632
vt 0.409120 0.221041
vt 0.424658 0.216328
vt 0.438977 0.208674
vt 0.451528 0.198373
vt 0.461828 0.185823
vt 0.469482 0.171503
vt 0.474195 0.155966
vt 0.475786 0.139808
vt 0.474195 0.123650
vt 0.469482 0.108112
vt 0.461828 0.093793
vt 0.451528 0.081242
vt 0.438977 0.070942
vt 0.424658 0.063288
vt 0.392962 0.056984
vt 0.376804 0.058575
vt 0.361266 0.063288
vt 0.346947 0.070942
vt 0.334396 0.081242
vt 0.324096 0.093793
vt 0.316442 0.108112
vt 0.310138 0.139808
vt 0.311729 0.155966
vt 0.316442 0.171503
vt 0.324096 0.185823
vt 0.334396 0.198373
vt 0.346947 0.208674
vt 0.361266 0.216328
vt 0.134136 0.398634
vt 0.236570 0.221041
vt 0.220412 0.222632
vt 0.204253 0.221041
vt 0.188716 0.216328
vt 0.174397 0.208674
vt 0.161846 0.198373
vt 0.151546 0.185823
vt 0.143892 0.171503
vt 0.139179 0.155966
vt 0.137587 0.139808
vt 0.139179 0.123650
vt 0.143892 0.108112
vt 0.151546 0.093793
vt 0.161846 0.081242
vt 0.174397 0.070942
vt 0.204253 0.058575
vt 0.220412 0.056984
vt 0.236570 0.058575
vt 0.252107 0.063288
vt 0.266426 0.070942
vt 0.278977 0.081242
vt 0.289277 0.093793
vt 0.301644 0.123650
vt 0.303236 0.139808
vt 0.301644 0.155966
vt 0.296931 0.171503
vt 0.289277 0.185823
vt 0.278977 0.198373
vt 0.266426 0.208674
vt 0.446884 0.398634
vt 0.778200 0.702365
vt 0.778680 0.691498
vt 0.773676 0.682137
vt 0.766942 0.673931
vt 0.758737 0.667197
vt 0.749375 0.662193
vt 0.739217 0.659112
vt 0.728654 0.658071
vt 0.718090 0.659112
vt 0.707932 0.662193
vt 0.698570 0.667197
vt 0.690365 0.673931
vt 0.683631 0.682137
vt 0.678627 0.691498
vt 0.675545 0.701656
vt 0.675545 0.722784
vt 0.678627 0.732942
vt 0.683631 0.742303
vt 0.690365 0.750509
vt 0.698570 0.757243
vt 0.707932 0.762247
vt 0.718090 0.765328
vt 0.728654 0.766368
vt 0.739217 0.765328
vt 0.749375 0.762247
vt 0.758737 0.757243
vt 0.766942 0.750509
vt 0.773676 0.742303
vt 0.778680 0.732942
vt 0.778200 0.722075
vt 0.775325 0.731552
vt 0.775325 0.692888
vt 0.770657 0.684154
vt 0.770657 0.740286
vt 0.764375 0.676499
vt 0.764375 0.747941
vt 0.756719 0.754223
vt 0.756719 0.670217
vt 0.747986 0.758892
vt 0.747986 0.665548
vt 0.738509 0.662673
vt 0.738509 0.761766
vt 0.728654 0.661703
vt 0.728654 0.762737
vt 0.718798 0.761766
vt 0.718798 0.662673
vt 0.709321 0.758892
vt 0.709321 0.665548
vt 0.700588 0.670217
vt 0.700588 0.754223
vt 0.692933 0.676499
vt 0.692933 0.747941
vt 0.686650 0.740286
vt 0.686650 0.684154
vt 0.681982 0.731552
vt 0.681982 0.692888
vt 0.679107 0.722075
vt 0.782802 0.712220
vt 0.785058 0.881434
vt 0.566298 0.702365
vt 0.565327 0.712220
vt 0.561695 0.712220
vt 0.562736 0.701656
vt 0.565817 0.691498
vt 0.570821 0.682137
vt 0.577555 0.673931
vt 0.585761 0.667197
vt 0.595122 0.662193
vt 0.605280 0.659112
vt 0.626408 0.659112
vt 0.636566 0.662193
vt 0.645927 0.667197
vt 0.654133 0.673931
vt 0.660867 0.682137
vt 0.665871 0.691498
vt 0.668952 0.701656
vt 0.669993 0.712220
vt 0.666361 0.712220
vt 0.665390 0.702365
vt 0.662516 0.692888
vt 0.569172 0.692888
vt 0.657848 0.684154
vt 0.573841 0.684154
vt 0.651565 0.676499
vt 0.580123 0.676499
vt 0.587778 0.670217
vt 0.643910 0.670217
vt 0.596512 0.665548
vt 0.635176 0.665548
vt 0.605989 0.662673
vt 0.665390 0.722075
vt 0.668952 0.722784
vt 0.665871 0.732942
vt 0.660867 0.742303
vt 0.654133 0.750509
vt 0.645927 0.757243
vt 0.636566 0.762247
vt 0.626408 0.765328
vt 0.605280 0.765328
vt 0.595122 0.762247
vt 0.585761 0.757243
vt 0.577555 0.750509
vt 0.570821 0.742303
vt 0.565817 0.732942
vt 0.562736 0.722784
vt 0.566298 0.722075
vt 0.569172 0.731552
vt 0.662516 0.731552
vt 0.573841 0.740286
vt 0.657848 0.740286
vt 0.580123 0.747941
vt 0.651565 0.747941
vt 0.643910 0.754223
vt 0.587778 0.754223
vt 0.635176 0.758892
vt 0.596512 0.758892
vt 0.625700 0.761766
vt 0.587642 0.881434
vt 0.608793 0.881434
vt 0.644046 0.881434
vt 0.763906 0.881434
vt 0.559439 0.807745
vt 0.587642 0.830571
vt 0.615844 0.830571
vt 0.214970 0.662530
vt 0.213820 0.674215
vt 0.223224 0.674215
vt 0.224194 0.664364
vt 0.223914 0.640938
vt 0.218379 0.651294
vt 0.240439 0.624413
vt 0.231363 0.631862
vt 0.250795 0.618878
vt 0.273716 0.614318
vt 0.306993 0.624413
vt 0.296637 0.618878
vt 0.323518 0.640938
vt 0.316069 0.631862
vt 0.332461 0.662530
vt 0.329053 0.651294
vt 0.324208 0.674215
vt 0.333612 0.674215
vt 0.323237 0.664364
vt 0.227068 0.654893
vt 0.320364 0.654893
vt 0.315698 0.646163
vt 0.231734 0.646163
vt 0.238013 0.638512
vt 0.309419 0.638512
vt 0.245664 0.632233
vt 0.301768 0.632233
vt 0.293038 0.627567
vt 0.254394 0.627567
vt 0.263865 0.624693
vt 0.332461 0.685900
vt 0.323237 0.684065
vt 0.323518 0.707492
vt 0.329053 0.697136
vt 0.306993 0.724017
vt 0.316069 0.716568
vt 0.296637 0.729552
vt 0.262031 0.732960
vt 0.240439 0.724017
vt 0.223914 0.707492
vt 0.231363 0.716568
vt 0.214970 0.685900
vt 0.218379 0.697136
vt 0.224194 0.684065
vt 0.320364 0.693537
vt 0.227068 0.693537
vt 0.231734 0.702267
vt 0.315698 0.702267
vt 0.309419 0.709918
vt 0.238013 0.709918
vt 0.301768 0.716197
vt 0.245664 0.716197
vt 0.254394 0.720863
vt 0.293038 0.720863
vt 0.283566 0.723736
vt 0.086540 0.861391
vt 0.095850 0.663656
vt 0.094810 0.674215
vt 0.089035 0.674215
vt 0.090186 0.662530
vt 0.093595 0.651294
vt 0.099130 0.640938
vt 0.106579 0.631862
vt 0.115655 0.624413
vt 0.126010 0.618878
vt 0.137247 0.615469
vt 0.160617 0.615469
vt 0.171853 0.618878
vt 0.182208 0.624413
vt 0.191285 0.631862
vt 0.198734 0.640938
vt 0.204269 0.651294
vt 0.207677 0.662530
vt 0.208828 0.674215
vt 0.203053 0.674215
vt 0.202013 0.663656
vt 0.198933 0.653504
vt 0.098930 0.653504
vt 0.193932 0.644147
vt 0.103931 0.644147
vt 0.110662 0.635945
vt 0.187201 0.635945
vt 0.179000 0.629215
vt 0.118863 0.629215
vt 0.128220 0.624213
vt 0.169643 0.624213
vt 0.138373 0.621134
vt 0.202013 0.684773
vt 0.207677 0.685900
vt 0.204269 0.697136
vt 0.198734 0.707492
vt 0.191285 0.716568
vt 0.182208 0.724017
vt 0.171853 0.729552
vt 0.160617 0.732960
vt 0.137247 0.732960
vt 0.126010 0.729552
vt 0.115655 0.724017
vt 0.106579 0.716568
vt 0.099130 0.707492
vt 0.093595 0.697136
vt 0.090186 0.685900
vt 0.095850 0.684773
vt 0.098930 0.694926
vt 0.198933 0.694926
vt 0.103931 0.704283
vt 0.193932 0.704283
vt 0.187201 0.712484
vt 0.110662 0.712484
vt 0.118863 0.719215
vt 0.179000 0.719215
vt 0.169643 0.724217
vt 0.128220 0.724217
vt 0.159490 0.727296
vt 0.133334 0.861391
vt 0.156731 0.861391
vt 0.203525 0.861391
vt 0.242520 0.861391
vt 0.218910 0.663313
vt 0.217836 0.674215
vt 0.328522 0.685116
vt 0.325342 0.695599
vt 0.218910 0.685116
vt 0.320178 0.705260
vt 0.222090 0.695599
vt 0.227254 0.705260
vt 0.313229 0.713728
vt 0.304761 0.720677
vt 0.234203 0.713728
vt 0.295100 0.725841
vt 0.242671 0.720677
vt 0.284617 0.729021
vt 0.252332 0.725841
vt 0.262814 0.729021
vt 0.329595 0.674215
vt 0.328522 0.663313
vt 0.222090 0.652831
vt 0.227254 0.643170
vt 0.325342 0.652831
vt 0.234203 0.634702
vt 0.320178 0.643170
vt 0.242671 0.627753
vt 0.313229 0.634702
vt 0.252332 0.622589
vt 0.304761 0.627753
vt 0.295100 0.622589
vt 0.262814 0.619409
vt 0.273716 0.618335
vt 0.336108 0.833032
vt 0.328309 0.806529
vt 0.086540 0.806529
vt 0.172329 0.806529
vt 0.258118 0.806529
vt 0.281515 0.806529
s 1
usemtl マテリアル.022
f 3/1/1 2/2/2 1/3/1
f 36/4/3 20/5/3 4/6/3
f 6/7/4 1/8/1 4/9/5
f 7/10/6 4/9/5 5/11/6
f 31/12/7 47/13/7 63/14/7
f 8/15/8 5/11/6 10/16/9
f 9/17/10 10/16/9 11/18/11
f 14/19/12 11/18/11 12/20/12
f 15/21/13 12/20/12 13/22/13
f 16/23/14 13/22/13 18/24/14
f 17/25/15 18/24/14 19/26/15
f 22/27/16 19/26/15 20/28/17
f 23/29/18 20/28/17 21/30/18
f 24/31/19 21/30/18 26/32/20
f 25/33/21 26/32/20 27/34/21
f 30/35/22 27/34/21 28/36/22
f 31/37/23 28/36/22 29/38/23
f 32/39/24 29/38/23 34/40/25
f 33/41/26 34/40/25 35/42/26
f 38/43/27 35/42/26 36/44/27
f 39/45/28 36/44/27 37/46/28
f 40/47/29 37/46/28 42/48/29
f 41/49/30 42/48/29 43/50/31
f 46/51/32 43/50/31 44/52/33
f 47/53/34 44/52/33 45/54/34
f 48/55/35 45/54/34 50/56/35
f 49/57/36 50/56/35 51/58/36
f 52/59/37 49/57/36 51/58/36
f 53/60/38 54/61/39 52/59/37
f 58/62/40 55/63/38 53/60/38
f 59/64/41 56/65/40 58/62/40
f 60/66/42 57/67/43 59/64/41
f 63/68/44 60/66/42 61/69/44
f 64/70/2 61/69/44 2/2/2
f 83/71/3 152/72/3 160/73/3
f 116/74/3 114/75/3 146/76/3
f 65/77/1 128/78/45 66/79/2
f 68/80/4 67/81/1 65/82/1
f 69/83/6 70/84/5 68/80/4
f 97/85/7 180/86/7 165/87/7
f 67/88/7 171/89/7 161/90/7
f 74/91/9 71/92/6 69/83/6
f 75/93/11 72/94/9 74/91/9
f 78/95/46 75/93/11 76/96/46
f 79/97/47 76/96/46 77/98/13
f 82/99/14 79/97/47 77/98/13
f 81/100/15 82/99/14 83/101/15
f 86/102/16 83/101/15 84/103/16
f 87/104/18 84/103/16 85/105/18
f 88/106/19 85/105/18 90/107/19
f 91/108/48 88/106/19 90/107/19
f 94/109/22 91/108/48 92/110/22
f 95/111/23 92/110/22 93/112/23
f 96/113/25 93/112/23 98/114/25
f 97/115/26 98/114/25 99/116/26
f 102/117/49 99/116/26 100/118/27
f 103/119/28 100/118/27 101/120/28
f 104/121/29 101/120/28 106/122/29
f 105/123/30 106/122/29 107/124/30
f 110/125/32 107/124/30 108/126/32
f 111/127/34 108/126/32 109/128/34
f 112/129/35 109/128/34 114/130/35
f 113/131/36 114/130/35 115/132/36
f 118/133/37 115/132/36 116/134/37
f 117/135/38 118/133/37 116/134/37
f 122/136/40 119/137/38 117/135/38
f 123/138/43 120/139/40 122/136/40
f 124/140/42 121/141/43 123/138/43
f 127/142/50 124/140/42 125/143/50
f 66/79/2 127/142/50 125/143/50
f 129/144/25 161/145/26 137/146/26
f 157/147/27 161/148/26 171/149/27
f 157/147/27 173/150/28 155/151/51
f 155/151/51 170/152/29 136/153/29
f 170/152/29 154/154/52 136/153/29
f 154/154/52 169/155/33 156/156/33
f 156/156/33 189/157/53 153/158/34
f 189/157/53 135/159/54 153/158/34
f 175/160/55 152/161/36 135/159/54
f 152/161/36 174/162/56 160/163/56
f 160/163/56 178/164/38 147/165/38
f 134/166/40 178/164/38 176/167/40
f 148/168/57 176/167/40 164/169/43
f 148/168/57 177/170/42 150/171/42
f 149/172/44 177/170/42 190/173/50
f 133/174/2 190/173/50 179/175/2
f 165/176/1 133/174/2 179/175/2
f 151/177/1 180/178/4 159/179/4
f 142/180/6 180/178/4 183/181/6
f 132/182/9 183/181/6 181/183/9
f 181/183/9 143/184/10 132/182/9
f 166/185/10 145/186/12 143/184/10
f 182/187/12 144/188/58 145/186/12
f 191/189/13 131/190/59 144/188/58
f 186/191/59 146/192/15 131/190/59
f 158/193/60 167/194/15 187/195/61
f 140/196/62 187/195/61 188/197/62
f 130/198/19 188/197/62 185/199/19
f 139/200/21 185/199/19 168/201/48
f 141/202/22 168/201/48 184/203/22
f 141/202/22 192/204/63 138/205/23
f 138/205/23 172/206/25 129/144/25
f 335/207/3 332/208/3 243/209/3
f 325/210/3 323/211/3 195/212/3
f 197/213/1 195/214/2 194/215/1
f 202/216/5 194/217/1 198/218/5
f 203/219/6 198/218/5 200/220/6
f 300/221/7 319/222/7 241/223/7
f 310/224/7 318/225/7 197/226/7
f 204/227/9 200/220/6 206/228/9
f 205/229/10 206/228/9 208/230/10
f 214/231/46 208/230/10 210/232/46
f 212/233/13 214/231/46 210/232/46
f 216/234/14 212/233/13 219/235/14
f 220/236/15 216/234/14 219/235/14
f 223/237/16 217/238/15 220/236/15
f 227/239/18 223/237/16 225/240/18
f 230/241/19 227/239/18 225/240/18
f 232/242/48 228/243/20 230/241/19
f 234/244/22 229/245/21 232/242/48
f 237/246/23 238/247/22 234/244/22
f 243/248/25 239/249/23 237/246/23
f 241/250/26 243/248/25 245/251/26
f 250/252/27 245/251/26 246/253/27
f 251/254/51 246/253/27 248/255/51
f 255/256/64 251/254/51 248/255/51
f 256/257/31 252/258/64 255/256/64
f 262/259/32 256/257/31 258/260/32
f 263/261/34 258/260/32 260/262/34
f 264/263/35 260/262/34 266/264/65
f 265/265/36 266/264/65 268/266/36
f 274/267/37 268/266/36 270/268/37
f 275/269/38 270/268/37 272/270/38
f 276/271/40 272/270/38 278/272/40
f 277/273/43 278/272/40 280/274/43
f 286/275/66 280/274/43 283/276/42
f 287/277/44 283/276/42 284/278/44
f 288/279/2 284/278/44 195/214/2
f 373/280/7 193/281/7 201/282/7
f 353/283/7 242/209/7 247/284/7
f 294/285/24 193/215/26 196/214/25
f 318/286/26 199/218/27 193/217/26
f 310/287/27 201/220/51 199/218/27
f 311/288/29 201/220/51 312/289/51
f 314/290/30 207/228/29 311/288/29
f 313/291/32 209/230/52 314/290/30
f 313/291/32 213/233/34 211/232/32
f 316/292/53 218/235/55 213/233/34
f 315/293/55 221/236/36 218/235/55
f 320/294/36 222/237/67 221/236/36
f 306/295/38 222/237/67 308/296/56
f 307/297/40 224/240/68 306/295/38
f 309/298/57 231/241/69 307/297/40
f 304/299/42 233/242/43 309/298/57
f 305/300/50 235/244/42 304/299/42
f 303/301/2 236/246/44 305/300/50
f 319/302/1 242/248/45 303/301/2
f 300/303/4 244/251/1 319/302/1
f 300/303/4 249/255/70 247/253/4
f 301/304/6 254/256/9 249/255/70
f 302/305/71 254/256/9 299/306/9
f 302/305/71 259/260/12 257/257/10
f 297/307/46 261/262/13 259/260/12
f 298/308/58 267/264/59 261/262/13
f 296/309/59 269/266/15 267/264/59
f 317/310/15 271/268/61 269/266/15
f 291/311/18 271/268/61 289/312/60
f 291/311/18 279/272/20 273/270/18
f 290/313/19 281/274/21 279/272/20
f 292/314/22 281/274/21 293/315/48
f 295/316/63 282/276/22 292/314/22
f 295/316/63 196/214/25 285/278/63
f 322/317/25 373/318/26 325/319/26
f 325/320/26 357/321/27 323/322/72
f 357/321/27 324/323/51 323/322/72
f 384/324/29 324/323/51 374/325/51
f 384/324/29 344/326/30 343/327/29
f 366/328/52 347/329/33 344/326/30
f 327/330/34 356/331/33 369/332/34
f 368/333/55 327/330/34 369/332/34
f 367/334/36 330/335/55 368/333/55
f 328/336/36 355/337/67 329/338/67
f 355/337/67 326/339/68 329/338/67
f 370/340/73 346/341/40 326/339/68
f 346/341/40 364/342/57 345/343/57
f 345/343/57 354/344/42 351/345/42
f 351/345/42 363/346/44 334/347/50
f 365/348/2 334/347/50 363/346/44
f 362/349/1 333/350/2 365/348/2
f 353/351/4 335/352/1 362/349/1
f 361/353/6 332/354/5 353/351/4
f 331/355/6 381/356/9 350/357/9
f 379/358/10 350/357/9 381/356/9
f 379/358/10 348/359/46 352/360/10
f 360/361/46 339/362/13 348/359/46
f 339/362/13 376/363/14 337/364/74
f 337/364/74 377/365/15 336/366/15
f 377/365/15 338/367/60 336/366/15
f 338/367/60 380/368/75 340/369/18
f 380/368/75 349/370/20 340/369/18
f 383/371/19 341/372/21 349/370/20
f 371/373/76 342/374/22 341/372/21
f 358/375/22 321/376/23 342/374/22
f 372/377/23 322/317/25 321/376/23
f 391/378/77 385/378/78 386/378/79
f 387/378/80 386/378/79 385/378/78
f 388/378/81 387/378/80 385/378/78
f 388/378/81 385/378/78 389/378/82
f 390/378/83 389/378/82 385/378/78
f 391/378/77 390/378/83 385/378/78
f 395/378/84 390/378/83 391/378/77
f 392/378/85 391/378/77 386/378/79
f 392/378/85 393/378/86 391/378/77
f 394/378/87 391/378/77 393/378/86
f 394/378/87 395/378/84 391/378/77
f 395/378/84 396/378/88 390/378/83
f 397/378/89 396/378/88 395/378/84
f 397/378/89 395/378/84 398/378/90
f 395/378/84 399/378/91 398/378/90
f 395/378/84 394/378/87 399/378/91
f 399/378/91 400/378/92 403/378/93
f 401/378/94 400/378/92 399/378/91
f 401/378/94 399/378/91 402/378/95
f 394/378/87 402/378/95 399/378/91
f 399/378/91 403/378/93 398/378/90
f 398/378/90 403/378/93 404/378/96
f 407/378/97 404/378/96 403/378/93
f 403/378/93 400/378/92 405/378/98
f 403/378/93 405/378/98 406/378/99
f 407/378/97 403/378/93 406/378/99
f 409/378/100 407/378/97 406/378/99
f 408/378/101 404/378/96 407/378/97
f 409/378/100 408/378/101 407/378/97
f 409/378/100 410/378/102 408/378/101
f 409/378/100 406/378/99 412/378/103
f 387/378/80 410/378/102 409/378/100
f 411/378/104 387/378/80 409/378/100
f 411/378/104 409/378/100 412/378/103
f 413/378/105 411/378/104 412/378/103
f 413/378/105 412/378/103 406/378/99
f 413/378/105 414/378/106 411/378/104
f 413/378/105 406/378/99 405/378/98
f 415/378/107 414/378/106 413/378/105
f 415/378/107 413/378/105 405/378/98
f 415/378/107 405/378/98 416/378/108
f 416/378/108 417/378/109 415/378/107
f 417/378/109 418/378/110 415/378/107
f 415/378/107 418/378/110 414/378/106
f 392/378/85 414/378/106 418/378/110
f 392/378/85 418/378/110 419/378/111
f 419/378/111 418/378/110 420/378/112
f 417/378/109 420/378/112 418/378/110
f 422/378/113 420/378/112 421/378/114
f 421/378/114 420/378/112 417/378/109
f 419/378/111 420/378/112 422/378/113
f 422/378/113 425/378/115 419/378/111
f 422/378/113 421/378/114 423/378/116
f 423/378/116 424/378/117 422/378/113
f 422/378/113 424/378/117 425/378/115
f 419/378/111 425/378/115 393/378/86
f 426/378/118 393/378/86 425/378/115
f 424/378/117 426/378/118 425/378/115
f 426/378/118 394/378/87 393/378/86
f 394/378/87 426/378/118 402/378/95
f 427/378/119 402/378/95 426/378/118
f 424/378/117 428/378/120 426/378/118
f 427/378/119 426/378/118 428/378/120
f 429/378/121 427/378/119 428/378/120
f 431/378/122 428/378/120 424/378/117
f 429/378/121 428/378/120 430/378/123
f 431/378/122 430/378/123 428/378/120
f 432/378/124 430/378/123 431/378/122
f 432/378/124 431/378/122 423/378/116
f 423/378/116 431/378/122 424/378/117
f 432/378/124 423/378/116 433/378/125
f 436/378/126 432/378/124 433/378/125
f 432/378/124 434/378/127 430/378/123
f 435/378/128 434/378/127 432/378/124
f 435/378/128 432/378/124 436/378/126
f 437/378/129 435/378/128 436/378/126
f 436/378/126 433/378/125 439/378/130
f 437/378/129 436/378/126 438/378/131
f 438/378/131 436/378/126 439/378/130
f 443/378/132 440/378/133 439/378/130
f 439/378/130 440/378/133 441/378/134
f 439/378/130 441/378/134 442/378/135
f 438/378/131 439/378/130 442/378/135
f 443/378/132 439/378/130 433/378/125
f 440/378/133 443/378/132 444/378/136
f 443/378/132 445/378/137 444/378/136
f 421/378/114 443/378/132 433/378/125
f 443/378/132 421/378/114 445/378/137
f 446/378/138 447/378/139 445/378/137
f 446/378/138 445/378/137 417/378/109
f 421/378/114 417/378/109 445/378/137
f 447/378/139 444/378/136 445/378/137
f 448/378/140 450/378/141 447/378/139
f 448/378/140 447/378/139 449/378/142
f 449/378/142 447/378/139 446/378/138
f 447/378/139 450/378/141 444/378/136
f 450/378/141 448/378/140 451/378/143
f 450/378/141 451/378/143 452/378/144
f 450/378/141 452/378/144 453/378/145
f 450/378/141 453/378/145 444/378/136
f 452/378/144 454/378/146 453/378/145
f 440/378/133 444/378/136 453/378/145
f 441/378/134 453/378/145 454/378/146
f 441/378/134 440/378/133 453/378/145
f 456/378/147 454/378/146 455/378/148
f 452/378/144 455/378/148 454/378/146
f 456/378/147 457/378/149 454/378/146
f 457/378/149 441/378/134 454/378/146
f 458/378/150 457/378/149 456/378/147
f 458/378/150 459/378/151 457/378/149
f 457/378/149 459/378/151 441/378/134
f 458/378/150 461/378/152 459/378/151
f 442/378/135 441/378/134 459/378/151
f 442/378/135 459/378/151 460/378/153
f 460/378/153 459/378/151 461/378/152
f 460/378/153 461/378/152 462/378/154
f 461/378/152 389/378/82 462/378/154
f 461/378/152 388/378/81 389/378/82
f 388/378/81 461/378/152 458/378/150
f 462/378/154 464/378/155 463/378/156
f 462/378/154 463/378/156 460/378/153
f 389/378/82 464/378/155 462/378/154
f 465/378/157 463/378/156 464/378/155
f 389/378/82 466/378/158 464/378/155
f 466/378/158 465/378/157 464/378/155
f 466/378/158 467/378/159 465/378/157
f 390/378/83 466/378/158 389/378/82
f 390/378/83 467/378/159 466/378/158
f 465/378/157 467/378/159 468/378/160
f 468/378/160 467/378/159 396/378/88
f 390/378/83 396/378/88 467/378/159
f 465/378/157 468/378/160 469/378/161
f 468/378/160 470/378/162 469/378/161
f 468/378/160 471/378/163 470/378/162
f 397/378/89 471/378/163 468/378/160
f 468/378/160 396/378/88 397/378/89
f 470/378/162 471/378/163 408/378/101
f 408/378/101 471/378/163 404/378/96
f 397/378/89 404/378/96 471/378/163
f 470/378/162 473/378/164 472/378/165
f 470/378/162 472/378/165 469/378/161
f 473/378/164 470/378/162 474/378/166
f 470/378/162 408/378/101 474/378/166
f 473/378/164 474/378/166 456/378/147
f 458/378/150 456/378/147 474/378/166
f 410/378/102 458/378/150 474/378/166
f 410/378/102 474/378/166 408/378/101
f 473/378/164 475/378/167 476/378/168
f 475/378/167 473/378/164 456/378/147
f 473/378/164 476/378/168 472/378/165
f 437/378/129 472/378/165 476/378/168
f 477/378/169 437/378/129 476/378/168
f 476/378/168 475/378/167 451/378/143
f 476/378/168 451/378/143 477/378/169
f 477/378/169 435/378/128 437/378/129
f 478/378/170 435/378/128 477/378/169
f 477/378/169 448/378/140 478/378/170
f 477/378/169 451/378/143 448/378/140
f 478/378/170 434/378/127 435/378/128
f 434/378/127 478/378/170 429/378/121
f 478/378/170 448/378/140 449/378/142
f 478/378/170 449/378/142 429/378/121
f 451/378/143 475/378/167 455/378/148
f 475/378/167 456/378/147 455/378/148
f 479/378/171 469/378/161 472/378/165
f 437/378/129 479/378/171 472/378/165
f 479/378/171 465/378/157 469/378/161
f 465/378/157 479/378/171 463/378/156
f 479/378/171 438/378/131 463/378/156
f 479/378/171 437/378/129 438/378/131
f 460/378/153 463/378/156 438/378/131
f 460/378/153 438/378/131 442/378/135
f 388/378/81 458/378/150 410/378/102
f 451/378/143 455/378/148 452/378/144
f 449/378/142 446/378/138 480/378/172
f 449/378/142 480/378/172 427/378/119
f 449/378/142 427/378/119 429/378/121
f 480/378/172 402/378/95 427/378/119
f 480/378/172 401/378/94 402/378/95
f 446/378/138 401/378/94 480/378/172
f 446/378/138 416/378/108 401/378/94
f 416/378/108 446/378/138 417/378/109
f 434/378/127 429/378/121 430/378/123
f 421/378/114 433/378/125 423/378/116
f 419/378/111 393/378/86 392/378/85
f 400/378/92 401/378/94 416/378/108
f 400/378/92 416/378/108 405/378/98
f 411/378/104 414/378/106 392/378/85
f 387/378/80 411/378/104 386/378/79
f 411/378/104 392/378/85 386/378/79
f 387/378/80 388/378/81 410/378/102
f 398/378/90 404/378/96 397/378/89
f 487/378/173 481/378/174 482/378/175
f 483/378/176 482/378/175 481/378/174
f 484/378/177 483/378/176 481/378/174
f 484/378/177 481/378/174 485/378/178
f 486/378/179 485/378/178 481/378/174
f 487/378/173 486/378/179 481/378/174
f 491/378/180 486/378/179 487/378/173
f 488/378/181 487/378/173 482/378/175
f 488/378/181 489/378/182 487/378/173
f 490/378/183 487/378/173 489/378/182
f 490/378/183 491/378/180 487/378/173
f 491/378/180 490/378/183 492/378/184
f 491/378/180 492/378/184 493/378/185
f 494/378/186 491/378/180 493/378/185
f 491/378/180 495/378/187 486/378/179
f 494/378/186 495/378/187 491/378/180
f 496/378/188 495/378/187 494/378/186
f 486/378/179 495/378/187 497/378/189
f 496/378/188 497/378/189 495/378/187
f 486/378/179 497/378/189 499/378/190
f 498/378/191 497/378/189 496/378/188
f 499/378/190 497/378/189 498/378/191
f 486/378/179 499/378/190 485/378/178
f 499/378/190 498/378/191 500/378/192
f 499/378/190 500/378/192 501/378/193
f 499/378/190 501/378/193 485/378/178
f 501/378/193 484/378/177 485/378/178
f 501/378/193 500/378/192 502/378/194
f 501/378/193 502/378/194 503/378/195
f 503/378/195 504/378/196 501/378/193
f 501/378/193 504/378/196 484/378/177
f 484/378/177 504/378/196 505/378/197
f 505/378/197 504/378/196 506/378/198
f 503/378/195 506/378/198 504/378/196
f 505/378/197 506/378/198 507/378/199
f 507/378/199 506/378/198 508/378/200
f 509/378/201 508/378/200 506/378/198
f 509/378/201 506/378/198 503/378/195
f 510/378/202 508/378/200 509/378/201
f 503/378/195 511/378/203 509/378/201
f 511/378/203 510/378/202 509/378/201
f 512/378/204 511/378/203 502/378/194
f 503/378/195 502/378/194 511/378/203
f 512/378/204 513/378/205 511/378/203
f 513/378/205 514/378/206 511/378/203
f 511/378/203 514/378/206 510/378/202
f 514/378/206 515/378/207 510/378/202
f 514/378/206 517/378/208 515/378/207
f 516/378/209 517/378/208 514/378/206
f 513/378/205 516/378/209 514/378/206
f 518/378/210 517/378/208 520/378/211
f 517/378/208 518/378/210 519/378/212
f 517/378/208 519/378/212 515/378/207
f 516/378/209 520/378/211 517/378/208
f 518/378/210 520/378/211 521/378/213
f 520/378/211 523/378/214 521/378/213
f 520/378/211 522/378/215 523/378/214
f 522/378/215 520/378/211 516/378/209
f 523/378/214 526/378/216 524/378/217
f 523/378/214 524/378/217 525/378/218
f 523/378/214 525/378/218 527/378/219
f 522/378/215 526/378/216 523/378/214
f 523/378/214 527/378/219 521/378/213
f 518/378/210 521/378/213 527/378/219
f 518/378/210 527/378/219 528/378/220
f 529/378/221 528/378/220 527/378/219
f 529/378/221 527/378/219 530/378/222
f 525/378/218 530/378/222 527/378/219
f 529/378/221 530/378/222 490/378/183
f 490/378/183 530/378/222 531/378/223
f 525/378/218 531/378/223 530/378/222
f 490/378/183 531/378/223 492/378/184
f 532/378/224 492/378/184 531/378/223
f 524/378/217 532/378/224 531/378/223
f 524/378/217 531/378/223 525/378/218
f 533/378/225 532/378/224 534/378/226
f 532/378/224 533/378/225 492/378/184
f 535/378/227 534/378/226 532/378/224
f 535/378/227 532/378/224 524/378/217
f 538/378/228 534/378/226 535/378/227
f 536/378/229 535/378/227 524/378/217
f 537/378/230 535/378/227 536/378/229
f 538/378/228 535/378/227 537/378/230
f 538/378/228 539/378/231 540/378/232
f 537/378/230 539/378/231 538/378/228
f 538/378/228 540/378/232 541/378/233
f 538/378/228 541/378/233 542/378/234
f 538/378/228 542/378/234 534/378/226
f 533/378/225 534/378/226 542/378/234
f 543/378/235 533/378/225 542/378/234
f 541/378/233 543/378/235 542/378/234
f 543/378/235 544/378/236 533/378/225
f 545/378/237 544/378/236 543/378/235
f 546/378/238 545/378/237 543/378/235
f 541/378/233 546/378/238 543/378/235
f 546/378/238 547/378/239 545/378/237
f 548/378/240 547/378/239 546/378/238
f 541/378/233 548/378/240 546/378/238
f 548/378/240 483/378/176 547/378/239
f 483/378/176 548/378/240 482/378/175
f 482/378/175 548/378/240 540/378/232
f 541/378/233 540/378/232 548/378/240
f 547/378/239 549/378/241 550/378/242
f 483/378/176 549/378/241 547/378/239
f 547/378/239 550/378/242 545/378/237
f 550/378/242 551/378/243 553/378/244
f 552/378/245 551/378/243 550/378/242
f 549/378/241 552/378/245 550/378/242
f 550/378/242 553/378/244 545/378/237
f 494/378/186 553/378/244 551/378/243
f 493/378/185 553/378/244 494/378/186
f 545/378/237 553/378/244 544/378/236
f 493/378/185 544/378/236 553/378/244
f 552/378/245 554/378/246 551/378/243
f 555/378/247 554/378/246 552/378/245
f 555/378/247 552/378/245 556/378/248
f 549/378/241 505/378/197 552/378/245
f 552/378/245 505/378/197 507/378/199
f 552/378/245 507/378/199 556/378/248
f 557/378/249 556/378/248 507/378/199
f 558/378/250 556/378/248 557/378/249
f 558/378/250 555/378/247 556/378/248
f 561/378/251 558/378/250 559/378/252
f 560/378/253 559/378/252 558/378/250
f 560/378/253 558/378/250 557/378/249
f 555/378/247 558/378/250 561/378/251
f 555/378/247 561/378/251 562/378/254
f 513/378/205 562/378/254 561/378/251
f 563/378/255 513/378/205 561/378/251
f 561/378/251 559/378/252 563/378/255
f 563/378/255 516/378/209 513/378/205
f 522/378/215 516/378/209 563/378/255
f 563/378/255 564/378/256 522/378/215
f 563/378/255 559/378/252 564/378/256
f 564/378/256 565/378/257 536/378/229
f 564/378/256 536/378/229 526/378/216
f 522/378/215 564/378/256 526/378/216
f 565/378/257 564/378/256 559/378/252
f 565/378/257 559/378/252 560/378/253
f 565/378/257 560/378/253 566/378/258
f 565/378/257 566/378/258 567/378/259
f 536/378/229 565/378/257 567/378/259
f 570/378/260 567/378/259 566/378/258
f 536/378/229 567/378/259 568/378/261
f 569/378/262 568/378/261 567/378/259
f 570/378/260 569/378/262 567/378/259
f 569/378/262 570/378/260 510/378/202
f 571/378/263 570/378/260 566/378/258
f 510/378/202 570/378/260 508/378/200
f 571/378/263 508/378/200 570/378/260
f 507/378/199 508/378/200 571/378/263
f 560/378/253 571/378/263 566/378/258
f 557/378/249 507/378/199 571/378/263
f 560/378/253 557/378/249 571/378/263
f 569/378/262 572/378/264 568/378/261
f 569/378/262 510/378/202 515/378/207
f 572/378/264 569/378/262 515/378/207
f 568/378/261 572/378/264 573/378/265
f 573/378/265 572/378/264 519/378/212
f 572/378/264 515/378/207 519/378/212
f 568/378/261 573/378/265 537/378/230
f 537/378/230 573/378/265 539/378/231
f 574/378/266 539/378/231 573/378/265
f 574/378/266 573/378/265 575/378/267
f 573/378/265 519/378/212 575/378/267
f 575/378/267 529/378/221 574/378/266
f 518/378/210 575/378/267 519/378/212
f 518/378/210 528/378/220 575/378/267
f 575/378/267 528/378/220 529/378/221
f 574/378/266 529/378/221 489/378/182
f 574/378/266 489/378/182 488/378/181
f 488/378/181 539/378/231 574/378/266
f 537/378/230 536/378/229 568/378/261
f 512/378/204 576/378/268 562/378/254
f 513/378/205 512/378/204 562/378/254
f 554/378/246 562/378/254 576/378/268
f 554/378/246 555/378/247 562/378/254
f 498/378/191 496/378/188 576/378/268
f 512/378/204 498/378/191 576/378/268
f 496/378/188 554/378/246 576/378/268
f 496/378/188 551/378/243 554/378/246
f 494/378/186 551/378/243 496/378/188
f 484/378/177 505/378/197 549/378/241
f 483/378/176 484/378/177 549/378/241
f 492/378/184 544/378/236 493/378/185
f 492/378/184 533/378/225 544/378/236
f 482/378/175 540/378/232 488/378/181
f 488/378/181 540/378/232 539/378/231
f 536/378/229 524/378/217 526/378/216
f 529/378/221 490/378/183 489/378/182
f 498/378/191 512/378/204 502/378/194
f 498/378/191 502/378/194 500/378/192
f 577/378/269 578/378/270 580/378/271
f 578/378/270 577/378/269 579/378/272
f 577/378/269 580/378/271 581/378/273
f 580/378/271 582/378/274 581/378/273
f 580/378/271 583/378/275 582/378/274
f 578/378/270 579/378/272 584/378/276
f 591/378/173 585/378/174 586/378/175
f 587/378/277 586/378/175 585/378/174
f 588/378/177 587/378/277 585/378/174
f 588/378/177 585/378/174 589/378/178
f 590/378/179 589/378/178 585/378/174
f 591/378/173 590/378/179 585/378/174
f 591/378/173 596/378/187 590/378/179
f 592/378/181 591/378/173 586/378/175
f 592/378/181 593/378/182 591/378/173
f 594/378/183 591/378/173 593/378/182
f 594/378/183 595/378/278 591/378/173
f 591/378/173 595/378/278 596/378/187
f 597/378/186 596/378/187 595/378/278
f 598/378/188 596/378/187 597/378/186
f 598/378/188 599/378/189 596/378/187
f 590/378/179 596/378/187 599/378/189
f 601/378/268 599/378/189 598/378/188
f 590/378/179 599/378/189 600/378/190
f 600/378/190 599/378/189 602/378/279
f 601/378/268 602/378/279 599/378/189
f 600/378/190 602/378/279 603/378/192
f 605/378/204 602/378/279 601/378/268
f 602/378/279 604/378/194 603/378/192
f 602/378/279 605/378/204 604/378/194
f 605/378/204 607/378/280 606/378/203
f 605/378/204 606/378/203 604/378/194
f 605/378/204 601/378/268 608/378/254
f 607/378/280 605/378/204 608/378/254
f 607/378/280 608/378/254 609/378/251
f 611/378/246 608/378/254 601/378/268
f 610/378/247 609/378/251 608/378/254
f 611/378/246 610/378/247 608/378/254
f 610/378/247 611/378/246 612/378/245
f 613/378/281 611/378/246 601/378/268
f 611/378/246 614/378/242 612/378/245
f 611/378/246 613/378/281 614/378/242
f 614/378/242 618/378/197 612/378/245
f 614/378/242 613/378/281 615/378/282
f 614/378/242 615/378/282 616/378/237
f 619/378/239 614/378/242 616/378/237
f 619/378/239 617/378/241 614/378/242
f 614/378/242 617/378/241 618/378/197
f 587/378/277 617/378/241 619/378/239
f 620/378/283 587/378/277 619/378/239
f 620/378/283 619/378/239 621/378/284
f 621/378/284 619/378/239 616/378/237
f 622/378/233 620/378/283 621/378/284
f 621/378/284 616/378/237 623/378/235
f 622/378/233 621/378/284 623/378/235
f 622/378/233 623/378/235 624/378/234
f 625/378/285 624/378/234 623/378/235
f 616/378/237 625/378/285 623/378/235
f 626/378/185 625/378/285 615/378/282
f 616/378/237 615/378/282 625/378/285
f 628/378/184 625/378/285 626/378/185
f 628/378/184 627/378/225 625/378/285
f 625/378/285 627/378/225 624/378/234
f 630/378/286 628/378/184 629/378/223
f 594/378/183 629/378/223 628/378/184
f 595/378/278 594/378/183 628/378/184
f 595/378/278 628/378/184 626/378/185
f 630/378/286 627/378/225 628/378/184
f 627/378/225 630/378/286 631/378/226
f 632/378/227 631/378/226 630/378/286
f 633/378/287 630/378/286 629/378/223
f 632/378/227 630/378/286 633/378/287
f 634/378/288 632/378/227 633/378/287
f 633/378/287 629/378/223 636/378/218
f 635/378/289 634/378/288 633/378/287
f 635/378/289 633/378/287 636/378/218
f 636/378/218 629/378/223 638/378/222
f 635/378/289 636/378/218 637/378/219
f 636/378/218 638/378/222 637/378/219
f 639/378/221 637/378/219 638/378/222
f 639/378/221 638/378/222 594/378/183
f 594/378/183 638/378/222 629/378/223
f 639/378/221 640/378/290 637/378/219
f 641/378/291 640/378/290 639/378/221
f 641/378/291 639/378/221 642/378/266
f 642/378/266 639/378/221 593/378/182
f 639/378/221 594/378/183 593/378/182
f 642/378/266 593/378/182 592/378/181
f 592/378/181 643/378/292 642/378/266
f 642/378/266 643/378/292 644/378/265
f 642/378/266 644/378/265 641/378/291
f 645/378/230 644/378/265 643/378/292
f 646/378/261 644/378/265 645/378/230
f 646/378/261 647/378/264 644/378/265
f 644/378/265 647/378/264 648/378/212
f 644/378/265 648/378/212 641/378/291
f 647/378/264 649/378/293 648/378/212
f 650/378/208 648/378/212 649/378/293
f 650/378/208 651/378/210 648/378/212
f 648/378/212 640/378/290 641/378/291
f 648/378/212 651/378/210 640/378/290
f 650/378/208 652/378/213 651/378/210
f 651/378/210 637/378/219 640/378/290
f 651/378/210 652/378/213 637/378/219
f 635/378/289 637/378/219 652/378/213
f 653/378/211 635/378/289 652/378/213
f 650/378/208 653/378/211 652/378/213
f 653/378/211 654/378/215 635/378/289
f 654/378/215 653/378/211 655/378/209
f 656/378/294 655/378/209 653/378/211
f 656/378/294 653/378/211 650/378/208
f 606/378/203 655/378/209 656/378/294
f 656/378/294 650/378/208 649/378/293
f 606/378/203 656/378/294 657/378/202
f 656/378/294 649/378/293 657/378/202
f 606/378/203 657/378/202 658/378/295
f 661/378/262 657/378/202 649/378/293
f 657/378/202 659/378/296 658/378/295
f 657/378/202 660/378/260 659/378/296
f 661/378/262 660/378/260 657/378/202
f 647/378/264 661/378/262 649/378/293
f 661/378/262 647/378/264 646/378/261
f 661/378/262 646/378/261 662/378/259
f 660/378/260 661/378/262 662/378/259
f 663/378/229 665/378/257 662/378/259
f 663/378/229 662/378/259 646/378/261
f 660/378/260 662/378/259 664/378/258
f 665/378/257 664/378/258 662/378/259
f 666/378/256 665/378/257 663/378/229
f 665/378/257 666/378/256 667/378/297
f 665/378/257 667/378/297 668/378/253
f 665/378/257 668/378/253 664/378/258
f 668/378/253 670/378/249 669/378/263
f 668/378/253 669/378/263 664/378/258
f 668/378/253 671/378/250 670/378/249
f 668/378/253 667/378/297 671/378/250
f 671/378/250 672/378/248 670/378/249
f 671/378/250 610/378/247 672/378/248
f 610/378/247 671/378/250 609/378/251
f 671/378/250 667/378/297 673/378/255
f 671/378/250 673/378/255 609/378/251
f 673/378/255 667/378/297 666/378/256
f 655/378/209 609/378/251 673/378/255
f 673/378/255 666/378/256 654/378/215
f 654/378/215 655/378/209 673/378/255
f 670/378/249 672/378/248 674/378/199
f 612/378/245 674/378/199 672/378/248
f 610/378/247 612/378/245 672/378/248
f 618/378/197 675/378/198 674/378/199
f 674/378/199 675/378/198 659/378/296
f 674/378/199 659/378/296 669/378/263
f 670/378/249 674/378/199 669/378/263
f 612/378/245 618/378/197 674/378/199
f 658/378/295 659/378/296 675/378/198
f 658/378/295 675/378/198 677/378/195
f 618/378/197 676/378/298 675/378/198
f 677/378/195 675/378/198 676/378/298
f 677/378/195 604/378/194 606/378/203
f 678/378/193 604/378/194 677/378/195
f 677/378/195 676/378/298 678/378/193
f 677/378/195 606/378/203 658/378/295
f 600/378/190 603/378/192 678/378/193
f 600/378/190 678/378/193 589/378/178
f 676/378/298 589/378/178 678/378/193
f 678/378/193 603/378/192 604/378/194
f 588/378/177 676/378/298 618/378/197
f 676/378/298 588/378/177 589/378/178
f 669/378/263 659/378/296 660/378/260
f 669/378/263 660/378/260 664/378/258
f 654/378/215 666/378/256 634/378/288
f 666/378/256 663/378/229 634/378/288
f 632/378/227 663/378/229 646/378/261
f 634/378/288 663/378/229 632/378/227
f 606/378/203 607/378/280 655/378/209
f 655/378/209 607/378/280 609/378/251
f 654/378/215 634/378/288 635/378/289
f 632/378/227 646/378/261 645/378/230
f 645/378/230 643/378/292 679/378/228
f 631/378/226 645/378/230 679/378/228
f 631/378/226 632/378/227 645/378/230
f 679/378/228 643/378/292 680/378/232
f 679/378/228 680/378/232 622/378/233
f 679/378/228 624/378/234 631/378/226
f 679/378/228 622/378/233 624/378/234
f 622/378/233 680/378/232 620/378/283
f 586/378/175 620/378/283 680/378/232
f 586/378/175 680/378/232 592/378/181
f 592/378/181 680/378/232 643/378/292
f 627/378/225 631/378/226 624/378/234
f 597/378/186 595/378/278 626/378/185
f 626/378/185 615/378/282 597/378/186
f 587/378/277 620/378/283 586/378/175
f 588/378/177 618/378/197 617/378/241
f 587/378/277 588/378/177 617/378/241
f 597/378/186 615/378/282 613/378/281
f 613/378/281 601/378/268 598/378/188
f 597/378/186 613/378/281 598/378/188
f 590/378/179 600/378/190 589/378/178
f 687/378/77 681/378/78 682/378/79
f 683/378/80 682/378/79 681/378/78
f 684/378/81 683/378/80 681/378/78
f 684/378/81 681/378/78 685/378/82
f 686/378/299 685/378/82 681/378/78
f 687/378/77 686/378/299 681/378/78
f 691/378/84 686/378/299 687/378/77
f 688/378/85 687/378/77 682/378/79
f 688/378/85 689/378/86 687/378/77
f 690/378/87 687/378/77 689/378/86
f 690/378/87 691/378/84 687/378/77
f 691/378/84 690/378/87 692/378/300
f 691/378/84 692/378/300 693/378/90
f 694/378/301 691/378/84 693/378/90
f 691/378/84 695/378/88 686/378/299
f 694/378/301 695/378/88 691/378/84
f 696/378/160 695/378/88 694/378/301
f 686/378/299 695/378/88 697/378/159
f 696/378/160 697/378/159 695/378/88
f 686/378/299 697/378/159 699/378/158
f 698/378/302 697/378/159 696/378/160
f 699/378/158 697/378/159 698/378/302
f 686/378/299 699/378/158 685/378/82
f 699/378/158 698/378/302 700/378/303
f 685/378/82 699/378/158 700/378/303
f 698/378/302 702/378/156 700/378/303
f 685/378/82 700/378/303 701/378/154
f 701/378/154 700/378/303 702/378/156
f 698/378/302 703/378/171 702/378/156
f 701/378/154 702/378/156 704/378/153
f 703/378/171 705/378/131 702/378/156
f 704/378/153 702/378/156 705/378/131
f 704/378/153 705/378/131 707/378/304
f 703/378/171 706/378/129 705/378/131
f 706/378/129 708/378/126 705/378/131
f 707/378/304 705/378/131 708/378/126
f 707/378/304 708/378/126 709/378/130
f 708/378/126 710/378/125 709/378/130
f 708/378/126 712/378/124 710/378/125
f 706/378/129 711/378/305 708/378/126
f 711/378/305 712/378/124 708/378/126
f 712/378/124 714/378/306 713/378/116
f 712/378/124 713/378/116 710/378/125
f 712/378/124 716/378/123 714/378/306
f 712/378/124 715/378/127 716/378/123
f 711/378/305 715/378/127 712/378/124
f 717/378/121 718/378/120 716/378/123
f 715/378/127 717/378/121 716/378/123
f 714/378/306 716/378/123 718/378/120
f 721/378/307 718/378/120 719/378/118
f 720/378/119 719/378/118 718/378/120
f 717/378/121 720/378/119 718/378/120
f 714/378/306 718/378/120 721/378/307
f 713/378/116 714/378/306 721/378/307
f 713/378/116 721/378/307 722/378/113
f 722/378/113 721/378/307 723/378/115
f 721/378/307 719/378/118 723/378/115
f 722/378/113 723/378/115 724/378/111
f 724/378/111 723/378/115 689/378/86
f 719/378/118 689/378/86 723/378/115
f 724/378/111 689/378/86 688/378/85
f 688/378/85 725/378/110 724/378/111
f 724/378/111 725/378/110 726/378/112
f 724/378/111 726/378/112 722/378/113
f 727/378/308 726/378/112 725/378/110
f 728/378/137 726/378/112 727/378/308
f 728/378/137 729/378/309 726/378/112
f 726/378/112 729/378/309 713/378/116
f 726/378/112 713/378/116 722/378/113
f 729/378/309 730/378/310 710/378/125
f 730/378/310 729/378/309 728/378/137
f 729/378/309 710/378/125 713/378/116
f 730/378/310 728/378/137 731/378/311
f 732/378/133 730/378/310 731/378/311
f 730/378/310 709/378/130 710/378/125
f 730/378/310 732/378/133 709/378/130
f 732/378/133 731/378/311 733/378/145
f 734/378/146 732/378/133 733/378/145
f 734/378/146 735/378/134 732/378/133
f 732/378/133 735/378/134 707/378/304
f 732/378/133 707/378/304 709/378/130
f 736/378/149 737/378/151 735/378/134
f 736/378/149 735/378/134 734/378/146
f 707/378/304 735/378/134 737/378/151
f 738/378/150 739/378/152 737/378/151
f 738/378/150 737/378/151 736/378/149
f 704/378/153 737/378/151 739/378/152
f 707/378/304 737/378/151 704/378/153
f 684/378/81 739/378/152 738/378/150
f 704/378/153 739/378/152 701/378/154
f 701/378/154 739/378/152 684/378/81
f 738/378/150 736/378/149 740/378/147
f 738/378/150 740/378/147 741/378/166
f 684/378/81 738/378/150 742/378/102
f 742/378/102 738/378/150 741/378/166
f 742/378/102 741/378/166 744/378/101
f 683/378/80 684/378/81 742/378/102
f 683/378/80 742/378/102 743/378/312
f 743/378/312 742/378/102 744/378/101
f 745/378/162 746/378/313 744/378/101
f 745/378/162 744/378/101 741/378/166
f 744/378/101 746/378/313 747/378/96
f 744/378/101 747/378/96 748/378/97
f 743/378/312 744/378/101 748/378/97
f 748/378/97 747/378/96 749/378/314
f 748/378/97 749/378/314 750/378/99
f 751/378/103 748/378/97 750/378/99
f 751/378/103 743/378/312 748/378/97
f 752/378/315 743/378/312 751/378/103
f 753/378/105 752/378/315 751/378/103
f 753/378/105 751/378/103 750/378/99
f 753/378/105 754/378/106 752/378/315
f 753/378/105 750/378/99 756/378/98
f 755/378/107 754/378/106 753/378/105
f 755/378/107 753/378/105 756/378/98
f 757/378/92 758/378/316 756/378/98
f 749/378/314 757/378/92 756/378/98
f 749/378/314 756/378/98 750/378/99
f 755/378/107 756/378/98 758/378/316
f 759/378/317 758/378/316 760/378/94
f 758/378/316 759/378/317 727/378/308
f 758/378/316 727/378/308 755/378/107
f 757/378/92 760/378/94 758/378/316
f 760/378/94 757/378/92 692/378/300
f 760/378/94 692/378/300 761/378/95
f 762/378/318 760/378/94 761/378/95
f 759/378/317 760/378/94 762/378/318
f 763/378/139 759/378/317 762/378/318
f 762/378/318 761/378/95 720/378/119
f 763/378/139 762/378/318 764/378/142
f 717/378/121 764/378/142 762/378/318
f 717/378/121 762/378/318 720/378/119
f 765/378/140 763/378/139 764/378/142
f 766/378/170 764/378/142 717/378/121
f 766/378/170 765/378/140 764/378/142
f 767/378/169 765/378/140 766/378/170
f 715/378/127 766/378/170 717/378/121
f 766/378/170 715/378/127 711/378/305
f 766/378/170 711/378/305 767/378/169
f 711/378/305 769/378/168 767/378/169
f 767/378/169 768/378/143 765/378/140
f 769/378/168 768/378/143 767/378/169
f 771/378/164 769/378/168 770/378/165
f 706/378/129 770/378/165 769/378/168
f 711/378/305 706/378/129 769/378/168
f 771/378/164 772/378/319 769/378/168
f 769/378/168 772/378/319 768/378/143
f 773/378/144 768/378/143 772/378/319
f 773/378/144 772/378/319 774/378/148
f 772/378/319 771/378/164 740/378/147
f 772/378/319 740/378/147 774/378/148
f 773/378/144 774/378/148 734/378/146
f 774/378/148 736/378/149 734/378/146
f 774/378/148 740/378/147 736/378/149
f 775/378/141 768/378/143 773/378/144
f 775/378/141 773/378/144 733/378/145
f 773/378/144 734/378/146 733/378/145
f 775/378/141 765/378/140 768/378/143
f 765/378/140 775/378/141 763/378/139
f 775/378/141 733/378/145 731/378/311
f 763/378/139 775/378/141 731/378/311
f 745/378/162 771/378/164 770/378/165
f 771/378/164 745/378/162 741/378/166
f 771/378/164 741/378/166 740/378/147
f 703/378/171 776/378/161 770/378/165
f 706/378/129 703/378/171 770/378/165
f 745/378/162 770/378/165 776/378/161
f 698/378/302 696/378/160 776/378/161
f 703/378/171 698/378/302 776/378/161
f 696/378/160 745/378/162 776/378/161
f 763/378/139 731/378/311 728/378/137
f 759/378/317 763/378/139 728/378/137
f 720/378/119 761/378/95 719/378/118
f 690/378/87 719/378/118 761/378/95
f 690/378/87 761/378/95 692/378/300
f 759/378/317 728/378/137 727/378/308
f 692/378/300 757/378/92 749/378/314
f 755/378/107 725/378/110 754/378/106
f 727/378/308 725/378/110 755/378/107
f 752/378/315 754/378/106 688/378/85
f 688/378/85 754/378/106 725/378/110
f 752/378/315 683/378/80 743/378/312
f 683/378/80 752/378/315 682/378/79
f 752/378/315 688/378/85 682/378/79
f 693/378/90 749/378/314 747/378/96
f 692/378/300 749/378/314 693/378/90
f 694/378/301 747/378/96 746/378/313
f 693/378/90 747/378/96 694/378/301
f 694/378/301 746/378/313 696/378/160
f 696/378/160 746/378/313 745/378/162
f 719/378/118 690/378/87 689/378/86
f 701/378/154 684/378/81 685/378/82
f 783/378/173 777/378/174 778/378/175
f 779/378/176 778/378/175 777/378/174
f 780/378/177 779/378/176 777/378/174
f 780/378/177 777/378/174 781/378/178
f 782/378/179 781/378/178 777/378/174
f 783/378/173 782/378/179 777/378/174
f 786/378/180 782/378/179 783/378/173
f 784/378/181 783/378/173 778/378/175
f 784/378/181 785/378/182 783/378/173
f 787/378/183 783/378/173 785/378/182
f 787/378/183 786/378/180 783/378/173
f 787/378/183 788/378/222 791/378/223
f 789/378/320 788/378/222 787/378/183
f 789/378/320 787/378/183 785/378/182
f 786/378/180 787/378/183 790/378/184
f 787/378/183 791/378/223 790/378/184
f 794/378/286 790/378/184 791/378/223
f 793/378/218 791/378/223 788/378/222
f 792/378/217 794/378/286 791/378/223
f 792/378/217 791/378/223 793/378/218
f 797/378/227 794/378/286 792/378/217
f 794/378/286 795/378/225 790/378/184
f 795/378/225 794/378/286 796/378/226
f 797/378/227 796/378/226 794/378/286
f 798/378/228 796/378/226 797/378/227
f 800/378/229 797/378/227 792/378/217
f 798/378/228 797/378/227 799/378/321
f 797/378/227 801/378/261 799/378/321
f 797/378/227 800/378/229 801/378/261
f 805/378/262 802/378/264 801/378/261
f 801/378/261 802/378/264 803/378/265
f 801/378/261 803/378/265 799/378/321
f 800/378/229 804/378/259 801/378/261
f 805/378/262 801/378/261 804/378/259
f 805/378/262 806/378/322 807/378/323
f 806/378/322 805/378/262 804/378/259
f 805/378/262 807/378/323 808/378/207
f 802/378/264 805/378/262 808/378/207
f 802/378/264 808/378/207 809/378/212
f 810/378/208 809/378/212 808/378/207
f 811/378/206 810/378/208 808/378/207
f 811/378/206 808/378/207 807/378/323
f 812/378/324 814/378/209 811/378/206
f 812/378/324 811/378/206 813/378/203
f 813/378/203 811/378/206 807/378/323
f 811/378/206 814/378/209 815/378/211
f 811/378/206 815/378/211 810/378/208
f 816/378/215 815/378/211 814/378/209
f 815/378/211 816/378/215 817/378/289
f 815/378/211 817/378/289 818/378/213
f 810/378/208 815/378/211 818/378/213
f 810/378/208 818/378/213 819/378/210
f 820/378/290 819/378/210 818/378/213
f 820/378/290 818/378/213 821/378/219
f 818/378/213 793/378/218 821/378/219
f 818/378/213 817/378/289 793/378/218
f 820/378/290 821/378/219 788/378/222
f 793/378/218 788/378/222 821/378/219
f 819/378/210 820/378/290 822/378/267
f 822/378/267 820/378/290 789/378/320
f 820/378/290 788/378/222 789/378/320
f 803/378/265 809/378/212 822/378/267
f 823/378/266 803/378/265 822/378/267
f 822/378/267 789/378/320 823/378/266
f 819/378/210 822/378/267 809/378/212
f 823/378/266 789/378/320 785/378/182
f 823/378/266 785/378/182 784/378/181
f 784/378/181 824/378/292 823/378/266
f 823/378/266 824/378/292 803/378/265
f 798/378/228 824/378/292 825/378/232
f 784/378/181 825/378/232 824/378/292
f 799/378/321 803/378/265 824/378/292
f 799/378/321 824/378/292 798/378/228
f 826/378/240 825/378/232 784/378/181
f 827/378/233 825/378/232 826/378/240
f 798/378/228 825/378/232 827/378/233
f 827/378/233 826/378/240 828/378/325
f 827/378/233 828/378/325 829/378/235
f 827/378/233 829/378/235 830/378/234
f 798/378/228 827/378/233 830/378/234
f 795/378/225 796/378/226 830/378/234
f 831/378/285 795/378/225 830/378/234
f 831/378/285 830/378/234 829/378/235
f 798/378/228 830/378/234 796/378/226
f 795/378/225 831/378/285 832/378/185
f 832/378/185 831/378/285 833/378/282
f 834/378/237 833/378/282 831/378/285
f 834/378/237 831/378/285 829/378/235
f 835/378/242 833/378/282 834/378/237
f 836/378/239 835/378/242 834/378/237
f 828/378/325 836/378/239 834/378/237
f 828/378/325 834/378/237 829/378/235
f 779/378/176 837/378/241 836/378/239
f 836/378/239 837/378/241 835/378/242
f 826/378/240 779/378/176 836/378/239
f 826/378/240 836/378/239 828/378/325
f 835/378/242 837/378/241 838/378/197
f 780/378/177 838/378/197 837/378/241
f 779/378/176 780/378/177 837/378/241
f 780/378/177 839/378/196 838/378/197
f 838/378/197 839/378/196 840/378/198
f 838/378/197 840/378/198 841/378/199
f 842/378/245 838/378/197 841/378/199
f 835/378/242 838/378/197 842/378/245
f 843/378/247 845/378/246 842/378/245
f 843/378/247 842/378/245 844/378/248
f 842/378/245 841/378/199 844/378/248
f 845/378/246 835/378/242 842/378/245
f 845/378/246 843/378/247 846/378/254
f 845/378/246 846/378/254 847/378/268
f 849/378/188 845/378/246 847/378/268
f 845/378/246 848/378/281 835/378/242
f 849/378/188 848/378/281 845/378/246
f 850/378/326 848/378/281 849/378/188
f 849/378/188 853/378/327 850/378/326
f 849/378/188 851/378/189 853/378/327
f 852/378/279 851/378/189 849/378/188
f 852/378/279 849/378/188 847/378/268
f 782/378/179 853/378/327 851/378/189
f 850/378/326 853/378/327 786/378/180
f 786/378/180 853/378/327 782/378/179
f 852/378/279 854/378/328 855/378/194
f 854/378/328 852/378/279 847/378/268
f 852/378/279 855/378/194 857/378/192
f 856/378/190 851/378/189 852/378/279
f 856/378/190 852/378/279 857/378/192
f 856/378/190 857/378/192 858/378/193
f 858/378/193 857/378/192 855/378/194
f 858/378/193 855/378/194 859/378/195
f 859/378/195 839/378/196 858/378/193
f 858/378/193 839/378/196 780/378/177
f 856/378/190 858/378/193 781/378/178
f 858/378/193 780/378/177 781/378/178
f 859/378/195 855/378/194 813/378/203
f 859/378/195 813/378/203 860/378/201
f 860/378/201 840/378/198 859/378/195
f 859/378/195 840/378/198 839/378/196
f 807/378/323 861/378/200 860/378/201
f 813/378/203 807/378/323 860/378/201
f 860/378/201 861/378/200 840/378/198
f 841/378/199 840/378/198 861/378/200
f 841/378/199 861/378/200 863/378/263
f 861/378/200 806/378/322 862/378/258
f 807/378/323 806/378/322 861/378/200
f 861/378/200 862/378/258 863/378/263
f 864/378/329 863/378/263 862/378/258
f 865/378/249 841/378/199 863/378/263
f 864/378/329 865/378/249 863/378/263
f 864/378/329 866/378/250 865/378/249
f 865/378/249 844/378/248 841/378/199
f 866/378/250 844/378/248 865/378/249
f 864/378/329 867/378/252 866/378/250
f 866/378/250 867/378/252 868/378/255
f 866/378/250 868/378/255 869/378/251
f 843/378/247 866/378/250 869/378/251
f 866/378/250 843/378/247 844/378/248
f 812/378/324 846/378/254 869/378/251
f 868/378/255 812/378/324 869/378/251
f 843/378/247 869/378/251 846/378/254
f 868/378/255 814/378/209 812/378/324
f 816/378/215 814/378/209 868/378/255
f 868/378/255 870/378/256 816/378/215
f 868/378/255 867/378/252 870/378/256
f 871/378/257 870/378/256 867/378/252
f 870/378/256 871/378/257 800/378/229
f 870/378/256 800/378/229 872/378/288
f 816/378/215 870/378/256 872/378/288
f 817/378/289 872/378/288 792/378/217
f 800/378/229 792/378/217 872/378/288
f 816/378/215 872/378/288 817/378/289
f 800/378/229 871/378/257 804/378/259
f 864/378/329 804/378/259 871/378/257
f 871/378/257 867/378/252 864/378/329
f 864/378/329 862/378/258 804/378/259
f 806/378/322 804/378/259 862/378/258
f 782/378/179 851/378/189 856/378/190
f 782/378/179 856/378/190 781/378/178
f 854/378/328 813/378/203 855/378/194
f 854/378/328 812/378/324 813/378/203
f 812/378/324 854/378/328 846/378/254
f 854/378/328 847/378/268 846/378/254
f 832/378/185 833/378/282 850/378/326
f 850/378/326 833/378/282 848/378/281
f 850/378/326 786/378/180 832/378/185
f 835/378/242 848/378/281 833/378/282
f 786/378/180 790/378/184 832/378/185
f 795/378/225 832/378/185 790/378/184
f 779/378/176 826/378/240 778/378/175
f 826/378/240 784/378/181 778/378/175
f 810/378/208 819/378/210 809/378/212
f 817/378/289 792/378/217 793/378/218
f 803/378/265 802/378/264 809/378/212
f 879/378/77 873/378/78 874/378/79
f 875/378/80 874/378/79 873/378/78
f 876/378/81 875/378/80 873/378/78
f 876/378/81 873/378/78 877/378/82
f 878/378/83 877/378/82 873/378/78
f 879/378/77 878/378/83 873/378/78
f 882/378/84 878/378/83 879/378/77
f 880/378/85 879/378/77 874/378/79
f 880/378/85 881/378/86 879/378/77
f 883/378/87 879/378/77 881/378/86
f 883/378/87 882/378/84 879/378/77
f 884/378/118 883/378/87 881/378/86
f 883/378/87 884/378/118 885/378/95
f 883/378/87 885/378/95 886/378/330
f 882/378/84 883/378/87 886/378/330
f 890/378/94 887/378/92 886/378/330
f 886/378/330 887/378/92 888/378/314
f 886/378/330 888/378/314 889/378/90
f 882/378/84 886/378/330 889/378/90
f 890/378/94 886/378/330 885/378/95
f 893/378/317 890/378/94 891/378/318
f 891/378/318 890/378/94 885/378/95
f 887/378/92 890/378/94 892/378/316
f 893/378/317 892/378/316 890/378/94
f 892/378/316 893/378/317 894/378/308
f 893/378/317 895/378/137 894/378/308
f 893/378/317 896/378/139 895/378/137
f 896/378/139 893/378/317 891/378/318
f 896/378/139 900/378/331 897/378/311
f 896/378/139 897/378/311 895/378/137
f 898/378/140 900/378/331 896/378/139
f 898/378/140 896/378/139 899/378/142
f 896/378/139 891/378/318 899/378/142
f 900/378/331 898/378/140 901/378/332
f 900/378/331 901/378/332 902/378/333
f 900/378/331 902/378/333 903/378/145
f 900/378/331 903/378/145 897/378/311
f 904/378/133 897/378/311 903/378/145
f 905/378/134 904/378/133 903/378/145
f 905/378/134 903/378/145 906/378/146
f 902/378/333 906/378/146 903/378/145
f 907/378/149 905/378/134 906/378/146
f 908/378/148 907/378/149 906/378/146
f 902/378/333 908/378/148 906/378/146
f 902/378/333 909/378/334 908/378/148
f 908/378/148 910/378/147 907/378/149
f 909/378/334 910/378/147 908/378/148
f 909/378/334 911/378/164 910/378/147
f 913/378/335 907/378/149 910/378/147
f 911/378/164 912/378/166 910/378/147
f 913/378/335 910/378/147 912/378/166
f 876/378/81 914/378/152 913/378/335
f 913/378/335 914/378/152 915/378/151
f 913/378/335 915/378/151 907/378/149
f 916/378/102 913/378/335 912/378/166
f 876/378/81 913/378/335 916/378/102
f 916/378/102 912/378/166 917/378/101
f 918/378/312 916/378/102 917/378/101
f 875/378/80 916/378/102 918/378/312
f 875/378/80 876/378/81 916/378/102
f 918/378/312 917/378/101 919/378/97
f 918/378/312 919/378/97 922/378/99
f 920/378/104 875/378/80 918/378/312
f 920/378/104 918/378/312 921/378/103
f 918/378/312 922/378/99 921/378/103
f 923/378/105 921/378/103 922/378/99
f 919/378/97 888/378/314 922/378/99
f 923/378/105 922/378/99 924/378/98
f 922/378/99 887/378/92 924/378/98
f 922/378/99 888/378/314 887/378/92
f 925/378/107 923/378/105 924/378/98
f 887/378/92 892/378/316 924/378/98
f 925/378/107 924/378/98 892/378/316
f 925/378/107 926/378/110 927/378/106
f 894/378/308 926/378/110 925/378/107
f 892/378/316 894/378/308 925/378/107
f 925/378/107 927/378/106 923/378/105
f 920/378/104 927/378/106 880/378/85
f 880/378/85 927/378/106 926/378/110
f 923/378/105 927/378/106 920/378/104
f 880/378/85 926/378/110 928/378/111
f 928/378/111 926/378/110 929/378/112
f 894/378/308 929/378/112 926/378/110
f 928/378/111 929/378/112 931/378/113
f 895/378/137 929/378/112 894/378/308
f 895/378/137 930/378/309 929/378/112
f 931/378/113 929/378/112 930/378/309
f 931/378/113 930/378/309 932/378/116
f 933/378/306 931/378/113 932/378/116
f 933/378/306 934/378/117 931/378/113
f 931/378/113 935/378/115 928/378/111
f 931/378/113 934/378/117 935/378/115
f 934/378/117 884/378/118 935/378/115
f 928/378/111 935/378/115 881/378/86
f 884/378/118 881/378/86 935/378/115
f 933/378/306 936/378/336 934/378/117
f 934/378/117 936/378/336 884/378/118
f 933/378/306 937/378/123 936/378/336
f 937/378/123 938/378/119 936/378/336
f 938/378/119 884/378/118 936/378/336
f 891/378/318 885/378/95 938/378/119
f 899/378/142 891/378/318 938/378/119
f 899/378/142 938/378/119 939/378/121
f 937/378/123 939/378/121 938/378/119
f 938/378/119 885/378/95 884/378/118
f 940/378/337 899/378/142 939/378/121
f 941/378/127 940/378/337 939/378/121
f 941/378/127 939/378/121 937/378/123
f 943/378/128 941/378/127 942/378/124
f 942/378/124 941/378/127 937/378/123
f 940/378/337 941/378/127 943/378/128
f 943/378/128 942/378/124 944/378/126
f 945/378/129 943/378/128 944/378/126
f 946/378/169 943/378/128 945/378/129
f 940/378/337 943/378/128 946/378/169
f 946/378/169 901/378/332 898/378/140
f 947/378/168 901/378/332 946/378/169
f 946/378/169 945/378/129 947/378/168
f 946/378/169 898/378/140 940/378/337
f 911/378/164 947/378/168 948/378/165
f 945/378/129 948/378/165 947/378/168
f 911/378/164 909/378/334 947/378/168
f 947/378/168 909/378/334 901/378/332
f 951/378/162 948/378/165 949/378/161
f 950/378/338 949/378/161 948/378/165
f 945/378/129 950/378/338 948/378/165
f 951/378/162 911/378/164 948/378/165
f 911/378/164 951/378/162 912/378/166
f 912/378/166 951/378/162 952/378/339
f 952/378/339 951/378/162 949/378/161
f 912/378/166 952/378/339 917/378/101
f 917/378/101 952/378/339 953/378/340
f 954/378/301 953/378/340 952/378/339
f 954/378/301 952/378/339 955/378/160
f 952/378/339 949/378/161 955/378/160
f 955/378/160 957/378/341 956/378/342
f 955/378/160 956/378/342 954/378/301
f 958/378/157 957/378/341 955/378/160
f 958/378/157 955/378/160 949/378/161
f 959/378/158 957/378/341 958/378/157
f 950/378/338 958/378/157 949/378/161
f 959/378/158 958/378/157 960/378/303
f 958/378/157 961/378/156 960/378/303
f 958/378/157 950/378/338 961/378/156
f 963/378/153 961/378/156 962/378/343
f 950/378/338 962/378/343 961/378/156
f 964/378/154 961/378/156 963/378/153
f 964/378/154 960/378/303 961/378/156
f 963/378/153 914/378/152 964/378/154
f 964/378/154 914/378/152 876/378/81
f 959/378/158 960/378/303 964/378/154
f 959/378/158 964/378/154 877/378/82
f 964/378/154 876/378/81 877/378/82
f 963/378/153 962/378/343 965/378/344
f 965/378/344 915/378/151 963/378/153
f 963/378/153 915/378/151 914/378/152
f 966/378/130 905/378/134 965/378/344
f 962/378/343 966/378/130 965/378/344
f 965/378/344 905/378/134 915/378/151
f 968/378/310 966/378/130 967/378/125
f 944/378/126 967/378/125 966/378/130
f 962/378/343 944/378/126 966/378/130
f 968/378/310 904/378/133 966/378/130
f 966/378/130 904/378/133 905/378/134
f 930/378/309 968/378/310 967/378/125
f 968/378/310 930/378/309 895/378/137
f 968/378/310 895/378/137 897/378/311
f 904/378/133 968/378/310 897/378/311
f 930/378/309 967/378/125 932/378/116
f 942/378/124 932/378/116 967/378/125
f 944/378/126 942/378/124 967/378/125
f 945/378/129 944/378/126 962/378/343
f 950/378/338 945/378/129 962/378/343
f 878/378/83 957/378/341 959/378/158
f 878/378/83 959/378/158 877/378/82
f 878/378/83 956/378/342 957/378/341
f 954/378/301 956/378/342 882/378/84
f 882/378/84 956/378/342 878/378/83
f 954/378/301 882/378/84 889/378/90
f 889/378/90 953/378/340 954/378/301
f 917/378/101 953/378/340 919/378/97
f 919/378/97 953/378/340 888/378/314
f 889/378/90 888/378/314 953/378/340
f 942/378/124 937/378/123 933/378/306
f 942/378/124 933/378/306 932/378/116
f 940/378/337 898/378/140 899/378/142
f 928/378/111 881/378/86 880/378/85
f 923/378/105 920/378/104 921/378/103
f 875/378/80 920/378/104 874/378/79
f 920/378/104 880/378/85 874/378/79
f 907/378/149 915/378/151 905/378/134
f 902/378/333 901/378/332 909/378/334
f 975/378/173 969/378/174 970/378/345
f 971/378/176 970/378/345 969/378/174
f 972/378/177 971/378/176 969/378/174
f 972/378/177 969/378/174 973/378/346
f 974/378/179 973/378/346 969/378/174
f 975/378/173 974/378/179 969/378/174
f 978/378/180 974/378/179 975/378/173
f 976/378/181 975/378/173 970/378/345
f 976/378/181 977/378/182 975/378/173
f 979/378/183 975/378/173 977/378/182
f 979/378/183 978/378/180 975/378/173
f 980/378/222 979/378/183 977/378/182
f 979/378/183 980/378/222 981/378/347
f 979/378/183 981/378/347 982/378/348
f 978/378/180 979/378/183 982/378/348
f 978/378/180 982/378/348 986/378/349
f 984/378/286 982/378/348 981/378/347
f 982/378/348 983/378/350 985/378/236
f 984/378/286 983/378/350 982/378/348
f 982/378/348 985/378/236 986/378/349
f 986/378/349 985/378/236 987/378/244
f 988/378/186 978/378/180 986/378/349
f 986/378/349 987/378/244 988/378/186
f 988/378/186 989/378/327 978/378/180
f 990/378/188 989/378/327 988/378/186
f 988/378/186 991/378/243 990/378/188
f 988/378/186 987/378/244 991/378/243
f 992/378/242 991/378/243 987/378/244
f 990/378/188 991/378/243 994/378/351
f 993/378/245 991/378/243 992/378/242
f 993/378/245 994/378/351 991/378/243
f 994/378/351 995/378/352 996/378/254
f 995/378/352 994/378/351 993/378/245
f 994/378/351 996/378/254 997/378/268
f 990/378/188 994/378/351 997/378/268
f 998/378/204 997/378/268 996/378/254
f 997/378/268 1000/378/353 990/378/188
f 998/378/204 999/378/279 997/378/268
f 997/378/268 999/378/279 1000/378/353
f 989/378/327 1000/378/353 1001/378/190
f 1001/378/190 1000/378/353 999/378/279
f 990/378/188 1000/378/353 989/378/327
f 1001/378/190 999/378/279 1002/378/192
f 1001/378/190 1002/378/192 1003/378/193
f 1001/378/190 1003/378/193 973/378/346
f 974/378/179 1001/378/190 973/378/346
f 989/378/327 1001/378/190 974/378/179
f 1003/378/193 1002/378/192 1004/378/194
f 1003/378/193 1004/378/194 1005/378/354
f 1005/378/354 1006/378/196 1003/378/193
f 1003/378/193 972/378/177 973/378/346
f 1003/378/193 1006/378/196 972/378/177
f 972/378/177 1006/378/196 1007/378/197
f 1007/378/197 1006/378/196 1008/378/198
f 1005/378/354 1008/378/198 1006/378/196
f 1007/378/197 1008/378/198 1009/378/355
f 1009/378/355 1008/378/198 1010/378/296
f 1011/378/295 1010/378/296 1008/378/198
f 1011/378/295 1008/378/198 1005/378/354
f 1012/378/356 1010/378/296 1011/378/295
f 1013/378/203 1012/378/356 1011/378/295
f 1005/378/354 1013/378/203 1011/378/295
f 1013/378/203 1014/378/206 1012/378/356
f 1015/378/324 1014/378/206 1013/378/203
f 1004/378/194 1015/378/324 1013/378/203
f 1005/378/354 1004/378/194 1013/378/203
f 1015/378/324 998/378/204 996/378/254
f 1015/378/324 996/378/254 1016/378/251
f 1017/378/255 1015/378/324 1016/378/251
f 1017/378/255 1018/378/209 1015/378/324
f 1015/378/324 1018/378/209 1014/378/206
f 1004/378/194 998/378/204 1015/378/324
f 1018/378/209 1019/378/208 1014/378/206
f 1021/378/215 1018/378/209 1017/378/255
f 1018/378/209 1020/378/357 1019/378/208
f 1021/378/215 1020/378/357 1018/378/209
f 1021/378/215 1024/378/358 1022/378/288
f 1021/378/215 1022/378/288 1023/378/289
f 1020/378/357 1021/378/215 1023/378/289
f 1017/378/255 1024/378/358 1021/378/215
f 1024/378/358 1025/378/229 1022/378/288
f 1024/378/358 1027/378/257 1025/378/229
f 1027/378/257 1024/378/358 1026/378/252
f 1017/378/255 1026/378/252 1024/378/358
f 1027/378/257 1026/378/252 1028/378/253
f 1030/378/261 1025/378/229 1027/378/257
f 1028/378/253 1029/378/259 1027/378/257
f 1030/378/261 1027/378/257 1029/378/259
f 1034/378/262 1031/378/264 1030/378/261
f 1030/378/261 1031/378/264 1032/378/359
f 1030/378/261 1032/378/359 1033/378/321
f 1033/378/321 1025/378/229 1030/378/261
f 1034/378/262 1030/378/261 1029/378/259
f 1035/378/260 1034/378/262 1029/378/259
f 1034/378/262 1035/378/260 1012/378/356
f 1034/378/262 1012/378/356 1036/378/207
f 1031/378/264 1034/378/262 1036/378/207
f 1031/378/264 1036/378/207 1037/378/212
f 1019/378/208 1037/378/212 1036/378/207
f 1014/378/206 1019/378/208 1036/378/207
f 1014/378/206 1036/378/207 1012/378/356
f 1032/378/359 1031/378/264 1037/378/212
f 1032/378/359 1037/378/212 1038/378/267
f 1039/378/210 1038/378/267 1037/378/212
f 1019/378/208 1039/378/210 1037/378/212
f 1039/378/210 1041/378/290 1038/378/267
f 1019/378/208 1040/378/213 1039/378/210
f 1039/378/210 1040/378/213 1042/378/219
f 1039/378/210 1042/378/219 1041/378/290
f 1040/378/213 1044/378/360 1042/378/219
f 1043/378/221 1041/378/290 1042/378/219
f 1043/378/221 1042/378/219 980/378/222
f 1044/378/360 980/378/222 1042/378/219
f 1045/378/287 981/378/347 1044/378/360
f 1044/378/360 981/378/347 980/378/222
f 1022/378/288 1045/378/287 1044/378/360
f 1022/378/288 1044/378/360 1023/378/289
f 1040/378/213 1023/378/289 1044/378/360
f 1045/378/287 984/378/286 981/378/347
f 1046/378/227 984/378/286 1045/378/287
f 1025/378/229 1046/378/227 1045/378/287
f 1025/378/229 1045/378/287 1022/378/288
f 1048/378/228 1047/378/226 1046/378/227
f 1046/378/227 1047/378/226 984/378/286
f 1033/378/321 1046/378/227 1025/378/229
f 1048/378/228 1046/378/227 1033/378/321
f 1048/378/228 1049/378/292 1050/378/232
f 1033/378/321 1049/378/292 1048/378/228
f 1048/378/228 1050/378/232 1051/378/361
f 1048/378/228 1051/378/361 1052/378/234
f 1048/378/228 1052/378/234 1047/378/226
f 985/378/236 1052/378/234 1053/378/235
f 1051/378/361 1053/378/235 1052/378/234
f 985/378/236 983/378/350 1052/378/234
f 983/378/350 1047/378/226 1052/378/234
f 1054/378/238 1055/378/237 1053/378/235
f 1051/378/361 1054/378/238 1053/378/235
f 1055/378/237 985/378/236 1053/378/235
f 1055/378/237 987/378/244 985/378/236
f 992/378/242 987/378/244 1055/378/237
f 1056/378/239 992/378/242 1055/378/237
f 1054/378/238 1056/378/239 1055/378/237
f 1056/378/239 1057/378/241 992/378/242
f 971/378/176 1057/378/241 1056/378/239
f 1058/378/362 971/378/176 1056/378/239
f 1058/378/362 1056/378/239 1054/378/238
f 971/378/176 1058/378/362 970/378/345
f 1058/378/362 976/378/181 970/378/345
f 1058/378/362 1050/378/232 976/378/181
f 1051/378/361 1050/378/232 1058/378/362
f 1051/378/361 1058/378/362 1054/378/238
f 1057/378/241 1007/378/197 993/378/245
f 1057/378/241 993/378/245 992/378/242
f 972/378/177 1007/378/197 1057/378/241
f 971/378/176 972/378/177 1057/378/241
f 976/378/181 1050/378/232 1049/378/292
f 976/378/181 1049/378/292 1059/378/266
f 1059/378/266 1049/378/292 1032/378/359
f 1033/378/321 1032/378/359 1049/378/292
f 1059/378/266 1043/378/221 977/378/182
f 1059/378/266 977/378/182 976/378/181
f 1059/378/266 1032/378/359 1038/378/267
f 1038/378/267 1043/378/221 1059/378/266
f 983/378/350 984/378/286 1047/378/226
f 1038/378/267 1041/378/290 1043/378/221
f 980/378/222 977/378/182 1043/378/221
f 1019/378/208 1020/378/357 1040/378/213
f 1020/378/357 1023/378/289 1040/378/213
f 1012/378/356 1035/378/260 1010/378/296
f 1060/378/263 1010/378/296 1035/378/260
f 1060/378/263 1035/378/260 1061/378/258
f 1035/378/260 1029/378/259 1061/378/258
f 1028/378/253 1060/378/263 1061/378/258
f 1028/378/253 1061/378/258 1029/378/259
f 1062/378/249 1009/378/355 1060/378/263
f 1028/378/253 1062/378/249 1060/378/263
f 1009/378/355 1010/378/296 1060/378/263
f 1062/378/249 1063/378/248 1009/378/355
f 1064/378/250 1063/378/248 1062/378/249
f 1028/378/253 1064/378/250 1062/378/249
f 1016/378/251 1064/378/250 1026/378/252
f 1028/378/253 1026/378/252 1064/378/250
f 995/378/352 1064/378/250 1016/378/251
f 1064/378/250 995/378/352 1063/378/248
f 1007/378/197 1009/378/355 1063/378/248
f 1007/378/197 1063/378/248 993/378/245
f 995/378/352 993/378/245 1063/378/248
f 1016/378/251 1026/378/252 1017/378/255
f 995/378/352 1016/378/251 996/378/254
f 999/378/279 998/378/204 1004/378/194
f 999/378/279 1004/378/194 1002/378/192
f 978/378/180 989/378/327 974/378/179
f 1071/378/77 1065/378/78 1066/378/79
f 1067/378/80 1066/378/79 1065/378/78
f 1068/378/81 1067/378/80 1065/378/78
f 1068/378/81 1065/378/78 1069/378/82
f 1070/378/83 1069/378/82 1065/378/78
f 1071/378/77 1070/378/83 1065/378/78
f 1075/378/84 1070/378/83 1071/378/77
f 1072/378/85 1071/378/77 1066/378/79
f 1072/378/85 1073/378/363 1071/378/77
f 1074/378/364 1071/378/77 1073/378/363
f 1074/378/364 1075/378/84 1071/378/77
f 1075/378/84 1076/378/88 1070/378/83
f 1077/378/89 1076/378/88 1075/378/84
f 1077/378/89 1075/378/84 1079/378/365
f 1075/378/84 1074/378/364 1078/378/300
f 1075/378/84 1078/378/300 1079/378/365
f 1082/378/92 1079/378/365 1078/378/300
f 1079/378/365 1081/378/96 1077/378/89
f 1082/378/92 1080/378/314 1079/378/365
f 1079/378/365 1080/378/314 1081/378/96
f 1083/378/94 1082/378/92 1078/378/300
f 1082/378/92 1083/378/94 1084/378/316
f 1082/378/92 1084/378/316 1085/378/98
f 1080/378/314 1082/378/92 1085/378/98
f 1080/378/314 1085/378/98 1086/378/99
f 1087/378/105 1086/378/99 1085/378/98
f 1088/378/107 1087/378/105 1085/378/98
f 1088/378/107 1085/378/98 1084/378/316
f 1088/378/107 1091/378/366 1087/378/105
f 1084/378/316 1089/378/109 1088/378/107
f 1089/378/109 1090/378/367 1088/378/107
f 1088/378/107 1090/378/367 1091/378/366
f 1087/378/105 1091/378/366 1092/378/104
f 1066/378/79 1092/378/104 1091/378/366
f 1066/378/79 1091/378/366 1072/378/85
f 1072/378/85 1091/378/366 1090/378/367
f 1092/378/104 1067/378/80 1093/378/312
f 1067/378/80 1092/378/104 1066/378/79
f 1092/378/104 1093/378/312 1094/378/103
f 1087/378/105 1092/378/104 1094/378/103
f 1093/378/312 1086/378/99 1094/378/103
f 1087/378/105 1094/378/103 1086/378/99
f 1093/378/312 1097/378/102 1095/378/101
f 1093/378/312 1095/378/101 1096/378/97
f 1093/378/312 1096/378/97 1086/378/99
f 1067/378/80 1097/378/102 1093/378/312
f 1097/378/102 1099/378/150 1098/378/166
f 1097/378/102 1098/378/166 1095/378/101
f 1068/378/81 1099/378/150 1097/378/102
f 1067/378/80 1068/378/81 1097/378/102
f 1068/378/81 1100/378/152 1099/378/150
f 1099/378/150 1100/378/152 1101/378/151
f 1099/378/150 1101/378/151 1102/378/149
f 1099/378/150 1102/378/149 1103/378/147
f 1099/378/150 1103/378/147 1098/378/166
f 1104/378/164 1098/378/166 1103/378/147
f 1105/378/167 1104/378/164 1103/378/147
f 1105/378/167 1103/378/147 1106/378/148
f 1103/378/147 1107/378/146 1106/378/148
f 1103/378/147 1102/378/149 1107/378/146
f 1108/378/144 1106/378/148 1107/378/146
f 1102/378/149 1110/378/134 1107/378/146
f 1108/378/144 1107/378/146 1109/378/145
f 1110/378/134 1109/378/145 1107/378/146
f 1111/378/130 1113/378/133 1110/378/134
f 1111/378/130 1110/378/134 1112/378/135
f 1112/378/135 1110/378/134 1101/378/151
f 1102/378/149 1101/378/151 1110/378/134
f 1110/378/134 1113/378/133 1109/378/145
f 1114/378/132 1113/378/133 1111/378/130
f 1113/378/133 1114/378/132 1115/378/311
f 1113/378/133 1115/378/311 1109/378/145
f 1116/378/139 1118/378/331 1115/378/311
f 1116/378/139 1115/378/311 1117/378/137
f 1114/378/132 1117/378/137 1115/378/311
f 1118/378/331 1109/378/145 1115/378/311
f 1120/378/140 1118/378/331 1116/378/139
f 1118/378/331 1108/378/144 1109/378/145
f 1118/378/331 1119/378/332 1108/378/144
f 1118/378/331 1120/378/140 1119/378/332
f 1121/378/169 1119/378/332 1120/378/140
f 1120/378/140 1116/378/139 1123/378/142
f 1121/378/169 1120/378/140 1122/378/337
f 1122/378/337 1120/378/140 1123/378/142
f 1122/378/337 1123/378/142 1124/378/121
f 1123/378/142 1125/378/119 1124/378/121
f 1123/378/142 1126/378/318 1125/378/119
f 1123/378/142 1127/378/317 1126/378/318
f 1123/378/142 1116/378/139 1127/378/317
f 1084/378/316 1127/378/317 1089/378/109
f 1127/378/317 1084/378/316 1083/378/94
f 1127/378/317 1083/378/94 1126/378/318
f 1127/378/317 1117/378/137 1089/378/109
f 1127/378/317 1116/378/139 1117/378/137
f 1126/378/318 1128/378/95 1125/378/119
f 1126/378/318 1083/378/94 1128/378/95
f 1125/378/119 1128/378/95 1129/378/118
f 1074/378/364 1129/378/118 1128/378/95
f 1074/378/364 1128/378/95 1078/378/300
f 1083/378/94 1078/378/300 1128/378/95
f 1129/378/118 1074/378/364 1073/378/363
f 1129/378/118 1073/378/363 1130/378/115
f 1131/378/117 1129/378/118 1130/378/115
f 1131/378/117 1132/378/120 1129/378/118
f 1125/378/119 1129/378/118 1132/378/120
f 1133/378/123 1125/378/119 1132/378/120
f 1134/378/306 1133/378/123 1132/378/120
f 1134/378/306 1132/378/120 1131/378/117
f 1134/378/306 1131/378/117 1135/378/113
f 1134/378/306 1135/378/113 1136/378/116
f 1137/378/124 1134/378/306 1136/378/116
f 1137/378/124 1133/378/123 1134/378/306
f 1137/378/124 1141/378/127 1133/378/123
f 1137/378/124 1136/378/116 1140/378/368
f 1138/378/128 1141/378/127 1137/378/124
f 1138/378/128 1137/378/124 1139/378/126
f 1139/378/126 1137/378/124 1140/378/368
f 1122/378/337 1141/378/127 1138/378/128
f 1141/378/127 1124/378/121 1133/378/123
f 1141/378/127 1122/378/337 1124/378/121
f 1139/378/126 1140/378/368 1111/378/130
f 1142/378/114 1140/378/368 1136/378/116
f 1114/378/132 1111/378/130 1140/378/368
f 1142/378/114 1114/378/132 1140/378/368
f 1142/378/114 1143/378/112 1089/378/109
f 1135/378/113 1143/378/112 1142/378/114
f 1135/378/113 1142/378/114 1136/378/116
f 1142/378/114 1089/378/109 1117/378/137
f 1114/378/132 1142/378/114 1117/378/137
f 1144/378/111 1143/378/112 1135/378/113
f 1144/378/111 1090/378/367 1143/378/112
f 1089/378/109 1143/378/112 1090/378/367
f 1072/378/85 1090/378/367 1144/378/111
f 1144/378/111 1073/378/363 1072/378/85
f 1144/378/111 1130/378/115 1073/378/363
f 1135/378/113 1130/378/115 1144/378/111
f 1145/378/129 1138/378/128 1139/378/126
f 1145/378/129 1139/378/126 1146/378/131
f 1112/378/135 1146/378/131 1139/378/126
f 1112/378/135 1139/378/126 1111/378/130
f 1147/378/171 1145/378/129 1146/378/131
f 1147/378/171 1146/378/131 1148/378/156
f 1149/378/153 1148/378/156 1146/378/131
f 1149/378/153 1146/378/131 1112/378/135
f 1150/378/154 1148/378/156 1149/378/153
f 1112/378/135 1101/378/151 1149/378/153
f 1149/378/153 1101/378/151 1100/378/152
f 1149/378/153 1100/378/152 1150/378/154
f 1150/378/154 1100/378/152 1068/378/81
f 1150/378/154 1068/378/81 1069/378/82
f 1150/378/154 1151/378/369 1148/378/156
f 1152/378/158 1151/378/369 1150/378/154
f 1152/378/158 1150/378/154 1069/378/82
f 1152/378/158 1153/378/157 1151/378/369
f 1070/378/83 1152/378/158 1069/378/82
f 1152/378/158 1154/378/159 1153/378/157
f 1070/378/83 1154/378/159 1152/378/158
f 1155/378/161 1153/378/157 1154/378/159
f 1155/378/161 1154/378/159 1156/378/160
f 1156/378/160 1154/378/159 1076/378/88
f 1070/378/83 1076/378/88 1154/378/159
f 1157/378/313 1155/378/161 1156/378/160
f 1156/378/160 1076/378/88 1077/378/89
f 1077/378/89 1157/378/313 1156/378/160
f 1095/378/101 1157/378/313 1081/378/96
f 1077/378/89 1081/378/96 1157/378/313
f 1098/378/166 1157/378/313 1095/378/101
f 1098/378/166 1158/378/162 1157/378/313
f 1157/378/313 1158/378/162 1155/378/161
f 1158/378/162 1104/378/164 1159/378/165
f 1104/378/164 1158/378/162 1098/378/166
f 1158/378/162 1159/378/165 1155/378/161
f 1145/378/129 1159/378/165 1160/378/168
f 1104/378/164 1160/378/168 1159/378/165
f 1145/378/129 1147/378/171 1159/378/165
f 1147/378/171 1155/378/161 1159/378/165
f 1160/378/168 1105/378/167 1119/378/332
f 1160/378/168 1119/378/332 1121/378/169
f 1138/378/128 1160/378/168 1121/378/169
f 1138/378/128 1145/378/129 1160/378/168
f 1104/378/164 1105/378/167 1160/378/168
f 1147/378/171 1153/378/157 1155/378/161
f 1153/378/157 1148/378/156 1151/378/369
f 1153/378/157 1147/378/171 1148/378/156
f 1122/378/337 1138/378/128 1121/378/169
f 1135/378/113 1131/378/117 1130/378/115
f 1133/378/123 1124/378/121 1125/378/119
f 1119/378/332 1106/378/148 1108/378/144
f 1119/378/332 1105/378/167 1106/378/148
f 1096/378/97 1081/378/96 1080/378/314
f 1095/378/101 1081/378/96 1096/378/97
f 1096/378/97 1080/378/314 1086/378/99
f 1167/378/173 1161/378/174 1162/378/175
f 1163/378/277 1162/378/175 1161/378/174
f 1164/378/177 1163/378/277 1161/378/174
f 1164/378/177 1161/378/174 1165/378/178
f 1166/378/179 1165/378/178 1161/378/174
f 1167/378/173 1166/378/179 1161/378/174
f 1167/378/173 1171/378/187 1166/378/179
f 1168/378/182 1167/378/173 1162/378/175
f 1169/378/183 1167/378/173 1168/378/182
f 1169/378/183 1170/378/278 1167/378/173
f 1167/378/173 1170/378/278 1171/378/187
f 1173/378/188 1171/378/187 1172/378/326
f 1172/378/326 1171/378/187 1170/378/278
f 1173/378/188 1174/378/189 1171/378/187
f 1166/378/179 1171/378/187 1174/378/189
f 1177/378/190 1174/378/189 1175/378/279
f 1176/378/370 1175/378/279 1174/378/189
f 1176/378/370 1174/378/189 1173/378/188
f 1166/378/179 1174/378/189 1177/378/190
f 1177/378/190 1175/378/279 1178/378/192
f 1177/378/190 1178/378/192 1179/378/193
f 1177/378/190 1179/378/193 1165/378/178
f 1166/378/179 1177/378/190 1165/378/178
f 1179/378/193 1180/378/298 1164/378/177
f 1181/378/195 1180/378/298 1179/378/193
f 1179/378/193 1182/378/194 1181/378/195
f 1179/378/193 1164/378/177 1165/378/178
f 1179/378/193 1178/378/192 1182/378/194
f 1181/378/195 1182/378/194 1183/378/203
f 1184/378/204 1183/378/203 1182/378/194
f 1175/378/279 1184/378/204 1182/378/194
f 1175/378/279 1182/378/194 1178/378/192
f 1185/378/324 1184/378/204 1186/378/254
f 1184/378/204 1185/378/324 1183/378/203
f 1184/378/204 1175/378/279 1176/378/370
f 1184/378/204 1176/378/370 1186/378/254
f 1185/378/324 1186/378/254 1188/378/251
f 1187/378/246 1186/378/254 1176/378/370
f 1187/378/246 1189/378/247 1186/378/254
f 1189/378/247 1188/378/251 1186/378/254
f 1189/378/247 1190/378/250 1188/378/251
f 1190/378/250 1189/378/247 1191/378/248
f 1189/378/247 1192/378/245 1191/378/248
f 1189/378/247 1187/378/246 1192/378/245
f 1192/378/245 1187/378/246 1193/378/243
f 1192/378/245 1193/378/243 1194/378/242
f 1197/378/241 1192/378/245 1194/378/242
f 1192/378/245 1195/378/199 1191/378/248
f 1192/378/245 1196/378/197 1195/378/199
f 1197/378/241 1196/378/197 1192/378/245
f 1164/378/177 1196/378/197 1197/378/241
f 1163/378/277 1164/378/177 1197/378/241
f 1163/378/277 1197/378/241 1198/378/239
f 1198/378/239 1197/378/241 1194/378/242
f 1199/378/240 1163/378/277 1198/378/239
f 1198/378/239 1194/378/242 1201/378/237
f 1199/378/240 1198/378/239 1200/378/284
f 1200/378/284 1198/378/239 1201/378/237
f 1200/378/284 1201/378/237 1202/378/235
f 1194/378/242 1204/378/371 1201/378/237
f 1201/378/237 1203/378/285 1202/378/235
f 1201/378/237 1204/378/371 1203/378/285
f 1172/378/326 1204/378/371 1193/378/243
f 1194/378/242 1193/378/243 1204/378/371
f 1205/378/185 1204/378/371 1172/378/326
f 1205/378/185 1203/378/285 1204/378/371
f 1170/378/278 1206/378/184 1205/378/185
f 1172/378/326 1170/378/278 1205/378/185
f 1206/378/184 1203/378/285 1205/378/185
f 1206/378/184 1207/378/225 1203/378/285
f 1170/378/278 1169/378/183 1206/378/184
f 1208/378/286 1207/378/225 1206/378/184
f 1208/378/286 1206/378/184 1209/378/223
f 1169/378/183 1209/378/223 1206/378/184
f 1210/378/217 1208/378/286 1209/378/223
f 1169/378/183 1212/378/222 1209/378/223
f 1210/378/217 1209/378/223 1211/378/218
f 1211/378/218 1209/378/223 1212/378/222
f 1213/378/290 1215/378/219 1212/378/222
f 1213/378/290 1212/378/222 1214/378/221
f 1214/378/221 1212/378/222 1169/378/183
f 1211/378/218 1212/378/222 1215/378/219
f 1216/378/210 1217/378/213 1215/378/219
f 1216/378/210 1215/378/219 1213/378/290
f 1218/378/289 1215/378/219 1217/378/213
f 1218/378/289 1211/378/218 1215/378/219
f 1219/378/211 1218/378/289 1217/378/213
f 1219/378/211 1220/378/215 1218/378/289
f 1220/378/215 1221/378/216 1218/378/289
f 1218/378/289 1221/378/216 1210/378/217
f 1218/378/289 1210/378/217 1211/378/218
f 1222/378/229 1210/378/217 1221/378/216
f 1223/378/358 1222/378/229 1221/378/216
f 1220/378/215 1223/378/358 1221/378/216
f 1223/378/358 1226/378/257 1222/378/229
f 1225/378/255 1223/378/358 1220/378/215
f 1226/378/257 1223/378/358 1224/378/372
f 1225/378/255 1224/378/372 1223/378/358
f 1226/378/257 1224/378/372 1227/378/373
f 1228/378/261 1222/378/229 1226/378/257
f 1227/378/373 1229/378/259 1226/378/257
f 1228/378/261 1226/378/257 1229/378/259
f 1230/378/262 1228/378/261 1229/378/259
f 1231/378/260 1230/378/262 1229/378/259
f 1231/378/260 1229/378/259 1232/378/258
f 1227/378/373 1232/378/258 1229/378/259
f 1234/378/296 1232/378/258 1233/378/263
f 1227/378/373 1233/378/263 1232/378/258
f 1234/378/296 1231/378/260 1232/378/258
f 1195/378/199 1234/378/296 1233/378/263
f 1195/378/199 1237/378/198 1234/378/296
f 1235/378/202 1231/378/260 1234/378/296
f 1235/378/202 1234/378/296 1236/378/201
f 1236/378/201 1234/378/296 1237/378/198
f 1236/378/201 1237/378/198 1181/378/195
f 1196/378/197 1237/378/198 1195/378/199
f 1181/378/195 1237/378/198 1180/378/298
f 1196/378/197 1180/378/298 1237/378/198
f 1183/378/203 1235/378/202 1236/378/201
f 1181/378/195 1183/378/203 1236/378/201
f 1230/378/262 1235/378/202 1238/378/207
f 1239/378/206 1238/378/207 1235/378/202
f 1183/378/203 1239/378/206 1235/378/202
f 1230/378/262 1231/378/260 1235/378/202
f 1185/378/324 1240/378/209 1239/378/206
f 1239/378/206 1240/378/209 1219/378/211
f 1239/378/206 1219/378/211 1241/378/208
f 1239/378/206 1241/378/208 1238/378/207
f 1185/378/324 1239/378/206 1183/378/203
f 1241/378/208 1217/378/213 1216/378/210
f 1241/378/208 1216/378/210 1242/378/212
f 1241/378/208 1242/378/212 1238/378/207
f 1241/378/208 1219/378/211 1217/378/213
f 1243/378/265 1245/378/264 1242/378/212
f 1243/378/265 1242/378/212 1244/378/267
f 1242/378/212 1213/378/290 1244/378/267
f 1242/378/212 1216/378/210 1213/378/290
f 1245/378/264 1238/378/207 1242/378/212
f 1245/378/264 1243/378/265 1246/378/230
f 1245/378/264 1246/378/230 1228/378/261
f 1230/378/262 1245/378/264 1228/378/261
f 1245/378/264 1230/378/262 1238/378/207
f 1247/378/226 1249/378/227 1246/378/230
f 1247/378/226 1246/378/230 1248/378/228
f 1246/378/230 1250/378/292 1248/378/228
f 1246/378/230 1249/378/227 1222/378/229
f 1246/378/230 1243/378/265 1250/378/292
f 1246/378/230 1222/378/229 1228/378/261
f 1251/378/181 1253/378/232 1250/378/292
f 1251/378/181 1250/378/292 1252/378/266
f 1252/378/266 1250/378/292 1243/378/265
f 1248/378/228 1250/378/292 1253/378/232
f 1248/378/228 1253/378/232 1254/378/361
f 1254/378/361 1253/378/232 1199/378/240
f 1199/378/240 1253/378/232 1251/378/181
f 1254/378/361 1199/378/240 1200/378/284
f 1254/378/361 1200/378/284 1202/378/235
f 1254/378/361 1202/378/235 1255/378/234
f 1254/378/361 1255/378/234 1247/378/226
f 1254/378/361 1247/378/226 1248/378/228
f 1203/378/285 1255/378/234 1202/378/235
f 1203/378/285 1207/378/225 1255/378/234
f 1207/378/225 1247/378/226 1255/378/234
f 1244/378/267 1214/378/221 1252/378/266
f 1252/378/266 1214/378/221 1168/378/182
f 1252/378/266 1168/378/182 1251/378/181
f 1252/378/266 1243/378/265 1244/378/267
f 1199/378/240 1251/378/181 1162/378/175
f 1168/378/182 1162/378/175 1251/378/181
f 1249/378/227 1247/378/226 1208/378/286
f 1249/378/227 1208/378/286 1210/378/217
f 1222/378/229 1249/378/227 1210/378/217
f 1207/378/225 1208/378/286 1247/378/226
f 1244/378/267 1213/378/290 1214/378/221
f 1220/378/215 1219/378/211 1240/378/209
f 1220/378/215 1240/378/209 1225/378/255
f 1225/378/255 1240/378/209 1185/378/324
f 1191/378/248 1195/378/199 1233/378/263
f 1191/378/248 1233/378/263 1256/378/374
f 1227/378/373 1256/378/374 1233/378/263
f 1190/378/250 1191/378/248 1256/378/374
f 1227/378/373 1190/378/250 1256/378/374
f 1227/378/373 1224/378/372 1190/378/250
f 1190/378/250 1224/378/372 1225/378/255
f 1190/378/250 1225/378/255 1188/378/251
f 1225/378/255 1185/378/324 1188/378/251
f 1214/378/221 1169/378/183 1168/378/182
f 1163/378/277 1199/378/240 1162/378/175
f 1164/378/177 1180/378/298 1196/378/197
f 1193/378/243 1187/378/246 1176/378/370
f 1193/378/243 1176/378/370 1173/378/188
f 1172/378/326 1193/378/243 1173/378/188
f 1263/378/77 1257/378/78 1258/378/79
f 1259/378/80 1258/378/79 1257/378/78
f 1260/378/81 1259/378/80 1257/378/78
f 1260/378/81 1257/378/78 1261/378/82
f 1262/378/375 1261/378/82 1257/378/78
f 1263/378/77 1262/378/375 1257/378/78
f 1266/378/84 1262/378/375 1263/378/77
f 1264/378/85 1263/378/77 1258/378/79
f 1264/378/85 1265/378/86 1263/378/77
f 1267/378/87 1263/378/77 1265/378/86
f 1267/378/87 1266/378/84 1263/378/77
f 1268/378/118 1267/378/87 1265/378/86
f 1267/378/87 1268/378/118 1269/378/95
f 1267/378/87 1269/378/95 1270/378/330
f 1266/378/84 1267/378/87 1270/378/330
f 1266/378/84 1270/378/330 1271/378/90
f 1272/378/92 1271/378/90 1270/378/330
f 1273/378/94 1272/378/92 1270/378/330
f 1273/378/94 1270/378/330 1269/378/95
f 1276/378/317 1273/378/94 1274/378/318
f 1274/378/318 1273/378/94 1269/378/95
f 1272/378/92 1273/378/94 1275/378/316
f 1276/378/317 1275/378/316 1273/378/94
f 1275/378/316 1276/378/317 1277/378/308
f 1276/378/317 1278/378/137 1277/378/308
f 1276/378/317 1279/378/139 1278/378/137
f 1279/378/139 1276/378/317 1274/378/318
f 1279/378/139 1281/378/141 1280/378/136
f 1279/378/139 1280/378/136 1278/378/137
f 1282/378/140 1281/378/141 1279/378/139
f 1282/378/140 1279/378/139 1283/378/142
f 1279/378/139 1274/378/318 1283/378/142
f 1284/378/170 1282/378/140 1283/378/142
f 1284/378/170 1283/378/142 1286/378/121
f 1283/378/142 1274/378/318 1285/378/119
f 1283/378/142 1285/378/119 1286/378/121
f 1287/378/123 1286/378/121 1285/378/119
f 1288/378/127 1284/378/170 1286/378/121
f 1288/378/127 1286/378/121 1287/378/123
f 1290/378/376 1288/378/127 1289/378/124
f 1289/378/124 1288/378/127 1287/378/123
f 1284/378/170 1288/378/127 1290/378/376
f 1290/378/376 1289/378/124 1291/378/126
f 1292/378/129 1290/378/376 1291/378/126
f 1293/378/169 1290/378/376 1292/378/129
f 1284/378/170 1290/378/376 1293/378/169
f 1294/378/167 1296/378/143 1293/378/169
f 1294/378/167 1293/378/169 1295/378/168
f 1293/378/169 1292/378/129 1295/378/168
f 1293/378/169 1282/378/140 1284/378/170
f 1293/378/169 1296/378/143 1282/378/140
f 1281/378/141 1282/378/140 1296/378/143
f 1297/378/144 1296/378/143 1294/378/167
f 1281/378/141 1296/378/143 1297/378/144
f 1297/378/144 1300/378/148 1298/378/146
f 1297/378/144 1298/378/146 1299/378/145
f 1281/378/141 1297/378/144 1299/378/145
f 1297/378/144 1294/378/167 1300/378/148
f 1300/378/148 1301/378/149 1298/378/146
f 1300/378/148 1302/378/147 1301/378/149
f 1294/378/167 1302/378/147 1300/378/148
f 1294/378/167 1303/378/164 1302/378/147
f 1305/378/377 1301/378/149 1302/378/147
f 1303/378/164 1304/378/166 1302/378/147
f 1305/378/377 1302/378/147 1304/378/166
f 1260/378/81 1306/378/378 1305/378/377
f 1305/378/377 1306/378/378 1307/378/151
f 1305/378/377 1307/378/151 1301/378/149
f 1308/378/102 1305/378/377 1304/378/166
f 1260/378/81 1305/378/377 1308/378/102
f 1308/378/102 1304/378/166 1309/378/101
f 1310/378/312 1308/378/102 1309/378/101
f 1259/378/80 1308/378/102 1310/378/312
f 1259/378/80 1260/378/81 1308/378/102
f 1310/378/312 1309/378/101 1311/378/97
f 1310/378/312 1311/378/97 1314/378/99
f 1312/378/104 1259/378/80 1310/378/312
f 1312/378/104 1310/378/312 1313/378/103
f 1310/378/312 1314/378/99 1313/378/103
f 1315/378/105 1313/378/103 1314/378/99
f 1311/378/97 1317/378/379 1314/378/99
f 1315/378/105 1314/378/99 1316/378/380
f 1314/378/99 1272/378/92 1316/378/380
f 1314/378/99 1317/378/379 1272/378/92
f 1272/378/92 1317/378/379 1271/378/90
f 1311/378/97 1318/378/340 1317/378/379
f 1271/378/90 1317/378/379 1318/378/340
f 1320/378/301 1318/378/340 1319/378/339
f 1309/378/101 1319/378/339 1318/378/340
f 1309/378/101 1318/378/340 1311/378/97
f 1271/378/90 1318/378/340 1320/378/301
f 1320/378/301 1321/378/342 1266/378/84
f 1320/378/301 1266/378/84 1271/378/90
f 1322/378/160 1321/378/342 1320/378/301
f 1320/378/301 1319/378/339 1322/378/160
f 1322/378/160 1323/378/341 1321/378/342
f 1319/378/339 1324/378/161 1322/378/160
f 1324/378/161 1323/378/341 1322/378/160
f 1324/378/161 1328/378/157 1323/378/341
f 1319/378/339 1327/378/162 1324/378/161
f 1325/378/171 1328/378/157 1324/378/161
f 1325/378/171 1324/378/161 1326/378/165
f 1327/378/162 1326/378/165 1324/378/161
f 1328/378/157 1325/378/171 1329/378/156
f 1331/378/158 1323/378/341 1328/378/157
f 1328/378/157 1329/378/156 1330/378/303
f 1331/378/158 1328/378/157 1330/378/303
f 1262/378/375 1323/378/341 1331/378/158
f 1331/378/158 1330/378/303 1332/378/154
f 1331/378/158 1332/378/154 1261/378/82
f 1262/378/375 1331/378/158 1261/378/82
f 1332/378/154 1330/378/303 1329/378/156
f 1332/378/154 1329/378/156 1333/378/153
f 1333/378/153 1306/378/378 1332/378/154
f 1332/378/154 1306/378/378 1260/378/81
f 1332/378/154 1260/378/81 1261/378/82
f 1333/378/153 1329/378/156 1334/378/343
f 1333/378/153 1334/378/343 1335/378/344
f 1335/378/344 1307/378/151 1333/378/153
f 1333/378/153 1307/378/151 1306/378/378
f 1336/378/130 1337/378/134 1335/378/344
f 1334/378/343 1336/378/130 1335/378/344
f 1335/378/344 1337/378/134 1307/378/151
f 1301/378/149 1307/378/151 1337/378/134
f 1301/378/149 1337/378/134 1298/378/146
f 1337/378/134 1338/378/381 1299/378/145
f 1336/378/130 1338/378/381 1337/378/134
f 1337/378/134 1299/378/145 1298/378/146
f 1339/378/132 1338/378/381 1336/378/130
f 1338/378/381 1280/378/136 1299/378/145
f 1338/378/381 1339/378/132 1280/378/136
f 1340/378/309 1339/378/132 1341/378/125
f 1339/378/132 1340/378/309 1278/378/137
f 1339/378/132 1278/378/137 1280/378/136
f 1339/378/132 1336/378/130 1341/378/125
f 1340/378/309 1341/378/125 1342/378/116
f 1289/378/124 1342/378/116 1341/378/125
f 1291/378/126 1289/378/124 1341/378/125
f 1291/378/126 1341/378/125 1336/378/130
f 1343/378/113 1340/378/309 1342/378/116
f 1344/378/306 1343/378/113 1342/378/116
f 1289/378/124 1344/378/306 1342/378/116
f 1344/378/306 1345/378/117 1343/378/113
f 1344/378/306 1346/378/120 1345/378/117
f 1289/378/124 1287/378/123 1344/378/306
f 1344/378/306 1287/378/123 1346/378/120
f 1345/378/117 1346/378/120 1268/378/118
f 1287/378/123 1285/378/119 1346/378/120
f 1285/378/119 1268/378/118 1346/378/120
f 1343/378/113 1345/378/117 1347/378/115
f 1345/378/117 1268/378/118 1347/378/115
f 1343/378/113 1347/378/115 1348/378/111
f 1348/378/111 1347/378/115 1265/378/86
f 1268/378/118 1265/378/86 1347/378/115
f 1348/378/111 1265/378/86 1264/378/85
f 1264/378/85 1349/378/110 1348/378/111
f 1348/378/111 1349/378/110 1350/378/112
f 1348/378/111 1350/378/112 1343/378/113
f 1277/378/308 1350/378/112 1349/378/110
f 1278/378/137 1350/378/112 1277/378/308
f 1278/378/137 1340/378/309 1350/378/112
f 1343/378/113 1350/378/112 1340/378/309
f 1264/378/85 1351/378/106 1349/378/110
f 1352/378/107 1349/378/110 1351/378/106
f 1277/378/308 1349/378/110 1352/378/107
f 1352/378/107 1351/378/106 1315/378/105
f 1275/378/316 1277/378/308 1352/378/107
f 1352/378/107 1316/378/380 1275/378/316
f 1352/378/107 1315/378/105 1316/378/380
f 1315/378/105 1351/378/106 1312/378/104
f 1258/378/79 1312/378/104 1351/378/106
f 1258/378/79 1351/378/106 1264/378/85
f 1334/378/343 1291/378/126 1336/378/130
f 1292/378/129 1291/378/126 1334/378/343
f 1325/378/171 1292/378/129 1334/378/343
f 1325/378/171 1334/378/343 1329/378/156
f 1327/378/162 1303/378/164 1326/378/165
f 1303/378/164 1327/378/162 1304/378/166
f 1304/378/166 1327/378/162 1319/378/339
f 1292/378/129 1325/378/171 1326/378/165
f 1292/378/129 1326/378/165 1295/378/168
f 1303/378/164 1295/378/168 1326/378/165
f 1262/378/375 1321/378/342 1323/378/341
f 1266/378/84 1321/378/342 1262/378/375
f 1304/378/166 1319/378/339 1309/378/101
f 1272/378/92 1275/378/316 1316/378/380
f 1315/378/105 1312/378/104 1313/378/103
f 1259/378/80 1312/378/104 1258/378/79
f 1303/378/164 1294/378/167 1295/378/168
f 1281/378/141 1299/378/145 1280/378/136
f 1274/378/318 1269/378/95 1285/378/119
f 1285/378/119 1269/378/95 1268/378/118
f 1359/378/382 1353/378/174 1354/378/175
f 1355/378/277 1354/378/175 1353/378/174
f 1356/378/383 1355/378/277 1353/378/174
f 1356/378/383 1353/378/174 1357/378/178
f 1358/378/384 1357/378/178 1353/378/174
f 1359/378/382 1358/378/384 1353/378/174
f 1362/378/180 1358/378/384 1359/378/382
f 1360/378/181 1359/378/382 1354/378/175
f 1360/378/181 1361/378/182 1359/378/382
f 1361/378/182 1362/378/180 1359/378/382
f 1364/378/186 1363/378/327 1362/378/180
f 1362/378/180 1363/378/327 1358/378/384
f 1364/378/186 1362/378/180 1365/378/349
f 1362/378/180 1366/378/385 1365/378/349
f 1362/378/180 1367/378/183 1366/378/385
f 1361/378/182 1367/378/183 1362/378/180
f 1367/378/183 1368/378/223 1366/378/385
f 1369/378/221 1367/378/183 1361/378/182
f 1367/378/183 1370/378/222 1368/378/223
f 1369/378/221 1370/378/222 1367/378/183
f 1373/378/290 1370/378/222 1369/378/221
f 1371/378/218 1368/378/223 1370/378/222
f 1371/378/218 1370/378/222 1372/378/219
f 1373/378/290 1372/378/219 1370/378/222
f 1375/378/386 1373/378/290 1374/378/267
f 1374/378/267 1373/378/290 1369/378/221
f 1373/378/290 1375/378/386 1376/378/213
f 1373/378/290 1376/378/213 1372/378/219
f 1376/378/213 1377/378/289 1371/378/218
f 1378/378/357 1377/378/289 1376/378/213
f 1375/378/386 1378/378/357 1376/378/213
f 1376/378/213 1371/378/218 1372/378/219
f 1378/378/357 1379/378/215 1377/378/289
f 1379/378/215 1378/378/357 1380/378/209
f 1380/378/209 1378/378/357 1381/378/208
f 1375/378/386 1381/378/208 1378/378/357
f 1381/378/208 1375/378/386 1382/378/212
f 1381/378/208 1382/378/212 1383/378/207
f 1384/378/206 1381/378/208 1383/378/207
f 1380/378/209 1381/378/208 1384/378/206
f 1384/378/206 1383/378/207 1385/378/202
f 1386/378/203 1384/378/206 1385/378/202
f 1386/378/203 1380/378/209 1384/378/206
f 1386/378/203 1385/378/202 1387/378/387
f 1388/378/195 1386/378/203 1387/378/387
f 1388/378/195 1389/378/194 1386/378/203
f 1389/378/194 1390/378/280 1386/378/203
f 1386/378/203 1390/378/280 1380/378/209
f 1389/378/194 1391/378/204 1390/378/280
f 1390/378/280 1391/378/204 1392/378/254
f 1390/378/280 1392/378/254 1393/378/251
f 1394/378/255 1390/378/280 1393/378/251
f 1394/378/255 1380/378/209 1390/378/280
f 1379/378/215 1380/378/209 1394/378/255
f 1394/378/255 1395/378/256 1379/378/215
f 1394/378/255 1396/378/252 1395/378/256
f 1397/378/250 1396/378/252 1394/378/255
f 1397/378/250 1394/378/255 1393/378/251
f 1398/378/329 1396/378/252 1397/378/250
f 1398/378/329 1397/378/250 1399/378/249
f 1397/378/250 1400/378/248 1399/378/249
f 1397/378/250 1401/378/247 1400/378/248
f 1401/378/247 1397/378/250 1393/378/251
f 1401/378/247 1393/378/251 1392/378/254
f 1403/378/388 1401/378/247 1392/378/254
f 1401/378/247 1402/378/245 1400/378/248
f 1401/378/247 1403/378/388 1402/378/245
f 1403/378/388 1404/378/242 1402/378/245
f 1403/378/388 1392/378/254 1405/378/389
f 1403/378/388 1407/378/243 1404/378/242
f 1406/378/188 1403/378/388 1405/378/389
f 1406/378/188 1407/378/243 1403/378/388
f 1404/378/242 1407/378/243 1408/378/282
f 1364/378/186 1407/378/243 1406/378/188
f 1364/378/186 1408/378/282 1407/378/243
f 1404/378/242 1408/378/282 1409/378/237
f 1409/378/237 1408/378/282 1410/378/285
f 1365/378/349 1410/378/285 1408/378/282
f 1365/378/349 1408/378/282 1364/378/186
f 1412/378/235 1410/378/285 1411/378/225
f 1366/378/385 1411/378/225 1410/378/285
f 1366/378/385 1410/378/285 1365/378/349
f 1409/378/237 1410/378/285 1412/378/235
f 1413/378/238 1409/378/237 1412/378/235
f 1412/378/235 1411/378/225 1415/378/234
f 1414/378/361 1413/378/238 1412/378/235
f 1414/378/361 1412/378/235 1415/378/234
f 1417/378/228 1414/378/361 1415/378/234
f 1411/378/225 1416/378/390 1415/378/234
f 1417/378/228 1415/378/234 1416/378/390
f 1417/378/228 1418/378/292 1420/378/232
f 1419/378/321 1418/378/292 1417/378/228
f 1417/378/228 1421/378/227 1419/378/321
f 1417/378/228 1420/378/232 1414/378/361
f 1417/378/228 1416/378/390 1421/378/227
f 1426/378/288 1422/378/229 1421/378/227
f 1421/378/227 1422/378/229 1423/378/261
f 1421/378/227 1423/378/261 1419/378/321
f 1421/378/227 1416/378/390 1424/378/286
f 1421/378/227 1424/378/286 1425/378/287
f 1426/378/288 1421/378/227 1425/378/287
f 1395/378/256 1422/378/229 1426/378/288
f 1377/378/289 1426/378/288 1425/378/287
f 1379/378/215 1426/378/288 1377/378/289
f 1379/378/215 1395/378/256 1426/378/288
f 1425/378/287 1424/378/286 1368/378/223
f 1377/378/289 1425/378/287 1371/378/218
f 1425/378/287 1368/378/223 1371/378/218
f 1411/378/225 1424/378/286 1416/378/390
f 1424/378/286 1366/378/385 1368/378/223
f 1424/378/286 1411/378/225 1366/378/385
f 1427/378/262 1429/378/264 1423/378/261
f 1427/378/262 1423/378/261 1428/378/259
f 1422/378/229 1428/378/259 1423/378/261
f 1429/378/264 1419/378/321 1423/378/261
f 1374/378/267 1430/378/265 1429/378/264
f 1429/378/264 1430/378/265 1419/378/321
f 1374/378/267 1429/378/264 1382/378/212
f 1429/378/264 1383/378/207 1382/378/212
f 1429/378/264 1427/378/262 1383/378/207
f 1419/378/321 1430/378/265 1418/378/292
f 1431/378/266 1418/378/292 1430/378/265
f 1431/378/266 1430/378/265 1374/378/267
f 1431/378/266 1369/378/221 1361/378/182
f 1431/378/266 1361/378/182 1360/378/181
f 1360/378/181 1418/378/292 1431/378/266
f 1374/378/267 1369/378/221 1431/378/266
f 1432/378/322 1427/378/262 1428/378/259
f 1432/378/322 1428/378/259 1433/378/258
f 1422/378/229 1434/378/257 1428/378/259
f 1434/378/257 1433/378/258 1428/378/259
f 1395/378/256 1434/378/257 1422/378/229
f 1434/378/257 1395/378/256 1396/378/252
f 1434/378/257 1396/378/252 1398/378/329
f 1434/378/257 1398/378/329 1433/378/258
f 1398/378/329 1435/378/263 1433/378/258
f 1435/378/263 1432/378/322 1433/378/258
f 1399/378/249 1436/378/199 1435/378/263
f 1398/378/329 1399/378/249 1435/378/263
f 1436/378/199 1437/378/296 1435/378/263
f 1435/378/263 1437/378/296 1432/378/322
f 1387/378/387 1437/378/296 1438/378/198
f 1436/378/199 1438/378/198 1437/378/296
f 1385/378/202 1432/378/322 1437/378/296
f 1385/378/202 1437/378/296 1387/378/387
f 1439/378/197 1440/378/196 1438/378/198
f 1439/378/197 1438/378/198 1436/378/199
f 1387/378/387 1438/378/198 1388/378/195
f 1388/378/195 1438/378/198 1440/378/196
f 1388/378/195 1440/378/196 1441/378/193
f 1440/378/196 1357/378/178 1441/378/193
f 1356/378/383 1440/378/196 1439/378/197
f 1440/378/196 1356/378/383 1357/378/178
f 1441/378/193 1442/378/192 1389/378/194
f 1441/378/193 1389/378/194 1388/378/195
f 1443/378/190 1441/378/193 1357/378/178
f 1443/378/190 1442/378/192 1441/378/193
f 1443/378/190 1444/378/279 1442/378/192
f 1358/378/384 1443/378/190 1357/378/178
f 1443/378/190 1445/378/391 1444/378/279
f 1363/378/327 1445/378/391 1443/378/190
f 1363/378/327 1443/378/190 1358/378/384
f 1444/378/279 1445/378/391 1406/378/188
f 1406/378/188 1445/378/391 1363/378/327
f 1442/378/192 1444/378/279 1391/378/204
f 1391/378/204 1444/378/279 1405/378/389
f 1444/378/279 1406/378/188 1405/378/389
f 1442/378/192 1391/378/204 1389/378/194
f 1402/378/245 1439/378/197 1436/378/199
f 1404/378/242 1439/378/197 1402/378/245
f 1356/378/383 1439/378/197 1446/378/241
f 1404/378/242 1446/378/241 1439/378/197
f 1355/378/277 1356/378/383 1446/378/241
f 1355/378/277 1446/378/241 1447/378/239
f 1409/378/237 1447/378/239 1446/378/241
f 1409/378/237 1446/378/241 1404/378/242
f 1448/378/283 1355/378/277 1447/378/239
f 1448/378/283 1447/378/239 1413/378/238
f 1413/378/238 1447/378/239 1409/378/237
f 1355/378/277 1448/378/283 1354/378/175
f 1354/378/175 1448/378/283 1420/378/232
f 1414/378/361 1420/378/232 1448/378/283
f 1414/378/361 1448/378/283 1413/378/238
f 1399/378/249 1400/378/248 1436/378/199
f 1402/378/245 1436/378/199 1400/378/248
f 1427/378/262 1432/378/322 1385/378/202
f 1427/378/262 1385/378/202 1383/378/207
f 1354/378/175 1420/378/232 1360/378/181
f 1360/378/181 1420/378/232 1418/378/292
f 1406/378/188 1363/378/327 1364/378/186
f 1391/378/204 1405/378/389 1392/378/254
f 1375/378/386 1374/378/267 1382/378/212
f 1455/378/77 1449/378/78 1450/378/79
f 1451/378/80 1450/378/79 1449/378/78
f 1452/378/81 1451/378/80 1449/378/78
f 1452/378/81 1449/378/78 1453/378/82
f 1454/378/83 1453/378/82 1449/378/78
f 1455/378/77 1454/378/83 1449/378/78
f 1457/378/84 1454/378/83 1455/378/77
f 1456/378/86 1455/378/77 1450/378/79
f 1458/378/87 1455/378/77 1456/378/86
f 1458/378/87 1457/378/84 1455/378/77
f 1459/378/90 1457/378/84 1458/378/87
f 1459/378/90 1458/378/87 1462/378/300
f 1458/378/87 1460/378/118 1461/378/95
f 1460/378/118 1458/378/87 1456/378/86
f 1458/378/87 1461/378/95 1462/378/300
f 1464/378/94 1462/378/300 1461/378/95
f 1462/378/300 1465/378/314 1459/378/90
f 1462/378/300 1463/378/92 1465/378/314
f 1464/378/94 1463/378/92 1462/378/300
f 1468/378/99 1465/378/314 1463/378/92
f 1459/378/90 1465/378/314 1466/378/96
f 1467/378/97 1466/378/96 1465/378/314
f 1467/378/97 1465/378/314 1468/378/99
f 1469/378/103 1467/378/97 1468/378/99
f 1468/378/99 1463/378/92 1471/378/98
f 1470/378/105 1469/378/103 1468/378/99
f 1470/378/105 1468/378/99 1471/378/98
f 1473/378/107 1470/378/105 1471/378/98
f 1463/378/92 1472/378/392 1471/378/98
f 1473/378/107 1471/378/98 1472/378/392
f 1476/378/308 1474/378/110 1473/378/107
f 1473/378/107 1474/378/110 1475/378/106
f 1473/378/107 1475/378/106 1470/378/105
f 1472/378/392 1476/378/308 1473/378/107
f 1479/378/137 1477/378/112 1476/378/308
f 1476/378/308 1477/378/112 1474/378/110
f 1478/378/317 1479/378/137 1476/378/308
f 1472/378/392 1478/378/317 1476/378/308
f 1478/378/317 1481/378/139 1479/378/137
f 1479/378/137 1482/378/309 1477/378/112
f 1483/378/132 1479/378/137 1480/378/136
f 1481/378/139 1480/378/136 1479/378/137
f 1483/378/132 1482/378/309 1479/378/137
f 1482/378/309 1483/378/132 1484/378/125
f 1485/378/133 1483/378/132 1480/378/136
f 1483/378/132 1486/378/130 1484/378/125
f 1483/378/132 1485/378/133 1486/378/130
f 1486/378/130 1485/378/133 1487/378/134
f 1486/378/130 1487/378/134 1489/378/344
f 1488/378/126 1484/378/125 1486/378/130
f 1489/378/344 1488/378/126 1486/378/130
f 1489/378/344 1490/378/131 1488/378/126
f 1489/378/344 1487/378/134 1492/378/151
f 1491/378/153 1490/378/131 1489/378/344
f 1489/378/344 1492/378/151 1491/378/153
f 1493/378/150 1495/378/152 1492/378/151
f 1493/378/150 1492/378/151 1494/378/149
f 1494/378/149 1492/378/151 1487/378/134
f 1491/378/153 1492/378/151 1495/378/152
f 1491/378/153 1495/378/152 1496/378/154
f 1495/378/152 1453/378/82 1496/378/154
f 1452/378/81 1495/378/152 1493/378/150
f 1495/378/152 1452/378/81 1453/378/82
f 1496/378/154 1498/378/303 1497/378/156
f 1496/378/154 1497/378/156 1491/378/153
f 1499/378/158 1496/378/154 1453/378/82
f 1499/378/158 1498/378/303 1496/378/154
f 1499/378/158 1500/378/157 1498/378/303
f 1454/378/83 1499/378/158 1453/378/82
f 1499/378/158 1501/378/159 1500/378/157
f 1454/378/83 1501/378/159 1499/378/158
f 1502/378/161 1500/378/157 1501/378/159
f 1502/378/161 1501/378/159 1503/378/160
f 1503/378/160 1501/378/159 1504/378/88
f 1454/378/83 1504/378/88 1501/378/159
f 1503/378/160 1504/378/88 1505/378/301
f 1505/378/301 1504/378/88 1457/378/84
f 1457/378/84 1504/378/88 1454/378/83
f 1459/378/90 1466/378/96 1505/378/301
f 1505/378/301 1466/378/96 1506/378/313
f 1505/378/301 1506/378/313 1503/378/160
f 1505/378/301 1457/378/84 1459/378/90
f 1508/378/166 1507/378/162 1506/378/313
f 1506/378/313 1507/378/162 1502/378/161
f 1506/378/313 1502/378/161 1503/378/160
f 1508/378/166 1506/378/313 1509/378/101
f 1509/378/101 1506/378/313 1466/378/96
f 1510/378/102 1508/378/166 1509/378/101
f 1509/378/101 1466/378/96 1467/378/97
f 1511/378/312 1510/378/102 1509/378/101
f 1511/378/312 1509/378/101 1467/378/97
f 1512/378/104 1451/378/80 1511/378/312
f 1512/378/104 1511/378/312 1469/378/103
f 1469/378/103 1511/378/312 1467/378/97
f 1451/378/80 1510/378/102 1511/378/312
f 1451/378/80 1512/378/104 1450/378/79
f 1450/378/79 1512/378/104 1475/378/106
f 1470/378/105 1475/378/106 1512/378/104
f 1470/378/105 1512/378/104 1469/378/103
f 1451/378/80 1452/378/81 1510/378/102
f 1452/378/81 1493/378/150 1510/378/102
f 1510/378/102 1493/378/150 1508/378/166
f 1514/378/164 1508/378/166 1513/378/147
f 1493/378/150 1513/378/147 1508/378/166
f 1514/378/164 1507/378/162 1508/378/166
f 1515/378/167 1514/378/164 1513/378/147
f 1514/378/164 1515/378/167 1516/378/168
f 1514/378/164 1516/378/168 1517/378/165
f 1507/378/162 1514/378/164 1517/378/165
f 1518/378/338 1502/378/161 1517/378/165
f 1519/378/129 1518/378/338 1517/378/165
f 1519/378/129 1517/378/165 1516/378/168
f 1507/378/162 1517/378/165 1502/378/161
f 1518/378/338 1519/378/129 1490/378/131
f 1519/378/129 1488/378/126 1490/378/131
f 1520/378/128 1519/378/129 1516/378/168
f 1519/378/129 1520/378/128 1488/378/126
f 1520/378/128 1522/378/127 1521/378/124
f 1520/378/128 1521/378/124 1488/378/126
f 1523/378/170 1522/378/127 1520/378/128
f 1523/378/170 1520/378/128 1524/378/169
f 1520/378/128 1516/378/168 1524/378/169
f 1515/378/167 1525/378/393 1524/378/169
f 1524/378/169 1525/378/393 1526/378/140
f 1524/378/169 1526/378/140 1523/378/170
f 1515/378/167 1524/378/169 1516/378/168
f 1526/378/140 1528/378/141 1481/378/139
f 1526/378/140 1481/378/139 1527/378/142
f 1523/378/170 1526/378/140 1527/378/142
f 1528/378/141 1526/378/140 1525/378/393
f 1528/378/141 1525/378/393 1529/378/144
f 1481/378/139 1528/378/141 1480/378/136
f 1529/378/144 1480/378/136 1528/378/141
f 1529/378/144 1525/378/393 1515/378/167
f 1529/378/144 1515/378/167 1530/378/148
f 1529/378/144 1530/378/148 1531/378/146
f 1529/378/144 1531/378/146 1532/378/145
f 1529/378/144 1532/378/145 1480/378/136
f 1485/378/133 1480/378/136 1532/378/145
f 1531/378/146 1485/378/133 1532/378/145
f 1531/378/146 1487/378/134 1485/378/133
f 1494/378/149 1487/378/134 1531/378/146
f 1530/378/148 1494/378/149 1531/378/146
f 1515/378/167 1513/378/147 1530/378/148
f 1530/378/148 1513/378/147 1494/378/149
f 1527/378/142 1535/378/318 1533/378/119
f 1527/378/142 1533/378/119 1534/378/121
f 1523/378/170 1527/378/142 1534/378/121
f 1481/378/139 1535/378/318 1527/378/142
f 1481/378/139 1478/378/317 1535/378/318
f 1535/378/318 1461/378/95 1533/378/119
f 1535/378/318 1464/378/94 1461/378/95
f 1478/378/317 1464/378/94 1535/378/318
f 1522/378/127 1523/378/170 1534/378/121
f 1522/378/127 1534/378/121 1536/378/123
f 1534/378/121 1537/378/120 1536/378/123
f 1534/378/121 1533/378/119 1537/378/120
f 1538/378/306 1536/378/123 1537/378/120
f 1538/378/306 1537/378/120 1539/378/117
f 1539/378/117 1537/378/120 1460/378/118
f 1533/378/119 1460/378/118 1537/378/120
f 1540/378/116 1538/378/306 1539/378/117
f 1540/378/116 1539/378/117 1541/378/113
f 1541/378/113 1539/378/117 1542/378/115
f 1539/378/117 1460/378/118 1542/378/115
f 1541/378/113 1542/378/115 1543/378/111
f 1543/378/111 1542/378/115 1456/378/86
f 1460/378/118 1456/378/86 1542/378/115
f 1543/378/111 1456/378/86 1544/378/85
f 1544/378/85 1474/378/110 1543/378/111
f 1543/378/111 1474/378/110 1477/378/112
f 1543/378/111 1477/378/112 1541/378/113
f 1544/378/85 1475/378/106 1474/378/110
f 1450/378/79 1475/378/106 1544/378/85
f 1456/378/86 1450/378/79 1544/378/85
f 1541/378/113 1477/378/112 1482/378/309
f 1541/378/113 1482/378/309 1540/378/116
f 1521/378/124 1540/378/116 1484/378/125
f 1482/378/309 1484/378/125 1540/378/116
f 1521/378/124 1538/378/306 1540/378/116
f 1521/378/124 1536/378/123 1538/378/306
f 1521/378/124 1522/378/127 1536/378/123
f 1533/378/119 1461/378/95 1460/378/118
f 1488/378/126 1521/378/124 1484/378/125
f 1500/378/157 1518/378/338 1497/378/156
f 1518/378/338 1500/378/157 1502/378/161
f 1518/378/338 1490/378/131 1497/378/156
f 1493/378/150 1494/378/149 1513/378/147
f 1500/378/157 1497/378/156 1498/378/303
f 1491/378/153 1497/378/156 1490/378/131
f 1478/378/317 1472/378/392 1464/378/94
f 1463/378/92 1464/378/94 1472/378/392
f 1551/378/173 1545/378/174 1546/378/175
f 1547/378/277 1546/378/175 1545/378/174
f 1548/378/394 1547/378/277 1545/378/174
f 1548/378/394 1545/378/174 1549/378/178
f 1550/378/179 1549/378/178 1545/378/174
f 1551/378/173 1550/378/179 1545/378/174
f 1551/378/173 1555/378/187 1550/378/179
f 1552/378/182 1551/378/173 1546/378/175
f 1553/378/183 1551/378/173 1552/378/182
f 1553/378/183 1554/378/395 1551/378/173
f 1551/378/173 1554/378/395 1555/378/187
f 1556/378/186 1555/378/187 1554/378/395
f 1557/378/188 1555/378/187 1556/378/186
f 1557/378/188 1558/378/189 1555/378/187
f 1550/378/179 1555/378/187 1558/378/189
f 1560/378/190 1558/378/189 1559/378/191
f 1559/378/191 1558/378/189 1557/378/188
f 1550/378/179 1558/378/189 1560/378/190
f 1560/378/190 1559/378/191 1561/378/192
f 1560/378/190 1561/378/192 1562/378/193
f 1560/378/190 1562/378/193 1549/378/178
f 1550/378/179 1560/378/190 1549/378/178
f 1562/378/193 1561/378/192 1563/378/194
f 1562/378/193 1563/378/194 1564/378/354
f 1564/378/354 1565/378/196 1562/378/193
f 1565/378/196 1549/378/178 1562/378/193
f 1565/378/196 1548/378/394 1549/378/178
f 1548/378/394 1565/378/196 1566/378/197
f 1566/378/197 1565/378/196 1567/378/198
f 1564/378/354 1567/378/198 1565/378/196
f 1566/378/197 1567/378/198 1568/378/199
f 1568/378/199 1567/378/198 1569/378/296
f 1570/378/201 1569/378/296 1567/378/198
f 1570/378/201 1567/378/198 1564/378/354
f 1572/378/323 1569/378/296 1570/378/201
f 1564/378/354 1571/378/203 1570/378/201
f 1571/378/203 1572/378/323 1570/378/201
f 1573/378/206 1576/378/293 1572/378/323
f 1571/378/203 1573/378/206 1572/378/323
f 1572/378/323 1574/378/260 1569/378/296
f 1575/378/262 1574/378/260 1572/378/323
f 1575/378/262 1572/378/323 1576/378/293
f 1577/378/264 1575/378/262 1576/378/293
f 1577/378/264 1576/378/293 1578/378/212
f 1579/378/208 1578/378/212 1576/378/293
f 1573/378/206 1579/378/208 1576/378/293
f 1579/378/208 1583/378/210 1578/378/212
f 1581/378/209 1579/378/208 1573/378/206
f 1579/378/208 1580/378/211 1582/378/213
f 1581/378/209 1580/378/211 1579/378/208
f 1579/378/208 1582/378/213 1583/378/210
f 1583/378/210 1582/378/213 1584/378/219
f 1583/378/210 1586/378/267 1578/378/212
f 1583/378/210 1584/378/219 1585/378/290
f 1583/378/210 1585/378/290 1586/378/267
f 1586/378/267 1585/378/290 1587/378/221
f 1586/378/267 1587/378/221 1588/378/266
f 1588/378/266 1589/378/359 1586/378/267
f 1586/378/267 1589/378/359 1577/378/264
f 1586/378/267 1577/378/264 1578/378/212
f 1588/378/266 1590/378/231 1589/378/359
f 1591/378/230 1589/378/359 1590/378/231
f 1577/378/264 1589/378/359 1591/378/230
f 1591/378/230 1590/378/231 1592/378/228
f 1593/378/226 1591/378/230 1592/378/228
f 1593/378/226 1594/378/227 1591/378/230
f 1591/378/230 1594/378/227 1595/378/229
f 1591/378/230 1595/378/229 1596/378/261
f 1577/378/264 1591/378/230 1596/378/261
f 1575/378/262 1577/378/264 1596/378/261
f 1575/378/262 1596/378/261 1597/378/259
f 1596/378/261 1598/378/257 1597/378/259
f 1596/378/261 1595/378/229 1598/378/257
f 1598/378/257 1602/378/396 1599/378/253
f 1598/378/257 1599/378/253 1600/378/258
f 1598/378/257 1600/378/258 1597/378/259
f 1601/378/358 1598/378/257 1595/378/229
f 1598/378/257 1601/378/358 1602/378/396
f 1599/378/253 1602/378/396 1603/378/250
f 1603/378/250 1602/378/396 1604/378/255
f 1604/378/255 1602/378/396 1601/378/358
f 1603/378/250 1604/378/255 1605/378/251
f 1604/378/255 1607/378/324 1605/378/251
f 1604/378/255 1581/378/209 1607/378/324
f 1606/378/215 1581/378/209 1604/378/255
f 1604/378/255 1601/378/358 1606/378/215
f 1607/378/324 1581/378/209 1573/378/206
f 1607/378/324 1573/378/206 1571/378/203
f 1608/378/204 1607/378/324 1571/378/203
f 1607/378/324 1608/378/204 1609/378/254
f 1607/378/324 1609/378/254 1605/378/251
f 1612/378/246 1609/378/254 1610/378/268
f 1608/378/204 1610/378/268 1609/378/254
f 1611/378/247 1605/378/251 1609/378/254
f 1612/378/246 1611/378/247 1609/378/254
f 1611/378/247 1612/378/246 1613/378/245
f 1614/378/243 1612/378/246 1610/378/268
f 1613/378/245 1612/378/246 1614/378/243
f 1556/378/186 1615/378/282 1614/378/243
f 1556/378/186 1614/378/243 1557/378/188
f 1614/378/243 1610/378/268 1557/378/188
f 1616/378/242 1614/378/243 1615/378/282
f 1613/378/245 1614/378/243 1616/378/242
f 1616/378/242 1615/378/282 1617/378/237
f 1617/378/237 1618/378/241 1616/378/242
f 1616/378/242 1566/378/197 1613/378/245
f 1616/378/242 1618/378/241 1566/378/197
f 1617/378/237 1619/378/239 1618/378/241
f 1548/378/394 1566/378/197 1618/378/241
f 1547/378/277 1548/378/394 1618/378/241
f 1547/378/277 1618/378/241 1619/378/239
f 1620/378/240 1547/378/277 1619/378/239
f 1619/378/239 1617/378/237 1622/378/235
f 1620/378/240 1619/378/239 1621/378/325
f 1619/378/239 1622/378/235 1621/378/325
f 1623/378/361 1621/378/325 1622/378/235
f 1623/378/361 1622/378/235 1624/378/234
f 1625/378/236 1624/378/234 1622/378/235
f 1617/378/237 1625/378/236 1622/378/235
f 1626/378/225 1625/378/236 1627/378/349
f 1625/378/236 1626/378/225 1624/378/234
f 1627/378/349 1625/378/236 1615/378/282
f 1617/378/237 1615/378/282 1625/378/236
f 1626/378/225 1627/378/349 1628/378/184
f 1554/378/395 1628/378/184 1627/378/349
f 1556/378/186 1554/378/395 1627/378/349
f 1627/378/349 1615/378/282 1556/378/186
f 1629/378/286 1626/378/225 1628/378/184
f 1629/378/286 1628/378/184 1630/378/223
f 1553/378/183 1630/378/223 1628/378/184
f 1554/378/395 1553/378/183 1628/378/184
f 1631/378/287 1629/378/286 1630/378/223
f 1631/378/287 1630/378/223 1632/378/218
f 1632/378/218 1630/378/223 1633/378/222
f 1553/378/183 1633/378/222 1630/378/223
f 1632/378/218 1633/378/222 1584/378/219
f 1587/378/221 1633/378/222 1553/378/183
f 1587/378/221 1584/378/219 1633/378/222
f 1634/378/288 1631/378/287 1632/378/218
f 1634/378/288 1632/378/218 1635/378/289
f 1582/378/213 1632/378/218 1584/378/219
f 1582/378/213 1635/378/289 1632/378/218
f 1606/378/215 1634/378/288 1635/378/289
f 1580/378/211 1606/378/215 1635/378/289
f 1580/378/211 1635/378/289 1582/378/213
f 1601/378/358 1595/378/229 1634/378/288
f 1634/378/288 1595/378/229 1594/378/227
f 1634/378/288 1594/378/227 1631/378/287
f 1606/378/215 1601/378/358 1634/378/288
f 1594/378/227 1629/378/286 1631/378/287
f 1626/378/225 1629/378/286 1593/378/226
f 1594/378/227 1593/378/226 1629/378/286
f 1626/378/225 1593/378/226 1624/378/234
f 1592/378/228 1623/378/361 1624/378/234
f 1592/378/228 1624/378/234 1593/378/226
f 1623/378/361 1636/378/232 1620/378/240
f 1592/378/228 1636/378/232 1623/378/361
f 1623/378/361 1620/378/240 1621/378/325
f 1620/378/240 1636/378/232 1637/378/181
f 1637/378/181 1636/378/232 1590/378/231
f 1592/378/228 1590/378/231 1636/378/232
f 1620/378/240 1637/378/181 1546/378/175
f 1552/378/182 1546/378/175 1637/378/181
f 1588/378/266 1552/378/182 1637/378/181
f 1637/378/181 1590/378/231 1588/378/266
f 1547/378/277 1620/378/240 1546/378/175
f 1566/378/197 1638/378/248 1613/378/245
f 1611/378/247 1613/378/245 1638/378/248
f 1638/378/248 1568/378/199 1640/378/263
f 1566/378/197 1568/378/199 1638/378/248
f 1603/378/250 1611/378/247 1638/378/248
f 1603/378/250 1638/378/248 1639/378/249
f 1638/378/248 1640/378/263 1639/378/249
f 1599/378/253 1639/378/249 1640/378/263
f 1599/378/253 1640/378/263 1600/378/258
f 1569/378/296 1600/378/258 1640/378/263
f 1568/378/199 1569/378/296 1640/378/263
f 1599/378/253 1603/378/250 1639/378/249
f 1611/378/247 1603/378/250 1605/378/251
f 1559/378/191 1557/378/188 1610/378/268
f 1608/378/204 1559/378/191 1610/378/268
f 1608/378/204 1571/378/203 1563/378/194
f 1559/378/191 1608/378/204 1563/378/194
f 1606/378/215 1580/378/211 1581/378/209
f 1569/378/296 1574/378/260 1600/378/258
f 1574/378/260 1597/378/259 1600/378/258
f 1574/378/260 1575/378/262 1597/378/259
f 1588/378/266 1587/378/221 1552/378/182
f 1587/378/221 1553/378/183 1552/378/182
f 1587/378/221 1585/378/290 1584/378/219
f 1564/378/354 1563/378/194 1571/378/203
f 1559/378/191 1563/378/194 1561/378/192
f 1647/378/397 1641/378/78 1642/378/79
f 1643/378/80 1642/378/79 1641/378/78
f 1644/378/81 1643/378/80 1641/378/78
f 1644/378/81 1641/378/78 1645/378/82
f 1646/378/83 1645/378/82 1641/378/78
f 1647/378/397 1646/378/83 1641/378/78
f 1650/378/84 1646/378/83 1647/378/397
f 1648/378/86 1647/378/397 1642/378/79
f 1649/378/87 1647/378/397 1648/378/86
f 1649/378/87 1650/378/84 1647/378/397
f 1650/378/84 1651/378/88 1646/378/83
f 1652/378/89 1651/378/88 1650/378/84
f 1652/378/89 1650/378/84 1653/378/90
f 1653/378/90 1650/378/84 1649/378/87
f 1653/378/90 1654/378/96 1652/378/89
f 1653/378/90 1656/378/314 1654/378/96
f 1653/378/90 1649/378/87 1655/378/300
f 1655/378/300 1656/378/314 1653/378/90
f 1655/378/300 1659/378/92 1656/378/314
f 1657/378/97 1654/378/96 1656/378/314
f 1657/378/97 1656/378/314 1658/378/99
f 1658/378/99 1656/378/314 1659/378/92
f 1658/378/99 1659/378/92 1660/378/98
f 1662/378/94 1659/378/92 1655/378/300
f 1659/378/92 1661/378/316 1660/378/98
f 1659/378/92 1662/378/94 1661/378/316
f 1662/378/94 1655/378/300 1663/378/95
f 1664/378/317 1661/378/316 1662/378/94
f 1665/378/318 1662/378/94 1663/378/95
f 1664/378/317 1662/378/94 1665/378/318
f 1667/378/139 1664/378/317 1665/378/318
f 1665/378/318 1663/378/95 1666/378/119
f 1668/378/142 1665/378/318 1666/378/119
f 1667/378/139 1665/378/318 1668/378/142
f 1668/378/142 1666/378/119 1669/378/121
f 1670/378/170 1668/378/142 1669/378/121
f 1670/378/170 1671/378/140 1668/378/142
f 1671/378/140 1667/378/139 1668/378/142
f 1672/378/169 1671/378/140 1670/378/170
f 1672/378/169 1673/378/332 1671/378/140
f 1674/378/141 1671/378/140 1673/378/332
f 1671/378/140 1674/378/141 1667/378/139
f 1674/378/141 1673/378/332 1675/378/144
f 1667/378/139 1674/378/141 1677/378/311
f 1674/378/141 1675/378/144 1676/378/145
f 1674/378/141 1676/378/145 1677/378/311
f 1667/378/139 1677/378/311 1678/378/137
f 1679/378/132 1678/378/137 1677/378/311
f 1680/378/398 1679/378/132 1677/378/311
f 1680/378/398 1677/378/311 1676/378/145
f 1679/378/132 1680/378/398 1681/378/130
f 1681/378/130 1680/378/398 1682/378/134
f 1683/378/146 1682/378/134 1680/378/398
f 1683/378/146 1680/378/398 1676/378/145
f 1684/378/148 1685/378/399 1683/378/146
f 1675/378/144 1684/378/148 1683/378/146
f 1675/378/144 1683/378/146 1676/378/145
f 1685/378/399 1682/378/134 1683/378/146
f 1684/378/148 1686/378/147 1685/378/399
f 1688/378/150 1685/378/399 1686/378/147
f 1685/378/399 1687/378/151 1682/378/134
f 1688/378/150 1687/378/151 1685/378/399
f 1688/378/150 1689/378/152 1687/378/151
f 1688/378/150 1686/378/147 1691/378/166
f 1644/378/81 1689/378/152 1688/378/150
f 1644/378/81 1688/378/150 1690/378/102
f 1690/378/102 1688/378/150 1691/378/166
f 1690/378/102 1691/378/166 1692/378/101
f 1693/378/162 1692/378/101 1691/378/166
f 1694/378/400 1693/378/162 1691/378/166
f 1694/378/400 1691/378/166 1686/378/147
f 1693/378/162 1694/378/400 1697/378/165
f 1695/378/167 1694/378/400 1686/378/147
f 1694/378/400 1695/378/167 1696/378/168
f 1694/378/400 1696/378/168 1697/378/165
f 1693/378/162 1697/378/165 1698/378/161
f 1699/378/171 1698/378/161 1697/378/165
f 1700/378/129 1699/378/171 1697/378/165
f 1700/378/129 1697/378/165 1696/378/168
f 1672/378/169 1701/378/305 1700/378/129
f 1672/378/169 1700/378/129 1696/378/168
f 1700/378/129 1701/378/305 1702/378/401
f 1700/378/129 1702/378/401 1703/378/402
f 1699/378/171 1700/378/129 1703/378/402
f 1703/378/402 1702/378/401 1681/378/130
f 1703/378/402 1681/378/130 1704/378/403
f 1705/378/153 1703/378/402 1704/378/403
f 1705/378/153 1706/378/156 1703/378/402
f 1699/378/171 1703/378/402 1706/378/156
f 1707/378/154 1706/378/156 1705/378/153
f 1707/378/154 1708/378/303 1706/378/156
f 1709/378/157 1706/378/156 1708/378/303
f 1709/378/157 1699/378/171 1706/378/156
f 1698/378/161 1709/378/157 1710/378/159
f 1711/378/158 1710/378/159 1709/378/157
f 1711/378/158 1709/378/157 1708/378/303
f 1699/378/171 1709/378/157 1698/378/161
f 1711/378/158 1708/378/303 1707/378/154
f 1711/378/158 1707/378/154 1645/378/82
f 1646/378/83 1711/378/158 1645/378/82
f 1646/378/83 1710/378/159 1711/378/158
f 1646/378/83 1651/378/88 1710/378/159
f 1698/378/161 1710/378/159 1712/378/160
f 1712/378/160 1710/378/159 1651/378/88
f 1713/378/313 1698/378/161 1712/378/160
f 1652/378/89 1713/378/313 1712/378/160
f 1712/378/160 1651/378/88 1652/378/89
f 1693/378/162 1713/378/313 1692/378/101
f 1713/378/313 1693/378/162 1698/378/161
f 1692/378/101 1713/378/313 1654/378/96
f 1652/378/89 1654/378/96 1713/378/313
f 1705/378/153 1689/378/152 1707/378/154
f 1707/378/154 1689/378/152 1644/378/81
f 1707/378/154 1644/378/81 1645/378/82
f 1704/378/403 1687/378/151 1705/378/153
f 1705/378/153 1687/378/151 1689/378/152
f 1704/378/403 1682/378/134 1687/378/151
f 1681/378/130 1682/378/134 1704/378/403
f 1702/378/401 1714/378/124 1715/378/125
f 1701/378/305 1714/378/124 1702/378/401
f 1702/378/401 1715/378/125 1681/378/130
f 1679/378/132 1681/378/130 1715/378/125
f 1716/378/114 1679/378/132 1715/378/125
f 1716/378/114 1715/378/125 1717/378/116
f 1714/378/124 1717/378/116 1715/378/125
f 1718/378/113 1716/378/114 1717/378/116
f 1719/378/306 1718/378/113 1717/378/116
f 1714/378/124 1719/378/306 1717/378/116
f 1719/378/306 1722/378/117 1718/378/113
f 1714/378/124 1720/378/123 1719/378/306
f 1719/378/306 1720/378/123 1721/378/336
f 1719/378/306 1721/378/336 1722/378/117
f 1722/378/117 1721/378/336 1723/378/118
f 1722/378/117 1723/378/118 1724/378/115
f 1718/378/113 1722/378/117 1724/378/115
f 1725/378/111 1724/378/115 1648/378/86
f 1723/378/118 1648/378/86 1724/378/115
f 1718/378/113 1724/378/115 1725/378/111
f 1725/378/111 1648/378/86 1726/378/85
f 1726/378/85 1728/378/110 1725/378/111
f 1725/378/111 1727/378/112 1718/378/113
f 1725/378/111 1728/378/110 1727/378/112
f 1730/378/308 1727/378/112 1728/378/110
f 1726/378/85 1729/378/106 1728/378/110
f 1731/378/107 1728/378/110 1729/378/106
f 1730/378/308 1728/378/110 1731/378/107
f 1661/378/316 1730/378/308 1731/378/107
f 1731/378/107 1729/378/106 1732/378/105
f 1731/378/107 1660/378/98 1661/378/316
f 1731/378/107 1732/378/105 1660/378/98
f 1732/378/105 1734/378/103 1658/378/99
f 1732/378/105 1658/378/99 1660/378/98
f 1732/378/105 1729/378/106 1733/378/104
f 1732/378/105 1733/378/104 1734/378/103
f 1733/378/104 1735/378/312 1734/378/103
f 1734/378/103 1657/378/97 1658/378/99
f 1734/378/103 1735/378/312 1657/378/97
f 1733/378/104 1643/378/80 1735/378/312
f 1735/378/312 1692/378/101 1657/378/97
f 1735/378/312 1690/378/102 1692/378/101
f 1643/378/80 1690/378/102 1735/378/312
f 1643/378/80 1733/378/104 1642/378/79
f 1733/378/104 1726/378/85 1642/378/79
f 1733/378/104 1729/378/106 1726/378/85
f 1678/378/137 1727/378/112 1730/378/308
f 1664/378/317 1678/378/137 1730/378/308
f 1661/378/316 1664/378/317 1730/378/308
f 1718/378/113 1727/378/112 1716/378/114
f 1678/378/137 1716/378/114 1727/378/112
f 1648/378/86 1642/378/79 1726/378/85
f 1649/378/87 1723/378/118 1663/378/95
f 1723/378/118 1649/378/87 1648/378/86
f 1666/378/119 1663/378/95 1723/378/118
f 1666/378/119 1723/378/118 1721/378/336
f 1720/378/123 1666/378/119 1721/378/336
f 1736/378/127 1669/378/121 1720/378/123
f 1714/378/124 1736/378/127 1720/378/123
f 1720/378/123 1669/378/121 1666/378/119
f 1701/378/305 1736/378/127 1714/378/124
f 1670/378/170 1736/378/127 1701/378/305
f 1736/378/127 1670/378/170 1669/378/121
f 1679/378/132 1716/378/114 1678/378/137
f 1670/378/170 1701/378/305 1672/378/169
f 1695/378/167 1672/378/169 1696/378/168
f 1695/378/167 1673/378/332 1672/378/169
f 1675/378/144 1673/378/332 1695/378/167
f 1675/378/144 1695/378/167 1684/378/148
f 1695/378/167 1686/378/147 1684/378/148
f 1692/378/101 1654/378/96 1657/378/97
f 1643/378/80 1644/378/81 1690/378/102
f 1664/378/317 1667/378/139 1678/378/137
f 1649/378/87 1663/378/95 1655/378/300
f 1743/378/397 1737/378/78 1738/378/79
f 1739/378/80 1738/378/79 1737/378/78
f 1740/378/81 1739/378/80 1737/378/78
f 1740/378/81 1737/378/78 1741/378/82
f 1742/378/83 1741/378/82 1737/378/78
f 1743/378/397 1742/378/83 1737/378/78
f 1745/378/84 1742/378/83 1743/378/397
f 1744/378/86 1743/378/397 1738/378/79
f 1746/378/87 1743/378/397 1744/378/86
f 1746/378/87 1745/378/84 1743/378/397
f 1747/378/118 1746/378/87 1744/378/86
f 1746/378/87 1747/378/118 1748/378/95
f 1746/378/87 1748/378/95 1750/378/300
f 1749/378/90 1745/378/84 1746/378/87
f 1749/378/90 1746/378/87 1750/378/300
f 1750/378/300 1753/378/314 1749/378/90
f 1752/378/404 1750/378/300 1748/378/95
f 1750/378/300 1751/378/92 1753/378/314
f 1752/378/404 1751/378/92 1750/378/300
f 1753/378/314 1751/378/92 1757/378/380
f 1749/378/90 1753/378/314 1756/378/340
f 1754/378/405 1756/378/340 1753/378/314
f 1754/378/405 1753/378/314 1755/378/99
f 1753/378/314 1757/378/380 1755/378/99
f 1758/378/105 1755/378/99 1757/378/380
f 1759/378/107 1758/378/105 1757/378/380
f 1751/378/92 1760/378/316 1757/378/380
f 1759/378/107 1757/378/380 1760/378/316
f 1761/378/317 1760/378/316 1752/378/404
f 1760/378/316 1761/378/317 1762/378/308
f 1760/378/316 1762/378/308 1759/378/107
f 1751/378/92 1752/378/404 1760/378/316
f 1765/378/137 1763/378/112 1762/378/308
f 1762/378/308 1763/378/112 1764/378/110
f 1762/378/308 1764/378/110 1759/378/107
f 1761/378/317 1765/378/137 1762/378/308
f 1761/378/317 1767/378/139 1765/378/137
f 1765/378/137 1768/378/309 1763/378/112
f 1769/378/310 1765/378/137 1766/378/311
f 1767/378/139 1766/378/311 1765/378/137
f 1769/378/310 1768/378/309 1765/378/137
f 1768/378/309 1769/378/310 1770/378/368
f 1771/378/133 1769/378/310 1766/378/311
f 1769/378/310 1772/378/130 1770/378/368
f 1769/378/310 1771/378/133 1772/378/130
f 1772/378/130 1771/378/133 1773/378/134
f 1772/378/130 1773/378/134 1774/378/344
f 1775/378/131 1772/378/130 1774/378/344
f 1775/378/131 1776/378/126 1772/378/130
f 1776/378/126 1770/378/368 1772/378/130
f 1777/378/376 1779/378/124 1776/378/126
f 1778/378/129 1777/378/376 1776/378/126
f 1778/378/129 1776/378/126 1775/378/131
f 1776/378/126 1779/378/124 1770/378/368
f 1779/378/124 1781/378/306 1780/378/116
f 1779/378/124 1780/378/116 1770/378/368
f 1779/378/124 1783/378/123 1781/378/306
f 1777/378/376 1782/378/127 1779/378/124
f 1779/378/124 1782/378/127 1783/378/123
f 1783/378/123 1784/378/121 1786/378/119
f 1782/378/127 1784/378/121 1783/378/123
f 1781/378/306 1783/378/123 1785/378/120
f 1783/378/123 1786/378/119 1785/378/120
f 1786/378/119 1748/378/95 1747/378/118
f 1786/378/119 1747/378/118 1785/378/120
f 1787/378/318 1748/378/95 1786/378/119
f 1784/378/121 1787/378/318 1786/378/119
f 1787/378/318 1752/378/404 1748/378/95
f 1761/378/317 1752/378/404 1787/378/318
f 1767/378/139 1761/378/317 1787/378/318
f 1767/378/139 1787/378/318 1788/378/142
f 1784/378/121 1788/378/142 1787/378/318
f 1790/378/140 1767/378/139 1788/378/142
f 1789/378/170 1788/378/142 1784/378/121
f 1789/378/170 1790/378/140 1788/378/142
f 1792/378/169 1790/378/140 1789/378/170
f 1790/378/140 1793/378/141 1767/378/139
f 1793/378/141 1790/378/140 1791/378/406
f 1792/378/169 1791/378/406 1790/378/140
f 1793/378/141 1791/378/406 1794/378/144
f 1767/378/139 1793/378/141 1766/378/311
f 1793/378/141 1794/378/144 1795/378/145
f 1793/378/141 1795/378/145 1766/378/311
f 1794/378/144 1796/378/146 1795/378/145
f 1771/378/133 1766/378/311 1795/378/145
f 1773/378/134 1795/378/145 1796/378/146
f 1773/378/134 1771/378/133 1795/378/145
f 1797/378/148 1798/378/149 1796/378/146
f 1794/378/144 1797/378/148 1796/378/146
f 1798/378/149 1773/378/134 1796/378/146
f 1797/378/148 1799/378/407 1798/378/149
f 1801/378/335 1798/378/149 1799/378/407
f 1798/378/149 1800/378/151 1773/378/134
f 1801/378/335 1800/378/151 1798/378/149
f 1801/378/335 1802/378/152 1800/378/151
f 1801/378/335 1799/378/407 1804/378/166
f 1803/378/408 1802/378/152 1801/378/335
f 1803/378/408 1801/378/335 1804/378/166
f 1803/378/408 1804/378/166 1805/378/101
f 1806/378/162 1805/378/101 1804/378/166
f 1807/378/400 1806/378/162 1804/378/166
f 1807/378/400 1804/378/166 1799/378/407
f 1806/378/162 1807/378/400 1808/378/165
f 1807/378/400 1810/378/168 1808/378/165
f 1809/378/409 1807/378/400 1799/378/407
f 1807/378/400 1809/378/409 1810/378/168
f 1778/378/129 1808/378/165 1810/378/168
f 1792/378/169 1778/378/129 1810/378/168
f 1809/378/409 1792/378/169 1810/378/168
f 1809/378/409 1791/378/406 1792/378/169
f 1794/378/144 1791/378/406 1809/378/409
f 1794/378/144 1809/378/409 1797/378/148
f 1809/378/409 1799/378/407 1797/378/148
f 1806/378/162 1808/378/165 1811/378/161
f 1812/378/171 1811/378/161 1808/378/165
f 1778/378/129 1812/378/171 1808/378/165
f 1812/378/171 1813/378/157 1811/378/161
f 1813/378/157 1812/378/171 1814/378/156
f 1812/378/171 1775/378/131 1814/378/156
f 1812/378/171 1778/378/129 1775/378/131
f 1816/378/154 1814/378/156 1815/378/153
f 1815/378/153 1814/378/156 1775/378/131
f 1816/378/154 1817/378/369 1814/378/156
f 1813/378/157 1814/378/156 1817/378/369
f 1818/378/158 1813/378/157 1817/378/369
f 1741/378/82 1818/378/158 1817/378/369
f 1741/378/82 1817/378/369 1816/378/154
f 1742/378/83 1819/378/159 1818/378/158
f 1818/378/158 1819/378/159 1813/378/157
f 1742/378/83 1818/378/158 1741/378/82
f 1811/378/161 1813/378/157 1819/378/159
f 1811/378/161 1819/378/159 1820/378/160
f 1820/378/160 1819/378/159 1821/378/88
f 1742/378/83 1821/378/88 1819/378/159
f 1820/378/160 1821/378/88 1822/378/89
f 1822/378/89 1821/378/88 1745/378/84
f 1745/378/84 1821/378/88 1742/378/83
f 1822/378/89 1823/378/339 1820/378/160
f 1822/378/89 1756/378/340 1823/378/339
f 1822/378/89 1745/378/84 1749/378/90
f 1749/378/90 1756/378/340 1822/378/89
f 1823/378/339 1806/378/162 1811/378/161
f 1806/378/162 1823/378/339 1805/378/101
f 1805/378/101 1823/378/339 1756/378/340
f 1823/378/339 1811/378/161 1820/378/160
f 1815/378/153 1802/378/152 1816/378/154
f 1802/378/152 1741/378/82 1816/378/154
f 1815/378/153 1775/378/131 1774/378/344
f 1774/378/344 1800/378/151 1815/378/153
f 1815/378/153 1800/378/151 1802/378/152
f 1824/378/312 1803/378/408 1805/378/101
f 1824/378/312 1805/378/101 1754/378/405
f 1805/378/101 1756/378/340 1754/378/405
f 1739/378/80 1803/378/408 1824/378/312
f 1826/378/104 1739/378/80 1824/378/312
f 1824/378/312 1754/378/405 1755/378/99
f 1824/378/312 1755/378/99 1825/378/103
f 1826/378/104 1824/378/312 1825/378/103
f 1739/378/80 1826/378/104 1738/378/79
f 1738/378/79 1826/378/104 1827/378/106
f 1758/378/105 1827/378/106 1826/378/104
f 1758/378/105 1826/378/104 1825/378/103
f 1738/378/79 1827/378/106 1828/378/85
f 1828/378/85 1827/378/106 1764/378/110
f 1759/378/107 1764/378/110 1827/378/106
f 1759/378/107 1827/378/106 1758/378/105
f 1744/378/86 1738/378/79 1828/378/85
f 1829/378/111 1744/378/86 1828/378/85
f 1828/378/85 1764/378/110 1829/378/111
f 1829/378/111 1831/378/115 1744/378/86
f 1829/378/111 1764/378/110 1763/378/112
f 1829/378/111 1763/378/112 1830/378/113
f 1830/378/113 1831/378/115 1829/378/111
f 1832/378/117 1747/378/118 1831/378/115
f 1830/378/113 1832/378/117 1831/378/115
f 1747/378/118 1744/378/86 1831/378/115
f 1781/378/306 1785/378/120 1832/378/117
f 1781/378/306 1832/378/117 1830/378/113
f 1832/378/117 1785/378/120 1747/378/118
f 1781/378/306 1830/378/113 1780/378/116
f 1763/378/112 1780/378/116 1830/378/113
f 1758/378/105 1825/378/103 1755/378/99
f 1803/378/408 1740/378/81 1802/378/152
f 1739/378/80 1740/378/81 1803/378/408
f 1802/378/152 1740/378/81 1741/378/82
f 1774/378/344 1773/378/134 1800/378/151
f 1789/378/170 1777/378/376 1792/378/169
f 1792/378/169 1777/378/376 1778/378/129
f 1782/378/127 1789/378/170 1784/378/121
f 1789/378/170 1782/378/127 1777/378/376
f 1768/378/309 1770/378/368 1780/378/116
f 1763/378/112 1768/378/309 1780/378/116
f 1834/378/410 1838/378/411 1833/378/412
f 1834/378/410 1833/378/412 1835/378/413
f 1837/378/414 1836/378/415 1833/378/412
f 1837/378/414 1833/378/412 1838/378/411
f 1838/378/411 1841/378/416 1837/378/414
f 1838/378/411 1834/378/410 1839/378/417
f 1838/378/411 1839/378/417 1840/378/418
f 1838/378/411 1840/378/418 1841/378/416
f 1840/378/418 1842/378/419 1841/378/416
f 1843/378/420 1841/378/416 1842/378/419
f 1844/378/421 1837/378/414 1841/378/416
f 1843/378/420 1844/378/421 1841/378/416
f 1844/378/421 1843/378/420 1845/378/422
f 1844/378/421 1847/378/423 1837/378/414
f 1844/378/421 1845/378/422 1846/378/424
f 1847/378/423 1844/378/421 1846/378/424
f 1847/378/423 1846/378/424 1849/378/425
f 1847/378/423 1836/378/415 1837/378/414
f 1847/378/423 1848/378/426 1836/378/415
f 1849/378/425 1848/378/426 1847/378/423
f 1849/378/425 1850/378/427 1848/378/426
f 1851/378/428 1849/378/425 1846/378/424
f 1852/378/429 1850/378/427 1849/378/425
f 1852/378/429 1849/378/425 1851/378/428
f 1853/378/430 1852/378/429 1851/378/428
f 1853/378/430 1851/378/428 1854/378/431
f 1854/378/431 1855/378/432 1853/378/430
f 1854/378/431 1856/378/433 1855/378/432
f 1835/378/413 1855/378/432 1856/378/433
f 1835/378/413 1856/378/433 1834/378/410
f 1834/378/410 1856/378/433 1857/378/434
f 1858/378/435 1857/378/434 1856/378/433
f 1858/378/435 1856/378/433 1854/378/431
f 1854/378/431 1859/378/436 1858/378/435
f 1858/378/435 1859/378/436 1860/378/437
f 1858/378/435 1860/378/437 1861/378/438
f 1858/378/435 1861/378/438 1862/378/439
f 1858/378/435 1862/378/439 1857/378/434
f 1864/378/440 1857/378/434 1862/378/439
f 1861/378/438 1863/378/441 1862/378/439
f 1865/378/442 1862/378/439 1863/378/441
f 1865/378/442 1864/378/440 1862/378/439
f 1869/378/443 1864/378/440 1865/378/442
f 1866/378/444 1865/378/442 1863/378/441
f 1868/378/445 1865/378/442 1866/378/444
f 1869/378/443 1865/378/442 1867/378/446
f 1868/378/445 1867/378/446 1865/378/442
f 1840/378/418 1864/378/440 1869/378/443
f 1840/378/418 1869/378/443 1842/378/419
f 1867/378/446 1842/378/419 1869/378/443
f 1868/378/445 1870/378/447 1871/378/448
f 1868/378/445 1871/378/448 1867/378/446
f 1843/378/420 1842/378/419 1871/378/448
f 1843/378/420 1871/378/448 1872/378/449
f 1872/378/449 1871/378/448 1870/378/447
f 1867/378/446 1871/378/448 1842/378/419
f 1872/378/449 1873/378/450 1845/378/422
f 1874/378/451 1873/378/450 1872/378/449
f 1872/378/449 1870/378/447 1874/378/451
f 1872/378/449 1845/378/422 1843/378/420
f 1874/378/451 1875/378/452 1873/378/450
f 1876/378/453 1873/378/450 1875/378/452
f 1876/378/453 1877/378/454 1873/378/450
f 1878/378/455 1877/378/454 1876/378/453
f 1878/378/455 1879/378/456 1877/378/454
f 1879/378/456 1878/378/455 1880/378/457
f 1879/378/456 1880/378/457 1863/378/441
f 1866/378/444 1863/378/441 1880/378/457
f 1861/378/438 1879/378/456 1863/378/441
f 1879/378/456 1861/378/438 1860/378/437
f 1879/378/456 1860/378/437 1877/378/454
f 1860/378/437 1873/378/450 1877/378/454
f 1860/378/437 1845/378/422 1873/378/450
f 1840/378/418 1839/378/417 1864/378/440
f 1864/378/440 1839/378/417 1857/378/434
f 1859/378/436 1845/378/422 1860/378/437
f 1851/378/428 1846/378/424 1859/378/436
f 1854/378/431 1851/378/428 1859/378/436
f 1859/378/436 1846/378/424 1845/378/422
f 1834/378/410 1857/378/434 1839/378/417
f 1887/378/458 1881/378/459 1882/378/460
f 1883/378/461 1882/378/460 1881/378/459
f 1884/378/462 1883/378/461 1881/378/459
f 1884/378/462 1881/378/459 1885/378/463
f 1886/378/464 1885/378/463 1881/378/459
f 1887/378/458 1886/378/464 1881/378/459
f 1889/378/465 1886/378/464 1887/378/458
f 1888/378/466 1887/378/458 1882/378/460
f 1890/378/467 1887/378/458 1888/378/466
f 1890/378/467 1889/378/465 1887/378/458
f 1891/378/468 1890/378/467 1888/378/466
f 1890/378/467 1891/378/468 1892/378/469
f 1890/378/467 1892/378/469 1894/378/470
f 1893/378/471 1889/378/465 1890/378/467
f 1893/378/471 1890/378/467 1894/378/470
f 1894/378/470 1897/378/472 1893/378/471
f 1896/378/473 1894/378/470 1892/378/469
f 1894/378/470 1895/378/474 1897/378/472
f 1896/378/473 1895/378/474 1894/378/470
f 1897/378/472 1895/378/474 1901/378/475
f 1893/378/471 1897/378/472 1900/378/476
f 1898/378/477 1900/378/476 1897/378/472
f 1898/378/477 1897/378/472 1899/378/478
f 1897/378/472 1901/378/475 1899/378/478
f 1902/378/479 1899/378/478 1901/378/475
f 1903/378/480 1902/378/479 1901/378/475
f 1895/378/474 1904/378/481 1901/378/475
f 1903/378/480 1901/378/475 1904/378/481
f 1905/378/482 1904/378/481 1896/378/473
f 1904/378/481 1905/378/482 1906/378/483
f 1904/378/481 1906/378/483 1903/378/480
f 1895/378/474 1896/378/473 1904/378/481
f 1909/378/484 1907/378/485 1906/378/483
f 1906/378/483 1907/378/485 1908/378/486
f 1906/378/483 1908/378/486 1903/378/480
f 1905/378/482 1909/378/484 1906/378/483
f 1905/378/482 1911/378/487 1909/378/484
f 1909/378/484 1912/378/488 1907/378/485
f 1913/378/489 1909/378/484 1910/378/490
f 1911/378/487 1910/378/490 1909/378/484
f 1913/378/489 1912/378/488 1909/378/484
f 1912/378/488 1913/378/489 1914/378/491
f 1915/378/492 1913/378/489 1910/378/490
f 1913/378/489 1916/378/493 1914/378/491
f 1913/378/489 1915/378/492 1916/378/493
f 1916/378/493 1915/378/492 1917/378/494
f 1916/378/493 1917/378/494 1918/378/495
f 1919/378/496 1916/378/493 1918/378/495
f 1919/378/496 1920/378/497 1916/378/493
f 1920/378/497 1914/378/491 1916/378/493
f 1921/378/498 1923/378/499 1920/378/497
f 1922/378/500 1921/378/498 1920/378/497
f 1922/378/500 1920/378/497 1919/378/496
f 1920/378/497 1923/378/499 1914/378/491
f 1923/378/499 1925/378/501 1924/378/502
f 1923/378/499 1924/378/502 1914/378/491
f 1923/378/499 1927/378/503 1925/378/501
f 1921/378/498 1926/378/504 1923/378/499
f 1923/378/499 1926/378/504 1927/378/503
f 1927/378/503 1928/378/505 1930/378/506
f 1926/378/504 1928/378/505 1927/378/503
f 1925/378/501 1927/378/503 1929/378/507
f 1927/378/503 1930/378/506 1929/378/507
f 1930/378/506 1892/378/469 1891/378/468
f 1930/378/506 1891/378/468 1929/378/507
f 1931/378/508 1892/378/469 1930/378/506
f 1928/378/505 1931/378/508 1930/378/506
f 1931/378/508 1896/378/473 1892/378/469
f 1905/378/482 1896/378/473 1931/378/508
f 1911/378/487 1905/378/482 1931/378/508
f 1911/378/487 1931/378/508 1932/378/509
f 1928/378/505 1932/378/509 1931/378/508
f 1934/378/510 1911/378/487 1932/378/509
f 1933/378/511 1932/378/509 1928/378/505
f 1933/378/511 1934/378/510 1932/378/509
f 1936/378/512 1934/378/510 1933/378/511
f 1934/378/510 1937/378/513 1911/378/487
f 1937/378/513 1934/378/510 1935/378/514
f 1936/378/512 1935/378/514 1934/378/510
f 1937/378/513 1935/378/514 1938/378/515
f 1911/378/487 1937/378/513 1910/378/490
f 1937/378/513 1938/378/515 1939/378/516
f 1937/378/513 1939/378/516 1910/378/490
f 1938/378/515 1940/378/517 1939/378/516
f 1915/378/492 1910/378/490 1939/378/516
f 1917/378/494 1939/378/516 1940/378/517
f 1917/378/494 1915/378/492 1939/378/516
f 1941/378/518 1942/378/519 1940/378/517
f 1938/378/515 1941/378/518 1940/378/517
f 1942/378/519 1917/378/494 1940/378/517
f 1941/378/518 1943/378/520 1942/378/519
f 1945/378/521 1942/378/519 1943/378/520
f 1942/378/519 1944/378/522 1917/378/494
f 1945/378/521 1944/378/522 1942/378/519
f 1945/378/521 1946/378/523 1944/378/522
f 1945/378/521 1943/378/520 1948/378/524
f 1947/378/525 1946/378/523 1945/378/521
f 1947/378/525 1945/378/521 1948/378/524
f 1947/378/525 1948/378/524 1949/378/526
f 1950/378/527 1949/378/526 1948/378/524
f 1951/378/528 1950/378/527 1948/378/524
f 1951/378/528 1948/378/524 1943/378/520
f 1950/378/527 1951/378/528 1952/378/529
f 1951/378/528 1954/378/530 1952/378/529
f 1953/378/531 1951/378/528 1943/378/520
f 1951/378/528 1953/378/531 1954/378/530
f 1922/378/500 1952/378/529 1954/378/530
f 1936/378/512 1922/378/500 1954/378/530
f 1953/378/531 1936/378/512 1954/378/530
f 1953/378/531 1935/378/514 1936/378/512
f 1938/378/515 1935/378/514 1953/378/531
f 1938/378/515 1953/378/531 1941/378/518
f 1953/378/531 1943/378/520 1941/378/518
f 1950/378/527 1952/378/529 1955/378/532
f 1956/378/533 1955/378/532 1952/378/529
f 1922/378/500 1956/378/533 1952/378/529
f 1956/378/533 1957/378/534 1955/378/532
f 1957/378/534 1956/378/533 1958/378/535
f 1956/378/533 1919/378/496 1958/378/535
f 1956/378/533 1922/378/500 1919/378/496
f 1960/378/536 1958/378/535 1959/378/537
f 1959/378/537 1958/378/535 1919/378/496
f 1960/378/536 1961/378/538 1958/378/535
f 1957/378/534 1958/378/535 1961/378/538
f 1962/378/539 1957/378/534 1961/378/538
f 1885/378/463 1962/378/539 1961/378/538
f 1885/378/463 1961/378/538 1960/378/536
f 1886/378/464 1963/378/540 1962/378/539
f 1962/378/539 1963/378/540 1957/378/534
f 1886/378/464 1962/378/539 1885/378/463
f 1955/378/532 1957/378/534 1963/378/540
f 1955/378/532 1963/378/540 1964/378/541
f 1964/378/541 1963/378/540 1965/378/542
f 1886/378/464 1965/378/542 1963/378/540
f 1964/378/541 1965/378/542 1966/378/543
f 1966/378/543 1965/378/542 1889/378/465
f 1889/378/465 1965/378/542 1886/378/464
f 1966/378/543 1967/378/544 1964/378/541
f 1966/378/543 1900/378/476 1967/378/544
f 1966/378/543 1889/378/465 1893/378/471
f 1893/378/471 1900/378/476 1966/378/543
f 1967/378/544 1950/378/527 1955/378/532
f 1950/378/527 1967/378/544 1949/378/526
f 1949/378/526 1967/378/544 1900/378/476
f 1967/378/544 1955/378/532 1964/378/541
f 1959/378/537 1946/378/523 1960/378/536
f 1946/378/523 1885/378/463 1960/378/536
f 1959/378/537 1919/378/496 1918/378/495
f 1918/378/495 1944/378/522 1959/378/537
f 1959/378/537 1944/378/522 1946/378/523
f 1968/378/545 1947/378/525 1949/378/526
f 1968/378/545 1949/378/526 1898/378/477
f 1949/378/526 1900/378/476 1898/378/477
f 1883/378/461 1947/378/525 1968/378/545
f 1970/378/546 1883/378/461 1968/378/545
f 1968/378/545 1898/378/477 1899/378/478
f 1968/378/545 1899/378/478 1969/378/547
f 1970/378/546 1968/378/545 1969/378/547
f 1883/378/461 1970/378/546 1882/378/460
f 1882/378/460 1970/378/546 1971/378/548
f 1902/378/479 1971/378/548 1970/378/546
f 1902/378/479 1970/378/546 1969/378/547
f 1882/378/460 1971/378/548 1972/378/549
f 1972/378/549 1971/378/548 1908/378/486
f 1903/378/480 1908/378/486 1971/378/548
f 1903/378/480 1971/378/548 1902/378/479
f 1888/378/466 1882/378/460 1972/378/549
f 1973/378/550 1888/378/466 1972/378/549
f 1972/378/549 1908/378/486 1973/378/550
f 1973/378/550 1975/378/551 1888/378/466
f 1973/378/550 1908/378/486 1907/378/485
f 1973/378/550 1907/378/485 1974/378/552
f 1974/378/552 1975/378/551 1973/378/550
f 1976/378/553 1891/378/468 1975/378/551
f 1974/378/552 1976/378/553 1975/378/551
f 1891/378/468 1888/378/466 1975/378/551
f 1925/378/501 1929/378/507 1976/378/553
f 1925/378/501 1976/378/553 1974/378/552
f 1976/378/553 1929/378/507 1891/378/468
f 1925/378/501 1974/378/552 1924/378/502
f 1907/378/485 1924/378/502 1974/378/552
f 1902/378/479 1969/378/547 1899/378/478
f 1947/378/525 1884/378/462 1946/378/523
f 1883/378/461 1884/378/462 1947/378/525
f 1946/378/523 1884/378/462 1885/378/463
f 1918/378/495 1917/378/494 1944/378/522
f 1933/378/511 1921/378/498 1936/378/512
f 1936/378/512 1921/378/498 1922/378/500
f 1926/378/504 1933/378/511 1928/378/505
f 1933/378/511 1926/378/504 1921/378/498
f 1912/378/488 1914/378/491 1924/378/502
f 1907/378/485 1912/378/488 1924/378/502
f 1983/378/554 1977/378/555 1978/378/556
f 1979/378/557 1978/378/556 1977/378/555
f 1980/378/558 1979/378/557 1977/378/555
f 1980/378/558 1977/378/555 1981/378/559
f 1982/378/560 1981/378/559 1977/378/555
f 1983/378/554 1982/378/560 1977/378/555
f 1987/378/561 1982/378/560 1983/378/554
f 1984/378/562 1983/378/554 1978/378/556
f 1984/378/562 1985/378/563 1983/378/554
f 1986/378/564 1983/378/554 1985/378/563
f 1986/378/564 1987/378/561 1983/378/554
f 1987/378/561 1986/378/564 1988/378/565
f 1987/378/561 1988/378/565 1989/378/566
f 1990/378/567 1987/378/561 1989/378/566
f 1987/378/561 1991/378/568 1982/378/560
f 1990/378/567 1991/378/568 1987/378/561
f 1992/378/569 1991/378/568 1990/378/567
f 1982/378/560 1991/378/568 1993/378/570
f 1992/378/569 1993/378/570 1991/378/568
f 1982/378/560 1993/378/570 1995/378/571
f 1994/378/572 1993/378/570 1992/378/569
f 1995/378/571 1993/378/570 1994/378/572
f 1982/378/560 1995/378/571 1981/378/559
f 1995/378/571 1994/378/572 1996/378/573
f 1995/378/571 1996/378/573 1997/378/574
f 1995/378/571 1997/378/574 1981/378/559
f 1997/378/574 1980/378/558 1981/378/559
f 1997/378/574 1996/378/573 1998/378/575
f 1997/378/574 1998/378/575 1999/378/576
f 1999/378/576 2000/378/577 1997/378/574
f 1997/378/574 2000/378/577 1980/378/558
f 1980/378/558 2000/378/577 2001/378/578
f 2001/378/578 2000/378/577 2002/378/579
f 1999/378/576 2002/378/579 2000/378/577
f 2001/378/578 2002/378/579 2003/378/580
f 2003/378/580 2002/378/579 2004/378/581
f 2005/378/582 2004/378/581 2002/378/579
f 2005/378/582 2002/378/579 1999/378/576
f 2006/378/583 2004/378/581 2005/378/582
f 1999/378/576 2007/378/584 2005/378/582
f 2007/378/584 2006/378/583 2005/378/582
f 2008/378/585 2007/378/584 1998/378/575
f 1999/378/576 1998/378/575 2007/378/584
f 2008/378/585 2009/378/586 2007/378/584
f 2009/378/586 2010/378/587 2007/378/584
f 2007/378/584 2010/378/587 2006/378/583
f 2010/378/587 2011/378/588 2006/378/583
f 2010/378/587 2013/378/589 2011/378/588
f 2012/378/590 2013/378/589 2010/378/587
f 2009/378/586 2012/378/590 2010/378/587
f 2014/378/591 2013/378/589 2016/378/592
f 2013/378/589 2014/378/591 2015/378/593
f 2013/378/589 2015/378/593 2011/378/588
f 2012/378/590 2016/378/592 2013/378/589
f 2014/378/591 2016/378/592 2017/378/594
f 2016/378/592 2019/378/595 2017/378/594
f 2016/378/592 2018/378/596 2019/378/595
f 2018/378/596 2016/378/592 2012/378/590
f 2019/378/595 2022/378/597 2020/378/598
f 2019/378/595 2020/378/598 2021/378/599
f 2019/378/595 2021/378/599 2023/378/600
f 2018/378/596 2022/378/597 2019/378/595
f 2019/378/595 2023/378/600 2017/378/594
f 2014/378/591 2017/378/594 2023/378/600
f 2014/378/591 2023/378/600 2024/378/601
f 2025/378/602 2024/378/601 2023/378/600
f 2025/378/602 2023/378/600 2026/378/603
f 2021/378/599 2026/378/603 2023/378/600
f 2025/378/602 2026/378/603 1986/378/564
f 1986/378/564 2026/378/603 2027/378/604
f 2021/378/599 2027/378/604 2026/378/603
f 1986/378/564 2027/378/604 1988/378/565
f 2028/378/605 1988/378/565 2027/378/604
f 2020/378/598 2028/378/605 2027/378/604
f 2020/378/598 2027/378/604 2021/378/599
f 2029/378/606 2028/378/605 2030/378/607
f 2028/378/605 2029/378/606 1988/378/565
f 2031/378/608 2030/378/607 2028/378/605
f 2031/378/608 2028/378/605 2020/378/598
f 2034/378/609 2030/378/607 2031/378/608
f 2032/378/610 2031/378/608 2020/378/598
f 2033/378/611 2031/378/608 2032/378/610
f 2034/378/609 2031/378/608 2033/378/611
f 2034/378/609 2035/378/612 2036/378/613
f 2033/378/611 2035/378/612 2034/378/609
f 2034/378/609 2036/378/613 2037/378/614
f 2034/378/609 2037/378/614 2038/378/615
f 2034/378/609 2038/378/615 2030/378/607
f 2029/378/606 2030/378/607 2038/378/615
f 2039/378/616 2029/378/606 2038/378/615
f 2037/378/614 2039/378/616 2038/378/615
f 2039/378/616 2040/378/617 2029/378/606
f 2041/378/618 2040/378/617 2039/378/616
f 2042/378/619 2041/378/618 2039/378/616
f 2037/378/614 2042/378/619 2039/378/616
f 2042/378/619 2043/378/620 2041/378/618
f 2044/378/621 2043/378/620 2042/378/619
f 2037/378/614 2044/378/621 2042/378/619
f 2044/378/621 1979/378/557 2043/378/620
f 1979/378/557 2044/378/621 1978/378/556
f 1978/378/556 2044/378/621 2036/378/613
f 2037/378/614 2036/378/613 2044/378/621
f 2043/378/620 2045/378/622 2046/378/623
f 1979/378/557 2045/378/622 2043/378/620
f 2043/378/620 2046/378/623 2041/378/618
f 2046/378/623 2047/378/624 2049/378/625
f 2048/378/626 2047/378/624 2046/378/623
f 2045/378/622 2048/378/626 2046/378/623
f 2046/378/623 2049/378/625 2041/378/618
f 1990/378/567 2049/378/625 2047/378/624
f 1989/378/566 2049/378/625 1990/378/567
f 2041/378/618 2049/378/625 2040/378/617
f 1989/378/566 2040/378/617 2049/378/625
f 2048/378/626 2050/378/627 2047/378/624
f 2051/378/628 2050/378/627 2048/378/626
f 2051/378/628 2048/378/626 2052/378/629
f 2045/378/622 2001/378/578 2048/378/626
f 2048/378/626 2001/378/578 2003/378/580
f 2048/378/626 2003/378/580 2052/378/629
f 2053/378/630 2052/378/629 2003/378/580
f 2054/378/631 2052/378/629 2053/378/630
f 2054/378/631 2051/378/628 2052/378/629
f 2057/378/632 2054/378/631 2055/378/633
f 2056/378/634 2055/378/633 2054/378/631
f 2056/378/634 2054/378/631 2053/378/630
f 2051/378/628 2054/378/631 2057/378/632
f 2051/378/628 2057/378/632 2058/378/635
f 2009/378/586 2058/378/635 2057/378/632
f 2059/378/636 2009/378/586 2057/378/632
f 2057/378/632 2055/378/633 2059/378/636
f 2059/378/636 2012/378/590 2009/378/586
f 2018/378/596 2012/378/590 2059/378/636
f 2059/378/636 2060/378/637 2018/378/596
f 2059/378/636 2055/378/633 2060/378/637
f 2060/378/637 2061/378/638 2032/378/610
f 2060/378/637 2032/378/610 2022/378/597
f 2018/378/596 2060/378/637 2022/378/597
f 2061/378/638 2060/378/637 2055/378/633
f 2061/378/638 2055/378/633 2056/378/634
f 2061/378/638 2056/378/634 2062/378/639
f 2061/378/638 2062/378/639 2063/378/640
f 2032/378/610 2061/378/638 2063/378/640
f 2066/378/641 2063/378/640 2062/378/639
f 2032/378/610 2063/378/640 2064/378/642
f 2065/378/643 2064/378/642 2063/378/640
f 2066/378/641 2065/378/643 2063/378/640
f 2065/378/643 2066/378/641 2006/378/583
f 2067/378/644 2066/378/641 2062/378/639
f 2006/378/583 2066/378/641 2004/378/581
f 2067/378/644 2004/378/581 2066/378/641
f 2003/378/580 2004/378/581 2067/378/644
f 2056/378/634 2067/378/644 2062/378/639
f 2053/378/630 2003/378/580 2067/378/644
f 2056/378/634 2053/378/630 2067/378/644
f 2065/378/643 2068/378/645 2064/378/642
f 2065/378/643 2006/378/583 2011/378/588
f 2068/378/645 2065/378/643 2011/378/588
f 2064/378/642 2068/378/645 2069/378/646
f 2069/378/646 2068/378/645 2015/378/593
f 2068/378/645 2011/378/588 2015/378/593
f 2064/378/642 2069/378/646 2033/378/611
f 2033/378/611 2069/378/646 2035/378/612
f 2070/378/647 2035/378/612 2069/378/646
f 2070/378/647 2069/378/646 2071/378/648
f 2069/378/646 2015/378/593 2071/378/648
f 2071/378/648 2025/378/602 2070/378/647
f 2014/378/591 2071/378/648 2015/378/593
f 2014/378/591 2024/378/601 2071/378/648
f 2071/378/648 2024/378/601 2025/378/602
f 2070/378/647 2025/378/602 1985/378/563
f 2070/378/647 1985/378/563 1984/378/562
f 1984/378/562 2035/378/612 2070/378/647
f 2033/378/611 2032/378/610 2064/378/642
f 2008/378/585 2072/378/649 2058/378/635
f 2009/378/586 2008/378/585 2058/378/635
f 2050/378/627 2058/378/635 2072/378/649
f 2050/378/627 2051/378/628 2058/378/635
f 1994/378/572 1992/378/569 2072/378/649
f 2008/378/585 1994/378/572 2072/378/649
f 1992/378/569 2050/378/627 2072/378/649
f 1992/378/569 2047/378/624 2050/378/627
f 1990/378/567 2047/378/624 1992/378/569
f 1980/378/558 2001/378/578 2045/378/622
f 1979/378/557 1980/378/558 2045/378/622
f 1988/378/565 2040/378/617 1989/378/566
f 1988/378/565 2029/378/606 2040/378/617
f 1978/378/556 2036/378/613 1984/378/562
f 1984/378/562 2036/378/613 2035/378/612
f 2032/378/610 2020/378/598 2022/378/597
f 2025/378/602 1986/378/564 1985/378/563
f 1994/378/572 2008/378/585 1998/378/575
f 1994/378/572 1998/378/575 1996/378/573
f 2073/378/650 2074/378/651 2076/378/652
f 2074/378/651 2073/378/650 2075/378/653
f 2073/378/650 2076/378/652 2077/378/654
f 2076/378/652 2078/378/655 2077/378/654
f 2076/378/652 2079/378/656 2078/378/655
f 2074/378/651 2075/378/653 2080/378/657
f 2087/378/458 2081/378/459 2082/378/460
f 2083/378/461 2082/378/460 2081/378/459
f 2084/378/462 2083/378/461 2081/378/459
f 2084/378/462 2081/378/459 2085/378/463
f 2086/378/464 2085/378/463 2081/378/459
f 2087/378/458 2086/378/464 2081/378/459
f 2091/378/465 2086/378/464 2087/378/458
f 2088/378/549 2087/378/458 2082/378/460
f 2088/378/549 2089/378/466 2087/378/458
f 2090/378/467 2087/378/458 2089/378/466
f 2090/378/467 2091/378/465 2087/378/458
f 2091/378/465 2092/378/542 2086/378/464
f 2093/378/543 2092/378/542 2091/378/465
f 2093/378/543 2091/378/465 2094/378/471
f 2091/378/465 2095/378/470 2094/378/471
f 2091/378/465 2090/378/467 2095/378/470
f 2095/378/470 2096/378/474 2099/378/472
f 2097/378/473 2096/378/474 2095/378/470
f 2097/378/473 2095/378/470 2098/378/469
f 2090/378/467 2098/378/469 2095/378/470
f 2095/378/470 2099/378/472 2094/378/471
f 2094/378/471 2099/378/472 2100/378/658
f 2103/378/477 2100/378/658 2099/378/472
f 2099/378/472 2096/378/474 2101/378/475
f 2099/378/472 2101/378/475 2102/378/478
f 2103/378/477 2099/378/472 2102/378/478
f 2105/378/545 2103/378/477 2102/378/478
f 2104/378/526 2100/378/658 2103/378/477
f 2105/378/545 2104/378/526 2103/378/477
f 2105/378/545 2106/378/525 2104/378/526
f 2105/378/545 2102/378/478 2108/378/547
f 2083/378/461 2106/378/525 2105/378/545
f 2107/378/659 2083/378/461 2105/378/545
f 2107/378/659 2105/378/545 2108/378/547
f 2109/378/660 2107/378/659 2108/378/547
f 2109/378/660 2108/378/547 2102/378/478
f 2109/378/660 2110/378/548 2107/378/659
f 2109/378/660 2102/378/478 2101/378/475
f 2111/378/480 2110/378/548 2109/378/660
f 2111/378/480 2109/378/660 2101/378/475
f 2111/378/480 2101/378/475 2112/378/661
f 2112/378/661 2113/378/483 2111/378/480
f 2113/378/483 2114/378/486 2111/378/480
f 2111/378/480 2114/378/486 2110/378/548
f 2088/378/549 2110/378/548 2114/378/486
f 2088/378/549 2114/378/486 2115/378/662
f 2115/378/662 2114/378/486 2116/378/485
f 2113/378/483 2116/378/485 2114/378/486
f 2118/378/552 2116/378/485 2117/378/488
f 2117/378/488 2116/378/485 2113/378/483
f 2115/378/662 2116/378/485 2118/378/552
f 2118/378/552 2121/378/551 2115/378/662
f 2118/378/552 2117/378/488 2119/378/663
f 2119/378/663 2120/378/553 2118/378/552
f 2118/378/552 2120/378/553 2121/378/551
f 2115/378/662 2121/378/551 2089/378/466
f 2122/378/468 2089/378/466 2121/378/551
f 2120/378/553 2122/378/468 2121/378/551
f 2122/378/468 2090/378/467 2089/378/466
f 2090/378/467 2122/378/468 2098/378/469
f 2123/378/506 2098/378/469 2122/378/468
f 2120/378/553 2124/378/507 2122/378/468
f 2123/378/506 2122/378/468 2124/378/507
f 2125/378/505 2123/378/506 2124/378/507
f 2127/378/664 2124/378/507 2120/378/553
f 2125/378/505 2124/378/507 2126/378/503
f 2127/378/664 2126/378/503 2124/378/507
f 2128/378/499 2126/378/503 2127/378/664
f 2128/378/499 2127/378/664 2119/378/663
f 2119/378/663 2127/378/664 2120/378/553
f 2128/378/499 2119/378/663 2129/378/491
f 2132/378/497 2128/378/499 2129/378/491
f 2128/378/499 2130/378/504 2126/378/503
f 2131/378/498 2130/378/504 2128/378/499
f 2131/378/498 2128/378/499 2132/378/497
f 2133/378/500 2131/378/498 2132/378/497
f 2132/378/497 2129/378/491 2135/378/493
f 2133/378/500 2132/378/497 2134/378/496
f 2134/378/496 2132/378/497 2135/378/493
f 2139/378/489 2136/378/492 2135/378/493
f 2135/378/493 2136/378/492 2137/378/494
f 2135/378/493 2137/378/494 2138/378/495
f 2134/378/496 2135/378/493 2138/378/495
f 2139/378/489 2135/378/493 2129/378/491
f 2136/378/492 2139/378/489 2140/378/490
f 2139/378/489 2141/378/484 2140/378/490
f 2117/378/488 2139/378/489 2129/378/491
f 2139/378/489 2117/378/488 2141/378/484
f 2142/378/482 2143/378/487 2141/378/484
f 2142/378/482 2141/378/484 2113/378/483
f 2117/378/488 2113/378/483 2141/378/484
f 2143/378/487 2140/378/490 2141/378/484
f 2144/378/510 2146/378/513 2143/378/487
f 2144/378/510 2143/378/487 2145/378/509
f 2145/378/509 2143/378/487 2142/378/482
f 2143/378/487 2146/378/513 2140/378/490
f 2146/378/513 2144/378/510 2147/378/514
f 2146/378/513 2147/378/514 2148/378/515
f 2146/378/513 2148/378/515 2149/378/516
f 2146/378/513 2149/378/516 2140/378/490
f 2148/378/515 2150/378/665 2149/378/516
f 2136/378/492 2140/378/490 2149/378/516
f 2137/378/494 2149/378/516 2150/378/665
f 2137/378/494 2136/378/492 2149/378/516
f 2152/378/666 2150/378/665 2151/378/518
f 2148/378/515 2151/378/518 2150/378/665
f 2152/378/666 2153/378/519 2150/378/665
f 2153/378/519 2137/378/494 2150/378/665
f 2154/378/521 2153/378/519 2152/378/666
f 2154/378/521 2155/378/522 2153/378/519
f 2153/378/519 2155/378/522 2137/378/494
f 2154/378/521 2157/378/667 2155/378/522
f 2138/378/495 2137/378/494 2155/378/522
f 2138/378/495 2155/378/522 2156/378/537
f 2156/378/537 2155/378/522 2157/378/667
f 2156/378/537 2157/378/667 2158/378/536
f 2157/378/667 2085/378/463 2158/378/536
f 2157/378/667 2084/378/462 2085/378/463
f 2084/378/462 2157/378/667 2154/378/521
f 2158/378/536 2160/378/538 2159/378/668
f 2158/378/536 2159/378/668 2156/378/537
f 2085/378/463 2160/378/538 2158/378/536
f 2161/378/534 2159/378/668 2160/378/538
f 2085/378/463 2162/378/539 2160/378/538
f 2162/378/539 2161/378/534 2160/378/538
f 2162/378/539 2163/378/540 2161/378/534
f 2086/378/464 2162/378/539 2085/378/463
f 2086/378/464 2163/378/540 2162/378/539
f 2161/378/534 2163/378/540 2164/378/541
f 2164/378/541 2163/378/540 2092/378/542
f 2086/378/464 2092/378/542 2163/378/540
f 2161/378/534 2164/378/541 2165/378/669
f 2164/378/541 2166/378/670 2165/378/669
f 2164/378/541 2167/378/544 2166/378/670
f 2093/378/543 2167/378/544 2164/378/541
f 2164/378/541 2092/378/542 2093/378/543
f 2166/378/670 2167/378/544 2104/378/526
f 2104/378/526 2167/378/544 2100/378/658
f 2093/378/543 2100/378/658 2167/378/544
f 2166/378/670 2169/378/528 2168/378/529
f 2166/378/670 2168/378/529 2165/378/669
f 2169/378/528 2166/378/670 2170/378/524
f 2166/378/670 2104/378/526 2170/378/524
f 2169/378/528 2170/378/524 2152/378/666
f 2154/378/521 2152/378/666 2170/378/524
f 2106/378/525 2154/378/521 2170/378/524
f 2106/378/525 2170/378/524 2104/378/526
f 2169/378/528 2171/378/531 2172/378/530
f 2171/378/531 2169/378/528 2152/378/666
f 2169/378/528 2172/378/530 2168/378/529
f 2133/378/500 2168/378/529 2172/378/530
f 2173/378/512 2133/378/500 2172/378/530
f 2172/378/530 2171/378/531 2147/378/514
f 2172/378/530 2147/378/514 2173/378/512
f 2173/378/512 2131/378/498 2133/378/500
f 2174/378/511 2131/378/498 2173/378/512
f 2173/378/512 2144/378/510 2174/378/511
f 2173/378/512 2147/378/514 2144/378/510
f 2174/378/511 2130/378/504 2131/378/498
f 2130/378/504 2174/378/511 2125/378/505
f 2174/378/511 2144/378/510 2145/378/509
f 2174/378/511 2145/378/509 2125/378/505
f 2147/378/514 2171/378/531 2151/378/518
f 2171/378/531 2152/378/666 2151/378/518
f 2175/378/533 2165/378/669 2168/378/529
f 2133/378/500 2175/378/533 2168/378/529
f 2175/378/533 2161/378/534 2165/378/669
f 2161/378/534 2175/378/533 2159/378/668
f 2175/378/533 2134/378/496 2159/378/668
f 2175/378/533 2133/378/500 2134/378/496
f 2156/378/537 2159/378/668 2134/378/496
f 2156/378/537 2134/378/496 2138/378/495
f 2084/378/462 2154/378/521 2106/378/525
f 2147/378/514 2151/378/518 2148/378/515
f 2145/378/509 2142/378/482 2176/378/508
f 2145/378/509 2176/378/508 2123/378/506
f 2145/378/509 2123/378/506 2125/378/505
f 2176/378/508 2098/378/469 2123/378/506
f 2176/378/508 2097/378/473 2098/378/469
f 2142/378/482 2097/378/473 2176/378/508
f 2142/378/482 2112/378/661 2097/378/473
f 2112/378/661 2142/378/482 2113/378/483
f 2130/378/504 2125/378/505 2126/378/503
f 2117/378/488 2129/378/491 2119/378/663
f 2115/378/662 2089/378/466 2088/378/549
f 2096/378/474 2097/378/473 2112/378/661
f 2096/378/474 2112/378/661 2101/378/475
f 2107/378/659 2110/378/548 2088/378/549
f 2083/378/461 2107/378/659 2082/378/460
f 2107/378/659 2088/378/549 2082/378/460
f 2083/378/461 2084/378/462 2106/378/525
f 2094/378/471 2100/378/658 2093/378/543
f 2183/378/554 2177/378/555 2178/378/556
f 2179/378/557 2178/378/556 2177/378/555
f 2180/378/558 2179/378/557 2177/378/555
f 2180/378/558 2177/378/555 2181/378/671
f 2182/378/560 2181/378/671 2177/378/555
f 2183/378/554 2182/378/560 2177/378/555
f 2183/378/554 2188/378/568 2182/378/560
f 2184/378/672 2183/378/554 2178/378/556
f 2184/378/672 2185/378/563 2183/378/554
f 2186/378/564 2183/378/554 2185/378/563
f 2186/378/564 2187/378/673 2183/378/554
f 2183/378/554 2187/378/673 2188/378/568
f 2189/378/567 2188/378/568 2187/378/673
f 2190/378/674 2188/378/568 2189/378/567
f 2190/378/674 2191/378/675 2188/378/568
f 2182/378/560 2188/378/568 2191/378/675
f 2193/378/649 2191/378/675 2190/378/674
f 2182/378/560 2191/378/675 2192/378/676
f 2192/378/676 2191/378/675 2194/378/572
f 2193/378/649 2194/378/572 2191/378/675
f 2192/378/676 2194/378/572 2195/378/573
f 2197/378/585 2194/378/572 2193/378/649
f 2194/378/572 2196/378/575 2195/378/573
f 2194/378/572 2197/378/585 2196/378/575
f 2197/378/585 2199/378/586 2198/378/584
f 2197/378/585 2198/378/584 2196/378/575
f 2197/378/585 2193/378/649 2200/378/677
f 2199/378/586 2197/378/585 2200/378/677
f 2199/378/586 2200/378/677 2201/378/632
f 2203/378/678 2200/378/677 2193/378/649
f 2202/378/679 2201/378/632 2200/378/677
f 2203/378/678 2202/378/679 2200/378/677
f 2202/378/679 2203/378/678 2204/378/626
f 2205/378/624 2203/378/678 2193/378/649
f 2203/378/678 2206/378/623 2204/378/626
f 2203/378/678 2205/378/624 2206/378/623
f 2206/378/623 2210/378/680 2204/378/626
f 2206/378/623 2205/378/624 2207/378/625
f 2206/378/623 2207/378/625 2208/378/618
f 2211/378/620 2206/378/623 2208/378/618
f 2211/378/620 2209/378/681 2206/378/623
f 2206/378/623 2209/378/681 2210/378/680
f 2179/378/557 2209/378/681 2211/378/620
f 2212/378/621 2179/378/557 2211/378/620
f 2212/378/621 2211/378/620 2213/378/619
f 2213/378/619 2211/378/620 2208/378/618
f 2214/378/614 2212/378/621 2213/378/619
f 2213/378/619 2208/378/618 2215/378/616
f 2214/378/614 2213/378/619 2215/378/616
f 2214/378/614 2215/378/616 2216/378/615
f 2217/378/682 2216/378/615 2215/378/616
f 2208/378/618 2217/378/682 2215/378/616
f 2218/378/683 2217/378/682 2207/378/625
f 2208/378/618 2207/378/625 2217/378/682
f 2220/378/565 2217/378/682 2218/378/683
f 2220/378/565 2219/378/606 2217/378/682
f 2217/378/682 2219/378/606 2216/378/615
f 2222/378/605 2220/378/565 2221/378/604
f 2186/378/564 2221/378/604 2220/378/565
f 2187/378/673 2186/378/564 2220/378/565
f 2187/378/673 2220/378/565 2218/378/683
f 2222/378/605 2219/378/606 2220/378/565
f 2219/378/606 2222/378/605 2223/378/607
f 2224/378/684 2223/378/607 2222/378/605
f 2225/378/598 2222/378/605 2221/378/604
f 2224/378/684 2222/378/605 2225/378/598
f 2226/378/597 2224/378/684 2225/378/598
f 2225/378/598 2221/378/604 2228/378/685
f 2227/378/686 2226/378/597 2225/378/598
f 2227/378/686 2225/378/598 2228/378/685
f 2228/378/685 2221/378/604 2230/378/687
f 2227/378/686 2228/378/685 2229/378/600
f 2228/378/685 2230/378/687 2229/378/600
f 2231/378/602 2229/378/600 2230/378/687
f 2231/378/602 2230/378/687 2186/378/564
f 2186/378/564 2230/378/687 2221/378/604
f 2231/378/602 2232/378/601 2229/378/600
f 2233/378/688 2232/378/601 2231/378/602
f 2233/378/688 2231/378/602 2234/378/689
f 2234/378/689 2231/378/602 2185/378/563
f 2231/378/602 2186/378/564 2185/378/563
f 2234/378/689 2185/378/563 2184/378/672
f 2184/378/672 2235/378/690 2234/378/689
f 2234/378/689 2235/378/690 2236/378/691
f 2234/378/689 2236/378/691 2233/378/688
f 2237/378/611 2236/378/691 2235/378/690
f 2238/378/642 2236/378/691 2237/378/611
f 2238/378/642 2239/378/645 2236/378/691
f 2236/378/691 2239/378/645 2240/378/692
f 2236/378/691 2240/378/692 2233/378/688
f 2239/378/645 2241/378/588 2240/378/692
f 2242/378/589 2240/378/692 2241/378/588
f 2242/378/589 2243/378/693 2240/378/692
f 2240/378/692 2232/378/601 2233/378/688
f 2240/378/692 2243/378/693 2232/378/601
f 2242/378/589 2244/378/594 2243/378/693
f 2243/378/693 2229/378/600 2232/378/601
f 2243/378/693 2244/378/594 2229/378/600
f 2227/378/686 2229/378/600 2244/378/594
f 2245/378/592 2227/378/686 2244/378/594
f 2242/378/589 2245/378/592 2244/378/594
f 2245/378/592 2246/378/596 2227/378/686
f 2246/378/596 2245/378/592 2247/378/590
f 2248/378/694 2247/378/590 2245/378/592
f 2248/378/694 2245/378/592 2242/378/589
f 2198/378/584 2247/378/590 2248/378/694
f 2248/378/694 2242/378/589 2241/378/588
f 2198/378/584 2248/378/694 2249/378/695
f 2248/378/694 2241/378/588 2249/378/695
f 2198/378/584 2249/378/695 2250/378/582
f 2253/378/643 2249/378/695 2241/378/588
f 2249/378/695 2251/378/581 2250/378/582
f 2249/378/695 2252/378/696 2251/378/581
f 2253/378/643 2252/378/696 2249/378/695
f 2239/378/645 2253/378/643 2241/378/588
f 2253/378/643 2239/378/645 2238/378/642
f 2253/378/643 2238/378/642 2254/378/640
f 2252/378/696 2253/378/643 2254/378/640
f 2255/378/610 2257/378/638 2254/378/640
f 2255/378/610 2254/378/640 2238/378/642
f 2252/378/696 2254/378/640 2256/378/639
f 2257/378/638 2256/378/639 2254/378/640
f 2258/378/697 2257/378/638 2255/378/610
f 2257/378/638 2258/378/697 2259/378/698
f 2257/378/638 2259/378/698 2260/378/634
f 2257/378/638 2260/378/634 2256/378/639
f 2260/378/634 2262/378/630 2261/378/644
f 2260/378/634 2261/378/644 2256/378/639
f 2260/378/634 2263/378/631 2262/378/630
f 2260/378/634 2259/378/698 2263/378/631
f 2263/378/631 2264/378/699 2262/378/630
f 2263/378/631 2202/378/679 2264/378/699
f 2202/378/679 2263/378/631 2201/378/632
f 2263/378/631 2259/378/698 2265/378/636
f 2263/378/631 2265/378/636 2201/378/632
f 2265/378/636 2259/378/698 2258/378/697
f 2247/378/590 2201/378/632 2265/378/636
f 2265/378/636 2258/378/697 2246/378/596
f 2246/378/596 2247/378/590 2265/378/636
f 2262/378/630 2264/378/699 2266/378/580
f 2204/378/626 2266/378/580 2264/378/699
f 2202/378/679 2204/378/626 2264/378/699
f 2210/378/680 2267/378/579 2266/378/580
f 2266/378/580 2267/378/579 2251/378/581
f 2266/378/580 2251/378/581 2261/378/644
f 2262/378/630 2266/378/580 2261/378/644
f 2204/378/626 2210/378/680 2266/378/580
f 2250/378/582 2251/378/581 2267/378/579
f 2250/378/582 2267/378/579 2269/378/576
f 2210/378/680 2268/378/577 2267/378/579
f 2269/378/576 2267/378/579 2268/378/577
f 2269/378/576 2196/378/575 2198/378/584
f 2270/378/574 2196/378/575 2269/378/576
f 2269/378/576 2268/378/577 2270/378/574
f 2269/378/576 2198/378/584 2250/378/582
f 2192/378/676 2195/378/573 2270/378/574
f 2192/378/676 2270/378/574 2181/378/671
f 2268/378/577 2181/378/671 2270/378/574
f 2270/378/574 2195/378/573 2196/378/575
f 2180/378/558 2268/378/577 2210/378/680
f 2268/378/577 2180/378/558 2181/378/671
f 2261/378/644 2251/378/581 2252/378/696
f 2261/378/644 2252/378/696 2256/378/639
f 2246/378/596 2258/378/697 2226/378/597
f 2258/378/697 2255/378/610 2226/378/597
f 2224/378/684 2255/378/610 2238/378/642
f 2226/378/597 2255/378/610 2224/378/684
f 2198/378/584 2199/378/586 2247/378/590
f 2247/378/590 2199/378/586 2201/378/632
f 2246/378/596 2226/378/597 2227/378/686
f 2224/378/684 2238/378/642 2237/378/611
f 2237/378/611 2235/378/690 2271/378/700
f 2223/378/607 2237/378/611 2271/378/700
f 2223/378/607 2224/378/684 2237/378/611
f 2271/378/700 2235/378/690 2272/378/701
f 2271/378/700 2272/378/701 2214/378/614
f 2271/378/700 2216/378/615 2223/378/607
f 2271/378/700 2214/378/614 2216/378/615
f 2214/378/614 2272/378/701 2212/378/621
f 2178/378/556 2212/378/621 2272/378/701
f 2178/378/556 2272/378/701 2184/378/672
f 2184/378/672 2272/378/701 2235/378/690
f 2219/378/606 2223/378/607 2216/378/615
f 2189/378/567 2187/378/673 2218/378/683
f 2218/378/683 2207/378/625 2189/378/567
f 2179/378/557 2212/378/621 2178/378/556
f 2180/378/558 2210/378/680 2209/378/681
f 2179/378/557 2180/378/558 2209/378/681
f 2189/378/567 2207/378/625 2205/378/624
f 2205/378/624 2193/378/649 2190/378/674
f 2189/378/567 2205/378/624 2190/378/674
f 2182/378/560 2192/378/676 2181/378/671
f 2279/378/458 2273/378/459 2274/378/460
f 2275/378/461 2274/378/460 2273/378/459
f 2276/378/462 2275/378/461 2273/378/459
f 2276/378/462 2273/378/459 2277/378/463
f 2278/378/702 2277/378/463 2273/378/459
f 2279/378/458 2278/378/702 2273/378/459
f 2283/378/465 2278/378/702 2279/378/458
f 2280/378/549 2279/378/458 2274/378/460
f 2280/378/549 2281/378/466 2279/378/458
f 2282/378/467 2279/378/458 2281/378/466
f 2282/378/467 2283/378/465 2279/378/458
f 2283/378/465 2282/378/467 2284/378/703
f 2283/378/465 2284/378/703 2285/378/471
f 2286/378/543 2283/378/465 2285/378/471
f 2283/378/465 2287/378/542 2278/378/702
f 2286/378/543 2287/378/542 2283/378/465
f 2288/378/541 2287/378/542 2286/378/543
f 2278/378/702 2287/378/542 2289/378/540
f 2288/378/541 2289/378/540 2287/378/542
f 2278/378/702 2289/378/540 2291/378/704
f 2290/378/534 2289/378/540 2288/378/541
f 2291/378/704 2289/378/540 2290/378/534
f 2278/378/702 2291/378/704 2277/378/463
f 2291/378/704 2290/378/534 2292/378/538
f 2277/378/463 2291/378/704 2292/378/538
f 2290/378/534 2294/378/668 2292/378/538
f 2277/378/463 2292/378/538 2293/378/536
f 2293/378/536 2292/378/538 2294/378/668
f 2290/378/534 2295/378/533 2294/378/668
f 2293/378/536 2294/378/668 2296/378/537
f 2295/378/533 2297/378/496 2294/378/668
f 2296/378/537 2294/378/668 2297/378/496
f 2296/378/537 2297/378/496 2299/378/495
f 2295/378/533 2298/378/500 2297/378/496
f 2298/378/500 2300/378/497 2297/378/496
f 2299/378/495 2297/378/496 2300/378/497
f 2299/378/495 2300/378/497 2301/378/493
f 2300/378/497 2302/378/491 2301/378/493
f 2300/378/497 2304/378/499 2302/378/491
f 2298/378/500 2303/378/705 2300/378/497
f 2303/378/705 2304/378/499 2300/378/497
f 2304/378/499 2306/378/501 2305/378/502
f 2304/378/499 2305/378/502 2302/378/491
f 2304/378/499 2308/378/503 2306/378/501
f 2304/378/499 2307/378/706 2308/378/503
f 2303/378/705 2307/378/706 2304/378/499
f 2309/378/505 2310/378/507 2308/378/503
f 2307/378/706 2309/378/505 2308/378/503
f 2306/378/501 2308/378/503 2310/378/507
f 2313/378/553 2310/378/507 2311/378/468
f 2312/378/506 2311/378/468 2310/378/507
f 2309/378/505 2312/378/506 2310/378/507
f 2306/378/501 2310/378/507 2313/378/553
f 2305/378/502 2306/378/501 2313/378/553
f 2305/378/502 2313/378/553 2314/378/707
f 2314/378/707 2313/378/553 2315/378/551
f 2313/378/553 2311/378/468 2315/378/551
f 2314/378/707 2315/378/551 2316/378/662
f 2316/378/662 2315/378/551 2281/378/466
f 2311/378/468 2281/378/466 2315/378/551
f 2316/378/662 2281/378/466 2280/378/549
f 2280/378/549 2317/378/486 2316/378/662
f 2316/378/662 2317/378/486 2318/378/708
f 2316/378/662 2318/378/708 2314/378/707
f 2319/378/483 2318/378/708 2317/378/486
f 2320/378/484 2318/378/708 2319/378/483
f 2320/378/484 2321/378/488 2318/378/708
f 2318/378/708 2321/378/488 2305/378/502
f 2318/378/708 2305/378/502 2314/378/707
f 2321/378/488 2322/378/489 2302/378/491
f 2322/378/489 2321/378/488 2320/378/484
f 2321/378/488 2302/378/491 2305/378/502
f 2322/378/489 2320/378/484 2323/378/490
f 2324/378/492 2322/378/489 2323/378/490
f 2322/378/489 2301/378/493 2302/378/491
f 2322/378/489 2324/378/492 2301/378/493
f 2324/378/492 2323/378/490 2325/378/516
f 2326/378/665 2324/378/492 2325/378/516
f 2326/378/665 2327/378/709 2324/378/492
f 2324/378/492 2327/378/709 2299/378/495
f 2324/378/492 2299/378/495 2301/378/493
f 2328/378/710 2329/378/522 2327/378/709
f 2328/378/710 2327/378/709 2326/378/665
f 2299/378/495 2327/378/709 2329/378/522
f 2330/378/521 2331/378/523 2329/378/522
f 2330/378/521 2329/378/522 2328/378/710
f 2296/378/537 2329/378/522 2331/378/523
f 2299/378/495 2329/378/522 2296/378/537
f 2276/378/462 2331/378/523 2330/378/521
f 2296/378/537 2331/378/523 2293/378/536
f 2293/378/536 2331/378/523 2276/378/462
f 2330/378/521 2328/378/710 2332/378/666
f 2330/378/521 2332/378/666 2333/378/524
f 2276/378/462 2330/378/521 2334/378/711
f 2334/378/711 2330/378/521 2333/378/524
f 2334/378/711 2333/378/524 2336/378/526
f 2275/378/461 2276/378/462 2334/378/711
f 2275/378/461 2334/378/711 2335/378/545
f 2335/378/545 2334/378/711 2336/378/526
f 2337/378/527 2338/378/544 2336/378/526
f 2337/378/527 2336/378/526 2333/378/524
f 2336/378/526 2338/378/544 2339/378/476
f 2336/378/526 2339/378/476 2340/378/477
f 2335/378/545 2336/378/526 2340/378/477
f 2340/378/477 2339/378/476 2341/378/472
f 2340/378/477 2341/378/472 2342/378/478
f 2343/378/547 2340/378/477 2342/378/478
f 2343/378/547 2335/378/545 2340/378/477
f 2344/378/546 2335/378/545 2343/378/547
f 2345/378/660 2344/378/546 2343/378/547
f 2345/378/660 2343/378/547 2342/378/478
f 2345/378/660 2346/378/548 2344/378/546
f 2345/378/660 2342/378/478 2348/378/475
f 2347/378/480 2346/378/548 2345/378/660
f 2347/378/480 2345/378/660 2348/378/475
f 2349/378/474 2350/378/712 2348/378/475
f 2341/378/472 2349/378/474 2348/378/475
f 2341/378/472 2348/378/475 2342/378/478
f 2347/378/480 2348/378/475 2350/378/712
f 2351/378/482 2350/378/712 2352/378/473
f 2350/378/712 2351/378/482 2319/378/483
f 2350/378/712 2319/378/483 2347/378/480
f 2349/378/474 2352/378/473 2350/378/712
f 2352/378/473 2349/378/474 2284/378/703
f 2352/378/473 2284/378/703 2353/378/469
f 2354/378/508 2352/378/473 2353/378/469
f 2351/378/482 2352/378/473 2354/378/508
f 2355/378/713 2351/378/482 2354/378/508
f 2354/378/508 2353/378/469 2312/378/506
f 2355/378/713 2354/378/508 2356/378/509
f 2309/378/505 2356/378/509 2354/378/508
f 2309/378/505 2354/378/508 2312/378/506
f 2357/378/510 2355/378/713 2356/378/509
f 2358/378/511 2356/378/509 2309/378/505
f 2358/378/511 2357/378/510 2356/378/509
f 2359/378/512 2357/378/510 2358/378/511
f 2307/378/706 2358/378/511 2309/378/505
f 2358/378/511 2307/378/706 2303/378/705
f 2358/378/511 2303/378/705 2359/378/512
f 2303/378/705 2361/378/530 2359/378/512
f 2359/378/512 2360/378/714 2357/378/510
f 2361/378/530 2360/378/714 2359/378/512
f 2363/378/528 2361/378/530 2362/378/715
f 2298/378/500 2362/378/715 2361/378/530
f 2303/378/705 2298/378/500 2361/378/530
f 2363/378/528 2364/378/531 2361/378/530
f 2361/378/530 2364/378/531 2360/378/714
f 2365/378/515 2360/378/714 2364/378/531
f 2365/378/515 2364/378/531 2366/378/518
f 2364/378/531 2363/378/528 2332/378/666
f 2364/378/531 2332/378/666 2366/378/518
f 2365/378/515 2366/378/518 2326/378/665
f 2366/378/518 2328/378/710 2326/378/665
f 2366/378/518 2332/378/666 2328/378/710
f 2367/378/513 2360/378/714 2365/378/515
f 2367/378/513 2365/378/515 2325/378/516
f 2365/378/515 2326/378/665 2325/378/516
f 2367/378/513 2357/378/510 2360/378/714
f 2357/378/510 2367/378/513 2355/378/713
f 2367/378/513 2325/378/516 2323/378/490
f 2355/378/713 2367/378/513 2323/378/490
f 2337/378/527 2363/378/528 2362/378/715
f 2363/378/528 2337/378/527 2333/378/524
f 2363/378/528 2333/378/524 2332/378/666
f 2295/378/533 2368/378/532 2362/378/715
f 2298/378/500 2295/378/533 2362/378/715
f 2337/378/527 2362/378/715 2368/378/532
f 2290/378/534 2288/378/541 2368/378/532
f 2295/378/533 2290/378/534 2368/378/532
f 2288/378/541 2337/378/527 2368/378/532
f 2355/378/713 2323/378/490 2320/378/484
f 2351/378/482 2355/378/713 2320/378/484
f 2312/378/506 2353/378/469 2311/378/468
f 2282/378/467 2311/378/468 2353/378/469
f 2282/378/467 2353/378/469 2284/378/703
f 2351/378/482 2320/378/484 2319/378/483
f 2284/378/703 2349/378/474 2341/378/472
f 2347/378/480 2317/378/486 2346/378/548
f 2319/378/483 2317/378/486 2347/378/480
f 2344/378/546 2346/378/548 2280/378/549
f 2280/378/549 2346/378/548 2317/378/486
f 2344/378/546 2275/378/461 2335/378/545
f 2275/378/461 2344/378/546 2274/378/460
f 2344/378/546 2280/378/549 2274/378/460
f 2285/378/471 2341/378/472 2339/378/476
f 2284/378/703 2341/378/472 2285/378/471
f 2286/378/543 2339/378/476 2338/378/544
f 2285/378/471 2339/378/476 2286/378/543
f 2286/378/543 2338/378/544 2288/378/541
f 2288/378/541 2338/378/544 2337/378/527
f 2311/378/468 2282/378/467 2281/378/466
f 2293/378/536 2276/378/462 2277/378/463
f 2375/378/554 2369/378/716 2370/378/556
f 2371/378/717 2370/378/556 2369/378/716
f 2372/378/558 2371/378/717 2369/378/716
f 2372/378/558 2369/378/716 2373/378/671
f 2374/378/560 2373/378/671 2369/378/716
f 2375/378/554 2374/378/560 2369/378/716
f 2378/378/561 2374/378/560 2375/378/554
f 2376/378/562 2375/378/554 2370/378/556
f 2376/378/562 2377/378/563 2375/378/554
f 2379/378/564 2375/378/554 2377/378/563
f 2379/378/564 2378/378/561 2375/378/554
f 2379/378/564 2380/378/687 2383/378/604
f 2381/378/718 2380/378/687 2379/378/564
f 2381/378/718 2379/378/564 2377/378/563
f 2378/378/561 2379/378/564 2382/378/565
f 2379/378/564 2383/378/604 2382/378/565
f 2386/378/719 2382/378/565 2383/378/604
f 2385/378/720 2383/378/604 2380/378/687
f 2384/378/598 2386/378/719 2383/378/604
f 2384/378/598 2383/378/604 2385/378/720
f 2389/378/608 2386/378/719 2384/378/598
f 2386/378/719 2387/378/606 2382/378/565
f 2387/378/606 2386/378/719 2388/378/721
f 2389/378/608 2388/378/721 2386/378/719
f 2390/378/609 2388/378/721 2389/378/608
f 2392/378/722 2389/378/608 2384/378/598
f 2390/378/609 2389/378/608 2391/378/611
f 2389/378/608 2393/378/642 2391/378/611
f 2389/378/608 2392/378/722 2393/378/642
f 2397/378/643 2394/378/723 2393/378/642
f 2393/378/642 2394/378/723 2395/378/646
f 2393/378/642 2395/378/646 2391/378/611
f 2392/378/722 2396/378/640 2393/378/642
f 2397/378/643 2393/378/642 2396/378/640
f 2397/378/643 2398/378/696 2399/378/695
f 2398/378/696 2397/378/643 2396/378/640
f 2397/378/643 2399/378/695 2400/378/588
f 2394/378/723 2397/378/643 2400/378/588
f 2394/378/723 2400/378/588 2401/378/692
f 2402/378/589 2401/378/692 2400/378/588
f 2403/378/587 2402/378/589 2400/378/588
f 2403/378/587 2400/378/588 2399/378/695
f 2404/378/724 2406/378/590 2403/378/587
f 2404/378/724 2403/378/587 2405/378/725
f 2405/378/725 2403/378/587 2399/378/695
f 2403/378/587 2406/378/590 2407/378/726
f 2403/378/587 2407/378/726 2402/378/589
f 2408/378/596 2407/378/726 2406/378/590
f 2407/378/726 2408/378/596 2409/378/686
f 2407/378/726 2409/378/686 2410/378/594
f 2402/378/589 2407/378/726 2410/378/594
f 2402/378/589 2410/378/594 2411/378/727
f 2412/378/601 2411/378/727 2410/378/594
f 2412/378/601 2410/378/594 2413/378/600
f 2410/378/594 2385/378/720 2413/378/600
f 2410/378/594 2409/378/686 2385/378/720
f 2412/378/601 2413/378/600 2380/378/687
f 2385/378/720 2380/378/687 2413/378/600
f 2411/378/727 2412/378/601 2414/378/648
f 2414/378/648 2412/378/601 2381/378/718
f 2412/378/601 2380/378/687 2381/378/718
f 2395/378/646 2401/378/692 2414/378/648
f 2415/378/689 2395/378/646 2414/378/648
f 2414/378/648 2381/378/718 2415/378/689
f 2411/378/727 2414/378/648 2401/378/692
f 2415/378/689 2381/378/718 2377/378/563
f 2415/378/689 2377/378/563 2376/378/562
f 2376/378/562 2416/378/690 2415/378/689
f 2415/378/689 2416/378/690 2395/378/646
f 2390/378/609 2416/378/690 2417/378/728
f 2376/378/562 2417/378/728 2416/378/690
f 2391/378/611 2395/378/646 2416/378/690
f 2391/378/611 2416/378/690 2390/378/609
f 2418/378/621 2417/378/728 2376/378/562
f 2419/378/614 2417/378/728 2418/378/621
f 2390/378/609 2417/378/728 2419/378/614
f 2419/378/614 2418/378/621 2420/378/619
f 2419/378/614 2420/378/619 2421/378/616
f 2419/378/614 2421/378/616 2422/378/615
f 2390/378/609 2419/378/614 2422/378/615
f 2387/378/606 2388/378/721 2422/378/615
f 2423/378/682 2387/378/606 2422/378/615
f 2423/378/682 2422/378/615 2421/378/616
f 2390/378/609 2422/378/615 2388/378/721
f 2387/378/606 2423/378/682 2424/378/683
f 2424/378/683 2423/378/682 2425/378/625
f 2426/378/618 2425/378/625 2423/378/682
f 2426/378/618 2423/378/682 2421/378/616
f 2427/378/623 2425/378/625 2426/378/618
f 2428/378/620 2427/378/623 2426/378/618
f 2420/378/619 2428/378/620 2426/378/618
f 2420/378/619 2426/378/618 2421/378/616
f 2371/378/717 2429/378/622 2428/378/620
f 2428/378/620 2429/378/622 2427/378/623
f 2418/378/621 2371/378/717 2428/378/620
f 2418/378/621 2428/378/620 2420/378/619
f 2427/378/623 2429/378/622 2430/378/680
f 2372/378/558 2430/378/680 2429/378/622
f 2371/378/717 2372/378/558 2429/378/622
f 2372/378/558 2431/378/577 2430/378/680
f 2430/378/680 2431/378/577 2432/378/729
f 2430/378/680 2432/378/729 2433/378/580
f 2434/378/626 2430/378/680 2433/378/580
f 2427/378/623 2430/378/680 2434/378/626
f 2435/378/679 2437/378/627 2434/378/626
f 2435/378/679 2434/378/626 2436/378/699
f 2434/378/626 2433/378/580 2436/378/699
f 2437/378/627 2427/378/623 2434/378/626
f 2437/378/627 2435/378/679 2438/378/677
f 2437/378/627 2438/378/677 2439/378/649
f 2441/378/674 2437/378/627 2439/378/649
f 2437/378/627 2440/378/624 2427/378/623
f 2441/378/674 2440/378/624 2437/378/627
f 2442/378/567 2440/378/624 2441/378/674
f 2441/378/674 2445/378/730 2442/378/567
f 2441/378/674 2443/378/731 2445/378/730
f 2444/378/572 2443/378/731 2441/378/674
f 2444/378/572 2441/378/674 2439/378/649
f 2374/378/560 2445/378/730 2443/378/731
f 2442/378/567 2445/378/730 2378/378/561
f 2378/378/561 2445/378/730 2374/378/560
f 2444/378/572 2446/378/732 2447/378/575
f 2446/378/732 2444/378/572 2439/378/649
f 2444/378/572 2447/378/575 2449/378/573
f 2448/378/676 2443/378/731 2444/378/572
f 2448/378/676 2444/378/572 2449/378/573
f 2448/378/676 2449/378/573 2450/378/733
f 2450/378/733 2449/378/573 2447/378/575
f 2450/378/733 2447/378/575 2451/378/576
f 2451/378/576 2431/378/577 2450/378/733
f 2450/378/733 2431/378/577 2372/378/558
f 2448/378/676 2450/378/733 2373/378/671
f 2450/378/733 2372/378/558 2373/378/671
f 2451/378/576 2447/378/575 2405/378/725
f 2451/378/576 2405/378/725 2452/378/582
f 2452/378/582 2432/378/729 2451/378/576
f 2451/378/576 2432/378/729 2431/378/577
f 2399/378/695 2453/378/581 2452/378/582
f 2405/378/725 2399/378/695 2452/378/582
f 2452/378/582 2453/378/581 2432/378/729
f 2433/378/580 2432/378/729 2453/378/581
f 2433/378/580 2453/378/581 2455/378/644
f 2453/378/581 2398/378/696 2454/378/734
f 2399/378/695 2398/378/696 2453/378/581
f 2453/378/581 2454/378/734 2455/378/644
f 2456/378/634 2455/378/644 2454/378/734
f 2457/378/735 2433/378/580 2455/378/644
f 2456/378/634 2457/378/735 2455/378/644
f 2456/378/634 2458/378/736 2457/378/735
f 2457/378/735 2436/378/699 2433/378/580
f 2458/378/736 2436/378/699 2457/378/735
f 2456/378/634 2459/378/698 2458/378/736
f 2458/378/736 2459/378/698 2460/378/636
f 2458/378/736 2460/378/636 2461/378/737
f 2435/378/679 2458/378/736 2461/378/737
f 2458/378/736 2435/378/679 2436/378/699
f 2404/378/724 2438/378/677 2461/378/737
f 2460/378/636 2404/378/724 2461/378/737
f 2435/378/679 2461/378/737 2438/378/677
f 2460/378/636 2406/378/590 2404/378/724
f 2408/378/596 2406/378/590 2460/378/636
f 2460/378/636 2462/378/637 2408/378/596
f 2460/378/636 2459/378/698 2462/378/637
f 2463/378/738 2462/378/637 2459/378/698
f 2462/378/637 2463/378/738 2392/378/722
f 2462/378/637 2392/378/722 2464/378/597
f 2408/378/596 2462/378/637 2464/378/597
f 2409/378/686 2464/378/597 2384/378/598
f 2392/378/722 2384/378/598 2464/378/597
f 2408/378/596 2464/378/597 2409/378/686
f 2392/378/722 2463/378/738 2396/378/640
f 2456/378/634 2396/378/640 2463/378/738
f 2463/378/738 2459/378/698 2456/378/634
f 2456/378/634 2454/378/734 2396/378/640
f 2398/378/696 2396/378/640 2454/378/734
f 2374/378/560 2443/378/731 2448/378/676
f 2374/378/560 2448/378/676 2373/378/671
f 2446/378/732 2405/378/725 2447/378/575
f 2446/378/732 2404/378/724 2405/378/725
f 2404/378/724 2446/378/732 2438/378/677
f 2446/378/732 2439/378/649 2438/378/677
f 2424/378/683 2425/378/625 2442/378/567
f 2442/378/567 2425/378/625 2440/378/624
f 2442/378/567 2378/378/561 2424/378/683
f 2427/378/623 2440/378/624 2425/378/625
f 2378/378/561 2382/378/565 2424/378/683
f 2387/378/606 2424/378/683 2382/378/565
f 2371/378/717 2418/378/621 2370/378/556
f 2418/378/621 2376/378/562 2370/378/556
f 2402/378/589 2411/378/727 2401/378/692
f 2409/378/686 2384/378/598 2385/378/720
f 2395/378/646 2394/378/723 2401/378/692
f 2471/378/458 2465/378/459 2466/378/460
f 2467/378/461 2466/378/460 2465/378/459
f 2468/378/462 2467/378/461 2465/378/459
f 2468/378/462 2465/378/459 2469/378/463
f 2470/378/702 2469/378/463 2465/378/459
f 2471/378/458 2470/378/702 2465/378/459
f 2474/378/465 2470/378/702 2471/378/458
f 2472/378/549 2471/378/458 2466/378/460
f 2472/378/549 2473/378/466 2471/378/458
f 2475/378/467 2471/378/458 2473/378/466
f 2475/378/467 2474/378/465 2471/378/458
f 2476/378/468 2475/378/467 2473/378/466
f 2475/378/467 2476/378/468 2477/378/469
f 2475/378/467 2477/378/469 2478/378/703
f 2474/378/465 2475/378/467 2478/378/703
f 2482/378/473 2479/378/474 2478/378/703
f 2478/378/703 2479/378/474 2480/378/472
f 2478/378/703 2480/378/472 2481/378/471
f 2474/378/465 2478/378/703 2481/378/471
f 2482/378/473 2478/378/703 2477/378/469
f 2485/378/482 2482/378/473 2483/378/508
f 2483/378/508 2482/378/473 2477/378/469
f 2479/378/474 2482/378/473 2484/378/739
f 2485/378/482 2484/378/739 2482/378/473
f 2484/378/739 2485/378/482 2486/378/483
f 2485/378/482 2487/378/484 2486/378/483
f 2485/378/482 2488/378/713 2487/378/484
f 2488/378/713 2485/378/482 2483/378/508
f 2488/378/713 2492/378/513 2489/378/490
f 2488/378/713 2489/378/490 2487/378/484
f 2490/378/510 2492/378/513 2488/378/713
f 2490/378/510 2488/378/713 2491/378/509
f 2488/378/713 2483/378/508 2491/378/509
f 2492/378/513 2490/378/510 2493/378/714
f 2492/378/513 2493/378/714 2494/378/515
f 2492/378/513 2494/378/515 2495/378/516
f 2492/378/513 2495/378/516 2489/378/490
f 2496/378/740 2489/378/490 2495/378/516
f 2497/378/709 2496/378/740 2495/378/516
f 2497/378/709 2495/378/516 2498/378/665
f 2494/378/515 2498/378/665 2495/378/516
f 2499/378/710 2497/378/709 2498/378/665
f 2500/378/518 2499/378/710 2498/378/665
f 2494/378/515 2500/378/518 2498/378/665
f 2494/378/515 2501/378/741 2500/378/518
f 2500/378/518 2502/378/666 2499/378/710
f 2501/378/741 2502/378/666 2500/378/518
f 2501/378/741 2503/378/528 2502/378/666
f 2505/378/742 2499/378/710 2502/378/666
f 2503/378/528 2504/378/524 2502/378/666
f 2505/378/742 2502/378/666 2504/378/524
f 2468/378/462 2506/378/667 2505/378/742
f 2505/378/742 2506/378/667 2507/378/522
f 2505/378/742 2507/378/522 2499/378/710
f 2508/378/711 2505/378/742 2504/378/524
f 2468/378/462 2505/378/742 2508/378/711
f 2508/378/711 2504/378/524 2509/378/526
f 2510/378/743 2508/378/711 2509/378/526
f 2467/378/461 2508/378/711 2510/378/743
f 2467/378/461 2468/378/462 2508/378/711
f 2510/378/743 2509/378/526 2511/378/477
f 2510/378/743 2511/378/477 2514/378/478
f 2512/378/659 2467/378/461 2510/378/743
f 2512/378/659 2510/378/743 2513/378/547
f 2510/378/743 2514/378/478 2513/378/547
f 2515/378/660 2513/378/547 2514/378/478
f 2511/378/477 2480/378/472 2514/378/478
f 2515/378/660 2514/378/478 2516/378/475
f 2514/378/478 2479/378/474 2516/378/475
f 2514/378/478 2480/378/472 2479/378/474
f 2517/378/480 2515/378/660 2516/378/475
f 2479/378/474 2484/378/739 2516/378/475
f 2517/378/480 2516/378/475 2484/378/739
f 2517/378/480 2518/378/486 2519/378/548
f 2486/378/483 2518/378/486 2517/378/480
f 2484/378/739 2486/378/483 2517/378/480
f 2517/378/480 2519/378/548 2515/378/660
f 2512/378/659 2519/378/548 2472/378/549
f 2472/378/549 2519/378/548 2518/378/486
f 2515/378/660 2519/378/548 2512/378/659
f 2472/378/549 2518/378/486 2520/378/550
f 2520/378/550 2518/378/486 2521/378/708
f 2486/378/483 2521/378/708 2518/378/486
f 2520/378/550 2521/378/708 2523/378/707
f 2487/378/484 2521/378/708 2486/378/483
f 2487/378/484 2522/378/488 2521/378/708
f 2523/378/707 2521/378/708 2522/378/488
f 2523/378/707 2522/378/488 2524/378/502
f 2525/378/664 2523/378/707 2524/378/502
f 2525/378/664 2526/378/553 2523/378/707
f 2523/378/707 2527/378/551 2520/378/550
f 2523/378/707 2526/378/553 2527/378/551
f 2526/378/553 2476/378/468 2527/378/551
f 2520/378/550 2527/378/551 2473/378/466
f 2476/378/468 2473/378/466 2527/378/551
f 2525/378/664 2528/378/507 2526/378/553
f 2526/378/553 2528/378/507 2476/378/468
f 2525/378/664 2529/378/503 2528/378/507
f 2529/378/503 2530/378/506 2528/378/507
f 2530/378/506 2476/378/468 2528/378/507
f 2483/378/508 2477/378/469 2530/378/506
f 2491/378/509 2483/378/508 2530/378/506
f 2491/378/509 2530/378/506 2531/378/505
f 2529/378/503 2531/378/505 2530/378/506
f 2530/378/506 2477/378/469 2476/378/468
f 2532/378/511 2491/378/509 2531/378/505
f 2533/378/504 2532/378/511 2531/378/505
f 2533/378/504 2531/378/505 2529/378/503
f 2535/378/705 2533/378/504 2534/378/744
f 2534/378/744 2533/378/504 2529/378/503
f 2532/378/511 2533/378/504 2535/378/705
f 2535/378/705 2534/378/744 2536/378/497
f 2537/378/500 2535/378/705 2536/378/497
f 2538/378/512 2535/378/705 2537/378/500
f 2532/378/511 2535/378/705 2538/378/512
f 2538/378/512 2493/378/714 2490/378/510
f 2539/378/745 2493/378/714 2538/378/512
f 2538/378/512 2537/378/500 2539/378/745
f 2538/378/512 2490/378/510 2532/378/511
f 2503/378/528 2539/378/745 2540/378/715
f 2537/378/500 2540/378/715 2539/378/745
f 2503/378/528 2501/378/741 2539/378/745
f 2539/378/745 2501/378/741 2493/378/714
f 2543/378/670 2540/378/715 2541/378/532
f 2542/378/533 2541/378/532 2540/378/715
f 2537/378/500 2542/378/533 2540/378/715
f 2543/378/670 2503/378/528 2540/378/715
f 2503/378/528 2543/378/670 2504/378/524
f 2504/378/524 2543/378/670 2544/378/544
f 2544/378/544 2543/378/670 2541/378/532
f 2504/378/524 2544/378/544 2509/378/526
f 2509/378/526 2544/378/544 2545/378/476
f 2546/378/543 2545/378/476 2544/378/544
f 2546/378/543 2544/378/544 2547/378/746
f 2544/378/544 2541/378/532 2547/378/746
f 2547/378/746 2549/378/540 2548/378/747
f 2547/378/746 2548/378/747 2546/378/543
f 2550/378/534 2549/378/540 2547/378/746
f 2550/378/534 2547/378/746 2541/378/532
f 2551/378/704 2549/378/540 2550/378/534
f 2542/378/533 2550/378/534 2541/378/532
f 2551/378/704 2550/378/534 2552/378/538
f 2550/378/534 2553/378/668 2552/378/538
f 2550/378/534 2542/378/533 2553/378/668
f 2555/378/537 2553/378/668 2554/378/496
f 2542/378/533 2554/378/496 2553/378/668
f 2556/378/536 2553/378/668 2555/378/537
f 2556/378/536 2552/378/538 2553/378/668
f 2555/378/537 2506/378/667 2556/378/536
f 2556/378/536 2506/378/667 2468/378/462
f 2551/378/704 2552/378/538 2556/378/536
f 2551/378/704 2556/378/536 2469/378/463
f 2556/378/536 2468/378/462 2469/378/463
f 2555/378/537 2554/378/496 2557/378/748
f 2557/378/748 2507/378/522 2555/378/537
f 2555/378/537 2507/378/522 2506/378/667
f 2558/378/493 2497/378/709 2557/378/748
f 2554/378/496 2558/378/493 2557/378/748
f 2557/378/748 2497/378/709 2507/378/522
f 2560/378/749 2558/378/493 2559/378/491
f 2536/378/497 2559/378/491 2558/378/493
f 2554/378/496 2536/378/497 2558/378/493
f 2560/378/749 2496/378/740 2558/378/493
f 2558/378/493 2496/378/740 2497/378/709
f 2522/378/488 2560/378/749 2559/378/491
f 2560/378/749 2522/378/488 2487/378/484
f 2560/378/749 2487/378/484 2489/378/490
f 2496/378/740 2560/378/749 2489/378/490
f 2522/378/488 2559/378/491 2524/378/502
f 2534/378/744 2524/378/502 2559/378/491
f 2536/378/497 2534/378/744 2559/378/491
f 2537/378/500 2536/378/497 2554/378/496
f 2542/378/533 2537/378/500 2554/378/496
f 2470/378/702 2549/378/540 2551/378/704
f 2470/378/702 2551/378/704 2469/378/463
f 2470/378/702 2548/378/747 2549/378/540
f 2546/378/543 2548/378/747 2474/378/465
f 2474/378/465 2548/378/747 2470/378/702
f 2546/378/543 2474/378/465 2481/378/471
f 2481/378/471 2545/378/476 2546/378/543
f 2509/378/526 2545/378/476 2511/378/477
f 2511/378/477 2545/378/476 2480/378/472
f 2481/378/471 2480/378/472 2545/378/476
f 2534/378/744 2529/378/503 2525/378/664
f 2534/378/744 2525/378/664 2524/378/502
f 2532/378/511 2490/378/510 2491/378/509
f 2520/378/550 2473/378/466 2472/378/549
f 2515/378/660 2512/378/659 2513/378/547
f 2467/378/461 2512/378/659 2466/378/460
f 2512/378/659 2472/378/549 2466/378/460
f 2499/378/710 2507/378/522 2497/378/709
f 2494/378/515 2493/378/714 2501/378/741
f 2567/378/554 2561/378/555 2562/378/556
f 2563/378/557 2562/378/556 2561/378/555
f 2564/378/558 2563/378/557 2561/378/555
f 2564/378/558 2561/378/555 2565/378/559
f 2566/378/560 2565/378/559 2561/378/555
f 2567/378/554 2566/378/560 2561/378/555
f 2570/378/561 2566/378/560 2567/378/554
f 2568/378/562 2567/378/554 2562/378/556
f 2568/378/562 2569/378/563 2567/378/554
f 2571/378/750 2567/378/554 2569/378/563
f 2571/378/750 2570/378/561 2567/378/554
f 2572/378/687 2571/378/750 2569/378/563
f 2571/378/750 2572/378/687 2573/378/604
f 2571/378/750 2573/378/604 2574/378/565
f 2570/378/561 2571/378/750 2574/378/565
f 2570/378/561 2574/378/565 2578/378/566
f 2576/378/605 2574/378/565 2573/378/604
f 2574/378/565 2575/378/606 2577/378/617
f 2576/378/605 2575/378/606 2574/378/565
f 2574/378/565 2577/378/617 2578/378/566
f 2578/378/566 2577/378/617 2579/378/625
f 2580/378/567 2570/378/561 2578/378/566
f 2578/378/566 2579/378/625 2580/378/567
f 2580/378/567 2581/378/730 2570/378/561
f 2582/378/751 2581/378/730 2580/378/567
f 2580/378/567 2583/378/624 2582/378/751
f 2580/378/567 2579/378/625 2583/378/624
f 2584/378/623 2583/378/624 2579/378/625
f 2582/378/751 2583/378/624 2586/378/627
f 2585/378/626 2583/378/624 2584/378/623
f 2585/378/626 2586/378/627 2583/378/624
f 2586/378/627 2587/378/628 2588/378/635
f 2587/378/628 2586/378/627 2585/378/626
f 2586/378/627 2588/378/635 2589/378/752
f 2582/378/751 2586/378/627 2589/378/752
f 2590/378/585 2589/378/752 2588/378/635
f 2589/378/752 2592/378/731 2582/378/751
f 2590/378/585 2591/378/572 2589/378/752
f 2589/378/752 2591/378/572 2592/378/731
f 2581/378/730 2592/378/731 2593/378/676
f 2593/378/676 2592/378/731 2591/378/572
f 2582/378/751 2592/378/731 2581/378/730
f 2593/378/676 2591/378/572 2594/378/573
f 2593/378/676 2594/378/573 2595/378/733
f 2593/378/676 2595/378/733 2565/378/559
f 2566/378/560 2593/378/676 2565/378/559
f 2581/378/730 2593/378/676 2566/378/560
f 2595/378/733 2594/378/573 2596/378/753
f 2595/378/733 2596/378/753 2597/378/576
f 2597/378/576 2598/378/577 2595/378/733
f 2595/378/733 2564/378/558 2565/378/559
f 2595/378/733 2598/378/577 2564/378/558
f 2564/378/558 2598/378/577 2599/378/754
f 2599/378/754 2598/378/577 2600/378/579
f 2597/378/576 2600/378/579 2598/378/577
f 2599/378/754 2600/378/579 2601/378/580
f 2601/378/580 2600/378/579 2602/378/581
f 2603/378/582 2602/378/581 2600/378/579
f 2603/378/582 2600/378/579 2597/378/576
f 2604/378/583 2602/378/581 2603/378/582
f 2605/378/725 2604/378/583 2603/378/582
f 2597/378/576 2605/378/725 2603/378/582
f 2605/378/725 2606/378/587 2604/378/583
f 2607/378/724 2606/378/587 2605/378/725
f 2596/378/753 2607/378/724 2605/378/725
f 2597/378/576 2596/378/753 2605/378/725
f 2607/378/724 2590/378/585 2588/378/635
f 2607/378/724 2588/378/635 2608/378/737
f 2609/378/636 2607/378/724 2608/378/737
f 2609/378/636 2610/378/590 2607/378/724
f 2607/378/724 2610/378/590 2606/378/587
f 2596/378/753 2590/378/585 2607/378/724
f 2610/378/590 2611/378/589 2606/378/587
f 2613/378/596 2610/378/590 2609/378/636
f 2610/378/590 2612/378/726 2611/378/589
f 2613/378/596 2612/378/726 2610/378/590
f 2613/378/596 2616/378/637 2614/378/755
f 2613/378/596 2614/378/755 2615/378/756
f 2612/378/726 2613/378/596 2615/378/756
f 2609/378/636 2616/378/637 2613/378/596
f 2616/378/637 2617/378/610 2614/378/755
f 2616/378/637 2619/378/638 2617/378/610
f 2619/378/638 2616/378/637 2618/378/633
f 2609/378/636 2618/378/633 2616/378/637
f 2619/378/638 2618/378/633 2620/378/634
f 2622/378/642 2617/378/610 2619/378/638
f 2620/378/634 2621/378/640 2619/378/638
f 2622/378/642 2619/378/638 2621/378/640
f 2626/378/643 2623/378/723 2622/378/642
f 2622/378/642 2623/378/723 2624/378/646
f 2622/378/642 2624/378/646 2625/378/611
f 2625/378/611 2617/378/610 2622/378/642
f 2626/378/643 2622/378/642 2621/378/640
f 2627/378/696 2626/378/643 2621/378/640
f 2626/378/643 2627/378/696 2604/378/583
f 2626/378/643 2604/378/583 2628/378/588
f 2623/378/723 2626/378/643 2628/378/588
f 2623/378/723 2628/378/588 2629/378/692
f 2611/378/589 2629/378/692 2628/378/588
f 2606/378/587 2611/378/589 2628/378/588
f 2606/378/587 2628/378/588 2604/378/583
f 2624/378/646 2623/378/723 2629/378/692
f 2624/378/646 2629/378/692 2630/378/648
f 2631/378/591 2630/378/648 2629/378/692
f 2611/378/589 2631/378/591 2629/378/692
f 2631/378/591 2633/378/601 2630/378/648
f 2611/378/589 2632/378/594 2631/378/591
f 2631/378/591 2632/378/594 2634/378/600
f 2631/378/591 2634/378/600 2633/378/601
f 2632/378/594 2636/378/720 2634/378/600
f 2635/378/602 2633/378/601 2634/378/600
f 2635/378/602 2634/378/600 2572/378/687
f 2636/378/720 2572/378/687 2634/378/600
f 2637/378/598 2573/378/604 2636/378/720
f 2636/378/720 2573/378/604 2572/378/687
f 2614/378/755 2637/378/598 2636/378/720
f 2614/378/755 2636/378/720 2615/378/756
f 2632/378/594 2615/378/756 2636/378/720
f 2637/378/598 2576/378/605 2573/378/604
f 2638/378/757 2576/378/605 2637/378/598
f 2617/378/610 2638/378/757 2637/378/598
f 2617/378/610 2637/378/598 2614/378/755
f 2640/378/609 2639/378/607 2638/378/757
f 2638/378/757 2639/378/607 2576/378/605
f 2625/378/611 2638/378/757 2617/378/610
f 2640/378/609 2638/378/757 2625/378/611
f 2640/378/609 2641/378/612 2642/378/613
f 2625/378/611 2641/378/612 2640/378/609
f 2640/378/609 2642/378/613 2643/378/614
f 2640/378/609 2643/378/614 2644/378/615
f 2640/378/609 2644/378/615 2639/378/607
f 2577/378/617 2644/378/615 2645/378/616
f 2643/378/614 2645/378/616 2644/378/615
f 2577/378/617 2575/378/606 2644/378/615
f 2575/378/606 2639/378/607 2644/378/615
f 2646/378/619 2647/378/618 2645/378/616
f 2643/378/614 2646/378/619 2645/378/616
f 2647/378/618 2577/378/617 2645/378/616
f 2647/378/618 2579/378/625 2577/378/617
f 2584/378/623 2579/378/625 2647/378/618
f 2648/378/620 2584/378/623 2647/378/618
f 2646/378/619 2648/378/620 2647/378/618
f 2648/378/620 2649/378/622 2584/378/623
f 2563/378/557 2649/378/622 2648/378/620
f 2650/378/621 2563/378/557 2648/378/620
f 2650/378/621 2648/378/620 2646/378/619
f 2563/378/557 2650/378/621 2562/378/556
f 2650/378/621 2568/378/562 2562/378/556
f 2650/378/621 2642/378/613 2568/378/562
f 2643/378/614 2642/378/613 2650/378/621
f 2643/378/614 2650/378/621 2646/378/619
f 2649/378/622 2599/378/754 2585/378/626
f 2649/378/622 2585/378/626 2584/378/623
f 2564/378/558 2599/378/754 2649/378/622
f 2563/378/557 2564/378/558 2649/378/622
f 2568/378/562 2642/378/613 2641/378/612
f 2568/378/562 2641/378/612 2651/378/647
f 2651/378/647 2641/378/612 2624/378/646
f 2625/378/611 2624/378/646 2641/378/612
f 2651/378/647 2635/378/602 2569/378/563
f 2651/378/647 2569/378/563 2568/378/562
f 2651/378/647 2624/378/646 2630/378/648
f 2630/378/648 2635/378/602 2651/378/647
f 2575/378/606 2576/378/605 2639/378/607
f 2630/378/648 2633/378/601 2635/378/602
f 2572/378/687 2569/378/563 2635/378/602
f 2611/378/589 2612/378/726 2632/378/594
f 2612/378/726 2615/378/756 2632/378/594
f 2604/378/583 2627/378/696 2602/378/581
f 2652/378/644 2602/378/581 2627/378/696
f 2652/378/644 2627/378/696 2653/378/758
f 2627/378/696 2621/378/640 2653/378/758
f 2620/378/634 2652/378/644 2653/378/758
f 2620/378/634 2653/378/758 2621/378/640
f 2654/378/630 2601/378/580 2652/378/644
f 2620/378/634 2654/378/630 2652/378/644
f 2601/378/580 2602/378/581 2652/378/644
f 2654/378/630 2655/378/759 2601/378/580
f 2656/378/736 2655/378/759 2654/378/630
f 2620/378/634 2656/378/736 2654/378/630
f 2608/378/737 2656/378/736 2618/378/633
f 2620/378/634 2618/378/633 2656/378/736
f 2587/378/628 2656/378/736 2608/378/737
f 2656/378/736 2587/378/628 2655/378/759
f 2599/378/754 2601/378/580 2655/378/759
f 2599/378/754 2655/378/759 2585/378/626
f 2587/378/628 2585/378/626 2655/378/759
f 2608/378/737 2618/378/633 2609/378/636
f 2587/378/628 2608/378/737 2588/378/635
f 2591/378/572 2590/378/585 2596/378/753
f 2591/378/572 2596/378/753 2594/378/573
f 2570/378/561 2581/378/730 2566/378/560
f 2663/378/760 2657/378/459 2658/378/460
f 2659/378/461 2658/378/460 2657/378/459
f 2660/378/462 2659/378/461 2657/378/459
f 2660/378/462 2657/378/459 2661/378/463
f 2662/378/702 2661/378/463 2657/378/459
f 2663/378/760 2662/378/702 2657/378/459
f 2667/378/761 2662/378/702 2663/378/760
f 2664/378/549 2663/378/760 2658/378/460
f 2664/378/549 2665/378/466 2663/378/760
f 2666/378/467 2663/378/760 2665/378/466
f 2666/378/467 2667/378/761 2663/378/760
f 2667/378/761 2668/378/542 2662/378/702
f 2669/378/543 2668/378/542 2667/378/761
f 2669/378/543 2667/378/761 2671/378/762
f 2667/378/761 2666/378/467 2670/378/703
f 2667/378/761 2670/378/703 2671/378/762
f 2674/378/474 2671/378/762 2670/378/703
f 2671/378/762 2673/378/658 2669/378/543
f 2674/378/474 2672/378/472 2671/378/762
f 2671/378/762 2672/378/472 2673/378/658
f 2675/378/473 2674/378/474 2670/378/703
f 2674/378/474 2675/378/473 2676/378/739
f 2674/378/474 2676/378/739 2677/378/475
f 2672/378/472 2674/378/474 2677/378/475
f 2672/378/472 2677/378/475 2678/378/478
f 2679/378/479 2678/378/478 2677/378/475
f 2680/378/480 2679/378/479 2677/378/475
f 2680/378/480 2677/378/475 2676/378/739
f 2680/378/480 2683/378/763 2679/378/479
f 2676/378/739 2681/378/483 2680/378/480
f 2681/378/483 2682/378/486 2680/378/480
f 2680/378/480 2682/378/486 2683/378/763
f 2679/378/479 2683/378/763 2684/378/659
f 2658/378/460 2684/378/659 2683/378/763
f 2658/378/460 2683/378/763 2664/378/549
f 2664/378/549 2683/378/763 2682/378/486
f 2684/378/659 2659/378/461 2685/378/545
f 2659/378/461 2684/378/659 2658/378/460
f 2684/378/659 2685/378/545 2686/378/547
f 2679/378/479 2684/378/659 2686/378/547
f 2685/378/545 2678/378/478 2686/378/547
f 2679/378/479 2686/378/547 2678/378/478
f 2685/378/545 2689/378/711 2687/378/526
f 2685/378/545 2687/378/526 2688/378/477
f 2685/378/545 2688/378/477 2678/378/478
f 2659/378/461 2689/378/711 2685/378/545
f 2689/378/711 2691/378/521 2690/378/524
f 2689/378/711 2690/378/524 2687/378/526
f 2660/378/462 2691/378/521 2689/378/711
f 2659/378/461 2660/378/462 2689/378/711
f 2660/378/462 2692/378/667 2691/378/521
f 2691/378/521 2692/378/667 2693/378/522
f 2691/378/521 2693/378/522 2694/378/710
f 2691/378/521 2694/378/710 2695/378/520
f 2691/378/521 2695/378/520 2690/378/524
f 2696/378/528 2690/378/524 2695/378/520
f 2697/378/764 2696/378/528 2695/378/520
f 2697/378/764 2695/378/520 2698/378/765
f 2695/378/520 2699/378/665 2698/378/765
f 2695/378/520 2694/378/710 2699/378/665
f 2700/378/515 2698/378/765 2699/378/665
f 2694/378/710 2702/378/709 2699/378/665
f 2700/378/515 2699/378/665 2701/378/516
f 2702/378/709 2701/378/516 2699/378/665
f 2703/378/493 2705/378/492 2702/378/709
f 2703/378/493 2702/378/709 2704/378/748
f 2704/378/748 2702/378/709 2693/378/522
f 2694/378/710 2693/378/522 2702/378/709
f 2702/378/709 2705/378/492 2701/378/516
f 2706/378/749 2705/378/492 2703/378/493
f 2705/378/492 2706/378/749 2707/378/490
f 2705/378/492 2707/378/490 2701/378/516
f 2708/378/487 2710/378/513 2707/378/490
f 2708/378/487 2707/378/490 2709/378/484
f 2706/378/749 2709/378/484 2707/378/490
f 2710/378/513 2701/378/516 2707/378/490
f 2712/378/510 2710/378/513 2708/378/487
f 2710/378/513 2700/378/515 2701/378/516
f 2710/378/513 2711/378/514 2700/378/515
f 2710/378/513 2712/378/510 2711/378/514
f 2713/378/512 2711/378/514 2712/378/510
f 2712/378/510 2708/378/487 2715/378/509
f 2713/378/512 2712/378/510 2714/378/511
f 2714/378/511 2712/378/510 2715/378/509
f 2714/378/511 2715/378/509 2716/378/505
f 2715/378/509 2717/378/506 2716/378/505
f 2715/378/509 2718/378/508 2717/378/506
f 2715/378/509 2719/378/482 2718/378/508
f 2715/378/509 2708/378/487 2719/378/482
f 2676/378/739 2719/378/482 2681/378/483
f 2719/378/482 2676/378/739 2675/378/473
f 2719/378/482 2675/378/473 2718/378/508
f 2719/378/482 2709/378/484 2681/378/483
f 2719/378/482 2708/378/487 2709/378/484
f 2718/378/508 2720/378/469 2717/378/506
f 2718/378/508 2675/378/473 2720/378/469
f 2717/378/506 2720/378/469 2721/378/468
f 2666/378/467 2721/378/468 2720/378/469
f 2666/378/467 2720/378/469 2670/378/703
f 2675/378/473 2670/378/703 2720/378/469
f 2721/378/468 2666/378/467 2665/378/466
f 2721/378/468 2665/378/466 2722/378/551
f 2723/378/553 2721/378/468 2722/378/551
f 2723/378/553 2724/378/766 2721/378/468
f 2717/378/506 2721/378/468 2724/378/766
f 2725/378/503 2717/378/506 2724/378/766
f 2726/378/664 2725/378/503 2724/378/766
f 2726/378/664 2724/378/766 2723/378/553
f 2726/378/664 2723/378/553 2727/378/707
f 2726/378/664 2727/378/707 2728/378/663
f 2729/378/499 2726/378/664 2728/378/663
f 2729/378/499 2725/378/503 2726/378/664
f 2729/378/499 2733/378/504 2725/378/503
f 2729/378/499 2728/378/663 2732/378/491
f 2730/378/498 2733/378/504 2729/378/499
f 2730/378/498 2729/378/499 2731/378/497
f 2731/378/497 2729/378/499 2732/378/491
f 2714/378/511 2733/378/504 2730/378/498
f 2733/378/504 2716/378/505 2725/378/503
f 2733/378/504 2714/378/511 2716/378/505
f 2731/378/497 2732/378/491 2703/378/493
f 2734/378/488 2732/378/491 2728/378/663
f 2706/378/749 2703/378/493 2732/378/491
f 2734/378/488 2706/378/749 2732/378/491
f 2734/378/488 2735/378/708 2681/378/483
f 2727/378/707 2735/378/708 2734/378/488
f 2727/378/707 2734/378/488 2728/378/663
f 2734/378/488 2681/378/483 2709/378/484
f 2706/378/749 2734/378/488 2709/378/484
f 2736/378/550 2735/378/708 2727/378/707
f 2736/378/550 2682/378/486 2735/378/708
f 2681/378/483 2735/378/708 2682/378/486
f 2664/378/549 2682/378/486 2736/378/550
f 2736/378/550 2665/378/466 2664/378/549
f 2736/378/550 2722/378/551 2665/378/466
f 2727/378/707 2722/378/551 2736/378/550
f 2737/378/500 2730/378/498 2731/378/497
f 2737/378/500 2731/378/497 2738/378/496
f 2704/378/748 2738/378/496 2731/378/497
f 2704/378/748 2731/378/497 2703/378/493
f 2739/378/533 2737/378/500 2738/378/496
f 2739/378/533 2738/378/496 2740/378/668
f 2741/378/537 2740/378/668 2738/378/496
f 2741/378/537 2738/378/496 2704/378/748
f 2742/378/536 2740/378/668 2741/378/537
f 2704/378/748 2693/378/522 2741/378/537
f 2741/378/537 2693/378/522 2692/378/667
f 2741/378/537 2692/378/667 2742/378/536
f 2742/378/536 2692/378/667 2660/378/462
f 2742/378/536 2660/378/462 2661/378/463
f 2742/378/536 2743/378/538 2740/378/668
f 2744/378/704 2743/378/538 2742/378/536
f 2744/378/704 2742/378/536 2661/378/463
f 2744/378/704 2745/378/534 2743/378/538
f 2662/378/702 2744/378/704 2661/378/463
f 2744/378/704 2746/378/767 2745/378/534
f 2662/378/702 2746/378/767 2744/378/704
f 2747/378/532 2745/378/534 2746/378/767
f 2747/378/532 2746/378/767 2748/378/541
f 2748/378/541 2746/378/767 2668/378/542
f 2662/378/702 2668/378/542 2746/378/767
f 2749/378/544 2747/378/532 2748/378/541
f 2748/378/541 2668/378/542 2669/378/543
f 2669/378/543 2749/378/544 2748/378/541
f 2687/378/526 2749/378/544 2673/378/658
f 2669/378/543 2673/378/658 2749/378/544
f 2690/378/524 2749/378/544 2687/378/526
f 2690/378/524 2750/378/670 2749/378/544
f 2749/378/544 2750/378/670 2747/378/532
f 2750/378/670 2696/378/528 2751/378/715
f 2696/378/528 2750/378/670 2690/378/524
f 2750/378/670 2751/378/715 2747/378/532
f 2737/378/500 2751/378/715 2752/378/745
f 2696/378/528 2752/378/745 2751/378/715
f 2737/378/500 2739/378/533 2751/378/715
f 2739/378/533 2747/378/532 2751/378/715
f 2752/378/745 2697/378/764 2711/378/514
f 2752/378/745 2711/378/514 2713/378/512
f 2730/378/498 2752/378/745 2713/378/512
f 2730/378/498 2737/378/500 2752/378/745
f 2696/378/528 2697/378/764 2752/378/745
f 2739/378/533 2745/378/534 2747/378/532
f 2745/378/534 2740/378/668 2743/378/538
f 2745/378/534 2739/378/533 2740/378/668
f 2714/378/511 2730/378/498 2713/378/512
f 2727/378/707 2723/378/553 2722/378/551
f 2725/378/503 2716/378/505 2717/378/506
f 2711/378/514 2698/378/765 2700/378/515
f 2711/378/514 2697/378/764 2698/378/765
f 2688/378/477 2673/378/658 2672/378/472
f 2687/378/526 2673/378/658 2688/378/477
f 2688/378/477 2672/378/472 2678/378/478
f 2759/378/554 2753/378/555 2754/378/556
f 2755/378/557 2754/378/556 2753/378/555
f 2756/378/768 2755/378/557 2753/378/555
f 2756/378/768 2753/378/555 2757/378/671
f 2758/378/560 2757/378/671 2753/378/555
f 2759/378/554 2758/378/560 2753/378/555
f 2759/378/554 2763/378/568 2758/378/560
f 2760/378/563 2759/378/554 2754/378/556
f 2761/378/564 2759/378/554 2760/378/563
f 2761/378/564 2762/378/769 2759/378/554
f 2759/378/554 2762/378/769 2763/378/568
f 2765/378/569 2763/378/568 2764/378/567
f 2764/378/567 2763/378/568 2762/378/769
f 2765/378/569 2766/378/731 2763/378/568
f 2758/378/560 2763/378/568 2766/378/731
f 2769/378/676 2766/378/731 2767/378/572
f 2768/378/770 2767/378/572 2766/378/731
f 2768/378/770 2766/378/731 2765/378/569
f 2758/378/560 2766/378/731 2769/378/676
f 2769/378/676 2767/378/572 2770/378/573
f 2769/378/676 2770/378/573 2771/378/574
f 2769/378/676 2771/378/574 2757/378/671
f 2758/378/560 2769/378/676 2757/378/671
f 2771/378/574 2772/378/577 2756/378/768
f 2773/378/771 2772/378/577 2771/378/574
f 2771/378/574 2774/378/753 2773/378/771
f 2771/378/574 2756/378/768 2757/378/671
f 2771/378/574 2770/378/573 2774/378/753
f 2773/378/771 2774/378/753 2775/378/725
f 2776/378/585 2775/378/725 2774/378/753
f 2767/378/572 2776/378/585 2774/378/753
f 2767/378/572 2774/378/753 2770/378/573
f 2777/378/724 2776/378/585 2778/378/677
f 2776/378/585 2777/378/724 2775/378/725
f 2776/378/585 2767/378/572 2768/378/770
f 2776/378/585 2768/378/770 2778/378/677
f 2777/378/724 2778/378/677 2780/378/737
f 2779/378/627 2778/378/677 2768/378/770
f 2779/378/627 2781/378/628 2778/378/677
f 2781/378/628 2780/378/737 2778/378/677
f 2781/378/628 2782/378/736 2780/378/737
f 2782/378/736 2781/378/628 2783/378/759
f 2781/378/628 2784/378/626 2783/378/759
f 2781/378/628 2779/378/627 2784/378/626
f 2784/378/626 2779/378/627 2785/378/772
f 2784/378/626 2785/378/772 2786/378/623
f 2789/378/622 2784/378/626 2786/378/623
f 2784/378/626 2787/378/580 2783/378/759
f 2784/378/626 2788/378/680 2787/378/580
f 2789/378/622 2788/378/680 2784/378/626
f 2756/378/768 2788/378/680 2789/378/622
f 2755/378/557 2756/378/768 2789/378/622
f 2755/378/557 2789/378/622 2790/378/620
f 2790/378/620 2789/378/622 2786/378/623
f 2791/378/621 2755/378/557 2790/378/620
f 2790/378/620 2786/378/623 2793/378/618
f 2791/378/621 2790/378/620 2792/378/619
f 2792/378/619 2790/378/620 2793/378/618
f 2792/378/619 2793/378/618 2794/378/616
f 2786/378/623 2796/378/625 2793/378/618
f 2793/378/618 2795/378/617 2794/378/616
f 2793/378/618 2796/378/625 2795/378/617
f 2764/378/567 2796/378/625 2785/378/772
f 2786/378/623 2785/378/772 2796/378/625
f 2797/378/683 2796/378/625 2764/378/567
f 2797/378/683 2795/378/617 2796/378/625
f 2762/378/769 2798/378/565 2797/378/683
f 2764/378/567 2762/378/769 2797/378/683
f 2798/378/565 2795/378/617 2797/378/683
f 2798/378/565 2799/378/606 2795/378/617
f 2762/378/769 2761/378/564 2798/378/565
f 2800/378/605 2799/378/606 2798/378/565
f 2800/378/605 2798/378/565 2801/378/604
f 2761/378/564 2801/378/604 2798/378/565
f 2802/378/598 2800/378/605 2801/378/604
f 2761/378/564 2804/378/687 2801/378/604
f 2802/378/598 2801/378/604 2803/378/599
f 2803/378/599 2801/378/604 2804/378/687
f 2805/378/601 2807/378/600 2804/378/687
f 2805/378/601 2804/378/687 2806/378/602
f 2806/378/602 2804/378/687 2761/378/564
f 2803/378/599 2804/378/687 2807/378/600
f 2808/378/727 2809/378/594 2807/378/600
f 2808/378/727 2807/378/600 2805/378/601
f 2810/378/686 2807/378/600 2809/378/594
f 2810/378/686 2803/378/599 2807/378/600
f 2811/378/592 2810/378/686 2809/378/594
f 2811/378/592 2812/378/773 2810/378/686
f 2812/378/773 2813/378/597 2810/378/686
f 2810/378/686 2813/378/597 2802/378/598
f 2810/378/686 2802/378/598 2803/378/599
f 2814/378/610 2802/378/598 2813/378/597
f 2815/378/637 2814/378/610 2813/378/597
f 2812/378/773 2815/378/637 2813/378/597
f 2815/378/637 2818/378/638 2814/378/610
f 2817/378/636 2815/378/637 2812/378/773
f 2818/378/638 2815/378/637 2816/378/633
f 2817/378/636 2816/378/633 2815/378/637
f 2818/378/638 2816/378/633 2819/378/634
f 2820/378/642 2814/378/610 2818/378/638
f 2819/378/634 2821/378/640 2818/378/638
f 2820/378/642 2818/378/638 2821/378/640
f 2822/378/643 2820/378/642 2821/378/640
f 2823/378/696 2822/378/643 2821/378/640
f 2823/378/696 2821/378/640 2824/378/734
f 2819/378/634 2824/378/734 2821/378/640
f 2826/378/581 2824/378/734 2825/378/644
f 2819/378/634 2825/378/644 2824/378/734
f 2826/378/581 2823/378/696 2824/378/734
f 2787/378/580 2826/378/581 2825/378/644
f 2787/378/580 2829/378/579 2826/378/581
f 2827/378/583 2823/378/696 2826/378/581
f 2827/378/583 2826/378/581 2828/378/582
f 2828/378/582 2826/378/581 2829/378/579
f 2828/378/582 2829/378/579 2773/378/771
f 2788/378/680 2829/378/579 2787/378/580
f 2773/378/771 2829/378/579 2772/378/577
f 2788/378/680 2772/378/577 2829/378/579
f 2775/378/725 2827/378/583 2828/378/582
f 2773/378/771 2775/378/725 2828/378/582
f 2822/378/643 2827/378/583 2830/378/588
f 2831/378/587 2830/378/588 2827/378/583
f 2775/378/725 2831/378/587 2827/378/583
f 2822/378/643 2823/378/696 2827/378/583
f 2777/378/724 2832/378/590 2831/378/587
f 2831/378/587 2832/378/590 2811/378/592
f 2831/378/587 2811/378/592 2833/378/589
f 2831/378/587 2833/378/589 2830/378/588
f 2777/378/724 2831/378/587 2775/378/725
f 2833/378/589 2809/378/594 2808/378/727
f 2833/378/589 2808/378/727 2834/378/692
f 2833/378/589 2834/378/692 2830/378/588
f 2833/378/589 2811/378/592 2809/378/594
f 2835/378/691 2837/378/645 2834/378/692
f 2835/378/691 2834/378/692 2836/378/648
f 2834/378/692 2805/378/601 2836/378/648
f 2834/378/692 2808/378/727 2805/378/601
f 2837/378/645 2830/378/588 2834/378/692
f 2837/378/645 2835/378/691 2838/378/611
f 2837/378/645 2838/378/611 2820/378/642
f 2822/378/643 2837/378/645 2820/378/642
f 2837/378/645 2822/378/643 2830/378/588
f 2839/378/607 2841/378/608 2838/378/611
f 2839/378/607 2838/378/611 2840/378/700
f 2838/378/611 2842/378/690 2840/378/700
f 2838/378/611 2841/378/608 2814/378/610
f 2838/378/611 2835/378/691 2842/378/690
f 2838/378/611 2814/378/610 2820/378/642
f 2843/378/672 2845/378/728 2842/378/690
f 2843/378/672 2842/378/690 2844/378/647
f 2844/378/647 2842/378/690 2835/378/691
f 2840/378/700 2842/378/690 2845/378/728
f 2840/378/700 2845/378/728 2846/378/614
f 2846/378/614 2845/378/728 2791/378/621
f 2791/378/621 2845/378/728 2843/378/672
f 2846/378/614 2791/378/621 2792/378/619
f 2846/378/614 2792/378/619 2794/378/616
f 2846/378/614 2794/378/616 2847/378/615
f 2846/378/614 2847/378/615 2839/378/607
f 2846/378/614 2839/378/607 2840/378/700
f 2795/378/617 2847/378/615 2794/378/616
f 2795/378/617 2799/378/606 2847/378/615
f 2799/378/606 2839/378/607 2847/378/615
f 2836/378/648 2806/378/602 2844/378/647
f 2844/378/647 2806/378/602 2760/378/563
f 2844/378/647 2760/378/563 2843/378/672
f 2844/378/647 2835/378/691 2836/378/648
f 2791/378/621 2843/378/672 2754/378/556
f 2760/378/563 2754/378/556 2843/378/672
f 2841/378/608 2839/378/607 2800/378/605
f 2841/378/608 2800/378/605 2802/378/598
f 2814/378/610 2841/378/608 2802/378/598
f 2799/378/606 2800/378/605 2839/378/607
f 2836/378/648 2805/378/601 2806/378/602
f 2812/378/773 2811/378/592 2832/378/590
f 2812/378/773 2832/378/590 2817/378/636
f 2817/378/636 2832/378/590 2777/378/724
f 2783/378/759 2787/378/580 2825/378/644
f 2783/378/759 2825/378/644 2848/378/630
f 2819/378/634 2848/378/630 2825/378/644
f 2782/378/736 2783/378/759 2848/378/630
f 2819/378/634 2782/378/736 2848/378/630
f 2819/378/634 2816/378/633 2782/378/736
f 2782/378/736 2816/378/633 2817/378/636
f 2782/378/736 2817/378/636 2780/378/737
f 2817/378/636 2777/378/724 2780/378/737
f 2806/378/602 2761/378/564 2760/378/563
f 2755/378/557 2791/378/621 2754/378/556
f 2756/378/768 2772/378/577 2788/378/680
f 2785/378/772 2779/378/627 2768/378/770
f 2785/378/772 2768/378/770 2765/378/569
f 2764/378/567 2785/378/772 2765/378/569
f 2855/378/458 2849/378/459 2850/378/460
f 2851/378/461 2850/378/460 2849/378/459
f 2852/378/462 2851/378/461 2849/378/459
f 2852/378/462 2849/378/459 2853/378/463
f 2854/378/702 2853/378/463 2849/378/459
f 2855/378/458 2854/378/702 2849/378/459
f 2858/378/465 2854/378/702 2855/378/458
f 2856/378/549 2855/378/458 2850/378/460
f 2856/378/549 2857/378/466 2855/378/458
f 2859/378/467 2855/378/458 2857/378/466
f 2859/378/467 2858/378/465 2855/378/458
f 2860/378/468 2859/378/467 2857/378/466
f 2859/378/467 2860/378/468 2861/378/469
f 2859/378/467 2861/378/469 2862/378/470
f 2858/378/465 2859/378/467 2862/378/470
f 2858/378/465 2862/378/470 2863/378/471
f 2864/378/474 2863/378/471 2862/378/470
f 2865/378/473 2864/378/474 2862/378/470
f 2865/378/473 2862/378/470 2861/378/469
f 2868/378/482 2865/378/473 2866/378/774
f 2866/378/774 2865/378/473 2861/378/469
f 2864/378/474 2865/378/473 2867/378/712
f 2868/378/482 2867/378/712 2865/378/473
f 2867/378/712 2868/378/482 2869/378/483
f 2868/378/482 2870/378/484 2869/378/483
f 2868/378/482 2871/378/713 2870/378/484
f 2871/378/713 2868/378/482 2866/378/774
f 2871/378/713 2873/378/775 2872/378/490
f 2871/378/713 2872/378/490 2870/378/484
f 2874/378/776 2873/378/775 2871/378/713
f 2874/378/776 2871/378/713 2875/378/509
f 2871/378/713 2866/378/774 2875/378/509
f 2876/378/511 2874/378/776 2875/378/509
f 2876/378/511 2875/378/509 2878/378/505
f 2875/378/509 2866/378/774 2877/378/506
f 2875/378/509 2877/378/506 2878/378/505
f 2879/378/777 2878/378/505 2877/378/506
f 2880/378/504 2876/378/511 2878/378/505
f 2880/378/504 2878/378/505 2879/378/777
f 2882/378/498 2880/378/504 2881/378/499
f 2881/378/499 2880/378/504 2879/378/777
f 2876/378/511 2880/378/504 2882/378/498
f 2882/378/498 2881/378/499 2883/378/497
f 2884/378/500 2882/378/498 2883/378/497
f 2885/378/512 2882/378/498 2884/378/500
f 2876/378/511 2882/378/498 2885/378/512
f 2886/378/531 2888/378/714 2885/378/512
f 2886/378/531 2885/378/512 2887/378/745
f 2885/378/512 2884/378/500 2887/378/745
f 2885/378/512 2874/378/776 2876/378/511
f 2885/378/512 2888/378/714 2874/378/776
f 2873/378/775 2874/378/776 2888/378/714
f 2889/378/515 2888/378/714 2886/378/531
f 2873/378/775 2888/378/714 2889/378/515
f 2889/378/515 2892/378/765 2890/378/665
f 2889/378/515 2890/378/665 2891/378/516
f 2873/378/775 2889/378/515 2891/378/516
f 2889/378/515 2886/378/531 2892/378/765
f 2892/378/765 2893/378/778 2890/378/665
f 2892/378/765 2894/378/666 2893/378/778
f 2886/378/531 2894/378/666 2892/378/765
f 2886/378/531 2895/378/528 2894/378/666
f 2897/378/521 2893/378/778 2894/378/666
f 2895/378/528 2896/378/524 2894/378/666
f 2897/378/521 2894/378/666 2896/378/524
f 2852/378/462 2898/378/667 2897/378/521
f 2897/378/521 2898/378/667 2899/378/522
f 2897/378/521 2899/378/522 2893/378/778
f 2900/378/525 2897/378/521 2896/378/524
f 2852/378/462 2897/378/521 2900/378/525
f 2900/378/525 2896/378/524 2901/378/526
f 2902/378/545 2900/378/525 2901/378/526
f 2851/378/461 2900/378/525 2902/378/545
f 2851/378/461 2852/378/462 2900/378/525
f 2902/378/545 2901/378/526 2903/378/477
f 2902/378/545 2903/378/477 2906/378/478
f 2904/378/546 2851/378/461 2902/378/545
f 2904/378/546 2902/378/545 2905/378/547
f 2902/378/545 2906/378/478 2905/378/547
f 2907/378/660 2905/378/547 2906/378/478
f 2903/378/477 2909/378/779 2906/378/478
f 2907/378/660 2906/378/478 2908/378/475
f 2906/378/478 2864/378/474 2908/378/475
f 2906/378/478 2909/378/779 2864/378/474
f 2864/378/474 2909/378/779 2863/378/471
f 2903/378/477 2910/378/476 2909/378/779
f 2863/378/471 2909/378/779 2910/378/476
f 2912/378/543 2910/378/476 2911/378/544
f 2901/378/526 2911/378/544 2910/378/476
f 2901/378/526 2910/378/476 2903/378/477
f 2863/378/471 2910/378/476 2912/378/543
f 2912/378/543 2913/378/542 2858/378/465
f 2912/378/543 2858/378/465 2863/378/471
f 2914/378/541 2913/378/542 2912/378/543
f 2912/378/543 2911/378/544 2914/378/541
f 2914/378/541 2915/378/540 2913/378/542
f 2911/378/544 2916/378/532 2914/378/541
f 2916/378/532 2915/378/540 2914/378/541
f 2916/378/532 2920/378/534 2915/378/540
f 2911/378/544 2919/378/527 2916/378/532
f 2917/378/533 2920/378/534 2916/378/532
f 2917/378/533 2916/378/532 2918/378/529
f 2919/378/527 2918/378/529 2916/378/532
f 2920/378/534 2917/378/533 2921/378/668
f 2923/378/539 2915/378/540 2920/378/534
f 2920/378/534 2921/378/668 2922/378/538
f 2923/378/539 2920/378/534 2922/378/538
f 2854/378/702 2915/378/540 2923/378/539
f 2923/378/539 2922/378/538 2924/378/536
f 2923/378/539 2924/378/536 2853/378/463
f 2854/378/702 2923/378/539 2853/378/463
f 2924/378/536 2922/378/538 2921/378/668
f 2924/378/536 2921/378/668 2925/378/537
f 2925/378/537 2898/378/667 2924/378/536
f 2924/378/536 2898/378/667 2852/378/462
f 2924/378/536 2852/378/462 2853/378/463
f 2925/378/537 2921/378/668 2926/378/496
f 2925/378/537 2926/378/496 2927/378/495
f 2927/378/495 2899/378/522 2925/378/537
f 2925/378/537 2899/378/522 2898/378/667
f 2928/378/493 2929/378/709 2927/378/495
f 2926/378/496 2928/378/493 2927/378/495
f 2927/378/495 2929/378/709 2899/378/522
f 2893/378/778 2899/378/522 2929/378/709
f 2893/378/778 2929/378/709 2890/378/665
f 2929/378/709 2930/378/780 2891/378/516
f 2928/378/493 2930/378/780 2929/378/709
f 2929/378/709 2891/378/516 2890/378/665
f 2931/378/749 2930/378/780 2928/378/493
f 2930/378/780 2872/378/490 2891/378/516
f 2930/378/780 2931/378/749 2872/378/490
f 2932/378/488 2931/378/749 2933/378/491
f 2931/378/749 2932/378/488 2870/378/484
f 2931/378/749 2870/378/484 2872/378/490
f 2931/378/749 2928/378/493 2933/378/491
f 2932/378/488 2933/378/491 2934/378/663
f 2881/378/499 2934/378/663 2933/378/491
f 2883/378/497 2881/378/499 2933/378/491
f 2883/378/497 2933/378/491 2928/378/493
f 2935/378/552 2932/378/488 2934/378/663
f 2936/378/501 2935/378/552 2934/378/663
f 2881/378/499 2936/378/501 2934/378/663
f 2936/378/501 2937/378/553 2935/378/552
f 2936/378/501 2938/378/507 2937/378/553
f 2881/378/499 2879/378/777 2936/378/501
f 2936/378/501 2879/378/777 2938/378/507
f 2937/378/553 2938/378/507 2860/378/468
f 2879/378/777 2877/378/506 2938/378/507
f 2877/378/506 2860/378/468 2938/378/507
f 2935/378/552 2937/378/553 2939/378/551
f 2937/378/553 2860/378/468 2939/378/551
f 2935/378/552 2939/378/551 2940/378/662
f 2940/378/662 2939/378/551 2857/378/466
f 2860/378/468 2857/378/466 2939/378/551
f 2940/378/662 2857/378/466 2856/378/549
f 2856/378/549 2941/378/486 2940/378/662
f 2940/378/662 2941/378/486 2942/378/708
f 2940/378/662 2942/378/708 2935/378/552
f 2869/378/483 2942/378/708 2941/378/486
f 2870/378/484 2942/378/708 2869/378/483
f 2870/378/484 2932/378/488 2942/378/708
f 2935/378/552 2942/378/708 2932/378/488
f 2856/378/549 2943/378/548 2941/378/486
f 2944/378/781 2941/378/486 2943/378/548
f 2869/378/483 2941/378/486 2944/378/781
f 2944/378/781 2943/378/548 2907/378/660
f 2867/378/712 2869/378/483 2944/378/781
f 2944/378/781 2908/378/475 2867/378/712
f 2944/378/781 2907/378/660 2908/378/475
f 2907/378/660 2943/378/548 2904/378/546
f 2850/378/460 2904/378/546 2943/378/548
f 2850/378/460 2943/378/548 2856/378/549
f 2926/378/496 2883/378/497 2928/378/493
f 2884/378/500 2883/378/497 2926/378/496
f 2917/378/533 2884/378/500 2926/378/496
f 2917/378/533 2926/378/496 2921/378/668
f 2919/378/527 2895/378/528 2918/378/529
f 2895/378/528 2919/378/527 2896/378/524
f 2896/378/524 2919/378/527 2911/378/544
f 2884/378/500 2917/378/533 2918/378/529
f 2884/378/500 2918/378/529 2887/378/745
f 2895/378/528 2887/378/745 2918/378/529
f 2854/378/702 2913/378/542 2915/378/540
f 2858/378/465 2913/378/542 2854/378/702
f 2896/378/524 2911/378/544 2901/378/526
f 2864/378/474 2867/378/712 2908/378/475
f 2907/378/660 2904/378/546 2905/378/547
f 2851/378/461 2904/378/546 2850/378/460
f 2895/378/528 2886/378/531 2887/378/745
f 2873/378/775 2891/378/516 2872/378/490
f 2866/378/774 2861/378/469 2877/378/506
f 2877/378/506 2861/378/469 2860/378/468
f 2951/378/554 2945/378/555 2946/378/556
f 2947/378/557 2946/378/556 2945/378/555
f 2948/378/558 2947/378/557 2945/378/555
f 2948/378/558 2945/378/555 2949/378/671
f 2950/378/560 2949/378/671 2945/378/555
f 2951/378/554 2950/378/560 2945/378/555
f 2954/378/561 2950/378/560 2951/378/554
f 2952/378/672 2951/378/554 2946/378/556
f 2952/378/672 2953/378/563 2951/378/554
f 2953/378/563 2954/378/561 2951/378/554
f 2956/378/567 2955/378/730 2954/378/561
f 2954/378/561 2955/378/730 2950/378/560
f 2956/378/567 2954/378/561 2957/378/683
f 2954/378/561 2958/378/565 2957/378/683
f 2954/378/561 2959/378/564 2958/378/565
f 2953/378/563 2959/378/564 2954/378/561
f 2959/378/564 2960/378/604 2958/378/565
f 2961/378/602 2959/378/564 2953/378/563
f 2959/378/564 2962/378/603 2960/378/604
f 2961/378/602 2962/378/603 2959/378/564
f 2965/378/601 2962/378/603 2961/378/602
f 2963/378/720 2960/378/604 2962/378/603
f 2963/378/720 2962/378/603 2964/378/600
f 2965/378/601 2964/378/600 2962/378/603
f 2967/378/693 2965/378/601 2966/378/648
f 2966/378/648 2965/378/601 2961/378/602
f 2965/378/601 2967/378/693 2968/378/594
f 2965/378/601 2968/378/594 2964/378/600
f 2968/378/594 2969/378/686 2963/378/720
f 2970/378/592 2969/378/686 2968/378/594
f 2967/378/693 2970/378/592 2968/378/594
f 2968/378/594 2963/378/720 2964/378/600
f 2970/378/592 2971/378/596 2969/378/686
f 2971/378/596 2970/378/592 2972/378/590
f 2972/378/590 2970/378/592 2973/378/589
f 2967/378/693 2973/378/589 2970/378/592
f 2973/378/589 2967/378/693 2974/378/692
f 2973/378/589 2974/378/692 2975/378/588
f 2976/378/587 2973/378/589 2975/378/588
f 2972/378/590 2973/378/589 2976/378/587
f 2976/378/587 2975/378/588 2977/378/583
f 2978/378/725 2976/378/587 2977/378/583
f 2978/378/725 2972/378/590 2976/378/587
f 2978/378/725 2977/378/583 2979/378/582
f 2980/378/771 2978/378/725 2979/378/582
f 2980/378/771 2981/378/753 2978/378/725
f 2981/378/753 2982/378/586 2978/378/725
f 2978/378/725 2982/378/586 2972/378/590
f 2981/378/753 2983/378/585 2982/378/586
f 2982/378/586 2983/378/585 2984/378/635
f 2982/378/586 2984/378/635 2985/378/632
f 2986/378/636 2982/378/586 2985/378/632
f 2986/378/636 2972/378/590 2982/378/586
f 2971/378/596 2972/378/590 2986/378/636
f 2986/378/636 2987/378/637 2971/378/596
f 2986/378/636 2988/378/698 2987/378/637
f 2989/378/736 2988/378/698 2986/378/636
f 2989/378/736 2986/378/636 2985/378/632
f 2990/378/634 2988/378/698 2989/378/736
f 2990/378/634 2989/378/736 2991/378/735
f 2989/378/736 2992/378/699 2991/378/735
f 2989/378/736 2993/378/782 2992/378/699
f 2993/378/782 2989/378/736 2985/378/632
f 2993/378/782 2985/378/632 2984/378/635
f 2995/378/627 2993/378/782 2984/378/635
f 2993/378/782 2994/378/783 2992/378/699
f 2993/378/782 2995/378/627 2994/378/783
f 2995/378/627 2996/378/623 2994/378/783
f 2995/378/627 2984/378/635 2997/378/752
f 2995/378/627 2999/378/624 2996/378/623
f 2998/378/674 2995/378/627 2997/378/752
f 2998/378/674 2999/378/624 2995/378/627
f 2996/378/623 2999/378/624 3000/378/625
f 2956/378/567 2999/378/624 2998/378/674
f 2956/378/567 3000/378/625 2999/378/624
f 2996/378/623 3000/378/625 3001/378/618
f 3001/378/618 3000/378/625 3002/378/682
f 2957/378/683 3002/378/682 3000/378/625
f 2957/378/683 3000/378/625 2956/378/567
f 3004/378/616 3002/378/682 3003/378/606
f 2958/378/565 3003/378/606 3002/378/682
f 2958/378/565 3002/378/682 2957/378/683
f 3001/378/618 3002/378/682 3004/378/616
f 3005/378/619 3001/378/618 3004/378/616
f 3004/378/616 3003/378/606 3007/378/615
f 3006/378/784 3005/378/619 3004/378/616
f 3006/378/784 3004/378/616 3007/378/615
f 3009/378/609 3006/378/784 3007/378/615
f 3003/378/606 3008/378/721 3007/378/615
f 3009/378/609 3007/378/615 3008/378/721
f 3009/378/609 3010/378/612 3012/378/613
f 3011/378/611 3010/378/612 3009/378/609
f 3009/378/609 3013/378/757 3011/378/611
f 3009/378/609 3012/378/613 3006/378/784
f 3009/378/609 3008/378/721 3013/378/757
f 3018/378/597 3014/378/610 3013/378/757
f 3013/378/757 3014/378/610 3015/378/642
f 3013/378/757 3015/378/642 3011/378/611
f 3013/378/757 3008/378/721 3016/378/605
f 3013/378/757 3016/378/605 3017/378/598
f 3018/378/597 3013/378/757 3017/378/598
f 2987/378/637 3014/378/610 3018/378/597
f 2969/378/686 3018/378/597 3017/378/598
f 2971/378/596 3018/378/597 2969/378/686
f 2971/378/596 2987/378/637 3018/378/597
f 3017/378/598 3016/378/605 2960/378/604
f 2969/378/686 3017/378/598 2963/378/720
f 3017/378/598 2960/378/604 2963/378/720
f 3003/378/606 3016/378/605 3008/378/721
f 3016/378/605 2958/378/565 2960/378/604
f 3016/378/605 3003/378/606 2958/378/565
f 3019/378/643 3021/378/723 3015/378/642
f 3019/378/643 3015/378/642 3020/378/640
f 3014/378/610 3020/378/640 3015/378/642
f 3021/378/723 3011/378/611 3015/378/642
f 2966/378/648 3022/378/785 3021/378/723
f 3021/378/723 3022/378/785 3011/378/611
f 2966/378/648 3021/378/723 2974/378/692
f 3021/378/723 2975/378/588 2974/378/692
f 3021/378/723 3019/378/643 2975/378/588
f 3011/378/611 3022/378/785 3010/378/612
f 3023/378/647 3010/378/612 3022/378/785
f 3023/378/647 3022/378/785 2966/378/648
f 3023/378/647 2961/378/602 2953/378/563
f 3023/378/647 2953/378/563 2952/378/672
f 2952/378/672 3010/378/612 3023/378/647
f 2966/378/648 2961/378/602 3023/378/647
f 3024/378/696 3019/378/643 3020/378/640
f 3024/378/696 3020/378/640 3025/378/639
f 3014/378/610 3026/378/738 3020/378/640
f 3026/378/738 3025/378/639 3020/378/640
f 2987/378/637 3026/378/738 3014/378/610
f 3026/378/738 2987/378/637 2988/378/698
f 3026/378/738 2988/378/698 2990/378/634
f 3026/378/738 2990/378/634 3025/378/639
f 2990/378/634 3027/378/644 3025/378/639
f 3027/378/644 3024/378/696 3025/378/639
f 2991/378/735 3028/378/580 3027/378/644
f 2990/378/634 2991/378/735 3027/378/644
f 3028/378/580 3029/378/581 3027/378/644
f 3027/378/644 3029/378/581 3024/378/696
f 2979/378/582 3029/378/581 3030/378/579
f 3028/378/580 3030/378/579 3029/378/581
f 2977/378/583 3024/378/696 3029/378/581
f 2977/378/583 3029/378/581 2979/378/582
f 3031/378/578 3032/378/577 3030/378/579
f 3031/378/578 3030/378/579 3028/378/580
f 2979/378/582 3030/378/579 2980/378/771
f 2980/378/771 3030/378/579 3032/378/577
f 2980/378/771 3032/378/577 3033/378/733
f 3032/378/577 2949/378/671 3033/378/733
f 2948/378/558 3032/378/577 3031/378/578
f 3032/378/577 2948/378/558 2949/378/671
f 3033/378/733 3034/378/573 2981/378/753
f 3033/378/733 2981/378/753 2980/378/771
f 3035/378/676 3033/378/733 2949/378/671
f 3035/378/676 3034/378/573 3033/378/733
f 3035/378/676 3036/378/572 3034/378/573
f 2950/378/560 3035/378/676 2949/378/671
f 3035/378/676 3037/378/570 3036/378/572
f 2955/378/730 3037/378/570 3035/378/676
f 2955/378/730 3035/378/676 2950/378/560
f 3036/378/572 3037/378/570 2998/378/674
f 2998/378/674 3037/378/570 2955/378/730
f 3034/378/573 3036/378/572 2983/378/585
f 2983/378/585 3036/378/572 2997/378/752
f 3036/378/572 2998/378/674 2997/378/752
f 3034/378/573 2983/378/585 2981/378/753
f 2994/378/783 3031/378/578 3028/378/580
f 2996/378/623 3031/378/578 2994/378/783
f 2948/378/558 3031/378/578 3038/378/681
f 2996/378/623 3038/378/681 3031/378/578
f 2947/378/557 2948/378/558 3038/378/681
f 2947/378/557 3038/378/681 3039/378/620
f 3001/378/618 3039/378/620 3038/378/681
f 3001/378/618 3038/378/681 2996/378/623
f 3040/378/786 2947/378/557 3039/378/620
f 3040/378/786 3039/378/620 3005/378/619
f 3005/378/619 3039/378/620 3001/378/618
f 2947/378/557 3040/378/786 2946/378/556
f 2946/378/556 3040/378/786 3012/378/613
f 3006/378/784 3012/378/613 3040/378/786
f 3006/378/784 3040/378/786 3005/378/619
f 2991/378/735 2992/378/699 3028/378/580
f 2994/378/783 3028/378/580 2992/378/699
f 3019/378/643 3024/378/696 2977/378/583
f 3019/378/643 2977/378/583 2975/378/588
f 2946/378/556 3012/378/613 2952/378/672
f 2952/378/672 3012/378/613 3010/378/612
f 2998/378/674 2955/378/730 2956/378/567
f 2983/378/585 2997/378/752 2984/378/635
f 2967/378/693 2966/378/648 2974/378/692
f 3047/378/458 3041/378/459 3042/378/460
f 3043/378/461 3042/378/460 3041/378/459
f 3044/378/462 3043/378/461 3041/378/459
f 3044/378/462 3041/378/459 3045/378/463
f 3046/378/464 3045/378/463 3041/378/459
f 3047/378/458 3046/378/464 3041/378/459
f 3049/378/465 3046/378/464 3047/378/458
f 3048/378/466 3047/378/458 3042/378/460
f 3050/378/467 3047/378/458 3048/378/466
f 3050/378/467 3049/378/465 3047/378/458
f 3051/378/471 3049/378/465 3050/378/467
f 3051/378/471 3050/378/467 3054/378/703
f 3050/378/467 3052/378/468 3053/378/469
f 3052/378/468 3050/378/467 3048/378/466
f 3050/378/467 3053/378/469 3054/378/703
f 3056/378/473 3054/378/703 3053/378/469
f 3054/378/703 3057/378/472 3051/378/471
f 3054/378/703 3055/378/787 3057/378/472
f 3056/378/473 3055/378/787 3054/378/703
f 3060/378/478 3057/378/472 3055/378/787
f 3051/378/471 3057/378/472 3058/378/658
f 3059/378/477 3058/378/658 3057/378/472
f 3059/378/477 3057/378/472 3060/378/478
f 3061/378/547 3059/378/477 3060/378/478
f 3060/378/478 3055/378/787 3063/378/475
f 3062/378/788 3061/378/547 3060/378/478
f 3062/378/788 3060/378/478 3063/378/475
f 3065/378/480 3062/378/788 3063/378/475
f 3055/378/787 3064/378/481 3063/378/475
f 3065/378/480 3063/378/475 3064/378/481
f 3068/378/483 3066/378/486 3065/378/480
f 3065/378/480 3066/378/486 3067/378/548
f 3065/378/480 3067/378/548 3062/378/788
f 3064/378/481 3068/378/483 3065/378/480
f 3071/378/484 3069/378/708 3068/378/483
f 3068/378/483 3069/378/708 3066/378/486
f 3070/378/482 3071/378/484 3068/378/483
f 3064/378/481 3070/378/482 3068/378/483
f 3070/378/482 3073/378/789 3071/378/484
f 3071/378/484 3074/378/790 3069/378/708
f 3075/378/749 3071/378/484 3072/378/490
f 3073/378/789 3072/378/490 3071/378/484
f 3075/378/749 3074/378/790 3071/378/484
f 3074/378/790 3075/378/749 3076/378/491
f 3077/378/492 3075/378/749 3072/378/490
f 3075/378/749 3078/378/493 3076/378/491
f 3075/378/749 3077/378/492 3078/378/493
f 3078/378/493 3077/378/492 3079/378/709
f 3078/378/493 3079/378/709 3081/378/748
f 3080/378/497 3076/378/491 3078/378/493
f 3081/378/748 3080/378/497 3078/378/493
f 3081/378/748 3082/378/496 3080/378/497
f 3081/378/748 3079/378/709 3084/378/522
f 3083/378/537 3082/378/496 3081/378/748
f 3081/378/748 3084/378/522 3083/378/537
f 3085/378/521 3087/378/667 3084/378/522
f 3085/378/521 3084/378/522 3086/378/710
f 3086/378/710 3084/378/522 3079/378/709
f 3083/378/537 3084/378/522 3087/378/667
f 3083/378/537 3087/378/667 3088/378/536
f 3087/378/667 3045/378/463 3088/378/536
f 3044/378/462 3087/378/667 3085/378/521
f 3087/378/667 3044/378/462 3045/378/463
f 3088/378/536 3090/378/791 3089/378/668
f 3088/378/536 3089/378/668 3083/378/537
f 3091/378/539 3088/378/536 3045/378/463
f 3091/378/539 3090/378/791 3088/378/536
f 3091/378/539 3092/378/534 3090/378/791
f 3046/378/464 3091/378/539 3045/378/463
f 3091/378/539 3093/378/540 3092/378/534
f 3046/378/464 3093/378/540 3091/378/539
f 3094/378/532 3092/378/534 3093/378/540
f 3094/378/532 3093/378/540 3095/378/541
f 3095/378/541 3093/378/540 3096/378/747
f 3046/378/464 3096/378/747 3093/378/540
f 3095/378/541 3096/378/747 3097/378/543
f 3097/378/543 3096/378/747 3049/378/465
f 3049/378/465 3096/378/747 3046/378/464
f 3051/378/471 3058/378/658 3097/378/543
f 3097/378/543 3058/378/658 3098/378/544
f 3097/378/543 3098/378/544 3095/378/541
f 3097/378/543 3049/378/465 3051/378/471
f 3100/378/524 3099/378/527 3098/378/544
f 3098/378/544 3099/378/527 3094/378/532
f 3098/378/544 3094/378/532 3095/378/541
f 3100/378/524 3098/378/544 3101/378/526
f 3101/378/526 3098/378/544 3058/378/658
f 3102/378/792 3100/378/524 3101/378/526
f 3101/378/526 3058/378/658 3059/378/477
f 3103/378/545 3102/378/792 3101/378/526
f 3103/378/545 3101/378/526 3059/378/477
f 3104/378/659 3043/378/461 3103/378/545
f 3104/378/659 3103/378/545 3061/378/547
f 3061/378/547 3103/378/545 3059/378/477
f 3043/378/461 3102/378/792 3103/378/545
f 3043/378/461 3104/378/659 3042/378/460
f 3042/378/460 3104/378/659 3067/378/548
f 3062/378/788 3067/378/548 3104/378/659
f 3062/378/788 3104/378/659 3061/378/547
f 3043/378/461 3044/378/462 3102/378/792
f 3044/378/462 3085/378/521 3102/378/792
f 3102/378/792 3085/378/521 3100/378/524
f 3106/378/528 3100/378/524 3105/378/666
f 3085/378/521 3105/378/666 3100/378/524
f 3106/378/528 3099/378/527 3100/378/524
f 3107/378/531 3106/378/528 3105/378/666
f 3106/378/528 3107/378/531 3108/378/530
f 3106/378/528 3108/378/530 3109/378/715
f 3099/378/527 3106/378/528 3109/378/715
f 3110/378/533 3094/378/532 3109/378/715
f 3111/378/500 3110/378/533 3109/378/715
f 3111/378/500 3109/378/715 3108/378/530
f 3099/378/527 3109/378/715 3094/378/532
f 3110/378/533 3111/378/500 3082/378/496
f 3111/378/500 3080/378/497 3082/378/496
f 3112/378/498 3111/378/500 3108/378/530
f 3111/378/500 3112/378/498 3080/378/497
f 3112/378/498 3114/378/706 3113/378/499
f 3112/378/498 3113/378/499 3080/378/497
f 3115/378/511 3114/378/706 3112/378/498
f 3115/378/511 3112/378/498 3116/378/512
f 3112/378/498 3108/378/530 3116/378/512
f 3107/378/531 3117/378/514 3116/378/512
f 3116/378/512 3117/378/514 3118/378/510
f 3116/378/512 3118/378/510 3115/378/511
f 3107/378/531 3116/378/512 3108/378/530
f 3118/378/510 3120/378/513 3073/378/789
f 3118/378/510 3073/378/789 3119/378/509
f 3115/378/511 3118/378/510 3119/378/509
f 3120/378/513 3118/378/510 3117/378/514
f 3120/378/513 3117/378/514 3121/378/515
f 3073/378/789 3120/378/513 3072/378/490
f 3121/378/515 3072/378/490 3120/378/513
f 3121/378/515 3117/378/514 3107/378/531
f 3121/378/515 3107/378/531 3122/378/518
f 3121/378/515 3122/378/518 3123/378/665
f 3121/378/515 3123/378/665 3124/378/516
f 3121/378/515 3124/378/516 3072/378/490
f 3077/378/492 3072/378/490 3124/378/516
f 3123/378/665 3077/378/492 3124/378/516
f 3123/378/665 3079/378/709 3077/378/492
f 3086/378/710 3079/378/709 3123/378/665
f 3122/378/518 3086/378/710 3123/378/665
f 3107/378/531 3105/378/666 3122/378/518
f 3122/378/518 3105/378/666 3086/378/710
f 3119/378/509 3127/378/508 3125/378/506
f 3119/378/509 3125/378/506 3126/378/505
f 3115/378/511 3119/378/509 3126/378/505
f 3073/378/789 3127/378/508 3119/378/509
f 3073/378/789 3070/378/482 3127/378/508
f 3127/378/508 3053/378/469 3125/378/506
f 3127/378/508 3056/378/473 3053/378/469
f 3070/378/482 3056/378/473 3127/378/508
f 3114/378/706 3115/378/511 3126/378/505
f 3114/378/706 3126/378/505 3128/378/503
f 3126/378/505 3129/378/793 3128/378/503
f 3126/378/505 3125/378/506 3129/378/793
f 3130/378/501 3128/378/503 3129/378/793
f 3130/378/501 3129/378/793 3131/378/553
f 3131/378/553 3129/378/793 3052/378/468
f 3125/378/506 3052/378/468 3129/378/793
f 3132/378/502 3130/378/501 3131/378/553
f 3132/378/502 3131/378/553 3133/378/707
f 3133/378/707 3131/378/553 3134/378/551
f 3131/378/553 3052/378/468 3134/378/551
f 3133/378/707 3134/378/551 3135/378/662
f 3135/378/662 3134/378/551 3048/378/466
f 3052/378/468 3048/378/466 3134/378/551
f 3135/378/662 3048/378/466 3136/378/794
f 3136/378/794 3066/378/486 3135/378/662
f 3135/378/662 3066/378/486 3069/378/708
f 3135/378/662 3069/378/708 3133/378/707
f 3136/378/794 3067/378/548 3066/378/486
f 3042/378/460 3067/378/548 3136/378/794
f 3048/378/466 3042/378/460 3136/378/794
f 3133/378/707 3069/378/708 3074/378/790
f 3133/378/707 3074/378/790 3132/378/502
f 3113/378/499 3132/378/502 3076/378/491
f 3074/378/790 3076/378/491 3132/378/502
f 3113/378/499 3130/378/501 3132/378/502
f 3113/378/499 3128/378/503 3130/378/501
f 3113/378/499 3114/378/706 3128/378/503
f 3125/378/506 3053/378/469 3052/378/468
f 3080/378/497 3113/378/499 3076/378/491
f 3092/378/534 3110/378/533 3089/378/668
f 3110/378/533 3092/378/534 3094/378/532
f 3110/378/533 3082/378/496 3089/378/668
f 3085/378/521 3086/378/710 3105/378/666
f 3092/378/534 3089/378/668 3090/378/791
f 3083/378/537 3089/378/668 3082/378/496
f 3070/378/482 3064/378/481 3056/378/473
f 3055/378/787 3056/378/473 3064/378/481
f 3143/378/554 3137/378/555 3138/378/556
f 3139/378/557 3138/378/556 3137/378/555
f 3140/378/558 3139/378/557 3137/378/555
f 3140/378/558 3137/378/555 3141/378/671
f 3142/378/560 3141/378/671 3137/378/555
f 3143/378/554 3142/378/560 3137/378/555
f 3143/378/554 3147/378/568 3142/378/560
f 3144/378/563 3143/378/554 3138/378/556
f 3145/378/564 3143/378/554 3144/378/563
f 3145/378/564 3146/378/769 3143/378/554
f 3143/378/554 3146/378/769 3147/378/568
f 3148/378/567 3147/378/568 3146/378/769
f 3149/378/569 3147/378/568 3148/378/567
f 3149/378/569 3150/378/731 3147/378/568
f 3142/378/560 3147/378/568 3150/378/731
f 3152/378/676 3150/378/731 3151/378/572
f 3151/378/572 3150/378/731 3149/378/569
f 3142/378/560 3150/378/731 3152/378/676
f 3152/378/676 3151/378/572 3153/378/573
f 3152/378/676 3153/378/573 3154/378/733
f 3152/378/676 3154/378/733 3141/378/671
f 3142/378/560 3152/378/676 3141/378/671
f 3154/378/733 3153/378/573 3155/378/753
f 3154/378/733 3155/378/753 3156/378/771
f 3156/378/771 3157/378/577 3154/378/733
f 3157/378/577 3141/378/671 3154/378/733
f 3157/378/577 3140/378/558 3141/378/671
f 3140/378/558 3157/378/577 3158/378/680
f 3158/378/680 3157/378/577 3159/378/579
f 3156/378/771 3159/378/579 3157/378/577
f 3158/378/680 3159/378/579 3160/378/580
f 3160/378/580 3159/378/579 3161/378/581
f 3162/378/582 3161/378/581 3159/378/579
f 3162/378/582 3159/378/579 3156/378/771
f 3164/378/583 3161/378/581 3162/378/582
f 3156/378/771 3163/378/584 3162/378/582
f 3163/378/584 3164/378/583 3162/378/582
f 3165/378/587 3168/378/588 3164/378/583
f 3163/378/584 3165/378/587 3164/378/583
f 3164/378/583 3166/378/696 3161/378/581
f 3167/378/643 3166/378/696 3164/378/583
f 3167/378/643 3164/378/583 3168/378/588
f 3169/378/645 3167/378/643 3168/378/588
f 3169/378/645 3168/378/588 3170/378/692
f 3171/378/589 3170/378/692 3168/378/588
f 3165/378/587 3171/378/589 3168/378/588
f 3171/378/589 3175/378/727 3170/378/692
f 3173/378/590 3171/378/589 3165/378/587
f 3171/378/589 3172/378/592 3174/378/594
f 3173/378/590 3172/378/592 3171/378/589
f 3171/378/589 3174/378/594 3175/378/727
f 3175/378/727 3174/378/594 3176/378/600
f 3175/378/727 3178/378/795 3170/378/692
f 3175/378/727 3176/378/600 3177/378/601
f 3175/378/727 3177/378/601 3178/378/795
f 3178/378/795 3177/378/601 3179/378/602
f 3178/378/795 3179/378/602 3180/378/647
f 3180/378/647 3181/378/785 3178/378/795
f 3178/378/795 3181/378/785 3169/378/645
f 3178/378/795 3169/378/645 3170/378/692
f 3180/378/647 3182/378/612 3181/378/785
f 3183/378/611 3181/378/785 3182/378/612
f 3169/378/645 3181/378/785 3183/378/611
f 3183/378/611 3182/378/612 3184/378/796
f 3185/378/607 3183/378/611 3184/378/796
f 3185/378/607 3186/378/757 3183/378/611
f 3183/378/611 3186/378/757 3187/378/610
f 3183/378/611 3187/378/610 3188/378/642
f 3169/378/645 3183/378/611 3188/378/642
f 3167/378/643 3169/378/645 3188/378/642
f 3167/378/643 3188/378/642 3189/378/640
f 3188/378/642 3190/378/638 3189/378/640
f 3188/378/642 3187/378/610 3190/378/638
f 3190/378/638 3194/378/633 3191/378/634
f 3190/378/638 3191/378/634 3192/378/758
f 3190/378/638 3192/378/758 3189/378/640
f 3193/378/637 3190/378/638 3187/378/610
f 3190/378/638 3193/378/637 3194/378/633
f 3191/378/634 3194/378/633 3195/378/631
f 3195/378/631 3194/378/633 3196/378/636
f 3196/378/636 3194/378/633 3193/378/637
f 3195/378/631 3196/378/636 3197/378/737
f 3196/378/636 3199/378/724 3197/378/737
f 3196/378/636 3173/378/590 3199/378/724
f 3198/378/596 3173/378/590 3196/378/636
f 3196/378/636 3193/378/637 3198/378/596
f 3199/378/724 3173/378/590 3165/378/587
f 3199/378/724 3165/378/587 3163/378/584
f 3200/378/585 3199/378/724 3163/378/584
f 3199/378/724 3200/378/585 3201/378/677
f 3199/378/724 3201/378/677 3197/378/737
f 3204/378/627 3201/378/677 3202/378/752
f 3200/378/585 3202/378/752 3201/378/677
f 3203/378/628 3197/378/737 3201/378/677
f 3204/378/627 3203/378/628 3201/378/677
f 3203/378/628 3204/378/627 3205/378/783
f 3206/378/624 3204/378/627 3202/378/752
f 3205/378/783 3204/378/627 3206/378/624
f 3148/378/567 3207/378/625 3206/378/624
f 3148/378/567 3206/378/624 3149/378/569
f 3206/378/624 3202/378/752 3149/378/569
f 3208/378/623 3206/378/624 3207/378/625
f 3205/378/783 3206/378/624 3208/378/623
f 3208/378/623 3207/378/625 3209/378/618
f 3209/378/618 3210/378/681 3208/378/623
f 3208/378/623 3158/378/680 3205/378/783
f 3208/378/623 3210/378/681 3158/378/680
f 3209/378/618 3211/378/620 3210/378/681
f 3140/378/558 3158/378/680 3210/378/681
f 3139/378/557 3140/378/558 3210/378/681
f 3139/378/557 3210/378/681 3211/378/620
f 3212/378/621 3139/378/557 3211/378/620
f 3211/378/620 3209/378/618 3214/378/616
f 3212/378/621 3211/378/620 3213/378/619
f 3211/378/620 3214/378/616 3213/378/619
f 3215/378/614 3213/378/619 3214/378/616
f 3215/378/614 3214/378/616 3216/378/615
f 3217/378/617 3216/378/615 3214/378/616
f 3209/378/618 3217/378/617 3214/378/616
f 3218/378/606 3217/378/617 3219/378/566
f 3217/378/617 3218/378/606 3216/378/615
f 3219/378/566 3217/378/617 3207/378/625
f 3209/378/618 3207/378/625 3217/378/617
f 3218/378/606 3219/378/566 3220/378/565
f 3146/378/769 3220/378/565 3219/378/566
f 3148/378/567 3146/378/769 3219/378/566
f 3219/378/566 3207/378/625 3148/378/567
f 3221/378/605 3218/378/606 3220/378/565
f 3221/378/605 3220/378/565 3222/378/604
f 3145/378/564 3222/378/604 3220/378/565
f 3146/378/769 3145/378/564 3220/378/565
f 3223/378/598 3221/378/605 3222/378/604
f 3223/378/598 3222/378/604 3224/378/720
f 3224/378/720 3222/378/604 3225/378/687
f 3145/378/564 3225/378/687 3222/378/604
f 3224/378/720 3225/378/687 3176/378/600
f 3179/378/602 3225/378/687 3145/378/564
f 3179/378/602 3176/378/600 3225/378/687
f 3226/378/597 3223/378/598 3224/378/720
f 3226/378/597 3224/378/720 3227/378/686
f 3174/378/594 3224/378/720 3176/378/600
f 3174/378/594 3227/378/686 3224/378/720
f 3198/378/596 3226/378/597 3227/378/686
f 3172/378/592 3198/378/596 3227/378/686
f 3172/378/592 3227/378/686 3174/378/594
f 3193/378/637 3187/378/610 3226/378/597
f 3226/378/597 3187/378/610 3186/378/757
f 3226/378/597 3186/378/757 3223/378/598
f 3198/378/596 3193/378/637 3226/378/597
f 3186/378/757 3221/378/605 3223/378/598
f 3218/378/606 3221/378/605 3185/378/607
f 3186/378/757 3185/378/607 3221/378/605
f 3218/378/606 3185/378/607 3216/378/615
f 3184/378/796 3215/378/614 3216/378/615
f 3184/378/796 3216/378/615 3185/378/607
f 3215/378/614 3228/378/613 3212/378/621
f 3184/378/796 3228/378/613 3215/378/614
f 3215/378/614 3212/378/621 3213/378/619
f 3212/378/621 3228/378/613 3229/378/562
f 3229/378/562 3228/378/613 3182/378/612
f 3184/378/796 3182/378/612 3228/378/613
f 3212/378/621 3229/378/562 3138/378/556
f 3144/378/563 3138/378/556 3229/378/562
f 3180/378/647 3144/378/563 3229/378/562
f 3229/378/562 3182/378/612 3180/378/647
f 3139/378/557 3212/378/621 3138/378/556
f 3158/378/680 3230/378/629 3205/378/783
f 3203/378/628 3205/378/783 3230/378/629
f 3230/378/629 3160/378/580 3232/378/644
f 3158/378/680 3160/378/580 3230/378/629
f 3195/378/631 3203/378/628 3230/378/629
f 3195/378/631 3230/378/629 3231/378/630
f 3230/378/629 3232/378/644 3231/378/630
f 3191/378/634 3231/378/630 3232/378/644
f 3191/378/634 3232/378/644 3192/378/758
f 3161/378/581 3192/378/758 3232/378/644
f 3160/378/580 3161/378/581 3232/378/644
f 3191/378/634 3195/378/631 3231/378/630
f 3203/378/628 3195/378/631 3197/378/737
f 3151/378/572 3149/378/569 3202/378/752
f 3200/378/585 3151/378/572 3202/378/752
f 3200/378/585 3163/378/584 3155/378/753
f 3151/378/572 3200/378/585 3155/378/753
f 3198/378/596 3172/378/592 3173/378/590
f 3161/378/581 3166/378/696 3192/378/758
f 3166/378/696 3189/378/640 3192/378/758
f 3166/378/696 3167/378/643 3189/378/640
f 3180/378/647 3179/378/602 3144/378/563
f 3179/378/602 3145/378/564 3144/378/563
f 3179/378/602 3177/378/601 3176/378/600
f 3156/378/771 3155/378/753 3163/378/584
f 3151/378/572 3155/378/753 3153/378/573
f 3239/378/458 3233/378/459 3234/378/460
f 3235/378/797 3234/378/460 3233/378/459
f 3236/378/462 3235/378/797 3233/378/459
f 3236/378/462 3233/378/459 3237/378/463
f 3238/378/464 3237/378/463 3233/378/459
f 3239/378/458 3238/378/464 3233/378/459
f 3242/378/465 3238/378/464 3239/378/458
f 3240/378/466 3239/378/458 3234/378/460
f 3241/378/467 3239/378/458 3240/378/466
f 3241/378/467 3242/378/465 3239/378/458
f 3242/378/465 3243/378/542 3238/378/464
f 3244/378/543 3243/378/542 3242/378/465
f 3244/378/543 3242/378/465 3245/378/471
f 3245/378/471 3242/378/465 3241/378/467
f 3245/378/471 3246/378/476 3244/378/543
f 3245/378/471 3248/378/472 3246/378/476
f 3245/378/471 3241/378/467 3247/378/703
f 3247/378/703 3248/378/472 3245/378/471
f 3247/378/703 3251/378/787 3248/378/472
f 3249/378/477 3246/378/476 3248/378/472
f 3249/378/477 3248/378/472 3250/378/478
f 3250/378/478 3248/378/472 3251/378/787
f 3250/378/478 3251/378/787 3252/378/475
f 3254/378/473 3251/378/787 3247/378/703
f 3251/378/787 3253/378/712 3252/378/475
f 3251/378/787 3254/378/473 3253/378/712
f 3254/378/473 3247/378/703 3255/378/469
f 3256/378/482 3253/378/712 3254/378/473
f 3257/378/508 3254/378/473 3255/378/469
f 3256/378/482 3254/378/473 3257/378/508
f 3259/378/789 3256/378/482 3257/378/508
f 3257/378/508 3255/378/469 3258/378/506
f 3260/378/509 3257/378/508 3258/378/506
f 3259/378/789 3257/378/508 3260/378/509
f 3260/378/509 3258/378/506 3261/378/505
f 3262/378/511 3260/378/509 3261/378/505
f 3262/378/511 3263/378/510 3260/378/509
f 3263/378/510 3259/378/789 3260/378/509
f 3264/378/512 3263/378/510 3262/378/511
f 3264/378/512 3265/378/714 3263/378/510
f 3266/378/513 3263/378/510 3265/378/714
f 3263/378/510 3266/378/513 3259/378/789
f 3266/378/513 3265/378/714 3267/378/515
f 3259/378/789 3266/378/513 3269/378/490
f 3266/378/513 3267/378/515 3268/378/516
f 3266/378/513 3268/378/516 3269/378/490
f 3259/378/789 3269/378/490 3270/378/484
f 3271/378/798 3270/378/484 3269/378/490
f 3272/378/492 3271/378/798 3269/378/490
f 3272/378/492 3269/378/490 3268/378/516
f 3271/378/798 3272/378/492 3273/378/493
f 3273/378/493 3272/378/492 3274/378/709
f 3275/378/665 3274/378/709 3272/378/492
f 3275/378/665 3272/378/492 3268/378/516
f 3276/378/518 3277/378/710 3275/378/665
f 3267/378/515 3276/378/518 3275/378/665
f 3267/378/515 3275/378/665 3268/378/516
f 3277/378/710 3274/378/709 3275/378/665
f 3276/378/518 3278/378/666 3277/378/710
f 3280/378/521 3277/378/710 3278/378/666
f 3277/378/710 3279/378/522 3274/378/709
f 3280/378/521 3279/378/522 3277/378/710
f 3280/378/521 3281/378/667 3279/378/522
f 3280/378/521 3278/378/666 3283/378/524
f 3236/378/462 3281/378/667 3280/378/521
f 3236/378/462 3280/378/521 3282/378/711
f 3282/378/711 3280/378/521 3283/378/524
f 3282/378/711 3283/378/524 3284/378/526
f 3285/378/527 3284/378/526 3283/378/524
f 3286/378/528 3285/378/527 3283/378/524
f 3286/378/528 3283/378/524 3278/378/666
f 3285/378/527 3286/378/528 3289/378/529
f 3287/378/531 3286/378/528 3278/378/666
f 3286/378/528 3287/378/531 3288/378/530
f 3286/378/528 3288/378/530 3289/378/529
f 3285/378/527 3289/378/529 3290/378/532
f 3291/378/799 3290/378/532 3289/378/529
f 3292/378/500 3291/378/799 3289/378/529
f 3292/378/500 3289/378/529 3288/378/530
f 3264/378/512 3293/378/498 3292/378/500
f 3264/378/512 3292/378/500 3288/378/530
f 3292/378/500 3293/378/498 3294/378/497
f 3292/378/500 3294/378/497 3295/378/496
f 3291/378/799 3292/378/500 3295/378/496
f 3295/378/496 3294/378/497 3273/378/493
f 3295/378/496 3273/378/493 3296/378/748
f 3297/378/537 3295/378/496 3296/378/748
f 3297/378/537 3298/378/668 3295/378/496
f 3291/378/799 3295/378/496 3298/378/668
f 3299/378/536 3298/378/668 3297/378/537
f 3299/378/536 3300/378/538 3298/378/668
f 3301/378/534 3298/378/668 3300/378/538
f 3301/378/534 3291/378/799 3298/378/668
f 3290/378/532 3301/378/534 3302/378/767
f 3303/378/539 3302/378/767 3301/378/534
f 3303/378/539 3301/378/534 3300/378/538
f 3291/378/799 3301/378/534 3290/378/532
f 3303/378/539 3300/378/538 3299/378/536
f 3303/378/539 3299/378/536 3237/378/463
f 3238/378/464 3303/378/539 3237/378/463
f 3238/378/464 3302/378/767 3303/378/539
f 3238/378/464 3243/378/542 3302/378/767
f 3290/378/532 3302/378/767 3304/378/541
f 3304/378/541 3302/378/767 3243/378/542
f 3305/378/544 3290/378/532 3304/378/541
f 3244/378/543 3305/378/544 3304/378/541
f 3304/378/541 3243/378/542 3244/378/543
f 3285/378/527 3305/378/544 3284/378/526
f 3305/378/544 3285/378/527 3290/378/532
f 3284/378/526 3305/378/544 3246/378/476
f 3244/378/543 3246/378/476 3305/378/544
f 3297/378/537 3281/378/667 3299/378/536
f 3299/378/536 3281/378/667 3236/378/462
f 3299/378/536 3236/378/462 3237/378/463
f 3296/378/748 3279/378/522 3297/378/537
f 3297/378/537 3279/378/522 3281/378/667
f 3296/378/748 3274/378/709 3279/378/522
f 3273/378/493 3274/378/709 3296/378/748
f 3294/378/497 3306/378/499 3307/378/491
f 3293/378/498 3306/378/499 3294/378/497
f 3294/378/497 3307/378/491 3273/378/493
f 3271/378/798 3273/378/493 3307/378/491
f 3308/378/488 3271/378/798 3307/378/491
f 3308/378/488 3307/378/491 3309/378/502
f 3306/378/499 3309/378/502 3307/378/491
f 3310/378/707 3308/378/488 3309/378/502
f 3311/378/501 3310/378/707 3309/378/502
f 3306/378/499 3311/378/501 3309/378/502
f 3311/378/501 3314/378/553 3310/378/707
f 3306/378/499 3312/378/503 3311/378/501
f 3311/378/501 3312/378/503 3313/378/507
f 3311/378/501 3313/378/507 3314/378/553
f 3314/378/553 3313/378/507 3315/378/468
f 3314/378/553 3315/378/468 3316/378/551
f 3310/378/707 3314/378/553 3316/378/551
f 3317/378/550 3316/378/551 3240/378/466
f 3315/378/468 3240/378/466 3316/378/551
f 3310/378/707 3316/378/551 3317/378/550
f 3317/378/550 3240/378/466 3318/378/549
f 3318/378/549 3320/378/486 3317/378/550
f 3317/378/550 3319/378/485 3310/378/707
f 3317/378/550 3320/378/486 3319/378/485
f 3322/378/483 3319/378/485 3320/378/486
f 3318/378/549 3321/378/548 3320/378/486
f 3323/378/480 3320/378/486 3321/378/548
f 3322/378/483 3320/378/486 3323/378/480
f 3253/378/712 3322/378/483 3323/378/480
f 3323/378/480 3321/378/548 3324/378/479
f 3323/378/480 3252/378/475 3253/378/712
f 3323/378/480 3324/378/479 3252/378/475
f 3324/378/479 3326/378/547 3250/378/478
f 3324/378/479 3250/378/478 3252/378/475
f 3324/378/479 3321/378/548 3325/378/800
f 3324/378/479 3325/378/800 3326/378/547
f 3325/378/800 3327/378/743 3326/378/547
f 3326/378/547 3249/378/477 3250/378/478
f 3326/378/547 3327/378/743 3249/378/477
f 3325/378/800 3235/378/797 3327/378/743
f 3327/378/743 3284/378/526 3249/378/477
f 3327/378/743 3282/378/711 3284/378/526
f 3235/378/797 3282/378/711 3327/378/743
f 3235/378/797 3325/378/800 3234/378/460
f 3325/378/800 3318/378/549 3234/378/460
f 3325/378/800 3321/378/548 3318/378/549
f 3270/378/484 3319/378/485 3322/378/483
f 3256/378/482 3270/378/484 3322/378/483
f 3253/378/712 3256/378/482 3322/378/483
f 3310/378/707 3319/378/485 3308/378/488
f 3270/378/484 3308/378/488 3319/378/485
f 3240/378/466 3234/378/460 3318/378/549
f 3241/378/467 3315/378/468 3255/378/469
f 3315/378/468 3241/378/467 3240/378/466
f 3258/378/506 3255/378/469 3315/378/468
f 3258/378/506 3315/378/468 3313/378/507
f 3312/378/503 3258/378/506 3313/378/507
f 3328/378/504 3261/378/505 3312/378/503
f 3306/378/499 3328/378/504 3312/378/503
f 3312/378/503 3261/378/505 3258/378/506
f 3293/378/498 3328/378/504 3306/378/499
f 3262/378/511 3328/378/504 3293/378/498
f 3328/378/504 3262/378/511 3261/378/505
f 3271/378/798 3308/378/488 3270/378/484
f 3262/378/511 3293/378/498 3264/378/512
f 3287/378/531 3264/378/512 3288/378/530
f 3287/378/531 3265/378/714 3264/378/512
f 3267/378/515 3265/378/714 3287/378/531
f 3267/378/515 3287/378/531 3276/378/518
f 3287/378/531 3278/378/666 3276/378/518
f 3284/378/526 3246/378/476 3249/378/477
f 3235/378/797 3236/378/462 3282/378/711
f 3256/378/482 3259/378/789 3270/378/484
f 3241/378/467 3255/378/469 3247/378/703
f 3330/378/801 3334/378/802 3329/378/803
f 3330/378/801 3329/378/803 3331/378/804
f 3333/378/805 3332/378/806 3329/378/803
f 3333/378/805 3329/378/803 3334/378/802
f 3334/378/802 3337/378/807 3333/378/805
f 3334/378/802 3330/378/801 3335/378/808
f 3334/378/802 3335/378/808 3336/378/809
f 3334/378/802 3336/378/809 3337/378/807
f 3336/378/809 3338/378/810 3337/378/807
f 3339/378/811 3337/378/807 3338/378/810
f 3340/378/812 3333/378/805 3337/378/807
f 3339/378/811 3340/378/812 3337/378/807
f 3340/378/812 3339/378/811 3341/378/813
f 3340/378/812 3343/378/814 3333/378/805
f 3340/378/812 3341/378/813 3342/378/815
f 3343/378/814 3340/378/812 3342/378/815
f 3343/378/814 3342/378/815 3345/378/816
f 3343/378/814 3332/378/806 3333/378/805
f 3343/378/814 3344/378/817 3332/378/806
f 3345/378/816 3344/378/817 3343/378/814
f 3345/378/816 3346/378/818 3344/378/817
f 3347/378/819 3345/378/816 3342/378/815
f 3348/378/820 3346/378/818 3345/378/816
f 3348/378/820 3345/378/816 3347/378/819
f 3349/378/821 3348/378/820 3347/378/819
f 3349/378/821 3347/378/819 3350/378/822
f 3350/378/822 3351/378/823 3349/378/821
f 3350/378/822 3352/378/824 3351/378/823
f 3331/378/804 3351/378/823 3352/378/824
f 3331/378/804 3352/378/824 3330/378/801
f 3330/378/801 3352/378/824 3353/378/825
f 3354/378/826 3353/378/825 3352/378/824
f 3354/378/826 3352/378/824 3350/378/822
f 3350/378/822 3355/378/827 3354/378/826
f 3354/378/826 3355/378/827 3356/378/828
f 3354/378/826 3356/378/828 3357/378/829
f 3354/378/826 3357/378/829 3358/378/830
f 3354/378/826 3358/378/830 3353/378/825
f 3360/378/831 3353/378/825 3358/378/830
f 3357/378/829 3359/378/832 3358/378/830
f 3361/378/833 3358/378/830 3359/378/832
f 3361/378/833 3360/378/831 3358/378/830
f 3365/378/834 3360/378/831 3361/378/833
f 3362/378/835 3361/378/833 3359/378/832
f 3364/378/836 3361/378/833 3362/378/835
f 3365/378/834 3361/378/833 3363/378/837
f 3364/378/836 3363/378/837 3361/378/833
f 3336/378/809 3360/378/831 3365/378/834
f 3336/378/809 3365/378/834 3338/378/810
f 3363/378/837 3338/378/810 3365/378/834
f 3364/378/836 3366/378/838 3367/378/839
f 3364/378/836 3367/378/839 3363/378/837
f 3339/378/811 3338/378/810 3367/378/839
f 3339/378/811 3367/378/839 3368/378/840
f 3368/378/840 3367/378/839 3366/378/838
f 3363/378/837 3367/378/839 3338/378/810
f 3368/378/840 3369/378/841 3341/378/813
f 3370/378/842 3369/378/841 3368/378/840
f 3368/378/840 3366/378/838 3370/378/842
f 3368/378/840 3341/378/813 3339/378/811
f 3370/378/842 3371/378/843 3369/378/841
f 3372/378/844 3369/378/841 3371/378/843
f 3372/378/844 3373/378/845 3369/378/841
f 3374/378/846 3373/378/845 3372/378/844
f 3374/378/846 3375/378/847 3373/378/845
f 3375/378/847 3374/378/846 3376/378/848
f 3375/378/847 3376/378/848 3359/378/832
f 3362/378/835 3359/378/832 3376/378/848
f 3357/378/829 3375/378/847 3359/378/832
f 3375/378/847 3357/378/829 3356/378/828
f 3375/378/847 3356/378/828 3373/378/845
f 3356/378/828 3369/378/841 3373/378/845
f 3356/378/828 3341/378/813 3369/378/841
f 3336/378/809 3335/378/808 3360/378/831
f 3360/378/831 3335/378/808 3353/378/825
f 3355/378/827 3341/378/813 3356/378/828
f 3347/378/819 3342/378/815 3355/378/827
f 3350/378/822 3347/378/819 3355/378/827
f 3355/378/827 3342/378/815 3341/378/813
f 3330/378/801 3353/378/825 3335/378/808
f 3/1/1 64/70/2 2/2/2
f 4/6/3 1/379/3 2/380/3
f 2/380/3 61/381/3 60/382/3
f 60/382/3 59/383/3 58/384/3
f 58/384/3 53/385/3 52/386/3
f 52/386/3 51/387/3 50/388/3
f 50/388/3 45/389/3 44/390/3
f 44/390/3 43/391/3 42/392/3
f 42/392/3 37/393/3 36/4/3
f 36/4/3 35/394/3 34/395/3
f 34/395/3 29/396/3 28/397/3
f 28/397/3 27/398/3 26/399/3
f 26/399/3 21/400/3 20/5/3
f 20/5/3 19/401/3 18/402/3
f 18/402/3 13/403/3 12/404/3
f 12/404/3 11/405/3 10/406/3
f 10/406/3 5/407/3 4/6/3
f 4/6/3 2/380/3 60/382/3
f 60/382/3 58/384/3 52/386/3
f 52/386/3 50/388/3 44/390/3
f 44/390/3 42/392/3 36/4/3
f 36/4/3 34/395/3 28/397/3
f 28/397/3 26/399/3 20/5/3
f 20/5/3 18/402/3 12/404/3
f 12/404/3 10/406/3 4/6/3
f 4/6/3 60/382/3 52/386/3
f 52/386/3 44/390/3 36/4/3
f 36/4/3 28/397/3 20/5/3
f 20/5/3 12/404/3 4/6/3
f 4/6/3 52/386/3 36/4/3
f 6/7/4 3/408/1 1/8/1
f 7/10/6 6/7/4 4/9/5
f 63/14/7 64/409/7 3/410/7
f 3/410/7 6/411/7 7/412/7
f 7/412/7 8/413/7 9/414/7
f 9/414/7 14/415/7 15/416/7
f 15/416/7 16/417/7 17/418/7
f 17/418/7 22/419/7 23/420/7
f 23/420/7 24/421/7 25/422/7
f 25/422/7 30/423/7 31/12/7
f 31/12/7 32/424/7 33/425/7
f 33/425/7 38/426/7 39/427/7
f 39/427/7 40/428/7 41/429/7
f 41/429/7 46/430/7 47/13/7
f 47/13/7 48/431/7 49/432/7
f 49/432/7 54/433/7 55/434/7
f 55/434/7 56/435/7 57/436/7
f 57/436/7 62/437/7 63/14/7
f 63/14/7 3/410/7 7/412/7
f 7/412/7 9/414/7 15/416/7
f 15/416/7 17/418/7 23/420/7
f 23/420/7 25/422/7 31/12/7
f 31/12/7 33/425/7 39/427/7
f 39/427/7 41/429/7 47/13/7
f 47/13/7 49/432/7 55/434/7
f 55/434/7 57/436/7 63/14/7
f 63/14/7 7/412/7 15/416/7
f 15/416/7 23/420/7 31/12/7
f 31/12/7 39/427/7 47/13/7
f 47/13/7 55/434/7 63/14/7
f 63/14/7 15/416/7 31/12/7
f 8/15/8 7/10/6 5/11/6
f 9/17/10 8/15/8 10/16/9
f 14/19/12 9/17/10 11/18/11
f 15/21/13 14/19/12 12/20/12
f 16/23/14 15/21/13 13/22/13
f 17/25/15 16/23/14 18/24/14
f 22/27/16 17/25/15 19/26/15
f 23/29/18 22/27/16 20/28/17
f 24/31/19 23/29/18 21/30/18
f 25/33/21 24/31/19 26/32/20
f 30/35/22 25/33/21 27/34/21
f 31/37/23 30/35/22 28/36/22
f 32/39/24 31/37/23 29/38/23
f 33/41/26 32/39/24 34/40/25
f 38/43/27 33/41/26 35/42/26
f 39/45/28 38/43/27 36/44/27
f 40/47/29 39/45/28 37/46/28
f 41/49/30 40/47/29 42/48/29
f 46/51/32 41/49/30 43/50/31
f 47/53/34 46/51/32 44/52/33
f 48/55/35 47/53/34 45/54/34
f 49/57/36 48/55/35 50/56/35
f 52/59/37 54/61/39 49/57/36
f 53/60/38 55/63/38 54/61/39
f 58/62/40 56/65/40 55/63/38
f 59/64/41 57/67/43 56/65/40
f 60/66/42 62/438/42 57/67/43
f 63/68/44 62/438/42 60/66/42
f 64/70/2 63/68/44 61/69/44
f 131/439/3 114/75/3 109/440/3
f 109/440/3 108/441/3 107/442/3
f 107/442/3 106/443/3 101/444/3
f 101/444/3 100/445/3 99/446/3
f 99/446/3 98/447/3 93/448/3
f 93/448/3 92/449/3 91/450/3
f 91/450/3 90/451/3 85/452/3
f 85/452/3 84/453/3 83/71/3
f 83/71/3 82/454/3 77/455/3
f 77/455/3 76/456/3 75/457/3
f 75/457/3 74/458/3 69/459/3
f 69/459/3 68/460/3 65/461/3
f 65/461/3 66/462/3 125/463/3
f 125/463/3 124/464/3 123/465/3
f 123/465/3 122/466/3 117/467/3
f 117/467/3 116/74/3 158/468/3
f 117/467/3 158/468/3 140/469/3
f 144/470/3 131/439/3 109/440/3
f 145/471/3 144/470/3 109/440/3
f 123/465/3 117/467/3 140/469/3
f 123/465/3 140/469/3 130/472/3
f 145/471/3 109/440/3 107/442/3
f 143/473/3 145/471/3 107/442/3
f 123/465/3 130/472/3 139/474/3
f 123/465/3 139/474/3 141/475/3
f 143/473/3 107/442/3 101/444/3
f 132/476/3 143/473/3 101/444/3
f 125/463/3 123/465/3 141/475/3
f 125/463/3 141/475/3 138/477/3
f 142/478/3 132/476/3 101/444/3
f 159/479/3 142/478/3 101/444/3
f 65/461/3 125/463/3 138/477/3
f 65/461/3 138/477/3 129/480/3
f 159/479/3 101/444/3 99/446/3
f 151/481/3 159/479/3 99/446/3
f 65/461/3 129/480/3 137/482/3
f 65/461/3 137/482/3 157/483/3
f 151/481/3 99/446/3 93/448/3
f 133/484/3 151/481/3 93/448/3
f 69/459/3 65/461/3 157/483/3
f 69/459/3 157/483/3 155/485/3
f 149/486/3 133/484/3 93/448/3
f 150/487/3 149/486/3 93/448/3
f 75/457/3 69/459/3 155/485/3
f 75/457/3 155/485/3 136/488/3
f 150/487/3 93/448/3 91/450/3
f 148/489/3 150/487/3 91/450/3
f 75/457/3 136/488/3 154/490/3
f 75/457/3 154/490/3 156/491/3
f 148/489/3 91/450/3 85/452/3
f 134/492/3 148/489/3 85/452/3
f 77/455/3 75/457/3 156/491/3
f 77/455/3 156/491/3 153/493/3
f 147/494/3 134/492/3 85/452/3
f 160/73/3 147/494/3 85/452/3
f 83/71/3 77/455/3 153/493/3
f 83/71/3 153/493/3 135/495/3
f 160/73/3 85/452/3 83/71/3
f 83/71/3 135/495/3 152/72/3
f 146/76/3 158/468/3 116/74/3
f 116/74/3 115/496/3 114/75/3
f 114/75/3 131/439/3 146/76/3
f 65/77/1 67/497/1 128/78/45
f 68/80/4 70/84/5 67/81/1
f 69/83/6 71/92/6 70/84/5
f 174/498/7 163/499/7 81/500/7
f 81/500/7 86/501/7 87/502/7
f 87/502/7 88/503/7 89/504/7
f 89/504/7 94/505/7 95/506/7
f 95/506/7 96/507/7 97/85/7
f 97/85/7 102/508/7 103/509/7
f 103/509/7 104/510/7 105/511/7
f 105/511/7 110/512/7 111/513/7
f 111/513/7 112/514/7 113/515/7
f 113/515/7 167/516/7 186/517/7
f 113/515/7 186/517/7 191/518/7
f 174/498/7 81/500/7 87/502/7
f 178/519/7 174/498/7 87/502/7
f 111/513/7 113/515/7 191/518/7
f 111/513/7 191/518/7 182/520/7
f 178/519/7 87/502/7 89/504/7
f 176/521/7 178/519/7 89/504/7
f 105/511/7 111/513/7 182/520/7
f 105/511/7 182/520/7 166/522/7
f 164/523/7 176/521/7 89/504/7
f 177/524/7 164/523/7 89/504/7
f 103/509/7 105/511/7 166/522/7
f 103/509/7 166/522/7 181/525/7
f 177/524/7 89/504/7 95/506/7
f 190/526/7 177/524/7 95/506/7
f 103/509/7 181/525/7 183/527/7
f 103/509/7 183/527/7 180/86/7
f 190/526/7 95/506/7 97/85/7
f 179/528/7 190/526/7 97/85/7
f 97/85/7 103/509/7 180/86/7
f 165/87/7 179/528/7 97/85/7
f 187/529/7 167/516/7 113/515/7
f 113/515/7 118/530/7 119/531/7
f 119/531/7 120/532/7 121/533/7
f 121/533/7 126/534/7 127/535/7
f 127/535/7 128/536/7 67/88/7
f 67/88/7 70/537/7 71/538/7
f 71/538/7 72/539/7 73/540/7
f 73/540/7 78/541/7 79/542/7
f 79/542/7 80/543/7 81/500/7
f 81/500/7 163/499/7 175/544/7
f 81/500/7 175/544/7 189/545/7
f 187/529/7 113/515/7 119/531/7
f 188/546/7 187/529/7 119/531/7
f 79/542/7 81/500/7 189/545/7
f 79/542/7 189/545/7 169/547/7
f 188/546/7 119/531/7 121/533/7
f 185/548/7 188/546/7 121/533/7
f 73/540/7 79/542/7 169/547/7
f 73/540/7 169/547/7 162/549/7
f 168/550/7 185/548/7 121/533/7
f 184/551/7 168/550/7 121/533/7
f 71/538/7 73/540/7 162/549/7
f 71/538/7 162/549/7 170/552/7
f 184/551/7 121/533/7 127/535/7
f 192/553/7 184/551/7 127/535/7
f 71/538/7 170/552/7 173/554/7
f 71/538/7 173/554/7 171/89/7
f 192/553/7 127/535/7 67/88/7
f 172/555/7 192/553/7 67/88/7
f 67/88/7 71/538/7 171/89/7
f 161/90/7 172/555/7 67/88/7
f 74/91/9 72/94/9 71/92/6
f 75/93/11 73/556/10 72/94/9
f 78/95/46 73/556/10 75/93/11
f 79/97/47 78/95/46 76/96/46
f 82/99/14 80/557/14 79/97/47
f 81/100/15 80/557/14 82/99/14
f 86/102/16 81/100/15 83/101/15
f 87/104/18 86/102/16 84/103/16
f 88/106/19 87/104/18 85/105/18
f 91/108/48 89/558/48 88/106/19
f 94/109/22 89/558/48 91/108/48
f 95/111/23 94/109/22 92/110/22
f 96/113/25 95/111/23 93/112/23
f 97/115/26 96/113/25 98/114/25
f 102/117/49 97/115/26 99/116/26
f 103/119/28 102/117/49 100/118/27
f 104/121/29 103/119/28 101/120/28
f 105/123/30 104/121/29 106/122/29
f 110/125/32 105/123/30 107/124/30
f 111/127/34 110/125/32 108/126/32
f 112/129/35 111/127/34 109/128/34
f 113/131/36 112/129/35 114/130/35
f 118/133/37 113/131/36 115/132/36
f 117/135/38 119/137/38 118/133/37
f 122/136/40 120/139/40 119/137/38
f 123/138/43 121/141/43 120/139/40
f 124/140/42 126/559/66 121/141/43
f 127/142/50 126/559/66 124/140/42
f 66/79/2 128/78/45 127/142/50
f 129/144/25 172/206/25 161/145/26
f 157/147/27 137/560/26 161/148/26
f 157/147/27 171/149/27 173/150/28
f 155/151/51 173/150/28 170/152/29
f 170/152/29 162/561/30 154/154/52
f 154/154/52 162/561/30 169/155/33
f 156/156/33 169/155/33 189/157/53
f 189/157/53 175/160/55 135/159/54
f 175/160/55 163/562/36 152/161/36
f 152/161/36 163/562/36 174/162/56
f 160/163/56 174/162/56 178/164/38
f 134/166/40 147/165/38 178/164/38
f 148/168/57 134/166/40 176/167/40
f 148/168/57 164/169/43 177/170/42
f 149/172/44 150/171/42 177/170/42
f 133/174/2 149/172/44 190/173/50
f 165/176/1 151/177/1 133/174/2
f 151/177/1 165/176/1 180/178/4
f 142/180/6 159/179/4 180/178/4
f 132/182/9 142/180/6 183/181/6
f 181/183/9 166/185/10 143/184/10
f 166/185/10 182/187/12 145/186/12
f 182/187/12 191/189/13 144/188/58
f 191/189/13 186/191/59 131/190/59
f 186/191/59 167/194/15 146/192/15
f 158/193/60 146/192/15 167/194/15
f 140/196/62 158/193/60 187/195/61
f 130/198/19 140/196/62 188/197/62
f 139/200/21 130/198/19 185/199/19
f 141/202/22 139/200/21 168/201/48
f 141/202/22 184/203/22 192/204/63
f 138/205/23 192/204/63 172/206/25
f 223/563/3 220/564/3 328/565/3
f 223/563/3 328/565/3 329/566/3
f 230/567/3 225/568/3 223/563/3
f 234/569/3 232/570/3 230/567/3
f 243/209/3 237/571/3 234/569/3
f 246/284/3 245/572/3 243/209/3
f 255/573/3 248/574/3 246/284/3
f 258/575/3 256/576/3 255/573/3
f 266/577/3 260/578/3 258/575/3
f 336/579/3 268/580/3 266/577/3
f 337/581/3 336/579/3 266/577/3
f 266/577/3 258/575/3 255/573/3
f 255/573/3 246/284/3 243/209/3
f 243/209/3 234/569/3 230/567/3
f 230/567/3 223/563/3 329/566/3
f 230/567/3 329/566/3 326/582/3
f 339/583/3 337/581/3 266/577/3
f 348/584/3 339/583/3 266/577/3
f 230/567/3 326/582/3 346/585/3
f 230/567/3 346/585/3 345/586/3
f 348/584/3 266/577/3 255/573/3
f 352/587/3 348/584/3 255/573/3
f 243/209/3 230/567/3 345/586/3
f 243/209/3 345/586/3 351/588/3
f 350/589/3 352/587/3 255/573/3
f 331/590/3 350/589/3 255/573/3
f 243/209/3 351/588/3 334/591/3
f 243/209/3 334/591/3 333/592/3
f 331/590/3 255/573/3 243/209/3
f 332/208/3 331/590/3 243/209/3
f 243/209/3 333/592/3 335/207/3
f 270/593/3 268/580/3 336/579/3
f 270/593/3 336/579/3 338/594/3
f 278/595/3 272/596/3 270/593/3
f 283/597/3 280/598/3 278/595/3
f 195/212/3 284/599/3 283/597/3
f 198/600/3 194/281/3 195/212/3
f 206/601/3 200/282/3 198/600/3
f 210/602/3 208/603/3 206/601/3
f 219/604/3 212/605/3 210/602/3
f 328/565/3 220/564/3 219/604/3
f 330/606/3 328/565/3 219/604/3
f 219/604/3 210/602/3 206/601/3
f 206/601/3 198/600/3 195/212/3
f 195/212/3 283/597/3 278/595/3
f 278/595/3 270/593/3 338/594/3
f 278/595/3 338/594/3 340/607/3
f 327/608/3 330/606/3 219/604/3
f 347/609/3 327/608/3 219/604/3
f 278/595/3 340/607/3 349/610/3
f 278/595/3 349/610/3 341/611/3
f 347/609/3 219/604/3 206/601/3
f 344/612/3 347/609/3 206/601/3
f 195/212/3 278/595/3 341/611/3
f 195/212/3 341/611/3 342/613/3
f 343/614/3 344/612/3 206/601/3
f 324/615/3 343/614/3 206/601/3
f 195/212/3 342/613/3 321/616/3
f 195/212/3 321/616/3 322/617/3
f 324/615/3 206/601/3 195/212/3
f 323/211/3 324/615/3 195/212/3
f 195/212/3 322/617/3 325/210/3
f 197/213/1 288/279/2 195/214/2
f 202/216/5 197/618/1 194/217/1
f 203/219/6 202/216/5 198/218/5
f 308/619/7 320/620/7 217/621/7
f 217/621/7 226/622/7 227/623/7
f 227/623/7 228/624/7 229/625/7
f 229/625/7 238/626/7 239/627/7
f 239/627/7 240/628/7 241/223/7
f 241/223/7 250/629/7 251/630/7
f 251/630/7 252/631/7 253/632/7
f 253/632/7 262/633/7 263/634/7
f 263/634/7 264/635/7 265/636/7
f 265/636/7 317/637/7 296/638/7
f 265/636/7 296/638/7 298/639/7
f 253/632/7 263/634/7 265/636/7
f 241/223/7 251/630/7 253/632/7
f 229/625/7 239/627/7 241/223/7
f 217/621/7 227/623/7 229/625/7
f 306/640/7 308/619/7 217/621/7
f 306/640/7 217/621/7 229/625/7
f 253/632/7 265/636/7 298/639/7
f 253/632/7 298/639/7 297/641/7
f 307/642/7 306/640/7 229/625/7
f 309/643/7 307/642/7 229/625/7
f 253/632/7 297/641/7 302/644/7
f 253/632/7 302/644/7 299/645/7
f 304/646/7 309/643/7 229/625/7
f 305/647/7 304/646/7 229/625/7
f 253/632/7 299/645/7 301/648/7
f 241/223/7 253/632/7 301/648/7
f 305/647/7 229/625/7 241/223/7
f 303/649/7 305/647/7 241/223/7
f 241/223/7 301/648/7 300/221/7
f 319/222/7 303/649/7 241/223/7
f 289/650/7 317/637/7 265/636/7
f 265/636/7 274/651/7 275/652/7
f 275/652/7 276/653/7 277/654/7
f 277/654/7 286/655/7 287/656/7
f 287/656/7 288/657/7 197/226/7
f 197/226/7 202/658/7 203/659/7
f 203/659/7 204/660/7 205/661/7
f 205/661/7 214/662/7 215/663/7
f 215/663/7 216/664/7 217/621/7
f 217/621/7 320/620/7 315/665/7
f 217/621/7 315/665/7 316/666/7
f 205/661/7 215/663/7 217/621/7
f 197/226/7 203/659/7 205/661/7
f 277/654/7 287/656/7 197/226/7
f 265/636/7 275/652/7 277/654/7
f 291/667/7 289/650/7 265/636/7
f 291/667/7 265/636/7 277/654/7
f 205/661/7 217/621/7 316/666/7
f 205/661/7 316/666/7 313/668/7
f 290/669/7 291/667/7 277/654/7
f 293/670/7 290/669/7 277/654/7
f 205/661/7 313/668/7 314/671/7
f 205/661/7 314/671/7 311/672/7
f 292/673/7 293/670/7 277/654/7
f 295/674/7 292/673/7 277/654/7
f 205/661/7 311/672/7 312/675/7
f 197/226/7 205/661/7 312/675/7
f 295/674/7 277/654/7 197/226/7
f 294/676/7 295/674/7 197/226/7
f 197/226/7 312/675/7 310/224/7
f 318/225/7 294/676/7 197/226/7
f 204/227/9 203/219/6 200/220/6
f 205/229/10 204/227/9 206/228/9
f 214/231/46 205/229/10 208/230/10
f 212/233/13 215/677/13 214/231/46
f 216/234/14 215/677/13 212/233/13
f 220/236/15 217/238/15 216/234/14
f 223/237/16 226/678/16 217/238/15
f 227/239/18 226/678/16 223/237/16
f 230/241/19 228/243/20 227/239/18
f 232/242/48 229/245/21 228/243/20
f 234/244/22 238/247/22 229/245/21
f 237/246/23 239/249/23 238/247/22
f 243/248/25 240/679/25 239/249/23
f 241/250/26 240/679/25 243/248/25
f 250/252/27 241/250/26 245/251/26
f 251/254/51 250/252/27 246/253/27
f 255/256/64 252/258/64 251/254/51
f 256/257/31 253/680/30 252/258/64
f 262/259/32 253/680/30 256/257/31
f 263/261/34 262/259/32 258/260/32
f 264/263/35 263/261/34 260/262/34
f 265/265/36 264/263/35 266/264/65
f 274/267/37 265/265/36 268/266/36
f 275/269/38 274/267/37 270/268/37
f 276/271/40 275/269/38 272/270/38
f 277/273/43 276/271/40 278/272/40
f 286/275/66 277/273/43 280/274/43
f 287/277/44 286/275/66 283/276/42
f 288/279/2 287/277/44 284/278/44
f 221/564/7 222/563/7 355/681/7
f 221/564/7 355/681/7 367/682/7
f 213/605/7 218/604/7 221/564/7
f 209/603/7 211/602/7 213/605/7
f 201/282/7 207/601/7 209/603/7
f 193/281/7 199/600/7 201/282/7
f 285/599/7 196/212/7 193/281/7
f 281/598/7 282/597/7 285/599/7
f 273/596/7 279/595/7 281/598/7
f 359/683/7 271/593/7 273/596/7
f 380/684/7 359/683/7 273/596/7
f 213/605/7 221/564/7 367/682/7
f 213/605/7 367/682/7 368/685/7
f 380/684/7 273/596/7 281/598/7
f 383/686/7 380/684/7 281/598/7
f 213/605/7 368/685/7 369/687/7
f 213/605/7 369/687/7 356/688/7
f 371/689/7 383/686/7 281/598/7
f 358/690/7 371/689/7 281/598/7
f 209/603/7 213/605/7 356/688/7
f 209/603/7 356/688/7 366/691/7
f 358/690/7 281/598/7 285/599/7
f 372/692/7 358/690/7 285/599/7
f 201/282/7 209/603/7 366/691/7
f 201/282/7 366/691/7 384/693/7
f 372/692/7 285/599/7 193/281/7
f 375/694/7 372/692/7 193/281/7
f 201/282/7 384/693/7 374/695/7
f 201/282/7 374/695/7 357/696/7
f 373/280/7 375/694/7 193/281/7
f 201/282/7 357/696/7 373/280/7
f 271/593/7 359/683/7 377/697/7
f 271/593/7 377/697/7 376/698/7
f 267/577/7 269/580/7 271/593/7
f 259/575/7 261/578/7 267/577/7
f 254/573/7 257/576/7 259/575/7
f 247/284/7 249/574/7 254/573/7
f 242/209/7 244/572/7 247/284/7
f 235/569/7 236/571/7 242/209/7
f 231/567/7 233/570/7 235/569/7
f 222/563/7 224/568/7 231/567/7
f 370/699/7 355/681/7 222/563/7
f 382/700/7 370/699/7 222/563/7
f 267/577/7 271/593/7 376/698/7
f 267/577/7 376/698/7 378/701/7
f 382/700/7 222/563/7 231/567/7
f 364/702/7 382/700/7 231/567/7
f 259/575/7 267/577/7 378/701/7
f 259/575/7 378/701/7 360/703/7
f 364/702/7 231/567/7 235/569/7
f 354/704/7 364/702/7 235/569/7
f 254/573/7 259/575/7 360/703/7
f 254/573/7 360/703/7 379/705/7
f 354/704/7 235/569/7 242/209/7
f 363/706/7 354/704/7 242/209/7
f 254/573/7 379/705/7 381/707/7
f 254/573/7 381/707/7 361/708/7
f 365/709/7 363/706/7 242/209/7
f 362/710/7 365/709/7 242/209/7
f 247/284/7 254/573/7 361/708/7
f 353/283/7 362/710/7 242/209/7
f 247/284/7 361/708/7 353/283/7
f 294/285/24 318/711/26 193/215/26
f 318/286/26 310/287/27 199/218/27
f 310/287/27 312/289/51 201/220/51
f 311/288/29 207/228/29 201/220/51
f 314/290/30 209/230/52 207/228/29
f 313/291/32 211/232/32 209/230/52
f 313/291/32 316/292/53 213/233/34
f 316/292/53 315/293/55 218/235/55
f 315/293/55 320/294/36 221/236/36
f 320/294/36 308/296/56 222/237/67
f 306/295/38 224/240/68 222/237/67
f 307/297/40 231/241/69 224/240/68
f 309/298/57 233/242/43 231/241/69
f 304/299/42 235/244/42 233/242/43
f 305/300/50 236/246/44 235/244/42
f 303/301/2 242/248/45 236/246/44
f 319/302/1 244/251/1 242/248/45
f 300/303/4 247/253/4 244/251/1
f 300/303/4 301/304/6 249/255/70
f 301/304/6 299/306/9 254/256/9
f 302/305/71 257/257/10 254/256/9
f 302/305/71 297/307/46 259/260/12
f 297/307/46 298/308/58 261/262/13
f 298/308/58 296/309/59 267/264/59
f 296/309/59 317/310/15 269/266/15
f 317/310/15 289/312/60 271/268/61
f 291/311/18 273/270/18 271/268/61
f 291/311/18 290/313/19 279/272/20
f 290/313/19 293/315/48 281/274/21
f 292/314/22 282/276/22 281/274/21
f 295/316/63 285/278/63 282/276/22
f 295/316/63 294/285/24 196/214/25
f 322/317/25 375/712/25 373/318/26
f 325/320/26 373/713/26 357/321/27
f 357/321/27 374/325/51 324/323/51
f 384/324/29 343/327/29 324/323/51
f 384/324/29 366/328/52 344/326/30
f 366/328/52 356/331/33 347/329/33
f 327/330/34 347/329/33 356/331/33
f 368/333/55 330/335/55 327/330/34
f 367/334/36 328/336/36 330/335/55
f 328/336/36 367/334/36 355/337/67
f 355/337/67 370/340/73 326/339/68
f 370/340/73 382/714/40 346/341/40
f 346/341/40 382/714/40 364/342/57
f 345/343/57 364/342/57 354/344/42
f 351/345/42 354/344/42 363/346/44
f 365/348/2 333/350/2 334/347/50
f 362/349/1 335/352/1 333/350/2
f 353/351/4 332/354/5 335/352/1
f 361/353/6 331/355/6 332/354/5
f 331/355/6 361/353/6 381/356/9
f 379/358/10 352/360/10 350/357/9
f 379/358/10 360/361/46 348/359/46
f 360/361/46 378/715/13 339/362/13
f 339/362/13 378/715/13 376/363/14
f 337/364/74 376/363/14 377/365/15
f 377/365/15 359/716/60 338/367/60
f 338/367/60 359/716/60 380/368/75
f 380/368/75 383/371/19 349/370/20
f 383/371/19 371/373/76 341/372/21
f 371/373/76 358/375/22 342/374/22
f 358/375/22 372/377/23 321/376/23
f 372/377/23 375/712/25 322/317/25
