# Blender 4.4.1
# www.blender.org
mtllib yen.mtl
o Text.002
v 0.012265 -0.039037 0.050000
v 0.144403 -0.039037 0.050000
v 0.142316 -0.062901 0.050000
v 0.007851 -0.062901 0.050000
v -0.004070 -0.120857 0.050000
v -0.006671 -0.130116 0.050000
v -0.008446 -0.138689 0.050000
v -0.009690 -0.146575 0.050000
v -0.010544 -0.153775 0.050000
v -0.011090 -0.160288 0.050000
v -0.011382 -0.166114 0.050000
v -0.011460 -0.171254 0.050000
v -0.011354 -0.175707 0.050000
v -0.011087 -0.179474 0.050000
v -0.010677 -0.182554 0.050000
v -0.010136 -0.184947 0.050000
v -0.009476 -0.186654 0.050000
v -0.008720 -0.187983 0.050000
v -0.007889 -0.189240 0.050000
v -0.006996 -0.190426 0.050000
v -0.006031 -0.191541 0.050000
v -0.004991 -0.192585 0.050000
v -0.003878 -0.193558 0.050000
v -0.002691 -0.194460 0.050000
v -0.001430 -0.195291 0.050000
v -0.000095 -0.196051 0.050000
v 0.001308 -0.196740 0.050000
v 0.002765 -0.197358 0.050000
v 0.004296 -0.197905 0.050000
v 0.006145 -0.198463 0.050000
v 0.008220 -0.199003 0.050000
v 0.010525 -0.199524 0.050000
v 0.013022 -0.200026 0.050000
v 0.015738 -0.200509 0.050000
v 0.018688 -0.200973 0.050000
v 0.021875 -0.201418 0.050000
v 0.025240 -0.201844 0.050000
v 0.029334 -0.202251 0.050000
v 0.034542 -0.202640 0.050000
v 0.039129 -0.203009 0.050000
v 0.043674 -0.203359 0.050000
v 0.044576 -0.203421 0.050000
v 0.045396 -0.203606 0.050000
v 0.046133 -0.203913 0.050000
v 0.046790 -0.204344 0.050000
v 0.047365 -0.204898 0.050000
v 0.047858 -0.205575 0.050000
v 0.048268 -0.206376 0.050000
v 0.048605 -0.207299 0.050000
v 0.048873 -0.208345 0.050000
v 0.049060 -0.209515 0.050000
v 0.049171 -0.210807 0.050000
v 0.049208 -0.212223 0.050000
v 0.049169 -0.213585 0.050000
v 0.049055 -0.214827 0.050000
v 0.048866 -0.215952 0.050000
v 0.048600 -0.216958 0.050000
v 0.048259 -0.217846 0.050000
v 0.047843 -0.218615 0.050000
v 0.047350 -0.219266 0.050000
v 0.046782 -0.219799 0.050000
v 0.046138 -0.220213 0.050000
v 0.045418 -0.220509 0.050000
v 0.044623 -0.220687 0.050000
v 0.043752 -0.220746 0.050000
v 0.030674 -0.220419 0.050000
v 0.018713 -0.220121 0.050000
v 0.007870 -0.219851 0.050000
v -0.001855 -0.219610 0.050000
v -0.010464 -0.219397 0.050000
v -0.017954 -0.219212 0.050000
v -0.024328 -0.219056 0.050000
v -0.029583 -0.218928 0.050000
v -0.033722 -0.218828 0.050000
v -0.036743 -0.218757 0.050000
v -0.038646 -0.218715 0.050000
v -0.039432 -0.218701 0.050000
v -0.040531 -0.218715 0.050000
v -0.042690 -0.218757 0.050000
v -0.045910 -0.218828 0.050000
v -0.050190 -0.218928 0.050000
v -0.055531 -0.219056 0.050000
v -0.061933 -0.219212 0.050000
v -0.069395 -0.219397 0.050000
v -0.077918 -0.219610 0.050000
v -0.087502 -0.219851 0.050000
v -0.098146 -0.220121 0.050000
v -0.109851 -0.220419 0.050000
v -0.122620 -0.220746 0.050000
v -0.123487 -0.220687 0.050000
v -0.124283 -0.220509 0.050000
v -0.125003 -0.220213 0.050000
v -0.125647 -0.219799 0.050000
v -0.126215 -0.219266 0.050000
v -0.126707 -0.218615 0.050000
v -0.127124 -0.217846 0.050000
v -0.127465 -0.216958 0.050000
v -0.127730 -0.215952 0.050000
v -0.127919 -0.214827 0.050000
v -0.128033 -0.213585 0.050000
v -0.128071 -0.212223 0.050000
v -0.128033 -0.210807 0.050000
v -0.127919 -0.209515 0.050000
v -0.127729 -0.208345 0.050000
v -0.127463 -0.207299 0.050000
v -0.127120 -0.206376 0.050000
v -0.126702 -0.205575 0.050000
v -0.126211 -0.204898 0.050000
v -0.125651 -0.204344 0.050000
v -0.125020 -0.203913 0.050000
v -0.124319 -0.203606 0.050000
v -0.123549 -0.203421 0.050000
v -0.122710 -0.203359 0.050000
v -0.118549 -0.203004 0.050000
v -0.114980 -0.202621 0.050000
v -0.112758 -0.202209 0.050000
v -0.108997 -0.201768 0.050000
v -0.105533 -0.201300 0.050000
v -0.102337 -0.200802 0.050000
v -0.099378 -0.200277 0.050000
v -0.096659 -0.199723 0.050000
v -0.094220 -0.199141 0.050000
v -0.092035 -0.198530 0.050000
v -0.090095 -0.197890 0.050000
v -0.088404 -0.197223 0.050000
v -0.087150 -0.196681 0.050000
v -0.085938 -0.196077 0.050000
v -0.084787 -0.195412 0.050000
v -0.083677 -0.194685 0.050000
v -0.082609 -0.193897 0.050000
v -0.081582 -0.193047 0.050000
v -0.080596 -0.192135 0.050000
v -0.079652 -0.191162 0.050000
v -0.078747 -0.190127 0.050000
v -0.077884 -0.189031 0.050000
v -0.077061 -0.187874 0.050000
v -0.075415 -0.186654 0.050000
v -0.073636 -0.183539 0.050000
v -0.071209 -0.179874 0.050000
v -0.069115 -0.175660 0.050000
v -0.067521 -0.170896 0.050000
v -0.065594 -0.165584 0.050000
v -0.064406 -0.159722 0.050000
v -0.062898 -0.153311 0.050000
v -0.061296 -0.146350 0.050000
v -0.059531 -0.138841 0.050000
v -0.057696 -0.130782 0.050000
v -0.055777 -0.122174 0.050000
v -0.054092 -0.113016 0.050000
v -0.045337 -0.062901 0.050000
v -0.172356 -0.062901 0.050000
v -0.170377 -0.039037 0.050000
v -0.040924 -0.039037 0.050000
v -0.038697 -0.023696 0.050000
v -0.036515 0.002555 0.050000
v -0.043006 0.026419 0.050000
v -0.160963 0.026419 0.050000
v -0.160963 0.050283 0.050000
v -0.053915 0.050283 0.050000
v -0.103991 0.169946 0.050000
v -0.107539 0.178535 0.050000
v -0.110989 0.186461 0.050000
v -0.114282 0.193725 0.050000
v -0.117378 0.200325 0.050000
v -0.120242 0.206263 0.050000
v -0.122857 0.211538 0.050000
v -0.125209 0.216149 0.050000
v -0.127274 0.220098 0.050000
v -0.129050 0.223384 0.050000
v -0.130530 0.226008 0.050000
v -0.131697 0.227968 0.050000
v -0.132554 0.229265 0.050000
v -0.134637 0.231839 0.050000
v -0.136881 0.234218 0.050000
v -0.139279 0.236403 0.050000
v -0.141843 0.238394 0.050000
v -0.144555 0.240191 0.050000
v -0.147427 0.241794 0.050000
v -0.150453 0.243203 0.050000
v -0.153628 0.244417 0.050000
v -0.156965 0.245438 0.050000
v -0.160440 0.246264 0.050000
v -0.164037 0.246896 0.050000
v -0.167789 0.247334 0.050000
v -0.168761 0.247500 0.050000
v -0.169648 0.247770 0.050000
v -0.170450 0.248144 0.050000
v -0.171166 0.248622 0.050000
v -0.171797 0.249204 0.050000
v -0.172342 0.249891 0.050000
v -0.172802 0.250682 0.050000
v -0.173176 0.251576 0.050000
v -0.173465 0.252576 0.050000
v -0.173670 0.253679 0.050000
v -0.173790 0.254886 0.050000
v -0.173826 0.256198 0.050000
v -0.173778 0.257668 0.050000
v -0.173647 0.259010 0.050000
v -0.173433 0.260225 0.050000
v -0.173135 0.261312 0.050000
v -0.172752 0.262270 0.050000
v -0.172283 0.263101 0.050000
v -0.171729 0.263805 0.050000
v -0.171090 0.264380 0.050000
v -0.170365 0.264827 0.050000
v -0.169556 0.265147 0.050000
v -0.168661 0.265339 0.050000
v -0.167680 0.265403 0.050000
v -0.159458 0.265076 0.050000
v -0.151724 0.264778 0.050000
v -0.144477 0.264508 0.050000
v -0.137718 0.264266 0.050000
v -0.131446 0.264053 0.050000
v -0.125662 0.263868 0.050000
v -0.120366 0.263712 0.050000
v -0.115558 0.263584 0.050000
v -0.111237 0.263485 0.050000
v -0.107404 0.263414 0.050000
v -0.104059 0.263371 0.050000
v -0.101202 0.263357 0.050000
v -0.099843 0.263371 0.050000
v -0.097584 0.263414 0.050000
v -0.094426 0.263485 0.050000
v -0.090368 0.263584 0.050000
v -0.085410 0.263712 0.050000
v -0.079553 0.263868 0.050000
v -0.072796 0.264053 0.050000
v -0.065140 0.264266 0.050000
v -0.056584 0.264508 0.050000
v -0.047128 0.264778 0.050000
v -0.036773 0.265076 0.050000
v -0.025518 0.265403 0.050000
v -0.024755 0.265343 0.050000
v -0.024059 0.265166 0.050000
v -0.023430 0.264870 0.050000
v -0.022866 0.264456 0.050000
v -0.022369 0.263923 0.050000
v -0.021938 0.263272 0.050000
v -0.021574 0.262502 0.050000
v -0.021275 0.261615 0.050000
v -0.021043 0.260608 0.050000
v -0.020878 0.259484 0.050000
v -0.020779 0.258241 0.050000
v -0.020749 0.256880 0.050000
v -0.020787 0.255511 0.050000
v -0.020892 0.254247 0.050000
v -0.021066 0.253087 0.050000
v -0.021306 0.252031 0.050000
v -0.021612 0.251079 0.050000
v -0.021985 0.250232 0.050000
v -0.022425 0.249488 0.050000
v -0.022930 0.248849 0.050000
v -0.023501 0.248314 0.050000
v -0.024138 0.247883 0.050000
v -0.024841 0.247556 0.050000
v -0.025610 0.247334 0.050000
v -0.029623 0.247024 0.050000
v -0.033428 0.246662 0.050000
v -0.036983 0.246247 0.050000
v -0.040311 0.245781 0.050000
v -0.043408 0.245262 0.050000
v -0.046279 0.244692 0.050000
v -0.048939 0.244069 0.050000
v -0.051384 0.243394 0.050000
v -0.053591 0.242668 0.050000
v -0.055582 0.241889 0.050000
v -0.057357 0.241058 0.050000
v -0.058914 0.240175 0.050000
v -0.059972 0.239405 0.050000
v -0.060940 0.238574 0.050000
v -0.061817 0.237682 0.050000
v -0.062607 0.236728 0.050000
v -0.063312 0.235712 0.050000
v -0.063930 0.234635 0.050000
v -0.064463 0.233496 0.050000
v -0.064909 0.232296 0.050000
v -0.065270 0.231034 0.050000
v -0.065545 0.229710 0.050000
v -0.065735 0.228325 0.050000
v -0.065840 0.226879 0.050000
v -0.065803 0.224907 0.050000
v -0.065539 0.222627 0.050000
v -0.065052 0.220039 0.050000
v -0.064344 0.217144 0.050000
v -0.063422 0.213941 0.050000
v -0.062290 0.210430 0.050000
v -0.060952 0.206611 0.050000
v -0.059403 0.202484 0.050000
v -0.057663 0.198050 0.050000
v -0.055745 0.193308 0.050000
v -0.053661 0.188258 0.050000
v -0.051306 0.182900 0.050000
v -0.012064 0.074830 0.050000
v -0.010652 0.071974 0.050000
v -0.009096 0.068977 0.050000
v -0.007489 0.065838 0.050000
v -0.005829 0.062556 0.050000
v -0.004610 0.059133 0.050000
v -0.003302 0.055568 0.050000
v -0.001757 0.051860 0.050000
v -0.000081 0.048011 0.050000
v 0.001699 0.044019 0.050000
v 0.003574 0.039885 0.050000
v 0.005540 0.035610 0.050000
v 0.007597 0.031192 0.050000
v 0.008031 0.032073 0.050000
v 0.008584 0.033225 0.050000
v 0.009177 0.034470 0.050000
v 0.009837 0.035864 0.050000
v 0.010572 0.037427 0.050000
v 0.011385 0.039161 0.050000
v 0.012279 0.041066 0.050000
v 0.013258 0.043141 0.050000
v 0.014327 0.045386 0.050000
v 0.015482 0.047787 0.050000
v 0.016689 0.050279 0.050000
v 0.017894 0.052716 0.050000
v 0.019086 0.054962 0.050000
v 0.020304 0.057009 0.050000
v 0.021562 0.058942 0.050000
v 0.022776 0.060832 0.050000
v 0.023842 0.062703 0.050000
v 0.024763 0.064554 0.050000
v 0.025614 0.066372 0.050000
v 0.026457 0.068142 0.050000
v 0.027307 0.069865 0.050000
v 0.028162 0.071548 0.050000
v 0.029019 0.073201 0.050000
v 0.029895 0.074830 0.050000
v 0.093804 0.170627 0.050000
v 0.097764 0.177287 0.050000
v 0.101438 0.183516 0.050000
v 0.104698 0.189314 0.050000
v 0.107587 0.194681 0.050000
v 0.110105 0.199617 0.050000
v 0.112267 0.204123 0.050000
v 0.114091 0.208197 0.050000
v 0.115587 0.211841 0.050000
v 0.116759 0.215053 0.050000
v 0.117613 0.217835 0.050000
v 0.118155 0.220186 0.050000
v 0.118390 0.222106 0.050000
v 0.118417 0.224268 0.050000
v 0.118287 0.226320 0.050000
v 0.118000 0.228264 0.050000
v 0.117558 0.230099 0.050000
v 0.116959 0.231825 0.050000
v 0.116206 0.233442 0.050000
v 0.115301 0.234950 0.050000
v 0.114246 0.236349 0.050000
v 0.113038 0.237639 0.050000
v 0.111676 0.238820 0.050000
v 0.110159 0.239893 0.050000
v 0.108494 0.240856 0.050000
v 0.106959 0.241631 0.050000
v 0.105258 0.242362 0.050000
v 0.103391 0.243051 0.050000
v 0.101358 0.243697 0.050000
v 0.099175 0.244301 0.050000
v 0.096824 0.244862 0.050000
v 0.094304 0.245381 0.050000
v 0.091628 0.245857 0.050000
v 0.088795 0.246290 0.050000
v 0.085807 0.246680 0.050000
v 0.082680 0.247028 0.050000
v 0.079380 0.247334 0.050000
v 0.078514 0.247395 0.050000
v 0.077725 0.247580 0.050000
v 0.077011 0.247888 0.050000
v 0.076375 0.248319 0.050000
v 0.075815 0.248873 0.050000
v 0.075331 0.249550 0.050000
v 0.074924 0.250350 0.050000
v 0.074593 0.251273 0.050000
v 0.074337 0.252320 0.050000
v 0.074157 0.253489 0.050000
v 0.074052 0.254782 0.050000
v 0.074021 0.256198 0.050000
v 0.074064 0.257668 0.050000
v 0.074181 0.259010 0.050000
v 0.074371 0.260225 0.050000
v 0.074636 0.261312 0.050000
v 0.074977 0.262270 0.050000
v 0.075394 0.263101 0.050000
v 0.075886 0.263805 0.050000
v 0.076455 0.264380 0.050000
v 0.077099 0.264827 0.050000
v 0.077818 0.265147 0.050000
v 0.078614 0.265339 0.050000
v 0.079485 0.265403 0.050000
v 0.089350 0.265076 0.050000
v 0.098377 0.264778 0.050000
v 0.106567 0.264508 0.050000
v 0.113918 0.264266 0.050000
v 0.120431 0.264053 0.050000
v 0.126105 0.263868 0.050000
v 0.130942 0.263712 0.050000
v 0.134941 0.263584 0.050000
v 0.138101 0.263485 0.050000
v 0.140424 0.263414 0.050000
v 0.141908 0.263371 0.050000
v 0.142555 0.263357 0.050000
v 0.145078 0.263371 0.050000
v 0.147990 0.263414 0.050000
v 0.151291 0.263485 0.050000
v 0.154979 0.263584 0.050000
v 0.159056 0.263712 0.050000
v 0.163521 0.263868 0.050000
v 0.168374 0.264053 0.050000
v 0.173616 0.264266 0.050000
v 0.179246 0.264508 0.050000
v 0.185264 0.264778 0.050000
v 0.191671 0.265076 0.050000
v 0.198465 0.265403 0.050000
v 0.199445 0.265343 0.050000
v 0.200340 0.265166 0.050000
v 0.201150 0.264870 0.050000
v 0.201874 0.264456 0.050000
v 0.202514 0.263923 0.050000
v 0.203068 0.263272 0.050000
v 0.203536 0.262502 0.050000
v 0.203920 0.261615 0.050000
v 0.204218 0.260608 0.050000
v 0.204431 0.259484 0.050000
v 0.204558 0.258241 0.050000
v 0.204598 0.256880 0.050000
v 0.204550 0.255459 0.050000
v 0.204416 0.254152 0.050000
v 0.204195 0.252959 0.050000
v 0.203888 0.251879 0.050000
v 0.203496 0.250914 0.050000
v 0.203018 0.250061 0.050000
v 0.202455 0.249323 0.050000
v 0.201807 0.248698 0.050000
v 0.201074 0.248186 0.050000
v 0.200257 0.247789 0.050000
v 0.199353 0.247504 0.050000
v 0.198365 0.247334 0.050000
v 0.194804 0.246853 0.050000
v 0.191336 0.246207 0.050000
v 0.188006 0.245395 0.050000
v 0.184791 0.244417 0.050000
v 0.181677 0.243274 0.050000
v 0.178669 0.241964 0.050000
v 0.175762 0.240489 0.050000
v 0.172958 0.238849 0.050000
v 0.170255 0.237042 0.050000
v 0.167652 0.235070 0.050000
v 0.165147 0.232933 0.050000
v 0.162740 0.230629 0.050000
v 0.162032 0.229694 0.050000
v 0.160857 0.227911 0.050000
v 0.159205 0.225281 0.050000
v 0.157068 0.221803 0.050000
v 0.154440 0.217478 0.050000
v 0.151300 0.212305 0.050000
v 0.147631 0.206284 0.050000
v 0.143407 0.199416 0.050000
v 0.138592 0.191700 0.050000
v 0.133129 0.183137 0.050000
v 0.126959 0.173726 0.050000
v 0.119969 0.163468 0.050000
v 0.045633 0.050283 0.050000
v 0.153363 0.050283 0.050000
v 0.153363 0.026419 0.050000
v 0.033686 0.026419 0.050000
v 0.017588 0.004260 0.050000
v 0.014492 -0.023696 0.050000
v 0.012265 -0.039037 -0.050000
v 0.144403 -0.039037 -0.050000
v 0.142316 -0.062901 -0.050000
v 0.007851 -0.062901 -0.050000
v -0.004070 -0.120857 -0.050000
v -0.006671 -0.130116 -0.050000
v -0.008446 -0.138689 -0.050000
v -0.009690 -0.146575 -0.050000
v -0.010544 -0.153775 -0.050000
v -0.011090 -0.160288 -0.050000
v -0.011382 -0.166114 -0.050000
v -0.011460 -0.171254 -0.050000
v -0.011354 -0.175707 -0.050000
v -0.011087 -0.179474 -0.050000
v -0.010677 -0.182554 -0.050000
v -0.010136 -0.184947 -0.050000
v -0.009476 -0.186654 -0.050000
v -0.008720 -0.187983 -0.050000
v -0.007889 -0.189240 -0.050000
v -0.006996 -0.190426 -0.050000
v -0.006031 -0.191541 -0.050000
v -0.004991 -0.192585 -0.050000
v -0.003878 -0.193558 -0.050000
v -0.002691 -0.194460 -0.050000
v -0.001430 -0.195291 -0.050000
v -0.000095 -0.196051 -0.050000
v 0.001308 -0.196740 -0.050000
v 0.002765 -0.197358 -0.050000
v 0.004296 -0.197905 -0.050000
v 0.006145 -0.198463 -0.050000
v 0.008220 -0.199003 -0.050000
v 0.010525 -0.199524 -0.050000
v 0.013022 -0.200026 -0.050000
v 0.015738 -0.200509 -0.050000
v 0.018688 -0.200973 -0.050000
v 0.021875 -0.201418 -0.050000
v 0.025240 -0.201844 -0.050000
v 0.029334 -0.202251 -0.050000
v 0.034542 -0.202640 -0.050000
v 0.039129 -0.203009 -0.050000
v 0.043674 -0.203359 -0.050000
v 0.044576 -0.203421 -0.050000
v 0.045396 -0.203606 -0.050000
v 0.046133 -0.203913 -0.050000
v 0.046790 -0.204344 -0.050000
v 0.047365 -0.204898 -0.050000
v 0.047858 -0.205575 -0.050000
v 0.048268 -0.206376 -0.050000
v 0.048605 -0.207299 -0.050000
v 0.048873 -0.208345 -0.050000
v 0.049060 -0.209515 -0.050000
v 0.049171 -0.210807 -0.050000
v 0.049208 -0.212223 -0.050000
v 0.049169 -0.213585 -0.050000
v 0.049055 -0.214827 -0.050000
v 0.048866 -0.215952 -0.050000
v 0.048600 -0.216958 -0.050000
v 0.048259 -0.217846 -0.050000
v 0.047843 -0.218615 -0.050000
v 0.047350 -0.219266 -0.050000
v 0.046782 -0.219799 -0.050000
v 0.046138 -0.220213 -0.050000
v 0.045418 -0.220509 -0.050000
v 0.044623 -0.220687 -0.050000
v 0.043752 -0.220746 -0.050000
v 0.030674 -0.220419 -0.050000
v 0.018713 -0.220121 -0.050000
v 0.007870 -0.219851 -0.050000
v -0.001855 -0.219610 -0.050000
v -0.010464 -0.219397 -0.050000
v -0.017954 -0.219212 -0.050000
v -0.024328 -0.219056 -0.050000
v -0.029583 -0.218928 -0.050000
v -0.033722 -0.218828 -0.050000
v -0.036743 -0.218757 -0.050000
v -0.038646 -0.218715 -0.050000
v -0.039432 -0.218701 -0.050000
v -0.040531 -0.218715 -0.050000
v -0.042690 -0.218757 -0.050000
v -0.045910 -0.218828 -0.050000
v -0.050190 -0.218928 -0.050000
v -0.055531 -0.219056 -0.050000
v -0.061933 -0.219212 -0.050000
v -0.069395 -0.219397 -0.050000
v -0.077918 -0.219610 -0.050000
v -0.087502 -0.219851 -0.050000
v -0.098146 -0.220121 -0.050000
v -0.109851 -0.220419 -0.050000
v -0.122620 -0.220746 -0.050000
v -0.123487 -0.220687 -0.050000
v -0.124283 -0.220509 -0.050000
v -0.125003 -0.220213 -0.050000
v -0.125647 -0.219799 -0.050000
v -0.126215 -0.219266 -0.050000
v -0.126707 -0.218615 -0.050000
v -0.127124 -0.217846 -0.050000
v -0.127465 -0.216958 -0.050000
v -0.127730 -0.215952 -0.050000
v -0.127919 -0.214827 -0.050000
v -0.128033 -0.213585 -0.050000
v -0.128071 -0.212223 -0.050000
v -0.128033 -0.210807 -0.050000
v -0.127919 -0.209515 -0.050000
v -0.127729 -0.208345 -0.050000
v -0.127463 -0.207299 -0.050000
v -0.127120 -0.206376 -0.050000
v -0.126702 -0.205575 -0.050000
v -0.126211 -0.204898 -0.050000
v -0.125651 -0.204344 -0.050000
v -0.125020 -0.203913 -0.050000
v -0.124319 -0.203606 -0.050000
v -0.123549 -0.203421 -0.050000
v -0.122710 -0.203359 -0.050000
v -0.118549 -0.203004 -0.050000
v -0.114980 -0.202621 -0.050000
v -0.112758 -0.202209 -0.050000
v -0.108997 -0.201768 -0.050000
v -0.105533 -0.201300 -0.050000
v -0.102337 -0.200802 -0.050000
v -0.099378 -0.200277 -0.050000
v -0.096659 -0.199723 -0.050000
v -0.094220 -0.199141 -0.050000
v -0.092035 -0.198530 -0.050000
v -0.090095 -0.197890 -0.050000
v -0.088404 -0.197223 -0.050000
v -0.087150 -0.196681 -0.050000
v -0.085938 -0.196077 -0.050000
v -0.084787 -0.195412 -0.050000
v -0.083677 -0.194685 -0.050000
v -0.082609 -0.193897 -0.050000
v -0.081582 -0.193047 -0.050000
v -0.080596 -0.192135 -0.050000
v -0.079652 -0.191162 -0.050000
v -0.078747 -0.190127 -0.050000
v -0.077884 -0.189031 -0.050000
v -0.077061 -0.187874 -0.050000
v -0.075415 -0.186654 -0.050000
v -0.073636 -0.183539 -0.050000
v -0.071209 -0.179874 -0.050000
v -0.069115 -0.175660 -0.050000
v -0.067521 -0.170896 -0.050000
v -0.065594 -0.165584 -0.050000
v -0.064406 -0.159722 -0.050000
v -0.062898 -0.153311 -0.050000
v -0.061296 -0.146350 -0.050000
v -0.059531 -0.138841 -0.050000
v -0.057696 -0.130782 -0.050000
v -0.055777 -0.122174 -0.050000
v -0.054092 -0.113016 -0.050000
v -0.045337 -0.062901 -0.050000
v -0.172356 -0.062901 -0.050000
v -0.170377 -0.039037 -0.050000
v -0.040924 -0.039037 -0.050000
v -0.038697 -0.023696 -0.050000
v -0.036515 0.002555 -0.050000
v -0.043006 0.026419 -0.050000
v -0.160963 0.026419 -0.050000
v -0.160963 0.050283 -0.050000
v -0.053915 0.050283 -0.050000
v -0.103991 0.169946 -0.050000
v -0.107539 0.178535 -0.050000
v -0.110989 0.186461 -0.050000
v -0.114282 0.193725 -0.050000
v -0.117378 0.200325 -0.050000
v -0.120242 0.206263 -0.050000
v -0.122857 0.211538 -0.050000
v -0.125209 0.216149 -0.050000
v -0.127274 0.220098 -0.050000
v -0.129050 0.223384 -0.050000
v -0.130530 0.226008 -0.050000
v -0.131697 0.227968 -0.050000
v -0.132554 0.229265 -0.050000
v -0.134637 0.231839 -0.050000
v -0.136881 0.234218 -0.050000
v -0.139279 0.236403 -0.050000
v -0.141843 0.238394 -0.050000
v -0.144555 0.240191 -0.050000
v -0.147427 0.241794 -0.050000
v -0.150453 0.243203 -0.050000
v -0.153628 0.244417 -0.050000
v -0.156965 0.245438 -0.050000
v -0.160440 0.246264 -0.050000
v -0.164037 0.246896 -0.050000
v -0.167789 0.247334 -0.050000
v -0.168761 0.247500 -0.050000
v -0.169648 0.247770 -0.050000
v -0.170450 0.248144 -0.050000
v -0.171166 0.248622 -0.050000
v -0.171797 0.249204 -0.050000
v -0.172342 0.249891 -0.050000
v -0.172802 0.250682 -0.050000
v -0.173176 0.251576 -0.050000
v -0.173465 0.252576 -0.050000
v -0.173670 0.253679 -0.050000
v -0.173790 0.254886 -0.050000
v -0.173826 0.256198 -0.050000
v -0.173778 0.257668 -0.050000
v -0.173647 0.259010 -0.050000
v -0.173433 0.260225 -0.050000
v -0.173135 0.261312 -0.050000
v -0.172752 0.262270 -0.050000
v -0.172283 0.263101 -0.050000
v -0.171729 0.263805 -0.050000
v -0.171090 0.264380 -0.050000
v -0.170365 0.264827 -0.050000
v -0.169556 0.265147 -0.050000
v -0.168661 0.265339 -0.050000
v -0.167680 0.265403 -0.050000
v -0.159458 0.265076 -0.050000
v -0.151724 0.264778 -0.050000
v -0.144477 0.264508 -0.050000
v -0.137718 0.264266 -0.050000
v -0.131446 0.264053 -0.050000
v -0.125662 0.263868 -0.050000
v -0.120366 0.263712 -0.050000
v -0.115558 0.263584 -0.050000
v -0.111237 0.263485 -0.050000
v -0.107404 0.263414 -0.050000
v -0.104059 0.263371 -0.050000
v -0.101202 0.263357 -0.050000
v -0.099843 0.263371 -0.050000
v -0.097584 0.263414 -0.050000
v -0.094426 0.263485 -0.050000
v -0.090368 0.263584 -0.050000
v -0.085410 0.263712 -0.050000
v -0.079553 0.263868 -0.050000
v -0.072796 0.264053 -0.050000
v -0.065140 0.264266 -0.050000
v -0.056584 0.264508 -0.050000
v -0.047128 0.264778 -0.050000
v -0.036773 0.265076 -0.050000
v -0.025518 0.265403 -0.050000
v -0.024755 0.265343 -0.050000
v -0.024059 0.265166 -0.050000
v -0.023430 0.264870 -0.050000
v -0.022866 0.264456 -0.050000
v -0.022369 0.263923 -0.050000
v -0.021938 0.263272 -0.050000
v -0.021574 0.262502 -0.050000
v -0.021275 0.261615 -0.050000
v -0.021043 0.260608 -0.050000
v -0.020878 0.259484 -0.050000
v -0.020779 0.258241 -0.050000
v -0.020749 0.256880 -0.050000
v -0.020787 0.255511 -0.050000
v -0.020892 0.254247 -0.050000
v -0.021066 0.253087 -0.050000
v -0.021306 0.252031 -0.050000
v -0.021612 0.251079 -0.050000
v -0.021985 0.250232 -0.050000
v -0.022425 0.249488 -0.050000
v -0.022930 0.248849 -0.050000
v -0.023501 0.248314 -0.050000
v -0.024138 0.247883 -0.050000
v -0.024841 0.247556 -0.050000
v -0.025610 0.247334 -0.050000
v -0.029623 0.247024 -0.050000
v -0.033428 0.246662 -0.050000
v -0.036983 0.246247 -0.050000
v -0.040311 0.245781 -0.050000
v -0.043408 0.245262 -0.050000
v -0.046279 0.244692 -0.050000
v -0.048939 0.244069 -0.050000
v -0.051384 0.243394 -0.050000
v -0.053591 0.242668 -0.050000
v -0.055582 0.241889 -0.050000
v -0.057357 0.241058 -0.050000
v -0.058914 0.240175 -0.050000
v -0.059972 0.239405 -0.050000
v -0.060940 0.238574 -0.050000
v -0.061817 0.237682 -0.050000
v -0.062607 0.236728 -0.050000
v -0.063312 0.235712 -0.050000
v -0.063930 0.234635 -0.050000
v -0.064463 0.233496 -0.050000
v -0.064909 0.232296 -0.050000
v -0.065270 0.231034 -0.050000
v -0.065545 0.229710 -0.050000
v -0.065735 0.228325 -0.050000
v -0.065840 0.226879 -0.050000
v -0.065803 0.224907 -0.050000
v -0.065539 0.222627 -0.050000
v -0.065052 0.220039 -0.050000
v -0.064344 0.217144 -0.050000
v -0.063422 0.213941 -0.050000
v -0.062290 0.210430 -0.050000
v -0.060952 0.206611 -0.050000
v -0.059403 0.202484 -0.050000
v -0.057663 0.198050 -0.050000
v -0.055745 0.193308 -0.050000
v -0.053661 0.188258 -0.050000
v -0.051306 0.182900 -0.050000
v -0.012064 0.074830 -0.050000
v -0.010652 0.071974 -0.050000
v -0.009096 0.068977 -0.050000
v -0.007489 0.065838 -0.050000
v -0.005829 0.062557 -0.050000
v -0.004610 0.059133 -0.050000
v -0.003302 0.055568 -0.050000
v -0.001757 0.051860 -0.050000
v -0.000081 0.048011 -0.050000
v 0.001699 0.044019 -0.050000
v 0.003574 0.039885 -0.050000
v 0.005540 0.035610 -0.050000
v 0.007597 0.031192 -0.050000
v 0.008031 0.032073 -0.050000
v 0.008584 0.033225 -0.050000
v 0.009177 0.034470 -0.050000
v 0.009837 0.035864 -0.050000
v 0.010572 0.037427 -0.050000
v 0.011385 0.039161 -0.050000
v 0.012279 0.041066 -0.050000
v 0.013258 0.043141 -0.050000
v 0.014327 0.045386 -0.050000
v 0.015482 0.047787 -0.050000
v 0.016689 0.050279 -0.050000
v 0.017894 0.052716 -0.050000
v 0.019086 0.054962 -0.050000
v 0.020304 0.057009 -0.050000
v 0.021562 0.058942 -0.050000
v 0.022776 0.060832 -0.050000
v 0.023842 0.062703 -0.050000
v 0.024763 0.064554 -0.050000
v 0.025614 0.066372 -0.050000
v 0.026457 0.068142 -0.050000
v 0.027307 0.069865 -0.050000
v 0.028162 0.071548 -0.050000
v 0.029019 0.073201 -0.050000
v 0.029895 0.074830 -0.050000
v 0.093804 0.170627 -0.050000
v 0.097764 0.177287 -0.050000
v 0.101438 0.183516 -0.050000
v 0.104698 0.189314 -0.050000
v 0.107587 0.194681 -0.050000
v 0.110105 0.199617 -0.050000
v 0.112267 0.204123 -0.050000
v 0.114091 0.208197 -0.050000
v 0.115587 0.211841 -0.050000
v 0.116759 0.215053 -0.050000
v 0.117613 0.217835 -0.050000
v 0.118155 0.220186 -0.050000
v 0.118390 0.222106 -0.050000
v 0.118417 0.224268 -0.050000
v 0.118287 0.226320 -0.050000
v 0.118000 0.228264 -0.050000
v 0.117558 0.230099 -0.050000
v 0.116959 0.231825 -0.050000
v 0.116206 0.233442 -0.050000
v 0.115301 0.234950 -0.050000
v 0.114246 0.236349 -0.050000
v 0.113038 0.237639 -0.050000
v 0.111676 0.238820 -0.050000
v 0.110159 0.239893 -0.050000
v 0.108494 0.240856 -0.050000
v 0.106959 0.241631 -0.050000
v 0.105258 0.242362 -0.050000
v 0.103391 0.243051 -0.050000
v 0.101358 0.243697 -0.050000
v 0.099175 0.244301 -0.050000
v 0.096824 0.244862 -0.050000
v 0.094304 0.245381 -0.050000
v 0.091628 0.245857 -0.050000
v 0.088795 0.246290 -0.050000
v 0.085807 0.246680 -0.050000
v 0.082680 0.247028 -0.050000
v 0.079380 0.247334 -0.050000
v 0.078514 0.247395 -0.050000
v 0.077725 0.247580 -0.050000
v 0.077011 0.247888 -0.050000
v 0.076375 0.248319 -0.050000
v 0.075815 0.248873 -0.050000
v 0.075331 0.249550 -0.050000
v 0.074924 0.250350 -0.050000
v 0.074593 0.251273 -0.050000
v 0.074337 0.252320 -0.050000
v 0.074157 0.253489 -0.050000
v 0.074052 0.254782 -0.050000
v 0.074021 0.256198 -0.050000
v 0.074064 0.257668 -0.050000
v 0.074181 0.259010 -0.050000
v 0.074371 0.260225 -0.050000
v 0.074636 0.261312 -0.050000
v 0.074977 0.262270 -0.050000
v 0.075394 0.263101 -0.050000
v 0.075886 0.263805 -0.050000
v 0.076455 0.264380 -0.050000
v 0.077099 0.264827 -0.050000
v 0.077818 0.265147 -0.050000
v 0.078614 0.265339 -0.050000
v 0.079485 0.265403 -0.050000
v 0.089350 0.265076 -0.050000
v 0.098377 0.264778 -0.050000
v 0.106567 0.264508 -0.050000
v 0.113918 0.264266 -0.050000
v 0.120431 0.264053 -0.050000
v 0.126105 0.263868 -0.050000
v 0.130942 0.263712 -0.050000
v 0.134941 0.263584 -0.050000
v 0.138101 0.263485 -0.050000
v 0.140424 0.263414 -0.050000
v 0.141908 0.263371 -0.050000
v 0.142555 0.263357 -0.050000
v 0.145078 0.263371 -0.050000
v 0.147990 0.263414 -0.050000
v 0.151291 0.263485 -0.050000
v 0.154979 0.263584 -0.050000
v 0.159056 0.263712 -0.050000
v 0.163521 0.263868 -0.050000
v 0.168374 0.264053 -0.050000
v 0.173616 0.264266 -0.050000
v 0.179246 0.264508 -0.050000
v 0.185264 0.264778 -0.050000
v 0.191671 0.265076 -0.050000
v 0.198465 0.265403 -0.050000
v 0.199445 0.265343 -0.050000
v 0.200340 0.265166 -0.050000
v 0.201150 0.264870 -0.050000
v 0.201874 0.264456 -0.050000
v 0.202514 0.263923 -0.050000
v 0.203068 0.263272 -0.050000
v 0.203536 0.262502 -0.050000
v 0.203920 0.261615 -0.050000
v 0.204218 0.260608 -0.050000
v 0.204431 0.259484 -0.050000
v 0.204558 0.258241 -0.050000
v 0.204598 0.256880 -0.050000
v 0.204550 0.255459 -0.050000
v 0.204416 0.254152 -0.050000
v 0.204195 0.252959 -0.050000
v 0.203888 0.251879 -0.050000
v 0.203496 0.250914 -0.050000
v 0.203018 0.250061 -0.050000
v 0.202455 0.249323 -0.050000
v 0.201807 0.248698 -0.050000
v 0.201074 0.248186 -0.050000
v 0.200257 0.247789 -0.050000
v 0.199353 0.247504 -0.050000
v 0.198365 0.247334 -0.050000
v 0.194804 0.246853 -0.050000
v 0.191336 0.246207 -0.050000
v 0.188006 0.245395 -0.050000
v 0.184791 0.244417 -0.050000
v 0.181677 0.243274 -0.050000
v 0.178669 0.241964 -0.050000
v 0.175762 0.240489 -0.050000
v 0.172958 0.238849 -0.050000
v 0.170255 0.237042 -0.050000
v 0.167652 0.235070 -0.050000
v 0.165147 0.232933 -0.050000
v 0.162740 0.230629 -0.050000
v 0.162032 0.229694 -0.050000
v 0.160857 0.227911 -0.050000
v 0.159205 0.225281 -0.050000
v 0.157068 0.221803 -0.050000
v 0.154440 0.217478 -0.050000
v 0.151300 0.212305 -0.050000
v 0.147631 0.206284 -0.050000
v 0.143407 0.199416 -0.050000
v 0.138592 0.191700 -0.050000
v 0.133129 0.183137 -0.050000
v 0.126959 0.173726 -0.050000
v 0.119969 0.163468 -0.050000
v 0.045633 0.050283 -0.050000
v 0.153363 0.050283 -0.050000
v 0.153363 0.026419 -0.050000
v 0.033686 0.026419 -0.050000
v 0.017588 0.004260 -0.050000
v 0.014492 -0.023696 -0.050000
vn -0.0000 -0.0001 -1.0000
vn -0.0000 -0.0000 -1.0000
vn -0.0000 0.0001 -1.0000
vn -0.0000 -0.0004 -1.0000
vn -0.0000 0.0004 -1.0000
vn -0.0000 1.0000 -0.0000
vn -0.0000 -1.0000 -0.0000
vn -0.0000 -0.0002 -1.0000
vn -0.0000 0.0002 -1.0000
vn -0.0000 0.0001 1.0000
vn -0.0000 -0.0000 1.0000
vn -0.0000 -0.0001 1.0000
vn -0.0000 0.0002 1.0000
vn -0.0000 -0.0004 1.0000
vn -0.0000 -0.0008 1.0000
vn -0.0000 -0.0012 1.0000
vn -0.0000 0.0003 1.0000
vn 0.9413 0.3377 -0.0000
vn 0.9861 0.1661 -0.0000
vn 0.9851 -0.1721 -0.0000
vn -0.8470 0.5317 -0.0000
vn -0.3433 -0.9392 -0.0000
vn 0.3672 -0.9301 -0.0000
vn -0.9998 -0.0189 -0.0000
vn -0.9152 0.4029 -0.0000
vn -0.9861 0.1661 -0.0000
vn 0.9980 0.0632 -0.0000
vn 0.4059 -0.9139 -0.0000
vn 0.9670 0.2548 -0.0000
vn -0.8723 0.4889 -0.0000
vn -0.9795 0.2015 -0.0000
vn 0.8709 0.4914 -0.0000
vn 0.8645 0.5026 -0.0000
vn 0.9835 -0.1810 -0.0000
vn -0.0385 -0.9993 -0.0000
vn -0.9670 0.2548 -0.0000
vn 0.8912 0.4537 -0.0000
vn 0.0288 -0.9996 -0.0000
vn 0.9335 0.3586 -0.0000
vn -0.8520 0.5236 -0.0000
vn -0.9627 0.2705 -0.0000
vn 0.9760 -0.2176 -0.0000
vn -0.9934 -0.1149 -0.0000
vn -0.8609 0.5088 -0.0000
vn -0.0330 -0.9995 -0.0000
vn -0.9335 0.3585 -0.0000
vn 0.9999 -0.0127 -0.0000
vn 0.0465 -0.9989 -0.0000
vn 0.8794 0.4761 -0.0000
vn -0.7954 0.6061 -0.0000
vn -0.9792 0.2027 -0.0000
vn 0.8797 0.4756 -0.0000
vn 0.7832 0.6218 -0.0000
vn 0.9751 -0.2219 -0.0000
vn -0.5924 -0.8056 -0.0000
vn -0.8793 0.4762 -0.0000
vn 0.8138 0.5812 -0.0000
vn 0.7976 0.6032 -0.0000
vn -0.9827 -0.1851 -0.0000
vn -0.4965 -0.8681 -0.0000
vn -0.9878 0.1559 -0.0000
vn 0.9926 -0.1212 -0.0000
vn 0.5255 -0.8508 -0.0000
vn 0.9735 -0.2288 -0.0000
vn -0.7845 0.6201 -0.0000
vn 0.5706 -0.8212 -0.0000
vn 0.9745 -0.2243 -0.0000
vn -0.8546 0.5193 -0.0000
vn -0.6943 0.7197 -0.0000
vn -0.7976 0.6032 -0.0000
vn 0.9744 -0.2246 -0.0000
vn 0.6785 0.7346 -0.0000
vn -0.0372 -0.9993 -0.0000
vn -0.0129 0.9999 -0.0000
vn -0.9930 0.1178 -0.0000
vn 0.8861 0.4634 -0.0000
vn 0.7032 0.7109 -0.0000
vn 0.0285 -0.9996 -0.0000
vn 0.0181 0.9998 -0.0000
vn 0.9734 -0.2289 -0.0000
vn -0.9714 -0.2373 -0.0000
vn -0.6836 0.7298 -0.0000
vn -0.0329 -0.9995 -0.0000
vn -0.0197 0.9998 -0.0000
vn -0.9965 0.0835 -0.0000
vn 0.9560 -0.2935 -0.0000
vn 0.0448 -0.9990 -0.0000
vn 0.0224 0.9997 -0.0000
vn 0.9801 -0.1986 -0.0000
vn -0.5721 0.8201 -0.0000
vn 0.5553 0.8316 -0.0000
vn -0.8549 0.5188 -0.0000
vn -0.0357 -0.9994 -0.0000
vn -0.0221 0.9998 -0.0000
vn -0.9987 0.0501 -0.0000
vn 0.5606 0.8281 -0.0000
vn 0.0282 -0.9996 -0.0000
vn 0.0235 0.9997 -0.0000
vn 0.9400 -0.3410 -0.0000
vn -0.9609 -0.2767 -0.0000
vn 0.8909 0.4542 -0.0000
vn -0.5603 0.8283 -0.0000
vn -0.0328 -0.9995 -0.0000
vn -0.0232 0.9997 -0.0000
vn -0.9999 0.0152 -0.0000
vn 0.9394 -0.3427 -0.0000
vn 0.0428 -0.9991 -0.0000
vn 0.0240 0.9997 -0.0000
vn 0.9483 -0.3174 -0.0000
vn -0.4373 0.8993 -0.0000
vn 0.4229 0.9062 -0.0000
vn -0.9517 -0.3069 -0.0000
vn -0.7310 -0.6824 -0.0000
vn -0.0239 0.9997 -0.0000
vn -0.9997 -0.0237 -0.0000
vn 0.3963 0.9181 -0.0000
vn 0.0243 0.9997 -0.0000
vn 0.8956 -0.4448 -0.0000
vn -0.8539 0.5204 -0.0000
vn -0.6401 -0.7683 -0.0000
vn 0.9250 -0.3800 -0.0000
vn 0.6689 -0.7433 -0.0000
vn -0.4215 0.9069 -0.0000
vn -0.0244 0.9997 -0.0000
vn -0.9975 -0.0707 -0.0000
vn 0.8960 0.4442 -0.0000
vn 0.7115 -0.7027 -0.0000
vn 0.0245 0.9997 -0.0000
vn -0.3001 0.9539 -0.0000
vn -0.9912 -0.1321 -0.0000
vn 0.2911 0.9567 -0.0000
vn 0.8337 -0.5522 -0.0000
vn -0.9438 -0.3306 -0.0000
vn -0.0340 -0.9994 -0.0000
vn -0.0247 0.9997 -0.0000
vn 0.9127 -0.4086 -0.0000
vn 0.2278 0.9737 -0.0000
vn 0.0278 -0.9996 -0.0000
vn 0.0246 0.9997 -0.0000
vn -0.9754 -0.2203 -0.0000
vn 0.6839 0.7295 -0.0000
vn 0.8684 -0.4958 -0.0000
vn -0.9362 -0.3515 -0.0000
vn -0.2780 0.9606 -0.0000
vn -0.0327 -0.9995 -0.0000
vn 0.0406 -0.9992 -0.0000
vn -0.8518 0.5239 -0.0000
vn -0.1700 0.9854 -0.0000
vn -0.6839 0.7295 -0.0000
vn -0.9326 -0.3609 -0.0000
vn 0.9007 0.4345 -0.0000
vn 0.1681 0.9858 -0.0000
vn 0.5950 -0.8037 -0.0000
vn -0.0319 -0.9995 -0.0000
vn -0.0250 0.9997 -0.0000
vn 0.9016 -0.4326 -0.0000
vn 0.0709 0.9975 -0.0000
vn 0.0273 -0.9996 -0.0000
vn 0.0247 0.9997 -0.0000
vn -0.8691 -0.4946 -0.0000
vn 0.1159 0.9933 -0.0000
vn 0.8151 -0.5793 -0.0000
vn -0.9310 -0.3651 -0.0000
vn -0.0325 -0.9995 -0.0000
vn -0.0252 0.9997 -0.0000
vn 0.9054 0.4246 -0.0000
vn 0.0380 -0.9993 -0.0000
vn 0.0248 0.9997 -0.0000
vn -0.0771 0.9970 -0.0000
vn -0.8341 -0.5516 -0.0000
vn 0.8908 -0.4543 -0.0000
vn 0.0922 0.9957 -0.0000
vn 0.5411 0.8410 -0.0000
vn 0.7856 -0.6188 -0.0000
vn -0.8339 -0.5519 -0.0000
vn -0.8484 0.5294 -0.0000
vn -0.1337 0.9910 -0.0000
vn -0.7616 -0.6480 -0.0000
vn -0.5411 0.8410 -0.0000
vn -0.7989 -0.6014 -0.0000
vn 0.1106 0.9939 -0.0000
vn 0.7530 -0.6580 -0.0000
vn -0.9270 -0.3750 -0.0000
vn -0.0295 -0.9996 -0.0000
vn -0.0253 0.9997 -0.0000
vn 0.8805 -0.4740 -0.0000
vn 0.0267 -0.9996 -0.0000
vn 0.0249 0.9997 -0.0000
vn -0.0948 0.9955 -0.0000
vn -0.7561 -0.6545 -0.0000
vn 0.9108 0.4129 -0.0000
vn 0.1731 0.9849 -0.0000
vn 0.7174 -0.6967 -0.0000
vn -0.0323 -0.9995 -0.0000
vn -0.0255 0.9997 -0.0000
vn 0.0350 -0.9994 -0.0000
vn -0.9244 -0.3815 -0.0000
vn -0.1833 0.9831 -0.0000
vn -0.7088 -0.7055 -0.0000
vn 0.1297 0.9916 -0.0000
vn 0.7855 -0.6189 -0.0000
vn 0.3802 0.9249 -0.0000
vn 0.6789 -0.7343 -0.0000
vn -0.8431 0.5378 -0.0000
vn 0.8716 -0.4901 -0.0000
vn 0.8191 -0.5736 -0.0000
vn -0.1158 0.9933 -0.0000
vn -0.3802 0.9249 -0.0000
vn -0.6582 -0.7529 -0.0000
vn 0.1512 0.9885 -0.0000
vn 0.6376 -0.7704 -0.0000
vn -0.9154 -0.4025 -0.0000
vn -0.0266 -0.9996 -0.0000
vn -0.0256 0.9997 -0.0000
vn 0.9169 0.3991 -0.0000
vn 0.2313 0.9729 -0.0000
vn 0.0258 -0.9997 -0.0000
vn 0.0250 0.9997 -0.0000
vn -0.6050 -0.7962 -0.0000
vn 0.8614 -0.5080 -0.0000
vn 0.2179 0.9760 -0.0000
vn 0.5938 -0.8046 -0.0000
vn -0.1388 0.9903 -0.0000
vn -0.0320 -0.9995 -0.0000
vn 0.0681 0.9977 -0.0000
vn 0.0313 -0.9995 -0.0000
vn -0.0678 0.9977 -0.0000
vn -0.8363 0.5483 -0.0000
vn -0.2369 0.9715 -0.0000
vn -0.2179 0.9760 -0.0000
vn -0.5503 -0.8350 -0.0000
vn 0.1751 0.9846 -0.0000
vn 0.5480 -0.8365 -0.0000
vn -0.9400 -0.3413 -0.0000
vn -0.0230 -0.9997 -0.0000
vn 0.9242 0.3818 -0.0000
vn 0.0245 -0.9997 -0.0000
vn -0.1651 0.9863 -0.0000
vn -0.4947 -0.8691 -0.0000
vn 0.8595 -0.5111 -0.0000
vn 0.2924 0.9563 -0.0000
vn 0.5005 -0.8657 -0.0000
vn -0.0315 -0.9995 -0.0000
vn 0.0269 -0.9996 -0.0000
vn -0.8264 0.5631 -0.0000
vn -0.2910 0.9567 -0.0000
vn -0.4408 -0.8976 -0.0000
vn 0.8319 -0.5550 -0.0000
vn 0.2016 0.9795 -0.0000
vn 0.4458 -0.8951 -0.0000
vn -0.0185 -0.9998 -0.0000
vn 0.9225 0.3860 -0.0000
vn 0.0225 -0.9997 -0.0000
vn 0.3968 -0.9179 -0.0000
vn -0.1949 0.9808 -0.0000
vn 0.2322 0.9727 -0.0000
vn -0.8358 0.5490 -0.0000
vn -0.0306 -0.9995 -0.0000
vn -0.3903 -0.9207 -0.0000
vn 0.0215 -0.9998 -0.0000
vn 0.3671 -0.9302 -0.0000
vn -0.8964 -0.4432 -0.0000
vn -0.2280 0.9737 -0.0000
vn 0.8808 -0.4735 -0.0000
vn 0.3572 0.9340 -0.0000
vn -0.0127 -0.9999 -0.0000
vn -0.3363 -0.9417 -0.0000
vn 0.8877 -0.4604 -0.0000
vn 0.0189 -0.9998 -0.0000
vn 0.3130 -0.9498 -0.0000
vn -0.3448 0.9387 -0.0000
vn 0.2666 0.9638 -0.0000
vn -0.8876 -0.4606 -0.0000
vn -0.0287 -0.9996 -0.0000
vn -0.2893 -0.9572 -0.0000
vn 0.8915 -0.4530 -0.0000
vn 0.0146 -0.9999 -0.0000
vn -0.2660 0.9640 -0.0000
vn -0.2517 -0.9678 -0.0000
vn 0.8968 -0.4424 -0.0000
vn 0.3030 0.9530 -0.0000
vn 0.2692 -0.9631 -0.0000
vn -0.0050 -1.0000 -0.0000
vn 0.0105 -0.9999 -0.0000
vn -0.8901 -0.4558 -0.0000
vn -0.3127 0.9498 -0.0000
vn -0.2205 -0.9754 -0.0000
vn 0.9030 -0.4297 -0.0000
vn 0.2323 -0.9727 -0.0000
vn -0.3991 0.9169 -0.0000
vn -0.0220 -0.9998 -0.0000
vn 0.9056 -0.4242 -0.0000
vn 0.4220 0.9066 -0.0000
vn 0.0057 -1.0000 -0.0000
vn -0.1971 -0.9804 -0.0000
vn 0.3461 0.9382 -0.0000
vn 0.1997 -0.9799 -0.0000
vn -0.8924 -0.4513 -0.0000
vn 0.8953 -0.4454 -0.0000
vn -0.3643 0.9313 -0.0000
vn -0.9037 -0.4282 -0.0000
vn -0.1750 -0.9846 -0.0000
vn 0.8688 -0.4952 -0.0000
vn 0.3951 0.9186 -0.0000
vn 0.1749 -0.9846 -0.0000
vn -0.8540 -0.5203 -0.0000
vn 0.8710 -0.4913 -0.0000
vn -0.9420 -0.3356 -0.0000
vn -0.4525 0.8918 -0.0000
vn -0.1554 -0.9879 -0.0000
vn 0.8415 -0.5402 -0.0000
vn 0.8939 -0.4482 -0.0000
vn 0.1537 -0.9881 -0.0000
vn -0.4241 0.9056 -0.0000
vn 0.4873 0.8732 -0.0000
vn -0.9388 -0.3444 -0.0000
vn -0.9479 -0.3185 -0.0000
vn -0.1383 -0.9904 -0.0000
vn 0.8381 -0.5456 -0.0000
vn 0.4502 0.8929 -0.0000
vn 0.1341 -0.9910 -0.0000
vn -0.9180 -0.3966 -0.0000
vn 0.8593 -0.5114 -0.0000
vn 0.9285 -0.3714 -0.0000
vn -0.4933 0.8699 -0.0000
vn -0.1256 -0.9921 -0.0000
vn 0.5009 0.8655 -0.0000
vn 0.9422 -0.3350 -0.0000
vn 0.1163 -0.9932 -0.0000
vn -0.9230 -0.3847 -0.0000
vn 0.8834 -0.4686 -0.0000
vn -0.5050 0.8631 -0.0000
vn -0.9744 -0.2247 -0.0000
vn -0.0990 -0.9951 -0.0000
vn 0.8963 -0.4434 -0.0000
vn 0.5524 0.8336 -0.0000
vn 0.1824 -0.9832 -0.0000
vn -0.9588 -0.2842 -0.0000
vn 0.9643 -0.2647 -0.0000
vn -0.9169 -0.3991 -0.0000
vn -0.5880 0.8089 -0.0000
vn -0.0743 -0.9972 -0.0000
vn 1.0000 -0.0000 -0.0000
vn 0.5775 0.8164 -0.0000
vn 0.9715 -0.2371 -0.0000
vn 0.1068 -0.9943 -0.0000
vn -0.6515 0.7586 -0.0000
vn -0.9893 -0.1458 -0.0000
vn -0.0803 -0.9968 -0.0000
vn 0.0850 -0.9964 -0.0000
vn -0.5556 0.8314 -0.0000
vn -0.9825 -0.1862 -0.0000
vn 0.6552 0.7555 -0.0000
vn 0.9848 -0.1735 -0.0000
vn -1.0000 -0.0000 -0.0000
vn -0.0769 -0.9970 -0.0000
vn 0.9000 -0.4360 -0.0000
vn 0.9880 -0.1547 -0.0000
vn 0.0732 -0.9973 -0.0000
vn -0.7134 0.7007 -0.0000
vn 0.6134 0.7898 -0.0000
vn -0.9133 -0.4074 -0.0000
vn -0.9969 -0.0791 -0.0000
vn -0.0680 -0.9977 -0.0000
vn 0.9012 -0.4334 -0.0000
vn -0.7700 0.6380 -0.0000
vn -0.9948 -0.1016 -0.0000
vn -0.2198 -0.9755 -0.0000
vn 0.9029 -0.4298 -0.0000
vn 0.7299 0.6836 -0.0000
vn 0.9953 -0.0969 -0.0000
vn 0.2330 -0.9725 -0.0000
vn 0.9963 -0.0864 -0.0000
vn -0.9107 -0.4131 -0.0000
vn -0.6038 0.7971 -0.0000
vn -0.3851 -0.9229 -0.0000
vn 0.9044 -0.4266 -0.0000
vn 0.4020 -0.9156 -0.0000
vn -0.8217 0.5699 -0.0000
vn -0.9998 -0.0223 -0.0000
vn 0.9052 -0.4250 -0.0000
vn 0.6735 0.7392 -0.0000
vn -0.9996 -0.0292 -0.0000
vn -0.5487 -0.8360 -0.0000
vn 0.7985 0.6019 -0.0000
vn 0.9995 -0.0326 -0.0000
vn 0.5641 -0.8257 -0.0000
vn -0.9086 -0.4178 -0.0000
vn 0.9054 -0.4246 -0.0000
vn 0.9996 -0.0293 -0.0000
vn -0.8672 0.4979 -0.0000
vn -0.6937 -0.7203 -0.0000
vn 0.9050 -0.4255 -0.0000
vn 0.7031 -0.7111 -0.0000
vn -0.6493 0.7605 -0.0000
vn -0.9996 0.0278 -0.0000
vn 0.9039 -0.4278 -0.0000
vn 0.8574 0.5146 -0.0000
vn -0.9994 0.0336 -0.0000
vn -0.8083 -0.5888 -0.0000
vn 0.9996 0.0274 -0.0000
vn 0.8097 -0.5868 -0.0000
vn -0.9066 -0.4220 -0.0000
vn -0.9059 0.4235 -0.0000
vn 0.9028 -0.4301 -0.0000
vn 0.7275 0.6861 -0.0000
vn 0.9998 0.0216 -0.0000
vn -0.8900 -0.4560 -0.0000
vn 0.9015 -0.4328 -0.0000
vn 0.8863 -0.4632 -0.0000
vn -0.9372 0.3487 -0.0000
vn -0.9965 0.0834 -0.0000
vn 0.8970 -0.4421 -0.0000
vn 0.9064 0.4223 -0.0000
vn 0.9376 -0.3476 -0.0000
vn -0.9947 0.1024 -0.0000
vn 0.9951 0.0990 -0.0000
vn -0.6913 0.7225 -0.0000
vn -0.9395 -0.3424 -0.0000
vn 0.9967 0.0811 -0.0000
vn 0.9691 -0.2466 -0.0000
vn 0.9649 0.2625 -0.0000
vn -0.9615 0.2749 -0.0000
vn 0.7773 0.6291 -0.0000
vn 0.0650 -0.9979 -0.0000
vn -0.9890 0.1476 -0.0000
vn -0.9687 -0.2483 -0.0000
vn 0.9448 0.3275 -0.0000
vn -0.0397 -0.9992 -0.0000
vn 0.9870 -0.1605 -0.0000
vn -0.9833 0.1820 -0.0000
vn 0.0290 -0.9996 -0.0000
vn -0.8090 0.5877 -0.0000
vn 0.9832 0.1823 -0.0000
vn -0.9790 0.2036 -0.0000
vn -0.0774 -0.9970 -0.0000
vn -0.9875 -0.1578 -0.0000
vn -0.9939 0.1101 -0.0000
vn 0.9883 0.1522 -0.0000
vn 0.0731 -0.9973 -0.0000
vn 0.9961 -0.0878 -0.0000
vn 0.9966 -0.0829 -0.0000
vn -0.7972 0.6037 -0.0000
vn 0.9721 0.2346 -0.0000
vn -0.0331 -0.9995 -0.0000
vn 0.9896 -0.1436 -0.0000
vn -0.9751 0.2217 -0.0000
vn 0.0480 -0.9988 -0.0000
vn -0.9963 -0.0859 -0.0000
vn 0.9996 -0.0267 -0.0000
vn -0.9907 0.1359 -0.0000
vn -0.9619 0.2733 -0.0000
vn -0.0603 -0.9982 -0.0000
vn -0.9896 0.1437 -0.0000
vn 0.9605 0.2782 -0.0000
vn 0.9966 -0.0826 -0.0000
vn -0.8349 0.5504 -0.0000
vn -0.2472 -0.9690 -0.0000
vn -0.9997 -0.0256 -0.0000
vn 0.8343 0.5513 -0.0000
vn 0.9715 0.2372 -0.0000
vn 0.9996 0.0278 -0.0000
vn -0.1946 -0.9809 -0.0000
vn 0.2095 -0.9778 -0.0000
vn -0.9974 0.0724 -0.0000
vn -0.9518 0.3067 -0.0000
vn -0.9996 0.0285 -0.0000
vn 0.9893 0.1460 -0.0000
vn 0.2343 -0.9722 -0.0000
vn 0.9958 0.0910 -0.0000
vn -0.9265 0.3763 -0.0000
vn -0.9962 0.0871 -0.0000
vn 0.8594 0.5114 -0.0000
vn -0.4253 -0.9050 -0.0000
vn -0.9958 0.0913 -0.0000
vn 0.9412 0.3377 -0.0000
vn 0.4058 -0.9139 -0.0000
vn 0.8912 0.4536 -0.0000
vn 0.7831 0.6219 -0.0000
vn -0.5923 -0.8057 -0.0000
vn -0.4964 -0.8681 -0.0000
vn -0.0130 0.9999 -0.0000
vn -0.6836 0.7299 -0.0000
vn -0.5722 0.8201 -0.0000
vn 0.5605 0.8281 -0.0000
vn 0.9401 -0.3410 -0.0000
vn -0.5602 0.8283 -0.0000
vn 0.0429 -0.9991 -0.0000
vn -0.7311 -0.6823 -0.0000
vn 0.3962 0.9181 -0.0000
vn -0.6402 -0.7682 -0.0000
vn 0.6690 -0.7433 -0.0000
vn -0.4215 0.9068 -0.0000
vn 0.8959 0.4442 -0.0000
vn -0.0339 -0.9994 -0.0000
vn 0.2277 0.9737 -0.0000
vn 0.1680 0.9858 -0.0000
vn 0.5951 -0.8037 -0.0000
vn -0.5411 0.8409 -0.0000
vn -0.7561 -0.6544 -0.0000
vn -0.1832 0.9831 -0.0000
vn -0.7088 -0.7054 -0.0000
vn 0.1296 0.9916 -0.0000
vn -0.5502 -0.8350 -0.0000
vn 0.5481 -0.8364 -0.0000
vn -0.0314 -0.9995 -0.0000
vn 0.0270 -0.9996 -0.0000
vn 0.2015 0.9795 -0.0000
vn -0.0305 -0.9995 -0.0000
vn 0.2323 -0.9726 -0.0000
vn -0.3990 0.9169 -0.0000
vn -0.0221 -0.9998 -0.0000
vn 0.9055 -0.4242 -0.0000
vn 0.0056 -1.0000 -0.0000
vn 0.1823 -0.9832 -0.0000
vn 0.1069 -0.9943 -0.0000
vn -0.6515 0.7587 -0.0000
vn -0.9825 -0.1861 -0.0000
vn 0.9880 -0.1548 -0.0000
vn 0.4021 -0.9156 -0.0000
vn 0.9376 -0.3477 -0.0000
vn -0.9891 0.1476 -0.0000
vn -0.0602 -0.9982 -0.0000
vn -0.9265 0.3764 -0.0000
vt 0.441114 0.000000
vt 0.443255 0.000000
vt 0.445396 0.000000
vt 0.492505 0.000000
vt 0.494647 0.000000
vt 0.496788 0.000000
vt 0.830835 0.000000
vt 0.832976 0.000000
vt 0.835118 0.000000
vt 0.882227 0.000000
vt 0.884368 0.000000
vt 0.886510 0.000000
vt 0.498929 0.000000
vt 0.888651 0.000000
vt 0.438972 0.000000
vt 0.828694 0.000000
vt 0.501071 0.000000
vt 0.890792 0.000000
vt 0.436831 0.000000
vt 0.826552 0.000000
vt 0.447537 0.000000
vt 0.490364 0.000000
vt 0.837259 0.000000
vt 0.880086 0.000000
vt 0.503212 0.000000
vt 0.892934 0.000000
vt 0.434690 0.000000
vt 0.824411 0.000000
vt 0.449679 0.000000
vt 0.488223 0.000000
vt 0.839400 0.000000
vt 0.877944 0.000000
vt 0.451820 0.000000
vt 0.486081 0.000000
vt 0.841542 0.000000
vt 0.875803 0.000000
vt 0.505353 0.000000
vt 0.895075 0.000000
vt 0.432548 0.000000
vt 0.822270 0.000000
vt 0.453961 0.000000
vt 0.483940 0.000000
vt 0.843683 0.000000
vt 0.873662 0.000000
vt 0.456103 0.000000
vt 0.481799 0.000000
vt 0.845824 0.000000
vt 0.871520 0.000000
vt 0.507495 0.000000
vt 0.897216 0.000000
vt 0.458244 0.000000
vt 0.479657 0.000000
vt 0.847966 0.000000
vt 0.869379 0.000000
vt 0.430407 0.000000
vt 0.820129 0.000000
vt 0.460385 0.000000
vt 0.477516 0.000000
vt 0.850107 0.000000
vt 0.867238 0.000000
vt 0.462527 0.000000
vt 0.475375 0.000000
vt 0.852248 0.000000
vt 0.865096 0.000000
vt 0.464668 0.000000
vt 0.473233 0.000000
vt 0.854390 0.000000
vt 0.862955 0.000000
vt 0.466809 0.000000
vt 0.471092 0.000000
vt 0.856531 0.000000
vt 0.860814 0.000000
vt 0.468951 0.000000
vt 0.858672 0.000000
vt 0.509636 0.000000
vt 0.899358 0.000000
vt 0.428266 0.000000
vt 0.817987 0.000000
vt 0.511777 0.000000
vt 0.901499 0.000000
vt 0.426124 0.000000
vt 0.815846 0.000000
vt 0.513919 0.000000
vt 0.903640 0.000000
vt 0.423983 0.000000
vt 0.813704 0.000000
vt 0.516060 0.000000
vt 0.905782 0.000000
vt 0.421842 0.000000
vt 0.811563 0.000000
vt 0.518201 0.000000
vt 0.907923 0.000000
vt 0.419700 0.000000
vt 0.809422 0.000000
vt 0.520343 0.000000
vt 0.910064 0.000000
vt 0.417559 0.000000
vt 0.807281 0.000000
vt 0.522484 0.000000
vt 0.912206 0.000000
vt 0.415418 0.000000
vt 0.805139 0.000000
vt 0.524625 0.000000
vt 0.914347 0.000000
vt 0.413276 0.000000
vt 0.802998 0.000000
vt 0.526767 0.000000
vt 0.916488 0.000000
vt 0.411135 0.000000
vt 0.800857 0.000000
vt 0.528908 0.000000
vt 0.918630 0.000000
vt 0.408994 0.000000
vt 0.798715 0.000000
vt 0.531049 0.000000
vt 0.920771 0.000000
vt 0.406852 0.000000
vt 0.796574 0.000000
vt 0.533191 0.000000
vt 0.922912 0.000000
vt 0.404711 0.000000
vt 0.794433 0.000000
vt 0.535332 0.000000
vt 0.925054 0.000000
vt 0.402570 0.000000
vt 0.792291 0.000000
vt 0.537473 0.000000
vt 0.927195 0.000000
vt 0.400428 0.000000
vt 0.790150 0.000000
vt 0.539615 0.000000
vt 0.929336 0.000000
vt 0.398287 0.000000
vt 0.788009 0.000000
vt 0.541756 0.000000
vt 0.931477 0.000000
vt 0.396146 0.000000
vt 0.785867 0.000000
vt 0.543897 0.000000
vt 0.933619 0.000000
vt 0.394004 0.000000
vt 0.783726 0.000000
vt 0.546039 0.000000
vt 0.935760 0.000000
vt 0.391863 0.000000
vt 0.781585 0.000000
vt 0.389722 0.000000
vt 0.548180 0.000000
vt 0.779443 0.000000
vt 0.937901 0.000000
vt 0.777302 0.000000
vt 0.550321 0.000000
vt 0.387580 0.000000
vt 0.940043 0.000000
vt 0.775161 0.000000
vt 0.552463 0.000000
vt 0.773019 0.000000
vt 0.385439 0.000000
vt 0.554604 0.000000
vt 0.942184 0.000000
vt 0.770878 0.000000
vt 0.556745 0.000000
vt 0.383298 0.000000
vt 0.944326 0.000000
vt 0.768737 0.000000
vt 0.558887 0.000000
vt 0.766595 0.000000
vt 0.561028 0.000000
vt 0.381156 0.000000
vt 0.946467 0.000000
vt 0.764454 0.000000
vt 0.563169 0.000000
vt 0.762313 0.000000
vt 0.565310 0.000000
vt 0.948608 0.000000
vt 0.379015 0.000000
vt 0.760171 0.000000
vt 0.567452 0.000000
vt 0.758030 0.000000
vt 0.950749 0.000000
vt 0.569593 0.000000
vt 0.376874 0.000000
vt 0.755889 0.000000
vt 0.571734 0.000000
vt 0.753747 0.000000
vt 0.952891 0.000000
vt 0.374732 0.000000
vt 0.573876 0.000000
vt 0.751606 0.000000
vt 0.576017 0.000000
vt 0.955032 0.000000
vt 0.749465 0.000000
vt 0.578158 0.000000
vt 0.372591 0.000000
vt 0.580300 0.000000
vt 0.747323 0.000000
vt 0.957173 0.000000
vt 0.582441 0.000000
vt 0.370450 0.000000
vt 0.745182 0.000000
vt 0.584582 0.000000
vt 0.959315 0.000000
vt 0.743041 0.000000
vt 0.586724 0.000000
vt 0.368308 0.000000
vt 0.588865 0.000000
vt 0.740899 0.000000
vt 0.961456 0.000000
vt 0.591006 0.000000
vt 0.366167 0.000000
vt 0.738758 0.000000
vt 0.593148 0.000000
vt 0.963597 0.000000
vt 0.736617 0.000000
vt 0.595289 0.000000
vt 0.965739 0.000000
vt 0.364026 0.000000
vt 0.597430 0.000000
vt 0.734475 0.000000
vt 0.361884 0.000000
vt 0.967880 0.000000
vt 0.599572 0.000000
vt 0.732334 0.000000
vt 0.359743 0.000000
vt 0.970021 0.000000
vt 0.601713 0.000000
vt 0.730193 0.000000
vt 0.357602 0.000000
vt 0.603854 0.000000
vt 0.728051 0.000000
vt 0.972163 0.000000
vt 0.725910 0.000000
vt 0.355460 0.000000
vt 0.605996 0.000000
vt 0.723769 0.000000
vt 0.974304 0.000000
vt 0.608137 0.000000
vt 0.353319 0.000000
vt 0.721627 0.000000
vt 0.610278 0.000000
vt 0.976445 0.000000
vt 0.719486 0.000000
vt 0.351178 0.000000
vt 0.612420 0.000000
vt 0.717345 0.000000
vt 0.614561 0.000000
vt 0.978587 0.000000
vt 0.349036 0.000000
vt 0.715203 0.000000
vt 0.616702 0.000000
vt 0.346895 0.000000
vt 0.713062 0.000000
vt 0.980728 0.000000
vt 0.618844 0.000000
vt 0.710921 0.000000
vt 0.344754 0.000000
vt 0.620985 0.000000
vt 0.982869 0.000000
vt 0.708779 0.000000
vt 0.623126 0.000000
vt 0.342612 0.000000
vt 0.706638 0.000000
vt 0.985011 0.000000
vt 0.625268 0.000000
vt 0.340471 0.000000
vt 0.704497 0.000000
vt 0.987152 0.000000
vt 0.702355 0.000000
vt 0.338330 0.000000
vt 0.989293 0.000000
vt 0.627409 0.000000
vt 0.700214 0.000000
vt 0.698073 0.000000
vt 0.629550 0.000000
vt 0.695931 0.000000
vt 0.693790 0.000000
vt 0.631692 0.000000
vt 0.691649 0.000000
vt 0.689507 0.000000
vt 0.633833 0.000000
vt 0.687366 0.000000
vt 0.685225 0.000000
vt 0.635974 0.000000
vt 0.683084 0.000000
vt 0.638116 0.000000
vt 0.680942 0.000000
vt 0.678801 0.000000
vt 0.640257 0.000000
vt 0.676660 0.000000
vt 0.674518 0.000000
vt 0.642398 0.000000
vt 0.334047 0.000000
vt 0.336188 0.000000
vt 0.991435 0.000000
vt 0.993576 0.000000
vt 0.672377 0.000000
vt 0.644540 0.000000
vt 0.670236 0.000000
vt 0.668094 0.000000
vt 0.646681 0.000000
vt 0.665953 0.000000
vt 0.663812 0.000000
vt 0.648822 0.000000
vt 0.661670 0.000000
vt 0.659529 0.000000
vt 0.657388 0.000000
vt 0.650964 0.000000
vt 0.655246 0.000000
vt 0.653105 0.000000
vt 0.581549 0.000000
vt 0.329764 0.000000
vt 0.331906 0.000000
vt 0.995717 0.000000
vt 2.008904 0.000000
vt 0.997859 0.000000
vt 1.000000 0.000000
vt 0.327623 0.000000
vt 0.325482 0.000000
vt 0.000000 0.000000
vt 0.321199 0.000000
vt 0.323340 0.000000
vt 0.002141 0.000000
vt 0.004283 0.000000
vt 0.189552 0.000000
vt 0.316916 0.000000
vt 0.319058 0.000000
vt 0.006424 0.000000
vt -0.761132 0.000000
vt 0.008565 0.000000
vt 0.314775 0.000000
vt 0.010707 0.000000
vt 0.312634 0.000000
vt 0.012848 0.000000
vt 0.310493 0.000000
vt 0.014989 0.000000
vt 0.308351 0.000000
vt 0.306210 0.000000
vt 0.017131 0.000000
vt 0.304069 0.000000
vt 0.019272 0.000000
vt 0.301927 0.000000
vt 0.021413 0.000000
vt 0.299786 0.000000
vt 0.023555 0.000000
vt 0.297645 0.000000
vt 0.025696 0.000000
vt 0.295503 0.000000
vt 0.027837 0.000000
vt 0.029979 0.000000
vt 0.293362 0.000000
vt 0.032120 0.000000
vt 0.291221 0.000000
vt 0.034261 0.000000
vt 0.289079 0.000000
vt 0.036403 0.000000
vt 0.286938 0.000000
vt 0.038544 0.000000
vt 0.284797 0.000000
vt 0.040685 0.000000
vt 0.282655 0.000000
vt 0.042827 0.000000
vt 0.280514 0.000000
vt 0.044968 0.000000
vt 0.278373 0.000000
vt 0.047109 0.000000
vt 0.276231 0.000000
vt 0.049251 0.000000
vt 0.274090 0.000000
vt 0.051392 0.000000
vt 0.271949 0.000000
vt 0.053533 0.000000
vt 0.269807 0.000000
vt 0.055675 0.000000
vt 0.267666 0.000000
vt 0.265525 0.000000
vt 0.057816 0.000000
vt 0.263383 0.000000
vt 0.059957 0.000000
vt 0.261242 0.000000
vt 0.062098 0.000000
vt 0.064240 0.000000
vt 0.259101 0.000000
vt 0.066381 0.000000
vt 0.256959 0.000000
vt 0.068522 0.000000
vt 0.254818 0.000000
vt 0.070664 0.000000
vt 0.252677 0.000000
vt 0.072805 0.000000
vt 0.250535 0.000000
vt 0.074946 0.000000
vt 0.248394 0.000000
vt 0.077088 0.000000
vt 0.246253 0.000000
vt 0.079229 0.000000
vt 0.244111 0.000000
vt 0.081370 0.000000
vt 0.241970 0.000000
vt 0.083512 0.000000
vt 0.239829 0.000000
vt 0.085653 0.000000
vt 0.237687 0.000000
vt 0.087794 0.000000
vt 0.089936 0.000000
vt 0.235546 0.000000
vt 0.092077 0.000000
vt 0.233405 0.000000
vt 0.094218 0.000000
vt 0.231263 0.000000
vt 0.096360 0.000000
vt 0.229122 0.000000
vt 0.098501 0.000000
vt 0.226981 0.000000
vt 0.100642 0.000000
vt 0.224839 0.000000
vt 0.222698 0.000000
vt 0.102784 0.000000
vt 0.220557 0.000000
vt 0.104925 0.000000
vt 0.218415 0.000000
vt 0.107066 0.000000
vt 0.216274 0.000000
vt 0.109208 0.000000
vt 0.214133 0.000000
vt 0.111349 0.000000
vt 0.211991 0.000000
vt 0.113490 0.000000
vt 0.209850 0.000000
vt 0.115632 0.000000
vt 0.207709 0.000000
vt 0.117773 0.000000
vt 0.205567 0.000000
vt 0.119914 0.000000
vt 0.203426 0.000000
vt 0.122056 0.000000
vt 0.201285 0.000000
vt 0.124197 0.000000
vt 0.199143 0.000000
vt 0.162741 0.000000
vt 0.126338 0.000000
vt 0.164882 0.000000
vt 0.160600 0.000000
vt 0.167024 0.000000
vt 0.158458 0.000000
vt 0.169165 0.000000
vt 0.156317 0.000000
vt 0.171306 0.000000
vt 0.154176 0.000000
vt 0.173448 0.000000
vt 0.152034 0.000000
vt 0.175589 0.000000
vt 0.149893 0.000000
vt 0.177730 0.000000
vt 0.147752 0.000000
vt 0.197002 0.000000
vt 0.128480 0.000000
vt 0.179872 0.000000
vt 0.145610 0.000000
vt 0.182013 0.000000
vt 0.143469 0.000000
vt 0.194861 0.000000
vt 0.130621 0.000000
vt 0.184154 0.000000
vt 0.141328 0.000000
vt 0.186296 0.000000
vt 0.139186 0.000000
vt 0.192719 0.000000
vt 0.132762 0.000000
vt 0.188437 0.000000
vt 0.137045 0.000000
vt 0.190578 0.000000
vt 0.134904 0.000000
s 0
f 207/1/1 208/2/1 209/3/1
f 231/4/2 232/5/2 233/6/2
f 389/7/3 390/8/3 391/9/3
f 413/10/2 414/11/2 415/12/2
f 231/4/2 233/6/2 234/13/2
f 413/10/2 415/12/2 416/14/2
f 206/15/2 207/1/2 209/3/2
f 388/16/1 389/7/1 391/9/1
f 231/4/2 234/13/2 235/17/2
f 413/10/2 416/14/2 417/18/2
f 205/19/2 206/15/2 209/3/2
f 387/20/2 388/16/2 391/9/2
f 205/19/2 209/3/2 210/21/2
f 230/22/2 231/4/2 235/17/2
f 387/20/2 391/9/2 392/23/2
f 412/24/2 413/10/2 417/18/2
f 230/22/2 235/17/2 236/25/2
f 412/24/2 417/18/2 418/26/2
f 204/27/2 205/19/2 210/21/2
f 386/28/2 387/20/2 392/23/2
f 204/27/2 210/21/2 211/29/2
f 229/30/2 230/22/2 236/25/2
f 386/28/2 392/23/2 393/31/2
f 411/32/2 412/24/2 418/26/2
f 204/27/2 211/29/2 212/33/2
f 228/34/2 229/30/2 236/25/2
f 386/28/2 393/31/2 394/35/2
f 410/36/2 411/32/2 418/26/2
f 228/34/2 236/25/2 237/37/2
f 410/36/2 418/26/2 419/38/2
f 203/39/2 204/27/2 212/33/2
f 385/40/2 386/28/2 394/35/2
f 203/39/2 212/33/2 213/41/2
f 227/42/2 228/34/2 237/37/2
f 385/40/2 394/35/2 395/43/2
f 409/44/2 410/36/2 419/38/2
f 203/39/2 213/41/2 214/45/2
f 226/46/2 227/42/2 237/37/2
f 385/40/2 395/43/2 396/47/2
f 408/48/2 409/44/2 419/38/2
f 226/46/2 237/37/2 238/49/2
f 408/48/2 419/38/2 420/50/2
f 203/39/2 214/45/2 215/51/2
f 225/52/2 226/46/2 238/49/2
f 385/40/2 396/47/2 397/53/2
f 407/54/2 408/48/2 420/50/2
f 202/55/2 203/39/2 215/51/2
f 384/56/2 385/40/2 397/53/2
f 202/55/2 215/51/2 216/57/2
f 224/58/2 225/52/2 238/49/2
f 384/56/2 397/53/2 398/59/2
f 406/60/2 407/54/2 420/50/2
f 202/55/2 216/57/2 217/61/2
f 223/62/2 224/58/2 238/49/2
f 384/56/2 398/59/2 399/63/2
f 405/64/2 406/60/2 420/50/2
f 202/55/2 217/61/2 218/65/2
f 222/66/2 223/62/2 238/49/2
f 384/56/2 399/63/2 400/67/2
f 404/68/2 405/64/2 420/50/2
f 202/55/2 218/65/2 219/69/2
f 221/70/3 222/66/3 238/49/3
f 384/56/2 400/67/2 401/71/2
f 403/72/2 404/68/2 420/50/2
f 202/55/1 219/69/1 220/73/1
f 220/73/4 221/70/4 238/49/4
f 384/56/3 401/71/3 402/74/3
f 402/74/5 403/72/5 420/50/5
f 202/55/2 220/73/2 238/49/2
f 384/56/2 402/74/2 420/50/2
f 202/55/2 238/49/2 239/75/2
f 384/56/2 420/50/2 421/76/2
f 201/77/2 202/55/2 239/75/2
f 383/78/2 384/56/2 421/76/2
f 201/77/2 239/75/2 240/79/2
f 383/78/2 421/76/2 422/80/2
f 200/81/2 201/77/2 240/79/2
f 382/82/2 383/78/2 422/80/2
f 200/81/2 240/79/2 241/83/2
f 382/82/2 422/80/2 423/84/2
f 199/85/2 200/81/2 241/83/2
f 381/86/2 382/82/2 423/84/2
f 199/85/2 241/83/2 242/87/2
f 381/86/2 423/84/2 424/88/2
f 198/89/2 199/85/2 242/87/2
f 380/90/2 381/86/2 424/88/2
f 198/89/2 242/87/2 243/91/2
f 380/90/2 424/88/2 425/92/2
f 197/93/2 198/89/2 243/91/2
f 379/94/2 380/90/2 425/92/2
f 197/93/2 243/91/2 244/95/2
f 379/94/2 425/92/2 426/96/2
f 196/97/2 197/93/2 244/95/2
f 378/98/2 379/94/2 426/96/2
f 196/97/2 244/95/2 245/99/2
f 378/98/2 426/96/2 427/100/2
f 195/101/2 196/97/2 245/99/2
f 377/102/2 378/98/2 427/100/2
f 195/101/2 245/99/2 246/103/2
f 377/102/2 427/100/2 428/104/2
f 194/105/2 195/101/2 246/103/2
f 376/106/2 377/102/2 428/104/2
f 194/105/2 246/103/2 247/107/2
f 376/106/2 428/104/2 429/108/2
f 193/109/2 194/105/2 247/107/2
f 375/110/2 376/106/2 429/108/2
f 193/109/2 247/107/2 248/111/2
f 375/110/2 429/108/2 430/112/2
f 192/113/2 193/109/2 248/111/2
f 374/114/2 375/110/2 430/112/2
f 192/113/2 248/111/2 249/115/2
f 374/114/2 430/112/2 431/116/2
f 191/117/2 192/113/2 249/115/2
f 373/118/2 374/114/2 431/116/2
f 191/117/2 249/115/2 250/119/2
f 373/118/2 431/116/2 432/120/2
f 190/121/2 191/117/2 250/119/2
f 372/122/2 373/118/2 432/120/2
f 190/121/2 250/119/2 251/123/2
f 372/122/2 432/120/2 433/124/2
f 189/125/2 190/121/2 251/123/2
f 371/126/2 372/122/2 433/124/2
f 189/125/2 251/123/2 252/127/2
f 371/126/2 433/124/2 434/128/2
f 188/129/2 189/125/2 252/127/2
f 370/130/2 371/126/2 434/128/2
f 188/129/2 252/127/2 253/131/2
f 370/130/2 434/128/2 435/132/2
f 187/133/2 188/129/2 253/131/2
f 369/134/2 370/130/2 435/132/2
f 187/133/2 253/131/2 254/135/2
f 369/134/2 435/132/2 436/136/2
f 186/137/2 187/133/2 254/135/2
f 368/138/2 369/134/2 436/136/2
f 186/137/2 254/135/2 255/139/2
f 368/138/2 436/136/2 437/140/2
f 185/141/2 186/137/2 255/139/2
f 367/142/2 368/138/2 437/140/2
f 185/141/2 255/139/2 256/143/2
f 367/142/2 437/140/2 438/144/2
f 184/145/2 185/141/2 256/143/2
f 366/146/2 367/142/2 438/144/2
f 183/147/2 184/145/2 256/143/2
f 183/147/2 256/143/2 257/148/2
f 365/149/2 366/146/2 438/144/2
f 365/149/2 438/144/2 439/150/2
f 364/151/2 365/149/2 439/150/2
f 183/147/2 257/148/2 258/152/2
f 182/153/2 183/147/2 258/152/2
f 364/151/2 439/150/2 440/154/2
f 363/155/2 364/151/2 440/154/2
f 182/153/2 258/152/2 259/156/2
f 362/157/2 363/155/2 440/154/2
f 181/158/2 182/153/2 259/156/2
f 181/158/2 259/156/2 260/159/2
f 362/157/2 440/154/2 441/160/2
f 361/161/2 362/157/2 441/160/2
f 181/158/2 260/159/2 261/162/2
f 180/163/2 181/158/2 261/162/2
f 361/161/2 441/160/2 442/164/2
f 360/165/2 361/161/2 442/164/2
f 180/163/2 261/162/2 262/166/2
f 359/167/2 360/165/2 442/164/2
f 180/163/2 262/166/2 263/168/2
f 179/169/2 180/163/2 263/168/2
f 359/167/2 442/164/2 443/170/2
f 358/171/2 359/167/2 443/170/2
f 179/169/2 263/168/2 264/172/2
f 357/173/2 358/171/2 443/170/2
f 179/169/2 264/172/2 265/174/2
f 357/173/2 443/170/2 444/175/2
f 178/176/2 179/169/2 265/174/2
f 356/177/2 357/173/2 444/175/2
f 178/176/2 265/174/2 266/178/2
f 355/179/2 356/177/2 444/175/2
f 355/179/2 444/175/2 445/180/2
f 178/176/2 266/178/2 267/181/2
f 177/182/2 178/176/2 267/181/2
f 354/183/2 355/179/2 445/180/2
f 177/182/2 267/181/2 268/184/2
f 353/185/2 354/183/2 445/180/2
f 353/185/2 445/180/2 446/186/2
f 176/187/2 177/182/2 268/184/2
f 176/187/2 268/184/2 269/188/2
f 352/189/2 353/185/2 446/186/2
f 176/187/2 269/188/2 270/190/2
f 352/189/2 446/186/2 447/191/2
f 351/192/2 352/189/2 447/191/2
f 176/187/2 270/190/2 271/193/2
f 175/194/2 176/187/2 271/193/2
f 175/194/2 271/193/2 272/195/2
f 350/196/2 351/192/2 447/191/2
f 350/196/2 447/191/2 448/197/2
f 175/194/2 272/195/2 273/198/2
f 174/199/2 175/194/2 273/198/2
f 349/200/2 350/196/2 448/197/2
f 174/199/2 273/198/2 274/201/2
f 349/200/2 448/197/2 449/202/2
f 348/203/2 349/200/2 449/202/2
f 174/199/2 274/201/2 275/204/2
f 173/205/2 174/199/2 275/204/2
f 173/205/2 275/204/2 276/206/2
f 347/207/2 348/203/2 449/202/2
f 347/207/2 449/202/2 450/208/2
f 173/205/2 276/206/2 277/209/2
f 172/210/2 173/205/2 277/209/2
f 346/211/2 347/207/2 450/208/2
f 172/210/2 277/209/2 278/212/2
f 346/211/2 450/208/2 451/213/2
f 345/214/2 346/211/2 451/213/2
f 172/210/2 278/212/2 279/215/2
f 345/214/2 451/213/2 452/216/2
f 171/217/2 172/210/2 279/215/2
f 171/217/2 279/215/2 280/218/2
f 344/219/2 345/214/2 452/216/2
f 170/220/2 171/217/2 280/218/2
f 344/219/2 452/216/2 453/221/2
f 170/220/2 280/218/2 281/222/2
f 343/223/2 344/219/2 453/221/2
f 169/224/2 170/220/2 281/222/2
f 343/223/2 453/221/2 454/225/2
f 169/224/2 281/222/2 282/226/2
f 342/227/2 343/223/2 454/225/2
f 168/228/2 169/224/2 282/226/2
f 168/228/2 282/226/2 283/229/2
f 341/230/2 342/227/2 454/225/2
f 341/230/2 454/225/2 455/231/2
f 340/232/2 341/230/2 455/231/2
f 167/233/2 168/228/2 283/229/2
f 167/233/2 283/229/2 284/234/2
f 339/235/2 340/232/2 455/231/2
f 339/235/2 455/231/2 456/236/2
f 167/233/2 284/234/2 285/237/2
f 166/238/2 167/233/2 285/237/2
f 338/239/2 339/235/2 456/236/2
f 166/238/2 285/237/2 286/240/2
f 338/239/2 456/236/2 457/241/2
f 337/242/2 338/239/2 457/241/2
f 165/243/2 166/238/2 286/240/2
f 165/243/2 286/240/2 287/244/2
f 336/245/2 337/242/2 457/241/2
f 165/243/2 287/244/2 288/246/2
f 336/245/2 457/241/2 458/247/2
f 164/248/2 165/243/2 288/246/2
f 335/249/2 336/245/2 458/247/2
f 164/248/2 288/246/2 289/250/2
f 163/251/2 164/248/2 289/250/2
f 334/252/2 335/249/2 458/247/2
f 334/252/2 458/247/2 459/253/2
f 163/251/2 289/250/2 290/254/2
f 333/255/2 334/252/2 459/253/2
f 162/256/2 163/251/2 290/254/2
f 162/256/2 290/254/2 291/257/2
f 333/255/2 459/253/2 460/258/2
f 332/259/2 333/255/2 460/258/2
f 162/256/2 291/257/2 292/260/2
f 161/261/2 162/256/2 292/260/2
f 331/262/2 332/259/2 460/258/2
f 331/262/2 460/258/2 461/263/2
f 161/261/2 292/260/2 293/264/2
f 160/265/2 161/261/2 293/264/2
f 330/266/2 331/262/2 461/263/2
f 330/266/2 461/263/2 462/267/2
f 329/268/2 330/266/2 462/267/2
f 159/269/2 160/265/2 293/264/2
f 329/268/2 462/267/2 463/270/2
f 159/269/2 293/264/2 294/271/2
f 328/272/2 329/268/2 463/270/2
f 327/273/2 328/272/2 463/270/2
f 159/269/2 294/271/2 295/274/2
f 326/275/2 327/273/2 463/270/2
f 325/276/2 326/275/2 463/270/2
f 159/269/2 295/274/2 296/277/2
f 324/278/2 325/276/2 463/270/2
f 323/279/2 324/278/2 463/270/2
f 159/269/2 296/277/2 297/280/2
f 322/281/2 323/279/2 463/270/2
f 321/282/2 322/281/2 463/270/2
f 159/269/2 297/280/2 298/283/2
f 320/284/2 321/282/2 463/270/2
f 159/269/2 298/283/2 299/285/2
f 319/286/2 320/284/2 463/270/2
f 318/287/2 319/286/2 463/270/2
f 159/269/2 299/285/2 300/288/2
f 317/289/2 318/287/2 463/270/2
f 316/290/2 317/289/2 463/270/2
f 159/269/2 300/288/2 301/291/2
f 157/292/2 158/293/2 159/269/2
f 157/292/2 159/269/2 301/291/2
f 316/290/2 463/270/2 464/294/2
f 316/290/2 464/294/2 465/295/2
f 315/296/2 316/290/2 465/295/2
f 157/292/2 301/291/2 302/297/2
f 314/298/2 315/296/2 465/295/2
f 313/299/2 314/298/2 465/295/2
f 157/292/2 302/297/2 303/300/2
f 312/301/2 313/299/2 465/295/2
f 311/302/2 312/301/2 465/295/2
f 157/292/2 303/300/2 304/303/2
f 310/304/2 311/302/2 465/295/2
f 309/305/2 310/304/2 465/295/2
f 308/306/2 309/305/2 465/295/2
f 157/292/2 304/303/2 305/307/2
f 307/308/2 308/306/2 465/295/2
f 306/309/2 307/308/2 465/295/2
f 305/307/2 306/309/2 465/295/2
f 157/292/2 305/307/2 465/295/2
f 156/310/6 157/292/6 465/295/6
f 155/311/2 156/312/2 466/313/2
f 466/313/7 156/312/7 465/314/7
f 155/311/2 466/313/2 467/315/2
f 155/311/2 467/315/2 468/316/2
f 154/317/2 155/311/2 468/316/2
f 153/318/2 154/317/2 468/316/2
f 153/318/2 468/316/2 1/319/2
f 151/320/2 152/321/2 153/318/2
f 151/320/2 153/318/2 1/319/2
f 151/320/2 1/319/2 2/322/2
f 151/320/2 2/322/2 3/323/2
f 150/324/6 151/320/6 3/323/6
f 149/325/2 150/326/2 4/327/2
f 4/327/6 150/326/6 3/328/6
f 149/325/2 4/327/2 5/329/2
f 148/330/2 149/325/2 5/329/2
f 148/330/2 5/329/2 6/331/2
f 147/332/2 148/330/2 6/331/2
f 147/332/2 6/331/2 7/333/2
f 146/334/2 147/332/2 7/333/2
f 146/334/2 7/333/2 8/335/2
f 145/336/2 146/334/2 8/335/2
f 144/337/2 145/336/2 8/335/2
f 144/337/2 8/335/2 9/338/2
f 143/339/2 144/337/2 9/338/2
f 143/339/2 9/338/2 10/340/2
f 142/341/2 143/339/2 10/340/2
f 142/341/2 10/340/2 11/342/2
f 141/343/2 142/341/2 11/342/2
f 141/343/2 11/342/2 12/344/2
f 140/345/2 141/343/2 12/344/2
f 140/345/2 12/344/2 13/346/2
f 139/347/2 140/345/2 13/346/2
f 139/347/2 13/346/2 14/348/2
f 139/347/2 14/348/2 15/349/2
f 138/350/2 139/347/2 15/349/2
f 138/350/2 15/349/2 16/351/2
f 137/352/2 138/350/2 16/351/2
f 137/352/2 16/351/2 17/353/2
f 136/354/2 137/352/2 17/353/2
f 136/354/2 17/353/2 18/355/2
f 135/356/2 136/354/2 18/355/2
f 135/356/2 18/355/2 19/357/2
f 134/358/2 135/356/2 19/357/2
f 134/358/2 19/357/2 20/359/2
f 133/360/2 134/358/2 20/359/2
f 133/360/2 20/359/2 21/361/2
f 132/362/2 133/360/2 21/361/2
f 132/362/2 21/361/2 22/363/2
f 131/364/2 132/362/2 22/363/2
f 131/364/2 22/363/2 23/365/2
f 130/366/2 131/364/2 23/365/2
f 130/366/2 23/365/2 24/367/2
f 129/368/2 130/366/2 24/367/2
f 129/368/2 24/367/2 25/369/2
f 128/370/2 129/368/2 25/369/2
f 128/370/2 25/369/2 26/371/2
f 127/372/2 128/370/2 26/371/2
f 127/372/2 26/371/2 27/373/2
f 126/374/2 127/372/2 27/373/2
f 125/375/2 126/374/2 27/373/2
f 125/375/2 27/373/2 28/376/2
f 124/377/2 125/375/2 28/376/2
f 124/377/2 28/376/2 29/378/2
f 123/379/2 124/377/2 29/378/2
f 123/379/2 29/378/2 30/380/2
f 123/379/2 30/380/2 31/381/2
f 122/382/2 123/379/2 31/381/2
f 122/382/2 31/381/2 32/383/2
f 121/384/2 122/382/2 32/383/2
f 121/384/2 32/383/2 33/385/2
f 120/386/2 121/384/2 33/385/2
f 120/386/2 33/385/2 34/387/2
f 119/388/2 120/386/2 34/387/2
f 119/388/2 34/387/2 35/389/2
f 118/390/2 119/388/2 35/389/2
f 118/390/2 35/389/2 36/391/2
f 117/392/2 118/390/2 36/391/2
f 117/392/2 36/391/2 37/393/2
f 116/394/2 117/392/2 37/393/2
f 116/394/2 37/393/2 38/395/2
f 115/396/2 116/394/2 38/395/2
f 115/396/2 38/395/2 39/397/2
f 114/398/2 115/396/2 39/397/2
f 114/398/2 39/397/2 40/399/2
f 113/400/2 114/398/2 40/399/2
f 113/400/2 40/399/2 41/401/2
f 112/402/8 113/400/8 41/401/8
f 112/402/2 41/401/2 42/403/2
f 112/402/2 42/403/2 43/404/2
f 111/405/2 112/402/2 43/404/2
f 111/405/2 43/404/2 44/406/2
f 110/407/2 111/405/2 44/406/2
f 110/407/2 44/406/2 45/408/2
f 109/409/2 110/407/2 45/408/2
f 109/409/2 45/408/2 46/410/2
f 108/411/2 109/409/2 46/410/2
f 108/411/2 46/410/2 47/412/2
f 107/413/2 108/411/2 47/412/2
f 107/413/2 47/412/2 48/414/2
f 106/415/2 107/413/2 48/414/2
f 105/416/2 106/415/2 48/414/2
f 105/416/2 48/414/2 49/417/2
f 104/418/2 105/416/2 49/417/2
f 104/418/2 49/417/2 50/419/2
f 103/420/2 104/418/2 50/419/2
f 103/420/2 50/419/2 51/421/2
f 102/422/2 103/420/2 51/421/2
f 102/422/2 51/421/2 52/423/2
f 101/424/2 102/422/2 52/423/2
f 101/424/2 52/423/2 53/425/2
f 100/426/2 101/424/2 53/425/2
f 100/426/2 53/425/2 54/427/2
f 99/428/2 100/426/2 54/427/2
f 99/428/2 54/427/2 55/429/2
f 98/430/2 99/428/2 55/429/2
f 98/430/2 55/429/2 56/431/2
f 97/432/2 98/430/2 56/431/2
f 97/432/2 56/431/2 57/433/2
f 96/434/2 97/432/2 57/433/2
f 96/434/2 57/433/2 58/435/2
f 95/436/2 96/434/2 58/435/2
f 95/436/2 58/435/2 59/437/2
f 94/438/2 95/436/2 77/439/2
f 77/439/1 95/436/1 59/437/1
f 77/439/2 59/437/2 60/440/2
f 94/438/9 77/439/9 78/441/9
f 76/442/2 77/439/2 60/440/2
f 94/438/2 78/441/2 79/443/2
f 75/444/2 76/442/2 60/440/2
f 94/438/2 79/443/2 80/445/2
f 74/446/9 75/444/9 60/440/9
f 94/438/2 80/445/2 81/447/2
f 73/448/2 74/446/2 60/440/2
f 94/438/2 81/447/2 82/449/2
f 72/450/1 73/448/1 60/440/1
f 94/438/2 82/449/2 83/451/2
f 71/452/2 72/450/2 60/440/2
f 94/438/2 83/451/2 84/453/2
f 70/454/2 71/452/2 60/440/2
f 93/455/2 94/438/2 84/453/2
f 70/454/2 60/440/2 61/456/2
f 93/455/2 84/453/2 85/457/2
f 69/458/2 70/454/2 61/456/2
f 93/455/2 85/457/2 86/459/2
f 68/460/2 69/458/2 61/456/2
f 92/461/2 93/455/2 86/459/2
f 68/460/2 61/456/2 62/462/2
f 92/461/2 86/459/2 87/463/2
f 67/464/2 68/460/2 62/462/2
f 92/461/2 87/463/2 88/465/2
f 66/466/2 67/464/2 62/462/2
f 91/467/2 92/461/2 88/465/2
f 66/466/2 62/462/2 63/468/2
f 91/467/2 88/465/2 89/469/2
f 65/470/2 66/466/2 63/468/2
f 90/471/2 91/467/2 89/469/2
f 65/470/2 63/468/2 64/472/2
f 675/1/10 677/3/10 676/2/10
f 699/4/11 701/6/11 700/5/11
f 857/7/11 859/9/11 858/8/11
f 881/10/11 883/12/11 882/11/11
f 699/4/11 702/13/11 701/6/11
f 881/10/11 884/14/11 883/12/11
f 674/15/11 677/3/11 675/1/11
f 856/16/11 859/9/11 857/7/11
f 699/4/11 703/17/11 702/13/11
f 881/10/11 885/18/11 884/14/11
f 673/19/11 677/3/11 674/15/11
f 855/20/11 859/9/11 856/16/11
f 673/19/11 678/21/11 677/3/11
f 698/22/11 703/17/11 699/4/11
f 855/20/11 860/23/11 859/9/11
f 880/24/11 885/18/11 881/10/11
f 698/22/11 704/25/11 703/17/11
f 880/24/11 886/26/11 885/18/11
f 672/27/11 678/21/11 673/19/11
f 854/28/11 860/23/11 855/20/11
f 672/27/11 679/29/11 678/21/11
f 697/30/11 704/25/11 698/22/11
f 854/28/11 861/31/11 860/23/11
f 879/32/11 886/26/11 880/24/11
f 672/27/11 680/33/11 679/29/11
f 696/34/11 704/25/11 697/30/11
f 854/28/11 862/35/11 861/31/11
f 878/36/11 886/26/11 879/32/11
f 696/34/11 705/37/11 704/25/11
f 878/36/11 887/38/11 886/26/11
f 671/39/11 680/33/11 672/27/11
f 853/40/11 862/35/11 854/28/11
f 671/39/11 681/41/11 680/33/11
f 695/42/11 705/37/11 696/34/11
f 853/40/11 863/43/11 862/35/11
f 877/44/11 887/38/11 878/36/11
f 671/39/11 682/45/11 681/41/11
f 694/46/11 705/37/11 695/42/11
f 853/40/11 864/47/11 863/43/11
f 876/48/11 887/38/11 877/44/11
f 694/46/11 706/49/11 705/37/11
f 876/48/11 888/50/11 887/38/11
f 671/39/11 683/51/11 682/45/11
f 693/52/11 706/49/11 694/46/11
f 853/40/11 865/53/11 864/47/11
f 875/54/11 888/50/11 876/48/11
f 670/55/11 683/51/11 671/39/11
f 852/56/11 865/53/11 853/40/11
f 670/55/11 684/57/11 683/51/11
f 692/58/11 706/49/11 693/52/11
f 852/56/11 866/59/11 865/53/11
f 874/60/11 888/50/11 875/54/11
f 670/55/11 685/61/11 684/57/11
f 691/62/11 706/49/11 692/58/11
f 852/56/11 867/63/11 866/59/11
f 873/64/11 888/50/11 874/60/11
f 670/55/11 686/65/11 685/61/11
f 690/66/11 706/49/11 691/62/11
f 852/56/11 868/67/11 867/63/11
f 872/68/11 888/50/11 873/64/11
f 670/55/12 687/69/12 686/65/12
f 689/70/10 706/49/10 690/66/10
f 852/56/12 869/71/12 868/67/12
f 871/72/11 888/50/11 872/68/11
f 670/55/13 688/73/13 687/69/13
f 688/73/14 706/49/14 689/70/14
f 852/56/11 870/74/11 869/71/11
f 870/74/11 888/50/11 871/72/11
f 670/55/11 706/49/11 688/73/11
f 852/56/11 888/50/11 870/74/11
f 670/55/11 707/75/11 706/49/11
f 852/56/11 889/76/11 888/50/11
f 669/77/11 707/75/11 670/55/11
f 851/78/11 889/76/11 852/56/11
f 669/77/11 708/79/11 707/75/11
f 851/78/11 890/80/11 889/76/11
f 668/81/11 708/79/11 669/77/11
f 850/82/11 890/80/11 851/78/11
f 668/81/11 709/83/11 708/79/11
f 850/82/11 891/84/11 890/80/11
f 667/85/11 709/83/11 668/81/11
f 849/86/11 891/84/11 850/82/11
f 667/85/11 710/87/11 709/83/11
f 849/86/11 892/88/11 891/84/11
f 666/89/11 710/87/11 667/85/11
f 848/90/11 892/88/11 849/86/11
f 666/89/11 711/91/11 710/87/11
f 848/90/11 893/92/11 892/88/11
f 665/93/11 711/91/11 666/89/11
f 847/94/11 893/92/11 848/90/11
f 665/93/11 712/95/11 711/91/11
f 847/94/11 894/96/11 893/92/11
f 664/97/11 712/95/11 665/93/11
f 846/98/11 894/96/11 847/94/11
f 664/97/11 713/99/11 712/95/11
f 846/98/11 895/100/11 894/96/11
f 663/101/11 713/99/11 664/97/11
f 845/102/11 895/100/11 846/98/11
f 663/101/11 714/103/11 713/99/11
f 845/102/11 896/104/11 895/100/11
f 662/105/11 714/103/11 663/101/11
f 844/106/11 896/104/11 845/102/11
f 662/105/11 715/107/11 714/103/11
f 844/106/11 897/108/11 896/104/11
f 661/109/11 715/107/11 662/105/11
f 843/110/11 897/108/11 844/106/11
f 661/109/11 716/111/11 715/107/11
f 843/110/11 898/112/11 897/108/11
f 660/113/11 716/111/11 661/109/11
f 842/114/11 898/112/11 843/110/11
f 660/113/11 717/115/11 716/111/11
f 842/114/11 899/116/11 898/112/11
f 659/117/11 717/115/11 660/113/11
f 841/118/11 899/116/11 842/114/11
f 659/117/11 718/119/11 717/115/11
f 841/118/11 900/120/11 899/116/11
f 658/121/11 718/119/11 659/117/11
f 840/122/11 900/120/11 841/118/11
f 658/121/11 719/123/11 718/119/11
f 840/122/11 901/124/11 900/120/11
f 657/125/11 719/123/11 658/121/11
f 839/126/11 901/124/11 840/122/11
f 657/125/11 720/127/11 719/123/11
f 839/126/11 902/128/11 901/124/11
f 656/129/11 720/127/11 657/125/11
f 838/130/11 902/128/11 839/126/11
f 656/129/11 721/131/11 720/127/11
f 838/130/11 903/132/11 902/128/11
f 655/133/11 721/131/11 656/129/11
f 837/134/11 903/132/11 838/130/11
f 655/133/11 722/135/11 721/131/11
f 837/134/11 904/136/11 903/132/11
f 654/137/11 722/135/11 655/133/11
f 836/138/11 904/136/11 837/134/11
f 654/137/11 723/139/11 722/135/11
f 836/138/11 905/140/11 904/136/11
f 653/141/11 723/139/11 654/137/11
f 835/142/11 905/140/11 836/138/11
f 653/141/11 724/143/11 723/139/11
f 835/142/11 906/144/11 905/140/11
f 652/145/11 724/143/11 653/141/11
f 834/146/11 906/144/11 835/142/11
f 651/147/11 724/143/11 652/145/11
f 651/147/11 725/148/11 724/143/11
f 833/149/11 906/144/11 834/146/11
f 833/149/11 907/150/11 906/144/11
f 832/151/11 907/150/11 833/149/11
f 651/147/11 726/152/11 725/148/11
f 650/153/11 726/152/11 651/147/11
f 832/151/11 908/154/11 907/150/11
f 831/155/11 908/154/11 832/151/11
f 650/153/11 727/156/11 726/152/11
f 830/157/11 908/154/11 831/155/11
f 649/158/11 727/156/11 650/153/11
f 649/158/11 728/159/11 727/156/11
f 830/157/11 909/160/11 908/154/11
f 829/161/11 909/160/11 830/157/11
f 649/158/11 729/162/11 728/159/11
f 648/163/11 729/162/11 649/158/11
f 829/161/11 910/164/11 909/160/11
f 828/165/11 910/164/11 829/161/11
f 648/163/11 730/166/11 729/162/11
f 827/167/11 910/164/11 828/165/11
f 648/163/11 731/168/11 730/166/11
f 647/169/11 731/168/11 648/163/11
f 827/167/11 911/170/11 910/164/11
f 826/171/11 911/170/11 827/167/11
f 647/169/11 732/172/11 731/168/11
f 825/173/11 911/170/11 826/171/11
f 647/169/11 733/174/11 732/172/11
f 825/173/11 912/175/11 911/170/11
f 646/176/11 733/174/11 647/169/11
f 824/177/11 912/175/11 825/173/11
f 646/176/11 734/178/11 733/174/11
f 823/179/11 912/175/11 824/177/11
f 823/179/11 913/180/11 912/175/11
f 646/176/11 735/181/11 734/178/11
f 645/182/11 735/181/11 646/176/11
f 822/183/11 913/180/11 823/179/11
f 645/182/11 736/184/11 735/181/11
f 821/185/11 913/180/11 822/183/11
f 821/185/11 914/186/11 913/180/11
f 644/187/11 736/184/11 645/182/11
f 644/187/11 737/188/11 736/184/11
f 820/189/11 914/186/11 821/185/11
f 644/187/11 738/190/11 737/188/11
f 820/189/11 915/191/11 914/186/11
f 819/192/11 915/191/11 820/189/11
f 644/187/11 739/193/11 738/190/11
f 643/194/11 739/193/11 644/187/11
f 643/194/11 740/195/11 739/193/11
f 818/196/11 915/191/11 819/192/11
f 818/196/11 916/197/11 915/191/11
f 643/194/11 741/198/11 740/195/11
f 642/199/11 741/198/11 643/194/11
f 817/200/11 916/197/11 818/196/11
f 642/199/11 742/201/11 741/198/11
f 817/200/11 917/202/11 916/197/11
f 816/203/11 917/202/11 817/200/11
f 642/199/11 743/204/11 742/201/11
f 641/205/11 743/204/11 642/199/11
f 641/205/11 744/206/11 743/204/11
f 815/207/11 917/202/11 816/203/11
f 815/207/11 918/208/11 917/202/11
f 641/205/11 745/209/11 744/206/11
f 640/210/11 745/209/11 641/205/11
f 814/211/11 918/208/11 815/207/11
f 640/210/11 746/212/11 745/209/11
f 814/211/11 919/213/11 918/208/11
f 813/214/11 919/213/11 814/211/11
f 640/210/11 747/215/11 746/212/11
f 813/214/11 920/216/11 919/213/11
f 639/217/11 747/215/11 640/210/11
f 639/217/11 748/218/11 747/215/11
f 812/219/11 920/216/11 813/214/11
f 638/220/11 748/218/11 639/217/11
f 812/219/11 921/221/11 920/216/11
f 638/220/11 749/222/11 748/218/11
f 811/223/11 921/221/11 812/219/11
f 637/224/11 749/222/11 638/220/11
f 811/223/11 922/225/11 921/221/11
f 637/224/11 750/226/11 749/222/11
f 810/227/11 922/225/11 811/223/11
f 636/228/11 750/226/11 637/224/11
f 636/228/11 751/229/11 750/226/11
f 809/230/11 922/225/11 810/227/11
f 809/230/11 923/231/11 922/225/11
f 808/232/11 923/231/11 809/230/11
f 635/233/11 751/229/11 636/228/11
f 635/233/11 752/234/11 751/229/11
f 807/235/11 923/231/11 808/232/11
f 807/235/11 924/236/11 923/231/11
f 635/233/11 753/237/11 752/234/11
f 634/238/11 753/237/11 635/233/11
f 806/239/11 924/236/11 807/235/11
f 634/238/11 754/240/11 753/237/11
f 806/239/11 925/241/11 924/236/11
f 805/242/11 925/241/11 806/239/11
f 633/243/11 754/240/11 634/238/11
f 633/243/11 755/244/11 754/240/11
f 804/245/11 925/241/11 805/242/11
f 633/243/11 756/246/11 755/244/11
f 804/245/11 926/247/11 925/241/11
f 632/248/11 756/246/11 633/243/11
f 803/249/11 926/247/11 804/245/11
f 632/248/11 757/250/11 756/246/11
f 631/251/11 757/250/11 632/248/11
f 802/252/11 926/247/11 803/249/11
f 802/252/11 927/253/11 926/247/11
f 631/251/11 758/254/11 757/250/11
f 801/255/11 927/253/11 802/252/11
f 630/256/11 758/254/11 631/251/11
f 630/256/11 759/257/11 758/254/11
f 801/255/11 928/258/11 927/253/11
f 800/259/11 928/258/11 801/255/11
f 630/256/11 760/260/11 759/257/11
f 629/261/11 760/260/11 630/256/11
f 799/262/11 928/258/11 800/259/11
f 799/262/11 929/263/11 928/258/11
f 629/261/11 761/264/11 760/260/11
f 628/265/11 761/264/11 629/261/11
f 798/266/11 929/263/11 799/262/11
f 798/266/11 930/267/11 929/263/11
f 797/268/11 930/267/11 798/266/11
f 627/269/11 761/264/11 628/265/11
f 797/268/11 931/270/11 930/267/11
f 627/269/11 762/271/11 761/264/11
f 796/272/11 931/270/11 797/268/11
f 795/273/11 931/270/11 796/272/11
f 627/269/11 763/274/11 762/271/11
f 794/275/11 931/270/11 795/273/11
f 793/276/11 931/270/11 794/275/11
f 627/269/11 764/277/11 763/274/11
f 792/278/11 931/270/11 793/276/11
f 791/279/11 931/270/11 792/278/11
f 627/269/11 765/280/11 764/277/11
f 790/281/11 931/270/11 791/279/11
f 789/282/11 931/270/11 790/281/11
f 627/269/11 766/283/11 765/280/11
f 788/284/11 931/270/11 789/282/11
f 627/269/11 767/285/11 766/283/11
f 787/286/11 931/270/11 788/284/11
f 786/287/11 931/270/11 787/286/11
f 627/269/11 768/288/11 767/285/11
f 785/289/11 931/270/11 786/287/11
f 784/290/11 931/270/11 785/289/11
f 627/269/11 769/291/11 768/288/11
f 625/292/11 627/269/11 626/293/11
f 625/292/11 769/291/11 627/269/11
f 784/290/11 932/294/11 931/270/11
f 784/290/11 933/295/11 932/294/11
f 783/296/11 933/295/11 784/290/11
f 625/292/11 770/297/11 769/291/11
f 782/298/11 933/295/11 783/296/11
f 781/299/11 933/295/11 782/298/11
f 625/292/11 771/300/11 770/297/11
f 780/301/11 933/295/11 781/299/11
f 779/302/11 933/295/11 780/301/11
f 625/292/11 772/303/11 771/300/11
f 778/304/11 933/295/11 779/302/11
f 777/305/11 933/295/11 778/304/11
f 776/306/11 933/295/11 777/305/11
f 625/292/11 773/307/11 772/303/11
f 775/308/11 933/295/11 776/306/11
f 774/309/11 933/295/11 775/308/11
f 773/307/11 933/295/11 774/309/11
f 625/292/11 933/295/11 773/307/11
f 624/310/6 933/295/6 625/292/6
f 623/311/11 934/313/11 624/312/11
f 934/313/7 933/314/7 624/312/7
f 623/311/11 935/315/11 934/313/11
f 623/311/11 936/316/11 935/315/11
f 622/317/11 936/316/11 623/311/11
f 621/318/11 936/316/11 622/317/11
f 621/318/11 469/319/11 936/316/11
f 619/320/11 621/318/11 620/321/11
f 619/320/11 469/319/11 621/318/11
f 619/320/11 470/322/11 469/319/11
f 619/320/11 471/323/11 470/322/11
f 618/324/6 471/323/6 619/320/6
f 617/325/11 472/327/11 618/326/11
f 472/327/6 471/328/6 618/326/6
f 617/325/11 473/329/11 472/327/11
f 616/330/11 473/329/11 617/325/11
f 616/330/11 474/331/11 473/329/11
f 615/332/11 474/331/11 616/330/11
f 615/332/11 475/333/11 474/331/11
f 614/334/11 475/333/11 615/332/11
f 614/334/11 476/335/11 475/333/11
f 613/336/11 476/335/11 614/334/11
f 612/337/11 476/335/11 613/336/11
f 612/337/11 477/338/11 476/335/11
f 611/339/11 477/338/11 612/337/11
f 611/339/11 478/340/11 477/338/11
f 610/341/11 478/340/11 611/339/11
f 610/341/11 479/342/11 478/340/11
f 609/343/11 479/342/11 610/341/11
f 609/343/11 480/344/11 479/342/11
f 608/345/11 480/344/11 609/343/11
f 608/345/11 481/346/11 480/344/11
f 607/347/11 481/346/11 608/345/11
f 607/347/11 482/348/11 481/346/11
f 607/347/11 483/349/11 482/348/11
f 606/350/11 483/349/11 607/347/11
f 606/350/11 484/351/11 483/349/11
f 605/352/11 484/351/11 606/350/11
f 605/352/11 485/353/11 484/351/11
f 604/354/11 485/353/11 605/352/11
f 604/354/11 486/355/11 485/353/11
f 603/356/11 486/355/11 604/354/11
f 603/356/11 487/357/11 486/355/11
f 602/358/11 487/357/11 603/356/11
f 602/358/11 488/359/11 487/357/11
f 601/360/11 488/359/11 602/358/11
f 601/360/11 489/361/11 488/359/11
f 600/362/11 489/361/11 601/360/11
f 600/362/11 490/363/11 489/361/11
f 599/364/11 490/363/11 600/362/11
f 599/364/11 491/365/11 490/363/11
f 598/366/11 491/365/11 599/364/11
f 598/366/11 492/367/11 491/365/11
f 597/368/11 492/367/11 598/366/11
f 597/368/11 493/369/11 492/367/11
f 596/370/11 493/369/11 597/368/11
f 596/370/11 494/371/11 493/369/11
f 595/372/11 494/371/11 596/370/11
f 595/372/11 495/373/11 494/371/11
f 594/374/11 495/373/11 595/372/11
f 593/375/11 495/373/11 594/374/11
f 593/375/11 496/376/11 495/373/11
f 592/377/11 496/376/11 593/375/11
f 592/377/11 497/378/11 496/376/11
f 591/379/11 497/378/11 592/377/11
f 591/379/11 498/380/11 497/378/11
f 591/379/11 499/381/11 498/380/11
f 590/382/11 499/381/11 591/379/11
f 590/382/11 500/383/11 499/381/11
f 589/384/11 500/383/11 590/382/11
f 589/384/11 501/385/11 500/383/11
f 588/386/11 501/385/11 589/384/11
f 588/386/11 502/387/11 501/385/11
f 587/388/11 502/387/11 588/386/11
f 587/388/11 503/389/11 502/387/11
f 586/390/11 503/389/11 587/388/11
f 586/390/11 504/391/11 503/389/11
f 585/392/11 504/391/11 586/390/11
f 585/392/11 505/393/11 504/391/11
f 584/394/11 505/393/11 585/392/11
f 584/394/11 506/395/11 505/393/11
f 583/396/11 506/395/11 584/394/11
f 583/396/11 507/397/11 506/395/11
f 582/398/11 507/397/11 583/396/11
f 582/398/11 508/399/11 507/397/11
f 581/400/11 508/399/11 582/398/11
f 581/400/11 509/401/11 508/399/11
f 580/402/11 509/401/11 581/400/11
f 580/402/12 510/403/12 509/401/12
f 580/402/11 511/404/11 510/403/11
f 579/405/12 511/404/12 580/402/12
f 579/405/11 512/406/11 511/404/11
f 578/407/11 512/406/11 579/405/11
f 578/407/11 513/408/11 512/406/11
f 577/409/11 513/408/11 578/407/11
f 577/409/11 514/410/11 513/408/11
f 576/411/11 514/410/11 577/409/11
f 576/411/11 515/412/11 514/410/11
f 575/413/11 515/412/11 576/411/11
f 575/413/11 516/414/11 515/412/11
f 574/415/11 516/414/11 575/413/11
f 573/416/11 516/414/11 574/415/11
f 573/416/11 517/417/11 516/414/11
f 572/418/11 517/417/11 573/416/11
f 572/418/11 518/419/11 517/417/11
f 571/420/11 518/419/11 572/418/11
f 571/420/11 519/421/11 518/419/11
f 570/422/11 519/421/11 571/420/11
f 570/422/11 520/423/11 519/421/11
f 569/424/11 520/423/11 570/422/11
f 569/424/11 521/425/11 520/423/11
f 568/426/11 521/425/11 569/424/11
f 568/426/11 522/427/11 521/425/11
f 567/428/11 522/427/11 568/426/11
f 567/428/11 523/429/11 522/427/11
f 566/430/11 523/429/11 567/428/11
f 566/430/11 524/431/11 523/429/11
f 565/432/11 524/431/11 566/430/11
f 565/432/11 525/433/11 524/431/11
f 564/434/11 525/433/11 565/432/11
f 564/434/11 526/435/11 525/433/11
f 563/436/11 526/435/11 564/434/11
f 563/436/11 527/437/11 526/435/11
f 562/438/11 545/439/11 563/436/11
f 545/439/11 527/437/11 563/436/11
f 545/439/11 528/440/11 527/437/11
f 562/438/15 546/441/15 545/439/15
f 544/442/16 528/440/16 545/439/16
f 562/438/17 547/443/17 546/441/17
f 543/444/11 528/440/11 544/442/11
f 562/438/11 548/445/11 547/443/11
f 542/446/11 528/440/11 543/444/11
f 562/438/11 549/447/11 548/445/11
f 541/448/11 528/440/11 542/446/11
f 562/438/11 550/449/11 549/447/11
f 540/450/12 528/440/12 541/448/12
f 562/438/11 551/451/11 550/449/11
f 539/452/11 528/440/11 540/450/11
f 562/438/11 552/453/11 551/451/11
f 538/454/11 528/440/11 539/452/11
f 561/455/11 552/453/11 562/438/11
f 538/454/11 529/456/11 528/440/11
f 561/455/11 553/457/11 552/453/11
f 537/458/11 529/456/11 538/454/11
f 561/455/11 554/459/11 553/457/11
f 536/460/11 529/456/11 537/458/11
f 560/461/11 554/459/11 561/455/11
f 536/460/11 530/462/11 529/456/11
f 560/461/11 555/463/11 554/459/11
f 535/464/11 530/462/11 536/460/11
f 560/461/11 556/465/11 555/463/11
f 534/466/11 530/462/11 535/464/11
f 559/467/11 556/465/11 560/461/11
f 534/466/11 531/468/11 530/462/11
f 559/467/11 557/469/11 556/465/11
f 533/470/11 531/468/11 534/466/11
f 558/471/10 557/469/10 559/467/10
f 533/470/12 532/472/12 531/468/12
f 373/118/18 842/114/18 374/114/18
f 98/430/19 567/428/19 99/428/19
f 149/325/20 618/326/20 150/326/20
f 452/216/21 921/221/21 453/221/21
f 416/14/22 885/18/22 417/18/22
f 205/19/23 674/15/23 206/15/23
f 280/218/24 749/222/24 281/222/24
f 249/115/25 718/119/25 250/119/25
f 55/429/26 524/431/26 56/431/26
f 3/328/6 472/327/6 4/327/6
f 343/223/27 812/219/27 344/219/27
f 387/20/28 856/16/28 388/16/28
f 97/432/29 566/430/29 98/430/29
f 431/116/30 900/120/30 432/120/30
f 4/327/31 473/329/31 5/329/31
f 169/224/32 638/220/32 170/220/32
f 190/121/33 659/117/33 191/117/33
f 148/330/34 617/325/34 149/325/34
f 209/3/35 678/21/35 210/21/35
f 56/431/36 525/433/36 57/433/36
f 372/122/37 841/118/37 373/118/37
f 230/22/38 699/4/38 231/4/38
f 96/434/39 565/432/39 97/432/39
f 453/221/40 922/225/40 454/225/40
f 5/329/41 474/331/41 6/331/41
f 147/332/42 616/330/42 148/330/42
f 281/222/43 750/226/43 282/226/43
f 250/119/44 719/123/44 251/123/44
f 391/9/45 860/23/45 392/23/45
f 57/433/46 526/435/46 58/435/46
f 342/227/47 811/223/47 343/223/47
f 412/24/48 881/10/48 413/10/48
f 95/436/49 564/434/49 96/434/49
f 432/120/50 901/124/50 433/124/50
f 7/333/51 474/331/51 475/333/51
f 168/228/52 637/224/52 169/224/52
f 189/125/53 658/121/53 190/121/53
f 146/334/54 615/332/54 147/332/54
f 235/17/55 704/25/55 236/25/55
f 58/435/56 527/437/56 59/437/56
f 371/126/57 840/122/57 372/122/57
f 94/438/58 563/436/58 95/436/58
f 282/226/59 751/229/59 283/229/59
f 417/18/60 886/26/60 418/26/60
f 7/333/61 476/335/61 8/335/61
f 341/230/62 810/227/62 342/227/62
f 204/27/63 673/19/63 205/19/63
f 145/336/64 614/334/64 146/334/64
f 251/123/65 720/127/65 252/127/65
f 386/28/66 855/20/66 387/20/66
f 144/337/67 613/336/67 145/336/67
f 454/225/68 923/231/68 455/231/68
f 433/124/69 902/128/69 434/128/69
f 59/437/70 528/440/70 60/440/70
f 340/232/71 809/230/71 341/230/71
f 188/129/72 657/125/72 189/125/72
f 210/21/73 679/29/73 211/29/73
f 77/439/74 546/441/74 78/441/74
f 8/335/75 477/338/75 9/338/75
f 167/233/76 636/228/76 168/228/76
f 370/130/77 839/126/77 371/126/77
f 229/30/78 698/22/78 230/22/78
f 76/442/79 545/439/79 77/439/79
f 143/339/80 612/337/80 144/337/80
f 283/229/81 752/234/81 284/234/81
f 252/127/82 721/131/82 253/131/82
f 392/23/83 861/31/83 393/31/83
f 78/441/84 547/443/84 79/443/84
f 9/338/85 478/340/85 10/340/85
f 339/235/86 808/232/86 340/232/86
f 411/32/87 880/24/87 412/24/87
f 75/444/88 544/442/88 76/442/88
f 142/341/89 611/339/89 143/339/89
f 434/128/90 903/132/90 435/132/90
f 187/133/91 656/129/91 188/129/91
f 455/231/92 924/236/92 456/236/92
f 211/29/93 680/33/93 212/33/93
f 79/443/94 548/445/94 80/445/94
f 10/340/95 479/342/95 11/342/95
f 369/134/96 838/130/96 370/130/96
f 228/34/97 697/30/97 229/30/97
f 74/446/98 543/444/98 75/444/98
f 141/343/99 610/341/99 142/341/99
f 284/234/100 753/237/100 285/237/100
f 166/238/101 635/233/101 167/233/101
f 253/131/102 722/135/102 254/135/102
f 393/31/103 862/35/103 394/35/103
f 80/445/104 549/447/104 81/447/104
f 11/342/105 480/344/105 12/344/105
f 338/239/106 807/235/106 339/235/106
f 410/36/107 879/32/107 411/32/107
f 73/448/108 542/446/108 74/446/108
f 140/345/109 609/343/109 141/343/109
f 435/132/110 904/136/110 436/136/110
f 186/137/111 655/133/111 187/133/111
f 285/237/112 754/240/112 286/240/112
f 236/25/113 705/37/113 237/37/113
f 81/447/114 550/449/114 82/449/114
f 12/344/115 481/346/115 13/346/115
f 368/138/116 837/134/116 369/134/116
f 72/450/117 541/448/117 73/448/117
f 139/347/118 608/345/118 140/345/118
f 457/241/119 924/236/119 925/241/119
f 418/26/120 887/38/120 419/38/120
f 337/242/121 806/239/121 338/239/121
f 203/39/122 672/27/122 204/27/122
f 254/135/123 723/139/123 255/139/123
f 82/449/124 551/451/124 83/451/124
f 13/346/125 482/348/125 14/348/125
f 165/243/126 634/238/126 166/238/126
f 385/40/127 854/28/127 386/28/127
f 71/452/128 540/450/128 72/450/128
f 436/136/129 905/140/129 437/140/129
f 14/348/130 483/349/130 15/349/130
f 185/141/131 654/137/131 186/137/131
f 138/350/132 607/347/132 139/347/132
f 286/240/133 755/244/133 287/244/133
f 212/33/134 681/41/134 213/41/134
f 83/451/135 552/453/135 84/453/135
f 336/245/136 805/242/136 337/242/136
f 367/142/137 836/138/137 368/138/137
f 227/42/138 696/34/138 228/34/138
f 70/454/139 539/452/139 71/452/139
f 15/349/140 484/351/140 16/351/140
f 93/455/141 562/438/141 94/438/141
f 137/352/142 606/350/142 138/350/142
f 287/244/143 756/246/143 288/246/143
f 255/139/144 724/143/144 256/143/144
f 394/35/145 863/43/145 395/43/145
f 409/44/146 878/36/146 410/36/146
f 457/241/147 926/247/147 458/247/147
f 437/140/148 906/144/148 438/144/148
f 60/440/149 529/456/149 61/456/149
f 16/351/150 485/353/150 17/353/150
f 164/248/151 633/243/151 165/243/151
f 184/145/152 653/141/152 185/141/152
f 136/354/153 605/352/153 137/352/153
f 213/41/154 682/45/154 214/45/154
f 84/453/155 553/457/155 85/457/155
f 335/249/156 804/245/156 336/245/156
f 366/146/157 835/142/157 367/142/157
f 226/46/158 695/42/158 227/42/158
f 69/458/159 538/454/159 70/454/159
f 17/353/160 486/355/160 18/355/160
f 183/147/161 652/145/161 184/145/161
f 135/356/162 604/354/162 136/354/162
f 288/246/163 757/250/163 289/250/163
f 395/43/164 864/47/164 396/47/164
f 85/457/165 554/459/165 86/459/165
f 163/251/166 632/248/166 164/248/166
f 408/48/167 877/44/167 409/44/167
f 68/460/168 537/458/168 69/458/168
f 256/143/169 725/148/169 257/148/169
f 18/355/170 487/357/170 19/357/170
f 334/252/171 803/249/171 335/249/171
f 365/149/172 834/146/172 366/146/172
f 92/461/173 561/455/173 93/455/173
f 134/358/174 603/356/174 135/356/174
f 237/37/175 706/49/175 238/49/175
f 458/247/176 927/253/176 459/253/176
f 438/144/177 907/150/177 439/150/177
f 419/38/178 888/50/178 420/50/178
f 61/456/179 530/462/179 62/462/179
f 19/357/180 488/359/180 20/359/180
f 364/151/181 833/149/181 365/149/181
f 133/360/182 602/358/182 134/358/182
f 289/250/183 758/254/183 290/254/183
f 214/45/184 683/51/184 215/51/184
f 86/459/185 555/463/185 87/463/185
f 333/255/186 802/252/186 334/252/186
f 225/52/187 694/46/187 226/46/187
f 67/464/188 536/460/188 68/460/188
f 257/148/189 726/152/189 258/152/189
f 20/359/190 489/361/190 21/361/190
f 162/256/191 631/251/191 163/251/191
f 182/153/192 651/147/192 183/147/192
f 132/362/193 601/360/193 133/360/193
f 396/47/194 865/53/194 397/53/194
f 87/463/195 556/465/195 88/465/195
f 407/54/196 876/48/196 408/48/196
f 66/466/188 535/464/188 67/464/188
f 290/254/197 759/257/197 291/257/197
f 439/150/198 908/154/198 440/154/198
f 21/361/199 490/363/199 22/363/199
f 363/155/200 832/151/200 364/151/200
f 202/55/201 671/39/201 203/39/201
f 91/467/202 560/461/202 92/461/202
f 131/364/203 600/362/203 132/362/203
f 459/253/204 928/258/204 460/258/204
f 332/259/205 801/255/205 333/255/205
f 384/56/206 853/40/206 385/40/206
f 258/152/207 727/156/207 259/156/207
f 62/462/208 531/468/208 63/468/208
f 22/363/209 491/365/209 23/365/209
f 362/157/210 831/155/210 363/155/210
f 130/366/211 599/364/211 131/364/211
f 291/257/212 760/260/212 292/260/212
f 215/51/213 684/57/213 216/57/213
f 88/465/214 557/469/214 89/469/214
f 161/261/215 630/256/215 162/256/215
f 181/158/216 650/153/216 182/153/216
f 224/58/217 693/52/217 225/52/217
f 65/470/218 534/466/218 66/466/218
f 23/365/219 492/367/219 24/367/219
f 331/262/220 800/259/220 332/259/220
f 90/471/221 559/467/221 91/467/221
f 129/368/222 598/366/222 130/366/222
f 259/156/223 728/159/223 260/159/223
f 397/53/224 866/59/224 398/59/224
f 89/469/225 558/471/225 90/471/225
f 406/60/226 875/54/226 407/54/226
f 64/472/227 533/470/227 65/470/227
f 460/258/228 929/263/228 461/263/228
f 440/154/229 909/160/229 441/160/229
f 63/468/230 532/472/230 64/472/230
f 24/367/231 493/369/231 25/369/231
f 361/161/232 830/157/232 362/157/232
f 128/370/233 597/368/233 129/368/233
f 292/260/234 761/264/234 293/264/234
f 216/57/235 685/61/235 217/61/235
f 160/265/236 629/261/236 161/261/236
f 223/62/237 692/58/237 224/58/237
f 260/159/238 729/162/238 261/162/238
f 25/369/239 494/371/239 26/371/239
f 330/266/240 799/262/240 331/262/240
f 180/163/241 649/158/241 181/158/241
f 127/372/242 596/370/242 128/370/242
f 398/59/243 867/63/243 399/63/243
f 405/64/244 874/60/244 406/60/244
f 461/263/245 930/267/245 462/267/245
f 441/160/246 910/164/246 442/164/246
f 26/371/247 495/373/247 27/373/247
f 329/268/248 798/266/248 330/266/248
f 360/165/249 829/161/249 361/161/249
f 126/374/250 595/372/250 127/372/250
f 217/61/251 686/65/251 218/65/251
f 159/269/252 628/265/252 160/265/252
f 222/66/253 691/62/253 223/62/253
f 125/375/254 594/374/254 126/374/254
f 261/162/255 730/166/255 262/166/255
f 359/167/256 828/165/256 360/165/256
f 463/270/257 930/267/257 931/270/257
f 399/63/258 868/67/258 400/67/258
f 27/373/259 496/376/259 28/376/259
f 404/68/260 873/64/260 405/64/260
f 124/377/261 593/375/261 125/375/261
f 293/264/262 762/271/262 294/271/262
f 262/166/263 731/168/263 263/168/263
f 328/272/264 797/268/264 329/268/264
f 179/169/265 648/163/265 180/163/265
f 218/65/266 687/69/266 219/69/266
f 28/376/267 497/378/267 29/378/267
f 327/273/268 796/272/268 328/272/268
f 221/70/269 690/66/269 222/66/269
f 123/379/270 592/377/270 124/377/270
f 442/164/271 911/170/271 443/170/271
f 358/171/272 827/167/272 359/167/272
f 294/271/273 763/274/273 295/274/273
f 400/67/274 869/71/274 401/71/274
f 29/378/275 498/380/275 30/380/275
f 326/275/276 795/273/276 327/273/276
f 403/72/277 872/68/277 404/68/277
f 263/168/278 732/172/278 264/172/278
f 30/380/279 499/381/279 31/381/279
f 325/276/280 794/275/280 326/275/280
f 357/173/281 826/171/281 358/171/281
f 122/382/282 591/379/282 123/379/282
f 219/69/283 688/73/283 220/73/283
f 220/73/284 689/70/284 221/70/284
f 295/274/285 764/277/285 296/277/285
f 264/172/286 733/174/286 265/174/286
f 31/381/287 500/383/287 32/383/287
f 324/278/288 793/276/288 325/276/288
f 121/384/289 590/382/289 122/382/289
f 443/170/290 912/175/290 444/175/290
f 401/71/291 870/74/291 402/74/291
f 323/279/292 792/278/292 324/278/292
f 178/176/293 647/169/293 179/169/293
f 402/74/294 871/72/294 403/72/294
f 32/383/295 501/385/295 33/385/295
f 356/177/296 825/173/296 357/173/296
f 120/386/297 589/384/297 121/384/297
f 296/277/298 765/280/298 297/280/298
f 322/281/299 791/279/299 323/279/299
f 265/174/300 734/178/300 266/178/300
f 238/49/301 707/75/301 239/75/301
f 33/385/302 502/387/302 34/387/302
f 321/282/303 790/281/303 322/281/303
f 355/179/304 824/177/304 356/177/304
f 119/388/305 588/386/305 120/386/305
f 420/50/306 889/76/306 421/76/306
f 201/77/307 670/55/307 202/55/307
f 297/280/308 766/283/308 298/283/308
f 444/175/309 913/180/309 445/180/309
f 34/387/310 503/389/310 35/389/310
f 320/284/311 789/282/311 321/282/311
f 383/78/312 852/56/312 384/56/312
f 118/390/313 587/388/313 119/388/313
f 266/178/314 735/181/314 267/181/314
f 177/182/315 646/176/315 178/176/315
f 298/283/316 767/285/316 299/285/316
f 239/75/317 708/79/317 240/79/317
f 35/389/318 504/391/318 36/391/318
f 319/286/319 788/284/319 320/284/319
f 354/183/320 823/179/320 355/179/320
f 117/392/321 586/390/321 118/390/321
f 421/76/322 890/80/322 422/80/322
f 318/287/323 787/286/323 319/286/323
f 200/81/324 669/77/324 201/77/324
f 267/181/325 736/184/325 268/184/325
f 36/391/326 505/393/326 37/393/326
f 353/185/327 822/183/327 354/183/327
f 382/82/328 851/78/328 383/78/328
f 116/394/329 585/392/329 117/392/329
f 299/285/330 768/288/330 300/288/330
f 317/289/331 786/287/331 318/287/331
f 445/180/332 914/186/332 446/186/332
f 240/79/333 709/83/333 241/83/333
f 37/393/334 506/395/334 38/395/334
f 316/290/335 785/289/335 317/289/335
f 176/187/336 645/182/336 177/182/336
f 115/396/337 584/394/337 116/394/337
f 422/80/338 891/84/338 423/84/338
f 199/85/339 668/81/339 200/81/339
f 300/288/340 769/291/340 301/291/340
f 268/184/341 737/188/341 269/188/341
f 38/395/342 507/397/342 39/397/342
f 157/292/343 626/293/343 158/293/343
f 352/189/344 821/185/344 353/185/344
f 381/86/345 850/82/345 382/82/345
f 114/398/346 583/396/346 115/396/346
f 158/293/7 627/269/7 159/269/7
f 269/188/347 738/190/347 270/190/347
f 241/83/348 710/87/348 242/87/348
f 39/397/349 508/399/349 40/399/349
f 113/400/350 582/398/350 114/398/350
f 463/270/7 932/294/7 464/294/7
f 446/186/351 915/191/351 447/191/351
f 423/84/352 892/88/352 424/88/352
f 351/192/353 820/189/353 352/189/353
f 198/89/354 667/85/354 199/85/354
f 464/294/355 933/295/355 465/295/355
f 40/399/356 509/401/356 41/401/356
f 315/296/357 784/290/357 316/290/357
f 380/90/358 849/86/358 381/86/358
f 112/402/359 581/400/359 113/400/359
f 270/190/360 739/193/360 271/193/360
f 175/194/361 644/187/361 176/187/361
f 301/291/362 770/297/362 302/297/362
f 242/87/363 711/91/363 243/91/363
f 41/401/364 510/403/364 42/403/364
f 315/296/365 782/298/365 783/296/365
f 271/193/366 740/195/366 272/195/366
f 424/88/367 893/92/367 425/92/367
f 42/403/368 511/404/368 43/404/368
f 313/299/369 782/298/369 314/298/369
f 350/196/370 819/192/370 351/192/370
f 197/93/371 666/89/371 198/89/371
f 111/405/372 580/402/372 112/402/372
f 379/94/373 848/90/373 380/90/373
f 302/297/374 771/300/374 303/300/374
f 447/191/375 916/197/375 448/197/375
f 43/404/376 512/406/376 44/406/376
f 312/301/377 781/299/377 313/299/377
f 110/407/378 579/405/378 111/405/378
f 272/195/379 741/198/379 273/198/379
f 243/91/380 712/95/380 244/95/380
f 311/302/381 780/301/381 312/301/381
f 174/199/382 643/194/382 175/194/382
f 425/92/383 894/96/383 426/96/383
f 44/406/384 513/408/384 45/408/384
f 349/200/385 818/196/385 350/196/385
f 196/97/386 665/93/386 197/93/386
f 109/409/387 578/407/387 110/407/387
f 303/300/388 772/303/388 304/303/388
f 310/304/389 779/302/389 311/302/389
f 378/98/390 847/94/390 379/94/390
f 273/198/391 742/201/391 274/201/391
f 45/408/392 514/410/392 46/410/392
f 309/305/393 778/304/393 310/304/393
f 108/411/394 577/409/394 109/409/394
f 448/197/395 917/202/395 449/202/395
f 244/95/396 713/99/396 245/99/396
f 308/306/397 777/305/397 309/305/397
f 348/203/398 817/200/398 349/200/398
f 426/96/399 895/100/399 427/100/399
f 46/410/400 515/412/400 47/412/400
f 195/101/401 664/97/401 196/97/401
f 107/413/402 576/411/402 108/411/402
f 304/303/403 773/307/403 305/307/403
f 274/201/404 743/204/404 275/204/404
f 307/308/405 776/306/405 308/306/405
f 173/205/406 642/199/406 174/199/406
f 377/102/407 846/98/407 378/98/407
f 47/412/408 516/414/408 48/414/408
f 306/309/409 775/308/409 307/308/409
f 106/415/410 575/413/410 107/413/410
f 275/204/411 744/206/411 276/206/411
f 245/99/412 714/103/412 246/103/412
f 305/307/413 774/309/413 306/309/413
f 347/207/414 816/203/414 348/203/414
f 105/416/415 574/415/415 106/415/415
f 427/100/416 896/104/416 428/104/416
f 194/105/417 663/101/417 195/101/417
f 156/310/6 625/292/6 157/292/6
f 449/202/418 918/208/418 450/208/418
f 48/414/419 517/417/419 49/417/419
f 376/106/420 845/102/420 377/102/420
f 104/418/421 573/416/421 105/416/421
f 155/311/422 624/312/422 156/312/422
f 276/206/423 745/209/423 277/209/423
f 172/210/424 641/205/424 173/205/424
f 207/1/425 676/2/425 208/2/425
f 246/103/426 715/107/426 247/107/426
f 49/417/427 518/419/427 50/419/427
f 465/314/6 934/313/6 466/313/6
f 346/211/428 815/207/428 347/207/428
f 208/2/429 677/3/429 209/3/429
f 103/420/430 572/418/430 104/418/430
f 428/104/431 897/108/431 429/108/431
f 231/4/432 700/5/432 232/5/432
f 466/313/433 935/315/433 467/315/433
f 193/109/434 662/105/434 194/105/434
f 277/209/435 746/212/435 278/212/435
f 232/5/436 701/6/436 233/6/436
f 50/419/437 519/421/437 51/421/437
f 467/315/438 936/316/438 468/316/438
f 375/110/439 844/106/439 376/106/439
f 389/7/440 858/8/440 390/8/440
f 102/422/441 571/420/441 103/420/441
f 154/317/442 623/311/442 155/311/442
f 450/208/443 919/213/443 451/213/443
f 345/214/444 814/211/444 346/211/444
f 390/8/445 859/9/445 391/9/445
f 153/318/446 622/317/446 154/317/446
f 247/107/447 716/111/447 248/111/447
f 413/10/448 882/11/448 414/11/448
f 51/421/449 520/423/449 52/423/449
f 101/424/450 570/422/450 102/422/450
f 278/212/451 747/215/451 279/215/451
f 429/108/452 898/112/452 430/112/452
f 414/11/453 883/12/453 415/12/453
f 468/316/454 469/319/454 1/319/454
f 192/113/455 661/109/455 193/109/455
f 151/320/456 620/321/456 152/321/456
f 451/213/457 920/216/457 452/216/457
f 233/6/458 702/13/458 234/13/458
f 52/423/459 521/425/459 53/425/459
f 171/217/460 640/210/460 172/210/460
f 374/114/461 843/110/461 375/110/461
f 100/426/462 569/424/462 101/424/462
f 152/321/7 621/318/7 153/318/7
f 415/12/463 884/14/463 416/14/463
f 206/15/464 675/1/464 207/1/464
f 279/215/465 748/218/465 280/218/465
f 248/111/466 717/115/466 249/115/466
f 53/425/467 522/427/467 54/427/467
f 1/319/7 470/322/7 2/322/7
f 344/219/468 813/214/468 345/214/468
f 388/16/469 857/7/469 389/7/469
f 99/428/470 568/426/470 100/426/470
f 430/112/471 899/116/471 431/116/471
f 2/322/472 471/323/472 3/323/472
f 170/220/473 639/217/473 171/217/473
f 191/117/252 660/113/252 192/113/252
f 150/324/6 619/320/6 151/320/6
f 234/13/474 703/17/474 235/17/474
f 54/427/475 523/429/475 55/429/475
f 373/118/476 841/118/476 842/114/476
f 98/430/19 566/430/19 567/428/19
f 149/325/20 617/325/20 618/326/20
f 452/216/21 920/216/21 921/221/21
f 416/14/22 884/14/22 885/18/22
f 205/19/261 673/19/261 674/15/261
f 280/218/24 748/218/24 749/222/24
f 249/115/25 717/115/25 718/119/25
f 55/429/26 523/429/26 524/431/26
f 3/328/6 471/328/6 472/327/6
f 343/223/27 811/223/27 812/219/27
f 387/20/477 855/20/477 856/16/477
f 97/432/29 565/432/29 566/430/29
f 431/116/30 899/116/30 900/120/30
f 4/327/31 472/327/31 473/329/31
f 169/224/32 637/224/32 638/220/32
f 190/121/33 658/121/33 659/117/33
f 148/330/34 616/330/34 617/325/34
f 209/3/35 677/3/35 678/21/35
f 56/431/36 524/431/36 525/433/36
f 372/122/478 840/122/478 841/118/478
f 230/22/38 698/22/38 699/4/38
f 96/434/39 564/434/39 565/432/39
f 453/221/40 921/221/40 922/225/40
f 5/329/41 473/329/41 474/331/41
f 147/332/42 615/332/42 616/330/42
f 281/222/43 749/222/43 750/226/43
f 250/119/44 718/119/44 719/123/44
f 391/9/45 859/9/45 860/23/45
f 57/433/46 525/433/46 526/435/46
f 342/227/47 810/227/47 811/223/47
f 412/24/48 880/24/48 881/10/48
f 95/436/49 563/436/49 564/434/49
f 432/120/50 900/120/50 901/124/50
f 7/333/51 6/331/51 474/331/51
f 168/228/52 636/228/52 637/224/52
f 189/125/479 657/125/479 658/121/479
f 146/334/54 614/334/54 615/332/54
f 235/17/480 703/17/480 704/25/480
f 58/435/56 526/435/56 527/437/56
f 371/126/57 839/126/57 840/122/57
f 94/438/58 562/438/58 563/436/58
f 282/226/59 750/226/59 751/229/59
f 417/18/481 885/18/481 886/26/481
f 7/333/61 475/333/61 476/335/61
f 341/230/62 809/230/62 810/227/62
f 204/27/63 672/27/63 673/19/63
f 145/336/64 613/336/64 614/334/64
f 251/123/65 719/123/65 720/127/65
f 386/28/66 854/28/66 855/20/66
f 144/337/67 612/337/67 613/336/67
f 454/225/68 922/225/68 923/231/68
f 433/124/69 901/124/69 902/128/69
f 59/437/70 527/437/70 528/440/70
f 340/232/71 808/232/71 809/230/71
f 188/129/72 656/129/72 657/125/72
f 210/21/73 678/21/73 679/29/73
f 77/439/482 545/439/482 546/441/482
f 8/335/75 476/335/75 477/338/75
f 167/233/76 635/233/76 636/228/76
f 370/130/77 838/130/77 839/126/77
f 229/30/78 697/30/78 698/22/78
f 76/442/79 544/442/79 545/439/79
f 143/339/80 611/339/80 612/337/80
f 283/229/81 751/229/81 752/234/81
f 252/127/483 720/127/483 721/131/483
f 392/23/83 860/23/83 861/31/83
f 78/441/84 546/441/84 547/443/84
f 9/338/85 477/338/85 478/340/85
f 339/235/86 807/235/86 808/232/86
f 411/32/87 879/32/87 880/24/87
f 75/444/88 543/444/88 544/442/88
f 142/341/89 610/341/89 611/339/89
f 434/128/484 902/128/484 903/132/484
f 187/133/91 655/133/91 656/129/91
f 455/231/92 923/231/92 924/236/92
f 211/29/93 679/29/93 680/33/93
f 79/443/94 547/443/94 548/445/94
f 10/340/95 478/340/95 479/342/95
f 369/134/485 837/134/485 838/130/485
f 228/34/97 696/34/97 697/30/97
f 74/446/98 542/446/98 543/444/98
f 141/343/486 609/343/486 610/341/486
f 284/234/100 752/234/100 753/237/100
f 166/238/101 634/238/101 635/233/101
f 253/131/487 721/131/487 722/135/487
f 393/31/103 861/31/103 862/35/103
f 80/445/104 548/445/104 549/447/104
f 11/342/105 479/342/105 480/344/105
f 338/239/106 806/239/106 807/235/106
f 410/36/488 878/36/488 879/32/488
f 73/448/108 541/448/108 542/446/108
f 140/345/109 608/345/109 609/343/109
f 435/132/110 903/132/110 904/136/110
f 186/137/111 654/137/111 655/133/111
f 285/237/112 753/237/112 754/240/112
f 236/25/489 704/25/489 705/37/489
f 81/447/114 549/447/114 550/449/114
f 12/344/115 480/344/115 481/346/115
f 368/138/490 836/138/490 837/134/490
f 72/450/117 540/450/117 541/448/117
f 139/347/118 607/347/118 608/345/118
f 457/241/119 456/236/119 924/236/119
f 418/26/491 886/26/491 887/38/491
f 337/242/121 805/242/121 806/239/121
f 203/39/492 671/39/492 672/27/492
f 254/135/493 722/135/493 723/139/493
f 82/449/124 550/449/124 551/451/124
f 13/346/125 481/346/125 482/348/125
f 165/243/494 633/243/494 634/238/494
f 385/40/127 853/40/127 854/28/127
f 71/452/128 539/452/128 540/450/128
f 436/136/129 904/136/129 905/140/129
f 14/348/130 482/348/130 483/349/130
f 185/141/131 653/141/131 654/137/131
f 138/350/132 606/350/132 607/347/132
f 286/240/133 754/240/133 755/244/133
f 212/33/495 680/33/495 681/41/495
f 83/451/135 551/451/135 552/453/135
f 336/245/136 804/245/136 805/242/136
f 367/142/496 835/142/496 836/138/496
f 227/42/138 695/42/138 696/34/138
f 70/454/139 538/454/139 539/452/139
f 15/349/140 483/349/140 484/351/140
f 93/455/141 561/455/141 562/438/141
f 137/352/142 605/352/142 606/350/142
f 287/244/143 755/244/143 756/246/143
f 255/139/144 723/139/144 724/143/144
f 394/35/145 862/35/145 863/43/145
f 409/44/146 877/44/146 878/36/146
f 457/241/147 925/241/147 926/247/147
f 437/140/148 905/140/148 906/144/148
f 60/440/149 528/440/149 529/456/149
f 16/351/150 484/351/150 485/353/150
f 164/248/151 632/248/151 633/243/151
f 184/145/497 652/145/497 653/141/497
f 136/354/498 604/354/498 605/352/498
f 213/41/154 681/41/154 682/45/154
f 84/453/155 552/453/155 553/457/155
f 335/249/156 803/249/156 804/245/156
f 366/146/157 834/146/157 835/142/157
f 226/46/158 694/46/158 695/42/158
f 69/458/159 537/458/159 538/454/159
f 17/353/160 485/353/160 486/355/160
f 183/147/161 651/147/161 652/145/161
f 135/356/162 603/356/162 604/354/162
f 288/246/163 756/246/163 757/250/163
f 395/43/164 863/43/164 864/47/164
f 85/457/165 553/457/165 554/459/165
f 163/251/166 631/251/166 632/248/166
f 408/48/167 876/48/167 877/44/167
f 68/460/168 536/460/168 537/458/168
f 256/143/169 724/143/169 725/148/169
f 18/355/170 486/355/170 487/357/170
f 334/252/171 802/252/171 803/249/171
f 365/149/172 833/149/172 834/146/172
f 92/461/173 560/461/173 561/455/173
f 134/358/174 602/358/174 603/356/174
f 237/37/175 705/37/175 706/49/175
f 458/247/176 926/247/176 927/253/176
f 438/144/177 906/144/177 907/150/177
f 419/38/178 887/38/178 888/50/178
f 61/456/499 529/456/499 530/462/499
f 19/357/180 487/357/180 488/359/180
f 364/151/181 832/151/181 833/149/181
f 133/360/182 601/360/182 602/358/182
f 289/250/183 757/250/183 758/254/183
f 214/45/184 682/45/184 683/51/184
f 86/459/185 554/459/185 555/463/185
f 333/255/186 801/255/186 802/252/186
f 225/52/187 693/52/187 694/46/187
f 67/464/188 535/464/188 536/460/188
f 257/148/189 725/148/189 726/152/189
f 20/359/500 488/359/500 489/361/500
f 162/256/191 630/256/191 631/251/191
f 182/153/192 650/153/192 651/147/192
f 132/362/193 600/362/193 601/360/193
f 396/47/194 864/47/194 865/53/194
f 87/463/195 555/463/195 556/465/195
f 407/54/196 875/54/196 876/48/196
f 66/466/188 534/466/188 535/464/188
f 290/254/197 758/254/197 759/257/197
f 439/150/501 907/150/501 908/154/501
f 21/361/502 489/361/502 490/363/502
f 363/155/503 831/155/503 832/151/503
f 202/55/201 670/55/201 671/39/201
f 91/467/202 559/467/202 560/461/202
f 131/364/203 599/364/203 600/362/203
f 459/253/204 927/253/204 928/258/204
f 332/259/205 800/259/205 801/255/205
f 384/56/206 852/56/206 853/40/206
f 258/152/207 726/152/207 727/156/207
f 62/462/208 530/462/208 531/468/208
f 22/363/209 490/363/209 491/365/209
f 362/157/210 830/157/210 831/155/210
f 130/366/211 598/366/211 599/364/211
f 291/257/212 759/257/212 760/260/212
f 215/51/213 683/51/213 684/57/213
f 88/465/214 556/465/214 557/469/214
f 161/261/215 629/261/215 630/256/215
f 181/158/216 649/158/216 650/153/216
f 224/58/217 692/58/217 693/52/217
f 65/470/218 533/470/218 534/466/218
f 23/365/219 491/365/219 492/367/219
f 331/262/220 799/262/220 800/259/220
f 90/471/221 558/471/221 559/467/221
f 129/368/222 597/368/222 598/366/222
f 259/156/223 727/156/223 728/159/223
f 397/53/224 865/53/224 866/59/224
f 89/469/225 557/469/225 558/471/225
f 406/60/226 874/60/226 875/54/226
f 64/472/227 532/472/227 533/470/227
f 460/258/228 928/258/228 929/263/228
f 440/154/229 908/154/229 909/160/229
f 63/468/230 531/468/230 532/472/230
f 24/367/504 492/367/504 493/369/504
f 361/161/232 829/161/232 830/157/232
f 128/370/505 596/370/505 597/368/505
f 292/260/234 760/260/234 761/264/234
f 216/57/235 684/57/235 685/61/235
f 160/265/236 628/265/236 629/261/236
f 223/62/237 691/62/237 692/58/237
f 260/159/238 728/159/238 729/162/238
f 25/369/239 493/369/239 494/371/239
f 330/266/240 798/266/240 799/262/240
f 180/163/241 648/163/241 649/158/241
f 127/372/242 595/372/242 596/370/242
f 398/59/506 866/59/506 867/63/506
f 405/64/507 873/64/507 874/60/507
f 461/263/245 929/263/245 930/267/245
f 441/160/246 909/160/246 910/164/246
f 26/371/247 494/371/247 495/373/247
f 329/268/248 797/268/248 798/266/248
f 360/165/508 828/165/508 829/161/508
f 126/374/250 594/374/250 595/372/250
f 217/61/251 685/61/251 686/65/251
f 159/269/252 627/269/252 628/265/252
f 222/66/253 690/66/253 691/62/253
f 125/375/254 593/375/254 594/374/254
f 261/162/255 729/162/255 730/166/255
f 359/167/256 827/167/256 828/165/256
f 463/270/257 462/267/257 930/267/257
f 399/63/509 867/63/509 868/67/509
f 27/373/259 495/373/259 496/376/259
f 404/68/260 872/68/260 873/64/260
f 124/377/261 592/377/261 593/375/261
f 293/264/262 761/264/262 762/271/262
f 262/166/263 730/166/263 731/168/263
f 328/272/264 796/272/264 797/268/264
f 179/169/265 647/169/265 648/163/265
f 218/65/266 686/65/266 687/69/266
f 28/376/267 496/376/267 497/378/267
f 327/273/268 795/273/268 796/272/268
f 221/70/269 689/70/269 690/66/269
f 123/379/270 591/379/270 592/377/270
f 442/164/271 910/164/271 911/170/271
f 358/171/272 826/171/272 827/167/272
f 294/271/273 762/271/273 763/274/273
f 400/67/274 868/67/274 869/71/274
f 29/378/275 497/378/275 498/380/275
f 326/275/276 794/275/276 795/273/276
f 403/72/277 871/72/277 872/68/277
f 263/168/278 731/168/278 732/172/278
f 30/380/279 498/380/279 499/381/279
f 325/276/280 793/276/280 794/275/280
f 357/173/281 825/173/281 826/171/281
f 122/382/282 590/382/282 591/379/282
f 219/69/283 687/69/283 688/73/283
f 220/73/284 688/73/284 689/70/284
f 295/274/285 763/274/285 764/277/285
f 264/172/286 732/172/286 733/174/286
f 31/381/287 499/381/287 500/383/287
f 324/278/288 792/278/288 793/276/288
f 121/384/510 589/384/510 590/382/510
f 443/170/511 911/170/511 912/175/511
f 401/71/512 869/71/512 870/74/512
f 323/279/513 791/279/513 792/278/513
f 178/176/293 646/176/293 647/169/293
f 402/74/514 870/74/514 871/72/514
f 32/383/295 500/383/295 501/385/295
f 356/177/296 824/177/296 825/173/296
f 120/386/297 588/386/297 589/384/297
f 296/277/298 764/277/298 765/280/298
f 322/281/299 790/281/299 791/279/299
f 265/174/300 733/174/300 734/178/300
f 238/49/301 706/49/301 707/75/301
f 33/385/302 501/385/302 502/387/302
f 321/282/303 789/282/303 790/281/303
f 355/179/304 823/179/304 824/177/304
f 119/388/305 587/388/305 588/386/305
f 420/50/306 888/50/306 889/76/306
f 201/77/307 669/77/307 670/55/307
f 297/280/308 765/280/308 766/283/308
f 444/175/309 912/175/309 913/180/309
f 34/387/310 502/387/310 503/389/310
f 320/284/311 788/284/311 789/282/311
f 383/78/312 851/78/312 852/56/312
f 118/390/313 586/390/313 587/388/313
f 266/178/314 734/178/314 735/181/314
f 177/182/315 645/182/315 646/176/315
f 298/283/316 766/283/316 767/285/316
f 239/75/317 707/75/317 708/79/317
f 35/389/318 503/389/318 504/391/318
f 319/286/319 787/286/319 788/284/319
f 354/183/320 822/183/320 823/179/320
f 117/392/321 585/392/321 586/390/321
f 421/76/322 889/76/322 890/80/322
f 318/287/323 786/287/323 787/286/323
f 200/81/324 668/81/324 669/77/324
f 267/181/325 735/181/325 736/184/325
f 36/391/326 504/391/326 505/393/326
f 353/185/327 821/185/327 822/183/327
f 382/82/328 850/82/328 851/78/328
f 116/394/329 584/394/329 585/392/329
f 299/285/330 767/285/330 768/288/330
f 317/289/331 785/289/331 786/287/331
f 445/180/332 913/180/332 914/186/332
f 240/79/333 708/79/333 709/83/333
f 37/393/334 505/393/334 506/395/334
f 316/290/335 784/290/335 785/289/335
f 176/187/336 644/187/336 645/182/336
f 115/396/515 583/396/515 584/394/515
f 422/80/338 890/80/338 891/84/338
f 199/85/339 667/85/339 668/81/339
f 300/288/340 768/288/340 769/291/340
f 268/184/341 736/184/341 737/188/341
f 38/395/342 506/395/342 507/397/342
f 157/292/343 625/292/343 626/293/343
f 352/189/344 820/189/344 821/185/344
f 381/86/345 849/86/345 850/82/345
f 114/398/516 582/398/516 583/396/516
f 158/293/7 626/293/7 627/269/7
f 269/188/517 737/188/517 738/190/517
f 241/83/348 709/83/348 710/87/348
f 39/397/349 507/397/349 508/399/349
f 113/400/350 581/400/350 582/398/350
f 463/270/7 931/270/7 932/294/7
f 446/186/351 914/186/351 915/191/351
f 423/84/518 891/84/518 892/88/518
f 351/192/353 819/192/353 820/189/353
f 198/89/354 666/89/354 667/85/354
f 464/294/355 932/294/355 933/295/355
f 40/399/356 508/399/356 509/401/356
f 315/296/357 783/296/357 784/290/357
f 380/90/519 848/90/519 849/86/519
f 112/402/359 580/402/359 581/400/359
f 270/190/360 738/190/360 739/193/360
f 175/194/361 643/194/361 644/187/361
f 301/291/362 769/291/362 770/297/362
f 242/87/363 710/87/363 711/91/363
f 41/401/364 509/401/364 510/403/364
f 315/296/365 314/298/365 782/298/365
f 271/193/366 739/193/366 740/195/366
f 424/88/367 892/88/367 893/92/367
f 42/403/368 510/403/368 511/404/368
f 313/299/369 781/299/369 782/298/369
f 350/196/370 818/196/370 819/192/370
f 197/93/371 665/93/371 666/89/371
f 111/405/372 579/405/372 580/402/372
f 379/94/373 847/94/373 848/90/373
f 302/297/374 770/297/374 771/300/374
f 447/191/375 915/191/375 916/197/375
f 43/404/376 511/404/376 512/406/376
f 312/301/377 780/301/377 781/299/377
f 110/407/520 578/407/520 579/405/520
f 272/195/379 740/195/379 741/198/379
f 243/91/380 711/91/380 712/95/380
f 311/302/381 779/302/381 780/301/381
f 174/199/382 642/199/382 643/194/382
f 425/92/383 893/92/383 894/96/383
f 44/406/384 512/406/384 513/408/384
f 349/200/385 817/200/385 818/196/385
f 196/97/386 664/97/386 665/93/386
f 109/409/387 577/409/387 578/407/387
f 303/300/388 771/300/388 772/303/388
f 310/304/389 778/304/389 779/302/389
f 378/98/390 846/98/390 847/94/390
f 273/198/391 741/198/391 742/201/391
f 45/408/392 513/408/392 514/410/392
f 309/305/393 777/305/393 778/304/393
f 108/411/394 576/411/394 577/409/394
f 448/197/395 916/197/395 917/202/395
f 244/95/396 712/95/396 713/99/396
f 308/306/397 776/306/397 777/305/397
f 348/203/398 816/203/398 817/200/398
f 426/96/399 894/96/399 895/100/399
f 46/410/400 514/410/400 515/412/400
f 195/101/401 663/101/401 664/97/401
f 107/413/402 575/413/402 576/411/402
f 304/303/403 772/303/403 773/307/403
f 274/201/404 742/201/404 743/204/404
f 307/308/405 775/308/405 776/306/405
f 173/205/406 641/205/406 642/199/406
f 377/102/407 845/102/407 846/98/407
f 47/412/408 515/412/408 516/414/408
f 306/309/409 774/309/409 775/308/409
f 106/415/410 574/415/410 575/413/410
f 275/204/411 743/204/411 744/206/411
f 245/99/412 713/99/412 714/103/412
f 305/307/413 773/307/413 774/309/413
f 347/207/414 815/207/414 816/203/414
f 105/416/521 573/416/521 574/415/521
f 427/100/416 895/100/416 896/104/416
f 194/105/417 662/105/417 663/101/417
f 156/310/6 624/310/6 625/292/6
f 449/202/418 917/202/418 918/208/418
f 48/414/419 516/414/419 517/417/419
f 376/106/420 844/106/420 845/102/420
f 104/418/421 572/418/421 573/416/421
f 155/311/422 623/311/422 624/312/422
f 276/206/423 744/206/423 745/209/423
f 172/210/424 640/210/424 641/205/424
f 207/1/425 675/1/425 676/2/425
f 246/103/522 714/103/522 715/107/522
f 49/417/427 517/417/427 518/419/427
f 465/314/6 933/314/6 934/313/6
f 346/211/428 814/211/428 815/207/428
f 208/2/429 676/2/429 677/3/429
f 103/420/430 571/420/430 572/418/430
f 428/104/431 896/104/431 897/108/431
f 231/4/432 699/4/432 700/5/432
f 466/313/433 934/313/433 935/315/433
f 193/109/434 661/109/434 662/105/434
f 277/209/435 745/209/435 746/212/435
f 232/5/436 700/5/436 701/6/436
f 50/419/437 518/419/437 519/421/437
f 467/315/438 935/315/438 936/316/438
f 375/110/439 843/110/439 844/106/439
f 389/7/440 857/7/440 858/8/440
f 102/422/441 570/422/441 571/420/441
f 154/317/442 622/317/442 623/311/442
f 450/208/443 918/208/443 919/213/443
f 345/214/444 813/214/444 814/211/444
f 390/8/445 858/8/445 859/9/445
f 153/318/446 621/318/446 622/317/446
f 247/107/447 715/107/447 716/111/447
f 413/10/448 881/10/448 882/11/448
f 51/421/449 519/421/449 520/423/449
f 101/424/450 569/424/450 570/422/450
f 278/212/451 746/212/451 747/215/451
f 429/108/452 897/108/452 898/112/452
f 414/11/523 882/11/523 883/12/523
f 468/316/454 936/316/454 469/319/454
f 192/113/455 660/113/455 661/109/455
f 151/320/456 619/320/456 620/321/456
f 451/213/457 919/213/457 920/216/457
f 233/6/458 701/6/458 702/13/458
f 52/423/459 520/423/459 521/425/459
f 171/217/460 639/217/460 640/210/460
f 374/114/461 842/114/461 843/110/461
f 100/426/462 568/426/462 569/424/462
f 152/321/7 620/321/7 621/318/7
f 415/12/463 883/12/463 884/14/463
f 206/15/464 674/15/464 675/1/464
f 279/215/465 747/215/465 748/218/465
f 248/111/466 716/111/466 717/115/466
f 53/425/467 521/425/467 522/427/467
f 1/319/7 469/319/7 470/322/7
f 344/219/468 812/219/468 813/214/468
f 388/16/469 856/16/469 857/7/469
f 99/428/470 567/428/470 568/426/470
f 430/112/524 898/112/524 899/116/524
f 2/322/472 470/322/472 471/323/472
f 170/220/473 638/220/473 639/217/473
f 191/117/252 659/117/252 660/113/252
f 150/324/6 618/324/6 619/320/6
f 234/13/474 702/13/474 703/17/474
f 54/427/475 522/427/475 523/429/475
