# Blender 4.4.1
# www.blender.org
mtllib CocktailWater.mtl
o 円錐
v -0.000213 0.030965 0.114276
v 0.021953 0.030960 0.112093
v 0.043268 0.030944 0.105627
v 0.062912 0.030919 0.095128
v 0.080130 0.030885 0.080998
v 0.094260 0.030844 0.063781
v 0.104760 0.030796 0.044138
v 0.111226 0.030745 0.022825
v 0.113409 0.030692 0.000659
v 0.111226 0.030639 -0.021506
v 0.104760 0.030588 -0.042820
v 0.094260 0.030541 -0.062463
v 0.080130 0.030499 -0.079680
v 0.062912 0.030465 -0.093810
v 0.043268 0.030440 -0.104309
v 0.021953 0.030425 -0.110775
v -0.000213 0.030419 -0.112958
v -0.022380 0.030425 -0.110775
v -0.043695 0.030440 -0.104309
v -0.063339 0.030465 -0.093810
v -0.080557 0.030499 -0.079680
v -0.094687 0.030541 -0.062463
v -0.105187 0.030588 -0.042820
v -0.111653 0.030639 -0.021506
v -0.113836 0.030692 0.000659
v -0.111653 0.030745 0.022825
v -0.105187 0.030796 0.044138
v -0.094687 0.030844 0.063781
v -0.080557 0.030885 0.080998
v -0.063339 0.030919 0.095128
v -0.043695 0.030944 0.105627
v -0.022380 0.030960 0.112093
v -0.000214 0.030692 0.000659
v -0.000213 0.030979 0.120343
v 0.023137 0.030974 0.118043
v 0.045590 0.030957 0.111232
v 0.066282 0.030931 0.100172
v 0.084420 0.030895 0.085288
v 0.099305 0.030852 0.067152
v 0.110365 0.030802 0.046460
v 0.117176 0.030748 0.024008
v 0.119476 0.030692 0.000659
v 0.117176 0.030636 -0.022690
v 0.110365 0.030582 -0.045142
v 0.099305 0.030532 -0.065834
v 0.084420 0.030489 -0.083970
v 0.066282 0.030453 -0.098854
v 0.045590 0.030427 -0.109914
v 0.023137 0.030410 -0.116725
v -0.000213 0.030405 -0.119025
v -0.023564 0.030410 -0.116725
v -0.046017 0.030427 -0.109914
v -0.066709 0.030453 -0.098854
v -0.084847 0.030489 -0.083970
v -0.099732 0.030532 -0.065834
v -0.110792 0.030582 -0.045142
v -0.117603 0.030636 -0.022690
v -0.119903 0.030692 0.000659
v -0.117603 0.030748 0.024008
v -0.110792 0.030802 0.046460
v -0.099732 0.030852 0.067152
v -0.084847 0.030895 0.085288
v -0.066709 0.030931 0.100172
v -0.046017 0.030957 0.111232
v -0.023564 0.030974 0.118043
v -0.000213 0.030941 0.104517
v 0.020049 0.030937 0.102522
v 0.039534 0.030922 0.096611
v 0.057490 0.030899 0.087014
v 0.073230 0.030868 0.074098
v 0.086146 0.030831 0.058359
v 0.095744 0.030787 0.040404
v 0.101655 0.030741 0.020921
v 0.103650 0.030692 0.000659
v 0.101655 0.030643 -0.019602
v 0.095744 0.030597 -0.039085
v 0.086146 0.030554 -0.057041
v 0.073230 0.030516 -0.072779
v 0.057490 0.030485 -0.085696
v 0.039534 0.030462 -0.095293
v 0.020049 0.030448 -0.101203
v -0.000213 0.030443 -0.103199
v -0.020476 0.030448 -0.101203
v -0.039961 0.030462 -0.095293
v -0.057917 0.030485 -0.085696
v -0.073657 0.030516 -0.072779
v -0.086573 0.030554 -0.057041
v -0.096171 0.030597 -0.039085
v -0.102082 0.030643 -0.019602
v -0.104077 0.030692 0.000659
v -0.102082 0.030741 0.020921
v -0.096171 0.030787 0.040404
v -0.086573 0.030831 0.058359
v -0.073657 0.030868 0.074098
v -0.057917 0.030899 0.087014
v -0.039961 0.030922 0.096611
v -0.020476 0.030937 0.102522
v -0.000213 0.030914 0.093289
v 0.017859 0.030910 0.091509
v 0.035237 0.030897 0.086238
v 0.051253 0.030877 0.077678
v 0.065290 0.030849 0.066158
v 0.076810 0.030816 0.052121
v 0.085371 0.030777 0.036107
v 0.090642 0.030735 0.018730
v 0.092422 0.030692 0.000659
v 0.090642 0.030649 -0.017412
v 0.085371 0.030607 -0.034788
v 0.076810 0.030569 -0.050803
v 0.065290 0.030535 -0.064840
v 0.051253 0.030507 -0.076359
v 0.035237 0.030487 -0.084919
v 0.017859 0.030474 -0.090191
v -0.000213 0.030470 -0.091971
v -0.018286 0.030474 -0.090191
v -0.035664 0.030487 -0.084919
v -0.051680 0.030507 -0.076359
v -0.065717 0.030535 -0.064840
v -0.077237 0.030569 -0.050803
v -0.085798 0.030607 -0.034788
v -0.091069 0.030649 -0.017412
v -0.092849 0.030692 0.000659
v -0.091069 0.030735 0.018730
v -0.085798 0.030777 0.036107
v -0.077237 0.030816 0.052121
v -0.065717 0.030849 0.066158
v -0.051680 0.030877 0.077678
v -0.035664 0.030897 0.086238
v -0.018286 0.030910 0.091509
v -0.000213 0.030893 0.084312
v 0.016108 0.030889 0.082705
v 0.031802 0.030878 0.077944
v 0.046266 0.030859 0.070214
v 0.058943 0.030834 0.059810
v 0.069347 0.030804 0.047134
v 0.077077 0.030769 0.032671
v 0.081838 0.030731 0.016979
v 0.083445 0.030692 0.000659
v 0.081838 0.030653 -0.015660
v 0.077077 0.030615 -0.031353
v 0.069347 0.030581 -0.045815
v 0.058943 0.030550 -0.058492
v 0.046265 0.030525 -0.068895
v 0.031802 0.030507 -0.076626
v 0.016108 0.030495 -0.081386
v -0.000213 0.030491 -0.082994
v -0.016535 0.030495 -0.081386
v -0.032229 0.030507 -0.076626
v -0.046692 0.030525 -0.068895
v -0.059370 0.030550 -0.058492
v -0.069774 0.030581 -0.045815
v -0.077504 0.030615 -0.031353
v -0.082265 0.030653 -0.015660
v -0.083872 0.030692 0.000659
v -0.082265 0.030731 0.016979
v -0.077504 0.030769 0.032671
v -0.069774 0.030804 0.047134
v -0.059370 0.030834 0.059810
v -0.046692 0.030859 0.070214
v -0.032229 0.030878 0.077944
v -0.016535 0.030889 0.082705
v -0.000213 0.030873 0.076210
v 0.014527 0.030870 0.074758
v 0.028701 0.030860 0.070459
v 0.041764 0.030843 0.063477
v 0.053214 0.030820 0.054081
v 0.062610 0.030793 0.042632
v 0.069592 0.030761 0.029571
v 0.073891 0.030727 0.015398
v 0.075343 0.030692 0.000659
v 0.073891 0.030657 -0.014080
v 0.069592 0.030623 -0.028252
v 0.062610 0.030591 -0.041314
v 0.053214 0.030564 -0.052763
v 0.041764 0.030541 -0.062159
v 0.028702 0.030525 -0.069141
v 0.014527 0.030514 -0.073440
v -0.000213 0.030511 -0.074892
v -0.014954 0.030514 -0.073440
v -0.029128 0.030525 -0.069141
v -0.042191 0.030541 -0.062159
v -0.053641 0.030564 -0.052763
v -0.063037 0.030591 -0.041314
v -0.070019 0.030623 -0.028252
v -0.074318 0.030657 -0.014080
v -0.075770 0.030692 0.000659
v -0.074318 0.030727 0.015398
v -0.070019 0.030761 0.029571
v -0.063037 0.030793 0.042632
v -0.053641 0.030820 0.054081
v -0.042191 0.030843 0.063477
v -0.029128 0.030860 0.070459
v -0.014954 0.030870 0.074758
v -0.000213 0.030857 0.069181
v 0.013156 0.030853 0.067864
v 0.026012 0.030844 0.063965
v 0.037859 0.030829 0.057632
v 0.048244 0.030808 0.049111
v 0.056766 0.030783 0.038727
v 0.063098 0.030755 0.026881
v 0.066997 0.030724 0.014027
v 0.068314 0.030692 0.000659
v 0.066997 0.030660 -0.012708
v 0.063098 0.030629 -0.025562
v 0.056766 0.030601 -0.037409
v 0.048244 0.030576 -0.047792
v 0.037859 0.030555 -0.056314
v 0.026012 0.030540 -0.062646
v 0.013156 0.030531 -0.066546
v -0.000213 0.030528 -0.067863
v -0.013583 0.030531 -0.066546
v -0.026439 0.030540 -0.062646
v -0.038286 0.030555 -0.056314
v -0.048671 0.030576 -0.047792
v -0.057193 0.030601 -0.037409
v -0.063525 0.030629 -0.025562
v -0.067424 0.030660 -0.012708
v -0.068741 0.030692 0.000659
v -0.067424 0.030724 0.014027
v -0.063525 0.030755 0.026881
v -0.057193 0.030783 0.038727
v -0.048671 0.030808 0.049111
v -0.038286 0.030829 0.057632
v -0.026439 0.030844 0.063965
v -0.013583 0.030853 0.067864
v -0.000213 0.030837 0.061236
v 0.011606 0.030835 0.060071
v 0.022971 0.030826 0.056624
v 0.033445 0.030813 0.051026
v 0.042626 0.030795 0.043492
v 0.050159 0.030773 0.034313
v 0.055757 0.030748 0.023840
v 0.059205 0.030720 0.012476
v 0.060369 0.030692 0.000659
v 0.059205 0.030664 -0.011158
v 0.055757 0.030636 -0.022522
v 0.050159 0.030611 -0.032994
v 0.042625 0.030589 -0.042174
v 0.033445 0.030571 -0.049708
v 0.022971 0.030558 -0.055306
v 0.011606 0.030549 -0.058753
v -0.000213 0.030547 -0.059917
v -0.012033 0.030549 -0.058753
v -0.023398 0.030558 -0.055306
v -0.033872 0.030571 -0.049708
v -0.043052 0.030589 -0.042174
v -0.050586 0.030611 -0.032994
v -0.056184 0.030636 -0.022522
v -0.059632 0.030664 -0.011158
v -0.060796 0.030692 0.000659
v -0.059632 0.030720 0.012477
v -0.056184 0.030748 0.023840
v -0.050586 0.030773 0.034312
v -0.043052 0.030795 0.043492
v -0.033872 0.030813 0.051026
v -0.023398 0.030826 0.056624
v -0.012033 0.030835 0.060071
v -0.000213 0.030816 0.052092
v 0.009822 0.030813 0.051104
v 0.019472 0.030806 0.048177
v 0.028366 0.030795 0.043423
v 0.036160 0.030779 0.037027
v 0.042557 0.030761 0.029233
v 0.047310 0.030739 0.020341
v 0.050237 0.030716 0.010693
v 0.051225 0.030692 0.000659
v 0.050237 0.030668 -0.009374
v 0.047310 0.030645 -0.019022
v 0.042557 0.030624 -0.027914
v 0.036160 0.030605 -0.035708
v 0.028366 0.030589 -0.042105
v 0.019472 0.030578 -0.046858
v 0.009822 0.030571 -0.049786
v -0.000213 0.030569 -0.050774
v -0.010249 0.030571 -0.049786
v -0.019899 0.030578 -0.046858
v -0.028793 0.030589 -0.042105
v -0.036587 0.030605 -0.035708
v -0.042984 0.030624 -0.027914
v -0.047737 0.030645 -0.019022
v -0.050664 0.030668 -0.009374
v -0.051652 0.030692 0.000659
v -0.050664 0.030716 0.010693
v -0.047737 0.030739 0.020341
v -0.042984 0.030761 0.029233
v -0.036587 0.030779 0.037027
v -0.028793 0.030795 0.043423
v -0.019899 0.030806 0.048177
v -0.010249 0.030813 0.051104
v -0.000213 0.030797 0.044372
v 0.008316 0.030795 0.043532
v 0.016518 0.030789 0.041044
v 0.024077 0.030779 0.037005
v 0.030702 0.030766 0.031568
v 0.036138 0.030750 0.024944
v 0.040178 0.030732 0.017386
v 0.042666 0.030713 0.009187
v 0.043505 0.030692 0.000659
v 0.042666 0.030672 -0.007868
v 0.040178 0.030652 -0.016068
v 0.036138 0.030634 -0.023625
v 0.030702 0.030618 -0.030250
v 0.024077 0.030605 -0.035686
v 0.016518 0.030595 -0.039726
v 0.008316 0.030589 -0.042214
v -0.000213 0.030587 -0.043054
v -0.008743 0.030589 -0.042214
v -0.016945 0.030595 -0.039726
v -0.024504 0.030605 -0.035686
v -0.031129 0.030618 -0.030250
v -0.036565 0.030634 -0.023625
v -0.040605 0.030652 -0.016068
v -0.043093 0.030672 -0.007868
v -0.043932 0.030692 0.000659
v -0.043093 0.030713 0.009187
v -0.040605 0.030732 0.017386
v -0.036565 0.030750 0.024944
v -0.031129 0.030766 0.031568
v -0.024504 0.030779 0.037005
v -0.016945 0.030789 0.041045
v -0.008743 0.030795 0.043532
v -0.000213 0.030778 0.036303
v 0.006742 0.030776 0.035618
v 0.013430 0.030771 0.033589
v 0.019594 0.030763 0.030295
v 0.024996 0.030753 0.025862
v 0.029429 0.030740 0.020460
v 0.032723 0.030725 0.014298
v 0.034751 0.030709 0.007612
v 0.035436 0.030692 0.000659
v 0.034751 0.030675 -0.006294
v 0.032723 0.030659 -0.012980
v 0.029429 0.030645 -0.019142
v 0.024996 0.030632 -0.024544
v 0.019594 0.030621 -0.028977
v 0.013430 0.030613 -0.032271
v 0.006742 0.030608 -0.034300
v -0.000213 0.030607 -0.034985
v -0.007169 0.030608 -0.034300
v -0.013857 0.030613 -0.032271
v -0.020021 0.030621 -0.028977
v -0.025423 0.030632 -0.024543
v -0.029856 0.030645 -0.019142
v -0.033150 0.030659 -0.012980
v -0.035178 0.030675 -0.006294
v -0.035863 0.030692 0.000659
v -0.035178 0.030709 0.007612
v -0.033150 0.030725 0.014298
v -0.029856 0.030740 0.020460
v -0.025423 0.030753 0.025862
v -0.020021 0.030763 0.030295
v -0.013857 0.030771 0.033589
v -0.007169 0.030776 0.035618
v -0.000213 0.030764 0.030486
v 0.005607 0.030762 0.029913
v 0.011204 0.030758 0.028215
v 0.016362 0.030752 0.025458
v 0.020883 0.030743 0.021749
v 0.024593 0.030732 0.017229
v 0.027349 0.030719 0.012072
v 0.029046 0.030706 0.006477
v 0.029619 0.030692 0.000659
v 0.029046 0.030678 -0.005159
v 0.027349 0.030665 -0.010754
v 0.024593 0.030652 -0.015910
v 0.020883 0.030641 -0.020430
v 0.016362 0.030633 -0.024140
v 0.011204 0.030626 -0.026897
v 0.005607 0.030622 -0.028595
v -0.000213 0.030620 -0.029168
v -0.006034 0.030622 -0.028595
v -0.011631 0.030626 -0.026897
v -0.016789 0.030633 -0.024140
v -0.021310 0.030641 -0.020430
v -0.025020 0.030652 -0.015910
v -0.027776 0.030665 -0.010754
v -0.029473 0.030678 -0.005159
v -0.030046 0.030692 0.000659
v -0.029473 0.030706 0.006477
v -0.027776 0.030719 0.012072
v -0.025020 0.030732 0.017229
v -0.021310 0.030743 0.021749
v -0.016789 0.030752 0.025458
v -0.011631 0.030758 0.028215
v -0.006034 0.030762 0.029913
v -0.000214 0.030747 0.023544
v 0.004253 0.030746 0.023104
v 0.008548 0.030743 0.021802
v 0.012506 0.030738 0.019686
v 0.015974 0.030731 0.016840
v 0.018821 0.030723 0.013372
v 0.020935 0.030713 0.009415
v 0.022238 0.030703 0.005123
v 0.022677 0.030692 0.000659
v 0.022238 0.030681 -0.003805
v 0.020935 0.030671 -0.008097
v 0.018821 0.030662 -0.012053
v 0.015974 0.030653 -0.015522
v 0.012506 0.030646 -0.018368
v 0.008548 0.030641 -0.020483
v 0.004253 0.030638 -0.021786
v -0.000213 0.030637 -0.022226
v -0.004680 0.030638 -0.021786
v -0.008975 0.030641 -0.020483
v -0.012933 0.030646 -0.018368
v -0.016401 0.030653 -0.015522
v -0.019248 0.030662 -0.012053
v -0.021362 0.030671 -0.008097
v -0.022665 0.030681 -0.003805
v -0.023104 0.030692 0.000659
v -0.022665 0.030703 0.005123
v -0.021362 0.030713 0.009415
v -0.019248 0.030723 0.013372
v -0.016401 0.030731 0.016840
v -0.012933 0.030738 0.019686
v -0.008975 0.030743 0.021802
v -0.004680 0.030746 0.023104
v -0.000214 0.030731 0.017024
v 0.002981 0.030731 0.016710
v 0.006053 0.030728 0.015778
v 0.008884 0.030725 0.014265
v 0.011364 0.030720 0.012229
v 0.013399 0.030714 0.009749
v 0.014912 0.030707 0.006920
v 0.015843 0.030700 0.003851
v 0.016157 0.030692 0.000659
v 0.015843 0.030684 -0.002533
v 0.014912 0.030677 -0.005602
v 0.013399 0.030670 -0.008431
v 0.011364 0.030664 -0.010911
v 0.008883 0.030659 -0.012947
v 0.006053 0.030656 -0.014460
v 0.002981 0.030654 -0.015391
v -0.000213 0.030653 -0.015706
v -0.003408 0.030654 -0.015391
v -0.006480 0.030656 -0.014460
v -0.009310 0.030659 -0.012947
v -0.011791 0.030664 -0.010911
v -0.013827 0.030670 -0.008431
v -0.015339 0.030677 -0.005602
v -0.016270 0.030684 -0.002533
v -0.016584 0.030692 0.000659
v -0.016270 0.030700 0.003851
v -0.015339 0.030707 0.006920
v -0.013827 0.030714 0.009749
v -0.011791 0.030720 0.012229
v -0.009310 0.030725 0.014265
v -0.006480 0.030728 0.015778
v -0.003408 0.030731 0.016710
v -0.000214 0.030717 0.010851
v 0.001777 0.030716 0.010655
v 0.003691 0.030715 0.010074
v 0.005454 0.030712 0.009132
v 0.006999 0.030709 0.007864
v 0.008267 0.030706 0.006319
v 0.009208 0.030701 0.004558
v 0.009788 0.030697 0.002646
v 0.009984 0.030692 0.000659
v 0.009788 0.030687 -0.001328
v 0.009208 0.030683 -0.003239
v 0.008267 0.030679 -0.005001
v 0.006999 0.030675 -0.006546
v 0.005454 0.030672 -0.007814
v 0.003691 0.030670 -0.008756
v 0.001777 0.030668 -0.009337
v -0.000213 0.030668 -0.009533
v -0.002204 0.030668 -0.009337
v -0.004118 0.030670 -0.008756
v -0.005881 0.030672 -0.007814
v -0.007426 0.030675 -0.006546
v -0.008694 0.030679 -0.005001
v -0.009635 0.030683 -0.003239
v -0.010215 0.030687 -0.001328
v -0.010411 0.030692 0.000659
v -0.010215 0.030697 0.002647
v -0.009635 0.030701 0.004558
v -0.008694 0.030706 0.006319
v -0.007426 0.030709 0.007864
v -0.005881 0.030712 0.009132
v -0.004118 0.030715 0.010074
v -0.002204 0.030716 0.010655
v -0.000214 0.030705 0.005914
v 0.000814 0.030704 0.005813
v 0.001801 0.030704 0.005513
v 0.002711 0.030703 0.005027
v 0.003508 0.030701 0.004373
v 0.004162 0.030699 0.003576
v 0.004647 0.030697 0.002668
v 0.004946 0.030695 0.001683
v 0.005047 0.030692 0.000659
v 0.004946 0.030690 -0.000365
v 0.004647 0.030687 -0.001350
v 0.004162 0.030685 -0.002258
v 0.003508 0.030683 -0.003055
v 0.002711 0.030682 -0.003709
v 0.001801 0.030680 -0.004195
v 0.000814 0.030680 -0.004494
v -0.000213 0.030679 -0.004596
v -0.001241 0.030680 -0.004494
v -0.002228 0.030680 -0.004195
v -0.003138 0.030682 -0.003709
v -0.003935 0.030683 -0.003055
v -0.004589 0.030685 -0.002258
v -0.005074 0.030687 -0.001350
v -0.005373 0.030690 -0.000365
v -0.005474 0.030692 0.000659
v -0.005373 0.030695 0.001683
v -0.005074 0.030697 0.002668
v -0.004589 0.030699 0.003576
v -0.003935 0.030701 0.004373
v -0.003138 0.030703 0.005027
v -0.002228 0.030704 0.005513
v -0.001241 0.030704 0.005813
v -0.000214 -0.090522 0.020163
v 0.003401 -0.090524 0.019807
v 0.006876 -0.090533 0.018753
v 0.010079 -0.090546 0.017041
v 0.012887 -0.090564 0.014737
v 0.015191 -0.090585 0.011929
v 0.016903 -0.090610 0.008727
v 0.017957 -0.090637 0.005251
v 0.018313 -0.090665 0.001637
v 0.017957 -0.090693 -0.001977
v 0.016903 -0.090720 -0.005452
v 0.015191 -0.090745 -0.008655
v 0.012887 -0.090767 -0.011463
v 0.010079 -0.090785 -0.013766
v 0.006876 -0.090798 -0.015478
v 0.003401 -0.090806 -0.016533
v -0.000214 -0.090809 -0.016889
v -0.003828 -0.090806 -0.016533
v -0.007303 -0.090798 -0.015478
v -0.010506 -0.090785 -0.013766
v -0.013314 -0.090767 -0.011463
v -0.015618 -0.090745 -0.008655
v -0.017330 -0.090720 -0.005452
v -0.018384 -0.090693 -0.001977
v -0.018740 -0.090665 0.001637
v -0.018384 -0.090637 0.005251
v -0.017330 -0.090610 0.008727
v -0.015618 -0.090585 0.011929
v -0.013314 -0.090564 0.014737
v -0.010506 -0.090546 0.017041
v -0.007303 -0.090533 0.018753
v -0.003828 -0.090524 0.019807
v 0.013269 -0.029775 0.068925
v 0.026233 -0.029788 0.064992
v 0.038181 -0.029807 0.058607
v 0.048653 -0.029834 0.050012
v 0.057248 -0.029867 0.039541
v 0.063634 -0.029904 0.027593
v 0.067567 -0.029945 0.014630
v 0.068895 -0.029987 0.001148
v 0.067567 -0.030029 -0.012334
v 0.063634 -0.030069 -0.025297
v 0.057248 -0.030106 -0.037244
v 0.048653 -0.030139 -0.047716
v 0.038181 -0.030166 -0.056310
v 0.026233 -0.030186 -0.062696
v 0.013269 -0.030198 -0.066629
v -0.000214 -0.030202 -0.067957
v -0.013696 -0.030198 -0.066629
v -0.026660 -0.030186 -0.062696
v -0.038608 -0.030166 -0.056310
v -0.049080 -0.030139 -0.047716
v -0.057675 -0.030106 -0.037244
v -0.064061 -0.030069 -0.025297
v -0.067994 -0.030029 -0.012334
v -0.069322 -0.029987 0.001148
v -0.067994 -0.029945 0.014630
v -0.064061 -0.029904 0.027593
v -0.057675 -0.029867 0.039541
v -0.049080 -0.029834 0.050012
v -0.038608 -0.029807 0.058607
v -0.026660 -0.029788 0.064992
v -0.013696 -0.029775 0.068925
v -0.000214 -0.029771 0.070253
v -0.002021 -0.029773 0.070075
v -0.015434 -0.029779 0.068398
v -0.028261 -0.029794 0.064137
v -0.040012 -0.029816 0.057455
v -0.050232 -0.029845 0.048609
v -0.058531 -0.029879 0.037939
v -0.064588 -0.029918 0.025856
v -0.068172 -0.029959 0.012823
v -0.069144 -0.030001 -0.000659
v -0.067466 -0.030042 -0.014071
v -0.063205 -0.030081 -0.026899
v -0.056523 -0.030117 -0.038648
v -0.047677 -0.030148 -0.048868
v -0.037006 -0.030172 -0.057166
v -0.024922 -0.030190 -0.063223
v -0.011889 -0.030199 -0.066807
v 0.011462 -0.030199 -0.066807
v 0.024495 -0.030190 -0.063223
v 0.036579 -0.030172 -0.057166
v 0.047250 -0.030148 -0.048868
v 0.056096 -0.030117 -0.038648
v 0.062778 -0.030081 -0.026899
v 0.067039 -0.030042 -0.014071
v 0.068717 -0.030001 -0.000659
v 0.067745 -0.029959 0.012823
v 0.064161 -0.029918 0.025856
v 0.058104 -0.029879 0.037939
v 0.049805 -0.029845 0.048609
v 0.039585 -0.029816 0.057455
v 0.027835 -0.029794 0.064137
v 0.015007 -0.029779 0.068398
v 0.001594 -0.029773 0.070075
v 0.018203 0.000599 0.093484
v 0.035911 0.000585 0.088112
v 0.052232 0.000562 0.079389
v 0.066537 0.000531 0.067650
v 0.078276 0.000492 0.053346
v 0.087000 0.000449 0.037027
v 0.092371 0.000402 0.019319
v 0.094185 0.000353 0.000904
v 0.092371 0.000304 -0.017512
v 0.087000 0.000257 -0.035219
v 0.078276 0.000213 -0.051539
v 0.066537 0.000175 -0.065843
v 0.052232 0.000144 -0.077582
v 0.035911 0.000121 -0.086305
v 0.018203 0.000106 -0.091677
v -0.000213 0.000101 -0.093491
v -0.018630 0.000106 -0.091677
v -0.036338 0.000121 -0.086305
v -0.052659 0.000144 -0.077582
v -0.066963 0.000175 -0.065843
v -0.078703 0.000213 -0.051539
v -0.087427 0.000257 -0.035219
v -0.092798 0.000304 -0.017512
v -0.094612 0.000353 0.000904
v -0.092798 0.000402 0.019319
v -0.087427 0.000449 0.037027
v -0.078703 0.000492 0.053346
v -0.066963 0.000531 0.067650
v -0.052659 0.000562 0.079389
v -0.036338 0.000585 0.088112
v -0.018630 0.000599 0.093484
v 0.017299 0.000106 -0.091766
v 0.035042 0.000118 -0.086569
v 0.051431 0.000140 -0.078010
v 0.065835 0.000171 -0.066419
v 0.077700 0.000208 -0.052241
v 0.086572 0.000250 -0.036020
v 0.092108 0.000297 -0.018381
v 0.094096 0.000346 0.000000
v 0.092460 0.000395 0.018415
v 0.087263 0.000442 0.036158
v 0.078704 0.000486 0.052546
v 0.067113 0.000525 0.066949
v 0.052933 0.000557 0.078814
v 0.036712 0.000582 0.087684
v 0.019072 0.000597 0.093220
v 0.000690 0.000603 0.095209
v -0.000213 0.000604 0.095298
v -0.001117 0.000603 0.095209
v -0.019499 0.000597 0.093220
v -0.037139 0.000582 0.087684
v -0.053360 0.000557 0.078814
v -0.067539 0.000525 0.066949
v -0.079131 0.000486 0.052546
v -0.087690 0.000442 0.036158
v -0.092887 0.000395 0.018415
v -0.094523 0.000346 0.000000
v -0.092535 0.000297 -0.018381
v -0.086999 0.000250 -0.036020
v -0.078127 0.000208 -0.052241
v -0.066262 0.000171 -0.066419
v -0.051858 0.000140 -0.078010
v -0.035469 0.000118 -0.086569
v -0.017726 0.000106 -0.091766
v -0.000214 -0.060146 0.045208
v -0.002924 -0.060148 0.044941
v -0.011368 -0.060156 0.043575
v -0.019384 -0.060170 0.040589
v -0.026663 -0.060190 0.036096
v -0.032925 -0.060215 0.030269
v -0.037930 -0.060245 0.023333
v -0.041486 -0.060277 0.015553
v -0.043456 -0.060312 0.007230
v -0.043764 -0.060347 -0.001318
v -0.042398 -0.060381 -0.009762
v -0.039411 -0.060413 -0.017777
v -0.034918 -0.060442 -0.025055
v -0.029091 -0.060466 -0.031317
v -0.022155 -0.060485 -0.036322
v -0.014375 -0.060498 -0.039878
v -0.006051 -0.060504 -0.041848
v 0.008335 -0.060150 0.044366
v 0.016555 -0.060160 0.041873
v 0.024130 -0.060177 0.037824
v 0.030770 -0.060199 0.032375
v 0.036219 -0.060226 0.025735
v 0.040268 -0.060257 0.018160
v 0.042762 -0.060291 0.009941
v 0.043604 -0.060326 0.001393
v 0.042762 -0.060361 -0.007155
v 0.040268 -0.060395 -0.015375
v 0.036219 -0.060426 -0.022950
v 0.030770 -0.060453 -0.029589
v 0.024130 -0.060475 -0.035038
v 0.016555 -0.060492 -0.039087
v 0.008335 -0.060502 -0.041581
v -0.000214 -0.060505 -0.042423
v -0.008762 -0.060502 -0.041581
v -0.016982 -0.060492 -0.039087
v -0.024557 -0.060475 -0.035038
v -0.031197 -0.060453 -0.029589
v -0.036646 -0.060426 -0.022950
v -0.040695 -0.060395 -0.015375
v -0.043189 -0.060361 -0.007155
v -0.044031 -0.060326 0.001393
v -0.043189 -0.060291 0.009941
v -0.040695 -0.060257 0.018160
v -0.036646 -0.060226 0.025735
v -0.031197 -0.060199 0.032375
v -0.024557 -0.060177 0.037824
v -0.016982 -0.060160 0.041873
v -0.008762 -0.060150 0.044366
v 0.005624 -0.060504 -0.041848
v 0.013948 -0.060498 -0.039878
v 0.021728 -0.060485 -0.036322
v 0.028664 -0.060466 -0.031317
v 0.034491 -0.060442 -0.025055
v 0.038984 -0.060413 -0.017777
v 0.041971 -0.060381 -0.009762
v 0.043337 -0.060347 -0.001318
v 0.043029 -0.060312 0.007230
v 0.041059 -0.060277 0.015553
v 0.037503 -0.060245 0.023333
v 0.032498 -0.060215 0.030269
v 0.026236 -0.060190 0.036096
v 0.018957 -0.060170 0.040589
v 0.010941 -0.060156 0.043575
v 0.002497 -0.060148 0.044941
v 0.020670 0.015787 0.105764
v 0.040751 0.015771 0.099672
v 0.059257 0.015746 0.089781
v 0.075478 0.015713 0.076469
v 0.088790 0.015672 0.060249
v 0.098682 0.015625 0.041743
v 0.104774 0.015575 0.021664
v 0.106831 0.015522 0.000781
v 0.104774 0.015470 -0.020101
v 0.098682 0.015419 -0.040181
v 0.088790 0.015373 -0.058686
v 0.075478 0.015332 -0.074907
v 0.059257 0.015298 -0.088218
v 0.040751 0.015274 -0.098110
v 0.020670 0.015258 -0.104201
v -0.000213 0.015253 -0.106258
v -0.021097 0.015258 -0.104201
v -0.041178 0.015274 -0.098110
v -0.059684 0.015298 -0.088218
v -0.075905 0.015332 -0.074907
v -0.089217 0.015373 -0.058686
v -0.099109 0.015419 -0.040181
v -0.105201 0.015470 -0.020101
v -0.107258 0.015522 0.000781
v -0.105201 0.015575 0.021664
v -0.099109 0.015625 0.041743
v -0.089217 0.015672 0.060249
v -0.075905 0.015713 0.076469
v -0.059684 0.015746 0.089781
v -0.041178 0.015771 0.099672
v -0.021097 0.015787 0.105764
v 0.020218 0.015258 -0.104245
v 0.040316 0.015273 -0.098241
v 0.058857 0.015297 -0.088432
v 0.075127 0.015330 -0.075195
v 0.088502 0.015370 -0.059037
v 0.098468 0.015416 -0.040581
v 0.104642 0.015467 -0.020535
v 0.106786 0.015519 0.000330
v 0.104818 0.015571 0.021212
v 0.098814 0.015622 0.041309
v 0.089004 0.015669 0.059849
v 0.075766 0.015710 0.076118
v 0.059608 0.015744 0.089493
v 0.041151 0.015770 0.099458
v 0.021104 0.015785 0.105632
v 0.000238 0.015791 0.107776
v -0.000213 0.015792 0.107820
v -0.000665 0.015791 0.107776
v -0.021531 0.015785 0.105632
v -0.041578 0.015770 0.099458
v -0.060035 0.015744 0.089493
v -0.076193 0.015710 0.076118
v -0.089431 0.015669 0.059849
v -0.099241 0.015622 0.041309
v -0.105245 0.015571 0.021212
v -0.107213 0.015519 0.000330
v -0.105069 0.015467 -0.020535
v -0.098895 0.015416 -0.040581
v -0.088929 0.015370 -0.059037
v -0.075554 0.015330 -0.075195
v -0.059284 0.015297 -0.088432
v -0.040743 0.015273 -0.098241
v -0.020645 0.015258 -0.104245
v -0.000213 -0.014584 0.082775
v -0.001569 -0.014585 0.082642
v -0.017466 -0.014591 0.080809
v -0.032700 -0.014606 0.075910
v -0.046686 -0.014630 0.068134
v -0.058886 -0.014660 0.057779
v -0.068831 -0.014697 0.045242
v -0.076139 -0.014738 0.031007
v -0.080530 -0.014782 0.015619
v -0.081833 -0.014827 -0.000329
v -0.080001 -0.014873 -0.016226
v -0.075102 -0.014916 -0.031459
v -0.067325 -0.014955 -0.045444
v -0.056969 -0.014989 -0.057644
v -0.044432 -0.015016 -0.067588
v -0.030196 -0.015036 -0.074896
v -0.014807 -0.015047 -0.079286
v 0.015736 -0.014588 0.081204
v 0.031072 -0.014601 0.076552
v 0.045206 -0.014623 0.068998
v 0.057595 -0.014652 0.058831
v 0.067762 -0.014687 0.046443
v 0.075317 -0.014728 0.032310
v 0.079969 -0.014771 0.016974
v 0.081540 -0.014817 0.001026
v 0.079969 -0.014862 -0.014923
v 0.075317 -0.014906 -0.030258
v 0.067762 -0.014947 -0.044392
v 0.057595 -0.014982 -0.056780
v 0.045206 -0.015011 -0.066946
v 0.031072 -0.015033 -0.074501
v 0.015736 -0.015046 -0.079153
v -0.000213 -0.015050 -0.080724
v -0.016163 -0.015046 -0.079153
v -0.031499 -0.015033 -0.074501
v -0.045633 -0.015011 -0.066946
v -0.058022 -0.014982 -0.056780
v -0.068189 -0.014947 -0.044392
v -0.075744 -0.014906 -0.030258
v -0.080396 -0.014862 -0.014923
v -0.081967 -0.014817 0.001026
v -0.080396 -0.014771 0.016974
v -0.075744 -0.014728 0.032310
v -0.068189 -0.014687 0.046443
v -0.058022 -0.014652 0.058831
v -0.045633 -0.014623 0.068998
v -0.031499 -0.014601 0.076552
v -0.016163 -0.014588 0.081204
v 0.014380 -0.015047 -0.079286
v 0.029769 -0.015036 -0.074896
v 0.044005 -0.015016 -0.067588
v 0.056542 -0.014989 -0.057644
v 0.066898 -0.014955 -0.045444
v 0.074675 -0.014916 -0.031459
v 0.079574 -0.014873 -0.016226
v 0.081406 -0.014827 -0.000329
v 0.080103 -0.014782 0.015619
v 0.075712 -0.014738 0.031007
v 0.068404 -0.014697 0.045242
v 0.058459 -0.014660 0.057779
v 0.046259 -0.014630 0.068134
v 0.032273 -0.014606 0.075910
v 0.017039 -0.014591 0.080809
v 0.001142 -0.014585 0.082642
v 0.010802 -0.044963 0.056645
v 0.021394 -0.044974 0.053433
v 0.031155 -0.044992 0.048215
v 0.039712 -0.045017 0.041194
v 0.046733 -0.045047 0.032638
v 0.051951 -0.045081 0.022877
v 0.055164 -0.045118 0.012285
v 0.056249 -0.045156 0.001270
v 0.055164 -0.045195 -0.009744
v 0.051951 -0.045232 -0.020336
v 0.046733 -0.045266 -0.030097
v 0.039712 -0.045296 -0.038653
v 0.031155 -0.045320 -0.045674
v 0.021394 -0.045339 -0.050892
v 0.010802 -0.045350 -0.054105
v -0.000214 -0.045354 -0.055190
v -0.011229 -0.045350 -0.054105
v -0.021821 -0.045339 -0.050892
v -0.031582 -0.045320 -0.045674
v -0.040139 -0.045296 -0.038653
v -0.047160 -0.045266 -0.030097
v -0.052378 -0.045232 -0.020336
v -0.055591 -0.045195 -0.009744
v -0.056676 -0.045156 0.001270
v -0.055591 -0.045118 0.012285
v -0.052378 -0.045081 0.022877
v -0.047160 -0.045047 0.032638
v -0.040139 -0.045017 0.041194
v -0.031582 -0.044992 0.048215
v -0.021821 -0.044974 0.053433
v -0.011229 -0.044963 0.056645
v 0.008543 -0.045352 -0.054327
v 0.019222 -0.045344 -0.051551
v 0.029154 -0.045329 -0.046744
v 0.037957 -0.045307 -0.040093
v 0.045293 -0.045280 -0.031852
v 0.050881 -0.045247 -0.022338
v 0.054505 -0.045212 -0.011916
v 0.056027 -0.045174 -0.000989
v 0.055387 -0.045135 0.010026
v 0.052610 -0.045098 0.020705
v 0.047804 -0.045062 0.030636
v 0.041152 -0.045030 0.039439
v 0.032910 -0.045003 0.046775
v 0.023396 -0.044982 0.052363
v 0.012974 -0.044968 0.055987
v 0.002045 -0.044960 0.057508
v -0.000214 -0.044959 0.057730
v -0.002472 -0.044960 0.057508
v -0.013401 -0.044968 0.055987
v -0.023823 -0.044982 0.052363
v -0.033337 -0.045003 0.046775
v -0.041579 -0.045030 0.039439
v -0.048231 -0.045062 0.030636
v -0.053037 -0.045098 0.020705
v -0.055814 -0.045135 0.010026
v -0.056454 -0.045174 -0.000989
v -0.054932 -0.045212 -0.011916
v -0.051308 -0.045247 -0.022338
v -0.045720 -0.045280 -0.031852
v -0.038384 -0.045307 -0.040093
v -0.029581 -0.045329 -0.046744
v -0.019649 -0.045344 -0.051551
v -0.008970 -0.045352 -0.054327
v -0.000214 -0.075334 0.032685
v -0.003376 -0.075336 0.032374
v -0.009336 -0.075344 0.031164
v -0.014945 -0.075358 0.028815
v -0.019988 -0.075377 0.025416
v -0.024271 -0.075400 0.021099
v -0.027630 -0.075428 0.016030
v -0.029935 -0.075457 0.010402
v -0.031098 -0.075489 0.004433
v -0.031074 -0.075520 -0.001648
v -0.029864 -0.075551 -0.007607
v -0.027515 -0.075579 -0.013216
v -0.024116 -0.075604 -0.018259
v -0.019799 -0.075625 -0.022542
v -0.014729 -0.075642 -0.025900
v -0.009101 -0.075652 -0.028205
v -0.003132 -0.075657 -0.029368
v 0.005868 -0.075337 0.032086
v 0.011715 -0.075346 0.030313
v 0.017105 -0.075361 0.027432
v 0.021828 -0.075381 0.023556
v 0.025705 -0.075406 0.018832
v 0.028586 -0.075434 0.013443
v 0.030359 -0.075464 0.007596
v 0.030958 -0.075496 0.001515
v 0.030359 -0.075527 -0.004566
v 0.028586 -0.075557 -0.010414
v 0.025705 -0.075585 -0.015803
v 0.021828 -0.075610 -0.020526
v 0.017105 -0.075630 -0.024402
v 0.011715 -0.075645 -0.027283
v 0.005868 -0.075654 -0.029057
v -0.000214 -0.075657 -0.029656
v -0.006295 -0.075654 -0.029057
v -0.012142 -0.075645 -0.027283
v -0.017532 -0.075630 -0.024402
v -0.022255 -0.075610 -0.020526
v -0.026132 -0.075585 -0.015803
v -0.029013 -0.075557 -0.010414
v -0.030786 -0.075527 -0.004566
v -0.031385 -0.075496 0.001515
v -0.030786 -0.075464 0.007596
v -0.029013 -0.075434 0.013443
v -0.026132 -0.075406 0.018832
v -0.022255 -0.075381 0.023556
v -0.017532 -0.075361 0.027432
v -0.012142 -0.075346 0.030313
v -0.006295 -0.075337 0.032086
v 0.002705 -0.075657 -0.029368
v 0.008674 -0.075652 -0.028205
v 0.014302 -0.075642 -0.025900
v 0.019372 -0.075625 -0.022542
v 0.023689 -0.075604 -0.018259
v 0.027088 -0.075579 -0.013216
v 0.029437 -0.075551 -0.007607
v 0.030647 -0.075520 -0.001648
v 0.030671 -0.075489 0.004433
v 0.029508 -0.075457 0.010402
v 0.027203 -0.075428 0.016030
v 0.023844 -0.075400 0.021099
v 0.019561 -0.075377 0.025416
v 0.014518 -0.075358 0.028815
v 0.008909 -0.075344 0.031164
v 0.002949 -0.075336 0.032374
v 0.021903 0.023380 0.111903
v 0.043170 0.023364 0.105452
v 0.062770 0.023339 0.094977
v 0.079949 0.023304 0.080879
v 0.094048 0.023262 0.063700
v 0.104524 0.023214 0.044102
v 0.110975 0.023162 0.022836
v 0.113153 0.023107 0.000720
v 0.110975 0.023053 -0.021395
v 0.104524 0.023001 -0.042661
v 0.094048 0.022953 -0.062260
v 0.079949 0.022910 -0.079438
v 0.062770 0.022876 -0.093536
v 0.043170 0.022850 -0.104012
v 0.021903 0.022834 -0.110463
v -0.000213 0.022829 -0.112641
v -0.022330 0.022834 -0.110463
v -0.043597 0.022850 -0.104012
v -0.063197 0.022876 -0.093536
v -0.080376 0.022910 -0.079438
v -0.094475 0.022953 -0.062260
v -0.104951 0.023001 -0.042661
v -0.111402 0.023053 -0.021395
v -0.113580 0.023107 0.000720
v -0.111402 0.023162 0.022836
v -0.104951 0.023214 0.044102
v -0.094475 0.023262 0.063700
v -0.080376 0.023304 0.080879
v -0.063197 0.023339 0.094977
v -0.043597 0.023364 0.105452
v -0.022330 0.023380 0.111903
v 0.021677 0.022834 -0.110485
v 0.042953 0.022850 -0.104078
v 0.062570 0.022875 -0.093643
v 0.079773 0.022909 -0.079582
v 0.093904 0.022951 -0.062435
v 0.104417 0.022999 -0.042861
v 0.110909 0.023051 -0.021613
v 0.113131 0.023106 0.000494
v 0.110997 0.023160 0.022610
v 0.104590 0.023212 0.043885
v 0.094155 0.023260 0.063500
v 0.080093 0.023303 0.080703
v 0.062945 0.023338 0.094833
v 0.043370 0.023364 0.105345
v 0.022120 0.023380 0.111837
v 0.000012 0.023385 0.114059
v -0.000213 0.023386 0.114082
v -0.000439 0.023385 0.114059
v -0.022547 0.023380 0.111837
v -0.043797 0.023364 0.105345
v -0.063372 0.023338 0.094833
v -0.080520 0.023303 0.080703
v -0.094582 0.023260 0.063500
v -0.105017 0.023212 0.043885
v -0.111424 0.023160 0.022610
v -0.113558 0.023106 0.000494
v -0.111336 0.023051 -0.021613
v -0.104844 0.022999 -0.042861
v -0.094331 0.022951 -0.062435
v -0.080200 0.022909 -0.079582
v -0.062997 0.022875 -0.093643
v -0.043380 0.022850 -0.104078
v -0.022104 0.022834 -0.110485
v -0.000213 0.008198 0.101559
v -0.000891 0.008197 0.101492
v -0.020515 0.008191 0.099426
v -0.039358 0.008176 0.093571
v -0.056698 0.008151 0.084153
v -0.071866 0.008118 0.071533
v -0.084281 0.008078 0.056197
v -0.093466 0.008032 0.038733
v -0.099066 0.007983 0.019814
v -0.100868 0.007932 0.000165
v -0.098802 0.007882 -0.019458
v -0.092947 0.007833 -0.038301
v -0.083528 0.007789 -0.055639
v -0.070908 0.007750 -0.070807
v -0.055571 0.007719 -0.083221
v -0.038106 0.007696 -0.092405
v -0.019186 0.007682 -0.098006
v 0.019436 0.008193 0.099624
v 0.038331 0.008178 0.093892
v 0.055744 0.008154 0.084585
v 0.071007 0.008122 0.072060
v 0.083533 0.008082 0.056798
v 0.092841 0.008037 0.039385
v 0.098573 0.007988 0.020491
v 0.100508 0.007938 0.000843
v 0.098573 0.007887 -0.018806
v 0.092841 0.007838 -0.037700
v 0.083533 0.007793 -0.055113
v 0.071007 0.007753 -0.070375
v 0.055744 0.007721 -0.082900
v 0.038331 0.007697 -0.092207
v 0.019436 0.007682 -0.097939
v -0.000213 0.007677 -0.099874
v -0.019863 0.007682 -0.097939
v -0.038758 0.007697 -0.092207
v -0.056171 0.007721 -0.082900
v -0.071434 0.007753 -0.070375
v -0.083960 0.007793 -0.055113
v -0.093268 0.007838 -0.037700
v -0.099000 0.007887 -0.018806
v -0.100935 0.007938 0.000843
v -0.099000 0.007988 0.020491
v -0.093268 0.008037 0.039385
v -0.083960 0.008082 0.056798
v -0.071434 0.008122 0.072060
v -0.056171 0.008154 0.084585
v -0.038758 0.008178 0.093892
v -0.019863 0.008193 0.099624
v 0.018759 0.007682 -0.098006
v 0.037679 0.007696 -0.092405
v 0.055144 0.007719 -0.083221
v 0.070481 0.007750 -0.070807
v 0.083101 0.007789 -0.055639
v 0.092520 0.007833 -0.038301
v 0.098375 0.007882 -0.019458
v 0.100441 0.007932 0.000165
v 0.098639 0.007983 0.019814
v 0.093039 0.008032 0.038733
v 0.083854 0.008078 0.056197
v 0.071439 0.008118 0.071533
v 0.056271 0.008151 0.084153
v 0.038931 0.008176 0.093571
v 0.020088 0.008191 0.099426
v 0.000464 0.008197 0.101492
v 0.016969 -0.006994 0.087344
v 0.033492 -0.007008 0.082332
v 0.048719 -0.007031 0.074194
v 0.062066 -0.007061 0.063241
v 0.073019 -0.007097 0.049895
v 0.081158 -0.007139 0.034668
v 0.086170 -0.007185 0.018147
v 0.087863 -0.007232 0.000965
v 0.086170 -0.007279 -0.016217
v 0.081158 -0.007325 -0.032739
v 0.073019 -0.007367 -0.047965
v 0.062066 -0.007403 -0.061311
v 0.048719 -0.007434 -0.072264
v 0.033492 -0.007456 -0.080403
v 0.016969 -0.007470 -0.085415
v -0.000213 -0.007474 -0.087107
v -0.017396 -0.007470 -0.085415
v -0.033919 -0.007456 -0.080403
v -0.049146 -0.007434 -0.072264
v -0.062493 -0.007403 -0.061311
v -0.073446 -0.007367 -0.047965
v -0.081585 -0.007325 -0.032739
v -0.086597 -0.007279 -0.016217
v -0.088290 -0.007232 0.000965
v -0.086597 -0.007185 0.018147
v -0.081585 -0.007139 0.034668
v -0.073446 -0.007097 0.049895
v -0.062493 -0.007061 0.063241
v -0.049146 -0.007031 0.074194
v -0.033919 -0.007008 0.082332
v -0.017396 -0.006994 0.087344
v 0.015840 -0.007471 -0.085526
v 0.032406 -0.007459 -0.080732
v 0.047718 -0.007438 -0.072799
v 0.061188 -0.007409 -0.062031
v 0.072299 -0.007374 -0.048843
v 0.080623 -0.007333 -0.033740
v 0.085841 -0.007288 -0.017303
v 0.087751 -0.007241 -0.000165
v 0.086281 -0.007194 0.017017
v 0.081488 -0.007148 0.033582
v 0.073554 -0.007105 0.048894
v 0.062786 -0.007067 0.062364
v 0.049596 -0.007036 0.073474
v 0.034493 -0.007012 0.081797
v 0.018055 -0.006997 0.087015
v 0.000916 -0.006991 0.088925
v -0.000213 -0.006990 0.089037
v -0.001343 -0.006991 0.088925
v -0.018482 -0.006997 0.087015
v -0.034920 -0.007012 0.081797
v -0.050023 -0.007036 0.073474
v -0.063213 -0.007067 0.062364
v -0.073981 -0.007105 0.048894
v -0.081915 -0.007148 0.033582
v -0.086708 -0.007194 0.017017
v -0.088178 -0.007241 -0.000165
v -0.086268 -0.007288 -0.017303
v -0.081050 -0.007333 -0.033740
v -0.072726 -0.007374 -0.048843
v -0.061615 -0.007409 -0.062031
v -0.048145 -0.007438 -0.072799
v -0.032833 -0.007459 -0.080732
v -0.016267 -0.007471 -0.085526
v -0.000213 -0.022177 0.076514
v -0.001795 -0.022179 0.076358
v -0.016450 -0.022185 0.074603
v -0.030481 -0.022200 0.070023
v -0.043349 -0.022223 0.062794
v -0.054559 -0.022253 0.053194
v -0.063681 -0.022288 0.041591
v -0.070364 -0.022328 0.028431
v -0.074351 -0.022370 0.014221
v -0.075488 -0.022414 -0.000494
v -0.073734 -0.022457 -0.015149
v -0.069153 -0.022499 -0.029179
v -0.061924 -0.022536 -0.042046
v -0.052323 -0.022568 -0.053256
v -0.040719 -0.022594 -0.062377
v -0.027559 -0.022613 -0.069060
v -0.013348 -0.022623 -0.073046
v 0.014502 -0.022182 0.075065
v 0.028653 -0.022194 0.070772
v 0.041694 -0.022215 0.063802
v 0.053124 -0.022243 0.054422
v 0.062505 -0.022277 0.042992
v 0.069475 -0.022316 0.029952
v 0.073768 -0.022358 0.015802
v 0.075217 -0.022402 0.001087
v 0.073768 -0.022446 -0.013628
v 0.069475 -0.022488 -0.027778
v 0.062505 -0.022526 -0.040818
v 0.053124 -0.022560 -0.052248
v 0.041694 -0.022588 -0.061628
v 0.028653 -0.022609 -0.068599
v 0.014502 -0.022622 -0.072891
v -0.000213 -0.022626 -0.074340
v -0.014929 -0.022622 -0.072891
v -0.029080 -0.022609 -0.068599
v -0.042121 -0.022588 -0.061628
v -0.053551 -0.022560 -0.052248
v -0.062932 -0.022526 -0.040818
v -0.069902 -0.022488 -0.027778
v -0.074195 -0.022446 -0.013628
v -0.075644 -0.022402 0.001087
v -0.074195 -0.022358 0.015802
v -0.069902 -0.022316 0.029952
v -0.062932 -0.022277 0.042992
v -0.053551 -0.022243 0.054422
v -0.042121 -0.022215 0.063802
v -0.029080 -0.022194 0.070772
v -0.014929 -0.022182 0.075065
v 0.012921 -0.022623 -0.073046
v 0.027132 -0.022613 -0.069060
v 0.040292 -0.022594 -0.062377
v 0.051896 -0.022568 -0.053256
v 0.061497 -0.022536 -0.042046
v 0.068726 -0.022499 -0.029179
v 0.073307 -0.022457 -0.015149
v 0.075061 -0.022414 -0.000494
v 0.073924 -0.022370 0.014221
v 0.069937 -0.022328 0.028431
v 0.063254 -0.022288 0.041591
v 0.054132 -0.022253 0.053194
v 0.042922 -0.022223 0.062794
v 0.030054 -0.022200 0.070023
v 0.016023 -0.022185 0.074603
v 0.001368 -0.022179 0.076358
v 0.012035 -0.037369 0.062785
v 0.023813 -0.037381 0.059212
v 0.034668 -0.037400 0.053411
v 0.044182 -0.037425 0.045603
v 0.051991 -0.037457 0.036089
v 0.057793 -0.037492 0.025235
v 0.061365 -0.037531 0.013457
v 0.062572 -0.037571 0.001209
v 0.061365 -0.037612 -0.011039
v 0.057793 -0.037650 -0.022817
v 0.051991 -0.037686 -0.033671
v 0.044182 -0.037717 -0.043185
v 0.034668 -0.037743 -0.050992
v 0.023813 -0.037762 -0.056794
v 0.012035 -0.037774 -0.060367
v -0.000214 -0.037778 -0.061573
v -0.012462 -0.037774 -0.060367
v -0.024240 -0.037762 -0.056794
v -0.035095 -0.037743 -0.050992
v -0.044609 -0.037717 -0.043185
v -0.052418 -0.037686 -0.033671
v -0.058220 -0.037650 -0.022817
v -0.061792 -0.037612 -0.011039
v -0.062999 -0.037571 0.001209
v -0.061792 -0.037531 0.013457
v -0.058220 -0.037492 0.025235
v -0.052418 -0.037457 0.036089
v -0.044609 -0.037425 0.045603
v -0.035095 -0.037400 0.053411
v -0.024240 -0.037381 0.059212
v -0.012462 -0.037369 0.062785
v 0.010002 -0.037775 -0.060567
v 0.021858 -0.037767 -0.057387
v 0.032866 -0.037751 -0.051955
v 0.042603 -0.037727 -0.044480
v 0.050695 -0.037698 -0.035250
v 0.056830 -0.037664 -0.024618
v 0.060772 -0.037627 -0.012994
v 0.062372 -0.037587 -0.000824
v 0.061566 -0.037547 0.011424
v 0.058386 -0.037508 0.023280
v 0.052954 -0.037471 0.034288
v 0.045478 -0.037438 0.044024
v 0.036247 -0.037410 0.052115
v 0.025615 -0.037388 0.058250
v 0.013990 -0.037374 0.062192
v 0.001820 -0.037367 0.063791
v -0.000214 -0.037365 0.063992
v -0.002247 -0.037367 0.063791
v -0.014417 -0.037374 0.062192
v -0.026042 -0.037388 0.058250
v -0.036674 -0.037410 0.052115
v -0.045905 -0.037438 0.044024
v -0.053381 -0.037471 0.034288
v -0.058813 -0.037508 0.023280
v -0.061993 -0.037547 0.011424
v -0.062799 -0.037587 -0.000824
v -0.061199 -0.037627 -0.012994
v -0.057257 -0.037664 -0.024618
v -0.051122 -0.037698 -0.035250
v -0.043030 -0.037727 -0.044481
v -0.033293 -0.037751 -0.051955
v -0.022285 -0.037767 -0.057387
v -0.010429 -0.037775 -0.060567
v -0.000214 -0.052553 0.051469
v -0.002698 -0.052554 0.051224
v -0.012385 -0.052562 0.049781
v -0.021603 -0.052576 0.046476
v -0.030000 -0.052597 0.041435
v -0.037252 -0.052623 0.034854
v -0.043080 -0.052653 0.026984
v -0.047262 -0.052687 0.018129
v -0.049635 -0.052724 0.008628
v -0.050109 -0.052760 -0.001153
v -0.048665 -0.052796 -0.010839
v -0.045360 -0.052830 -0.020057
v -0.040319 -0.052861 -0.028453
v -0.033738 -0.052887 -0.035705
v -0.025868 -0.052907 -0.041533
v -0.017012 -0.052921 -0.045714
v -0.007510 -0.052928 -0.048087
v 0.009568 -0.052556 0.050506
v 0.018974 -0.052567 0.047653
v 0.027643 -0.052584 0.043019
v 0.035241 -0.052608 0.036784
v 0.041476 -0.052636 0.029186
v 0.046110 -0.052669 0.020518
v 0.048963 -0.052704 0.011113
v 0.049926 -0.052741 0.001331
v 0.048963 -0.052778 -0.008450
v 0.046110 -0.052813 -0.017855
v 0.041476 -0.052846 -0.026523
v 0.035241 -0.052874 -0.034121
v 0.027643 -0.052898 -0.040356
v 0.018974 -0.052915 -0.044990
v 0.009568 -0.052926 -0.047843
v -0.000214 -0.052930 -0.048806
v -0.009995 -0.052926 -0.047843
v -0.019401 -0.052915 -0.044990
v -0.028070 -0.052898 -0.040356
v -0.035668 -0.052874 -0.034121
v -0.041903 -0.052846 -0.026523
v -0.046537 -0.052813 -0.017855
v -0.049390 -0.052778 -0.008450
v -0.050353 -0.052741 0.001331
v -0.049390 -0.052704 0.011113
v -0.046537 -0.052669 0.020518
v -0.041903 -0.052636 0.029186
v -0.035668 -0.052608 0.036784
v -0.028070 -0.052584 0.043019
v -0.019401 -0.052567 0.047653
v -0.009995 -0.052556 0.050506
v 0.007083 -0.052928 -0.048087
v 0.016585 -0.052921 -0.045714
v 0.025441 -0.052907 -0.041533
v 0.033311 -0.052887 -0.035705
v 0.039892 -0.052861 -0.028453
v 0.044933 -0.052830 -0.020057
v 0.048238 -0.052796 -0.010839
v 0.049682 -0.052760 -0.001153
v 0.049208 -0.052724 0.008628
v 0.046835 -0.052687 0.018129
v 0.042653 -0.052653 0.026984
v 0.036825 -0.052623 0.034854
v 0.029573 -0.052597 0.041435
v 0.021176 -0.052576 0.046476
v 0.011958 -0.052562 0.049781
v 0.002271 -0.052554 0.051224
v 0.007101 -0.067743 0.038226
v 0.014135 -0.067753 0.036093
v 0.020617 -0.067769 0.032628
v 0.026299 -0.067790 0.027965
v 0.030962 -0.067816 0.022284
v 0.034427 -0.067845 0.015802
v 0.036561 -0.067877 0.008768
v 0.037281 -0.067911 0.001454
v 0.036561 -0.067944 -0.005861
v 0.034427 -0.067976 -0.012894
v 0.030962 -0.068006 -0.019376
v 0.026299 -0.068031 -0.025058
v 0.020617 -0.068053 -0.029720
v 0.014135 -0.068068 -0.033185
v 0.007101 -0.068078 -0.035319
v -0.000214 -0.068081 -0.036039
v -0.007528 -0.068078 -0.035319
v -0.014562 -0.068068 -0.033185
v -0.021044 -0.068053 -0.029720
v -0.026726 -0.068031 -0.025058
v -0.031389 -0.068006 -0.019376
v -0.034854 -0.067976 -0.012894
v -0.036988 -0.067944 -0.005861
v -0.037708 -0.067911 0.001454
v -0.036988 -0.067877 0.008768
v -0.034854 -0.067845 0.015802
v -0.031389 -0.067816 0.022284
v -0.026726 -0.067790 0.027965
v -0.021044 -0.067769 0.032628
v -0.014562 -0.067753 0.036093
v -0.007528 -0.067743 0.038226
v 0.004165 -0.068080 -0.035608
v 0.011311 -0.068075 -0.034042
v 0.018015 -0.068063 -0.031111
v 0.024018 -0.068046 -0.026930
v 0.029090 -0.068023 -0.021657
v 0.033036 -0.067996 -0.015496
v 0.035704 -0.067966 -0.008684
v 0.036992 -0.067933 -0.001483
v 0.036850 -0.067900 0.005832
v 0.035284 -0.067867 0.012978
v 0.032353 -0.067836 0.019681
v 0.028171 -0.067808 0.025684
v 0.022898 -0.067783 0.030756
v 0.016738 -0.067764 0.034702
v 0.009925 -0.067750 0.037370
v 0.002723 -0.067742 0.038657
v -0.000214 -0.067740 0.038947
v -0.003150 -0.067742 0.038657
v -0.010352 -0.067750 0.037370
v -0.017165 -0.067764 0.034702
v -0.023325 -0.067783 0.030756
v -0.028598 -0.067808 0.025684
v -0.032780 -0.067836 0.019681
v -0.035711 -0.067867 0.012978
v -0.037277 -0.067900 0.005832
v -0.037419 -0.067933 -0.001483
v -0.036131 -0.067966 -0.008684
v -0.033463 -0.067996 -0.015496
v -0.029517 -0.068023 -0.021657
v -0.024445 -0.068046 -0.026930
v -0.018442 -0.068063 -0.031111
v -0.011738 -0.068075 -0.034042
v -0.004592 -0.068080 -0.035608
v -0.000214 -0.082928 0.026424
v -0.003602 -0.082930 0.026090
v -0.008320 -0.082938 0.024958
v -0.012726 -0.082952 0.022928
v -0.016651 -0.082970 0.020076
v -0.019945 -0.082993 0.016514
v -0.022480 -0.083019 0.012378
v -0.024160 -0.083047 0.007827
v -0.024919 -0.083077 0.003035
v -0.024729 -0.083107 -0.001812
v -0.023597 -0.083135 -0.006530
v -0.021566 -0.083162 -0.010936
v -0.018715 -0.083186 -0.014861
v -0.015153 -0.083205 -0.018154
v -0.011016 -0.083220 -0.020689
v -0.006465 -0.083229 -0.022369
v -0.001673 -0.083233 -0.023128
v 0.004634 -0.082931 0.025947
v 0.009296 -0.082939 0.024533
v 0.013592 -0.082954 0.022236
v 0.017358 -0.082972 0.019146
v 0.020448 -0.082996 0.015381
v 0.022744 -0.083022 0.011085
v 0.024158 -0.083051 0.006424
v 0.024636 -0.083080 0.001576
v 0.024158 -0.083110 -0.003272
v 0.022744 -0.083139 -0.007933
v 0.020448 -0.083165 -0.012229
v 0.017358 -0.083188 -0.015994
v 0.013592 -0.083207 -0.019084
v 0.009296 -0.083221 -0.021381
v 0.004634 -0.083230 -0.022795
v -0.000214 -0.083233 -0.023272
v -0.005061 -0.083230 -0.022795
v -0.009723 -0.083221 -0.021381
v -0.014019 -0.083207 -0.019084
v -0.017785 -0.083188 -0.015994
v -0.020875 -0.083165 -0.012229
v -0.023171 -0.083139 -0.007933
v -0.024585 -0.083110 -0.003272
v -0.025063 -0.083080 0.001576
v -0.024585 -0.083051 0.006424
v -0.023171 -0.083022 0.011085
v -0.020875 -0.082996 0.015381
v -0.017785 -0.082972 0.019146
v -0.014019 -0.082954 0.022236
v -0.009723 -0.082939 0.024533
v -0.005061 -0.082931 0.025947
v 0.001246 -0.083233 -0.023128
v 0.006038 -0.083229 -0.022369
v 0.010589 -0.083220 -0.020689
v 0.014726 -0.083205 -0.018154
v 0.018288 -0.083186 -0.014861
v 0.021139 -0.083162 -0.010936
v 0.023170 -0.083135 -0.006530
v 0.024302 -0.083107 -0.001812
v 0.024492 -0.083077 0.003035
v 0.023733 -0.083047 0.007827
v 0.022053 -0.083019 0.012378
v 0.019518 -0.082993 0.016514
v 0.016224 -0.082970 0.020076
v 0.012299 -0.082952 0.022928
v 0.007893 -0.082938 0.024958
v 0.003175 -0.082930 0.026090
vn -0.0000 1.0000 -0.0024
vn -0.0000 0.1860 0.9825
vn 0.1918 0.1861 0.9636
vn 0.3763 0.1859 0.9077
vn 0.5463 0.1858 0.8168
vn 0.6952 0.1855 0.6944
vn 0.8174 0.1852 0.5454
vn 0.9082 0.1848 0.3754
vn 0.9641 0.1845 0.1910
vn 0.9829 0.1841 -0.0008
vn 0.9639 0.1837 -0.1926
vn 0.9079 0.1833 -0.3769
vn 0.8171 0.1829 -0.5468
vn 0.6948 0.1826 -0.6956
vn 0.5459 0.1823 -0.8178
vn 0.3760 0.1822 -0.9085
vn 0.1917 0.1820 -0.9644
vn -0.0000 0.1821 -0.9833
vn -0.1917 0.1820 -0.9644
vn -0.3760 0.1822 -0.9085
vn -0.5459 0.1824 -0.8178
vn -0.6948 0.1826 -0.6956
vn -0.8170 0.1830 -0.5468
vn -0.9079 0.1833 -0.3769
vn -0.9639 0.1837 -0.1926
vn -0.9829 0.1840 -0.0008
vn -0.9641 0.1845 0.1910
vn -0.9082 0.1849 0.3754
vn -0.8174 0.1852 0.5454
vn -0.6952 0.1855 0.6944
vn -0.5463 0.1858 0.8168
vn -0.3763 0.1859 0.9077
vn -0.1918 0.1861 0.9636
vn -0.0000 -0.8656 0.5008
vn 0.0964 -0.8657 0.4913
vn 0.1890 -0.8659 0.4632
vn 0.2745 -0.8662 0.4176
vn 0.3494 -0.8666 0.3562
vn 0.4109 -0.8672 0.2813
vn 0.4567 -0.8678 0.1960
vn 0.4850 -0.8684 0.1032
vn 0.4947 -0.8691 0.0068
vn 0.4853 -0.8697 -0.0898
vn 0.4573 -0.8704 -0.1826
vn 0.4117 -0.8710 -0.2683
vn 0.3502 -0.8715 -0.3434
vn 0.2752 -0.8719 -0.4051
vn 0.1896 -0.8722 -0.4510
vn 0.0967 -0.8724 -0.4792
vn -0.0000 -0.8724 -0.4888
vn -0.0967 -0.8724 -0.4792
vn -0.1896 -0.8722 -0.4510
vn -0.2752 -0.8719 -0.4051
vn -0.3502 -0.8715 -0.3434
vn -0.4117 -0.8710 -0.2683
vn -0.4573 -0.8704 -0.1826
vn -0.4853 -0.8697 -0.0898
vn -0.4947 -0.8691 0.0068
vn -0.4850 -0.8684 0.1032
vn -0.4567 -0.8678 0.1960
vn -0.4109 -0.8672 0.2813
vn -0.3494 -0.8666 0.3562
vn -0.2745 -0.8662 0.4176
vn -0.1890 -0.8659 0.4632
vn -0.0964 -0.8657 0.4913
vn 0.1497 -0.6362 0.7568
vn 0.2939 -0.6365 0.7131
vn 0.4267 -0.6369 0.6421
vn 0.5431 -0.6374 0.5466
vn 0.6387 -0.6380 0.4302
vn 0.7097 -0.6387 0.2973
vn 0.7534 -0.6395 0.1532
vn 0.7681 -0.6403 0.0033
vn 0.7533 -0.6411 -0.1466
vn 0.7096 -0.6419 -0.2907
vn 0.6386 -0.6426 -0.4235
vn 0.5430 -0.6432 -0.5399
vn 0.4266 -0.6437 -0.6354
vn 0.2938 -0.6441 -0.7063
vn 0.1497 -0.6443 -0.7500
vn -0.0000 -0.6444 -0.7647
vn -0.1497 -0.6443 -0.7500
vn -0.2938 -0.6441 -0.7063
vn -0.4266 -0.6437 -0.6354
vn -0.5430 -0.6432 -0.5399
vn -0.6386 -0.6426 -0.4235
vn -0.7096 -0.6418 -0.2907
vn -0.7533 -0.6411 -0.1466
vn -0.7681 -0.6403 0.0033
vn -0.7534 -0.6395 0.1532
vn -0.7097 -0.6387 0.2973
vn -0.6387 -0.6380 0.4302
vn -0.5431 -0.6374 0.5466
vn -0.4267 -0.6369 0.6421
vn -0.2939 -0.6365 0.7131
vn -0.1497 -0.6362 0.7568
vn -0.0000 -0.6362 0.7716
vn -0.0755 -0.6343 0.7694
vn -0.2235 -0.6345 0.7399
vn -0.3629 -0.6348 0.6821
vn -0.4883 -0.6353 0.5983
vn -0.5950 -0.6359 0.4916
vn -0.6788 -0.6366 0.3661
vn -0.7365 -0.6373 0.2267
vn -0.7659 -0.6381 0.0787
vn -0.7659 -0.6389 -0.0722
vn -0.7364 -0.6397 -0.2201
vn -0.6786 -0.6405 -0.3595
vn -0.5948 -0.6411 -0.4849
vn -0.4881 -0.6417 -0.5916
vn -0.3627 -0.6421 -0.6754
vn -0.2234 -0.6424 -0.7331
vn -0.0754 -0.6425 -0.7625
vn 0.0754 -0.6425 -0.7625
vn 0.2234 -0.6424 -0.7331
vn 0.3627 -0.6421 -0.6754
vn 0.4881 -0.6417 -0.5916
vn 0.5948 -0.6411 -0.4849
vn 0.6786 -0.6405 -0.3595
vn 0.7364 -0.6397 -0.2201
vn 0.7659 -0.6389 -0.0722
vn 0.7659 -0.6381 0.0787
vn 0.7365 -0.6373 0.2267
vn 0.6788 -0.6366 0.3661
vn 0.5950 -0.6359 0.4916
vn 0.4883 -0.6353 0.5983
vn 0.3629 -0.6348 0.6821
vn 0.2235 -0.6345 0.7399
vn 0.0755 -0.6343 0.7694
vn -0.5950 -0.6359 0.4915
vn 0.7096 -0.6418 -0.2907
vn -0.7096 -0.6419 -0.2907
vn 0.5950 -0.6359 0.4915
vn -0.3629 -0.6349 0.6821
vn 0.7365 -0.6373 0.2266
vn 0.2234 -0.6345 0.7399
vn 0.0754 -0.6343 0.7694
vn -0.2234 -0.6345 0.7399
vt 0.295922 0.139134
vt 0.360866 0.204078
vt 0.295922 0.360866
vt 0.750000 0.250000
vt 0.760548 0.250000
vt 0.760346 0.247946
vt 0.739654 0.252054
vt 0.739452 0.250000
vt 0.740254 0.254029
vt 0.759746 0.245971
vt 0.741227 0.255850
vt 0.758773 0.244150
vt 0.742538 0.257447
vt 0.757462 0.242553
vt 0.744136 0.258758
vt 0.755864 0.241241
vt 0.760346 0.252054
vt 0.754040 0.240266
vt 0.750000 0.239463
vt 0.747940 0.239666
vt 0.747940 0.260334
vt 0.750000 0.260537
vt 0.745960 0.259734
vt 0.752060 0.239666
vt 0.745960 0.240266
vt 0.752060 0.260334
vt 0.744136 0.241241
vt 0.754040 0.259734
vt 0.742538 0.242553
vt 0.755865 0.258758
vt 0.741227 0.244150
vt 0.757462 0.257447
vt 0.740254 0.245971
vt 0.758773 0.255850
vt 0.739654 0.247946
vt 0.759746 0.254029
vt 0.794448 0.473457
vt 0.750000 0.490000
vt 0.796822 0.485388
vt 0.841844 0.471731
vt 0.837189 0.460492
vt 0.876579 0.439437
vt 0.883337 0.449553
vt 0.911104 0.411103
vt 0.919706 0.419706
vt 0.939438 0.376578
vt 0.949553 0.383337
vt 0.960492 0.337188
vt 0.971731 0.341844
vt 0.973457 0.294448
vt 0.985388 0.296822
vt 0.990000 0.250000
vt 0.977835 0.250000
vt 0.985388 0.203178
vt 0.973457 0.205552
vt 0.971731 0.158156
vt 0.960492 0.162811
vt 0.949553 0.116663
vt 0.939438 0.123422
vt 0.919706 0.080294
vt 0.911104 0.088897
vt 0.883337 0.050447
vt 0.876579 0.060563
vt 0.837189 0.039508
vt 0.841844 0.028269
vt 0.796822 0.014612
vt 0.794448 0.026543
vt 0.750000 0.022165
vt 0.750000 0.010000
vt 0.703178 0.014612
vt 0.705552 0.026543
vt 0.662811 0.039508
vt 0.658156 0.028269
vt 0.616663 0.050447
vt 0.623421 0.060563
vt 0.580294 0.080294
vt 0.588896 0.088897
vt 0.560562 0.123422
vt 0.550447 0.116663
vt 0.528269 0.158156
vt 0.539508 0.162811
vt 0.514612 0.203178
vt 0.526543 0.205552
vt 0.510000 0.250000
vt 0.522165 0.250000
vt 0.526543 0.294448
vt 0.514612 0.296822
vt 0.528269 0.341844
vt 0.539508 0.337189
vt 0.550447 0.383337
vt 0.560562 0.376578
vt 0.580294 0.419706
vt 0.588896 0.411103
vt 0.623421 0.439437
vt 0.616663 0.449553
vt 0.658156 0.471731
vt 0.662811 0.460492
vt 0.705552 0.473457
vt 0.703178 0.485388
vt 0.750000 0.477835
vt 0.790631 0.454264
vt 0.829701 0.442412
vt 0.865707 0.423166
vt 0.897267 0.397265
vt 0.923168 0.365705
vt 0.942414 0.329699
vt 0.954265 0.290631
vt 0.958267 0.250000
vt 0.954265 0.209369
vt 0.942413 0.170301
vt 0.923168 0.134295
vt 0.897267 0.102735
vt 0.865707 0.076834
vt 0.829701 0.057588
vt 0.790631 0.045736
vt 0.750000 0.041735
vt 0.709369 0.045737
vt 0.670300 0.057588
vt 0.634293 0.076834
vt 0.602733 0.102735
vt 0.576832 0.134295
vt 0.557587 0.170301
vt 0.545735 0.209369
vt 0.541733 0.250000
vt 0.545735 0.290631
vt 0.557587 0.329699
vt 0.576832 0.365705
vt 0.602733 0.397265
vt 0.634293 0.423166
vt 0.670299 0.442412
vt 0.709370 0.454264
vt 0.750000 0.458265
vt 0.786238 0.432180
vt 0.821085 0.421610
vt 0.853199 0.404444
vt 0.881347 0.381344
vt 0.904448 0.353196
vt 0.921613 0.321082
vt 0.932183 0.286238
vt 0.935752 0.250000
vt 0.932183 0.213762
vt 0.921612 0.178917
vt 0.904448 0.146804
vt 0.881347 0.118656
vt 0.853199 0.095556
vt 0.821085 0.078390
vt 0.786238 0.067820
vt 0.750000 0.064251
vt 0.713762 0.067820
vt 0.678915 0.078390
vt 0.646801 0.095556
vt 0.618653 0.118656
vt 0.595552 0.146804
vt 0.578387 0.178917
vt 0.567817 0.213762
vt 0.564248 0.250000
vt 0.567817 0.286238
vt 0.578387 0.321083
vt 0.595552 0.353196
vt 0.618653 0.381344
vt 0.646801 0.404444
vt 0.678915 0.421610
vt 0.713762 0.432180
vt 0.750000 0.435749
vt 0.782727 0.414525
vt 0.814197 0.404979
vt 0.843199 0.389477
vt 0.868620 0.368615
vt 0.889481 0.343195
vt 0.904983 0.314193
vt 0.914528 0.282726
vt 0.917752 0.250000
vt 0.914528 0.217274
vt 0.904983 0.185806
vt 0.889481 0.156805
vt 0.868620 0.131385
vt 0.843199 0.110523
vt 0.814197 0.095021
vt 0.782727 0.085475
vt 0.750000 0.082252
vt 0.717273 0.085475
vt 0.685803 0.095021
vt 0.656801 0.110523
vt 0.631381 0.131385
vt 0.610519 0.156805
vt 0.595017 0.185806
vt 0.585472 0.217274
vt 0.582248 0.250000
vt 0.585472 0.282726
vt 0.595017 0.314194
vt 0.610519 0.343195
vt 0.631380 0.368615
vt 0.656801 0.389477
vt 0.685803 0.404979
vt 0.717273 0.414525
vt 0.750000 0.417748
vt 0.779558 0.398590
vt 0.807980 0.389968
vt 0.834174 0.375968
vt 0.857132 0.357126
vt 0.875973 0.334168
vt 0.889973 0.307976
vt 0.898594 0.279556
vt 0.901505 0.250000
vt 0.898594 0.220444
vt 0.889973 0.192024
vt 0.875973 0.165832
vt 0.857132 0.142874
vt 0.834174 0.124032
vt 0.807980 0.110032
vt 0.779558 0.101410
vt 0.750000 0.098499
vt 0.720442 0.101410
vt 0.692020 0.110031
vt 0.665827 0.124032
vt 0.642868 0.142874
vt 0.624027 0.165832
vt 0.610027 0.192024
vt 0.601406 0.220444
vt 0.598494 0.250000
vt 0.601406 0.279556
vt 0.610027 0.307976
vt 0.624027 0.334168
vt 0.642868 0.357126
vt 0.665826 0.375968
vt 0.692020 0.389968
vt 0.720442 0.398590
vt 0.750000 0.401501
vt 0.750000 0.387406
vt 0.776808 0.384766
vt 0.802586 0.376946
vt 0.826343 0.364248
vt 0.847166 0.347159
vt 0.864254 0.326337
vt 0.876952 0.302581
vt 0.884771 0.276806
vt 0.887411 0.250000
vt 0.884770 0.223194
vt 0.876951 0.197418
vt 0.864254 0.173663
vt 0.847166 0.152841
vt 0.826343 0.135752
vt 0.802586 0.123054
vt 0.776808 0.115234
vt 0.750000 0.112594
vt 0.723192 0.115234
vt 0.697414 0.123054
vt 0.673657 0.135752
vt 0.652834 0.152841
vt 0.635746 0.173663
vt 0.623049 0.197418
vt 0.615229 0.223194
vt 0.612589 0.250000
vt 0.615230 0.276806
vt 0.623048 0.302582
vt 0.635746 0.326337
vt 0.652834 0.347159
vt 0.673657 0.364248
vt 0.697414 0.376946
vt 0.723192 0.384766
vt 0.773700 0.369139
vt 0.796490 0.362226
vt 0.817492 0.351000
vt 0.835900 0.335892
vt 0.851007 0.317485
vt 0.862232 0.296484
vt 0.869144 0.273698
vt 0.871478 0.250000
vt 0.869144 0.226303
vt 0.862232 0.203516
vt 0.851007 0.182515
vt 0.835900 0.164108
vt 0.817492 0.149000
vt 0.796490 0.137774
vt 0.773700 0.130861
vt 0.750000 0.128527
vt 0.726300 0.130861
vt 0.703511 0.137774
vt 0.682508 0.149000
vt 0.664100 0.164108
vt 0.648993 0.182515
vt 0.637768 0.203516
vt 0.630855 0.226302
vt 0.628522 0.250000
vt 0.630856 0.273698
vt 0.637768 0.296484
vt 0.648993 0.317485
vt 0.664100 0.335892
vt 0.682508 0.351000
vt 0.703510 0.362226
vt 0.726300 0.369139
vt 0.750000 0.371473
vt 0.750000 0.353138
vt 0.770123 0.351156
vt 0.789474 0.345286
vt 0.807307 0.335755
vt 0.822937 0.322927
vt 0.835763 0.307298
vt 0.845294 0.289467
vt 0.851163 0.270120
vt 0.853144 0.250000
vt 0.851163 0.229880
vt 0.845294 0.210533
vt 0.835763 0.192702
vt 0.822937 0.177073
vt 0.807307 0.164245
vt 0.789474 0.154714
vt 0.770123 0.148844
vt 0.750000 0.146862
vt 0.729877 0.148844
vt 0.710526 0.154714
vt 0.692694 0.164245
vt 0.677064 0.177073
vt 0.664237 0.192702
vt 0.654706 0.210533
vt 0.648837 0.229880
vt 0.646856 0.250000
vt 0.648837 0.270120
vt 0.654706 0.289467
vt 0.664237 0.307298
vt 0.677063 0.322927
vt 0.692693 0.335754
vt 0.710526 0.345286
vt 0.729877 0.351156
vt 0.750000 0.337658
vt 0.767104 0.335973
vt 0.783550 0.330984
vt 0.798707 0.322883
vt 0.811991 0.311981
vt 0.822892 0.298697
vt 0.830993 0.283543
vt 0.835981 0.267100
vt 0.837665 0.250000
vt 0.835981 0.232900
vt 0.830993 0.216457
vt 0.822893 0.201303
vt 0.811991 0.188019
vt 0.798707 0.177117
vt 0.783550 0.169016
vt 0.767104 0.164027
vt 0.750000 0.162342
vt 0.732896 0.164027
vt 0.716450 0.169016
vt 0.701293 0.177117
vt 0.688009 0.188019
vt 0.677107 0.201303
vt 0.669007 0.216457
vt 0.664019 0.232900
vt 0.662335 0.250000
vt 0.664019 0.267100
vt 0.669007 0.283543
vt 0.677107 0.298697
vt 0.688009 0.311981
vt 0.701293 0.322883
vt 0.716450 0.330984
vt 0.732897 0.335973
vt 0.750000 0.321476
vt 0.763947 0.320103
vt 0.777358 0.316034
vt 0.789718 0.309428
vt 0.800550 0.300539
vt 0.809439 0.289707
vt 0.816044 0.277350
vt 0.820111 0.263943
vt 0.821484 0.250000
vt 0.820111 0.236057
vt 0.816044 0.222650
vt 0.809439 0.210293
vt 0.800550 0.199461
vt 0.789718 0.190572
vt 0.777358 0.183966
vt 0.763947 0.179897
vt 0.750000 0.178524
vt 0.736053 0.179897
vt 0.722642 0.183966
vt 0.710283 0.190572
vt 0.699450 0.199461
vt 0.690561 0.210293
vt 0.683956 0.222650
vt 0.679889 0.236057
vt 0.678516 0.250000
vt 0.679889 0.263943
vt 0.683956 0.277350
vt 0.690561 0.289707
vt 0.699450 0.300538
vt 0.710282 0.309428
vt 0.722642 0.316034
vt 0.736053 0.320103
vt 0.750000 0.309812
vt 0.761672 0.308663
vt 0.772895 0.305258
vt 0.783238 0.299730
vt 0.792303 0.292291
vt 0.799741 0.283227
vt 0.805268 0.272886
vt 0.808671 0.261667
vt 0.809821 0.250000
vt 0.808671 0.238333
vt 0.805268 0.227114
vt 0.799741 0.216773
vt 0.792303 0.207709
vt 0.783238 0.200270
vt 0.772895 0.194742
vt 0.761672 0.191337
vt 0.750000 0.190188
vt 0.738328 0.191337
vt 0.727105 0.194742
vt 0.716762 0.200270
vt 0.707697 0.207709
vt 0.700259 0.216773
vt 0.694732 0.227114
vt 0.691329 0.238333
vt 0.690179 0.250000
vt 0.691329 0.261667
vt 0.694732 0.272886
vt 0.700259 0.283226
vt 0.707697 0.292290
vt 0.716762 0.299730
vt 0.727105 0.305258
vt 0.738328 0.308663
vt 0.750000 0.295891
vt 0.758956 0.295009
vt 0.767568 0.292397
vt 0.775505 0.288155
vt 0.782460 0.282447
vt 0.788167 0.275492
vt 0.792408 0.267559
vt 0.795019 0.258951
vt 0.795901 0.250000
vt 0.795019 0.241049
vt 0.792408 0.232441
vt 0.788167 0.224508
vt 0.782460 0.217553
vt 0.775504 0.211845
vt 0.767568 0.207603
vt 0.758956 0.204991
vt 0.750000 0.204109
vt 0.741044 0.204991
vt 0.732432 0.207603
vt 0.724496 0.211845
vt 0.717540 0.217553
vt 0.711833 0.224508
vt 0.707592 0.232441
vt 0.704981 0.241049
vt 0.704100 0.250000
vt 0.704981 0.258951
vt 0.707592 0.267559
vt 0.711833 0.275492
vt 0.717540 0.282447
vt 0.724496 0.288155
vt 0.732432 0.292397
vt 0.741044 0.295009
vt 0.750000 0.282817
vt 0.756406 0.282186
vt 0.762565 0.280317
vt 0.768241 0.277283
vt 0.773215 0.273201
vt 0.777297 0.268228
vt 0.780329 0.262555
vt 0.782196 0.256400
vt 0.782826 0.250000
vt 0.782196 0.243600
vt 0.780329 0.237445
vt 0.777297 0.231772
vt 0.773215 0.226799
vt 0.768241 0.222716
vt 0.762565 0.219683
vt 0.756406 0.217814
vt 0.750000 0.217183
vt 0.743594 0.217814
vt 0.737435 0.219683
vt 0.731759 0.222716
vt 0.726785 0.226799
vt 0.722703 0.231772
vt 0.719671 0.237445
vt 0.717804 0.243600
vt 0.717174 0.250000
vt 0.717804 0.256400
vt 0.719671 0.262555
vt 0.722703 0.268228
vt 0.726785 0.273201
vt 0.731759 0.277283
vt 0.737435 0.280317
vt 0.743594 0.282186
vt 0.750000 0.270438
vt 0.753991 0.270045
vt 0.757828 0.268880
vt 0.761364 0.266990
vt 0.764462 0.264448
vt 0.767004 0.261351
vt 0.768893 0.257818
vt 0.770055 0.253985
vt 0.770448 0.250000
vt 0.770055 0.246015
vt 0.768893 0.242182
vt 0.767004 0.238649
vt 0.764463 0.235552
vt 0.761364 0.233009
vt 0.757828 0.231120
vt 0.753991 0.229956
vt 0.750000 0.229562
vt 0.746009 0.229956
vt 0.742172 0.231120
vt 0.738636 0.233009
vt 0.735537 0.235552
vt 0.732996 0.238650
vt 0.731107 0.242182
vt 0.729945 0.246015
vt 0.729552 0.250000
vt 0.729945 0.253985
vt 0.731107 0.257818
vt 0.732996 0.261350
vt 0.735537 0.264448
vt 0.738636 0.266990
vt 0.742172 0.268880
vt 0.746009 0.270045
vt 0.248537 0.482356
vt 0.203178 0.485388
vt 0.204641 0.478033
vt 0.203235 0.477606
vt 0.158156 0.471731
vt 0.161026 0.464802
vt 0.159729 0.464109
vt 0.116663 0.449553
vt 0.120830 0.443317
vt 0.119693 0.442384
vt 0.080294 0.419706
vt 0.085598 0.414402
vt 0.084665 0.413266
vt 0.050447 0.383337
vt 0.056683 0.379170
vt 0.055990 0.377873
vt 0.028269 0.341844
vt 0.035198 0.338974
vt 0.034771 0.337567
vt 0.014612 0.296822
vt 0.021967 0.295358
vt 0.021823 0.293895
vt 0.010000 0.250000
vt 0.017500 0.250000
vt 0.017644 0.248537
vt 0.014612 0.203178
vt 0.021967 0.204641
vt 0.022394 0.203235
vt 0.028269 0.158156
vt 0.035198 0.161026
vt 0.035891 0.159729
vt 0.050447 0.116663
vt 0.056683 0.120830
vt 0.057616 0.119693
vt 0.080294 0.080294
vt 0.085598 0.085598
vt 0.086734 0.084665
vt 0.116663 0.050447
vt 0.120830 0.056683
vt 0.122127 0.055990
vt 0.158156 0.028269
vt 0.161026 0.035198
vt 0.162433 0.034771
vt 0.203178 0.014612
vt 0.204641 0.021967
vt 0.206105 0.021823
vt 0.250000 0.010000
vt 0.250000 0.017500
vt 0.252926 0.122788
vt 0.250000 0.130000
vt 0.250000 0.122500
vt 0.277688 0.125803
vt 0.273411 0.132306
vt 0.274874 0.124950
vt 0.301385 0.133592
vt 0.298792 0.132205
vt 0.323108 0.145853
vt 0.316668 0.150224
vt 0.320835 0.143988
vt 0.342022 0.162117
vt 0.334853 0.165147
vt 0.340156 0.159844
vt 0.357399 0.181758
vt 0.349776 0.183332
vt 0.356012 0.179165
vt 0.368648 0.204022
vt 0.367795 0.201208
vt 0.375338 0.228052
vt 0.367694 0.226589
vt 0.375050 0.225126
vt 0.377212 0.252926
vt 0.370000 0.250000
vt 0.377500 0.250000
vt 0.374197 0.277688
vt 0.367694 0.273411
vt 0.375050 0.274874
vt 0.366408 0.301385
vt 0.360866 0.295922
vt 0.367795 0.298792
vt 0.354147 0.323108
vt 0.349776 0.316668
vt 0.356012 0.320835
vt 0.337883 0.342022
vt 0.334853 0.334853
vt 0.340156 0.340156
vt 0.318242 0.357399
vt 0.316668 0.349776
vt 0.320835 0.356012
vt 0.295978 0.368648
vt 0.298792 0.367795
vt 0.271948 0.375338
vt 0.273411 0.367694
vt 0.274874 0.375050
vt 0.250000 0.370000
vt 0.226589 0.367694
vt 0.204078 0.360866
vt 0.183332 0.349776
vt 0.139134 0.295922
vt 0.165147 0.334853
vt 0.150224 0.316668
vt 0.132306 0.273411
vt 0.130000 0.250000
vt 0.132306 0.226589
vt 0.139134 0.204078
vt 0.150224 0.183332
vt 0.165147 0.165147
vt 0.183332 0.150224
vt 0.204078 0.139134
vt 0.226589 0.132306
vt 0.250000 0.482500
vt 0.250000 0.490000
vt 0.250000 0.377500
vt 0.250000 0.430000
vt 0.260242 0.436491
vt 0.250000 0.437500
vt 0.285116 0.426541
vt 0.296428 0.430910
vt 0.286579 0.433897
vt 0.318883 0.416298
vt 0.330830 0.418376
vt 0.321753 0.423227
vt 0.350003 0.399665
vt 0.362125 0.399372
vt 0.354169 0.405901
vt 0.377279 0.377279
vt 0.389112 0.374627
vt 0.382583 0.382583
vt 0.399665 0.350003
vt 0.410752 0.345093
vt 0.405901 0.354169
vt 0.416298 0.318883
vt 0.426215 0.311905
vt 0.423227 0.321753
vt 0.426541 0.285116
vt 0.434906 0.276337
vt 0.433897 0.286579
vt 0.430000 0.250000
vt 0.436491 0.239758
vt 0.437500 0.250000
vt 0.426541 0.214884
vt 0.430910 0.203572
vt 0.433897 0.213421
vt 0.416298 0.181117
vt 0.418376 0.169170
vt 0.423227 0.178247
vt 0.399665 0.149997
vt 0.399372 0.137875
vt 0.405901 0.145831
vt 0.377279 0.122721
vt 0.374627 0.110888
vt 0.382583 0.117417
vt 0.350003 0.100335
vt 0.345093 0.089248
vt 0.354169 0.094099
vt 0.318883 0.083702
vt 0.311905 0.073785
vt 0.321753 0.076773
vt 0.285116 0.073459
vt 0.276337 0.065094
vt 0.286579 0.066103
vt 0.216347 0.080815
vt 0.226589 0.072306
vt 0.229516 0.079518
vt 0.183987 0.090631
vt 0.192373 0.080287
vt 0.196650 0.086790
vt 0.154164 0.106571
vt 0.160371 0.094791
vt 0.165834 0.100334
vt 0.128024 0.128024
vt 0.131813 0.115259
vt 0.138253 0.119630
vt 0.106571 0.154164
vt 0.107797 0.140905
vt 0.114966 0.143935
vt 0.090631 0.183987
vt 0.089246 0.170744
vt 0.096868 0.172317
vt 0.080815 0.216347
vt 0.076873 0.203628
vt 0.084656 0.203684
vt 0.077500 0.250000
vt 0.071153 0.238295
vt 0.078797 0.236831
vt 0.080815 0.283653
vt 0.072306 0.273411
vt 0.079518 0.270485
vt 0.090631 0.316013
vt 0.080287 0.307627
vt 0.086790 0.303350
vt 0.106571 0.345836
vt 0.094791 0.339629
vt 0.100334 0.334166
vt 0.128024 0.371976
vt 0.115259 0.368187
vt 0.119630 0.361747
vt 0.154164 0.393429
vt 0.140905 0.392203
vt 0.143935 0.385034
vt 0.183987 0.409369
vt 0.170744 0.410754
vt 0.172317 0.403132
vt 0.216347 0.419185
vt 0.203628 0.423127
vt 0.203684 0.415344
vt 0.250000 0.422500
vt 0.238295 0.428847
vt 0.236831 0.421203
vt 0.261705 0.428847
vt 0.296372 0.423127
vt 0.329256 0.410754
vt 0.359095 0.392203
vt 0.384741 0.368187
vt 0.405209 0.339629
vt 0.419713 0.307627
vt 0.427694 0.273411
vt 0.428847 0.238295
vt 0.423127 0.203628
vt 0.410754 0.170744
vt 0.392203 0.140905
vt 0.368187 0.115259
vt 0.339629 0.094791
vt 0.307627 0.080287
vt 0.273411 0.072306
vt 0.250000 0.062500
vt 0.250000 0.070000
vt 0.250000 0.077500
vt 0.214884 0.073459
vt 0.181117 0.083702
vt 0.149997 0.100335
vt 0.122721 0.122721
vt 0.100335 0.149997
vt 0.083702 0.181117
vt 0.073459 0.214884
vt 0.070000 0.250000
vt 0.073459 0.285116
vt 0.083702 0.318883
vt 0.100335 0.350003
vt 0.122721 0.377279
vt 0.149997 0.399665
vt 0.181117 0.416298
vt 0.214884 0.426541
vt 0.285116 0.043459
vt 0.250000 0.032500
vt 0.288043 0.036247
vt 0.324736 0.054278
vt 0.292432 0.036679
vt 0.329013 0.047776
vt 0.361483 0.072619
vt 0.333234 0.049056
vt 0.366947 0.067076
vt 0.393946 0.097777
vt 0.370836 0.069155
vt 0.400386 0.093406
vt 0.420878 0.128784
vt 0.403796 0.096204
vt 0.428046 0.125754
vt 0.441242 0.164450
vt 0.430845 0.129163
vt 0.448865 0.162876
vt 0.454258 0.203403
vt 0.450944 0.166766
vt 0.462040 0.203347
vt 0.459424 0.244147
vt 0.463321 0.207568
vt 0.467068 0.245610
vt 0.456541 0.285116
vt 0.467500 0.250000
vt 0.463753 0.288043
vt 0.445722 0.324736
vt 0.463321 0.292432
vt 0.452224 0.329013
vt 0.427381 0.361483
vt 0.450944 0.333234
vt 0.432924 0.366947
vt 0.402223 0.393946
vt 0.430845 0.370836
vt 0.406594 0.400386
vt 0.371216 0.420878
vt 0.403796 0.403796
vt 0.374246 0.428046
vt 0.335550 0.441242
vt 0.370836 0.430845
vt 0.337124 0.448865
vt 0.296597 0.454258
vt 0.333234 0.450944
vt 0.296653 0.462040
vt 0.255853 0.459424
vt 0.292432 0.463321
vt 0.254390 0.467068
vt 0.290969 0.044035
vt 0.330364 0.055985
vt 0.366670 0.075391
vt 0.398492 0.101508
vt 0.424609 0.133330
vt 0.444015 0.169636
vt 0.455965 0.209031
vt 0.460000 0.250000
vt 0.455965 0.290969
vt 0.444015 0.330364
vt 0.424609 0.366670
vt 0.398492 0.398492
vt 0.366670 0.424609
vt 0.330364 0.444015
vt 0.290969 0.455965
vt 0.250000 0.460000
vt 0.250000 0.467500
vt 0.210494 0.051391
vt 0.214884 0.043459
vt 0.217810 0.050670
vt 0.172507 0.062914
vt 0.175264 0.054278
vt 0.179541 0.060780
vt 0.137497 0.081627
vt 0.138517 0.072619
vt 0.143980 0.078162
vt 0.106811 0.106811
vt 0.106054 0.097777
vt 0.112494 0.102147
vt 0.081627 0.137497
vt 0.079122 0.128784
vt 0.086291 0.131814
vt 0.062914 0.172507
vt 0.058758 0.164450
vt 0.066380 0.166023
vt 0.051391 0.210494
vt 0.045742 0.203403
vt 0.053525 0.203459
vt 0.047500 0.250000
vt 0.040576 0.244147
vt 0.048221 0.242684
vt 0.051391 0.289506
vt 0.043459 0.285116
vt 0.050670 0.282190
vt 0.062914 0.327493
vt 0.054278 0.324736
vt 0.060780 0.320459
vt 0.081627 0.362503
vt 0.072619 0.361483
vt 0.078162 0.356020
vt 0.106811 0.393189
vt 0.097777 0.393946
vt 0.102147 0.387506
vt 0.137497 0.418373
vt 0.128784 0.420878
vt 0.131814 0.413709
vt 0.172507 0.437086
vt 0.164450 0.441242
vt 0.166023 0.433620
vt 0.210494 0.448609
vt 0.203403 0.454258
vt 0.203459 0.446475
vt 0.250000 0.452500
vt 0.244147 0.459424
vt 0.242684 0.451779
vt 0.250000 0.040000
vt 0.250000 0.047500
vt 0.209031 0.044035
vt 0.169636 0.055985
vt 0.133330 0.075391
vt 0.101508 0.101508
vt 0.075391 0.133330
vt 0.055985 0.169636
vt 0.044035 0.209031
vt 0.040000 0.250000
vt 0.044035 0.290969
vt 0.055985 0.330364
vt 0.075391 0.366670
vt 0.101508 0.398492
vt 0.133330 0.424609
vt 0.169636 0.444015
vt 0.209031 0.455965
vt 0.230979 0.390627
vt 0.220736 0.397118
vt 0.222200 0.389762
vt 0.203909 0.384214
vt 0.192597 0.388582
vt 0.195468 0.381653
vt 0.178611 0.372643
vt 0.166664 0.374720
vt 0.170831 0.368484
vt 0.156056 0.356359
vt 0.143934 0.356066
vt 0.149237 0.350763
vt 0.137112 0.335988
vt 0.125280 0.333336
vt 0.131516 0.329169
vt 0.122506 0.312312
vt 0.111418 0.307402
vt 0.118347 0.304532
vt 0.112799 0.286242
vt 0.102882 0.279264
vt 0.110238 0.277800
vt 0.108365 0.258779
vt 0.100000 0.250000
vt 0.107500 0.250000
vt 0.109373 0.230979
vt 0.102882 0.220736
vt 0.110238 0.222200
vt 0.115786 0.203909
vt 0.111418 0.192597
vt 0.118347 0.195468
vt 0.127357 0.178611
vt 0.125280 0.166664
vt 0.131516 0.170831
vt 0.143641 0.156056
vt 0.143934 0.143934
vt 0.149237 0.149237
vt 0.164012 0.137112
vt 0.166664 0.125280
vt 0.170831 0.131516
vt 0.187688 0.122506
vt 0.192597 0.111418
vt 0.195468 0.118347
vt 0.213758 0.112799
vt 0.220736 0.102882
vt 0.222200 0.110238
vt 0.241221 0.108365
vt 0.250000 0.100000
vt 0.250000 0.107500
vt 0.250000 0.392500
vt 0.232442 0.398271
vt 0.203853 0.391996
vt 0.177038 0.380265
vt 0.153026 0.363528
vt 0.132741 0.342428
vt 0.116963 0.317776
vt 0.106297 0.290519
vt 0.101153 0.261705
vt 0.101729 0.232442
vt 0.108004 0.203853
vt 0.119735 0.177038
vt 0.136472 0.153026
vt 0.157572 0.132741
vt 0.182224 0.116963
vt 0.209481 0.106297
vt 0.238295 0.101153
vt 0.250000 0.400000
vt 0.266095 0.405915
vt 0.250000 0.407500
vt 0.279264 0.397118
vt 0.296203 0.399779
vt 0.280727 0.404474
vt 0.307402 0.388582
vt 0.324536 0.387887
vt 0.310273 0.395511
vt 0.333336 0.374720
vt 0.350004 0.370697
vt 0.337502 0.380956
vt 0.356066 0.356066
vt 0.371629 0.348868
vt 0.361369 0.361369
vt 0.374720 0.333336
vt 0.388580 0.323239
vt 0.380956 0.337502
vt 0.388582 0.307402
vt 0.400206 0.294796
vt 0.395511 0.310273
vt 0.397118 0.279264
vt 0.406059 0.264632
vt 0.404474 0.280727
vt 0.400000 0.250000
vt 0.405915 0.233905
vt 0.407500 0.250000
vt 0.397118 0.220736
vt 0.399779 0.203797
vt 0.404474 0.219273
vt 0.388582 0.192597
vt 0.387887 0.175464
vt 0.395511 0.189727
vt 0.374720 0.166664
vt 0.370697 0.149996
vt 0.380956 0.162498
vt 0.356066 0.143934
vt 0.348868 0.128371
vt 0.361369 0.138631
vt 0.333336 0.125280
vt 0.323239 0.111420
vt 0.337502 0.119044
vt 0.307402 0.111418
vt 0.294796 0.099794
vt 0.310273 0.104489
vt 0.279264 0.102882
vt 0.264632 0.093941
vt 0.280727 0.095526
vt 0.267558 0.398271
vt 0.296147 0.391996
vt 0.322962 0.380265
vt 0.346974 0.363528
vt 0.367259 0.342428
vt 0.383037 0.317776
vt 0.393703 0.290519
vt 0.398847 0.261705
vt 0.398271 0.232442
vt 0.391996 0.203853
vt 0.380265 0.177038
vt 0.363528 0.153026
vt 0.342428 0.132741
vt 0.317776 0.116963
vt 0.290519 0.106297
vt 0.261705 0.101153
vt 0.250000 0.092500
vt 0.250000 0.475000
vt 0.251463 0.482356
vt 0.293895 0.470677
vt 0.296765 0.477606
vt 0.295358 0.478033
vt 0.336104 0.457873
vt 0.340271 0.464109
vt 0.338974 0.464802
vt 0.375003 0.437081
vt 0.380307 0.442384
vt 0.379170 0.443317
vt 0.409099 0.409099
vt 0.415335 0.413266
vt 0.414402 0.414402
vt 0.437081 0.375003
vt 0.444010 0.377873
vt 0.443317 0.379170
vt 0.457873 0.336104
vt 0.465229 0.337567
vt 0.464802 0.338974
vt 0.470677 0.293895
vt 0.478177 0.293895
vt 0.478033 0.295358
vt 0.475000 0.250000
vt 0.482356 0.248537
vt 0.482500 0.250000
vt 0.470677 0.206105
vt 0.477606 0.203235
vt 0.478033 0.204641
vt 0.457873 0.163896
vt 0.464109 0.159729
vt 0.464802 0.161026
vt 0.437081 0.124997
vt 0.442384 0.119693
vt 0.443317 0.120830
vt 0.409099 0.090901
vt 0.413266 0.084665
vt 0.414402 0.085598
vt 0.375003 0.062919
vt 0.377873 0.055990
vt 0.379170 0.056683
vt 0.336104 0.042127
vt 0.337567 0.034771
vt 0.338974 0.035198
vt 0.293895 0.029323
vt 0.293895 0.021823
vt 0.295358 0.021967
vt 0.252926 0.474712
vt 0.296709 0.469823
vt 0.338697 0.456487
vt 0.377276 0.435215
vt 0.410964 0.406826
vt 0.438467 0.372410
vt 0.458726 0.333290
vt 0.470965 0.290969
vt 0.474712 0.247074
vt 0.469823 0.203291
vt 0.456487 0.161303
vt 0.435215 0.122724
vt 0.406826 0.089036
vt 0.372410 0.061533
vt 0.333290 0.041274
vt 0.290969 0.029035
vt 0.207568 0.036679
vt 0.209031 0.029035
vt 0.211957 0.036247
vt 0.166766 0.049056
vt 0.166710 0.041274
vt 0.170987 0.047776
vt 0.129163 0.069155
vt 0.127590 0.061533
vt 0.133053 0.067076
vt 0.096204 0.096204
vt 0.093174 0.089036
vt 0.099614 0.093406
vt 0.069155 0.129163
vt 0.064785 0.122724
vt 0.071954 0.125754
vt 0.049056 0.166766
vt 0.043513 0.161303
vt 0.051135 0.162876
vt 0.036679 0.207568
vt 0.030177 0.203291
vt 0.037960 0.203347
vt 0.032500 0.250000
vt 0.025288 0.247074
vt 0.032932 0.245610
vt 0.036679 0.292432
vt 0.029035 0.290969
vt 0.036247 0.288043
vt 0.049056 0.333234
vt 0.041274 0.333290
vt 0.047776 0.329013
vt 0.069155 0.370836
vt 0.061533 0.372410
vt 0.067076 0.366947
vt 0.096204 0.403796
vt 0.089036 0.406826
vt 0.093406 0.400386
vt 0.129163 0.430845
vt 0.122724 0.435215
vt 0.125754 0.428046
vt 0.166766 0.450944
vt 0.161303 0.456487
vt 0.162876 0.448865
vt 0.207568 0.463321
vt 0.203291 0.469823
vt 0.203347 0.462040
vt 0.247074 0.474712
vt 0.245610 0.467068
vt 0.250000 0.025000
vt 0.206105 0.029323
vt 0.163896 0.042127
vt 0.124997 0.062919
vt 0.090901 0.090901
vt 0.062919 0.124997
vt 0.042127 0.163896
vt 0.029323 0.206105
vt 0.025000 0.250000
vt 0.029323 0.293895
vt 0.042127 0.336104
vt 0.062919 0.375003
vt 0.090901 0.409099
vt 0.124997 0.437081
vt 0.163896 0.457873
vt 0.206105 0.470677
vt 0.239758 0.436491
vt 0.211957 0.441253
vt 0.213421 0.433897
vt 0.203572 0.430910
vt 0.175377 0.430156
vt 0.178247 0.423227
vt 0.169170 0.418376
vt 0.141664 0.412137
vt 0.145831 0.405901
vt 0.137875 0.399372
vt 0.112114 0.387886
vt 0.117417 0.382583
vt 0.110888 0.374627
vt 0.087863 0.358336
vt 0.094099 0.354169
vt 0.089248 0.345093
vt 0.069844 0.324623
vt 0.076773 0.321753
vt 0.073785 0.311905
vt 0.058747 0.288043
vt 0.066103 0.286579
vt 0.065094 0.276337
vt 0.055000 0.250000
vt 0.062500 0.250000
vt 0.063509 0.239758
vt 0.058747 0.211957
vt 0.066103 0.213421
vt 0.069090 0.203572
vt 0.069844 0.175377
vt 0.076773 0.178247
vt 0.081624 0.169170
vt 0.087863 0.141664
vt 0.094099 0.145831
vt 0.100628 0.137875
vt 0.112114 0.112114
vt 0.117417 0.117417
vt 0.125373 0.110888
vt 0.141664 0.087863
vt 0.145831 0.094099
vt 0.154907 0.089248
vt 0.175377 0.069844
vt 0.178247 0.076773
vt 0.188095 0.073785
vt 0.211957 0.058747
vt 0.213421 0.066103
vt 0.223663 0.065094
vt 0.250000 0.055000
vt 0.241221 0.444135
vt 0.203516 0.438692
vt 0.167597 0.425998
vt 0.134845 0.406540
vt 0.106518 0.381067
vt 0.083705 0.350556
vt 0.067283 0.316182
vt 0.057882 0.279264
vt 0.055865 0.241221
vt 0.061308 0.203516
vt 0.074002 0.167597
vt 0.093460 0.134845
vt 0.118933 0.106518
vt 0.149444 0.083705
vt 0.183818 0.067283
vt 0.220736 0.057882
vt 0.279264 0.057882
vt 0.282190 0.050670
vt 0.316182 0.067283
vt 0.289506 0.051391
vt 0.320459 0.060780
vt 0.350556 0.083705
vt 0.327493 0.062914
vt 0.356020 0.078162
vt 0.381067 0.106518
vt 0.362503 0.081627
vt 0.387506 0.102147
vt 0.406540 0.134845
vt 0.393189 0.106811
vt 0.413709 0.131814
vt 0.425998 0.167597
vt 0.418373 0.137497
vt 0.433620 0.166023
vt 0.438692 0.203516
vt 0.437086 0.172507
vt 0.446475 0.203459
vt 0.444135 0.241221
vt 0.448609 0.210494
vt 0.451779 0.242684
vt 0.442118 0.279264
vt 0.452500 0.250000
vt 0.449330 0.282190
vt 0.432717 0.316182
vt 0.448609 0.289506
vt 0.439220 0.320459
vt 0.416295 0.350556
vt 0.437086 0.327493
vt 0.421838 0.356020
vt 0.393482 0.381067
vt 0.418373 0.362503
vt 0.397853 0.387506
vt 0.365155 0.406540
vt 0.393189 0.393189
vt 0.368186 0.413709
vt 0.332403 0.425998
vt 0.362503 0.418373
vt 0.333977 0.433620
vt 0.296484 0.438692
vt 0.327493 0.437086
vt 0.296541 0.446475
vt 0.258779 0.444135
vt 0.289506 0.448609
vt 0.257316 0.451779
vt 0.288043 0.058747
vt 0.324623 0.069844
vt 0.358336 0.087863
vt 0.387886 0.112114
vt 0.412137 0.141664
vt 0.430156 0.175377
vt 0.441253 0.211957
vt 0.445000 0.250000
vt 0.441253 0.288043
vt 0.430156 0.324623
vt 0.412137 0.358336
vt 0.387886 0.387886
vt 0.358336 0.412137
vt 0.324623 0.430156
vt 0.288043 0.441253
vt 0.250000 0.445000
vt 0.267558 0.086729
vt 0.270485 0.079518
vt 0.299073 0.093292
vt 0.283653 0.080815
vt 0.303350 0.086790
vt 0.328703 0.105877
vt 0.316013 0.090631
vt 0.334166 0.100334
vt 0.355307 0.124000
vt 0.345836 0.106571
vt 0.361747 0.119630
vt 0.377865 0.146966
vt 0.371976 0.128024
vt 0.385034 0.143935
vt 0.395509 0.173891
vt 0.393429 0.154164
vt 0.403132 0.172317
vt 0.407562 0.203741
vt 0.409369 0.183987
vt 0.415344 0.203684
vt 0.413559 0.235368
vt 0.419185 0.216347
vt 0.421203 0.236831
vt 0.413271 0.267558
vt 0.422500 0.250000
vt 0.420482 0.270485
vt 0.406708 0.299073
vt 0.419185 0.283653
vt 0.413210 0.303350
vt 0.394123 0.328703
vt 0.409369 0.316013
vt 0.399666 0.334166
vt 0.376000 0.355307
vt 0.393429 0.345836
vt 0.380370 0.361747
vt 0.353034 0.377865
vt 0.371976 0.371976
vt 0.356065 0.385034
vt 0.326109 0.395509
vt 0.345836 0.393429
vt 0.327683 0.403132
vt 0.296259 0.407562
vt 0.316013 0.409369
vt 0.296316 0.415344
vt 0.264632 0.413559
vt 0.283653 0.419185
vt 0.263169 0.421203
vt 0.282190 0.088170
vt 0.313143 0.097560
vt 0.341669 0.112808
vt 0.366673 0.133327
vt 0.387192 0.158331
vt 0.402440 0.186857
vt 0.411830 0.217810
vt 0.415000 0.250000
vt 0.411830 0.282190
vt 0.402440 0.313143
vt 0.387192 0.341669
vt 0.366673 0.366673
vt 0.341669 0.387192
vt 0.313143 0.402440
vt 0.282190 0.411830
vt 0.250000 0.415000
vt 0.233905 0.405915
vt 0.217810 0.411830
vt 0.219273 0.404474
vt 0.203797 0.399779
vt 0.186857 0.402440
vt 0.189727 0.395511
vt 0.175464 0.387887
vt 0.158331 0.387192
vt 0.162498 0.380956
vt 0.149996 0.370697
vt 0.133327 0.366673
vt 0.138631 0.361369
vt 0.128371 0.348868
vt 0.112808 0.341669
vt 0.119044 0.337502
vt 0.111420 0.323239
vt 0.097560 0.313143
vt 0.104489 0.310273
vt 0.099794 0.294796
vt 0.088170 0.282190
vt 0.095526 0.280727
vt 0.093941 0.264632
vt 0.085000 0.250000
vt 0.092500 0.250000
vt 0.094085 0.233905
vt 0.088170 0.217810
vt 0.095526 0.219273
vt 0.100221 0.203797
vt 0.097560 0.186857
vt 0.104489 0.189727
vt 0.112113 0.175464
vt 0.112808 0.158331
vt 0.119044 0.162498
vt 0.129303 0.149996
vt 0.133327 0.133327
vt 0.138631 0.138631
vt 0.151132 0.128371
vt 0.158331 0.112808
vt 0.162498 0.119044
vt 0.176761 0.111420
vt 0.186857 0.097560
vt 0.189727 0.104489
vt 0.205204 0.099794
vt 0.217810 0.088170
vt 0.219273 0.095526
vt 0.235368 0.093941
vt 0.250000 0.085000
vt 0.235368 0.413559
vt 0.203741 0.407562
vt 0.173891 0.395509
vt 0.146966 0.377865
vt 0.124000 0.355307
vt 0.105877 0.328703
vt 0.093292 0.299073
vt 0.086729 0.267558
vt 0.086441 0.235368
vt 0.092438 0.203741
vt 0.104491 0.173891
vt 0.122135 0.146966
vt 0.144693 0.124000
vt 0.171297 0.105877
vt 0.200927 0.093292
vt 0.232442 0.086729
vt 0.225126 0.124950
vt 0.244147 0.115576
vt 0.247074 0.122788
vt 0.201208 0.132205
vt 0.218035 0.119301
vt 0.222312 0.125803
vt 0.179165 0.143988
vt 0.193151 0.128049
vt 0.198615 0.133592
vt 0.159844 0.159844
vt 0.170452 0.141482
vt 0.176892 0.145853
vt 0.143988 0.179165
vt 0.150810 0.159087
vt 0.157978 0.162117
vt 0.132205 0.201208
vt 0.134979 0.180185
vt 0.142601 0.181758
vt 0.124950 0.225126
vt 0.123569 0.203966
vt 0.131352 0.204022
vt 0.122500 0.250000
vt 0.117018 0.229516
vt 0.124662 0.228052
vt 0.124950 0.274874
vt 0.115576 0.255853
vt 0.122788 0.252926
vt 0.132205 0.298792
vt 0.119301 0.281965
vt 0.125803 0.277688
vt 0.143988 0.320835
vt 0.128049 0.306849
vt 0.133592 0.301385
vt 0.159844 0.340156
vt 0.141482 0.329548
vt 0.145853 0.323108
vt 0.179165 0.356012
vt 0.159087 0.349190
vt 0.162117 0.342022
vt 0.201208 0.367795
vt 0.180185 0.365021
vt 0.181758 0.357399
vt 0.225126 0.375050
vt 0.203966 0.376431
vt 0.204022 0.368648
vt 0.229516 0.382982
vt 0.228052 0.375338
vt 0.250000 0.115000
vt 0.223663 0.117594
vt 0.198338 0.125276
vt 0.174998 0.137752
vt 0.154541 0.154541
vt 0.137752 0.174998
vt 0.125276 0.198338
vt 0.117594 0.223663
vt 0.115000 0.250000
vt 0.117594 0.276337
vt 0.125276 0.301662
vt 0.137752 0.325002
vt 0.154541 0.345459
vt 0.174998 0.362248
vt 0.198338 0.374724
vt 0.223663 0.382406
vt 0.250000 0.385000
vt 0.269021 0.390627
vt 0.276337 0.382406
vt 0.296091 0.384214
vt 0.277800 0.389762
vt 0.301662 0.374724
vt 0.321389 0.372643
vt 0.304532 0.381653
vt 0.325002 0.362248
vt 0.343944 0.356359
vt 0.329169 0.368484
vt 0.345459 0.345459
vt 0.362888 0.335988
vt 0.350763 0.350763
vt 0.362248 0.325002
vt 0.377494 0.312312
vt 0.368484 0.329169
vt 0.374724 0.301662
vt 0.387201 0.286242
vt 0.381653 0.304532
vt 0.382406 0.276337
vt 0.391635 0.258779
vt 0.389762 0.277800
vt 0.385000 0.250000
vt 0.390627 0.230979
vt 0.392500 0.250000
vt 0.382406 0.223663
vt 0.384214 0.203909
vt 0.389762 0.222200
vt 0.374724 0.198338
vt 0.372643 0.178611
vt 0.381653 0.195468
vt 0.362248 0.174998
vt 0.356359 0.156056
vt 0.368484 0.170831
vt 0.345459 0.154541
vt 0.335988 0.137112
vt 0.350763 0.149237
vt 0.325002 0.137752
vt 0.312312 0.122506
vt 0.329169 0.131516
vt 0.301662 0.125276
vt 0.286242 0.112799
vt 0.304532 0.118347
vt 0.276337 0.117594
vt 0.258779 0.108365
vt 0.277800 0.110238
vt 0.270485 0.382982
vt 0.296034 0.376431
vt 0.319815 0.365021
vt 0.340913 0.349190
vt 0.358518 0.329548
vt 0.371951 0.306849
vt 0.380699 0.281965
vt 0.384424 0.255853
vt 0.382982 0.229516
vt 0.376431 0.203966
vt 0.365021 0.180185
vt 0.349190 0.159087
vt 0.329548 0.141482
vt 0.306849 0.128049
vt 0.281965 0.119301
vt 0.255853 0.115576
vt 0.296822 0.014612
vt 0.341844 0.028269
vt 0.383337 0.050447
vt 0.419706 0.080294
vt 0.449553 0.116663
vt 0.471731 0.158156
vt 0.485388 0.203178
vt 0.490000 0.250000
vt 0.485388 0.296822
vt 0.471731 0.341844
vt 0.449553 0.383337
vt 0.419706 0.419706
vt 0.383337 0.449553
vt 0.341844 0.471731
vt 0.296822 0.485388
s 1
f 528/1/48 524/2/44 516/3/36
f 33/4/1 490/5/1 491/6/1
f 507/7/1 33/4/1 506/8/1
f 508/9/1 33/4/1 507/7/1
f 33/4/1 491/6/1 492/10/1
f 509/11/1 33/4/1 508/9/1
f 33/4/1 492/10/1 493/12/1
f 510/13/1 33/4/1 509/11/1
f 33/4/1 493/12/1 494/14/1
f 511/15/1 33/4/1 510/13/1
f 33/4/1 494/14/1 495/16/1
f 489/17/1 490/5/1 33/4/1
f 33/4/1 495/16/1 496/18/1
f 33/4/1 498/19/1 499/20/1
f 513/21/1 482/22/1 33/4/1
f 512/23/1 513/21/1 33/4/1
f 498/19/1 33/4/1 497/24/1
f 511/15/1 512/23/1 33/4/1
f 497/24/1 33/4/1 496/18/1
f 33/4/1 499/20/1 500/25/1
f 482/22/1 483/26/1 33/4/1
f 33/4/1 500/25/1 501/27/1
f 483/26/1 484/28/1 33/4/1
f 33/4/1 501/27/1 502/29/1
f 484/28/1 485/30/1 33/4/1
f 33/4/1 502/29/1 503/31/1
f 485/30/1 486/32/1 33/4/1
f 33/4/1 503/31/1 504/33/1
f 486/32/1 487/34/1 33/4/1
f 33/4/1 504/33/1 505/35/1
f 487/34/1 488/36/1 33/4/1
f 506/8/1 33/4/1 505/35/1
f 488/36/1 489/17/1 33/4/1
f 2/37/1 34/38/2 35/39/3
f 2/37/1 36/40/4 3/41/1
f 4/42/1 36/40/4 37/43/5
f 5/44/1 37/43/5 38/45/6
f 6/46/1 38/45/6 39/47/7
f 7/48/1 39/47/7 40/49/8
f 8/50/1 40/49/8 41/51/9
f 8/50/1 42/52/10 9/53/1
f 9/53/1 43/54/11 10/55/1
f 10/55/1 44/56/12 11/57/1
f 11/57/1 45/58/13 12/59/1
f 12/59/1 46/60/14 13/61/1
f 13/61/1 47/62/15 14/63/1
f 15/64/1 47/62/15 48/65/16
f 15/64/1 49/66/17 16/67/1
f 17/68/1 49/66/17 50/69/18
f 17/68/1 51/70/19 18/71/1
f 19/72/1 51/70/19 52/73/20
f 19/72/1 53/74/21 20/75/1
f 20/75/1 54/76/22 21/77/1
f 22/78/1 54/76/22 55/79/23
f 22/78/1 56/80/24 23/81/1
f 23/81/1 57/82/25 24/83/1
f 24/83/1 58/84/26 25/85/1
f 26/86/1 58/84/26 59/87/27
f 26/86/1 60/88/28 27/89/1
f 27/89/1 61/90/29 28/91/1
f 28/91/1 62/92/30 29/93/1
f 30/94/1 62/92/30 63/95/31
f 30/94/1 64/96/32 31/97/1
f 32/98/1 64/96/32 65/99/33
f 32/98/1 34/38/2 1/100/1
f 67/101/1 1/100/1 2/37/1
f 68/102/1 2/37/1 3/41/1
f 69/103/1 3/41/1 4/42/1
f 70/104/1 4/42/1 5/44/1
f 71/105/1 5/44/1 6/46/1
f 72/106/1 6/46/1 7/48/1
f 73/107/1 7/48/1 8/50/1
f 73/107/1 9/53/1 74/108/1
f 74/108/1 10/55/1 75/109/1
f 75/109/1 11/57/1 76/110/1
f 76/110/1 12/59/1 77/111/1
f 77/111/1 13/61/1 78/112/1
f 78/112/1 14/63/1 79/113/1
f 80/114/1 14/63/1 15/64/1
f 80/114/1 16/67/1 81/115/1
f 82/116/1 16/67/1 17/68/1
f 82/116/1 18/71/1 83/117/1
f 84/118/1 18/71/1 19/72/1
f 85/119/1 19/72/1 20/75/1
f 86/120/1 20/75/1 21/77/1
f 87/121/1 21/77/1 22/78/1
f 88/122/1 22/78/1 23/81/1
f 89/123/1 23/81/1 24/83/1
f 90/124/1 24/83/1 25/85/1
f 90/124/1 26/86/1 91/125/1
f 91/125/1 27/89/1 92/126/1
f 92/126/1 28/91/1 93/127/1
f 93/127/1 29/93/1 94/128/1
f 94/128/1 30/94/1 95/129/1
f 95/129/1 31/97/1 96/130/1
f 97/131/1 31/97/1 32/98/1
f 97/131/1 1/100/1 66/132/1
f 99/133/1 66/132/1 67/101/1
f 99/133/1 68/102/1 100/134/1
f 101/135/1 68/102/1 69/103/1
f 102/136/1 69/103/1 70/104/1
f 103/137/1 70/104/1 71/105/1
f 104/138/1 71/105/1 72/106/1
f 105/139/1 72/106/1 73/107/1
f 106/140/1 73/107/1 74/108/1
f 107/141/1 74/108/1 75/109/1
f 107/141/1 76/110/1 108/142/1
f 108/142/1 77/111/1 109/143/1
f 109/143/1 78/112/1 110/144/1
f 110/144/1 79/113/1 111/145/1
f 112/146/1 79/113/1 80/114/1
f 112/146/1 81/115/1 113/147/1
f 114/148/1 81/115/1 82/116/1
f 114/148/1 83/117/1 115/149/1
f 116/150/1 83/117/1 84/118/1
f 116/150/1 85/119/1 117/151/1
f 118/152/1 85/119/1 86/120/1
f 119/153/1 86/120/1 87/121/1
f 120/154/1 87/121/1 88/122/1
f 121/155/1 88/122/1 89/123/1
f 122/156/1 89/123/1 90/124/1
f 123/157/1 90/124/1 91/125/1
f 123/157/1 92/126/1 124/158/1
f 124/158/1 93/127/1 125/159/1
f 125/159/1 94/128/1 126/160/1
f 126/160/1 95/129/1 127/161/1
f 127/161/1 96/130/1 128/162/1
f 129/163/1 96/130/1 97/131/1
f 129/163/1 66/132/1 98/164/1
f 131/165/1 98/164/1 99/133/1
f 131/165/1 100/134/1 132/166/1
f 133/167/1 100/134/1 101/135/1
f 134/168/1 101/135/1 102/136/1
f 135/169/1 102/136/1 103/137/1
f 136/170/1 103/137/1 104/138/1
f 137/171/1 104/138/1 105/139/1
f 138/172/1 105/139/1 106/140/1
f 139/173/1 106/140/1 107/141/1
f 139/173/1 108/142/1 140/174/1
f 140/174/1 109/143/1 141/175/1
f 141/175/1 110/144/1 142/176/1
f 142/176/1 111/145/1 143/177/1
f 144/178/1 111/145/1 112/146/1
f 144/178/1 113/147/1 145/179/1
f 146/180/1 113/147/1 114/148/1
f 146/180/1 115/149/1 147/181/1
f 148/182/1 115/149/1 116/150/1
f 149/183/1 116/150/1 117/151/1
f 150/184/1 117/151/1 118/152/1
f 151/185/1 118/152/1 119/153/1
f 151/185/1 120/154/1 152/186/1
f 153/187/1 120/154/1 121/155/1
f 154/188/1 121/155/1 122/156/1
f 154/188/1 123/157/1 155/189/1
f 155/189/1 124/158/1 156/190/1
f 157/191/1 124/158/1 125/159/1
f 157/191/1 126/160/1 158/192/1
f 158/192/1 127/161/1 159/193/1
f 159/193/1 128/162/1 160/194/1
f 161/195/1 128/162/1 129/163/1
f 161/195/1 98/164/1 130/196/1
f 163/197/1 130/196/1 131/165/1
f 164/198/1 131/165/1 132/166/1
f 165/199/1 132/166/1 133/167/1
f 166/200/1 133/167/1 134/168/1
f 167/201/1 134/168/1 135/169/1
f 167/201/1 136/170/1 168/202/1
f 169/203/1 136/170/1 137/171/1
f 169/203/1 138/172/1 170/204/1
f 171/205/1 138/172/1 139/173/1
f 171/205/1 140/174/1 172/206/1
f 172/206/1 141/175/1 173/207/1
f 173/207/1 142/176/1 174/208/1
f 174/208/1 143/177/1 175/209/1
f 176/210/1 143/177/1 144/178/1
f 176/210/1 145/179/1 177/211/1
f 178/212/1 145/179/1 146/180/1
f 178/212/1 147/181/1 179/213/1
f 180/214/1 147/181/1 148/182/1
f 180/214/1 149/183/1 181/215/1
f 182/216/1 149/183/1 150/184/1
f 183/217/1 150/184/1 151/185/1
f 183/217/1 152/186/1 184/218/1
f 185/219/1 152/186/1 153/187/1
f 185/219/1 154/188/1 186/220/1
f 186/220/1 155/189/1 187/221/1
f 187/221/1 156/190/1 188/222/1
f 189/223/1 156/190/1 157/191/1
f 189/223/1 158/192/1 190/224/1
f 191/225/1 158/192/1 159/193/1
f 191/225/1 160/194/1 192/226/1
f 193/227/1 160/194/1 161/195/1
f 193/227/1 130/196/1 162/228/1
f 194/229/1 163/197/1 195/230/1
f 195/230/1 164/198/1 196/231/1
f 197/232/1 164/198/1 165/199/1
f 198/233/1 165/199/1 166/200/1
f 199/234/1 166/200/1 167/201/1
f 200/235/1 167/201/1 168/202/1
f 201/236/1 168/202/1 169/203/1
f 201/236/1 170/204/1 202/237/1
f 203/238/1 170/204/1 171/205/1
f 203/238/1 172/206/1 204/239/1
f 204/239/1 173/207/1 205/240/1
f 205/240/1 174/208/1 206/241/1
f 206/241/1 175/209/1 207/242/1
f 208/243/1 175/209/1 176/210/1
f 208/243/1 177/211/1 209/244/1
f 210/245/1 177/211/1 178/212/1
f 210/245/1 179/213/1 211/246/1
f 212/247/1 179/213/1 180/214/1
f 212/247/1 181/215/1 213/248/1
f 213/248/1 182/216/1 214/249/1
f 215/250/1 182/216/1 183/217/1
f 216/251/1 183/217/1 184/218/1
f 217/252/1 184/218/1 185/219/1
f 217/252/1 186/220/1 218/253/1
f 219/254/1 186/220/1 187/221/1
f 220/255/1 187/221/1 188/222/1
f 220/255/1 189/223/1 221/256/1
f 221/256/1 190/224/1 222/257/1
f 222/257/1 191/225/1 223/258/1
f 223/258/1 192/226/1 224/259/1
f 225/260/1 192/226/1 193/227/1
f 225/260/1 162/228/1 194/229/1
f 227/261/1 194/229/1 195/230/1
f 227/261/1 196/231/1 228/262/1
f 229/263/1 196/231/1 197/232/1
f 230/264/1 197/232/1 198/233/1
f 231/265/1 198/233/1 199/234/1
f 232/266/1 199/234/1 200/235/1
f 233/267/1 200/235/1 201/236/1
f 234/268/1 201/236/1 202/237/1
f 235/269/1 202/237/1 203/238/1
f 235/269/1 204/239/1 236/270/1
f 236/270/1 205/240/1 237/271/1
f 237/271/1 206/241/1 238/272/1
f 238/272/1 207/242/1 239/273/1
f 240/274/1 207/242/1 208/243/1
f 240/274/1 209/244/1 241/275/1
f 242/276/1 209/244/1 210/245/1
f 242/276/1 211/246/1 243/277/1
f 244/278/1 211/246/1 212/247/1
f 244/278/1 213/248/1 245/279/1
f 246/280/1 213/248/1 214/249/1
f 247/281/1 214/249/1 215/250/1
f 248/282/1 215/250/1 216/251/1
f 249/283/1 216/251/1 217/252/1
f 250/284/1 217/252/1 218/253/1
f 250/284/1 219/254/1 251/285/1
f 251/285/1 220/255/1 252/286/1
f 252/286/1 221/256/1 253/287/1
f 253/287/1 222/257/1 254/288/1
f 254/288/1 223/258/1 255/289/1
f 255/289/1 224/259/1 256/290/1
f 256/290/1 225/260/1 257/291/1
f 257/291/1 194/229/1 226/292/1
f 258/293/1 227/261/1 259/294/1
f 259/294/1 228/262/1 260/295/1
f 261/296/1 228/262/1 229/263/1
f 262/297/1 229/263/1 230/264/1
f 263/298/1 230/264/1 231/265/1
f 264/299/1 231/265/1 232/266/1
f 265/300/1 232/266/1 233/267/1
f 266/301/1 233/267/1 234/268/1
f 267/302/1 234/268/1 235/269/1
f 267/302/1 236/270/1 268/303/1
f 268/303/1 237/271/1 269/304/1
f 269/304/1 238/272/1 270/305/1
f 270/305/1 239/273/1 271/306/1
f 272/307/1 239/273/1 240/274/1
f 272/307/1 241/275/1 273/308/1
f 274/309/1 241/275/1 242/276/1
f 274/309/1 243/277/1 275/310/1
f 276/311/1 243/277/1 244/278/1
f 276/311/1 245/279/1 277/312/1
f 278/313/1 245/279/1 246/280/1
f 279/314/1 246/280/1 247/281/1
f 280/315/1 247/281/1 248/282/1
f 281/316/1 248/282/1 249/283/1
f 282/317/1 249/283/1 250/284/1
f 282/317/1 251/285/1 283/318/1
f 283/318/1 252/286/1 284/319/1
f 284/319/1 253/287/1 285/320/1
f 285/320/1 254/288/1 286/321/1
f 287/322/1 254/288/1 255/289/1
f 287/322/1 256/290/1 288/323/1
f 288/323/1 257/291/1 289/324/1
f 258/293/1 257/291/1 226/292/1
f 290/325/1 259/294/1 291/326/1
f 291/326/1 260/295/1 292/327/1
f 293/328/1 260/295/1 261/296/1
f 294/329/1 261/296/1 262/297/1
f 295/330/1 262/297/1 263/298/1
f 296/331/1 263/298/1 264/299/1
f 297/332/1 264/299/1 265/300/1
f 297/332/1 266/301/1 298/333/1
f 299/334/1 266/301/1 267/302/1
f 299/334/1 268/303/1 300/335/1
f 300/335/1 269/304/1 301/336/1
f 301/336/1 270/305/1 302/337/1
f 302/337/1 271/306/1 303/338/1
f 304/339/1 271/306/1 272/307/1
f 304/339/1 273/308/1 305/340/1
f 306/341/1 273/308/1 274/309/1
f 306/341/1 275/310/1 307/342/1
f 308/343/1 275/310/1 276/311/1
f 309/344/1 276/311/1 277/312/1
f 309/344/1 278/313/1 310/345/1
f 311/346/1 278/313/1 279/314/1
f 311/346/1 280/315/1 312/347/1
f 313/348/1 280/315/1 281/316/1
f 313/348/1 282/317/1 314/349/1
f 314/349/1 283/318/1 315/350/1
f 315/350/1 284/319/1 316/351/1
f 316/351/1 285/320/1 317/352/1
f 317/352/1 286/321/1 318/353/1
f 318/353/1 287/322/1 319/354/1
f 319/354/1 288/323/1 320/355/1
f 321/356/1 288/323/1 289/324/1
f 290/325/1 289/324/1 258/293/1
f 322/357/1 291/326/1 323/358/1
f 323/358/1 292/327/1 324/359/1
f 325/360/1 292/327/1 293/328/1
f 326/361/1 293/328/1 294/329/1
f 327/362/1 294/329/1 295/330/1
f 328/363/1 295/330/1 296/331/1
f 329/364/1 296/331/1 297/332/1
f 329/364/1 298/333/1 330/365/1
f 331/366/1 298/333/1 299/334/1
f 331/366/1 300/335/1 332/367/1
f 332/367/1 301/336/1 333/368/1
f 333/368/1 302/337/1 334/369/1
f 334/369/1 303/338/1 335/370/1
f 336/371/1 303/338/1 304/339/1
f 336/371/1 305/340/1 337/372/1
f 338/373/1 305/340/1 306/341/1
f 338/373/1 307/342/1 339/374/1
f 340/375/1 307/342/1 308/343/1
f 340/375/1 309/344/1 341/376/1
f 342/377/1 309/344/1 310/345/1
f 343/378/1 310/345/1 311/346/1
f 343/378/1 312/347/1 344/379/1
f 345/380/1 312/347/1 313/348/1
f 345/380/1 314/349/1 346/381/1
f 346/381/1 315/350/1 347/382/1
f 347/382/1 316/351/1 348/383/1
f 348/383/1 317/352/1 349/384/1
f 349/384/1 318/353/1 350/385/1
f 350/385/1 319/354/1 351/386/1
f 351/386/1 320/355/1 352/387/1
f 352/387/1 321/356/1 353/388/1
f 322/357/1 321/356/1 290/325/1
f 354/389/1 323/358/1 355/390/1
f 355/390/1 324/359/1 356/391/1
f 357/392/1 324/359/1 325/360/1
f 358/393/1 325/360/1 326/361/1
f 359/394/1 326/361/1 327/362/1
f 360/395/1 327/362/1 328/363/1
f 361/396/1 328/363/1 329/364/1
f 362/397/1 329/364/1 330/365/1
f 363/398/1 330/365/1 331/366/1
f 363/398/1 332/367/1 364/399/1
f 364/399/1 333/368/1 365/400/1
f 365/400/1 334/369/1 366/401/1
f 366/401/1 335/370/1 367/402/1
f 368/403/1 335/370/1 336/371/1
f 368/403/1 337/372/1 369/404/1
f 370/405/1 337/372/1 338/373/1
f 370/405/1 339/374/1 371/406/1
f 372/407/1 339/374/1 340/375/1
f 373/408/1 340/375/1 341/376/1
f 374/409/1 341/376/1 342/377/1
f 375/410/1 342/377/1 343/378/1
f 375/410/1 344/379/1 376/411/1
f 377/412/1 344/379/1 345/380/1
f 378/413/1 345/380/1 346/381/1
f 378/413/1 347/382/1 379/414/1
f 379/414/1 348/383/1 380/415/1
f 380/415/1 349/384/1 381/416/1
f 381/416/1 350/385/1 382/417/1
f 382/417/1 351/386/1 383/418/1
f 383/418/1 352/387/1 384/419/1
f 384/419/1 353/388/1 385/420/1
f 354/389/1 353/388/1 322/357/1
f 386/421/1 355/390/1 387/422/1
f 387/422/1 356/391/1 388/423/1
f 389/424/1 356/391/1 357/392/1
f 390/425/1 357/392/1 358/393/1
f 391/426/1 358/393/1 359/394/1
f 392/427/1 359/394/1 360/395/1
f 393/428/1 360/395/1 361/396/1
f 393/428/1 362/397/1 394/429/1
f 395/430/1 362/397/1 363/398/1
f 395/430/1 364/399/1 396/431/1
f 396/431/1 365/400/1 397/432/1
f 398/433/1 365/400/1 366/401/1
f 398/433/1 367/402/1 399/434/1
f 400/435/1 367/402/1 368/403/1
f 400/435/1 369/404/1 401/436/1
f 402/437/1 369/404/1 370/405/1
f 402/437/1 371/406/1 403/438/1
f 404/439/1 371/406/1 372/407/1
f 404/439/1 373/408/1 405/440/1
f 405/440/1 374/409/1 406/441/1
f 407/442/1 374/409/1 375/410/1
f 407/442/1 376/411/1 408/443/1
f 409/444/1 376/411/1 377/412/1
f 409/444/1 378/413/1 410/445/1
f 411/446/1 378/413/1 379/414/1
f 411/446/1 380/415/1 412/447/1
f 412/447/1 381/416/1 413/448/1
f 413/448/1 382/417/1 414/449/1
f 414/449/1 383/418/1 415/450/1
f 415/450/1 384/419/1 416/451/1
f 416/451/1 385/420/1 417/452/1
f 386/421/1 385/420/1 354/389/1
f 418/453/1 387/422/1 419/454/1
f 420/455/1 387/422/1 388/423/1
f 421/456/1 388/423/1 389/424/1
f 421/456/1 390/425/1 422/457/1
f 423/458/1 390/425/1 391/426/1
f 424/459/1 391/426/1 392/427/1
f 425/460/1 392/427/1 393/428/1
f 425/460/1 394/429/1 426/461/1
f 427/462/1 394/429/1 395/430/1
f 427/462/1 396/431/1 428/463/1
f 428/463/1 397/432/1 429/464/1
f 429/464/1 398/433/1 430/465/1
f 430/465/1 399/434/1 431/466/1
f 432/467/1 399/434/1 400/435/1
f 432/467/1 401/436/1 433/468/1
f 434/469/1 401/436/1 402/437/1
f 434/469/1 403/438/1 435/470/1
f 436/471/1 403/438/1 404/439/1
f 436/471/1 405/440/1 437/472/1
f 438/473/1 405/440/1 406/441/1
f 439/474/1 406/441/1 407/442/1
f 439/474/1 408/443/1 440/475/1
f 441/476/1 408/443/1 409/444/1
f 441/476/1 410/445/1 442/477/1
f 443/478/1 410/445/1 411/446/1
f 443/478/1 412/447/1 444/479/1
f 444/479/1 413/448/1 445/480/1
f 445/480/1 414/449/1 446/481/1
f 446/481/1 415/450/1 447/482/1
f 447/482/1 416/451/1 448/483/1
f 449/484/1 416/451/1 417/452/1
f 418/453/1 417/452/1 386/421/1
f 450/485/1 419/454/1 451/486/1
f 451/486/1 420/455/1 452/487/1
f 453/488/1 420/455/1 421/456/1
f 453/488/1 422/457/1 454/489/1
f 455/490/1 422/457/1 423/458/1
f 456/491/1 423/458/1 424/459/1
f 457/492/1 424/459/1 425/460/1
f 458/493/1 425/460/1 426/461/1
f 459/494/1 426/461/1 427/462/1
f 459/494/1 428/463/1 460/495/1
f 460/495/1 429/464/1 461/496/1
f 461/496/1 430/465/1 462/497/1
f 462/497/1 431/466/1 463/498/1
f 464/499/1 431/466/1 432/467/1
f 464/499/1 433/468/1 465/500/1
f 466/501/1 433/468/1 434/469/1
f 466/501/1 435/470/1 467/502/1
f 468/503/1 435/470/1 436/471/1
f 469/504/1 436/471/1 437/472/1
f 469/504/1 438/473/1 470/505/1
f 471/506/1 438/473/1 439/474/1
f 471/506/1 440/475/1 472/507/1
f 473/508/1 440/475/1 441/476/1
f 473/508/1 442/477/1 474/509/1
f 475/510/1 442/477/1 443/478/1
f 475/510/1 444/479/1 476/511/1
f 476/511/1 445/480/1 477/512/1
f 477/512/1 446/481/1 478/513/1
f 478/513/1 447/482/1 479/514/1
f 479/514/1 448/483/1 480/515/1
f 481/516/1 448/483/1 449/484/1
f 481/516/1 418/453/1 450/485/1
f 482/22/1 451/486/1 483/26/1
f 483/26/1 452/487/1 484/28/1
f 485/30/1 452/487/1 453/488/1
f 485/30/1 454/489/1 486/32/1
f 487/34/1 454/489/1 455/490/1
f 488/36/1 455/490/1 456/491/1
f 489/17/1 456/491/1 457/492/1
f 489/17/1 458/493/1 490/5/1
f 490/5/1 459/494/1 491/6/1
f 491/6/1 460/495/1 492/10/1
f 492/10/1 461/496/1 493/12/1
f 493/12/1 462/497/1 494/14/1
f 494/14/1 463/498/1 495/16/1
f 496/18/1 463/498/1 464/499/1
f 496/18/1 465/500/1 497/24/1
f 498/19/1 465/500/1 466/501/1
f 498/19/1 467/502/1 499/20/1
f 500/25/1 467/502/1 468/503/1
f 501/27/1 468/503/1 469/504/1
f 501/27/1 470/505/1 502/29/1
f 503/31/1 470/505/1 471/506/1
f 503/31/1 472/507/1 504/33/1
f 505/35/1 472/507/1 473/508/1
f 506/8/1 473/508/1 474/509/1
f 506/8/1 475/510/1 507/7/1
f 507/7/1 476/511/1 508/9/1
f 508/9/1 477/512/1 509/11/1
f 509/11/1 478/513/1 510/13/1
f 510/13/1 479/514/1 511/15/1
f 511/15/1 480/515/1 512/23/1
f 513/21/1 480/515/1 481/516/1
f 482/22/1 481/516/1 450/485/1
f 1042/517/98 65/518/33 1024/519/96
f 1043/520/138 64/521/32 1023/522/95
f 1044/523/134 63/524/31 1022/525/94
f 1045/526/101 62/527/30 1021/528/93
f 1046/529/102 61/530/29 1020/531/92
f 1047/532/103 60/533/28 1019/534/91
f 1048/535/104 59/536/27 1018/537/90
f 1049/538/105 58/539/26 1017/540/89
f 1050/541/106 57/542/25 1016/543/88
f 1051/544/107 56/545/24 1015/546/87
f 1052/547/108 55/548/23 1014/549/86
f 1053/550/109 54/551/22 1013/552/85
f 1054/553/110 53/554/21 1012/555/84
f 1055/556/111 52/557/20 1011/558/83
f 1056/559/112 51/560/19 1010/561/82
f 1057/562/113 50/563/18 1009/564/81
f 1490/565/114 530/566/50 1474/567/81
f 1491/568/115 529/569/49 1473/570/80
f 1492/571/116 528/1/48 1472/572/79
f 1493/573/117 527/574/47 1471/575/78
f 1494/576/118 526/577/46 1470/578/77
f 1495/579/119 525/580/45 1469/581/76
f 1496/582/120 524/2/44 1468/583/75
f 1497/584/121 523/585/43 1467/586/74
f 1498/587/122 522/588/42 1466/589/73
f 1499/590/123 521/591/41 1465/592/72
f 1500/593/124 520/594/40 1464/595/71
f 1501/596/133 519/597/39 1463/598/70
f 1502/599/126 518/600/38 1462/601/69
f 1503/602/127 517/603/37 1461/604/68
f 1504/605/128 516/3/36 1460/606/67
f 1505/607/129 515/608/35 1459/609/66
f 516/3/36 515/608/35 514/610/34
f 514/610/34 545/611/65 544/612/64
f 544/612/64 543/613/63 540/614/60
f 543/613/63 542/615/62 540/614/60
f 542/615/62 541/616/61 540/614/60
f 540/614/60 539/617/59 538/618/58
f 538/618/58 537/619/57 536/620/56
f 536/620/56 535/621/55 534/622/54
f 534/622/54 533/623/53 532/624/52
f 532/624/52 531/625/51 530/566/50
f 530/566/50 529/569/49 532/624/52
f 529/569/49 528/1/48 532/624/52
f 528/1/48 527/574/47 524/2/44
f 527/574/47 526/577/46 524/2/44
f 526/577/46 525/580/45 524/2/44
f 524/2/44 523/585/43 522/588/42
f 522/588/42 521/591/41 520/594/40
f 520/594/40 519/597/39 518/600/38
f 518/600/38 517/603/37 516/3/36
f 516/3/36 514/610/34 544/612/64
f 540/614/60 538/618/58 536/620/56
f 536/620/56 534/622/54 540/614/60
f 534/622/54 532/624/52 540/614/60
f 524/2/44 522/588/42 520/594/40
f 520/594/40 518/600/38 524/2/44
f 518/600/38 516/3/36 524/2/44
f 516/3/36 544/612/64 532/624/52
f 544/612/64 540/614/60 532/624/52
f 532/624/52 528/1/48 516/3/36
f 2/37/1 1/100/1 34/38/2
f 2/37/1 35/39/3 36/40/4
f 4/42/1 3/41/1 36/40/4
f 5/44/1 4/42/1 37/43/5
f 6/46/1 5/44/1 38/45/6
f 7/48/1 6/46/1 39/47/7
f 8/50/1 7/48/1 40/49/8
f 8/50/1 41/51/9 42/52/10
f 9/53/1 42/52/10 43/54/11
f 10/55/1 43/54/11 44/56/12
f 11/57/1 44/56/12 45/58/13
f 12/59/1 45/58/13 46/60/14
f 13/61/1 46/60/14 47/62/15
f 15/64/1 14/63/1 47/62/15
f 15/64/1 48/65/16 49/66/17
f 17/68/1 16/67/1 49/66/17
f 17/68/1 50/69/18 51/70/19
f 19/72/1 18/71/1 51/70/19
f 19/72/1 52/73/20 53/74/21
f 20/75/1 53/74/21 54/76/22
f 22/78/1 21/77/1 54/76/22
f 22/78/1 55/79/23 56/80/24
f 23/81/1 56/80/24 57/82/25
f 24/83/1 57/82/25 58/84/26
f 26/86/1 25/85/1 58/84/26
f 26/86/1 59/87/27 60/88/28
f 27/89/1 60/88/28 61/90/29
f 28/91/1 61/90/29 62/92/30
f 30/94/1 29/93/1 62/92/30
f 30/94/1 63/95/31 64/96/32
f 32/98/1 31/97/1 64/96/32
f 32/98/1 65/99/33 34/38/2
f 67/101/1 66/132/1 1/100/1
f 68/102/1 67/101/1 2/37/1
f 69/103/1 68/102/1 3/41/1
f 70/104/1 69/103/1 4/42/1
f 71/105/1 70/104/1 5/44/1
f 72/106/1 71/105/1 6/46/1
f 73/107/1 72/106/1 7/48/1
f 73/107/1 8/50/1 9/53/1
f 74/108/1 9/53/1 10/55/1
f 75/109/1 10/55/1 11/57/1
f 76/110/1 11/57/1 12/59/1
f 77/111/1 12/59/1 13/61/1
f 78/112/1 13/61/1 14/63/1
f 80/114/1 79/113/1 14/63/1
f 80/114/1 15/64/1 16/67/1
f 82/116/1 81/115/1 16/67/1
f 82/116/1 17/68/1 18/71/1
f 84/118/1 83/117/1 18/71/1
f 85/119/1 84/118/1 19/72/1
f 86/120/1 85/119/1 20/75/1
f 87/121/1 86/120/1 21/77/1
f 88/122/1 87/121/1 22/78/1
f 89/123/1 88/122/1 23/81/1
f 90/124/1 89/123/1 24/83/1
f 90/124/1 25/85/1 26/86/1
f 91/125/1 26/86/1 27/89/1
f 92/126/1 27/89/1 28/91/1
f 93/127/1 28/91/1 29/93/1
f 94/128/1 29/93/1 30/94/1
f 95/129/1 30/94/1 31/97/1
f 97/131/1 96/130/1 31/97/1
f 97/131/1 32/98/1 1/100/1
f 99/133/1 98/164/1 66/132/1
f 99/133/1 67/101/1 68/102/1
f 101/135/1 100/134/1 68/102/1
f 102/136/1 101/135/1 69/103/1
f 103/137/1 102/136/1 70/104/1
f 104/138/1 103/137/1 71/105/1
f 105/139/1 104/138/1 72/106/1
f 106/140/1 105/139/1 73/107/1
f 107/141/1 106/140/1 74/108/1
f 107/141/1 75/109/1 76/110/1
f 108/142/1 76/110/1 77/111/1
f 109/143/1 77/111/1 78/112/1
f 110/144/1 78/112/1 79/113/1
f 112/146/1 111/145/1 79/113/1
f 112/146/1 80/114/1 81/115/1
f 114/148/1 113/147/1 81/115/1
f 114/148/1 82/116/1 83/117/1
f 116/150/1 115/149/1 83/117/1
f 116/150/1 84/118/1 85/119/1
f 118/152/1 117/151/1 85/119/1
f 119/153/1 118/152/1 86/120/1
f 120/154/1 119/153/1 87/121/1
f 121/155/1 120/154/1 88/122/1
f 122/156/1 121/155/1 89/123/1
f 123/157/1 122/156/1 90/124/1
f 123/157/1 91/125/1 92/126/1
f 124/158/1 92/126/1 93/127/1
f 125/159/1 93/127/1 94/128/1
f 126/160/1 94/128/1 95/129/1
f 127/161/1 95/129/1 96/130/1
f 129/163/1 128/162/1 96/130/1
f 129/163/1 97/131/1 66/132/1
f 131/165/1 130/196/1 98/164/1
f 131/165/1 99/133/1 100/134/1
f 133/167/1 132/166/1 100/134/1
f 134/168/1 133/167/1 101/135/1
f 135/169/1 134/168/1 102/136/1
f 136/170/1 135/169/1 103/137/1
f 137/171/1 136/170/1 104/138/1
f 138/172/1 137/171/1 105/139/1
f 139/173/1 138/172/1 106/140/1
f 139/173/1 107/141/1 108/142/1
f 140/174/1 108/142/1 109/143/1
f 141/175/1 109/143/1 110/144/1
f 142/176/1 110/144/1 111/145/1
f 144/178/1 143/177/1 111/145/1
f 144/178/1 112/146/1 113/147/1
f 146/180/1 145/179/1 113/147/1
f 146/180/1 114/148/1 115/149/1
f 148/182/1 147/181/1 115/149/1
f 149/183/1 148/182/1 116/150/1
f 150/184/1 149/183/1 117/151/1
f 151/185/1 150/184/1 118/152/1
f 151/185/1 119/153/1 120/154/1
f 153/187/1 152/186/1 120/154/1
f 154/188/1 153/187/1 121/155/1
f 154/188/1 122/156/1 123/157/1
f 155/189/1 123/157/1 124/158/1
f 157/191/1 156/190/1 124/158/1
f 157/191/1 125/159/1 126/160/1
f 158/192/1 126/160/1 127/161/1
f 159/193/1 127/161/1 128/162/1
f 161/195/1 160/194/1 128/162/1
f 161/195/1 129/163/1 98/164/1
f 163/197/1 162/228/1 130/196/1
f 164/198/1 163/197/1 131/165/1
f 165/199/1 164/198/1 132/166/1
f 166/200/1 165/199/1 133/167/1
f 167/201/1 166/200/1 134/168/1
f 167/201/1 135/169/1 136/170/1
f 169/203/1 168/202/1 136/170/1
f 169/203/1 137/171/1 138/172/1
f 171/205/1 170/204/1 138/172/1
f 171/205/1 139/173/1 140/174/1
f 172/206/1 140/174/1 141/175/1
f 173/207/1 141/175/1 142/176/1
f 174/208/1 142/176/1 143/177/1
f 176/210/1 175/209/1 143/177/1
f 176/210/1 144/178/1 145/179/1
f 178/212/1 177/211/1 145/179/1
f 178/212/1 146/180/1 147/181/1
f 180/214/1 179/213/1 147/181/1
f 180/214/1 148/182/1 149/183/1
f 182/216/1 181/215/1 149/183/1
f 183/217/1 182/216/1 150/184/1
f 183/217/1 151/185/1 152/186/1
f 185/219/1 184/218/1 152/186/1
f 185/219/1 153/187/1 154/188/1
f 186/220/1 154/188/1 155/189/1
f 187/221/1 155/189/1 156/190/1
f 189/223/1 188/222/1 156/190/1
f 189/223/1 157/191/1 158/192/1
f 191/225/1 190/224/1 158/192/1
f 191/225/1 159/193/1 160/194/1
f 193/227/1 192/226/1 160/194/1
f 193/227/1 161/195/1 130/196/1
f 194/229/1 162/228/1 163/197/1
f 195/230/1 163/197/1 164/198/1
f 197/232/1 196/231/1 164/198/1
f 198/233/1 197/232/1 165/199/1
f 199/234/1 198/233/1 166/200/1
f 200/235/1 199/234/1 167/201/1
f 201/236/1 200/235/1 168/202/1
f 201/236/1 169/203/1 170/204/1
f 203/238/1 202/237/1 170/204/1
f 203/238/1 171/205/1 172/206/1
f 204/239/1 172/206/1 173/207/1
f 205/240/1 173/207/1 174/208/1
f 206/241/1 174/208/1 175/209/1
f 208/243/1 207/242/1 175/209/1
f 208/243/1 176/210/1 177/211/1
f 210/245/1 209/244/1 177/211/1
f 210/245/1 178/212/1 179/213/1
f 212/247/1 211/246/1 179/213/1
f 212/247/1 180/214/1 181/215/1
f 213/248/1 181/215/1 182/216/1
f 215/250/1 214/249/1 182/216/1
f 216/251/1 215/250/1 183/217/1
f 217/252/1 216/251/1 184/218/1
f 217/252/1 185/219/1 186/220/1
f 219/254/1 218/253/1 186/220/1
f 220/255/1 219/254/1 187/221/1
f 220/255/1 188/222/1 189/223/1
f 221/256/1 189/223/1 190/224/1
f 222/257/1 190/224/1 191/225/1
f 223/258/1 191/225/1 192/226/1
f 225/260/1 224/259/1 192/226/1
f 225/260/1 193/227/1 162/228/1
f 227/261/1 226/292/1 194/229/1
f 227/261/1 195/230/1 196/231/1
f 229/263/1 228/262/1 196/231/1
f 230/264/1 229/263/1 197/232/1
f 231/265/1 230/264/1 198/233/1
f 232/266/1 231/265/1 199/234/1
f 233/267/1 232/266/1 200/235/1
f 234/268/1 233/267/1 201/236/1
f 235/269/1 234/268/1 202/237/1
f 235/269/1 203/238/1 204/239/1
f 236/270/1 204/239/1 205/240/1
f 237/271/1 205/240/1 206/241/1
f 238/272/1 206/241/1 207/242/1
f 240/274/1 239/273/1 207/242/1
f 240/274/1 208/243/1 209/244/1
f 242/276/1 241/275/1 209/244/1
f 242/276/1 210/245/1 211/246/1
f 244/278/1 243/277/1 211/246/1
f 244/278/1 212/247/1 213/248/1
f 246/280/1 245/279/1 213/248/1
f 247/281/1 246/280/1 214/249/1
f 248/282/1 247/281/1 215/250/1
f 249/283/1 248/282/1 216/251/1
f 250/284/1 249/283/1 217/252/1
f 250/284/1 218/253/1 219/254/1
f 251/285/1 219/254/1 220/255/1
f 252/286/1 220/255/1 221/256/1
f 253/287/1 221/256/1 222/257/1
f 254/288/1 222/257/1 223/258/1
f 255/289/1 223/258/1 224/259/1
f 256/290/1 224/259/1 225/260/1
f 257/291/1 225/260/1 194/229/1
f 258/293/1 226/292/1 227/261/1
f 259/294/1 227/261/1 228/262/1
f 261/296/1 260/295/1 228/262/1
f 262/297/1 261/296/1 229/263/1
f 263/298/1 262/297/1 230/264/1
f 264/299/1 263/298/1 231/265/1
f 265/300/1 264/299/1 232/266/1
f 266/301/1 265/300/1 233/267/1
f 267/302/1 266/301/1 234/268/1
f 267/302/1 235/269/1 236/270/1
f 268/303/1 236/270/1 237/271/1
f 269/304/1 237/271/1 238/272/1
f 270/305/1 238/272/1 239/273/1
f 272/307/1 271/306/1 239/273/1
f 272/307/1 240/274/1 241/275/1
f 274/309/1 273/308/1 241/275/1
f 274/309/1 242/276/1 243/277/1
f 276/311/1 275/310/1 243/277/1
f 276/311/1 244/278/1 245/279/1
f 278/313/1 277/312/1 245/279/1
f 279/314/1 278/313/1 246/280/1
f 280/315/1 279/314/1 247/281/1
f 281/316/1 280/315/1 248/282/1
f 282/317/1 281/316/1 249/283/1
f 282/317/1 250/284/1 251/285/1
f 283/318/1 251/285/1 252/286/1
f 284/319/1 252/286/1 253/287/1
f 285/320/1 253/287/1 254/288/1
f 287/322/1 286/321/1 254/288/1
f 287/322/1 255/289/1 256/290/1
f 288/323/1 256/290/1 257/291/1
f 258/293/1 289/324/1 257/291/1
f 290/325/1 258/293/1 259/294/1
f 291/326/1 259/294/1 260/295/1
f 293/328/1 292/327/1 260/295/1
f 294/329/1 293/328/1 261/296/1
f 295/330/1 294/329/1 262/297/1
f 296/331/1 295/330/1 263/298/1
f 297/332/1 296/331/1 264/299/1
f 297/332/1 265/300/1 266/301/1
f 299/334/1 298/333/1 266/301/1
f 299/334/1 267/302/1 268/303/1
f 300/335/1 268/303/1 269/304/1
f 301/336/1 269/304/1 270/305/1
f 302/337/1 270/305/1 271/306/1
f 304/339/1 303/338/1 271/306/1
f 304/339/1 272/307/1 273/308/1
f 306/341/1 305/340/1 273/308/1
f 306/341/1 274/309/1 275/310/1
f 308/343/1 307/342/1 275/310/1
f 309/344/1 308/343/1 276/311/1
f 309/344/1 277/312/1 278/313/1
f 311/346/1 310/345/1 278/313/1
f 311/346/1 279/314/1 280/315/1
f 313/348/1 312/347/1 280/315/1
f 313/348/1 281/316/1 282/317/1
f 314/349/1 282/317/1 283/318/1
f 315/350/1 283/318/1 284/319/1
f 316/351/1 284/319/1 285/320/1
f 317/352/1 285/320/1 286/321/1
f 318/353/1 286/321/1 287/322/1
f 319/354/1 287/322/1 288/323/1
f 321/356/1 320/355/1 288/323/1
f 290/325/1 321/356/1 289/324/1
f 322/357/1 290/325/1 291/326/1
f 323/358/1 291/326/1 292/327/1
f 325/360/1 324/359/1 292/327/1
f 326/361/1 325/360/1 293/328/1
f 327/362/1 326/361/1 294/329/1
f 328/363/1 327/362/1 295/330/1
f 329/364/1 328/363/1 296/331/1
f 329/364/1 297/332/1 298/333/1
f 331/366/1 330/365/1 298/333/1
f 331/366/1 299/334/1 300/335/1
f 332/367/1 300/335/1 301/336/1
f 333/368/1 301/336/1 302/337/1
f 334/369/1 302/337/1 303/338/1
f 336/371/1 335/370/1 303/338/1
f 336/371/1 304/339/1 305/340/1
f 338/373/1 337/372/1 305/340/1
f 338/373/1 306/341/1 307/342/1
f 340/375/1 339/374/1 307/342/1
f 340/375/1 308/343/1 309/344/1
f 342/377/1 341/376/1 309/344/1
f 343/378/1 342/377/1 310/345/1
f 343/378/1 311/346/1 312/347/1
f 345/380/1 344/379/1 312/347/1
f 345/380/1 313/348/1 314/349/1
f 346/381/1 314/349/1 315/350/1
f 347/382/1 315/350/1 316/351/1
f 348/383/1 316/351/1 317/352/1
f 349/384/1 317/352/1 318/353/1
f 350/385/1 318/353/1 319/354/1
f 351/386/1 319/354/1 320/355/1
f 352/387/1 320/355/1 321/356/1
f 322/357/1 353/388/1 321/356/1
f 354/389/1 322/357/1 323/358/1
f 355/390/1 323/358/1 324/359/1
f 357/392/1 356/391/1 324/359/1
f 358/393/1 357/392/1 325/360/1
f 359/394/1 358/393/1 326/361/1
f 360/395/1 359/394/1 327/362/1
f 361/396/1 360/395/1 328/363/1
f 362/397/1 361/396/1 329/364/1
f 363/398/1 362/397/1 330/365/1
f 363/398/1 331/366/1 332/367/1
f 364/399/1 332/367/1 333/368/1
f 365/400/1 333/368/1 334/369/1
f 366/401/1 334/369/1 335/370/1
f 368/403/1 367/402/1 335/370/1
f 368/403/1 336/371/1 337/372/1
f 370/405/1 369/404/1 337/372/1
f 370/405/1 338/373/1 339/374/1
f 372/407/1 371/406/1 339/374/1
f 373/408/1 372/407/1 340/375/1
f 374/409/1 373/408/1 341/376/1
f 375/410/1 374/409/1 342/377/1
f 375/410/1 343/378/1 344/379/1
f 377/412/1 376/411/1 344/379/1
f 378/413/1 377/412/1 345/380/1
f 378/413/1 346/381/1 347/382/1
f 379/414/1 347/382/1 348/383/1
f 380/415/1 348/383/1 349/384/1
f 381/416/1 349/384/1 350/385/1
f 382/417/1 350/385/1 351/386/1
f 383/418/1 351/386/1 352/387/1
f 384/419/1 352/387/1 353/388/1
f 354/389/1 385/420/1 353/388/1
f 386/421/1 354/389/1 355/390/1
f 387/422/1 355/390/1 356/391/1
f 389/424/1 388/423/1 356/391/1
f 390/425/1 389/424/1 357/392/1
f 391/426/1 390/425/1 358/393/1
f 392/427/1 391/426/1 359/394/1
f 393/428/1 392/427/1 360/395/1
f 393/428/1 361/396/1 362/397/1
f 395/430/1 394/429/1 362/397/1
f 395/430/1 363/398/1 364/399/1
f 396/431/1 364/399/1 365/400/1
f 398/433/1 397/432/1 365/400/1
f 398/433/1 366/401/1 367/402/1
f 400/435/1 399/434/1 367/402/1
f 400/435/1 368/403/1 369/404/1
f 402/437/1 401/436/1 369/404/1
f 402/437/1 370/405/1 371/406/1
f 404/439/1 403/438/1 371/406/1
f 404/439/1 372/407/1 373/408/1
f 405/440/1 373/408/1 374/409/1
f 407/442/1 406/441/1 374/409/1
f 407/442/1 375/410/1 376/411/1
f 409/444/1 408/443/1 376/411/1
f 409/444/1 377/412/1 378/413/1
f 411/446/1 410/445/1 378/413/1
f 411/446/1 379/414/1 380/415/1
f 412/447/1 380/415/1 381/416/1
f 413/448/1 381/416/1 382/417/1
f 414/449/1 382/417/1 383/418/1
f 415/450/1 383/418/1 384/419/1
f 416/451/1 384/419/1 385/420/1
f 386/421/1 417/452/1 385/420/1
f 418/453/1 386/421/1 387/422/1
f 420/455/1 419/454/1 387/422/1
f 421/456/1 420/455/1 388/423/1
f 421/456/1 389/424/1 390/425/1
f 423/458/1 422/457/1 390/425/1
f 424/459/1 423/458/1 391/426/1
f 425/460/1 424/459/1 392/427/1
f 425/460/1 393/428/1 394/429/1
f 427/462/1 426/461/1 394/429/1
f 427/462/1 395/430/1 396/431/1
f 428/463/1 396/431/1 397/432/1
f 429/464/1 397/432/1 398/433/1
f 430/465/1 398/433/1 399/434/1
f 432/467/1 431/466/1 399/434/1
f 432/467/1 400/435/1 401/436/1
f 434/469/1 433/468/1 401/436/1
f 434/469/1 402/437/1 403/438/1
f 436/471/1 435/470/1 403/438/1
f 436/471/1 404/439/1 405/440/1
f 438/473/1 437/472/1 405/440/1
f 439/474/1 438/473/1 406/441/1
f 439/474/1 407/442/1 408/443/1
f 441/476/1 440/475/1 408/443/1
f 441/476/1 409/444/1 410/445/1
f 443/478/1 442/477/1 410/445/1
f 443/478/1 411/446/1 412/447/1
f 444/479/1 412/447/1 413/448/1
f 445/480/1 413/448/1 414/449/1
f 446/481/1 414/449/1 415/450/1
f 447/482/1 415/450/1 416/451/1
f 449/484/1 448/483/1 416/451/1
f 418/453/1 449/484/1 417/452/1
f 450/485/1 418/453/1 419/454/1
f 451/486/1 419/454/1 420/455/1
f 453/488/1 452/487/1 420/455/1
f 453/488/1 421/456/1 422/457/1
f 455/490/1 454/489/1 422/457/1
f 456/491/1 455/490/1 423/458/1
f 457/492/1 456/491/1 424/459/1
f 458/493/1 457/492/1 425/460/1
f 459/494/1 458/493/1 426/461/1
f 459/494/1 427/462/1 428/463/1
f 460/495/1 428/463/1 429/464/1
f 461/496/1 429/464/1 430/465/1
f 462/497/1 430/465/1 431/466/1
f 464/499/1 463/498/1 431/466/1
f 464/499/1 432/467/1 433/468/1
f 466/501/1 465/500/1 433/468/1
f 466/501/1 434/469/1 435/470/1
f 468/503/1 467/502/1 435/470/1
f 469/504/1 468/503/1 436/471/1
f 469/504/1 437/472/1 438/473/1
f 471/506/1 470/505/1 438/473/1
f 471/506/1 439/474/1 440/475/1
f 473/508/1 472/507/1 440/475/1
f 473/508/1 441/476/1 442/477/1
f 475/510/1 474/509/1 442/477/1
f 475/510/1 443/478/1 444/479/1
f 476/511/1 444/479/1 445/480/1
f 477/512/1 445/480/1 446/481/1
f 478/513/1 446/481/1 447/482/1
f 479/514/1 447/482/1 448/483/1
f 481/516/1 480/515/1 448/483/1
f 481/516/1 449/484/1 418/453/1
f 482/22/1 450/485/1 451/486/1
f 483/26/1 451/486/1 452/487/1
f 485/30/1 484/28/1 452/487/1
f 485/30/1 453/488/1 454/489/1
f 487/34/1 486/32/1 454/489/1
f 488/36/1 487/34/1 455/490/1
f 489/17/1 488/36/1 456/491/1
f 489/17/1 457/492/1 458/493/1
f 490/5/1 458/493/1 459/494/1
f 491/6/1 459/494/1 460/495/1
f 492/10/1 460/495/1 461/496/1
f 493/12/1 461/496/1 462/497/1
f 494/14/1 462/497/1 463/498/1
f 496/18/1 495/16/1 463/498/1
f 496/18/1 464/499/1 465/500/1
f 498/19/1 497/24/1 465/500/1
f 498/19/1 466/501/1 467/502/1
f 500/25/1 499/20/1 467/502/1
f 501/27/1 500/25/1 468/503/1
f 501/27/1 469/504/1 470/505/1
f 503/31/1 502/29/1 470/505/1
f 503/31/1 471/506/1 472/507/1
f 505/35/1 504/33/1 472/507/1
f 506/8/1 505/35/1 473/508/1
f 506/8/1 474/509/1 475/510/1
f 507/7/1 475/510/1 476/511/1
f 508/9/1 476/511/1 477/512/1
f 509/11/1 477/512/1 478/513/1
f 510/13/1 478/513/1 479/514/1
f 511/15/1 479/514/1 480/515/1
f 513/21/1 512/23/1 480/515/1
f 482/22/1 513/21/1 481/516/1
f 1042/517/98 1041/626/97 34/627/2
f 1043/520/138 1024/519/96 65/518/33
f 1044/523/134 1023/522/95 64/521/32
f 1045/526/101 1022/525/94 63/524/31
f 1046/529/102 1021/528/93 62/527/30
f 1047/532/103 1020/531/92 61/530/29
f 1048/535/104 1019/534/91 60/533/28
f 1049/538/105 1018/537/90 59/536/27
f 1050/541/106 1017/540/89 58/539/26
f 1051/544/107 1016/543/88 57/542/25
f 1052/547/108 1015/546/87 56/545/24
f 1053/550/109 1014/549/86 55/548/23
f 1054/553/110 1013/552/85 54/551/22
f 1055/556/111 1012/555/84 53/554/21
f 1056/559/112 1011/558/83 52/557/20
f 1057/562/113 1010/561/82 51/560/19
f 529/569/49 1490/565/114 1473/570/80
f 528/1/48 1491/568/115 1472/572/79
f 527/574/47 1492/571/116 1471/575/78
f 526/577/46 1493/573/117 1470/578/77
f 525/580/45 1494/576/118 1469/581/76
f 524/2/44 1495/579/119 1468/583/75
f 523/585/43 1496/582/120 1467/586/74
f 522/588/42 1497/584/121 1466/589/73
f 521/591/41 1498/587/122 1465/592/72
f 520/594/40 1499/590/123 1464/595/71
f 519/597/39 1500/593/124 1463/598/70
f 518/600/38 1501/596/133 1462/601/69
f 517/603/37 1502/599/126 1461/604/68
f 516/3/36 1503/602/127 1460/606/67
f 515/608/35 1504/605/128 1459/609/66
f 514/610/34 1505/607/129 1442/628/97
f 577/629/97 1249/630/129 1186/631/97
f 546/632/66 1248/633/128 1203/634/66
f 547/635/67 1247/636/127 1204/637/67
f 548/638/68 1246/639/126 1205/640/68
f 549/641/69 1245/642/133 1206/643/69
f 550/644/70 1244/645/124 1207/646/70
f 551/647/71 1243/648/123 1208/649/71
f 552/650/72 1242/651/122 1209/652/72
f 553/653/73 1241/654/121 1210/655/73
f 554/656/74 1240/657/120 1211/658/74
f 555/659/75 1239/660/119 1212/661/131
f 556/662/76 1238/663/118 1213/664/76
f 557/665/77 1237/666/117 1214/667/77
f 558/668/78 1236/669/116 1215/670/78
f 559/671/79 1235/672/115 1216/673/79
f 560/674/80 1234/675/114 1217/676/80
f 1266/677/82 593/678/113 1313/679/113
f 1267/680/83 592/681/112 1312/682/112
f 1268/683/84 591/684/111 1311/685/111
f 1269/686/85 590/687/110 1310/688/110
f 1270/689/86 589/690/109 1309/691/109
f 1271/692/132 588/693/108 1308/694/108
f 1272/695/88 587/696/107 1307/697/107
f 1273/698/89 586/699/106 1306/700/106
f 1274/701/90 585/702/105 1305/703/105
f 1275/704/91 584/705/104 1304/706/104
f 1276/707/92 583/708/103 1303/709/103
f 1277/710/93 582/711/102 1302/712/102
f 1278/713/94 581/714/101 1301/715/101
f 1279/716/95 580/717/100 1300/718/100
f 1280/719/96 579/720/99 1299/721/99
f 1297/722/97 578/723/98 1298/724/98
f 609/725/129 1203/634/66 1249/630/129
f 608/726/128 1204/637/67 1248/633/128
f 607/727/127 1205/640/68 1247/636/127
f 606/728/126 1206/643/69 1246/639/126
f 605/729/125 1207/646/70 1245/642/133
f 604/730/124 1208/649/71 1244/645/124
f 603/731/123 1209/652/72 1243/648/123
f 602/732/122 1210/655/73 1242/651/122
f 601/733/121 1211/658/74 1241/654/121
f 600/734/120 1212/661/131 1240/657/120
f 599/735/119 1213/664/76 1239/660/119
f 598/736/118 1214/667/77 1238/663/118
f 597/737/117 1215/670/78 1237/666/117
f 596/738/116 1216/673/79 1236/669/116
f 595/739/115 1217/676/80 1235/672/115
f 594/740/114 1218/741/81 1234/675/114
f 1313/679/113 561/742/81 1265/743/81
f 1312/682/112 562/744/82 1266/677/82
f 1311/685/111 563/745/83 1267/680/83
f 1310/688/110 564/746/84 1268/683/84
f 1309/691/109 565/747/85 1269/686/85
f 1308/694/108 566/748/86 1270/689/86
f 1307/697/107 567/749/87 1271/692/132
f 1306/700/106 568/750/88 1272/695/88
f 1305/703/105 569/751/89 1273/698/89
f 1304/706/104 570/752/90 1274/701/90
f 1303/709/103 571/753/91 1275/704/91
f 1302/712/102 572/754/92 1276/707/92
f 1301/715/101 573/755/93 1277/710/93
f 1300/718/100 574/756/94 1278/713/94
f 1299/721/99 575/757/95 1279/716/95
f 1298/724/98 576/758/96 1280/719/96
f 641/759/114 1090/760/81 1106/761/114
f 642/762/115 1089/763/80 1107/764/115
f 643/765/116 1088/766/79 1108/767/116
f 644/768/117 1087/769/78 1109/770/117
f 645/771/118 1086/772/77 1110/773/118
f 646/774/119 1085/775/76 1111/776/119
f 647/777/120 1084/778/131 1112/779/120
f 648/780/121 1083/781/74 1113/782/121
f 649/783/122 1082/784/73 1114/785/122
f 650/786/123 1081/787/72 1115/788/123
f 651/789/124 1080/790/71 1116/791/124
f 652/792/125 1079/793/70 1117/794/133
f 653/795/126 1078/796/69 1118/797/126
f 654/798/127 1077/799/68 1119/800/127
f 655/801/128 1076/802/67 1120/803/128
f 656/804/129 1075/805/66 1121/806/129
f 624/807/80 1106/761/114 1089/763/80
f 623/808/79 1107/764/115 1088/766/79
f 622/809/78 1108/767/116 1087/769/78
f 621/810/77 1109/770/117 1086/772/77
f 620/811/76 1110/773/118 1085/775/76
f 619/812/75 1111/776/119 1084/778/131
f 618/813/74 1112/779/120 1083/781/74
f 617/814/73 1113/782/121 1082/784/73
f 616/815/72 1114/785/122 1081/787/72
f 615/816/71 1115/788/123 1080/790/71
f 614/817/70 1116/791/124 1079/793/70
f 613/818/69 1117/794/133 1078/796/69
f 612/819/68 1118/797/126 1077/799/68
f 611/820/67 1119/800/127 1076/802/67
f 610/821/66 1120/803/128 1075/805/66
f 657/822/97 1121/806/129 1058/823/97
f 1138/824/82 673/825/113 1185/826/113
f 1139/827/83 672/828/112 1184/829/112
f 1140/830/84 671/831/111 1183/832/111
f 1141/833/85 670/834/110 1182/835/110
f 1142/836/86 669/837/109 1181/838/109
f 1143/839/87 668/840/108 1180/841/108
f 1144/842/88 667/843/107 1179/844/107
f 1145/845/89 666/846/106 1178/847/106
f 1146/848/90 665/849/105 1177/850/105
f 1147/851/91 664/852/104 1176/853/104
f 1148/854/92 663/855/103 1175/856/103
f 1149/857/93 662/858/130 1174/859/102
f 1150/860/94 661/861/101 1173/862/101
f 1151/863/95 660/864/100 1172/865/100
f 1152/866/96 659/867/99 1171/868/99
f 1169/869/97 658/870/98 1170/871/98
f 1185/826/113 625/872/81 1137/873/81
f 1184/829/112 626/874/82 1138/824/82
f 1183/832/111 627/875/83 1139/827/83
f 1182/835/110 628/876/84 1140/830/84
f 1181/838/109 629/877/85 1141/833/85
f 1180/841/108 630/878/86 1142/836/86
f 1179/844/107 631/879/87 1143/839/87
f 1178/847/106 632/880/88 1144/842/88
f 1177/850/105 633/881/89 1145/845/89
f 1176/853/104 634/882/90 1146/848/90
f 1175/856/103 635/883/91 1147/851/91
f 1174/859/102 636/884/92 1148/854/92
f 1173/862/101 637/885/93 1149/857/93
f 1172/865/100 638/886/94 1150/860/94
f 1171/868/99 639/887/95 1151/863/95
f 1170/871/98 640/888/96 1152/866/96
f 1426/889/98 721/890/96 1408/891/96
f 1427/892/99 720/893/95 1407/894/95
f 1428/895/100 719/896/94 1406/897/94
f 1429/898/101 718/899/93 1405/900/93
f 1430/901/102 717/902/92 1404/903/92
f 1431/904/103 716/905/91 1403/906/91
f 1432/907/104 715/908/90 1402/909/90
f 1433/910/105 714/911/89 1401/912/89
f 1434/913/106 713/914/88 1400/915/88
f 1435/916/107 712/917/132 1399/918/132
f 1436/919/108 711/920/86 1398/921/86
f 1437/922/109 710/923/85 1397/924/85
f 1438/925/110 709/926/84 1396/927/84
f 1439/928/111 708/929/83 1395/930/83
f 1440/931/112 707/932/82 1394/933/82
f 1441/934/113 706/935/81 1393/936/81
f 1425/937/97 675/938/98 1426/889/98
f 1408/891/96 676/939/99 1427/892/99
f 1407/894/95 677/940/100 1428/895/100
f 1406/897/94 678/941/101 1429/898/101
f 1405/900/93 679/942/102 1430/901/102
f 1404/903/92 680/943/103 1431/904/103
f 1403/906/91 681/944/104 1432/907/104
f 1402/909/90 682/945/105 1433/910/105
f 1401/912/89 683/946/106 1434/913/106
f 1400/915/88 684/947/107 1435/916/107
f 1399/918/132 685/948/108 1436/919/108
f 1398/921/86 686/949/109 1437/922/109
f 1397/924/85 687/950/110 1438/925/110
f 1396/927/84 688/951/111 1439/928/111
f 1395/930/83 689/952/112 1440/931/112
f 1394/933/82 690/953/113 1441/934/113
f 674/954/97 1377/955/129 1314/956/97
f 691/957/66 1376/958/128 1331/959/66
f 692/960/67 1375/961/127 1332/962/67
f 693/963/68 1374/964/126 1333/965/68
f 694/966/69 1373/967/133 1334/968/69
f 695/969/70 1372/970/124 1335/971/70
f 696/972/71 1371/973/123 1336/974/71
f 697/975/72 1370/976/122 1337/977/72
f 698/978/73 1369/979/121 1338/980/73
f 699/981/74 1368/982/120 1339/983/74
f 700/984/131 1367/985/119 1340/986/131
f 701/987/76 1366/988/118 1341/989/76
f 702/990/77 1365/991/117 1342/992/77
f 703/993/78 1364/994/116 1343/995/78
f 704/996/79 1363/997/115 1344/998/79
f 705/999/80 1362/1000/114 1345/1001/80
f 737/1002/129 1331/959/66 1377/955/129
f 736/1003/128 1332/962/67 1376/958/128
f 735/1004/127 1333/965/68 1375/961/127
f 734/1005/126 1334/968/69 1374/964/126
f 733/1006/133 1335/971/70 1373/967/133
f 732/1007/124 1336/974/71 1372/970/124
f 731/1008/123 1337/977/72 1371/973/123
f 730/1009/122 1338/980/73 1370/976/122
f 729/1010/121 1339/983/74 1369/979/121
f 728/1011/120 1340/986/131 1368/982/120
f 727/1012/119 1341/989/76 1367/985/119
f 726/1013/118 1342/992/77 1366/988/118
f 725/1014/117 1343/995/78 1365/991/117
f 724/1015/116 1344/998/79 1364/994/116
f 723/1016/115 1345/1001/80 1363/997/115
f 722/1017/114 1346/1018/81 1362/1000/114
f 785/1019/97 1040/1020/137 1041/626/97
f 738/1021/66 1039/1022/136 994/1023/66
f 739/1024/67 1038/1025/127 995/1026/67
f 740/1027/68 1037/1028/126 996/1029/68
f 741/1030/69 1036/1031/125 997/1032/69
f 742/1033/70 1035/1034/124 998/1035/70
f 743/1036/71 1034/1037/135 999/1038/71
f 744/1039/72 1033/1040/122 1000/1041/72
f 745/1042/73 1032/1043/121 1001/1044/73
f 746/1045/74 1031/1046/120 1002/1047/74
f 747/1048/75 1030/1049/119 1003/1050/131
f 748/1051/76 1029/1052/118 1004/1053/76
f 749/1054/77 1028/1055/117 1005/1056/77
f 750/1057/78 1027/1058/116 1006/1059/78
f 751/1060/79 1026/1061/115 1007/1062/79
f 752/1063/80 1025/1064/114 1008/1065/80
f 784/1066/129 994/1023/66 1040/1020/137
f 783/1067/128 995/1026/67 1039/1022/136
f 782/1068/127 996/1029/68 1038/1025/127
f 781/1069/126 997/1032/69 1037/1028/126
f 780/1070/125 998/1035/70 1036/1031/125
f 779/1071/124 999/1038/71 1035/1034/124
f 778/1072/123 1000/1041/72 1034/1037/135
f 777/1073/122 1001/1044/73 1033/1040/122
f 776/1074/121 1002/1047/74 1032/1043/121
f 775/1075/120 1003/1050/131 1031/1046/120
f 774/1076/119 1004/1053/76 1030/1049/119
f 773/1077/118 1005/1056/77 1029/1052/118
f 772/1078/117 1006/1059/78 1028/1055/117
f 771/1079/116 1007/1062/79 1027/1058/116
f 770/1080/115 1008/1065/80 1026/1061/115
f 769/1081/114 1009/564/81 1025/1064/114
f 1091/1082/82 801/1083/113 1074/1084/113
f 1092/1085/83 800/1086/112 1073/1087/112
f 1093/1088/84 799/1089/111 1072/1090/111
f 1094/1091/85 798/1092/110 1071/1093/110
f 1095/1094/86 797/1095/109 1070/1096/109
f 1096/1097/132 796/1098/108 1069/1099/108
f 1097/1100/88 795/1101/107 1068/1102/107
f 1098/1103/89 794/1104/106 1067/1105/106
f 1099/1106/90 793/1107/105 1066/1108/105
f 1100/1109/91 792/1110/104 1065/1111/104
f 1101/1112/92 791/1113/103 1064/1114/103
f 1102/1115/93 790/1116/102 1063/1117/130
f 1103/1118/94 789/1119/101 1062/1120/101
f 1104/1121/95 788/1122/134 1061/1123/100
f 1105/1124/96 787/1125/99 1060/1126/99
f 1058/823/97 786/1127/98 1059/1128/98
f 1074/1084/113 753/1129/81 1090/760/81
f 1073/1087/112 754/1130/82 1091/1082/82
f 1072/1090/111 755/1131/83 1092/1085/83
f 1071/1093/110 756/1132/84 1093/1088/84
f 1070/1096/109 757/1133/85 1094/1091/85
f 1069/1099/108 758/1134/86 1095/1094/86
f 1068/1102/107 759/1135/132 1096/1097/132
f 1067/1105/106 760/1136/88 1097/1100/88
f 1066/1108/105 761/1137/89 1098/1103/89
f 1065/1111/104 762/1138/90 1099/1106/90
f 1064/1114/103 763/1139/91 1100/1109/91
f 1063/1117/130 764/1140/92 1101/1112/92
f 1062/1120/101 765/1141/93 1102/1115/93
f 1061/1123/100 766/1142/94 1103/1118/94
f 1060/1126/99 767/1143/95 1104/1121/95
f 1059/1128/98 768/1144/96 1105/1124/96
f 1187/1145/98 849/1146/96 1233/1147/96
f 1188/1148/99 848/1149/95 1232/1150/95
f 1189/1151/100 847/1152/94 1231/1153/94
f 1190/1154/101 846/1155/93 1230/1156/93
f 1191/1157/102 845/1158/92 1229/1159/92
f 1192/1160/103 844/1161/91 1228/1162/91
f 1193/1163/104 843/1164/90 1227/1165/90
f 1194/1166/105 842/1167/89 1226/1168/89
f 1195/1169/106 841/1170/88 1225/1171/88
f 1196/1172/107 840/1173/132 1224/1174/87
f 1197/1175/108 839/1176/86 1223/1177/86
f 1198/1178/109 838/1179/85 1222/1180/85
f 1199/1181/110 837/1182/84 1221/1183/84
f 1200/1184/111 836/1185/83 1220/1186/83
f 1201/1187/112 835/1188/82 1219/1189/82
f 1202/1190/113 834/1191/81 1218/741/81
f 1186/631/97 803/1192/98 1187/1145/98
f 1233/1147/96 804/1193/99 1188/1148/99
f 1232/1150/95 805/1194/100 1189/1151/100
f 1231/1153/94 806/1195/101 1190/1154/101
f 1230/1156/93 807/1196/102 1191/1157/102
f 1229/1159/92 808/1197/103 1192/1160/103
f 1228/1162/91 809/1198/104 1193/1163/104
f 1227/1165/90 810/1199/105 1194/1166/105
f 1226/1168/89 811/1200/106 1195/1169/106
f 1225/1171/88 812/1201/107 1196/1172/107
f 1224/1174/87 813/1202/108 1197/1175/108
f 1223/1177/86 814/1203/109 1198/1178/109
f 1222/1180/85 815/1204/110 1199/1181/110
f 1221/1183/84 816/1205/111 1200/1184/111
f 1220/1186/83 817/1206/112 1201/1187/112
f 1219/1189/82 818/1207/113 1202/1190/113
f 850/1208/114 1137/873/81 1153/1209/114
f 851/1210/115 1136/1211/80 1154/1212/115
f 852/1213/116 1135/1214/79 1155/1215/116
f 853/1216/117 1134/1217/78 1156/1218/117
f 854/1219/118 1133/1220/77 1157/1221/118
f 855/1222/119 1132/1223/76 1158/1224/119
f 856/1225/120 1131/1226/75 1159/1227/120
f 857/1228/121 1130/1229/74 1160/1230/121
f 858/1231/122 1129/1232/73 1161/1233/122
f 859/1234/123 1128/1235/72 1162/1236/123
f 860/1237/124 1127/1238/71 1163/1239/124
f 861/1240/125 1126/1241/70 1164/1242/125
f 862/1243/126 1125/1244/69 1165/1245/126
f 863/1246/127 1124/1247/68 1166/1248/127
f 864/1249/128 1123/1250/67 1167/1251/128
f 865/1252/129 1122/1253/66 1168/1254/129
f 833/1255/80 1153/1209/114 1136/1211/80
f 832/1256/79 1154/1212/115 1135/1214/79
f 831/1257/78 1155/1215/116 1134/1217/78
f 830/1258/77 1156/1218/117 1133/1220/77
f 829/1259/76 1157/1221/118 1132/1223/76
f 828/1260/131 1158/1224/119 1131/1226/75
f 827/1261/74 1159/1227/120 1130/1229/74
f 826/1262/73 1160/1230/121 1129/1232/73
f 825/1263/72 1161/1233/122 1128/1235/72
f 824/1264/71 1162/1236/123 1127/1238/71
f 823/1265/70 1163/1239/124 1126/1241/70
f 822/1266/69 1164/1242/125 1125/1244/69
f 821/1267/68 1165/1245/126 1124/1247/68
f 820/1268/67 1166/1248/127 1123/1250/67
f 819/1269/66 1167/1251/128 1122/1253/66
f 802/1270/97 1168/1254/129 1169/869/97
f 897/1271/114 1265/743/81 1281/1272/114
f 898/1273/115 1264/1274/80 1282/1275/115
f 899/1276/116 1263/1277/79 1283/1278/116
f 900/1279/117 1262/1280/78 1284/1281/117
f 901/1282/118 1261/1283/77 1285/1284/118
f 902/1285/119 1260/1286/76 1286/1287/119
f 903/1288/120 1259/1289/75 1287/1290/120
f 904/1291/121 1258/1292/74 1288/1293/121
f 905/1294/122 1257/1295/73 1289/1296/122
f 906/1297/123 1256/1298/72 1290/1299/123
f 907/1300/124 1255/1301/71 1291/1302/124
f 908/1303/133 1254/1304/70 1292/1305/133
f 909/1306/126 1253/1307/69 1293/1308/126
f 910/1309/127 1252/1310/68 1294/1311/127
f 911/1312/128 1251/1313/67 1295/1314/128
f 912/1315/129 1250/1316/66 1296/1317/129
f 880/1318/80 1281/1272/114 1264/1274/80
f 879/1319/79 1282/1275/115 1263/1277/79
f 878/1320/78 1283/1278/116 1262/1280/78
f 877/1321/77 1284/1281/117 1261/1283/77
f 876/1322/76 1285/1284/118 1260/1286/76
f 875/1323/75 1286/1287/119 1259/1289/75
f 874/1324/74 1287/1290/120 1258/1292/74
f 873/1325/73 1288/1293/121 1257/1295/73
f 872/1326/72 1289/1296/122 1256/1298/72
f 871/1327/71 1290/1299/123 1255/1301/71
f 870/1328/70 1291/1302/124 1254/1304/70
f 869/1329/69 1292/1305/133 1253/1307/69
f 868/1330/68 1293/1308/126 1252/1310/68
f 867/1331/67 1294/1311/127 1251/1313/67
f 866/1332/66 1295/1314/128 1250/1316/66
f 913/1333/97 1296/1317/129 1297/722/97
f 1315/1334/98 896/1335/96 1361/1336/96
f 1316/1337/99 895/1338/95 1360/1339/95
f 1317/1340/100 894/1341/94 1359/1342/94
f 1318/1343/101 893/1344/93 1358/1345/93
f 1319/1346/102 892/1347/92 1357/1348/92
f 1320/1349/103 891/1350/91 1356/1351/91
f 1321/1352/104 890/1353/90 1355/1354/90
f 1322/1355/105 889/1356/89 1354/1357/89
f 1323/1358/106 888/1359/88 1353/1360/88
f 1324/1361/107 887/1362/132 1352/1363/87
f 1325/1364/108 886/1365/86 1351/1366/86
f 1326/1367/109 885/1368/85 1350/1369/85
f 1327/1370/110 884/1371/84 1349/1372/84
f 1328/1373/111 883/1374/83 1348/1375/83
f 1329/1376/112 882/1377/82 1347/1378/82
f 1330/1379/113 881/1380/81 1346/1018/81
f 1314/956/97 914/1381/98 1315/1334/98
f 1361/1336/96 915/1382/99 1316/1337/99
f 1360/1339/95 916/1383/100 1317/1340/100
f 1359/1342/94 917/1384/101 1318/1343/101
f 1358/1345/93 918/1385/102 1319/1346/102
f 1357/1348/92 919/1386/103 1320/1349/103
f 1356/1351/91 920/1387/104 1321/1352/104
f 1355/1354/90 921/1388/105 1322/1355/105
f 1354/1357/89 922/1389/106 1323/1358/106
f 1353/1360/88 923/1390/107 1324/1361/107
f 1352/1363/87 924/1391/108 1325/1364/108
f 1351/1366/86 925/1392/109 1326/1367/109
f 1350/1369/85 926/1393/110 1327/1370/110
f 1349/1372/84 927/1394/111 1328/1373/111
f 1348/1375/83 928/1395/112 1329/1376/112
f 1347/1378/82 929/1396/113 1330/1379/113
f 1475/1397/82 946/1398/113 1458/1399/113
f 1476/1400/83 945/1401/112 1457/1402/112
f 1477/1403/84 944/1404/111 1456/1405/111
f 1478/1406/85 943/1407/110 1455/1408/110
f 1479/1409/86 942/1410/109 1454/1411/109
f 1480/1412/132 941/1413/108 1453/1414/108
f 1481/1415/88 940/1416/107 1452/1417/107
f 1482/1418/89 939/1419/106 1451/1420/106
f 1483/1421/90 938/1422/105 1450/1423/105
f 1484/1424/91 937/1425/104 1449/1426/104
f 1485/1427/92 936/1428/103 1448/1429/103
f 1486/1430/93 935/1431/102 1447/1432/102
f 1487/1433/94 934/1434/101 1446/1435/101
f 1488/1436/95 933/1437/100 1445/1438/100
f 1489/1439/96 932/1440/99 1444/1441/99
f 1442/628/97 931/1442/98 1443/1443/98
f 1458/1399/113 962/1444/81 1474/567/81
f 1457/1402/112 963/1445/82 1475/1397/82
f 1456/1405/111 964/1446/83 1476/1400/83
f 1455/1408/110 965/1447/84 1477/1403/84
f 1454/1411/109 966/1448/85 1478/1406/85
f 1453/1414/108 967/1449/86 1479/1409/86
f 1452/1417/107 968/1450/87 1480/1412/132
f 1451/1420/106 969/1451/88 1481/1415/88
f 1450/1423/105 970/1452/89 1482/1418/89
f 1449/1426/104 971/1453/90 1483/1421/90
f 1448/1429/103 972/1454/91 1484/1424/91
f 1447/1432/102 973/1455/92 1485/1427/92
f 1446/1435/101 974/1456/93 1486/1430/93
f 1445/1438/100 975/1457/94 1487/1433/94
f 1444/1441/99 976/1458/95 1488/1436/95
f 1443/1443/98 977/1459/96 1489/1439/96
f 930/1460/97 1424/1461/129 1425/937/97
f 947/1462/66 1423/1463/128 1378/1464/66
f 948/1465/67 1422/1466/127 1379/1467/67
f 949/1468/68 1421/1469/126 1380/1470/68
f 950/1471/69 1420/1472/133 1381/1473/69
f 951/1474/70 1419/1475/124 1382/1476/70
f 952/1477/71 1418/1478/123 1383/1479/71
f 953/1480/72 1417/1481/122 1384/1482/72
f 954/1483/73 1416/1484/121 1385/1485/73
f 955/1486/74 1415/1487/120 1386/1488/74
f 956/1489/131 1414/1490/119 1387/1491/75
f 957/1492/76 1413/1493/118 1388/1494/76
f 958/1495/77 1412/1496/117 1389/1497/77
f 959/1498/78 1411/1499/116 1390/1500/78
f 960/1501/79 1410/1502/115 1391/1503/79
f 961/1504/80 1409/1505/114 1392/1506/80
f 993/1507/129 1378/1464/66 1424/1461/129
f 992/1508/128 1379/1467/67 1423/1463/128
f 991/1509/127 1380/1470/68 1422/1466/127
f 990/1510/126 1381/1473/69 1421/1469/126
f 989/1511/133 1382/1476/70 1420/1472/133
f 988/1512/124 1383/1479/71 1419/1475/124
f 987/1513/123 1384/1482/72 1418/1478/123
f 986/1514/122 1385/1485/73 1417/1481/122
f 985/1515/121 1386/1488/74 1416/1484/121
f 984/1516/120 1387/1491/75 1415/1487/120
f 983/1517/119 1388/1494/76 1414/1490/119
f 982/1518/118 1389/1497/77 1413/1493/118
f 981/1519/117 1390/1500/78 1412/1496/117
f 980/1520/116 1391/1503/79 1411/1499/116
f 979/1521/115 1392/1506/80 1410/1502/115
f 978/1522/114 1393/936/81 1409/1505/114
f 1025/1064/114 50/563/18 49/1523/17
f 1026/1061/115 49/1523/17 48/1524/16
f 1027/1058/116 48/1524/16 47/1525/15
f 1028/1055/117 47/1525/15 46/1526/14
f 1029/1052/118 46/1526/14 45/1527/13
f 1030/1049/119 45/1527/13 44/1528/12
f 1031/1046/120 44/1528/12 43/1529/11
f 1032/1043/121 43/1529/11 42/1530/10
f 1033/1040/122 42/1530/10 41/1531/9
f 1034/1037/135 41/1531/9 40/1532/8
f 1035/1034/124 40/1532/8 39/1533/7
f 1036/1031/125 39/1533/7 38/1534/6
f 1037/1028/126 38/1534/6 37/1535/5
f 1038/1025/127 37/1535/5 36/1536/4
f 1039/1022/136 36/1536/4 35/1537/3
f 1040/1020/137 35/1537/3 34/627/2
f 49/1523/17 1008/1065/80 1025/1064/114
f 48/1524/16 1007/1062/79 1026/1061/115
f 47/1525/15 1006/1059/78 1027/1058/116
f 46/1526/14 1005/1056/77 1028/1055/117
f 45/1527/13 1004/1053/76 1029/1052/118
f 44/1528/12 1003/1050/131 1030/1049/119
f 43/1529/11 1002/1047/74 1031/1046/120
f 42/1530/10 1001/1044/73 1032/1043/121
f 41/1531/9 1000/1041/72 1033/1040/122
f 40/1532/8 999/1038/71 1034/1037/135
f 39/1533/7 998/1035/70 1035/1034/124
f 38/1534/6 997/1032/69 1036/1031/125
f 37/1535/5 996/1029/68 1037/1028/126
f 36/1536/4 995/1026/67 1038/1025/127
f 35/1537/3 994/1023/66 1039/1022/136
f 34/627/2 1041/626/97 1040/1020/137
f 754/1130/82 1057/562/113 801/1083/113
f 755/1131/83 1056/559/112 800/1086/112
f 756/1132/84 1055/556/111 799/1089/111
f 757/1133/85 1054/553/110 798/1092/110
f 758/1134/86 1053/550/109 797/1095/109
f 759/1135/132 1052/547/108 796/1098/108
f 760/1136/88 1051/544/107 795/1101/107
f 761/1137/89 1050/541/106 794/1104/106
f 762/1138/90 1049/538/105 793/1107/105
f 763/1139/91 1048/535/104 792/1110/104
f 764/1140/92 1047/532/103 791/1113/103
f 765/1141/93 1046/529/102 790/1116/102
f 766/1142/94 1045/526/101 789/1119/101
f 767/1143/95 1044/523/134 788/1122/134
f 768/1144/96 1043/520/138 787/1125/99
f 785/1019/97 1042/517/98 786/1127/98
f 801/1083/113 1009/564/81 753/1129/81
f 800/1086/112 1010/561/82 754/1130/82
f 799/1089/111 1011/558/83 755/1131/83
f 798/1092/110 1012/555/84 756/1132/84
f 797/1095/109 1013/552/85 757/1133/85
f 796/1098/108 1014/549/86 758/1134/86
f 795/1101/107 1015/546/87 759/1135/132
f 794/1104/106 1016/543/88 760/1136/88
f 793/1107/105 1017/540/89 761/1137/89
f 792/1110/104 1018/537/90 762/1138/90
f 791/1113/103 1019/534/91 763/1139/91
f 790/1116/102 1020/531/92 764/1140/92
f 789/1119/101 1021/528/93 765/1141/93
f 788/1122/134 1022/525/94 766/1142/94
f 787/1125/99 1023/522/95 767/1143/95
f 786/1127/98 1024/519/96 768/1144/96
f 658/870/98 1105/1124/96 640/888/96
f 659/867/99 1104/1121/95 639/887/95
f 660/864/100 1103/1118/94 638/886/94
f 661/861/101 1102/1115/93 637/885/93
f 662/858/130 1101/1112/92 636/884/92
f 663/855/103 1100/1109/91 635/883/91
f 664/852/104 1099/1106/90 634/882/90
f 665/849/105 1098/1103/89 633/881/89
f 666/846/106 1097/1100/88 632/880/88
f 667/843/107 1096/1097/132 631/879/87
f 668/840/108 1095/1094/86 630/878/86
f 669/837/109 1094/1091/85 629/877/85
f 670/834/110 1093/1088/84 628/876/84
f 671/831/111 1092/1085/83 627/875/83
f 672/828/112 1091/1082/82 626/874/82
f 673/825/113 1090/760/81 625/872/81
f 657/822/97 1059/1128/98 658/870/98
f 640/888/96 1060/1126/99 659/867/99
f 639/887/95 1061/1123/100 660/864/100
f 638/886/94 1062/1120/101 661/861/101
f 637/885/93 1063/1117/130 662/858/130
f 636/884/92 1064/1114/103 663/855/103
f 635/883/91 1065/1111/104 664/852/104
f 634/882/90 1066/1108/105 665/849/105
f 633/881/89 1067/1105/106 666/846/106
f 632/880/88 1068/1102/107 667/843/107
f 631/879/87 1069/1099/108 668/840/108
f 630/878/86 1070/1096/109 669/837/109
f 629/877/85 1071/1093/110 670/834/110
f 628/876/84 1072/1090/111 671/831/111
f 627/875/83 1073/1087/112 672/828/112
f 626/874/82 1074/1084/113 673/825/113
f 1058/823/97 784/1066/129 785/1019/97
f 1075/805/66 783/1067/128 738/1021/66
f 1076/802/67 782/1068/127 739/1024/67
f 1077/799/68 781/1069/126 740/1027/68
f 1078/796/69 780/1070/125 741/1030/69
f 1079/793/70 779/1071/124 742/1033/70
f 1080/790/71 778/1072/123 743/1036/71
f 1081/787/72 777/1073/122 744/1039/72
f 1082/784/73 776/1074/121 745/1042/73
f 1083/781/74 775/1075/120 746/1045/74
f 1084/778/131 774/1076/119 747/1048/75
f 1085/775/76 773/1077/118 748/1051/76
f 1086/772/77 772/1078/117 749/1054/77
f 1087/769/78 771/1079/116 750/1057/78
f 1088/766/79 770/1080/115 751/1060/79
f 1089/763/80 769/1081/114 752/1063/80
f 1121/806/129 738/1021/66 784/1066/129
f 1120/803/128 739/1024/67 783/1067/128
f 1119/800/127 740/1027/68 782/1068/127
f 1118/797/126 741/1030/69 781/1069/126
f 1117/794/133 742/1033/70 780/1070/125
f 1116/791/124 743/1036/71 779/1071/124
f 1115/788/123 744/1039/72 778/1072/123
f 1114/785/122 745/1042/73 777/1073/122
f 1113/782/121 746/1045/74 776/1074/121
f 1112/779/120 747/1048/75 775/1075/120
f 1111/776/119 748/1051/76 774/1076/119
f 1110/773/118 749/1054/77 773/1077/118
f 1109/770/117 750/1057/78 772/1078/117
f 1108/767/116 751/1060/79 771/1079/116
f 1107/764/115 752/1063/80 770/1080/115
f 1106/761/114 753/1129/81 769/1081/114
f 1169/869/97 656/804/129 657/822/97
f 1122/1253/66 655/801/128 610/821/66
f 1123/1250/67 654/798/127 611/820/67
f 1124/1247/68 653/795/126 612/819/68
f 1125/1244/69 652/792/125 613/818/69
f 1126/1241/70 651/789/124 614/817/70
f 1127/1238/71 650/786/123 615/816/71
f 1128/1235/72 649/783/122 616/815/72
f 1129/1232/73 648/780/121 617/814/73
f 1130/1229/74 647/777/120 618/813/74
f 1131/1226/75 646/774/119 619/812/75
f 1132/1223/76 645/771/118 620/811/76
f 1133/1220/77 644/768/117 621/810/77
f 1134/1217/78 643/765/116 622/809/78
f 1135/1214/79 642/762/115 623/808/79
f 1136/1211/80 641/759/114 624/807/80
f 1168/1254/129 610/821/66 656/804/129
f 1167/1251/128 611/820/67 655/801/128
f 1166/1248/127 612/819/68 654/798/127
f 1165/1245/126 613/818/69 653/795/126
f 1164/1242/125 614/817/70 652/792/125
f 1163/1239/124 615/816/71 651/789/124
f 1162/1236/123 616/815/72 650/786/123
f 1161/1233/122 617/814/73 649/783/122
f 1160/1230/121 618/813/74 648/780/121
f 1159/1227/120 619/812/75 647/777/120
f 1158/1224/119 620/811/76 646/774/119
f 1157/1221/118 621/810/77 645/771/118
f 1156/1218/117 622/809/78 644/768/117
f 1155/1215/116 623/808/79 643/765/116
f 1154/1212/115 624/807/80 642/762/115
f 1153/1209/114 625/872/81 641/759/114
f 803/1192/98 1152/866/96 849/1146/96
f 804/1193/99 1151/863/95 848/1149/95
f 805/1194/100 1150/860/94 847/1152/94
f 806/1195/101 1149/857/93 846/1155/93
f 807/1196/102 1148/854/92 845/1158/92
f 808/1197/103 1147/851/91 844/1161/91
f 809/1198/104 1146/848/90 843/1164/90
f 810/1199/105 1145/845/89 842/1167/89
f 811/1200/106 1144/842/88 841/1170/88
f 812/1201/107 1143/839/87 840/1173/132
f 813/1202/108 1142/836/86 839/1176/86
f 814/1203/109 1141/833/85 838/1179/85
f 815/1204/110 1140/830/84 837/1182/84
f 816/1205/111 1139/827/83 836/1185/83
f 817/1206/112 1138/824/82 835/1188/82
f 818/1207/113 1137/873/81 834/1191/81
f 802/1270/97 1170/871/98 803/1192/98
f 849/1146/96 1171/868/99 804/1193/99
f 848/1149/95 1172/865/100 805/1194/100
f 847/1152/94 1173/862/101 806/1195/101
f 846/1155/93 1174/859/102 807/1196/102
f 845/1158/92 1175/856/103 808/1197/103
f 844/1161/91 1176/853/104 809/1198/104
f 843/1164/90 1177/850/105 810/1199/105
f 842/1167/89 1178/847/106 811/1200/106
f 841/1170/88 1179/844/107 812/1201/107
f 840/1173/132 1180/841/108 813/1202/108
f 839/1176/86 1181/838/109 814/1203/109
f 838/1179/85 1182/835/110 815/1204/110
f 837/1182/84 1183/832/111 816/1205/111
f 836/1185/83 1184/829/112 817/1206/112
f 835/1188/82 1185/826/113 818/1207/113
f 562/744/82 1202/1190/113 593/678/113
f 563/745/83 1201/1187/112 592/681/112
f 564/746/84 1200/1184/111 591/684/111
f 565/747/85 1199/1181/110 590/687/110
f 566/748/86 1198/1178/109 589/690/109
f 567/749/87 1197/1175/108 588/693/108
f 568/750/88 1196/1172/107 587/696/107
f 569/751/89 1195/1169/106 586/699/106
f 570/752/90 1194/1166/105 585/702/105
f 571/753/91 1193/1163/104 584/705/104
f 572/754/92 1192/1160/103 583/708/103
f 573/755/93 1191/1157/102 582/711/102
f 574/756/94 1190/1154/101 581/714/101
f 575/757/95 1189/1151/100 580/717/100
f 576/758/96 1188/1148/99 579/720/99
f 577/629/97 1187/1145/98 578/723/98
f 593/678/113 1218/741/81 561/742/81
f 592/681/112 1219/1189/82 562/744/82
f 591/684/111 1220/1186/83 563/745/83
f 590/687/110 1221/1183/84 564/746/84
f 589/690/109 1222/1180/85 565/747/85
f 588/693/108 1223/1177/86 566/748/86
f 587/696/107 1224/1174/87 567/749/87
f 586/699/106 1225/1171/88 568/750/88
f 585/702/105 1226/1168/89 569/751/89
f 584/705/104 1227/1165/90 570/752/90
f 583/708/103 1228/1162/91 571/753/91
f 582/711/102 1229/1159/92 572/754/92
f 581/714/101 1230/1156/93 573/755/93
f 580/717/100 1231/1153/94 574/756/94
f 579/720/99 1232/1150/95 575/757/95
f 578/723/98 1233/1147/96 576/758/96
f 1234/675/114 834/1191/81 850/1208/114
f 1235/672/115 833/1255/80 851/1210/115
f 1236/669/116 832/1256/79 852/1213/116
f 1237/666/117 831/1257/78 853/1216/117
f 1238/663/118 830/1258/77 854/1219/118
f 1239/660/119 829/1259/76 855/1222/119
f 1240/657/120 828/1260/131 856/1225/120
f 1241/654/121 827/1261/74 857/1228/121
f 1242/651/122 826/1262/73 858/1231/122
f 1243/648/123 825/1263/72 859/1234/123
f 1244/645/124 824/1264/71 860/1237/124
f 1245/642/133 823/1265/70 861/1240/125
f 1246/639/126 822/1266/69 862/1243/126
f 1247/636/127 821/1267/68 863/1246/127
f 1248/633/128 820/1268/67 864/1249/128
f 1249/630/129 819/1269/66 865/1252/129
f 1217/676/80 850/1208/114 833/1255/80
f 1216/673/79 851/1210/115 832/1256/79
f 1215/670/78 852/1213/116 831/1257/78
f 1214/667/77 853/1216/117 830/1258/77
f 1213/664/76 854/1219/118 829/1259/76
f 1212/661/131 855/1222/119 828/1260/131
f 1211/658/74 856/1225/120 827/1261/74
f 1210/655/73 857/1228/121 826/1262/73
f 1209/652/72 858/1231/122 825/1263/72
f 1208/649/71 859/1234/123 824/1264/71
f 1207/646/70 860/1237/124 823/1265/70
f 1206/643/69 861/1240/125 822/1266/69
f 1205/640/68 862/1243/126 821/1267/68
f 1204/637/67 863/1246/127 820/1268/67
f 1203/634/66 864/1249/128 819/1269/66
f 1186/631/97 865/1252/129 802/1270/97
f 1297/722/97 609/725/129 577/629/97
f 1250/1316/66 608/726/128 546/632/66
f 1251/1313/67 607/727/127 547/635/67
f 1252/1310/68 606/728/126 548/638/68
f 1253/1307/69 605/729/125 549/641/69
f 1254/1304/70 604/730/124 550/644/70
f 1255/1301/71 603/731/123 551/647/71
f 1256/1298/72 602/732/122 552/650/72
f 1257/1295/73 601/733/121 553/653/73
f 1258/1292/74 600/734/120 554/656/74
f 1259/1289/75 599/735/119 555/659/75
f 1260/1286/76 598/736/118 556/662/76
f 1261/1283/77 597/737/117 557/665/77
f 1262/1280/78 596/738/116 558/668/78
f 1263/1277/79 595/739/115 559/671/79
f 1264/1274/80 594/740/114 560/674/80
f 1296/1317/129 546/632/66 609/725/129
f 1295/1314/128 547/635/67 608/726/128
f 1294/1311/127 548/638/68 607/727/127
f 1293/1308/126 549/641/69 606/728/126
f 1292/1305/133 550/644/70 605/729/125
f 1291/1302/124 551/647/71 604/730/124
f 1290/1299/123 552/650/72 603/731/123
f 1289/1296/122 553/653/73 602/732/122
f 1288/1293/121 554/656/74 601/733/121
f 1287/1290/120 555/659/75 600/734/120
f 1286/1287/119 556/662/76 599/735/119
f 1285/1284/118 557/665/77 598/736/118
f 1284/1281/117 558/668/78 597/737/117
f 1283/1278/116 559/671/79 596/738/116
f 1282/1275/115 560/674/80 595/739/115
f 1281/1272/114 561/742/81 594/740/114
f 914/1381/98 1280/719/96 896/1335/96
f 915/1382/99 1279/716/95 895/1338/95
f 916/1383/100 1278/713/94 894/1341/94
f 917/1384/101 1277/710/93 893/1344/93
f 918/1385/102 1276/707/92 892/1347/92
f 919/1386/103 1275/704/91 891/1350/91
f 920/1387/104 1274/701/90 890/1353/90
f 921/1388/105 1273/698/89 889/1356/89
f 922/1389/106 1272/695/88 888/1359/88
f 923/1390/107 1271/692/132 887/1362/132
f 924/1391/108 1270/689/86 886/1365/86
f 925/1392/109 1269/686/85 885/1368/85
f 926/1393/110 1268/683/84 884/1371/84
f 927/1394/111 1267/680/83 883/1374/83
f 928/1395/112 1266/677/82 882/1377/82
f 929/1396/113 1265/743/81 881/1380/81
f 913/1333/97 1298/724/98 914/1381/98
f 896/1335/96 1299/721/99 915/1382/99
f 895/1338/95 1300/718/100 916/1383/100
f 894/1341/94 1301/715/101 917/1384/101
f 893/1344/93 1302/712/102 918/1385/102
f 892/1347/92 1303/709/103 919/1386/103
f 891/1350/91 1304/706/104 920/1387/104
f 890/1353/90 1305/703/105 921/1388/105
f 889/1356/89 1306/700/106 922/1389/106
f 888/1359/88 1307/697/107 923/1390/107
f 887/1362/132 1308/694/108 924/1391/108
f 886/1365/86 1309/691/109 925/1392/109
f 885/1368/85 1310/688/110 926/1393/110
f 884/1371/84 1311/685/111 927/1394/111
f 883/1374/83 1312/682/112 928/1395/112
f 882/1377/82 1313/679/113 929/1396/113
f 707/932/82 1330/1379/113 690/953/113
f 708/929/83 1329/1376/112 689/952/112
f 709/926/84 1328/1373/111 688/951/111
f 710/923/85 1327/1370/110 687/950/110
f 711/920/86 1326/1367/109 686/949/109
f 712/917/132 1325/1364/108 685/948/108
f 713/914/88 1324/1361/107 684/947/107
f 714/911/89 1323/1358/106 683/946/106
f 715/908/90 1322/1355/105 682/945/105
f 716/905/91 1321/1352/104 681/944/104
f 717/902/92 1320/1349/103 680/943/103
f 718/899/93 1319/1346/102 679/942/102
f 719/896/94 1318/1343/101 678/941/101
f 720/893/95 1317/1340/100 677/940/100
f 721/890/96 1316/1337/99 676/939/99
f 674/954/97 1315/1334/98 675/938/98
f 690/953/113 1346/1018/81 706/935/81
f 689/952/112 1347/1378/82 707/932/82
f 688/951/111 1348/1375/83 708/929/83
f 687/950/110 1349/1372/84 709/926/84
f 686/949/109 1350/1369/85 710/923/85
f 685/948/108 1351/1366/86 711/920/86
f 684/947/107 1352/1363/87 712/917/132
f 683/946/106 1353/1360/88 713/914/88
f 682/945/105 1354/1357/89 714/911/89
f 681/944/104 1355/1354/90 715/908/90
f 680/943/103 1356/1351/91 716/905/91
f 679/942/102 1357/1348/92 717/902/92
f 678/941/101 1358/1345/93 718/899/93
f 677/940/100 1359/1342/94 719/896/94
f 676/939/99 1360/1339/95 720/893/95
f 675/938/98 1361/1336/96 721/890/96
f 1362/1000/114 881/1380/81 897/1271/114
f 1363/997/115 880/1318/80 898/1273/115
f 1364/994/116 879/1319/79 899/1276/116
f 1365/991/117 878/1320/78 900/1279/117
f 1366/988/118 877/1321/77 901/1282/118
f 1367/985/119 876/1322/76 902/1285/119
f 1368/982/120 875/1323/75 903/1288/120
f 1369/979/121 874/1324/74 904/1291/121
f 1370/976/122 873/1325/73 905/1294/122
f 1371/973/123 872/1326/72 906/1297/123
f 1372/970/124 871/1327/71 907/1300/124
f 1373/967/133 870/1328/70 908/1303/133
f 1374/964/126 869/1329/69 909/1306/126
f 1375/961/127 868/1330/68 910/1309/127
f 1376/958/128 867/1331/67 911/1312/128
f 1377/955/129 866/1332/66 912/1315/129
f 1345/1001/80 897/1271/114 880/1318/80
f 1344/998/79 898/1273/115 879/1319/79
f 1343/995/78 899/1276/116 878/1320/78
f 1342/992/77 900/1279/117 877/1321/77
f 1341/989/76 901/1282/118 876/1322/76
f 1340/986/131 902/1285/119 875/1323/75
f 1339/983/74 903/1288/120 874/1324/74
f 1338/980/73 904/1291/121 873/1325/73
f 1337/977/72 905/1294/122 872/1326/72
f 1336/974/71 906/1297/123 871/1327/71
f 1335/971/70 907/1300/124 870/1328/70
f 1334/968/69 908/1303/133 869/1329/69
f 1333/965/68 909/1306/126 868/1330/68
f 1332/962/67 910/1309/127 867/1331/67
f 1331/959/66 911/1312/128 866/1332/66
f 1314/956/97 912/1315/129 913/1333/97
f 1409/1505/114 706/935/81 722/1017/114
f 1410/1502/115 705/999/80 723/1016/115
f 1411/1499/116 704/996/79 724/1015/116
f 1412/1496/117 703/993/78 725/1014/117
f 1413/1493/118 702/990/77 726/1013/118
f 1414/1490/119 701/987/76 727/1012/119
f 1415/1487/120 700/984/131 728/1011/120
f 1416/1484/121 699/981/74 729/1010/121
f 1417/1481/122 698/978/73 730/1009/122
f 1418/1478/123 697/975/72 731/1008/123
f 1419/1475/124 696/972/71 732/1007/124
f 1420/1472/133 695/969/70 733/1006/133
f 1421/1469/126 694/966/69 734/1005/126
f 1422/1466/127 693/963/68 735/1004/127
f 1423/1463/128 692/960/67 736/1003/128
f 1424/1461/129 691/957/66 737/1002/129
f 1392/1506/80 722/1017/114 705/999/80
f 1391/1503/79 723/1016/115 704/996/79
f 1390/1500/78 724/1015/116 703/993/78
f 1389/1497/77 725/1014/117 702/990/77
f 1388/1494/76 726/1013/118 701/987/76
f 1387/1491/75 727/1012/119 700/984/131
f 1386/1488/74 728/1011/120 699/981/74
f 1385/1485/73 729/1010/121 698/978/73
f 1384/1482/72 730/1009/122 697/975/72
f 1383/1479/71 731/1008/123 696/972/71
f 1382/1476/70 732/1007/124 695/969/70
f 1381/1473/69 733/1006/133 694/966/69
f 1380/1470/68 734/1005/126 693/963/68
f 1379/1467/67 735/1004/127 692/960/67
f 1378/1464/66 736/1003/128 691/957/66
f 1425/937/97 737/1002/129 674/954/97
f 963/1445/82 1441/934/113 946/1398/113
f 964/1446/83 1440/931/112 945/1401/112
f 965/1447/84 1439/928/111 944/1404/111
f 966/1448/85 1438/925/110 943/1407/110
f 967/1449/86 1437/922/109 942/1410/109
f 968/1450/87 1436/919/108 941/1413/108
f 969/1451/88 1435/916/107 940/1416/107
f 970/1452/89 1434/913/106 939/1419/106
f 971/1453/90 1433/910/105 938/1422/105
f 972/1454/91 1432/907/104 937/1425/104
f 973/1455/92 1431/904/103 936/1428/103
f 974/1456/93 1430/901/102 935/1431/102
f 975/1457/94 1429/898/101 934/1434/101
f 976/1458/95 1428/895/100 933/1437/100
f 977/1459/96 1427/892/99 932/1440/99
f 930/1460/97 1426/889/98 931/1442/98
f 946/1398/113 1393/936/81 962/1444/81
f 945/1401/112 1394/933/82 963/1445/82
f 944/1404/111 1395/930/83 964/1446/83
f 943/1407/110 1396/927/84 965/1447/84
f 942/1410/109 1397/924/85 966/1448/85
f 941/1413/108 1398/921/86 967/1449/86
f 940/1416/107 1399/918/132 968/1450/87
f 939/1419/106 1400/915/88 969/1451/88
f 938/1422/105 1401/912/89 970/1452/89
f 937/1425/104 1402/909/90 971/1453/90
f 936/1428/103 1403/906/91 972/1454/91
f 935/1431/102 1404/903/92 973/1455/92
f 934/1434/101 1405/900/93 974/1456/93
f 933/1437/100 1406/897/94 975/1457/94
f 932/1440/99 1407/894/95 976/1458/95
f 931/1442/98 1408/891/96 977/1459/96
f 545/611/65 1443/1443/98 1489/1439/96
f 544/612/64 1444/1441/99 1488/1436/95
f 543/613/63 1445/1438/100 1487/1433/94
f 542/615/62 1446/1435/101 1486/1430/93
f 541/616/61 1447/1432/102 1485/1427/92
f 540/614/60 1448/1429/103 1484/1424/91
f 539/617/59 1449/1426/104 1483/1421/90
f 538/618/58 1450/1423/105 1482/1418/89
f 537/619/57 1451/1420/106 1481/1415/88
f 536/620/56 1452/1417/107 1480/1412/132
f 535/621/55 1453/1414/108 1479/1409/86
f 534/622/54 1454/1411/109 1478/1406/85
f 533/623/53 1455/1408/110 1477/1403/84
f 532/624/52 1456/1405/111 1476/1400/83
f 531/625/51 1457/1402/112 1475/1397/82
f 530/566/50 1458/1399/113 1474/567/81
f 514/610/34 1443/1443/98 545/611/65
f 545/611/65 1444/1441/99 544/612/64
f 544/612/64 1445/1438/100 543/613/63
f 543/613/63 1446/1435/101 542/615/62
f 542/615/62 1447/1432/102 541/616/61
f 541/616/61 1448/1429/103 540/614/60
f 540/614/60 1449/1426/104 539/617/59
f 539/617/59 1450/1423/105 538/618/58
f 538/618/58 1451/1420/106 537/619/57
f 537/619/57 1452/1417/107 536/620/56
f 536/620/56 1453/1414/108 535/621/55
f 535/621/55 1454/1411/109 534/622/54
f 534/622/54 1455/1408/110 533/623/53
f 533/623/53 1456/1405/111 532/624/52
f 532/624/52 1457/1402/112 531/625/51
f 531/625/51 1458/1399/113 530/566/50
f 1442/628/97 993/1507/129 930/1460/97
f 1459/609/66 992/1508/128 947/1462/66
f 1460/606/67 991/1509/127 948/1465/67
f 1461/604/68 990/1510/126 949/1468/68
f 1462/601/69 989/1511/133 950/1471/69
f 1463/598/70 988/1512/124 951/1474/70
f 1464/595/71 987/1513/123 952/1477/71
f 1465/592/72 986/1514/122 953/1480/72
f 1466/589/73 985/1515/121 954/1483/73
f 1467/586/74 984/1516/120 955/1486/74
f 1468/583/75 983/1517/119 956/1489/131
f 1469/581/76 982/1518/118 957/1492/76
f 1470/578/77 981/1519/117 958/1495/77
f 1471/575/78 980/1520/116 959/1498/78
f 1472/572/79 979/1521/115 960/1501/79
f 1473/570/80 978/1522/114 961/1504/80
f 1505/607/129 947/1462/66 993/1507/129
f 1504/605/128 948/1465/67 992/1508/128
f 1503/602/127 949/1468/68 991/1509/127
f 1502/599/126 950/1471/69 990/1510/126
f 1501/596/133 951/1474/70 989/1511/133
f 1500/593/124 952/1477/71 988/1512/124
f 1499/590/123 953/1480/72 987/1513/123
f 1498/587/122 954/1483/73 986/1514/122
f 1497/584/121 955/1486/74 985/1515/121
f 1496/582/120 956/1489/131 984/1516/120
f 1495/579/119 957/1492/76 983/1517/119
f 1494/576/118 958/1495/77 982/1518/118
f 1493/573/117 959/1498/78 981/1519/117
f 1492/571/116 960/1501/79 980/1520/116
f 1491/568/115 961/1504/80 979/1521/115
f 1490/565/114 962/1444/81 978/1522/114
f 1042/517/98 34/627/2 65/518/33
f 1043/520/138 65/518/33 64/521/32
f 1044/523/134 64/521/32 63/524/31
f 1045/526/101 63/524/31 62/527/30
f 1046/529/102 62/527/30 61/530/29
f 1047/532/103 61/530/29 60/533/28
f 1048/535/104 60/533/28 59/536/27
f 1049/538/105 59/536/27 58/539/26
f 1050/541/106 58/539/26 57/542/25
f 1051/544/107 57/542/25 56/545/24
f 1052/547/108 56/545/24 55/548/23
f 1053/550/109 55/548/23 54/551/22
f 1054/553/110 54/551/22 53/554/21
f 1055/556/111 53/554/21 52/557/20
f 1056/559/112 52/557/20 51/560/19
f 1057/562/113 51/560/19 50/563/18
f 529/569/49 530/566/50 1490/565/114
f 528/1/48 529/569/49 1491/568/115
f 527/574/47 528/1/48 1492/571/116
f 526/577/46 527/574/47 1493/573/117
f 525/580/45 526/577/46 1494/576/118
f 524/2/44 525/580/45 1495/579/119
f 523/585/43 524/2/44 1496/582/120
f 522/588/42 523/585/43 1497/584/121
f 521/591/41 522/588/42 1498/587/122
f 520/594/40 521/591/41 1499/590/123
f 519/597/39 520/594/40 1500/593/124
f 518/600/38 519/597/39 1501/596/133
f 517/603/37 518/600/38 1502/599/126
f 516/3/36 517/603/37 1503/602/127
f 515/608/35 516/3/36 1504/605/128
f 514/610/34 515/608/35 1505/607/129
f 577/629/97 609/725/129 1249/630/129
f 546/632/66 608/726/128 1248/633/128
f 547/635/67 607/727/127 1247/636/127
f 548/638/68 606/728/126 1246/639/126
f 549/641/69 605/729/125 1245/642/133
f 550/644/70 604/730/124 1244/645/124
f 551/647/71 603/731/123 1243/648/123
f 552/650/72 602/732/122 1242/651/122
f 553/653/73 601/733/121 1241/654/121
f 554/656/74 600/734/120 1240/657/120
f 555/659/75 599/735/119 1239/660/119
f 556/662/76 598/736/118 1238/663/118
f 557/665/77 597/737/117 1237/666/117
f 558/668/78 596/738/116 1236/669/116
f 559/671/79 595/739/115 1235/672/115
f 560/674/80 594/740/114 1234/675/114
f 1266/677/82 562/744/82 593/678/113
f 1267/680/83 563/745/83 592/681/112
f 1268/683/84 564/746/84 591/684/111
f 1269/686/85 565/747/85 590/687/110
f 1270/689/86 566/748/86 589/690/109
f 1271/692/132 567/749/87 588/693/108
f 1272/695/88 568/750/88 587/696/107
f 1273/698/89 569/751/89 586/699/106
f 1274/701/90 570/752/90 585/702/105
f 1275/704/91 571/753/91 584/705/104
f 1276/707/92 572/754/92 583/708/103
f 1277/710/93 573/755/93 582/711/102
f 1278/713/94 574/756/94 581/714/101
f 1279/716/95 575/757/95 580/717/100
f 1280/719/96 576/758/96 579/720/99
f 1297/722/97 577/629/97 578/723/98
f 609/725/129 546/632/66 1203/634/66
f 608/726/128 547/635/67 1204/637/67
f 607/727/127 548/638/68 1205/640/68
f 606/728/126 549/641/69 1206/643/69
f 605/729/125 550/644/70 1207/646/70
f 604/730/124 551/647/71 1208/649/71
f 603/731/123 552/650/72 1209/652/72
f 602/732/122 553/653/73 1210/655/73
f 601/733/121 554/656/74 1211/658/74
f 600/734/120 555/659/75 1212/661/131
f 599/735/119 556/662/76 1213/664/76
f 598/736/118 557/665/77 1214/667/77
f 597/737/117 558/668/78 1215/670/78
f 596/738/116 559/671/79 1216/673/79
f 595/739/115 560/674/80 1217/676/80
f 594/740/114 561/742/81 1218/741/81
f 1313/679/113 593/678/113 561/742/81
f 1312/682/112 592/681/112 562/744/82
f 1311/685/111 591/684/111 563/745/83
f 1310/688/110 590/687/110 564/746/84
f 1309/691/109 589/690/109 565/747/85
f 1308/694/108 588/693/108 566/748/86
f 1307/697/107 587/696/107 567/749/87
f 1306/700/106 586/699/106 568/750/88
f 1305/703/105 585/702/105 569/751/89
f 1304/706/104 584/705/104 570/752/90
f 1303/709/103 583/708/103 571/753/91
f 1302/712/102 582/711/102 572/754/92
f 1301/715/101 581/714/101 573/755/93
f 1300/718/100 580/717/100 574/756/94
f 1299/721/99 579/720/99 575/757/95
f 1298/724/98 578/723/98 576/758/96
f 641/759/114 625/872/81 1090/760/81
f 642/762/115 624/807/80 1089/763/80
f 643/765/116 623/808/79 1088/766/79
f 644/768/117 622/809/78 1087/769/78
f 645/771/118 621/810/77 1086/772/77
f 646/774/119 620/811/76 1085/775/76
f 647/777/120 619/812/75 1084/778/131
f 648/780/121 618/813/74 1083/781/74
f 649/783/122 617/814/73 1082/784/73
f 650/786/123 616/815/72 1081/787/72
f 651/789/124 615/816/71 1080/790/71
f 652/792/125 614/817/70 1079/793/70
f 653/795/126 613/818/69 1078/796/69
f 654/798/127 612/819/68 1077/799/68
f 655/801/128 611/820/67 1076/802/67
f 656/804/129 610/821/66 1075/805/66
f 624/807/80 641/759/114 1106/761/114
f 623/808/79 642/762/115 1107/764/115
f 622/809/78 643/765/116 1108/767/116
f 621/810/77 644/768/117 1109/770/117
f 620/811/76 645/771/118 1110/773/118
f 619/812/75 646/774/119 1111/776/119
f 618/813/74 647/777/120 1112/779/120
f 617/814/73 648/780/121 1113/782/121
f 616/815/72 649/783/122 1114/785/122
f 615/816/71 650/786/123 1115/788/123
f 614/817/70 651/789/124 1116/791/124
f 613/818/69 652/792/125 1117/794/133
f 612/819/68 653/795/126 1118/797/126
f 611/820/67 654/798/127 1119/800/127
f 610/821/66 655/801/128 1120/803/128
f 657/822/97 656/804/129 1121/806/129
f 1138/824/82 626/874/82 673/825/113
f 1139/827/83 627/875/83 672/828/112
f 1140/830/84 628/876/84 671/831/111
f 1141/833/85 629/877/85 670/834/110
f 1142/836/86 630/878/86 669/837/109
f 1143/839/87 631/879/87 668/840/108
f 1144/842/88 632/880/88 667/843/107
f 1145/845/89 633/881/89 666/846/106
f 1146/848/90 634/882/90 665/849/105
f 1147/851/91 635/883/91 664/852/104
f 1148/854/92 636/884/92 663/855/103
f 1149/857/93 637/885/93 662/858/130
f 1150/860/94 638/886/94 661/861/101
f 1151/863/95 639/887/95 660/864/100
f 1152/866/96 640/888/96 659/867/99
f 1169/869/97 657/822/97 658/870/98
f 1185/826/113 673/825/113 625/872/81
f 1184/829/112 672/828/112 626/874/82
f 1183/832/111 671/831/111 627/875/83
f 1182/835/110 670/834/110 628/876/84
f 1181/838/109 669/837/109 629/877/85
f 1180/841/108 668/840/108 630/878/86
f 1179/844/107 667/843/107 631/879/87
f 1178/847/106 666/846/106 632/880/88
f 1177/850/105 665/849/105 633/881/89
f 1176/853/104 664/852/104 634/882/90
f 1175/856/103 663/855/103 635/883/91
f 1174/859/102 662/858/130 636/884/92
f 1173/862/101 661/861/101 637/885/93
f 1172/865/100 660/864/100 638/886/94
f 1171/868/99 659/867/99 639/887/95
f 1170/871/98 658/870/98 640/888/96
f 1426/889/98 675/938/98 721/890/96
f 1427/892/99 676/939/99 720/893/95
f 1428/895/100 677/940/100 719/896/94
f 1429/898/101 678/941/101 718/899/93
f 1430/901/102 679/942/102 717/902/92
f 1431/904/103 680/943/103 716/905/91
f 1432/907/104 681/944/104 715/908/90
f 1433/910/105 682/945/105 714/911/89
f 1434/913/106 683/946/106 713/914/88
f 1435/916/107 684/947/107 712/917/132
f 1436/919/108 685/948/108 711/920/86
f 1437/922/109 686/949/109 710/923/85
f 1438/925/110 687/950/110 709/926/84
f 1439/928/111 688/951/111 708/929/83
f 1440/931/112 689/952/112 707/932/82
f 1441/934/113 690/953/113 706/935/81
f 1425/937/97 674/954/97 675/938/98
f 1408/891/96 721/890/96 676/939/99
f 1407/894/95 720/893/95 677/940/100
f 1406/897/94 719/896/94 678/941/101
f 1405/900/93 718/899/93 679/942/102
f 1404/903/92 717/902/92 680/943/103
f 1403/906/91 716/905/91 681/944/104
f 1402/909/90 715/908/90 682/945/105
f 1401/912/89 714/911/89 683/946/106
f 1400/915/88 713/914/88 684/947/107
f 1399/918/132 712/917/132 685/948/108
f 1398/921/86 711/920/86 686/949/109
f 1397/924/85 710/923/85 687/950/110
f 1396/927/84 709/926/84 688/951/111
f 1395/930/83 708/929/83 689/952/112
f 1394/933/82 707/932/82 690/953/113
f 674/954/97 737/1002/129 1377/955/129
f 691/957/66 736/1003/128 1376/958/128
f 692/960/67 735/1004/127 1375/961/127
f 693/963/68 734/1005/126 1374/964/126
f 694/966/69 733/1006/133 1373/967/133
f 695/969/70 732/1007/124 1372/970/124
f 696/972/71 731/1008/123 1371/973/123
f 697/975/72 730/1009/122 1370/976/122
f 698/978/73 729/1010/121 1369/979/121
f 699/981/74 728/1011/120 1368/982/120
f 700/984/131 727/1012/119 1367/985/119
f 701/987/76 726/1013/118 1366/988/118
f 702/990/77 725/1014/117 1365/991/117
f 703/993/78 724/1015/116 1364/994/116
f 704/996/79 723/1016/115 1363/997/115
f 705/999/80 722/1017/114 1362/1000/114
f 737/1002/129 691/957/66 1331/959/66
f 736/1003/128 692/960/67 1332/962/67
f 735/1004/127 693/963/68 1333/965/68
f 734/1005/126 694/966/69 1334/968/69
f 733/1006/133 695/969/70 1335/971/70
f 732/1007/124 696/972/71 1336/974/71
f 731/1008/123 697/975/72 1337/977/72
f 730/1009/122 698/978/73 1338/980/73
f 729/1010/121 699/981/74 1339/983/74
f 728/1011/120 700/984/131 1340/986/131
f 727/1012/119 701/987/76 1341/989/76
f 726/1013/118 702/990/77 1342/992/77
f 725/1014/117 703/993/78 1343/995/78
f 724/1015/116 704/996/79 1344/998/79
f 723/1016/115 705/999/80 1345/1001/80
f 722/1017/114 706/935/81 1346/1018/81
f 785/1019/97 784/1066/129 1040/1020/137
f 738/1021/66 783/1067/128 1039/1022/136
f 739/1024/67 782/1068/127 1038/1025/127
f 740/1027/68 781/1069/126 1037/1028/126
f 741/1030/69 780/1070/125 1036/1031/125
f 742/1033/70 779/1071/124 1035/1034/124
f 743/1036/71 778/1072/123 1034/1037/135
f 744/1039/72 777/1073/122 1033/1040/122
f 745/1042/73 776/1074/121 1032/1043/121
f 746/1045/74 775/1075/120 1031/1046/120
f 747/1048/75 774/1076/119 1030/1049/119
f 748/1051/76 773/1077/118 1029/1052/118
f 749/1054/77 772/1078/117 1028/1055/117
f 750/1057/78 771/1079/116 1027/1058/116
f 751/1060/79 770/1080/115 1026/1061/115
f 752/1063/80 769/1081/114 1025/1064/114
f 784/1066/129 738/1021/66 994/1023/66
f 783/1067/128 739/1024/67 995/1026/67
f 782/1068/127 740/1027/68 996/1029/68
f 781/1069/126 741/1030/69 997/1032/69
f 780/1070/125 742/1033/70 998/1035/70
f 779/1071/124 743/1036/71 999/1038/71
f 778/1072/123 744/1039/72 1000/1041/72
f 777/1073/122 745/1042/73 1001/1044/73
f 776/1074/121 746/1045/74 1002/1047/74
f 775/1075/120 747/1048/75 1003/1050/131
f 774/1076/119 748/1051/76 1004/1053/76
f 773/1077/118 749/1054/77 1005/1056/77
f 772/1078/117 750/1057/78 1006/1059/78
f 771/1079/116 751/1060/79 1007/1062/79
f 770/1080/115 752/1063/80 1008/1065/80
f 769/1081/114 753/1129/81 1009/564/81
f 1091/1082/82 754/1130/82 801/1083/113
f 1092/1085/83 755/1131/83 800/1086/112
f 1093/1088/84 756/1132/84 799/1089/111
f 1094/1091/85 757/1133/85 798/1092/110
f 1095/1094/86 758/1134/86 797/1095/109
f 1096/1097/132 759/1135/132 796/1098/108
f 1097/1100/88 760/1136/88 795/1101/107
f 1098/1103/89 761/1137/89 794/1104/106
f 1099/1106/90 762/1138/90 793/1107/105
f 1100/1109/91 763/1139/91 792/1110/104
f 1101/1112/92 764/1140/92 791/1113/103
f 1102/1115/93 765/1141/93 790/1116/102
f 1103/1118/94 766/1142/94 789/1119/101
f 1104/1121/95 767/1143/95 788/1122/134
f 1105/1124/96 768/1144/96 787/1125/99
f 1058/823/97 785/1019/97 786/1127/98
f 1074/1084/113 801/1083/113 753/1129/81
f 1073/1087/112 800/1086/112 754/1130/82
f 1072/1090/111 799/1089/111 755/1131/83
f 1071/1093/110 798/1092/110 756/1132/84
f 1070/1096/109 797/1095/109 757/1133/85
f 1069/1099/108 796/1098/108 758/1134/86
f 1068/1102/107 795/1101/107 759/1135/132
f 1067/1105/106 794/1104/106 760/1136/88
f 1066/1108/105 793/1107/105 761/1137/89
f 1065/1111/104 792/1110/104 762/1138/90
f 1064/1114/103 791/1113/103 763/1139/91
f 1063/1117/130 790/1116/102 764/1140/92
f 1062/1120/101 789/1119/101 765/1141/93
f 1061/1123/100 788/1122/134 766/1142/94
f 1060/1126/99 787/1125/99 767/1143/95
f 1059/1128/98 786/1127/98 768/1144/96
f 1187/1145/98 803/1192/98 849/1146/96
f 1188/1148/99 804/1193/99 848/1149/95
f 1189/1151/100 805/1194/100 847/1152/94
f 1190/1154/101 806/1195/101 846/1155/93
f 1191/1157/102 807/1196/102 845/1158/92
f 1192/1160/103 808/1197/103 844/1161/91
f 1193/1163/104 809/1198/104 843/1164/90
f 1194/1166/105 810/1199/105 842/1167/89
f 1195/1169/106 811/1200/106 841/1170/88
f 1196/1172/107 812/1201/107 840/1173/132
f 1197/1175/108 813/1202/108 839/1176/86
f 1198/1178/109 814/1203/109 838/1179/85
f 1199/1181/110 815/1204/110 837/1182/84
f 1200/1184/111 816/1205/111 836/1185/83
f 1201/1187/112 817/1206/112 835/1188/82
f 1202/1190/113 818/1207/113 834/1191/81
f 1186/631/97 802/1270/97 803/1192/98
f 1233/1147/96 849/1146/96 804/1193/99
f 1232/1150/95 848/1149/95 805/1194/100
f 1231/1153/94 847/1152/94 806/1195/101
f 1230/1156/93 846/1155/93 807/1196/102
f 1229/1159/92 845/1158/92 808/1197/103
f 1228/1162/91 844/1161/91 809/1198/104
f 1227/1165/90 843/1164/90 810/1199/105
f 1226/1168/89 842/1167/89 811/1200/106
f 1225/1171/88 841/1170/88 812/1201/107
f 1224/1174/87 840/1173/132 813/1202/108
f 1223/1177/86 839/1176/86 814/1203/109
f 1222/1180/85 838/1179/85 815/1204/110
f 1221/1183/84 837/1182/84 816/1205/111
f 1220/1186/83 836/1185/83 817/1206/112
f 1219/1189/82 835/1188/82 818/1207/113
f 850/1208/114 834/1191/81 1137/873/81
f 851/1210/115 833/1255/80 1136/1211/80
f 852/1213/116 832/1256/79 1135/1214/79
f 853/1216/117 831/1257/78 1134/1217/78
f 854/1219/118 830/1258/77 1133/1220/77
f 855/1222/119 829/1259/76 1132/1223/76
f 856/1225/120 828/1260/131 1131/1226/75
f 857/1228/121 827/1261/74 1130/1229/74
f 858/1231/122 826/1262/73 1129/1232/73
f 859/1234/123 825/1263/72 1128/1235/72
f 860/1237/124 824/1264/71 1127/1238/71
f 861/1240/125 823/1265/70 1126/1241/70
f 862/1243/126 822/1266/69 1125/1244/69
f 863/1246/127 821/1267/68 1124/1247/68
f 864/1249/128 820/1268/67 1123/1250/67
f 865/1252/129 819/1269/66 1122/1253/66
f 833/1255/80 850/1208/114 1153/1209/114
f 832/1256/79 851/1210/115 1154/1212/115
f 831/1257/78 852/1213/116 1155/1215/116
f 830/1258/77 853/1216/117 1156/1218/117
f 829/1259/76 854/1219/118 1157/1221/118
f 828/1260/131 855/1222/119 1158/1224/119
f 827/1261/74 856/1225/120 1159/1227/120
f 826/1262/73 857/1228/121 1160/1230/121
f 825/1263/72 858/1231/122 1161/1233/122
f 824/1264/71 859/1234/123 1162/1236/123
f 823/1265/70 860/1237/124 1163/1239/124
f 822/1266/69 861/1240/125 1164/1242/125
f 821/1267/68 862/1243/126 1165/1245/126
f 820/1268/67 863/1246/127 1166/1248/127
f 819/1269/66 864/1249/128 1167/1251/128
f 802/1270/97 865/1252/129 1168/1254/129
f 897/1271/114 881/1380/81 1265/743/81
f 898/1273/115 880/1318/80 1264/1274/80
f 899/1276/116 879/1319/79 1263/1277/79
f 900/1279/117 878/1320/78 1262/1280/78
f 901/1282/118 877/1321/77 1261/1283/77
f 902/1285/119 876/1322/76 1260/1286/76
f 903/1288/120 875/1323/75 1259/1289/75
f 904/1291/121 874/1324/74 1258/1292/74
f 905/1294/122 873/1325/73 1257/1295/73
f 906/1297/123 872/1326/72 1256/1298/72
f 907/1300/124 871/1327/71 1255/1301/71
f 908/1303/133 870/1328/70 1254/1304/70
f 909/1306/126 869/1329/69 1253/1307/69
f 910/1309/127 868/1330/68 1252/1310/68
f 911/1312/128 867/1331/67 1251/1313/67
f 912/1315/129 866/1332/66 1250/1316/66
f 880/1318/80 897/1271/114 1281/1272/114
f 879/1319/79 898/1273/115 1282/1275/115
f 878/1320/78 899/1276/116 1283/1278/116
f 877/1321/77 900/1279/117 1284/1281/117
f 876/1322/76 901/1282/118 1285/1284/118
f 875/1323/75 902/1285/119 1286/1287/119
f 874/1324/74 903/1288/120 1287/1290/120
f 873/1325/73 904/1291/121 1288/1293/121
f 872/1326/72 905/1294/122 1289/1296/122
f 871/1327/71 906/1297/123 1290/1299/123
f 870/1328/70 907/1300/124 1291/1302/124
f 869/1329/69 908/1303/133 1292/1305/133
f 868/1330/68 909/1306/126 1293/1308/126
f 867/1331/67 910/1309/127 1294/1311/127
f 866/1332/66 911/1312/128 1295/1314/128
f 913/1333/97 912/1315/129 1296/1317/129
f 1315/1334/98 914/1381/98 896/1335/96
f 1316/1337/99 915/1382/99 895/1338/95
f 1317/1340/100 916/1383/100 894/1341/94
f 1318/1343/101 917/1384/101 893/1344/93
f 1319/1346/102 918/1385/102 892/1347/92
f 1320/1349/103 919/1386/103 891/1350/91
f 1321/1352/104 920/1387/104 890/1353/90
f 1322/1355/105 921/1388/105 889/1356/89
f 1323/1358/106 922/1389/106 888/1359/88
f 1324/1361/107 923/1390/107 887/1362/132
f 1325/1364/108 924/1391/108 886/1365/86
f 1326/1367/109 925/1392/109 885/1368/85
f 1327/1370/110 926/1393/110 884/1371/84
f 1328/1373/111 927/1394/111 883/1374/83
f 1329/1376/112 928/1395/112 882/1377/82
f 1330/1379/113 929/1396/113 881/1380/81
f 1314/956/97 913/1333/97 914/1381/98
f 1361/1336/96 896/1335/96 915/1382/99
f 1360/1339/95 895/1338/95 916/1383/100
f 1359/1342/94 894/1341/94 917/1384/101
f 1358/1345/93 893/1344/93 918/1385/102
f 1357/1348/92 892/1347/92 919/1386/103
f 1356/1351/91 891/1350/91 920/1387/104
f 1355/1354/90 890/1353/90 921/1388/105
f 1354/1357/89 889/1356/89 922/1389/106
f 1353/1360/88 888/1359/88 923/1390/107
f 1352/1363/87 887/1362/132 924/1391/108
f 1351/1366/86 886/1365/86 925/1392/109
f 1350/1369/85 885/1368/85 926/1393/110
f 1349/1372/84 884/1371/84 927/1394/111
f 1348/1375/83 883/1374/83 928/1395/112
f 1347/1378/82 882/1377/82 929/1396/113
f 1475/1397/82 963/1445/82 946/1398/113
f 1476/1400/83 964/1446/83 945/1401/112
f 1477/1403/84 965/1447/84 944/1404/111
f 1478/1406/85 966/1448/85 943/1407/110
f 1479/1409/86 967/1449/86 942/1410/109
f 1480/1412/132 968/1450/87 941/1413/108
f 1481/1415/88 969/1451/88 940/1416/107
f 1482/1418/89 970/1452/89 939/1419/106
f 1483/1421/90 971/1453/90 938/1422/105
f 1484/1424/91 972/1454/91 937/1425/104
f 1485/1427/92 973/1455/92 936/1428/103
f 1486/1430/93 974/1456/93 935/1431/102
f 1487/1433/94 975/1457/94 934/1434/101
f 1488/1436/95 976/1458/95 933/1437/100
f 1489/1439/96 977/1459/96 932/1440/99
f 1442/628/97 930/1460/97 931/1442/98
f 1458/1399/113 946/1398/113 962/1444/81
f 1457/1402/112 945/1401/112 963/1445/82
f 1456/1405/111 944/1404/111 964/1446/83
f 1455/1408/110 943/1407/110 965/1447/84
f 1454/1411/109 942/1410/109 966/1448/85
f 1453/1414/108 941/1413/108 967/1449/86
f 1452/1417/107 940/1416/107 968/1450/87
f 1451/1420/106 939/1419/106 969/1451/88
f 1450/1423/105 938/1422/105 970/1452/89
f 1449/1426/104 937/1425/104 971/1453/90
f 1448/1429/103 936/1428/103 972/1454/91
f 1447/1432/102 935/1431/102 973/1455/92
f 1446/1435/101 934/1434/101 974/1456/93
f 1445/1438/100 933/1437/100 975/1457/94
f 1444/1441/99 932/1440/99 976/1458/95
f 1443/1443/98 931/1442/98 977/1459/96
f 930/1460/97 993/1507/129 1424/1461/129
f 947/1462/66 992/1508/128 1423/1463/128
f 948/1465/67 991/1509/127 1422/1466/127
f 949/1468/68 990/1510/126 1421/1469/126
f 950/1471/69 989/1511/133 1420/1472/133
f 951/1474/70 988/1512/124 1419/1475/124
f 952/1477/71 987/1513/123 1418/1478/123
f 953/1480/72 986/1514/122 1417/1481/122
f 954/1483/73 985/1515/121 1416/1484/121
f 955/1486/74 984/1516/120 1415/1487/120
f 956/1489/131 983/1517/119 1414/1490/119
f 957/1492/76 982/1518/118 1413/1493/118
f 958/1495/77 981/1519/117 1412/1496/117
f 959/1498/78 980/1520/116 1411/1499/116
f 960/1501/79 979/1521/115 1410/1502/115
f 961/1504/80 978/1522/114 1409/1505/114
f 993/1507/129 947/1462/66 1378/1464/66
f 992/1508/128 948/1465/67 1379/1467/67
f 991/1509/127 949/1468/68 1380/1470/68
f 990/1510/126 950/1471/69 1381/1473/69
f 989/1511/133 951/1474/70 1382/1476/70
f 988/1512/124 952/1477/71 1383/1479/71
f 987/1513/123 953/1480/72 1384/1482/72
f 986/1514/122 954/1483/73 1385/1485/73
f 985/1515/121 955/1486/74 1386/1488/74
f 984/1516/120 956/1489/131 1387/1491/75
f 983/1517/119 957/1492/76 1388/1494/76
f 982/1518/118 958/1495/77 1389/1497/77
f 981/1519/117 959/1498/78 1390/1500/78
f 980/1520/116 960/1501/79 1391/1503/79
f 979/1521/115 961/1504/80 1392/1506/80
f 978/1522/114 962/1444/81 1393/936/81
f 1025/1064/114 1009/564/81 50/563/18
f 1026/1061/115 1008/1065/80 49/1523/17
f 1027/1058/116 1007/1062/79 48/1524/16
f 1028/1055/117 1006/1059/78 47/1525/15
f 1029/1052/118 1005/1056/77 46/1526/14
f 1030/1049/119 1004/1053/76 45/1527/13
f 1031/1046/120 1003/1050/131 44/1528/12
f 1032/1043/121 1002/1047/74 43/1529/11
f 1033/1040/122 1001/1044/73 42/1530/10
f 1034/1037/135 1000/1041/72 41/1531/9
f 1035/1034/124 999/1038/71 40/1532/8
f 1036/1031/125 998/1035/70 39/1533/7
f 1037/1028/126 997/1032/69 38/1534/6
f 1038/1025/127 996/1029/68 37/1535/5
f 1039/1022/136 995/1026/67 36/1536/4
f 1040/1020/137 994/1023/66 35/1537/3
f 754/1130/82 1010/561/82 1057/562/113
f 755/1131/83 1011/558/83 1056/559/112
f 756/1132/84 1012/555/84 1055/556/111
f 757/1133/85 1013/552/85 1054/553/110
f 758/1134/86 1014/549/86 1053/550/109
f 759/1135/132 1015/546/87 1052/547/108
f 760/1136/88 1016/543/88 1051/544/107
f 761/1137/89 1017/540/89 1050/541/106
f 762/1138/90 1018/537/90 1049/538/105
f 763/1139/91 1019/534/91 1048/535/104
f 764/1140/92 1020/531/92 1047/532/103
f 765/1141/93 1021/528/93 1046/529/102
f 766/1142/94 1022/525/94 1045/526/101
f 767/1143/95 1023/522/95 1044/523/134
f 768/1144/96 1024/519/96 1043/520/138
f 785/1019/97 1041/626/97 1042/517/98
f 801/1083/113 1057/562/113 1009/564/81
f 800/1086/112 1056/559/112 1010/561/82
f 799/1089/111 1055/556/111 1011/558/83
f 798/1092/110 1054/553/110 1012/555/84
f 797/1095/109 1053/550/109 1013/552/85
f 796/1098/108 1052/547/108 1014/549/86
f 795/1101/107 1051/544/107 1015/546/87
f 794/1104/106 1050/541/106 1016/543/88
f 793/1107/105 1049/538/105 1017/540/89
f 792/1110/104 1048/535/104 1018/537/90
f 791/1113/103 1047/532/103 1019/534/91
f 790/1116/102 1046/529/102 1020/531/92
f 789/1119/101 1045/526/101 1021/528/93
f 788/1122/134 1044/523/134 1022/525/94
f 787/1125/99 1043/520/138 1023/522/95
f 786/1127/98 1042/517/98 1024/519/96
f 658/870/98 1059/1128/98 1105/1124/96
f 659/867/99 1060/1126/99 1104/1121/95
f 660/864/100 1061/1123/100 1103/1118/94
f 661/861/101 1062/1120/101 1102/1115/93
f 662/858/130 1063/1117/130 1101/1112/92
f 663/855/103 1064/1114/103 1100/1109/91
f 664/852/104 1065/1111/104 1099/1106/90
f 665/849/105 1066/1108/105 1098/1103/89
f 666/846/106 1067/1105/106 1097/1100/88
f 667/843/107 1068/1102/107 1096/1097/132
f 668/840/108 1069/1099/108 1095/1094/86
f 669/837/109 1070/1096/109 1094/1091/85
f 670/834/110 1071/1093/110 1093/1088/84
f 671/831/111 1072/1090/111 1092/1085/83
f 672/828/112 1073/1087/112 1091/1082/82
f 673/825/113 1074/1084/113 1090/760/81
f 657/822/97 1058/823/97 1059/1128/98
f 640/888/96 1105/1124/96 1060/1126/99
f 639/887/95 1104/1121/95 1061/1123/100
f 638/886/94 1103/1118/94 1062/1120/101
f 637/885/93 1102/1115/93 1063/1117/130
f 636/884/92 1101/1112/92 1064/1114/103
f 635/883/91 1100/1109/91 1065/1111/104
f 634/882/90 1099/1106/90 1066/1108/105
f 633/881/89 1098/1103/89 1067/1105/106
f 632/880/88 1097/1100/88 1068/1102/107
f 631/879/87 1096/1097/132 1069/1099/108
f 630/878/86 1095/1094/86 1070/1096/109
f 629/877/85 1094/1091/85 1071/1093/110
f 628/876/84 1093/1088/84 1072/1090/111
f 627/875/83 1092/1085/83 1073/1087/112
f 626/874/82 1091/1082/82 1074/1084/113
f 1058/823/97 1121/806/129 784/1066/129
f 1075/805/66 1120/803/128 783/1067/128
f 1076/802/67 1119/800/127 782/1068/127
f 1077/799/68 1118/797/126 781/1069/126
f 1078/796/69 1117/794/133 780/1070/125
f 1079/793/70 1116/791/124 779/1071/124
f 1080/790/71 1115/788/123 778/1072/123
f 1081/787/72 1114/785/122 777/1073/122
f 1082/784/73 1113/782/121 776/1074/121
f 1083/781/74 1112/779/120 775/1075/120
f 1084/778/131 1111/776/119 774/1076/119
f 1085/775/76 1110/773/118 773/1077/118
f 1086/772/77 1109/770/117 772/1078/117
f 1087/769/78 1108/767/116 771/1079/116
f 1088/766/79 1107/764/115 770/1080/115
f 1089/763/80 1106/761/114 769/1081/114
f 1121/806/129 1075/805/66 738/1021/66
f 1120/803/128 1076/802/67 739/1024/67
f 1119/800/127 1077/799/68 740/1027/68
f 1118/797/126 1078/796/69 741/1030/69
f 1117/794/133 1079/793/70 742/1033/70
f 1116/791/124 1080/790/71 743/1036/71
f 1115/788/123 1081/787/72 744/1039/72
f 1114/785/122 1082/784/73 745/1042/73
f 1113/782/121 1083/781/74 746/1045/74
f 1112/779/120 1084/778/131 747/1048/75
f 1111/776/119 1085/775/76 748/1051/76
f 1110/773/118 1086/772/77 749/1054/77
f 1109/770/117 1087/769/78 750/1057/78
f 1108/767/116 1088/766/79 751/1060/79
f 1107/764/115 1089/763/80 752/1063/80
f 1106/761/114 1090/760/81 753/1129/81
f 1169/869/97 1168/1254/129 656/804/129
f 1122/1253/66 1167/1251/128 655/801/128
f 1123/1250/67 1166/1248/127 654/798/127
f 1124/1247/68 1165/1245/126 653/795/126
f 1125/1244/69 1164/1242/125 652/792/125
f 1126/1241/70 1163/1239/124 651/789/124
f 1127/1238/71 1162/1236/123 650/786/123
f 1128/1235/72 1161/1233/122 649/783/122
f 1129/1232/73 1160/1230/121 648/780/121
f 1130/1229/74 1159/1227/120 647/777/120
f 1131/1226/75 1158/1224/119 646/774/119
f 1132/1223/76 1157/1221/118 645/771/118
f 1133/1220/77 1156/1218/117 644/768/117
f 1134/1217/78 1155/1215/116 643/765/116
f 1135/1214/79 1154/1212/115 642/762/115
f 1136/1211/80 1153/1209/114 641/759/114
f 1168/1254/129 1122/1253/66 610/821/66
f 1167/1251/128 1123/1250/67 611/820/67
f 1166/1248/127 1124/1247/68 612/819/68
f 1165/1245/126 1125/1244/69 613/818/69
f 1164/1242/125 1126/1241/70 614/817/70
f 1163/1239/124 1127/1238/71 615/816/71
f 1162/1236/123 1128/1235/72 616/815/72
f 1161/1233/122 1129/1232/73 617/814/73
f 1160/1230/121 1130/1229/74 618/813/74
f 1159/1227/120 1131/1226/75 619/812/75
f 1158/1224/119 1132/1223/76 620/811/76
f 1157/1221/118 1133/1220/77 621/810/77
f 1156/1218/117 1134/1217/78 622/809/78
f 1155/1215/116 1135/1214/79 623/808/79
f 1154/1212/115 1136/1211/80 624/807/80
f 1153/1209/114 1137/873/81 625/872/81
f 803/1192/98 1170/871/98 1152/866/96
f 804/1193/99 1171/868/99 1151/863/95
f 805/1194/100 1172/865/100 1150/860/94
f 806/1195/101 1173/862/101 1149/857/93
f 807/1196/102 1174/859/102 1148/854/92
f 808/1197/103 1175/856/103 1147/851/91
f 809/1198/104 1176/853/104 1146/848/90
f 810/1199/105 1177/850/105 1145/845/89
f 811/1200/106 1178/847/106 1144/842/88
f 812/1201/107 1179/844/107 1143/839/87
f 813/1202/108 1180/841/108 1142/836/86
f 814/1203/109 1181/838/109 1141/833/85
f 815/1204/110 1182/835/110 1140/830/84
f 816/1205/111 1183/832/111 1139/827/83
f 817/1206/112 1184/829/112 1138/824/82
f 818/1207/113 1185/826/113 1137/873/81
f 802/1270/97 1169/869/97 1170/871/98
f 849/1146/96 1152/866/96 1171/868/99
f 848/1149/95 1151/863/95 1172/865/100
f 847/1152/94 1150/860/94 1173/862/101
f 846/1155/93 1149/857/93 1174/859/102
f 845/1158/92 1148/854/92 1175/856/103
f 844/1161/91 1147/851/91 1176/853/104
f 843/1164/90 1146/848/90 1177/850/105
f 842/1167/89 1145/845/89 1178/847/106
f 841/1170/88 1144/842/88 1179/844/107
f 840/1173/132 1143/839/87 1180/841/108
f 839/1176/86 1142/836/86 1181/838/109
f 838/1179/85 1141/833/85 1182/835/110
f 837/1182/84 1140/830/84 1183/832/111
f 836/1185/83 1139/827/83 1184/829/112
f 835/1188/82 1138/824/82 1185/826/113
f 562/744/82 1219/1189/82 1202/1190/113
f 563/745/83 1220/1186/83 1201/1187/112
f 564/746/84 1221/1183/84 1200/1184/111
f 565/747/85 1222/1180/85 1199/1181/110
f 566/748/86 1223/1177/86 1198/1178/109
f 567/749/87 1224/1174/87 1197/1175/108
f 568/750/88 1225/1171/88 1196/1172/107
f 569/751/89 1226/1168/89 1195/1169/106
f 570/752/90 1227/1165/90 1194/1166/105
f 571/753/91 1228/1162/91 1193/1163/104
f 572/754/92 1229/1159/92 1192/1160/103
f 573/755/93 1230/1156/93 1191/1157/102
f 574/756/94 1231/1153/94 1190/1154/101
f 575/757/95 1232/1150/95 1189/1151/100
f 576/758/96 1233/1147/96 1188/1148/99
f 577/629/97 1186/631/97 1187/1145/98
f 593/678/113 1202/1190/113 1218/741/81
f 592/681/112 1201/1187/112 1219/1189/82
f 591/684/111 1200/1184/111 1220/1186/83
f 590/687/110 1199/1181/110 1221/1183/84
f 589/690/109 1198/1178/109 1222/1180/85
f 588/693/108 1197/1175/108 1223/1177/86
f 587/696/107 1196/1172/107 1224/1174/87
f 586/699/106 1195/1169/106 1225/1171/88
f 585/702/105 1194/1166/105 1226/1168/89
f 584/705/104 1193/1163/104 1227/1165/90
f 583/708/103 1192/1160/103 1228/1162/91
f 582/711/102 1191/1157/102 1229/1159/92
f 581/714/101 1190/1154/101 1230/1156/93
f 580/717/100 1189/1151/100 1231/1153/94
f 579/720/99 1188/1148/99 1232/1150/95
f 578/723/98 1187/1145/98 1233/1147/96
f 1234/675/114 1218/741/81 834/1191/81
f 1235/672/115 1217/676/80 833/1255/80
f 1236/669/116 1216/673/79 832/1256/79
f 1237/666/117 1215/670/78 831/1257/78
f 1238/663/118 1214/667/77 830/1258/77
f 1239/660/119 1213/664/76 829/1259/76
f 1240/657/120 1212/661/131 828/1260/131
f 1241/654/121 1211/658/74 827/1261/74
f 1242/651/122 1210/655/73 826/1262/73
f 1243/648/123 1209/652/72 825/1263/72
f 1244/645/124 1208/649/71 824/1264/71
f 1245/642/133 1207/646/70 823/1265/70
f 1246/639/126 1206/643/69 822/1266/69
f 1247/636/127 1205/640/68 821/1267/68
f 1248/633/128 1204/637/67 820/1268/67
f 1249/630/129 1203/634/66 819/1269/66
f 1217/676/80 1234/675/114 850/1208/114
f 1216/673/79 1235/672/115 851/1210/115
f 1215/670/78 1236/669/116 852/1213/116
f 1214/667/77 1237/666/117 853/1216/117
f 1213/664/76 1238/663/118 854/1219/118
f 1212/661/131 1239/660/119 855/1222/119
f 1211/658/74 1240/657/120 856/1225/120
f 1210/655/73 1241/654/121 857/1228/121
f 1209/652/72 1242/651/122 858/1231/122
f 1208/649/71 1243/648/123 859/1234/123
f 1207/646/70 1244/645/124 860/1237/124
f 1206/643/69 1245/642/133 861/1240/125
f 1205/640/68 1246/639/126 862/1243/126
f 1204/637/67 1247/636/127 863/1246/127
f 1203/634/66 1248/633/128 864/1249/128
f 1186/631/97 1249/630/129 865/1252/129
f 1297/722/97 1296/1317/129 609/725/129
f 1250/1316/66 1295/1314/128 608/726/128
f 1251/1313/67 1294/1311/127 607/727/127
f 1252/1310/68 1293/1308/126 606/728/126
f 1253/1307/69 1292/1305/133 605/729/125
f 1254/1304/70 1291/1302/124 604/730/124
f 1255/1301/71 1290/1299/123 603/731/123
f 1256/1298/72 1289/1296/122 602/732/122
f 1257/1295/73 1288/1293/121 601/733/121
f 1258/1292/74 1287/1290/120 600/734/120
f 1259/1289/75 1286/1287/119 599/735/119
f 1260/1286/76 1285/1284/118 598/736/118
f 1261/1283/77 1284/1281/117 597/737/117
f 1262/1280/78 1283/1278/116 596/738/116
f 1263/1277/79 1282/1275/115 595/739/115
f 1264/1274/80 1281/1272/114 594/740/114
f 1296/1317/129 1250/1316/66 546/632/66
f 1295/1314/128 1251/1313/67 547/635/67
f 1294/1311/127 1252/1310/68 548/638/68
f 1293/1308/126 1253/1307/69 549/641/69
f 1292/1305/133 1254/1304/70 550/644/70
f 1291/1302/124 1255/1301/71 551/647/71
f 1290/1299/123 1256/1298/72 552/650/72
f 1289/1296/122 1257/1295/73 553/653/73
f 1288/1293/121 1258/1292/74 554/656/74
f 1287/1290/120 1259/1289/75 555/659/75
f 1286/1287/119 1260/1286/76 556/662/76
f 1285/1284/118 1261/1283/77 557/665/77
f 1284/1281/117 1262/1280/78 558/668/78
f 1283/1278/116 1263/1277/79 559/671/79
f 1282/1275/115 1264/1274/80 560/674/80
f 1281/1272/114 1265/743/81 561/742/81
f 914/1381/98 1298/724/98 1280/719/96
f 915/1382/99 1299/721/99 1279/716/95
f 916/1383/100 1300/718/100 1278/713/94
f 917/1384/101 1301/715/101 1277/710/93
f 918/1385/102 1302/712/102 1276/707/92
f 919/1386/103 1303/709/103 1275/704/91
f 920/1387/104 1304/706/104 1274/701/90
f 921/1388/105 1305/703/105 1273/698/89
f 922/1389/106 1306/700/106 1272/695/88
f 923/1390/107 1307/697/107 1271/692/132
f 924/1391/108 1308/694/108 1270/689/86
f 925/1392/109 1309/691/109 1269/686/85
f 926/1393/110 1310/688/110 1268/683/84
f 927/1394/111 1311/685/111 1267/680/83
f 928/1395/112 1312/682/112 1266/677/82
f 929/1396/113 1313/679/113 1265/743/81
f 913/1333/97 1297/722/97 1298/724/98
f 896/1335/96 1280/719/96 1299/721/99
f 895/1338/95 1279/716/95 1300/718/100
f 894/1341/94 1278/713/94 1301/715/101
f 893/1344/93 1277/710/93 1302/712/102
f 892/1347/92 1276/707/92 1303/709/103
f 891/1350/91 1275/704/91 1304/706/104
f 890/1353/90 1274/701/90 1305/703/105
f 889/1356/89 1273/698/89 1306/700/106
f 888/1359/88 1272/695/88 1307/697/107
f 887/1362/132 1271/692/132 1308/694/108
f 886/1365/86 1270/689/86 1309/691/109
f 885/1368/85 1269/686/85 1310/688/110
f 884/1371/84 1268/683/84 1311/685/111
f 883/1374/83 1267/680/83 1312/682/112
f 882/1377/82 1266/677/82 1313/679/113
f 707/932/82 1347/1378/82 1330/1379/113
f 708/929/83 1348/1375/83 1329/1376/112
f 709/926/84 1349/1372/84 1328/1373/111
f 710/923/85 1350/1369/85 1327/1370/110
f 711/920/86 1351/1366/86 1326/1367/109
f 712/917/132 1352/1363/87 1325/1364/108
f 713/914/88 1353/1360/88 1324/1361/107
f 714/911/89 1354/1357/89 1323/1358/106
f 715/908/90 1355/1354/90 1322/1355/105
f 716/905/91 1356/1351/91 1321/1352/104
f 717/902/92 1357/1348/92 1320/1349/103
f 718/899/93 1358/1345/93 1319/1346/102
f 719/896/94 1359/1342/94 1318/1343/101
f 720/893/95 1360/1339/95 1317/1340/100
f 721/890/96 1361/1336/96 1316/1337/99
f 674/954/97 1314/956/97 1315/1334/98
f 690/953/113 1330/1379/113 1346/1018/81
f 689/952/112 1329/1376/112 1347/1378/82
f 688/951/111 1328/1373/111 1348/1375/83
f 687/950/110 1327/1370/110 1349/1372/84
f 686/949/109 1326/1367/109 1350/1369/85
f 685/948/108 1325/1364/108 1351/1366/86
f 684/947/107 1324/1361/107 1352/1363/87
f 683/946/106 1323/1358/106 1353/1360/88
f 682/945/105 1322/1355/105 1354/1357/89
f 681/944/104 1321/1352/104 1355/1354/90
f 680/943/103 1320/1349/103 1356/1351/91
f 679/942/102 1319/1346/102 1357/1348/92
f 678/941/101 1318/1343/101 1358/1345/93
f 677/940/100 1317/1340/100 1359/1342/94
f 676/939/99 1316/1337/99 1360/1339/95
f 675/938/98 1315/1334/98 1361/1336/96
f 1362/1000/114 1346/1018/81 881/1380/81
f 1363/997/115 1345/1001/80 880/1318/80
f 1364/994/116 1344/998/79 879/1319/79
f 1365/991/117 1343/995/78 878/1320/78
f 1366/988/118 1342/992/77 877/1321/77
f 1367/985/119 1341/989/76 876/1322/76
f 1368/982/120 1340/986/131 875/1323/75
f 1369/979/121 1339/983/74 874/1324/74
f 1370/976/122 1338/980/73 873/1325/73
f 1371/973/123 1337/977/72 872/1326/72
f 1372/970/124 1336/974/71 871/1327/71
f 1373/967/133 1335/971/70 870/1328/70
f 1374/964/126 1334/968/69 869/1329/69
f 1375/961/127 1333/965/68 868/1330/68
f 1376/958/128 1332/962/67 867/1331/67
f 1377/955/129 1331/959/66 866/1332/66
f 1345/1001/80 1362/1000/114 897/1271/114
f 1344/998/79 1363/997/115 898/1273/115
f 1343/995/78 1364/994/116 899/1276/116
f 1342/992/77 1365/991/117 900/1279/117
f 1341/989/76 1366/988/118 901/1282/118
f 1340/986/131 1367/985/119 902/1285/119
f 1339/983/74 1368/982/120 903/1288/120
f 1338/980/73 1369/979/121 904/1291/121
f 1337/977/72 1370/976/122 905/1294/122
f 1336/974/71 1371/973/123 906/1297/123
f 1335/971/70 1372/970/124 907/1300/124
f 1334/968/69 1373/967/133 908/1303/133
f 1333/965/68 1374/964/126 909/1306/126
f 1332/962/67 1375/961/127 910/1309/127
f 1331/959/66 1376/958/128 911/1312/128
f 1314/956/97 1377/955/129 912/1315/129
f 1409/1505/114 1393/936/81 706/935/81
f 1410/1502/115 1392/1506/80 705/999/80
f 1411/1499/116 1391/1503/79 704/996/79
f 1412/1496/117 1390/1500/78 703/993/78
f 1413/1493/118 1389/1497/77 702/990/77
f 1414/1490/119 1388/1494/76 701/987/76
f 1415/1487/120 1387/1491/75 700/984/131
f 1416/1484/121 1386/1488/74 699/981/74
f 1417/1481/122 1385/1485/73 698/978/73
f 1418/1478/123 1384/1482/72 697/975/72
f 1419/1475/124 1383/1479/71 696/972/71
f 1420/1472/133 1382/1476/70 695/969/70
f 1421/1469/126 1381/1473/69 694/966/69
f 1422/1466/127 1380/1470/68 693/963/68
f 1423/1463/128 1379/1467/67 692/960/67
f 1424/1461/129 1378/1464/66 691/957/66
f 1392/1506/80 1409/1505/114 722/1017/114
f 1391/1503/79 1410/1502/115 723/1016/115
f 1390/1500/78 1411/1499/116 724/1015/116
f 1389/1497/77 1412/1496/117 725/1014/117
f 1388/1494/76 1413/1493/118 726/1013/118
f 1387/1491/75 1414/1490/119 727/1012/119
f 1386/1488/74 1415/1487/120 728/1011/120
f 1385/1485/73 1416/1484/121 729/1010/121
f 1384/1482/72 1417/1481/122 730/1009/122
f 1383/1479/71 1418/1478/123 731/1008/123
f 1382/1476/70 1419/1475/124 732/1007/124
f 1381/1473/69 1420/1472/133 733/1006/133
f 1380/1470/68 1421/1469/126 734/1005/126
f 1379/1467/67 1422/1466/127 735/1004/127
f 1378/1464/66 1423/1463/128 736/1003/128
f 1425/937/97 1424/1461/129 737/1002/129
f 963/1445/82 1394/933/82 1441/934/113
f 964/1446/83 1395/930/83 1440/931/112
f 965/1447/84 1396/927/84 1439/928/111
f 966/1448/85 1397/924/85 1438/925/110
f 967/1449/86 1398/921/86 1437/922/109
f 968/1450/87 1399/918/132 1436/919/108
f 969/1451/88 1400/915/88 1435/916/107
f 970/1452/89 1401/912/89 1434/913/106
f 971/1453/90 1402/909/90 1433/910/105
f 972/1454/91 1403/906/91 1432/907/104
f 973/1455/92 1404/903/92 1431/904/103
f 974/1456/93 1405/900/93 1430/901/102
f 975/1457/94 1406/897/94 1429/898/101
f 976/1458/95 1407/894/95 1428/895/100
f 977/1459/96 1408/891/96 1427/892/99
f 930/1460/97 1425/937/97 1426/889/98
f 946/1398/113 1441/934/113 1393/936/81
f 945/1401/112 1440/931/112 1394/933/82
f 944/1404/111 1439/928/111 1395/930/83
f 943/1407/110 1438/925/110 1396/927/84
f 942/1410/109 1437/922/109 1397/924/85
f 941/1413/108 1436/919/108 1398/921/86
f 940/1416/107 1435/916/107 1399/918/132
f 939/1419/106 1434/913/106 1400/915/88
f 938/1422/105 1433/910/105 1401/912/89
f 937/1425/104 1432/907/104 1402/909/90
f 936/1428/103 1431/904/103 1403/906/91
f 935/1431/102 1430/901/102 1404/903/92
f 934/1434/101 1429/898/101 1405/900/93
f 933/1437/100 1428/895/100 1406/897/94
f 932/1440/99 1427/892/99 1407/894/95
f 931/1442/98 1426/889/98 1408/891/96
f 514/610/34 1442/628/97 1443/1443/98
f 545/611/65 1489/1439/96 1444/1441/99
f 544/612/64 1488/1436/95 1445/1438/100
f 543/613/63 1487/1433/94 1446/1435/101
f 542/615/62 1486/1430/93 1447/1432/102
f 541/616/61 1485/1427/92 1448/1429/103
f 540/614/60 1484/1424/91 1449/1426/104
f 539/617/59 1483/1421/90 1450/1423/105
f 538/618/58 1482/1418/89 1451/1420/106
f 537/619/57 1481/1415/88 1452/1417/107
f 536/620/56 1480/1412/132 1453/1414/108
f 535/621/55 1479/1409/86 1454/1411/109
f 534/622/54 1478/1406/85 1455/1408/110
f 533/623/53 1477/1403/84 1456/1405/111
f 532/624/52 1476/1400/83 1457/1402/112
f 531/625/51 1475/1397/82 1458/1399/113
f 1442/628/97 1505/607/129 993/1507/129
f 1459/609/66 1504/605/128 992/1508/128
f 1460/606/67 1503/602/127 991/1509/127
f 1461/604/68 1502/599/126 990/1510/126
f 1462/601/69 1501/596/133 989/1511/133
f 1463/598/70 1500/593/124 988/1512/124
f 1464/595/71 1499/590/123 987/1513/123
f 1465/592/72 1498/587/122 986/1514/122
f 1466/589/73 1497/584/121 985/1515/121
f 1467/586/74 1496/582/120 984/1516/120
f 1468/583/75 1495/579/119 983/1517/119
f 1469/581/76 1494/576/118 982/1518/118
f 1470/578/77 1493/573/117 981/1519/117
f 1471/575/78 1492/571/116 980/1520/116
f 1472/572/79 1491/568/115 979/1521/115
f 1473/570/80 1490/565/114 978/1522/114
f 1505/607/129 1459/609/66 947/1462/66
f 1504/605/128 1460/606/67 948/1465/67
f 1503/602/127 1461/604/68 949/1468/68
f 1502/599/126 1462/601/69 950/1471/69
f 1501/596/133 1463/598/70 951/1474/70
f 1500/593/124 1464/595/71 952/1477/71
f 1499/590/123 1465/592/72 953/1480/72
f 1498/587/122 1466/589/73 954/1483/73
f 1497/584/121 1467/586/74 955/1486/74
f 1496/582/120 1468/583/75 956/1489/131
f 1495/579/119 1469/581/76 957/1492/76
f 1494/576/118 1470/578/77 958/1495/77
f 1493/573/117 1471/575/78 959/1498/78
f 1492/571/116 1472/572/79 960/1501/79
f 1491/568/115 1473/570/80 961/1504/80
f 1490/565/114 1474/567/81 962/1444/81
