# Blender 4.4.1
# www.blender.org
mtllib 5.mtl
o 5
v -0.065895 -0.221376 0.050000
v -0.073438 -0.221272 0.050000
v -0.058718 -0.221277 0.050000
v -0.065895 -0.221376 -0.050000
v -0.073438 -0.221272 -0.050000
v -0.058718 -0.221277 -0.050000
v -0.051599 -0.220979 -0.050000
v -0.044539 -0.220482 -0.050000
v -0.080723 -0.220959 -0.050000
v -0.051599 -0.220979 0.050000
v -0.044539 -0.220482 0.050000
v -0.080723 -0.220959 0.050000
v -0.087753 -0.220439 0.050000
v -0.094525 -0.219710 0.050000
v -0.037536 -0.219787 0.050000
v -0.087753 -0.220439 -0.050000
v -0.094525 -0.219710 -0.050000
v -0.037536 -0.219787 -0.050000
v -0.030592 -0.218894 -0.050000
v -0.101041 -0.218773 -0.050000
v -0.023705 -0.217802 -0.050000
v -0.030592 -0.218894 0.050000
v -0.101041 -0.218773 0.050000
v -0.023705 -0.217802 0.050000
v -0.016877 -0.216511 0.050000
v -0.107300 -0.217628 0.050000
v -0.113303 -0.216274 0.050000
v -0.107300 -0.217628 -0.050000
v -0.113303 -0.216274 -0.050000
v -0.016877 -0.216511 -0.050000
v -0.010107 -0.215022 -0.050000
v -0.119049 -0.214712 -0.050000
v -0.003395 -0.213335 -0.050000
v -0.010107 -0.215022 0.050000
v -0.119049 -0.214712 0.050000
v -0.003395 -0.213335 0.050000
v -0.124538 -0.212942 0.050000
v 0.003259 -0.211448 0.050000
v 0.009855 -0.209364 0.050000
v -0.129770 -0.210964 0.050000
v 0.003259 -0.211448 -0.050000
v 0.009855 -0.209364 -0.050000
v -0.124538 -0.212942 -0.050000
v -0.129770 -0.210964 -0.050000
v -0.134746 -0.208778 -0.050000
v -0.139466 -0.206383 -0.050000
v 0.016392 -0.207080 -0.050000
v -0.134746 -0.208778 0.050000
v -0.139466 -0.206383 0.050000
v 0.016392 -0.207080 0.050000
v 0.022842 -0.204623 0.050000
v -0.143952 -0.203843 0.050000
v 0.029177 -0.202015 0.050000
v -0.073566 -0.203245 0.050000
v -0.067149 -0.203131 0.050000
v -0.060917 -0.202790 0.050000
v -0.054868 -0.202221 0.050000
v 0.022842 -0.204623 -0.050000
v -0.143952 -0.203843 -0.050000
v 0.029177 -0.202015 -0.050000
v -0.073566 -0.203245 -0.050000
v -0.067149 -0.203131 -0.050000
v -0.060917 -0.202790 -0.050000
v -0.054868 -0.202221 -0.050000
v -0.049004 -0.201424 -0.050000
v -0.043323 -0.200400 -0.050000
v -0.049004 -0.201424 0.050000
v -0.043323 -0.200400 0.050000
v -0.037827 -0.199148 0.050000
v 0.035395 -0.199257 0.050000
v -0.032514 -0.197668 0.050000
v 0.041497 -0.196349 0.050000
v 0.035395 -0.199257 -0.050000
v -0.037827 -0.199148 -0.050000
v -0.032514 -0.197668 -0.050000
v 0.041497 -0.196349 -0.050000
v -0.027386 -0.195961 -0.050000
v -0.022442 -0.194027 -0.050000
v 0.047482 -0.193291 -0.050000
v -0.017681 -0.191864 -0.050000
v 0.053352 -0.190082 -0.050000
v 0.047482 -0.193291 0.050000
v -0.022442 -0.194027 0.050000
v -0.017681 -0.191864 0.050000
v 0.053352 -0.190082 0.050000
v 0.059105 -0.186724 0.050000
v -0.013105 -0.189475 0.050000
v -0.008712 -0.186857 0.050000
v -0.004485 -0.184060 0.050000
v -0.008712 -0.186857 -0.050000
v -0.013105 -0.189475 -0.050000
v -0.004485 -0.184060 -0.050000
v 0.059105 -0.186724 -0.050000
v 0.064742 -0.183215 -0.050000
v -0.000402 -0.181133 -0.050000
v 0.070262 -0.179557 -0.050000
v 0.064742 -0.183215 0.050000
v -0.000402 -0.181133 0.050000
v 0.070262 -0.179557 0.050000
v 0.075667 -0.175748 0.050000
v 0.003535 -0.178075 0.050000
v 0.007327 -0.174886 0.050000
v 0.003535 -0.178075 -0.050000
v 0.007327 -0.174886 -0.050000
v 0.075667 -0.175748 -0.050000
v 0.080955 -0.171789 -0.050000
v 0.010973 -0.171566 -0.050000
v 0.014475 -0.168116 -0.050000
v 0.086127 -0.167680 -0.050000
v 0.080955 -0.171789 0.050000
v 0.010973 -0.171566 0.050000
v 0.014475 -0.168116 0.050000
v 0.086127 -0.167680 0.050000
v 0.017830 -0.164535 0.050000
v 0.091151 -0.163450 0.050000
v 0.095997 -0.159128 0.050000
v 0.021041 -0.160823 0.050000
v 0.091151 -0.163450 -0.050000
v 0.095997 -0.159128 -0.050000
v 0.017830 -0.164535 -0.050000
v 0.021041 -0.160823 -0.050000
v 0.024107 -0.156980 -0.050000
v 0.027027 -0.153007 -0.050000
v 0.100663 -0.154714 -0.050000
v 0.024107 -0.156980 0.050000
v 0.027027 -0.153007 0.050000
v 0.100663 -0.154714 0.050000
v 0.105149 -0.150207 0.050000
v 0.029802 -0.148902 0.050000
v 0.109457 -0.145609 0.050000
v 0.105149 -0.150207 -0.050000
v 0.029802 -0.148902 -0.050000
v 0.109457 -0.145609 -0.050000
v 0.113585 -0.140919 -0.050000
v 0.032431 -0.144667 -0.050000
v 0.034928 -0.140350 -0.050000
v 0.032431 -0.144667 0.050000
v 0.034928 -0.140350 0.050000
v 0.113585 -0.140919 0.050000
v 0.117535 -0.136137 0.050000
v 0.037303 -0.135999 0.050000
v 0.039557 -0.131614 0.050000
v 0.121305 -0.131263 0.050000
v 0.117535 -0.136137 -0.050000
v 0.037303 -0.135999 -0.050000
v 0.039557 -0.131614 -0.050000
v 0.121305 -0.131263 -0.050000
v 0.124896 -0.126297 -0.050000
v 0.041690 -0.127195 -0.050000
v 0.043703 -0.122742 -0.050000
v 0.041690 -0.127195 0.050000
v 0.043703 -0.122742 0.050000
v 0.124896 -0.126297 0.050000
v 0.128307 -0.121238 0.050000
v 0.045594 -0.118255 0.050000
v 0.131540 -0.116088 0.050000
v 0.128307 -0.121238 -0.050000
v 0.045594 -0.118255 -0.050000
v 0.131540 -0.116088 -0.050000
v 0.047364 -0.113735 -0.050000
v 0.134593 -0.110846 -0.050000
v 0.137433 -0.105536 -0.050000
v 0.049013 -0.109180 -0.050000
v 0.134593 -0.110846 0.050000
v 0.137433 -0.105536 0.050000
v 0.047364 -0.113735 0.050000
v 0.049013 -0.109180 0.050000
v 0.050541 -0.104592 0.050000
v 0.051947 -0.099969 0.050000
v 0.140026 -0.100182 0.050000
v 0.050541 -0.104592 -0.050000
v 0.051947 -0.099969 -0.050000
v 0.140026 -0.100182 -0.050000
v 0.142373 -0.094785 -0.050000
v 0.053233 -0.095313 -0.050000
v 0.054398 -0.090623 -0.050000
v 0.053233 -0.095313 0.050000
v 0.054398 -0.090623 0.050000
v 0.142373 -0.094785 0.050000
v 0.144472 -0.089344 0.050000
v 0.055456 -0.085952 0.050000
v 0.146324 -0.083860 0.050000
v 0.144472 -0.089344 -0.050000
v 0.055456 -0.085952 -0.050000
v 0.146324 -0.083860 -0.050000
v 0.056422 -0.081354 -0.050000
v 0.147930 -0.078332 -0.050000
v 0.057296 -0.076828 -0.050000
v 0.149288 -0.072760 -0.050000
v 0.147930 -0.078332 0.050000
v 0.056422 -0.081354 0.050000
v 0.057296 -0.076828 0.050000
v 0.149288 -0.072760 0.050000
v 0.150400 -0.067145 0.050000
v 0.058078 -0.072375 0.050000
v 0.058768 -0.067995 0.050000
v 0.059366 -0.063688 0.050000
v 0.058768 -0.067995 -0.050000
v 0.058078 -0.072375 -0.050000
v 0.059366 -0.063688 -0.050000
v 0.150400 -0.067145 -0.050000
v 0.151264 -0.061487 -0.050000
v 0.151881 -0.055784 -0.050000
v 0.059872 -0.059453 -0.050000
v 0.151264 -0.061487 0.050000
v 0.151881 -0.055784 0.050000
v 0.059872 -0.059453 0.050000
v 0.060286 -0.055290 0.050000
v 0.060608 -0.051201 0.050000
v 0.060286 -0.055290 -0.050000
v 0.060608 -0.051201 -0.050000
v 0.152252 -0.050038 -0.050000
v 0.060838 -0.047184 -0.050000
v 0.152375 -0.044249 -0.050000
v 0.060977 -0.043239 -0.050000
v 0.060838 -0.047184 0.050000
v 0.152252 -0.050038 0.050000
v 0.152375 -0.044249 0.050000
v 0.060977 -0.043239 0.050000
v 0.061023 -0.039368 0.050000
v 0.152235 -0.038259 0.050000
v 0.060928 -0.033094 0.050000
v 0.061023 -0.039368 -0.050000
v 0.152235 -0.038259 -0.050000
v 0.060928 -0.033094 -0.050000
v 0.151814 -0.032375 -0.050000
v 0.060645 -0.027057 -0.050000
v 0.060173 -0.021258 -0.050000
v 0.151112 -0.026597 -0.050000
v 0.060645 -0.027057 0.050000
v 0.151814 -0.032375 0.050000
v 0.060173 -0.021258 0.050000
v 0.151112 -0.026597 0.050000
v 0.150128 -0.020926 0.050000
v 0.148865 -0.015362 0.050000
v 0.059512 -0.015696 0.050000
v 0.150128 -0.020926 -0.050000
v 0.148865 -0.015362 -0.050000
v 0.059512 -0.015696 -0.050000
v 0.058662 -0.010372 -0.050000
v 0.147320 -0.009904 -0.050000
v 0.057623 -0.005285 -0.050000
v 0.058662 -0.010372 0.050000
v 0.147320 -0.009904 0.050000
v 0.057623 -0.005285 0.050000
v 0.056395 -0.000435 0.050000
v 0.145494 -0.004553 0.050000
v 0.143387 0.000691 0.050000
v 0.145494 -0.004553 -0.050000
v 0.056395 -0.000435 -0.050000
v 0.143387 0.000691 -0.050000
v 0.054979 0.004178 -0.050000
v 0.141000 0.005830 -0.050000
v 0.053374 0.008554 -0.050000
v 0.138332 0.010861 -0.050000
v 0.141000 0.005829 0.050000
v 0.054979 0.004178 0.050000
v 0.053374 0.008554 0.050000
v 0.138332 0.010861 0.050000
v 0.135382 0.015786 0.050000
v 0.051579 0.012692 0.050000
v 0.049596 0.016592 0.050000
v 0.051579 0.012692 -0.050000
v 0.049596 0.016592 -0.050000
v 0.135382 0.015786 -0.050000
v 0.047424 0.020256 -0.050000
v 0.132152 0.020605 -0.050000
v 0.045100 0.023716 -0.050000
v 0.128666 0.025287 -0.050000
v 0.132152 0.020605 0.050000
v 0.047424 0.020256 0.050000
v 0.045100 0.023716 0.050000
v 0.128666 0.025287 0.050000
v 0.042659 0.027007 0.050000
v 0.124946 0.029806 0.050000
v 0.120995 0.034159 0.050000
v 0.040102 0.030128 0.050000
v 0.037429 0.033079 0.050000
v 0.124946 0.029806 -0.050000
v 0.120995 0.034159 -0.050000
v 0.042659 0.027007 -0.050000
v 0.040102 0.030128 -0.050000
v 0.037429 0.033079 -0.050000
v 0.034640 0.035862 -0.050000
v 0.031734 0.038474 -0.050000
v 0.116811 0.038348 -0.050000
v 0.034640 0.035862 0.050000
v 0.031734 0.038474 0.050000
v 0.116811 0.038348 0.050000
v 0.028712 0.040917 0.050000
v 0.112394 0.042373 0.050000
v 0.022320 0.045295 0.050000
v 0.107745 0.046232 0.050000
v 0.025574 0.043191 0.050000
v 0.112394 0.042373 -0.050000
v 0.022320 0.045295 -0.050000
v 0.107745 0.046232 -0.050000
v 0.028712 0.040917 -0.050000
v 0.025574 0.043191 -0.050000
v 0.018949 0.047230 -0.050000
v 0.015463 0.048995 -0.050000
v 0.102864 0.049927 -0.050000
v 0.097750 0.053458 -0.050000
v 0.011859 0.050591 -0.050000
v 0.008177 0.052039 -0.050000
v 0.004450 0.053361 -0.050000
v 0.102864 0.049927 0.050000
v 0.015463 0.048995 0.050000
v 0.097750 0.053458 0.050000
v 0.011859 0.050591 0.050000
v 0.008177 0.052039 0.050000
v 0.004450 0.053361 0.050000
v 0.000680 0.054557 0.050000
v -0.003134 0.055627 0.050000
v 0.000680 0.054557 -0.050000
v -0.003134 0.055627 -0.050000
v -0.006991 0.056571 -0.050000
v -0.010892 0.057390 -0.050000
v 0.092403 0.056823 -0.050000
v -0.006991 0.056571 0.050000
v -0.010892 0.057390 0.050000
v 0.092403 0.056823 0.050000
v 0.086824 0.060024 0.050000
v -0.014836 0.058082 0.050000
v -0.018824 0.058649 0.050000
v -0.022855 0.059090 0.050000
v -0.026931 0.059404 0.050000
v -0.031049 0.059593 0.050000
v -0.035212 0.059656 0.050000
v -0.031049 0.059593 -0.050000
v -0.026931 0.059404 -0.050000
v -0.035212 0.059656 -0.050000
v 0.086824 0.060024 -0.050000
v 0.081013 0.063061 -0.050000
v -0.038604 0.059620 -0.050000
v 0.074970 0.065932 -0.050000
v 0.081013 0.063061 0.050000
v -0.038604 0.059620 0.050000
v 0.074970 0.065932 0.050000
v -0.042040 0.059511 0.050000
v -0.045519 0.059329 0.050000
v -0.101460 0.068024 0.050000
v 0.068712 0.068605 0.050000
v -0.097194 0.069274 0.050000
v -0.092995 0.070465 0.050000
v 0.062262 0.071046 0.050000
v 0.068712 0.068605 -0.050000
v -0.101460 0.068024 -0.050000
v -0.097194 0.069274 -0.050000
v -0.092995 0.070465 -0.050000
v 0.062262 0.071046 -0.050000
v 0.055618 0.073254 -0.050000
v -0.088864 0.071598 -0.050000
v -0.084801 0.072673 -0.050000
v -0.080806 0.073690 -0.050000
v -0.084801 0.072673 0.050000
v -0.088864 0.071598 0.050000
v -0.080806 0.073690 0.050000
v 0.055618 0.073254 0.050000
v -0.076878 0.074649 0.050000
v 0.048780 0.075230 0.050000
v 0.041748 0.076974 0.050000
v -0.073019 0.075550 0.050000
v -0.069227 0.076393 0.050000
v 0.048780 0.075230 -0.050000
v -0.076878 0.074649 -0.050000
v 0.041748 0.076974 -0.050000
v -0.073019 0.075550 -0.050000
v -0.069227 0.076393 -0.050000
v -0.065503 0.077177 -0.050000
v -0.061847 0.077904 -0.050000
v -0.065503 0.077177 0.050000
v -0.061847 0.077904 0.050000
v -0.058258 0.078572 0.050000
v 0.034523 0.078485 0.050000
v -0.051251 0.079739 0.050000
v 0.027104 0.079763 0.050000
v -0.054738 0.079182 0.050000
v 0.034523 0.078485 -0.050000
v -0.051251 0.079739 -0.050000
v 0.027104 0.079763 -0.050000
v -0.058258 0.078572 -0.050000
v -0.054738 0.079182 -0.050000
v -0.047764 0.080247 -0.050000
v -0.044277 0.080707 -0.050000
v 0.019491 0.080809 -0.050000
v -0.040791 0.081119 -0.050000
v -0.037304 0.081482 -0.050000
v 0.011685 0.081623 -0.050000
v 0.019491 0.080809 0.050000
v -0.044277 0.080707 0.050000
v -0.040791 0.081119 0.050000
v -0.037304 0.081482 0.050000
v 0.011685 0.081623 0.050000
v 0.003685 0.082204 0.050000
v -0.033817 0.081797 0.050000
v -0.030330 0.082063 0.050000
v -0.026844 0.082281 0.050000
v -0.030330 0.082063 -0.050000
v -0.033817 0.081797 -0.050000
v -0.026844 0.082281 -0.050000
v 0.003685 0.082204 -0.050000
v -0.023357 0.082451 -0.050000
v -0.004509 0.082553 -0.050000
v -0.019870 0.082572 -0.050000
v -0.016383 0.082644 -0.050000
v -0.012897 0.082669 -0.050000
v -0.004509 0.082553 0.050000
v -0.023357 0.082451 0.050000
v -0.019870 0.082572 0.050000
v -0.016383 0.082644 0.050000
v -0.012897 0.082669 0.050000
v -0.047764 0.080247 0.050000
v -0.132143 0.046407 -0.050000
v -0.104249 0.070814 -0.050000
v -0.045519 0.059329 -0.050000
v -0.049043 0.059075 -0.050000
v -0.052609 0.058748 -0.050000
v -0.056219 0.058349 -0.050000
v -0.059873 0.057876 -0.050000
v -0.063571 0.057332 -0.050000
v -0.067312 0.056714 -0.050000
v -0.063571 0.057332 0.050000
v -0.059873 0.057876 0.050000
v -0.132143 0.046407 0.050000
v -0.067312 0.056714 0.050000
v -0.071096 0.056024 0.050000
v -0.074924 0.055261 0.050000
v -0.071096 0.056024 -0.050000
v -0.074924 0.055261 -0.050000
v -0.078796 0.054426 -0.050000
v -0.082682 0.053523 -0.050000
v -0.078796 0.054426 0.050000
v -0.082682 0.053523 0.050000
v -0.086554 0.052557 0.050000
v -0.090411 0.051528 0.050000
v -0.086554 0.052557 -0.050000
v -0.090411 0.051528 -0.050000
v -0.094254 0.050436 -0.050000
v -0.098082 0.049281 -0.050000
v -0.094254 0.050436 0.050000
v -0.098082 0.049281 0.050000
v -0.101896 0.048063 0.050000
v -0.105695 0.046782 0.050000
v -0.101896 0.048063 -0.050000
v -0.105695 0.046782 -0.050000
v -0.109479 0.045438 -0.050000
v -0.113249 0.044031 -0.050000
v -0.109479 0.045438 0.050000
v -0.113249 0.044031 0.050000
v -0.117005 0.042561 0.050000
v -0.120746 0.041029 0.050000
v -0.117005 0.042561 -0.050000
v -0.120746 0.041029 -0.050000
v -0.124472 0.039433 -0.050000
v -0.124472 0.039433 0.050000
v -0.104249 0.070814 0.050000
v -0.062408 0.214468 0.050000
v -0.066592 0.276532 0.050000
v 0.096587 0.276532 0.050000
v -0.066592 0.276532 -0.050000
v -0.062408 0.214468 -0.050000
v 0.096587 0.276532 -0.050000
v 0.100575 0.276547 -0.050000
v 0.144705 0.214468 -0.050000
v 0.104403 0.276590 -0.050000
v 0.108072 0.276663 -0.050000
v 0.111580 0.276764 -0.050000
v 0.114929 0.276895 -0.050000
v 0.118118 0.277055 -0.050000
v 0.121147 0.277244 -0.050000
v 0.124016 0.277462 -0.050000
v 0.126726 0.277709 -0.050000
v 0.129276 0.277985 -0.050000
v 0.131665 0.278290 -0.050000
v 0.133896 0.278624 -0.050000
v 0.136009 0.279007 -0.050000
v 0.138051 0.279457 -0.050000
v 0.140019 0.279975 -0.050000
v 0.141915 0.280561 -0.050000
v 0.143739 0.281215 -0.050000
v 0.145489 0.281937 -0.050000
v 0.147167 0.282726 -0.050000
v 0.148772 0.283583 -0.050000
v 0.150305 0.284508 -0.050000
v 0.151765 0.285501 -0.050000
v 0.153153 0.286561 -0.050000
v 0.154467 0.287690 -0.050000
v 0.155756 0.288910 -0.050000
v 0.157063 0.290247 -0.050000
v 0.158390 0.291699 -0.050000
v 0.159736 0.293268 -0.050000
v 0.161102 0.294954 -0.050000
v 0.162487 0.296755 -0.050000
v 0.163891 0.298673 -0.050000
v 0.165315 0.300707 -0.050000
v 0.166758 0.302857 -0.050000
v 0.168221 0.305123 -0.050000
v 0.169703 0.307506 -0.050000
v 0.192124 0.310005 -0.050000
v 0.144705 0.214468 0.050000
v 0.100575 0.276547 0.050000
v 0.104403 0.276590 0.050000
v 0.108072 0.276663 0.050000
v 0.111580 0.276764 0.050000
v 0.114929 0.276895 0.050000
v 0.118118 0.277055 0.050000
v 0.121147 0.277244 0.050000
v 0.124016 0.277462 0.050000
v 0.126726 0.277709 0.050000
v 0.129276 0.277985 0.050000
v 0.131665 0.278290 0.050000
v 0.133896 0.278624 0.050000
v 0.136009 0.279007 0.050000
v 0.138051 0.279457 0.050000
v 0.140019 0.279975 0.050000
v 0.141915 0.280561 0.050000
v 0.143739 0.281215 0.050000
v 0.145489 0.281937 0.050000
v 0.147167 0.282726 0.050000
v 0.148772 0.283583 0.050000
v 0.150305 0.284508 0.050000
v 0.151765 0.285501 0.050000
v 0.153153 0.286561 0.050000
v 0.154467 0.287690 0.050000
v 0.155756 0.288910 0.050000
v 0.157063 0.290247 0.050000
v 0.158390 0.291699 0.050000
v 0.159736 0.293268 0.050000
v 0.161102 0.294954 0.050000
v 0.162487 0.296755 0.050000
v 0.163891 0.298673 0.050000
v 0.165315 0.300707 0.050000
v 0.166758 0.302857 0.050000
v 0.168221 0.305123 0.050000
v 0.169703 0.307506 0.050000
v 0.192124 0.310005 0.050000
v 0.171204 0.310005 0.050000
v 0.171204 0.310005 -0.050000
v -0.056219 0.058349 0.050000
v -0.052609 0.058748 0.050000
v -0.049043 0.059075 0.050000
v -0.042040 0.059511 -0.050000
v -0.022855 0.059090 -0.050000
v -0.018824 0.058649 -0.050000
v -0.014836 0.058082 -0.050000
v 0.018949 0.047230 0.050000
v -0.027386 -0.195961 0.050000
v -0.079486 -0.203158 -0.050000
v -0.085159 -0.202896 -0.050000
v -0.079486 -0.203158 0.050000
v -0.085159 -0.202896 0.050000
v -0.090586 -0.202460 0.050000
v -0.095765 -0.201850 0.050000
v -0.090586 -0.202460 -0.050000
v -0.095765 -0.201850 -0.050000
v -0.148231 -0.201221 -0.050000
v -0.100697 -0.201066 -0.050000
v -0.105383 -0.200107 -0.050000
v -0.100697 -0.201066 0.050000
v -0.148231 -0.201221 0.050000
v -0.105383 -0.200107 0.050000
v -0.109821 -0.198974 0.050000
v -0.152301 -0.198516 0.050000
v -0.114012 -0.197666 0.050000
v -0.109821 -0.198974 -0.050000
v -0.152301 -0.198516 -0.050000
v -0.114012 -0.197666 -0.050000
v -0.117957 -0.196184 -0.050000
v -0.121654 -0.194528 -0.050000
v -0.156163 -0.195729 -0.050000
v -0.117957 -0.196184 0.050000
v -0.121654 -0.194528 0.050000
v -0.156163 -0.195729 0.050000
v -0.159817 -0.192860 0.050000
v -0.163263 -0.189908 0.050000
v -0.128308 -0.190692 0.050000
v -0.125105 -0.192697 0.050000
v -0.159817 -0.192860 -0.050000
v -0.163263 -0.189908 -0.050000
v -0.128308 -0.190692 -0.050000
v -0.125105 -0.192697 -0.050000
v -0.131259 -0.188639 -0.050000
v -0.133954 -0.186663 -0.050000
v -0.166500 -0.186874 -0.050000
v -0.131259 -0.188639 0.050000
v -0.133954 -0.186663 0.050000
v -0.166500 -0.186874 0.050000
v -0.169529 -0.183758 0.050000
v -0.136393 -0.184765 0.050000
v -0.138574 -0.182944 0.050000
v -0.136393 -0.184765 -0.050000
v -0.138574 -0.182944 -0.050000
v -0.169529 -0.183758 -0.050000
v -0.140499 -0.181201 -0.050000
v -0.172350 -0.180559 -0.050000
v -0.142168 -0.179535 -0.050000
v -0.143579 -0.177946 -0.050000
v -0.174963 -0.177278 -0.050000
v -0.172350 -0.180559 0.050000
v -0.140499 -0.181201 0.050000
v -0.142168 -0.179535 0.050000
v -0.143579 -0.177946 0.050000
v -0.174963 -0.177278 0.050000
v -0.144734 -0.176436 0.050000
v -0.145633 -0.175002 0.050000
v -0.177367 -0.173915 0.050000
v -0.146274 -0.173646 0.050000
v -0.146659 -0.172368 0.050000
v -0.146788 -0.171167 0.050000
v -0.179563 -0.170469 0.050000
v -0.177367 -0.173915 -0.050000
v -0.145633 -0.175002 -0.050000
v -0.146274 -0.173646 -0.050000
v -0.146659 -0.172368 -0.050000
v -0.146788 -0.171167 -0.050000
v -0.179563 -0.170469 -0.050000
v -0.181568 -0.167007 -0.050000
v -0.145698 -0.167220 -0.050000
v -0.146091 -0.167990 -0.050000
v -0.146396 -0.168770 -0.050000
v -0.146613 -0.169559 -0.050000
v -0.146744 -0.170358 -0.050000
v -0.146744 -0.170358 0.050000
v -0.146613 -0.169559 0.050000
v -0.146396 -0.168770 0.050000
v -0.146091 -0.167990 0.050000
v -0.145698 -0.167220 0.050000
v -0.181568 -0.167007 0.050000
v -0.145219 -0.166460 0.050000
v -0.144652 -0.165709 0.050000
v -0.145219 -0.166460 -0.050000
v -0.144652 -0.165709 -0.050000
v -0.143998 -0.164968 -0.050000
v -0.143257 -0.164237 -0.050000
v -0.143998 -0.164968 0.050000
v -0.143257 -0.164237 0.050000
v -0.142429 -0.163515 0.050000
v -0.183399 -0.163593 0.050000
v -0.185055 -0.160227 0.050000
v -0.138352 -0.160677 0.050000
v -0.139449 -0.161397 0.050000
v -0.140512 -0.162101 0.050000
v -0.141514 -0.162803 0.050000
v -0.183399 -0.163593 -0.050000
v -0.185055 -0.160227 -0.050000
v -0.138352 -0.160677 -0.050000
v -0.139449 -0.161397 -0.050000
v -0.140512 -0.162101 -0.050000
v -0.141514 -0.162803 -0.050000
v -0.142429 -0.163515 -0.050000
v -0.137221 -0.159944 -0.050000
v -0.136056 -0.159195 -0.050000
v -0.137221 -0.159944 0.050000
v -0.136056 -0.159195 0.050000
v -0.134858 -0.158433 0.050000
v -0.133625 -0.157656 0.050000
v -0.134858 -0.158433 -0.050000
v -0.133625 -0.157656 -0.050000
v -0.132359 -0.156864 -0.050000
v -0.186537 -0.156910 -0.050000
v -0.187844 -0.153641 -0.050000
v -0.128356 -0.154401 -0.050000
v -0.129724 -0.155237 -0.050000
v -0.131059 -0.156057 -0.050000
v -0.186537 -0.156910 0.050000
v -0.187844 -0.153641 0.050000
v -0.128356 -0.154401 0.050000
v -0.129724 -0.155237 0.050000
v -0.131059 -0.156057 0.050000
v -0.132359 -0.156864 0.050000
v -0.126954 -0.153551 0.050000
v -0.125519 -0.152687 0.050000
v -0.126954 -0.153551 -0.050000
v -0.125519 -0.152687 -0.050000
v -0.124083 -0.151798 -0.050000
v -0.122681 -0.150876 -0.050000
v -0.124083 -0.151798 0.050000
v -0.122681 -0.150876 0.050000
v -0.121313 -0.149919 0.050000
v -0.188977 -0.150421 0.050000
v -0.189936 -0.147249 0.050000
v -0.118678 -0.147905 0.050000
v -0.119978 -0.148929 0.050000
v -0.188977 -0.150421 -0.050000
v -0.189936 -0.147249 -0.050000
v -0.118678 -0.147905 -0.050000
v -0.119978 -0.148929 -0.050000
v -0.121313 -0.149919 -0.050000
v -0.117412 -0.146847 -0.050000
v -0.116179 -0.145755 -0.050000
v -0.117412 -0.146847 0.050000
v -0.116179 -0.145755 0.050000
v -0.114981 -0.144629 0.050000
v -0.113816 -0.143469 0.050000
v -0.190721 -0.144125 0.050000
v -0.114981 -0.144629 -0.050000
v -0.113816 -0.143469 -0.050000
v -0.190721 -0.144125 -0.050000
v -0.191331 -0.141050 -0.050000
v -0.112685 -0.142275 -0.050000
v -0.111588 -0.141047 -0.050000
v -0.112685 -0.142275 0.050000
v -0.111588 -0.141047 0.050000
v -0.191331 -0.141050 0.050000
v -0.110525 -0.139786 0.050000
v -0.109523 -0.138474 0.050000
v -0.191767 -0.138023 0.050000
v -0.108608 -0.137093 0.050000
v -0.107780 -0.135645 0.050000
v -0.192028 -0.135045 0.050000
v -0.191767 -0.138023 -0.050000
v -0.109523 -0.138474 -0.050000
v -0.108608 -0.137093 -0.050000
v -0.107780 -0.135645 -0.050000
v -0.192028 -0.135045 -0.050000
v -0.192116 -0.132115 -0.050000
v -0.106385 -0.132546 -0.050000
v -0.107039 -0.134130 -0.050000
v -0.107039 -0.134130 0.050000
v -0.106385 -0.132546 0.050000
v -0.105819 -0.130895 0.050000
v -0.192116 -0.132115 0.050000
v -0.192077 -0.130030 0.050000
v -0.105339 -0.129176 0.050000
v -0.191961 -0.127960 0.050000
v -0.192077 -0.130030 -0.050000
v -0.105819 -0.130895 -0.050000
v -0.105339 -0.129176 -0.050000
v -0.191961 -0.127960 -0.050000
v -0.104947 -0.127389 -0.050000
v -0.191767 -0.125904 -0.050000
v -0.104642 -0.125534 -0.050000
v -0.191496 -0.123863 -0.050000
v -0.191767 -0.125904 0.050000
v -0.104947 -0.127389 0.050000
v -0.104642 -0.125534 0.050000
v -0.191496 -0.123863 0.050000
v -0.104424 -0.123611 0.050000
v -0.191147 -0.121836 0.050000
v -0.104293 -0.121621 0.050000
v -0.190721 -0.119824 0.050000
v -0.191147 -0.121836 -0.050000
v -0.104424 -0.123611 -0.050000
v -0.104293 -0.121621 -0.050000
v -0.190721 -0.119824 -0.050000
v -0.190217 -0.117827 -0.050000
v -0.104249 -0.119563 -0.050000
v -0.104329 -0.116928 -0.050000
v -0.104249 -0.119563 0.050000
v -0.190217 -0.117827 0.050000
v -0.104329 -0.116928 0.050000
v -0.104569 -0.114371 0.050000
v -0.189636 -0.115844 0.050000
v -0.188977 -0.113875 0.050000
v -0.189636 -0.115844 -0.050000
v -0.104569 -0.114371 -0.050000
v -0.188977 -0.113875 -0.050000
v -0.188241 -0.111921 -0.050000
v -0.187428 -0.109981 -0.050000
v -0.104968 -0.111892 -0.050000
v -0.188241 -0.111921 0.050000
v -0.187428 -0.109981 0.050000
v -0.104968 -0.111892 0.050000
v -0.105528 -0.109490 0.050000
v -0.186537 -0.108056 0.050000
v -0.106247 -0.107165 0.050000
v -0.105528 -0.109490 -0.050000
v -0.186537 -0.108056 -0.050000
v -0.106247 -0.107165 -0.050000
v -0.185573 -0.106170 -0.050000
v -0.107126 -0.104918 -0.050000
v -0.108165 -0.102749 -0.050000
v -0.184541 -0.104347 -0.050000
v -0.107126 -0.104918 0.050000
v -0.108165 -0.102749 0.050000
v -0.185573 -0.106170 0.050000
v -0.184541 -0.104347 0.050000
v -0.183442 -0.102587 0.050000
v -0.182275 -0.100889 0.050000
v -0.183442 -0.102587 -0.050000
v -0.182275 -0.100889 -0.050000
v -0.181040 -0.099255 -0.050000
v -0.109363 -0.100657 -0.050000
v -0.110722 -0.098642 -0.050000
v -0.109363 -0.100657 0.050000
v -0.181040 -0.099255 0.050000
v -0.110722 -0.098642 0.050000
v -0.179737 -0.097683 0.050000
v -0.112240 -0.096705 0.050000
v -0.113918 -0.094846 0.050000
v -0.178367 -0.096175 0.050000
v -0.112240 -0.096705 -0.050000
v -0.113918 -0.094846 -0.050000
v -0.179737 -0.097683 -0.050000
v -0.178367 -0.096175 -0.050000
v -0.176929 -0.094729 -0.050000
v -0.175423 -0.093347 -0.050000
v -0.176929 -0.094729 0.050000
v -0.175423 -0.093347 0.050000
v -0.173849 -0.092027 0.050000
v -0.115756 -0.093063 0.050000
v -0.117719 -0.091393 0.050000
v -0.115756 -0.093063 -0.050000
v -0.173849 -0.092027 -0.050000
v -0.117719 -0.091393 -0.050000
v -0.119775 -0.089867 -0.050000
v -0.172207 -0.090770 -0.050000
v -0.170498 -0.089577 -0.050000
v -0.172207 -0.090770 0.050000
v -0.170498 -0.089577 0.050000
v -0.119775 -0.089867 0.050000
v -0.121923 -0.088487 0.050000
v -0.168725 -0.088463 0.050000
v -0.166895 -0.087446 0.050000
v -0.124163 -0.087252 0.050000
v -0.121923 -0.088487 -0.050000
v -0.168725 -0.088463 -0.050000
v -0.166895 -0.087446 -0.050000
v -0.124163 -0.087252 -0.050000
v -0.165006 -0.086526 -0.050000
v -0.126494 -0.086163 -0.050000
v -0.128918 -0.085218 -0.050000
v -0.163059 -0.085703 -0.050000
v -0.126494 -0.086163 0.050000
v -0.128918 -0.085218 0.050000
v -0.165006 -0.086526 0.050000
v -0.163059 -0.085703 0.050000
v -0.161054 -0.084976 0.050000
v -0.158991 -0.084347 0.050000
v -0.131434 -0.084419 0.050000
v -0.161054 -0.084976 -0.050000
v -0.158991 -0.084347 -0.050000
v -0.131434 -0.084419 -0.050000
v -0.156870 -0.083814 -0.050000
v -0.134042 -0.083765 -0.050000
v -0.136742 -0.083257 -0.050000
v -0.154691 -0.083378 -0.050000
v -0.134042 -0.083765 0.050000
v -0.136742 -0.083257 0.050000
v -0.156870 -0.083814 0.050000
v -0.154691 -0.083378 0.050000
v -0.152454 -0.083039 0.050000
v -0.150158 -0.082797 0.050000
v -0.139533 -0.082894 0.050000
v -0.152454 -0.083039 -0.050000
v -0.150158 -0.082797 -0.050000
v -0.139533 -0.082894 -0.050000
v -0.142417 -0.082676 -0.050000
v -0.147805 -0.082652 -0.050000
v -0.145393 -0.082603 -0.050000
v -0.142417 -0.082676 0.050000
v -0.147805 -0.082652 0.050000
v -0.145393 -0.082603 0.050000
v -0.110525 -0.139786 -0.050000
v -0.144734 -0.176436 -0.050000
vn -0.0138 -0.9999 -0.0000
vn -0.0000 -0.0000 1.0000
vn 0.0138 -0.9999 -0.0000
vn -0.0000 -0.0000 -1.0000
vn 0.0418 -0.9991 -0.0000
vn 0.0701 -0.9975 -0.0000
vn -0.0428 -0.9991 -0.0000
vn -0.0739 -0.9973 -0.0000
vn -0.1070 -0.9943 -0.0000
vn 0.1276 -0.9918 -0.0000
vn 0.0988 -0.9951 -0.0000
vn 0.1566 -0.9877 -0.0000
vn 0.1857 -0.9826 -0.0000
vn -0.1800 -0.9837 -0.0000
vn -0.2200 -0.9755 -0.0000
vn 0.2148 -0.9767 -0.0000
vn 0.2439 -0.9698 -0.0000
vn 0.2727 -0.9621 -0.0000
vn 0.3014 -0.9535 -0.0000
vn -0.3536 -0.9354 -0.0000
vn -0.4023 -0.9155 -0.0000
vn -0.4525 -0.8918 -0.0000
vn 0.3561 -0.9345 -0.0000
vn 0.3297 -0.9441 -0.0000
vn 0.3807 -0.9247 -0.0000
vn -0.0937 0.9956 -0.0000
vn -0.1346 0.9909 -0.0000
vn -0.1774 0.9841 -0.0000
vn -0.2221 0.9750 -0.0000
vn 0.4054 -0.9141 -0.0000
vn 0.4302 -0.9027 -0.0000
vn 0.4550 -0.8905 -0.0000
vn 0.4796 -0.8775 -0.0000
vn 0.5041 -0.8636 -0.0000
vn -0.5119 0.8590 -0.0000
vn -0.5517 0.8340 -0.0000
vn 0.5284 -0.8490 -0.0000
vn 0.5524 -0.8336 -0.0000
vn 0.5761 -0.8174 -0.0000
vn -0.6134 0.7897 -0.0000
vn -0.6436 0.7653 -0.0000
vn 0.5993 -0.8005 -0.0000
vn 0.6221 -0.7830 -0.0000
vn 0.6441 -0.7650 -0.0000
vn 0.6657 -0.7462 -0.0000
vn -0.7563 0.6542 -0.0000
vn -0.7817 0.6236 -0.0000
vn -0.8058 0.5922 -0.0000
vn 0.7086 -0.7056 -0.0000
vn 0.6872 -0.7264 -0.0000
vn 0.7298 -0.6837 -0.0000
vn 0.7506 -0.6607 -0.0000
vn -0.8495 0.5275 -0.0000
vn -0.8657 0.5006 -0.0000
vn 0.7711 -0.6368 -0.0000
vn 0.7910 -0.6118 -0.0000
vn 0.8104 -0.5859 -0.0000
vn -0.9006 0.4347 -0.0000
vn -0.9113 0.4118 -0.0000
vn 0.8290 -0.5592 -0.0000
vn 0.8470 -0.5316 -0.0000
vn 0.8641 -0.5033 -0.0000
vn 0.8818 -0.4716 -0.0000
vn -0.9403 0.3404 -0.0000
vn -0.9488 0.3159 -0.0000
vn -0.9567 0.2912 -0.0000
vn 0.9171 -0.3987 -0.0000
vn 0.9000 -0.4359 -0.0000
vn -0.9639 0.2662 -0.0000
vn -0.9705 0.2410 -0.0000
vn 0.9330 -0.3600 -0.0000
vn 0.9474 -0.3200 -0.0000
vn 0.9603 -0.2789 -0.0000
vn 0.9715 -0.2369 -0.0000
vn 0.9810 -0.1942 -0.0000
vn -0.9878 0.1556 -0.0000
vn -0.9905 0.1375 -0.0000
vn 0.9885 -0.1510 -0.0000
vn 0.9942 -0.1077 -0.0000
vn -0.9929 0.1186 -0.0000
vn -0.9951 0.0990 -0.0000
vn -0.9969 0.0785 -0.0000
vn -0.9984 0.0572 -0.0000
vn -0.9994 0.0350 -0.0000
vn -0.9999 0.0119 -0.0000
vn -0.9999 -0.0150 -0.0000
vn -0.9989 -0.0469 -0.0000
vn -0.9967 -0.0812 -0.0000
vn 0.9927 0.1206 -0.0000
vn 0.9853 0.1708 -0.0000
vn 0.9752 0.2215 -0.0000
vn -0.9930 -0.1180 -0.0000
vn -0.9875 -0.1576 -0.0000
vn -0.9798 -0.2001 -0.0000
vn -0.9694 -0.2454 -0.0000
vn 0.9464 0.3229 -0.0000
vn 0.9279 0.3727 -0.0000
vn 0.9069 0.4214 -0.0000
vn 0.8835 0.4685 -0.0000
vn 0.8579 0.5138 -0.0000
vn -0.9175 -0.3978 -0.0000
vn -0.8914 -0.4532 -0.0000
vn 0.8306 0.5568 -0.0000
vn 0.8021 0.5972 -0.0000
vn 0.7721 0.6355 -0.0000
vn 0.7405 0.6721 -0.0000
vn -0.7412 -0.6713 -0.0000
vn -0.7062 -0.7080 -0.0000
vn -0.6686 -0.7436 -0.0000
vn 0.6735 0.7392 -0.0000
vn 0.7075 0.7067 -0.0000
vn 0.6388 0.7694 -0.0000
vn -0.5867 -0.8098 -0.0000
vn -0.5430 -0.8398 -0.0000
vn -0.6287 -0.7776 -0.0000
vn 0.6035 0.7973 -0.0000
vn 0.5681 0.8230 -0.0000
vn -0.3344 -0.9424 -0.0000
vn -0.3024 -0.9532 -0.0000
vn -0.2702 -0.9628 -0.0000
vn -0.2378 -0.9713 -0.0000
vn -0.2053 -0.9787 -0.0000
vn 0.4977 0.8674 -0.0000
vn 0.5327 0.8463 -0.0000
vn -0.0458 -0.9990 -0.0000
vn -0.0151 -0.9999 -0.0000
vn 0.4631 0.8863 -0.0000
vn 0.4292 0.9032 -0.0000
vn -0.0000 -0.0001 1.0000
vn 0.3929 0.9196 -0.0000
vn 0.3539 0.9353 -0.0000
vn 0.3154 0.9490 -0.0000
vn -0.2558 0.9667 -0.0000
vn -0.2467 0.9691 -0.0000
vn 0.2776 0.9607 -0.0000
vn 0.2407 0.9706 -0.0000
vn -0.2169 0.9762 -0.0000
vn -0.2061 0.9785 -0.0000
vn -0.1949 0.9808 -0.0000
vn -0.1831 0.9831 -0.0000
vn 0.1698 0.9855 -0.0000
vn 0.2047 0.9788 -0.0000
vn -0.1708 0.9853 -0.0000
vn -0.1577 0.9875 -0.0000
vn 0.1361 0.9907 -0.0000
vn 0.1037 0.9946 -0.0000
vn 0.0724 0.9974 -0.0000
vn -0.0762 0.9971 -0.0000
vn -0.0624 0.9981 -0.0000
vn 0.0425 0.9991 -0.0000
vn -0.0000 -0.0001 -1.0000
vn 0.0139 0.9999 -0.0000
vn -0.0070 1.0000 -0.0000
vn -0.0208 0.9998 -0.0000
vn -0.0347 0.9994 -0.0000
vn -0.0486 0.9988 -0.0000
vn -0.0899 0.9959 -0.0000
vn -0.1036 0.9946 -0.0000
vn -0.1172 0.9931 -0.0000
vn -0.1308 0.9914 -0.0000
vn -0.1443 0.9895 -0.0000
vn -0.2273 0.9738 -0.0000
vn -0.2372 0.9715 -0.0000
vn -0.2646 0.9644 -0.0000
vn -0.2730 0.9620 -0.0000
vn -0.2811 0.9597 -0.0000
vn 0.7071 0.7071 -0.0000
vn 0.1458 -0.9893 -0.0000
vn -0.0000 0.0001 -1.0000
vn 0.1628 -0.9867 -0.0000
vn -0.0000 0.0001 1.0000
vn 0.1794 -0.9838 -0.0000
vn 0.1954 -0.9807 -0.0000
vn 0.2109 -0.9775 -0.0000
vn 0.2264 -0.9740 -0.0000
vn 0.2421 -0.9702 -0.0000
vn 0.2578 -0.9662 -0.0000
vn 0.2734 -0.9619 -0.0000
vn 0.2888 -0.9574 -0.0000
vn 0.3042 -0.9526 -0.0000
vn 0.3195 -0.9476 -0.0000
vn 0.3346 -0.9424 -0.0000
vn 0.3496 -0.9369 -0.0000
vn 0.3644 -0.9312 -0.0000
vn 0.3791 -0.9253 -0.0000
vn 0.3936 -0.9193 -0.0000
vn -0.6727 -0.7399 -0.0000
vn -0.9617 0.2740 -0.0000
vn -0.0000 1.0000 -0.0000
vn -0.0036 1.0000 -0.0000
vn -0.0000 -1.0000 -0.0000
vn 0.8957 -0.4446 -0.0000
vn -0.8572 0.5150 -0.0000
vn -0.8492 0.5281 -0.0000
vn -0.8403 0.5422 -0.0000
vn -0.8303 0.5573 -0.0000
vn -0.8192 0.5734 -0.0000
vn -0.8068 0.5908 -0.0000
vn -0.7928 0.6095 -0.0000
vn -0.7769 0.6296 -0.0000
vn -0.7589 0.6512 -0.0000
vn -0.7384 0.6744 -0.0000
vn -0.7148 0.6993 -0.0000
vn -0.6877 0.7260 -0.0000
vn -0.6513 0.7589 -0.0000
vn -0.6073 0.7945 -0.0000
vn -0.5623 0.8270 -0.0000
vn -0.5167 0.8562 -0.0000
vn -0.4710 0.8821 -0.0000
vn -0.4257 0.9049 -0.0000
vn -0.3811 0.9245 -0.0000
vn -0.3375 0.9413 -0.0000
vn -0.2953 0.9554 -0.0000
vn -0.2545 0.9671 -0.0000
vn -0.2155 0.9765 -0.0000
vn -0.1781 0.9840 -0.0000
vn -0.1482 0.9890 -0.0000
vn -0.1266 0.9920 -0.0000
vn -0.1076 0.9942 -0.0000
vn -0.0908 0.9959 -0.0000
vn -0.0757 0.9971 -0.0000
vn -0.0622 0.9981 -0.0000
vn -0.0501 0.9987 -0.0000
vn -0.0390 0.9992 -0.0000
vn -0.0290 0.9996 -0.0000
vn -0.0198 0.9998 -0.0000
vn -0.0114 0.9999 -0.0000
vn 0.9601 -0.2796 -0.0000
vn 0.1282 -0.9918 -0.0000
vn 0.1100 -0.9939 -0.0000
vn 0.0913 -0.9958 -0.0000
vn 0.0720 -0.9974 -0.0000
vn 0.0521 -0.9986 -0.0000
vn 0.0317 -0.9995 -0.0000
vn 0.0107 -0.9999 -0.0000
vn -0.0770 -0.9970 -0.0000
vn -0.1087 -0.9941 -0.0000
vn -0.1407 -0.9901 -0.0000
vn -0.1729 -0.9849 -0.0000
vn -0.3659 -0.9307 -0.0000
vn -0.4049 -0.9143 -0.0000
vn -0.4517 -0.8922 -0.0000
vn -0.4978 -0.8673 -0.0000
vn -0.7736 -0.6337 -0.0000
vn -0.8032 -0.5957 -0.0000
vn -0.8301 -0.5576 -0.0000
vn -0.8602 -0.5100 -0.0000
vn -0.9388 -0.3445 -0.0000
vn -0.9559 -0.2935 -0.0000
vn 0.9622 0.2724 -0.0000
vn 0.9974 0.0714 -0.0000
vn 0.9997 0.0234 -0.0000
vn 0.9998 -0.0213 -0.0000
vn 0.9979 -0.0643 -0.0000
vn -0.9849 0.1730 -0.0000
vn -0.9819 0.1896 -0.0000
vn -0.9786 0.2056 -0.0000
vn -0.9753 0.2209 -0.0000
vn -0.9312 0.3646 -0.0000
vn -0.9215 0.3884 -0.0000
vn -0.8894 0.4572 -0.0000
vn -0.8777 0.4792 -0.0000
vn -0.8284 0.5601 -0.0000
vn -0.7297 0.6838 -0.0000
vn -0.7019 0.7123 -0.0000
vn -0.6732 0.7395 -0.0000
vn -0.5827 0.8127 -0.0000
vn -0.4629 0.8864 -0.0000
vn -0.4136 0.9105 -0.0000
vn -0.3644 0.9312 -0.0000
vn -0.3158 0.9488 -0.0000
vn -0.2683 0.9633 -0.0000
vn -0.0547 0.9985 -0.0000
vn -0.0177 0.9998 -0.0000
vn 0.0147 0.9999 -0.0000
vn 0.0460 0.9989 -0.0000
vn 0.0801 0.9968 -0.0000
vn 0.1170 0.9931 -0.0000
vn 0.1571 0.9876 -0.0000
vn 0.2005 0.9797 -0.0000
vn 0.2474 0.9689 -0.0000
vn 0.2978 0.9546 -0.0000
vn 0.3517 0.9361 -0.0000
vn 0.4088 0.9126 -0.0000
vn -0.5852 -0.8109 -0.0000
vn -0.6176 -0.7865 -0.0000
vn -0.6506 -0.7594 -0.0000
vn 0.4687 0.8834 -0.0000
vn 0.5305 0.8477 -0.0000
vn 0.5711 0.8209 -0.0000
vn 0.5913 0.8065 -0.0000
vn -0.6838 -0.7297 -0.0000
vn -0.7171 -0.6970 -0.0000
vn 0.6408 0.7677 -0.0000
vn 0.6143 0.7891 -0.0000
vn -0.7500 -0.6614 -0.0000
vn -0.7823 -0.6229 -0.0000
vn -0.8135 -0.5816 -0.0000
vn -0.8433 -0.5375 -0.0000
vn -0.8654 -0.5011 -0.0000
vn 0.9986 -0.0537 -0.0000
vn 0.9869 -0.1615 -0.0000
vn 0.9639 -0.2661 -0.0000
vn 0.9313 -0.3644 -0.0000
vn 0.8910 -0.4540 -0.0000
vn 0.8459 -0.5334 -0.0000
vn 0.7982 -0.6025 -0.0000
vn 0.7499 -0.6616 -0.0000
vn 0.7025 -0.7117 -0.0000
vn 0.6569 -0.7540 -0.0000
vn -0.8813 -0.4725 -0.0000
vn -0.8973 -0.4415 -0.0000
vn 0.6139 -0.7894 -0.0000
vn 0.5737 -0.8190 -0.0000
vn 0.5525 -0.8335 -0.0000
vn 0.5483 -0.8363 -0.0000
vn 0.5443 -0.8389 -0.0000
vn 0.5405 -0.8414 -0.0000
vn 0.5369 -0.8437 -0.0000
vn 0.5334 -0.8459 -0.0000
vn 0.5301 -0.8479 -0.0000
vn -0.9130 -0.4079 -0.0000
vn -0.9285 -0.3714 -0.0000
vn 0.5270 -0.8498 -0.0000
vn 0.5240 -0.8517 -0.0000
vn 0.5211 -0.8535 -0.0000
vn 0.5184 -0.8551 -0.0000
vn 0.5158 -0.8567 -0.0000
vn 0.5262 -0.8504 -0.0000
vn 0.5497 -0.8353 -0.0000
vn 0.5730 -0.8196 -0.0000
vn -0.9433 -0.3319 -0.0000
vn -0.9572 -0.2894 -0.0000
vn 0.5960 -0.8030 -0.0000
vn 0.6188 -0.7855 -0.0000
vn 0.6412 -0.7674 -0.0000
vn 0.6632 -0.7485 -0.0000
vn 0.6847 -0.7288 -0.0000
vn 0.7056 -0.7086 -0.0000
vn -0.9699 -0.2436 -0.0000
vn -0.9809 -0.1946 -0.0000
vn 0.7457 -0.6663 -0.0000
vn 0.7260 -0.6877 -0.0000
vn -0.9898 -0.1425 -0.0000
vn -0.9962 -0.0875 -0.0000
vn -0.9996 -0.0297 -0.0000
vn 0.8984 -0.4391 -0.0000
vn 0.9243 -0.3816 -0.0000
vn 0.9459 -0.3245 -0.0000
vn -0.9998 0.0186 -0.0000
vn -0.9984 0.0561 -0.0000
vn -0.9956 0.0938 -0.0000
vn -0.9913 0.1317 -0.0000
vn -0.9855 0.1696 -0.0000
vn -0.9783 0.2072 -0.0000
vn -0.9697 0.2445 -0.0000
vn 0.9998 -0.0212 -0.0000
vn 0.9995 0.0303 -0.0000
vn 0.9956 0.0933 -0.0000
vn -0.9596 0.2812 -0.0000
vn -0.9483 0.3173 -0.0000
vn -0.9358 0.3525 -0.0000
vn -0.9221 0.3868 -0.0000
vn 0.9873 0.1591 -0.0000
vn 0.9739 0.2268 -0.0000
vn 0.9553 0.2956 -0.0000
vn 0.9313 0.3643 -0.0000
vn 0.9019 0.4319 -0.0000
vn -0.8704 0.4924 -0.0000
vn -0.8482 0.5297 -0.0000
vn -0.8240 0.5666 -0.0000
vn -0.7979 0.6028 -0.0000
vn 0.8291 0.5591 -0.0000
vn 0.8677 0.4971 -0.0000
vn 0.7871 0.6169 -0.0000
vn 0.7424 0.6699 -0.0000
vn -0.7402 0.6724 -0.0000
vn -0.7089 0.7053 -0.0000
vn -0.6763 0.7367 -0.0000
vn -0.6425 0.7663 -0.0000
vn 0.6480 0.7616 -0.0000
vn 0.6961 0.7179 -0.0000
vn 0.5959 0.8031 -0.0000
vn -0.6079 0.7940 -0.0000
vn -0.5725 0.8199 -0.0000
vn 0.5406 0.8413 -0.0000
vn 0.4828 0.8757 -0.0000
vn 0.4233 0.9060 -0.0000
vn 0.3630 0.9318 -0.0000
vn -0.3895 0.9210 -0.0000
vn -0.3406 0.9402 -0.0000
vn -0.2919 0.9565 -0.0000
vn 0.3027 0.9531 -0.0000
vn 0.2432 0.9700 -0.0000
vn 0.1851 0.9827 -0.0000
vn -0.1961 0.9806 -0.0000
vn -0.1498 0.9887 -0.0000
vn -0.1049 0.9945 -0.0000
vn 0.0753 0.9972 -0.0000
vn 0.1290 0.9916 -0.0000
vn 0.0244 0.9997 -0.0000
vn -0.0201 0.9998 -0.0000
vn -0.0616 0.9981 -0.0000
vn -0.2436 0.9699 -0.0000
vn -0.4380 0.8990 -0.0000
vn -0.4856 0.8742 -0.0000
vn -0.5321 0.8467 -0.0000
vn -0.7699 0.6382 -0.0000
vn -0.8905 0.4550 -0.0000
vn -0.9075 0.4200 -0.0000
vn 0.9978 -0.0656 -0.0000
vn 0.9936 -0.1126 -0.0000
vn 0.9867 -0.1623 -0.0000
vn 0.9767 -0.2144 -0.0000
vn 0.9632 -0.2686 -0.0000
vn 0.8681 -0.4965 -0.0000
vn 0.8334 -0.5527 -0.0000
vn 0.7947 -0.6070 -0.0000
vn 0.7647 -0.6444 -0.0000
vn 0.9943 0.1063 -0.0000
vn 0.9575 0.2884 -0.0000
vn 0.9039 0.4278 -0.0000
vn 0.8473 0.5311 -0.0000
vn 0.7945 0.6073 -0.0000
vn 0.7475 0.6643 -0.0000
vn 0.7066 0.7076 -0.0000
vn 0.6713 0.7412 -0.0000
vn -0.5534 -0.8329 -0.0000
vn -0.5226 -0.8526 -0.0000
vn -0.4926 -0.8702 -0.0000
vn -0.3069 -0.9517 -0.0000
vn -0.2623 -0.9650 -0.0000
vn -0.1423 -0.9898 -0.0000
vn -0.1775 0.9841 -0.0000
vn -0.0037 1.0000 -0.0000
vn -0.8192 0.5735 -0.0000
vn -0.5623 0.8269 -0.0000
vn -0.3644 0.9313 -0.0000
vn 0.7981 -0.6025 -0.0000
vn 0.7498 -0.6616 -0.0000
vn 0.6569 -0.7539 -0.0000
vn 0.5405 -0.8413 -0.0000
vn 0.5302 -0.8479 -0.0000
vn 0.5270 -0.8499 -0.0000
vn 0.5212 -0.8535 -0.0000
vn 0.5262 -0.8503 -0.0000
vn 0.5497 -0.8354 -0.0000
vn 0.6188 -0.7856 -0.0000
vn -0.9222 0.3868 -0.0000
vn 0.4234 0.9060 -0.0000
vn -0.3407 0.9402 -0.0000
vn 0.8680 -0.4965 -0.0000
vn 0.8473 0.5310 -0.0000
vt 0.002342 0.000000
vt 0.000000 0.000000
vt 1.000000 0.000000
vt 0.997658 0.000000
vt 0.995316 0.000000
vt 0.004684 0.000000
vt 0.007026 0.000000
vt 0.009368 0.000000
vt 0.992974 0.000000
vt 0.990632 0.000000
vt 0.011710 0.000000
vt 0.988290 0.000000
vt 0.985949 0.000000
vt 0.014052 0.000000
vt 0.016393 0.000000
vt 0.983607 0.000000
vt 0.018735 0.000000
vt 0.981265 0.000000
vt 0.021077 0.000000
vt 0.978923 0.000000
vt 0.976581 0.000000
vt 0.023419 0.000000
vt 0.025761 0.000000
vt 0.028103 0.000000
vt 0.974239 0.000000
vt 0.971897 0.000000
vt 0.030445 0.000000
vt 0.393443 0.000000
vt 0.969555 0.000000
vt 0.400468 0.000000
vt 0.395785 0.000000
vt 0.398126 0.000000
vt 0.402810 0.000000
vt 0.405152 0.000000
vt 0.407494 0.000000
vt 0.967213 0.000000
vt 0.409836 0.000000
vt 0.964871 0.000000
vt 0.412178 0.000000
vt 0.414520 0.000000
vt 0.962529 0.000000
vt 0.416862 0.000000
vt 0.960187 0.000000
vt 0.957845 0.000000
vt 0.421546 0.000000
vt 0.419204 0.000000
vt 0.423888 0.000000
vt 0.955504 0.000000
vt 0.426230 0.000000
vt 0.953162 0.000000
vt 0.950820 0.000000
vt 0.428571 0.000000
vt 0.430913 0.000000
vt 0.948478 0.000000
vt 0.433255 0.000000
vt 0.435597 0.000000
vt 0.946136 0.000000
vt 0.437939 0.000000
vt 0.943794 0.000000
vt 0.941452 0.000000
vt 0.440281 0.000000
vt 0.442623 0.000000
vt 0.444965 0.000000
vt 0.939110 0.000000
vt 0.936768 0.000000
vt 0.447307 0.000000
vt 0.934426 0.000000
vt 0.932084 0.000000
vt 0.449649 0.000000
vt 0.451991 0.000000
vt 0.929742 0.000000
vt 0.454333 0.000000
vt 0.456674 0.000000
vt 0.927400 0.000000
vt 0.925059 0.000000
vt 0.459016 0.000000
vt 0.461358 0.000000
vt 0.922717 0.000000
vt 0.463700 0.000000
vt 0.920375 0.000000
vt 0.466042 0.000000
vt 0.918033 0.000000
vt 0.915691 0.000000
vt 0.468384 0.000000
vt 0.470726 0.000000
vt 0.473068 0.000000
vt 0.913349 0.000000
vt 0.911007 0.000000
vt 0.475410 0.000000
vt 0.477752 0.000000
vt 0.908665 0.000000
vt 0.480094 0.000000
vt 0.906323 0.000000
vt 0.482436 0.000000
vt 0.903981 0.000000
vt 0.484778 0.000000
vt 0.901639 0.000000
vt 0.487119 0.000000
vt 0.899297 0.000000
vt 0.489461 0.000000
vt 0.491803 0.000000
vt 0.896955 0.000000
vt 0.494145 0.000000
vt 0.894614 0.000000
vt 0.496487 0.000000
vt 0.498829 0.000000
vt 0.892272 0.000000
vt 0.501171 0.000000
vt 0.889930 0.000000
vt 0.503513 0.000000
vt 0.505855 0.000000
vt 0.887588 0.000000
vt 0.508197 0.000000
vt 0.885246 0.000000
vt 0.510539 0.000000
vt 0.882904 0.000000
vt 0.512881 0.000000
vt 0.880562 0.000000
vt 0.515222 0.000000
vt 0.878220 0.000000
vt 0.517564 0.000000
vt 0.875878 0.000000
vt 0.519906 0.000000
vt 0.873536 0.000000
vt 0.522248 0.000000
vt 0.871194 0.000000
vt 0.524590 0.000000
vt 0.868852 0.000000
vt 0.526932 0.000000
vt 0.866511 0.000000
vt 0.864169 0.000000
vt 0.529274 0.000000
vt 0.531616 0.000000
vt 0.533958 0.000000
vt 0.861827 0.000000
vt 0.536300 0.000000
vt 0.859485 0.000000
vt 0.538642 0.000000
vt 0.857143 0.000000
vt 0.854801 0.000000
vt 0.543326 0.000000
vt 0.540984 0.000000
vt 0.545667 0.000000
vt 0.548009 0.000000
vt 0.852459 0.000000
vt 0.550351 0.000000
vt 0.850117 0.000000
vt 0.555035 0.000000
vt 0.847775 0.000000
vt 0.552693 0.000000
vt 0.557377 0.000000
vt 0.559719 0.000000
vt 0.845433 0.000000
vt 0.562061 0.000000
vt 0.843091 0.000000
vt 0.566745 0.000000
vt 0.564403 0.000000
vt 0.569087 0.000000
vt 0.571429 0.000000
vt 0.573770 0.000000
vt 0.576112 0.000000
vt 0.840749 0.000000
vt 0.838408 0.000000
vt 0.587822 0.000000
vt 0.578454 0.000000
vt 0.580796 0.000000
vt 0.583138 0.000000
vt 0.585480 0.000000
vt 0.590164 0.000000
vt 0.836066 0.000000
vt 0.592506 0.000000
vt 0.833724 0.000000
vt 0.594848 0.000000
vt 0.597190 0.000000
vt 0.749415 0.000000
vt 0.831382 0.000000
vt 0.751756 0.000000
vt 0.754098 0.000000
vt 0.829040 0.000000
vt 0.826698 0.000000
vt 0.758782 0.000000
vt 0.756440 0.000000
vt 0.761124 0.000000
vt 0.763466 0.000000
vt 0.824356 0.000000
vt 0.765808 0.000000
vt 0.822014 0.000000
vt 0.768150 0.000000
vt 0.770492 0.000000
vt 0.772834 0.000000
vt 0.775176 0.000000
vt 0.819672 0.000000
vt 0.779859 0.000000
vt 0.817330 0.000000
vt 0.777518 0.000000
vt 0.782201 0.000000
vt 0.784543 0.000000
vt 0.814988 0.000000
vt 0.786885 0.000000
vt 0.789227 0.000000
vt 0.812646 0.000000
vt 0.791569 0.000000
vt 0.810304 0.000000
vt 0.793911 0.000000
vt 0.796253 0.000000
vt 0.798595 0.000000
vt 0.807963 0.000000
vt 0.800937 0.000000
vt 0.803279 0.000000
vt 0.805621 0.000000
vt 0.648712 0.000000
vt 0.747073 0.000000
vt 0.608899 0.000000
vt 0.599532 0.000000
vt 0.601874 0.000000
vt 0.604215 0.000000
vt 0.606557 0.000000
vt 0.611241 0.000000
vt 0.613583 0.000000
vt 0.615925 0.000000
vt 0.618267 0.000000
vt 0.620609 0.000000
vt 0.622951 0.000000
vt 0.625293 0.000000
vt 0.627635 0.000000
vt 0.629977 0.000000
vt 0.632318 0.000000
vt 0.634660 0.000000
vt 0.637002 0.000000
vt 0.639344 0.000000
vt 0.641686 0.000000
vt 0.644028 0.000000
vt 0.646370 0.000000
vt 0.744731 0.000000
vt 0.651054 0.000000
vt 0.653396 0.000000
vt 0.742389 0.000000
vt 0.655738 0.000000
vt 0.658080 0.000000
vt 0.660422 0.000000
vt 0.662763 0.000000
vt 0.665105 0.000000
vt 0.667447 0.000000
vt 0.669789 0.000000
vt 0.672131 0.000000
vt 0.674473 0.000000
vt 0.676815 0.000000
vt 0.679157 0.000000
vt 0.681499 0.000000
vt 0.683841 0.000000
vt 0.686183 0.000000
vt 0.688525 0.000000
vt 0.690867 0.000000
vt 0.693208 0.000000
vt 0.695550 0.000000
vt 0.697892 0.000000
vt 0.700234 0.000000
vt 0.702576 0.000000
vt 0.704918 0.000000
vt 0.707260 0.000000
vt 0.709602 0.000000
vt 0.711944 0.000000
vt 0.714286 0.000000
vt 0.716628 0.000000
vt 0.718970 0.000000
vt 0.721311 0.000000
vt 0.723653 0.000000
vt 0.725995 0.000000
vt 0.728337 0.000000
vt 0.730679 0.000000
vt 0.733021 0.000000
vt 0.735363 0.000000
vt 0.740047 0.000000
vt 0.737705 0.000000
vt 0.391101 0.000000
vt 0.388759 0.000000
vt 0.386417 0.000000
vt 0.384075 0.000000
vt 0.032787 0.000000
vt 0.381733 0.000000
vt 0.379391 0.000000
vt 0.377049 0.000000
vt 0.035129 0.000000
vt 0.374707 0.000000
vt 0.372365 0.000000
vt 0.370023 0.000000
vt 0.037471 0.000000
vt 0.039813 0.000000
vt 0.042155 0.000000
vt 0.365340 0.000000
vt 0.367682 0.000000
vt 0.362998 0.000000
vt 0.360656 0.000000
vt 0.044496 0.000000
vt 0.046838 0.000000
vt 0.358314 0.000000
vt 0.355972 0.000000
vt 0.353630 0.000000
vt 0.049180 0.000000
vt 0.351288 0.000000
vt 0.348946 0.000000
vt 0.051522 0.000000
vt 0.346604 0.000000
vt 0.344262 0.000000
vt 0.053864 0.000000
vt 0.341920 0.000000
vt 0.339578 0.000000
vt 0.337237 0.000000
vt 0.056206 0.000000
vt 0.334895 0.000000
vt 0.058548 0.000000
vt 0.325527 0.000000
vt 0.327869 0.000000
vt 0.330211 0.000000
vt 0.332553 0.000000
vt 0.323185 0.000000
vt 0.320843 0.000000
vt 0.318501 0.000000
vt 0.316159 0.000000
vt 0.313817 0.000000
vt 0.060890 0.000000
vt 0.063232 0.000000
vt 0.304450 0.000000
vt 0.306792 0.000000
vt 0.309133 0.000000
vt 0.311475 0.000000
vt 0.302108 0.000000
vt 0.299766 0.000000
vt 0.297424 0.000000
vt 0.295082 0.000000
vt 0.292740 0.000000
vt 0.065574 0.000000
vt 0.067916 0.000000
vt 0.285714 0.000000
vt 0.288056 0.000000
vt 0.290398 0.000000
vt 0.283372 0.000000
vt 0.281030 0.000000
vt 0.278689 0.000000
vt 0.276347 0.000000
vt 0.274005 0.000000
vt 0.070258 0.000000
vt 0.072600 0.000000
vt 0.269321 0.000000
vt 0.271663 0.000000
vt 0.266979 0.000000
vt 0.264637 0.000000
vt 0.262295 0.000000
vt 0.259953 0.000000
vt 0.074941 0.000000
vt 0.077283 0.000000
vt 0.257611 0.000000
vt 0.255269 0.000000
vt 0.252927 0.000000
vt 0.250585 0.000000
vt 0.079625 0.000000
vt 0.248244 0.000000
vt 0.245902 0.000000
vt 0.081967 0.000000
vt 0.243560 0.000000
vt 0.084309 0.000000
vt 0.241218 0.000000
vt 0.238876 0.000000
vt 0.086651 0.000000
vt 0.236534 0.000000
vt 0.088993 0.000000
vt 0.234192 0.000000
vt 0.091335 0.000000
vt 0.231850 0.000000
vt 0.093677 0.000000
vt 0.229508 0.000000
vt 0.096019 0.000000
vt 0.227166 0.000000
vt 0.098361 0.000000
vt 0.224824 0.000000
vt 0.100703 0.000000
vt 0.222482 0.000000
vt 0.103044 0.000000
vt 0.220141 0.000000
vt 0.105386 0.000000
vt 0.107728 0.000000
vt 0.217799 0.000000
vt 0.110070 0.000000
vt 0.215457 0.000000
vt 0.112412 0.000000
vt 0.213115 0.000000
vt 0.114754 0.000000
vt 0.210773 0.000000
vt 0.208431 0.000000
vt 0.117096 0.000000
vt 0.119438 0.000000
vt 0.121780 0.000000
vt 0.124122 0.000000
vt 0.206089 0.000000
vt 0.203747 0.000000
vt 0.126464 0.000000
vt 0.201405 0.000000
vt 0.199063 0.000000
vt 0.128806 0.000000
vt 0.131148 0.000000
vt 0.133489 0.000000
vt 0.135831 0.000000
vt 0.196721 0.000000
vt 0.194379 0.000000
vt 0.192037 0.000000
vt 0.138173 0.000000
vt 0.140515 0.000000
vt 0.189696 0.000000
vt 0.142857 0.000000
vt 0.145199 0.000000
vt 0.187354 0.000000
vt 0.147541 0.000000
vt 0.185012 0.000000
vt 0.182670 0.000000
vt 0.149883 0.000000
vt 0.152225 0.000000
vt 0.154567 0.000000
vt 0.180328 0.000000
vt 0.156909 0.000000
vt 0.177986 0.000000
vt 0.175644 0.000000
vt 0.159251 0.000000
vt 0.161592 0.000000
vt 0.163934 0.000000
vt 0.173302 0.000000
vt 0.170960 0.000000
vt 0.166276 0.000000
vt 0.168618 0.000000
s 0
f 2/1/1 4/2/1 1/2/1
f 1/2/2 3/3/2 2/1/2
f 1/2/3 6/3/3 3/3/3
f 4/2/4 5/1/4 6/3/4
f 5/1/4 7/4/4 6/3/4
f 3/3/5 7/4/5 10/4/5
f 10/4/6 8/5/6 11/5/6
f 9/6/4 8/5/4 7/4/4
f 5/1/4 9/6/4 7/4/4
f 2/1/2 3/3/2 10/4/2
f 12/6/2 10/4/2 11/5/2
f 2/1/2 10/4/2 12/6/2
f 12/6/7 5/1/7 2/1/7
f 13/7/8 9/6/8 12/6/8
f 12/6/2 11/5/2 13/7/2
f 14/8/9 16/7/9 13/7/9
f 13/7/2 15/9/2 14/8/2
f 13/7/2 11/5/2 15/9/2
f 9/6/4 16/7/4 8/5/4
f 16/7/4 17/8/4 18/9/4
f 16/7/4 18/9/4 8/5/4
f 15/9/10 19/10/10 22/10/10
f 17/8/4 19/10/4 18/9/4
f 11/5/11 18/9/11 15/9/11
f 20/11/4 21/12/4 19/10/4
f 17/8/4 20/11/4 19/10/4
f 22/10/12 21/12/12 24/12/12
f 14/8/2 15/9/2 22/10/2
f 23/11/2 22/10/2 24/12/2
f 14/8/2 22/10/2 23/11/2
f 24/12/13 30/13/13 25/13/13
f 26/14/2 24/12/2 25/13/2
f 23/11/2 24/12/2 26/14/2
f 26/14/14 20/11/14 23/11/14
f 27/15/15 28/14/15 26/14/15
f 26/14/2 25/13/2 27/15/2
f 20/11/4 28/14/4 21/12/4
f 28/14/4 30/13/4 21/12/4
f 28/14/4 29/15/4 30/13/4
f 29/15/4 31/16/4 30/13/4
f 25/13/16 31/16/16 34/16/16
f 29/15/4 32/17/4 31/16/4
f 32/17/4 33/18/4 31/16/4
f 34/16/17 33/18/17 36/18/17
f 27/15/2 25/13/2 34/16/2
f 27/15/2 34/16/2 35/17/2
f 35/17/2 34/16/2 36/18/2
f 35/17/2 36/18/2 37/19/2
f 37/19/2 36/18/2 38/20/2
f 36/18/18 41/20/18 38/20/18
f 38/20/19 42/21/19 39/21/19
f 40/22/2 38/20/2 39/21/2
f 37/19/2 38/20/2 40/22/2
f 43/19/4 41/20/4 33/18/4
f 44/22/4 42/21/4 41/20/4
f 43/19/4 44/22/4 41/20/4
f 40/22/20 43/19/20 37/19/20
f 48/23/21 44/22/21 40/22/21
f 44/22/4 45/23/4 42/21/4
f 49/24/22 45/23/22 48/23/22
f 45/23/4 46/24/4 47/25/4
f 45/23/4 47/25/4 42/21/4
f 40/22/2 39/21/2 48/23/2
f 48/23/2 50/25/2 49/24/2
f 48/23/2 39/21/2 50/25/2
f 50/25/23 58/26/23 51/26/23
f 49/24/2 50/25/2 51/26/2
f 39/21/24 47/25/24 50/25/24
f 52/27/2 51/26/2 54/28/2
f 49/24/2 51/26/2 52/27/2
f 51/26/25 60/29/25 53/29/25
f 57/30/2 51/26/2 53/29/2
f 54/28/2 51/26/2 55/31/2
f 55/31/2 51/26/2 56/32/2
f 56/32/2 51/26/2 57/30/2
f 46/24/4 58/26/4 47/25/4
f 59/27/4 61/28/4 58/26/4
f 46/24/4 59/27/4 58/26/4
f 64/30/4 60/29/4 58/26/4
f 61/28/4 62/31/4 58/26/4
f 62/31/4 63/32/4 58/26/4
f 63/32/4 64/30/4 58/26/4
f 57/30/26 63/32/26 56/32/26
f 67/33/27 64/30/27 57/30/27
f 64/30/4 65/33/4 60/29/4
f 68/34/28 65/33/28 67/33/28
f 65/33/4 66/34/4 60/29/4
f 57/30/2 53/29/2 67/33/2
f 67/33/2 53/29/2 68/34/2
f 69/35/29 66/34/29 68/34/29
f 68/34/2 70/36/2 69/35/2
f 68/34/2 53/29/2 70/36/2
f 53/29/30 73/36/30 70/36/30
f 69/35/2 70/36/2 71/37/2
f 71/37/2 70/36/2 72/38/2
f 70/36/31 76/38/31 72/38/31
f 66/34/4 73/36/4 60/29/4
f 66/34/4 74/35/4 73/36/4
f 74/35/4 75/37/4 73/36/4
f 75/37/4 76/38/4 73/36/4
f 75/37/4 77/39/4 76/38/4
f 77/39/4 78/40/4 76/38/4
f 78/40/4 79/41/4 76/38/4
f 72/38/32 79/41/32 82/41/32
f 78/40/4 80/42/4 79/41/4
f 80/42/4 81/43/4 79/41/4
f 82/41/33 81/43/33 85/43/33
f 83/40/2 72/38/2 82/41/2
f 83/40/2 82/41/2 84/42/2
f 84/42/2 82/41/2 85/43/2
f 85/43/34 93/44/34 86/44/34
f 88/45/2 85/43/2 86/44/2
f 84/42/2 85/43/2 87/46/2
f 87/46/2 85/43/2 88/45/2
f 88/45/35 91/46/35 87/46/35
f 89/47/36 90/45/36 88/45/36
f 88/45/2 86/44/2 89/47/2
f 91/46/4 90/45/4 81/43/4
f 90/45/4 93/44/4 81/43/4
f 90/45/4 92/47/4 93/44/4
f 92/47/4 94/48/4 93/44/4
f 86/44/37 94/48/37 97/48/37
f 92/47/4 95/49/4 94/48/4
f 95/49/4 96/50/4 94/48/4
f 97/48/38 96/50/38 99/50/38
f 89/47/2 86/44/2 97/48/2
f 89/47/2 97/48/2 98/49/2
f 98/49/2 97/48/2 99/50/2
f 99/50/39 105/51/39 100/51/39
f 101/52/2 99/50/2 100/51/2
f 98/49/2 99/50/2 101/52/2
f 101/52/40 95/49/40 98/49/40
f 102/53/41 103/52/41 101/52/41
f 101/52/2 100/51/2 102/53/2
f 95/49/4 103/52/4 96/50/4
f 103/52/4 105/51/4 96/50/4
f 103/52/4 104/53/4 105/51/4
f 104/53/4 106/54/4 105/51/4
f 100/51/42 106/54/42 110/54/42
f 104/53/4 107/55/4 106/54/4
f 107/55/4 108/56/4 106/54/4
f 108/56/4 109/57/4 106/54/4
f 110/54/43 109/57/43 113/57/43
f 102/53/2 100/51/2 110/54/2
f 102/53/2 110/54/2 111/55/2
f 111/55/2 110/54/2 112/56/2
f 112/56/2 110/54/2 113/57/2
f 112/56/2 113/57/2 114/58/2
f 114/58/2 113/57/2 115/59/2
f 113/57/44 118/59/44 115/59/44
f 115/59/45 119/60/45 116/60/45
f 117/61/2 115/59/2 116/60/2
f 114/58/2 115/59/2 117/61/2
f 120/58/4 118/59/4 109/57/4
f 121/61/4 119/60/4 118/59/4
f 120/58/4 121/61/4 118/59/4
f 117/61/46 120/58/46 114/58/46
f 125/62/47 121/61/47 117/61/47
f 121/61/4 122/62/4 119/60/4
f 126/63/48 122/62/48 125/62/48
f 122/62/4 123/63/4 124/64/4
f 122/62/4 124/64/4 119/60/4
f 117/61/2 116/60/2 125/62/2
f 125/62/2 127/64/2 126/63/2
f 125/62/2 116/60/2 127/64/2
f 126/63/2 127/64/2 128/65/2
f 127/64/49 131/65/49 128/65/49
f 116/60/50 124/64/50 127/64/50
f 126/63/2 128/65/2 129/66/2
f 129/66/2 128/65/2 130/67/2
f 128/65/51 133/67/51 130/67/51
f 123/63/4 131/65/4 124/64/4
f 123/63/4 132/66/4 131/65/4
f 132/66/4 133/67/4 131/65/4
f 130/67/52 134/68/52 139/68/52
f 135/69/4 134/68/4 133/67/4
f 132/66/4 135/69/4 133/67/4
f 137/69/53 132/66/53 129/66/53
f 138/70/54 135/69/54 137/69/54
f 135/69/4 136/70/4 134/68/4
f 129/66/2 130/67/2 137/69/2
f 137/69/2 130/67/2 139/68/2
f 137/69/2 139/68/2 138/70/2
f 138/70/2 139/68/2 140/71/2
f 139/68/55 144/71/55 140/71/55
f 138/70/2 140/71/2 141/72/2
f 141/72/2 140/71/2 142/73/2
f 142/73/2 140/71/2 143/74/2
f 140/71/56 147/74/56 143/74/56
f 136/70/4 144/71/4 134/68/4
f 136/70/4 145/72/4 144/71/4
f 145/72/4 146/73/4 144/71/4
f 146/73/4 147/74/4 144/71/4
f 143/74/57 148/75/57 153/75/57
f 149/76/4 148/75/4 147/74/4
f 146/73/4 149/76/4 147/74/4
f 151/76/58 146/73/58 142/73/58
f 152/77/59 149/76/59 151/76/59
f 149/76/4 150/77/4 148/75/4
f 142/73/2 143/74/2 151/76/2
f 151/76/2 143/74/2 153/75/2
f 151/76/2 153/75/2 152/77/2
f 152/77/2 153/75/2 154/78/2
f 153/75/60 157/78/60 154/78/60
f 152/77/2 154/78/2 155/79/2
f 155/79/2 154/78/2 156/80/2
f 154/78/61 159/80/61 156/80/61
f 150/77/4 157/78/4 148/75/4
f 150/77/4 158/79/4 157/78/4
f 158/79/4 159/80/4 157/78/4
f 158/79/4 160/81/4 159/80/4
f 160/81/4 161/82/4 159/80/4
f 156/80/62 161/82/62 164/82/62
f 164/82/63 162/83/63 165/83/63
f 163/84/4 162/83/4 161/82/4
f 160/81/4 163/84/4 161/82/4
f 166/81/2 156/80/2 164/82/2
f 167/84/2 164/82/2 165/83/2
f 166/81/2 164/82/2 167/84/2
f 167/84/64 160/81/64 166/81/64
f 168/85/65 163/84/65 167/84/65
f 167/84/2 165/83/2 168/85/2
f 169/86/66 171/85/66 168/85/66
f 168/85/2 170/87/2 169/86/2
f 168/85/2 165/83/2 170/87/2
f 163/84/4 171/85/4 162/83/4
f 171/85/4 172/86/4 173/87/4
f 171/85/4 173/87/4 162/83/4
f 170/87/67 174/88/67 179/88/67
f 175/89/4 174/88/4 173/87/4
f 165/83/68 173/87/68 170/87/68
f 172/86/4 175/89/4 173/87/4
f 177/89/69 172/86/69 169/86/69
f 178/90/70 175/89/70 177/89/70
f 175/89/4 176/90/4 174/88/4
f 169/86/2 170/87/2 177/89/2
f 177/89/2 170/87/2 179/88/2
f 177/89/2 179/88/2 178/90/2
f 178/90/2 179/88/2 180/91/2
f 179/88/71 183/91/71 180/91/71
f 178/90/2 180/91/2 181/92/2
f 181/92/2 180/91/2 182/93/2
f 180/91/72 185/93/72 182/93/72
f 176/90/4 183/91/4 174/88/4
f 176/90/4 184/92/4 183/91/4
f 184/92/4 185/93/4 183/91/4
f 184/92/4 186/94/4 185/93/4
f 186/94/4 187/95/4 185/93/4
f 182/93/73 187/95/73 190/95/73
f 186/94/4 188/96/4 187/95/4
f 188/96/4 189/97/4 187/95/4
f 190/95/74 189/97/74 193/97/74
f 191/94/2 182/93/2 190/95/2
f 191/94/2 190/95/2 192/96/2
f 192/96/2 190/95/2 193/97/2
f 192/96/2 193/97/2 195/98/2
f 193/97/75 201/99/75 194/99/75
f 196/100/2 193/97/2 194/99/2
f 195/98/2 193/97/2 196/100/2
f 196/100/76 199/98/76 195/98/76
f 197/101/77 198/100/77 196/100/77
f 196/100/2 194/99/2 197/101/2
f 199/98/4 198/100/4 189/97/4
f 198/100/4 201/99/4 189/97/4
f 198/100/4 200/101/4 201/99/4
f 200/101/4 202/102/4 201/99/4
f 194/99/78 202/102/78 205/102/78
f 200/101/4 204/103/4 202/102/4
f 205/102/79 203/104/79 206/104/79
f 204/103/4 203/104/4 202/102/4
f 197/101/2 194/99/2 205/102/2
f 197/101/2 205/102/2 207/103/2
f 207/103/2 205/102/2 206/104/2
f 207/103/80 200/101/80 197/101/80
f 207/103/2 206/104/2 208/105/2
f 208/105/81 204/103/81 207/103/81
f 208/105/2 206/104/2 209/106/2
f 209/106/82 210/105/82 208/105/82
f 204/103/4 210/105/4 203/104/4
f 210/105/4 211/106/4 203/104/4
f 211/106/4 212/107/4 203/104/4
f 211/106/4 213/108/4 212/107/4
f 216/108/83 211/106/83 209/106/83
f 213/108/4 214/109/4 212/107/4
f 213/108/4 215/110/4 214/109/4
f 219/110/84 213/108/84 216/108/84
f 216/108/2 217/107/2 218/109/2
f 209/106/2 217/107/2 216/108/2
f 216/108/2 218/109/2 219/110/2
f 219/110/2 218/109/2 220/111/2
f 220/111/85 215/110/85 219/110/85
f 220/111/2 218/109/2 221/112/2
f 220/111/2 221/112/2 222/113/2
f 222/113/86 223/111/86 220/111/86
f 223/111/4 224/112/4 214/109/4
f 215/110/4 223/111/4 214/109/4
f 223/111/4 225/113/4 224/112/4
f 225/113/4 226/114/4 224/112/4
f 225/113/4 227/115/4 226/114/4
f 230/115/87 225/113/87 222/113/87
f 227/115/4 229/116/4 226/114/4
f 232/117/88 227/115/88 230/115/88
f 227/115/4 228/117/4 229/116/4
f 222/113/2 231/114/2 230/115/2
f 230/115/2 231/114/2 233/116/2
f 230/115/2 233/116/2 232/117/2
f 231/114/89 229/116/89 233/116/89
f 232/117/2 233/116/2 234/118/2
f 233/116/90 237/118/90 234/118/90
f 232/117/2 234/118/2 236/119/2
f 234/118/91 238/120/91 235/120/91
f 236/119/2 234/118/2 235/120/2
f 228/117/4 237/118/4 229/116/4
f 228/117/4 239/119/4 237/118/4
f 239/119/4 238/120/4 237/118/4
f 236/119/92 228/117/92 232/117/92
f 239/119/4 240/121/4 238/120/4
f 236/119/93 240/121/93 239/119/93
f 240/121/4 241/122/4 238/120/4
f 240/121/4 242/123/4 241/122/4
f 245/123/94 240/121/94 243/121/94
f 243/121/2 235/120/2 244/122/2
f 236/119/2 235/120/2 243/121/2
f 243/121/2 244/122/2 245/123/2
f 245/123/2 244/122/2 247/124/2
f 245/123/95 250/125/95 242/123/95
f 245/123/2 247/124/2 246/125/2
f 244/122/96 249/124/96 247/124/96
f 246/125/2 247/124/2 248/126/2
f 247/124/97 251/126/97 248/126/97
f 242/123/4 249/124/4 241/122/4
f 242/123/4 250/125/4 249/124/4
f 250/125/4 251/126/4 249/124/4
f 250/125/4 252/127/4 251/126/4
f 252/127/4 253/128/4 251/126/4
f 248/126/98 253/128/98 256/128/98
f 252/127/4 254/129/4 253/128/4
f 254/129/4 255/130/4 253/128/4
f 256/128/99 255/130/99 259/130/99
f 257/127/2 248/126/2 256/128/2
f 257/127/2 256/128/2 258/129/2
f 258/129/2 256/128/2 259/130/2
f 259/130/100 265/131/100 260/131/100
f 261/132/2 259/130/2 260/131/2
f 258/129/2 259/130/2 261/132/2
f 261/132/101 254/129/101 258/129/101
f 262/133/102 263/132/102 261/132/102
f 261/132/2 260/131/2 262/133/2
f 254/129/4 263/132/4 255/130/4
f 263/132/4 265/131/4 255/130/4
f 263/132/4 264/133/4 265/131/4
f 264/133/4 266/134/4 265/131/4
f 266/134/4 267/135/4 265/131/4
f 260/131/103 267/135/103 270/135/103
f 266/134/4 268/136/4 267/135/4
f 268/136/4 269/137/4 267/135/4
f 270/135/104 269/137/104 273/137/104
f 271/134/2 260/131/2 270/135/2
f 271/134/2 270/135/2 272/136/2
f 272/136/2 270/135/2 273/137/2
f 272/136/2 273/137/2 274/138/2
f 274/138/2 273/137/2 275/139/2
f 273/137/105 279/139/105 275/139/105
f 275/139/106 280/140/106 276/140/106
f 278/141/2 275/139/2 276/140/2
f 274/138/2 275/139/2 277/142/2
f 277/142/2 275/139/2 278/141/2
f 281/138/4 279/139/4 269/137/4
f 283/141/4 280/140/4 279/139/4
f 281/138/4 282/142/4 279/139/4
f 282/142/4 283/141/4 279/139/4
f 277/142/107 283/141/107 282/142/107
f 287/143/108 283/141/108 278/141/108
f 283/141/4 284/143/4 280/140/4
f 288/144/109 284/143/109 287/143/109
f 284/143/4 285/144/4 286/145/4
f 284/143/4 286/145/4 280/140/4
f 278/141/2 276/140/2 287/143/2
f 287/143/2 289/145/2 288/144/2
f 287/143/2 276/140/2 289/145/2
f 288/144/2 289/145/2 290/146/2
f 290/146/2 289/145/2 291/147/2
f 289/145/110 295/147/110 291/147/110
f 276/140/111 286/145/111 289/145/111
f 292/148/2 291/147/2 293/149/2
f 294/150/2 291/147/2 292/148/2
f 291/147/112 297/149/112 293/149/112
f 290/146/2 291/147/2 294/150/2
f 298/146/4 295/147/4 286/145/4
f 296/148/4 297/149/4 295/147/4
f 299/150/4 296/148/4 295/147/4
f 298/146/4 299/150/4 295/147/4
f 294/150/113 298/146/113 290/146/113
f 292/148/114 299/150/114 294/150/114
f 285/144/4 298/146/4 286/145/4
f 288/144/115 298/146/115 285/144/115
f 296/148/4 300/151/4 297/149/4
f 300/151/4 301/152/4 297/149/4
f 301/152/4 302/153/4 297/149/4
f 293/149/116 302/153/116 307/153/116
f 301/152/4 304/154/4 302/153/4
f 307/153/117 303/155/117 309/155/117
f 306/156/4 303/155/4 302/153/4
f 304/154/4 305/157/4 302/153/4
f 305/157/4 306/156/4 302/153/4
f 308/152/2 293/149/2 307/153/2
f 308/152/2 307/153/2 310/154/2
f 312/156/2 307/153/2 309/155/2
f 310/154/2 307/153/2 311/157/2
f 311/157/2 307/153/2 312/156/2
f 312/156/118 305/157/118 311/157/118
f 313/158/119 306/156/119 312/156/119
f 312/156/2 309/155/2 313/158/2
f 314/159/120 315/158/120 313/158/120
f 313/158/2 309/155/2 314/159/2
f 306/156/4 315/158/4 303/155/4
f 315/158/4 316/159/4 303/155/4
f 314/159/121 317/160/121 316/159/121
f 316/159/4 317/160/4 303/155/4
f 321/161/122 317/160/122 320/160/122
f 317/160/4 318/161/4 319/162/4
f 317/160/4 319/162/4 303/155/4
f 314/159/2 309/155/2 320/160/2
f 320/160/2 322/162/2 321/161/2
f 320/160/2 309/155/2 322/162/2
f 322/162/123 333/163/123 323/163/123
f 328/164/2 322/162/2 323/163/2
f 321/161/2 322/162/2 324/165/2
f 324/165/2 322/162/2 325/166/2
f 309/155/124 319/162/124 322/162/124
f 325/166/2 322/162/2 326/167/2
f 326/167/2 322/162/2 327/168/2
f 327/168/2 322/162/2 328/164/2
f 328/164/125 331/168/125 327/168/125
f 329/169/126 330/164/126 328/164/126
f 329/169/2 328/164/2 323/163/2
f 331/168/4 330/164/4 319/162/4
f 330/164/4 333/163/4 319/162/4
f 332/169/4 333/163/4 330/164/4
f 332/169/4 334/170/4 333/163/4
f 323/163/127 334/170/127 337/170/127
f 335/171/4 334/170/4 332/169/4
f 335/171/4 336/172/4 334/170/4
f 337/170/128 336/172/128 339/172/128
f 329/169/2 323/163/2 337/170/2
f 338/171/2 329/169/2 337/170/2
f 338/171/2 337/170/2 339/172/2
f 340/173/129 338/171/129 339/172/129
f 341/174/2 340/173/2 339/172/2
f 341/174/2 339/172/2 342/175/2
f 342/175/2 339/172/2 343/176/2
f 339/172/130 347/176/130 343/176/130
f 342/175/2 343/176/2 344/177/2
f 344/177/2 343/176/2 345/178/2
f 345/178/2 343/176/2 346/179/2
f 343/176/131 351/179/131 346/179/131
f 348/175/4 347/176/4 336/172/4
f 348/175/4 349/177/4 347/176/4
f 349/177/4 350/178/4 347/176/4
f 350/178/4 351/179/4 347/176/4
f 346/179/132 352/180/132 359/180/132
f 354/181/4 352/180/4 351/179/4
f 350/178/4 353/182/4 351/179/4
f 353/182/4 354/181/4 351/179/4
f 356/181/133 353/182/133 357/182/133
f 358/183/134 354/181/134 356/181/134
f 354/181/4 355/183/4 352/180/4
f 357/182/2 346/179/2 356/181/2
f 356/181/2 346/179/2 359/180/2
f 356/181/2 359/180/2 358/183/2
f 358/183/2 359/180/2 360/184/2
f 360/184/2 359/180/2 361/185/2
f 359/180/135 365/185/135 361/185/135
f 360/184/2 361/185/2 363/186/2
f 361/185/136 367/187/136 362/187/136
f 364/188/2 361/185/2 362/187/2
f 363/186/2 361/185/2 364/188/2
f 366/184/4 365/185/4 352/180/4
f 366/184/4 368/186/4 365/185/4
f 369/188/4 367/187/4 365/185/4
f 368/186/4 369/188/4 365/185/4
f 364/188/137 368/186/137 363/186/137
f 372/189/138 369/188/138 364/188/138
f 369/188/4 370/189/4 367/187/4
f 373/190/139 370/189/139 372/189/139
f 370/189/4 371/190/4 367/187/4
f 364/188/2 362/187/2 372/189/2
f 372/189/2 362/187/2 373/190/2
f 374/191/140 371/190/140 373/190/140
f 373/190/2 375/192/2 374/191/2
f 373/190/2 362/187/2 375/192/2
f 376/193/2 375/192/2 377/194/2
f 378/195/2 375/192/2 376/193/2
f 375/192/141 381/194/141 377/194/141
f 362/187/142 379/192/142 375/192/142
f 374/191/2 375/192/2 378/195/2
f 371/190/4 379/192/4 367/187/4
f 371/190/4 382/191/4 379/192/4
f 380/193/4 381/194/4 379/192/4
f 383/195/4 380/193/4 379/192/4
f 382/191/4 383/195/4 379/192/4
f 378/195/143 382/191/143 374/191/143
f 376/193/144 383/195/144 378/195/144
f 380/193/4 384/196/4 381/194/4
f 384/196/4 385/197/4 381/194/4
f 385/197/4 386/198/4 381/194/4
f 377/194/145 386/198/145 390/198/145
f 385/197/4 387/199/4 386/198/4
f 387/199/4 388/200/4 386/198/4
f 388/200/4 389/201/4 386/198/4
f 390/198/146 389/201/146 394/201/146
f 391/197/2 377/194/2 390/198/2
f 391/197/2 390/198/2 392/199/2
f 392/199/2 390/198/2 393/200/2
f 393/200/2 390/198/2 394/201/2
f 393/200/2 394/201/2 396/202/2
f 394/201/147 402/203/147 395/203/147
f 397/204/2 394/201/2 395/203/2
f 396/202/2 394/201/2 397/204/2
f 397/204/148 400/202/148 396/202/148
f 398/205/149 399/204/149 397/204/149
f 397/204/2 395/203/2 398/205/2
f 400/202/4 399/204/4 389/201/4
f 399/204/4 402/203/4 389/201/4
f 399/204/4 401/205/4 402/203/4
f 401/205/4 403/206/4 402/203/4
f 403/206/4 404/207/4 402/203/4
f 395/203/150 404/207/150 408/207/150
f 403/206/4 405/208/4 404/207/4
f 405/208/151 406/209/151 404/207/151
f 406/209/4 407/210/4 404/207/4
f 408/207/152 407/210/152 412/210/152
f 409/206/2 395/203/2 408/207/2
f 409/206/2 408/207/2 410/208/2
f 410/208/129 408/207/129 411/209/129
f 411/209/2 408/207/2 412/210/2
f 412/210/153 406/209/153 411/209/153
f 411/209/154 405/208/154 410/208/154
f 410/208/155 403/206/155 409/206/155
f 409/206/156 401/205/156 398/205/156
f 398/205/2 395/203/2 409/206/2
f 388/200/4 400/202/4 389/201/4
f 396/202/157 388/200/157 393/200/157
f 393/200/158 387/199/158 392/199/158
f 392/199/159 385/197/159 391/197/159
f 413/196/2 377/194/2 391/197/2
f 391/197/160 384/196/160 413/196/160
f 376/193/2 377/194/2 413/196/2
f 413/196/161 380/193/161 376/193/161
f 363/186/162 366/184/162 360/184/162
f 360/184/163 355/183/163 358/183/163
f 355/183/4 366/184/4 352/180/4
f 345/178/2 346/179/2 357/182/2
f 357/182/164 350/178/164 345/178/164
f 345/178/165 349/177/165 344/177/165
f 344/177/166 348/175/166 342/175/166
f 416/174/4 348/175/4 336/172/4
f 414/211/4 415/212/4 348/175/4
f 414/211/4 348/175/4 421/213/4
f 342/175/167 415/212/167 457/212/167
f 417/214/4 348/175/4 416/174/4
f 418/215/4 348/175/4 417/214/4
f 419/216/4 348/175/4 418/215/4
f 420/217/4 348/175/4 419/216/4
f 421/213/4 348/175/4 420/217/4
f 423/213/168 420/217/168 424/217/168
f 414/211/169 421/213/169 422/218/169
f 426/218/170 421/213/170 423/213/170
f 423/213/2 424/217/2 342/175/2
f 425/211/2 423/213/2 342/175/2
f 425/211/171 426/218/171 423/213/171
f 425/211/2 427/219/2 426/218/2
f 427/219/172 422/218/172 426/218/172
f 425/211/2 428/220/2 427/219/2
f 428/220/173 429/219/173 427/219/173
f 414/211/4 422/218/4 429/219/4
f 414/211/4 429/219/4 430/220/4
f 414/211/4 430/220/4 431/221/4
f 433/221/174 430/220/174 428/220/174
f 414/211/4 431/221/4 432/222/4
f 434/222/175 431/221/175 433/221/175
f 425/211/2 433/221/2 428/220/2
f 425/211/2 434/222/2 433/221/2
f 425/211/2 435/223/2 434/222/2
f 435/223/176 432/222/176 434/222/176
f 425/211/2 436/224/2 435/223/2
f 436/224/177 437/223/177 435/223/177
f 414/211/4 432/222/4 437/223/4
f 414/211/4 437/223/4 438/224/4
f 414/211/4 438/224/4 439/225/4
f 441/225/178 438/224/178 436/224/178
f 414/211/4 439/225/4 440/226/4
f 442/226/179 439/225/179 441/225/179
f 425/211/2 441/225/2 436/224/2
f 425/211/2 442/226/2 441/225/2
f 425/211/2 443/227/2 442/226/2
f 443/227/180 440/226/180 442/226/180
f 425/211/2 444/228/2 443/227/2
f 444/228/181 445/227/181 443/227/181
f 414/211/4 440/226/4 445/227/4
f 414/211/4 445/227/4 446/228/4
f 414/211/4 446/228/4 447/229/4
f 449/229/182 446/228/182 444/228/182
f 448/230/4 414/211/4 447/229/4
f 450/230/183 447/229/183 449/229/183
f 425/211/2 449/229/2 444/228/2
f 450/230/2 449/229/2 425/211/2
f 451/231/184 448/230/184 450/230/184
f 451/231/2 450/230/2 425/211/2
f 452/232/185 453/231/185 451/231/185
f 452/232/2 451/231/2 425/211/2
f 453/231/4 414/211/4 448/230/4
f 454/232/4 414/211/4 453/231/4
f 456/233/186 454/232/186 452/232/186
f 455/233/4 414/211/4 454/232/4
f 425/211/187 455/233/187 456/233/187
f 456/233/2 452/232/2 425/211/2
f 425/211/2 342/175/2 457/212/2
f 425/211/2 457/212/2 458/234/2
f 425/211/2 458/234/2 459/235/2
f 425/211/188 461/235/188 414/211/188
f 458/234/2 460/236/2 459/235/2
f 460/236/189 461/235/189 459/235/189
f 462/234/4 461/235/4 463/236/4
f 414/211/4 461/235/4 462/234/4
f 462/234/4 463/236/4 465/237/4
f 502/238/190 463/236/190 460/236/190
f 463/236/4 464/238/4 465/237/4
f 458/234/191 465/237/191 501/237/191
f 464/238/4 466/239/4 465/237/4
f 466/239/4 467/240/4 465/237/4
f 467/240/4 468/241/4 465/237/4
f 468/241/4 469/242/4 465/237/4
f 469/242/4 470/243/4 465/237/4
f 470/243/4 471/244/4 465/237/4
f 471/244/4 472/245/4 465/237/4
f 472/245/4 473/246/4 465/237/4
f 473/246/4 474/247/4 465/237/4
f 474/247/4 475/248/4 465/237/4
f 475/248/4 476/249/4 465/237/4
f 476/249/4 477/250/4 465/237/4
f 477/250/4 478/251/4 465/237/4
f 478/251/4 479/252/4 465/237/4
f 479/252/4 480/253/4 465/237/4
f 480/253/4 481/254/4 465/237/4
f 481/254/4 482/255/4 465/237/4
f 482/255/4 483/256/4 465/237/4
f 483/256/4 484/257/4 465/237/4
f 484/257/4 485/258/4 465/237/4
f 485/258/4 486/259/4 465/237/4
f 486/259/4 487/260/4 465/237/4
f 487/260/4 488/261/4 465/237/4
f 488/261/4 489/262/4 465/237/4
f 489/262/4 490/263/4 465/237/4
f 490/263/4 491/264/4 465/237/4
f 491/264/4 492/265/4 465/237/4
f 492/265/4 493/266/4 465/237/4
f 493/266/4 494/267/4 465/237/4
f 494/267/4 495/268/4 465/237/4
f 495/268/4 496/269/4 465/237/4
f 496/269/4 497/270/4 465/237/4
f 497/270/4 498/271/4 465/237/4
f 498/271/4 499/272/4 465/237/4
f 499/272/4 500/273/4 465/237/4
f 501/237/192 500/273/192 537/273/192
f 458/234/2 501/237/2 460/236/2
f 460/236/2 501/237/2 502/238/2
f 502/238/2 501/237/2 503/239/2
f 503/239/2 501/237/2 504/240/2
f 504/240/2 501/237/2 505/241/2
f 505/241/2 501/237/2 506/242/2
f 506/242/2 501/237/2 507/243/2
f 507/243/2 501/237/2 508/244/2
f 508/244/2 501/237/2 509/245/2
f 509/245/2 501/237/2 510/246/2
f 510/246/2 501/237/2 511/247/2
f 511/247/2 501/237/2 512/248/2
f 512/248/2 501/237/2 513/249/2
f 513/249/2 501/237/2 514/250/2
f 514/250/2 501/237/2 515/251/2
f 515/251/2 501/237/2 516/252/2
f 516/252/2 501/237/2 517/253/2
f 517/253/2 501/237/2 518/254/2
f 518/254/2 501/237/2 519/255/2
f 519/255/2 501/237/2 520/256/2
f 520/256/2 501/237/2 521/257/2
f 521/257/2 501/237/2 522/258/2
f 522/258/2 501/237/2 523/259/2
f 523/259/2 501/237/2 524/260/2
f 524/260/2 501/237/2 525/261/2
f 525/261/2 501/237/2 526/262/2
f 526/262/2 501/237/2 527/263/2
f 527/263/2 501/237/2 528/264/2
f 528/264/2 501/237/2 529/265/2
f 529/265/2 501/237/2 530/266/2
f 530/266/2 501/237/2 531/267/2
f 531/267/2 501/237/2 532/268/2
f 532/268/2 501/237/2 533/269/2
f 533/269/2 501/237/2 534/270/2
f 534/270/2 501/237/2 535/271/2
f 535/271/2 501/237/2 536/272/2
f 536/272/2 501/237/2 537/273/2
f 536/272/2 537/273/2 538/274/2
f 537/273/189 539/274/189 538/274/189
f 538/274/193 499/272/193 536/272/193
f 499/272/4 539/274/4 500/273/4
f 536/272/194 498/271/194 535/271/194
f 535/271/195 497/270/195 534/270/195
f 534/270/196 496/269/196 533/269/196
f 533/269/197 495/268/197 532/268/197
f 532/268/198 494/267/198 531/267/198
f 531/267/199 493/266/199 530/266/199
f 530/266/200 492/265/200 529/265/200
f 529/265/201 491/264/201 528/264/201
f 528/264/202 490/263/202 527/263/202
f 527/263/203 489/262/203 526/262/203
f 526/262/204 488/261/204 525/261/204
f 525/261/205 487/260/205 524/260/205
f 524/260/206 486/259/206 523/259/206
f 523/259/207 485/258/207 522/258/207
f 522/258/208 484/257/208 521/257/208
f 521/257/209 483/256/209 520/256/209
f 520/256/210 482/255/210 519/255/210
f 519/255/211 481/254/211 518/254/211
f 518/254/212 480/253/212 517/253/212
f 517/253/213 479/252/213 516/252/213
f 516/252/214 478/251/214 515/251/214
f 515/251/215 477/250/215 514/250/215
f 514/250/216 476/249/216 513/249/216
f 513/249/217 475/248/217 512/248/217
f 512/248/218 474/247/218 511/247/218
f 511/247/219 473/246/219 510/246/219
f 510/246/220 472/245/220 509/245/220
f 509/245/221 471/244/221 508/244/221
f 508/244/222 470/243/222 507/243/222
f 507/243/223 469/242/223 506/242/223
f 506/242/224 468/241/224 505/241/224
f 505/241/225 467/240/225 504/240/225
f 504/240/226 466/239/226 503/239/226
f 503/239/227 464/238/227 502/238/227
f 457/212/228 462/234/228 458/234/228
f 414/211/4 462/234/4 415/212/4
f 424/217/2 540/216/2 342/175/2
f 540/216/229 420/217/229 419/216/229
f 540/216/2 541/215/2 342/175/2
f 540/216/230 418/215/230 541/215/230
f 541/215/2 542/214/2 342/175/2
f 541/215/231 417/214/231 542/214/231
f 542/214/2 341/174/2 342/175/2
f 542/214/232 416/174/232 341/174/232
f 416/174/4 336/172/4 543/173/4
f 341/174/233 543/173/233 340/173/233
f 543/173/151 336/172/151 335/171/151
f 340/173/234 335/171/234 338/171/234
f 338/171/235 332/169/235 329/169/235
f 544/167/4 331/168/4 319/162/4
f 327/168/236 544/167/236 326/167/236
f 545/166/4 544/167/4 319/162/4
f 325/166/237 544/167/237 545/166/237
f 546/165/4 545/166/4 319/162/4
f 325/166/238 546/165/238 324/165/238
f 318/161/4 546/165/4 319/162/4
f 321/161/239 546/165/239 318/161/239
f 311/157/240 304/154/240 310/154/240
f 310/154/241 301/152/241 308/152/241
f 547/151/2 293/149/2 308/152/2
f 308/152/242 300/151/242 547/151/242
f 292/148/2 293/149/2 547/151/2
f 547/151/243 296/148/243 292/148/243
f 277/142/244 281/138/244 274/138/244
f 268/136/4 281/138/4 269/137/4
f 274/138/245 268/136/245 272/136/245
f 272/136/246 266/134/246 271/134/246
f 271/134/247 264/133/247 262/133/247
f 262/133/2 260/131/2 271/134/2
f 258/129/248 252/127/248 257/127/248
f 257/127/249 250/125/249 246/125/249
f 246/125/2 248/126/2 257/127/2
f 235/120/250 241/122/250 244/122/250
f 221/112/251 226/114/251 231/114/251
f 222/113/2 221/112/2 231/114/2
f 218/109/252 224/112/252 221/112/252
f 217/107/253 214/109/253 218/109/253
f 206/104/254 212/107/254 217/107/254
f 209/106/2 206/104/2 217/107/2
f 188/96/4 199/98/4 189/97/4
f 195/98/255 188/96/255 192/96/255
f 192/96/256 186/94/256 191/94/256
f 181/92/2 182/93/2 191/94/2
f 191/94/257 184/92/257 181/92/257
f 181/92/258 176/90/258 178/90/258
f 155/79/2 156/80/2 166/81/2
f 166/81/259 158/79/259 155/79/259
f 155/79/260 150/77/260 152/77/260
f 142/73/261 145/72/261 141/72/261
f 141/72/262 136/70/262 138/70/262
f 129/66/263 123/63/263 126/63/263
f 108/56/4 120/58/4 109/57/4
f 114/58/264 108/56/264 112/56/264
f 112/56/265 107/55/265 111/55/265
f 111/55/266 104/53/266 102/53/266
f 98/49/267 92/47/267 89/47/267
f 80/42/4 91/46/4 81/43/4
f 87/46/268 80/42/268 84/42/268
f 84/42/269 78/40/269 83/40/269
f 548/39/2 72/38/2 83/40/2
f 83/40/270 77/39/270 548/39/270
f 71/37/2 72/38/2 548/39/2
f 548/39/271 75/37/271 71/37/271
f 71/37/272 74/35/272 69/35/272
f 56/32/273 62/31/273 55/31/273
f 55/31/274 61/28/274 54/28/274
f 59/27/4 549/275/4 61/28/4
f 54/28/275 549/275/275 551/275/275
f 59/27/4 550/276/4 549/275/4
f 551/275/276 550/276/276 552/276/276
f 52/27/2 54/28/2 551/275/2
f 52/27/2 551/275/2 552/276/2
f 52/27/2 552/276/2 553/277/2
f 552/276/277 555/277/277 553/277/277
f 52/27/2 553/277/2 554/278/2
f 553/277/278 556/278/278 554/278/278
f 59/27/4 555/277/4 550/276/4
f 59/27/4 556/278/4 555/277/4
f 59/27/4 557/279/4 556/278/4
f 557/279/4 558/280/4 556/278/4
f 554/278/279 558/280/279 560/280/279
f 557/279/4 559/281/4 558/280/4
f 560/280/280 559/281/280 562/281/280
f 561/279/2 554/278/2 560/280/2
f 561/279/2 560/280/2 562/281/2
f 561/279/2 562/281/2 563/282/2
f 562/281/281 566/282/281 563/282/281
f 561/279/2 563/282/2 564/283/2
f 564/283/2 563/282/2 565/284/2
f 563/282/282 568/284/282 565/284/282
f 557/279/4 566/282/4 559/281/4
f 557/279/4 567/283/4 566/282/4
f 567/283/4 568/284/4 566/282/4
f 567/283/4 569/285/4 568/284/4
f 565/284/283 569/285/283 572/285/283
f 572/285/284 570/286/284 573/286/284
f 571/287/4 570/286/4 569/285/4
f 567/283/4 571/287/4 569/285/4
f 564/283/2 565/284/2 572/285/2
f 574/287/2 572/285/2 573/286/2
f 564/283/2 572/285/2 574/287/2
f 574/287/285 567/283/285 564/283/285
f 575/288/286 571/287/286 574/287/286
f 574/287/2 573/286/2 575/288/2
f 576/289/287 579/288/287 575/288/287
f 575/288/2 577/290/2 576/289/2
f 575/288/2 578/291/2 577/290/2
f 575/288/2 573/286/2 578/291/2
f 571/287/4 579/288/4 570/286/4
f 579/288/4 580/289/4 581/290/4
f 579/288/4 581/290/4 582/291/4
f 579/288/4 582/291/4 570/286/4
f 573/286/288 582/291/288 578/291/288
f 578/291/289 581/290/289 577/290/289
f 580/289/4 583/292/4 581/290/4
f 577/290/290 583/292/290 586/292/290
f 586/292/291 584/293/291 587/293/291
f 585/294/4 584/293/4 583/292/4
f 580/289/4 585/294/4 583/292/4
f 576/289/2 577/290/2 586/292/2
f 588/294/2 586/292/2 587/293/2
f 576/289/2 586/292/2 588/294/2
f 588/294/292 580/289/292 576/289/292
f 589/295/293 585/294/293 588/294/293
f 588/294/2 590/296/2 589/295/2
f 588/294/2 587/293/2 590/296/2
f 590/296/294 593/297/294 591/297/294
f 589/295/2 590/296/2 591/297/2
f 587/293/295 592/296/295 590/296/295
f 585/294/4 592/296/4 584/293/4
f 585/294/4 594/295/4 592/296/4
f 594/295/4 593/297/4 592/296/4
f 594/295/4 595/298/4 593/297/4
f 594/295/4 596/299/4 595/298/4
f 600/299/296 594/295/296 589/295/296
f 596/299/4 597/300/4 595/298/4
f 596/299/4 598/301/4 597/300/4
f 596/299/4 599/302/4 598/301/4
f 604/302/297 596/299/297 600/299/297
f 600/299/2 601/298/2 602/300/2
f 589/295/2 601/298/2 600/299/2
f 600/299/2 602/300/2 603/301/2
f 600/299/2 603/301/2 604/302/2
f 604/302/2 603/301/2 605/303/2
f 604/302/2 605/303/2 606/304/2
f 604/302/2 606/304/2 607/305/2
f 607/305/298 599/302/298 604/302/298
f 607/305/2 606/304/2 608/306/2
f 607/305/2 608/306/2 609/307/2
f 607/305/2 609/307/2 610/308/2
f 607/305/2 610/308/2 611/309/2
f 611/309/299 612/305/299 607/305/299
f 612/305/4 614/306/4 613/304/4
f 599/302/4 612/305/4 613/304/4
f 612/305/4 615/307/4 614/306/4
f 612/305/4 616/308/4 615/307/4
f 612/305/4 617/309/4 616/308/4
f 617/309/4 623/310/4 616/308/4
f 629/311/300 617/309/300 611/309/300
f 617/309/4 618/311/4 619/312/4
f 617/309/4 619/312/4 620/313/4
f 617/309/4 620/313/4 621/314/4
f 617/309/4 621/314/4 622/315/4
f 617/309/4 622/315/4 623/310/4
f 610/308/301 623/310/301 624/310/301
f 624/310/302 622/315/302 625/315/302
f 611/309/2 610/308/2 624/310/2
f 611/309/2 624/310/2 625/315/2
f 611/309/2 625/315/2 626/314/2
f 625/315/303 621/314/303 626/314/303
f 611/309/2 626/314/2 627/313/2
f 626/314/304 620/313/304 627/313/304
f 611/309/2 627/313/2 628/312/2
f 627/313/305 619/312/305 628/312/305
f 611/309/2 628/312/2 629/311/2
f 629/311/2 628/312/2 630/316/2
f 628/312/306 632/316/306 630/316/306
f 629/311/2 630/316/2 631/317/2
f 630/316/307 633/317/307 631/317/307
f 618/311/4 632/316/4 619/312/4
f 618/311/4 633/317/4 632/316/4
f 631/317/308 634/318/308 636/318/308
f 618/311/4 634/318/4 633/317/4
f 636/318/309 635/319/309 637/319/309
f 618/311/4 635/319/4 634/318/4
f 629/311/2 631/317/2 636/318/2
f 629/311/2 636/318/2 637/319/2
f 637/319/310 651/320/310 638/320/310
f 639/321/2 637/319/2 638/320/2
f 629/311/2 637/319/2 639/321/2
f 639/321/311 618/311/311 629/311/311
f 640/322/312 645/321/312 639/321/312
f 639/321/2 641/323/2 640/322/2
f 639/321/2 642/324/2 641/323/2
f 639/321/2 643/325/2 642/324/2
f 639/321/2 644/326/2 643/325/2
f 639/321/2 638/320/2 644/326/2
f 618/311/4 645/321/4 635/319/4
f 645/321/4 651/320/4 635/319/4
f 645/321/4 646/322/4 647/323/4
f 645/321/4 647/323/4 648/324/4
f 645/321/4 648/324/4 649/325/4
f 645/321/4 649/325/4 650/326/4
f 645/321/4 650/326/4 651/320/4
f 638/320/313 650/326/313 644/326/313
f 644/326/314 649/325/314 643/325/314
f 643/325/315 648/324/315 642/324/315
f 642/324/316 647/323/316 641/323/316
f 641/323/317 652/327/317 654/327/317
f 646/322/4 652/327/4 647/323/4
f 654/327/318 653/328/318 655/328/318
f 646/322/4 653/328/4 652/327/4
f 640/322/2 641/323/2 654/327/2
f 640/322/2 654/327/2 655/328/2
f 655/328/319 658/329/319 656/329/319
f 640/322/2 655/328/2 656/329/2
f 656/329/320 659/330/320 657/330/320
f 640/322/2 656/329/2 657/330/2
f 646/322/4 658/329/4 653/328/4
f 646/322/4 659/330/4 658/329/4
f 657/330/321 660/331/321 671/331/321
f 661/332/4 660/331/4 659/330/4
f 646/322/4 661/332/4 659/330/4
f 666/332/322 646/322/322 640/322/322
f 667/333/323 661/332/323 666/332/323
f 661/332/4 662/333/4 663/334/4
f 661/332/4 663/334/4 664/335/4
f 661/332/4 664/335/4 665/336/4
f 661/332/4 665/336/4 660/331/4
f 640/322/2 657/330/2 666/332/2
f 666/332/2 657/330/2 671/331/2
f 666/332/2 668/334/2 667/333/2
f 666/332/2 669/335/2 668/334/2
f 666/332/2 670/336/2 669/335/2
f 666/332/2 671/331/2 670/336/2
f 671/331/324 665/336/324 670/336/324
f 670/336/325 664/335/325 669/335/325
f 669/335/326 663/334/326 668/334/326
f 667/333/2 668/334/2 672/337/2
f 668/334/327 674/337/327 672/337/327
f 667/333/2 672/337/2 673/338/2
f 672/337/328 675/338/328 673/338/328
f 662/333/4 674/337/4 663/334/4
f 662/333/4 675/338/4 674/337/4
f 662/333/4 676/339/4 675/338/4
f 673/338/329 676/339/329 678/339/329
f 662/333/4 677/340/4 676/339/4
f 678/339/330 677/340/330 679/340/330
f 667/333/2 673/338/2 678/339/2
f 667/333/2 678/339/2 679/340/2
f 679/340/331 689/341/331 680/341/331
f 681/342/2 679/340/2 680/341/2
f 667/333/2 679/340/2 681/342/2
f 681/342/332 662/333/332 667/333/332
f 682/343/333 685/342/333 681/342/333
f 681/342/2 683/344/2 682/343/2
f 681/342/2 684/345/2 683/344/2
f 681/342/2 680/341/2 684/345/2
f 662/333/4 685/342/4 677/340/4
f 685/342/4 689/341/4 677/340/4
f 685/342/4 686/343/4 687/344/4
f 685/342/4 687/344/4 688/345/4
f 685/342/4 688/345/4 689/341/4
f 680/341/334 688/345/334 684/345/334
f 684/345/335 687/344/335 683/344/335
f 686/343/4 690/346/4 687/344/4
f 683/344/336 690/346/336 692/346/336
f 686/343/4 691/347/4 690/346/4
f 692/346/337 691/347/337 693/347/337
f 682/343/2 683/344/2 692/346/2
f 682/343/2 692/346/2 693/347/2
f 682/343/2 693/347/2 694/348/2
f 693/347/338 697/348/338 694/348/338
f 694/348/339 698/349/339 695/349/339
f 696/350/2 694/348/2 695/349/2
f 682/343/2 694/348/2 696/350/2
f 686/343/4 697/348/4 691/347/4
f 699/350/4 698/349/4 697/348/4
f 686/343/4 699/350/4 697/348/4
f 696/350/340 686/343/340 682/343/340
f 705/351/341 699/350/341 696/350/341
f 699/350/4 700/351/4 701/352/4
f 699/350/4 701/352/4 698/349/4
f 703/352/342 702/353/342 704/353/342
f 700/351/4 702/353/4 701/352/4
f 695/349/343 701/352/343 703/352/343
f 696/350/2 695/349/2 703/352/2
f 696/350/2 703/352/2 705/351/2
f 705/351/2 703/352/2 704/353/2
f 705/351/2 704/353/2 706/354/2
f 705/351/2 706/354/2 707/355/2
f 705/351/2 707/355/2 708/356/2
f 708/356/344 700/351/344 705/351/344
f 708/356/2 707/355/2 709/357/2
f 708/356/2 709/357/2 710/358/2
f 708/356/2 710/358/2 711/359/2
f 711/359/345 712/356/345 708/356/345
f 712/356/4 714/357/4 713/355/4
f 700/351/4 712/356/4 713/355/4
f 712/356/4 715/358/4 714/357/4
f 712/356/4 716/359/4 715/358/4
f 716/359/4 719/360/4 715/358/4
f 723/361/346 716/359/346 711/359/346
f 716/359/4 717/361/4 718/362/4
f 716/359/4 718/362/4 719/360/4
f 710/358/347 719/360/347 720/360/347
f 720/360/348 718/362/348 721/362/348
f 711/359/2 710/358/2 720/360/2
f 711/359/2 720/360/2 721/362/2
f 711/359/2 721/362/2 723/361/2
f 721/362/349 728/363/349 722/363/349
f 723/361/2 721/362/2 722/363/2
f 723/361/2 722/363/2 724/364/2
f 724/364/350 717/361/350 723/361/350
f 724/364/2 722/363/2 725/365/2
f 724/364/2 725/365/2 726/366/2
f 726/366/351 727/364/351 724/364/351
f 727/364/4 729/365/4 728/363/4
f 717/361/4 727/364/4 728/363/4
f 727/364/4 730/366/4 729/365/4
f 730/366/4 731/367/4 729/365/4
f 730/366/4 732/368/4 731/367/4
f 726/366/352 732/368/352 730/366/352
f 732/368/4 733/369/4 731/367/4
f 732/368/4 734/370/4 733/369/4
f 738/370/353 732/368/353 735/368/353
f 735/368/2 736/367/2 737/369/2
f 726/366/2 736/367/2 735/368/2
f 735/368/2 737/369/2 738/370/2
f 738/370/2 737/369/2 739/371/2
f 738/370/2 739/371/2 740/372/2
f 740/372/354 734/370/354 738/370/354
f 740/372/2 739/371/2 741/373/2
f 740/372/2 741/373/2 742/374/2
f 742/374/355 743/372/355 740/372/355
f 743/372/4 745/373/4 744/371/4
f 734/370/4 743/372/4 744/371/4
f 743/372/4 746/374/4 745/373/4
f 746/374/4 748/375/4 745/373/4
f 751/376/356 746/374/356 742/374/356
f 746/374/4 747/376/4 748/375/4
f 741/373/357 748/375/357 750/375/357
f 747/376/4 749/377/4 748/375/4
f 750/375/358 749/377/358 752/377/358
f 742/374/2 741/373/2 750/375/2
f 742/374/2 750/375/2 751/376/2
f 751/376/2 750/375/2 752/377/2
f 751/376/2 752/377/2 754/378/2
f 752/377/359 757/379/359 753/379/359
f 754/378/2 752/377/2 753/379/2
f 754/378/360 747/376/360 751/376/360
f 754/378/2 753/379/2 755/380/2
f 755/380/361 756/378/361 754/378/361
f 747/376/4 756/378/4 749/377/4
f 756/378/4 757/379/4 749/377/4
f 756/378/4 758/380/4 757/379/4
f 758/380/4 759/381/4 757/379/4
f 762/381/362 758/380/362 755/380/362
f 759/381/4 761/382/4 757/379/4
f 763/383/363 759/381/363 762/381/363
f 759/381/4 760/383/4 761/382/4
f 755/380/2 753/379/2 762/381/2
f 762/381/2 753/379/2 764/382/2
f 762/381/2 764/382/2 763/383/2
f 753/379/364 761/382/364 764/382/364
f 763/383/2 764/382/2 765/384/2
f 764/382/365 768/384/365 765/384/365
f 763/383/2 765/384/2 766/385/2
f 766/385/2 765/384/2 767/386/2
f 765/384/366 770/386/366 767/386/366
f 760/383/4 768/384/4 761/382/4
f 760/383/4 769/385/4 768/384/4
f 769/385/4 770/386/4 768/384/4
f 769/385/4 771/387/4 770/386/4
f 771/387/4 772/388/4 770/386/4
f 767/386/367 772/388/367 775/388/367
f 775/388/368 773/389/368 776/389/368
f 774/390/4 773/389/4 772/388/4
f 771/387/4 774/390/4 772/388/4
f 777/387/2 767/386/2 775/388/2
f 778/390/2 775/388/2 776/389/2
f 777/387/2 775/388/2 778/390/2
f 778/390/369 771/387/369 777/387/369
f 779/391/370 774/390/370 778/390/370
f 778/390/2 776/389/2 779/391/2
f 780/392/371 781/391/371 779/391/371
f 779/391/2 776/389/2 780/392/2
f 774/390/4 781/391/4 773/389/4
f 781/391/4 782/392/4 773/389/4
f 787/393/372 782/392/372 780/392/372
f 782/392/4 783/393/4 784/394/4
f 782/392/4 784/394/4 773/389/4
f 783/393/4 785/395/4 784/394/4
f 786/394/373 785/395/373 788/395/373
f 776/389/374 784/394/374 786/394/374
f 780/392/2 776/389/2 786/394/2
f 780/392/2 786/394/2 787/393/2
f 787/393/2 786/394/2 788/395/2
f 787/393/2 788/395/2 789/396/2
f 789/396/2 788/395/2 790/397/2
f 788/395/375 793/397/375 790/397/375
f 790/397/376 794/398/376 791/398/376
f 792/399/2 790/397/2 791/398/2
f 789/396/2 790/397/2 792/399/2
f 795/396/4 793/397/4 785/395/4
f 796/399/4 794/398/4 793/397/4
f 795/396/4 796/399/4 793/397/4
f 792/399/377 795/396/377 789/396/377
f 799/400/378 796/399/378 792/399/378
f 796/399/4 797/400/4 794/398/4
f 800/401/379 797/400/379 799/400/379
f 797/400/4 798/401/4 794/398/4
f 792/399/2 791/398/2 799/400/2
f 799/400/2 791/398/2 800/401/2
f 801/402/380 798/401/380 800/401/380
f 800/401/2 802/403/2 801/402/2
f 800/401/2 791/398/2 802/403/2
f 801/402/2 802/403/2 803/404/2
f 802/403/381 806/404/381 803/404/381
f 791/398/382 804/403/382 802/403/382
f 798/401/4 804/403/4 794/398/4
f 798/401/4 805/402/4 804/403/4
f 805/402/4 806/404/4 804/403/4
f 803/404/383 807/405/383 812/405/383
f 808/406/4 807/405/4 806/404/4
f 805/402/4 808/406/4 806/404/4
f 810/406/384 805/402/384 801/402/384
f 811/407/385 808/406/385 810/406/385
f 808/406/4 809/407/4 807/405/4
f 801/402/2 803/404/2 810/406/2
f 810/406/2 803/404/2 812/405/2
f 810/406/2 812/405/2 811/407/2
f 811/407/2 812/405/2 813/408/2
f 812/405/386 817/408/386 813/408/386
f 811/407/2 813/408/2 814/409/2
f 814/409/2 813/408/2 815/410/2
f 815/410/2 813/408/2 816/411/2
f 813/408/387 820/411/387 816/411/387
f 809/407/4 817/408/4 807/405/4
f 809/407/4 818/409/4 817/408/4
f 818/409/4 819/410/4 817/408/4
f 819/410/4 820/411/4 817/408/4
f 819/410/4 821/412/4 820/411/4
f 821/412/4 822/413/4 820/411/4
f 816/411/388 822/413/388 825/413/388
f 825/413/389 823/414/389 826/414/389
f 824/415/4 823/414/4 822/413/4
f 821/412/4 824/415/4 822/413/4
f 827/412/2 816/411/2 825/413/2
f 828/415/2 825/413/2 826/414/2
f 827/412/2 825/413/2 828/415/2
f 828/415/390 821/412/390 827/412/390
f 829/416/391 824/415/391 828/415/391
f 828/415/2 826/414/2 829/416/2
f 830/417/392 832/416/392 829/416/392
f 829/416/2 831/418/2 830/417/2
f 829/416/2 826/414/2 831/418/2
f 824/415/4 832/416/4 823/414/4
f 832/416/4 833/417/4 834/418/4
f 832/416/4 834/418/4 823/414/4
f 826/414/393 834/418/393 831/418/393
f 833/417/4 835/419/4 834/418/4
f 835/419/4 836/420/4 834/418/4
f 831/418/394 836/420/394 839/420/394
f 839/420/395 837/421/395 840/421/395
f 838/422/4 837/421/4 836/420/4
f 835/419/4 838/422/4 836/420/4
f 841/419/2 831/418/2 839/420/2
f 842/422/2 839/420/2 840/421/2
f 841/419/2 839/420/2 842/422/2
f 842/422/396 835/419/396 841/419/396
f 843/423/397 838/422/397 842/422/397
f 842/422/2 840/421/2 843/423/2
f 844/424/398 846/423/398 843/423/398
f 843/423/2 845/425/2 844/424/2
f 843/423/2 840/421/2 845/425/2
f 838/422/4 846/423/4 837/421/4
f 846/423/4 847/424/4 848/425/4
f 846/423/4 848/425/4 837/421/4
f 847/424/4 849/426/4 848/425/4
f 845/425/399 849/426/399 852/426/399
f 840/421/400 848/425/400 845/425/400
f 847/424/4 850/427/4 849/426/4
f 850/427/4 851/428/4 849/426/4
f 852/426/401 851/428/401 854/428/401
f 844/424/2 845/425/2 852/426/2
f 844/424/2 852/426/2 853/427/2
f 853/427/2 852/426/2 854/428/2
f 854/428/402 850/427/402 853/427/402
f 853/427/403 847/424/403 844/424/403
f 830/417/2 831/418/2 841/419/2
f 841/419/404 833/417/404 830/417/404
f 815/410/2 816/411/2 827/412/2
f 827/412/405 819/410/405 815/410/405
f 815/410/406 818/409/406 814/409/406
f 814/409/407 809/407/407 811/407/407
f 783/393/4 795/396/4 785/395/4
f 789/396/408 783/393/408 787/393/408
f 766/385/2 767/386/2 777/387/2
f 777/387/409 769/385/409 766/385/409
f 766/385/410 760/383/410 763/383/410
f 739/371/411 745/373/411 741/373/411
f 737/369/412 744/371/412 739/371/412
f 734/370/4 744/371/4 733/369/4
f 736/367/413 733/369/413 737/369/413
f 725/365/414 731/367/414 736/367/414
f 726/366/2 725/365/2 736/367/2
f 722/363/415 729/365/415 725/365/415
f 717/361/4 728/363/4 718/362/4
f 709/357/416 715/358/416 710/358/416
f 707/355/417 714/357/417 709/357/417
f 706/354/418 713/355/418 707/355/418
f 700/351/4 713/355/4 855/354/4
f 704/353/419 855/354/419 706/354/419
f 700/351/4 855/354/4 702/353/4
f 609/307/420 616/308/420 610/308/420
f 608/306/421 615/307/421 609/307/421
f 606/304/422 614/306/422 608/306/422
f 605/303/423 613/304/423 606/304/423
f 599/302/4 613/304/4 856/303/4
f 603/301/424 856/303/424 605/303/424
f 599/302/4 856/303/4 598/301/4
f 602/300/425 598/301/425 603/301/425
f 601/298/426 597/300/426 602/300/426
f 591/297/427 595/298/427 601/298/427
f 589/295/2 591/297/2 601/298/2
f 564/283/428 557/279/428 561/279/428
f 52/27/2 554/278/2 561/279/2
f 561/279/429 59/27/429 52/27/429
f 52/27/430 46/24/430 49/24/430
f 32/17/4 43/19/4 33/18/4
f 37/19/431 32/17/431 35/17/431
f 35/17/432 29/15/432 27/15/432
f 23/11/433 17/8/433 14/8/433
f 2/1/1 5/1/1 4/2/1
f 1/2/3 4/2/3 6/3/3
f 3/3/5 6/3/5 7/4/5
f 10/4/6 7/4/6 8/5/6
f 12/6/7 9/6/7 5/1/7
f 13/7/8 16/7/8 9/6/8
f 14/8/9 17/8/9 16/7/9
f 15/9/10 18/9/10 19/10/10
f 11/5/11 8/5/11 18/9/11
f 22/10/12 19/10/12 21/12/12
f 24/12/13 21/12/13 30/13/13
f 26/14/14 28/14/14 20/11/14
f 27/15/15 29/15/15 28/14/15
f 25/13/16 30/13/16 31/16/16
f 34/16/17 31/16/17 33/18/17
f 36/18/18 33/18/18 41/20/18
f 38/20/19 41/20/19 42/21/19
f 40/22/20 44/22/20 43/19/20
f 48/23/21 45/23/21 44/22/21
f 49/24/22 46/24/22 45/23/22
f 50/25/23 47/25/23 58/26/23
f 39/21/24 42/21/24 47/25/24
f 51/26/25 58/26/25 60/29/25
f 57/30/26 64/30/26 63/32/26
f 67/33/27 65/33/27 64/30/27
f 68/34/434 66/34/434 65/33/434
f 69/35/29 74/35/29 66/34/29
f 53/29/30 60/29/30 73/36/30
f 70/36/31 73/36/31 76/38/31
f 72/38/32 76/38/32 79/41/32
f 82/41/33 79/41/33 81/43/33
f 85/43/34 81/43/34 93/44/34
f 88/45/35 90/45/35 91/46/35
f 89/47/36 92/47/36 90/45/36
f 86/44/37 93/44/37 94/48/37
f 97/48/38 94/48/38 96/50/38
f 99/50/39 96/50/39 105/51/39
f 101/52/40 103/52/40 95/49/40
f 102/53/41 104/53/41 103/52/41
f 100/51/42 105/51/42 106/54/42
f 110/54/43 106/54/43 109/57/43
f 113/57/44 109/57/44 118/59/44
f 115/59/45 118/59/45 119/60/45
f 117/61/46 121/61/46 120/58/46
f 125/62/47 122/62/47 121/61/47
f 126/63/48 123/63/48 122/62/48
f 127/64/49 124/64/49 131/65/49
f 116/60/50 119/60/50 124/64/50
f 128/65/51 131/65/51 133/67/51
f 130/67/52 133/67/52 134/68/52
f 137/69/53 135/69/53 132/66/53
f 138/70/54 136/70/54 135/69/54
f 139/68/55 134/68/55 144/71/55
f 140/71/56 144/71/56 147/74/56
f 143/74/57 147/74/57 148/75/57
f 151/76/58 149/76/58 146/73/58
f 152/77/59 150/77/59 149/76/59
f 153/75/60 148/75/60 157/78/60
f 154/78/61 157/78/61 159/80/61
f 156/80/62 159/80/62 161/82/62
f 164/82/63 161/82/63 162/83/63
f 167/84/64 163/84/64 160/81/64
f 168/85/65 171/85/65 163/84/65
f 169/86/66 172/86/66 171/85/66
f 170/87/67 173/87/67 174/88/67
f 165/83/68 162/83/68 173/87/68
f 177/89/69 175/89/69 172/86/69
f 178/90/70 176/90/70 175/89/70
f 179/88/71 174/88/71 183/91/71
f 180/91/72 183/91/72 185/93/72
f 182/93/73 185/93/73 187/95/73
f 190/95/74 187/95/74 189/97/74
f 193/97/75 189/97/75 201/99/75
f 196/100/76 198/100/76 199/98/76
f 197/101/77 200/101/77 198/100/77
f 194/99/78 201/99/78 202/102/78
f 205/102/79 202/102/79 203/104/79
f 207/103/80 204/103/80 200/101/80
f 208/105/81 210/105/81 204/103/81
f 209/106/82 211/106/82 210/105/82
f 216/108/83 213/108/83 211/106/83
f 219/110/84 215/110/84 213/108/84
f 220/111/85 223/111/85 215/110/85
f 222/113/86 225/113/86 223/111/86
f 230/115/87 227/115/87 225/113/87
f 232/117/88 228/117/88 227/115/88
f 231/114/89 226/114/89 229/116/89
f 233/116/90 229/116/90 237/118/90
f 234/118/91 237/118/91 238/120/91
f 236/119/92 239/119/92 228/117/92
f 236/119/93 243/121/93 240/121/93
f 245/123/94 242/123/94 240/121/94
f 245/123/95 246/125/95 250/125/95
f 244/122/96 241/122/96 249/124/96
f 247/124/97 249/124/97 251/126/97
f 248/126/98 251/126/98 253/128/98
f 256/128/99 253/128/99 255/130/99
f 259/130/100 255/130/100 265/131/100
f 261/132/101 263/132/101 254/129/101
f 262/133/102 264/133/102 263/132/102
f 260/131/103 265/131/103 267/135/103
f 270/135/104 267/135/104 269/137/104
f 273/137/105 269/137/105 279/139/105
f 275/139/106 279/139/106 280/140/106
f 277/142/107 278/141/107 283/141/107
f 287/143/108 284/143/108 283/141/108
f 288/144/109 285/144/109 284/143/109
f 289/145/110 286/145/110 295/147/110
f 276/140/111 280/140/111 286/145/111
f 291/147/112 295/147/112 297/149/112
f 294/150/113 299/150/113 298/146/113
f 292/148/114 296/148/114 299/150/114
f 288/144/115 290/146/115 298/146/115
f 293/149/116 297/149/116 302/153/116
f 307/153/117 302/153/117 303/155/117
f 312/156/118 306/156/118 305/157/118
f 313/158/119 315/158/119 306/156/119
f 314/159/120 316/159/120 315/158/120
f 314/159/121 320/160/121 317/160/121
f 321/161/122 318/161/122 317/160/122
f 322/162/123 319/162/123 333/163/123
f 309/155/124 303/155/124 319/162/124
f 328/164/125 330/164/125 331/168/125
f 329/169/126 332/169/126 330/164/126
f 323/163/127 333/163/127 334/170/127
f 337/170/128 334/170/128 336/172/128
f 339/172/130 336/172/130 347/176/130
f 343/176/131 347/176/131 351/179/131
f 346/179/132 351/179/132 352/180/132
f 356/181/133 354/181/133 353/182/133
f 358/183/134 355/183/134 354/181/134
f 359/180/135 352/180/135 365/185/135
f 361/185/136 365/185/136 367/187/136
f 364/188/137 369/188/137 368/186/137
f 372/189/138 370/189/138 369/188/138
f 373/190/139 371/190/139 370/189/139
f 374/191/140 382/191/140 371/190/140
f 375/192/141 379/192/141 381/194/141
f 362/187/142 367/187/142 379/192/142
f 378/195/143 383/195/143 382/191/143
f 376/193/144 380/193/144 383/195/144
f 377/194/145 381/194/145 386/198/145
f 390/198/146 386/198/146 389/201/146
f 394/201/147 389/201/147 402/203/147
f 397/204/148 399/204/148 400/202/148
f 398/205/149 401/205/149 399/204/149
f 395/203/150 402/203/150 404/207/150
f 408/207/152 404/207/152 407/210/152
f 412/210/153 407/210/153 406/209/153
f 411/209/154 406/209/154 405/208/154
f 410/208/155 405/208/155 403/206/155
f 409/206/156 403/206/156 401/205/156
f 396/202/157 400/202/157 388/200/157
f 393/200/158 388/200/158 387/199/158
f 392/199/159 387/199/159 385/197/159
f 391/197/160 385/197/160 384/196/160
f 413/196/161 384/196/161 380/193/161
f 363/186/162 368/186/162 366/184/162
f 360/184/163 366/184/163 355/183/163
f 357/182/164 353/182/164 350/178/164
f 345/178/165 350/178/165 349/177/165
f 344/177/166 349/177/166 348/175/166
f 342/175/167 348/175/167 415/212/167
f 423/213/168 421/213/168 420/217/168
f 426/218/170 422/218/170 421/213/170
f 427/219/172 429/219/172 422/218/172
f 428/220/173 430/220/173 429/219/173
f 433/221/174 431/221/174 430/220/174
f 434/222/175 432/222/175 431/221/175
f 435/223/176 437/223/176 432/222/176
f 436/224/177 438/224/177 437/223/177
f 441/225/178 439/225/178 438/224/178
f 442/226/179 440/226/179 439/225/179
f 443/227/180 445/227/180 440/226/180
f 444/228/181 446/228/181 445/227/181
f 449/229/182 447/229/182 446/228/182
f 450/230/183 448/230/183 447/229/183
f 451/231/184 453/231/184 448/230/184
f 452/232/185 454/232/185 453/231/185
f 456/233/186 455/233/186 454/232/186
f 425/211/187 414/211/187 455/233/187
f 425/211/188 459/235/188 461/235/188
f 460/236/189 463/236/189 461/235/189
f 502/238/435 464/238/435 463/236/435
f 458/234/191 462/234/191 465/237/191
f 501/237/192 465/237/192 500/273/192
f 537/273/189 500/273/189 539/274/189
f 538/274/193 539/274/193 499/272/193
f 536/272/194 499/272/194 498/271/194
f 535/271/195 498/271/195 497/270/195
f 534/270/196 497/270/196 496/269/196
f 533/269/436 496/269/436 495/268/436
f 532/268/198 495/268/198 494/267/198
f 531/267/199 494/267/199 493/266/199
f 530/266/200 493/266/200 492/265/200
f 529/265/201 492/265/201 491/264/201
f 528/264/202 491/264/202 490/263/202
f 527/263/203 490/263/203 489/262/203
f 526/262/204 489/262/204 488/261/204
f 525/261/205 488/261/205 487/260/205
f 524/260/206 487/260/206 486/259/206
f 523/259/437 486/259/437 485/258/437
f 522/258/208 485/258/208 484/257/208
f 521/257/209 484/257/209 483/256/209
f 520/256/210 483/256/210 482/255/210
f 519/255/211 482/255/211 481/254/211
f 518/254/212 481/254/212 480/253/212
f 517/253/213 480/253/213 479/252/213
f 516/252/214 479/252/214 478/251/214
f 515/251/215 478/251/215 477/250/215
f 514/250/216 477/250/216 476/249/216
f 513/249/217 476/249/217 475/248/217
f 512/248/218 475/248/218 474/247/218
f 511/247/219 474/247/219 473/246/219
f 510/246/220 473/246/220 472/245/220
f 509/245/221 472/245/221 471/244/221
f 508/244/222 471/244/222 470/243/222
f 507/243/223 470/243/223 469/242/223
f 506/242/224 469/242/224 468/241/224
f 505/241/225 468/241/225 467/240/225
f 504/240/226 467/240/226 466/239/226
f 503/239/227 466/239/227 464/238/227
f 457/212/228 415/212/228 462/234/228
f 540/216/229 424/217/229 420/217/229
f 540/216/230 419/216/230 418/215/230
f 541/215/231 418/215/231 417/214/231
f 542/214/232 417/214/232 416/174/232
f 341/174/233 416/174/233 543/173/233
f 340/173/234 543/173/234 335/171/234
f 338/171/235 335/171/235 332/169/235
f 327/168/236 331/168/236 544/167/236
f 325/166/237 326/167/237 544/167/237
f 325/166/238 545/166/238 546/165/238
f 321/161/239 324/165/239 546/165/239
f 311/157/240 305/157/240 304/154/240
f 310/154/241 304/154/241 301/152/241
f 308/152/242 301/152/242 300/151/242
f 547/151/243 300/151/243 296/148/243
f 277/142/244 282/142/244 281/138/244
f 274/138/245 281/138/245 268/136/245
f 272/136/246 268/136/246 266/134/246
f 271/134/247 266/134/247 264/133/247
f 258/129/248 254/129/248 252/127/248
f 257/127/249 252/127/249 250/125/249
f 235/120/250 238/120/250 241/122/250
f 221/112/251 224/112/251 226/114/251
f 218/109/252 214/109/252 224/112/252
f 217/107/253 212/107/253 214/109/253
f 206/104/254 203/104/254 212/107/254
f 195/98/255 199/98/255 188/96/255
f 192/96/256 188/96/256 186/94/256
f 191/94/257 186/94/257 184/92/257
f 181/92/258 184/92/258 176/90/258
f 166/81/259 160/81/259 158/79/259
f 155/79/260 158/79/260 150/77/260
f 142/73/261 146/73/261 145/72/261
f 141/72/262 145/72/262 136/70/262
f 129/66/263 132/66/263 123/63/263
f 114/58/264 120/58/264 108/56/264
f 112/56/265 108/56/265 107/55/265
f 111/55/266 107/55/266 104/53/266
f 98/49/267 95/49/267 92/47/267
f 87/46/268 91/46/268 80/42/268
f 84/42/269 80/42/269 78/40/269
f 83/40/438 78/40/438 77/39/438
f 548/39/271 77/39/271 75/37/271
f 71/37/272 75/37/272 74/35/272
f 56/32/273 63/32/273 62/31/273
f 55/31/274 62/31/274 61/28/274
f 54/28/275 61/28/275 549/275/275
f 551/275/276 549/275/276 550/276/276
f 552/276/277 550/276/277 555/277/277
f 553/277/278 555/277/278 556/278/278
f 554/278/279 556/278/279 558/280/279
f 560/280/280 558/280/280 559/281/280
f 562/281/281 559/281/281 566/282/281
f 563/282/282 566/282/282 568/284/282
f 565/284/283 568/284/283 569/285/283
f 572/285/284 569/285/284 570/286/284
f 574/287/285 571/287/285 567/283/285
f 575/288/286 579/288/286 571/287/286
f 576/289/287 580/289/287 579/288/287
f 573/286/288 570/286/288 582/291/288
f 578/291/289 582/291/289 581/290/289
f 577/290/290 581/290/290 583/292/290
f 586/292/291 583/292/291 584/293/291
f 588/294/292 585/294/292 580/289/292
f 589/295/293 594/295/293 585/294/293
f 590/296/294 592/296/294 593/297/294
f 587/293/295 584/293/295 592/296/295
f 600/299/296 596/299/296 594/295/296
f 604/302/297 599/302/297 596/299/297
f 607/305/298 612/305/298 599/302/298
f 611/309/299 617/309/299 612/305/299
f 629/311/300 618/311/300 617/309/300
f 610/308/301 616/308/301 623/310/301
f 624/310/302 623/310/302 622/315/302
f 625/315/303 622/315/303 621/314/303
f 626/314/304 621/314/304 620/313/304
f 627/313/305 620/313/305 619/312/305
f 628/312/306 619/312/306 632/316/306
f 630/316/439 632/316/439 633/317/439
f 631/317/440 633/317/440 634/318/440
f 636/318/309 634/318/309 635/319/309
f 637/319/441 635/319/441 651/320/441
f 639/321/311 645/321/311 618/311/311
f 640/322/312 646/322/312 645/321/312
f 638/320/313 651/320/313 650/326/313
f 644/326/314 650/326/314 649/325/314
f 643/325/315 649/325/315 648/324/315
f 642/324/316 648/324/316 647/323/316
f 641/323/317 647/323/317 652/327/317
f 654/327/442 652/327/442 653/328/442
f 655/328/319 653/328/319 658/329/319
f 656/329/320 658/329/320 659/330/320
f 657/330/443 659/330/443 660/331/443
f 666/332/322 661/332/322 646/322/322
f 667/333/323 662/333/323 661/332/323
f 671/331/444 660/331/444 665/336/444
f 670/336/325 665/336/325 664/335/325
f 669/335/445 664/335/445 663/334/445
f 668/334/327 663/334/327 674/337/327
f 672/337/328 674/337/328 675/338/328
f 673/338/446 675/338/446 676/339/446
f 678/339/447 676/339/447 677/340/447
f 679/340/331 677/340/331 689/341/331
f 681/342/332 685/342/332 662/333/332
f 682/343/333 686/343/333 685/342/333
f 680/341/334 689/341/334 688/345/334
f 684/345/448 688/345/448 687/344/448
f 683/344/336 687/344/336 690/346/336
f 692/346/337 690/346/337 691/347/337
f 693/347/338 691/347/338 697/348/338
f 694/348/339 697/348/339 698/349/339
f 696/350/340 699/350/340 686/343/340
f 705/351/341 700/351/341 699/350/341
f 703/352/342 701/352/342 702/353/342
f 695/349/343 698/349/343 701/352/343
f 708/356/344 712/356/344 700/351/344
f 711/359/345 716/359/345 712/356/345
f 723/361/346 717/361/346 716/359/346
f 710/358/347 715/358/347 719/360/347
f 720/360/348 719/360/348 718/362/348
f 721/362/349 718/362/349 728/363/349
f 724/364/350 727/364/350 717/361/350
f 726/366/351 730/366/351 727/364/351
f 726/366/352 735/368/352 732/368/352
f 738/370/353 734/370/353 732/368/353
f 740/372/354 743/372/354 734/370/354
f 742/374/355 746/374/355 743/372/355
f 751/376/356 747/376/356 746/374/356
f 741/373/357 745/373/357 748/375/357
f 750/375/358 748/375/358 749/377/358
f 752/377/359 749/377/359 757/379/359
f 754/378/360 756/378/360 747/376/360
f 755/380/361 758/380/361 756/378/361
f 762/381/362 759/381/362 758/380/362
f 763/383/449 760/383/449 759/381/449
f 753/379/364 757/379/364 761/382/364
f 764/382/365 761/382/365 768/384/365
f 765/384/366 768/384/366 770/386/366
f 767/386/367 770/386/367 772/388/367
f 775/388/368 772/388/368 773/389/368
f 778/390/369 774/390/369 771/387/369
f 779/391/370 781/391/370 774/390/370
f 780/392/371 782/392/371 781/391/371
f 787/393/372 783/393/372 782/392/372
f 786/394/373 784/394/373 785/395/373
f 776/389/374 773/389/374 784/394/374
f 788/395/375 785/395/375 793/397/375
f 790/397/376 793/397/376 794/398/376
f 792/399/377 796/399/377 795/396/377
f 799/400/378 797/400/378 796/399/378
f 800/401/379 798/401/379 797/400/379
f 801/402/380 805/402/380 798/401/380
f 802/403/381 804/403/381 806/404/381
f 791/398/382 794/398/382 804/403/382
f 803/404/383 806/404/383 807/405/383
f 810/406/384 808/406/384 805/402/384
f 811/407/385 809/407/385 808/406/385
f 812/405/386 807/405/386 817/408/386
f 813/408/387 817/408/387 820/411/387
f 816/411/450 820/411/450 822/413/450
f 825/413/389 822/413/389 823/414/389
f 828/415/390 824/415/390 821/412/390
f 829/416/451 832/416/451 824/415/451
f 830/417/392 833/417/392 832/416/392
f 826/414/393 823/414/393 834/418/393
f 831/418/394 834/418/394 836/420/394
f 839/420/395 836/420/395 837/421/395
f 842/422/396 838/422/396 835/419/396
f 843/423/397 846/423/397 838/422/397
f 844/424/398 847/424/398 846/423/398
f 845/425/399 848/425/399 849/426/399
f 840/421/400 837/421/400 848/425/400
f 852/426/401 849/426/401 851/428/401
f 854/428/402 851/428/402 850/427/402
f 853/427/403 850/427/403 847/424/403
f 841/419/404 835/419/404 833/417/404
f 827/412/405 821/412/405 819/410/405
f 815/410/406 819/410/406 818/409/406
f 814/409/407 818/409/407 809/407/407
f 789/396/408 795/396/408 783/393/408
f 777/387/409 771/387/409 769/385/409
f 766/385/410 769/385/410 760/383/410
f 739/371/411 744/371/411 745/373/411
f 737/369/412 733/369/412 744/371/412
f 736/367/413 731/367/413 733/369/413
f 725/365/414 729/365/414 731/367/414
f 722/363/415 728/363/415 729/365/415
f 709/357/452 714/357/452 715/358/452
f 707/355/417 713/355/417 714/357/417
f 706/354/418 855/354/418 713/355/418
f 704/353/419 702/353/419 855/354/419
f 609/307/420 615/307/420 616/308/420
f 608/306/421 614/306/421 615/307/421
f 606/304/422 613/304/422 614/306/422
f 605/303/453 856/303/453 613/304/453
f 603/301/424 598/301/424 856/303/424
f 602/300/425 597/300/425 598/301/425
f 601/298/426 595/298/426 597/300/426
f 591/297/427 593/297/427 595/298/427
f 564/283/428 567/283/428 557/279/428
f 561/279/429 557/279/429 59/27/429
f 52/27/430 59/27/430 46/24/430
f 37/19/431 43/19/431 32/17/431
f 35/17/432 32/17/432 29/15/432
f 23/11/433 20/11/433 17/8/433
