# Blender 4.4.1
# www.blender.org
mtllib 6.mtl
o 6
v -0.033491 -0.221580 0.050000
v -0.040956 -0.221432 0.050000
v -0.026549 -0.221459 0.050000
v -0.033491 -0.221580 -0.050000
v -0.040956 -0.221432 -0.050000
v -0.026549 -0.221459 -0.050000
v -0.019670 -0.221095 -0.050000
v -0.012854 -0.220490 -0.050000
v -0.048242 -0.220989 -0.050000
v -0.019670 -0.221095 0.050000
v -0.012854 -0.220490 0.050000
v -0.048242 -0.220989 0.050000
v -0.055349 -0.220250 0.050000
v -0.062276 -0.219216 0.050000
v -0.006101 -0.219643 0.050000
v -0.055349 -0.220250 -0.050000
v -0.062276 -0.219216 -0.050000
v -0.006101 -0.219643 -0.050000
v 0.000590 -0.218553 -0.050000
v -0.069024 -0.217887 -0.050000
v 0.007217 -0.217221 -0.050000
v 0.000590 -0.218553 0.050000
v -0.069024 -0.217887 0.050000
v 0.007217 -0.217221 0.050000
v -0.075593 -0.216262 0.050000
v 0.013781 -0.215647 0.050000
v 0.020283 -0.213831 0.050000
v -0.081983 -0.214342 0.050000
v 0.013781 -0.215647 -0.050000
v 0.020283 -0.213831 -0.050000
v -0.075593 -0.216262 -0.050000
v -0.081983 -0.214342 -0.050000
v -0.088194 -0.212127 -0.050000
v -0.094226 -0.209616 -0.050000
v 0.026721 -0.211773 -0.050000
v -0.088194 -0.212127 0.050000
v -0.094226 -0.209616 0.050000
v 0.026721 -0.211773 0.050000
v 0.033097 -0.209473 0.050000
v 0.039409 -0.206930 0.050000
v 0.033097 -0.209473 -0.050000
v 0.039409 -0.206930 -0.050000
v -0.100078 -0.206809 -0.050000
v 0.045658 -0.204146 -0.050000
v 0.051816 -0.201156 -0.050000
v -0.014493 -0.201422 -0.050000
v -0.019156 -0.202403 -0.050000
v -0.023946 -0.203165 -0.050000
v -0.028861 -0.203710 -0.050000
v -0.033902 -0.204037 -0.050000
v -0.039070 -0.204146 -0.050000
v 0.045658 -0.204146 0.050000
v 0.051816 -0.201156 0.050000
v -0.014493 -0.201422 0.050000
v -0.019156 -0.202403 0.050000
v -0.023946 -0.203165 0.050000
v -0.028861 -0.203710 0.050000
v -0.033902 -0.204037 0.050000
v -0.039070 -0.204146 0.050000
v -0.100078 -0.206809 0.050000
v -0.044307 -0.204003 0.050000
v -0.105751 -0.203708 0.050000
v -0.049327 -0.203574 0.050000
v -0.054128 -0.202860 0.050000
v -0.058712 -0.201860 0.050000
v -0.063077 -0.200574 0.050000
v -0.111245 -0.200310 0.050000
v -0.105751 -0.203708 -0.050000
v -0.044307 -0.204003 -0.050000
v -0.049327 -0.203574 -0.050000
v -0.054128 -0.202860 -0.050000
v -0.058712 -0.201860 -0.050000
v -0.063077 -0.200574 -0.050000
v -0.111245 -0.200310 -0.050000
v -0.067225 -0.199003 -0.050000
v -0.071155 -0.197146 -0.050000
v -0.116546 -0.196657 -0.050000
v -0.074867 -0.195003 -0.050000
v -0.121638 -0.192785 -0.050000
v -0.116546 -0.196657 0.050000
v -0.071155 -0.197146 0.050000
v -0.074867 -0.195003 0.050000
v -0.121638 -0.192785 0.050000
v -0.126522 -0.188695 0.050000
v -0.081637 -0.189860 0.050000
v -0.078361 -0.192574 0.050000
v -0.078361 -0.192574 -0.050000
v -0.081637 -0.189860 -0.050000
v -0.084695 -0.186860 -0.050000
v -0.126522 -0.188695 -0.050000
v -0.131197 -0.184388 -0.050000
v -0.087536 -0.183574 -0.050000
v -0.090153 -0.179944 -0.050000
v -0.135665 -0.179862 -0.050000
v -0.131197 -0.184388 0.050000
v -0.084695 -0.186860 0.050000
v -0.087536 -0.183574 0.050000
v -0.090153 -0.179944 0.050000
v -0.135665 -0.179862 0.050000
v -0.139924 -0.175119 0.050000
v -0.092543 -0.175913 0.050000
v -0.094705 -0.171479 0.050000
v -0.092543 -0.175913 -0.050000
v -0.139924 -0.175119 -0.050000
v -0.094705 -0.171479 -0.050000
v -0.143975 -0.170157 -0.050000
v -0.096640 -0.166644 -0.050000
v -0.147818 -0.164978 -0.050000
v -0.098347 -0.161407 -0.050000
v -0.096640 -0.166644 0.050000
v -0.143975 -0.170157 0.050000
v -0.147818 -0.164978 0.050000
v -0.098347 -0.161407 0.050000
v -0.099826 -0.155767 0.050000
v -0.151452 -0.159581 0.050000
v -0.154878 -0.153966 0.050000
v -0.151452 -0.159581 -0.050000
v -0.154878 -0.153966 -0.050000
v -0.099826 -0.155767 -0.050000
v -0.101078 -0.149726 -0.050000
v -0.158096 -0.148133 -0.050000
v -0.102102 -0.143283 -0.050000
v -0.101078 -0.149726 0.050000
v -0.158096 -0.148133 0.050000
v -0.102102 -0.143283 0.050000
v -0.161106 -0.142082 0.050000
v -0.102899 -0.136438 0.050000
v -0.103468 -0.129190 0.050000
v -0.163890 -0.135854 0.050000
v -0.166433 -0.129491 0.050000
v -0.102899 -0.136438 -0.050000
v -0.103468 -0.129190 -0.050000
v -0.161106 -0.142082 -0.050000
v -0.163890 -0.135854 -0.050000
v -0.166433 -0.129491 -0.050000
v -0.168733 -0.122992 -0.050000
v -0.170791 -0.116357 -0.050000
v -0.103809 -0.121541 -0.050000
v -0.168733 -0.122992 0.050000
v -0.170791 -0.116357 0.050000
v -0.103809 -0.121541 0.050000
v -0.103923 -0.113490 0.050000
v -0.172607 -0.109587 0.050000
v -0.103892 -0.108955 0.050000
v -0.103923 -0.113490 -0.050000
v -0.172607 -0.109587 -0.050000
v -0.103892 -0.108955 -0.050000
v -0.103797 -0.104415 -0.050000
v -0.103640 -0.099870 -0.050000
v -0.174181 -0.102681 -0.050000
v -0.103797 -0.104415 0.050000
v -0.103640 -0.099870 0.050000
v -0.174181 -0.102681 0.050000
v -0.175513 -0.095640 0.050000
v -0.176603 -0.088463 0.050000
v -0.103136 -0.090766 0.050000
v -0.103420 -0.095321 0.050000
v -0.175513 -0.095640 -0.050000
v -0.176603 -0.088463 -0.050000
v -0.103136 -0.090766 -0.050000
v -0.103420 -0.095321 -0.050000
v -0.102790 -0.086207 -0.050000
v -0.102381 -0.081642 -0.050000
v -0.102790 -0.086207 0.050000
v -0.102381 -0.081642 0.050000
v -0.101909 -0.077073 0.050000
v -0.177450 -0.081151 0.050000
v -0.178055 -0.073703 0.050000
v -0.177450 -0.081151 -0.050000
v -0.178055 -0.073703 -0.050000
v -0.101909 -0.077073 -0.050000
v -0.101374 -0.072499 -0.050000
v -0.100775 -0.067921 -0.050000
v -0.101374 -0.072499 0.050000
v -0.100775 -0.067921 0.050000
v -0.178419 -0.066119 0.050000
v -0.100114 -0.063337 0.050000
v -0.099391 -0.058748 0.050000
v -0.100114 -0.063337 -0.050000
v -0.178419 -0.066119 -0.050000
v -0.099391 -0.058748 -0.050000
v -0.178540 -0.058400 -0.050000
v -0.098623 -0.054182 -0.050000
v -0.097831 -0.049664 -0.050000
v -0.098623 -0.054182 0.050000
v -0.178540 -0.058400 0.050000
v -0.097831 -0.049664 0.050000
v -0.178392 -0.049465 0.050000
v -0.097015 -0.045194 0.050000
v -0.096175 -0.040772 0.050000
v -0.097015 -0.045194 -0.050000
v -0.178392 -0.049465 -0.050000
v -0.096175 -0.040772 -0.050000
v -0.095311 -0.036399 -0.050000
v -0.177949 -0.040559 -0.050000
v -0.177210 -0.031683 -0.050000
v -0.094422 -0.032075 -0.050000
v -0.177949 -0.040559 0.050000
v -0.177210 -0.031683 0.050000
v -0.094422 -0.032075 0.050000
v -0.095311 -0.036399 0.050000
v -0.093509 -0.027799 0.050000
v -0.092572 -0.023571 0.050000
v -0.093509 -0.027799 -0.050000
v -0.092572 -0.023571 -0.050000
v -0.176177 -0.022835 -0.050000
v -0.091611 -0.019392 -0.050000
v -0.090625 -0.015261 -0.050000
v -0.091611 -0.019392 0.050000
v -0.176177 -0.022835 0.050000
v -0.090625 -0.015261 0.050000
v -0.089615 -0.011179 0.050000
v -0.174847 -0.014016 0.050000
v -0.173223 -0.005227 0.050000
v -0.088582 -0.007145 0.050000
v -0.174847 -0.014016 -0.050000
v -0.173223 -0.005227 -0.050000
v -0.088582 -0.007145 -0.050000
v -0.089615 -0.011179 -0.050000
v -0.087535 -0.003190 -0.050000
v -0.086489 0.000652 -0.050000
v -0.087535 -0.003190 0.050000
v -0.086489 0.000652 0.050000
v -0.171302 0.003534 0.050000
v -0.085443 0.004384 0.050000
v -0.084397 0.008003 0.050000
v -0.085443 0.004384 -0.050000
v -0.171302 0.003534 -0.050000
v -0.084397 0.008003 -0.050000
v -0.083351 0.011512 -0.050000
v -0.169087 0.012265 -0.050000
v -0.082305 0.014909 -0.050000
v -0.083351 0.011512 0.050000
v -0.169087 0.012265 0.050000
v -0.082305 0.014909 0.050000
v -0.081259 0.018195 0.050000
v -0.166576 0.020967 0.050000
v -0.080213 0.021369 0.050000
v -0.081259 0.018195 -0.050000
v -0.166576 0.020967 -0.050000
v -0.080213 0.021369 -0.050000
v -0.079167 0.024432 -0.050000
v -0.078121 0.027384 -0.050000
v -0.079167 0.024432 0.050000
v -0.078121 0.027384 0.050000
v -0.077075 0.030224 0.050000
v -0.163770 0.029641 0.050000
v -0.160668 0.038285 0.050000
v -0.071265 0.037953 0.050000
v -0.076029 0.032953 0.050000
v -0.163770 0.029641 -0.050000
v -0.160668 0.038285 -0.050000
v -0.071265 0.037953 -0.050000
v -0.076029 0.032953 -0.050000
v -0.077075 0.030224 -0.050000
v -0.066499 0.042726 -0.050000
v -0.061734 0.047271 -0.050000
v -0.157271 0.046900 -0.050000
v -0.066499 0.042726 0.050000
v -0.061734 0.047271 0.050000
v -0.157271 0.046900 0.050000
v -0.153619 0.055457 0.050000
v -0.056969 0.051588 0.050000
v -0.052203 0.055677 0.050000
v -0.056969 0.051588 -0.050000
v -0.052203 0.055678 -0.050000
v -0.153619 0.055457 -0.050000
v -0.047438 0.059540 -0.050000
v -0.042673 0.063174 -0.050000
v -0.149755 0.063927 -0.050000
v -0.037908 0.066581 -0.050000
v -0.033142 0.069760 -0.050000
v -0.145677 0.072310 -0.050000
v -0.149755 0.063927 0.050000
v -0.042673 0.063174 0.050000
v -0.037908 0.066581 0.050000
v -0.033142 0.069760 0.050000
v -0.145677 0.072310 0.050000
v -0.028377 0.072712 0.050000
v -0.023612 0.075436 0.050000
v -0.055806 0.076189 0.050000
v -0.057898 0.078281 0.050000
v -0.141387 0.080605 0.050000
v -0.056532 0.083971 0.050000
v -0.136883 0.088814 0.050000
v -0.141387 0.080605 -0.050000
v -0.057898 0.078281 -0.050000
v -0.056532 0.083971 -0.050000
v -0.136883 0.088814 -0.050000
v -0.054992 0.089651 -0.050000
v -0.053278 0.095322 -0.050000
v -0.132166 0.096935 -0.050000
v -0.127236 0.104969 -0.050000
v -0.051389 0.100983 -0.050000
v -0.132166 0.096935 0.050000
v -0.053278 0.095322 0.050000
v -0.127236 0.104969 0.050000
v -0.051389 0.100983 0.050000
v -0.049326 0.106635 0.050000
v -0.047089 0.112277 0.050000
v -0.049326 0.106635 -0.050000
v -0.047089 0.112277 -0.050000
v -0.122093 0.112916 -0.050000
v -0.044677 0.117909 -0.050000
v -0.116737 0.120776 -0.050000
v -0.042092 0.123531 -0.050000
v -0.044677 0.117909 0.050000
v -0.122093 0.112916 0.050000
v -0.116737 0.120776 0.050000
v -0.042092 0.123531 0.050000
v -0.039331 0.129144 0.050000
v -0.111168 0.128548 0.050000
v -0.105386 0.136234 0.050000
v -0.036397 0.134747 0.050000
v -0.111168 0.128548 -0.050000
v -0.105386 0.136234 -0.050000
v -0.036397 0.134747 -0.050000
v -0.039331 0.129144 -0.050000
v -0.033288 0.140340 -0.050000
v -0.099391 0.143832 -0.050000
v -0.030004 0.145924 -0.050000
v -0.033288 0.140340 0.050000
v -0.099391 0.143832 0.050000
v -0.030004 0.145924 0.050000
v -0.026561 0.151469 0.050000
v -0.093221 0.151311 0.050000
v -0.086916 0.158641 0.050000
v -0.022973 0.156946 0.050000
v -0.093221 0.151311 -0.050000
v -0.086916 0.158641 -0.050000
v -0.022973 0.156946 -0.050000
v -0.026561 0.151469 -0.050000
v -0.019239 0.162355 -0.050000
v -0.080475 0.165820 -0.050000
v -0.015360 0.167697 -0.050000
v -0.019239 0.162355 0.050000
v -0.080475 0.165820 0.050000
v -0.015360 0.167697 0.050000
v -0.073899 0.172849 0.050000
v -0.011336 0.172970 0.050000
v -0.007166 0.178176 0.050000
v -0.011336 0.172970 -0.050000
v -0.007166 0.178176 -0.050000
v -0.073899 0.172849 -0.050000
v -0.067187 0.179728 -0.050000
v -0.060339 0.186457 -0.050000
v -0.002851 0.183314 -0.050000
v -0.067187 0.179728 0.050000
v -0.060339 0.186457 0.050000
v -0.002851 0.183314 0.050000
v 0.001609 0.188385 0.050000
v -0.053356 0.193036 0.050000
v 0.006214 0.193387 0.050000
v 0.001609 0.188385 -0.050000
v -0.053356 0.193036 -0.050000
v 0.006214 0.193387 -0.050000
v 0.010965 0.198322 -0.050000
v -0.046237 0.199465 -0.050000
v 0.015861 0.203189 -0.050000
v 0.010965 0.198322 0.050000
v -0.046237 0.199465 0.050000
v 0.015861 0.203189 0.050000
v -0.038983 0.205743 0.050000
v 0.020902 0.207988 0.050000
v -0.031593 0.211872 0.050000
v 0.026077 0.212688 0.050000
v 0.020902 0.207988 -0.050000
v -0.038983 0.205743 -0.050000
v -0.031593 0.211872 -0.050000
v 0.026077 0.212688 -0.050000
v 0.031372 0.217257 -0.050000
v 0.036789 0.221695 -0.050000
v -0.024067 0.217850 -0.050000
v 0.031372 0.217257 0.050000
v 0.036789 0.221695 0.050000
v -0.024067 0.217850 0.050000
v -0.016406 0.223678 0.050000
v -0.008653 0.229327 0.050000
v 0.042327 0.226003 0.050000
v -0.016406 0.223678 -0.050000
v -0.008653 0.229327 -0.050000
v 0.042327 0.226003 -0.050000
v 0.047985 0.230180 -0.050000
v 0.053765 0.234226 -0.050000
v 0.047985 0.230180 0.050000
v 0.053765 0.234226 0.050000
v -0.000851 0.234768 0.050000
v 0.059666 0.238141 0.050000
v 0.006999 0.240001 0.050000
v 0.065688 0.241926 0.050000
v 0.059666 0.238141 -0.050000
v 0.006999 0.240001 -0.050000
v 0.065688 0.241926 -0.050000
v -0.000851 0.234768 -0.050000
v 0.014897 0.245025 -0.050000
v 0.071831 0.245579 -0.050000
v 0.078095 0.249103 -0.050000
v 0.071831 0.245579 0.050000
v 0.014897 0.245025 0.050000
v 0.078095 0.249103 0.050000
v 0.022844 0.249841 0.050000
v 0.084480 0.252495 0.050000
v 0.090986 0.255756 0.050000
v 0.030840 0.254449 0.050000
v 0.084480 0.252495 -0.050000
v 0.090986 0.255756 -0.050000
v 0.022844 0.249841 -0.050000
v 0.030840 0.254449 -0.050000
v 0.038883 0.258849 -0.050000
v 0.046976 0.263040 -0.050000
v 0.104323 0.261752 -0.050000
v 0.097604 0.258853 -0.050000
v 0.038883 0.258849 0.050000
v 0.046976 0.263040 0.050000
v 0.104323 0.261752 0.050000
v 0.097604 0.258853 0.050000
v 0.111144 0.264452 0.050000
v 0.118067 0.266953 0.050000
v 0.111144 0.264452 -0.050000
v 0.118067 0.266953 -0.050000
v 0.125091 0.269256 -0.050000
v 0.055116 0.267023 -0.050000
v 0.063305 0.270798 -0.050000
v 0.055116 0.267023 0.050000
v 0.063305 0.270798 0.050000
v 0.125091 0.269256 0.050000
v 0.132217 0.271360 0.050000
v 0.139445 0.273265 0.050000
v 0.132217 0.271360 -0.050000
v 0.139445 0.273265 -0.050000
v 0.071543 0.274365 -0.050000
v 0.146774 0.274972 -0.050000
v 0.154205 0.276481 -0.050000
v 0.146774 0.274972 0.050000
v 0.071543 0.274365 0.050000
v 0.154205 0.276481 0.050000
v 0.161738 0.277791 0.050000
v 0.079829 0.277723 0.050000
v 0.088122 0.280842 0.050000
v 0.177109 0.279815 0.050000
v 0.169373 0.278902 0.050000
v 0.079829 0.277723 -0.050000
v 0.088122 0.280842 -0.050000
v 0.177109 0.279815 -0.050000
v 0.169373 0.278902 -0.050000
v 0.161738 0.277791 -0.050000
v 0.137169 0.293859 -0.050000
v 0.145225 0.295079 -0.050000
v 0.153246 0.296028 -0.050000
v 0.161234 0.296706 -0.050000
v 0.096381 0.283689 -0.050000
v 0.169188 0.297113 -0.050000
v 0.104606 0.286265 -0.050000
v 0.177109 0.297249 -0.050000
v 0.112798 0.288571 -0.050000
v 0.120955 0.290605 -0.050000
v 0.129079 0.292367 -0.050000
v 0.129079 0.292367 0.050000
v 0.120955 0.290605 0.050000
v 0.137169 0.293859 0.050000
v 0.145225 0.295079 0.050000
v 0.153246 0.296028 0.050000
v 0.161234 0.296706 0.050000
v 0.169188 0.297113 0.050000
v 0.177109 0.297249 0.050000
v 0.112798 0.288571 0.050000
v 0.104606 0.286265 0.050000
v 0.096381 0.283689 0.050000
v -0.054992 0.089651 0.050000
v -0.055806 0.076189 -0.050000
v -0.023612 0.075436 -0.050000
v -0.051198 0.079138 -0.050000
v -0.018847 0.077932 -0.050000
v -0.014101 0.080216 -0.050000
v -0.018847 0.077932 0.050000
v -0.051198 0.079138 0.050000
v -0.014101 0.080216 0.050000
v -0.046673 0.081942 0.050000
v -0.009394 0.082300 0.050000
v -0.004725 0.084187 0.050000
v -0.009394 0.082300 -0.050000
v -0.004725 0.084187 -0.050000
v -0.046673 0.081942 -0.050000
v -0.042230 0.084601 -0.050000
v -0.000096 0.085874 -0.050000
v -0.037869 0.087114 -0.050000
v -0.042230 0.084601 0.050000
v -0.000096 0.085874 0.050000
v -0.037869 0.087114 0.050000
v 0.004495 0.087363 0.050000
v 0.009047 0.088654 0.050000
v -0.033590 0.089482 0.050000
v 0.013561 0.089746 0.050000
v 0.018035 0.090639 0.050000
v 0.022471 0.091334 0.050000
v -0.029394 0.091705 0.050000
v -0.033590 0.089482 -0.050000
v 0.009047 0.088654 -0.050000
v 0.013561 0.089746 -0.050000
v 0.018035 0.090639 -0.050000
v 0.022471 0.091334 -0.050000
v -0.029394 0.091705 -0.050000
v -0.025280 0.093782 -0.050000
v 0.109466 0.092925 -0.050000
v 0.035547 0.092228 -0.050000
v 0.031227 0.092129 -0.050000
v 0.026869 0.091831 -0.050000
v 0.026869 0.091831 0.050000
v 0.031227 0.092129 0.050000
v 0.035547 0.092228 0.050000
v 0.109466 0.092925 0.050000
v 0.040540 0.092095 0.050000
v 0.114372 0.090051 0.050000
v 0.045290 0.091695 0.050000
v 0.040540 0.092095 -0.050000
v 0.114372 0.090051 -0.050000
v 0.045290 0.091695 -0.050000
v 0.049799 0.091029 -0.050000
v 0.054065 0.090097 -0.050000
v 0.049799 0.091029 0.050000
v 0.054065 0.090097 0.050000
v 0.058089 0.088898 0.050000
v 0.061872 0.087434 0.050000
v 0.119093 0.087007 0.050000
v 0.058089 0.088898 -0.050000
v 0.061872 0.087434 -0.050000
v 0.119093 0.087007 -0.050000
v 0.065412 0.085702 -0.050000
v 0.123631 0.083794 -0.050000
v 0.068710 0.083705 -0.050000
v 0.127984 0.080412 -0.050000
v 0.123631 0.083794 0.050000
v 0.065412 0.085702 0.050000
v 0.068710 0.083705 0.050000
v 0.127984 0.080412 0.050000
v 0.071765 0.081441 0.050000
v 0.074579 0.078910 0.050000
v 0.132154 0.076860 0.050000
v 0.077151 0.076114 0.050000
v 0.136139 0.073138 0.050000
v 0.132154 0.076860 -0.050000
v 0.074579 0.078910 -0.050000
v 0.077151 0.076114 -0.050000
v 0.136139 0.073138 -0.050000
v 0.079480 0.073051 -0.050000
v 0.139941 0.069247 -0.050000
v 0.081596 0.069707 -0.050000
v 0.083528 0.066068 -0.050000
v 0.143559 0.065186 -0.050000
v 0.139941 0.069247 0.050000
v 0.079480 0.073051 0.050000
v 0.081596 0.069707 0.050000
v 0.083528 0.066068 0.050000
v 0.143559 0.065186 0.050000
v 0.085276 0.062133 0.050000
v 0.146992 0.060956 0.050000
v 0.086841 0.057903 0.050000
v 0.150241 0.056556 0.050000
v 0.146992 0.060956 -0.050000
v 0.085276 0.062133 -0.050000
v 0.086841 0.057903 -0.050000
v 0.150241 0.056556 -0.050000
v 0.088221 0.053377 -0.050000
v 0.153307 0.051987 -0.050000
v 0.089417 0.048556 -0.050000
v 0.156188 0.047249 -0.050000
v 0.153307 0.051987 0.050000
v 0.088221 0.053377 0.050000
v 0.089417 0.048556 0.050000
v 0.156188 0.047249 0.050000
v 0.090429 0.043440 0.050000
v 0.158861 0.042365 0.050000
v 0.091257 0.038028 0.050000
v 0.161302 0.037360 0.050000
v 0.158861 0.042365 -0.050000
v 0.090429 0.043440 -0.050000
v 0.091257 0.038028 -0.050000
v 0.161302 0.037360 -0.050000
v 0.091901 0.032321 -0.050000
v 0.163510 0.032234 -0.050000
v 0.092361 0.026319 -0.050000
v 0.165486 0.026987 -0.050000
v 0.163510 0.032234 0.050000
v 0.091901 0.032321 0.050000
v 0.092361 0.026319 0.050000
v 0.165486 0.026987 0.050000
v 0.167229 0.021619 0.050000
v 0.092638 0.020021 0.050000
v 0.168740 0.016130 0.050000
v 0.167229 0.021619 -0.050000
v 0.092638 0.020021 -0.050000
v 0.168740 0.016130 -0.050000
v 0.092730 0.013427 -0.050000
v 0.170019 0.010519 -0.050000
v 0.092703 0.009892 -0.050000
v 0.171065 0.004788 -0.050000
v 0.170019 0.010519 0.050000
v 0.092730 0.013427 0.050000
v 0.092703 0.009892 0.050000
v 0.171065 0.004788 0.050000
v 0.092623 0.006260 0.050000
v 0.092490 0.002531 0.050000
v 0.171878 -0.001065 0.050000
v 0.092303 -0.001295 0.050000
v 0.172459 -0.007038 0.050000
v 0.171878 -0.001065 -0.050000
v 0.092490 0.002531 -0.050000
v 0.092303 -0.001295 -0.050000
v 0.172459 -0.007038 -0.050000
v 0.092064 -0.005217 -0.050000
v 0.091771 -0.009237 -0.050000
v 0.172808 -0.013133 -0.050000
v 0.091424 -0.013353 -0.050000
v 0.172925 -0.019348 -0.050000
v 0.172808 -0.013133 0.050000
v 0.091771 -0.009237 0.050000
v 0.091424 -0.013353 0.050000
v 0.172925 -0.019348 0.050000
v 0.091025 -0.017566 0.050000
v 0.090572 -0.021876 0.050000
v 0.172811 -0.025389 0.050000
v 0.090066 -0.026283 0.050000
v 0.172470 -0.031426 0.050000
v 0.172811 -0.025389 -0.050000
v 0.090572 -0.021876 -0.050000
v 0.090066 -0.026283 -0.050000
v 0.172470 -0.031426 -0.050000
v 0.089507 -0.030787 -0.050000
v 0.088894 -0.035387 -0.050000
v 0.171901 -0.037457 -0.050000
v 0.088221 -0.040048 -0.050000
v 0.171104 -0.043484 -0.050000
v 0.171901 -0.037457 0.050000
v 0.088894 -0.035387 0.050000
v 0.088221 -0.040048 0.050000
v 0.171104 -0.043484 0.050000
v 0.087480 -0.044734 0.050000
v 0.170080 -0.049506 0.050000
v 0.086671 -0.049443 0.050000
v 0.085795 -0.054177 0.050000
v 0.168828 -0.055523 0.050000
v 0.170080 -0.049506 -0.050000
v 0.087480 -0.044734 -0.050000
v 0.086671 -0.049443 -0.050000
v 0.085795 -0.054177 -0.050000
v 0.168828 -0.055523 -0.050000
v 0.084850 -0.058935 -0.050000
v 0.167348 -0.061535 -0.050000
v 0.083838 -0.063717 -0.050000
v 0.165641 -0.067543 -0.050000
v 0.167348 -0.061535 0.050000
v 0.084850 -0.058935 0.050000
v 0.083838 -0.063717 0.050000
v 0.165641 -0.067543 0.050000
v 0.082758 -0.068523 0.050000
v 0.163707 -0.073545 0.050000
v 0.081611 -0.073354 0.050000
v 0.080395 -0.078209 0.050000
v 0.161544 -0.079543 0.050000
v 0.163707 -0.073545 -0.050000
v 0.082758 -0.068523 -0.050000
v 0.081611 -0.073354 -0.050000
v 0.080395 -0.078209 -0.050000
v 0.161544 -0.079543 -0.050000
v 0.079112 -0.083088 -0.050000
v 0.159154 -0.085536 -0.050000
v 0.077761 -0.087991 -0.050000
v 0.156537 -0.091524 -0.050000
v 0.159154 -0.085536 0.050000
v 0.079112 -0.083088 0.050000
v 0.077761 -0.087991 0.050000
v 0.156537 -0.091524 0.050000
v 0.076342 -0.092919 0.050000
v 0.153721 -0.097466 0.050000
v 0.074843 -0.097827 0.050000
v 0.150736 -0.103321 0.050000
v 0.153721 -0.097466 -0.050000
v 0.076342 -0.092919 -0.050000
v 0.074843 -0.097827 -0.050000
v 0.150736 -0.103321 -0.050000
v 0.073252 -0.102672 -0.050000
v 0.071569 -0.107454 -0.050000
v 0.147581 -0.109088 -0.050000
v 0.069794 -0.112173 -0.050000
v 0.144256 -0.114769 -0.050000
v 0.147581 -0.109088 0.050000
v 0.071569 -0.107454 0.050000
v 0.069794 -0.112173 0.050000
v 0.144256 -0.114769 0.050000
v 0.067928 -0.116829 0.050000
v 0.140762 -0.120362 0.050000
v 0.065969 -0.121423 0.050000
v 0.137099 -0.125868 0.050000
v 0.140762 -0.120362 -0.050000
v 0.067928 -0.116829 -0.050000
v 0.065969 -0.121423 -0.050000
v 0.137099 -0.125868 -0.050000
v 0.063918 -0.125953 -0.050000
v 0.133265 -0.131287 -0.050000
v 0.061775 -0.130421 -0.050000
v 0.059540 -0.134825 -0.050000
v 0.129263 -0.136619 -0.050000
v 0.133265 -0.131287 0.050000
v 0.063918 -0.125953 0.050000
v 0.061775 -0.130421 0.050000
v 0.059540 -0.134825 0.050000
v 0.129263 -0.136619 0.050000
v 0.057213 -0.139166 0.050000
v 0.125091 -0.141864 0.050000
v 0.054794 -0.143445 0.050000
v 0.120749 -0.147021 0.050000
v 0.125091 -0.141864 -0.050000
v 0.057213 -0.139166 -0.050000
v 0.054794 -0.143445 -0.050000
v 0.120749 -0.147021 -0.050000
v 0.052283 -0.147661 -0.050000
v 0.116239 -0.152092 -0.050000
v 0.049678 -0.151779 -0.050000
v 0.046975 -0.155767 -0.050000
v 0.111558 -0.157075 -0.050000
v 0.116239 -0.152092 0.050000
v 0.052283 -0.147661 0.050000
v 0.049678 -0.151779 0.050000
v 0.046975 -0.155767 0.050000
v 0.111558 -0.157075 0.050000
v 0.044176 -0.159624 0.050000
v 0.106732 -0.161930 0.050000
v 0.041281 -0.163351 0.050000
v 0.101785 -0.166615 0.050000
v 0.106732 -0.161930 -0.050000
v 0.044176 -0.159624 -0.050000
v 0.041281 -0.163351 -0.050000
v 0.101785 -0.166615 -0.050000
v 0.038288 -0.166947 -0.050000
v 0.096718 -0.171131 -0.050000
v 0.035198 -0.170412 -0.050000
v 0.032012 -0.173746 -0.050000
v 0.091529 -0.175477 -0.050000
v 0.096718 -0.171131 0.050000
v 0.038288 -0.166947 0.050000
v 0.035198 -0.170412 0.050000
v 0.032012 -0.173746 0.050000
v 0.091529 -0.175477 0.050000
v 0.028728 -0.176949 0.050000
v 0.086219 -0.179654 0.050000
v 0.025348 -0.180022 0.050000
v 0.080787 -0.183661 0.050000
v 0.086219 -0.179654 -0.050000
v 0.028728 -0.176949 -0.050000
v 0.025348 -0.180022 -0.050000
v 0.080787 -0.183661 -0.050000
v 0.021871 -0.182964 -0.050000
v 0.018297 -0.185775 -0.050000
v 0.075235 -0.187499 -0.050000
v 0.014626 -0.188456 -0.050000
v 0.069562 -0.191167 -0.050000
v 0.075235 -0.187499 0.050000
v 0.018297 -0.185775 0.050000
v 0.014626 -0.188456 0.050000
v 0.069562 -0.191167 0.050000
v 0.010844 -0.190962 0.050000
v 0.006936 -0.193250 0.050000
v 0.063768 -0.194666 0.050000
v 0.002902 -0.195320 0.050000
v 0.057852 -0.197996 0.050000
v 0.063768 -0.194666 -0.050000
v 0.006936 -0.193250 -0.050000
v 0.002902 -0.195320 -0.050000
v 0.057852 -0.197996 -0.050000
v -0.001258 -0.197172 -0.050000
v -0.005544 -0.198807 -0.050000
v -0.009955 -0.200223 -0.050000
v -0.005544 -0.198807 0.050000
v -0.009955 -0.200223 0.050000
v -0.001258 -0.197172 0.050000
v 0.010844 -0.190962 -0.050000
v 0.021871 -0.182964 0.050000
v 0.073252 -0.102672 0.050000
v 0.089507 -0.030787 0.050000
v 0.091025 -0.017566 -0.050000
v 0.092064 -0.005217 0.050000
v 0.092623 0.006260 -0.050000
v 0.071765 0.081441 -0.050000
v 0.104400 0.095598 0.050000
v -0.025280 0.093782 0.050000
v -0.021248 0.095715 0.050000
v -0.017299 0.097502 0.050000
v -0.021248 0.095715 -0.050000
v 0.104400 0.095598 -0.050000
v -0.017299 0.097502 -0.050000
v 0.099199 0.098039 -0.050000
v -0.013432 0.099143 -0.050000
v -0.009648 0.100640 -0.050000
v 0.093863 0.100247 -0.050000
v -0.013432 0.099143 0.050000
v 0.099199 0.098039 0.050000
v -0.009648 0.100640 0.050000
v 0.093863 0.100247 0.050000
v -0.005945 0.101991 0.050000
v 0.088390 0.102223 0.050000
v -0.002272 0.103216 0.050000
v 0.082783 0.103967 0.050000
v 0.088390 0.102223 -0.050000
v -0.005945 0.101991 -0.050000
v -0.002272 0.103216 -0.050000
v 0.082783 0.103967 -0.050000
v 0.077039 0.105477 -0.050000
v 0.001425 0.104335 -0.050000
v 0.005147 0.105347 -0.050000
v 0.008893 0.106252 -0.050000
v 0.005147 0.105347 0.050000
v 0.001425 0.104335 0.050000
v 0.008893 0.106252 0.050000
v 0.077039 0.105477 0.050000
v 0.071160 0.106756 0.050000
v 0.012663 0.107051 0.050000
v 0.016457 0.107744 0.050000
v 0.065145 0.107802 0.050000
v 0.071160 0.106756 -0.050000
v 0.012663 0.107051 -0.050000
v 0.016457 0.107744 -0.050000
v 0.065145 0.107802 -0.050000
v 0.020275 0.108330 -0.050000
v 0.058995 0.108616 -0.050000
v 0.052709 0.109197 -0.050000
v 0.024118 0.108809 -0.050000
v 0.027985 0.109182 -0.050000
v 0.058995 0.108616 0.050000
v 0.052709 0.109197 0.050000
v 0.020275 0.108330 0.050000
v 0.024118 0.108809 0.050000
v 0.027985 0.109182 0.050000
v 0.031876 0.109449 0.050000
v 0.035791 0.109608 0.050000
v 0.046288 0.109545 0.050000
v 0.031876 0.109449 -0.050000
v 0.035791 0.109608 -0.050000
v 0.046288 0.109545 -0.050000
v 0.039731 0.109662 -0.050000
v 0.039731 0.109662 0.050000
v 0.004495 0.087363 -0.050000
v -0.028377 0.072712 -0.050000
v -0.047438 0.059540 0.050000
v -0.067225 -0.199003 0.050000
vn -0.0198 -0.9998 -0.0000
vn -0.0000 -0.0000 1.0000
vn 0.0174 -0.9998 -0.0000
vn -0.0000 -0.0000 -1.0000
vn 0.0527 -0.9986 -0.0000
vn 0.0885 -0.9961 -0.0000
vn -0.0607 -0.9982 -0.0000
vn -0.1034 -0.9946 -0.0000
vn -0.1476 -0.9890 -0.0000
vn 0.1607 -0.9870 -0.0000
vn 0.1245 -0.9922 -0.0000
vn 0.1970 -0.9804 -0.0000
vn 0.2332 -0.9724 -0.0000
vn 0.2690 -0.9631 -0.0000
vn -0.2878 -0.9577 -0.0000
vn -0.3360 -0.9419 -0.0000
vn -0.3843 -0.9232 -0.0000
vn 0.3394 -0.9406 -0.0000
vn 0.3045 -0.9525 -0.0000
vn 0.3736 -0.9276 -0.0000
vn 0.4070 -0.9134 -0.0000
vn 0.4369 -0.8995 -0.0000
vn -0.4797 -0.8774 -0.0000
vn -0.4324 -0.9017 -0.0000
vn -0.5259 -0.8505 -0.0000
vn -0.5676 -0.8233 -0.0000
vn -0.6053 -0.7960 -0.0000
vn -0.6420 -0.7667 -0.0000
vn 0.5707 0.8211 -0.0000
vn 0.6380 0.7700 -0.0000
vn 0.7003 0.7139 -0.0000
vn -0.6776 -0.7355 -0.0000
vn -0.7117 -0.7025 -0.0000
vn -0.7441 -0.6681 -0.0000
vn 0.8602 0.5099 -0.0000
vn 0.8988 0.4383 -0.0000
vn 0.9284 0.3715 -0.0000
vn 0.9508 0.3099 -0.0000
vn 0.9673 0.2537 -0.0000
vn -0.8295 -0.5586 -0.0000
vn -0.8536 -0.5209 -0.0000
vn 0.9792 0.2029 -0.0000
vn 0.9876 0.1570 -0.0000
vn 0.9933 0.1156 -0.0000
vn 0.9969 0.0783 -0.0000
vn -0.9286 -0.3710 -0.0000
vn -0.9427 -0.3337 -0.0000
vn -0.9551 -0.2963 -0.0000
vn 0.9999 0.0141 -0.0000
vn 0.9990 0.0446 -0.0000
vn 1.0000 -0.0069 -0.0000
vn 0.9998 -0.0208 -0.0000
vn 0.9994 -0.0346 -0.0000
vn -0.9750 -0.2222 -0.0000
vn -0.9826 -0.1858 -0.0000
vn -0.9887 -0.1501 -0.0000
vn 0.9981 -0.0621 -0.0000
vn 0.9988 -0.0484 -0.0000
vn 0.9971 -0.0757 -0.0000
vn 0.9960 -0.0893 -0.0000
vn 0.9947 -0.1028 -0.0000
vn -0.9934 -0.1151 -0.0000
vn -0.9967 -0.0810 -0.0000
vn 0.9932 -0.1162 -0.0000
vn 0.9916 -0.1295 -0.0000
vn 0.9898 -0.1427 -0.0000
vn 0.9878 -0.1558 -0.0000
vn 0.9862 -0.1658 -0.0000
vn 0.9850 -0.1726 -0.0000
vn 0.9837 -0.1796 -0.0000
vn 0.9824 -0.1867 -0.0000
vn 0.9810 -0.1939 -0.0000
vn -0.9988 0.0497 -0.0000
vn -0.9966 0.0829 -0.0000
vn 0.9795 -0.2013 -0.0000
vn 0.9780 -0.2088 -0.0000
vn 0.9763 -0.2164 -0.0000
vn 0.9746 -0.2242 -0.0000
vn 0.9727 -0.2321 -0.0000
vn 0.9707 -0.2401 -0.0000
vn -0.9888 0.1491 -0.0000
vn -0.9833 0.1818 -0.0000
vn 0.9687 -0.2483 -0.0000
vn 0.9667 -0.2559 -0.0000
vn 0.9649 -0.2627 -0.0000
vn 0.9629 -0.2699 -0.0000
vn 0.9607 -0.2776 -0.0000
vn 0.9583 -0.2857 -0.0000
vn 0.9557 -0.2943 -0.0000
vn 0.9529 -0.3033 -0.0000
vn 0.9498 -0.3129 -0.0000
vn 0.9463 -0.3232 -0.0000
vn 0.9426 -0.3340 -0.0000
vn 0.9384 -0.3456 -0.0000
vn -0.9514 0.3078 -0.0000
vn -0.9412 0.3377 -0.0000
vn 0.9338 -0.3579 -0.0000
vn 0.7239 -0.6899 -0.0000
vn 0.7076 -0.7066 -0.0000
vn 0.6902 -0.7236 -0.0000
vn -0.9303 0.3669 -0.0000
vn -0.9198 0.3925 -0.0000
vn 0.6513 -0.7589 -0.0000
vn 0.6714 -0.7411 -0.0000
vn -0.9098 0.4151 -0.0000
vn -0.8993 0.4374 -0.0000
vn -0.8882 0.4594 -0.0000
vn -0.8767 0.4810 -0.0000
vn -0.8647 0.5022 -0.0000
vn -0.8523 0.5230 -0.0000
vn 0.9486 -0.3165 -0.0000
vn 0.9394 -0.3429 -0.0000
vn 0.9296 -0.3686 -0.0000
vn 0.9193 -0.3936 -0.0000
vn 0.9085 -0.4179 -0.0000
vn 0.8973 -0.4413 -0.0000
vn -0.8129 0.5824 -0.0000
vn -0.7991 0.6012 -0.0000
vn 0.8858 -0.4640 -0.0000
vn 0.8741 -0.4858 -0.0000
vn 0.8620 -0.5069 -0.0000
vn 0.8495 -0.5275 -0.0000
vn -0.7714 0.6363 -0.0000
vn -0.7581 0.6522 -0.0000
vn 0.8365 -0.5480 -0.0000
vn 0.8230 -0.5681 -0.0000
vn 0.8091 -0.5876 -0.0000
vn 0.7950 -0.6066 -0.0000
vn 0.7805 -0.6251 -0.0000
vn -0.7157 0.6984 -0.0000
vn -0.7302 0.6832 -0.0000
vn -0.7009 0.7133 -0.0000
vn 0.7658 -0.6431 -0.0000
vn 0.7508 -0.6605 -0.0000
vn 0.7357 -0.6773 -0.0000
vn 0.7204 -0.6935 -0.0000
vn 0.7050 -0.7092 -0.0000
vn 0.6895 -0.7243 -0.0000
vn 0.6723 -0.7402 -0.0000
vn 0.6533 -0.7571 -0.0000
vn 0.6338 -0.7735 -0.0000
vn -0.6220 0.7830 -0.0000
vn -0.6055 0.7959 -0.0000
vn -0.5889 0.8082 -0.0000
vn 0.5939 -0.8046 -0.0000
vn 0.6140 -0.7893 -0.0000
vn 0.5735 -0.8192 -0.0000
vn 0.5529 -0.8333 -0.0000
vn 0.5321 -0.8467 -0.0000
vn -0.5546 0.8321 -0.0000
vn -0.5720 0.8202 -0.0000
vn 0.5112 -0.8595 -0.0000
vn 0.4902 -0.8716 -0.0000
vn 0.4692 -0.8831 -0.0000
vn 0.4481 -0.8940 -0.0000
vn -0.4993 0.8664 -0.0000
vn -0.4799 0.8773 -0.0000
vn -0.4599 0.8880 -0.0000
vn 0.3961 -0.9182 -0.0000
vn 0.4239 -0.9057 -0.0000
vn 0.3680 -0.9298 -0.0000
vn 0.3398 -0.9405 -0.0000
vn 0.3115 -0.9502 -0.0000
vn -0.4395 0.8982 -0.0000
vn -0.4186 0.9082 -0.0000
vn 0.2832 -0.9591 -0.0000
vn 0.2549 -0.9670 -0.0000
vn 0.2268 -0.9739 -0.0000
vn 0.1989 -0.9800 -0.0000
vn 0.1713 -0.9852 -0.0000
vn -0.3756 0.9268 -0.0000
vn -0.3520 0.9360 -0.0000
vn 0.1441 -0.9896 -0.0000
vn 0.1172 -0.9931 -0.0000
vn 1.0000 -0.0000 -0.0000
vn -0.2121 0.9773 -0.0000
vn -0.1813 0.9834 -0.0000
vn -0.1498 0.9887 -0.0000
vn -0.1175 0.9931 -0.0000
vn -0.0846 0.9964 -0.0000
vn -0.0511 0.9987 -0.0000
vn -0.0171 0.9999 -0.0000
vn -0.2419 0.9703 -0.0000
vn -0.2709 0.9626 -0.0000
vn -0.2989 0.9543 -0.0000
vn -0.3259 0.9454 -0.0000
vn -0.3973 0.9177 -0.0000
vn -0.5183 0.8552 -0.0000
vn -0.5367 0.8438 -0.0000
vn -0.6383 0.7697 -0.0000
vn -0.6544 0.7561 -0.0000
vn -0.6702 0.7422 -0.0000
vn -0.6857 0.7279 -0.0000
vn -0.7444 0.6678 -0.0000
vn -0.7850 0.6194 -0.0000
vn -0.8264 0.5631 -0.0000
vn -0.8395 0.5433 -0.0000
vn 0.9572 -0.2894 -0.0000
vn 0.9652 -0.2616 -0.0000
vn 0.9724 -0.2334 -0.0000
vn 0.7071 0.7071 -0.0000
vn -0.5391 0.8423 -0.0000
vn 0.4641 -0.8858 -0.0000
vn 0.4336 -0.9011 -0.0000
vn 0.4050 -0.9143 -0.0000
vn 0.3746 -0.9272 -0.0000
vn -0.5267 0.8501 -0.0000
vn -0.5135 0.8581 -0.0000
vn -0.4842 0.8749 -0.0000
vn -0.4681 0.8837 -0.0000
vn -0.4508 0.8926 -0.0000
vn 0.1122 -0.9937 -0.0000
vn 0.0682 -0.9977 -0.0000
vn 0.0230 -0.9997 -0.0000
vn -0.0000 0.0001 1.0000
vn -0.0267 -0.9996 -0.0000
vn -0.0838 -0.9965 -0.0000
vn -0.1461 -0.9893 -0.0000
vn -0.2135 -0.9770 -0.0000
vn -0.2854 -0.9584 -0.0000
vn -0.3612 -0.9325 -0.0000
vn 0.5418 0.8405 -0.0000
vn 0.5779 0.8161 -0.0000
vn 0.6136 0.7897 -0.0000
vn 0.6485 0.7612 -0.0000
vn 0.6825 0.7309 -0.0000
vn 0.7153 0.6988 -0.0000
vn 0.7467 0.6652 -0.0000
vn 0.7764 0.6302 -0.0000
vn 0.8044 0.5941 -0.0000
vn 0.8304 0.5571 -0.0000
vn 0.8544 0.5196 -0.0000
vn 0.8772 0.4801 -0.0000
vn 0.9184 0.3956 -0.0000
vn 0.9359 0.3524 -0.0000
vn 0.9511 0.3089 -0.0000
vn 0.9641 0.2654 -0.0000
vn 0.9750 0.2222 -0.0000
vn 0.9838 0.1795 -0.0000
vn 0.9905 0.1377 -0.0000
vn 0.9953 0.0968 -0.0000
vn 0.9984 0.0571 -0.0000
vn 0.9998 0.0188 -0.0000
vn 0.9998 -0.0188 -0.0000
vn 0.9984 -0.0565 -0.0000
vn 0.9956 -0.0939 -0.0000
vn 0.9914 -0.1310 -0.0000
vn 0.9858 -0.1677 -0.0000
vn 0.9790 -0.2037 -0.0000
vn 0.9710 -0.2389 -0.0000
vn 0.9619 -0.2733 -0.0000
vn 0.9518 -0.3068 -0.0000
vn 0.9407 -0.3391 -0.0000
vn 0.9289 -0.3704 -0.0000
vn 0.9163 -0.4005 -0.0000
vn 0.9037 -0.4283 -0.0000
vn 0.8909 -0.4543 -0.0000
vn 0.8773 -0.4799 -0.0000
vn 0.8631 -0.5051 -0.0000
vn 0.8481 -0.5298 -0.0000
vn 0.8326 -0.5539 -0.0000
vn 0.8164 -0.5775 -0.0000
vn 0.7997 -0.6004 -0.0000
vn 0.7826 -0.6225 -0.0000
vn 0.7650 -0.6440 -0.0000
vn 0.7471 -0.6647 -0.0000
vn 0.7289 -0.6846 -0.0000
vn 0.7092 -0.7050 -0.0000
vn 0.6877 -0.7260 -0.0000
vn 0.6653 -0.7466 -0.0000
vn 0.6421 -0.7666 -0.0000
vn 0.6182 -0.7860 -0.0000
vn 0.5937 -0.8047 -0.0000
vn 0.5686 -0.8226 -0.0000
vn 0.5430 -0.8397 -0.0000
vn 0.5169 -0.8560 -0.0000
vn 0.4905 -0.8715 -0.0000
vn 0.4638 -0.8860 -0.0000
vn -0.3057 0.9521 -0.0000
vn -0.3563 0.9344 -0.0000
vn -0.4068 0.9135 -0.0000
vn -0.2554 0.9668 -0.0000
vn -0.4566 0.8897 -0.0000
vn -0.5053 0.8630 -0.0000
vn -0.5524 0.8336 -0.0000
vn -0.5897 0.8076 -0.0000
vn -0.6183 0.7860 -0.0000
vn -0.6459 0.7634 -0.0000
vn -0.6726 0.7400 -0.0000
vn -0.6984 0.7158 -0.0000
vn -0.7229 0.6909 -0.0000
vn -0.7464 0.6655 -0.0000
vn -0.7686 0.6397 -0.0000
vn -0.7896 0.6136 -0.0000
vn -0.8094 0.5873 -0.0000
vn -0.8279 0.5609 -0.0000
vn -0.8451 0.5346 -0.0000
vn -0.8591 0.5117 -0.0000
vn -0.8705 0.4922 -0.0000
vn -0.8814 0.4724 -0.0000
vn -0.8918 0.4525 -0.0000
vn -0.9016 0.4325 -0.0000
vn -0.9110 0.4124 -0.0000
vn -0.9198 0.3923 -0.0000
vn -0.9282 0.3721 -0.0000
vn -0.9360 0.3520 -0.0000
vn -0.9433 0.3319 -0.0000
vn -0.9501 0.3120 -0.0000
vn -0.9564 0.2921 -0.0000
vn -0.9610 0.2767 -0.0000
vn -0.9641 0.2657 -0.0000
vn -0.9671 0.2544 -0.0000
vn -0.9701 0.2429 -0.0000
vn -0.9729 0.2312 -0.0000
vn -0.9757 0.2192 -0.0000
vn -0.9783 0.2071 -0.0000
vn -0.9809 0.1947 -0.0000
vn -0.9833 0.1821 -0.0000
vn -0.9856 0.1692 -0.0000
vn -0.9877 0.1562 -0.0000
vn -0.9897 0.1430 -0.0000
vn -0.9913 0.1320 -0.0000
vn -0.9924 0.1232 -0.0000
vn -0.9935 0.1141 -0.0000
vn -0.9945 0.1045 -0.0000
vn -0.9955 0.0944 -0.0000
vn -0.9965 0.0838 -0.0000
vn -0.9974 0.0727 -0.0000
vn -0.9981 0.0610 -0.0000
vn -0.9988 0.0487 -0.0000
vn -0.9994 0.0357 -0.0000
vn -0.9998 0.0220 -0.0000
vn -1.0000 0.0076 -0.0000
vn -0.9999 -0.0140 -0.0000
vn -0.9990 -0.0438 -0.0000
vn -0.9971 -0.0764 -0.0000
vn -0.9937 -0.1122 -0.0000
vn -0.9885 -0.1512 -0.0000
vn -0.9810 -0.1941 -0.0000
vn -0.9706 -0.2408 -0.0000
vn -0.9565 -0.2917 -0.0000
vn -0.9379 -0.3468 -0.0000
vn -0.9139 -0.4060 -0.0000
vn -0.8832 -0.4689 -0.0000
vn -0.8450 -0.5348 -0.0000
vn -0.7960 -0.6053 -0.0000
vn -0.7361 -0.6769 -0.0000
vn -0.6687 -0.7435 -0.0000
vn -0.5953 -0.8035 -0.0000
vn -0.5181 -0.8553 -0.0000
vn -0.4393 -0.8983 -0.0000
vn 0.5055 0.8628 -0.0000
vn 0.4667 0.8844 -0.0000
vn -0.4322 0.9018 -0.0000
vn -0.4122 0.9111 -0.0000
vn -0.3908 0.9205 -0.0000
vn -0.3677 0.9299 -0.0000
vn 0.3823 0.9240 -0.0000
vn 0.3396 0.9406 -0.0000
vn 0.2969 0.9549 -0.0000
vn 0.2544 0.9671 -0.0000
vn -0.2624 0.9650 -0.0000
vn -0.2350 0.9720 -0.0000
vn 0.2125 0.9772 -0.0000
vn 0.1713 0.9852 -0.0000
vn 0.1311 0.9914 -0.0000
vn 0.0921 0.9958 -0.0000
vn -0.0960 0.9954 -0.0000
vn -0.0683 0.9977 -0.0000
vn -0.0408 0.9992 -0.0000
vn 0.0542 0.9985 -0.0000
vn -0.0000 0.0001 -1.0000
vn 0.0177 0.9998 -0.0000
vn -0.0135 0.9999 -0.0000
vn -0.1238 0.9923 -0.0000
vn -0.1517 0.9884 -0.0000
vn -0.1796 0.9837 -0.0000
vn -0.2073 0.9783 -0.0000
vn -0.2896 0.9572 -0.0000
vn -0.3164 0.9486 -0.0000
vn -0.3428 0.9394 -0.0000
vn 0.4248 0.9053 -0.0000
vn 0.1548 -0.9880 -0.0000
vn 0.1958 -0.9806 -0.0000
vn 0.2352 -0.9720 -0.0000
vn 0.2728 -0.9621 -0.0000
vn 0.3085 -0.9512 -0.0000
vn 0.3425 -0.9395 -0.0000
vn 0.4963 -0.8682 -0.0000
vn 0.5266 -0.8501 -0.0000
vn 0.5550 -0.8319 -0.0000
vn 0.5816 -0.8135 -0.0000
vn 0.6064 -0.7951 -0.0000
vn 0.6296 -0.7769 -0.0000
vn -0.9608 0.2772 -0.0000
vn -0.9693 0.2459 -0.0000
vn -0.9768 0.2141 -0.0000
vn -0.9932 0.1161 -0.0000
vn -0.9999 0.0165 -0.0000
vn -0.9999 -0.0157 -0.0000
vn -0.9989 -0.0478 -0.0000
vn -0.9659 -0.2591 -0.0000
vn -0.9129 -0.4082 -0.0000
vn -0.8954 -0.4454 -0.0000
vn -0.8756 -0.4830 -0.0000
vn -0.8031 -0.5958 -0.0000
vn -0.7746 -0.6325 -0.0000
vn 0.8111 0.5849 -0.0000
vn 0.7565 0.6539 -0.0000
vn 0.5000 0.8660 -0.0000
vn 0.4273 0.9041 -0.0000
vn 0.3543 0.9351 -0.0000
vn 0.2825 0.9593 -0.0000
vn 0.2132 0.9770 -0.0000
vn 0.1471 0.9891 -0.0000
vn 0.0851 0.9964 -0.0000
vn 0.0273 0.9996 -0.0000
vn -0.0211 0.9998 -0.0000
vn -0.0647 0.9979 -0.0000
vn -0.1102 0.9939 -0.0000
vn -0.1573 0.9876 -0.0000
vn -0.2058 0.9786 -0.0000
vn -0.2401 -0.9707 -0.0000
vn -0.1933 -0.9811 -0.0000
vn -0.6054 0.7959 -0.0000
vn -0.6182 0.7860 -0.0000
vn -0.8278 0.5609 -0.0000
vn 0.1472 0.9891 -0.0000
vn -0.2401 -0.9708 -0.0000
vt 0.002375 0.000000
vt 0.000000 0.000000
vt 0.600950 0.000000
vt 0.598575 0.000000
vt 0.596200 0.000000
vt 0.004751 0.000000
vt 0.007126 0.000000
vt 0.009501 0.000000
vt 0.593824 0.000000
vt 0.591449 0.000000
vt 0.011876 0.000000
vt 0.589074 0.000000
vt 0.014252 0.000000
vt 0.586698 0.000000
vt 0.584323 0.000000
vt 0.016627 0.000000
vt 0.019002 0.000000
vt 0.021378 0.000000
vt 0.581948 0.000000
vt 0.579572 0.000000
vt 0.577197 0.000000
vt 0.023753 0.000000
vt 0.574822 0.000000
vt 0.572447 0.000000
vt 0.615202 0.000000
vt 0.612827 0.000000
vt 0.610451 0.000000
vt 0.608076 0.000000
vt 0.605701 0.000000
vt 0.603325 0.000000
vt 1.000000 0.000000
vt 0.026128 0.000000
vt 0.997625 0.000000
vt 0.995249 0.000000
vt 0.992874 0.000000
vt 0.990499 0.000000
vt 0.028504 0.000000
vt 0.988124 0.000000
vt 0.985748 0.000000
vt 0.030879 0.000000
vt 0.983373 0.000000
vt 0.033254 0.000000
vt 0.980998 0.000000
vt 0.035629 0.000000
vt 0.978622 0.000000
vt 0.976247 0.000000
vt 0.038005 0.000000
vt 0.973872 0.000000
vt 0.971496 0.000000
vt 0.040380 0.000000
vt 0.969121 0.000000
vt 0.042755 0.000000
vt 0.966746 0.000000
vt 0.045131 0.000000
vt 0.964371 0.000000
vt 0.047506 0.000000
vt 0.961995 0.000000
vt 0.959620 0.000000
vt 0.049881 0.000000
vt 0.052257 0.000000
vt 0.957245 0.000000
vt 0.054632 0.000000
vt 0.954869 0.000000
vt 0.057007 0.000000
vt 0.952494 0.000000
vt 0.950119 0.000000
vt 0.061758 0.000000
vt 0.059382 0.000000
vt 0.064133 0.000000
vt 0.066508 0.000000
vt 0.947743 0.000000
vt 0.945368 0.000000
vt 0.068884 0.000000
vt 0.942993 0.000000
vt 0.940618 0.000000
vt 0.938242 0.000000
vt 0.071259 0.000000
vt 0.073634 0.000000
vt 0.076010 0.000000
vt 0.933492 0.000000
vt 0.935867 0.000000
vt 0.931116 0.000000
vt 0.928741 0.000000
vt 0.926366 0.000000
vt 0.078385 0.000000
vt 0.080760 0.000000
vt 0.923990 0.000000
vt 0.921615 0.000000
vt 0.083135 0.000000
vt 0.919240 0.000000
vt 0.916865 0.000000
vt 0.085511 0.000000
vt 0.914489 0.000000
vt 0.912114 0.000000
vt 0.087886 0.000000
vt 0.909739 0.000000
vt 0.907363 0.000000
vt 0.904988 0.000000
vt 0.090261 0.000000
vt 0.092637 0.000000
vt 0.902613 0.000000
vt 0.900238 0.000000
vt 0.897862 0.000000
vt 0.095012 0.000000
vt 0.895487 0.000000
vt 0.893112 0.000000
vt 0.890736 0.000000
vt 0.097387 0.000000
vt 0.099762 0.000000
vt 0.888361 0.000000
vt 0.885986 0.000000
vt 0.883610 0.000000
vt 0.102138 0.000000
vt 0.881235 0.000000
vt 0.878860 0.000000
vt 0.876485 0.000000
vt 0.104513 0.000000
vt 0.874109 0.000000
vt 0.871734 0.000000
vt 0.106888 0.000000
vt 0.869359 0.000000
vt 0.866983 0.000000
vt 0.864608 0.000000
vt 0.862233 0.000000
vt 0.109264 0.000000
vt 0.111639 0.000000
vt 0.857482 0.000000
vt 0.859857 0.000000
vt 0.855107 0.000000
vt 0.852732 0.000000
vt 0.114014 0.000000
vt 0.116390 0.000000
vt 0.850356 0.000000
vt 0.847981 0.000000
vt 0.845606 0.000000
vt 0.843230 0.000000
vt 0.118765 0.000000
vt 0.840855 0.000000
vt 0.838480 0.000000
vt 0.121140 0.000000
vt 0.836105 0.000000
vt 0.833729 0.000000
vt 0.346793 0.000000
vt 0.344418 0.000000
vt 0.123515 0.000000
vt 0.342043 0.000000
vt 0.125891 0.000000
vt 0.339667 0.000000
vt 0.337292 0.000000
vt 0.128266 0.000000
vt 0.334917 0.000000
vt 0.130641 0.000000
vt 0.332542 0.000000
vt 0.330166 0.000000
vt 0.133017 0.000000
vt 0.327791 0.000000
vt 0.135392 0.000000
vt 0.325416 0.000000
vt 0.323040 0.000000
vt 0.137767 0.000000
vt 0.140143 0.000000
vt 0.320665 0.000000
vt 0.318290 0.000000
vt 0.142518 0.000000
vt 0.315914 0.000000
vt 0.313539 0.000000
vt 0.144893 0.000000
vt 0.147268 0.000000
vt 0.311164 0.000000
vt 0.308789 0.000000
vt 0.149644 0.000000
vt 0.306413 0.000000
vt 0.152019 0.000000
vt 0.304038 0.000000
vt 0.301663 0.000000
vt 0.154394 0.000000
vt 0.299287 0.000000
vt 0.156770 0.000000
vt 0.296912 0.000000
vt 0.159145 0.000000
vt 0.294537 0.000000
vt 0.292162 0.000000
vt 0.161520 0.000000
vt 0.289786 0.000000
vt 0.163895 0.000000
vt 0.287411 0.000000
vt 0.166271 0.000000
vt 0.285036 0.000000
vt 0.282660 0.000000
vt 0.280285 0.000000
vt 0.168646 0.000000
vt 0.171021 0.000000
vt 0.173397 0.000000
vt 0.277910 0.000000
vt 0.275534 0.000000
vt 0.273159 0.000000
vt 0.175772 0.000000
vt 0.270784 0.000000
vt 0.178147 0.000000
vt 0.268409 0.000000
vt 0.180523 0.000000
vt 0.266033 0.000000
vt 0.263658 0.000000
vt 0.182898 0.000000
vt 0.261283 0.000000
vt 0.258907 0.000000
vt 0.185273 0.000000
vt 0.187648 0.000000
vt 0.190024 0.000000
vt 0.254157 0.000000
vt 0.256532 0.000000
vt 0.251781 0.000000
vt 0.249406 0.000000
vt 0.247031 0.000000
vt 0.192399 0.000000
vt 0.194774 0.000000
vt 0.244656 0.000000
vt 0.242280 0.000000
vt 0.197150 0.000000
vt 0.239905 0.000000
vt 0.237530 0.000000
vt 0.235154 0.000000
vt 0.199525 0.000000
vt 0.201900 0.000000
vt 0.230404 0.000000
vt 0.232779 0.000000
vt 0.216152 0.000000
vt 0.218527 0.000000
vt 0.213777 0.000000
vt 0.220903 0.000000
vt 0.223278 0.000000
vt 0.204276 0.000000
vt 0.225653 0.000000
vt 0.206651 0.000000
vt 0.228029 0.000000
vt 0.209026 0.000000
vt 0.211401 0.000000
vt 0.831354 0.000000
vt 0.349169 0.000000
vt 0.828979 0.000000
vt 0.351544 0.000000
vt 0.826603 0.000000
vt 0.824228 0.000000
vt 0.353919 0.000000
vt 0.821853 0.000000
vt 0.356295 0.000000
vt 0.819477 0.000000
vt 0.817102 0.000000
vt 0.358670 0.000000
vt 0.814727 0.000000
vt 0.812352 0.000000
vt 0.809976 0.000000
vt 0.361045 0.000000
vt 0.807601 0.000000
vt 0.363420 0.000000
vt 0.432304 0.000000
vt 0.802850 0.000000
vt 0.805226 0.000000
vt 0.800475 0.000000
vt 0.434679 0.000000
vt 0.798100 0.000000
vt 0.795724 0.000000
vt 0.793349 0.000000
vt 0.790974 0.000000
vt 0.788599 0.000000
vt 0.437055 0.000000
vt 0.786223 0.000000
vt 0.439430 0.000000
vt 0.783848 0.000000
vt 0.441805 0.000000
vt 0.781473 0.000000
vt 0.779097 0.000000
vt 0.444181 0.000000
vt 0.776722 0.000000
vt 0.446556 0.000000
vt 0.774347 0.000000
vt 0.448931 0.000000
vt 0.771972 0.000000
vt 0.769596 0.000000
vt 0.451306 0.000000
vt 0.767221 0.000000
vt 0.453682 0.000000
vt 0.764846 0.000000
vt 0.456057 0.000000
vt 0.762470 0.000000
vt 0.458432 0.000000
vt 0.760095 0.000000
vt 0.460808 0.000000
vt 0.757720 0.000000
vt 0.463183 0.000000
vt 0.755344 0.000000
vt 0.465558 0.000000
vt 0.752969 0.000000
vt 0.467934 0.000000
vt 0.750594 0.000000
vt 0.470309 0.000000
vt 0.472684 0.000000
vt 0.748219 0.000000
vt 0.475059 0.000000
vt 0.745843 0.000000
vt 0.477435 0.000000
vt 0.743468 0.000000
vt 0.479810 0.000000
vt 0.741093 0.000000
vt 0.738717 0.000000
vt 0.482185 0.000000
vt 0.736342 0.000000
vt 0.484561 0.000000
vt 0.733967 0.000000
vt 0.731591 0.000000
vt 0.486936 0.000000
vt 0.729216 0.000000
vt 0.489311 0.000000
vt 0.726841 0.000000
vt 0.724466 0.000000
vt 0.491686 0.000000
vt 0.722090 0.000000
vt 0.494062 0.000000
vt 0.719715 0.000000
vt 0.717340 0.000000
vt 0.496437 0.000000
vt 0.714964 0.000000
vt 0.498812 0.000000
vt 0.712589 0.000000
vt 0.501188 0.000000
vt 0.710214 0.000000
vt 0.707838 0.000000
vt 0.503563 0.000000
vt 0.705463 0.000000
vt 0.505938 0.000000
vt 0.703088 0.000000
vt 0.508314 0.000000
vt 0.700713 0.000000
vt 0.510689 0.000000
vt 0.698337 0.000000
vt 0.695962 0.000000
vt 0.513064 0.000000
vt 0.693587 0.000000
vt 0.515439 0.000000
vt 0.691211 0.000000
vt 0.517815 0.000000
vt 0.688836 0.000000
vt 0.520190 0.000000
vt 0.686461 0.000000
vt 0.522565 0.000000
vt 0.684085 0.000000
vt 0.681710 0.000000
vt 0.524941 0.000000
vt 0.679335 0.000000
vt 0.527316 0.000000
vt 0.676960 0.000000
vt 0.529691 0.000000
vt 0.674584 0.000000
vt 0.532067 0.000000
vt 0.672209 0.000000
vt 0.534442 0.000000
vt 0.669834 0.000000
vt 0.667458 0.000000
vt 0.536817 0.000000
vt 0.665083 0.000000
vt 0.539192 0.000000
vt 0.662708 0.000000
vt 0.541568 0.000000
vt 0.660333 0.000000
vt 0.543943 0.000000
vt 0.657957 0.000000
vt 0.655582 0.000000
vt 0.546318 0.000000
vt 0.653207 0.000000
vt 0.548694 0.000000
vt 0.650831 0.000000
vt 0.551069 0.000000
vt 0.648456 0.000000
vt 0.553444 0.000000
vt 0.646081 0.000000
vt 0.643705 0.000000
vt 0.555819 0.000000
vt 0.641330 0.000000
vt 0.558195 0.000000
vt 0.638955 0.000000
vt 0.560570 0.000000
vt 0.636580 0.000000
vt 0.634204 0.000000
vt 0.562945 0.000000
vt 0.631829 0.000000
vt 0.565321 0.000000
vt 0.629454 0.000000
vt 0.627078 0.000000
vt 0.567696 0.000000
vt 0.624703 0.000000
vt 0.570071 0.000000
vt 0.622328 0.000000
vt 0.619952 0.000000
vt 0.617577 0.000000
vt 0.429929 0.000000
vt 0.365796 0.000000
vt 0.368171 0.000000
vt 0.427553 0.000000
vt 0.370546 0.000000
vt 0.425178 0.000000
vt 0.372922 0.000000
vt 0.375297 0.000000
vt 0.422803 0.000000
vt 0.377672 0.000000
vt 0.420428 0.000000
vt 0.380048 0.000000
vt 0.418052 0.000000
vt 0.382423 0.000000
vt 0.384798 0.000000
vt 0.415677 0.000000
vt 0.387173 0.000000
vt 0.389549 0.000000
vt 0.413302 0.000000
vt 0.391924 0.000000
vt 0.410926 0.000000
vt 0.408551 0.000000
vt 0.396675 0.000000
vt 0.394299 0.000000
vt 0.399050 0.000000
vt 0.401425 0.000000
vt 0.406176 0.000000
vt 0.403800 0.000000
s 0
f 2/1/1 4/2/1 1/2/1
f 1/2/2 3/3/2 2/1/2
f 1/2/3 6/3/3 3/3/3
f 4/2/4 5/1/4 6/3/4
f 3/3/5 7/4/5 10/4/5
f 5/1/4 7/4/4 6/3/4
f 10/4/6 8/5/6 11/5/6
f 9/6/4 8/5/4 7/4/4
f 5/1/4 9/6/4 7/4/4
f 2/1/2 3/3/2 10/4/2
f 12/6/2 10/4/2 11/5/2
f 2/1/2 10/4/2 12/6/2
f 12/6/7 5/1/7 2/1/7
f 13/7/8 9/6/8 12/6/8
f 12/6/2 11/5/2 13/7/2
f 14/8/9 16/7/9 13/7/9
f 13/7/2 15/9/2 14/8/2
f 13/7/2 11/5/2 15/9/2
f 9/6/4 16/7/4 8/5/4
f 16/7/4 17/8/4 18/9/4
f 16/7/4 18/9/4 8/5/4
f 17/8/4 19/10/4 18/9/4
f 15/9/10 19/10/10 22/10/10
f 11/5/11 18/9/11 15/9/11
f 17/8/4 20/11/4 19/10/4
f 20/11/4 21/12/4 19/10/4
f 22/10/12 21/12/12 24/12/12
f 14/8/2 15/9/2 22/10/2
f 14/8/2 22/10/2 23/11/2
f 23/11/2 22/10/2 24/12/2
f 23/11/2 24/12/2 25/13/2
f 25/13/2 24/12/2 26/14/2
f 24/12/13 29/14/13 26/14/13
f 26/14/14 30/15/14 27/15/14
f 28/16/2 26/14/2 27/15/2
f 25/13/2 26/14/2 28/16/2
f 31/13/4 29/14/4 21/12/4
f 32/16/4 30/15/4 29/14/4
f 31/13/4 32/16/4 29/14/4
f 28/16/15 31/13/15 25/13/15
f 36/17/16 32/16/16 28/16/16
f 32/16/4 33/17/4 30/15/4
f 37/18/17 33/17/17 36/17/17
f 33/17/4 34/18/4 35/19/4
f 33/17/4 35/19/4 30/15/4
f 28/16/2 27/15/2 36/17/2
f 36/17/2 38/19/2 37/18/2
f 36/17/2 27/15/2 38/19/2
f 38/19/18 41/20/18 39/20/18
f 37/18/2 38/19/2 39/20/2
f 27/15/19 35/19/19 38/19/19
f 39/20/20 42/21/20 40/21/20
f 37/18/2 39/20/2 40/21/2
f 34/18/4 41/20/4 35/19/4
f 34/18/4 42/21/4 41/20/4
f 34/18/4 43/22/4 42/21/4
f 43/22/4 44/23/4 42/21/4
f 40/21/21 44/23/21 52/23/21
f 52/23/22 45/24/22 53/24/22
f 46/25/4 45/24/4 44/23/4
f 47/26/4 46/25/4 44/23/4
f 48/27/4 47/26/4 44/23/4
f 49/28/4 48/27/4 44/23/4
f 50/29/4 49/28/4 44/23/4
f 51/30/4 50/29/4 44/23/4
f 43/22/4 51/30/4 44/23/4
f 60/22/2 40/21/2 52/23/2
f 54/25/2 52/23/2 53/24/2
f 55/26/2 52/23/2 54/25/2
f 56/27/2 52/23/2 55/26/2
f 57/28/2 52/23/2 56/27/2
f 58/29/2 52/23/2 57/28/2
f 59/30/2 52/23/2 58/29/2
f 60/22/2 52/23/2 59/30/2
f 37/18/2 40/21/2 60/22/2
f 60/22/2 59/30/2 61/31/2
f 60/22/2 61/31/2 62/32/2
f 62/32/23 43/22/23 60/22/23
f 60/22/24 34/18/24 37/18/24
f 62/32/2 61/31/2 63/33/2
f 62/32/2 63/33/2 64/34/2
f 62/32/2 64/34/2 65/35/2
f 62/32/2 65/35/2 66/36/2
f 62/32/2 66/36/2 67/37/2
f 67/37/25 68/32/25 62/32/25
f 68/32/4 70/33/4 69/31/4
f 43/22/4 68/32/4 69/31/4
f 68/32/4 71/34/4 70/33/4
f 68/32/4 72/35/4 71/34/4
f 68/32/4 73/36/4 72/35/4
f 68/32/4 74/37/4 73/36/4
f 74/37/4 75/38/4 73/36/4
f 74/37/4 76/39/4 75/38/4
f 74/37/4 77/40/4 76/39/4
f 80/40/26 74/37/26 67/37/26
f 77/40/4 78/41/4 76/39/4
f 77/40/4 79/42/4 78/41/4
f 83/42/27 77/40/27 80/40/27
f 80/40/2 81/39/2 82/41/2
f 67/37/2 81/39/2 80/40/2
f 80/40/2 82/41/2 83/42/2
f 83/42/2 82/41/2 86/43/2
f 84/44/28 79/42/28 83/42/28
f 83/42/2 85/45/2 84/44/2
f 83/42/2 86/43/2 85/45/2
f 82/41/29 87/43/29 86/43/29
f 86/43/30 88/45/30 85/45/30
f 79/42/4 87/43/4 78/41/4
f 79/42/4 88/45/4 87/43/4
f 79/42/4 90/44/4 88/45/4
f 85/45/31 89/46/31 96/46/31
f 90/44/4 89/46/4 88/45/4
f 90/44/4 91/47/4 89/46/4
f 95/47/32 90/44/32 84/44/32
f 91/47/4 92/48/4 89/46/4
f 91/47/4 93/49/4 92/48/4
f 91/47/4 94/50/4 93/49/4
f 99/50/33 91/47/33 95/47/33
f 95/47/2 96/46/2 97/48/2
f 84/44/2 96/46/2 95/47/2
f 95/47/2 97/48/2 98/49/2
f 95/47/2 98/49/2 99/50/2
f 99/50/2 98/49/2 101/51/2
f 100/52/34 94/50/34 99/50/34
f 99/50/2 101/51/2 100/52/2
f 98/49/35 103/51/35 101/51/35
f 100/52/2 101/51/2 102/53/2
f 101/51/36 105/53/36 102/53/36
f 94/50/4 103/51/4 93/49/4
f 94/50/4 104/52/4 103/51/4
f 104/52/4 105/53/4 103/51/4
f 104/52/4 106/54/4 105/53/4
f 106/54/4 107/55/4 105/53/4
f 102/53/37 107/55/37 110/55/37
f 106/54/4 108/56/4 107/55/4
f 108/56/4 109/57/4 107/55/4
f 110/55/38 109/57/38 113/57/38
f 111/54/2 102/53/2 110/55/2
f 111/54/2 110/55/2 112/56/2
f 112/56/2 110/55/2 113/57/2
f 113/57/39 119/58/39 114/58/39
f 115/59/2 113/57/2 114/58/2
f 112/56/2 113/57/2 115/59/2
f 115/59/40 108/56/40 112/56/40
f 116/60/41 117/59/41 115/59/41
f 115/59/2 114/58/2 116/60/2
f 108/56/4 117/59/4 109/57/4
f 117/59/4 119/58/4 109/57/4
f 117/59/4 118/60/4 119/58/4
f 118/60/4 120/61/4 119/58/4
f 114/58/42 120/61/42 123/61/42
f 118/60/4 121/62/4 120/61/4
f 121/62/4 122/63/4 120/61/4
f 123/61/43 122/63/43 125/63/43
f 116/60/2 114/58/2 123/61/2
f 116/60/2 123/61/2 124/62/2
f 124/62/2 123/61/2 125/63/2
f 124/62/2 125/63/2 126/64/2
f 126/64/2 125/63/2 127/65/2
f 125/63/44 131/65/44 127/65/44
f 127/65/45 132/66/45 128/66/45
f 130/67/2 127/65/2 128/66/2
f 126/64/2 127/65/2 129/68/2
f 129/68/2 127/65/2 130/67/2
f 133/64/4 131/65/4 122/63/4
f 135/67/4 132/66/4 131/65/4
f 133/64/4 134/68/4 131/65/4
f 134/68/4 135/67/4 131/65/4
f 130/67/46 134/68/46 129/68/46
f 139/69/47 135/67/47 130/67/47
f 135/67/4 136/69/4 132/66/4
f 140/70/48 136/69/48 139/69/48
f 136/69/4 137/70/4 138/71/4
f 136/69/4 138/71/4 132/66/4
f 130/67/2 128/66/2 139/69/2
f 139/69/2 141/71/2 140/70/2
f 139/69/2 128/66/2 141/71/2
f 140/70/2 141/71/2 142/72/2
f 141/71/49 145/72/49 142/72/49
f 128/66/50 138/71/50 141/71/50
f 140/70/2 142/72/2 143/73/2
f 143/73/2 142/72/2 144/74/2
f 142/72/51 147/74/51 144/74/51
f 137/70/4 145/72/4 138/71/4
f 137/70/4 146/73/4 145/72/4
f 146/73/4 147/74/4 145/72/4
f 144/74/52 148/75/52 151/75/52
f 146/73/4 148/75/4 147/74/4
f 151/75/53 149/76/53 152/76/53
f 150/77/4 149/76/4 148/75/4
f 146/73/4 150/77/4 148/75/4
f 143/73/2 144/74/2 151/75/2
f 153/77/2 151/75/2 152/76/2
f 143/73/2 151/75/2 153/77/2
f 153/77/54 146/73/54 143/73/54
f 154/78/55 150/77/55 153/77/55
f 153/77/2 152/76/2 154/78/2
f 155/79/56 158/78/56 154/78/56
f 154/78/2 156/80/2 155/79/2
f 154/78/2 157/81/2 156/80/2
f 154/78/2 152/76/2 157/81/2
f 150/77/4 158/78/4 149/76/4
f 158/78/4 159/79/4 160/80/4
f 158/78/4 160/80/4 161/81/4
f 158/78/4 161/81/4 149/76/4
f 157/81/57 160/80/57 156/80/57
f 152/76/58 161/81/58 157/81/58
f 159/79/4 162/82/4 160/80/4
f 156/80/59 162/82/59 164/82/59
f 164/82/60 163/83/60 165/83/60
f 159/79/4 163/83/4 162/82/4
f 155/79/2 156/80/2 164/82/2
f 155/79/2 164/82/2 165/83/2
f 165/83/61 171/84/61 166/84/61
f 167/85/2 165/83/2 166/84/2
f 155/79/2 165/83/2 167/85/2
f 167/85/62 159/79/62 155/79/62
f 168/86/63 169/85/63 167/85/63
f 167/85/2 166/84/2 168/86/2
f 159/79/4 169/85/4 163/83/4
f 169/85/4 171/84/4 163/83/4
f 169/85/4 170/86/4 171/84/4
f 170/86/4 172/87/4 171/84/4
f 166/84/64 172/87/64 174/87/64
f 170/86/4 173/88/4 172/87/4
f 174/87/65 173/88/65 175/88/65
f 168/86/2 166/84/2 174/87/2
f 168/86/2 174/87/2 175/88/2
f 168/86/2 175/88/2 176/89/2
f 176/89/2 175/88/2 177/90/2
f 175/88/66 179/90/66 177/90/66
f 176/89/2 177/90/2 178/91/2
f 177/90/67 181/91/67 178/91/67
f 180/89/4 179/90/4 173/88/4
f 180/89/4 181/91/4 179/90/4
f 180/89/4 182/92/4 181/91/4
f 182/92/4 183/93/4 181/91/4
f 178/91/68 183/93/68 185/93/68
f 182/92/4 184/94/4 183/93/4
f 187/94/69 183/93/69 184/94/69
f 186/92/2 178/91/2 185/93/2
f 186/92/2 185/93/2 187/94/2
f 186/92/2 187/94/2 188/95/2
f 188/95/2 187/94/2 189/96/2
f 187/94/70 191/96/70 189/96/70
f 188/95/2 189/96/2 190/97/2
f 189/96/71 193/97/71 190/97/71
f 192/95/4 191/96/4 184/94/4
f 192/95/4 193/97/4 191/96/4
f 190/97/72 194/98/72 201/98/72
f 195/99/4 194/98/4 193/97/4
f 192/95/4 195/99/4 193/97/4
f 198/99/73 192/95/73 188/95/73
f 199/100/74 195/99/74 198/99/74
f 195/99/4 196/100/4 197/101/4
f 195/99/4 197/101/4 194/98/4
f 188/95/2 190/97/2 198/99/2
f 198/99/2 190/97/2 201/98/2
f 198/99/2 200/101/2 199/100/2
f 198/99/2 201/98/2 200/101/2
f 201/98/75 197/101/75 200/101/75
f 200/101/76 204/102/76 202/102/76
f 199/100/2 200/101/2 202/102/2
f 199/100/2 202/102/2 203/103/2
f 202/102/77 205/103/77 203/103/77
f 196/100/4 204/102/4 197/101/4
f 196/100/4 205/103/4 204/102/4
f 196/100/4 206/104/4 205/103/4
f 206/104/4 207/105/4 205/103/4
f 203/103/78 207/105/78 209/105/78
f 206/104/4 208/106/4 207/105/4
f 209/105/79 208/106/79 211/106/79
f 210/104/2 203/103/2 209/105/2
f 210/104/2 209/105/2 211/106/2
f 211/106/80 219/107/80 212/107/80
f 213/108/2 211/106/2 212/107/2
f 210/104/2 211/106/2 213/108/2
f 213/108/81 206/104/81 210/104/81
f 214/109/82 216/108/82 213/108/82
f 213/108/2 215/110/2 214/109/2
f 213/108/2 212/107/2 215/110/2
f 206/104/4 216/108/4 208/106/4
f 216/108/4 219/107/4 208/106/4
f 216/108/4 217/109/4 218/110/4
f 216/108/4 218/110/4 219/107/4
f 212/107/83 218/110/83 215/110/83
f 222/111/84 218/110/84 220/111/84
f 217/109/4 220/111/4 218/110/4
f 222/111/85 221/112/85 223/112/85
f 217/109/4 221/112/4 220/111/4
f 214/109/2 215/110/2 222/111/2
f 214/109/2 222/111/2 223/112/2
f 224/113/2 223/112/2 225/114/2
f 214/109/2 223/112/2 224/113/2
f 223/112/86 227/114/86 225/114/86
f 224/113/2 225/114/2 226/115/2
f 225/114/87 229/115/87 226/115/87
f 228/113/4 227/114/4 221/112/4
f 228/113/4 229/115/4 227/114/4
f 228/113/4 230/116/4 229/115/4
f 226/115/88 230/116/88 233/116/88
f 228/113/4 231/117/4 230/116/4
f 231/117/4 232/118/4 230/116/4
f 233/116/89 232/118/89 235/118/89
f 224/113/2 226/115/2 233/116/2
f 224/113/2 233/116/2 234/117/2
f 234/117/2 233/116/2 235/118/2
f 234/117/2 235/118/2 236/119/2
f 235/118/90 239/119/90 236/119/90
f 234/117/2 236/119/2 237/120/2
f 237/120/2 236/119/2 238/121/2
f 236/119/91 241/121/91 238/121/91
f 231/117/4 239/119/4 232/118/4
f 231/117/4 240/120/4 239/119/4
f 240/120/4 241/121/4 239/119/4
f 240/120/4 242/122/4 241/121/4
f 238/121/92 242/122/92 244/122/92
f 244/122/93 243/123/93 245/123/93
f 240/120/4 243/123/4 242/122/4
f 237/120/2 238/121/2 244/122/2
f 237/120/2 244/122/2 245/123/2
f 245/123/94 255/124/94 246/124/94
f 247/125/2 245/123/2 246/124/2
f 237/120/2 245/123/2 247/125/2
f 247/125/95 240/120/95 237/120/95
f 248/126/96 251/125/96 247/125/96
f 247/125/2 249/127/2 248/126/2
f 247/125/2 250/128/2 249/127/2
f 247/125/2 246/124/2 250/128/2
f 240/120/4 251/125/4 243/123/4
f 251/125/4 255/124/4 243/123/4
f 251/125/4 252/126/4 253/127/4
f 251/125/4 253/127/4 254/128/4
f 251/125/4 254/128/4 255/124/4
f 250/128/97 255/124/97 254/128/97
f 250/128/98 253/127/98 249/127/98
f 252/126/4 256/129/4 253/127/4
f 259/129/99 253/127/99 256/129/99
f 260/130/100 256/129/100 257/130/100
f 258/131/4 257/130/4 256/129/4
f 252/126/4 258/131/4 256/129/4
f 248/126/2 249/127/2 259/129/2
f 261/131/2 259/129/2 260/130/2
f 248/126/2 259/129/2 261/131/2
f 261/131/101 252/126/101 248/126/101
f 262/132/102 258/131/102 261/131/102
f 261/131/2 263/133/2 262/132/2
f 261/131/2 260/130/2 263/133/2
f 263/133/103 266/134/103 264/134/103
f 262/132/2 263/133/2 264/134/2
f 260/130/104 265/133/104 263/133/104
f 258/131/4 265/133/4 257/130/4
f 258/131/4 267/132/4 265/133/4
f 267/132/4 266/134/4 265/133/4
f 267/132/4 268/135/4 266/134/4
f 267/132/4 269/136/4 268/135/4
f 267/132/4 270/137/4 269/136/4
f 274/137/105 267/132/105 262/132/105
f 270/137/4 271/138/4 269/136/4
f 270/137/4 272/139/4 271/138/4
f 270/137/4 273/140/4 272/139/4
f 278/140/106 270/137/106 274/137/106
f 274/137/2 275/136/2 276/138/2
f 262/132/2 275/136/2 274/137/2
f 274/137/2 276/138/2 277/139/2
f 274/137/2 277/139/2 278/140/2
f 278/140/2 277/139/2 279/141/2
f 278/140/2 279/141/2 280/142/2
f 278/140/2 280/142/2 281/143/2
f 278/140/2 281/143/2 282/144/2
f 278/140/2 282/144/2 283/145/2
f 283/145/107 273/140/107 278/140/107
f 283/145/2 282/144/2 284/146/2
f 283/145/2 284/146/2 285/147/2
f 285/147/108 286/145/108 283/145/108
f 286/145/4 288/146/4 287/144/4
f 273/140/4 286/145/4 287/144/4
f 286/145/4 289/147/4 288/146/4
f 289/147/4 290/148/4 288/146/4
f 289/147/4 291/149/4 290/148/4
f 289/147/4 292/150/4 291/149/4
f 295/150/109 289/147/109 285/147/109
f 292/150/4 294/151/4 291/149/4
f 297/152/110 292/150/110 295/150/110
f 292/150/4 293/152/4 294/151/4
f 285/147/2 296/149/2 295/150/2
f 295/150/2 296/149/2 298/151/2
f 295/150/2 298/151/2 297/152/2
f 296/149/111 294/151/111 298/151/111
f 297/152/2 298/151/2 299/153/2
f 298/151/112 301/153/112 299/153/112
f 297/152/2 299/153/2 300/154/2
f 299/153/113 302/154/113 300/154/113
f 293/152/4 301/153/4 294/151/4
f 293/152/4 302/154/4 301/153/4
f 293/152/4 303/155/4 302/154/4
f 303/155/4 304/156/4 302/154/4
f 300/154/114 304/156/114 307/156/114
f 303/155/4 305/157/4 304/156/4
f 305/157/4 306/158/4 304/156/4
f 307/156/115 306/158/115 310/158/115
f 308/155/2 300/154/2 307/156/2
f 308/155/2 307/156/2 309/157/2
f 309/157/2 307/156/2 310/158/2
f 310/158/116 318/159/116 311/159/116
f 312/160/2 310/158/2 311/159/2
f 309/157/2 310/158/2 312/160/2
f 309/157/117 315/160/117 305/157/117
f 313/161/118 315/160/118 312/160/118
f 312/160/2 314/162/2 313/161/2
f 312/160/2 311/159/2 314/162/2
f 305/157/4 315/160/4 306/158/4
f 315/160/4 318/159/4 306/158/4
f 315/160/4 316/161/4 317/162/4
f 315/160/4 317/162/4 318/159/4
f 311/159/119 317/162/119 314/162/119
f 316/161/4 319/163/4 317/162/4
f 314/162/120 319/163/120 322/163/120
f 316/161/4 320/164/4 319/163/4
f 320/164/4 321/165/4 319/163/4
f 322/163/121 321/165/121 324/165/121
f 313/161/2 314/162/2 322/163/2
f 313/161/2 322/163/2 323/164/2
f 323/164/2 322/163/2 324/165/2
f 324/165/122 332/166/122 325/166/122
f 326/167/2 324/165/2 325/166/2
f 323/164/2 324/165/2 326/167/2
f 326/167/123 320/164/123 323/164/123
f 327/168/124 329/167/124 326/167/124
f 326/167/2 328/169/2 327/168/2
f 326/167/2 325/166/2 328/169/2
f 320/164/4 329/167/4 321/165/4
f 329/167/4 332/166/4 321/165/4
f 329/167/4 330/168/4 331/169/4
f 329/167/4 331/169/4 332/166/4
f 325/166/125 331/169/125 328/169/125
f 330/168/4 333/170/4 331/169/4
f 328/169/126 333/170/126 336/170/126
f 330/168/4 334/171/4 333/170/4
f 334/171/4 335/172/4 333/170/4
f 336/170/127 335/172/127 338/172/127
f 327/168/2 328/169/2 336/170/2
f 327/168/2 336/170/2 337/171/2
f 337/171/2 336/170/2 338/172/2
f 337/171/2 338/172/2 339/173/2
f 339/173/2 338/172/2 340/174/2
f 338/172/128 342/174/128 340/174/128
f 340/174/129 343/175/129 341/175/129
f 339/173/2 340/174/2 341/175/2
f 344/173/4 342/174/4 335/172/4
f 344/173/4 343/175/4 342/174/4
f 334/171/4 344/173/4 335/172/4
f 344/173/4 345/176/4 343/175/4
f 348/176/130 344/173/130 339/173/130
f 339/173/131 334/171/131 337/171/131
f 345/176/4 347/177/4 343/175/4
f 349/178/132 345/176/132 348/176/132
f 345/176/4 346/178/4 347/177/4
f 339/173/2 341/175/2 348/176/2
f 348/176/2 341/175/2 350/177/2
f 348/176/2 350/177/2 349/178/2
f 341/175/133 347/177/133 350/177/133
f 349/178/2 350/177/2 351/179/2
f 350/177/134 354/179/134 351/179/134
f 349/178/2 351/179/2 352/180/2
f 352/180/2 351/179/2 353/181/2
f 351/179/135 356/181/135 353/181/135
f 346/178/4 354/179/4 347/177/4
f 346/178/4 355/180/4 354/179/4
f 355/180/4 356/181/4 354/179/4
f 355/180/4 357/182/4 356/181/4
f 353/181/136 357/182/136 360/182/136
f 355/180/4 358/183/4 357/182/4
f 358/183/4 359/184/4 357/182/4
f 360/182/137 359/184/137 362/184/137
f 352/180/2 353/181/2 360/182/2
f 352/180/2 360/182/2 361/183/2
f 361/183/2 360/182/2 362/184/2
f 361/183/2 362/184/2 363/185/2
f 363/185/2 362/184/2 364/186/2
f 362/184/138 367/186/138 364/186/138
f 363/185/2 364/186/2 365/187/2
f 365/187/2 364/186/2 366/188/2
f 364/186/139 370/188/139 366/188/139
f 368/185/4 367/186/4 359/184/4
f 368/185/4 369/187/4 367/186/4
f 369/187/4 370/188/4 367/186/4
f 369/187/4 371/189/4 370/188/4
f 366/188/140 371/189/140 374/189/140
f 374/189/141 372/190/141 375/190/141
f 373/191/4 372/190/4 371/189/4
f 369/187/4 373/191/4 371/189/4
f 365/187/2 366/188/2 374/189/2
f 376/191/2 374/189/2 375/190/2
f 365/187/2 374/189/2 376/191/2
f 365/187/142 373/191/142 369/187/142
f 377/192/143 373/191/143 376/191/143
f 376/191/2 375/190/2 377/192/2
f 378/193/144 380/192/144 377/192/144
f 377/192/2 379/194/2 378/193/2
f 377/192/2 375/190/2 379/194/2
f 373/191/4 380/192/4 372/190/4
f 380/192/4 381/193/4 382/194/4
f 380/192/4 382/194/4 372/190/4
f 379/194/145 383/195/145 385/195/145
f 381/193/4 383/195/4 382/194/4
f 375/190/146 382/194/146 379/194/146
f 385/195/147 384/196/147 386/196/147
f 381/193/4 384/196/4 383/195/4
f 378/193/2 379/194/2 385/195/2
f 378/193/2 385/195/2 386/196/2
f 378/193/2 386/196/2 387/197/2
f 387/197/2 386/196/2 388/198/2
f 386/196/148 391/198/148 388/198/148
f 389/199/2 388/198/2 390/200/2
f 387/197/2 388/198/2 389/199/2
f 388/198/149 393/200/149 390/200/149
f 394/197/4 391/198/4 384/196/4
f 392/199/4 393/200/4 391/198/4
f 394/197/4 392/199/4 391/198/4
f 381/193/4 394/197/4 384/196/4
f 389/199/150 394/197/150 387/197/150
f 387/197/151 381/193/151 378/193/151
f 392/199/4 395/201/4 393/200/4
f 395/201/4 396/202/4 393/200/4
f 390/200/152 396/202/152 398/202/152
f 395/201/4 397/203/4 396/202/4
f 398/202/153 397/203/153 400/203/153
f 399/201/2 390/200/2 398/202/2
f 399/201/2 398/202/2 400/203/2
f 399/201/2 400/203/2 401/204/2
f 401/204/2 400/203/2 402/205/2
f 400/203/154 405/205/154 402/205/154
f 402/205/155 406/206/155 403/206/155
f 404/207/2 402/205/2 403/206/2
f 401/204/2 402/205/2 404/207/2
f 407/204/4 405/205/4 397/203/4
f 408/207/4 406/206/4 405/205/4
f 407/204/4 408/207/4 405/205/4
f 404/207/156 407/204/156 401/204/156
f 413/208/157 408/207/157 404/207/157
f 408/207/4 409/208/4 406/206/4
f 414/209/158 409/208/158 413/208/158
f 409/208/4 410/209/4 411/210/4
f 409/208/4 411/210/4 412/211/4
f 409/208/4 412/211/4 406/206/4
f 404/207/2 403/206/2 413/208/2
f 413/208/2 415/210/2 414/209/2
f 413/208/2 416/211/2 415/210/2
f 413/208/2 403/206/2 416/211/2
f 416/211/159 411/210/159 415/210/159
f 403/206/160 412/211/160 416/211/160
f 414/209/2 415/210/2 417/212/2
f 415/210/161 419/212/161 417/212/161
f 414/209/2 417/212/2 418/213/2
f 417/212/162 420/213/162 418/213/162
f 410/209/4 419/212/4 411/210/4
f 410/209/4 420/213/4 419/212/4
f 418/213/163 421/214/163 426/214/163
f 422/215/4 421/214/4 420/213/4
f 410/209/4 422/215/4 420/213/4
f 424/215/164 410/209/164 414/209/164
f 425/216/165 422/215/165 424/215/165
f 422/215/4 423/216/4 421/214/4
f 414/209/2 418/213/2 424/215/2
f 424/215/2 418/213/2 426/214/2
f 424/215/2 426/214/2 425/216/2
f 425/216/2 426/214/2 427/217/2
f 426/214/166 429/217/166 427/217/166
f 425/216/2 427/217/2 428/218/2
f 427/217/167 430/218/167 428/218/167
f 423/216/4 429/217/4 421/214/4
f 423/216/4 430/218/4 429/217/4
f 423/216/4 431/219/4 430/218/4
f 431/219/4 432/220/4 430/218/4
f 428/218/168 432/220/168 434/220/168
f 431/219/4 433/221/4 432/220/4
f 434/220/169 433/221/169 436/221/169
f 435/219/2 428/218/2 434/220/2
f 435/219/2 434/220/2 436/221/2
f 436/221/170 446/222/170 437/222/170
f 438/223/2 436/221/2 437/222/2
f 435/219/2 436/221/2 438/223/2
f 438/223/171 431/219/171 435/219/171
f 439/224/172 442/223/172 438/223/172
f 438/223/2 440/225/2 439/224/2
f 438/223/2 441/226/2 440/225/2
f 438/223/2 437/222/2 441/226/2
f 431/219/4 442/223/4 433/221/4
f 442/223/4 446/222/4 433/221/4
f 442/223/4 443/224/4 444/225/4
f 442/223/4 444/225/4 445/226/4
f 442/223/4 445/226/4 446/222/4
f 437/222/173 445/226/173 441/226/173
f 441/226/174 444/225/174 440/225/174
f 447/227/4 448/228/4 444/225/4
f 457/229/4 447/227/4 444/225/4
f 448/228/4 449/230/4 444/225/4
f 449/230/4 450/231/4 444/225/4
f 443/224/4 451/232/4 444/225/4
f 450/231/4 452/233/4 444/225/4
f 451/232/4 453/234/4 444/225/4
f 452/233/4 454/235/4 444/225/4
f 453/234/4 455/236/4 444/225/4
f 440/225/175 454/235/175 465/235/175
f 455/236/4 456/237/4 444/225/4
f 456/237/4 457/229/4 444/225/4
f 458/229/176 456/237/176 459/237/176
f 460/227/177 457/229/177 458/229/177
f 459/237/2 440/225/2 458/229/2
f 458/229/2 440/225/2 460/227/2
f 460/227/2 440/225/2 461/228/2
f 461/228/178 447/227/178 460/227/178
f 461/228/2 440/225/2 462/230/2
f 462/230/179 448/228/179 461/228/179
f 462/230/2 440/225/2 463/231/2
f 463/231/180 449/230/180 462/230/180
f 463/231/2 440/225/2 464/233/2
f 464/233/181 450/231/181 463/231/181
f 464/233/2 440/225/2 465/235/2
f 465/235/182 452/233/182 464/233/182
f 466/236/2 440/225/2 459/237/2
f 459/237/183 455/236/183 466/236/183
f 467/234/2 440/225/2 466/236/2
f 466/236/184 453/234/184 467/234/184
f 468/232/2 440/225/2 467/234/2
f 467/234/185 451/232/185 468/232/185
f 439/224/2 440/225/2 468/232/2
f 468/232/186 443/224/186 439/224/186
f 435/219/187 423/216/187 425/216/187
f 425/216/2 428/218/2 435/219/2
f 395/201/4 407/204/4 397/203/4
f 401/204/188 395/201/188 399/201/188
f 389/199/2 390/200/2 399/201/2
f 399/201/189 392/199/189 389/199/189
f 365/187/190 368/185/190 363/185/190
f 358/183/4 368/185/4 359/184/4
f 363/185/191 358/183/191 361/183/191
f 361/183/192 355/180/192 352/180/192
f 352/180/193 346/178/193 349/178/193
f 337/171/194 330/168/194 327/168/194
f 323/164/195 316/161/195 313/161/195
f 309/157/196 303/155/196 308/155/196
f 308/155/197 293/152/197 297/152/197
f 297/152/2 300/154/2 308/155/2
f 469/148/198 291/149/198 296/149/198
f 285/147/2 469/148/2 296/149/2
f 284/146/199 290/148/199 469/148/199
f 285/147/2 284/146/2 469/148/2
f 282/144/200 288/146/200 284/146/200
f 281/143/201 287/144/201 282/144/201
f 273/140/4 287/144/4 470/143/4
f 470/143/4 473/238/4 471/142/4
f 273/140/4 470/143/4 471/142/4
f 476/239/202 470/143/202 281/143/202
f 470/143/4 472/239/4 473/238/4
f 280/142/203 473/238/203 475/238/203
f 472/239/4 474/240/4 473/238/4
f 475/238/204 474/240/204 477/240/204
f 281/143/2 280/142/2 475/238/2
f 281/143/2 475/238/2 476/239/2
f 476/239/2 475/238/2 477/240/2
f 476/239/2 477/240/2 478/241/2
f 478/241/2 477/240/2 479/242/2
f 477/240/205 481/242/205 479/242/205
f 479/242/206 482/243/206 480/243/206
f 478/241/2 479/242/2 480/243/2
f 483/241/4 481/242/4 474/240/4
f 483/241/4 482/243/4 481/242/4
f 478/241/207 472/239/207 476/239/207
f 472/239/4 483/241/4 474/240/4
f 483/241/4 484/244/4 482/243/4
f 487/244/208 483/241/208 478/241/208
f 484/244/4 485/245/4 482/243/4
f 484/244/4 486/246/4 485/245/4
f 489/246/156 484/244/156 487/244/156
f 487/244/2 480/243/2 488/245/2
f 478/241/2 480/243/2 487/244/2
f 487/244/2 488/245/2 489/246/2
f 489/246/2 488/245/2 490/247/2
f 489/246/2 490/247/2 491/248/2
f 489/246/2 491/248/2 492/249/2
f 492/249/209 486/246/209 489/246/209
f 492/249/2 491/248/2 493/250/2
f 492/249/2 493/250/2 494/251/2
f 492/249/2 494/251/2 495/252/2
f 492/249/2 495/252/2 496/253/2
f 496/253/210 497/249/210 492/249/210
f 497/249/4 499/250/4 498/248/4
f 486/246/4 497/249/4 498/248/4
f 497/249/4 500/251/4 499/250/4
f 497/249/4 501/252/4 500/251/4
f 497/249/4 502/253/4 501/252/4
f 502/253/4 507/254/4 501/252/4
f 785/255/211 502/253/211 496/253/211
f 502/253/4 503/255/4 504/256/4
f 502/253/4 504/256/4 505/257/4
f 502/253/4 505/257/4 506/258/4
f 502/253/4 506/258/4 507/254/4
f 495/252/212 507/254/212 508/254/212
f 508/254/213 506/258/213 509/258/213
f 496/253/2 495/252/2 508/254/2
f 496/253/2 508/254/2 509/258/2
f 496/253/2 509/258/2 510/257/2
f 509/258/214 505/257/214 510/257/214
f 496/253/215 510/257/215 511/256/215
f 510/257/2 512/259/2 511/256/2
f 510/257/216 515/259/216 512/259/216
f 512/259/2 513/260/2 511/256/2
f 514/261/2 513/260/2 512/259/2
f 512/259/217 517/261/217 514/261/217
f 505/257/4 504/256/4 515/259/4
f 515/259/4 504/256/4 516/260/4
f 517/261/4 515/259/4 516/260/4
f 518/262/4 517/261/4 516/260/4
f 514/261/218 518/262/218 520/262/218
f 520/262/219 519/263/219 521/263/219
f 519/263/4 518/262/4 516/260/4
f 520/262/2 513/260/2 514/261/2
f 521/263/2 513/260/2 520/262/2
f 521/263/220 525/264/220 522/264/220
f 522/264/2 513/260/2 521/263/2
f 522/264/221 526/265/221 523/265/221
f 523/265/2 524/266/2 522/264/2
f 522/264/2 524/266/2 513/260/2
f 525/264/4 519/263/4 516/260/4
f 526/265/4 525/264/4 527/266/4
f 525/264/4 516/260/4 527/266/4
f 524/266/222 516/260/222 513/260/222
f 528/267/4 526/265/4 527/266/4
f 528/267/4 527/266/4 529/268/4
f 532/268/223 527/266/223 524/266/223
f 530/269/4 528/267/4 529/268/4
f 530/269/4 529/268/4 531/270/4
f 535/270/224 529/268/224 532/268/224
f 533/267/2 532/268/2 524/266/2
f 534/269/2 532/268/2 533/267/2
f 534/269/2 535/270/2 532/268/2
f 536/271/2 535/270/2 534/269/2
f 537/272/2 535/270/2 536/271/2
f 537/272/2 538/273/2 535/270/2
f 538/273/225 531/270/225 535/270/225
f 539/274/2 538/273/2 537/272/2
f 539/274/2 540/275/2 538/273/2
f 540/275/226 541/273/226 538/273/226
f 542/272/4 531/270/4 541/273/4
f 543/274/4 542/272/4 541/273/4
f 543/274/4 541/273/4 544/275/4
f 545/276/4 543/274/4 544/275/4
f 545/276/4 544/275/4 546/277/4
f 550/277/227 544/275/227 540/275/227
f 547/278/4 545/276/4 546/277/4
f 548/279/4 547/278/4 546/277/4
f 548/279/4 546/277/4 549/280/4
f 554/280/228 546/277/228 550/277/228
f 551/276/2 550/277/2 540/275/2
f 552/278/2 550/277/2 551/276/2
f 553/279/2 550/277/2 552/278/2
f 553/279/2 554/280/2 550/277/2
f 555/281/2 554/280/2 553/279/2
f 555/281/2 556/282/2 554/280/2
f 556/282/229 549/280/229 554/280/229
f 557/283/2 556/282/2 555/281/2
f 557/283/2 558/284/2 556/282/2
f 558/284/230 559/282/230 556/282/230
f 560/281/4 549/280/4 559/282/4
f 561/283/4 560/281/4 559/282/4
f 561/283/4 559/282/4 562/284/4
f 563/285/4 561/283/4 562/284/4
f 563/285/4 562/284/4 564/286/4
f 567/286/231 562/284/231 558/284/231
f 565/287/4 563/285/4 564/286/4
f 565/287/4 564/286/4 566/288/4
f 570/288/232 564/286/232 567/286/232
f 568/285/2 567/286/2 558/284/2
f 569/287/2 567/286/2 568/285/2
f 569/287/2 570/288/2 567/286/2
f 571/289/2 570/288/2 569/287/2
f 571/289/2 572/290/2 570/288/2
f 572/290/233 566/288/233 570/288/233
f 573/291/2 572/290/2 571/289/2
f 573/291/2 574/292/2 572/290/2
f 574/292/36 575/290/36 572/290/36
f 576/289/4 566/288/4 575/290/4
f 577/291/4 576/289/4 575/290/4
f 577/291/4 575/290/4 578/292/4
f 579/293/4 577/291/4 578/292/4
f 579/293/4 578/292/4 580/294/4
f 583/294/234 578/292/234 574/292/234
f 581/295/4 579/293/4 580/294/4
f 581/295/4 580/294/4 582/296/4
f 583/294/235 582/296/235 580/294/235
f 584/293/2 583/294/2 574/292/2
f 585/295/2 583/294/2 584/293/2
f 585/295/2 586/296/2 583/294/2
f 585/295/2 587/297/2 586/296/2
f 587/297/236 582/296/236 586/296/236
f 588/298/2 587/297/2 585/295/2
f 588/298/2 589/299/2 587/297/2
f 589/299/237 590/297/237 587/297/237
f 581/295/4 582/296/4 590/297/4
f 591/298/4 581/295/4 590/297/4
f 591/298/4 590/297/4 592/299/4
f 593/300/4 591/298/4 592/299/4
f 593/300/4 592/299/4 594/301/4
f 597/301/238 592/299/238 589/299/238
f 595/302/4 593/300/4 594/301/4
f 595/302/4 594/301/4 596/303/4
f 600/303/239 594/301/239 597/301/239
f 598/300/2 597/301/2 589/299/2
f 599/302/2 597/301/2 598/300/2
f 599/302/2 600/303/2 597/301/2
f 601/304/2 600/303/2 599/302/2
f 602/305/2 600/303/2 601/304/2
f 602/305/2 603/306/2 600/303/2
f 603/306/240 596/303/240 600/303/240
f 604/307/2 603/306/2 602/305/2
f 604/307/2 605/308/2 603/306/2
f 605/308/241 606/306/241 603/306/241
f 607/305/4 596/303/4 606/306/4
f 608/307/4 607/305/4 606/306/4
f 608/307/4 606/306/4 609/308/4
f 610/309/4 608/307/4 609/308/4
f 611/310/4 610/309/4 609/308/4
f 611/310/4 609/308/4 612/311/4
f 615/311/242 609/308/242 605/308/242
f 613/312/4 611/310/4 612/311/4
f 613/312/4 612/311/4 614/313/4
f 618/313/243 612/311/243 615/311/243
f 616/310/2 615/311/2 605/308/2
f 617/312/2 615/311/2 616/310/2
f 617/312/2 618/313/2 615/311/2
f 619/314/2 618/313/2 617/312/2
f 620/315/2 618/313/2 619/314/2
f 620/315/2 621/316/2 618/313/2
f 621/316/244 614/313/244 618/313/244
f 622/317/2 621/316/2 620/315/2
f 622/317/2 623/318/2 621/316/2
f 623/318/245 624/316/245 621/316/245
f 625/315/4 614/313/4 624/316/4
f 626/317/4 625/315/4 624/316/4
f 626/317/4 624/316/4 627/318/4
f 628/319/4 626/317/4 627/318/4
f 629/320/4 628/319/4 627/318/4
f 629/320/4 627/318/4 630/321/4
f 633/321/246 627/318/246 623/318/246
f 631/322/4 629/320/4 630/321/4
f 631/322/4 630/321/4 632/323/4
f 636/323/247 630/321/247 633/321/247
f 634/320/2 633/321/2 623/318/2
f 635/322/2 633/321/2 634/320/2
f 635/322/2 636/323/2 633/321/2
f 637/324/2 636/323/2 635/322/2
f 637/324/2 638/325/2 636/323/2
f 636/323/248 642/325/248 632/323/248
f 639/326/2 638/325/2 637/324/2
f 640/327/2 638/325/2 639/326/2
f 640/327/2 641/328/2 638/325/2
f 641/328/249 642/325/249 638/325/249
f 643/324/4 632/323/4 642/325/4
f 644/326/4 643/324/4 642/325/4
f 645/327/4 644/326/4 642/325/4
f 645/327/4 642/325/4 646/328/4
f 647/329/4 645/327/4 646/328/4
f 647/329/4 646/328/4 648/330/4
f 641/328/250 648/330/250 646/328/250
f 649/331/4 647/329/4 648/330/4
f 649/331/4 648/330/4 650/332/4
f 654/332/251 648/330/251 651/330/251
f 652/329/2 651/330/2 641/328/2
f 653/331/2 651/330/2 652/329/2
f 653/331/2 654/332/2 651/330/2
f 655/333/2 654/332/2 653/331/2
f 655/333/2 656/334/2 654/332/2
f 656/334/252 650/332/252 654/332/252
f 657/335/2 656/334/2 655/333/2
f 658/336/2 656/334/2 657/335/2
f 658/336/2 659/337/2 656/334/2
f 659/337/253 660/334/253 656/334/253
f 661/333/4 650/332/4 660/334/4
f 662/335/4 661/333/4 660/334/4
f 663/336/4 662/335/4 660/334/4
f 663/336/4 660/334/4 664/337/4
f 665/338/4 663/336/4 664/337/4
f 665/338/4 664/337/4 666/339/4
f 669/339/254 664/337/254 659/337/254
f 667/340/4 665/338/4 666/339/4
f 667/340/4 666/339/4 668/341/4
f 672/341/255 666/339/255 669/339/255
f 670/338/2 669/339/2 659/337/2
f 671/340/2 669/339/2 670/338/2
f 671/340/2 672/341/2 669/339/2
f 673/342/2 672/341/2 671/340/2
f 673/342/2 674/343/2 672/341/2
f 674/343/256 668/341/256 672/341/256
f 675/344/2 674/343/2 673/342/2
f 675/344/2 676/345/2 674/343/2
f 676/345/257 677/343/257 674/343/257
f 678/342/4 668/341/4 677/343/4
f 679/344/4 678/342/4 677/343/4
f 679/344/4 677/343/4 680/345/4
f 681/346/4 679/344/4 680/345/4
f 682/347/4 681/346/4 680/345/4
f 682/347/4 680/345/4 683/348/4
f 686/348/258 680/345/258 676/345/258
f 684/349/4 682/347/4 683/348/4
f 684/349/4 683/348/4 685/350/4
f 689/350/259 683/348/259 686/348/259
f 687/347/2 686/348/2 676/345/2
f 688/349/2 686/348/2 687/347/2
f 688/349/2 689/350/2 686/348/2
f 690/351/2 689/350/2 688/349/2
f 690/351/2 691/352/2 689/350/2
f 691/352/260 685/350/260 689/350/260
f 692/353/2 691/352/2 690/351/2
f 692/353/2 693/354/2 691/352/2
f 693/354/261 694/352/261 691/352/261
f 695/351/4 685/350/4 694/352/4
f 696/353/4 695/351/4 694/352/4
f 696/353/4 694/352/4 697/354/4
f 698/355/4 696/353/4 697/354/4
f 698/355/4 697/354/4 699/356/4
f 693/354/262 699/356/262 697/354/262
f 700/357/4 698/355/4 699/356/4
f 701/358/4 700/357/4 699/356/4
f 701/358/4 699/356/4 702/359/4
f 707/359/263 699/356/263 703/356/263
f 704/355/2 703/356/2 693/354/2
f 705/357/2 703/356/2 704/355/2
f 706/358/2 703/356/2 705/357/2
f 706/358/2 707/359/2 703/356/2
f 708/360/2 707/359/2 706/358/2
f 708/360/2 709/361/2 707/359/2
f 709/361/264 702/359/264 707/359/264
f 710/362/2 709/361/2 708/360/2
f 710/362/2 711/363/2 709/361/2
f 711/363/265 712/361/265 709/361/265
f 713/360/4 702/359/4 712/361/4
f 714/362/4 713/360/4 712/361/4
f 714/362/4 712/361/4 715/363/4
f 716/364/4 714/362/4 715/363/4
f 716/364/4 715/363/4 717/365/4
f 721/365/266 715/363/266 711/363/266
f 718/366/4 716/364/4 717/365/4
f 719/367/4 718/366/4 717/365/4
f 719/367/4 717/365/4 720/368/4
f 725/368/267 717/365/267 721/365/267
f 722/364/2 721/365/2 711/363/2
f 723/366/2 721/365/2 722/364/2
f 724/367/2 721/365/2 723/366/2
f 724/367/2 725/368/2 721/365/2
f 726/369/2 725/368/2 724/367/2
f 726/369/2 727/370/2 725/368/2
f 727/370/268 720/368/268 725/368/268
f 728/371/2 727/370/2 726/369/2
f 728/371/2 729/372/2 727/370/2
f 729/372/269 730/370/269 727/370/269
f 731/369/4 720/368/4 730/370/4
f 732/371/4 731/369/4 730/370/4
f 732/371/4 730/370/4 733/372/4
f 734/373/4 732/371/4 733/372/4
f 734/373/4 733/372/4 735/374/4
f 739/374/270 733/372/270 729/372/270
f 736/375/4 734/373/4 735/374/4
f 737/376/4 736/375/4 735/374/4
f 737/376/4 735/374/4 738/377/4
f 743/377/271 735/374/271 739/374/271
f 740/373/2 739/374/2 729/372/2
f 741/375/2 739/374/2 740/373/2
f 742/376/2 739/374/2 741/375/2
f 742/376/2 743/377/2 739/374/2
f 744/378/2 743/377/2 742/376/2
f 744/378/2 745/379/2 743/377/2
f 745/379/272 738/377/272 743/377/272
f 746/380/2 745/379/2 744/378/2
f 746/380/2 747/381/2 745/379/2
f 747/381/273 748/379/273 745/379/273
f 749/378/4 738/377/4 748/379/4
f 750/380/4 749/378/4 748/379/4
f 750/380/4 748/379/4 751/381/4
f 752/382/4 750/380/4 751/381/4
f 753/383/4 752/382/4 751/381/4
f 753/383/4 751/381/4 754/384/4
f 757/384/274 751/381/274 747/381/274
f 755/385/4 753/383/4 754/384/4
f 755/385/4 754/384/4 756/386/4
f 760/386/275 754/384/275 757/384/275
f 758/383/2 757/384/2 747/381/2
f 759/385/2 757/384/2 758/383/2
f 759/385/2 760/386/2 757/384/2
f 761/387/2 760/386/2 759/385/2
f 762/388/2 760/386/2 761/387/2
f 762/388/2 763/389/2 760/386/2
f 763/389/276 756/386/276 760/386/276
f 764/390/2 763/389/2 762/388/2
f 764/390/2 765/391/2 763/389/2
f 765/391/277 766/389/277 763/389/277
f 767/388/4 756/386/4 766/389/4
f 768/390/4 767/388/4 766/389/4
f 768/390/4 766/389/4 769/391/4
f 770/392/4 768/390/4 769/391/4
f 771/393/4 770/392/4 769/391/4
f 771/393/4 769/391/4 45/24/4
f 53/24/278 769/391/278 765/391/278
f 773/393/279 772/394/279 774/394/279
f 772/394/4 771/393/4 45/24/4
f 775/392/280 771/393/280 773/393/280
f 773/393/2 53/24/2 765/391/2
f 773/393/2 765/391/2 775/392/2
f 774/394/2 53/24/2 773/393/2
f 775/392/2 765/391/2 764/390/2
f 764/390/281 770/392/281 775/392/281
f 774/394/282 46/25/282 54/25/282
f 54/25/2 53/24/2 774/394/2
f 46/25/4 772/394/4 45/24/4
f 762/388/283 768/390/283 764/390/283
f 767/388/4 776/387/4 756/386/4
f 761/387/284 767/388/284 762/388/284
f 776/387/4 755/385/4 756/386/4
f 759/385/285 776/387/285 761/387/285
f 758/383/286 755/385/286 759/385/286
f 758/383/2 747/381/2 777/382/2
f 777/382/287 753/383/287 758/383/287
f 777/382/2 747/381/2 746/380/2
f 746/380/288 752/382/288 777/382/288
f 744/378/289 750/380/289 746/380/289
f 749/378/4 737/376/4 738/377/4
f 742/376/290 749/378/290 744/378/290
f 741/375/291 737/376/291 742/376/291
f 740/373/292 736/375/292 741/375/292
f 740/373/2 729/372/2 728/371/2
f 728/371/293 734/373/293 740/373/293
f 726/369/294 732/371/294 728/371/294
f 731/369/4 719/367/4 720/368/4
f 724/367/295 731/369/295 726/369/295
f 723/366/296 719/367/296 724/367/296
f 722/364/297 718/366/297 723/366/297
f 722/364/2 711/363/2 710/362/2
f 710/362/298 716/364/298 722/364/298
f 708/360/299 714/362/299 710/362/299
f 713/360/4 701/358/4 702/359/4
f 706/358/300 713/360/300 708/360/300
f 705/357/301 701/358/301 706/358/301
f 704/355/302 700/357/302 705/357/302
f 704/355/2 693/354/2 692/353/2
f 692/353/303 698/355/303 704/355/303
f 690/351/304 696/353/304 692/353/304
f 695/351/4 684/349/4 685/350/4
f 688/349/305 695/351/305 690/351/305
f 687/347/306 684/349/306 688/349/306
f 687/347/2 676/345/2 778/346/2
f 778/346/307 682/347/307 687/347/307
f 778/346/2 676/345/2 675/344/2
f 675/344/308 681/346/308 778/346/308
f 673/342/309 679/344/309 675/344/309
f 678/342/4 667/340/4 668/341/4
f 671/340/310 678/342/310 673/342/310
f 670/338/311 667/340/311 671/340/311
f 670/338/2 659/337/2 658/336/2
f 658/336/312 665/338/312 670/338/312
f 657/335/313 663/336/313 658/336/313
f 655/333/314 662/335/314 657/335/314
f 661/333/4 649/331/4 650/332/4
f 653/331/315 661/333/315 655/333/315
f 652/329/316 649/331/316 653/331/316
f 652/329/2 641/328/2 640/327/2
f 640/327/317 647/329/317 652/329/317
f 639/326/318 645/327/318 640/327/318
f 637/324/319 644/326/319 639/326/319
f 643/324/4 631/322/4 632/323/4
f 637/324/320 631/322/320 643/324/320
f 634/320/321 631/322/321 635/322/321
f 634/320/2 623/318/2 779/319/2
f 779/319/322 629/320/322 634/320/322
f 779/319/2 623/318/2 622/317/2
f 622/317/323 628/319/323 779/319/323
f 620/315/324 626/317/324 622/317/324
f 625/315/4 780/314/4 614/313/4
f 619/314/325 625/315/325 620/315/325
f 780/314/4 613/312/4 614/313/4
f 617/312/326 780/314/326 619/314/326
f 616/310/327 613/312/327 617/312/327
f 616/310/2 605/308/2 781/309/2
f 781/309/328 611/310/328 616/310/328
f 781/309/2 605/308/2 604/307/2
f 604/307/329 610/309/329 781/309/329
f 602/305/330 608/307/330 604/307/330
f 607/305/4 782/304/4 596/303/4
f 601/304/331 607/305/331 602/305/331
f 782/304/4 595/302/4 596/303/4
f 599/302/332 782/304/332 601/304/332
f 598/300/333 595/302/333 599/302/333
f 598/300/2 589/299/2 588/298/2
f 588/298/334 593/300/334 598/300/334
f 588/298/335 581/295/335 591/298/335
f 584/293/336 581/295/336 585/295/336
f 584/293/2 574/292/2 573/291/2
f 573/291/337 579/293/337 584/293/337
f 573/291/338 576/289/338 577/291/338
f 576/289/4 565/287/4 566/288/4
f 569/287/339 576/289/339 571/289/339
f 568/285/340 565/287/340 569/287/340
f 568/285/2 558/284/2 557/283/2
f 557/283/341 563/285/341 568/285/341
f 555/281/342 561/283/342 557/283/342
f 560/281/4 548/279/4 549/280/4
f 553/279/343 560/281/343 555/281/343
f 552/278/344 548/279/344 553/279/344
f 551/276/345 547/278/345 552/278/345
f 551/276/2 540/275/2 539/274/2
f 539/274/346 545/276/346 551/276/346
f 537/272/347 543/274/347 539/274/347
f 542/272/4 783/271/4 531/270/4
f 536/271/348 542/272/348 537/272/348
f 783/271/4 530/269/4 531/270/4
f 534/269/349 783/271/349 536/271/349
f 533/267/350 530/269/350 534/269/350
f 533/267/2 524/266/2 523/265/2
f 523/265/351 528/267/351 533/267/351
f 513/260/352 504/256/352 511/256/352
f 496/253/2 511/256/2 785/255/2
f 511/256/353 789/395/353 784/395/353
f 785/255/2 511/256/2 784/395/2
f 785/255/2 784/395/2 786/396/2
f 786/396/354 503/255/354 785/255/354
f 786/396/2 784/395/2 787/397/2
f 787/397/355 788/396/355 786/396/355
f 503/255/4 788/396/4 789/395/4
f 788/396/4 790/397/4 789/395/4
f 790/397/4 791/398/4 789/395/4
f 790/397/4 792/399/4 791/398/4
f 795/399/356 790/397/356 787/397/356
f 792/399/4 794/400/4 791/398/4
f 797/401/357 792/399/357 795/399/357
f 792/399/4 793/401/4 794/400/4
f 787/397/2 796/398/2 795/399/2
f 795/399/2 796/398/2 798/400/2
f 795/399/2 798/400/2 797/401/2
f 796/398/358 794/400/358 798/400/358
f 797/401/2 798/400/2 799/402/2
f 799/402/2 798/400/2 800/403/2
f 798/400/359 803/403/359 800/403/359
f 799/402/2 800/403/2 801/404/2
f 801/404/2 800/403/2 802/405/2
f 800/403/360 806/405/360 802/405/360
f 804/402/4 803/403/4 794/400/4
f 804/402/4 805/404/4 803/403/4
f 805/404/4 806/405/4 803/403/4
f 805/404/4 808/406/4 806/405/4
f 802/405/361 807/407/361 814/407/361
f 809/408/4 807/407/4 806/405/4
f 808/406/4 809/408/4 806/405/4
f 811/408/362 808/406/362 812/406/362
f 813/409/363 809/408/363 811/408/363
f 809/408/4 810/409/4 807/407/4
f 812/406/2 802/405/2 811/408/2
f 811/408/2 802/405/2 814/407/2
f 811/408/2 814/407/2 813/409/2
f 813/409/2 814/407/2 815/410/2
f 814/407/364 819/410/364 815/410/364
f 813/409/2 815/410/2 816/411/2
f 816/411/2 815/410/2 817/412/2
f 817/412/2 815/410/2 818/413/2
f 815/410/365 822/413/365 818/413/365
f 810/409/4 819/410/4 807/407/4
f 810/409/4 820/411/4 819/410/4
f 820/411/4 821/412/4 819/410/4
f 821/412/4 822/413/4 819/410/4
f 821/412/4 823/414/4 822/413/4
f 823/414/4 824/415/4 822/413/4
f 818/413/366 824/415/366 828/415/366
f 828/415/367 825/416/367 829/416/367
f 827/417/4 825/416/4 824/415/4
f 823/414/4 826/418/4 824/415/4
f 826/418/4 827/417/4 824/415/4
f 830/414/2 818/413/2 828/415/2
f 832/417/2 828/415/2 829/416/2
f 830/414/2 828/415/2 831/418/2
f 831/418/2 828/415/2 832/417/2
f 832/417/368 826/418/368 831/418/368
f 833/419/369 827/417/369 832/417/369
f 832/417/2 829/416/2 833/419/2
f 834/420/370 836/419/370 833/419/370
f 833/419/2 835/421/2 834/420/2
f 833/419/2 829/416/2 835/421/2
f 827/417/4 836/419/4 825/416/4
f 836/419/4 837/420/4 838/421/4
f 836/419/4 838/421/4 825/416/4
f 829/416/371 838/421/371 835/421/371
f 837/420/372 839/422/372 838/421/372
f 835/421/373 839/422/373 840/422/373
f 840/422/374 837/420/374 834/420/374
f 834/420/2 835/421/2 840/422/2
f 831/418/375 823/414/375 830/414/375
f 817/412/2 818/413/2 830/414/2
f 830/414/376 821/412/376 817/412/376
f 817/412/377 820/411/377 816/411/377
f 816/411/378 810/409/378 813/409/378
f 801/404/2 802/405/2 812/406/2
f 812/406/379 805/404/379 801/404/379
f 801/404/380 804/402/380 799/402/380
f 799/402/381 793/401/381 797/401/381
f 793/401/4 804/402/4 794/400/4
f 784/395/382 791/398/382 796/398/382
f 787/397/2 784/395/2 796/398/2
f 503/255/4 789/395/4 504/256/4
f 494/251/383 501/252/383 495/252/383
f 493/250/384 500/251/384 494/251/384
f 491/248/385 499/250/385 493/250/385
f 490/247/386 498/248/386 491/248/386
f 486/246/4 498/248/4 841/247/4
f 488/245/387 841/247/387 490/247/387
f 486/246/4 841/247/4 485/245/4
f 480/243/388 485/245/388 488/245/388
f 279/141/389 471/142/389 280/142/389
f 273/140/4 471/142/4 842/141/4
f 277/139/390 842/141/390 279/141/390
f 273/140/4 842/141/4 272/139/4
f 276/138/391 272/139/391 277/139/391
f 275/136/392 271/138/392 276/138/392
f 843/135/393 269/136/393 275/136/393
f 262/132/2 843/135/2 275/136/2
f 264/134/394 268/135/394 843/135/394
f 262/132/2 264/134/2 843/135/2
f 237/120/395 231/117/395 234/117/395
f 234/117/396 228/113/396 224/113/396
f 217/109/4 228/113/4 221/112/4
f 224/113/397 217/109/397 214/109/397
f 199/100/2 203/103/2 210/104/2
f 210/104/398 196/100/398 199/100/398
f 182/92/4 192/95/4 184/94/4
f 188/95/399 182/92/399 186/92/399
f 176/89/2 178/91/2 186/92/2
f 186/92/400 180/89/400 176/89/400
f 176/89/401 170/86/401 168/86/401
f 170/86/4 180/89/4 173/88/4
f 143/73/402 137/70/402 140/70/402
f 129/68/403 133/64/403 126/64/403
f 121/62/4 133/64/4 122/63/4
f 126/64/404 121/62/404 124/62/404
f 124/62/405 118/60/405 116/60/405
f 112/56/406 106/54/406 111/54/406
f 111/54/407 104/52/407 100/52/407
f 100/52/2 102/53/2 111/54/2
f 97/48/408 93/49/408 98/49/408
f 96/46/409 92/48/409 97/48/409
f 84/44/2 85/45/2 96/46/2
f 81/39/410 78/41/410 82/41/410
f 844/38/411 76/39/411 81/39/411
f 67/37/2 844/38/2 81/39/2
f 66/36/412 75/38/412 844/38/412
f 67/37/2 66/36/2 844/38/2
f 65/35/413 73/36/413 66/36/413
f 64/34/414 72/35/414 65/35/414
f 63/33/415 71/34/415 64/34/415
f 61/31/416 70/33/416 63/33/416
f 59/30/417 69/31/417 61/31/417
f 43/22/4 69/31/4 51/30/4
f 58/29/418 51/30/418 59/30/418
f 57/28/419 50/29/419 58/29/419
f 56/27/420 49/28/420 57/28/420
f 55/26/421 48/27/421 56/27/421
f 54/25/422 47/26/422 55/26/422
f 20/11/4 31/13/4 21/12/4
f 25/13/423 20/11/423 23/11/423
f 23/11/424 17/8/424 14/8/424
f 2/1/1 5/1/1 4/2/1
f 1/2/3 4/2/3 6/3/3
f 3/3/5 6/3/5 7/4/5
f 10/4/6 7/4/6 8/5/6
f 12/6/7 9/6/7 5/1/7
f 13/7/8 16/7/8 9/6/8
f 14/8/9 17/8/9 16/7/9
f 15/9/10 18/9/10 19/10/10
f 11/5/11 8/5/11 18/9/11
f 22/10/12 19/10/12 21/12/12
f 24/12/13 21/12/13 29/14/13
f 26/14/14 29/14/14 30/15/14
f 28/16/15 32/16/15 31/13/15
f 36/17/16 33/17/16 32/16/16
f 37/18/17 34/18/17 33/17/17
f 38/19/18 35/19/18 41/20/18
f 27/15/19 30/15/19 35/19/19
f 39/20/20 41/20/20 42/21/20
f 40/21/21 42/21/21 44/23/21
f 52/23/22 44/23/22 45/24/22
f 62/32/23 68/32/23 43/22/23
f 60/22/24 43/22/24 34/18/24
f 67/37/25 74/37/25 68/32/25
f 80/40/26 77/40/26 74/37/26
f 83/42/27 79/42/27 77/40/27
f 84/44/28 90/44/28 79/42/28
f 82/41/29 78/41/29 87/43/29
f 86/43/30 87/43/30 88/45/30
f 85/45/31 88/45/31 89/46/31
f 95/47/32 91/47/32 90/44/32
f 99/50/33 94/50/33 91/47/33
f 100/52/34 104/52/34 94/50/34
f 98/49/35 93/49/35 103/51/35
f 101/51/36 103/51/36 105/53/36
f 102/53/37 105/53/37 107/55/37
f 110/55/38 107/55/38 109/57/38
f 113/57/39 109/57/39 119/58/39
f 115/59/40 117/59/40 108/56/40
f 116/60/41 118/60/41 117/59/41
f 114/58/42 119/58/42 120/61/42
f 123/61/43 120/61/43 122/63/43
f 125/63/44 122/63/44 131/65/44
f 127/65/45 131/65/45 132/66/45
f 130/67/46 135/67/46 134/68/46
f 139/69/47 136/69/47 135/67/47
f 140/70/48 137/70/48 136/69/48
f 141/71/49 138/71/49 145/72/49
f 128/66/50 132/66/50 138/71/50
f 142/72/51 145/72/51 147/74/51
f 144/74/52 147/74/52 148/75/52
f 151/75/53 148/75/53 149/76/53
f 153/77/54 150/77/54 146/73/54
f 154/78/55 158/78/55 150/77/55
f 155/79/56 159/79/56 158/78/56
f 157/81/57 161/81/57 160/80/57
f 152/76/58 149/76/58 161/81/58
f 156/80/59 160/80/59 162/82/59
f 164/82/60 162/82/60 163/83/60
f 165/83/61 163/83/61 171/84/61
f 167/85/62 169/85/62 159/79/62
f 168/86/63 170/86/63 169/85/63
f 166/84/64 171/84/64 172/87/64
f 174/87/65 172/87/65 173/88/65
f 175/88/66 173/88/66 179/90/66
f 177/90/67 179/90/67 181/91/67
f 178/91/68 181/91/68 183/93/68
f 187/94/69 185/93/69 183/93/69
f 187/94/70 184/94/70 191/96/70
f 189/96/71 191/96/71 193/97/71
f 190/97/72 193/97/72 194/98/72
f 198/99/73 195/99/73 192/95/73
f 199/100/74 196/100/74 195/99/74
f 201/98/75 194/98/75 197/101/75
f 200/101/76 197/101/76 204/102/76
f 202/102/77 204/102/77 205/103/77
f 203/103/78 205/103/78 207/105/78
f 209/105/79 207/105/79 208/106/79
f 211/106/80 208/106/80 219/107/80
f 213/108/81 216/108/81 206/104/81
f 214/109/82 217/109/82 216/108/82
f 212/107/83 219/107/83 218/110/83
f 222/111/84 215/110/84 218/110/84
f 222/111/85 220/111/85 221/112/85
f 223/112/86 221/112/86 227/114/86
f 225/114/87 227/114/87 229/115/87
f 226/115/88 229/115/88 230/116/88
f 233/116/89 230/116/89 232/118/89
f 235/118/90 232/118/90 239/119/90
f 236/119/91 239/119/91 241/121/91
f 238/121/92 241/121/92 242/122/92
f 244/122/93 242/122/93 243/123/93
f 245/123/94 243/123/94 255/124/94
f 247/125/95 251/125/95 240/120/95
f 248/126/96 252/126/96 251/125/96
f 250/128/97 246/124/97 255/124/97
f 250/128/98 254/128/98 253/127/98
f 259/129/99 249/127/99 253/127/99
f 260/130/100 259/129/100 256/129/100
f 261/131/101 258/131/101 252/126/101
f 262/132/102 267/132/102 258/131/102
f 263/133/103 265/133/103 266/134/103
f 260/130/104 257/130/104 265/133/104
f 274/137/105 270/137/105 267/132/105
f 278/140/106 273/140/106 270/137/106
f 283/145/107 286/145/107 273/140/107
f 285/147/108 289/147/108 286/145/108
f 295/150/109 292/150/109 289/147/109
f 297/152/110 293/152/110 292/150/110
f 296/149/111 291/149/111 294/151/111
f 298/151/112 294/151/112 301/153/112
f 299/153/113 301/153/113 302/154/113
f 300/154/114 302/154/114 304/156/114
f 307/156/115 304/156/115 306/158/115
f 310/158/116 306/158/116 318/159/116
f 309/157/117 312/160/117 315/160/117
f 313/161/118 316/161/118 315/160/118
f 311/159/119 318/159/119 317/162/119
f 314/162/120 317/162/120 319/163/120
f 322/163/121 319/163/121 321/165/121
f 324/165/122 321/165/122 332/166/122
f 326/167/123 329/167/123 320/164/123
f 327/168/124 330/168/124 329/167/124
f 325/166/125 332/166/125 331/169/125
f 328/169/126 331/169/126 333/170/126
f 336/170/127 333/170/127 335/172/127
f 338/172/128 335/172/128 342/174/128
f 340/174/129 342/174/129 343/175/129
f 348/176/130 345/176/130 344/173/130
f 339/173/131 344/173/131 334/171/131
f 349/178/132 346/178/132 345/176/132
f 341/175/133 343/175/133 347/177/133
f 350/177/134 347/177/134 354/179/134
f 351/179/135 354/179/135 356/181/135
f 353/181/136 356/181/136 357/182/136
f 360/182/137 357/182/137 359/184/137
f 362/184/138 359/184/138 367/186/138
f 364/186/139 367/186/139 370/188/139
f 366/188/140 370/188/140 371/189/140
f 374/189/141 371/189/141 372/190/141
f 365/187/142 376/191/142 373/191/142
f 377/192/425 380/192/425 373/191/425
f 378/193/144 381/193/144 380/192/144
f 379/194/145 382/194/145 383/195/145
f 375/190/146 372/190/146 382/194/146
f 385/195/147 383/195/147 384/196/147
f 386/196/148 384/196/148 391/198/148
f 388/198/149 391/198/149 393/200/149
f 389/199/150 392/199/150 394/197/150
f 387/197/151 394/197/151 381/193/151
f 390/200/152 393/200/152 396/202/152
f 398/202/153 396/202/153 397/203/153
f 400/203/154 397/203/154 405/205/154
f 402/205/155 405/205/155 406/206/155
f 404/207/156 408/207/156 407/204/156
f 413/208/157 409/208/157 408/207/157
f 414/209/158 410/209/158 409/208/158
f 416/211/159 412/211/159 411/210/159
f 403/206/160 406/206/160 412/211/160
f 415/210/161 411/210/161 419/212/161
f 417/212/162 419/212/162 420/213/162
f 418/213/163 420/213/163 421/214/163
f 424/215/164 422/215/164 410/209/164
f 425/216/165 423/216/165 422/215/165
f 426/214/166 421/214/166 429/217/166
f 427/217/167 429/217/167 430/218/167
f 428/218/168 430/218/168 432/220/168
f 434/220/169 432/220/169 433/221/169
f 436/221/170 433/221/170 446/222/170
f 438/223/171 442/223/171 431/219/171
f 439/224/172 443/224/172 442/223/172
f 437/222/173 446/222/173 445/226/173
f 441/226/174 445/226/174 444/225/174
f 440/225/175 444/225/175 454/235/175
f 458/229/176 457/229/176 456/237/176
f 460/227/177 447/227/177 457/229/177
f 461/228/178 448/228/178 447/227/178
f 462/230/179 449/230/179 448/228/179
f 463/231/180 450/231/180 449/230/180
f 464/233/181 452/233/181 450/231/181
f 465/235/182 454/235/182 452/233/182
f 459/237/183 456/237/183 455/236/183
f 466/236/184 455/236/184 453/234/184
f 467/234/185 453/234/185 451/232/185
f 468/232/186 451/232/186 443/224/186
f 435/219/187 431/219/187 423/216/187
f 401/204/188 407/204/188 395/201/188
f 399/201/189 395/201/189 392/199/189
f 365/187/190 369/187/190 368/185/190
f 363/185/191 368/185/191 358/183/191
f 361/183/192 358/183/192 355/180/192
f 352/180/193 355/180/193 346/178/193
f 337/171/194 334/171/194 330/168/194
f 323/164/195 320/164/195 316/161/195
f 309/157/196 305/157/196 303/155/196
f 308/155/197 303/155/197 293/152/197
f 469/148/198 290/148/198 291/149/198
f 284/146/199 288/146/199 290/148/199
f 282/144/200 287/144/200 288/146/200
f 281/143/201 470/143/201 287/144/201
f 476/239/202 472/239/202 470/143/202
f 280/142/203 471/142/203 473/238/203
f 475/238/204 473/238/204 474/240/204
f 477/240/205 474/240/205 481/242/205
f 479/242/206 481/242/206 482/243/206
f 478/241/207 483/241/207 472/239/207
f 487/244/208 484/244/208 483/241/208
f 489/246/156 486/246/156 484/244/156
f 492/249/209 497/249/209 486/246/209
f 496/253/210 502/253/210 497/249/210
f 785/255/211 503/255/211 502/253/211
f 495/252/212 501/252/212 507/254/212
f 508/254/213 507/254/213 506/258/213
f 509/258/214 506/258/214 505/257/214
f 510/257/216 505/257/216 515/259/216
f 512/259/217 515/259/217 517/261/217
f 514/261/218 517/261/218 518/262/218
f 520/262/219 518/262/219 519/263/219
f 521/263/220 519/263/220 525/264/220
f 522/264/221 525/264/221 526/265/221
f 524/266/222 527/266/222 516/260/222
f 532/268/223 529/268/223 527/266/223
f 535/270/224 531/270/224 529/268/224
f 538/273/225 541/273/225 531/270/225
f 540/275/226 544/275/226 541/273/226
f 550/277/227 546/277/227 544/275/227
f 554/280/228 549/280/228 546/277/228
f 556/282/229 559/282/229 549/280/229
f 558/284/230 562/284/230 559/282/230
f 567/286/231 564/286/231 562/284/231
f 570/288/232 566/288/232 564/286/232
f 572/290/233 575/290/233 566/288/233
f 574/292/36 578/292/36 575/290/36
f 583/294/234 580/294/234 578/292/234
f 583/294/235 586/296/235 582/296/235
f 587/297/236 590/297/236 582/296/236
f 589/299/237 592/299/237 590/297/237
f 597/301/238 594/301/238 592/299/238
f 600/303/239 596/303/239 594/301/239
f 603/306/240 606/306/240 596/303/240
f 605/308/241 609/308/241 606/306/241
f 615/311/242 612/311/242 609/308/242
f 618/313/243 614/313/243 612/311/243
f 621/316/244 624/316/244 614/313/244
f 623/318/245 627/318/245 624/316/245
f 633/321/246 630/321/246 627/318/246
f 636/323/247 632/323/247 630/321/247
f 636/323/248 638/325/248 642/325/248
f 641/328/249 646/328/249 642/325/249
f 641/328/250 651/330/250 648/330/250
f 654/332/251 650/332/251 648/330/251
f 656/334/252 660/334/252 650/332/252
f 659/337/253 664/337/253 660/334/253
f 669/339/254 666/339/254 664/337/254
f 672/341/255 668/341/255 666/339/255
f 674/343/256 677/343/256 668/341/256
f 676/345/257 680/345/257 677/343/257
f 686/348/258 683/348/258 680/345/258
f 689/350/259 685/350/259 683/348/259
f 691/352/260 694/352/260 685/350/260
f 693/354/261 697/354/261 694/352/261
f 693/354/262 703/356/262 699/356/262
f 707/359/263 702/359/263 699/356/263
f 709/361/264 712/361/264 702/359/264
f 711/363/265 715/363/265 712/361/265
f 721/365/266 717/365/266 715/363/266
f 725/368/267 720/368/267 717/365/267
f 727/370/268 730/370/268 720/368/268
f 729/372/269 733/372/269 730/370/269
f 739/374/270 735/374/270 733/372/270
f 743/377/271 738/377/271 735/374/271
f 745/379/272 748/379/272 738/377/272
f 747/381/273 751/381/273 748/379/273
f 757/384/274 754/384/274 751/381/274
f 760/386/275 756/386/275 754/384/275
f 763/389/276 766/389/276 756/386/276
f 765/391/277 769/391/277 766/389/277
f 53/24/278 45/24/278 769/391/278
f 773/393/279 771/393/279 772/394/279
f 775/392/280 770/392/280 771/393/280
f 764/390/281 768/390/281 770/392/281
f 774/394/282 772/394/282 46/25/282
f 762/388/283 767/388/283 768/390/283
f 761/387/284 776/387/284 767/388/284
f 759/385/285 755/385/285 776/387/285
f 758/383/286 753/383/286 755/385/286
f 777/382/426 752/382/426 753/383/426
f 746/380/288 750/380/288 752/382/288
f 744/378/289 749/378/289 750/380/289
f 742/376/290 737/376/290 749/378/290
f 741/375/291 736/375/291 737/376/291
f 740/373/292 734/373/292 736/375/292
f 728/371/293 732/371/293 734/373/293
f 726/369/294 731/369/294 732/371/294
f 724/367/295 719/367/295 731/369/295
f 723/366/427 718/366/427 719/367/427
f 722/364/297 716/364/297 718/366/297
f 710/362/298 714/362/298 716/364/298
f 708/360/299 713/360/299 714/362/299
f 706/358/300 701/358/300 713/360/300
f 705/357/301 700/357/301 701/358/301
f 704/355/302 698/355/302 700/357/302
f 692/353/303 696/353/303 698/355/303
f 690/351/304 695/351/304 696/353/304
f 688/349/305 684/349/305 695/351/305
f 687/347/306 682/347/306 684/349/306
f 778/346/307 681/346/307 682/347/307
f 675/344/308 679/344/308 681/346/308
f 673/342/309 678/342/309 679/344/309
f 671/340/310 667/340/310 678/342/310
f 670/338/311 665/338/311 667/340/311
f 658/336/312 663/336/312 665/338/312
f 657/335/313 662/335/313 663/336/313
f 655/333/314 661/333/314 662/335/314
f 653/331/315 649/331/315 661/333/315
f 652/329/316 647/329/316 649/331/316
f 640/327/317 645/327/317 647/329/317
f 639/326/318 644/326/318 645/327/318
f 637/324/319 643/324/319 644/326/319
f 637/324/320 635/322/320 631/322/320
f 634/320/321 629/320/321 631/322/321
f 779/319/322 628/319/322 629/320/322
f 622/317/323 626/317/323 628/319/323
f 620/315/324 625/315/324 626/317/324
f 619/314/325 780/314/325 625/315/325
f 617/312/326 613/312/326 780/314/326
f 616/310/327 611/310/327 613/312/327
f 781/309/328 610/309/328 611/310/328
f 604/307/329 608/307/329 610/309/329
f 602/305/330 607/305/330 608/307/330
f 601/304/331 782/304/331 607/305/331
f 599/302/332 595/302/332 782/304/332
f 598/300/333 593/300/333 595/302/333
f 588/298/334 591/298/334 593/300/334
f 588/298/335 585/295/335 581/295/335
f 584/293/336 579/293/336 581/295/336
f 573/291/337 577/291/337 579/293/337
f 573/291/338 571/289/338 576/289/338
f 569/287/339 565/287/339 576/289/339
f 568/285/340 563/285/340 565/287/340
f 557/283/341 561/283/341 563/285/341
f 555/281/342 560/281/342 561/283/342
f 553/279/343 548/279/343 560/281/343
f 552/278/344 547/278/344 548/279/344
f 551/276/345 545/276/345 547/278/345
f 539/274/346 543/274/346 545/276/346
f 537/272/347 542/272/347 543/274/347
f 536/271/348 783/271/348 542/272/348
f 534/269/349 530/269/349 783/271/349
f 533/267/350 528/267/350 530/269/350
f 523/265/351 526/265/351 528/267/351
f 513/260/352 516/260/352 504/256/352
f 511/256/353 504/256/353 789/395/353
f 786/396/354 788/396/354 503/255/354
f 787/397/355 790/397/355 788/396/355
f 795/399/356 792/399/356 790/397/356
f 797/401/357 793/401/357 792/399/357
f 796/398/358 791/398/358 794/400/358
f 798/400/359 794/400/359 803/403/359
f 800/403/360 803/403/360 806/405/360
f 802/405/361 806/405/361 807/407/361
f 811/408/362 809/408/362 808/406/362
f 813/409/363 810/409/363 809/408/363
f 814/407/364 807/407/364 819/410/364
f 815/410/365 819/410/365 822/413/365
f 818/413/366 822/413/366 824/415/366
f 828/415/367 824/415/367 825/416/367
f 832/417/368 827/417/368 826/418/368
f 833/419/369 836/419/369 827/417/369
f 834/420/370 837/420/370 836/419/370
f 829/416/371 825/416/371 838/421/371
f 835/421/373 838/421/373 839/422/373
f 840/422/374 839/422/374 837/420/374
f 831/418/375 826/418/375 823/414/375
f 830/414/376 823/414/376 821/412/376
f 817/412/377 821/412/377 820/411/377
f 816/411/378 820/411/378 810/409/378
f 812/406/379 808/406/379 805/404/379
f 801/404/380 805/404/380 804/402/380
f 799/402/381 804/402/381 793/401/381
f 784/395/382 789/395/382 791/398/382
f 494/251/383 500/251/383 501/252/383
f 493/250/384 499/250/384 500/251/384
f 491/248/385 498/248/385 499/250/385
f 490/247/386 841/247/386 498/248/386
f 488/245/387 485/245/387 841/247/387
f 480/243/388 482/243/388 485/245/388
f 279/141/389 842/141/389 471/142/389
f 277/139/390 272/139/390 842/141/390
f 276/138/391 271/138/391 272/139/391
f 275/136/392 269/136/392 271/138/392
f 843/135/393 268/135/393 269/136/393
f 264/134/394 266/134/394 268/135/394
f 237/120/395 240/120/395 231/117/395
f 234/117/396 231/117/396 228/113/396
f 224/113/397 228/113/397 217/109/397
f 210/104/398 206/104/398 196/100/398
f 188/95/399 192/95/399 182/92/399
f 186/92/400 182/92/400 180/89/400
f 176/89/401 180/89/401 170/86/401
f 143/73/402 146/73/402 137/70/402
f 129/68/403 134/68/403 133/64/403
f 126/64/404 133/64/404 121/62/404
f 124/62/405 121/62/405 118/60/405
f 112/56/406 108/56/406 106/54/406
f 111/54/407 106/54/407 104/52/407
f 97/48/408 92/48/408 93/49/408
f 96/46/409 89/46/409 92/48/409
f 81/39/410 76/39/410 78/41/410
f 844/38/411 75/38/411 76/39/411
f 66/36/412 73/36/412 75/38/412
f 65/35/413 72/35/413 73/36/413
f 64/34/414 71/34/414 72/35/414
f 63/33/428 70/33/428 71/34/428
f 61/31/416 69/31/416 70/33/416
f 59/30/417 51/30/417 69/31/417
f 58/29/418 50/29/418 51/30/418
f 57/28/419 49/28/419 50/29/419
f 56/27/420 48/27/420 49/28/420
f 55/26/421 47/26/421 48/27/421
f 54/25/422 46/25/422 47/26/422
f 25/13/429 31/13/429 20/11/429
f 23/11/424 20/11/424 17/8/424
