# Blender 4.4.1
# www.blender.org
mtllib 8.mtl
o 8
v -0.048786 -0.221696 0.050000
v -0.056607 -0.221584 0.050000
v -0.041852 -0.221611 0.050000
v -0.048786 -0.221696 -0.050000
v -0.056607 -0.221584 -0.050000
v -0.041852 -0.221611 -0.050000
v -0.034995 -0.221357 -0.050000
v -0.064263 -0.221250 -0.050000
v -0.028215 -0.220933 -0.050000
v -0.034995 -0.221357 0.050000
v -0.064263 -0.221250 0.050000
v -0.028215 -0.220933 0.050000
v -0.071755 -0.220693 0.050000
v -0.021513 -0.220340 0.050000
v -0.014888 -0.219577 0.050000
v -0.079082 -0.219914 0.050000
v -0.021513 -0.220340 -0.050000
v -0.014888 -0.219577 -0.050000
v -0.071755 -0.220693 -0.050000
v -0.079082 -0.219914 -0.050000
v -0.086244 -0.218911 -0.050000
v -0.093242 -0.217686 -0.050000
v -0.008340 -0.218645 -0.050000
v -0.086244 -0.218911 0.050000
v -0.093242 -0.217686 0.050000
v -0.008340 -0.218645 0.050000
v -0.001870 -0.217543 0.050000
v 0.004522 -0.216272 0.050000
v -0.001870 -0.217543 -0.050000
v 0.004522 -0.216272 -0.050000
v -0.100075 -0.216238 -0.050000
v 0.010837 -0.214831 -0.050000
v 0.017075 -0.213221 -0.050000
v -0.106743 -0.214567 -0.050000
v 0.010837 -0.214831 0.050000
v 0.017075 -0.213221 0.050000
v -0.100075 -0.216238 0.050000
v -0.106743 -0.214567 0.050000
v -0.113247 -0.212674 0.050000
v -0.119586 -0.210558 0.050000
v 0.023235 -0.211441 0.050000
v -0.113247 -0.212674 -0.050000
v -0.119586 -0.210558 -0.050000
v 0.023235 -0.211441 -0.050000
v 0.029317 -0.209492 -0.050000
v -0.125761 -0.208219 -0.050000
v 0.035298 -0.207398 -0.050000
v 0.029317 -0.209492 0.050000
v -0.125761 -0.208219 0.050000
v 0.035298 -0.207398 0.050000
v 0.041153 -0.205182 0.050000
v -0.131771 -0.205657 0.050000
v -0.137587 -0.202906 0.050000
v -0.068965 -0.203085 0.050000
v -0.063875 -0.203739 0.050000
v -0.058544 -0.204131 0.050000
v -0.052970 -0.204262 0.050000
v -0.131771 -0.205657 -0.050000
v -0.137587 -0.202906 -0.050000
v -0.068965 -0.203085 -0.050000
v -0.063875 -0.203739 -0.050000
v -0.058544 -0.204131 -0.050000
v -0.052970 -0.204262 -0.050000
v 0.041153 -0.205182 -0.050000
v -0.047241 -0.204151 -0.050000
v -0.041677 -0.203817 -0.050000
v -0.036277 -0.203260 -0.050000
v 0.046882 -0.202846 -0.050000
v 0.052485 -0.200388 -0.050000
v -0.025972 -0.201478 -0.050000
v -0.031042 -0.202480 -0.050000
v 0.046882 -0.202846 0.050000
v -0.036277 -0.203260 0.050000
v 0.052485 -0.200388 0.050000
v -0.025972 -0.201478 0.050000
v -0.031042 -0.202480 0.050000
v -0.021066 -0.200252 0.050000
v -0.016325 -0.198804 0.050000
v -0.021066 -0.200252 -0.050000
v -0.016325 -0.198804 -0.050000
v -0.011749 -0.197134 -0.050000
v 0.057962 -0.197809 -0.050000
v 0.063313 -0.195109 -0.050000
v -0.007337 -0.195240 -0.050000
v 0.057962 -0.197809 0.050000
v 0.063313 -0.195109 0.050000
v -0.007337 -0.195240 0.050000
v -0.011749 -0.197134 0.050000
v -0.003090 -0.193124 0.050000
v 0.000992 -0.190785 0.050000
v 0.068538 -0.192289 0.050000
v -0.003090 -0.193124 -0.050000
v 0.000992 -0.190785 -0.050000
v 0.068538 -0.192289 -0.050000
v 0.073638 -0.189347 -0.050000
v 0.078611 -0.186284 -0.050000
v 0.004910 -0.188223 -0.050000
v 0.073638 -0.189347 0.050000
v 0.078611 -0.186284 0.050000
v 0.004910 -0.188223 0.050000
v 0.008680 -0.185492 0.050000
v 0.083459 -0.183099 0.050000
v 0.012319 -0.182644 0.050000
v 0.008680 -0.185492 -0.050000
v 0.083459 -0.183099 -0.050000
v 0.012319 -0.182644 -0.050000
v 0.015828 -0.179681 -0.050000
v 0.088180 -0.179794 -0.050000
v 0.092776 -0.176368 -0.050000
v 0.019206 -0.176601 -0.050000
v 0.088180 -0.179794 0.050000
v 0.092776 -0.176368 0.050000
v 0.019206 -0.176601 0.050000
v 0.015828 -0.179681 0.050000
v 0.022453 -0.173404 0.050000
v 0.097227 -0.172845 0.050000
v 0.025569 -0.170092 0.050000
v 0.022453 -0.173404 -0.050000
v 0.097227 -0.172845 -0.050000
v 0.025569 -0.170092 -0.050000
v 0.028555 -0.166663 -0.050000
v 0.101512 -0.169249 -0.050000
v 0.105633 -0.165581 -0.050000
v 0.101512 -0.169249 0.050000
v 0.105633 -0.165581 0.050000
v 0.028555 -0.166663 0.050000
v 0.031410 -0.163118 0.050000
v 0.034133 -0.159457 0.050000
v 0.109590 -0.161840 0.050000
v 0.031410 -0.163118 -0.050000
v 0.034133 -0.159457 -0.050000
v 0.109590 -0.161840 -0.050000
v 0.113382 -0.158026 -0.050000
v 0.036727 -0.155680 -0.050000
v 0.117009 -0.154140 -0.050000
v 0.113382 -0.158026 0.050000
v 0.036727 -0.155680 0.050000
v 0.117009 -0.154140 0.050000
v 0.039189 -0.151787 0.050000
v 0.120472 -0.150181 0.050000
v 0.123770 -0.146150 0.050000
v 0.041521 -0.147777 0.050000
v 0.120472 -0.150181 -0.050000
v 0.039189 -0.151787 -0.050000
v 0.123770 -0.146150 -0.050000
v 0.041521 -0.147777 -0.050000
v 0.043731 -0.143697 -0.050000
v 0.126903 -0.142045 -0.050000
v 0.045831 -0.139593 -0.050000
v 0.043731 -0.143697 0.050000
v 0.126903 -0.142045 0.050000
v 0.045831 -0.139593 0.050000
v 0.047819 -0.135464 0.050000
v 0.129871 -0.137869 0.050000
v 0.132675 -0.133619 0.050000
v 0.129871 -0.137869 -0.050000
v 0.132675 -0.133619 -0.050000
v 0.047819 -0.135464 -0.050000
v 0.049695 -0.131312 -0.050000
v 0.051461 -0.127135 -0.050000
v 0.135314 -0.129297 -0.050000
v 0.049695 -0.131312 0.050000
v 0.051461 -0.127135 0.050000
v 0.135314 -0.129297 0.050000
v 0.137765 -0.124926 0.050000
v 0.053114 -0.122934 0.050000
v 0.140002 -0.120532 0.050000
v 0.137765 -0.124926 -0.050000
v 0.053114 -0.122934 -0.050000
v 0.140002 -0.120532 -0.050000
v 0.054657 -0.118708 -0.050000
v 0.142026 -0.116113 -0.050000
v 0.143838 -0.111670 -0.050000
v 0.056088 -0.114459 -0.050000
v 0.142026 -0.116113 0.050000
v 0.054657 -0.118708 0.050000
v 0.143838 -0.111670 0.050000
v 0.056088 -0.114459 0.050000
v 0.057407 -0.110185 0.050000
v 0.145436 -0.107202 0.050000
v 0.058616 -0.105887 0.050000
v 0.057407 -0.110185 -0.050000
v 0.145436 -0.107202 -0.050000
v 0.058616 -0.105887 -0.050000
v 0.059713 -0.101565 -0.050000
v 0.146821 -0.102711 -0.050000
v 0.147993 -0.098195 -0.050000
v 0.146821 -0.102711 0.050000
v 0.147993 -0.098195 0.050000
v 0.059713 -0.101565 0.050000
v 0.060698 -0.097219 0.050000
v 0.061589 -0.092897 0.050000
v 0.148952 -0.093655 0.050000
v 0.060698 -0.097219 -0.050000
v 0.061589 -0.092897 -0.050000
v 0.148952 -0.093655 -0.050000
v 0.149697 -0.089090 -0.050000
v 0.062402 -0.088647 -0.050000
v 0.150230 -0.084502 -0.050000
v 0.149697 -0.089090 0.050000
v 0.062402 -0.088647 0.050000
v 0.150230 -0.084502 0.050000
v 0.063138 -0.084470 0.050000
v 0.063797 -0.080366 0.050000
v 0.150550 -0.079889 0.050000
v 0.150656 -0.075252 0.050000
v 0.064378 -0.076335 0.050000
v 0.150550 -0.079889 -0.050000
v 0.063797 -0.080366 -0.050000
v 0.150656 -0.075252 -0.050000
v 0.064378 -0.076335 -0.050000
v 0.064882 -0.072376 -0.050000
v 0.065308 -0.068490 -0.050000
v 0.150516 -0.069937 -0.050000
v 0.064882 -0.072376 0.050000
v 0.065308 -0.068490 0.050000
v 0.150516 -0.069937 0.050000
v 0.150095 -0.064686 0.050000
v 0.149392 -0.059497 0.050000
v 0.065927 -0.060935 0.050000
v 0.065656 -0.064676 0.050000
v 0.150095 -0.064686 -0.050000
v 0.149392 -0.059497 -0.050000
v 0.065927 -0.060935 -0.050000
v 0.065656 -0.064676 -0.050000
v 0.066121 -0.057267 -0.050000
v 0.148409 -0.054371 -0.050000
v 0.066237 -0.053671 -0.050000
v 0.066121 -0.057267 0.050000
v 0.148409 -0.054371 0.050000
v 0.066237 -0.053671 0.050000
v 0.066277 -0.050148 0.050000
v 0.145601 -0.044307 0.050000
v 0.147146 -0.049308 0.050000
v 0.066158 -0.043765 0.050000
v 0.066277 -0.050148 -0.050000
v 0.145601 -0.044307 -0.050000
v 0.147146 -0.049308 -0.050000
v 0.066158 -0.043765 -0.050000
v 0.065802 -0.037634 -0.050000
v 0.143775 -0.039370 -0.050000
v 0.141668 -0.034496 -0.050000
v 0.143775 -0.039370 0.050000
v 0.141668 -0.034496 0.050000
v 0.065802 -0.037634 0.050000
v 0.065209 -0.031755 0.050000
v 0.064378 -0.026128 0.050000
v 0.139281 -0.029685 0.050000
v 0.065209 -0.031755 -0.050000
v 0.064378 -0.026128 -0.050000
v 0.139281 -0.029685 -0.050000
v 0.136612 -0.024937 -0.050000
v 0.133663 -0.020251 -0.050000
v 0.063311 -0.020753 -0.050000
v 0.136612 -0.024937 0.050000
v 0.133663 -0.020251 0.050000
v 0.063311 -0.020753 0.050000
v 0.062006 -0.015629 0.050000
v 0.126949 -0.011113 0.050000
v 0.130433 -0.015629 0.050000
v 0.060463 -0.010757 0.050000
v 0.062006 -0.015629 -0.050000
v 0.126949 -0.011113 -0.050000
v 0.130433 -0.015629 -0.050000
v 0.060463 -0.010757 -0.050000
v 0.123237 -0.006747 -0.050000
v 0.058683 -0.006137 -0.050000
v 0.056666 -0.001769 -0.050000
v 0.119297 -0.002532 -0.050000
v 0.058683 -0.006137 0.050000
v 0.123237 -0.006747 0.050000
v 0.056666 -0.001769 0.050000
v 0.119297 -0.002532 0.050000
v 0.115130 0.001534 0.050000
v 0.110735 0.005449 0.050000
v 0.054412 0.002347 0.050000
v 0.115130 0.001534 -0.050000
v 0.110735 0.005449 -0.050000
v 0.054412 0.002347 -0.050000
v 0.051920 0.006212 -0.050000
v 0.049192 0.009824 -0.050000
v 0.106113 0.009214 -0.050000
v 0.051920 0.006212 0.050000
v 0.049192 0.009824 0.050000
v 0.106113 0.009214 0.050000
v 0.101263 0.012829 0.050000
v 0.096185 0.016294 0.050000
v 0.043061 0.016217 0.050000
v 0.046235 0.013166 0.050000
v 0.101263 0.012829 -0.050000
v 0.096185 0.016294 -0.050000
v 0.043061 0.016217 -0.050000
v 0.046235 0.013166 -0.050000
v 0.039669 0.018977 -0.050000
v 0.090880 0.019609 -0.050000
v 0.036059 0.021447 -0.050000
v 0.039669 0.018977 0.050000
v 0.090880 0.019609 0.050000
v 0.036059 0.021447 0.050000
v 0.085347 0.022774 0.050000
v 0.032231 0.023626 0.050000
v 0.028185 0.025515 0.050000
v 0.032231 0.023626 -0.050000
v 0.085347 0.022774 -0.050000
v 0.028185 0.025515 -0.050000
v 0.023921 0.027113 -0.050000
v 0.079587 0.025788 -0.050000
v 0.073599 0.028653 -0.050000
v 0.019439 0.028420 -0.050000
v 0.079587 0.025788 0.050000
v 0.073599 0.028653 0.050000
v 0.019439 0.028420 0.050000
v 0.023921 0.027113 0.050000
v 0.014739 0.029437 0.050000
v 0.009821 0.030164 0.050000
v 0.014739 0.029437 -0.050000
v 0.009821 0.030164 -0.050000
v 0.004685 0.030600 -0.050000
v -0.000669 0.030745 -0.050000
v 0.067412 0.031326 -0.050000
v 0.004685 0.030600 0.050000
v -0.000669 0.030745 0.050000
v 0.067412 0.031326 0.050000
v 0.061056 0.033767 0.050000
v -0.093300 0.031902 0.050000
v -0.098995 0.029796 0.050000
v -0.087489 0.033883 0.050000
v -0.093300 0.031902 -0.050000
v -0.098995 0.029796 -0.050000
v -0.087489 0.033883 -0.050000
v 0.061056 0.033767 -0.050000
v -0.081583 0.035721 -0.050000
v 0.054531 0.035975 -0.050000
v 0.047836 0.037951 -0.050000
v 0.041870 0.036324 -0.050000
v 0.054531 0.035975 0.050000
v -0.081583 0.035721 0.050000
v 0.047836 0.037951 0.050000
v 0.041870 0.036324 0.050000
v 0.041420 0.039404 0.050000
v -0.044602 0.040508 0.050000
v -0.063430 0.040275 0.050000
v -0.069554 0.038917 0.050000
v -0.075605 0.037399 0.050000
v -0.075605 0.037399 -0.050000
v -0.069554 0.038917 -0.050000
v -0.063430 0.040275 -0.050000
v -0.044602 0.040508 -0.050000
v -0.057234 0.041474 -0.050000
v -0.050965 0.042513 -0.050000
v -0.057234 0.041474 0.050000
v -0.050965 0.042513 0.050000
v -0.044613 0.043344 0.050000
v -0.051570 0.045389 0.050000
v -0.038209 0.044111 0.050000
v 0.026734 0.042484 0.050000
v 0.033937 0.041205 0.050000
v -0.044613 0.043344 -0.050000
v -0.051570 0.045389 -0.050000
v -0.038209 0.044111 -0.050000
v 0.026734 0.042484 -0.050000
v 0.033937 0.041205 -0.050000
v 0.041420 0.039404 -0.050000
v 0.055546 0.041825 -0.050000
v 0.048775 0.040372 -0.050000
v 0.048775 0.040372 0.050000
v 0.055546 0.041825 0.050000
v 0.062180 0.043472 0.050000
v 0.068679 0.045312 0.050000
v -0.003775 0.045273 0.050000
v 0.004106 0.044924 0.050000
v 0.011818 0.044343 0.050000
v 0.019361 0.043530 0.050000
v 0.062180 0.043472 -0.050000
v 0.068679 0.045312 -0.050000
v -0.003775 0.045273 -0.050000
v 0.004106 0.044924 -0.050000
v 0.011818 0.044343 -0.050000
v 0.019361 0.043530 -0.050000
v -0.031723 0.044670 -0.050000
v -0.025163 0.045070 -0.050000
v -0.018531 0.045309 -0.050000
v -0.011826 0.045389 -0.050000
v 0.002818 0.045389 -0.050000
v -0.002090 0.045522 -0.050000
v 0.007857 0.045501 -0.050000
v 0.002818 0.045389 0.050000
v -0.011826 0.045389 0.050000
v -0.002090 0.045522 0.050000
v 0.007857 0.045501 0.050000
v 0.012746 0.045835 0.050000
v 0.017484 0.046392 0.050000
v 0.012746 0.045835 -0.050000
v 0.017484 0.046392 -0.050000
v 0.022073 0.047171 -0.050000
v 0.026511 0.048174 -0.050000
v 0.075042 0.047346 -0.050000
v 0.022073 0.047171 0.050000
v 0.026511 0.048174 0.050000
v 0.075042 0.047346 0.050000
v 0.081270 0.049573 0.050000
v 0.030799 0.049399 0.050000
v 0.034937 0.050847 0.050000
v 0.030799 0.049399 -0.050000
v 0.034937 0.050847 -0.050000
v 0.081270 0.049573 -0.050000
v 0.087362 0.051995 -0.050000
v 0.093318 0.054610 -0.050000
v 0.042763 0.054411 -0.050000
v 0.038925 0.052518 -0.050000
v 0.087362 0.051995 0.050000
v 0.093318 0.054610 0.050000
v 0.042763 0.054411 0.050000
v 0.038925 0.052518 0.050000
v 0.046451 0.056527 0.050000
v 0.099139 0.057419 0.050000
v 0.049988 0.058866 0.050000
v 0.046451 0.056527 -0.050000
v 0.099139 0.057419 -0.050000
v 0.049988 0.058867 -0.050000
v 0.053376 0.061428 -0.050000
v 0.104825 0.060421 -0.050000
v 0.110374 0.063617 -0.050000
v 0.104825 0.060421 0.050000
v 0.110374 0.063617 0.050000
v 0.053376 0.061428 0.050000
v 0.056633 0.064157 0.050000
v 0.059778 0.066997 0.050000
v 0.056633 0.064157 -0.050000
v 0.059778 0.066997 -0.050000
v 0.115789 0.067007 -0.050000
v 0.062812 0.069949 -0.050000
v 0.065734 0.073012 -0.050000
v 0.121038 0.070547 -0.050000
v 0.062812 0.069949 0.050000
v 0.115789 0.067007 0.050000
v 0.065734 0.073012 0.050000
v 0.121038 0.070547 0.050000
v 0.126094 0.074194 0.050000
v 0.130956 0.077947 0.050000
v 0.068546 0.076186 0.050000
v 0.126094 0.074194 -0.050000
v 0.130956 0.077947 -0.050000
v 0.068546 0.076186 -0.050000
v 0.071245 0.079472 -0.050000
v 0.135624 0.081806 -0.050000
v 0.073834 0.082869 -0.050000
v 0.071245 0.079472 0.050000
v 0.135624 0.081806 0.050000
v 0.073834 0.082869 0.050000
v 0.076311 0.086378 0.050000
v 0.140099 0.085773 0.050000
v 0.144380 0.089845 0.050000
v 0.140099 0.085773 -0.050000
v 0.144380 0.089845 -0.050000
v 0.076311 0.086378 -0.050000
v 0.078676 0.089998 -0.050000
v 0.080931 0.093729 -0.050000
v 0.078676 0.089998 0.050000
v 0.080931 0.093729 0.050000
v 0.148467 0.094025 0.050000
v 0.083074 0.097572 0.050000
v 0.152361 0.098310 0.050000
v 0.085105 0.101526 0.050000
v 0.083074 0.097572 -0.050000
v 0.152361 0.098310 -0.050000
v 0.148467 0.094025 -0.050000
v 0.085105 0.101526 -0.050000
v 0.087033 0.105545 -0.050000
v 0.156061 0.102703 -0.050000
v 0.159567 0.107202 -0.050000
v 0.156061 0.102703 0.050000
v 0.159567 0.107202 0.050000
v 0.087033 0.105545 0.050000
v 0.088863 0.109584 0.050000
v 0.162879 0.111807 0.050000
v 0.090597 0.113642 0.050000
v 0.088863 0.109584 -0.050000
v 0.162879 0.111807 -0.050000
v 0.090597 0.113642 -0.050000
v 0.092234 0.117720 -0.050000
v 0.165998 0.116519 -0.050000
v 0.168894 0.121289 -0.050000
v 0.165998 0.116519 0.050000
v 0.168894 0.121289 0.050000
v 0.092234 0.117720 0.050000
v 0.093774 0.121817 0.050000
v 0.095217 0.125933 0.050000
v 0.093774 0.121817 -0.050000
v 0.095217 0.125933 -0.050000
v 0.171538 0.126069 -0.050000
v 0.096563 0.130069 -0.050000
v 0.173930 0.130858 -0.050000
v 0.097813 0.134224 -0.050000
v 0.096563 0.130069 0.050000
v 0.173930 0.130858 0.050000
v 0.171538 0.126069 0.050000
v 0.097813 0.134224 0.050000
v 0.176071 0.135657 0.050000
v 0.098965 0.138398 0.050000
v 0.100021 0.142592 0.050000
v 0.177959 0.140466 0.050000
v 0.098965 0.138398 -0.050000
v 0.176071 0.135657 -0.050000
v 0.100021 0.142592 -0.050000
v 0.177959 0.140466 -0.050000
v 0.179596 0.145285 -0.050000
v 0.180981 0.150113 -0.050000
v 0.100980 0.146805 -0.050000
v 0.179596 0.145285 0.050000
v 0.180981 0.150113 0.050000
v 0.100980 0.146805 0.050000
v 0.101842 0.151038 0.050000
v 0.102621 0.155234 0.050000
v 0.182114 0.154951 0.050000
v 0.101842 0.151038 -0.050000
v 0.102621 0.155234 -0.050000
v 0.182114 0.154951 -0.050000
v 0.182996 0.159798 -0.050000
v 0.103333 0.159338 -0.050000
v 0.103977 0.163350 -0.050000
v 0.103333 0.159338 0.050000
v 0.103977 0.163350 0.050000
v 0.182996 0.159798 0.050000
v 0.183625 0.164655 0.050000
v 0.104553 0.167271 0.050000
v 0.184003 0.169522 0.050000
v 0.183625 0.164655 -0.050000
v 0.104553 0.167271 -0.050000
v 0.184003 0.169522 -0.050000
v 0.105062 0.171099 -0.050000
v 0.184129 0.174399 -0.050000
v 0.105503 0.174835 -0.050000
v 0.105875 0.178479 -0.050000
v 0.184011 0.179133 -0.050000
v 0.184129 0.174399 0.050000
v 0.105062 0.171099 0.050000
v 0.105503 0.174835 0.050000
v 0.105875 0.178479 0.050000
v 0.184011 0.179133 0.050000
v 0.183655 0.183804 0.050000
v 0.106181 0.182031 0.050000
v 0.106418 0.185491 0.050000
v 0.106181 0.182031 -0.050000
v 0.183655 0.183804 -0.050000
v 0.106418 0.185491 -0.050000
v 0.106587 0.188859 -0.050000
v 0.183061 0.188411 -0.050000
v 0.106689 0.192135 -0.050000
v 0.182231 0.192956 -0.050000
v 0.183061 0.188411 0.050000
v 0.106587 0.188859 0.050000
v 0.106689 0.192135 0.050000
v 0.182231 0.192956 0.050000
v 0.181163 0.197438 0.050000
v 0.106723 0.195320 0.050000
v 0.106621 0.201012 0.050000
v 0.106723 0.195320 -0.050000
v 0.181163 0.197438 -0.050000
v 0.106621 0.201012 -0.050000
v 0.178316 0.206213 -0.050000
v 0.179858 0.201857 -0.050000
v 0.106316 0.206467 -0.050000
v 0.176536 0.210506 -0.050000
v 0.105808 0.211685 -0.050000
v 0.106316 0.206467 0.050000
v 0.176536 0.210506 0.050000
v 0.178316 0.206213 0.050000
v 0.105808 0.211685 0.050000
v 0.105096 0.216666 0.050000
v 0.174519 0.214736 0.050000
v 0.172265 0.218903 0.050000
v 0.174519 0.214736 -0.050000
v 0.172265 0.218903 -0.050000
v 0.105096 0.216666 -0.050000
v 0.104180 0.221410 -0.050000
v 0.103062 0.225916 -0.050000
v 0.169773 0.223008 -0.050000
v 0.104180 0.221410 0.050000
v 0.103062 0.225916 0.050000
v 0.169773 0.223008 0.050000
v 0.167044 0.227049 0.050000
v 0.164097 0.230993 0.050000
v 0.101740 0.230185 0.050000
v 0.167044 0.227049 -0.050000
v 0.164097 0.230993 -0.050000
v 0.101740 0.230185 -0.050000
v 0.100214 0.234216 -0.050000
v 0.160952 0.234807 -0.050000
v 0.098485 0.238010 -0.050000
v 0.100214 0.234216 0.050000
v 0.160952 0.234807 0.050000
v 0.098485 0.238010 0.050000
v 0.157608 0.238490 0.050000
v 0.096553 0.241567 0.050000
v 0.154066 0.242042 0.050000
v 0.094418 0.244887 0.050000
v 0.096553 0.241567 -0.050000
v 0.154066 0.242042 -0.050000
v 0.157608 0.238490 -0.050000
v 0.094418 0.244887 -0.050000
v 0.092079 0.247969 -0.050000
v 0.150325 0.245463 -0.050000
v 0.146385 0.248754 -0.050000
v 0.150325 0.245463 0.050000
v 0.146385 0.248754 0.050000
v 0.092079 0.247969 0.050000
v 0.089541 0.250810 0.050000
v 0.086810 0.253403 0.050000
v 0.142247 0.251914 0.050000
v 0.089541 0.250810 -0.050000
v 0.086810 0.253403 -0.050000
v 0.142247 0.251914 -0.050000
v 0.137910 0.254943 -0.050000
v 0.133375 0.257841 -0.050000
v 0.083885 0.255749 -0.050000
v 0.137910 0.254943 0.050000
v 0.133375 0.257841 0.050000
v 0.083885 0.255749 0.050000
v 0.080766 0.257849 0.050000
v 0.077454 0.259701 0.050000
v 0.080766 0.257849 -0.050000
v 0.077454 0.259701 -0.050000
v 0.128641 0.260609 -0.050000
v 0.073948 0.261306 -0.050000
v 0.070248 0.262665 -0.050000
v 0.073948 0.261306 0.050000
v 0.128641 0.260609 0.050000
v 0.070248 0.262665 0.050000
v 0.066355 0.263776 0.050000
v 0.123709 0.263246 0.050000
v 0.118578 0.265752 0.050000
v 0.053512 0.265628 0.050000
v 0.057986 0.265258 0.050000
v 0.062267 0.264640 0.050000
v 0.123709 0.263246 -0.050000
v 0.118578 0.265752 -0.050000
v 0.053512 0.265628 -0.050000
v 0.057986 0.265258 -0.050000
v 0.062267 0.264640 -0.050000
v 0.066355 0.263776 -0.050000
v 0.048843 0.265752 -0.050000
v -0.040309 0.264205 -0.050000
v 0.044916 0.265674 -0.050000
v -0.035100 0.266226 -0.050000
v 0.048843 0.265752 0.050000
v -0.040309 0.264205 0.050000
v 0.044916 0.265674 0.050000
v -0.035100 0.266226 0.050000
v -0.029790 0.268137 0.050000
v 0.113266 0.268091 0.050000
v -0.024379 0.269936 0.050000
v 0.107788 0.270227 0.050000
v 0.113266 0.268091 -0.050000
v -0.024379 0.269936 -0.050000
v 0.107788 0.270227 -0.050000
v -0.029790 0.268137 -0.050000
v -0.018897 0.271607 -0.050000
v 0.102147 0.272159 -0.050000
v -0.013376 0.273132 -0.050000
v 0.096340 0.273888 -0.050000
v 0.102147 0.272159 0.050000
v -0.018897 0.271607 0.050000
v -0.013376 0.273132 0.050000
v 0.096340 0.273888 0.050000
v -0.007817 0.274512 0.050000
v 0.090369 0.275413 0.050000
v 0.084234 0.276735 0.050000
v -0.002218 0.275747 0.050000
v 0.090369 0.275413 -0.050000
v 0.084234 0.276735 -0.050000
v -0.007817 0.274512 -0.050000
v -0.002218 0.275747 -0.050000
v 0.003418 0.276837 -0.050000
v 0.009094 0.277781 -0.050000
v 0.003418 0.276837 0.050000
v 0.009094 0.277781 0.050000
v 0.014808 0.278580 0.050000
v 0.077933 0.277854 0.050000
v 0.071468 0.278769 0.050000
v 0.077933 0.277854 -0.050000
v 0.071468 0.278769 -0.050000
v 0.014808 0.278580 -0.050000
v 0.020561 0.279234 -0.050000
v 0.064838 0.279481 -0.050000
v 0.026353 0.279742 -0.050000
v 0.020561 0.279234 0.050000
v 0.064838 0.279481 0.050000
v 0.026353 0.279742 0.050000
v 0.058044 0.279989 0.050000
v 0.032184 0.280106 0.050000
v 0.051085 0.280295 0.050000
v 0.038053 0.280324 0.050000
v 0.032184 0.280106 -0.050000
v 0.058044 0.279989 -0.050000
v 0.051085 0.280295 -0.050000
v 0.038053 0.280324 -0.050000
v 0.043962 0.280396 -0.050000
v 0.043962 0.280396 0.050000
v 0.041037 0.265442 0.050000
v 0.037206 0.265054 0.050000
v 0.041037 0.265442 -0.050000
v 0.037206 0.265054 -0.050000
v 0.033424 0.264512 -0.050000
v 0.029690 0.263815 -0.050000
v 0.033424 0.264512 0.050000
v 0.029690 0.263815 0.050000
v 0.026005 0.262962 0.050000
v -0.045415 0.262071 0.050000
v -0.050420 0.259827 0.050000
v 0.022368 0.261955 0.050000
v -0.045415 0.262071 -0.050000
v -0.050420 0.259827 -0.050000
v 0.026005 0.262962 -0.050000
v 0.022368 0.261955 -0.050000
v 0.018780 0.260793 -0.050000
v 0.015239 0.259476 -0.050000
v 0.018780 0.260793 0.050000
v 0.015239 0.259476 0.050000
v -0.055324 0.257471 0.050000
v 0.011748 0.258004 0.050000
v 0.008305 0.256376 0.050000
v 0.011748 0.258004 -0.050000
v -0.055324 0.257471 -0.050000
v 0.008305 0.256376 -0.050000
v 0.004910 0.254594 -0.050000
v -0.060125 0.255003 -0.050000
v -0.064825 0.252425 -0.050000
v -0.060125 0.255003 0.050000
v -0.064825 0.252425 0.050000
v 0.004910 0.254594 0.050000
v 0.001578 0.252674 0.050000
v -0.001676 0.250633 0.050000
v 0.001578 0.252674 -0.050000
v -0.001676 0.250633 -0.050000
v -0.069423 0.249735 -0.050000
v -0.004853 0.248471 -0.050000
v -0.007953 0.246187 -0.050000
v -0.073920 0.246933 -0.050000
v -0.004853 0.248471 0.050000
v -0.069423 0.249735 0.050000
v -0.007953 0.246187 0.050000
v -0.073920 0.246933 0.050000
v -0.078314 0.244020 0.050000
v -0.010975 0.243783 0.050000
v -0.082607 0.240996 0.050000
v -0.078314 0.244020 -0.050000
v -0.010975 0.243783 -0.050000
v -0.082607 0.240996 -0.050000
v -0.013919 0.241257 -0.050000
v -0.016786 0.238611 -0.050000
v -0.086774 0.237877 -0.050000
v -0.090791 0.234681 -0.050000
v -0.019576 0.235843 -0.050000
v -0.086774 0.237877 0.050000
v -0.016786 0.238611 0.050000
v -0.090791 0.234681 0.050000
v -0.019576 0.235843 0.050000
v -0.022288 0.232955 0.050000
v -0.094658 0.231407 0.050000
v -0.024922 0.229945 0.050000
v -0.022288 0.232955 -0.050000
v -0.094658 0.231407 -0.050000
v -0.024922 0.229945 -0.050000
v -0.098375 0.228056 -0.050000
v -0.027479 0.226814 -0.050000
v -0.029958 0.223562 -0.050000
v -0.101942 0.224628 -0.050000
v -0.027479 0.226814 0.050000
v -0.098375 0.228056 0.050000
v -0.029958 0.223562 0.050000
v -0.101942 0.224628 0.050000
v -0.105358 0.221121 0.050000
v -0.108625 0.217538 0.050000
v -0.032355 0.220211 0.050000
v -0.105358 0.221121 -0.050000
v -0.108625 0.217538 -0.050000
v -0.032355 0.220211 -0.050000
v -0.034665 0.216782 -0.050000
v -0.111741 0.213877 -0.050000
v -0.036887 0.213276 -0.050000
v -0.034665 0.216782 0.050000
v -0.111741 0.213877 0.050000
v -0.036887 0.213276 0.050000
v -0.039023 0.209693 0.050000
v -0.114707 0.210138 0.050000
v -0.117523 0.206322 0.050000
v -0.114707 0.210138 -0.050000
v -0.117523 0.206322 -0.050000
v -0.039023 0.209693 -0.050000
v -0.041071 0.206032 -0.050000
v -0.120189 0.202429 -0.050000
v -0.043033 0.202293 -0.050000
v -0.041071 0.206032 0.050000
v -0.120189 0.202429 0.050000
v -0.043033 0.202293 0.050000
v -0.122705 0.198458 0.050000
v -0.044907 0.198477 0.050000
v -0.046694 0.194583 0.050000
v -0.044907 0.198477 -0.050000
v -0.122705 0.198458 -0.050000
v -0.046694 0.194583 -0.050000
v -0.048393 0.190612 -0.050000
v -0.125044 0.194426 -0.050000
v -0.127180 0.190351 -0.050000
v -0.125044 0.194426 0.050000
v -0.127180 0.190351 0.050000
v -0.048393 0.190612 0.050000
v -0.050006 0.186564 0.050000
v -0.129112 0.186232 0.050000
v -0.051532 0.182438 0.050000
v -0.050006 0.186564 -0.050000
v -0.129112 0.186232 -0.050000
v -0.051532 0.182438 -0.050000
v -0.052970 0.178234 -0.050000
v -0.130841 0.182070 -0.050000
v -0.132366 0.177864 -0.050000
v -0.130841 0.182070 0.050000
v -0.132366 0.177864 0.050000
v -0.052970 0.178234 0.050000
v -0.054307 0.173970 0.050000
v -0.133688 0.173615 0.050000
v -0.055527 0.169663 0.050000
v -0.054307 0.173970 -0.050000
v -0.133688 0.173615 -0.050000
v -0.055527 0.169663 -0.050000
v -0.134807 0.169321 -0.050000
v -0.056631 0.165312 -0.050000
v -0.135722 0.164985 -0.050000
v -0.057619 0.160917 -0.050000
v -0.056631 0.165312 0.050000
v -0.135722 0.164985 0.050000
v -0.134807 0.169321 0.050000
v -0.057619 0.160917 0.050000
v -0.058491 0.156479 0.050000
v -0.136434 0.160605 0.050000
v -0.136942 0.156181 0.050000
v -0.136434 0.160605 -0.050000
v -0.136942 0.156181 -0.050000
v -0.058491 0.156479 -0.050000
v -0.059246 0.151997 -0.050000
v -0.137248 0.151713 -0.050000
v -0.059886 0.147471 -0.050000
v -0.059246 0.151997 0.050000
v -0.137248 0.151713 0.050000
v -0.059886 0.147471 0.050000
v -0.060409 0.142902 0.050000
v -0.137349 0.147202 0.050000
v -0.137175 0.141435 0.050000
v -0.137349 0.147202 -0.050000
v -0.137175 0.141435 -0.050000
v -0.060409 0.142902 -0.050000
v -0.060815 0.138289 -0.050000
v -0.136652 0.135754 -0.050000
v -0.061106 0.133633 -0.050000
v -0.060815 0.138289 0.050000
v -0.136652 0.135754 0.050000
v -0.061106 0.133633 0.050000
v -0.135780 0.130161 0.050000
v -0.061280 0.128933 0.050000
v -0.134560 0.124655 0.050000
v -0.061338 0.124190 0.050000
v -0.061280 0.128933 -0.050000
v -0.134560 0.124655 -0.050000
v -0.135780 0.130161 -0.050000
v -0.061338 0.124190 -0.050000
v -0.061219 0.117596 -0.050000
v -0.132991 0.119236 -0.050000
v -0.131073 0.113904 -0.050000
v -0.132991 0.119236 0.050000
v -0.131073 0.113904 0.050000
v -0.061219 0.117596 0.050000
v -0.060863 0.111299 0.050000
v -0.128807 0.108659 0.050000
v -0.060270 0.105296 0.050000
v -0.060863 0.111299 -0.050000
v -0.128807 0.108659 -0.050000
v -0.060270 0.105296 -0.050000
v -0.059440 0.099589 -0.050000
v -0.126192 0.103502 -0.050000
v -0.123228 0.098431 -0.050000
v -0.126192 0.103502 0.050000
v -0.123228 0.098431 0.050000
v -0.059440 0.099589 0.050000
v -0.058372 0.094177 0.050000
v -0.119916 0.093448 0.050000
v -0.057067 0.089061 0.050000
v -0.058372 0.094177 -0.050000
v -0.119916 0.093448 -0.050000
v -0.057067 0.089061 -0.050000
v -0.116255 0.088552 -0.050000
v -0.055525 0.084240 -0.050000
v -0.112245 0.083743 -0.050000
v -0.053745 0.079714 -0.050000
v -0.055525 0.084240 0.050000
v -0.112245 0.083743 0.050000
v -0.116255 0.088552 0.050000
v -0.053745 0.079714 0.050000
v -0.051728 0.075484 0.050000
v -0.107940 0.079094 0.050000
v -0.103392 0.074678 0.050000
v -0.107940 0.079094 -0.050000
v -0.103392 0.074678 -0.050000
v -0.051728 0.075484 -0.050000
v -0.049474 0.071550 -0.050000
v -0.098603 0.070494 -0.050000
v -0.046982 0.067910 -0.050000
v -0.049474 0.071550 0.050000
v -0.098603 0.070494 0.050000
v -0.046982 0.067910 0.050000
v -0.044253 0.064566 0.050000
v -0.093571 0.066542 0.050000
v -0.088298 0.062823 0.050000
v -0.093571 0.066542 -0.050000
v -0.088298 0.062823 -0.050000
v -0.044253 0.064566 -0.050000
v -0.041316 0.061503 -0.050000
v -0.082782 0.059336 -0.050000
v -0.038200 0.058707 -0.050000
v -0.041316 0.061503 0.050000
v -0.082782 0.059336 0.050000
v -0.038200 0.058707 0.050000
v -0.077024 0.056082 0.050000
v -0.034904 0.056176 0.050000
v -0.031430 0.053912 0.050000
v -0.034904 0.056176 -0.050000
v -0.077024 0.056082 -0.050000
v -0.031430 0.053912 -0.050000
v -0.071024 0.053060 -0.050000
v -0.027776 0.051915 -0.050000
v -0.023943 0.050184 -0.050000
v -0.064781 0.050271 -0.050000
v -0.027776 0.051915 0.050000
v -0.071024 0.053060 0.050000
v -0.023943 0.050184 0.050000
v -0.064781 0.050271 0.050000
v -0.058297 0.047714 0.050000
v -0.019931 0.048719 0.050000
v -0.015739 0.047520 0.050000
v -0.058297 0.047714 -0.050000
v -0.019931 0.048719 -0.050000
v -0.015739 0.047520 -0.050000
v -0.011369 0.046588 -0.050000
v -0.006819 0.045922 -0.050000
v -0.011369 0.046588 0.050000
v -0.006819 0.045922 0.050000
v -0.013919 0.241257 0.050000
v 0.179858 0.201857 0.050000
v -0.018531 0.045309 0.050000
v -0.025163 0.045070 0.050000
v -0.031723 0.044670 0.050000
v -0.104574 0.027563 -0.050000
v -0.006315 0.030597 -0.050000
v -0.011865 0.030154 -0.050000
v -0.017318 0.029416 -0.050000
v -0.022674 0.028382 -0.050000
v -0.017318 0.029416 0.050000
v -0.011865 0.030154 0.050000
v -0.022674 0.028382 0.050000
v -0.104574 0.027563 0.050000
v -0.027933 0.027052 0.050000
v -0.110037 0.025205 0.050000
v -0.033095 0.025428 0.050000
v -0.038161 0.023507 0.050000
v -0.115383 0.022721 0.050000
v -0.110037 0.025205 -0.050000
v -0.027933 0.027052 -0.050000
v -0.033095 0.025428 -0.050000
v -0.038161 0.023507 -0.050000
v -0.115383 0.022721 -0.050000
v -0.043129 0.021292 -0.050000
v -0.120613 0.020110 -0.050000
v -0.048001 0.018781 -0.050000
v -0.125727 0.017374 -0.050000
v -0.120613 0.020110 0.050000
v -0.043129 0.021292 0.050000
v -0.048001 0.018781 0.050000
v -0.125727 0.017374 0.050000
v -0.052776 0.015975 0.050000
v -0.130725 0.014512 0.050000
v -0.135606 0.011524 0.050000
v -0.057454 0.012873 0.050000
v -0.130725 0.014512 -0.050000
v -0.052776 0.015975 -0.050000
v -0.135606 0.011524 -0.050000
v -0.057454 0.012873 -0.050000
v -0.062036 0.009476 -0.050000
v -0.066489 0.005832 -0.050000
v -0.140371 0.008410 -0.050000
v -0.062036 0.009476 0.050000
v -0.066489 0.005832 0.050000
v -0.140371 0.008410 0.050000
v -0.145020 0.005171 0.050000
v -0.070781 0.001989 0.050000
v -0.149553 0.001805 0.050000
v -0.145020 0.005171 -0.050000
v -0.070781 0.001989 -0.050000
v -0.149553 0.001805 -0.050000
v -0.074915 -0.002052 -0.050000
v -0.153945 -0.001665 -0.050000
v -0.158173 -0.005217 -0.050000
v -0.153945 -0.001665 0.050000
v -0.074915 -0.002052 0.050000
v -0.158173 -0.005217 0.050000
v -0.078888 -0.006292 0.050000
v -0.162236 -0.008852 0.050000
v -0.166134 -0.012568 0.050000
v -0.082702 -0.010731 0.050000
v -0.162236 -0.008852 -0.050000
v -0.078888 -0.006292 -0.050000
v -0.166134 -0.012568 -0.050000
v -0.082702 -0.010731 -0.050000
v -0.086356 -0.015367 -0.050000
v -0.089850 -0.020203 -0.050000
v -0.169868 -0.016367 -0.050000
v -0.086356 -0.015367 0.050000
v -0.089850 -0.020203 0.050000
v -0.169868 -0.016367 0.050000
v -0.173437 -0.020249 0.050000
v -0.176841 -0.024213 0.050000
v -0.093184 -0.025237 0.050000
v -0.173437 -0.020249 -0.050000
v -0.176841 -0.024213 -0.050000
v -0.093184 -0.025237 -0.050000
v -0.180081 -0.028259 -0.050000
v -0.096358 -0.030469 -0.050000
v -0.183156 -0.032387 -0.050000
v -0.099373 -0.035900 -0.050000
v -0.096358 -0.030469 0.050000
v -0.180081 -0.028259 0.050000
v -0.183156 -0.032387 0.050000
v -0.099373 -0.035900 0.050000
v -0.186067 -0.036598 0.050000
v -0.102228 -0.041530 0.050000
v -0.104923 -0.047358 0.050000
v -0.191394 -0.045266 0.050000
v -0.188813 -0.040891 0.050000
v -0.102228 -0.041530 -0.050000
v -0.186067 -0.036598 -0.050000
v -0.104923 -0.047358 -0.050000
v -0.191394 -0.045266 -0.050000
v -0.188813 -0.040891 -0.050000
v -0.193789 -0.049707 -0.050000
v -0.195975 -0.054196 -0.050000
v -0.107429 -0.053329 -0.050000
v -0.193789 -0.049707 0.050000
v -0.195975 -0.054196 0.050000
v -0.107429 -0.053329 0.050000
v -0.109717 -0.059388 0.050000
v -0.111787 -0.065533 0.050000
v -0.199723 -0.063320 0.050000
v -0.197953 -0.058734 0.050000
v -0.109717 -0.059388 -0.050000
v -0.111787 -0.065533 -0.050000
v -0.199723 -0.063320 -0.050000
v -0.197953 -0.058734 -0.050000
v -0.201285 -0.067954 -0.050000
v -0.202639 -0.072637 -0.050000
v -0.113639 -0.071766 -0.050000
v -0.201285 -0.067954 0.050000
v -0.202639 -0.072637 0.050000
v -0.113639 -0.071766 0.050000
v -0.115273 -0.078085 0.050000
v -0.116690 -0.084492 0.050000
v -0.204721 -0.082148 0.050000
v -0.203784 -0.077369 0.050000
v -0.115273 -0.078085 -0.050000
v -0.116690 -0.084492 -0.050000
v -0.204721 -0.082148 -0.050000
v -0.203784 -0.077369 -0.050000
v -0.205450 -0.086977 -0.050000
v -0.205971 -0.091853 -0.050000
v -0.117888 -0.090986 -0.050000
v -0.205450 -0.086977 0.050000
v -0.205971 -0.091853 0.050000
v -0.117888 -0.090986 0.050000
v -0.118869 -0.097568 0.050000
v -0.206387 -0.101752 0.050000
v -0.206283 -0.096778 0.050000
v -0.119632 -0.104236 0.050000
v -0.118869 -0.097568 -0.050000
v -0.206387 -0.101752 -0.050000
v -0.206283 -0.096778 -0.050000
v -0.119632 -0.104236 -0.050000
v -0.206251 -0.107287 -0.050000
v -0.120177 -0.110992 -0.050000
v -0.205845 -0.112735 -0.050000
v -0.120503 -0.117834 -0.050000
v -0.120177 -0.110992 0.050000
v -0.205845 -0.112735 0.050000
v -0.120503 -0.117834 0.050000
v -0.206251 -0.107287 0.050000
v -0.120613 -0.124764 0.050000
v -0.205167 -0.118096 0.050000
v -0.204217 -0.123369 0.050000
v -0.205167 -0.118096 -0.050000
v -0.204217 -0.123369 -0.050000
v -0.120613 -0.124764 -0.050000
v -0.202997 -0.128556 -0.050000
v -0.120497 -0.131578 -0.050000
v -0.120148 -0.138072 -0.050000
v -0.201505 -0.133655 -0.050000
v -0.120497 -0.131578 0.050000
v -0.202997 -0.128556 0.050000
v -0.120148 -0.138072 0.050000
v -0.201505 -0.133655 0.050000
v -0.199743 -0.138668 0.050000
v -0.119567 -0.144246 0.050000
v -0.197709 -0.143593 0.050000
v -0.199743 -0.138668 -0.050000
v -0.119567 -0.144246 -0.050000
v -0.197709 -0.143593 -0.050000
v -0.195404 -0.148431 -0.050000
v -0.118754 -0.150101 -0.050000
v -0.192827 -0.153181 -0.050000
v -0.195404 -0.148431 0.050000
v -0.118754 -0.150101 0.050000
v -0.192827 -0.153181 0.050000
v -0.117708 -0.155636 0.050000
v -0.189980 -0.157845 0.050000
v -0.116429 -0.160852 0.050000
v -0.186861 -0.162421 0.050000
v -0.189980 -0.157845 -0.050000
v -0.117708 -0.155636 -0.050000
v -0.116429 -0.160852 -0.050000
v -0.186861 -0.162421 -0.050000
v -0.183495 -0.166876 -0.050000
v -0.114918 -0.165748 -0.050000
v -0.113175 -0.170324 -0.050000
v -0.114918 -0.165748 0.050000
v -0.183495 -0.166876 0.050000
v -0.113175 -0.170324 0.050000
v -0.111199 -0.174581 0.050000
v -0.179907 -0.171177 0.050000
v -0.176096 -0.175322 0.050000
v -0.179907 -0.171177 -0.050000
v -0.111199 -0.174581 -0.050000
v -0.176096 -0.175322 -0.050000
v -0.108991 -0.178518 -0.050000
v -0.172062 -0.179312 -0.050000
v -0.106550 -0.182136 -0.050000
v -0.167805 -0.183148 -0.050000
v -0.172062 -0.179312 0.050000
v -0.108991 -0.178518 0.050000
v -0.106550 -0.182136 0.050000
v -0.167805 -0.183148 0.050000
v -0.103877 -0.185434 0.050000
v -0.163326 -0.186828 0.050000
v -0.100966 -0.188441 0.050000
v -0.158623 -0.190354 0.050000
v -0.163326 -0.186828 -0.050000
v -0.103877 -0.185434 -0.050000
v -0.100966 -0.188441 -0.050000
v -0.158623 -0.190354 -0.050000
v -0.097813 -0.191187 -0.050000
v -0.153698 -0.193724 -0.050000
v -0.148551 -0.196940 -0.050000
v -0.094419 -0.193671 -0.050000
v -0.090782 -0.195894 -0.050000
v -0.153698 -0.193724 0.050000
v -0.097813 -0.191187 0.050000
v -0.148551 -0.196940 0.050000
v -0.094419 -0.193671 0.050000
v -0.090782 -0.195894 0.050000
v -0.086903 -0.197855 0.050000
v -0.082782 -0.199555 0.050000
v -0.143180 -0.200001 0.050000
v -0.086903 -0.197855 -0.050000
v -0.082782 -0.199555 -0.050000
v -0.143180 -0.200001 -0.050000
v -0.078418 -0.200993 -0.050000
v -0.073813 -0.202170 -0.050000
v -0.078418 -0.200993 0.050000
v -0.073813 -0.202170 0.050000
v -0.006315 0.030597 0.050000
v 0.063138 -0.084470 -0.050000
v -0.041677 -0.203817 0.050000
v -0.047241 -0.204151 0.050000
vn -0.0142 -0.9999 -0.0000
vn -0.0000 0.0001 1.0000
vn 0.0122 -0.9999 -0.0000
vn -0.0000 -0.0000 -1.0000
vn 0.0370 -0.9993 -0.0000
vn 0.0624 -0.9981 -0.0000
vn -0.0000 -0.0000 1.0000
vn 0.0882 -0.9961 -0.0000
vn 0.1144 -0.9934 -0.0000
vn -0.1058 -0.9944 -0.0000
vn -0.1386 -0.9903 -0.0000
vn -0.1725 -0.9850 -0.0000
vn 0.1410 -0.9900 -0.0000
vn 0.1679 -0.9858 -0.0000
vn 0.1950 -0.9808 -0.0000
vn 0.2224 -0.9749 -0.0000
vn 0.2500 -0.9683 -0.0000
vn -0.2430 -0.9700 -0.0000
vn -0.2795 -0.9601 -0.0000
vn -0.3167 -0.9485 -0.0000
vn 0.3052 -0.9523 -0.0000
vn 0.2776 -0.9607 -0.0000
vn 0.3305 -0.9438 -0.0000
vn 0.3539 -0.9353 -0.0000
vn -0.3921 -0.9199 -0.0000
vn -0.4275 -0.9040 -0.0000
vn 0.3777 -0.9259 -0.0000
vn 0.4017 -0.9158 -0.0000
vn -0.1473 0.9891 -0.0000
vn -0.1940 0.9810 -0.0000
vn -0.2423 0.9702 -0.0000
vn -0.2921 0.9564 -0.0000
vn -0.3429 0.9394 -0.0000
vn 0.4505 -0.8928 -0.0000
vn 0.4260 -0.9047 -0.0000
vn -0.3944 0.9189 -0.0000
vn -0.4460 0.8950 -0.0000
vn -0.4971 0.8677 -0.0000
vn 0.4997 -0.8662 -0.0000
vn 0.4751 -0.8800 -0.0000
vn 0.5244 -0.8515 -0.0000
vn -0.5473 0.8369 -0.0000
vn -0.5867 0.8098 -0.0000
vn -0.6162 0.7876 -0.0000
vn -0.6453 0.7639 -0.0000
vn 0.5977 -0.8017 -0.0000
vn 0.5735 -0.8192 -0.0000
vn -0.6738 0.7389 -0.0000
vn -0.7015 0.7127 -0.0000
vn -0.7283 0.6852 -0.0000
vn -0.7542 0.6567 -0.0000
vn 0.6649 -0.7469 -0.0000
vn 0.6427 -0.7661 -0.0000
vn -0.7788 0.6272 -0.0000
vn -0.8023 0.5969 -0.0000
vn 0.6870 -0.7266 -0.0000
vn 0.7091 -0.7051 -0.0000
vn 0.7310 -0.6823 -0.0000
vn 0.7527 -0.6583 -0.0000
vn 0.7740 -0.6332 -0.0000
vn -0.8645 0.5027 -0.0000
vn -0.8792 0.4764 -0.0000
vn -0.8903 0.4554 -0.0000
vn -0.9010 0.4338 -0.0000
vn 0.8347 -0.5507 -0.0000
vn 0.8151 -0.5793 -0.0000
vn -0.9113 0.4118 -0.0000
vn -0.9211 0.3893 -0.0000
vn 0.8535 -0.5212 -0.0000
vn 0.8723 -0.4891 -0.0000
vn 0.8912 -0.4537 -0.0000
vn 0.9092 -0.4165 -0.0000
vn 0.9260 -0.3775 -0.0000
vn -0.9477 0.3191 -0.0000
vn -0.9555 0.2950 -0.0000
vn -0.9627 0.2706 -0.0000
vn -0.9693 0.2460 -0.0000
vn 0.9679 -0.2512 -0.0000
vn 0.9556 -0.2947 -0.0000
vn -0.9752 0.2211 -0.0000
vn -0.9794 0.2019 -0.0000
vn 0.9784 -0.2067 -0.0000
vn 0.9869 -0.1613 -0.0000
vn 0.9933 -0.1153 -0.0000
vn 0.9976 -0.0691 -0.0000
vn 0.9997 -0.0230 -0.0000
vn -0.9898 0.1426 -0.0000
vn -0.9920 0.1262 -0.0000
vn -0.9940 0.1090 -0.0000
vn 0.9997 0.0264 -0.0000
vn 0.9968 0.0800 -0.0000
vn 0.9910 0.1341 -0.0000
vn -0.9958 0.0910 -0.0000
vn -0.9974 0.0723 -0.0000
vn -0.9986 0.0527 -0.0000
vn -0.9995 0.0323 -0.0000
vn -0.9999 0.0113 -0.0000
vn -0.9998 -0.0186 -0.0000
vn -0.9983 -0.0580 -0.0000
vn 0.9179 0.3967 -0.0000
vn 0.9379 0.3469 -0.0000
vn -0.9949 -0.1004 -0.0000
vn -0.9893 -0.1460 -0.0000
vn 0.8958 0.4445 -0.0000
vn 0.8718 0.4899 -0.0000
vn 0.8463 0.5327 -0.0000
vn -0.9808 -0.1949 -0.0000
vn -0.9691 -0.2468 -0.0000
vn -0.9534 -0.3018 -0.0000
vn -0.9331 -0.3595 -0.0000
vn -0.9079 -0.4192 -0.0000
vn 0.6983 0.7158 -0.0000
vn 0.7306 0.6828 -0.0000
vn 0.6652 0.7467 -0.0000
vn -0.8404 -0.5419 -0.0000
vn -0.8771 -0.4803 -0.0000
vn -0.7980 -0.6027 -0.0000
vn 0.5976 0.8018 -0.0000
vn 0.6315 0.7753 -0.0000
vn 0.5637 0.8260 -0.0000
vn -0.7489 -0.6626 -0.0000
vn -0.6930 -0.7210 -0.0000
vn -0.6312 -0.7756 -0.0000
vn -0.5646 -0.8253 -0.0000
vn -0.4947 -0.8690 -0.0000
vn -0.4230 -0.9061 -0.0000
vn -0.3509 -0.9364 -0.0000
vn 0.4315 0.9021 -0.0000
vn 0.4637 0.8860 -0.0000
vn -0.2801 -0.9600 -0.0000
vn -0.2115 -0.9774 -0.0000
vn -0.1461 -0.9893 -0.0000
vn -0.0846 -0.9964 -0.0000
vn -0.0271 -0.9996 -0.0000
vn 0.3585 0.9335 -0.0000
vn 0.3966 0.9180 -0.0000
vn -0.3469 0.9379 -0.0000
vn -0.3226 0.9465 -0.0000
vn 0.3205 0.9472 -0.0000
vn 0.2831 0.9591 -0.0000
vn -0.2702 0.9628 -0.0000
vn -0.2434 0.9699 -0.0000
vn -0.2166 0.9763 -0.0000
vn -0.1899 0.9818 -0.0000
vn -0.1635 0.9865 -0.0000
vn -0.1298 0.9915 -0.0000
vn -0.2820 -0.9594 -0.0000
vn 0.1306 -0.9914 -0.0000
vn 0.2098 -0.9777 -0.0000
vn 0.2409 -0.9706 -0.0000
vn 0.2725 -0.9622 -0.0000
vn -0.0000 -0.0001 1.0000
vn -0.0000 1.0000 -0.0000
vn 0.0271 0.9996 -0.0000
vn -0.0221 0.9998 -0.0000
vn -0.0682 0.9977 -0.0000
vn -0.1167 0.9932 -0.0000
vn -0.1675 0.9859 -0.0000
vn -0.2203 0.9754 -0.0000
vn 0.3368 -0.9416 -0.0000
vn 0.3045 -0.9525 -0.0000
vn -0.2747 0.9615 -0.0000
vn -0.3303 0.9439 -0.0000
vn 0.3694 -0.9293 -0.0000
vn 0.4020 -0.9156 -0.0000
vn -0.3864 0.9223 -0.0000
vn -0.4425 0.8968 -0.0000
vn -0.4977 0.8673 -0.0000
vn -0.5515 0.8342 -0.0000
vn -0.6032 0.7976 -0.0000
vn 0.4991 -0.8666 -0.0000
vn 0.4670 -0.8843 -0.0000
vn -0.6422 0.7665 -0.0000
vn -0.6702 0.7422 -0.0000
vn -0.6973 0.7168 -0.0000
vn -0.7235 0.6903 -0.0000
vn 0.5850 -0.8111 -0.0000
vn 0.5591 -0.8291 -0.0000
vn 0.6110 -0.7916 -0.0000
vn -0.7486 0.6630 -0.0000
vn -0.7726 0.6349 -0.0000
vn -0.7954 0.6061 -0.0000
vn -0.8169 0.5767 -0.0000
vn 0.6893 -0.7245 -0.0000
vn 0.6633 -0.7483 -0.0000
vn -0.8371 0.5470 -0.0000
vn -0.8559 0.5171 -0.0000
vn -0.8734 0.4870 -0.0000
vn -0.8894 0.4570 -0.0000
vn -0.9017 0.4324 -0.0000
vn 0.7888 -0.6147 -0.0000
vn 0.7648 -0.6442 -0.0000
vn -0.9108 0.4128 -0.0000
vn -0.9196 0.3929 -0.0000
vn -0.9280 0.3725 -0.0000
vn 0.8548 -0.5189 -0.0000
vn 0.8339 -0.5519 -0.0000
vn -0.9361 0.3518 -0.0000
vn -0.9437 0.3308 -0.0000
vn -0.9509 0.3096 -0.0000
vn -0.9576 0.2879 -0.0000
vn -0.9639 0.2661 -0.0000
vn -0.9697 0.2441 -0.0000
vn 0.9469 -0.3216 -0.0000
vn 0.9308 -0.3656 -0.0000
vn 0.9612 -0.2757 -0.0000
vn -0.9799 0.1995 -0.0000
vn -0.9751 0.2219 -0.0000
vn -0.9832 0.1827 -0.0000
vn 0.9839 -0.1789 -0.0000
vn 0.9736 -0.2281 -0.0000
vn -0.9853 0.1709 -0.0000
vn -0.9874 0.1585 -0.0000
vn 0.9917 -0.1286 -0.0000
vn 0.9970 -0.0774 -0.0000
vn 0.9997 -0.0258 -0.0000
vn 0.9997 0.0250 -0.0000
vn 0.9971 0.0760 -0.0000
vn -0.9963 0.0856 -0.0000
vn -0.9977 0.0684 -0.0000
vn -0.9987 0.0503 -0.0000
vn 0.9918 0.1277 -0.0000
vn 0.9837 0.1797 -0.0000
vn 0.9728 0.2318 -0.0000
vn -0.9999 0.0106 -0.0000
vn -0.9998 -0.0179 -0.0000
vn -0.9984 -0.0559 -0.0000
vn -0.9953 -0.0970 -0.0000
vn -0.9899 -0.1415 -0.0000
vn 0.8796 0.4758 -0.0000
vn 0.9026 0.4304 -0.0000
vn -0.9819 -0.1895 -0.0000
vn -0.9705 -0.2409 -0.0000
vn 0.8548 0.5190 -0.0000
vn 0.8287 0.5596 -0.0000
vn 0.8011 0.5985 -0.0000
vn -0.9552 -0.2958 -0.0000
vn -0.9353 -0.3539 -0.0000
vn -0.9100 -0.4146 -0.0000
vn -0.8787 -0.4773 -0.0000
vn -0.8410 -0.5410 -0.0000
vn -0.7966 -0.6045 -0.0000
vn 0.6411 0.7675 -0.0000
vn 0.6749 0.7379 -0.0000
vn -0.7457 -0.6662 -0.0000
vn -0.6885 -0.7252 -0.0000
vn 0.6069 0.7948 -0.0000
vn 0.5726 0.8198 -0.0000
vn 0.5385 0.8426 -0.0000
vn -0.6257 -0.7800 -0.0000
vn -0.5584 -0.8296 -0.0000
vn -0.4881 -0.8728 -0.0000
vn -0.4163 -0.9092 -0.0000
vn -0.3447 -0.9387 -0.0000
vn -0.2745 -0.9616 -0.0000
vn 0.4389 0.8985 -0.0000
vn 0.4715 0.8819 -0.0000
vn -0.2069 -0.9784 -0.0000
vn -0.1427 -0.9898 -0.0000
vn -0.0825 -0.9966 -0.0000
vn -0.0000 0.0001 -1.0000
vn -0.0264 -0.9997 -0.0000
vn 0.0197 -0.9998 -0.0000
vn -0.0000 -0.0005 1.0000
vn -0.3619 0.9322 -0.0000
vn -0.3385 0.9410 -0.0000
vn 0.3633 0.9317 -0.0000
vn 0.4030 0.9152 -0.0000
vn -0.3155 0.9489 -0.0000
vn 0.3240 0.9461 -0.0000
vn 0.2854 0.9584 -0.0000
vn 0.2475 0.9689 -0.0000
vn 0.2106 0.9776 -0.0000
vn -0.2154 0.9765 -0.0000
vn -0.1898 0.9818 -0.0000
vn -0.1641 0.9864 -0.0000
vn -0.1385 0.9904 -0.0000
vn 0.1402 0.9901 -0.0000
vn 0.1748 0.9846 -0.0000
vn -0.1129 0.9936 -0.0000
vn -0.0875 0.9962 -0.0000
vn -0.0622 0.9981 -0.0000
vn -0.0371 0.9993 -0.0000
vn -0.0000 -0.0001 -1.0000
vn -0.0123 0.9999 -0.0000
vn 0.0143 0.9999 -0.0000
vn 0.0438 0.9990 -0.0000
vn 0.0746 0.9972 -0.0000
vn 0.1068 0.9943 -0.0000
vn -0.2409 0.9705 -0.0000
vn -0.2663 0.9639 -0.0000
vn -0.2915 0.9566 -0.0000
vn 0.0598 -0.9982 -0.0000
vn 0.1006 -0.9949 -0.0000
vn 0.1420 -0.9899 -0.0000
vn 0.1836 -0.9830 -0.0000
vn 0.2253 -0.9743 -0.0000
vn -0.4092 0.9124 -0.0000
vn -0.3855 0.9227 -0.0000
vn 0.2669 -0.9637 -0.0000
vn 0.3081 -0.9513 -0.0000
vn 0.3487 -0.9372 -0.0000
vn 0.3885 -0.9214 -0.0000
vn 0.4273 -0.9041 -0.0000
vn 0.4648 -0.8854 -0.0000
vn -0.4810 0.8767 -0.0000
vn -0.4571 0.8894 -0.0000
vn 0.4993 -0.8664 -0.0000
vn 0.5314 -0.8472 -0.0000
vn 0.5627 -0.8267 -0.0000
vn 0.5931 -0.8051 -0.0000
vn -0.5288 0.8487 -0.0000
vn -0.5525 0.8335 -0.0000
vn -0.5759 0.8175 -0.0000
vn -0.5992 0.8006 -0.0000
vn -0.6226 0.7825 -0.0000
vn 0.7043 -0.7099 -0.0000
vn 0.7290 -0.6845 -0.0000
vn 0.7525 -0.6586 -0.0000
vn 0.7745 -0.6326 -0.0000
vn 0.7953 -0.6062 -0.0000
vn -0.7162 0.6979 -0.0000
vn -0.6930 0.7209 -0.0000
vn -0.7391 0.6736 -0.0000
vn 0.8133 -0.5818 -0.0000
vn 0.8293 -0.5588 -0.0000
vn 0.8446 -0.5354 -0.0000
vn 0.8590 -0.5119 -0.0000
vn -0.8046 0.5938 -0.0000
vn -0.7834 0.6215 -0.0000
vn 0.8727 -0.4883 -0.0000
vn 0.8855 -0.4646 -0.0000
vn 0.8976 -0.4408 -0.0000
vn 0.9089 -0.4171 -0.0000
vn 0.9193 -0.3935 -0.0000
vn -0.8857 0.4642 -0.0000
vn -0.8650 0.5018 -0.0000
vn 0.9290 -0.3701 -0.0000
vn 0.9380 -0.3468 -0.0000
vn 0.9461 -0.3238 -0.0000
vn -0.9401 0.3410 -0.0000
vn -0.9235 0.3836 -0.0000
vn 0.9542 -0.2991 -0.0000
vn 0.9621 -0.2726 -0.0000
vn 0.9693 -0.2460 -0.0000
vn 0.9756 -0.2193 -0.0000
vn 0.9813 -0.1927 -0.0000
vn -0.9935 0.1142 -0.0000
vn -0.9870 0.1604 -0.0000
vn 0.9861 -0.1662 -0.0000
vn 0.9902 -0.1399 -0.0000
vn 0.9935 -0.1137 -0.0000
vn -0.9995 -0.0302 -0.0000
vn -0.9997 0.0226 -0.0000
vn 0.9961 -0.0878 -0.0000
vn 0.9981 -0.0623 -0.0000
vn 0.9993 -0.0371 -0.0000
vn 0.9999 -0.0122 -0.0000
vn 0.9998 0.0180 -0.0000
vn -0.9410 -0.3384 -0.0000
vn -0.9605 -0.2781 -0.0000
vn 0.9984 0.0564 -0.0000
vn 0.9952 0.0983 -0.0000
vn 0.9896 0.1440 -0.0000
vn -0.8633 -0.5046 -0.0000
vn -0.8919 -0.4522 -0.0000
vn 0.9811 0.1936 -0.0000
vn 0.9690 0.2472 -0.0000
vn 0.9524 0.3047 -0.0000
vn 0.9306 0.3660 -0.0000
vn -0.6967 -0.7173 -0.0000
vn -0.7337 -0.6794 -0.0000
vn 0.8677 0.4971 -0.0000
vn 0.8252 0.5649 -0.0000
vn 0.7747 0.6323 -0.0000
vn -0.5763 -0.8172 -0.0000
vn -0.6177 -0.7865 -0.0000
vn 0.7218 0.6921 -0.0000
vn 0.6679 0.7443 -0.0000
vn 0.6090 0.7932 -0.0000
vn 0.5459 0.8378 -0.0000
vn 0.4797 0.8774 -0.0000
vn 0.4116 0.9114 -0.0000
vn -0.3668 -0.9303 -0.0000
vn -0.4080 -0.9130 -0.0000
vn -0.3266 -0.9452 -0.0000
vn 0.2749 0.9615 -0.0000
vn 0.2086 0.9780 -0.0000
vn 0.1448 0.9895 -0.0000
vn 0.0842 0.9964 -0.0000
vn 0.3430 0.9393 -0.0000
vn -0.4498 -0.8931 -0.0000
vn -0.4920 -0.8706 -0.0000
vn -0.5343 -0.8453 -0.0000
vn -0.6579 -0.7531 -0.0000
vn -0.7680 -0.6404 -0.0000
vn -0.8008 -0.5989 -0.0000
vn -0.8328 -0.5536 -0.0000
vn -0.9180 -0.3967 -0.0000
vn -0.9763 -0.2164 -0.0000
vn -0.9881 -0.1540 -0.0000
vn -0.9958 -0.0917 -0.0000
vn -0.9977 0.0682 -0.0000
vn -0.9784 0.2065 -0.0000
vn -0.9677 0.2522 -0.0000
vn -0.9549 0.2971 -0.0000
vn -0.9053 0.4247 -0.0000
vn -0.8447 0.5352 -0.0000
vn -0.8251 0.5650 -0.0000
vn -0.7615 0.6482 -0.0000
vn -0.6696 0.7427 -0.0000
vn -0.6461 0.7632 -0.0000
vn 0.6783 -0.7348 -0.0000
vn 0.6510 -0.7591 -0.0000
vn 0.6226 -0.7825 -0.0000
vn -0.5050 0.8631 -0.0000
vn -0.4331 0.9013 -0.0000
vn 0.5047 0.8633 -0.0000
vn 0.7081 0.7061 -0.0000
vn 0.7404 0.6722 -0.0000
vn 0.7715 0.6363 -0.0000
vn 0.9238 0.3830 -0.0000
vn 0.9427 0.3338 -0.0000
vn 0.9590 0.2832 -0.0000
vn -0.9995 0.0311 -0.0000
vn -0.9948 0.1018 -0.0000
vn -0.9931 0.1171 -0.0000
vn -0.9913 0.1317 -0.0000
vn -0.9894 0.1454 -0.0000
vn 0.9133 -0.4073 -0.0000
vn 0.8750 -0.4841 -0.0000
vn 0.8946 -0.4469 -0.0000
vn 0.8118 -0.5839 -0.0000
vn 0.7149 -0.6992 -0.0000
vn 0.7402 -0.6724 -0.0000
vn 0.6372 -0.7707 -0.0000
vn 0.5307 -0.8476 -0.0000
vn 0.4346 -0.9006 -0.0000
vn 0.2209 0.9753 -0.0000
vn -0.2971 0.9548 -0.0000
vn -0.3715 0.9284 -0.0000
vn 0.1342 -0.9910 -0.0000
vn 0.1895 -0.9819 -0.0000
vn -0.3964 0.9181 -0.0000
vn -0.4214 0.9069 -0.0000
vn -0.4465 0.8948 -0.0000
vn -0.4718 0.8817 -0.0000
vn -0.4969 0.8678 -0.0000
vn -0.5221 0.8529 -0.0000
vn 0.5526 -0.8334 -0.0000
vn 0.5956 -0.8033 -0.0000
vn 0.6333 -0.7739 -0.0000
vn -0.5470 0.8371 -0.0000
vn -0.5717 0.8204 -0.0000
vn -0.5961 0.8029 -0.0000
vn -0.6199 0.7847 -0.0000
vn -0.6433 0.7656 -0.0000
vn -0.6667 0.7453 -0.0000
vn -0.6900 0.7238 -0.0000
vn 0.7585 -0.6517 -0.0000
vn 0.7855 -0.6189 -0.0000
vn 0.8105 -0.5857 -0.0000
vn -0.7132 0.7009 -0.0000
vn -0.7361 0.6769 -0.0000
vn -0.7586 0.6515 -0.0000
vn 0.8337 -0.5522 -0.0000
vn 0.8550 -0.5187 -0.0000
vn 0.8743 -0.4853 -0.0000
vn 0.8919 -0.4523 -0.0000
vn 0.9077 -0.4197 -0.0000
vn -0.8613 0.5081 -0.0000
vn -0.8424 0.5388 -0.0000
vn -0.8802 0.4746 -0.0000
vn -0.8990 0.4379 -0.0000
vn 0.9221 -0.3870 -0.0000
vn 0.9355 -0.3533 -0.0000
vn 0.9477 -0.3192 -0.0000
vn -0.9329 0.3601 -0.0000
vn -0.9167 0.3996 -0.0000
vn -0.9476 0.3194 -0.0000
vn -0.9607 0.2777 -0.0000
vn 0.9586 -0.2849 -0.0000
vn 0.9681 -0.2504 -0.0000
vn 0.9764 -0.2159 -0.0000
vn -0.9813 0.1924 -0.0000
vn -0.9719 0.2353 -0.0000
vn -0.9888 0.1493 -0.0000
vn -0.9943 0.1062 -0.0000
vn 0.9834 -0.1815 -0.0000
vn 0.9891 -0.1474 -0.0000
vn 0.9935 -0.1136 -0.0000
vn 0.9968 -0.0804 -0.0000
vn 0.9989 -0.0477 -0.0000
vn -0.9972 -0.0745 -0.0000
vn -0.9997 -0.0245 -0.0000
vn 0.9999 -0.0158 -0.0000
vn -0.9842 -0.1771 -0.0000
vn -0.9921 -0.1255 -0.0000
vn 0.9999 0.0170 -0.0000
vn 0.9986 0.0536 -0.0000
vn -0.9598 -0.2807 -0.0000
vn -0.9434 -0.3318 -0.0000
vn -0.9243 -0.3817 -0.0000
vn -0.9028 -0.4301 -0.0000
vn -0.8791 -0.4767 -0.0000
vn -0.8535 -0.5211 -0.0000
vn -0.8264 -0.5632 -0.0000
vn -0.7979 -0.6028 -0.0000
vn 0.9555 0.2949 -0.0000
vn 0.9345 0.3560 -0.0000
vn 0.9071 0.4210 -0.0000
vn -0.7678 -0.6407 -0.0000
vn -0.7362 -0.6768 -0.0000
vn -0.7033 -0.7109 -0.0000
vn -0.6694 -0.7429 -0.0000
vn -0.6348 -0.7726 -0.0000
vn -0.5999 -0.8001 -0.0000
vn -0.5648 -0.8252 -0.0000
vn -0.5298 -0.8481 -0.0000
vn 0.5215 0.8533 -0.0000
vn 0.4512 0.8924 -0.0000
vn 0.3813 0.9245 -0.0000
vn -0.4610 -0.8874 -0.0000
vn -0.4951 -0.8688 -0.0000
vn 0.3131 0.9497 -0.0000
vn 0.2476 0.9689 -0.0000
vn 0.1855 0.9826 -0.0000
vn 0.5906 0.8070 -0.0000
vn 0.6568 0.7541 -0.0000
vn 0.7186 0.6955 -0.0000
vn 0.7768 0.6298 -0.0000
vn 0.8290 0.5593 -0.0000
vn 0.8722 0.4892 -0.0000
vn 0.9712 0.2381 -0.0000
vn 0.9826 0.1857 -0.0000
vn 0.9905 0.1376 -0.0000
vn 0.9956 0.0937 -0.0000
vn -0.9734 -0.2291 -0.0000
vn -0.9998 0.0209 -0.0000
vn -0.9980 0.0633 -0.0000
vn -0.8226 0.5686 -0.0000
vn -0.8020 0.5974 -0.0000
vn -0.7806 0.6250 -0.0000
vn 0.7297 -0.6838 -0.0000
vn 0.6991 -0.7150 -0.0000
vn 0.6669 -0.7451 -0.0000
vn 0.5067 -0.8621 -0.0000
vn 0.4581 -0.8889 -0.0000
vn 0.4073 -0.9133 -0.0000
vn 0.3545 -0.9351 -0.0000
vn 0.3002 -0.9539 -0.0000
vn 0.2451 -0.9695 -0.0000
vn 0.0796 -0.9968 -0.0000
vn 0.0261 -0.9997 -0.0000
vn 0.4965 0.8680 -0.0000
vn 0.5299 0.8481 -0.0000
vn 0.7618 0.6478 -0.0000
vn 0.8197 0.5728 -0.0000
vn 0.7917 0.6109 -0.0000
vn 0.9554 0.2952 -0.0000
vn 0.9702 0.2422 -0.0000
vn 0.9821 0.1883 -0.0000
vn -0.9874 0.1584 -0.0000
vn -0.9848 0.1735 -0.0000
vn -0.9822 0.1880 -0.0000
vn 0.9416 -0.3368 -0.0000
vn -0.9394 0.3429 -0.0000
vn -0.9305 0.3663 -0.0000
vn 0.7948 -0.6068 -0.0000
vn -0.8452 0.5345 -0.0000
vn -0.8244 0.5660 -0.0000
vn 0.6207 -0.7841 -0.0000
vn 0.5490 -0.8358 -0.0000
vn -0.1026 0.9947 -0.0000
vn -0.0599 0.9982 -0.0000
vn -0.0194 0.9998 -0.0000
vn 0.0234 0.9997 -0.0000
vn 0.0734 0.9973 -0.0000
vn 0.1274 0.9919 -0.0000
vn -0.3543 -0.9352 -0.0000
vn -0.2073 -0.9783 -0.0000
vn -0.0741 -0.9972 -0.0000
vn -0.0436 -0.9990 -0.0000
vn 0.0371 -0.9993 -0.0000
vn 0.2224 -0.9750 -0.0000
vn 0.4504 -0.8928 -0.0000
vn -0.9753 0.2211 -0.0000
vn -0.3154 0.9489 -0.0000
vn 0.1419 -0.9899 -0.0000
vn -0.3854 0.9227 -0.0000
vn 0.5313 -0.8472 -0.0000
vn 0.7291 -0.6845 -0.0000
vn 0.7748 0.6323 -0.0000
vn 0.6510 -0.7590 -0.0000
vn -0.4331 0.9014 -0.0000
vn -0.9434 -0.3317 -0.0000
vn -0.7032 -0.7109 -0.0000
vn 0.5905 0.8070 -0.0000
vn 0.2450 -0.9695 -0.0000
vn 0.0235 0.9997 -0.0000
vt 0.001695 0.000000
vt 0.000000 0.000000
vt 0.283051 0.000000
vt 0.281356 0.000000
vt 0.003390 0.000000
vt 0.279661 0.000000
vt 0.005085 0.000000
vt 0.277966 0.000000
vt 0.276271 0.000000
vt 0.006780 0.000000
vt 0.008475 0.000000
vt 0.010169 0.000000
vt 0.274576 0.000000
vt 0.272881 0.000000
vt 0.271186 0.000000
vt 0.011864 0.000000
vt 0.269492 0.000000
vt 0.267797 0.000000
vt 0.013559 0.000000
vt 0.015254 0.000000
vt 0.016949 0.000000
vt 0.266102 0.000000
vt 0.264407 0.000000
vt 0.018644 0.000000
vt 0.262712 0.000000
vt 0.261017 0.000000
vt 0.020339 0.000000
vt 0.022034 0.000000
vt 0.503390 0.000000
vt 0.505085 0.000000
vt 0.506780 0.000000
vt 0.284746 0.000000
vt 0.286441 0.000000
vt 0.288136 0.000000
vt 0.289831 0.000000
vt 0.259322 0.000000
vt 0.291525 0.000000
vt 0.257627 0.000000
vt 0.293220 0.000000
vt 0.294915 0.000000
vt 0.296610 0.000000
vt 0.298305 0.000000
vt 0.255932 0.000000
vt 0.254237 0.000000
vt 0.300000 0.000000
vt 0.301695 0.000000
vt 0.303390 0.000000
vt 0.252542 0.000000
vt 0.250847 0.000000
vt 0.249153 0.000000
vt 0.305085 0.000000
vt 0.306780 0.000000
vt 0.247458 0.000000
vt 0.308475 0.000000
vt 0.245763 0.000000
vt 0.310169 0.000000
vt 0.244068 0.000000
vt 0.311864 0.000000
vt 0.313559 0.000000
vt 0.242373 0.000000
vt 0.315254 0.000000
vt 0.316949 0.000000
vt 0.240678 0.000000
vt 0.238983 0.000000
vt 0.318644 0.000000
vt 0.237288 0.000000
vt 0.320339 0.000000
vt 0.235593 0.000000
vt 0.322034 0.000000
vt 0.233898 0.000000
vt 0.323729 0.000000
vt 0.232203 0.000000
vt 0.325424 0.000000
vt 0.230508 0.000000
vt 0.327119 0.000000
vt 0.228814 0.000000
vt 0.328814 0.000000
vt 0.330508 0.000000
vt 0.227119 0.000000
vt 0.225424 0.000000
vt 0.332203 0.000000
vt 0.223729 0.000000
vt 0.333898 0.000000
vt 0.222034 0.000000
vt 0.335593 0.000000
vt 0.220339 0.000000
vt 0.337288 0.000000
vt 0.218644 0.000000
vt 0.338983 0.000000
vt 0.216949 0.000000
vt 0.340678 0.000000
vt 0.215254 0.000000
vt 0.342373 0.000000
vt 0.344068 0.000000
vt 0.213559 0.000000
vt 0.211864 0.000000
vt 0.345763 0.000000
vt 0.210169 0.000000
vt 0.347458 0.000000
vt 0.208475 0.000000
vt 0.349153 0.000000
vt 0.206780 0.000000
vt 0.350847 0.000000
vt 0.352542 0.000000
vt 0.205085 0.000000
vt 0.354237 0.000000
vt 0.203390 0.000000
vt 0.355932 0.000000
vt 0.201695 0.000000
vt 0.357627 0.000000
vt 0.200000 0.000000
vt 0.359322 0.000000
vt 0.198305 0.000000
vt 0.361017 0.000000
vt 0.362712 0.000000
vt 0.364407 0.000000
vt 0.196610 0.000000
vt 0.366102 0.000000
vt 0.193220 0.000000
vt 0.367797 0.000000
vt 0.194915 0.000000
vt 0.191525 0.000000
vt 0.369492 0.000000
vt 0.189831 0.000000
vt 0.371186 0.000000
vt 0.188136 0.000000
vt 0.372881 0.000000
vt 0.186441 0.000000
vt 0.374576 0.000000
vt 0.184746 0.000000
vt 0.376271 0.000000
vt 0.183051 0.000000
vt 0.181356 0.000000
vt 0.377966 0.000000
vt 0.379661 0.000000
vt 0.179661 0.000000
vt 0.177966 0.000000
vt 0.381356 0.000000
vt 0.176271 0.000000
vt 0.174576 0.000000
vt 0.383051 0.000000
vt 0.384746 0.000000
vt 0.386441 0.000000
vt 0.172881 0.000000
vt 0.171186 0.000000
vt 0.169492 0.000000
vt 0.389830 0.000000
vt 0.388136 0.000000
vt 0.391525 0.000000
vt 0.393220 0.000000
vt 0.167797 0.000000
vt 0.166102 0.000000
vt 0.394915 0.000000
vt 0.396610 0.000000
vt 0.398305 0.000000
vt 0.164407 0.000000
vt 0.162712 0.000000
vt 0.400000 0.000000
vt 0.401695 0.000000
vt 0.403390 0.000000
vt 0.405085 0.000000
vt 0.406780 0.000000
vt 0.161017 0.000000
vt 0.159322 0.000000
vt 0.120339 0.000000
vt 0.118644 0.000000
vt 0.122034 0.000000
vt 0.123729 0.000000
vt 0.157627 0.000000
vt 0.508475 0.000000
vt 0.155932 0.000000
vt 0.125424 0.000000
vt 0.755932 0.000000
vt 0.510170 0.000000
vt 0.128814 0.000000
vt 0.127119 0.000000
vt 0.130508 0.000000
vt 0.132203 0.000000
vt 0.511864 0.000000
vt 0.513559 0.000000
vt 0.133898 0.000000
vt 0.135593 0.000000
vt 0.150847 0.000000
vt 0.154237 0.000000
vt 0.152542 0.000000
vt 0.754237 0.000000
vt 0.752542 0.000000
vt 0.750847 0.000000
vt 0.149153 0.000000
vt 0.749153 0.000000
vt 0.144068 0.000000
vt 0.145763 0.000000
vt 0.147458 0.000000
vt 0.137288 0.000000
vt 0.138983 0.000000
vt 0.140678 0.000000
vt 0.142373 0.000000
vt 0.757627 0.000000
vt 0.759322 0.000000
vt 1.000000 0.000000
vt 0.761017 0.000000
vt 0.762712 0.000000
vt 0.764407 0.000000
vt 0.747458 0.000000
vt 0.766102 0.000000
vt 0.745763 0.000000
vt 0.767797 0.000000
vt 0.769492 0.000000
vt 0.744068 0.000000
vt 0.771186 0.000000
vt 0.742373 0.000000
vt 0.772881 0.000000
vt 0.774576 0.000000
vt 0.740678 0.000000
vt 0.776271 0.000000
vt 0.777966 0.000000
vt 0.738983 0.000000
vt 0.737288 0.000000
vt 0.779661 0.000000
vt 0.781356 0.000000
vt 0.735593 0.000000
vt 0.783051 0.000000
vt 0.733898 0.000000
vt 0.784746 0.000000
vt 0.732203 0.000000
vt 0.730508 0.000000
vt 0.786441 0.000000
vt 0.788136 0.000000
vt 0.789831 0.000000
vt 0.728814 0.000000
vt 0.791525 0.000000
vt 0.727119 0.000000
vt 0.725424 0.000000
vt 0.793220 0.000000
vt 0.794915 0.000000
vt 0.723729 0.000000
vt 0.796610 0.000000
vt 0.722034 0.000000
vt 0.798305 0.000000
vt 0.720339 0.000000
vt 0.800000 0.000000
vt 0.718644 0.000000
vt 0.801695 0.000000
vt 0.716949 0.000000
vt 0.803390 0.000000
vt 0.805085 0.000000
vt 0.715254 0.000000
vt 0.713559 0.000000
vt 0.806780 0.000000
vt 0.808475 0.000000
vt 0.711864 0.000000
vt 0.810170 0.000000
vt 0.811864 0.000000
vt 0.710169 0.000000
vt 0.708475 0.000000
vt 0.813559 0.000000
vt 0.706780 0.000000
vt 0.815254 0.000000
vt 0.705085 0.000000
vt 0.703390 0.000000
vt 0.816949 0.000000
vt 0.818644 0.000000
vt 0.820339 0.000000
vt 0.701695 0.000000
vt 0.700000 0.000000
vt 0.822034 0.000000
vt 0.823729 0.000000
vt 0.698305 0.000000
vt 0.825424 0.000000
vt 0.696610 0.000000
vt 0.827119 0.000000
vt 0.694915 0.000000
vt 0.828814 0.000000
vt 0.830508 0.000000
vt 0.693220 0.000000
vt 0.832203 0.000000
vt 0.691525 0.000000
vt 0.833898 0.000000
vt 0.689830 0.000000
vt 0.835593 0.000000
vt 0.837288 0.000000
vt 0.688136 0.000000
vt 0.838983 0.000000
vt 0.686441 0.000000
vt 0.840678 0.000000
vt 0.684746 0.000000
vt 0.842373 0.000000
vt 0.683051 0.000000
vt 0.844068 0.000000
vt 0.681356 0.000000
vt 0.845763 0.000000
vt 0.679661 0.000000
vt 0.677966 0.000000
vt 0.847458 0.000000
vt 0.676271 0.000000
vt 0.849153 0.000000
vt 0.674576 0.000000
vt 0.850847 0.000000
vt 0.672881 0.000000
vt 0.852542 0.000000
vt 0.671186 0.000000
vt 0.854237 0.000000
vt 0.669492 0.000000
vt 0.855932 0.000000
vt 0.667797 0.000000
vt 0.857627 0.000000
vt 0.859322 0.000000
vt 0.666102 0.000000
vt 0.664407 0.000000
vt 0.861017 0.000000
vt 0.662712 0.000000
vt 0.862712 0.000000
vt 0.661017 0.000000
vt 0.864407 0.000000
vt 0.659322 0.000000
vt 0.866102 0.000000
vt 0.867797 0.000000
vt 0.657627 0.000000
vt 0.869492 0.000000
vt 0.871186 0.000000
vt 0.872881 0.000000
vt 0.655932 0.000000
vt 0.654237 0.000000
vt 0.877966 0.000000
vt 0.876271 0.000000
vt 0.874576 0.000000
vt 0.879661 0.000000
vt 0.610169 0.000000
vt 0.608475 0.000000
vt 0.881356 0.000000
vt 0.611864 0.000000
vt 0.652542 0.000000
vt 0.613559 0.000000
vt 0.650847 0.000000
vt 0.615254 0.000000
vt 0.649153 0.000000
vt 0.616949 0.000000
vt 0.647458 0.000000
vt 0.618644 0.000000
vt 0.645763 0.000000
vt 0.644068 0.000000
vt 0.620339 0.000000
vt 0.622034 0.000000
vt 0.623729 0.000000
vt 0.625424 0.000000
vt 0.642373 0.000000
vt 0.640678 0.000000
vt 0.627119 0.000000
vt 0.638983 0.000000
vt 0.628814 0.000000
vt 0.637288 0.000000
vt 0.630508 0.000000
vt 0.635593 0.000000
vt 0.632203 0.000000
vt 0.633898 0.000000
vt 0.883051 0.000000
vt 0.884746 0.000000
vt 0.886441 0.000000
vt 0.888136 0.000000
vt 0.889831 0.000000
vt 0.606780 0.000000
vt 0.605085 0.000000
vt 0.891525 0.000000
vt 0.893220 0.000000
vt 0.894915 0.000000
vt 0.603390 0.000000
vt 0.896610 0.000000
vt 0.898305 0.000000
vt 0.900000 0.000000
vt 0.601695 0.000000
vt 0.600000 0.000000
vt 0.901695 0.000000
vt 0.903390 0.000000
vt 0.598305 0.000000
vt 0.905085 0.000000
vt 0.596610 0.000000
vt 0.906780 0.000000
vt 0.594915 0.000000
vt 0.908475 0.000000
vt 0.593220 0.000000
vt 0.910169 0.000000
vt 0.911864 0.000000
vt 0.591525 0.000000
vt 0.913559 0.000000
vt 0.589831 0.000000
vt 0.915254 0.000000
vt 0.588136 0.000000
vt 0.916949 0.000000
vt 0.586441 0.000000
vt 0.918644 0.000000
vt 0.584746 0.000000
vt 0.920339 0.000000
vt 0.583051 0.000000
vt 0.581356 0.000000
vt 0.922034 0.000000
vt 0.923729 0.000000
vt 0.579661 0.000000
vt 0.925424 0.000000
vt 0.927119 0.000000
vt 0.577966 0.000000
vt 0.576271 0.000000
vt 0.928814 0.000000
vt 0.574576 0.000000
vt 0.930508 0.000000
vt 0.572881 0.000000
vt 0.932203 0.000000
vt 0.933898 0.000000
vt 0.571186 0.000000
vt 0.935593 0.000000
vt 0.569492 0.000000
vt 0.937288 0.000000
vt 0.567797 0.000000
vt 0.938983 0.000000
vt 0.940678 0.000000
vt 0.566102 0.000000
vt 0.564407 0.000000
vt 0.942373 0.000000
vt 0.562712 0.000000
vt 0.944068 0.000000
vt 0.561017 0.000000
vt 0.945763 0.000000
vt 0.559322 0.000000
vt 0.947458 0.000000
vt 0.557627 0.000000
vt 0.949153 0.000000
vt 0.555932 0.000000
vt 0.950847 0.000000
vt 0.554237 0.000000
vt 0.952542 0.000000
vt 0.954237 0.000000
vt 0.552542 0.000000
vt 0.550847 0.000000
vt 0.955932 0.000000
vt 0.549153 0.000000
vt 0.957627 0.000000
vt 0.547458 0.000000
vt 0.959322 0.000000
vt 0.545763 0.000000
vt 0.961017 0.000000
vt 0.544068 0.000000
vt 0.962712 0.000000
vt 0.542373 0.000000
vt 0.964407 0.000000
vt 0.540678 0.000000
vt 0.966102 0.000000
vt 0.967797 0.000000
vt 0.538983 0.000000
vt 0.537288 0.000000
vt 0.969492 0.000000
vt 0.535593 0.000000
vt 0.971186 0.000000
vt 0.533898 0.000000
vt 0.972881 0.000000
vt 0.532203 0.000000
vt 0.974576 0.000000
vt 0.530508 0.000000
vt 0.976271 0.000000
vt 0.528814 0.000000
vt 0.977966 0.000000
vt 0.527119 0.000000
vt 0.979661 0.000000
vt 0.981356 0.000000
vt 0.525424 0.000000
vt 0.523729 0.000000
vt 0.983051 0.000000
vt 0.522034 0.000000
vt 0.984746 0.000000
vt 0.520339 0.000000
vt 0.986441 0.000000
vt 0.988136 0.000000
vt 0.518644 0.000000
vt 0.989830 0.000000
vt 0.516949 0.000000
vt 0.991525 0.000000
vt 0.515254 0.000000
vt 0.994915 0.000000
vt 0.993220 0.000000
vt 0.996610 0.000000
vt 0.998305 0.000000
vt 0.116949 0.000000
vt 0.411864 0.000000
vt 0.408475 0.000000
vt 0.410169 0.000000
vt 0.413559 0.000000
vt 0.415254 0.000000
vt 0.115254 0.000000
vt 0.416949 0.000000
vt 0.418644 0.000000
vt 0.113559 0.000000
vt 0.420339 0.000000
vt 0.111864 0.000000
vt 0.422034 0.000000
vt 0.110169 0.000000
vt 0.423729 0.000000
vt 0.108475 0.000000
vt 0.425424 0.000000
vt 0.106780 0.000000
vt 0.427119 0.000000
vt 0.105085 0.000000
vt 0.428814 0.000000
vt 0.103390 0.000000
vt 0.430508 0.000000
vt 0.101695 0.000000
vt 0.432203 0.000000
vt 0.100000 0.000000
vt 0.098305 0.000000
vt 0.433898 0.000000
vt 0.096610 0.000000
vt 0.435593 0.000000
vt 0.094915 0.000000
vt 0.437288 0.000000
vt 0.093220 0.000000
vt 0.438983 0.000000
vt 0.091525 0.000000
vt 0.440678 0.000000
vt 0.089831 0.000000
vt 0.088136 0.000000
vt 0.442373 0.000000
vt 0.086441 0.000000
vt 0.444068 0.000000
vt 0.084746 0.000000
vt 0.445763 0.000000
vt 0.083051 0.000000
vt 0.447458 0.000000
vt 0.081356 0.000000
vt 0.079661 0.000000
vt 0.077966 0.000000
vt 0.449153 0.000000
vt 0.450847 0.000000
vt 0.452542 0.000000
vt 0.074576 0.000000
vt 0.076271 0.000000
vt 0.072881 0.000000
vt 0.071186 0.000000
vt 0.454237 0.000000
vt 0.455932 0.000000
vt 0.069492 0.000000
vt 0.457627 0.000000
vt 0.067797 0.000000
vt 0.066102 0.000000
vt 0.064407 0.000000
vt 0.459322 0.000000
vt 0.461017 0.000000
vt 0.061017 0.000000
vt 0.062712 0.000000
vt 0.462712 0.000000
vt 0.059322 0.000000
vt 0.464407 0.000000
vt 0.057627 0.000000
vt 0.466102 0.000000
vt 0.055932 0.000000
vt 0.467797 0.000000
vt 0.054237 0.000000
vt 0.052542 0.000000
vt 0.469492 0.000000
vt 0.050847 0.000000
vt 0.471186 0.000000
vt 0.049153 0.000000
vt 0.472881 0.000000
vt 0.047458 0.000000
vt 0.045763 0.000000
vt 0.474576 0.000000
vt 0.044068 0.000000
vt 0.476271 0.000000
vt 0.042373 0.000000
vt 0.477966 0.000000
vt 0.040678 0.000000
vt 0.479661 0.000000
vt 0.038983 0.000000
vt 0.481356 0.000000
vt 0.037288 0.000000
vt 0.483051 0.000000
vt 0.035593 0.000000
vt 0.484746 0.000000
vt 0.033898 0.000000
vt 0.486441 0.000000
vt 0.032203 0.000000
vt 0.488136 0.000000
vt 0.030508 0.000000
vt 0.489830 0.000000
vt 0.028814 0.000000
vt 0.491525 0.000000
vt 0.027119 0.000000
vt 0.493220 0.000000
vt 0.025424 0.000000
vt 0.494915 0.000000
vt 0.496610 0.000000
vt 0.498305 0.000000
vt 0.023729 0.000000
vt 0.500000 0.000000
vt 0.501695 0.000000
s 0
f 2/1/1 4/2/1 1/2/1
f 1/2/2 3/3/2 2/1/2
f 1/2/3 6/3/3 3/3/3
f 4/2/4 5/1/4 6/3/4
f 3/3/5 7/4/5 10/4/5
f 5/1/4 7/4/4 6/3/4
f 8/5/4 9/6/4 7/4/4
f 5/1/4 8/5/4 7/4/4
f 10/4/6 9/6/6 12/6/6
f 2/1/7 3/3/7 10/4/7
f 11/5/7 10/4/7 12/6/7
f 2/1/7 10/4/7 11/5/7
f 11/5/7 12/6/7 13/7/7
f 13/7/7 12/6/7 14/8/7
f 12/6/8 17/8/8 14/8/8
f 14/8/9 18/9/9 15/9/9
f 16/10/7 14/8/7 15/9/7
f 13/7/7 14/8/7 16/10/7
f 19/7/4 17/8/4 9/6/4
f 20/10/4 18/9/4 17/8/4
f 19/7/4 20/10/4 17/8/4
f 16/10/10 19/7/10 13/7/10
f 24/11/11 20/10/11 16/10/11
f 20/10/4 21/11/4 18/9/4
f 25/12/12 21/11/12 24/11/12
f 21/11/4 22/12/4 23/13/4
f 21/11/4 23/13/4 18/9/4
f 16/10/7 15/9/7 24/11/7
f 24/11/7 26/13/7 25/12/7
f 24/11/7 15/9/7 26/13/7
f 15/9/13 23/13/13 26/13/13
f 25/12/7 26/13/7 27/14/7
f 26/13/14 29/14/14 27/14/14
f 25/12/7 27/14/7 28/15/7
f 27/14/15 30/15/15 28/15/15
f 22/12/4 29/14/4 23/13/4
f 22/12/4 30/15/4 29/14/4
f 22/12/4 31/16/4 30/15/4
f 31/16/4 32/17/4 30/15/4
f 28/15/16 32/17/16 35/17/16
f 35/17/17 33/18/17 36/18/17
f 34/19/4 33/18/4 32/17/4
f 31/16/4 34/19/4 32/17/4
f 37/16/7 28/15/7 35/17/7
f 38/19/7 35/17/7 36/18/7
f 37/16/7 35/17/7 38/19/7
f 38/19/18 31/16/18 37/16/18
f 39/20/19 34/19/19 38/19/19
f 38/19/7 36/18/7 39/20/7
f 40/21/20 42/20/20 39/20/20
f 39/20/7 41/22/7 40/21/7
f 39/20/7 36/18/7 41/22/7
f 34/19/4 42/20/4 33/18/4
f 42/20/4 43/21/4 44/22/4
f 42/20/4 44/22/4 33/18/4
f 43/21/4 45/23/4 44/22/4
f 41/22/21 45/23/21 48/23/21
f 36/18/22 44/22/22 41/22/22
f 43/21/4 46/24/4 45/23/4
f 46/24/4 47/25/4 45/23/4
f 48/23/23 47/25/23 50/25/23
f 40/21/7 41/22/7 48/23/7
f 40/21/7 48/23/7 49/24/7
f 49/24/7 48/23/7 50/25/7
f 50/25/24 64/26/24 51/26/24
f 52/27/7 50/25/7 51/26/7
f 49/24/7 50/25/7 52/27/7
f 52/27/25 46/24/25 49/24/25
f 53/28/26 58/27/26 52/27/26
f 52/27/7 54/29/7 53/28/7
f 52/27/7 55/30/7 54/29/7
f 52/27/7 56/31/7 55/30/7
f 52/27/7 57/32/7 56/31/7
f 52/27/7 51/26/7 57/32/7
f 46/24/4 58/27/4 47/25/4
f 58/27/4 64/26/4 47/25/4
f 58/27/4 59/28/4 60/29/4
f 58/27/4 60/29/4 61/30/4
f 58/27/4 61/30/4 62/31/4
f 58/27/4 62/31/4 63/32/4
f 58/27/4 63/32/4 64/26/4
f 63/32/4 65/33/4 64/26/4
f 65/33/4 66/34/4 64/26/4
f 66/34/4 67/35/4 64/26/4
f 67/35/4 68/36/4 64/26/4
f 51/26/27 68/36/27 72/36/27
f 67/35/4 71/37/4 68/36/4
f 72/36/28 69/38/28 74/38/28
f 70/39/4 69/38/4 68/36/4
f 71/37/4 70/39/4 68/36/4
f 73/35/7 72/36/7 76/37/7
f 73/35/7 51/26/7 72/36/7
f 75/39/7 72/36/7 74/38/7
f 76/37/7 72/36/7 75/39/7
f 76/37/29 67/35/29 73/35/29
f 75/39/30 71/37/30 76/37/30
f 77/40/31 70/39/31 75/39/31
f 75/39/7 74/38/7 77/40/7
f 78/41/32 79/40/32 77/40/32
f 77/40/7 74/38/7 78/41/7
f 70/39/4 79/40/4 69/38/4
f 79/40/4 80/41/4 69/38/4
f 88/42/33 80/41/33 78/41/33
f 80/41/4 81/42/4 82/43/4
f 80/41/4 82/43/4 69/38/4
f 85/43/34 83/44/34 86/44/34
f 84/45/4 83/44/4 82/43/4
f 81/42/4 84/45/4 82/43/4
f 74/38/35 82/43/35 85/43/35
f 78/41/7 74/38/7 85/43/7
f 78/41/7 85/43/7 88/42/7
f 87/45/7 85/43/7 86/44/7
f 88/42/7 85/43/7 87/45/7
f 87/45/36 81/42/36 88/42/36
f 87/45/7 86/44/7 89/46/7
f 89/46/37 84/45/37 87/45/37
f 90/47/38 92/46/38 89/46/38
f 89/46/7 91/48/7 90/47/7
f 89/46/7 86/44/7 91/48/7
f 84/45/4 92/46/4 83/44/4
f 92/46/4 93/47/4 94/48/4
f 92/46/4 94/48/4 83/44/4
f 91/48/39 95/49/39 98/49/39
f 93/47/4 95/49/4 94/48/4
f 86/44/40 94/48/40 91/48/40
f 98/49/41 96/50/41 99/50/41
f 97/51/4 96/50/4 95/49/4
f 93/47/4 97/51/4 95/49/4
f 90/47/7 91/48/7 98/49/7
f 100/51/7 98/49/7 99/50/7
f 90/47/7 98/49/7 100/51/7
f 100/51/7 99/50/7 101/52/7
f 100/51/42 93/47/42 90/47/42
f 101/52/43 97/51/43 100/51/43
f 101/52/7 102/53/7 103/54/7
f 101/52/7 99/50/7 102/53/7
f 103/54/44 104/52/44 101/52/44
f 97/51/4 104/52/4 96/50/4
f 104/52/4 106/54/4 105/53/4
f 104/52/4 105/53/4 96/50/4
f 106/54/4 108/55/4 105/53/4
f 114/56/45 106/54/45 103/54/45
f 106/54/4 107/56/4 108/55/4
f 111/55/46 109/57/46 112/57/46
f 110/58/4 109/57/4 108/55/4
f 107/56/4 110/58/4 108/55/4
f 102/53/47 108/55/47 111/55/47
f 103/54/7 111/55/7 114/56/7
f 103/54/7 102/53/7 111/55/7
f 113/58/7 111/55/7 112/57/7
f 114/56/7 111/55/7 113/58/7
f 113/58/48 107/56/48 114/56/48
f 115/59/49 110/58/49 113/58/49
f 113/58/7 112/57/7 115/59/7
f 115/59/7 116/60/7 117/61/7
f 115/59/7 112/57/7 116/60/7
f 117/61/50 118/59/50 115/59/50
f 110/58/4 118/59/4 109/57/4
f 118/59/4 120/61/4 119/60/4
f 118/59/4 119/60/4 109/57/4
f 126/62/51 120/61/51 117/61/51
f 120/61/4 121/62/4 122/63/4
f 120/61/4 122/63/4 119/60/4
f 124/63/52 123/64/52 125/64/52
f 121/62/4 123/64/4 122/63/4
f 116/60/53 122/63/53 124/63/53
f 117/61/7 116/60/7 124/63/7
f 117/61/7 124/63/7 126/62/7
f 126/62/7 124/63/7 125/64/7
f 126/62/7 125/64/7 127/65/7
f 127/65/54 121/62/54 126/62/54
f 127/65/7 125/64/7 129/66/7
f 128/67/55 130/65/55 127/65/55
f 127/65/7 129/66/7 128/67/7
f 121/62/4 130/65/4 123/64/4
f 130/65/4 132/66/4 123/64/4
f 130/65/4 131/67/4 132/66/4
f 125/64/56 132/66/56 129/66/56
f 131/67/4 133/68/4 132/66/4
f 129/66/57 133/68/57 136/68/57
f 131/67/4 134/69/4 133/68/4
f 134/69/4 135/70/4 133/68/4
f 136/68/58 135/70/58 138/70/58
f 128/67/7 136/68/7 137/69/7
f 128/67/7 129/66/7 136/68/7
f 137/69/7 136/68/7 138/70/7
f 137/69/7 138/70/7 139/71/7
f 139/71/7 138/70/7 140/72/7
f 138/70/59 143/72/59 140/72/59
f 139/71/7 140/72/7 142/73/7
f 140/72/60 145/74/60 141/74/60
f 142/73/7 140/72/7 141/74/7
f 144/71/4 146/73/4 143/72/4
f 144/71/4 143/72/4 135/70/4
f 146/73/4 145/74/4 143/72/4
f 142/73/61 144/71/61 139/71/61
f 146/73/4 147/75/4 145/74/4
f 150/75/62 146/73/62 142/73/62
f 147/75/4 148/76/4 145/74/4
f 147/75/4 149/77/4 148/76/4
f 152/77/63 147/75/63 150/75/63
f 142/73/7 141/74/7 150/75/7
f 150/75/7 141/74/7 151/76/7
f 150/75/7 151/76/7 152/77/7
f 153/78/64 149/77/64 152/77/64
f 152/77/7 154/79/7 153/78/7
f 152/77/7 151/76/7 154/79/7
f 154/79/65 157/80/65 155/80/65
f 153/78/7 154/79/7 155/80/7
f 151/76/66 156/79/66 154/79/66
f 149/77/4 156/79/4 148/76/4
f 149/77/4 158/78/4 156/79/4
f 158/78/4 157/80/4 156/79/4
f 158/78/4 159/81/4 157/80/4
f 162/81/67 158/78/67 153/78/67
f 159/81/4 161/82/4 157/80/4
f 162/81/68 160/83/68 159/81/68
f 159/81/4 160/83/4 161/82/4
f 153/78/7 155/80/7 162/81/7
f 162/81/7 155/80/7 164/82/7
f 162/81/7 164/82/7 163/83/7
f 155/80/69 161/82/69 164/82/69
f 163/83/7 164/82/7 165/84/7
f 164/82/70 168/84/70 165/84/70
f 163/83/7 165/84/7 166/85/7
f 166/85/7 165/84/7 167/86/7
f 165/84/71 170/86/71 167/86/71
f 160/83/4 169/85/4 168/84/4
f 160/83/4 168/84/4 161/82/4
f 169/85/4 170/86/4 168/84/4
f 169/85/4 171/87/4 170/86/4
f 171/87/4 172/88/4 170/86/4
f 167/86/72 172/88/72 175/88/72
f 171/87/4 174/89/4 172/88/4
f 175/88/73 173/90/73 177/90/73
f 174/89/4 173/90/4 172/88/4
f 176/87/7 175/88/7 178/89/7
f 176/87/7 167/86/7 175/88/7
f 178/89/7 175/88/7 177/90/7
f 178/89/74 171/87/74 176/87/74
f 178/89/7 177/90/7 179/91/7
f 179/91/75 174/89/75 178/89/75
f 179/91/7 177/90/7 180/92/7
f 179/91/7 180/92/7 181/93/7
f 181/93/76 182/91/76 179/91/76
f 174/89/4 182/91/4 173/90/4
f 182/91/4 183/92/4 173/90/4
f 182/91/4 184/93/4 183/92/4
f 190/94/77 184/93/77 181/93/77
f 184/93/4 185/94/4 186/95/4
f 184/93/4 186/95/4 183/92/4
f 188/95/78 187/96/78 189/96/78
f 185/94/4 187/96/4 186/95/4
f 180/92/79 186/95/79 188/95/79
f 181/93/7 180/92/7 188/95/7
f 181/93/7 188/95/7 190/94/7
f 190/94/7 188/95/7 189/96/7
f 190/94/7 189/96/7 191/97/7
f 191/97/80 185/94/80 190/94/80
f 191/97/7 189/96/7 193/98/7
f 192/99/81 194/97/81 191/97/81
f 191/97/7 193/98/7 192/99/7
f 185/94/4 194/97/4 187/96/4
f 194/97/4 196/98/4 187/96/4
f 194/97/4 195/99/4 196/98/4
f 189/96/82 196/98/82 193/98/82
f 195/99/4 197/100/4 196/98/4
f 193/98/83 197/100/83 200/100/83
f 195/99/4 198/101/4 197/100/4
f 198/101/4 199/102/4 197/100/4
f 200/100/84 199/102/84 202/102/84
f 192/99/7 200/100/7 201/101/7
f 192/99/7 193/98/7 200/100/7
f 201/101/7 200/100/7 202/102/7
f 201/101/7 202/102/7 203/103/7
f 203/103/7 202/102/7 204/104/7
f 204/104/7 202/102/7 205/105/7
f 202/102/85 208/105/85 205/105/85
f 204/104/7 205/105/7 207/106/7
f 205/105/86 210/107/86 206/107/86
f 207/106/7 205/105/7 206/107/7
f 209/104/4 211/106/4 208/105/4
f 209/104/4 208/105/4 199/102/4
f 211/106/4 210/107/4 208/105/4
f 207/106/87 209/104/87 204/104/87
f 211/106/4 212/108/4 210/107/4
f 215/108/88 211/106/88 207/106/88
f 212/108/4 214/109/4 210/107/4
f 216/110/89 212/108/89 215/108/89
f 212/108/4 213/110/4 214/109/4
f 207/106/7 206/107/7 215/108/7
f 215/108/7 206/107/7 217/109/7
f 215/108/7 217/109/7 216/110/7
f 206/107/90 214/109/90 217/109/90
f 216/110/7 217/109/7 218/111/7
f 217/109/91 222/111/91 218/111/91
f 216/110/7 218/111/7 221/112/7
f 218/111/92 223/113/92 219/113/92
f 220/114/7 218/111/7 219/113/7
f 221/112/7 218/111/7 220/114/7
f 213/110/4 222/111/4 214/109/4
f 213/110/4 225/112/4 222/111/4
f 224/114/4 223/113/4 222/111/4
f 225/112/4 224/114/4 222/111/4
f 221/112/93 213/110/93 216/110/93
f 220/114/94 225/112/94 221/112/94
f 229/115/95 224/114/95 220/114/95
f 224/114/4 226/115/4 223/113/4
f 226/115/4 228/116/4 227/117/4
f 226/115/4 227/117/4 223/113/4
f 231/116/96 226/115/96 229/115/96
f 220/114/7 219/113/7 229/115/7
f 229/115/7 230/117/7 231/116/7
f 229/115/7 219/113/7 230/117/7
f 231/116/7 230/117/7 232/118/7
f 232/118/97 228/116/97 231/116/97
f 232/118/7 233/119/7 235/120/7
f 232/118/7 234/121/7 233/119/7
f 232/118/7 230/117/7 234/121/7
f 235/120/98 236/118/98 232/118/98
f 228/116/4 236/118/4 227/117/4
f 236/118/4 239/120/4 237/119/4
f 236/118/4 237/119/4 238/121/4
f 236/118/4 238/121/4 227/117/4
f 239/120/4 241/122/4 237/119/4
f 245/123/99 239/120/99 235/120/99
f 239/120/4 240/123/4 241/122/4
f 243/122/100 242/124/100 244/124/100
f 240/123/4 242/124/4 241/122/4
f 233/119/101 241/122/101 243/122/101
f 235/120/7 243/122/7 245/123/7
f 235/120/7 233/119/7 243/122/7
f 245/123/7 243/122/7 244/124/7
f 245/123/7 244/124/7 246/125/7
f 246/125/102 240/123/102 245/123/102
f 246/125/7 244/124/7 248/126/7
f 247/127/103 249/125/103 246/125/103
f 246/125/7 248/126/7 247/127/7
f 240/123/4 249/125/4 242/124/4
f 249/125/4 251/126/4 242/124/4
f 249/125/4 250/127/4 251/126/4
f 244/124/104 251/126/104 248/126/104
f 250/127/4 252/128/4 251/126/4
f 248/126/105 252/128/105 255/128/105
f 250/127/4 254/129/4 252/128/4
f 255/128/106 253/130/106 256/130/106
f 254/129/4 253/130/4 252/128/4
f 247/127/7 248/126/7 255/128/7
f 247/127/7 255/128/7 257/129/7
f 257/129/7 255/128/7 256/130/7
f 257/129/107 250/127/107 247/127/107
f 257/129/7 256/130/7 258/131/7
f 258/131/108 254/129/108 257/129/108
f 258/131/7 256/130/7 260/132/7
f 258/131/7 259/133/7 261/134/7
f 258/131/7 260/132/7 259/133/7
f 261/134/109 262/131/109 258/131/109
f 254/129/4 262/131/4 253/130/4
f 262/131/4 264/132/4 253/130/4
f 262/131/4 265/134/4 263/133/4
f 262/131/4 263/133/4 264/132/4
f 265/134/4 267/135/4 266/136/4
f 265/134/4 266/136/4 263/133/4
f 270/135/110 265/134/110 261/134/110
f 267/135/4 269/137/4 266/136/4
f 272/138/111 267/135/111 270/135/111
f 267/135/4 268/138/4 269/137/4
f 261/134/7 271/136/7 270/135/7
f 270/135/7 271/136/7 273/137/7
f 270/135/7 273/137/7 272/138/7
f 274/139/112 269/137/112 277/139/112
f 272/138/7 273/137/7 274/139/7
f 273/137/113 266/136/113 269/137/113
f 274/139/114 278/140/114 275/140/114
f 276/141/7 274/139/7 275/140/7
f 272/138/7 274/139/7 276/141/7
f 268/138/4 277/139/4 269/137/4
f 279/141/4 278/140/4 277/139/4
f 268/138/4 279/141/4 277/139/4
f 283/142/115 279/141/115 276/141/115
f 279/141/4 280/142/4 278/140/4
f 276/141/116 268/138/116 272/138/116
f 284/143/117 280/142/117 283/142/117
f 280/142/4 281/143/4 282/144/4
f 280/142/4 282/144/4 278/140/4
f 276/141/7 275/140/7 283/142/7
f 283/142/7 285/144/7 284/143/7
f 283/142/7 275/140/7 285/144/7
f 285/144/118 290/145/118 286/145/118
f 284/143/7 285/144/7 286/145/7
f 285/144/119 278/140/119 282/144/119
f 286/145/120 291/146/120 287/146/120
f 288/147/7 286/145/7 287/146/7
f 289/148/7 286/145/7 288/147/7
f 284/143/7 286/145/7 289/148/7
f 281/143/4 290/145/4 282/144/4
f 292/147/4 291/146/4 290/145/4
f 293/148/4 292/147/4 290/145/4
f 281/143/4 293/148/4 290/145/4
f 289/148/121 281/143/121 284/143/121
f 288/147/122 293/148/122 289/148/122
f 292/147/4 294/149/4 291/146/4
f 297/149/123 292/147/123 288/147/123
f 294/149/4 296/150/4 295/151/4
f 294/149/4 295/151/4 291/146/4
f 299/150/124 294/149/124 297/149/124
f 288/147/7 287/146/7 297/149/7
f 297/149/7 298/151/7 299/150/7
f 297/149/7 287/146/7 298/151/7
f 299/150/7 300/152/7 301/153/7
f 299/150/7 298/151/7 300/152/7
f 301/153/125 296/150/125 299/150/125
f 301/153/7 300/152/7 302/154/7
f 302/154/126 303/153/126 301/153/126
f 296/150/4 303/153/4 304/152/4
f 303/153/4 305/154/4 304/152/4
f 313/155/127 305/154/127 302/154/127
f 305/154/4 306/155/4 307/156/4
f 305/154/4 307/156/4 304/152/4
f 310/156/128 308/157/128 311/157/128
f 309/158/4 308/157/4 307/156/4
f 306/155/4 309/158/4 307/156/4
f 300/152/129 307/156/129 310/156/129
f 302/154/7 300/152/7 310/156/7
f 302/154/7 310/156/7 313/155/7
f 312/158/7 310/156/7 311/157/7
f 313/155/7 310/156/7 312/158/7
f 312/158/130 306/155/130 313/155/130
f 314/159/131 309/158/131 312/158/131
f 312/158/7 311/157/7 314/159/7
f 315/160/132 316/159/132 314/159/132
f 314/159/7 311/157/7 315/160/7
f 309/158/4 316/159/4 308/157/4
f 316/159/4 317/160/4 308/157/4
f 321/161/133 317/160/133 315/160/133
f 317/160/4 318/161/4 308/157/4
f 322/162/134 318/161/134 321/161/134
f 319/162/4 320/163/4 318/161/4
f 318/161/4 320/163/4 308/157/4
f 315/160/7 311/157/7 321/161/7
f 322/162/7 321/161/7 323/163/7
f 321/161/7 311/157/7 323/163/7
f 323/163/135 331/164/135 324/164/135
f 325/165/7 323/163/7 324/164/7
f 322/162/7 323/163/7 325/165/7
f 311/157/136 320/163/136 323/163/136
f 325/165/137 329/166/137 326/166/137
f 326/166/7 322/162/7 325/165/7
f 327/167/138 328/165/138 325/165/138
f 325/165/7 324/164/7 327/167/7
f 319/162/4 328/165/4 320/163/4
f 328/165/4 331/164/4 320/163/4
f 329/166/4 328/165/4 319/162/4
f 328/165/4 330/167/4 331/164/4
f 330/167/4 332/168/4 331/164/4
f 332/168/4 333/169/4 331/164/4
f 324/164/139 333/169/139 336/169/139
f 332/168/4 335/170/4 333/169/4
f 336/169/140 334/171/140 338/171/140
f 335/170/4 334/171/4 333/169/4
f 337/168/7 324/164/7 336/169/7
f 337/168/7 336/169/7 339/170/7
f 339/170/7 336/169/7 338/171/7
f 337/168/7 339/170/7 344/172/7
f 339/170/7 338/171/7 340/173/7
f 341/174/7 339/170/7 340/173/7
f 342/175/7 339/170/7 341/174/7
f 343/176/7 339/170/7 342/175/7
f 344/172/7 339/170/7 343/176/7
f 344/172/141 332/168/141 337/168/141
f 343/176/142 345/172/142 344/172/142
f 332/168/4 345/172/4 335/170/4
f 345/172/4 346/176/4 335/170/4
f 342/175/143 346/176/143 343/176/143
f 346/176/4 347/175/4 335/170/4
f 347/175/4 349/177/4 348/174/4
f 347/175/4 348/174/4 335/170/4
f 342/175/144 349/177/144 347/175/144
f 349/177/4 350/178/4 348/174/4
f 351/177/145 350/178/145 349/177/145
f 351/177/7 341/174/7 352/178/7
f 342/175/7 341/174/7 351/177/7
f 352/178/7 341/174/7 353/179/7
f 352/178/146 358/179/146 350/178/146
f 341/174/7 357/2/7 353/179/7
f 354/180/147 358/181/147 353/181/147
f 353/181/7 355/182/7 354/180/7
f 353/181/7 356/2/7 355/182/7
f 357/2/7 356/183/7 353/179/7
f 348/174/4 358/179/4 362/2/4
f 350/178/4 358/179/4 348/174/4
f 358/181/4 359/180/4 360/182/4
f 358/181/4 360/182/4 361/2/4
f 362/2/4 358/179/4 361/183/4
f 363/184/4 362/185/4 365/186/4
f 362/2/4 363/173/4 348/174/4
f 362/185/4 361/183/4 364/187/4
f 362/185/4 364/187/4 365/186/4
f 340/184/148 365/186/148 366/186/148
f 367/187/149 365/186/149 364/187/149
f 340/184/7 366/186/7 357/185/7
f 357/185/7 366/186/7 367/187/7
f 357/185/7 367/187/7 356/183/7
f 356/183/7 367/187/7 368/188/7
f 367/187/150 374/188/150 368/188/150
f 356/183/7 368/188/7 373/189/7
f 368/188/151 375/190/151 369/190/151
f 370/191/7 368/188/7 369/190/7
f 371/192/152 368/188/152 370/191/152
f 372/193/7 368/188/7 371/192/7
f 373/189/7 368/188/7 372/193/7
f 361/183/4 374/188/4 364/187/4
f 361/183/4 379/189/4 374/188/4
f 376/191/4 375/190/4 374/188/4
f 377/192/4 376/191/4 374/188/4
f 378/193/4 377/192/4 374/188/4
f 379/189/4 378/193/4 374/188/4
f 361/2/4 360/182/4 379/189/4
f 379/189/4 380/194/4 378/193/4
f 378/193/4 381/195/4 377/192/4
f 360/182/4 359/180/4 380/194/4
f 380/194/4 359/180/4 381/195/4
f 381/195/4 359/180/4 382/196/4
f 382/196/4 377/192/4 381/195/4
f 382/196/4 359/180/4 383/197/4
f 383/197/4 376/191/4 382/196/4
f 383/197/153 359/180/153 384/198/153
f 376/191/4 383/197/4 384/198/4
f 384/198/4 386/199/4 375/190/4
f 376/191/4 384/198/4 375/190/4
f 359/180/4 385/200/4 384/198/4
f 387/198/154 385/200/154 389/200/154
f 390/199/155 384/198/155 387/198/155
f 370/191/7 387/198/7 388/197/7
f 388/197/153 387/198/153 354/180/153
f 387/198/7 369/190/7 390/199/7
f 370/191/2 369/190/2 387/198/2
f 354/180/7 387/198/7 389/200/7
f 390/199/7 369/190/7 391/201/7
f 391/201/156 386/199/156 390/199/156
f 391/201/7 369/190/7 392/202/7
f 392/202/157 393/201/157 391/201/157
f 386/199/4 393/201/4 375/190/4
f 393/201/4 394/202/4 375/190/4
f 392/202/158 395/203/158 394/202/158
f 394/202/4 395/203/4 375/190/4
f 395/203/4 397/204/4 375/190/4
f 398/203/159 396/205/159 395/203/159
f 395/203/4 396/205/4 397/204/4
f 392/202/7 369/190/7 398/203/7
f 398/203/7 369/190/7 400/204/7
f 398/203/7 400/204/7 399/205/7
f 401/206/160 397/204/160 406/206/160
f 402/207/7 400/204/7 401/206/7
f 399/205/7 400/204/7 402/207/7
f 369/190/161 397/204/161 400/204/161
f 402/207/162 396/205/162 399/205/162
f 403/208/163 404/207/163 402/207/163
f 402/207/7 401/206/7 403/208/7
f 396/205/4 404/207/4 397/204/4
f 404/207/4 406/206/4 397/204/4
f 404/207/4 405/208/4 406/206/4
f 405/208/4 407/209/4 406/206/4
f 411/209/164 406/206/164 407/209/164
f 405/208/4 410/210/4 407/209/4
f 411/209/165 408/211/165 412/211/165
f 409/212/4 408/211/4 407/209/4
f 410/210/4 409/212/4 407/209/4
f 403/208/7 401/206/7 411/209/7
f 403/208/7 411/209/7 414/210/7
f 413/212/7 411/209/7 412/211/7
f 414/210/7 411/209/7 413/212/7
f 414/210/166 405/208/166 403/208/166
f 413/212/167 410/210/167 414/210/167
f 413/212/7 412/211/7 415/213/7
f 415/213/168 409/212/168 413/212/168
f 415/213/7 416/214/7 417/215/7
f 415/213/7 412/211/7 416/214/7
f 417/215/169 418/213/169 415/213/169
f 409/212/4 418/213/4 408/211/4
f 418/213/4 420/215/4 419/214/4
f 418/213/4 419/214/4 408/211/4
f 426/216/170 420/215/170 417/215/170
f 420/215/4 421/216/4 422/217/4
f 420/215/4 422/217/4 419/214/4
f 424/217/171 423/218/171 425/218/171
f 421/216/4 423/218/4 422/217/4
f 416/214/172 422/217/172 424/217/172
f 417/215/7 416/214/7 424/217/7
f 417/215/7 424/217/7 426/216/7
f 426/216/7 424/217/7 425/218/7
f 426/216/7 425/218/7 427/219/7
f 427/219/173 421/216/173 426/216/173
f 427/219/7 425/218/7 428/220/7
f 428/220/174 429/219/174 427/219/174
f 421/216/4 429/219/4 423/218/4
f 429/219/4 430/220/4 423/218/4
f 430/220/4 431/221/4 423/218/4
f 430/220/4 432/222/4 431/221/4
f 435/222/175 430/220/175 428/220/175
f 432/222/4 434/223/4 431/221/4
f 437/224/176 432/222/176 435/222/176
f 432/222/4 433/224/4 434/223/4
f 428/220/7 436/221/7 435/222/7
f 435/222/7 436/221/7 438/223/7
f 435/222/7 438/223/7 437/224/7
f 438/223/177 442/225/177 439/225/177
f 437/224/7 438/223/7 439/225/7
f 436/221/178 434/223/178 438/223/178
f 439/225/179 443/226/179 440/226/179
f 441/227/7 439/225/7 440/226/7
f 437/224/7 439/225/7 441/227/7
f 433/224/4 442/225/4 434/223/4
f 444/227/4 443/226/4 442/225/4
f 433/224/4 444/227/4 442/225/4
f 444/227/4 445/228/4 443/226/4
f 441/227/180 433/224/180 437/224/180
f 448/228/181 444/227/181 441/227/181
f 445/228/4 447/229/4 446/230/4
f 445/228/4 446/230/4 443/226/4
f 450/229/182 445/228/182 448/228/182
f 441/227/7 440/226/7 448/228/7
f 448/228/7 449/230/7 450/229/7
f 448/228/7 440/226/7 449/230/7
f 451/231/183 447/229/183 450/229/183
f 450/229/7 452/232/7 451/231/7
f 450/229/7 449/230/7 452/232/7
f 452/232/184 455/233/184 453/233/184
f 451/231/7 452/232/7 453/233/7
f 449/230/185 454/232/185 452/232/185
f 447/229/4 454/232/4 446/230/4
f 447/229/4 456/231/4 454/232/4
f 456/231/4 455/233/4 454/232/4
f 456/231/4 457/234/4 455/233/4
f 459/234/186 456/231/186 451/231/186
f 457/234/4 458/235/4 455/233/4
f 460/235/187 457/234/187 459/234/187
f 451/231/7 453/233/7 459/234/7
f 459/234/7 453/233/7 460/235/7
f 460/235/7 453/233/7 461/236/7
f 460/235/7 461/236/7 462/237/7
f 462/237/188 458/235/188 460/235/188
f 462/237/7 463/238/7 464/239/7
f 462/237/7 461/236/7 463/238/7
f 464/239/189 465/237/189 462/237/189
f 458/235/4 465/237/4 467/236/4
f 465/237/4 468/239/4 466/238/4
f 465/237/4 466/238/4 467/236/4
f 468/239/4 470/240/4 466/238/4
f 474/241/190 468/239/190 464/239/190
f 468/239/4 469/241/4 470/240/4
f 472/240/191 471/242/191 473/242/191
f 469/241/4 471/242/4 470/240/4
f 463/238/192 470/240/192 472/240/192
f 464/239/7 472/240/7 474/241/7
f 464/239/7 463/238/7 472/240/7
f 474/241/7 472/240/7 473/242/7
f 474/241/7 473/242/7 475/243/7
f 475/243/193 469/241/193 474/241/193
f 475/243/7 473/242/7 476/244/7
f 475/243/7 476/244/7 477/245/7
f 477/245/194 478/243/194 475/243/194
f 469/241/4 478/243/4 471/242/4
f 478/243/4 479/244/4 471/242/4
f 478/243/4 480/245/4 479/244/4
f 486/246/195 480/245/195 477/245/195
f 480/245/4 481/246/4 482/247/4
f 480/245/4 482/247/4 479/244/4
f 484/247/196 483/248/196 485/248/196
f 481/246/4 483/248/4 482/247/4
f 476/244/197 482/247/197 484/247/197
f 477/245/7 476/244/7 484/247/7
f 477/245/7 484/247/7 486/246/7
f 486/246/7 484/247/7 485/248/7
f 486/246/7 485/248/7 487/249/7
f 487/249/198 481/246/198 486/246/198
f 487/249/7 485/248/7 488/250/7
f 488/250/199 489/249/199 487/249/199
f 481/246/4 489/249/4 483/248/4
f 489/249/4 490/250/4 483/248/4
f 490/250/4 491/251/4 483/248/4
f 490/250/4 492/252/4 491/251/4
f 495/252/200 490/250/200 488/250/200
f 492/252/4 494/253/4 493/254/4
f 492/252/4 493/254/4 491/251/4
f 498/253/201 492/252/201 495/252/201
f 488/250/7 497/251/7 495/252/7
f 495/252/7 496/254/7 498/253/7
f 495/252/7 497/251/7 496/254/7
f 498/253/7 499/255/7 500/256/7
f 498/253/7 496/254/7 499/255/7
f 500/256/202 494/253/202 498/253/202
f 500/256/7 499/255/7 502/257/7
f 501/258/203 503/256/203 500/256/203
f 500/256/7 502/257/7 501/258/7
f 494/253/4 503/256/4 504/255/4
f 503/256/4 506/257/4 504/255/4
f 503/256/4 505/258/4 506/257/4
f 502/257/204 507/259/204 510/259/204
f 505/258/4 507/259/4 506/257/4
f 499/255/205 506/257/205 502/257/205
f 510/259/206 508/260/206 511/260/206
f 509/261/4 508/260/4 507/259/4
f 505/258/4 509/261/4 507/259/4
f 501/258/7 502/257/7 510/259/7
f 512/261/7 510/259/7 511/260/7
f 501/258/7 510/259/7 512/261/7
f 513/262/207 509/261/207 512/261/207
f 512/261/7 511/260/7 513/262/7
f 512/261/208 505/258/208 501/258/208
f 514/263/209 516/262/209 513/262/209
f 513/262/7 515/264/7 514/263/7
f 513/262/7 511/260/7 515/264/7
f 509/261/4 516/262/4 508/260/4
f 516/262/4 517/263/4 518/264/4
f 516/262/4 518/264/4 508/260/4
f 515/264/210 519/265/210 524/265/210
f 520/266/4 519/265/4 518/264/4
f 517/263/4 520/266/4 518/264/4
f 511/260/211 518/264/211 515/264/211
f 522/266/212 517/263/212 514/263/212
f 523/267/213 520/266/213 522/266/213
f 520/266/4 521/267/4 519/265/4
f 514/263/7 515/264/7 522/266/7
f 522/266/7 515/264/7 524/265/7
f 522/266/7 524/265/7 523/267/7
f 523/267/7 524/265/7 525/268/7
f 524/265/214 528/268/214 525/268/214
f 523/267/7 525/268/7 526/269/7
f 526/269/7 525/268/7 527/270/7
f 525/268/215 530/270/215 527/270/215
f 521/267/4 529/269/4 528/268/4
f 521/267/4 528/268/4 519/265/4
f 529/269/4 530/270/4 528/268/4
f 529/269/4 531/271/4 530/270/4
f 531/271/4 532/272/4 530/270/4
f 527/270/216 532/272/216 536/272/216
f 531/271/4 533/273/4 532/272/4
f 533/273/4 534/274/4 532/272/4
f 534/274/4 535/275/4 532/272/4
f 536/272/217 535/275/217 540/275/217
f 537/271/7 536/272/7 538/273/7
f 537/271/7 527/270/7 536/272/7
f 538/273/7 536/272/7 539/274/7
f 539/274/7 536/272/7 540/275/7
f 539/274/7 540/275/7 542/276/7
f 540/275/218 545/277/218 541/277/218
f 542/276/7 540/275/7 541/277/7
f 542/276/219 534/274/219 539/274/219
f 542/276/7 541/277/7 543/278/7
f 543/278/220 544/276/220 542/276/220
f 534/274/4 544/276/4 535/275/4
f 544/276/4 545/277/4 535/275/4
f 544/276/4 546/278/4 545/277/4
f 546/278/4 548/279/4 545/277/4
f 552/280/221 546/278/221 543/278/221
f 546/278/4 547/280/4 548/279/4
f 541/277/222 548/279/222 551/279/222
f 547/280/4 549/281/4 548/279/4
f 549/281/4 550/282/4 548/279/4
f 551/279/223 550/282/223 554/282/223
f 543/278/7 541/277/7 551/279/7
f 543/278/7 551/279/7 552/280/7
f 552/280/7 551/279/7 553/281/7
f 553/281/7 551/279/7 554/282/7
f 553/281/7 554/282/7 556/283/7
f 554/282/224 559/284/224 555/284/224
f 556/283/7 554/282/7 555/284/7
f 556/283/225 549/281/225 553/281/225
f 556/283/7 555/284/7 557/285/7
f 557/285/226 558/283/226 556/283/226
f 549/281/4 558/283/4 550/282/4
f 558/283/4 559/284/4 550/282/4
f 558/283/4 560/285/4 559/284/4
f 560/285/4 562/286/4 559/284/4
f 560/285/4 563/287/4 561/288/4
f 560/285/4 561/288/4 562/286/4
f 566/287/227 560/285/227 557/285/227
f 563/287/4 565/289/4 564/290/4
f 563/287/4 564/290/4 561/288/4
f 569/289/228 563/287/228 566/287/228
f 557/285/7 568/288/7 566/287/7
f 566/287/7 567/290/7 569/289/7
f 566/287/7 568/288/7 567/290/7
f 570/291/229 565/289/229 569/289/229
f 569/289/7 571/292/7 570/291/7
f 569/289/7 567/290/7 571/292/7
f 571/292/230 574/293/230 572/293/230
f 570/291/7 571/292/7 572/293/7
f 567/290/231 573/292/231 571/292/231
f 565/289/4 573/292/4 564/290/4
f 565/289/4 575/291/4 573/292/4
f 575/291/4 574/293/4 573/292/4
f 575/291/4 576/294/4 574/293/4
f 579/294/232 575/291/232 570/291/232
f 576/294/4 578/295/4 574/293/4
f 580/296/233 576/294/233 579/294/233
f 576/294/4 577/296/4 578/295/4
f 570/291/7 572/293/7 579/294/7
f 579/294/7 572/293/7 581/295/7
f 579/294/7 581/295/7 580/296/7
f 572/293/234 578/295/234 581/295/234
f 580/296/7 581/295/7 582/297/7
f 581/295/235 585/297/235 582/297/235
f 580/296/7 582/297/7 584/298/7
f 582/297/236 586/299/236 583/299/236
f 584/298/7 582/297/7 583/299/7
f 577/296/4 585/297/4 578/295/4
f 577/296/4 587/298/4 585/297/4
f 587/298/4 586/299/4 585/297/4
f 584/298/237 577/296/237 580/296/237
f 587/298/4 588/300/4 586/299/4
f 591/300/238 587/298/238 584/298/238
f 588/300/4 589/301/4 586/299/4
f 588/300/4 590/302/4 589/301/4
f 593/302/239 588/300/239 591/300/239
f 584/298/7 583/299/7 591/300/7
f 591/300/7 583/299/7 592/301/7
f 591/300/7 592/301/7 593/302/7
f 593/302/7 594/303/7 595/304/7
f 593/302/7 592/301/7 594/303/7
f 595/304/240 590/302/240 593/302/240
f 595/304/7 596/305/7 597/306/7
f 595/304/7 594/303/7 596/305/7
f 597/306/241 598/304/241 595/304/241
f 590/302/4 598/304/4 600/303/4
f 598/304/4 601/306/4 599/305/4
f 598/304/4 599/305/4 600/303/4
f 607/307/242 601/306/242 597/306/242
f 601/306/4 602/307/4 603/308/4
f 601/306/4 603/308/4 599/305/4
f 605/308/243 604/309/243 606/309/243
f 602/307/4 604/309/4 603/308/4
f 596/305/244 603/308/244 605/308/244
f 597/306/7 596/305/7 605/308/7
f 597/306/7 605/308/7 607/307/7
f 607/307/7 605/308/7 606/309/7
f 607/307/7 606/309/7 608/310/7
f 608/310/245 602/307/245 607/307/245
f 608/310/7 606/309/7 610/311/7
f 609/312/246 611/310/246 608/310/246
f 608/310/7 610/311/7 609/312/7
f 602/307/4 611/310/4 604/309/4
f 611/310/4 613/311/4 604/309/4
f 611/310/4 612/312/4 613/311/4
f 606/309/247 613/311/247 610/311/247
f 612/312/4 614/313/4 613/311/4
f 610/311/248 614/313/248 617/313/248
f 612/312/4 616/314/4 614/313/4
f 617/313/249 615/315/249 618/315/249
f 616/314/4 615/315/4 614/313/4
f 609/312/7 610/311/7 617/313/7
f 609/312/7 617/313/7 619/314/7
f 619/314/7 617/313/7 618/315/7
f 619/314/250 612/312/250 609/312/250
f 619/314/7 618/315/7 620/316/7
f 620/316/251 616/314/251 619/314/251
f 620/316/7 618/315/7 621/317/7
f 621/317/252 622/316/252 620/316/252
f 616/314/4 622/316/4 615/315/4
f 622/316/4 623/317/4 615/315/4
f 623/317/4 624/318/4 615/315/4
f 623/317/4 625/319/4 624/318/4
f 627/319/253 623/317/253 621/317/253
f 625/319/4 626/320/4 624/318/4
f 629/320/254 625/319/254 627/319/254
f 621/317/7 628/318/7 627/319/7
f 627/319/7 628/318/7 629/320/7
f 630/321/255 626/320/255 629/320/255
f 629/320/7 631/322/7 630/321/7
f 629/320/7 628/318/7 631/322/7
f 631/322/256 637/323/256 632/323/256
f 633/324/7 631/322/7 632/323/7
f 634/325/7 631/322/7 633/324/7
f 635/326/7 631/322/7 634/325/7
f 630/321/7 631/322/7 635/326/7
f 628/318/257 636/322/257 631/322/257
f 626/320/4 636/322/4 624/318/4
f 626/320/4 641/321/4 636/322/4
f 638/324/4 637/323/4 636/322/4
f 639/325/4 638/324/4 636/322/4
f 640/326/4 639/325/4 636/322/4
f 641/321/4 640/326/4 636/322/4
f 635/326/258 641/321/258 630/321/258
f 634/325/259 640/326/259 635/326/259
f 633/324/260 639/325/260 634/325/260
f 638/324/261 642/327/261 637/323/261
f 646/327/262 638/324/262 633/324/262
f 642/327/4 645/328/4 637/323/4
f 643/329/4 645/328/4 642/327/4
f 643/329/4 642/327/4 644/330/4
f 648/330/263 642/327/263 646/327/263
f 633/324/7 632/323/7 646/327/7
f 646/327/7 632/323/7 649/328/7
f 647/329/7 646/327/7 649/328/7
f 647/329/264 648/330/264 646/327/264
f 649/328/265 643/329/265 647/329/265
f 650/331/266 645/328/266 649/328/266
f 649/328/7 651/332/7 650/331/7
f 649/328/7 632/323/7 651/332/7
f 652/333/7 651/332/7 653/334/7
f 650/331/7 651/332/7 652/333/7
f 651/332/267 656/334/267 653/334/267
f 632/323/268 654/332/268 651/332/268
f 645/328/4 654/332/4 637/323/4
f 645/328/4 657/331/4 654/332/4
f 655/333/4 656/334/4 654/332/4
f 657/331/4 655/333/4 654/332/4
f 652/333/269 657/331/269 650/331/269
f 655/333/4 658/335/4 656/334/4
f 658/335/4 659/336/4 656/334/4
f 653/334/270 659/336/270 662/336/270
f 658/335/4 660/337/4 659/336/4
f 660/337/4 661/338/4 659/336/4
f 662/336/271 661/338/271 665/338/271
f 663/335/7 653/334/7 662/336/7
f 663/335/7 662/336/7 664/337/7
f 664/337/7 662/336/7 665/338/7
f 664/337/7 665/338/7 666/339/7
f 666/339/7 665/338/7 667/340/7
f 665/338/272 670/340/272 667/340/272
f 667/340/273 671/341/273 668/341/273
f 669/342/7 667/340/7 668/341/7
f 666/339/7 667/340/7 669/342/7
f 672/339/4 670/340/4 661/338/4
f 673/342/4 671/341/4 670/340/4
f 672/339/4 673/342/4 670/340/4
f 669/342/274 672/339/274 666/339/274
f 676/343/275 673/342/275 669/342/275
f 673/342/4 674/343/4 671/341/4
f 677/344/276 674/343/276 676/343/276
f 674/343/4 675/344/4 671/341/4
f 669/342/7 668/341/7 676/343/7
f 676/343/7 668/341/7 677/344/7
f 678/345/277 675/344/277 677/344/277
f 677/344/7 679/346/7 678/345/7
f 677/344/7 668/341/7 679/346/7
f 679/346/278 682/347/278 680/347/278
f 678/345/7 679/346/7 680/347/7
f 668/341/279 681/346/279 679/346/279
f 675/344/4 681/346/4 671/341/4
f 675/344/4 683/345/4 681/346/4
f 683/345/4 682/347/4 681/346/4
f 683/345/4 684/348/4 682/347/4
f 687/348/280 683/345/280 678/345/280
f 684/348/4 685/349/4 682/347/4
f 684/348/4 686/350/4 685/349/4
f 689/350/281 684/348/281 687/348/281
f 687/348/7 680/347/7 688/349/7
f 678/345/7 680/347/7 687/348/7
f 687/348/7 688/349/7 689/350/7
f 689/350/7 688/349/7 690/351/7
f 689/350/7 690/351/7 691/352/7
f 691/352/282 686/350/282 689/350/282
f 691/352/7 690/351/7 692/353/7
f 691/352/7 692/353/7 693/354/7
f 693/354/283 694/352/283 691/352/283
f 694/352/4 696/353/4 695/351/4
f 686/350/4 694/352/4 695/351/4
f 694/352/4 697/354/4 696/353/4
f 697/354/284 698/355/284 696/353/284
f 699/355/285 697/354/285 693/354/285
f 692/353/286 698/355/286 699/355/286
f 693/354/7 692/353/7 699/355/7
f 690/351/287 696/353/287 692/353/287
f 688/349/288 695/351/288 690/351/288
f 686/350/4 695/351/4 685/349/4
f 680/347/289 685/349/289 688/349/289
f 660/337/4 672/339/4 661/338/4
f 666/339/290 660/337/290 664/337/290
f 664/337/291 658/335/291 663/335/291
f 652/333/7 653/334/7 663/335/7
f 663/335/292 655/333/292 652/333/292
f 647/329/7 700/356/7 648/330/7
f 700/356/293 644/330/293 648/330/293
f 647/329/7 701/357/7 700/356/7
f 701/357/294 702/356/294 700/356/294
f 643/329/4 644/330/4 702/356/4
f 643/329/4 702/356/4 703/357/4
f 706/358/295 703/357/295 701/357/295
f 643/329/4 703/357/4 704/358/4
f 707/359/296 704/358/296 706/358/296
f 643/329/4 704/358/4 705/359/4
f 647/329/7 706/358/7 701/357/7
f 647/329/7 707/359/7 706/358/7
f 708/360/297 705/359/297 707/359/297
f 709/361/7 708/360/7 707/359/7
f 709/361/7 707/359/7 647/329/7
f 709/361/298 713/362/298 710/362/298
f 710/362/7 711/363/7 709/361/7
f 647/329/299 712/361/299 709/361/299
f 709/361/7 711/363/7 708/360/7
f 712/361/4 643/329/4 705/359/4
f 712/361/4 705/359/4 714/360/4
f 713/362/4 712/361/4 715/363/4
f 712/361/4 714/360/4 715/363/4
f 711/363/300 714/360/300 708/360/300
f 713/362/4 715/363/4 716/364/4
f 718/364/301 715/363/301 711/363/301
f 713/362/4 716/364/4 717/365/4
f 719/365/302 716/364/302 718/364/302
f 710/362/7 718/364/7 711/363/7
f 710/362/7 719/365/7 718/364/7
f 720/366/7 719/365/7 710/362/7
f 720/366/7 721/367/7 719/365/7
f 721/367/303 717/365/303 719/365/303
f 720/366/7 722/368/7 721/367/7
f 722/368/304 723/367/304 721/367/304
f 724/366/4 717/365/4 723/367/4
f 724/366/4 723/367/4 725/368/4
f 731/369/305 725/368/305 722/368/305
f 727/370/4 725/368/4 726/369/4
f 727/370/4 724/366/4 725/368/4
f 729/370/306 728/371/306 730/371/306
f 728/371/4 727/370/4 726/369/4
f 720/366/307 727/370/307 729/370/307
f 729/370/7 722/368/7 720/366/7
f 729/370/7 731/369/7 722/368/7
f 730/371/7 731/369/7 729/370/7
f 730/371/7 732/372/7 731/369/7
f 732/372/308 726/369/308 731/369/308
f 730/371/7 733/373/7 732/372/7
f 733/373/309 734/372/309 732/372/309
f 728/371/4 734/372/4 735/373/4
f 728/371/4 726/369/4 734/372/4
f 736/374/4 728/371/4 735/373/4
f 736/374/4 735/373/4 737/375/4
f 740/375/310 735/373/310 733/373/310
f 739/376/4 736/374/4 737/375/4
f 742/377/311 737/375/311 740/375/311
f 739/376/4 737/375/4 738/377/4
f 741/374/7 740/375/7 733/373/7
f 743/376/7 740/375/7 741/374/7
f 743/376/7 742/377/7 740/375/7
f 741/374/312 739/376/312 743/376/312
f 744/378/7 742/377/7 743/376/7
f 743/376/313 747/378/313 744/378/313
f 744/378/7 745/379/7 742/377/7
f 746/380/7 745/379/7 744/378/7
f 744/378/314 749/380/314 746/380/314
f 747/378/4 739/376/4 738/377/4
f 747/378/4 738/377/4 748/379/4
f 749/380/4 747/378/4 748/379/4
f 749/380/4 748/379/4 750/381/4
f 749/380/4 750/381/4 751/382/4
f 752/383/4 749/380/4 751/382/4
f 746/380/315 752/383/315 755/383/315
f 752/383/4 751/382/4 754/384/4
f 755/383/316 753/385/316 757/385/316
f 753/385/4 752/383/4 754/384/4
f 755/383/7 756/382/7 746/380/7
f 755/383/7 758/384/7 756/382/7
f 757/385/7 758/384/7 755/383/7
f 758/384/317 751/382/317 756/382/317
f 757/385/7 759/386/7 758/384/7
f 759/386/318 754/384/318 758/384/318
f 760/387/7 759/386/7 757/385/7
f 760/387/7 761/388/7 759/386/7
f 761/388/319 762/386/319 759/386/319
f 753/385/4 754/384/4 762/386/4
f 763/387/4 753/385/4 762/386/4
f 763/387/4 762/386/4 764/388/4
f 765/389/4 763/387/4 764/388/4
f 765/389/4 764/388/4 766/390/4
f 769/390/320 764/388/320 761/388/320
f 768/391/4 765/389/4 766/390/4
f 771/392/321 766/390/321 769/390/321
f 768/391/4 766/390/4 767/392/4
f 770/389/7 769/390/7 761/388/7
f 772/391/7 769/390/7 770/389/7
f 772/391/7 771/392/7 769/390/7
f 772/391/322 776/393/322 773/393/322
f 773/393/7 771/392/7 772/391/7
f 770/389/323 768/391/323 772/391/323
f 773/393/324 777/394/324 774/394/324
f 774/394/7 775/395/7 773/393/7
f 773/393/7 775/395/7 771/392/7
f 776/393/4 768/391/4 767/392/4
f 777/394/4 776/393/4 778/395/4
f 776/393/4 767/392/4 778/395/4
f 775/395/325 767/392/325 771/392/325
f 777/394/4 778/395/4 779/396/4
f 782/396/326 778/395/326 775/395/326
f 780/397/4 777/394/4 779/396/4
f 780/397/4 779/396/4 781/398/4
f 784/398/327 779/396/327 782/396/327
f 774/394/7 782/396/7 775/395/7
f 783/397/7 782/396/7 774/394/7
f 783/397/7 784/398/7 782/396/7
f 785/399/328 781/398/328 784/398/328
f 786/400/7 785/399/7 784/398/7
f 786/400/7 784/398/7 783/397/7
f 786/400/329 789/401/329 787/401/329
f 787/401/7 785/399/7 786/400/7
f 786/400/330 780/397/330 788/400/330
f 788/400/4 780/397/4 781/398/4
f 788/400/4 781/398/4 790/399/4
f 789/401/4 788/400/4 790/399/4
f 789/401/4 790/399/4 791/402/4
f 794/402/331 790/399/331 785/399/331
f 792/403/4 789/401/4 791/402/4
f 792/403/4 791/402/4 793/404/4
f 796/404/332 791/402/332 794/402/332
f 787/401/7 794/402/7 785/399/7
f 795/403/7 794/402/7 787/401/7
f 795/403/7 796/404/7 794/402/7
f 797/405/7 796/404/7 795/403/7
f 797/405/7 798/406/7 796/404/7
f 798/406/333 793/404/333 796/404/333
f 797/405/7 799/407/7 798/406/7
f 799/407/334 800/406/334 798/406/334
f 801/405/4 793/404/4 800/406/4
f 801/405/4 800/406/4 802/407/4
f 804/408/4 801/405/4 802/407/4
f 808/409/335 802/407/335 799/407/335
f 804/408/4 802/407/4 803/409/4
f 806/408/336 805/410/336 807/410/336
f 805/410/4 804/408/4 803/409/4
f 797/405/337 804/408/337 806/408/337
f 806/408/7 808/409/7 799/407/7
f 806/408/7 799/407/7 797/405/7
f 807/410/7 808/409/7 806/408/7
f 807/410/7 809/411/7 808/409/7
f 809/411/338 803/409/338 808/409/338
f 810/412/7 809/411/7 807/410/7
f 810/412/7 811/413/7 809/411/7
f 811/413/339 812/411/339 809/411/339
f 805/410/4 803/409/4 812/411/4
f 813/412/4 805/410/4 812/411/4
f 813/412/4 812/411/4 814/413/4
f 820/414/340 814/413/340 811/413/340
f 816/415/4 814/413/4 815/414/4
f 816/415/4 813/412/4 814/413/4
f 818/415/341 817/416/341 819/416/341
f 817/416/4 816/415/4 815/414/4
f 810/412/342 816/415/342 818/415/342
f 818/415/7 811/413/7 810/412/7
f 818/415/7 820/414/7 811/413/7
f 819/416/7 820/414/7 818/415/7
f 819/416/7 821/417/7 820/414/7
f 821/417/343 815/414/343 820/414/343
f 822/418/7 821/417/7 819/416/7
f 822/418/7 823/419/7 821/417/7
f 823/419/344 824/417/344 821/417/344
f 817/416/4 815/414/4 824/417/4
f 825/418/4 817/416/4 824/417/4
f 825/418/4 824/417/4 826/419/4
f 827/420/4 825/418/4 826/419/4
f 827/420/4 826/419/4 828/421/4
f 831/421/345 826/419/345 823/419/345
f 829/422/4 827/420/4 828/421/4
f 829/422/4 828/421/4 830/423/4
f 834/423/346 828/421/346 831/421/346
f 833/420/7 831/421/7 823/419/7
f 832/422/7 831/421/7 833/420/7
f 832/422/7 834/423/7 831/421/7
f 836/424/7 834/423/7 832/422/7
f 835/425/347 830/423/347 834/423/347
f 836/424/7 835/425/7 834/423/7
f 836/424/348 839/426/348 837/426/348
f 837/426/7 835/425/7 836/424/7
f 832/422/349 838/424/349 836/424/349
f 838/424/4 830/423/4 840/425/4
f 838/424/4 829/422/4 830/423/4
f 839/426/4 838/424/4 840/425/4
f 839/426/4 840/425/4 841/427/4
f 844/427/350 840/425/350 835/425/350
f 842/428/4 839/426/4 841/427/4
f 842/428/4 841/427/4 843/429/4
f 846/429/351 841/427/351 844/427/351
f 837/426/7 844/427/7 835/425/7
f 845/428/7 844/427/7 837/426/7
f 845/428/7 846/429/7 844/427/7
f 847/430/352 843/429/352 846/429/352
f 848/431/7 847/430/7 846/429/7
f 848/431/7 846/429/7 845/428/7
f 848/431/353 851/432/353 849/432/353
f 849/432/7 847/430/7 848/431/7
f 845/428/354 850/431/354 848/431/354
f 850/431/4 842/428/4 843/429/4
f 850/431/4 843/429/4 852/430/4
f 851/432/4 850/431/4 852/430/4
f 851/432/4 852/430/4 853/433/4
f 856/433/355 852/430/355 847/430/355
f 854/434/4 851/432/4 853/433/4
f 854/434/4 853/433/4 855/435/4
f 858/435/356 853/433/356 856/433/356
f 849/432/7 856/433/7 847/430/7
f 857/434/7 856/433/7 849/432/7
f 857/434/7 858/435/7 856/433/7
f 859/436/7 858/435/7 857/434/7
f 859/436/7 860/437/7 858/435/7
f 860/437/357 855/435/357 858/435/357
f 861/438/7 860/437/7 859/436/7
f 861/438/7 862/439/7 860/437/7
f 862/439/358 863/437/358 860/437/358
f 865/436/4 855/435/4 863/437/4
f 864/438/4 865/436/4 863/437/4
f 864/438/4 863/437/4 866/439/4
f 868/440/4 864/438/4 866/439/4
f 872/441/359 866/439/359 862/439/359
f 868/440/4 866/439/4 867/441/4
f 870/440/360 869/442/360 871/442/360
f 869/442/4 868/440/4 867/441/4
f 861/438/361 868/440/361 870/440/361
f 870/440/7 872/441/7 862/439/7
f 870/440/7 862/439/7 861/438/7
f 871/442/7 872/441/7 870/440/7
f 871/442/7 873/443/7 872/441/7
f 873/443/362 867/441/362 872/441/362
f 874/444/7 873/443/7 871/442/7
f 874/444/7 875/445/7 873/443/7
f 875/445/363 876/443/363 873/443/363
f 869/442/4 867/441/4 876/443/4
f 877/444/4 869/442/4 876/443/4
f 877/444/4 876/443/4 878/445/4
f 884/446/364 878/445/364 875/445/364
f 880/447/4 878/445/4 879/446/4
f 880/447/4 877/444/4 878/445/4
f 882/447/365 881/448/365 883/448/365
f 881/448/4 880/447/4 879/446/4
f 874/444/366 880/447/366 882/447/366
f 882/447/7 875/445/7 874/444/7
f 882/447/7 884/446/7 875/445/7
f 883/448/7 884/446/7 882/447/7
f 883/448/7 885/449/7 884/446/7
f 885/449/367 879/446/367 884/446/367
f 886/450/7 885/449/7 883/448/7
f 886/450/7 887/451/7 885/449/7
f 887/451/368 888/449/368 885/449/368
f 881/448/4 879/446/4 888/449/4
f 889/450/4 881/448/4 888/449/4
f 889/450/4 888/449/4 890/451/4
f 891/452/4 889/450/4 890/451/4
f 891/452/4 890/451/4 892/453/4
f 895/453/369 890/451/369 887/451/369
f 893/454/4 891/452/4 892/453/4
f 893/454/4 892/453/4 894/455/4
f 898/455/370 892/453/370 895/453/370
f 897/452/7 895/453/7 887/451/7
f 896/454/7 895/453/7 897/452/7
f 896/454/7 898/455/7 895/453/7
f 900/456/7 898/455/7 896/454/7
f 899/457/231 894/455/231 898/455/231
f 900/456/7 899/457/7 898/455/7
f 900/456/371 903/458/371 901/458/371
f 901/458/7 899/457/7 900/456/7
f 896/454/372 902/456/372 900/456/372
f 902/456/4 894/455/4 904/457/4
f 902/456/4 893/454/4 894/455/4
f 903/458/4 902/456/4 904/457/4
f 903/458/4 904/457/4 905/459/4
f 908/459/373 904/457/373 899/457/373
f 906/460/4 903/458/4 905/459/4
f 906/460/4 905/459/4 907/461/4
f 910/461/374 905/459/374 908/459/374
f 901/458/7 908/459/7 899/457/7
f 909/460/7 908/459/7 901/458/7
f 909/460/7 910/461/7 908/459/7
f 911/462/375 907/461/375 910/461/375
f 912/463/7 911/462/7 910/461/7
f 912/463/7 910/461/7 909/460/7
f 912/463/376 915/464/376 913/464/376
f 913/464/7 911/462/7 912/463/7
f 909/460/377 914/463/377 912/463/377
f 914/463/4 906/460/4 907/461/4
f 914/463/4 907/461/4 916/462/4
f 915/464/4 914/463/4 916/462/4
f 915/464/4 916/462/4 917/465/4
f 920/465/378 916/462/378 911/462/378
f 918/466/4 915/464/4 917/465/4
f 918/466/4 917/465/4 919/467/4
f 922/467/379 917/465/379 920/465/379
f 913/464/7 920/465/7 911/462/7
f 921/466/7 920/465/7 913/464/7
f 921/466/7 922/467/7 920/465/7
f 923/468/7 922/467/7 921/466/7
f 923/468/7 924/469/7 922/467/7
f 924/469/380 919/467/380 922/467/380
f 923/468/7 925/470/7 924/469/7
f 925/470/381 926/469/381 924/469/381
f 927/468/4 919/467/4 926/469/4
f 927/468/4 926/469/4 928/470/4
f 929/471/4 927/468/4 928/470/4
f 929/471/4 928/470/4 930/472/4
f 933/472/382 928/470/382 925/470/382
f 932/473/4 929/471/4 930/472/4
f 935/474/383 930/472/383 933/472/383
f 932/473/4 930/472/4 931/474/4
f 934/471/7 933/472/7 925/470/7
f 936/473/7 933/472/7 934/471/7
f 936/473/7 935/474/7 933/472/7
f 936/473/384 940/475/384 937/475/384
f 937/475/7 935/474/7 936/473/7
f 934/471/385 932/473/385 936/473/385
f 937/475/386 359/180/386 354/180/386
f 354/180/7 939/476/7 937/475/7
f 937/475/7 938/477/7 935/474/7
f 937/475/7 939/476/7 938/477/7
f 940/475/4 932/473/4 931/474/4
f 359/180/4 940/475/4 942/476/4
f 940/475/4 931/474/4 941/477/4
f 940/475/4 941/477/4 942/476/4
f 939/476/387 941/477/387 938/477/387
f 945/478/388 942/476/388 939/476/388
f 359/180/4 942/476/4 943/478/4
f 946/479/389 943/478/389 945/478/389
f 359/180/4 943/478/4 944/479/4
f 354/180/7 945/478/7 939/476/7
f 354/180/7 946/479/7 945/478/7
f 389/200/390 944/479/390 946/479/390
f 354/180/7 389/200/7 946/479/7
f 359/180/4 944/479/4 385/200/4
f 938/477/391 931/474/391 935/474/391
f 934/471/7 925/470/7 923/468/7
f 923/468/392 929/471/392 934/471/392
f 927/468/4 918/466/4 919/467/4
f 921/466/393 927/468/393 923/468/393
f 913/464/394 918/466/394 921/466/394
f 901/458/395 906/460/395 909/460/395
f 897/452/7 887/451/7 886/450/7
f 897/452/396 893/454/396 896/454/396
f 886/450/397 891/452/397 897/452/397
f 883/448/398 889/450/398 886/450/398
f 871/442/399 877/444/399 874/444/399
f 865/436/4 854/434/4 855/435/4
f 859/436/400 864/438/400 861/438/400
f 857/434/401 865/436/401 859/436/401
f 849/432/402 854/434/402 857/434/402
f 837/426/403 842/428/403 845/428/403
f 833/420/7 823/419/7 822/418/7
f 833/420/404 829/422/404 832/422/404
f 822/418/405 827/420/405 833/420/405
f 819/416/406 825/418/406 822/418/406
f 807/410/407 813/412/407 810/412/407
f 801/405/4 792/403/4 793/404/4
f 795/403/408 801/405/408 797/405/408
f 787/401/409 792/403/409 795/403/409
f 774/394/410 780/397/410 783/397/410
f 770/389/7 761/388/7 760/387/7
f 760/387/411 765/389/411 770/389/411
f 757/385/412 763/387/412 760/387/412
f 756/382/413 750/381/413 947/381/413
f 746/380/7 756/382/7 947/381/7
f 947/381/414 748/379/414 745/379/414
f 746/380/7 947/381/7 745/379/7
f 745/379/415 738/377/415 742/377/415
f 730/371/416 736/374/416 741/374/416
f 741/374/7 733/373/7 730/371/7
f 724/366/4 713/362/4 717/365/4
f 710/362/417 724/366/417 720/366/417
f 618/315/418 624/318/418 628/318/418
f 621/317/7 618/315/7 628/318/7
f 590/302/4 600/303/4 589/301/4
f 594/303/419 599/305/419 596/305/419
f 592/301/420 600/303/420 594/303/420
f 583/299/421 589/301/421 592/301/421
f 557/285/7 948/286/7 568/288/7
f 568/288/422 564/290/422 567/290/422
f 948/286/423 561/288/423 568/288/423
f 555/284/424 562/286/424 948/286/424
f 557/285/7 555/284/7 948/286/7
f 553/281/425 547/280/425 552/280/425
f 539/274/426 533/273/426 538/273/426
f 538/273/427 531/271/427 537/271/427
f 537/271/428 529/269/428 526/269/428
f 526/269/7 527/270/7 537/271/7
f 526/269/429 521/267/429 523/267/429
f 494/253/4 504/255/4 493/254/4
f 496/254/430 504/255/430 499/255/430
f 485/248/431 491/251/431 497/251/431
f 488/250/7 485/248/7 497/251/7
f 497/251/432 493/254/432 496/254/432
f 473/242/433 479/244/433 476/244/433
f 453/233/434 467/236/434 461/236/434
f 458/235/4 467/236/4 455/233/4
f 461/236/435 466/238/435 463/238/435
f 440/226/436 446/230/436 449/230/436
f 425/218/437 431/221/437 436/221/437
f 428/220/7 425/218/7 436/221/7
f 416/214/438 408/211/438 419/214/438
f 388/197/152 949/196/152 370/191/152
f 949/196/7 388/197/7 354/180/7
f 371/192/7 949/196/7 950/195/7
f 950/195/7 949/196/7 354/180/7
f 951/194/7 950/195/7 354/180/7
f 950/195/7 372/193/7 371/192/7
f 951/194/7 373/189/7 372/193/7
f 355/182/7 951/194/7 354/180/7
f 356/2/7 373/189/7 355/182/7
f 340/173/439 334/171/439 363/173/439
f 335/170/4 363/173/4 334/171/4
f 348/174/4 363/173/4 335/170/4
f 357/2/7 341/174/7 340/173/7
f 337/168/440 330/167/440 327/167/440
f 327/167/7 324/164/7 337/168/7
f 326/166/441 952/480/441 960/480/441
f 952/480/4 329/166/4 955/481/4
f 329/166/4 319/162/4 953/482/4
f 329/166/4 953/482/4 954/483/4
f 329/166/4 954/483/4 955/481/4
f 957/481/442 954/483/442 958/483/442
f 959/484/443 955/481/443 957/481/443
f 952/480/4 955/481/4 956/484/4
f 326/166/7 957/481/7 958/483/7
f 960/480/7 957/481/7 326/166/7
f 960/480/7 959/484/7 957/481/7
f 960/480/7 961/485/7 959/484/7
f 962/486/7 961/485/7 960/480/7
f 960/480/444 966/486/444 962/486/444
f 962/486/7 963/487/7 961/485/7
f 962/486/7 964/488/7 963/487/7
f 965/489/7 964/488/7 962/486/7
f 962/486/445 970/489/445 965/489/445
f 966/486/4 952/480/4 967/485/4
f 966/486/4 967/485/4 968/487/4
f 966/486/4 968/487/4 969/488/4
f 970/489/4 966/486/4 969/488/4
f 970/489/4 969/488/4 971/490/4
f 972/491/4 970/489/4 971/490/4
f 965/489/446 972/491/446 975/491/446
f 972/491/4 971/490/4 973/492/4
f 974/493/4 972/491/4 973/492/4
f 975/491/447 974/493/447 978/493/447
f 975/491/7 976/490/7 965/489/7
f 975/491/7 977/492/7 976/490/7
f 978/493/7 977/492/7 975/491/7
f 978/493/7 979/494/7 977/492/7
f 980/495/7 979/494/7 978/493/7
f 978/493/448 983/495/448 980/495/448
f 980/495/7 982/496/7 979/494/7
f 980/495/449 985/497/449 981/497/449
f 981/497/7 982/496/7 980/495/7
f 983/495/4 974/493/4 984/494/4
f 983/495/4 984/494/4 986/496/4
f 985/497/4 983/495/4 986/496/4
f 982/496/450 984/494/450 979/494/450
f 985/497/4 986/496/4 987/498/4
f 982/496/451 987/498/451 986/496/451
f 989/499/4 985/497/4 987/498/4
f 991/500/452 987/498/452 990/498/452
f 989/499/4 987/498/4 988/500/4
f 981/497/7 990/498/7 982/496/7
f 992/499/7 990/498/7 981/497/7
f 992/499/7 991/500/7 990/498/7
f 981/497/453 989/499/453 992/499/453
f 993/501/7 991/500/7 992/499/7
f 992/499/454 996/501/454 993/501/454
f 993/501/7 994/502/7 991/500/7
f 995/503/7 994/502/7 993/501/7
f 993/501/455 998/503/455 995/503/455
f 996/501/4 989/499/4 988/500/4
f 996/501/4 988/500/4 997/502/4
f 998/503/4 996/501/4 997/502/4
f 998/503/4 997/502/4 999/504/4
f 1000/505/4 998/503/4 999/504/4
f 995/503/456 1000/505/456 1002/505/456
f 1001/506/4 1000/505/4 999/504/4
f 1002/505/457 1001/506/457 1004/506/457
f 1002/505/7 1003/504/7 995/503/7
f 1004/506/7 1003/504/7 1002/505/7
f 1004/506/7 1005/507/7 1003/504/7
f 1006/508/7 1005/507/7 1004/506/7
f 1004/506/458 1009/508/458 1006/508/458
f 1006/508/7 1008/509/7 1005/507/7
f 1006/508/459 1011/510/459 1007/510/459
f 1007/510/7 1008/509/7 1006/508/7
f 1009/508/4 1010/507/4 1012/509/4
f 1009/508/4 1001/506/4 1010/507/4
f 1011/510/4 1009/508/4 1012/509/4
f 1008/509/460 1010/507/460 1005/507/460
f 1011/510/4 1012/509/4 1013/511/4
f 1016/511/461 1012/509/461 1008/509/461
f 1015/512/4 1011/510/4 1013/511/4
f 1017/513/462 1013/511/462 1016/511/462
f 1015/512/4 1013/511/4 1014/513/4
f 1007/510/7 1016/511/7 1008/509/7
f 1018/512/7 1016/511/7 1007/510/7
f 1018/512/7 1017/513/7 1016/511/7
f 1007/510/463 1015/512/463 1018/512/463
f 1019/514/7 1017/513/7 1018/512/7
f 1018/512/464 1022/514/464 1019/514/464
f 1019/514/7 1021/515/7 1017/513/7
f 1019/514/465 1023/516/465 1020/516/465
f 1020/516/7 1021/515/7 1019/514/7
f 1022/514/4 1015/512/4 1014/513/4
f 1022/514/4 1014/513/4 1024/515/4
f 1023/516/4 1022/514/4 1024/515/4
f 1021/515/466 1014/513/466 1017/513/466
f 1025/517/4 1023/516/4 1024/515/4
f 1025/517/4 1024/515/4 1026/518/4
f 1029/518/467 1024/515/467 1021/515/467
f 1027/519/4 1025/517/4 1026/518/4
f 1027/519/4 1026/518/4 1028/520/4
f 1032/520/468 1026/518/468 1029/518/468
f 1030/517/7 1029/518/7 1021/515/7
f 1031/519/7 1029/518/7 1030/517/7
f 1031/519/7 1032/520/7 1029/518/7
f 1033/521/7 1032/520/7 1031/519/7
f 1033/521/7 1034/522/7 1032/520/7
f 1034/522/469 1028/520/469 1032/520/469
f 1037/523/7 1034/522/7 1033/521/7
f 1035/524/470 1038/522/470 1034/522/470
f 1036/525/7 1035/524/7 1034/522/7
f 1036/525/7 1034/522/7 1037/523/7
f 1039/521/4 1028/520/4 1038/522/4
f 1042/523/4 1039/521/4 1038/522/4
f 1041/525/4 1038/522/4 1040/524/4
f 1041/525/4 1042/523/4 1038/522/4
f 1037/523/471 1041/525/471 1036/525/471
f 1033/521/472 1042/523/472 1037/523/472
f 1036/525/473 1043/526/473 1046/526/473
f 1043/526/4 1041/525/4 1040/524/4
f 1046/526/474 1044/527/474 1047/527/474
f 1044/527/4 1043/526/4 1045/528/4
f 1043/526/4 1040/524/4 1045/528/4
f 1046/526/7 1035/524/7 1036/525/7
f 1047/527/7 1048/528/7 1046/526/7
f 1046/526/7 1048/528/7 1035/524/7
f 1047/527/7 1049/529/7 1048/528/7
f 1035/524/475 1045/528/475 1040/524/475
f 1049/529/476 1045/528/476 1048/528/476
f 1050/530/477 1053/529/477 1049/529/477
f 1051/531/7 1050/530/7 1049/529/7
f 1051/531/7 1049/529/7 1052/532/7
f 1052/532/7 1049/529/7 1047/527/7
f 1044/527/4 1045/528/4 1053/529/4
f 1055/531/4 1053/529/4 1054/530/4
f 1055/531/4 1056/532/4 1053/529/4
f 1056/532/4 1044/527/4 1053/529/4
f 1052/532/478 1055/531/478 1051/531/478
f 1047/527/479 1056/532/479 1052/532/479
f 1051/531/480 1057/533/480 1060/533/480
f 1057/533/4 1055/531/4 1054/530/4
f 1060/533/481 1058/534/481 1061/534/481
f 1058/534/4 1057/533/4 1059/535/4
f 1057/533/4 1054/530/4 1059/535/4
f 1060/533/7 1050/530/7 1051/531/7
f 1061/534/7 1062/535/7 1060/533/7
f 1060/533/7 1062/535/7 1050/530/7
f 1061/534/7 1063/536/7 1062/535/7
f 1062/535/482 1054/530/482 1050/530/482
f 1063/536/483 1059/535/483 1062/535/483
f 1066/537/7 1063/536/7 1061/534/7
f 1064/538/484 1067/536/484 1063/536/484
f 1065/539/7 1064/538/7 1063/536/7
f 1065/539/7 1063/536/7 1066/537/7
f 1058/534/4 1059/535/4 1067/536/4
f 1070/537/4 1058/534/4 1067/536/4
f 1069/539/4 1067/536/4 1068/538/4
f 1069/539/4 1070/537/4 1067/536/4
f 1066/537/485 1069/539/485 1065/539/485
f 1061/534/486 1070/537/486 1066/537/486
f 1065/539/487 1071/540/487 1074/540/487
f 1071/540/4 1069/539/4 1068/538/4
f 1074/540/488 1072/541/488 1075/541/488
f 1072/541/4 1071/540/4 1073/542/4
f 1071/540/4 1068/538/4 1073/542/4
f 1074/540/7 1064/538/7 1065/539/7
f 1075/541/7 1076/542/7 1074/540/7
f 1074/540/7 1076/542/7 1064/538/7
f 1076/542/489 1068/538/489 1064/538/489
f 1075/541/7 1077/543/7 1076/542/7
f 1077/543/490 1073/542/490 1076/542/490
f 1078/544/7 1077/543/7 1079/545/7
f 1078/544/7 1080/546/7 1077/543/7
f 1079/545/7 1077/543/7 1075/541/7
f 1080/546/491 1081/543/491 1077/543/491
f 1072/541/4 1073/542/4 1081/543/4
f 1082/544/4 1083/545/4 1081/543/4
f 1082/544/4 1081/543/4 1084/546/4
f 1083/545/4 1072/541/4 1081/543/4
f 1085/547/4 1082/544/4 1084/546/4
f 1085/547/4 1084/546/4 1086/548/4
f 1089/548/492 1084/546/492 1080/546/492
f 1087/549/4 1085/547/4 1086/548/4
f 1087/549/4 1086/548/4 1088/550/4
f 1091/550/493 1086/548/493 1089/548/493
f 1092/547/7 1089/548/7 1080/546/7
f 1090/549/7 1089/548/7 1092/547/7
f 1090/549/7 1091/550/7 1089/548/7
f 1092/547/7 1080/546/7 1078/544/7
f 1092/547/494 1087/549/494 1090/549/494
f 1078/544/495 1085/547/495 1092/547/495
f 1094/551/7 1091/550/7 1090/549/7
f 1093/552/496 1088/550/496 1091/550/496
f 1094/551/7 1093/552/7 1091/550/7
f 1094/551/497 1097/553/497 1095/553/497
f 1095/553/7 1093/552/7 1094/551/7
f 1090/549/498 1096/551/498 1094/551/498
f 1096/551/4 1088/550/4 1098/552/4
f 1096/551/4 1087/549/4 1088/550/4
f 1097/553/4 1096/551/4 1098/552/4
f 1099/554/4 1097/553/4 1098/552/4
f 1099/554/4 1098/552/4 1100/555/4
f 1093/552/499 1100/555/499 1098/552/499
f 1102/556/4 1099/554/4 1100/555/4
f 1105/557/500 1100/555/500 1103/555/500
f 1102/556/4 1100/555/4 1101/557/4
f 1104/554/7 1103/555/7 1093/552/7
f 1106/556/7 1103/555/7 1104/554/7
f 1106/556/7 1105/557/7 1103/555/7
f 1104/554/501 1102/556/501 1106/556/501
f 1107/558/7 1105/557/7 1106/556/7
f 1106/556/502 1110/558/502 1107/558/502
f 1107/558/7 1108/559/7 1105/557/7
f 1109/560/7 1108/559/7 1107/558/7
f 1107/558/503 1112/560/503 1109/560/503
f 1110/558/4 1102/556/4 1101/557/4
f 1110/558/4 1101/557/4 1111/559/4
f 1112/560/4 1110/558/4 1111/559/4
f 1113/561/4 1112/560/4 1111/559/4
f 1109/560/504 1113/561/504 1116/561/504
f 1113/561/4 1111/559/4 1114/562/4
f 1115/563/4 1113/561/4 1114/562/4
f 1116/561/505 1115/563/505 1118/563/505
f 1116/561/7 1108/559/7 1109/560/7
f 1116/561/7 1117/562/7 1108/559/7
f 1118/563/7 1117/562/7 1116/561/7
f 1118/563/7 1119/564/7 1117/562/7
f 1120/565/7 1119/564/7 1118/563/7
f 1118/563/506 1123/565/506 1120/565/506
f 1120/565/7 1121/566/7 1119/564/7
f 1122/567/7 1121/566/7 1120/565/7
f 1120/565/507 1126/567/507 1122/567/507
f 1123/565/4 1124/564/4 1125/566/4
f 1123/565/4 1115/563/4 1124/564/4
f 1126/567/4 1123/565/4 1125/566/4
f 1126/567/4 1125/566/4 1128/568/4
f 1122/567/508 1127/569/508 1131/569/508
f 1127/569/4 1126/567/4 1128/568/4
f 1130/568/509 1125/566/509 1121/566/509
f 1127/569/4 1128/568/4 1129/570/4
f 1132/570/510 1128/568/510 1130/568/510
f 1122/567/7 1130/568/7 1121/566/7
f 1131/569/7 1130/568/7 1122/567/7
f 1131/569/7 1132/570/7 1130/568/7
f 1134/571/7 1132/570/7 1131/569/7
f 1133/572/511 1129/570/511 1132/570/511
f 1134/571/7 1133/572/7 1132/570/7
f 1131/569/512 1136/571/512 1134/571/512
f 1135/573/7 1133/572/7 1134/571/7
f 1134/571/513 1138/573/513 1135/573/513
f 1136/571/4 1127/569/4 1129/570/4
f 1136/571/4 1129/570/4 1137/572/4
f 1138/573/4 1136/571/4 1137/572/4
f 1138/573/4 1137/572/4 1139/574/4
f 1140/575/4 1138/573/4 1139/574/4
f 1135/573/514 1140/575/514 1143/575/514
f 1140/575/4 1139/574/4 1141/576/4
f 1142/577/4 1140/575/4 1141/576/4
f 1143/575/515 1142/577/515 1146/577/515
f 1143/575/7 1144/574/7 1135/573/7
f 1143/575/7 1145/576/7 1144/574/7
f 1146/577/7 1145/576/7 1143/575/7
f 1146/577/7 1147/578/7 1145/576/7
f 1148/579/7 1147/578/7 1146/577/7
f 1146/577/516 1151/579/516 1148/579/516
f 1148/579/7 1149/580/7 1147/578/7
f 1150/581/7 1149/580/7 1148/579/7
f 1148/579/517 1154/581/517 1150/581/517
f 1151/579/4 1142/577/4 1152/578/4
f 1151/579/4 1152/578/4 1153/580/4
f 1154/581/4 1151/579/4 1153/580/4
f 1154/581/4 1153/580/4 1155/582/4
f 1156/583/4 1154/581/4 1155/582/4
f 1150/581/518 1156/583/518 1160/583/518
f 1156/583/4 1155/582/4 1158/584/4
f 1160/583/519 1157/585/519 1162/585/519
f 1157/585/4 1156/583/4 1159/586/4
f 1156/583/4 1158/584/4 1159/586/4
f 1160/583/7 1161/582/7 1150/581/7
f 1160/583/7 1163/584/7 1161/582/7
f 1162/585/7 1164/586/7 1160/583/7
f 1160/583/7 1164/586/7 1163/584/7
f 1164/586/520 1158/584/520 1163/584/520
f 1165/587/521 1159/586/521 1164/586/521
f 1162/585/7 1165/587/7 1164/586/7
f 1166/588/522 1168/587/522 1165/587/522
f 1167/589/7 1166/588/7 1165/587/7
f 1167/589/7 1165/587/7 1162/585/7
f 1157/585/4 1159/586/4 1168/587/4
f 1170/589/4 1168/587/4 1169/588/4
f 1170/589/4 1157/585/4 1168/587/4
f 1167/589/523 59/28/523 53/28/523
f 59/28/4 1170/589/4 1171/590/4
f 1162/585/524 1170/589/524 1167/589/524
f 1170/589/4 1169/588/4 1171/590/4
f 59/28/4 1171/590/4 1172/591/4
f 1173/590/525 1169/588/525 1166/588/525
f 1174/591/526 1171/590/526 1173/590/526
f 1167/589/7 1173/590/7 1166/588/7
f 53/28/7 1173/590/7 1167/589/7
f 53/28/7 1174/591/7 1173/590/7
f 53/28/7 54/29/7 1174/591/7
f 54/29/527 1172/591/527 1174/591/527
f 59/28/4 1172/591/4 60/29/4
f 1163/584/528 1155/582/528 1161/582/528
f 1161/582/529 1153/580/529 1149/580/529
f 1150/581/7 1161/582/7 1149/580/7
f 1149/580/530 1152/578/530 1147/578/530
f 1147/578/531 1141/576/531 1145/576/531
f 1142/577/4 1141/576/4 1152/578/4
f 1145/576/532 1139/574/532 1144/574/532
f 1144/574/533 1137/572/533 1133/572/533
f 1135/573/7 1144/574/7 1133/572/7
f 1121/566/534 1124/564/534 1119/564/534
f 1119/564/535 1114/562/535 1117/562/535
f 1115/563/4 1114/562/4 1124/564/4
f 1117/562/536 1111/559/536 1108/559/536
f 1108/559/537 1101/557/537 1105/557/537
f 1104/554/538 1097/553/538 1099/554/538
f 1104/554/7 1093/552/7 1095/553/7
f 1079/545/539 1082/544/539 1078/544/539
f 1075/541/540 1083/545/540 1079/545/540
f 1039/521/4 1027/519/4 1028/520/4
f 1031/519/541 1039/521/541 1033/521/541
f 1030/517/542 1027/519/542 1031/519/542
f 1020/516/543 1025/517/543 1030/517/543
f 1030/517/7 1021/515/7 1020/516/7
f 1005/507/544 999/504/544 1003/504/544
f 1001/506/4 999/504/4 1010/507/4
f 1003/504/545 997/502/545 994/502/545
f 995/503/7 1003/504/7 994/502/7
f 994/502/546 988/500/546 991/500/546
f 977/492/547 984/494/547 973/492/547
f 974/493/4 973/492/4 984/494/4
f 977/492/548 971/490/548 976/490/548
f 976/490/549 969/488/549 964/488/549
f 965/489/7 976/490/7 964/488/7
f 964/488/550 968/487/550 963/487/550
f 963/487/551 967/485/551 961/485/551
f 961/485/552 956/484/552 959/484/552
f 952/480/4 956/484/4 967/485/4
f 326/166/7 958/483/7 1175/482/7
f 958/483/553 953/482/553 1175/482/553
f 326/166/152 1175/482/152 322/162/152
f 322/162/554 953/482/554 319/162/554
f 296/150/4 304/152/4 295/151/4
f 298/151/555 304/152/555 300/152/555
f 287/146/556 295/151/556 298/151/556
f 261/134/7 259/133/7 271/136/7
f 259/133/557 266/136/557 271/136/557
f 256/130/558 264/132/558 260/132/558
f 260/132/559 263/133/559 259/133/559
f 234/121/560 237/119/560 233/119/560
f 234/121/561 227/117/561 238/121/561
f 219/113/562 227/117/562 230/117/562
f 204/104/563 1176/103/563 203/103/563
f 1176/103/4 209/104/4 199/102/4
f 203/103/564 198/101/564 201/101/564
f 198/101/4 1176/103/4 199/102/4
f 201/101/565 195/99/565 192/99/565
f 177/90/566 183/92/566 180/92/566
f 176/87/567 169/85/567 166/85/567
f 166/85/7 167/86/7 176/87/7
f 166/85/568 160/83/568 163/83/568
f 141/74/569 148/76/569 151/76/569
f 139/71/570 134/69/570 137/69/570
f 134/69/4 144/71/4 135/70/4
f 137/69/571 131/67/571 128/67/571
f 112/57/572 119/60/572 116/60/572
f 99/50/573 105/53/573 102/53/573
f 73/35/574 66/34/574 1177/34/574
f 1177/34/7 51/26/7 73/35/7
f 1177/34/575 65/33/575 1178/33/575
f 1178/33/7 51/26/7 1177/34/7
f 1178/33/576 63/32/576 57/32/576
f 57/32/7 51/26/7 1178/33/7
f 57/32/577 62/31/577 56/31/577
f 56/31/578 61/30/578 55/30/578
f 55/30/579 60/29/579 54/29/579
f 49/24/580 43/21/580 40/21/580
f 25/12/7 28/15/7 37/16/7
f 37/16/581 22/12/581 25/12/581
f 8/5/4 19/7/4 9/6/4
f 13/7/582 8/5/582 11/5/582
f 11/5/583 5/1/583 2/1/583
f 2/1/1 5/1/1 4/2/1
f 1/2/3 4/2/3 6/3/3
f 3/3/584 6/3/584 7/4/584
f 10/4/6 7/4/6 9/6/6
f 12/6/8 9/6/8 17/8/8
f 14/8/9 17/8/9 18/9/9
f 16/10/10 20/10/10 19/7/10
f 24/11/11 21/11/11 20/10/11
f 25/12/12 22/12/12 21/11/12
f 15/9/13 18/9/13 23/13/13
f 26/13/14 23/13/14 29/14/14
f 27/14/15 29/14/15 30/15/15
f 28/15/585 30/15/585 32/17/585
f 35/17/17 32/17/17 33/18/17
f 38/19/18 34/19/18 31/16/18
f 39/20/19 42/20/19 34/19/19
f 40/21/20 43/21/20 42/20/20
f 41/22/21 44/22/21 45/23/21
f 36/18/22 33/18/22 44/22/22
f 48/23/23 45/23/23 47/25/23
f 50/25/24 47/25/24 64/26/24
f 52/27/25 58/27/25 46/24/25
f 53/28/26 59/28/26 58/27/26
f 51/26/27 64/26/27 68/36/27
f 72/36/28 68/36/28 69/38/28
f 76/37/29 71/37/29 67/35/29
f 75/39/30 70/39/30 71/37/30
f 77/40/31 79/40/31 70/39/31
f 78/41/32 80/41/32 79/40/32
f 88/42/33 81/42/33 80/41/33
f 85/43/586 82/43/586 83/44/586
f 74/38/35 69/38/35 82/43/35
f 87/45/36 84/45/36 81/42/36
f 89/46/37 92/46/37 84/45/37
f 90/47/38 93/47/38 92/46/38
f 91/48/39 94/48/39 95/49/39
f 86/44/40 83/44/40 94/48/40
f 98/49/41 95/49/41 96/50/41
f 100/51/42 97/51/42 93/47/42
f 101/52/43 104/52/43 97/51/43
f 103/54/44 106/54/44 104/52/44
f 114/56/45 107/56/45 106/54/45
f 111/55/46 108/55/46 109/57/46
f 102/53/47 105/53/47 108/55/47
f 113/58/48 110/58/48 107/56/48
f 115/59/49 118/59/49 110/58/49
f 117/61/50 120/61/50 118/59/50
f 126/62/51 121/62/51 120/61/51
f 124/63/52 122/63/52 123/64/52
f 116/60/53 119/60/53 122/63/53
f 127/65/54 130/65/54 121/62/54
f 128/67/55 131/67/55 130/65/55
f 125/64/56 123/64/56 132/66/56
f 129/66/57 132/66/57 133/68/57
f 136/68/58 133/68/58 135/70/58
f 138/70/59 135/70/59 143/72/59
f 140/72/60 143/72/60 145/74/60
f 142/73/61 146/73/61 144/71/61
f 150/75/62 147/75/62 146/73/62
f 152/77/63 149/77/63 147/75/63
f 153/78/64 158/78/64 149/77/64
f 154/79/65 156/79/65 157/80/65
f 151/76/66 148/76/66 156/79/66
f 162/81/67 159/81/67 158/78/67
f 162/81/68 163/83/68 160/83/68
f 155/80/69 157/80/69 161/82/69
f 164/82/70 161/82/70 168/84/70
f 165/84/71 168/84/71 170/86/71
f 167/86/72 170/86/72 172/88/72
f 175/88/73 172/88/73 173/90/73
f 178/89/74 174/89/74 171/87/74
f 179/91/75 182/91/75 174/89/75
f 181/93/76 184/93/76 182/91/76
f 190/94/77 185/94/77 184/93/77
f 188/95/78 186/95/78 187/96/78
f 180/92/79 183/92/79 186/95/79
f 191/97/587 194/97/587 185/94/587
f 192/99/81 195/99/81 194/97/81
f 189/96/82 187/96/82 196/98/82
f 193/98/83 196/98/83 197/100/83
f 200/100/84 197/100/84 199/102/84
f 202/102/85 199/102/85 208/105/85
f 205/105/86 208/105/86 210/107/86
f 207/106/87 211/106/87 209/104/87
f 215/108/88 212/108/88 211/106/88
f 216/110/89 213/110/89 212/108/89
f 206/107/90 210/107/90 214/109/90
f 217/109/91 214/109/91 222/111/91
f 218/111/92 222/111/92 223/113/92
f 221/112/93 225/112/93 213/110/93
f 220/114/94 224/114/94 225/112/94
f 229/115/95 226/115/95 224/114/95
f 231/116/96 228/116/96 226/115/96
f 232/118/97 236/118/97 228/116/97
f 235/120/98 239/120/98 236/118/98
f 245/123/99 240/123/99 239/120/99
f 243/122/100 241/122/100 242/124/100
f 233/119/101 237/119/101 241/122/101
f 246/125/102 249/125/102 240/123/102
f 247/127/103 250/127/103 249/125/103
f 244/124/104 242/124/104 251/126/104
f 248/126/105 251/126/105 252/128/105
f 255/128/106 252/128/106 253/130/106
f 257/129/107 254/129/107 250/127/107
f 258/131/108 262/131/108 254/129/108
f 261/134/109 265/134/109 262/131/109
f 270/135/110 267/135/110 265/134/110
f 272/138/111 268/138/111 267/135/111
f 274/139/112 273/137/112 269/137/112
f 273/137/113 271/136/113 266/136/113
f 274/139/114 277/139/114 278/140/114
f 283/142/115 280/142/115 279/141/115
f 276/141/116 279/141/116 268/138/116
f 284/143/117 281/143/117 280/142/117
f 285/144/118 282/144/118 290/145/118
f 285/144/119 275/140/119 278/140/119
f 286/145/120 290/145/120 291/146/120
f 289/148/121 293/148/121 281/143/121
f 288/147/122 292/147/122 293/148/122
f 297/149/123 294/149/123 292/147/123
f 299/150/124 296/150/124 294/149/124
f 301/153/125 303/153/125 296/150/125
f 302/154/126 305/154/126 303/153/126
f 313/155/127 306/155/127 305/154/127
f 310/156/128 307/156/128 308/157/128
f 300/152/129 304/152/129 307/156/129
f 312/158/130 309/158/130 306/155/130
f 314/159/131 316/159/131 309/158/131
f 315/160/132 317/160/132 316/159/132
f 321/161/133 318/161/133 317/160/133
f 322/162/134 319/162/134 318/161/134
f 323/163/135 320/163/135 331/164/135
f 311/157/136 308/157/136 320/163/136
f 325/165/137 328/165/137 329/166/137
f 327/167/138 330/167/138 328/165/138
f 324/164/139 331/164/139 333/169/139
f 336/169/140 333/169/140 334/171/140
f 344/172/141 345/172/141 332/168/141
f 343/176/142 346/176/142 345/172/142
f 342/175/143 347/175/143 346/176/143
f 342/175/144 351/177/144 349/177/144
f 351/177/145 352/178/145 350/178/145
f 352/178/146 353/179/146 358/179/146
f 354/180/147 359/180/147 358/181/147
f 340/184/148 363/184/148 365/186/148
f 367/187/149 366/186/149 365/186/149
f 367/187/150 364/187/150 374/188/150
f 368/188/151 374/188/151 375/190/151
f 379/189/4 360/182/4 380/194/4
f 378/193/4 380/194/4 381/195/4
f 382/196/4 376/191/4 377/192/4
f 387/198/154 384/198/154 385/200/154
f 390/199/155 386/199/155 384/198/155
f 391/201/156 393/201/156 386/199/156
f 392/202/157 394/202/157 393/201/157
f 392/202/158 398/203/158 395/203/158
f 398/203/159 399/205/159 396/205/159
f 401/206/160 400/204/160 397/204/160
f 369/190/161 375/190/161 397/204/161
f 402/207/162 404/207/162 396/205/162
f 403/208/163 405/208/163 404/207/163
f 411/209/164 401/206/164 406/206/164
f 411/209/165 407/209/165 408/211/165
f 414/210/166 410/210/166 405/208/166
f 413/212/167 409/212/167 410/210/167
f 415/213/168 418/213/168 409/212/168
f 417/215/169 420/215/169 418/213/169
f 426/216/170 421/216/170 420/215/170
f 424/217/171 422/217/171 423/218/171
f 416/214/172 419/214/172 422/217/172
f 427/219/173 429/219/173 421/216/173
f 428/220/174 430/220/174 429/219/174
f 435/222/175 432/222/175 430/220/175
f 437/224/176 433/224/176 432/222/176
f 438/223/177 434/223/177 442/225/177
f 436/221/178 431/221/178 434/223/178
f 439/225/179 442/225/179 443/226/179
f 441/227/180 444/227/180 433/224/180
f 448/228/181 445/228/181 444/227/181
f 450/229/182 447/229/182 445/228/182
f 451/231/183 456/231/183 447/229/183
f 452/232/184 454/232/184 455/233/184
f 449/230/185 446/230/185 454/232/185
f 459/234/186 457/234/186 456/231/186
f 460/235/187 458/235/187 457/234/187
f 462/237/188 465/237/188 458/235/188
f 464/239/189 468/239/189 465/237/189
f 474/241/190 469/241/190 468/239/190
f 472/240/191 470/240/191 471/242/191
f 463/238/192 466/238/192 470/240/192
f 475/243/193 478/243/193 469/241/193
f 477/245/194 480/245/194 478/243/194
f 486/246/195 481/246/195 480/245/195
f 484/247/196 482/247/196 483/248/196
f 476/244/197 479/244/197 482/247/197
f 487/249/198 489/249/198 481/246/198
f 488/250/199 490/250/199 489/249/199
f 495/252/200 492/252/200 490/250/200
f 498/253/201 494/253/201 492/252/201
f 500/256/202 503/256/202 494/253/202
f 501/258/203 505/258/203 503/256/203
f 502/257/204 506/257/204 507/259/204
f 499/255/205 504/255/205 506/257/205
f 510/259/206 507/259/206 508/260/206
f 513/262/207 516/262/207 509/261/207
f 512/261/208 509/261/208 505/258/208
f 514/263/209 517/263/209 516/262/209
f 515/264/210 518/264/210 519/265/210
f 511/260/211 508/260/211 518/264/211
f 522/266/212 520/266/212 517/263/212
f 523/267/213 521/267/213 520/266/213
f 524/265/214 519/265/214 528/268/214
f 525/268/215 528/268/215 530/270/215
f 527/270/216 530/270/216 532/272/216
f 536/272/217 532/272/217 535/275/217
f 540/275/218 535/275/218 545/277/218
f 542/276/219 544/276/219 534/274/219
f 543/278/220 546/278/220 544/276/220
f 552/280/221 547/280/221 546/278/221
f 541/277/222 545/277/222 548/279/222
f 551/279/223 548/279/223 550/282/223
f 554/282/224 550/282/224 559/284/224
f 556/283/225 558/283/225 549/281/225
f 557/285/226 560/285/226 558/283/226
f 566/287/227 563/287/227 560/285/227
f 569/289/228 565/289/228 563/287/228
f 570/291/229 575/291/229 565/289/229
f 571/292/230 573/292/230 574/293/230
f 567/290/231 564/290/231 573/292/231
f 579/294/232 576/294/232 575/291/232
f 580/296/233 577/296/233 576/294/233
f 572/293/234 574/293/234 578/295/234
f 581/295/235 578/295/235 585/297/235
f 582/297/236 585/297/236 586/299/236
f 584/298/237 587/298/237 577/296/237
f 591/300/238 588/300/238 587/298/238
f 593/302/239 590/302/239 588/300/239
f 595/304/240 598/304/240 590/302/240
f 597/306/241 601/306/241 598/304/241
f 607/307/242 602/307/242 601/306/242
f 605/308/243 603/308/243 604/309/243
f 596/305/244 599/305/244 603/308/244
f 608/310/245 611/310/245 602/307/245
f 609/312/246 612/312/246 611/310/246
f 606/309/247 604/309/247 613/311/247
f 610/311/248 613/311/248 614/313/248
f 617/313/249 614/313/249 615/315/249
f 619/314/250 616/314/250 612/312/250
f 620/316/251 622/316/251 616/314/251
f 621/317/252 623/317/252 622/316/252
f 627/319/253 625/319/253 623/317/253
f 629/320/254 626/320/254 625/319/254
f 630/321/255 641/321/255 626/320/255
f 631/322/256 636/322/256 637/323/256
f 628/318/257 624/318/257 636/322/257
f 635/326/258 640/326/258 641/321/258
f 634/325/259 639/325/259 640/326/259
f 633/324/260 638/324/260 639/325/260
f 646/327/262 642/327/262 638/324/262
f 648/330/263 644/330/263 642/327/263
f 649/328/265 645/328/265 643/329/265
f 650/331/266 657/331/266 645/328/266
f 651/332/267 654/332/267 656/334/267
f 632/323/268 637/323/268 654/332/268
f 652/333/588 655/333/588 657/331/588
f 653/334/270 656/334/270 659/336/270
f 662/336/271 659/336/271 661/338/271
f 665/338/272 661/338/272 670/340/272
f 667/340/273 670/340/273 671/341/273
f 669/342/274 673/342/274 672/339/274
f 676/343/275 674/343/275 673/342/275
f 677/344/276 675/344/276 674/343/276
f 678/345/277 683/345/277 675/344/277
f 679/346/278 681/346/278 682/347/278
f 668/341/279 671/341/279 681/346/279
f 687/348/280 684/348/280 683/345/280
f 689/350/281 686/350/281 684/348/281
f 691/352/282 694/352/282 686/350/282
f 693/354/283 697/354/283 694/352/283
f 699/355/285 698/355/285 697/354/285
f 692/353/286 696/353/286 698/355/286
f 690/351/287 695/351/287 696/353/287
f 688/349/288 685/349/288 695/351/288
f 680/347/289 682/347/289 685/349/289
f 666/339/290 672/339/290 660/337/290
f 664/337/291 660/337/291 658/335/291
f 663/335/292 658/335/292 655/333/292
f 700/356/293 702/356/293 644/330/293
f 701/357/294 703/357/294 702/356/294
f 706/358/589 704/358/589 703/357/589
f 707/359/296 705/359/296 704/358/296
f 708/360/297 714/360/297 705/359/297
f 709/361/298 712/361/298 713/362/298
f 647/329/590 643/329/590 712/361/590
f 711/363/300 715/363/300 714/360/300
f 718/364/301 716/364/301 715/363/301
f 719/365/302 717/365/302 716/364/302
f 721/367/303 723/367/303 717/365/303
f 722/368/304 725/368/304 723/367/304
f 731/369/305 726/369/305 725/368/305
f 729/370/306 727/370/306 728/371/306
f 720/366/307 724/366/307 727/370/307
f 732/372/308 734/372/308 726/369/308
f 733/373/591 735/373/591 734/372/591
f 740/375/310 737/375/310 735/373/310
f 742/377/311 738/377/311 737/375/311
f 741/374/312 736/374/312 739/376/312
f 743/376/313 739/376/313 747/378/313
f 744/378/314 747/378/314 749/380/314
f 746/380/315 749/380/315 752/383/315
f 755/383/316 752/383/316 753/385/316
f 758/384/317 754/384/317 751/382/317
f 759/386/592 762/386/592 754/384/592
f 761/388/319 764/388/319 762/386/319
f 769/390/320 766/390/320 764/388/320
f 771/392/321 767/392/321 766/390/321
f 772/391/322 768/391/322 776/393/322
f 770/389/323 765/389/323 768/391/323
f 773/393/324 776/393/324 777/394/324
f 775/395/325 778/395/325 767/392/325
f 782/396/326 779/396/326 778/395/326
f 784/398/327 781/398/327 779/396/327
f 785/399/328 790/399/328 781/398/328
f 786/400/329 788/400/329 789/401/329
f 786/400/330 783/397/330 780/397/330
f 794/402/331 791/402/331 790/399/331
f 796/404/332 793/404/332 791/402/332
f 798/406/333 800/406/333 793/404/333
f 799/407/334 802/407/334 800/406/334
f 808/409/335 803/409/335 802/407/335
f 806/408/336 804/408/336 805/410/336
f 797/405/337 801/405/337 804/408/337
f 809/411/338 812/411/338 803/409/338
f 811/413/339 814/413/339 812/411/339
f 820/414/340 815/414/340 814/413/340
f 818/415/341 816/415/341 817/416/341
f 810/412/342 813/412/342 816/415/342
f 821/417/343 824/417/343 815/414/343
f 823/419/344 826/419/344 824/417/344
f 831/421/345 828/421/345 826/419/345
f 834/423/346 830/423/346 828/421/346
f 835/425/347 840/425/347 830/423/347
f 836/424/348 838/424/348 839/426/348
f 832/422/349 829/422/349 838/424/349
f 844/427/350 841/427/350 840/425/350
f 846/429/351 843/429/351 841/427/351
f 847/430/352 852/430/352 843/429/352
f 848/431/353 850/431/353 851/432/353
f 845/428/354 842/428/354 850/431/354
f 856/433/355 853/433/355 852/430/355
f 858/435/356 855/435/356 853/433/356
f 860/437/357 863/437/357 855/435/357
f 862/439/358 866/439/358 863/437/358
f 872/441/359 867/441/359 866/439/359
f 870/440/360 868/440/360 869/442/360
f 861/438/361 864/438/361 868/440/361
f 873/443/362 876/443/362 867/441/362
f 875/445/363 878/445/363 876/443/363
f 884/446/364 879/446/364 878/445/364
f 882/447/365 880/447/365 881/448/365
f 874/444/366 877/444/366 880/447/366
f 885/449/367 888/449/367 879/446/367
f 887/451/368 890/451/368 888/449/368
f 895/453/369 892/453/369 890/451/369
f 898/455/370 894/455/370 892/453/370
f 899/457/231 904/457/231 894/455/231
f 900/456/371 902/456/371 903/458/371
f 896/454/372 893/454/372 902/456/372
f 908/459/373 905/459/373 904/457/373
f 910/461/374 907/461/374 905/459/374
f 911/462/593 916/462/593 907/461/593
f 912/463/376 914/463/376 915/464/376
f 909/460/377 906/460/377 914/463/377
f 920/465/378 917/465/378 916/462/378
f 922/467/379 919/467/379 917/465/379
f 924/469/380 926/469/380 919/467/380
f 925/470/381 928/470/381 926/469/381
f 933/472/382 930/472/382 928/470/382
f 935/474/383 931/474/383 930/472/383
f 936/473/384 932/473/384 940/475/384
f 934/471/385 929/471/385 932/473/385
f 937/475/386 940/475/386 359/180/386
f 939/476/387 942/476/387 941/477/387
f 945/478/388 943/478/388 942/476/388
f 946/479/389 944/479/389 943/478/389
f 389/200/390 385/200/390 944/479/390
f 938/477/391 941/477/391 931/474/391
f 923/468/392 927/468/392 929/471/392
f 921/466/393 918/466/393 927/468/393
f 913/464/394 915/464/394 918/466/394
f 901/458/395 903/458/395 906/460/395
f 897/452/396 891/452/396 893/454/396
f 886/450/397 889/450/397 891/452/397
f 883/448/398 881/448/398 889/450/398
f 871/442/399 869/442/399 877/444/399
f 859/436/400 865/436/400 864/438/400
f 857/434/401 854/434/401 865/436/401
f 849/432/402 851/432/402 854/434/402
f 837/426/403 839/426/403 842/428/403
f 833/420/404 827/420/404 829/422/404
f 822/418/405 825/418/405 827/420/405
f 819/416/406 817/416/406 825/418/406
f 807/410/407 805/410/407 813/412/407
f 795/403/408 792/403/408 801/405/408
f 787/401/409 789/401/409 792/403/409
f 774/394/410 777/394/410 780/397/410
f 760/387/411 763/387/411 765/389/411
f 757/385/412 753/385/412 763/387/412
f 756/382/413 751/382/413 750/381/413
f 947/381/594 750/381/594 748/379/594
f 745/379/415 748/379/415 738/377/415
f 730/371/416 728/371/416 736/374/416
f 710/362/595 713/362/595 724/366/595
f 618/315/418 615/315/418 624/318/418
f 594/303/419 600/303/419 599/305/419
f 592/301/420 589/301/420 600/303/420
f 583/299/421 586/299/421 589/301/421
f 568/288/422 561/288/422 564/290/422
f 948/286/423 562/286/423 561/288/423
f 555/284/424 559/284/424 562/286/424
f 553/281/425 549/281/425 547/280/425
f 539/274/426 534/274/426 533/273/426
f 538/273/427 533/273/427 531/271/427
f 537/271/428 531/271/428 529/269/428
f 526/269/429 529/269/429 521/267/429
f 496/254/430 493/254/430 504/255/430
f 485/248/431 483/248/431 491/251/431
f 497/251/432 491/251/432 493/254/432
f 473/242/433 471/242/433 479/244/433
f 453/233/434 455/233/434 467/236/434
f 461/236/435 467/236/435 466/238/435
f 440/226/436 443/226/436 446/230/436
f 425/218/437 423/218/437 431/221/437
f 416/214/438 412/211/438 408/211/438
f 371/192/7 370/191/7 949/196/7
f 950/195/7 951/194/7 372/193/7
f 951/194/7 355/182/7 373/189/7
f 340/173/439 338/171/439 334/171/439
f 337/168/440 332/168/440 330/167/440
f 326/166/441 329/166/441 952/480/441
f 957/481/442 955/481/442 954/483/442
f 959/484/443 956/484/443 955/481/443
f 960/480/444 952/480/444 966/486/444
f 962/486/445 966/486/445 970/489/445
f 965/489/446 970/489/446 972/491/446
f 975/491/447 972/491/447 974/493/447
f 978/493/448 974/493/448 983/495/448
f 980/495/449 983/495/449 985/497/449
f 982/496/450 986/496/450 984/494/450
f 982/496/451 990/498/451 987/498/451
f 991/500/452 988/500/452 987/498/452
f 981/497/453 985/497/453 989/499/453
f 992/499/454 989/499/454 996/501/454
f 993/501/455 996/501/455 998/503/455
f 995/503/456 998/503/456 1000/505/456
f 1002/505/457 1000/505/457 1001/506/457
f 1004/506/458 1001/506/458 1009/508/458
f 1006/508/459 1009/508/459 1011/510/459
f 1008/509/460 1012/509/460 1010/507/460
f 1016/511/461 1013/511/461 1012/509/461
f 1017/513/462 1014/513/462 1013/511/462
f 1007/510/463 1011/510/463 1015/512/463
f 1018/512/464 1015/512/464 1022/514/464
f 1019/514/465 1022/514/465 1023/516/465
f 1021/515/466 1024/515/466 1014/513/466
f 1029/518/467 1026/518/467 1024/515/467
f 1032/520/468 1028/520/468 1026/518/468
f 1034/522/469 1038/522/469 1028/520/469
f 1035/524/470 1040/524/470 1038/522/470
f 1037/523/471 1042/523/471 1041/525/471
f 1033/521/472 1039/521/472 1042/523/472
f 1036/525/473 1041/525/473 1043/526/473
f 1046/526/474 1043/526/474 1044/527/474
f 1035/524/475 1048/528/475 1045/528/475
f 1049/529/476 1053/529/476 1045/528/476
f 1050/530/477 1054/530/477 1053/529/477
f 1052/532/478 1056/532/478 1055/531/478
f 1047/527/479 1044/527/479 1056/532/479
f 1051/531/480 1055/531/480 1057/533/480
f 1060/533/481 1057/533/481 1058/534/481
f 1062/535/482 1059/535/482 1054/530/482
f 1063/536/483 1067/536/483 1059/535/483
f 1064/538/484 1068/538/484 1067/536/484
f 1066/537/485 1070/537/485 1069/539/485
f 1061/534/486 1058/534/486 1070/537/486
f 1065/539/487 1069/539/487 1071/540/487
f 1074/540/488 1071/540/488 1072/541/488
f 1076/542/489 1073/542/489 1068/538/489
f 1077/543/490 1081/543/490 1073/542/490
f 1080/546/491 1084/546/491 1081/543/491
f 1089/548/492 1086/548/492 1084/546/492
f 1091/550/493 1088/550/493 1086/548/493
f 1092/547/494 1085/547/494 1087/549/494
f 1078/544/495 1082/544/495 1085/547/495
f 1093/552/496 1098/552/496 1088/550/496
f 1094/551/497 1096/551/497 1097/553/497
f 1090/549/498 1087/549/498 1096/551/498
f 1093/552/499 1103/555/499 1100/555/499
f 1105/557/500 1101/557/500 1100/555/500
f 1104/554/501 1099/554/501 1102/556/501
f 1106/556/596 1102/556/596 1110/558/596
f 1107/558/503 1110/558/503 1112/560/503
f 1109/560/504 1112/560/504 1113/561/504
f 1116/561/505 1113/561/505 1115/563/505
f 1118/563/506 1115/563/506 1123/565/506
f 1120/565/507 1123/565/507 1126/567/507
f 1122/567/508 1126/567/508 1127/569/508
f 1130/568/509 1128/568/509 1125/566/509
f 1132/570/510 1129/570/510 1128/568/510
f 1133/572/511 1137/572/511 1129/570/511
f 1131/569/512 1127/569/512 1136/571/512
f 1134/571/513 1136/571/513 1138/573/513
f 1135/573/597 1138/573/597 1140/575/597
f 1143/575/515 1140/575/515 1142/577/515
f 1146/577/516 1142/577/516 1151/579/516
f 1148/579/517 1151/579/517 1154/581/517
f 1150/581/518 1154/581/518 1156/583/518
f 1160/583/519 1156/583/519 1157/585/519
f 1164/586/520 1159/586/520 1158/584/520
f 1165/587/521 1168/587/521 1159/586/521
f 1166/588/522 1169/588/522 1168/587/522
f 1167/589/523 1170/589/523 59/28/523
f 1162/585/524 1157/585/524 1170/589/524
f 1173/590/525 1171/590/525 1169/588/525
f 1174/591/526 1172/591/526 1171/590/526
f 54/29/527 60/29/527 1172/591/527
f 1163/584/598 1158/584/598 1155/582/598
f 1161/582/529 1155/582/529 1153/580/529
f 1149/580/530 1153/580/530 1152/578/530
f 1147/578/531 1152/578/531 1141/576/531
f 1145/576/532 1141/576/532 1139/574/532
f 1144/574/533 1139/574/533 1137/572/533
f 1121/566/534 1125/566/534 1124/564/534
f 1119/564/535 1124/564/535 1114/562/535
f 1117/562/536 1114/562/536 1111/559/536
f 1108/559/537 1111/559/537 1101/557/537
f 1104/554/538 1095/553/538 1097/553/538
f 1079/545/539 1083/545/539 1082/544/539
f 1075/541/540 1072/541/540 1083/545/540
f 1031/519/541 1027/519/541 1039/521/541
f 1030/517/542 1025/517/542 1027/519/542
f 1020/516/543 1023/516/543 1025/517/543
f 1005/507/544 1010/507/544 999/504/544
f 1003/504/545 999/504/545 997/502/545
f 994/502/546 997/502/546 988/500/546
f 977/492/547 979/494/547 984/494/547
f 977/492/548 973/492/548 971/490/548
f 976/490/549 971/490/549 969/488/549
f 964/488/550 969/488/550 968/487/550
f 963/487/551 968/487/551 967/485/551
f 961/485/599 967/485/599 956/484/599
f 958/483/553 954/483/553 953/482/553
f 322/162/554 1175/482/554 953/482/554
f 298/151/555 295/151/555 304/152/555
f 287/146/556 291/146/556 295/151/556
f 259/133/557 263/133/557 266/136/557
f 256/130/558 253/130/558 264/132/558
f 260/132/559 264/132/559 263/133/559
f 234/121/560 238/121/560 237/119/560
f 234/121/561 230/117/561 227/117/561
f 219/113/562 223/113/562 227/117/562
f 204/104/563 209/104/563 1176/103/563
f 203/103/564 1176/103/564 198/101/564
f 201/101/565 198/101/565 195/99/565
f 177/90/566 173/90/566 183/92/566
f 176/87/567 171/87/567 169/85/567
f 166/85/568 169/85/568 160/83/568
f 141/74/569 145/74/569 148/76/569
f 139/71/570 144/71/570 134/69/570
f 137/69/571 134/69/571 131/67/571
f 112/57/572 109/57/572 119/60/572
f 99/50/573 96/50/573 105/53/573
f 73/35/574 67/35/574 66/34/574
f 1177/34/575 66/34/575 65/33/575
f 1178/33/576 65/33/576 63/32/576
f 57/32/600 63/32/600 62/31/600
f 56/31/578 62/31/578 61/30/578
f 55/30/579 61/30/579 60/29/579
f 49/24/580 46/24/580 43/21/580
f 37/16/581 31/16/581 22/12/581
f 13/7/582 19/7/582 8/5/582
f 11/5/583 8/5/583 5/1/583
