# Blender 4.4.1
# www.blender.org
mtllib 9.mtl
o 9
v -0.177096 -0.222352 0.050000
v -0.177096 -0.204918 0.050000
v -0.088109 -0.205945 0.050000
v -0.096369 -0.208792 0.050000
v -0.104594 -0.211368 0.050000
v -0.112785 -0.213674 0.050000
v -0.120943 -0.215708 0.050000
v -0.129066 -0.217470 0.050000
v -0.137156 -0.218962 0.050000
v -0.145212 -0.220182 0.050000
v -0.153234 -0.221131 0.050000
v -0.161222 -0.221809 0.050000
v -0.169176 -0.222216 0.050000
v -0.177096 -0.222352 -0.050000
v -0.177096 -0.204918 -0.050000
v -0.088109 -0.205945 -0.050000
v -0.096369 -0.208792 -0.050000
v -0.104594 -0.211368 -0.050000
v -0.112785 -0.213674 -0.050000
v -0.120943 -0.215708 -0.050000
v -0.129066 -0.217470 -0.050000
v -0.137156 -0.218962 -0.050000
v -0.145212 -0.220182 -0.050000
v -0.153234 -0.221131 -0.050000
v -0.161222 -0.221809 -0.050000
v -0.169176 -0.222216 -0.050000
v -0.169360 -0.203896 -0.050000
v -0.079816 -0.202826 -0.050000
v -0.071530 -0.199468 -0.050000
v -0.161726 -0.202690 -0.050000
v -0.154193 -0.201300 -0.050000
v -0.146762 -0.199727 -0.050000
v -0.079816 -0.202826 0.050000
v -0.071530 -0.199468 0.050000
v -0.169360 -0.203896 0.050000
v -0.161726 -0.202690 0.050000
v -0.154193 -0.201300 0.050000
v -0.146762 -0.199727 0.050000
v -0.139432 -0.197969 0.050000
v -0.132205 -0.196027 0.050000
v -0.139432 -0.197969 -0.050000
v -0.132205 -0.196027 -0.050000
v -0.125079 -0.193901 -0.050000
v -0.063293 -0.195901 -0.050000
v -0.055104 -0.192126 -0.050000
v -0.063293 -0.195901 0.050000
v -0.125079 -0.193901 0.050000
v -0.055104 -0.192126 0.050000
v -0.118054 -0.191591 0.050000
v -0.111132 -0.189097 0.050000
v -0.046963 -0.188143 0.050000
v -0.104311 -0.186419 0.050000
v -0.038871 -0.183951 0.050000
v -0.046963 -0.188143 -0.050000
v -0.111132 -0.189097 -0.050000
v -0.104311 -0.186419 -0.050000
v -0.038871 -0.183951 -0.050000
v -0.030827 -0.179552 -0.050000
v -0.097591 -0.183557 -0.050000
v -0.090974 -0.180511 -0.050000
v -0.084467 -0.177305 -0.050000
v -0.090974 -0.180511 0.050000
v -0.097591 -0.183557 0.050000
v -0.084467 -0.177305 0.050000
v -0.030827 -0.179552 0.050000
v -0.022832 -0.174944 0.050000
v -0.071818 -0.170486 0.050000
v -0.014885 -0.170128 0.050000
v -0.078082 -0.173963 0.050000
v -0.022832 -0.174944 -0.050000
v -0.071818 -0.170486 -0.050000
v -0.014885 -0.170128 -0.050000
v -0.078082 -0.173963 -0.050000
v -0.065675 -0.166874 -0.050000
v -0.006986 -0.165104 -0.050000
v 0.000864 -0.159871 -0.050000
v -0.059654 -0.163125 -0.050000
v -0.006986 -0.165104 0.050000
v 0.000864 -0.159871 0.050000
v -0.065675 -0.166874 0.050000
v -0.059654 -0.163125 0.050000
v -0.053753 -0.159242 0.050000
v -0.047973 -0.155222 0.050000
v -0.053753 -0.159242 -0.050000
v -0.047973 -0.155222 -0.050000
v -0.042314 -0.151067 -0.050000
v 0.008665 -0.154430 -0.050000
v 0.016418 -0.148781 -0.050000
v 0.008665 -0.154430 0.050000
v -0.042314 -0.151067 0.050000
v 0.016418 -0.148781 0.050000
v 0.024079 -0.142953 0.050000
v -0.036777 -0.146776 0.050000
v -0.031360 -0.142350 0.050000
v -0.036777 -0.146776 -0.050000
v -0.031360 -0.142350 -0.050000
v 0.024079 -0.142953 -0.050000
v -0.026064 -0.137788 -0.050000
v 0.031605 -0.136975 -0.050000
v -0.020890 -0.133091 -0.050000
v 0.038995 -0.130846 -0.050000
v 0.031605 -0.136975 0.050000
v -0.026064 -0.137788 0.050000
v -0.020890 -0.133091 0.050000
v 0.038995 -0.130846 0.050000
v -0.015849 -0.128292 0.050000
v 0.046249 -0.124568 0.050000
v 0.053368 -0.118139 0.050000
v -0.010953 -0.123425 0.050000
v -0.006202 -0.118490 0.050000
v 0.046249 -0.124568 -0.050000
v 0.053368 -0.118139 -0.050000
v -0.015849 -0.128292 -0.050000
v -0.010953 -0.123425 -0.050000
v -0.006202 -0.118490 -0.050000
v -0.001597 -0.113488 -0.050000
v 0.002863 -0.108417 -0.050000
v 0.060351 -0.111560 -0.050000
v -0.001597 -0.113488 0.050000
v 0.002863 -0.108417 0.050000
v 0.060351 -0.111560 0.050000
v 0.067199 -0.104831 0.050000
v 0.011348 -0.098073 0.050000
v 0.073911 -0.097952 0.050000
v 0.007178 -0.103279 0.050000
v 0.067199 -0.104831 -0.050000
v 0.011348 -0.098073 -0.050000
v 0.073911 -0.097952 -0.050000
v 0.007178 -0.103279 -0.050000
v 0.015372 -0.092800 -0.050000
v 0.080487 -0.090923 -0.050000
v 0.019251 -0.087458 -0.050000
v 0.086928 -0.083744 -0.050000
v 0.080487 -0.090923 0.050000
v 0.015372 -0.092800 0.050000
v 0.019251 -0.087458 0.050000
v 0.086928 -0.083744 0.050000
v 0.093233 -0.076414 0.050000
v 0.022985 -0.082049 0.050000
v 0.026573 -0.076572 0.050000
v 0.030017 -0.071027 0.050000
v 0.026573 -0.076572 -0.050000
v 0.022985 -0.082049 -0.050000
v 0.030017 -0.071027 -0.050000
v 0.093233 -0.076414 -0.050000
v 0.099403 -0.068935 -0.050000
v 0.105398 -0.061337 -0.050000
v 0.033300 -0.065443 -0.050000
v 0.099403 -0.068935 0.050000
v 0.105398 -0.061337 0.050000
v 0.033300 -0.065443 0.050000
v 0.036409 -0.059850 0.050000
v 0.039344 -0.054247 0.050000
v 0.036409 -0.059850 -0.050000
v 0.039344 -0.054247 -0.050000
v 0.042104 -0.048634 -0.050000
v 0.111180 -0.053651 -0.050000
v 0.116750 -0.045879 -0.050000
v 0.111180 -0.053651 0.050000
v 0.042104 -0.048634 0.050000
v 0.116750 -0.045879 0.050000
v 0.044690 -0.043012 0.050000
v 0.122106 -0.038019 0.050000
v 0.047101 -0.037380 0.050000
v 0.049339 -0.031738 0.050000
v 0.127249 -0.030072 0.050000
v 0.122106 -0.038019 -0.050000
v 0.044690 -0.043012 -0.050000
v 0.047101 -0.037380 -0.050000
v 0.049339 -0.031738 -0.050000
v 0.127249 -0.030072 -0.050000
v 0.132178 -0.022038 -0.050000
v 0.051402 -0.026086 -0.050000
v 0.053291 -0.020425 -0.050000
v 0.051402 -0.026086 0.050000
v 0.053291 -0.020425 0.050000
v 0.132178 -0.022038 0.050000
v 0.136895 -0.013917 0.050000
v 0.055005 -0.014754 0.050000
v 0.056545 -0.009074 0.050000
v 0.055005 -0.014754 -0.050000
v 0.056545 -0.009074 -0.050000
v 0.136895 -0.013917 -0.050000
v 0.141399 -0.005708 -0.050000
v 0.145689 0.002587 -0.050000
v 0.057910 -0.003384 -0.050000
v 0.055819 -0.001292 -0.050000
v 0.141399 -0.005708 0.050000
v 0.145689 0.002587 0.050000
v 0.057910 -0.003384 0.050000
v 0.055819 -0.001292 0.050000
v 0.023917 -0.000139 0.050000
v 0.019208 -0.002686 0.050000
v 0.051213 -0.004241 0.050000
v 0.014513 -0.005026 0.050000
v 0.046695 -0.007045 0.050000
v 0.051213 -0.004241 -0.050000
v 0.019208 -0.002686 -0.050000
v 0.014513 -0.005026 -0.050000
v 0.046695 -0.007045 -0.050000
v 0.009842 -0.007161 -0.050000
v 0.042264 -0.009704 -0.050000
v 0.005195 -0.009093 -0.050000
v 0.000573 -0.010822 -0.050000
v 0.037920 -0.012217 -0.050000
v 0.042264 -0.009704 0.050000
v 0.009842 -0.007161 0.050000
v 0.005195 -0.009093 0.050000
v 0.000573 -0.010822 0.050000
v 0.037920 -0.012217 0.050000
v -0.004025 -0.012348 0.050000
v 0.033663 -0.014585 0.050000
v -0.008599 -0.013670 0.050000
v -0.013149 -0.014788 0.050000
v 0.029494 -0.016808 0.050000
v 0.033663 -0.014585 -0.050000
v -0.004025 -0.012348 -0.050000
v -0.008599 -0.013670 -0.050000
v -0.013149 -0.014788 -0.050000
v 0.029494 -0.016808 -0.050000
v -0.017674 -0.015704 -0.050000
v -0.022176 -0.016416 -0.050000
v -0.026653 -0.016924 -0.050000
v 0.025411 -0.018885 -0.050000
v -0.031106 -0.017229 -0.050000
v -0.035534 -0.017331 -0.050000
v -0.109453 -0.018028 -0.050000
v -0.104388 -0.020701 -0.050000
v 0.021416 -0.020818 -0.050000
v 0.025411 -0.018885 0.050000
v -0.026653 -0.016924 0.050000
v -0.031106 -0.017229 0.050000
v -0.035534 -0.017331 0.050000
v -0.109453 -0.018028 0.050000
v -0.104388 -0.020701 0.050000
v 0.021416 -0.020818 0.050000
v -0.099187 -0.023142 0.050000
v 0.017508 -0.022605 0.050000
v 0.013687 -0.024246 0.050000
v 0.017508 -0.022605 -0.050000
v -0.099187 -0.023142 -0.050000
v 0.013687 -0.024246 -0.050000
v -0.093850 -0.025350 -0.050000
v 0.009953 -0.025743 -0.050000
v -0.088378 -0.027326 -0.050000
v 0.006307 -0.027094 -0.050000
v 0.009953 -0.025743 0.050000
v -0.093850 -0.025350 0.050000
v -0.088378 -0.027326 0.050000
v 0.006307 -0.027094 0.050000
v 0.002684 -0.028319 0.050000
v -0.082770 -0.029070 0.050000
v -0.000977 -0.029438 0.050000
v 0.002684 -0.028319 -0.050000
v -0.082770 -0.029070 -0.050000
v -0.000977 -0.029438 -0.050000
v -0.077027 -0.030580 -0.050000
v -0.004677 -0.030450 -0.050000
v -0.008415 -0.031355 -0.050000
v -0.004677 -0.030450 0.050000
v -0.077027 -0.030580 0.050000
v -0.008415 -0.031355 0.050000
v -0.071147 -0.031859 0.050000
v -0.012192 -0.032154 0.050000
v -0.065133 -0.032905 0.050000
v -0.016009 -0.032847 0.050000
v -0.012192 -0.032154 -0.050000
v -0.071147 -0.031859 -0.050000
v -0.065133 -0.032905 -0.050000
v -0.016009 -0.032847 -0.050000
v -0.019863 -0.033433 -0.050000
v -0.058983 -0.033719 -0.050000
v -0.023757 -0.033912 -0.050000
v -0.019863 -0.033433 0.050000
v -0.058983 -0.033719 0.050000
v -0.023757 -0.033912 0.050000
v -0.052697 -0.034300 0.050000
v -0.027689 -0.034285 0.050000
v -0.031660 -0.034551 0.050000
v -0.027689 -0.034285 -0.050000
v -0.052697 -0.034300 -0.050000
v -0.031660 -0.034551 -0.050000
v -0.046275 -0.034648 -0.050000
v -0.035670 -0.034711 -0.050000
v -0.039718 -0.034765 -0.050000
v -0.035670 -0.034711 0.050000
v -0.046275 -0.034648 0.050000
v -0.039718 -0.034765 0.050000
v -0.114359 -0.015152 0.050000
v -0.053704 -0.015200 0.050000
v -0.049503 -0.016132 0.050000
v -0.045075 -0.016798 0.050000
v -0.040418 -0.017198 0.050000
v -0.040418 -0.017198 -0.050000
v -0.045075 -0.016798 -0.050000
v -0.049503 -0.016132 -0.050000
v -0.053704 -0.015200 -0.050000
v -0.057678 -0.014001 -0.050000
v -0.114359 -0.015152 -0.050000
v -0.119081 -0.012101 -0.050000
v -0.061424 -0.012537 -0.050000
v -0.064942 -0.010805 -0.050000
v -0.061424 -0.012537 0.050000
v -0.119081 -0.012101 0.050000
v -0.057678 -0.014001 0.050000
v -0.064942 -0.010805 0.050000
v -0.123618 -0.008875 0.050000
v -0.068232 -0.008808 0.050000
v -0.071295 -0.006544 0.050000
v -0.068232 -0.008808 -0.050000
v -0.123618 -0.008875 -0.050000
v -0.071295 -0.006544 -0.050000
v -0.127972 -0.005476 -0.050000
v -0.074131 -0.004013 -0.050000
v -0.132141 -0.001902 -0.050000
v -0.076739 -0.001217 -0.050000
v -0.074131 -0.004013 0.050000
v -0.127972 -0.005476 0.050000
v -0.132141 -0.001902 0.050000
v -0.076739 -0.001217 0.050000
v -0.079119 0.001846 0.050000
v -0.081291 0.005190 0.050000
v -0.136127 0.001846 0.050000
v -0.079119 0.001846 -0.050000
v -0.081291 0.005190 -0.050000
v -0.136127 0.001846 -0.050000
v -0.139929 0.005769 -0.050000
v -0.143546 0.009866 -0.050000
v -0.083274 0.008829 -0.050000
v -0.139929 0.005769 0.050000
v -0.143546 0.009866 0.050000
v -0.083274 0.008829 0.050000
v -0.085068 0.012764 0.050000
v -0.086673 0.016994 0.050000
v -0.146980 0.014137 0.050000
v -0.085068 0.012764 -0.050000
v -0.086673 0.016994 -0.050000
v -0.146980 0.014137 -0.050000
v -0.150229 0.018583 -0.050000
v -0.153294 0.023203 -0.050000
v -0.088090 0.021520 -0.050000
v -0.150229 0.018583 0.050000
v -0.153294 0.023203 0.050000
v -0.088090 0.021520 0.050000
v -0.089318 0.026341 0.050000
v -0.156176 0.027997 0.050000
v -0.090356 0.031457 0.050000
v -0.089318 0.026341 -0.050000
v -0.156176 0.027997 -0.050000
v -0.090356 0.031457 -0.050000
v -0.091206 0.036869 -0.050000
v -0.158849 0.032932 -0.050000
v -0.161290 0.037973 -0.050000
v -0.158849 0.032932 0.050000
v -0.161290 0.037973 0.050000
v -0.091206 0.036869 0.050000
v -0.091867 0.042576 0.050000
v -0.092340 0.048578 0.050000
v -0.163498 0.043121 0.050000
v -0.165474 0.048375 0.050000
v -0.091867 0.042576 -0.050000
v -0.092340 0.048578 -0.050000
v -0.163498 0.043121 -0.050000
v -0.165474 0.048375 -0.050000
v -0.167217 0.053736 -0.050000
v -0.168728 0.059203 -0.050000
v -0.092623 0.054876 -0.050000
v -0.167217 0.053736 0.050000
v -0.168728 0.059203 0.050000
v -0.092623 0.054876 0.050000
v -0.092717 0.061470 0.050000
v -0.170006 0.064777 0.050000
v -0.092690 0.065005 0.050000
v -0.092717 0.061470 -0.050000
v -0.170006 0.064777 -0.050000
v -0.092690 0.065005 -0.050000
v -0.092611 0.068637 -0.050000
v -0.171052 0.070458 -0.050000
v -0.092477 0.072366 -0.050000
v -0.092611 0.068637 0.050000
v -0.171052 0.070458 0.050000
v -0.092477 0.072366 0.050000
v -0.092291 0.076192 0.050000
v -0.092051 0.080114 0.050000
v -0.171866 0.076245 0.050000
v -0.092291 0.076192 -0.050000
v -0.092051 0.080114 -0.050000
v -0.171866 0.076245 -0.050000
v -0.172447 0.082138 -0.050000
v -0.172795 0.088139 -0.050000
v -0.091758 0.084134 -0.050000
v -0.172447 0.082138 0.050000
v -0.172795 0.088139 0.050000
v -0.091758 0.084134 0.050000
v -0.091412 0.088250 0.050000
v -0.091012 0.092463 0.050000
v -0.091412 0.088250 -0.050000
v -0.091012 0.092463 -0.050000
v -0.090560 0.096773 -0.050000
v -0.172912 0.094245 -0.050000
v -0.172799 0.100395 -0.050000
v -0.172912 0.094245 0.050000
v -0.172799 0.100395 0.050000
v -0.090560 0.096773 0.050000
v -0.090054 0.101180 0.050000
v -0.089494 0.105684 0.050000
v -0.090054 0.101180 -0.050000
v -0.089494 0.105684 -0.050000
v -0.172457 0.106526 -0.050000
v -0.088882 0.110284 -0.050000
v -0.171888 0.112638 -0.050000
v -0.088209 0.114945 -0.050000
v -0.088882 0.110284 0.050000
v -0.172457 0.106526 0.050000
v -0.171888 0.112638 0.050000
v -0.088209 0.114945 0.050000
v -0.087468 0.119631 0.050000
v -0.171092 0.118730 0.050000
v -0.170067 0.124803 0.050000
v -0.086659 0.124340 0.050000
v -0.171092 0.118730 -0.050000
v -0.170067 0.124803 -0.050000
v -0.086659 0.124340 -0.050000
v -0.087468 0.119631 -0.050000
v -0.085783 0.129074 -0.050000
v -0.168815 0.130856 -0.050000
v -0.084838 0.133832 -0.050000
v -0.085783 0.129074 0.050000
v -0.168815 0.130856 0.050000
v -0.084838 0.133832 0.050000
v -0.083826 0.138614 0.050000
v -0.167336 0.136890 0.050000
v -0.165629 0.142905 0.050000
v -0.167336 0.136890 -0.050000
v -0.165629 0.142905 -0.050000
v -0.083826 0.138614 -0.050000
v -0.082746 0.143420 -0.050000
v -0.081598 0.148251 -0.050000
v -0.082746 0.143420 0.050000
v -0.081598 0.148251 0.050000
v -0.080383 0.153106 0.050000
v -0.163694 0.148900 0.050000
v -0.161532 0.154876 0.050000
v -0.163694 0.148900 -0.050000
v -0.161532 0.154876 -0.050000
v -0.080383 0.153106 -0.050000
v -0.079099 0.157985 -0.050000
v -0.159142 0.160832 -0.050000
v -0.077748 0.162888 -0.050000
v -0.079099 0.157985 0.050000
v -0.159142 0.160832 0.050000
v -0.077748 0.162888 0.050000
v -0.156525 0.166770 0.050000
v -0.076329 0.167816 0.050000
v -0.153709 0.172656 0.050000
v -0.074830 0.172724 0.050000
v -0.076329 0.167816 -0.050000
v -0.156525 0.166770 -0.050000
v -0.153709 0.172656 -0.050000
v -0.074830 0.172724 -0.050000
v -0.073240 0.177569 -0.050000
v -0.071557 0.182351 -0.050000
v -0.150723 0.178460 -0.050000
v -0.073240 0.177569 0.050000
v -0.071557 0.182351 0.050000
v -0.150723 0.178460 0.050000
v -0.147568 0.184182 0.050000
v -0.144244 0.189821 0.050000
v -0.069782 0.187070 0.050000
v -0.147568 0.184182 -0.050000
v -0.144244 0.189821 -0.050000
v -0.069782 0.187070 -0.050000
v -0.067915 0.191727 -0.050000
v -0.065956 0.196320 -0.050000
v -0.140750 0.195378 -0.050000
v -0.067915 0.191727 0.050000
v -0.065956 0.196320 0.050000
v -0.140750 0.195378 0.050000
v -0.137086 0.200853 0.050000
v -0.063905 0.200850 0.050000
v -0.061763 0.205318 0.050000
v -0.063905 0.200850 -0.050000
v -0.137086 0.200853 -0.050000
v -0.061763 0.205318 -0.050000
v -0.133253 0.206245 -0.050000
v -0.059528 0.209722 -0.050000
v -0.129251 0.211555 -0.050000
v -0.057201 0.214063 -0.050000
v -0.059528 0.209722 0.050000
v -0.133253 0.206245 0.050000
v -0.129251 0.211555 0.050000
v -0.057201 0.214063 0.050000
v -0.125078 0.216783 0.050000
v -0.054782 0.218342 0.050000
v -0.052271 0.222558 0.050000
v -0.120737 0.221928 0.050000
v -0.054782 0.218342 -0.050000
v -0.052271 0.222558 -0.050000
v -0.125078 0.216783 -0.050000
v -0.120737 0.221928 -0.050000
v -0.116226 0.226991 -0.050000
v -0.049665 0.226676 -0.050000
v -0.046963 0.230664 -0.050000
v -0.049665 0.226676 0.050000
v -0.046963 0.230664 0.050000
v -0.116226 0.226991 0.050000
v -0.111546 0.231972 0.050000
v -0.106720 0.236827 0.050000
v -0.044164 0.234522 0.050000
v -0.111546 0.231972 -0.050000
v -0.106720 0.236827 -0.050000
v -0.044164 0.234522 -0.050000
v -0.041268 0.238248 -0.050000
v -0.101773 0.241512 -0.050000
v -0.038275 0.241844 -0.050000
v -0.041268 0.238248 0.050000
v -0.101773 0.241512 0.050000
v -0.038275 0.241844 0.050000
v -0.035186 0.245309 0.050000
v -0.096705 0.246028 0.050000
v -0.031999 0.248643 0.050000
v -0.035186 0.245309 -0.050000
v -0.096705 0.246028 -0.050000
v -0.031999 0.248643 -0.050000
v -0.091516 0.250374 -0.050000
v -0.028716 0.251846 -0.050000
v -0.025336 0.254919 -0.050000
v -0.086206 0.254551 -0.050000
v -0.028716 0.251846 0.050000
v -0.025336 0.254919 0.050000
v -0.091516 0.250374 0.050000
v -0.086206 0.254551 0.050000
v -0.080775 0.258558 0.050000
v -0.021858 0.257861 0.050000
v -0.018285 0.260672 0.050000
v -0.021858 0.257861 -0.050000
v -0.080775 0.258558 -0.050000
v -0.018285 0.260672 -0.050000
v -0.075223 0.262396 -0.050000
v -0.014614 0.263353 -0.050000
v -0.010832 0.265859 -0.050000
v -0.014614 0.263353 0.050000
v -0.075223 0.262396 0.050000
v -0.010832 0.265859 0.050000
v -0.006924 0.268147 0.050000
v -0.069550 0.266064 0.050000
v -0.063755 0.269563 0.050000
v -0.069550 0.266064 -0.050000
v -0.063755 0.269563 -0.050000
v -0.006924 0.268147 -0.050000
v -0.002890 0.270217 -0.050000
v 0.001270 0.272069 -0.050000
v -0.002890 0.270217 0.050000
v 0.001270 0.272069 0.050000
v -0.057840 0.272893 0.050000
v 0.005556 0.273704 0.050000
v 0.009968 0.275120 0.050000
v 0.005556 0.273704 -0.050000
v -0.057840 0.272893 -0.050000
v 0.009968 0.275120 -0.050000
v -0.051803 0.276053 -0.050000
v 0.014505 0.276319 -0.050000
v 0.019169 0.277300 -0.050000
v 0.014505 0.276319 0.050000
v -0.051803 0.276053 0.050000
v 0.019169 0.277300 0.050000
v 0.023958 0.278062 0.050000
v 0.028873 0.278607 0.050000
v 0.023958 0.278062 -0.050000
v 0.028873 0.278607 -0.050000
v 0.033915 0.278934 -0.050000
v -0.045646 0.279043 -0.050000
v 0.039082 0.279043 -0.050000
v 0.033915 0.278934 0.050000
v -0.045646 0.279043 0.050000
v 0.039082 0.279043 0.050000
v 0.100091 0.281706 0.050000
v 0.105764 0.278605 0.050000
v 0.044320 0.278900 0.050000
v 0.049339 0.278471 0.050000
v 0.044320 0.278900 -0.050000
v 0.049339 0.278471 -0.050000
v 0.105764 0.278605 -0.050000
v 0.100091 0.281706 -0.050000
v 0.111258 0.275208 -0.050000
v 0.054141 0.277757 -0.050000
v 0.058724 0.276757 -0.050000
v 0.063090 0.275471 -0.050000
v 0.067238 0.273900 -0.050000
v 0.116558 0.271556 -0.050000
v 0.111258 0.275208 0.050000
v 0.054141 0.277757 0.050000
v 0.058724 0.276757 0.050000
v 0.063090 0.275471 0.050000
v 0.067238 0.273900 0.050000
v 0.116558 0.271556 0.050000
v 0.071167 0.272043 0.050000
v 0.074879 0.269900 0.050000
v 0.121650 0.267692 0.050000
v 0.078373 0.267471 0.050000
v 0.126534 0.263614 0.050000
v 0.121650 0.267692 -0.050000
v 0.074879 0.269900 -0.050000
v 0.078373 0.267471 -0.050000
v 0.126534 0.263614 -0.050000
v 0.081650 0.264757 -0.050000
v 0.084708 0.261757 -0.050000
v 0.131210 0.259323 -0.050000
v 0.087548 0.258471 -0.050000
v 0.135677 0.254820 -0.050000
v 0.131210 0.259323 0.050000
v 0.084708 0.261757 0.050000
v 0.087548 0.258471 0.050000
v 0.135677 0.254820 0.050000
v 0.090165 0.254842 0.050000
v 0.092555 0.250810 0.050000
v 0.139936 0.250103 0.050000
v 0.094718 0.246377 0.050000
v 0.143987 0.245173 0.050000
v 0.139936 0.250103 -0.050000
v 0.092555 0.250810 -0.050000
v 0.094718 0.246377 -0.050000
v 0.143987 0.245173 -0.050000
v 0.096652 0.241541 -0.050000
v 0.147830 0.240030 -0.050000
v 0.098359 0.236304 -0.050000
v 0.151464 0.234674 -0.050000
v 0.147830 0.240030 0.050000
v 0.096652 0.241541 0.050000
v 0.098359 0.236304 0.050000
v 0.151464 0.234674 0.050000
v 0.099839 0.230664 0.050000
v 0.154891 0.229105 0.050000
v 0.101091 0.224623 0.050000
v 0.158108 0.223323 0.050000
v 0.154891 0.229105 -0.050000
v 0.099839 0.230664 -0.050000
v 0.101091 0.224623 -0.050000
v 0.158108 0.223323 -0.050000
v 0.102115 0.218180 -0.050000
v 0.161119 0.217327 -0.050000
v 0.102911 0.211335 -0.050000
v 0.163903 0.211151 -0.050000
v 0.161119 0.217327 0.050000
v 0.102115 0.218180 0.050000
v 0.102911 0.211335 0.050000
v 0.163903 0.211151 0.050000
v 0.103481 0.204088 0.050000
v 0.166445 0.204824 0.050000
v 0.168746 0.198346 0.050000
v 0.166445 0.204824 -0.050000
v 0.103481 0.204088 -0.050000
v 0.168746 0.198346 -0.050000
v 0.103822 0.196438 -0.050000
v 0.170804 0.191719 -0.050000
v 0.103936 0.188387 -0.050000
v 0.172620 0.184942 -0.050000
v 0.170804 0.191719 0.050000
v 0.103822 0.196438 0.050000
v 0.103936 0.188387 0.050000
v 0.172620 0.184942 0.050000
v 0.103907 0.183852 0.050000
v 0.174194 0.178014 0.050000
v 0.103819 0.179312 0.050000
v 0.103674 0.174767 0.050000
v 0.175525 0.170937 0.050000
v 0.174194 0.178014 -0.050000
v 0.103907 0.183852 -0.050000
v 0.103819 0.179312 -0.050000
v 0.103674 0.174767 -0.050000
v 0.175525 0.170937 -0.050000
v 0.103471 0.170218 -0.050000
v 0.176615 0.163709 -0.050000
v 0.103209 0.165663 -0.050000
v 0.102890 0.161104 -0.050000
v 0.177463 0.156331 -0.050000
v 0.176615 0.163709 0.050000
v 0.103471 0.170218 0.050000
v 0.103209 0.165663 0.050000
v 0.102890 0.161104 0.050000
v 0.177463 0.156331 0.050000
v 0.102512 0.156539 0.050000
v 0.102076 0.151970 0.050000
v 0.178068 0.148803 0.050000
v 0.101582 0.147396 0.050000
v 0.178431 0.141125 0.050000
v 0.178068 0.148803 -0.050000
v 0.102076 0.151970 -0.050000
v 0.101582 0.147396 -0.050000
v 0.178431 0.141125 -0.050000
v 0.101030 0.142818 -0.050000
v 0.100420 0.138234 -0.050000
v 0.178552 0.133297 -0.050000
v 0.099751 0.133645 -0.050000
v 0.099037 0.129079 -0.050000
v 0.178404 0.124362 -0.050000
v 0.178552 0.133297 0.050000
v 0.100420 0.138234 0.050000
v 0.099751 0.133645 0.050000
v 0.099037 0.129079 0.050000
v 0.178404 0.124362 0.050000
v 0.098289 0.124561 0.050000
v 0.097507 0.120091 0.050000
v 0.177961 0.115456 0.050000
v 0.096691 0.115669 0.050000
v 0.095841 0.111296 0.050000
v 0.177222 0.106580 0.050000
v 0.177961 0.115456 -0.050000
v 0.097507 0.120091 -0.050000
v 0.096691 0.115669 -0.050000
v 0.095841 0.111296 -0.050000
v 0.177222 0.106580 -0.050000
v 0.094957 0.106972 -0.050000
v 0.094040 0.102696 -0.050000
v 0.176188 0.097732 -0.050000
v 0.093088 0.098468 -0.050000
v 0.092103 0.094289 -0.050000
v 0.174859 0.088913 -0.050000
v 0.176188 0.097732 0.050000
v 0.094040 0.102696 0.050000
v 0.093088 0.098468 0.050000
v 0.092103 0.094289 0.050000
v 0.174859 0.088913 0.050000
v 0.091083 0.090158 0.050000
v 0.090030 0.086076 0.050000
v 0.173234 0.080124 0.050000
v 0.088943 0.082042 0.050000
v 0.087841 0.078087 0.050000
v 0.171314 0.071363 0.050000
v 0.173234 0.080124 -0.050000
v 0.090030 0.086076 -0.050000
v 0.088943 0.082042 -0.050000
v 0.087841 0.078087 -0.050000
v 0.171314 0.071363 -0.050000
v 0.086744 0.074245 -0.050000
v 0.085652 0.070513 -0.050000
v 0.169098 0.062632 -0.050000
v 0.084565 0.066894 -0.050000
v 0.083482 0.063385 -0.050000
v 0.082405 0.059988 -0.050000
v 0.166587 0.053930 -0.050000
v 0.169098 0.062632 0.050000
v 0.085652 0.070513 0.050000
v 0.084565 0.066894 0.050000
v 0.083482 0.063385 0.050000
v 0.082405 0.059988 0.050000
v 0.166587 0.053930 0.050000
v 0.081332 0.056702 0.050000
v 0.080264 0.053528 0.050000
v 0.163781 0.045256 0.050000
v 0.079201 0.050465 0.050000
v 0.078143 0.047513 0.050000
v 0.077090 0.044673 0.050000
v 0.160679 0.036612 0.050000
v 0.163781 0.045256 -0.050000
v 0.080264 0.053528 -0.050000
v 0.079201 0.050465 -0.050000
v 0.078143 0.047513 -0.050000
v 0.077090 0.044673 -0.050000
v 0.160679 0.036612 -0.050000
v 0.076042 0.041944 -0.050000
v 0.071279 0.037053 -0.050000
v 0.066521 0.032375 -0.050000
v 0.157283 0.027997 -0.050000
v 0.061768 0.027910 -0.050000
v 0.153631 0.019440 -0.050000
v 0.157283 0.027997 0.050000
v 0.066521 0.032375 0.050000
v 0.061768 0.027910 0.050000
v 0.153631 0.019440 0.050000
v 0.057019 0.023658 0.050000
v 0.052276 0.019619 0.050000
v 0.047537 0.015793 0.050000
v 0.149767 0.010970 0.050000
v 0.042804 0.012181 0.050000
v 0.038075 0.008781 0.050000
v 0.149767 0.010970 -0.050000
v 0.047537 0.015793 -0.050000
v 0.042804 0.012181 -0.050000
v 0.038075 0.008781 -0.050000
v 0.033351 0.005595 -0.050000
v 0.028631 0.002621 -0.050000
v 0.033351 0.005595 0.050000
v 0.028631 0.002621 0.050000
v 0.023917 -0.000139 -0.050000
v 0.052276 0.019619 -0.050000
v 0.057019 0.023658 -0.050000
v 0.071279 0.037053 0.050000
v 0.076042 0.041944 0.050000
v 0.081332 0.056702 -0.050000
v 0.086744 0.074245 0.050000
v 0.091083 0.090158 -0.050000
v 0.094957 0.106972 0.050000
v 0.098289 0.124561 -0.050000
v 0.101030 0.142818 0.050000
v 0.102512 0.156539 -0.050000
v 0.090165 0.254842 -0.050000
v 0.081650 0.264757 0.050000
v 0.071167 0.272043 -0.050000
v -0.039397 0.281828 -0.050000
v -0.033084 0.284370 -0.050000
v 0.094238 0.284513 -0.050000
v -0.026709 0.286670 -0.050000
v 0.088207 0.287024 -0.050000
v 0.094238 0.284513 0.050000
v -0.033084 0.284370 0.050000
v -0.026709 0.286670 0.050000
v 0.088207 0.287024 0.050000
v 0.081996 0.289239 0.050000
v -0.020270 0.288728 0.050000
v -0.013769 0.290544 0.050000
v -0.020270 0.288728 -0.050000
v -0.013769 0.290544 -0.050000
v 0.081996 0.289239 -0.050000
v 0.075606 0.291159 -0.050000
v -0.007205 0.292118 -0.050000
v 0.069037 0.292784 -0.050000
v 0.075606 0.291159 0.050000
v -0.007205 0.292118 0.050000
v 0.069037 0.292784 0.050000
v -0.000577 0.293450 0.050000
v 0.062289 0.294113 0.050000
v 0.055361 0.295147 0.050000
v 0.006113 0.294540 0.050000
v 0.062289 0.294113 -0.050000
v 0.055361 0.295147 -0.050000
v -0.000577 0.293450 -0.050000
v 0.006113 0.294540 -0.050000
v 0.012866 0.295387 -0.050000
v 0.019682 0.295992 -0.050000
v 0.048254 0.295886 -0.050000
v 0.012866 0.295387 0.050000
v 0.019682 0.295992 0.050000
v 0.048254 0.295886 0.050000
v 0.040968 0.296329 0.050000
v 0.026561 0.296356 0.050000
v 0.033503 0.296477 0.050000
v 0.040968 0.296329 -0.050000
v 0.026561 0.296356 -0.050000
v 0.033503 0.296477 -0.050000
v -0.039397 0.281828 0.050000
v -0.022176 -0.016416 0.050000
v -0.017674 -0.015704 0.050000
v -0.118054 -0.191591 -0.050000
vn -1.0000 -0.0000 -0.0000
vn -0.0000 -0.0000 1.0000
vn 0.0171 -0.9999 -0.0000
vn -0.0000 -0.0000 -1.0000
vn 0.0511 -0.9987 -0.0000
vn 0.0846 -0.9964 -0.0000
vn 0.1175 -0.9931 -0.0000
vn 0.1498 -0.9887 -0.0000
vn 0.1813 -0.9834 -0.0000
vn 0.2121 -0.9773 -0.0000
vn 0.2419 -0.9703 -0.0000
vn 0.2709 -0.9626 -0.0000
vn 0.2989 -0.9543 -0.0000
vn 0.3259 -0.9454 -0.0000
vn 0.3520 -0.9360 -0.0000
vn 0.3756 -0.9268 -0.0000
vn -0.2072 0.9783 -0.0000
vn -0.2332 0.9724 -0.0000
vn -0.2595 0.9657 -0.0000
vn -0.2859 0.9583 -0.0000
vn 0.3973 -0.9177 -0.0000
vn 0.4186 -0.9082 -0.0000
vn 0.4395 -0.8982 -0.0000
vn 0.4599 -0.8880 -0.0000
vn 0.4799 -0.8773 -0.0000
vn -0.4181 0.9084 -0.0000
vn -0.4420 0.8970 -0.0000
vn 0.4993 -0.8664 -0.0000
vn 0.5183 -0.8552 -0.0000
vn -0.4637 0.8860 -0.0000
vn -0.4853 0.8743 -0.0000
vn 0.5367 -0.8438 -0.0000
vn 0.5546 -0.8321 -0.0000
vn -0.5284 0.8490 -0.0000
vn -0.5498 0.8353 -0.0000
vn -0.5709 0.8210 -0.0000
vn -0.5919 0.8060 -0.0000
vn 0.5889 -0.8082 -0.0000
vn 0.5720 -0.8202 -0.0000
vn 0.6055 -0.7959 -0.0000
vn -0.6125 0.7905 -0.0000
vn -0.6328 0.7743 -0.0000
vn 0.6220 -0.7830 -0.0000
vn 0.6383 -0.7698 -0.0000
vn 0.6544 -0.7561 -0.0000
vn 0.6702 -0.7422 -0.0000
vn -0.7204 0.6935 -0.0000
vn -0.7357 0.6773 -0.0000
vn -0.7508 0.6605 -0.0000
vn 0.6857 -0.7279 -0.0000
vn 0.7009 -0.7133 -0.0000
vn 0.7157 -0.6984 -0.0000
vn -0.7658 0.6431 -0.0000
vn -0.7805 0.6251 -0.0000
vn 0.7302 -0.6832 -0.0000
vn 0.7444 -0.6678 -0.0000
vn 0.7581 -0.6522 -0.0000
vn -0.8365 0.5480 -0.0000
vn -0.8495 0.5275 -0.0000
vn 0.7714 -0.6363 -0.0000
vn 0.7850 -0.6194 -0.0000
vn -0.8620 0.5069 -0.0000
vn -0.8741 0.4858 -0.0000
vn -0.8858 0.4640 -0.0000
vn -0.8973 0.4413 -0.0000
vn 0.7991 -0.6012 -0.0000
vn 0.8129 -0.5824 -0.0000
vn 0.8264 -0.5631 -0.0000
vn 0.8395 -0.5433 -0.0000
vn 0.8523 -0.5230 -0.0000
vn -0.9394 0.3429 -0.0000
vn -0.9486 0.3165 -0.0000
vn 0.8647 -0.5022 -0.0000
vn -0.9572 0.2894 -0.0000
vn -0.9652 0.2616 -0.0000
vn 0.8767 -0.4810 -0.0000
vn 0.8882 -0.4594 -0.0000
vn -0.7071 -0.7071 -0.0000
vn 0.5393 -0.8421 -0.0000
vn 0.5273 -0.8497 -0.0000
vn 0.5145 -0.8575 -0.0000
vn 0.5008 -0.8656 -0.0000
vn 0.4861 -0.8739 -0.0000
vn 0.4704 -0.8824 -0.0000
vn 0.4535 -0.8912 -0.0000
vn 0.4354 -0.9002 -0.0000
vn 0.4158 -0.9094 -0.0000
vn 0.3948 -0.9188 -0.0000
vn 0.3720 -0.9282 -0.0000
vn 0.3474 -0.9377 -0.0000
vn 0.3204 -0.9473 -0.0000
vn 0.2922 -0.9564 -0.0000
vn 0.2639 -0.9646 -0.0000
vn 0.2354 -0.9719 -0.0000
vn 0.2070 -0.9783 -0.0000
vn 0.1786 -0.9839 -0.0000
vn 0.1503 -0.9886 -0.0000
vn 0.1222 -0.9925 -0.0000
vn 0.0944 -0.9955 -0.0000
vn 0.0669 -0.9978 -0.0000
vn 0.0398 -0.9992 -0.0000
vn 0.0132 -0.9999 -0.0000
vn -0.0177 -0.9998 -0.0000
vn -0.0542 -0.9985 -0.0000
vn -0.0921 -0.9958 -0.0000
vn -0.1311 -0.9914 -0.0000
vn -0.1713 -0.9852 -0.0000
vn -0.2125 -0.9772 -0.0000
vn -0.2544 -0.9671 -0.0000
vn -0.2969 -0.9549 -0.0000
vn -0.3396 -0.9406 -0.0000
vn -0.3823 -0.9240 -0.0000
vn -0.4248 -0.9053 -0.0000
vn -0.4667 -0.8844 -0.0000
vn -0.5058 -0.8626 -0.0000
vn 0.0855 0.9963 -0.0000
vn 0.0273 0.9996 -0.0000
vn 0.1487 0.9889 -0.0000
vn 0.2166 0.9763 -0.0000
vn 0.2888 0.9574 -0.0000
vn -0.5427 -0.8399 -0.0000
vn 0.3642 0.9313 -0.0000
vn 0.4415 0.8972 -0.0000
vn 0.5189 0.8548 -0.0000
vn 0.5944 0.8042 -0.0000
vn 0.6658 0.7461 -0.0000
vn 0.7314 0.6820 -0.0000
vn 0.7896 0.6136 -0.0000
vn 0.8386 0.5447 -0.0000
vn -0.6851 -0.7285 -0.0000
vn -0.7181 -0.6959 -0.0000
vn -0.7496 -0.6619 -0.0000
vn 0.8781 0.4785 -0.0000
vn 0.9099 0.4149 -0.0000
vn 0.9349 0.3548 -0.0000
vn -0.7794 -0.6265 -0.0000
vn -0.8073 -0.5901 -0.0000
vn -0.8333 -0.5529 -0.0000
vn 0.9691 0.2468 -0.0000
vn 0.9543 0.2987 -0.0000
vn 0.9800 0.1990 -0.0000
vn 0.9879 0.1552 -0.0000
vn -0.8793 -0.4763 -0.0000
vn -0.9001 -0.4358 -0.0000
vn 0.9934 0.1151 -0.0000
vn 0.9969 0.0784 -0.0000
vn -0.9360 -0.3520 -0.0000
vn -0.9510 -0.3093 -0.0000
vn -0.9639 -0.2664 -0.0000
vn 0.9999 0.0143 -0.0000
vn 0.9990 0.0449 -0.0000
vn 1.0000 -0.0076 -0.0000
vn 0.9998 -0.0220 -0.0000
vn 0.9994 -0.0357 -0.0000
vn 0.9988 -0.0487 -0.0000
vn 0.9981 -0.0610 -0.0000
vn -0.9903 -0.1392 -0.0000
vn -0.9952 -0.0981 -0.0000
vn -0.9983 -0.0580 -0.0000
vn 0.9974 -0.0727 -0.0000
vn 0.9965 -0.0838 -0.0000
vn 0.9955 -0.0944 -0.0000
vn 0.9945 -0.1045 -0.0000
vn -0.9998 -0.0192 -0.0000
vn -0.9998 0.0185 -0.0000
vn 0.9935 -0.1141 -0.0000
vn 0.9924 -0.1232 -0.0000
vn 0.9913 -0.1320 -0.0000
vn 0.9897 -0.1429 -0.0000
vn 0.9877 -0.1562 -0.0000
vn -0.9916 0.1296 -0.0000
vn -0.9861 0.1663 -0.0000
vn 0.9856 -0.1692 -0.0000
vn 0.9833 -0.1821 -0.0000
vn 0.9809 -0.1947 -0.0000
vn 0.9783 -0.2071 -0.0000
vn -0.9712 0.2381 -0.0000
vn -0.9620 0.2730 -0.0000
vn 0.9757 -0.2192 -0.0000
vn 0.9729 -0.2312 -0.0000
vn 0.9701 -0.2429 -0.0000
vn -0.9517 0.3071 -0.0000
vn -0.9403 0.3402 -0.0000
vn 0.9671 -0.2544 -0.0000
vn 0.9641 -0.2657 -0.0000
vn 0.9609 -0.2767 -0.0000
vn 0.9564 -0.2921 -0.0000
vn 0.9501 -0.3119 -0.0000
vn 0.9433 -0.3319 -0.0000
vn -0.8893 0.4574 -0.0000
vn -0.8757 0.4829 -0.0000
vn -0.8615 0.5078 -0.0000
vn 0.9282 -0.3721 -0.0000
vn 0.9360 -0.3520 -0.0000
vn 0.9198 -0.3923 -0.0000
vn -0.8466 0.5323 -0.0000
vn -0.8311 0.5561 -0.0000
vn 0.9016 -0.4325 -0.0000
vn 0.9110 -0.4124 -0.0000
vn 0.8918 -0.4525 -0.0000
vn 0.8814 -0.4724 -0.0000
vn 0.8705 -0.4922 -0.0000
vn 0.8591 -0.5117 -0.0000
vn -0.7643 0.6449 -0.0000
vn -0.7466 0.6652 -0.0000
vn 0.8278 -0.5609 -0.0000
vn 0.8451 -0.5346 -0.0000
vn -0.7287 0.6848 -0.0000
vn -0.7092 0.7050 -0.0000
vn 0.7896 -0.6136 -0.0000
vn 0.8094 -0.5873 -0.0000
vn 0.7686 -0.6397 -0.0000
vn 0.7464 -0.6655 -0.0000
vn 0.7229 -0.6909 -0.0000
vn 0.6984 -0.7158 -0.0000
vn 0.6726 -0.7400 -0.0000
vn -0.6182 0.7860 -0.0000
vn -0.5937 0.8047 -0.0000
vn 0.6459 -0.7634 -0.0000
vn 0.6183 -0.7860 -0.0000
vn 0.5897 -0.8076 -0.0000
vn 0.5524 -0.8336 -0.0000
vn 0.5053 -0.8630 -0.0000
vn -0.5430 0.8397 -0.0000
vn -0.5169 0.8560 -0.0000
vn 0.4566 -0.8897 -0.0000
vn 0.4068 -0.9135 -0.0000
vn 0.3563 -0.9344 -0.0000
vn 0.3057 -0.9521 -0.0000
vn 0.2554 -0.9668 -0.0000
vn 0.2058 -0.9786 -0.0000
vn 0.1573 -0.9876 -0.0000
vn 0.1102 -0.9939 -0.0000
vn 0.0647 -0.9979 -0.0000
vn 0.0211 -0.9998 -0.0000
vn -0.0000 0.0001 1.0000
vn -0.0273 -0.9996 -0.0000
vn -0.0851 -0.9964 -0.0000
vn 0.4797 0.8774 -0.0000
vn 0.5259 0.8505 -0.0000
vn 0.5673 0.8235 -0.0000
vn 0.6045 0.7966 -0.0000
vn 0.6409 0.7676 -0.0000
vn 0.6761 0.7368 -0.0000
vn 0.7100 0.7042 -0.0000
vn 0.7422 0.6702 -0.0000
vn 0.7726 0.6349 -0.0000
vn 0.8011 0.5985 -0.0000
vn 0.8275 0.5615 -0.0000
vn 0.8517 0.5240 -0.0000
vn 0.8738 0.4863 -0.0000
vn 0.8937 0.4487 -0.0000
vn 0.9117 0.4110 -0.0000
vn 0.9279 0.3729 -0.0000
vn 0.9423 0.3347 -0.0000
vn 0.9550 0.2966 -0.0000
vn 0.9659 0.2588 -0.0000
vn 0.9752 0.2215 -0.0000
vn 0.9828 0.1849 -0.0000
vn 0.9888 0.1491 -0.0000
vn 0.9935 0.1141 -0.0000
vn 0.9968 0.0802 -0.0000
vn 0.9989 0.0472 -0.0000
vn 0.9999 0.0155 -0.0000
vn 0.9999 -0.0165 -0.0000
vn 0.9988 -0.0497 -0.0000
vn 0.9966 -0.0829 -0.0000
vn 0.9932 -0.1161 -0.0000
vn 0.9888 -0.1491 -0.0000
vn 0.9833 -0.1818 -0.0000
vn 0.9768 -0.2141 -0.0000
vn 0.9693 -0.2460 -0.0000
vn 0.9608 -0.2772 -0.0000
vn 0.9514 -0.3079 -0.0000
vn 0.9412 -0.3377 -0.0000
vn 0.9303 -0.3667 -0.0000
vn 0.9198 -0.3925 -0.0000
vn 0.9098 -0.4151 -0.0000
vn 0.8993 -0.4374 -0.0000
vn -0.5592 0.8290 -0.0000
vn -0.5837 0.8120 -0.0000
vn -0.5331 0.8461 -0.0000
vn -0.5053 0.8630 -0.0000
vn -0.4757 0.8796 -0.0000
vn -0.6067 0.7949 -0.0000
vn -0.6282 0.7781 -0.0000
vn -0.6483 0.7614 -0.0000
vn -0.6671 0.7450 -0.0000
vn -0.6847 0.7289 -0.0000
vn -0.7011 0.7131 -0.0000
vn -0.7164 0.6977 -0.0000
vn -0.9335 0.3586 -0.0000
vn -0.9376 0.3477 -0.0000
vn -0.9413 0.3375 -0.0000
vn -0.9447 0.3278 -0.0000
vn -0.9478 0.3188 -0.0000
vn -0.9506 0.3103 -0.0000
vn -0.9532 0.3023 -0.0000
vn -0.9556 0.2948 -0.0000
vn -0.9577 0.2876 -0.0000
vn -0.9597 0.2809 -0.0000
vn -0.9616 0.2745 -0.0000
vn -0.9633 0.2684 -0.0000
vn -0.9655 0.2602 -0.0000
vn -0.9683 0.2498 -0.0000
vn -0.9709 0.2396 -0.0000
vn -0.9733 0.2295 -0.0000
vn -0.9756 0.2196 -0.0000
vn -0.9777 0.2098 -0.0000
vn -0.9797 0.2002 -0.0000
vn -0.9816 0.1908 -0.0000
vn -0.9834 0.1815 -0.0000
vn -0.9850 0.1723 -0.0000
vn -0.9866 0.1634 -0.0000
vn -0.9880 0.1545 -0.0000
vn -0.9896 0.1441 -0.0000
vn -0.9913 0.1319 -0.0000
vn -0.9928 0.1197 -0.0000
vn -0.9942 0.1074 -0.0000
vn -0.9955 0.0950 -0.0000
vn -0.9966 0.0825 -0.0000
vn -0.9976 0.0700 -0.0000
vn -0.9984 0.0573 -0.0000
vn -0.9990 0.0447 -0.0000
vn -0.9995 0.0319 -0.0000
vn -0.9998 0.0192 -0.0000
vn -1.0000 0.0064 -0.0000
vn -0.9999 -0.0141 -0.0000
vn -0.9990 -0.0446 -0.0000
vn -0.9969 -0.0783 -0.0000
vn -0.9933 -0.1156 -0.0000
vn -0.9876 -0.1570 -0.0000
vn -0.9792 -0.2029 -0.0000
vn -0.9673 -0.2537 -0.0000
vn -0.9508 -0.3099 -0.0000
vn -0.9284 -0.3715 -0.0000
vn -0.8988 -0.4383 -0.0000
vn -0.8602 -0.5099 -0.0000
vn -0.8111 -0.5849 -0.0000
vn -0.7565 -0.6540 -0.0000
vn -0.7003 -0.7139 -0.0000
vn -0.6380 -0.7700 -0.0000
vn -0.5707 -0.8211 -0.0000
vn -0.5000 -0.8660 -0.0000
vn -0.4273 -0.9041 -0.0000
vn -0.3543 -0.9351 -0.0000
vn -0.2825 -0.9593 -0.0000
vn -0.2132 -0.9770 -0.0000
vn -0.1472 -0.9891 -0.0000
vn 0.4324 0.9017 -0.0000
vn 0.3843 0.9232 -0.0000
vn 0.3360 0.9419 -0.0000
vn -0.3045 0.9525 -0.0000
vn -0.2690 0.9631 -0.0000
vn 0.2878 0.9577 -0.0000
vn 0.2401 0.9708 -0.0000
vn 0.1933 0.9811 -0.0000
vn 0.1476 0.9890 -0.0000
vn -0.1607 0.9870 -0.0000
vn -0.1245 0.9922 -0.0000
vn -0.0885 0.9961 -0.0000
vn 0.1034 0.9946 -0.0000
vn 0.0607 0.9982 -0.0000
vn 0.0198 0.9998 -0.0000
vn -0.0175 0.9998 -0.0000
vn -0.0527 0.9986 -0.0000
vn -0.1970 0.9804 -0.0000
vn -0.3394 0.9406 -0.0000
vn -0.3736 0.9276 -0.0000
vn -0.4070 0.9134 -0.0000
vn -0.4369 0.8995 -0.0000
vn -0.4638 0.8860 -0.0000
vn -0.4905 0.8715 -0.0000
vn -0.5686 0.8226 -0.0000
vn -0.6421 0.7666 -0.0000
vn -0.6653 0.7466 -0.0000
vn -0.6877 0.7260 -0.0000
vn -0.7816 0.6238 -0.0000
vn -0.7986 0.6019 -0.0000
vn -0.8151 0.5794 -0.0000
vn -0.9021 0.4316 -0.0000
vn -0.9150 0.4034 -0.0000
vn -0.9281 0.3724 -0.0000
vn -0.9793 0.2025 -0.0000
vn -0.9957 0.0927 -0.0000
vn -0.9985 0.0556 -0.0000
vn -0.9835 -0.1811 -0.0000
vn -0.9747 -0.2235 -0.0000
vn -0.9190 -0.3942 -0.0000
vn -0.8571 -0.5151 -0.0000
vn -0.6508 -0.7592 -0.0000
vn -0.6155 -0.7882 -0.0000
vn -0.5793 -0.8151 -0.0000
vn -0.0230 0.9997 -0.0000
vn -0.0684 0.9977 -0.0000
vn -0.1129 0.9936 -0.0000
vn -0.1562 0.9877 -0.0000
vn -0.1982 0.9802 -0.0000
vn -0.2388 0.9711 -0.0000
vn -0.2777 0.9607 -0.0000
vn -0.3149 0.9491 -0.0000
vn -0.3503 0.9366 -0.0000
vn -0.3840 0.9233 -0.0000
vn -0.4158 0.9094 -0.0000
vn -0.4459 0.8951 -0.0000
vn -0.9724 0.2334 -0.0000
vn -0.9296 0.3686 -0.0000
vn -0.9193 0.3936 -0.0000
vn -0.9085 0.4179 -0.0000
vn -0.8230 0.5681 -0.0000
vn -0.8091 0.5876 -0.0000
vn -0.7950 0.6066 -0.0000
vn -0.7050 0.7092 -0.0000
vn -0.6895 0.7243 -0.0000
vn -0.6722 0.7404 -0.0000
vn -0.6527 0.7576 -0.0000
vn -0.5069 0.8620 -0.0000
vn -0.3919 0.9200 -0.0000
vn -0.3655 0.9308 -0.0000
vn -0.3389 0.9408 -0.0000
vn -0.3124 0.9500 -0.0000
vn -0.1814 0.9834 -0.0000
vn -0.1560 0.9878 -0.0000
vn -0.1309 0.9914 -0.0000
vn 0.6182 -0.7860 -0.0000
vn -0.5708 -0.8211 -0.0000
vn -0.1471 -0.9891 -0.0000
vn -0.0174 0.9998 -0.0000
vt 0.000000 0.000000
vt 0.002375 0.000000
vt 0.577197 0.000000
vt 0.579572 0.000000
vt 0.581948 0.000000
vt 0.584323 0.000000
vt 0.586698 0.000000
vt 0.589074 0.000000
vt 0.591449 0.000000
vt 0.593824 0.000000
vt 0.596200 0.000000
vt 0.598575 0.000000
vt 0.600950 0.000000
vt 0.004751 0.000000
vt 0.574822 0.000000
vt 0.572447 0.000000
vt 0.011876 0.000000
vt 0.007126 0.000000
vt 0.009501 0.000000
vt 0.014252 0.000000
vt 0.016627 0.000000
vt 0.019002 0.000000
vt 0.570071 0.000000
vt 0.567696 0.000000
vt 0.021378 0.000000
vt 0.023753 0.000000
vt 0.565321 0.000000
vt 0.026128 0.000000
vt 0.562945 0.000000
vt 0.028504 0.000000
vt 0.560570 0.000000
vt 0.030879 0.000000
vt 0.033254 0.000000
vt 0.558195 0.000000
vt 0.035629 0.000000
vt 0.038005 0.000000
vt 0.555819 0.000000
vt 0.040380 0.000000
vt 0.553444 0.000000
vt 0.551069 0.000000
vt 0.042755 0.000000
vt 0.045131 0.000000
vt 0.047506 0.000000
vt 0.049881 0.000000
vt 0.548694 0.000000
vt 0.546318 0.000000
vt 0.543943 0.000000
vt 0.052257 0.000000
vt 0.054632 0.000000
vt 0.057007 0.000000
vt 0.541568 0.000000
vt 0.059382 0.000000
vt 0.539192 0.000000
vt 0.061758 0.000000
vt 0.536817 0.000000
vt 0.534442 0.000000
vt 0.066508 0.000000
vt 0.064133 0.000000
vt 0.068884 0.000000
vt 0.071259 0.000000
vt 0.532067 0.000000
vt 0.529691 0.000000
vt 0.073634 0.000000
vt 0.076010 0.000000
vt 0.527316 0.000000
vt 0.078385 0.000000
vt 0.524941 0.000000
vt 0.080760 0.000000
vt 0.522565 0.000000
vt 0.083135 0.000000
vt 0.520190 0.000000
vt 0.085511 0.000000
vt 0.087886 0.000000
vt 0.517815 0.000000
vt 0.515439 0.000000
vt 0.090261 0.000000
vt 0.092637 0.000000
vt 0.095012 0.000000
vt 0.097387 0.000000
vt 0.513064 0.000000
vt 0.510689 0.000000
vt 0.099762 0.000000
vt 0.508314 0.000000
vt 0.102138 0.000000
vt 0.104513 0.000000
vt 0.505938 0.000000
vt 0.503563 0.000000
vt 0.106888 0.000000
vt 0.109264 0.000000
vt 0.501188 0.000000
vt 0.111639 0.000000
vt 0.114014 0.000000
vt 0.498812 0.000000
vt 0.116390 0.000000
vt 0.496437 0.000000
vt 0.118765 0.000000
vt 0.631829 0.000000
vt 0.634204 0.000000
vt 0.121140 0.000000
vt 0.629454 0.000000
vt 0.123515 0.000000
vt 0.627078 0.000000
vt 0.125891 0.000000
vt 0.624703 0.000000
vt 0.622328 0.000000
vt 0.128266 0.000000
vt 0.619952 0.000000
vt 0.130641 0.000000
vt 0.617577 0.000000
vt 0.615202 0.000000
vt 0.133017 0.000000
vt 0.612827 0.000000
vt 0.610451 0.000000
vt 0.608076 0.000000
vt 0.135392 0.000000
vt 0.605701 0.000000
vt 0.603325 0.000000
vt 0.204276 0.000000
vt 0.201900 0.000000
vt 0.137767 0.000000
vt 0.199525 0.000000
vt 0.140143 0.000000
vt 0.142518 0.000000
vt 0.197150 0.000000
vt 0.144893 0.000000
vt 0.194774 0.000000
vt 0.147268 0.000000
vt 0.149644 0.000000
vt 0.192399 0.000000
vt 0.152019 0.000000
vt 0.190024 0.000000
vt 0.154394 0.000000
vt 0.156770 0.000000
vt 0.187648 0.000000
vt 0.159145 0.000000
vt 0.185273 0.000000
vt 0.161520 0.000000
vt 0.163895 0.000000
vt 0.182898 0.000000
vt 0.166271 0.000000
vt 0.180523 0.000000
vt 0.168646 0.000000
vt 0.171021 0.000000
vt 0.178147 0.000000
vt 0.173397 0.000000
vt 0.175772 0.000000
vt 0.206651 0.000000
vt 0.992874 0.000000
vt 0.995249 0.000000
vt 0.997625 0.000000
vt 1.000000 0.000000
vt 0.990499 0.000000
vt 0.209026 0.000000
vt 0.988124 0.000000
vt 0.985748 0.000000
vt 0.211401 0.000000
vt 0.983373 0.000000
vt 0.980998 0.000000
vt 0.213777 0.000000
vt 0.978622 0.000000
vt 0.216152 0.000000
vt 0.976247 0.000000
vt 0.973872 0.000000
vt 0.971496 0.000000
vt 0.218527 0.000000
vt 0.220903 0.000000
vt 0.223278 0.000000
vt 0.969121 0.000000
vt 0.966746 0.000000
vt 0.964371 0.000000
vt 0.225653 0.000000
vt 0.228029 0.000000
vt 0.230404 0.000000
vt 0.961995 0.000000
vt 0.959620 0.000000
vt 0.232779 0.000000
vt 0.957245 0.000000
vt 0.954869 0.000000
vt 0.235154 0.000000
vt 0.237530 0.000000
vt 0.952494 0.000000
vt 0.950119 0.000000
vt 0.242280 0.000000
vt 0.239905 0.000000
vt 0.244656 0.000000
vt 0.247031 0.000000
vt 0.947743 0.000000
vt 0.945368 0.000000
vt 0.249406 0.000000
vt 0.942993 0.000000
vt 0.940618 0.000000
vt 0.251781 0.000000
vt 0.938242 0.000000
vt 0.935867 0.000000
vt 0.933492 0.000000
vt 0.254157 0.000000
vt 0.256532 0.000000
vt 0.258907 0.000000
vt 0.931116 0.000000
vt 0.928741 0.000000
vt 0.926366 0.000000
vt 0.923990 0.000000
vt 0.261283 0.000000
vt 0.263658 0.000000
vt 0.921615 0.000000
vt 0.919240 0.000000
vt 0.266033 0.000000
vt 0.916865 0.000000
vt 0.268409 0.000000
vt 0.914489 0.000000
vt 0.912114 0.000000
vt 0.270784 0.000000
vt 0.273159 0.000000
vt 0.909739 0.000000
vt 0.907363 0.000000
vt 0.275534 0.000000
vt 0.904988 0.000000
vt 0.902613 0.000000
vt 0.277910 0.000000
vt 0.280285 0.000000
vt 0.900238 0.000000
vt 0.897862 0.000000
vt 0.895487 0.000000
vt 0.282660 0.000000
vt 0.285036 0.000000
vt 0.893112 0.000000
vt 0.287411 0.000000
vt 0.890736 0.000000
vt 0.289786 0.000000
vt 0.888361 0.000000
vt 0.292162 0.000000
vt 0.885986 0.000000
vt 0.883610 0.000000
vt 0.881235 0.000000
vt 0.294537 0.000000
vt 0.296912 0.000000
vt 0.299287 0.000000
vt 0.878860 0.000000
vt 0.876485 0.000000
vt 0.874109 0.000000
vt 0.301663 0.000000
vt 0.304038 0.000000
vt 0.871734 0.000000
vt 0.869359 0.000000
vt 0.306413 0.000000
vt 0.866983 0.000000
vt 0.308789 0.000000
vt 0.864608 0.000000
vt 0.311164 0.000000
vt 0.862233 0.000000
vt 0.859857 0.000000
vt 0.313539 0.000000
vt 0.315914 0.000000
vt 0.857482 0.000000
vt 0.855107 0.000000
vt 0.318290 0.000000
vt 0.320665 0.000000
vt 0.852732 0.000000
vt 0.850356 0.000000
vt 0.323040 0.000000
vt 0.847981 0.000000
vt 0.845606 0.000000
vt 0.325416 0.000000
vt 0.843230 0.000000
vt 0.327791 0.000000
vt 0.840855 0.000000
vt 0.838480 0.000000
vt 0.330166 0.000000
vt 0.332542 0.000000
vt 0.836105 0.000000
vt 0.833729 0.000000
vt 0.334917 0.000000
vt 0.831354 0.000000
vt 0.828979 0.000000
vt 0.826603 0.000000
vt 0.337292 0.000000
vt 0.339667 0.000000
vt 0.824228 0.000000
vt 0.821853 0.000000
vt 0.342043 0.000000
vt 0.819477 0.000000
vt 0.817102 0.000000
vt 0.344418 0.000000
vt 0.814727 0.000000
vt 0.812352 0.000000
vt 0.809976 0.000000
vt 0.807601 0.000000
vt 0.805226 0.000000
vt 0.346793 0.000000
vt 0.802850 0.000000
vt 0.401425 0.000000
vt 0.399050 0.000000
vt 0.800475 0.000000
vt 0.798100 0.000000
vt 0.403800 0.000000
vt 0.795724 0.000000
vt 0.793349 0.000000
vt 0.790974 0.000000
vt 0.788599 0.000000
vt 0.406176 0.000000
vt 0.786223 0.000000
vt 0.783848 0.000000
vt 0.408551 0.000000
vt 0.781473 0.000000
vt 0.410926 0.000000
vt 0.779097 0.000000
vt 0.776722 0.000000
vt 0.413302 0.000000
vt 0.774347 0.000000
vt 0.415677 0.000000
vt 0.771972 0.000000
vt 0.769596 0.000000
vt 0.418052 0.000000
vt 0.767221 0.000000
vt 0.420428 0.000000
vt 0.764846 0.000000
vt 0.422803 0.000000
vt 0.762470 0.000000
vt 0.425178 0.000000
vt 0.760095 0.000000
vt 0.427553 0.000000
vt 0.757720 0.000000
vt 0.429929 0.000000
vt 0.755344 0.000000
vt 0.432304 0.000000
vt 0.752969 0.000000
vt 0.434679 0.000000
vt 0.750594 0.000000
vt 0.437055 0.000000
vt 0.439430 0.000000
vt 0.748219 0.000000
vt 0.441805 0.000000
vt 0.745843 0.000000
vt 0.444181 0.000000
vt 0.743468 0.000000
vt 0.446556 0.000000
vt 0.741093 0.000000
vt 0.738717 0.000000
vt 0.448931 0.000000
vt 0.736342 0.000000
vt 0.451306 0.000000
vt 0.733967 0.000000
vt 0.731591 0.000000
vt 0.453682 0.000000
vt 0.729216 0.000000
vt 0.726841 0.000000
vt 0.456057 0.000000
vt 0.724466 0.000000
vt 0.458432 0.000000
vt 0.722090 0.000000
vt 0.719715 0.000000
vt 0.460808 0.000000
vt 0.717340 0.000000
vt 0.714964 0.000000
vt 0.463183 0.000000
vt 0.712589 0.000000
vt 0.710214 0.000000
vt 0.465558 0.000000
vt 0.707838 0.000000
vt 0.705463 0.000000
vt 0.467934 0.000000
vt 0.703088 0.000000
vt 0.700713 0.000000
vt 0.470309 0.000000
vt 0.698337 0.000000
vt 0.695962 0.000000
vt 0.472684 0.000000
vt 0.693587 0.000000
vt 0.691211 0.000000
vt 0.475059 0.000000
vt 0.688836 0.000000
vt 0.686461 0.000000
vt 0.477435 0.000000
vt 0.684085 0.000000
vt 0.681710 0.000000
vt 0.479810 0.000000
vt 0.679335 0.000000
vt 0.676960 0.000000
vt 0.674584 0.000000
vt 0.482185 0.000000
vt 0.672209 0.000000
vt 0.669834 0.000000
vt 0.484561 0.000000
vt 0.667458 0.000000
vt 0.665083 0.000000
vt 0.662708 0.000000
vt 0.486936 0.000000
vt 0.660333 0.000000
vt 0.657957 0.000000
vt 0.655582 0.000000
vt 0.489311 0.000000
vt 0.653207 0.000000
vt 0.491686 0.000000
vt 0.650831 0.000000
vt 0.648456 0.000000
vt 0.646081 0.000000
vt 0.494062 0.000000
vt 0.643705 0.000000
vt 0.641330 0.000000
vt 0.638955 0.000000
vt 0.636580 0.000000
vt 0.349169 0.000000
vt 0.351544 0.000000
vt 0.396675 0.000000
vt 0.353919 0.000000
vt 0.394299 0.000000
vt 0.391924 0.000000
vt 0.356295 0.000000
vt 0.358670 0.000000
vt 0.389549 0.000000
vt 0.361045 0.000000
vt 0.387173 0.000000
vt 0.363420 0.000000
vt 0.384798 0.000000
vt 0.382423 0.000000
vt 0.365796 0.000000
vt 0.368171 0.000000
vt 0.370546 0.000000
vt 0.380048 0.000000
vt 0.377672 0.000000
vt 0.372922 0.000000
vt 0.375297 0.000000
s 0
f 1/1/1 15/2/1 14/1/1
f 1/1/2 3/3/2 2/2/2
f 1/1/2 4/4/2 3/3/2
f 1/1/2 5/5/2 4/4/2
f 1/1/2 6/6/2 5/5/2
f 1/1/2 7/7/2 6/6/2
f 1/1/2 8/8/2 7/7/2
f 1/1/2 9/9/2 8/8/2
f 1/1/2 10/10/2 9/9/2
f 1/1/2 11/11/2 10/10/2
f 1/1/2 12/12/2 11/11/2
f 1/1/2 13/13/2 12/12/2
f 1/1/3 26/13/3 13/13/3
f 14/1/4 15/2/4 16/3/4
f 14/1/4 16/3/4 17/4/4
f 14/1/4 17/4/4 18/5/4
f 14/1/4 18/5/4 19/6/4
f 14/1/4 19/6/4 20/7/4
f 14/1/4 20/7/4 21/8/4
f 14/1/4 21/8/4 22/9/4
f 14/1/4 22/9/4 23/10/4
f 14/1/4 23/10/4 24/11/4
f 14/1/4 24/11/4 25/12/4
f 14/1/4 25/12/4 26/13/4
f 13/13/5 25/12/5 12/12/5
f 12/12/6 24/11/6 11/11/6
f 11/11/7 23/10/7 10/10/7
f 10/10/8 22/9/8 9/9/8
f 9/9/9 21/8/9 8/8/9
f 8/8/10 20/7/10 7/7/10
f 7/7/11 19/6/11 6/6/11
f 6/6/12 18/5/12 5/5/12
f 5/5/13 17/4/13 4/4/13
f 4/4/14 16/3/14 3/3/14
f 15/2/4 27/14/4 16/3/4
f 27/14/4 28/15/4 16/3/4
f 3/3/15 28/15/15 33/15/15
f 33/15/16 29/16/16 34/16/16
f 32/17/4 29/16/4 28/15/4
f 27/14/4 30/18/4 28/15/4
f 30/18/4 31/19/4 28/15/4
f 31/19/4 32/17/4 28/15/4
f 38/17/2 33/15/2 34/16/2
f 35/14/2 3/3/2 33/15/2
f 35/14/2 33/15/2 36/18/2
f 36/18/2 33/15/2 37/19/2
f 37/19/2 33/15/2 38/17/2
f 38/17/17 31/19/17 37/19/17
f 39/20/18 32/17/18 38/17/18
f 38/17/2 34/16/2 39/20/2
f 40/21/19 41/20/19 39/20/19
f 39/20/2 34/16/2 40/21/2
f 32/17/4 41/20/4 29/16/4
f 41/20/4 42/21/4 29/16/4
f 47/22/20 42/21/20 40/21/20
f 42/21/4 43/22/4 44/23/4
f 42/21/4 44/23/4 29/16/4
f 43/22/4 45/24/4 44/23/4
f 34/16/21 44/23/21 46/23/21
f 46/23/22 45/24/22 48/24/22
f 40/21/2 46/23/2 47/22/2
f 47/22/2 46/23/2 48/24/2
f 40/21/2 34/16/2 46/23/2
f 47/22/2 48/24/2 49/25/2
f 49/25/2 48/24/2 50/26/2
f 50/26/2 48/24/2 51/27/2
f 48/24/23 54/27/23 51/27/23
f 50/26/2 51/27/2 52/28/2
f 52/28/2 51/27/2 53/29/2
f 51/27/24 57/29/24 53/29/24
f 55/26/4 54/27/4 45/24/4
f 55/26/4 56/28/4 54/27/4
f 56/28/4 57/29/4 54/27/4
f 56/28/4 59/30/4 57/29/4
f 53/29/25 58/31/25 65/31/25
f 60/32/4 58/31/4 57/29/4
f 59/30/4 60/32/4 57/29/4
f 62/32/26 59/30/26 63/30/26
f 64/33/27 60/32/27 62/32/27
f 60/32/4 61/33/4 58/31/4
f 63/30/2 53/29/2 62/32/2
f 62/32/2 65/31/2 64/33/2
f 62/32/2 53/29/2 65/31/2
f 65/31/28 70/34/28 66/34/28
f 64/33/2 65/31/2 66/34/2
f 69/35/2 66/34/2 67/36/2
f 67/36/2 66/34/2 68/37/2
f 66/34/29 72/37/29 68/37/29
f 64/33/2 66/34/2 69/35/2
f 73/35/4 71/36/4 70/34/4
f 71/36/4 72/37/4 70/34/4
f 61/33/4 70/34/4 58/31/4
f 61/33/4 73/35/4 70/34/4
f 69/35/30 61/33/30 64/33/30
f 67/36/31 73/35/31 69/35/31
f 71/36/4 74/38/4 72/37/4
f 74/38/4 75/39/4 72/37/4
f 68/37/32 75/39/32 78/39/32
f 78/39/33 76/40/33 79/40/33
f 77/41/4 76/40/4 75/39/4
f 74/38/4 77/41/4 75/39/4
f 81/41/2 78/39/2 79/40/2
f 80/38/2 68/37/2 78/39/2
f 80/38/2 78/39/2 81/41/2
f 81/41/34 74/38/34 80/38/34
f 82/42/35 77/41/35 81/41/35
f 81/41/2 79/40/2 82/42/2
f 83/43/36 84/42/36 82/42/36
f 82/42/2 79/40/2 83/43/2
f 77/41/4 84/42/4 76/40/4
f 84/42/4 85/43/4 76/40/4
f 90/44/37 85/43/37 83/43/37
f 85/43/4 86/44/4 87/45/4
f 85/43/4 87/45/4 76/40/4
f 86/44/4 88/46/4 87/45/4
f 89/45/38 88/46/38 91/46/38
f 79/40/39 87/45/39 89/45/39
f 83/43/2 79/40/2 89/45/2
f 83/43/2 89/45/2 90/44/2
f 90/44/2 89/45/2 91/46/2
f 91/46/40 97/47/40 92/47/40
f 93/48/2 91/46/2 92/47/2
f 90/44/2 91/46/2 93/48/2
f 93/48/41 86/44/41 90/44/41
f 94/49/42 95/48/42 93/48/42
f 93/48/2 92/47/2 94/49/2
f 86/44/4 95/48/4 88/46/4
f 95/48/4 96/49/4 97/47/4
f 95/48/4 97/47/4 88/46/4
f 96/49/4 98/50/4 97/47/4
f 98/50/4 99/51/4 97/47/4
f 92/47/43 99/51/43 102/51/43
f 98/50/4 100/52/4 99/51/4
f 100/52/4 101/53/4 99/51/4
f 102/51/44 101/53/44 105/53/44
f 103/50/2 92/47/2 102/51/2
f 103/50/2 102/51/2 104/52/2
f 104/52/2 102/51/2 105/53/2
f 104/52/2 105/53/2 106/54/2
f 106/54/2 105/53/2 107/55/2
f 105/53/45 111/55/45 107/55/45
f 107/55/46 112/56/46 108/56/46
f 110/57/2 107/55/2 108/56/2
f 106/54/2 107/55/2 109/58/2
f 109/58/2 107/55/2 110/57/2
f 115/57/4 112/56/4 111/55/4
f 113/54/4 111/55/4 101/53/4
f 113/54/4 114/58/4 111/55/4
f 114/58/4 115/57/4 111/55/4
f 110/57/47 114/58/47 109/58/47
f 119/59/48 115/57/48 110/57/48
f 115/57/4 116/59/4 112/56/4
f 120/60/49 116/59/49 119/59/49
f 116/59/4 117/60/4 118/61/4
f 116/59/4 118/61/4 112/56/4
f 110/57/2 108/56/2 119/59/2
f 119/59/2 121/61/2 120/60/2
f 119/59/2 108/56/2 121/61/2
f 108/56/50 118/61/50 121/61/50
f 120/60/2 121/61/2 122/62/2
f 121/61/51 126/62/51 122/62/51
f 125/63/2 122/62/2 123/64/2
f 123/64/2 122/62/2 124/65/2
f 122/62/52 128/65/52 124/65/52
f 120/60/2 122/62/2 125/63/2
f 129/63/4 127/64/4 126/62/4
f 127/64/4 128/65/4 126/62/4
f 117/60/4 126/62/4 118/61/4
f 117/60/4 129/63/4 126/62/4
f 125/63/53 117/60/53 120/60/53
f 123/64/54 129/63/54 125/63/54
f 127/64/4 130/66/4 128/65/4
f 130/66/4 131/67/4 128/65/4
f 124/65/55 131/67/55 134/67/55
f 130/66/4 132/68/4 131/67/4
f 132/68/4 133/69/4 131/67/4
f 134/67/56 133/69/56 137/69/56
f 135/66/2 124/65/2 134/67/2
f 135/66/2 134/67/2 136/68/2
f 136/68/2 134/67/2 137/69/2
f 136/68/2 137/69/2 139/70/2
f 137/69/57 145/71/57 138/71/57
f 140/72/2 137/69/2 138/71/2
f 139/70/2 137/69/2 140/72/2
f 140/72/58 143/70/58 139/70/58
f 141/73/59 142/72/59 140/72/59
f 140/72/2 138/71/2 141/73/2
f 143/70/4 142/72/4 133/69/4
f 142/72/4 144/73/4 145/71/4
f 142/72/4 145/71/4 133/69/4
f 138/71/60 146/74/60 149/74/60
f 144/73/4 146/74/4 145/71/4
f 149/74/61 147/75/61 150/75/61
f 148/76/4 147/75/4 146/74/4
f 144/73/4 148/76/4 146/74/4
f 151/76/2 149/74/2 150/75/2
f 141/73/2 138/71/2 149/74/2
f 141/73/2 149/74/2 151/76/2
f 151/76/62 144/73/62 141/73/62
f 152/77/63 148/76/63 151/76/63
f 151/76/2 150/75/2 152/77/2
f 153/78/64 154/77/64 152/77/64
f 152/77/2 150/75/2 153/78/2
f 148/76/4 154/77/4 147/75/4
f 154/77/4 155/78/4 147/75/4
f 160/79/65 155/78/65 153/78/65
f 155/78/4 156/79/4 157/80/4
f 155/78/4 157/80/4 147/75/4
f 150/75/66 157/80/66 159/80/66
f 156/79/4 158/81/4 157/80/4
f 159/80/67 158/81/67 161/81/67
f 153/78/2 150/75/2 159/80/2
f 153/78/2 159/80/2 160/79/2
f 160/79/2 159/80/2 161/81/2
f 160/79/2 161/81/2 162/82/2
f 162/82/2 161/81/2 163/83/2
f 161/81/68 167/83/68 163/83/68
f 162/82/2 163/83/2 164/84/2
f 164/84/2 163/83/2 165/85/2
f 165/85/2 163/83/2 166/86/2
f 163/83/69 171/86/69 166/86/69
f 168/82/4 167/83/4 158/81/4
f 168/82/4 169/84/4 167/83/4
f 169/84/4 170/85/4 167/83/4
f 170/85/4 171/86/4 167/83/4
f 166/86/70 172/87/70 177/87/70
f 173/88/4 172/87/4 171/86/4
f 170/85/4 173/88/4 171/86/4
f 175/88/71 170/85/71 165/85/71
f 176/89/72 173/88/72 175/88/72
f 173/88/4 174/89/4 172/87/4
f 165/85/2 166/86/2 175/88/2
f 175/88/2 177/87/2 176/89/2
f 175/88/2 166/86/2 177/87/2
f 177/87/73 183/90/73 178/90/73
f 179/91/2 177/87/2 178/90/2
f 176/89/2 177/87/2 179/91/2
f 179/91/74 174/89/74 176/89/74
f 180/92/75 181/91/75 179/91/75
f 179/91/2 178/90/2 180/92/2
f 174/89/4 181/91/4 172/87/4
f 181/91/4 182/92/4 183/90/4
f 181/91/4 183/90/4 172/87/4
f 182/92/4 184/93/4 183/90/4
f 178/90/76 184/93/76 188/93/76
f 182/92/4 186/94/4 184/93/4
f 188/93/77 185/95/77 189/95/77
f 187/96/4 185/95/4 184/93/4
f 186/94/4 187/96/4 184/93/4
f 180/92/2 178/90/2 188/93/2
f 180/92/2 188/93/2 190/94/2
f 191/96/2 188/93/2 189/95/2
f 190/94/2 188/93/2 191/96/2
f 191/96/78 186/94/78 190/94/78
f 193/97/2 191/96/2 192/98/2
f 192/98/2 191/96/2 189/95/2
f 193/97/2 194/99/2 191/96/2
f 194/99/79 187/96/79 191/96/79
f 195/100/2 194/99/2 193/97/2
f 195/100/2 196/101/2 194/99/2
f 196/101/80 197/99/80 194/99/80
f 198/97/4 187/96/4 197/99/4
f 199/100/4 198/97/4 197/99/4
f 199/100/4 197/99/4 200/101/4
f 201/102/4 199/100/4 200/101/4
f 201/102/4 200/101/4 202/103/4
f 206/103/81 200/101/81 196/101/81
f 203/104/4 201/102/4 202/103/4
f 204/105/4 203/104/4 202/103/4
f 204/105/4 202/103/4 205/106/4
f 210/106/82 202/103/82 206/103/82
f 207/102/2 206/103/2 196/101/2
f 208/104/2 206/103/2 207/102/2
f 209/105/2 206/103/2 208/104/2
f 209/105/2 210/106/2 206/103/2
f 211/107/2 210/106/2 209/105/2
f 211/107/2 212/108/2 210/106/2
f 212/108/83 205/106/83 210/106/83
f 213/109/2 212/108/2 211/107/2
f 214/110/2 212/108/2 213/109/2
f 214/110/2 215/111/2 212/108/2
f 215/111/84 216/108/84 212/108/84
f 217/107/4 205/106/4 216/108/4
f 218/109/4 217/107/4 216/108/4
f 219/110/4 218/109/4 216/108/4
f 219/110/4 216/108/4 220/111/4
f 221/112/4 219/110/4 220/111/4
f 222/113/4 221/112/4 220/111/4
f 223/114/4 222/113/4 220/111/4
f 223/114/4 220/111/4 224/115/4
f 230/115/85 220/111/85 215/111/85
f 225/116/4 223/114/4 224/115/4
f 226/117/4 225/116/4 224/115/4
f 227/118/4 226/117/4 224/115/4
f 228/119/4 227/118/4 224/115/4
f 228/119/4 224/115/4 229/120/4
f 236/120/86 224/115/86 230/115/86
f 231/114/2 230/115/2 215/111/2
f 232/116/2 230/115/2 231/114/2
f 233/117/2 230/115/2 232/116/2
f 234/118/2 230/115/2 233/117/2
f 235/119/2 230/115/2 234/118/2
f 235/119/2 236/120/2 230/115/2
f 237/121/2 236/120/2 235/119/2
f 237/121/2 238/122/2 236/120/2
f 238/122/87 229/120/87 236/120/87
f 237/121/2 239/123/2 238/122/2
f 239/123/88 240/122/88 238/122/88
f 241/121/4 229/120/4 240/122/4
f 241/121/4 240/122/4 242/123/4
f 243/124/4 241/121/4 242/123/4
f 243/124/4 242/123/4 244/125/4
f 247/125/89 242/123/89 239/123/89
f 245/126/4 243/124/4 244/125/4
f 245/126/4 244/125/4 246/127/4
f 250/127/90 244/125/90 247/125/90
f 248/124/2 247/125/2 239/123/2
f 249/126/2 247/125/2 248/124/2
f 249/126/2 250/127/2 247/125/2
f 249/126/2 251/128/2 250/127/2
f 251/128/91 246/127/91 250/127/91
f 252/129/2 251/128/2 249/126/2
f 252/129/2 253/130/2 251/128/2
f 253/130/92 254/128/92 251/128/92
f 245/126/4 246/127/4 254/128/4
f 255/129/4 245/126/4 254/128/4
f 255/129/4 254/128/4 256/130/4
f 257/131/4 255/129/4 256/130/4
f 257/131/4 256/130/4 258/132/4
f 260/132/93 256/130/93 253/130/93
f 257/131/4 258/132/4 259/133/4
f 262/133/94 258/132/94 260/132/94
f 261/131/2 260/132/2 253/130/2
f 261/131/2 262/133/2 260/132/2
f 263/134/2 262/133/2 261/131/2
f 263/134/2 264/135/2 262/133/2
f 264/135/95 259/133/95 262/133/95
f 265/136/2 264/135/2 263/134/2
f 265/136/2 266/137/2 264/135/2
f 266/137/96 267/135/96 264/135/96
f 268/134/4 259/133/4 267/135/4
f 269/136/4 268/134/4 267/135/4
f 269/136/4 267/135/4 270/137/4
f 269/136/4 270/137/4 271/138/4
f 274/138/97 270/137/97 266/137/97
f 272/139/4 269/136/4 271/138/4
f 272/139/4 271/138/4 273/140/4
f 276/140/98 271/138/98 274/138/98
f 265/136/2 274/138/2 266/137/2
f 275/139/2 274/138/2 265/136/2
f 275/139/2 276/140/2 274/138/2
f 277/141/2 276/140/2 275/139/2
f 277/141/2 278/142/2 276/140/2
f 278/142/99 273/140/99 276/140/99
f 277/141/2 279/143/2 278/142/2
f 279/143/100 280/142/100 278/142/100
f 281/141/4 273/140/4 280/142/4
f 281/141/4 280/142/4 282/143/4
f 283/144/4 281/141/4 282/143/4
f 283/144/4 282/143/4 284/145/4
f 286/145/101 282/143/101 279/143/101
f 285/146/4 283/144/4 284/145/4
f 288/146/102 284/145/102 286/145/102
f 287/144/2 286/145/2 279/143/2
f 288/146/2 286/145/2 287/144/2
f 287/144/103 285/146/103 288/146/103
f 287/144/2 279/143/2 277/141/2
f 277/141/104 283/144/104 287/144/104
f 275/139/105 281/141/105 277/141/105
f 281/141/4 272/139/4 273/140/4
f 265/136/106 272/139/106 275/139/106
f 265/136/107 268/134/107 269/136/107
f 268/134/4 257/131/4 259/133/4
f 261/131/108 268/134/108 263/134/108
f 252/129/109 257/131/109 261/131/109
f 261/131/2 253/130/2 252/129/2
f 249/126/110 255/129/110 252/129/110
f 249/126/111 243/124/111 245/126/111
f 237/121/112 243/124/112 248/124/112
f 248/124/2 239/123/2 237/121/2
f 241/121/4 228/119/4 229/120/4
f 235/119/113 241/121/113 237/121/113
f 234/118/114 228/119/114 235/119/114
f 289/147/115 227/118/115 234/118/115
f 234/118/2 290/148/2 289/147/2
f 234/118/2 291/149/2 290/148/2
f 234/118/2 292/150/2 291/149/2
f 234/118/2 293/151/2 292/150/2
f 234/118/2 233/117/2 293/151/2
f 293/151/116 295/150/116 292/150/116
f 233/117/117 294/151/117 293/151/117
f 227/118/4 295/150/4 294/151/4
f 227/118/4 294/151/4 226/117/4
f 292/150/118 296/149/118 291/149/118
f 227/118/4 296/149/4 295/150/4
f 291/149/119 297/148/119 290/148/119
f 227/118/4 297/148/4 296/149/4
f 290/148/120 298/152/120 305/152/120
f 299/147/4 298/152/4 297/148/4
f 227/118/4 299/147/4 297/148/4
f 304/153/121 299/147/121 289/147/121
f 299/147/4 300/153/4 301/154/4
f 299/147/4 301/154/4 298/152/4
f 300/153/4 302/155/4 301/154/4
f 305/152/122 301/154/122 303/154/122
f 306/155/123 301/154/123 302/155/123
f 289/147/2 303/154/2 304/153/2
f 304/153/2 303/154/2 306/155/2
f 289/147/2 305/152/2 303/154/2
f 304/153/2 306/155/2 307/156/2
f 307/156/2 306/155/2 308/157/2
f 306/155/124 310/157/124 308/157/124
f 307/156/2 308/157/2 309/158/2
f 308/157/125 312/158/125 309/158/125
f 311/156/4 310/157/4 302/155/4
f 311/156/4 312/158/4 310/157/4
f 311/156/4 313/159/4 312/158/4
f 313/159/4 314/160/4 312/158/4
f 309/158/126 314/160/126 317/160/126
f 313/159/4 315/161/4 314/160/4
f 315/161/4 316/162/4 314/160/4
f 317/160/127 316/162/127 320/162/127
f 318/159/2 309/158/2 317/160/2
f 318/159/2 317/160/2 319/161/2
f 319/161/2 317/160/2 320/162/2
f 320/162/128 324/163/128 321/163/128
f 319/161/2 320/162/2 321/163/2
f 321/163/129 325/164/129 322/164/129
f 323/165/2 321/163/2 322/164/2
f 319/161/2 321/163/2 323/165/2
f 326/165/4 325/164/4 324/163/4
f 315/161/4 324/163/4 316/162/4
f 315/161/4 326/165/4 324/163/4
f 323/165/130 315/161/130 319/161/130
f 330/166/131 326/165/131 323/165/131
f 326/165/4 327/166/4 325/164/4
f 331/167/132 327/166/132 330/166/132
f 327/166/4 328/167/4 329/168/4
f 327/166/4 329/168/4 325/164/4
f 323/165/2 322/164/2 330/166/2
f 330/166/2 332/168/2 331/167/2
f 330/166/2 322/164/2 332/168/2
f 322/164/133 329/168/133 332/168/133
f 331/167/2 332/168/2 333/169/2
f 332/168/134 336/169/134 333/169/134
f 333/169/135 337/170/135 334/170/135
f 335/171/2 333/169/2 334/170/2
f 331/167/2 333/169/2 335/171/2
f 338/171/4 337/170/4 336/169/4
f 328/167/4 336/169/4 329/168/4
f 328/167/4 338/171/4 336/169/4
f 335/171/136 328/167/136 331/167/136
f 342/172/137 338/171/137 335/171/137
f 338/171/4 339/172/4 337/170/4
f 343/173/138 339/172/138 342/172/138
f 339/172/4 340/173/4 341/174/4
f 339/172/4 341/174/4 337/170/4
f 342/172/2 344/174/2 343/173/2
f 342/172/2 334/170/2 344/174/2
f 335/171/2 334/170/2 342/172/2
f 343/173/2 344/174/2 345/175/2
f 344/174/139 348/175/139 345/175/139
f 334/170/140 341/174/140 344/174/140
f 343/173/2 345/175/2 346/176/2
f 346/176/2 345/175/2 347/177/2
f 347/177/141 348/175/141 350/177/141
f 340/173/4 348/175/4 341/174/4
f 340/173/4 349/176/4 348/175/4
f 349/176/4 350/177/4 348/175/4
f 347/177/142 351/178/142 356/178/142
f 352/179/4 351/178/4 350/177/4
f 349/176/4 352/179/4 350/177/4
f 354/179/143 349/176/143 346/176/143
f 355/180/144 352/179/144 354/179/144
f 352/179/4 353/180/4 351/178/4
f 346/176/2 347/177/2 354/179/2
f 354/179/2 356/178/2 355/180/2
f 354/179/2 347/177/2 356/178/2
f 356/178/145 361/181/145 357/181/145
f 355/180/2 356/178/2 357/181/2
f 358/182/146 361/181/146 362/182/146
f 360/183/2 357/181/2 358/182/2
f 355/180/2 357/181/2 359/184/2
f 359/184/2 357/181/2 360/183/2
f 364/183/4 362/182/4 361/181/4
f 353/180/4 361/181/4 351/178/4
f 353/180/4 363/184/4 361/181/4
f 363/184/4 364/183/4 361/181/4
f 360/183/147 363/184/147 359/184/147
f 368/185/148 364/183/148 360/183/148
f 364/183/4 365/185/4 362/182/4
f 369/186/149 365/185/149 368/185/149
f 365/185/4 366/186/4 367/187/4
f 365/185/4 367/187/4 362/182/4
f 360/183/2 358/182/2 368/185/2
f 368/185/2 370/187/2 369/186/2
f 368/185/2 358/182/2 370/187/2
f 369/186/2 370/187/2 371/188/2
f 371/188/150 367/187/150 374/188/150
f 370/187/151 362/182/151 367/187/151
f 369/186/2 371/188/2 372/189/2
f 372/189/2 371/188/2 373/190/2
f 371/188/152 376/190/152 373/190/152
f 366/186/4 374/188/4 367/187/4
f 366/186/4 375/189/4 374/188/4
f 375/189/4 376/190/4 374/188/4
f 375/189/4 377/191/4 376/190/4
f 373/190/153 377/191/153 380/191/153
f 375/189/4 378/192/4 377/191/4
f 378/192/4 379/193/4 377/191/4
f 380/191/154 379/193/154 382/193/154
f 372/189/2 373/190/2 380/191/2
f 372/189/2 380/191/2 381/192/2
f 381/192/2 380/191/2 382/193/2
f 381/192/2 382/193/2 383/194/2
f 382/193/155 386/194/155 383/194/155
f 383/194/156 387/195/156 384/195/156
f 385/196/2 383/194/2 384/195/2
f 381/192/2 383/194/2 385/196/2
f 388/196/4 387/195/4 386/194/4
f 378/192/4 386/194/4 379/193/4
f 378/192/4 388/196/4 386/194/4
f 385/196/157 378/192/157 381/192/157
f 392/197/158 388/196/158 385/196/158
f 388/196/4 389/197/4 387/195/4
f 393/198/159 389/197/159 392/197/159
f 389/197/4 390/198/4 391/199/4
f 389/197/4 391/199/4 387/195/4
f 385/196/2 384/195/2 392/197/2
f 392/197/2 394/199/2 393/198/2
f 392/197/2 384/195/2 394/199/2
f 384/195/160 391/199/160 394/199/160
f 393/198/2 394/199/2 395/200/2
f 394/199/161 397/200/161 395/200/161
f 393/198/2 395/200/2 396/201/2
f 395/200/162 398/201/162 396/201/162
f 390/198/4 397/200/4 391/199/4
f 390/198/4 398/201/4 397/200/4
f 396/201/163 399/202/163 404/202/163
f 400/203/4 399/202/4 398/201/4
f 390/198/4 400/203/4 398/201/4
f 402/203/164 390/198/164 393/198/164
f 403/204/165 400/203/165 402/203/165
f 400/203/4 401/204/4 399/202/4
f 393/198/2 396/201/2 402/203/2
f 402/203/2 404/202/2 403/204/2
f 402/203/2 396/201/2 404/202/2
f 404/202/166 407/205/166 405/205/166
f 403/204/2 404/202/2 405/205/2
f 405/205/167 408/206/167 406/206/167
f 403/204/2 405/205/2 406/206/2
f 401/204/4 408/206/4 407/205/4
f 401/204/4 407/205/4 399/202/4
f 401/204/4 409/207/4 408/206/4
f 409/207/4 410/208/4 408/206/4
f 406/206/168 410/208/168 413/208/168
f 409/207/4 411/209/4 410/208/4
f 411/209/4 412/210/4 410/208/4
f 413/208/169 412/210/169 416/210/169
f 414/207/2 406/206/2 413/208/2
f 414/207/2 413/208/2 415/209/2
f 415/209/2 413/208/2 416/210/2
f 416/210/170 424/211/170 417/211/170
f 418/212/2 416/210/2 417/211/2
f 415/209/2 416/210/2 418/212/2
f 418/212/171 411/209/171 415/209/171
f 419/213/172 421/212/172 418/212/172
f 418/212/2 420/214/2 419/213/2
f 418/212/2 417/211/2 420/214/2
f 411/209/4 421/212/4 412/210/4
f 421/212/4 422/213/4 423/214/4
f 421/212/4 423/214/4 424/211/4
f 421/212/4 424/211/4 412/210/4
f 417/211/173 423/214/173 420/214/173
f 422/213/4 425/215/4 423/214/4
f 420/214/174 425/215/174 428/215/174
f 422/213/4 426/216/4 425/215/4
f 426/216/4 427/217/4 425/215/4
f 428/215/175 427/217/175 430/217/175
f 419/213/2 420/214/2 428/215/2
f 419/213/2 428/215/2 429/216/2
f 429/216/2 428/215/2 430/217/2
f 430/217/176 436/218/176 431/218/176
f 432/219/2 430/217/2 431/218/2
f 429/216/2 430/217/2 432/219/2
f 432/219/177 426/216/177 429/216/177
f 433/220/178 434/219/178 432/219/178
f 432/219/2 431/218/2 433/220/2
f 426/216/4 434/219/4 427/217/4
f 434/219/4 435/220/4 436/218/4
f 434/219/4 436/218/4 427/217/4
f 431/218/179 437/221/179 439/221/179
f 435/220/4 437/221/4 436/218/4
f 439/221/180 438/222/180 440/222/180
f 435/220/4 438/222/4 437/221/4
f 433/220/2 439/221/2 440/222/2
f 433/220/2 431/218/2 439/221/2
f 440/222/181 446/223/181 441/223/181
f 442/224/2 440/222/2 441/223/2
f 433/220/2 440/222/2 442/224/2
f 442/224/182 435/220/182 433/220/182
f 443/225/183 444/224/183 442/224/183
f 442/224/2 441/223/2 443/225/2
f 435/220/4 444/224/4 438/222/4
f 444/224/4 445/225/4 446/223/4
f 444/224/4 446/223/4 438/222/4
f 445/225/4 447/226/4 446/223/4
f 441/223/184 447/226/184 450/226/184
f 445/225/4 448/227/4 447/226/4
f 448/227/4 449/228/4 447/226/4
f 450/226/185 449/228/185 452/228/185
f 443/225/2 441/223/2 450/226/2
f 443/225/2 450/226/2 451/227/2
f 451/227/2 450/226/2 452/228/2
f 451/227/2 452/228/2 453/229/2
f 453/229/2 452/228/2 454/230/2
f 452/228/186 457/230/186 454/230/186
f 453/229/2 454/230/2 455/231/2
f 455/231/2 454/230/2 456/232/2
f 454/230/187 460/232/187 456/232/187
f 458/229/4 457/230/4 449/228/4
f 458/229/4 459/231/4 457/230/4
f 459/231/4 460/232/4 457/230/4
f 459/231/4 461/233/4 460/232/4
f 456/232/188 461/233/188 464/233/188
f 464/233/189 462/234/189 465/234/189
f 463/235/4 462/234/4 461/233/4
f 459/231/4 463/235/4 461/233/4
f 466/235/2 464/233/2 465/234/2
f 455/231/2 456/232/2 464/233/2
f 455/231/2 464/233/2 466/235/2
f 466/235/190 459/231/190 455/231/190
f 467/236/191 463/235/191 466/235/191
f 466/235/2 465/234/2 467/236/2
f 468/237/192 470/236/192 467/236/192
f 467/236/2 469/238/2 468/237/2
f 467/236/2 465/234/2 469/238/2
f 463/235/4 470/236/4 462/234/4
f 470/236/4 471/237/4 472/238/4
f 470/236/4 472/238/4 462/234/4
f 469/238/193 473/239/193 476/239/193
f 471/237/4 473/239/4 472/238/4
f 465/234/194 472/238/194 469/238/194
f 476/239/195 474/240/195 477/240/195
f 475/241/4 474/240/4 473/239/4
f 471/237/4 475/241/4 473/239/4
f 478/241/2 476/239/2 477/240/2
f 468/237/2 469/238/2 476/239/2
f 468/237/2 476/239/2 478/241/2
f 478/241/196 471/237/196 468/237/196
f 479/242/197 475/241/197 478/241/197
f 478/241/2 480/243/2 479/242/2
f 478/241/2 477/240/2 480/243/2
f 479/242/2 480/243/2 481/244/2
f 480/243/198 484/244/198 481/244/198
f 477/240/199 482/243/199 480/243/199
f 475/241/4 483/242/4 482/243/4
f 483/242/4 484/244/4 482/243/4
f 475/241/4 482/243/4 474/240/4
f 483/242/4 485/245/4 484/244/4
f 485/245/4 486/246/4 484/244/4
f 481/244/200 486/246/200 489/246/200
f 485/245/4 487/247/4 486/246/4
f 487/247/4 488/248/4 486/246/4
f 489/246/201 488/248/201 492/248/201
f 490/245/2 481/244/2 489/246/2
f 490/245/2 489/246/2 491/247/2
f 491/247/2 489/246/2 492/248/2
f 491/247/2 492/248/2 493/249/2
f 493/249/2 492/248/2 494/250/2
f 492/248/202 497/250/202 494/250/202
f 494/250/203 498/251/203 495/251/203
f 496/252/2 494/250/2 495/251/2
f 493/249/2 494/250/2 496/252/2
f 500/252/4 498/251/4 497/250/4
f 499/249/4 497/250/4 488/248/4
f 499/249/4 500/252/4 497/250/4
f 496/252/204 499/249/204 493/249/204
f 506/253/205 500/252/205 496/252/205
f 500/252/4 501/253/4 502/254/4
f 500/252/4 502/254/4 498/251/4
f 504/254/206 503/255/206 505/255/206
f 501/253/4 503/255/4 502/254/4
f 495/251/207 502/254/207 504/254/207
f 506/253/2 504/254/2 505/255/2
f 496/252/2 495/251/2 504/254/2
f 496/252/2 504/254/2 506/253/2
f 507/256/208 501/253/208 506/253/208
f 506/253/2 505/255/2 507/256/2
f 508/257/209 510/256/209 507/256/209
f 507/256/2 509/258/2 508/257/2
f 507/256/2 505/255/2 509/258/2
f 501/253/4 510/256/4 503/255/4
f 510/256/4 511/257/4 512/258/4
f 510/256/4 512/258/4 503/255/4
f 509/258/210 513/259/210 516/259/210
f 511/257/4 513/259/4 512/258/4
f 505/255/211 512/258/211 509/258/211
f 511/257/4 514/260/4 513/259/4
f 514/260/4 515/261/4 513/259/4
f 516/259/212 515/261/212 518/261/212
f 508/257/2 516/259/2 517/260/2
f 517/260/2 516/259/2 518/261/2
f 508/257/2 509/258/2 516/259/2
f 517/260/2 518/261/2 519/262/2
f 518/261/213 522/262/213 519/262/213
f 517/260/2 519/262/2 520/263/2
f 520/263/2 519/262/2 521/264/2
f 519/262/214 524/264/214 521/264/214
f 514/260/4 522/262/4 515/261/4
f 514/260/4 523/263/4 522/262/4
f 523/263/4 524/264/4 522/262/4
f 523/263/4 525/265/4 524/264/4
f 525/265/4 526/266/4 524/264/4
f 521/264/215 526/266/215 529/266/215
f 529/266/216 527/267/216 530/267/216
f 528/268/4 527/267/4 526/266/4
f 525/265/4 528/268/4 526/266/4
f 532/268/2 529/266/2 530/267/2
f 531/265/2 521/264/2 529/266/2
f 531/265/2 529/266/2 532/268/2
f 532/268/217 525/265/217 531/265/217
f 533/269/218 528/268/218 532/268/218
f 532/268/2 534/270/2 533/269/2
f 532/268/2 530/267/2 534/270/2
f 530/267/219 536/270/219 534/270/219
f 533/269/2 534/270/2 535/271/2
f 534/270/220 538/271/220 535/271/220
f 528/268/4 536/270/4 527/267/4
f 528/268/4 537/269/4 536/270/4
f 537/269/4 538/271/4 536/270/4
f 537/269/4 539/272/4 538/271/4
f 539/272/4 540/273/4 538/271/4
f 535/271/221 540/273/221 542/273/221
f 539/272/4 541/274/4 540/273/4
f 542/273/222 541/274/222 544/274/222
f 543/272/2 535/271/2 542/273/2
f 543/272/2 542/273/2 544/274/2
f 544/274/223 550/275/223 545/275/223
f 546/276/2 544/274/2 545/275/2
f 543/272/2 544/274/2 546/276/2
f 546/276/224 539/272/224 543/272/224
f 547/277/225 548/276/225 546/276/225
f 546/276/2 545/275/2 547/277/2
f 539/272/4 548/276/4 541/274/4
f 548/276/4 549/277/4 550/275/4
f 548/276/4 550/275/4 541/274/4
f 545/275/226 551/278/226 553/278/226
f 549/277/4 551/278/4 550/275/4
f 553/278/227 552/279/227 554/279/227
f 549/277/4 552/279/4 551/278/4
f 547/277/2 553/278/2 554/279/2
f 547/277/2 545/275/2 553/278/2
f 547/277/2 554/279/2 555/280/2
f 555/280/2 554/279/2 556/281/2
f 554/279/228 558/281/228 556/281/228
f 555/280/2 556/281/2 557/282/2
f 556/281/229 560/282/229 557/282/229
f 559/280/4 558/281/4 552/279/4
f 559/280/4 560/282/4 558/281/4
f 559/280/4 561/283/4 560/282/4
f 561/283/4 562/284/4 560/282/4
f 557/282/230 562/284/230 564/284/230
f 561/283/4 563/285/4 562/284/4
f 564/284/231 563/285/231 566/285/231
f 565/283/2 557/282/2 564/284/2
f 565/283/2 564/284/2 566/285/2
f 565/283/2 566/285/2 567/286/2
f 566/285/232 569/286/232 567/286/232
f 565/283/2 567/286/2 568/287/2
f 567/286/233 570/287/233 568/287/233
f 561/283/4 569/286/4 563/285/4
f 561/283/4 570/287/4 569/286/4
f 561/283/4 571/288/4 570/287/4
f 568/287/234 571/288/234 574/288/234
f 561/283/4 572/289/4 571/288/4
f 571/288/4 572/289/4 573/290/4
f 574/288/235 573/290/235 576/290/235
f 565/283/2 568/287/2 574/288/2
f 565/283/2 574/288/2 575/289/2
f 574/288/236 576/290/236 575/289/236
f 576/290/2 578/291/2 577/292/2
f 575/289/2 576/290/2 577/292/2
f 579/293/2 578/291/2 576/290/2
f 576/290/237 581/293/237 579/293/237
f 579/293/238 582/294/238 580/294/238
f 580/294/2 578/291/2 579/293/2
f 582/294/4 581/293/4 583/291/4
f 581/293/4 573/290/4 583/291/4
f 578/291/239 584/292/239 577/292/239
f 573/290/4 584/292/4 583/291/4
f 582/294/4 583/291/4 585/295/4
f 591/295/240 583/291/240 578/291/240
f 586/296/4 582/294/4 585/295/4
f 587/297/4 586/296/4 585/295/4
f 588/298/4 587/297/4 585/295/4
f 589/299/4 588/298/4 585/295/4
f 589/299/4 585/295/4 590/300/4
f 596/300/241 585/295/241 591/295/241
f 580/294/2 591/295/2 578/291/2
f 592/296/2 591/295/2 580/294/2
f 593/297/2 591/295/2 592/296/2
f 594/298/2 591/295/2 593/297/2
f 595/299/2 591/295/2 594/298/2
f 595/299/2 596/300/2 591/295/2
f 597/301/2 596/300/2 595/299/2
f 598/302/2 596/300/2 597/301/2
f 598/302/2 599/303/2 596/300/2
f 599/303/242 590/300/242 596/300/242
f 600/304/2 599/303/2 598/302/2
f 600/304/2 601/305/2 599/303/2
f 601/305/243 602/303/243 599/303/243
f 603/302/4 590/300/4 602/303/4
f 604/304/4 603/302/4 602/303/4
f 604/304/4 602/303/4 605/305/4
f 606/306/4 604/304/4 605/305/4
f 607/307/4 606/306/4 605/305/4
f 607/307/4 605/305/4 608/308/4
f 611/308/244 605/305/244 601/305/244
f 609/309/4 607/307/4 608/308/4
f 609/309/4 608/308/4 610/310/4
f 614/310/245 608/308/245 611/308/245
f 612/307/2 611/308/2 601/305/2
f 613/309/2 611/308/2 612/307/2
f 613/309/2 614/310/2 611/308/2
f 615/311/2 614/310/2 613/309/2
f 616/312/2 614/310/2 615/311/2
f 616/312/2 617/313/2 614/310/2
f 617/313/246 610/310/246 614/310/246
f 618/314/2 617/313/2 616/312/2
f 618/314/2 619/315/2 617/313/2
f 619/315/247 620/313/247 617/313/247
f 622/314/4 621/312/4 620/313/4
f 621/312/4 610/310/4 620/313/4
f 622/314/4 620/313/4 623/315/4
f 624/316/4 622/314/4 623/315/4
f 624/316/4 623/315/4 625/317/4
f 628/317/248 623/315/248 619/315/248
f 626/318/4 624/316/4 625/317/4
f 626/318/4 625/317/4 627/319/4
f 631/319/249 625/317/249 628/317/249
f 629/316/2 628/317/2 619/315/2
f 630/318/2 628/317/2 629/316/2
f 630/318/2 631/319/2 628/317/2
f 632/320/2 631/319/2 630/318/2
f 632/320/2 633/321/2 631/319/2
f 633/321/250 627/319/250 631/319/250
f 634/322/2 633/321/2 632/320/2
f 634/322/2 635/323/2 633/321/2
f 635/323/251 636/321/251 633/321/251
f 637/320/4 627/319/4 636/321/4
f 638/322/4 637/320/4 636/321/4
f 638/322/4 636/321/4 639/323/4
f 640/324/4 638/322/4 639/323/4
f 640/324/4 639/323/4 641/325/4
f 644/325/252 639/323/252 635/323/252
f 642/326/4 640/324/4 641/325/4
f 642/326/4 641/325/4 643/327/4
f 647/327/253 641/325/253 644/325/253
f 645/324/2 644/325/2 635/323/2
f 646/326/2 644/325/2 645/324/2
f 646/326/2 647/327/2 644/325/2
f 648/328/2 647/327/2 646/326/2
f 648/328/2 649/329/2 647/327/2
f 649/329/254 643/327/254 647/327/254
f 648/328/2 650/330/2 649/329/2
f 650/330/255 651/329/255 649/329/255
f 652/328/4 651/329/4 653/330/4
f 652/328/4 643/327/4 651/329/4
f 654/331/4 652/328/4 653/330/4
f 654/331/4 653/330/4 655/332/4
f 658/332/256 653/330/256 650/330/256
f 656/333/4 654/331/4 655/332/4
f 656/333/4 655/332/4 657/334/4
f 661/334/257 655/332/257 658/332/257
f 659/331/2 658/332/2 650/330/2
f 660/333/2 658/332/2 659/331/2
f 660/333/2 661/334/2 658/332/2
f 662/335/2 661/334/2 660/333/2
f 662/335/2 663/336/2 661/334/2
f 663/336/258 657/334/258 661/334/258
f 664/337/2 663/336/2 662/335/2
f 665/338/2 663/336/2 664/337/2
f 665/338/2 666/339/2 663/336/2
f 666/339/259 667/336/259 663/336/259
f 668/335/4 657/334/4 667/336/4
f 669/337/4 668/335/4 667/336/4
f 670/338/4 669/337/4 667/336/4
f 670/338/4 667/336/4 671/339/4
f 672/340/4 670/338/4 671/339/4
f 672/340/4 671/339/4 673/341/4
f 677/341/260 671/339/260 666/339/260
f 674/342/4 672/340/4 673/341/4
f 675/343/4 674/342/4 673/341/4
f 675/343/4 673/341/4 676/344/4
f 681/344/261 673/341/261 677/341/261
f 678/340/2 677/341/2 666/339/2
f 679/342/2 677/341/2 678/340/2
f 680/343/2 677/341/2 679/342/2
f 680/343/2 681/344/2 677/341/2
f 682/345/2 681/344/2 680/343/2
f 683/346/2 681/344/2 682/345/2
f 683/346/2 684/347/2 681/344/2
f 684/347/262 676/344/262 681/344/262
f 685/348/2 684/347/2 683/346/2
f 685/348/2 686/349/2 684/347/2
f 686/349/263 687/347/263 684/347/263
f 689/348/4 688/346/4 687/347/4
f 688/346/4 676/344/4 687/347/4
f 689/348/4 687/347/4 690/349/4
f 691/350/4 689/348/4 690/349/4
f 692/351/4 691/350/4 690/349/4
f 692/351/4 690/349/4 693/352/4
f 697/352/264 690/349/264 686/349/264
f 694/353/4 692/351/4 693/352/4
f 695/354/4 694/353/4 693/352/4
f 695/354/4 693/352/4 696/355/4
f 701/355/265 693/352/265 697/352/265
f 698/351/2 697/352/2 686/349/2
f 699/353/2 697/352/2 698/351/2
f 700/354/2 697/352/2 699/353/2
f 700/354/2 701/355/2 697/352/2
f 702/356/2 701/355/2 700/354/2
f 703/357/2 701/355/2 702/356/2
f 703/357/2 704/358/2 701/355/2
f 704/358/266 696/355/266 701/355/266
f 705/359/2 704/358/2 703/357/2
f 706/360/2 704/358/2 705/359/2
f 706/360/2 707/361/2 704/358/2
f 707/361/267 708/358/267 704/358/267
f 709/357/4 696/355/4 708/358/4
f 710/359/4 709/357/4 708/358/4
f 711/360/4 710/359/4 708/358/4
f 711/360/4 708/358/4 712/361/4
f 713/362/4 711/360/4 712/361/4
f 714/363/4 713/362/4 712/361/4
f 714/363/4 712/361/4 715/364/4
f 719/364/268 712/361/268 707/361/268
f 716/365/4 714/363/4 715/364/4
f 717/366/4 716/365/4 715/364/4
f 717/366/4 715/364/4 718/367/4
f 723/367/269 715/364/269 719/364/269
f 720/363/2 719/364/2 707/361/2
f 721/365/2 719/364/2 720/363/2
f 722/366/2 719/364/2 721/365/2
f 722/366/2 723/367/2 719/364/2
f 724/368/2 723/367/2 722/366/2
f 725/369/2 723/367/2 724/368/2
f 725/369/2 726/370/2 723/367/2
f 726/370/270 718/367/270 723/367/270
f 727/371/2 726/370/2 725/369/2
f 728/372/2 726/370/2 727/371/2
f 728/372/2 729/373/2 726/370/2
f 729/373/271 730/370/271 726/370/271
f 732/371/4 731/369/4 730/370/4
f 731/369/4 718/367/4 730/370/4
f 733/372/4 732/371/4 730/370/4
f 733/372/4 730/370/4 734/373/4
f 735/374/4 733/372/4 734/373/4
f 736/375/4 735/374/4 734/373/4
f 736/375/4 734/373/4 737/376/4
f 742/376/272 734/373/272 729/373/272
f 738/377/4 736/375/4 737/376/4
f 739/378/4 738/377/4 737/376/4
f 740/379/4 739/378/4 737/376/4
f 740/379/4 737/376/4 741/380/4
f 747/380/273 737/376/273 742/376/273
f 743/375/2 742/376/2 729/373/2
f 744/377/2 742/376/2 743/375/2
f 745/378/2 742/376/2 744/377/2
f 746/379/2 742/376/2 745/378/2
f 746/379/2 747/380/2 742/376/2
f 748/381/2 747/380/2 746/379/2
f 749/382/2 747/380/2 748/381/2
f 749/382/2 750/383/2 747/380/2
f 750/383/274 741/380/274 747/380/274
f 751/384/2 750/383/2 749/382/2
f 752/385/2 750/383/2 751/384/2
f 753/386/2 750/383/2 752/385/2
f 753/386/2 754/387/2 750/383/2
f 754/387/275 755/383/275 750/383/275
f 756/382/4 741/380/4 755/383/4
f 757/384/4 756/382/4 755/383/4
f 758/385/4 757/384/4 755/383/4
f 759/386/4 758/385/4 755/383/4
f 759/386/4 755/383/4 760/387/4
f 761/388/4 759/386/4 760/387/4
f 762/389/4 761/388/4 760/387/4
f 763/390/4 762/389/4 760/387/4
f 763/390/4 760/387/4 764/391/4
f 767/391/276 760/387/276 754/387/276
f 765/392/4 763/390/4 764/391/4
f 765/392/4 764/391/4 766/393/4
f 770/393/277 764/391/277 767/391/277
f 768/390/2 767/391/2 754/387/2
f 769/392/2 767/391/2 768/390/2
f 769/392/2 770/393/2 767/391/2
f 771/394/2 770/393/2 769/392/2
f 772/395/2 770/393/2 771/394/2
f 773/396/2 770/393/2 772/395/2
f 773/396/2 774/397/2 770/393/2
f 774/397/278 766/393/278 770/393/278
f 775/398/2 774/397/2 773/396/2
f 776/399/2 774/397/2 775/398/2
f 776/399/2 189/95/2 774/397/2
f 189/95/279 777/397/279 774/397/279
f 779/398/4 778/396/4 777/397/4
f 778/396/4 766/393/4 777/397/4
f 780/399/4 779/398/4 777/397/4
f 780/399/4 777/397/4 185/95/4
f 781/400/4 780/399/4 185/95/4
f 776/399/280 781/400/280 783/400/280
f 775/398/281 780/399/281 776/399/281
f 782/401/4 781/400/4 185/95/4
f 783/400/282 782/401/282 784/401/282
f 784/401/2 189/95/2 783/400/2
f 783/400/2 189/95/2 776/399/2
f 192/98/2 189/95/2 784/401/2
f 192/98/283 782/401/283 785/98/283
f 785/98/4 782/401/4 185/95/4
f 785/98/4 185/95/4 187/96/4
f 198/97/4 785/98/4 187/96/4
f 192/98/284 198/97/284 193/97/284
f 773/396/285 779/398/285 775/398/285
f 773/396/286 786/395/286 778/396/286
f 778/396/4 786/395/4 766/393/4
f 771/394/287 786/395/287 772/395/287
f 786/395/4 787/394/4 766/393/4
f 769/392/288 787/394/288 771/394/288
f 787/394/4 765/392/4 766/393/4
f 768/390/289 765/392/289 769/392/289
f 788/389/290 763/390/290 768/390/290
f 768/390/2 754/387/2 788/389/2
f 789/388/291 762/389/291 788/389/291
f 788/389/2 754/387/2 789/388/2
f 789/388/2 754/387/2 753/386/2
f 789/388/292 759/386/292 761/388/292
f 752/385/293 759/386/293 753/386/293
f 751/384/294 758/385/294 752/385/294
f 749/382/295 757/384/295 751/384/295
f 748/381/296 756/382/296 749/382/296
f 756/382/4 790/381/4 741/380/4
f 746/379/297 790/381/297 748/381/297
f 790/381/4 740/379/4 741/380/4
f 745/378/298 740/379/298 746/379/298
f 744/377/299 739/378/299 745/378/299
f 743/375/300 738/377/300 744/377/300
f 743/375/2 729/373/2 791/374/2
f 791/374/301 736/375/301 743/375/301
f 728/372/302 735/374/302 791/374/302
f 791/374/2 729/373/2 728/372/2
f 727/371/303 733/372/303 728/372/303
f 725/369/304 732/371/304 727/371/304
f 724/368/305 731/369/305 725/369/305
f 731/369/4 792/368/4 718/367/4
f 722/366/306 792/368/306 724/368/306
f 792/368/4 717/366/4 718/367/4
f 721/365/307 717/366/307 722/366/307
f 720/363/308 716/365/308 721/365/308
f 720/363/2 707/361/2 793/362/2
f 793/362/309 714/363/309 720/363/309
f 706/360/310 713/362/310 793/362/310
f 793/362/2 707/361/2 706/360/2
f 705/359/311 711/360/311 706/360/311
f 703/357/312 710/359/312 705/359/312
f 702/356/313 709/357/313 703/357/313
f 709/357/4 794/356/4 696/355/4
f 794/356/4 695/354/4 696/355/4
f 702/356/314 695/354/314 794/356/314
f 699/353/315 695/354/315 700/354/315
f 698/351/316 694/353/316 699/353/316
f 698/351/2 686/349/2 795/350/2
f 795/350/317 692/351/317 698/351/317
f 685/348/318 691/350/318 795/350/318
f 795/350/2 686/349/2 685/348/2
f 683/346/319 689/348/319 685/348/319
f 682/345/320 688/346/320 683/346/320
f 688/346/4 796/345/4 676/344/4
f 680/343/321 796/345/321 682/345/321
f 796/345/4 675/343/4 676/344/4
f 679/342/322 675/343/322 680/343/322
f 678/340/323 674/342/323 679/342/323
f 678/340/2 666/339/2 665/338/2
f 665/338/324 672/340/324 678/340/324
f 664/337/325 670/338/325 665/338/325
f 662/335/326 669/337/326 664/337/326
f 660/333/327 668/335/327 662/335/327
f 668/335/4 656/333/4 657/334/4
f 659/331/328 656/333/328 660/333/328
f 659/331/2 650/330/2 648/328/2
f 648/328/329 654/331/329 659/331/329
f 646/326/330 652/328/330 648/328/330
f 652/328/4 642/326/4 643/327/4
f 646/326/331 640/324/331 642/326/331
f 645/324/2 635/323/2 634/322/2
f 634/322/332 640/324/332 645/324/332
f 632/320/333 638/322/333 634/322/333
f 630/318/334 637/320/334 632/320/334
f 637/320/4 626/318/4 627/319/4
f 629/316/335 626/318/335 630/318/335
f 629/316/2 619/315/2 618/314/2
f 618/314/336 624/316/336 629/316/336
f 616/312/337 622/314/337 618/314/337
f 615/311/338 621/312/338 616/312/338
f 621/312/4 797/311/4 610/310/4
f 613/309/339 797/311/339 615/311/339
f 797/311/4 609/309/4 610/310/4
f 612/307/340 609/309/340 613/309/340
f 612/307/2 601/305/2 798/306/2
f 798/306/341 607/307/341 612/307/341
f 600/304/342 606/306/342 798/306/342
f 798/306/2 601/305/2 600/304/2
f 598/302/343 604/304/343 600/304/343
f 597/301/344 603/302/344 598/302/344
f 603/302/4 799/301/4 590/300/4
f 595/299/345 799/301/345 597/301/345
f 799/301/4 589/299/4 590/300/4
f 594/298/346 589/299/346 595/299/346
f 593/297/347 588/298/347 594/298/347
f 592/296/348 587/297/348 593/297/348
f 580/294/349 586/296/349 592/296/349
f 572/289/4 584/292/4 573/290/4
f 572/289/4 800/402/4 584/292/4
f 800/402/4 801/403/4 584/292/4
f 801/403/4 802/404/4 584/292/4
f 577/292/350 802/404/350 805/404/350
f 801/403/4 803/405/4 802/404/4
f 803/405/4 804/406/4 802/404/4
f 805/404/351 804/406/351 808/406/351
f 806/403/2 577/292/2 805/404/2
f 806/403/2 805/404/2 807/405/2
f 807/405/2 805/404/2 808/406/2
f 808/406/352 814/407/352 809/407/352
f 810/408/2 808/406/2 809/407/2
f 807/405/2 808/406/2 810/408/2
f 810/408/353 803/405/353 807/405/353
f 811/409/354 812/408/354 810/408/354
f 810/408/2 809/407/2 811/409/2
f 803/405/4 812/408/4 804/406/4
f 812/408/4 813/409/4 814/407/4
f 812/408/4 814/407/4 804/406/4
f 809/407/355 815/410/355 818/410/355
f 813/409/4 815/410/4 814/407/4
f 813/409/4 816/411/4 815/410/4
f 816/411/4 817/412/4 815/410/4
f 818/410/356 817/412/356 820/412/356
f 811/409/2 818/410/2 819/411/2
f 819/411/2 818/410/2 820/412/2
f 811/409/2 809/407/2 818/410/2
f 819/411/2 820/412/2 821/413/2
f 821/413/2 820/412/2 822/414/2
f 820/412/357 825/414/357 822/414/357
f 822/414/358 826/415/358 823/415/358
f 824/416/2 822/414/2 823/415/2
f 821/413/2 822/414/2 824/416/2
f 828/416/4 826/415/4 825/414/4
f 827/413/4 825/414/4 817/412/4
f 827/413/4 828/416/4 825/414/4
f 824/416/359 827/413/359 821/413/359
f 832/417/360 828/416/360 824/416/360
f 828/416/4 829/417/4 826/415/4
f 833/418/361 829/417/361 832/417/361
f 829/417/4 830/418/4 831/419/4
f 829/417/4 831/419/4 826/415/4
f 824/416/2 823/415/2 832/417/2
f 832/417/2 834/419/2 833/418/2
f 832/417/2 823/415/2 834/419/2
f 823/415/362 831/419/362 834/419/362
f 833/418/2 834/419/2 835/420/2
f 834/419/363 838/420/363 835/420/363
f 833/418/2 835/420/2 836/421/2
f 836/421/2 835/420/2 837/422/2
f 835/420/364 840/422/364 837/422/364
f 830/418/4 838/420/4 831/419/4
f 830/418/4 839/421/4 838/420/4
f 839/421/4 840/422/4 838/420/4
f 837/422/365 839/421/365 836/421/365
f 836/421/366 830/418/366 833/418/366
f 821/413/367 816/411/367 819/411/367
f 816/411/4 827/413/4 817/412/4
f 819/411/18 813/409/18 811/409/18
f 807/405/368 801/403/368 806/403/368
f 806/403/369 800/402/369 841/402/369
f 841/402/2 577/292/2 806/403/2
f 841/402/370 572/289/370 575/289/370
f 575/289/2 577/292/2 841/402/2
f 575/289/371 561/283/371 565/283/371
f 565/283/372 559/280/372 555/280/372
f 555/280/2 557/282/2 565/283/2
f 549/277/4 559/280/4 552/279/4
f 555/280/373 549/277/373 547/277/373
f 543/272/374 537/269/374 533/269/374
f 533/269/2 535/271/2 543/272/2
f 531/265/375 523/263/375 520/263/375
f 520/263/2 521/264/2 531/265/2
f 520/263/376 514/260/376 517/260/376
f 517/260/377 511/257/377 508/257/377
f 491/247/378 499/249/378 487/247/378
f 487/247/4 499/249/4 488/248/4
f 491/247/379 485/245/379 490/245/379
f 490/245/380 483/242/380 479/242/380
f 479/242/2 481/244/2 490/245/2
f 455/231/381 458/229/381 453/229/381
f 453/229/382 448/227/382 451/227/382
f 448/227/4 458/229/4 449/228/4
f 451/227/383 445/225/383 443/225/383
f 429/216/384 422/213/384 419/213/384
f 415/209/385 409/207/385 414/207/385
f 403/204/2 406/206/2 414/207/2
f 414/207/386 401/204/386 403/204/386
f 381/192/387 375/189/387 372/189/387
f 372/189/388 366/186/388 369/186/388
f 359/184/389 353/180/389 355/180/389
f 346/176/390 340/173/390 343/173/390
f 319/161/391 313/159/391 318/159/391
f 318/159/392 311/156/392 307/156/392
f 307/156/2 309/158/2 318/159/2
f 307/156/393 300/153/393 304/153/393
f 300/153/4 311/156/4 302/155/4
f 289/147/2 290/148/2 305/152/2
f 232/116/394 226/117/394 233/117/394
f 231/114/395 225/116/395 232/116/395
f 842/113/396 223/114/396 231/114/396
f 231/114/2 215/111/2 842/113/2
f 842/113/2 215/111/2 843/112/2
f 843/112/397 222/113/397 842/113/397
f 843/112/2 215/111/2 214/110/2
f 214/110/398 221/112/398 843/112/398
f 213/109/399 219/110/399 214/110/399
f 211/107/400 218/109/400 213/109/400
f 211/107/401 204/105/401 217/107/401
f 217/107/4 204/105/4 205/106/4
f 209/105/402 203/104/402 204/105/402
f 208/104/403 201/102/403 203/104/403
f 195/100/404 201/102/404 207/102/404
f 207/102/2 196/101/2 195/100/2
f 193/97/405 199/100/405 195/100/405
f 190/94/406 182/92/406 180/92/406
f 165/85/407 169/84/407 164/84/407
f 164/84/408 168/82/408 162/82/408
f 162/82/409 156/79/409 160/79/409
f 156/79/4 168/82/4 158/81/4
f 139/70/410 132/68/410 136/68/410
f 132/68/4 143/70/4 133/69/4
f 136/68/411 130/66/411 135/66/411
f 135/66/412 127/64/412 123/64/412
f 123/64/2 124/65/2 135/66/2
f 106/54/413 114/58/413 113/54/413
f 106/54/414 100/52/414 104/52/414
f 100/52/4 113/54/4 101/53/4
f 104/52/415 98/50/415 103/50/415
f 94/49/2 92/47/2 103/50/2
f 103/50/416 96/49/416 94/49/416
f 80/38/417 71/36/417 67/36/417
f 67/36/2 68/37/2 80/38/2
f 63/30/418 56/28/418 52/28/418
f 52/28/2 53/29/2 63/30/2
f 52/28/419 55/26/419 50/26/419
f 50/26/420 844/25/420 49/25/420
f 844/25/4 55/26/4 45/24/4
f 49/25/421 43/22/421 47/22/421
f 43/22/4 844/25/4 45/24/4
f 37/19/422 30/18/422 36/18/422
f 36/18/423 27/14/423 35/14/423
f 35/14/424 15/2/424 2/2/424
f 2/2/2 3/3/2 35/14/2
f 1/1/1 2/2/1 15/2/1
f 1/1/3 14/1/3 26/13/3
f 13/13/5 26/13/5 25/12/5
f 12/12/6 25/12/6 24/11/6
f 11/11/7 24/11/7 23/10/7
f 10/10/8 23/10/8 22/9/8
f 9/9/9 22/9/9 21/8/9
f 8/8/10 21/8/10 20/7/10
f 7/7/11 20/7/11 19/6/11
f 6/6/12 19/6/12 18/5/12
f 5/5/13 18/5/13 17/4/13
f 4/4/14 17/4/14 16/3/14
f 3/3/15 16/3/15 28/15/15
f 33/15/16 28/15/16 29/16/16
f 38/17/17 32/17/17 31/19/17
f 39/20/18 41/20/18 32/17/18
f 40/21/19 42/21/19 41/20/19
f 47/22/20 43/22/20 42/21/20
f 34/16/21 29/16/21 44/23/21
f 46/23/22 44/23/22 45/24/22
f 48/24/23 45/24/23 54/27/23
f 51/27/24 54/27/24 57/29/24
f 53/29/25 57/29/25 58/31/25
f 62/32/26 60/32/26 59/30/26
f 64/33/27 61/33/27 60/32/27
f 65/31/28 58/31/28 70/34/28
f 66/34/29 70/34/29 72/37/29
f 69/35/30 73/35/30 61/33/30
f 67/36/31 71/36/31 73/35/31
f 68/37/32 72/37/32 75/39/32
f 78/39/33 75/39/33 76/40/33
f 81/41/34 77/41/34 74/38/34
f 82/42/35 84/42/35 77/41/35
f 83/43/36 85/43/36 84/42/36
f 90/44/37 86/44/37 85/43/37
f 89/45/38 87/45/38 88/46/38
f 79/40/39 76/40/39 87/45/39
f 91/46/40 88/46/40 97/47/40
f 93/48/41 95/48/41 86/44/41
f 94/49/42 96/49/42 95/48/42
f 92/47/43 97/47/43 99/51/43
f 102/51/44 99/51/44 101/53/44
f 105/53/45 101/53/45 111/55/45
f 107/55/46 111/55/46 112/56/46
f 110/57/47 115/57/47 114/58/47
f 119/59/48 116/59/48 115/57/48
f 120/60/49 117/60/49 116/59/49
f 108/56/50 112/56/50 118/61/50
f 121/61/51 118/61/51 126/62/51
f 122/62/52 126/62/52 128/65/52
f 125/63/53 129/63/53 117/60/53
f 123/64/54 127/64/54 129/63/54
f 124/65/55 128/65/55 131/67/55
f 134/67/56 131/67/56 133/69/56
f 137/69/57 133/69/57 145/71/57
f 140/72/58 142/72/58 143/70/58
f 141/73/59 144/73/59 142/72/59
f 138/71/60 145/71/60 146/74/60
f 149/74/61 146/74/61 147/75/61
f 151/76/62 148/76/62 144/73/62
f 152/77/63 154/77/63 148/76/63
f 153/78/64 155/78/64 154/77/64
f 160/79/65 156/79/65 155/78/65
f 150/75/66 147/75/66 157/80/66
f 159/80/67 157/80/67 158/81/67
f 161/81/68 158/81/68 167/83/68
f 163/83/69 167/83/69 171/86/69
f 166/86/70 171/86/70 172/87/70
f 175/88/71 173/88/71 170/85/71
f 176/89/72 174/89/72 173/88/72
f 177/87/73 172/87/73 183/90/73
f 179/91/74 181/91/74 174/89/74
f 180/92/75 182/92/75 181/91/75
f 178/90/76 183/90/76 184/93/76
f 188/93/77 184/93/77 185/95/77
f 191/96/78 187/96/78 186/94/78
f 194/99/79 197/99/79 187/96/79
f 196/101/80 200/101/80 197/99/80
f 206/103/81 202/103/81 200/101/81
f 210/106/82 205/106/82 202/103/82
f 212/108/83 216/108/83 205/106/83
f 215/111/84 220/111/84 216/108/84
f 230/115/85 224/115/85 220/111/85
f 236/120/86 229/120/86 224/115/86
f 238/122/87 240/122/87 229/120/87
f 239/123/88 242/123/88 240/122/88
f 247/125/89 244/125/89 242/123/89
f 250/127/90 246/127/90 244/125/90
f 251/128/91 254/128/91 246/127/91
f 253/130/92 256/130/92 254/128/92
f 260/132/93 258/132/93 256/130/93
f 262/133/94 259/133/94 258/132/94
f 264/135/95 267/135/95 259/133/95
f 266/137/96 270/137/96 267/135/96
f 274/138/97 271/138/97 270/137/97
f 276/140/98 273/140/98 271/138/98
f 278/142/99 280/142/99 273/140/99
f 279/143/100 282/143/100 280/142/100
f 286/145/101 284/145/101 282/143/101
f 288/146/102 285/146/102 284/145/102
f 287/144/103 283/144/103 285/146/103
f 277/141/104 281/141/104 283/144/104
f 275/139/105 272/139/105 281/141/105
f 265/136/106 269/136/106 272/139/106
f 265/136/107 263/134/107 268/134/107
f 261/131/108 257/131/108 268/134/108
f 252/129/109 255/129/109 257/131/109
f 249/126/110 245/126/110 255/129/110
f 249/126/111 248/124/111 243/124/111
f 237/121/112 241/121/112 243/124/112
f 235/119/113 228/119/113 241/121/113
f 234/118/114 227/118/114 228/119/114
f 289/147/115 299/147/115 227/118/115
f 293/151/116 294/151/116 295/150/116
f 233/117/117 226/117/117 294/151/117
f 292/150/118 295/150/118 296/149/118
f 291/149/119 296/149/119 297/148/119
f 290/148/120 297/148/120 298/152/120
f 304/153/121 300/153/121 299/147/121
f 305/152/122 298/152/122 301/154/122
f 306/155/123 303/154/123 301/154/123
f 306/155/124 302/155/124 310/157/124
f 308/157/125 310/157/125 312/158/125
f 309/158/126 312/158/126 314/160/126
f 317/160/127 314/160/127 316/162/127
f 320/162/128 316/162/128 324/163/128
f 321/163/129 324/163/129 325/164/129
f 323/165/130 326/165/130 315/161/130
f 330/166/131 327/166/131 326/165/131
f 331/167/132 328/167/132 327/166/132
f 322/164/133 325/164/133 329/168/133
f 332/168/134 329/168/134 336/169/134
f 333/169/135 336/169/135 337/170/135
f 335/171/136 338/171/136 328/167/136
f 342/172/137 339/172/137 338/171/137
f 343/173/138 340/173/138 339/172/138
f 344/174/139 341/174/139 348/175/139
f 334/170/140 337/170/140 341/174/140
f 347/177/141 345/175/141 348/175/141
f 347/177/142 350/177/142 351/178/142
f 354/179/143 352/179/143 349/176/143
f 355/180/144 353/180/144 352/179/144
f 356/178/145 351/178/145 361/181/145
f 358/182/146 357/181/146 361/181/146
f 360/183/147 364/183/147 363/184/147
f 368/185/148 365/185/148 364/183/148
f 369/186/149 366/186/149 365/185/149
f 371/188/150 370/187/150 367/187/150
f 370/187/151 358/182/151 362/182/151
f 371/188/152 374/188/152 376/190/152
f 373/190/153 376/190/153 377/191/153
f 380/191/154 377/191/154 379/193/154
f 382/193/155 379/193/155 386/194/155
f 383/194/156 386/194/156 387/195/156
f 385/196/157 388/196/157 378/192/157
f 392/197/158 389/197/158 388/196/158
f 393/198/159 390/198/159 389/197/159
f 384/195/160 387/195/160 391/199/160
f 394/199/161 391/199/161 397/200/161
f 395/200/162 397/200/162 398/201/162
f 396/201/163 398/201/163 399/202/163
f 402/203/164 400/203/164 390/198/164
f 403/204/165 401/204/165 400/203/165
f 404/202/166 399/202/166 407/205/166
f 405/205/167 407/205/167 408/206/167
f 406/206/168 408/206/168 410/208/168
f 413/208/169 410/208/169 412/210/169
f 416/210/170 412/210/170 424/211/170
f 418/212/171 421/212/171 411/209/171
f 419/213/172 422/213/172 421/212/172
f 417/211/173 424/211/173 423/214/173
f 420/214/174 423/214/174 425/215/174
f 428/215/175 425/215/175 427/217/175
f 430/217/176 427/217/176 436/218/176
f 432/219/177 434/219/177 426/216/177
f 433/220/178 435/220/178 434/219/178
f 431/218/179 436/218/179 437/221/179
f 439/221/180 437/221/180 438/222/180
f 440/222/181 438/222/181 446/223/181
f 442/224/182 444/224/182 435/220/182
f 443/225/183 445/225/183 444/224/183
f 441/223/184 446/223/184 447/226/184
f 450/226/185 447/226/185 449/228/185
f 452/228/186 449/228/186 457/230/186
f 454/230/187 457/230/187 460/232/187
f 456/232/188 460/232/188 461/233/188
f 464/233/189 461/233/189 462/234/189
f 466/235/190 463/235/190 459/231/190
f 467/236/191 470/236/191 463/235/191
f 468/237/192 471/237/192 470/236/192
f 469/238/193 472/238/193 473/239/193
f 465/234/194 462/234/194 472/238/194
f 476/239/195 473/239/195 474/240/195
f 478/241/196 475/241/196 471/237/196
f 479/242/197 483/242/197 475/241/197
f 480/243/198 482/243/198 484/244/198
f 477/240/199 474/240/199 482/243/199
f 481/244/200 484/244/200 486/246/200
f 489/246/201 486/246/201 488/248/201
f 492/248/202 488/248/202 497/250/202
f 494/250/203 497/250/203 498/251/203
f 496/252/204 500/252/204 499/249/204
f 506/253/205 501/253/205 500/252/205
f 504/254/206 502/254/206 503/255/206
f 495/251/207 498/251/207 502/254/207
f 507/256/208 510/256/208 501/253/208
f 508/257/209 511/257/209 510/256/209
f 509/258/210 512/258/210 513/259/210
f 505/255/211 503/255/211 512/258/211
f 516/259/212 513/259/212 515/261/212
f 518/261/213 515/261/213 522/262/213
f 519/262/214 522/262/214 524/264/214
f 521/264/215 524/264/215 526/266/215
f 529/266/216 526/266/216 527/267/216
f 532/268/217 528/268/217 525/265/217
f 533/269/218 537/269/218 528/268/218
f 530/267/219 527/267/219 536/270/219
f 534/270/425 536/270/425 538/271/425
f 535/271/221 538/271/221 540/273/221
f 542/273/222 540/273/222 541/274/222
f 544/274/223 541/274/223 550/275/223
f 546/276/224 548/276/224 539/272/224
f 547/277/225 549/277/225 548/276/225
f 545/275/226 550/275/226 551/278/226
f 553/278/227 551/278/227 552/279/227
f 554/279/228 552/279/228 558/281/228
f 556/281/229 558/281/229 560/282/229
f 557/282/230 560/282/230 562/284/230
f 564/284/231 562/284/231 563/285/231
f 566/285/232 563/285/232 569/286/232
f 567/286/233 569/286/233 570/287/233
f 568/287/234 570/287/234 571/288/234
f 574/288/235 571/288/235 573/290/235
f 576/290/237 573/290/237 581/293/237
f 579/293/238 581/293/238 582/294/238
f 578/291/239 583/291/239 584/292/239
f 591/295/240 585/295/240 583/291/240
f 596/300/241 590/300/241 585/295/241
f 599/303/242 602/303/242 590/300/242
f 601/305/243 605/305/243 602/303/243
f 611/308/244 608/308/244 605/305/244
f 614/310/245 610/310/245 608/308/245
f 617/313/246 620/313/246 610/310/246
f 619/315/247 623/315/247 620/313/247
f 628/317/248 625/317/248 623/315/248
f 631/319/249 627/319/249 625/317/249
f 633/321/250 636/321/250 627/319/250
f 635/323/251 639/323/251 636/321/251
f 644/325/252 641/325/252 639/323/252
f 647/327/253 643/327/253 641/325/253
f 649/329/254 651/329/254 643/327/254
f 650/330/255 653/330/255 651/329/255
f 658/332/256 655/332/256 653/330/256
f 661/334/257 657/334/257 655/332/257
f 663/336/258 667/336/258 657/334/258
f 666/339/259 671/339/259 667/336/259
f 677/341/260 673/341/260 671/339/260
f 681/344/261 676/344/261 673/341/261
f 684/347/262 687/347/262 676/344/262
f 686/349/263 690/349/263 687/347/263
f 697/352/264 693/352/264 690/349/264
f 701/355/265 696/355/265 693/352/265
f 704/358/266 708/358/266 696/355/266
f 707/361/267 712/361/267 708/358/267
f 719/364/268 715/364/268 712/361/268
f 723/367/269 718/367/269 715/364/269
f 726/370/270 730/370/270 718/367/270
f 729/373/271 734/373/271 730/370/271
f 742/376/272 737/376/272 734/373/272
f 747/380/273 741/380/273 737/376/273
f 750/383/274 755/383/274 741/380/274
f 754/387/275 760/387/275 755/383/275
f 767/391/276 764/391/276 760/387/276
f 770/393/277 766/393/277 764/391/277
f 774/397/278 777/397/278 766/393/278
f 189/95/279 185/95/279 777/397/279
f 776/399/280 780/399/280 781/400/280
f 775/398/281 779/398/281 780/399/281
f 783/400/282 781/400/282 782/401/282
f 192/98/283 784/401/283 782/401/283
f 192/98/284 785/98/284 198/97/284
f 773/396/285 778/396/285 779/398/285
f 773/396/286 772/395/286 786/395/286
f 771/394/287 787/394/287 786/395/287
f 769/392/288 765/392/288 787/394/288
f 768/390/289 763/390/289 765/392/289
f 788/389/290 762/389/290 763/390/290
f 789/388/291 761/388/291 762/389/291
f 789/388/292 753/386/292 759/386/292
f 752/385/293 758/385/293 759/386/293
f 751/384/294 757/384/294 758/385/294
f 749/382/295 756/382/295 757/384/295
f 748/381/296 790/381/296 756/382/296
f 746/379/297 740/379/297 790/381/297
f 745/378/298 739/378/298 740/379/298
f 744/377/299 738/377/299 739/378/299
f 743/375/300 736/375/300 738/377/300
f 791/374/301 735/374/301 736/375/301
f 728/372/302 733/372/302 735/374/302
f 727/371/303 732/371/303 733/372/303
f 725/369/304 731/369/304 732/371/304
f 724/368/305 792/368/305 731/369/305
f 722/366/306 717/366/306 792/368/306
f 721/365/307 716/365/307 717/366/307
f 720/363/308 714/363/308 716/365/308
f 793/362/309 713/362/309 714/363/309
f 706/360/310 711/360/310 713/362/310
f 705/359/311 710/359/311 711/360/311
f 703/357/312 709/357/312 710/359/312
f 702/356/313 794/356/313 709/357/313
f 702/356/314 700/354/314 695/354/314
f 699/353/315 694/353/315 695/354/315
f 698/351/316 692/351/316 694/353/316
f 795/350/317 691/350/317 692/351/317
f 685/348/318 689/348/318 691/350/318
f 683/346/319 688/346/319 689/348/319
f 682/345/320 796/345/320 688/346/320
f 680/343/321 675/343/321 796/345/321
f 679/342/322 674/342/322 675/343/322
f 678/340/323 672/340/323 674/342/323
f 665/338/324 670/338/324 672/340/324
f 664/337/325 669/337/325 670/338/325
f 662/335/326 668/335/326 669/337/326
f 660/333/327 656/333/327 668/335/327
f 659/331/328 654/331/328 656/333/328
f 648/328/329 652/328/329 654/331/329
f 646/326/330 642/326/330 652/328/330
f 646/326/331 645/324/331 640/324/331
f 634/322/332 638/322/332 640/324/332
f 632/320/333 637/320/333 638/322/333
f 630/318/334 626/318/334 637/320/334
f 629/316/335 624/316/335 626/318/335
f 618/314/336 622/314/336 624/316/336
f 616/312/337 621/312/337 622/314/337
f 615/311/338 797/311/338 621/312/338
f 613/309/339 609/309/339 797/311/339
f 612/307/340 607/307/340 609/309/340
f 798/306/341 606/306/341 607/307/341
f 600/304/342 604/304/342 606/306/342
f 598/302/426 603/302/426 604/304/426
f 597/301/344 799/301/344 603/302/344
f 595/299/345 589/299/345 799/301/345
f 594/298/346 588/298/346 589/299/346
f 593/297/347 587/297/347 588/298/347
f 592/296/348 586/296/348 587/297/348
f 580/294/427 582/294/427 586/296/427
f 577/292/350 584/292/350 802/404/350
f 805/404/351 802/404/351 804/406/351
f 808/406/352 804/406/352 814/407/352
f 810/408/353 812/408/353 803/405/353
f 811/409/354 813/409/354 812/408/354
f 809/407/355 814/407/355 815/410/355
f 818/410/356 815/410/356 817/412/356
f 820/412/357 817/412/357 825/414/357
f 822/414/358 825/414/358 826/415/358
f 824/416/359 828/416/359 827/413/359
f 832/417/360 829/417/360 828/416/360
f 833/418/361 830/418/361 829/417/361
f 823/415/362 826/415/362 831/419/362
f 834/419/363 831/419/363 838/420/363
f 835/420/364 838/420/364 840/422/364
f 837/422/428 840/422/428 839/421/428
f 836/421/366 839/421/366 830/418/366
f 821/413/367 827/413/367 816/411/367
f 819/411/18 816/411/18 813/409/18
f 807/405/368 803/405/368 801/403/368
f 806/403/369 801/403/369 800/402/369
f 841/402/370 800/402/370 572/289/370
f 575/289/371 572/289/371 561/283/371
f 565/283/372 561/283/372 559/280/372
f 555/280/373 559/280/373 549/277/373
f 543/272/374 539/272/374 537/269/374
f 531/265/375 525/265/375 523/263/375
f 520/263/376 523/263/376 514/260/376
f 517/260/377 514/260/377 511/257/377
f 491/247/378 493/249/378 499/249/378
f 491/247/379 487/247/379 485/245/379
f 490/245/380 485/245/380 483/242/380
f 455/231/381 459/231/381 458/229/381
f 453/229/382 458/229/382 448/227/382
f 451/227/383 448/227/383 445/225/383
f 429/216/384 426/216/384 422/213/384
f 415/209/385 411/209/385 409/207/385
f 414/207/386 409/207/386 401/204/386
f 381/192/387 378/192/387 375/189/387
f 372/189/388 375/189/388 366/186/388
f 359/184/389 363/184/389 353/180/389
f 346/176/390 349/176/390 340/173/390
f 319/161/391 315/161/391 313/159/391
f 318/159/392 313/159/392 311/156/392
f 307/156/393 311/156/393 300/153/393
f 232/116/394 225/116/394 226/117/394
f 231/114/395 223/114/395 225/116/395
f 842/113/396 222/113/396 223/114/396
f 843/112/397 221/112/397 222/113/397
f 214/110/398 219/110/398 221/112/398
f 213/109/399 218/109/399 219/110/399
f 211/107/400 217/107/400 218/109/400
f 211/107/401 209/105/401 204/105/401
f 209/105/402 208/104/402 203/104/402
f 208/104/403 207/102/403 201/102/403
f 195/100/404 199/100/404 201/102/404
f 193/97/405 198/97/405 199/100/405
f 190/94/406 186/94/406 182/92/406
f 165/85/407 170/85/407 169/84/407
f 164/84/408 169/84/408 168/82/408
f 162/82/409 168/82/409 156/79/409
f 139/70/410 143/70/410 132/68/410
f 136/68/411 132/68/411 130/66/411
f 135/66/412 130/66/412 127/64/412
f 106/54/413 109/58/413 114/58/413
f 106/54/414 113/54/414 100/52/414
f 104/52/415 100/52/415 98/50/415
f 103/50/416 98/50/416 96/49/416
f 80/38/417 74/38/417 71/36/417
f 63/30/418 59/30/418 56/28/418
f 52/28/419 56/28/419 55/26/419
f 50/26/420 55/26/420 844/25/420
f 49/25/421 844/25/421 43/22/421
f 37/19/422 31/19/422 30/18/422
f 36/18/423 30/18/423 27/14/423
f 35/14/424 27/14/424 15/2/424
