# Blender 4.4.1
# www.blender.org
mtllib Signboard.mtl
o Cube
v -0.339102 -5.152882 -6.697042
v -0.339102 -25.194569 -6.697042
v -0.339102 -5.152882 6.698123
v -0.339102 -25.194569 6.698123
v 0.338019 -5.515029 -6.334894
v 0.338019 -24.832422 -6.334894
v 0.338019 -5.515029 6.335976
v 0.338019 -24.832422 6.335976
v -0.065862 -24.832422 -6.334894
v -0.065862 -24.832422 6.335976
v -0.065862 -5.515029 6.335976
v -0.065862 -5.515029 -6.334894
v 0.234581 -25.194569 -6.697042
v 0.338019 -25.091125 -6.593603
v 0.338019 -25.091125 6.594686
v 0.234581 -25.194569 6.698123
v 0.338019 -5.256320 6.594686
v 0.234581 -5.152882 6.698123
v 0.234581 -5.152882 -6.697042
v 0.338019 -5.256320 -6.593603
v 0.353037 -5.527011 -6.031611
v 0.313466 -5.489226 -6.080455
v 0.353037 -4.516736 -6.031611
v 0.313466 -4.554520 -6.080455
v -0.342707 -5.527011 -6.006525
v -0.306757 -5.489226 -6.058091
v -0.342707 -4.516735 -6.006525
v -0.306757 -4.554520 -6.058091
v 0.341619 -5.527011 -6.348253
v 0.305669 -5.489226 -6.296687
v 0.341619 -4.516735 -6.348253
v 0.305669 -4.554520 -6.296687
v -0.314554 -5.489226 -6.274323
v -0.354125 -5.527011 -6.323165
v -0.314554 -4.554520 -6.274323
v -0.354125 -4.516735 -6.323165
v -0.477173 -5.659752 -6.051946
v -0.437570 -5.621934 -6.003105
v 0.483882 -5.659752 -6.086599
v 0.447899 -5.621934 -6.035033
v 0.483882 -4.383994 -6.086599
v 0.447899 -4.421811 -6.035033
v -0.477173 -4.383994 -6.051946
v -0.437570 -4.421811 -6.003105
v -0.448987 -4.421811 -6.319745
v -0.484970 -4.383994 -6.268178
v -0.448987 -5.621934 -6.319745
v -0.484970 -5.659752 -6.268178
v 0.476085 -5.659752 -6.302832
v 0.436482 -5.621934 -6.351673
v 0.476085 -4.383994 -6.302832
v 0.436482 -4.421811 -6.351673
v 0.209910 -4.199293 -6.076721
v 0.194547 -4.250847 -6.025897
v -0.184217 -4.250847 -6.012240
v -0.203202 -4.199293 -6.061824
v -0.210998 -4.199293 -6.278056
v -0.195634 -4.250847 -6.328880
v 0.183130 -4.250847 -6.342537
v 0.202114 -4.199293 -6.292953
v 0.156099 -4.366267 -6.024511
v 0.136657 -4.419196 -6.074080
v -0.129948 -4.419196 -6.064466
v -0.145768 -4.366267 -6.013626
v -0.157186 -4.366267 -6.330266
v -0.137744 -4.419196 -6.280698
v 0.128860 -4.419196 -6.290311
v 0.144681 -4.366267 -6.341151
v -0.616313 -4.747679 -6.046929
v -0.567976 -4.763199 -5.998402
v -0.567976 -5.280548 -5.998402
v -0.616313 -5.296066 -6.046929
v -0.579394 -4.763199 -6.315042
v -0.624110 -4.747679 -6.263161
v -0.624110 -5.296066 -6.263161
v -0.579394 -5.280548 -6.315042
v -0.440377 -4.805759 -6.003003
v -0.396552 -4.820980 -6.054853
v -0.396552 -5.222766 -6.054853
v -0.440377 -5.237988 -6.003003
v -0.404349 -4.820980 -6.271085
v -0.451794 -4.805759 -6.319643
v -0.451794 -5.237988 -6.319643
v -0.404349 -5.222766 -6.271085
v 0.623022 -5.296066 -6.091617
v 0.578306 -5.280548 -6.039736
v 0.578306 -4.763197 -6.039736
v 0.623022 -4.747679 -6.091617
v 0.615225 -4.747679 -6.307848
v 0.566888 -4.763199 -6.356375
v 0.566888 -5.280548 -6.356375
v 0.615225 -5.296066 -6.307848
v 0.450707 -5.237987 -6.035134
v 0.403261 -5.222765 -6.083693
v 0.403261 -4.820980 -6.083693
v 0.450707 -4.805758 -6.035134
v 0.439289 -4.805759 -6.351774
v 0.395464 -4.820980 -6.299924
v 0.395464 -5.222766 -6.299924
v 0.439289 -5.237988 -6.351774
v -0.203201 -5.844454 -6.061824
v -0.184217 -5.792900 -6.012240
v 0.194547 -5.792900 -6.025897
v 0.209911 -5.844454 -6.076721
v 0.202114 -5.844454 -6.292953
v 0.183129 -5.792900 -6.342537
v -0.195635 -5.792900 -6.328880
v -0.210998 -5.844454 -6.278056
v -0.145768 -5.677478 -6.013626
v -0.129948 -5.624549 -6.064466
v 0.136657 -5.624549 -6.074080
v 0.156099 -5.677478 -6.024511
v 0.144681 -5.677478 -6.341151
v 0.128860 -5.624549 -6.290311
v -0.137744 -5.624549 -6.280698
v -0.157186 -5.677478 -6.330266
v -0.158965 -4.693146 -5.947152
v -0.108728 -4.644385 -5.969010
v -0.158965 -3.749052 -5.587506
v -0.108728 -3.770911 -5.636267
v -0.158965 -4.445310 -6.597741
v -0.108728 -4.423450 -6.548980
v -0.158965 -3.501215 -6.238095
v -0.108728 -3.549975 -6.216236
v 0.157881 -4.693146 -5.947152
v 0.107644 -4.644385 -5.969010
v 0.157881 -3.749052 -5.587506
v 0.107644 -3.770911 -5.636267
v 0.107644 -4.423450 -6.548980
v 0.157881 -4.445310 -6.597741
v 0.107644 -3.549975 -6.216236
v 0.157881 -3.501215 -6.238095
v -0.108728 -4.522100 -6.769042
v -0.158965 -4.500222 -6.720239
v -0.108728 -4.864447 -5.870360
v -0.158965 -4.815643 -5.892238
v -0.108728 -3.672262 -5.416206
v -0.158965 -3.694139 -5.465009
v -0.108728 -3.329916 -6.314887
v -0.158965 -3.378718 -6.293008
v 0.157881 -3.378718 -6.293008
v 0.107644 -3.329916 -6.314887
v 0.157881 -4.500222 -6.720239
v 0.107644 -4.522100 -6.769042
v 0.107644 -4.864447 -5.870360
v 0.157881 -4.815643 -5.892238
v 0.107644 -3.672262 -5.416206
v 0.157881 -3.694139 -5.465009
v -0.108728 -3.402064 -5.606645
v -0.158965 -3.444125 -5.641057
v -0.158965 -3.309203 -5.995239
v -0.108728 -3.254907 -5.992945
v 0.107644 -3.254907 -5.992944
v 0.157881 -3.309203 -5.995238
v 0.157881 -3.444126 -5.641057
v 0.107644 -3.402064 -5.606645
v -0.158965 -3.538289 -5.718098
v -0.108728 -3.581470 -5.753428
v -0.108728 -3.486500 -6.002729
v -0.158965 -3.430759 -6.000374
v 0.157881 -3.430759 -6.000374
v 0.107644 -3.486500 -6.002729
v 0.107644 -3.581470 -5.753428
v 0.157881 -3.538289 -5.718098
v -0.108728 -3.620213 -6.574463
v -0.158965 -3.651289 -6.536482
v -0.158965 -4.134747 -6.720653
v -0.108728 -4.132675 -6.769683
v 0.157881 -3.651289 -6.536482
v 0.107644 -3.620213 -6.574463
v 0.107644 -4.132675 -6.769683
v 0.157881 -4.134747 -6.720653
v -0.158965 -3.736515 -6.432314
v -0.108728 -3.766994 -6.395061
v -0.108728 -4.142459 -6.538091
v -0.158965 -4.140428 -6.586183
v 0.107644 -3.766994 -6.395061
v 0.157881 -3.736515 -6.432314
v 0.157881 -4.140428 -6.586183
v 0.107644 -4.142459 -6.538091
v -0.108728 -4.574150 -5.610784
v -0.158965 -4.543075 -5.648766
v -0.158965 -4.059616 -5.464595
v -0.108728 -4.061687 -5.415564
v 0.107644 -4.061687 -5.415564
v 0.157881 -4.059617 -5.464596
v 0.157881 -4.543075 -5.648766
v 0.107644 -4.574150 -5.610784
v -0.158965 -4.457848 -5.752932
v -0.108728 -4.427365 -5.790186
v -0.108728 -4.051903 -5.647157
v -0.158965 -4.053934 -5.599063
v 0.157881 -4.053935 -5.599064
v 0.107644 -4.051903 -5.647157
v 0.107644 -4.427368 -5.790187
v 0.157881 -4.457848 -5.752932
v -0.108728 -4.792296 -6.578601
v -0.158965 -4.750237 -6.544189
v -0.158965 -4.885159 -6.190008
v -0.108728 -4.939454 -6.192301
v 0.107644 -4.939454 -6.192301
v 0.157881 -4.885158 -6.190008
v 0.157881 -4.750237 -6.544190
v 0.107644 -4.792296 -6.578602
v -0.158965 -4.656073 -6.467148
v -0.108728 -4.612893 -6.431820
v -0.108728 -4.707862 -6.182518
v -0.158965 -4.763603 -6.184873
v 0.157881 -4.763603 -6.184873
v 0.107644 -4.707862 -6.182518
v 0.107644 -4.612893 -6.431820
v 0.157881 -4.656073 -6.467148
v 0.353037 -3.524791 -5.718577
v 0.313466 -3.472095 -5.750770
v 0.353037 -2.580698 -5.358932
v 0.313466 -2.598621 -5.418026
v -0.342707 -3.533723 -5.695135
v -0.306757 -3.480056 -5.729871
v -0.342707 -2.589628 -5.335489
v -0.306757 -2.606582 -5.397128
v 0.341619 -3.412071 -6.014475
v 0.305669 -3.395118 -5.952837
v 0.341619 -2.467978 -5.654830
v 0.305669 -2.521644 -5.620093
v -0.314554 -3.403080 -5.931939
v -0.354125 -3.421003 -5.991033
v -0.314554 -2.529606 -5.599194
v -0.354125 -2.476909 -5.631386
v -0.477173 -3.641599 -5.784833
v -0.437570 -3.623645 -5.725730
v 0.483882 -3.629262 -5.817217
v 0.447899 -3.612279 -5.755567
v 0.483882 -2.437078 -5.363063
v 0.447899 -2.490774 -5.328337
v -0.477173 -2.449414 -5.330680
v -0.437570 -2.502141 -5.298501
v -0.448987 -2.389420 -5.594398
v -0.484970 -2.372438 -5.532747
v -0.448987 -3.510926 -6.021627
v -0.484970 -3.564623 -5.986900
v 0.476085 -3.552287 -6.019283
v 0.436482 -3.499559 -6.051463
v 0.476085 -2.360103 -5.565130
v 0.436482 -2.378055 -5.624235
v 0.209910 -2.267992 -5.288080
v 0.194547 -2.334262 -5.258939
v -0.184217 -2.339124 -5.246176
v -0.203202 -2.273296 -5.274161
v -0.210998 -2.196320 -5.476227
v -0.195634 -2.226405 -5.542074
v 0.183130 -2.221543 -5.554836
v 0.202114 -2.191018 -5.490147
v 0.156099 -2.442616 -5.298732
v 0.136657 -2.474430 -5.363895
v -0.129948 -2.477852 -5.354911
v -0.145768 -2.446490 -5.288559
v -0.157186 -2.333769 -5.584458
v -0.137744 -2.400876 -5.556978
v 0.128860 -2.397455 -5.565961
v 0.144681 -2.329895 -5.594629
v -0.616313 -2.791061 -5.455458
v -0.567976 -2.822838 -5.415636
v -0.567976 -3.306296 -5.599805
v -0.616313 -3.303524 -5.650678
v -0.579394 -2.710118 -5.711533
v -0.624110 -2.714084 -5.657525
v -0.624110 -3.226548 -5.852744
v -0.579394 -3.193577 -5.895703
v -0.440377 -2.860972 -5.435087
v -0.396552 -2.856740 -5.488958
v -0.396552 -3.232204 -5.631989
v -0.440377 -3.264887 -5.588954
v -0.404349 -2.779763 -5.691024
v -0.451794 -2.748253 -5.730984
v -0.451794 -3.152166 -5.884851
v -0.404349 -3.155227 -5.834055
v 0.623022 -3.287616 -5.692438
v 0.578306 -3.291583 -5.638431
v 0.578306 -2.808123 -5.454261
v 0.623022 -2.775153 -5.497219
v 0.615225 -2.698177 -5.699286
v 0.566888 -2.695405 -5.750159
v 0.566888 -3.178863 -5.934328
v 0.615225 -3.210640 -5.894505
v 0.450707 -3.253448 -5.618979
v 0.403261 -3.221936 -5.658938
v 0.403261 -2.846472 -5.515908
v 0.450707 -2.849534 -5.465112
v 0.439289 -2.736815 -5.761010
v 0.395464 -2.769497 -5.717975
v 0.395464 -3.144961 -5.861006
v 0.439289 -3.140728 -5.914878
v -0.203201 -3.810683 -5.859818
v -0.184217 -3.780159 -5.795127
v 0.194547 -3.775297 -5.807890
v 0.209911 -3.805381 -5.873737
v 0.202114 -3.728405 -6.075804
v 0.183129 -3.662577 -6.103787
v -0.195635 -3.667439 -6.091026
v -0.210998 -3.733708 -6.061883
v -0.145768 -3.671805 -5.755334
v -0.129948 -3.604246 -5.784002
v 0.136657 -3.600824 -5.792985
v 0.156099 -3.667930 -5.765506
v 0.144681 -3.555209 -6.061403
v 0.128860 -3.523847 -5.995053
v -0.137744 -3.527269 -5.986068
v -0.157186 -3.559085 -6.051232
v -0.158965 -2.637041 -5.163894
v -0.108728 -2.588279 -5.185751
v -0.158965 -1.692944 -4.804248
v -0.108728 -1.714803 -4.853008
v -0.158965 -2.389203 -5.814482
v -0.108728 -2.367344 -5.765722
v -0.158965 -1.445108 -5.454836
v -0.108728 -1.493867 -5.432978
v 0.157881 -2.637041 -5.163894
v 0.107644 -2.588279 -5.185751
v 0.157881 -1.692944 -4.804248
v 0.107644 -1.714803 -4.853008
v 0.107644 -2.367344 -5.765722
v 0.157881 -2.389203 -5.814482
v 0.107644 -1.493867 -5.432978
v 0.157881 -1.445108 -5.454836
v -0.108728 -2.465994 -5.985783
v -0.158965 -2.444116 -5.936979
v -0.108728 -2.808340 -5.087101
v -0.158965 -2.759537 -5.108980
v -0.108728 -1.616156 -4.632947
v -0.158965 -1.638032 -4.681751
v -0.108728 -1.273808 -5.531629
v -0.158965 -1.322612 -5.509751
v 0.157881 -1.322612 -5.509751
v 0.107644 -1.273808 -5.531629
v 0.157881 -2.444116 -5.936979
v 0.107644 -2.465994 -5.985783
v 0.107644 -2.808340 -5.087101
v 0.157881 -2.759537 -5.108980
v 0.107644 -1.616156 -4.632947
v 0.157881 -1.638032 -4.681751
v -0.108728 -1.345959 -4.823387
v -0.158965 -1.388018 -4.857799
v -0.158965 -1.253096 -5.211980
v -0.108728 -1.198799 -5.209687
v 0.107644 -1.198799 -5.209686
v 0.157881 -1.253096 -5.211980
v 0.157881 -1.388018 -4.857799
v 0.107644 -1.345959 -4.823386
v -0.158965 -1.482182 -4.934841
v -0.108728 -1.525363 -4.970169
v -0.108728 -1.430393 -5.219470
v -0.158965 -1.374651 -5.217115
v 0.157881 -1.374651 -5.217115
v 0.107644 -1.430393 -5.219470
v 0.107644 -1.525363 -4.970169
v 0.157881 -1.482182 -4.934841
v -0.108728 -1.564106 -5.791205
v -0.158965 -1.595181 -5.753223
v -0.158965 -2.078640 -5.937393
v -0.108728 -2.076570 -5.986424
v 0.157881 -1.595181 -5.753223
v 0.107644 -1.564106 -5.791205
v 0.107644 -2.076570 -5.986424
v 0.157881 -2.078640 -5.937393
v -0.158965 -1.680407 -5.649057
v -0.108728 -1.710887 -5.611802
v -0.108728 -2.086352 -5.754833
v -0.158965 -2.084321 -5.802924
v 0.107644 -1.710887 -5.611802
v 0.157881 -1.680407 -5.649057
v 0.157881 -2.084321 -5.802924
v 0.107644 -2.086352 -5.754833
v -0.108728 -2.518044 -4.827525
v -0.158965 -2.486968 -4.865507
v -0.158965 -2.003507 -4.681337
v -0.108728 -2.005579 -4.632306
v 0.107644 -2.005579 -4.632306
v 0.157881 -2.003510 -4.681337
v 0.157881 -2.486968 -4.865507
v 0.107644 -2.518044 -4.827525
v -0.158965 -2.401742 -4.969674
v -0.108728 -2.371260 -5.006928
v -0.108728 -1.995796 -4.863898
v -0.158965 -1.997827 -4.815805
v 0.157881 -1.997828 -4.815806
v 0.107644 -1.995796 -4.863898
v 0.107644 -2.371262 -5.006929
v 0.157881 -2.401742 -4.969674
v -0.108728 -2.736191 -5.795343
v -0.158965 -2.694130 -5.760932
v -0.158965 -2.829053 -5.406750
v -0.108728 -2.883350 -5.409043
v 0.107644 -2.883349 -5.409044
v 0.157881 -2.829053 -5.406750
v 0.157881 -2.694130 -5.760932
v 0.107644 -2.736190 -5.795343
v -0.158965 -2.599967 -5.683890
v -0.108728 -2.556787 -5.648561
v -0.108728 -2.651756 -5.399261
v -0.158965 -2.707497 -5.401615
v 0.157881 -2.707497 -5.401615
v 0.107644 -2.651756 -5.399261
v 0.107644 -2.556787 -5.648561
v 0.157881 -2.599967 -5.683890
v 0.353037 -1.523086 -4.956043
v 0.313466 -1.470391 -4.988236
v 0.353037 -0.578993 -4.596398
v 0.313466 -0.596916 -4.655492
v -0.342707 -1.532019 -4.932600
v -0.306757 -1.478352 -4.967338
v -0.342707 -0.587923 -4.572955
v -0.306757 -0.604878 -4.634593
v 0.341619 -1.410367 -5.251942
v 0.305669 -1.393414 -5.190303
v 0.341619 -0.466273 -4.892296
v 0.305669 -0.519939 -4.857559
v -0.314554 -1.401376 -5.169403
v -0.354125 -1.419299 -5.228498
v -0.314554 -0.527901 -4.836660
v -0.354125 -0.475204 -4.868852
v -0.477173 -1.639894 -5.022300
v -0.437570 -1.621941 -4.963195
v 0.483882 -1.627557 -5.054683
v 0.447899 -1.610576 -4.993032
v 0.483882 -0.435374 -4.600530
v 0.447899 -0.489071 -4.565804
v -0.477173 -0.447708 -4.568146
v -0.437570 -0.500436 -4.535966
v -0.448987 -0.387717 -4.831864
v -0.484970 -0.370733 -4.770212
v -0.448987 -1.509219 -5.259092
v -0.484970 -1.562919 -5.224367
v 0.476085 -1.550583 -5.256750
v 0.436482 -1.497854 -5.288929
v 0.476085 -0.358398 -4.802596
v 0.436482 -0.376349 -4.861701
v 0.209910 -0.266288 -4.525546
v 0.194547 -0.332558 -4.496405
v -0.184217 -0.337420 -4.483642
v -0.203202 -0.271591 -4.511626
v -0.210998 -0.194616 -4.713692
v -0.195634 -0.224699 -4.779540
v 0.183130 -0.219838 -4.792303
v 0.202114 -0.189313 -4.727612
v 0.156099 -0.440911 -4.536198
v 0.136657 -0.472728 -4.601361
v -0.129948 -0.476150 -4.592378
v -0.145768 -0.444786 -4.526026
v -0.157186 -0.332066 -4.821924
v -0.137744 -0.399173 -4.794445
v 0.128860 -0.395751 -4.803427
v 0.144681 -0.328192 -4.832095
v -0.616313 -0.789356 -4.692925
v -0.567976 -0.821133 -4.653103
v -0.567976 -1.304590 -4.837271
v -0.616313 -1.301820 -4.888144
v -0.579394 -0.708413 -4.949000
v -0.624110 -0.712379 -4.894991
v -0.624110 -1.224845 -5.090210
v -0.579394 -1.191872 -5.133169
v -0.440377 -0.859268 -4.672553
v -0.396552 -0.855036 -4.726424
v -0.396552 -1.230499 -4.869454
v -0.440377 -1.263181 -4.826420
v -0.404349 -0.778059 -4.928490
v -0.451794 -0.746548 -4.968450
v -0.451794 -1.150461 -5.122317
v -0.404349 -1.153524 -5.071522
v 0.623022 -1.285911 -4.929904
v 0.578306 -1.289877 -4.875896
v 0.578306 -0.806418 -4.691726
v 0.623022 -0.773448 -4.734686
v 0.615225 -0.696472 -4.936752
v 0.566888 -0.693700 -4.987624
v 0.566888 -1.177159 -5.171794
v 0.615225 -1.208935 -5.131971
v 0.450707 -1.251743 -4.856446
v 0.403261 -1.220232 -4.896404
v 0.403261 -0.844768 -4.753375
v 0.450707 -0.847829 -4.702578
v 0.439289 -0.735111 -4.998476
v 0.395464 -0.767793 -4.955441
v 0.395464 -1.143258 -5.098472
v 0.439289 -1.139023 -5.152344
v -0.203201 -1.808980 -5.097283
v -0.184217 -1.778454 -5.032593
v 0.194547 -1.773592 -5.045356
v 0.209911 -1.803679 -5.111204
v 0.202114 -1.726701 -5.313270
v 0.183129 -1.660873 -5.341254
v -0.195635 -1.665734 -5.328491
v -0.210998 -1.732002 -5.299349
v -0.145768 -1.670101 -4.992801
v -0.129948 -1.602541 -5.021468
v 0.136657 -1.599119 -5.030452
v 0.156099 -1.666225 -5.002973
v 0.144681 -1.553507 -5.298871
v 0.128860 -1.522144 -5.232518
v -0.137744 -1.525566 -5.223535
v -0.157186 -1.557380 -5.288698
v -0.158965 -0.635336 -4.401359
v -0.108728 -0.586573 -4.423218
v -0.158965 0.308757 -4.041714
v -0.108728 0.286900 -4.090475
v -0.158965 -0.387498 -5.051950
v -0.108728 -0.365639 -5.003188
v -0.158965 0.556596 -4.692303
v -0.108728 0.507835 -4.670444
v 0.157881 -0.635336 -4.401359
v 0.107644 -0.586573 -4.423218
v 0.157881 0.308757 -4.041714
v 0.107644 0.286900 -4.090475
v 0.107644 -0.365639 -5.003188
v 0.157881 -0.387498 -5.051950
v 0.107644 0.507835 -4.670444
v 0.157881 0.556596 -4.692303
v -0.108728 -0.464290 -5.223249
v -0.158965 -0.442413 -5.174445
v -0.108728 -0.806637 -4.324568
v -0.158965 -0.757832 -4.346446
v -0.108728 0.385548 -3.870414
v -0.158965 0.363670 -3.919217
v -0.108728 0.727896 -4.769095
v -0.158965 0.679092 -4.747217
v 0.157881 0.679092 -4.747217
v 0.107644 0.727896 -4.769095
v 0.157881 -0.442413 -5.174445
v 0.107644 -0.464290 -5.223249
v 0.107644 -0.806637 -4.324568
v 0.157881 -0.757832 -4.346446
v 0.107644 0.385548 -3.870414
v 0.157881 0.363670 -3.919217
v -0.108728 0.655745 -4.060853
v -0.158965 0.613684 -4.095264
v -0.158965 0.748608 -4.449447
v -0.108728 0.802902 -4.447154
v 0.107644 0.802902 -4.447153
v 0.157881 0.748606 -4.449447
v 0.157881 0.613684 -4.095264
v 0.107644 0.655745 -4.060853
v -0.158965 0.519521 -4.172307
v -0.108728 0.476341 -4.207635
v -0.108728 0.571311 -4.456936
v -0.158965 0.627053 -4.454581
v 0.157881 0.627053 -4.454581
v 0.107644 0.571311 -4.456936
v 0.107644 0.476341 -4.207635
v 0.157881 0.519521 -4.172307
v -0.108728 0.437597 -5.028671
v -0.158965 0.406521 -4.990690
v -0.158965 -0.076936 -5.174859
v -0.108728 -0.074867 -5.223891
v 0.157881 0.406521 -4.990690
v 0.107644 0.437597 -5.028671
v 0.107644 -0.074867 -5.223891
v 0.157881 -0.076936 -5.174859
v -0.158965 0.321297 -4.886523
v -0.108728 0.290817 -4.849268
v -0.108728 -0.084649 -4.992298
v -0.158965 -0.082616 -5.040390
v 0.107644 0.290817 -4.849268
v 0.157881 0.321297 -4.886523
v 0.157881 -0.082616 -5.040390
v 0.107644 -0.084649 -4.992298
v -0.108728 -0.516340 -4.064991
v -0.158965 -0.485263 -4.102973
v -0.158965 -0.001804 -3.918803
v -0.108728 -0.003876 -3.869771
v 0.107644 -0.003876 -3.869771
v 0.157881 -0.001805 -3.918803
v 0.157881 -0.485263 -4.102973
v 0.107644 -0.516340 -4.064991
v -0.158965 -0.400037 -4.207139
v -0.108728 -0.369555 -4.244394
v -0.108728 0.005907 -4.101364
v -0.158965 0.003876 -4.053272
v 0.157881 0.003874 -4.053272
v 0.107644 0.005907 -4.101364
v 0.107644 -0.369558 -4.244395
v 0.157881 -0.400037 -4.207139
v -0.108728 -0.734486 -5.032809
v -0.158965 -0.692427 -4.998397
v -0.158965 -0.827348 -4.644216
v -0.108728 -0.881645 -4.646510
v 0.107644 -0.881645 -4.646510
v 0.157881 -0.827348 -4.644216
v 0.157881 -0.692427 -4.998397
v 0.107644 -0.734486 -5.032810
v -0.158965 -0.598264 -4.921356
v -0.108728 -0.555082 -4.886027
v -0.108728 -0.650052 -4.636726
v -0.158965 -0.705793 -4.639080
v 0.157881 -0.705793 -4.639080
v 0.107644 -0.650052 -4.636726
v 0.107644 -0.555082 -4.886027
v 0.157881 -0.598264 -4.921356
v 0.353037 0.533019 -4.172785
v 0.313466 0.585716 -4.204978
v 0.353037 1.477113 -3.813139
v 0.313466 1.459192 -3.872233
v -0.342707 0.524089 -4.149342
v -0.306757 0.577755 -4.184079
v -0.342707 1.468182 -3.789696
v -0.306757 1.451230 -3.851335
v 0.341619 0.645739 -4.468683
v 0.305669 0.662692 -4.407044
v 0.341619 1.589832 -4.109037
v 0.305669 1.536167 -4.074300
v -0.314554 0.654731 -4.386145
v -0.354125 0.636808 -4.445239
v -0.314554 1.528206 -4.053401
v -0.354125 1.580902 -4.085593
v -0.477173 0.416212 -4.239042
v -0.437570 0.434165 -4.179936
v 0.483882 0.428548 -4.271426
v 0.447899 0.445532 -4.209774
v 0.483882 1.620733 -3.817271
v 0.447899 1.567035 -3.782544
v -0.477173 1.608397 -3.784887
v -0.437570 1.555669 -3.752708
v -0.448987 1.668389 -4.048605
v -0.484970 1.685371 -3.986954
v -0.448987 0.546885 -4.475834
v -0.484970 0.493187 -4.441108
v 0.476085 0.505523 -4.473492
v 0.436482 0.558252 -4.505671
v 0.476085 1.697709 -4.019338
v 0.436482 1.679755 -4.078442
v 0.209910 1.789818 -3.742287
v 0.194547 1.723548 -3.713146
v -0.184217 1.718686 -3.700383
v -0.203202 1.784517 -3.728367
v -0.210998 1.861490 -3.930434
v -0.195634 1.831406 -3.996282
v 0.183130 1.836268 -4.009044
v 0.202114 1.866793 -3.944354
v 0.156099 1.615194 -3.752939
v 0.136657 1.583380 -3.818102
v -0.129948 1.579957 -3.809119
v -0.145768 1.611320 -3.742768
v -0.157186 1.724040 -4.038665
v -0.137744 1.656934 -4.011186
v 0.128860 1.660355 -4.020169
v 0.144681 1.727916 -4.048836
v -0.616313 1.266750 -3.909666
v -0.567976 1.234973 -3.869843
v -0.567976 0.751514 -4.054013
v -0.616313 0.754286 -4.104886
v -0.579394 1.347692 -4.165741
v -0.624110 1.343725 -4.111733
v -0.624110 0.831261 -4.306952
v -0.579394 0.864234 -4.349910
v -0.440377 1.196838 -3.889294
v -0.396552 1.201071 -3.943166
v -0.396552 0.825605 -4.086196
v -0.440377 0.792925 -4.043162
v -0.404349 1.278048 -4.145233
v -0.451794 1.309558 -4.185191
v -0.451794 0.905645 -4.339059
v -0.404349 0.902582 -4.288263
v 0.623022 0.770195 -4.146645
v 0.578306 0.766229 -4.092638
v 0.578306 1.249688 -3.908467
v 0.623022 1.282659 -3.951427
v 0.615225 1.359633 -4.153493
v 0.566888 1.362406 -4.204366
v 0.566888 0.878948 -4.388536
v 0.615225 0.847171 -4.348713
v 0.450707 0.804363 -4.073187
v 0.403261 0.835875 -4.113146
v 0.403261 1.211339 -3.970116
v 0.450707 1.208277 -3.919319
v 0.439289 1.320996 -4.215218
v 0.395464 1.288315 -4.172183
v 0.395464 0.912850 -4.315214
v 0.439289 0.917083 -4.369085
v -0.203201 0.247128 -4.314024
v -0.184217 0.277653 -4.249334
v 0.194547 0.282515 -4.262097
v 0.209911 0.252430 -4.327945
v 0.202114 0.329404 -4.530011
v 0.183129 0.395235 -4.557995
v -0.195635 0.390373 -4.545233
v -0.210998 0.324102 -4.516091
v -0.145768 0.386005 -4.209542
v -0.129948 0.453565 -4.238210
v 0.136657 0.456987 -4.247194
v 0.156099 0.389881 -4.219714
v 0.144681 0.502599 -4.515612
v 0.128860 0.533964 -4.449260
v -0.137744 0.530540 -4.440277
v -0.157186 0.498727 -4.505440
v -0.158965 1.420769 -3.618101
v -0.108728 1.469531 -3.639959
v -0.158965 2.364863 -3.258456
v -0.108728 2.343006 -3.307217
v -0.158965 1.668608 -4.268691
v -0.108728 1.690467 -4.219929
v -0.158965 2.612700 -3.909045
v -0.108728 2.563941 -3.887186
v 0.157881 1.420769 -3.618101
v 0.107644 1.469531 -3.639959
v 0.157881 2.364863 -3.258456
v 0.107644 2.343006 -3.307217
v 0.107644 1.690467 -4.219929
v 0.157881 1.668608 -4.268691
v 0.107644 2.563941 -3.887186
v 0.157881 2.612700 -3.909045
v -0.108728 1.591816 -4.439991
v -0.158965 1.613694 -4.391187
v -0.108728 1.249469 -3.541309
v -0.158965 1.298273 -3.563187
v -0.108728 2.441654 -3.087156
v -0.158965 2.419777 -3.135959
v -0.108728 2.784002 -3.985836
v -0.158965 2.735198 -3.963958
v 0.157881 2.735198 -3.963958
v 0.107644 2.784002 -3.985836
v 0.157881 1.613694 -4.391187
v 0.107644 1.591816 -4.439991
v 0.107644 1.249469 -3.541309
v 0.157881 1.298273 -3.563187
v 0.107644 2.441654 -3.087156
v 0.157881 2.419777 -3.135959
v -0.108728 2.711851 -3.277594
v -0.158965 2.669792 -3.312007
v -0.158965 2.804713 -3.666188
v -0.108728 2.859010 -3.663895
v 0.107644 2.859010 -3.663894
v 0.157881 2.804713 -3.666188
v 0.157881 2.669792 -3.312006
v 0.107644 2.711851 -3.277594
v -0.158965 2.575627 -3.389047
v -0.108728 2.532446 -3.424376
v -0.108728 2.627415 -3.673678
v -0.158965 2.683157 -3.671323
v 0.157881 2.683157 -3.671323
v 0.107644 2.627415 -3.673678
v 0.107644 2.532446 -3.424376
v 0.157881 2.575627 -3.389047
v -0.108728 2.493703 -4.245414
v -0.158965 2.462627 -4.207432
v -0.158965 1.979170 -4.391601
v -0.108728 1.981241 -4.440632
v 0.157881 2.462627 -4.207432
v 0.107644 2.493703 -4.245414
v 0.107644 1.981241 -4.440632
v 0.157881 1.979170 -4.391601
v -0.158965 2.377401 -4.103265
v -0.108728 2.346921 -4.066009
v -0.108728 1.971457 -4.209041
v -0.158965 1.973490 -4.257131
v 0.107644 2.346921 -4.066009
v 0.157881 2.377401 -4.103265
v 0.157881 1.973490 -4.257131
v 0.107644 1.971457 -4.209041
v -0.108728 1.539766 -3.281733
v -0.158965 1.570842 -3.319714
v -0.158965 2.054302 -3.135545
v -0.108728 2.052228 -3.086514
v 0.107644 2.052228 -3.086514
v 0.157881 2.054301 -3.135545
v 0.157881 1.570842 -3.319714
v 0.107644 1.539766 -3.281733
v -0.158965 1.656068 -3.423881
v -0.108728 1.686550 -3.461136
v -0.108728 2.062014 -3.318106
v -0.158965 2.059982 -3.270014
v 0.157881 2.059981 -3.270014
v 0.107644 2.062014 -3.318106
v 0.107644 1.686548 -3.461137
v 0.157881 1.656068 -3.423881
v -0.108728 1.321620 -4.249551
v -0.158965 1.363679 -4.215139
v -0.158965 1.228757 -3.860957
v -0.108728 1.174461 -3.863250
v 0.107644 1.174461 -3.863250
v 0.157881 1.228757 -3.860957
v 0.157881 1.363679 -4.215140
v 0.107644 1.321620 -4.249552
v -0.158965 1.457844 -4.138097
v -0.108728 1.501024 -4.102769
v -0.108728 1.406054 -3.853467
v -0.158965 1.350312 -3.855823
v 0.157881 1.350312 -3.855823
v 0.107644 1.406054 -3.853467
v 0.107644 1.501024 -4.102769
v 0.157881 1.457844 -4.138097
v 0.353037 2.548762 -3.404902
v 0.313466 2.601459 -3.437094
v 0.353037 3.492856 -3.045258
v 0.313466 3.474933 -3.104352
v -0.342707 2.539832 -3.381458
v -0.306757 2.593499 -3.416196
v -0.342707 3.483925 -3.021814
v -0.306757 3.466973 -3.083453
v 0.341619 2.661483 -3.700800
v 0.305669 2.678435 -3.639161
v 0.341619 3.605578 -3.341155
v 0.305669 3.551910 -3.306417
v -0.314554 2.670474 -3.618262
v -0.354125 2.652552 -3.677356
v -0.314554 3.543948 -3.285519
v -0.354125 3.596647 -3.317711
v -0.477173 2.431956 -3.471158
v -0.437570 2.449910 -3.412054
v 0.483882 2.444293 -3.503541
v 0.447899 2.461275 -3.441890
v 0.483882 3.636477 -3.049389
v 0.447899 3.582780 -3.014662
v -0.477173 3.624141 -3.017005
v -0.437570 3.571415 -2.984826
v -0.448987 3.684134 -3.280723
v -0.484970 3.701116 -3.219071
v -0.448987 2.562629 -3.707951
v -0.484970 2.508932 -3.673225
v 0.476085 2.521267 -3.705609
v 0.436482 2.573997 -3.737788
v 0.476085 3.713453 -3.251455
v 0.436482 3.695498 -3.310560
v 0.209910 3.805562 -2.974406
v 0.194547 3.739293 -2.945263
v -0.184217 3.734431 -2.932501
v -0.203202 3.800259 -2.960486
v -0.210998 3.877234 -3.162552
v -0.195634 3.847149 -3.228399
v 0.183130 3.852012 -3.241161
v 0.202114 3.882536 -3.176473
v 0.156099 3.630940 -2.985056
v 0.136657 3.599123 -3.050220
v -0.129948 3.595701 -3.041237
v -0.145768 3.627065 -2.974885
v -0.157186 3.739785 -3.270783
v -0.137744 3.672678 -3.243303
v 0.128860 3.676100 -3.252286
v 0.144681 3.743659 -3.280954
v -0.616313 3.282495 -3.141784
v -0.567976 3.250716 -3.101962
v -0.567976 2.767259 -3.286130
v -0.616313 2.770031 -3.337003
v -0.579394 3.363436 -3.397858
v -0.624110 3.359470 -3.343850
v -0.624110 2.847006 -3.539069
v -0.579394 2.879979 -3.582027
v -0.440377 3.212583 -3.121411
v -0.396552 3.216815 -3.175283
v -0.396552 2.841350 -3.318313
v -0.440377 2.808668 -3.275280
v -0.404349 3.293792 -3.377348
v -0.451794 3.325303 -3.417308
v -0.451794 2.921388 -3.571177
v -0.404349 2.918327 -3.520380
v 0.623022 2.785940 -3.378762
v 0.578306 2.781974 -3.324755
v 0.578306 3.265431 -3.140585
v 0.623022 3.298403 -3.183544
v 0.615225 3.375377 -3.385611
v 0.566888 3.378151 -3.436483
v 0.566888 2.894692 -3.620653
v 0.615225 2.862914 -3.580830
v 0.450707 2.820106 -3.305305
v 0.403261 2.851618 -3.345263
v 0.403261 3.227083 -3.202233
v 0.450707 3.224019 -3.151437
v 0.439289 3.336740 -3.447334
v 0.395464 3.304058 -3.404299
v 0.395464 2.928593 -3.547330
v 0.439289 2.932826 -3.601203
v -0.203201 2.262872 -3.546141
v -0.184217 2.293397 -3.481451
v 0.194547 2.298260 -3.494215
v 0.209911 2.268174 -3.560062
v 0.202114 2.345149 -3.762128
v 0.183129 2.410978 -3.790112
v -0.195635 2.406117 -3.777349
v -0.210998 2.339845 -3.748208
v -0.145768 2.401750 -3.441659
v -0.129948 2.469309 -3.470327
v 0.136657 2.472732 -3.479310
v 0.156099 2.405626 -3.451831
v 0.144681 2.518344 -3.747728
v 0.128860 2.549707 -3.681377
v -0.137744 2.546285 -3.672393
v -0.157186 2.514468 -3.737557
v -0.158965 3.436514 -2.850219
v -0.108728 3.485276 -2.872077
v -0.158965 4.380608 -2.490573
v -0.108728 4.358750 -2.539333
v -0.158965 3.684352 -3.500807
v -0.108728 3.706212 -3.452046
v -0.158965 4.628445 -3.141162
v -0.108728 4.579686 -3.119303
v 0.157881 3.436514 -2.850219
v 0.107644 3.485276 -2.872077
v 0.157881 4.380608 -2.490573
v 0.107644 4.358750 -2.539333
v 0.107644 3.706212 -3.452046
v 0.157881 3.684352 -3.500807
v 0.107644 4.579686 -3.119303
v 0.157881 4.628445 -3.141162
v -0.108728 3.607561 -3.672107
v -0.158965 3.629437 -3.623304
v -0.108728 3.265214 -2.773427
v -0.158965 3.314018 -2.795305
v -0.108728 4.457399 -2.319272
v -0.158965 4.435521 -2.368076
v -0.108728 4.799745 -3.217954
v -0.158965 4.750942 -3.196076
v 0.157881 4.750942 -3.196076
v 0.107644 4.799745 -3.217954
v 0.157881 3.629437 -3.623304
v 0.107644 3.607561 -3.672107
v 0.107644 3.265214 -2.773427
v 0.157881 3.314018 -2.795305
v 0.107644 4.457399 -2.319272
v 0.157881 4.435521 -2.368076
v -0.108728 4.727595 -2.509712
v -0.158965 4.685535 -2.544124
v -0.158965 4.820457 -2.898306
v -0.108728 4.874753 -2.896012
v 0.107644 4.874753 -2.896012
v 0.157881 4.820457 -2.898305
v 0.157881 4.685535 -2.544123
v 0.107644 4.727595 -2.509711
v -0.158965 4.591372 -2.621165
v -0.108728 4.548192 -2.656494
v -0.108728 4.643160 -2.905796
v -0.158965 4.698904 -2.903439
v 0.157881 4.698904 -2.903439
v 0.107644 4.643160 -2.905796
v 0.107644 4.548192 -2.656494
v 0.157881 4.591372 -2.621165
v -0.108728 4.509448 -3.477530
v -0.158965 4.478372 -3.439548
v -0.158965 3.994915 -3.623717
v -0.108728 3.996984 -3.672749
v 0.157881 4.478372 -3.439548
v 0.107644 4.509448 -3.477530
v 0.107644 3.996984 -3.672749
v 0.157881 3.994915 -3.623717
v -0.158965 4.393147 -3.335381
v -0.108728 4.362666 -3.298127
v -0.108728 3.987202 -3.441157
v -0.158965 3.989235 -3.489249
v 0.107644 4.362666 -3.298127
v 0.157881 4.393147 -3.335381
v 0.157881 3.989235 -3.489249
v 0.107644 3.987202 -3.441157
v -0.108728 3.555511 -2.513850
v -0.158965 3.586587 -2.551832
v -0.158965 4.070047 -2.367661
v -0.108728 4.067975 -2.318631
v 0.107644 4.067975 -2.318631
v 0.157881 4.070045 -2.367663
v 0.157881 3.586587 -2.551832
v 0.107644 3.555511 -2.513850
v -0.158965 3.671813 -2.655999
v -0.108728 3.702295 -2.693253
v -0.108728 4.077758 -2.550224
v -0.158965 4.075727 -2.502130
v 0.157881 4.075725 -2.502132
v 0.107644 4.077758 -2.550224
v 0.107644 3.702293 -2.693254
v 0.157881 3.671813 -2.655999
v -0.108728 3.337363 -3.481668
v -0.158965 3.379424 -3.447256
v -0.158965 3.244502 -3.093075
v -0.108728 3.190206 -3.095368
v 0.107644 3.190206 -3.095368
v 0.157881 3.244502 -3.093075
v 0.157881 3.379424 -3.447256
v 0.107644 3.337365 -3.481668
v -0.158965 3.473589 -3.370214
v -0.108728 3.516767 -3.334886
v -0.108728 3.421798 -3.085586
v -0.158965 3.366057 -3.087939
v 0.157881 3.366057 -3.087939
v 0.107644 3.421798 -3.085586
v 0.107644 3.516767 -3.334886
v 0.157881 3.473589 -3.370214
v 0.353037 4.604870 -2.621645
v 0.313466 4.657567 -2.653836
v 0.353037 5.548965 -2.261999
v 0.313466 5.531042 -2.321093
v -0.342707 4.595939 -2.598200
v -0.306757 4.649606 -2.632938
v -0.342707 5.540032 -2.238555
v -0.306757 5.523081 -2.300194
v 0.341619 4.717588 -2.917542
v 0.305669 4.734543 -2.855902
v 0.341619 5.661682 -2.557896
v 0.305669 5.608018 -2.523159
v -0.314554 4.726582 -2.835004
v -0.354125 4.708659 -2.894098
v -0.314554 5.600057 -2.502260
v -0.354125 5.652752 -2.534452
v -0.477173 4.488063 -2.687901
v -0.437570 4.506015 -2.628796
v 0.483882 4.500399 -2.720284
v 0.447899 4.517383 -2.658632
v 0.483882 5.692584 -2.266130
v 0.447899 5.638886 -2.231404
v -0.477173 5.680247 -2.233746
v -0.437570 5.627520 -2.201567
v -0.448987 5.740240 -2.497465
v -0.484970 5.757222 -2.435813
v -0.448987 4.618737 -2.924693
v -0.484970 4.565039 -2.889967
v 0.476085 4.577374 -2.922351
v 0.436482 4.630101 -2.954530
v 0.476085 5.769559 -2.468197
v 0.436482 5.751606 -2.527301
v 0.209910 5.861668 -2.191147
v 0.194547 5.795398 -2.162006
v -0.184217 5.790537 -2.149243
v -0.203202 5.856364 -2.177227
v -0.210998 5.933341 -2.379293
v -0.195634 5.903257 -2.445140
v 0.183130 5.908118 -2.457903
v 0.202114 5.938644 -2.393214
v 0.156099 5.687045 -2.201798
v 0.136657 5.655231 -2.266961
v -0.129948 5.651807 -2.257978
v -0.145768 5.683171 -2.191626
v -0.157186 5.795891 -2.487525
v -0.137744 5.728784 -2.460044
v 0.128860 5.732207 -2.469028
v 0.144681 5.799767 -2.497696
v -0.616313 5.338599 -2.358525
v -0.567976 5.306821 -2.318703
v -0.567976 4.823364 -2.502872
v -0.616313 4.826137 -2.553745
v -0.579394 5.419542 -2.614600
v -0.624110 5.415576 -2.560591
v -0.624110 4.903112 -2.755811
v -0.579394 4.936084 -2.798770
v -0.440377 5.268689 -2.338153
v -0.396552 5.272922 -2.392025
v -0.396552 4.897456 -2.535056
v -0.440377 4.864776 -2.492021
v -0.404349 5.349895 -2.594092
v -0.451794 5.381407 -2.634050
v -0.451794 4.977494 -2.787918
v -0.404349 4.974433 -2.737122
v 0.623022 4.842045 -2.595505
v 0.578306 4.838077 -2.541498
v 0.578306 5.321537 -2.357327
v 0.623022 5.354507 -2.400286
v 0.615225 5.431483 -2.602352
v 0.566888 5.434256 -2.653225
v 0.566888 4.950797 -2.837395
v 0.615225 4.919022 -2.797571
v 0.450707 4.876212 -2.522046
v 0.403261 4.907724 -2.562006
v 0.403261 5.283189 -2.418975
v 0.450707 5.280127 -2.368178
v 0.439289 5.392846 -2.664077
v 0.395464 5.360163 -2.621042
v 0.395464 4.984699 -2.764072
v 0.439289 4.988934 -2.817944
v -0.203201 4.318976 -2.762883
v -0.184217 4.349502 -2.698194
v 0.194547 4.354362 -2.710958
v 0.209911 4.324280 -2.776804
v 0.202114 4.401255 -2.978870
v 0.183129 4.467084 -3.006855
v -0.195635 4.462222 -2.994092
v -0.210998 4.395952 -2.964951
v -0.145768 4.457856 -2.658401
v -0.129948 4.525415 -2.687069
v 0.136657 4.528838 -2.696052
v 0.156099 4.461730 -2.668573
v 0.144681 4.574450 -2.964470
v 0.128860 4.605814 -2.898119
v -0.137744 4.602391 -2.889136
v -0.157186 4.570576 -2.954299
v -0.158965 5.492620 -2.066961
v -0.108728 5.541382 -2.088819
v -0.158965 6.436714 -1.707315
v -0.108728 6.414856 -1.756075
v -0.158965 5.740458 -2.717549
v -0.108728 5.762317 -2.668788
v -0.158965 6.684550 -2.357904
v -0.108728 6.635791 -2.336045
v 0.157881 5.492620 -2.066961
v 0.107644 5.541382 -2.088819
v 0.157881 6.436714 -1.707315
v 0.107644 6.414856 -1.756075
v 0.107644 5.762317 -2.668788
v 0.157881 5.740458 -2.717549
v 0.107644 6.635791 -2.336045
v 0.157881 6.684550 -2.357904
v -0.108728 5.663668 -2.888849
v -0.158965 5.685544 -2.840047
v -0.108728 5.321320 -1.990169
v -0.158965 5.370124 -2.012046
v -0.108728 6.513506 -1.536015
v -0.158965 6.491627 -1.584818
v -0.108728 6.855851 -2.434695
v -0.158965 6.807048 -2.412817
v 0.157881 6.807048 -2.412817
v 0.107644 6.855851 -2.434695
v 0.157881 5.685544 -2.840047
v 0.107644 5.663668 -2.888849
v 0.107644 5.321320 -1.990169
v 0.157881 5.370124 -2.012046
v 0.107644 6.513506 -1.536015
v 0.157881 6.491627 -1.584818
v -0.108728 6.783701 -1.726453
v -0.158965 6.741640 -1.760866
v -0.158965 6.876564 -2.115047
v -0.108728 6.930861 -2.112754
v 0.107644 6.930857 -2.112753
v 0.157881 6.876564 -2.115047
v 0.157881 6.741640 -1.760866
v 0.107644 6.783700 -1.726453
v -0.158965 6.647478 -1.837907
v -0.108728 6.604297 -1.873236
v -0.108728 6.699265 -2.122537
v -0.158965 6.755008 -2.120182
v 0.157881 6.755008 -2.120182
v 0.107644 6.699265 -2.122537
v 0.107644 6.604297 -1.873236
v 0.157881 6.647478 -1.837907
v -0.108728 6.565554 -2.694272
v -0.158965 6.534477 -2.656291
v -0.158965 6.051022 -2.840460
v -0.108728 6.053091 -2.889491
v 0.157881 6.534477 -2.656291
v 0.107644 6.565554 -2.694272
v 0.107644 6.053091 -2.889491
v 0.157881 6.051022 -2.840460
v -0.158965 6.449253 -2.552124
v -0.108728 6.418772 -2.514868
v -0.108728 6.043308 -2.657899
v -0.158965 6.045340 -2.705991
v 0.107644 6.418772 -2.514868
v 0.157881 6.449253 -2.552124
v 0.157881 6.045340 -2.705991
v 0.107644 6.043308 -2.657899
v -0.108728 5.611618 -1.730592
v -0.158965 5.642693 -1.768574
v -0.158965 6.126152 -1.584404
v -0.108728 6.124079 -1.535373
v 0.107644 6.124079 -1.535373
v 0.157881 6.126152 -1.584404
v 0.157881 5.642693 -1.768574
v 0.107644 5.611618 -1.730592
v -0.158965 5.727919 -1.872741
v -0.108728 5.758401 -1.909995
v -0.108728 6.133864 -1.766965
v -0.158965 6.131833 -1.718872
v 0.157881 6.131831 -1.718873
v 0.107644 6.133864 -1.766965
v 0.107644 5.758399 -1.909996
v 0.157881 5.727919 -1.872741
v -0.108728 5.393472 -2.698410
v -0.158965 5.435530 -2.663998
v -0.158965 5.300608 -2.309816
v -0.108728 5.246311 -2.312110
v 0.107644 5.246312 -2.312111
v 0.157881 5.300608 -2.309817
v 0.157881 5.435530 -2.663998
v 0.107644 5.393472 -2.698411
v -0.158965 5.529694 -2.586956
v -0.108728 5.572873 -2.551628
v -0.108728 5.477903 -2.302326
v -0.158965 5.422163 -2.304682
v 0.157881 5.422163 -2.304682
v 0.107644 5.477903 -2.302326
v 0.107644 5.572873 -2.551628
v 0.157881 5.529694 -2.586956
v 0.353037 6.606571 -1.859111
v 0.313466 6.659268 -1.891303
v 0.353037 7.550664 -1.499465
v 0.313466 7.532743 -1.558559
v -0.342707 6.597641 -1.835667
v -0.306757 6.651307 -1.870404
v -0.342707 7.541734 -1.476022
v -0.306757 7.524781 -1.537660
v 0.341619 6.719293 -2.155008
v 0.305669 6.736246 -2.093369
v 0.341619 7.663386 -1.795363
v 0.305669 7.609720 -1.760626
v -0.314554 6.728284 -2.072470
v -0.354125 6.710361 -2.131565
v -0.314554 7.601758 -1.739727
v -0.354125 7.654456 -1.771919
v -0.477173 6.489764 -1.925367
v -0.437570 6.507719 -1.866262
v 0.483882 6.502101 -1.957750
v 0.447899 6.519085 -1.896099
v 0.483882 7.694285 -1.503596
v 0.447899 7.640588 -1.468870
v -0.477173 7.681949 -1.471213
v -0.437570 7.629222 -1.439034
v -0.448987 7.741943 -1.734931
v -0.484970 7.758924 -1.673280
v -0.448987 6.620438 -2.162160
v -0.484970 6.566741 -2.127433
v 0.476085 6.579077 -2.159817
v 0.436482 6.631805 -2.191996
v 0.476085 7.771262 -1.705663
v 0.436482 7.753308 -1.764767
v 0.209910 7.863372 -1.428613
v 0.194547 7.797101 -1.399472
v -0.184217 7.792239 -1.386709
v -0.203202 7.858068 -1.414693
v -0.210998 7.935045 -1.616760
v -0.195634 7.904957 -1.682607
v 0.183130 7.909820 -1.695370
v 0.202114 7.940349 -1.630680
v 0.156099 7.688749 -1.439265
v 0.136657 7.656931 -1.504428
v -0.129948 7.653512 -1.495444
v -0.145768 7.684873 -1.429093
v -0.157186 7.797593 -1.724991
v -0.137744 7.730484 -1.697511
v 0.128860 7.733908 -1.706494
v 0.144681 7.801467 -1.735162
v -0.616313 7.340303 -1.595992
v -0.567976 7.308526 -1.556169
v -0.567976 6.825068 -1.740339
v -0.616313 6.827840 -1.791211
v -0.579394 7.421244 -1.852066
v -0.624110 7.417276 -1.798059
v -0.624110 6.904816 -1.993277
v -0.579394 6.937788 -2.036236
v -0.440377 7.270391 -1.575619
v -0.396552 7.274623 -1.629491
v -0.396552 6.899159 -1.772522
v -0.440377 6.866480 -1.729487
v -0.404349 7.351600 -1.831558
v -0.451794 7.383111 -1.871517
v -0.451794 6.979198 -2.025384
v -0.404349 6.976134 -1.974588
v 0.623022 6.843747 -1.832971
v 0.578306 6.839781 -1.778964
v 0.578306 7.323239 -1.594794
v 0.623022 7.356211 -1.637753
v 0.615225 7.433187 -1.839820
v 0.566888 7.435960 -1.890691
v 0.566888 6.952503 -2.074861
v 0.615225 6.920724 -2.035038
v 0.450707 6.877916 -1.759513
v 0.403261 6.909428 -1.799472
v 0.403261 7.284891 -1.656441
v 0.450707 7.281829 -1.605645
v 0.439289 7.394550 -1.901543
v 0.395464 7.361867 -1.858508
v 0.395464 6.986401 -2.001539
v 0.439289 6.990636 -2.055411
v -0.203201 6.320679 -2.000350
v -0.184217 6.351206 -1.935660
v 0.194547 6.356068 -1.948423
v 0.209911 6.325982 -2.014270
v 0.202114 6.402957 -2.216336
v 0.183129 6.468786 -2.244321
v -0.195635 6.463925 -2.231557
v -0.210998 6.397655 -2.202417
v -0.145768 6.459558 -1.895868
v -0.129948 6.527117 -1.924536
v 0.136657 6.530540 -1.933520
v 0.156099 6.463433 -1.906039
v 0.144681 6.576152 -2.201936
v 0.128860 6.607515 -2.135586
v -0.137744 6.604094 -2.126601
v -0.157186 6.572280 -2.191766
v -0.158965 7.494324 -1.304426
v -0.108728 7.543085 -1.326285
v -0.158965 8.438417 -0.944781
v -0.108728 8.416559 -0.993541
v -0.158965 7.742161 -1.955015
v -0.108728 7.764018 -1.906255
v -0.158965 8.686255 -1.595370
v -0.108728 8.637493 -1.573511
v 0.157881 7.494324 -1.304426
v 0.107644 7.543085 -1.326285
v 0.157881 8.438417 -0.944781
v 0.107644 8.416559 -0.993541
v 0.107644 7.764018 -1.906255
v 0.157881 7.742161 -1.955015
v 0.107644 8.637493 -1.573511
v 0.157881 8.686255 -1.595370
v -0.108728 7.665368 -2.126316
v -0.158965 7.687246 -2.077513
v -0.108728 7.323024 -1.227635
v -0.158965 7.371825 -1.249513
v -0.108728 8.515207 -0.773481
v -0.158965 8.493330 -0.822284
v -0.108728 8.857553 -1.672162
v -0.158965 8.808750 -1.650284
v 0.157881 8.808750 -1.650284
v 0.107644 8.857553 -1.672162
v 0.157881 7.687246 -2.077513
v 0.107644 7.665368 -2.126316
v 0.107644 7.323024 -1.227635
v 0.157881 7.371825 -1.249513
v 0.107644 8.515207 -0.773481
v 0.157881 8.493330 -0.822284
v -0.108728 8.785404 -0.963920
v -0.158965 8.743343 -0.998332
v -0.158965 8.878267 -1.352514
v -0.108728 8.932562 -1.350220
v 0.107644 8.932562 -1.350219
v 0.157881 8.878267 -1.352513
v 0.157881 8.743343 -0.998332
v 0.107644 8.785404 -0.963920
v -0.158965 8.649179 -1.075373
v -0.108728 8.606000 -1.110702
v -0.108728 8.700971 -1.360003
v -0.158965 8.756712 -1.357648
v 0.157881 8.756712 -1.357648
v 0.107644 8.700971 -1.360003
v 0.107644 8.606000 -1.110702
v 0.157881 8.649179 -1.075373
v -0.108728 8.567259 -1.931739
v -0.158965 8.536180 -1.893757
v -0.158965 8.052723 -2.077926
v -0.108728 8.054792 -2.126958
v 0.157881 8.536180 -1.893757
v 0.107644 8.567259 -1.931739
v 0.107644 8.054792 -2.126958
v 0.157881 8.052723 -2.077926
v -0.158965 8.450954 -1.789590
v -0.108728 8.420477 -1.752335
v -0.108728 8.045010 -1.895366
v -0.158965 8.047044 -1.943458
v 0.107644 8.420477 -1.752335
v 0.157881 8.450954 -1.789590
v 0.157881 8.047044 -1.943458
v 0.107644 8.045010 -1.895366
v -0.108728 7.613319 -0.968058
v -0.158965 7.644397 -1.006040
v -0.158965 8.127855 -0.821870
v -0.108728 8.125783 -0.772839
v 0.107644 8.125783 -0.772839
v 0.157881 8.127853 -0.821871
v 0.157881 7.644397 -1.006040
v 0.107644 7.613319 -0.968058
v -0.158965 7.729621 -1.110207
v -0.108728 7.760103 -1.147461
v -0.108728 8.135567 -1.004431
v -0.158965 8.133535 -0.956339
v 0.157881 8.133533 -0.956339
v 0.107644 8.135567 -1.004431
v 0.107644 7.760103 -1.147462
v 0.157881 7.729621 -1.110207
v -0.108728 7.395172 -1.935877
v -0.158965 7.437232 -1.901465
v -0.158965 7.302310 -1.547283
v -0.108728 7.248015 -1.549576
v 0.107644 7.248015 -1.549577
v 0.157881 7.302310 -1.547283
v 0.157881 7.437232 -1.901465
v 0.107644 7.395172 -1.935878
v -0.158965 7.531395 -1.824423
v -0.108728 7.574576 -1.789095
v -0.108728 7.479606 -1.539793
v -0.158965 7.423865 -1.542148
v 0.157881 7.423865 -1.542148
v 0.107644 7.479606 -1.539793
v 0.107644 7.574576 -1.789095
v 0.157881 7.531395 -1.824423
v 0.353037 8.662678 -1.075853
v 0.313466 8.715375 -1.108045
v 0.353037 9.606772 -0.716206
v 0.313466 9.588850 -0.775301
v -0.342707 8.653746 -1.052409
v -0.306757 8.707415 -1.087145
v -0.342707 9.597841 -0.692763
v -0.306757 9.580891 -0.754402
v 0.341619 8.775398 -1.371750
v 0.305669 8.792352 -1.310111
v 0.341619 9.719492 -1.012104
v 0.305669 9.665827 -0.977367
v -0.314554 8.784389 -1.289212
v -0.354125 8.766467 -1.348306
v -0.314554 9.657864 -0.956468
v -0.354125 9.710561 -0.988660
v -0.477173 8.545870 -1.142108
v -0.437570 8.563824 -1.083004
v 0.483882 8.558208 -1.174491
v 0.447899 8.575191 -1.112841
v 0.483882 9.750393 -0.720338
v 0.447899 9.696694 -0.685611
v -0.477173 9.738056 -0.687954
v -0.437570 9.685329 -0.655775
v -0.448987 9.798047 -0.951673
v -0.484970 9.815031 -0.890021
v -0.448987 8.676546 -1.378901
v -0.484970 8.622847 -1.344175
v 0.476085 8.635182 -1.376559
v 0.436482 8.687910 -1.408738
v 0.476085 9.827368 -0.922405
v 0.436482 9.809416 -0.981509
v 0.209910 9.919477 -0.645355
v 0.194547 9.853209 -0.616214
v -0.184217 9.848345 -0.603450
v -0.203202 9.914177 -0.631435
v -0.210998 9.991152 -0.833501
v -0.195634 9.961066 -0.899349
v 0.183130 9.965926 -0.912111
v 0.202114 9.996454 -0.847421
v 0.156099 9.744854 -0.656006
v 0.136657 9.713038 -0.721169
v -0.129948 9.709618 -0.712186
v -0.145768 9.740980 -0.645834
v -0.157186 9.853699 -0.941732
v -0.137744 9.786593 -0.914253
v 0.128860 9.790017 -0.923236
v 0.144681 9.857574 -0.951903
v -0.616313 9.396408 -0.812733
v -0.567976 9.364631 -0.772911
v -0.567976 8.881176 -0.957080
v -0.616313 8.883947 -1.007953
v -0.579394 9.477350 -1.068808
v -0.624110 9.473385 -1.014800
v -0.624110 8.960920 -1.210019
v -0.579394 8.993893 -1.252977
v -0.440377 9.326496 -0.792361
v -0.396552 9.330730 -0.846233
v -0.396552 8.955265 -0.989263
v -0.440377 8.922585 -0.946229
v -0.404349 9.407707 -1.048299
v -0.451794 9.439216 -1.088259
v -0.451794 9.035303 -1.242126
v -0.404349 9.032242 -1.191330
v 0.623022 8.899855 -1.049713
v 0.578306 8.895888 -0.995705
v 0.578306 9.379345 -0.811535
v 0.623022 9.412315 -0.854494
v 0.615225 9.489292 -1.056560
v 0.566888 9.492064 -1.107433
v 0.566888 9.008608 -1.291603
v 0.615225 8.976829 -1.251780
v 0.450707 8.934021 -0.976255
v 0.403261 8.965532 -1.016213
v 0.403261 9.340998 -0.873183
v 0.450707 9.337934 -0.822386
v 0.439289 9.450655 -1.118284
v 0.395464 9.417973 -1.075249
v 0.395464 9.042508 -1.218280
v 0.439289 9.046742 -1.272152
v -0.203201 8.376785 -1.217092
v -0.184217 8.407312 -1.152401
v 0.194547 8.412174 -1.165164
v 0.209911 8.382087 -1.231012
v 0.202114 8.459064 -1.433078
v 0.183129 8.524895 -1.461062
v -0.195635 8.520031 -1.448300
v -0.210998 8.453762 -1.419158
v -0.145768 8.515665 -1.112609
v -0.129948 8.583223 -1.141277
v 0.136657 8.586647 -1.150261
v 0.156099 8.519539 -1.122781
v 0.144681 8.632258 -1.418679
v 0.128860 8.663624 -1.352327
v -0.137744 8.660200 -1.343343
v -0.157186 8.628385 -1.408507
v -0.158965 9.550430 -0.521168
v -0.108728 9.599191 -0.543027
v -0.158965 10.494524 -0.161522
v -0.108728 10.472664 -0.210283
v -0.158965 9.798265 -1.171758
v -0.108728 9.820127 -1.122996
v -0.158965 10.742361 -0.812111
v -0.108728 10.693600 -0.790253
v 0.157881 9.550430 -0.521168
v 0.107644 9.599191 -0.543027
v 0.157881 10.494524 -0.161522
v 0.107644 10.472664 -0.210283
v 0.107644 9.820127 -1.122996
v 0.157881 9.798265 -1.171758
v 0.107644 10.693600 -0.790253
v 0.157881 10.742361 -0.812111
v -0.108728 9.721476 -1.343058
v -0.158965 9.743353 -1.294254
v -0.108728 9.379129 -0.444376
v -0.158965 9.427932 -0.466254
v -0.108728 10.571314 0.009778
v -0.158965 10.549437 -0.039026
v -0.108728 10.913662 -0.888903
v -0.158965 10.864859 -0.867025
v 0.157881 10.864859 -0.867025
v 0.107644 10.913662 -0.888903
v 0.157881 9.743353 -1.294254
v 0.107644 9.721476 -1.343058
v 0.107644 9.379129 -0.444376
v 0.157881 9.427932 -0.466254
v 0.107644 10.571314 0.009778
v 0.157881 10.549437 -0.039026
v -0.108728 10.841511 -0.180661
v -0.158965 10.799448 -0.215074
v -0.158965 10.934370 -0.569256
v -0.108728 10.988668 -0.566961
v 0.107644 10.988668 -0.566960
v 0.157881 10.934370 -0.569256
v 0.157881 10.799448 -0.215074
v 0.107644 10.841511 -0.180660
v -0.158965 10.705286 -0.292114
v -0.108728 10.662107 -0.327443
v -0.108728 10.757076 -0.576745
v -0.158965 10.812817 -0.574390
v 0.157881 10.812817 -0.574390
v 0.107644 10.757076 -0.576745
v 0.107644 10.662107 -0.327443
v 0.157881 10.705286 -0.292114
v -0.108728 10.623362 -1.148480
v -0.158965 10.592289 -1.110498
v -0.158965 10.108829 -1.294668
v -0.108728 10.110899 -1.343699
v 0.157881 10.592289 -1.110498
v 0.107644 10.623362 -1.148480
v 0.107644 10.110899 -1.343699
v 0.157881 10.108829 -1.294668
v -0.158965 10.507063 -1.006331
v -0.108728 10.476581 -0.969076
v -0.108728 10.101116 -1.112107
v -0.158965 10.103148 -1.160199
v 0.107644 10.476581 -0.969076
v 0.157881 10.507063 -1.006331
v 0.157881 10.103148 -1.160199
v 0.107644 10.101116 -1.112107
v -0.108728 9.669426 -0.184800
v -0.158965 9.700500 -0.222782
v -0.158965 10.183960 -0.038612
v -0.108728 10.181889 0.010420
v 0.107644 10.181889 0.010420
v 0.157881 10.183960 -0.038612
v 0.157881 9.700500 -0.222782
v 0.107644 9.669426 -0.184800
v -0.158965 9.785727 -0.326948
v -0.108728 9.816208 -0.364203
v -0.108728 10.191673 -0.221173
v -0.158965 10.189642 -0.173080
v 0.157881 10.189640 -0.173080
v 0.107644 10.191673 -0.221173
v 0.107644 9.816208 -0.364203
v 0.157881 9.785727 -0.326948
v -0.108728 9.451279 -1.152618
v -0.158965 9.493338 -1.118206
v -0.158965 9.358416 -0.764024
v -0.108728 9.304119 -0.766318
v 0.107644 9.304121 -0.766318
v 0.157881 9.358416 -0.764025
v 0.157881 9.493338 -1.118206
v 0.107644 9.451279 -1.152618
v -0.158965 9.587502 -1.041164
v -0.108728 9.630682 -1.005836
v -0.108728 9.535712 -0.756535
v -0.158965 9.479971 -0.758890
v 0.157881 9.479971 -0.758890
v 0.107644 9.535712 -0.756535
v 0.107644 9.630682 -1.005836
v 0.157881 9.587502 -1.041164
v 0.353037 -5.527011 6.032694
v 0.313466 -5.489226 6.081537
v 0.353037 -4.516736 6.032694
v 0.313466 -4.554520 6.081537
v -0.342707 -5.527011 6.007607
v -0.306757 -5.489226 6.059174
v -0.342707 -4.516735 6.007607
v -0.306757 -4.554520 6.059174
v 0.341619 -5.527011 6.349335
v 0.305669 -5.489226 6.297769
v 0.341619 -4.516735 6.349335
v 0.305669 -4.554520 6.297769
v -0.314554 -5.489226 6.275405
v -0.354125 -5.527011 6.324248
v -0.314554 -4.554520 6.275405
v -0.354125 -4.516735 6.324248
v -0.477173 -5.659752 6.053028
v -0.437570 -5.621934 6.004187
v 0.483882 -5.659752 6.087682
v 0.447899 -5.621934 6.036115
v 0.483882 -4.383994 6.087682
v 0.447899 -4.421811 6.036115
v -0.477173 -4.383994 6.053028
v -0.437570 -4.421811 6.004187
v -0.448987 -4.421811 6.320827
v -0.484970 -4.383994 6.269260
v -0.448987 -5.621934 6.320827
v -0.484970 -5.659752 6.269260
v 0.476085 -5.659752 6.303914
v 0.436482 -5.621934 6.352756
v 0.476085 -4.383994 6.303914
v 0.436482 -4.421811 6.352756
v 0.209910 -4.199293 6.077804
v 0.194547 -4.250847 6.026980
v -0.184217 -4.250847 6.013322
v -0.203202 -4.199293 6.062907
v -0.210998 -4.199293 6.279139
v -0.195634 -4.250847 6.329963
v 0.183130 -4.250847 6.343620
v 0.202114 -4.199293 6.294035
v 0.156099 -4.366267 6.025594
v 0.136657 -4.419196 6.075162
v -0.129948 -4.419196 6.065548
v -0.145768 -4.366267 6.014709
v -0.157186 -4.366267 6.331348
v -0.137744 -4.419196 6.281780
v 0.128860 -4.419196 6.291393
v 0.144681 -4.366267 6.342234
v -0.616313 -4.747679 6.048011
v -0.567976 -4.763199 5.999485
v -0.567976 -5.280548 5.999485
v -0.616313 -5.296066 6.048011
v -0.579394 -4.763199 6.316124
v -0.624110 -4.747679 6.264243
v -0.624110 -5.296066 6.264243
v -0.579394 -5.280548 6.316124
v -0.440377 -4.805759 6.004085
v -0.396552 -4.820980 6.055935
v -0.396552 -5.222766 6.055935
v -0.440377 -5.237988 6.004085
v -0.404349 -4.820980 6.272167
v -0.451794 -4.805759 6.320726
v -0.451794 -5.237988 6.320726
v -0.404349 -5.222766 6.272167
v 0.623022 -5.296066 6.092699
v 0.578306 -5.280548 6.040818
v 0.578306 -4.763197 6.040818
v 0.623022 -4.747679 6.092699
v 0.615225 -4.747679 6.308931
v 0.566888 -4.763199 6.357458
v 0.566888 -5.280548 6.357458
v 0.615225 -5.296066 6.308931
v 0.450707 -5.237987 6.036216
v 0.403261 -5.222765 6.084775
v 0.403261 -4.820980 6.084775
v 0.450707 -4.805758 6.036216
v 0.439289 -4.805759 6.352857
v 0.395464 -4.820980 6.301006
v 0.395464 -5.222766 6.301006
v 0.439289 -5.237988 6.352857
v -0.203201 -5.844454 6.062907
v -0.184217 -5.792900 6.013322
v 0.194547 -5.792900 6.026980
v 0.209911 -5.844454 6.077804
v 0.202114 -5.844454 6.294035
v 0.183129 -5.792900 6.343620
v -0.195635 -5.792900 6.329963
v -0.210998 -5.844454 6.279139
v -0.145768 -5.677478 6.014709
v -0.129948 -5.624549 6.065548
v 0.136657 -5.624549 6.075162
v 0.156099 -5.677478 6.025594
v 0.144681 -5.677478 6.342234
v 0.128860 -5.624549 6.291393
v -0.137744 -5.624549 6.281780
v -0.157186 -5.677478 6.331348
v -0.158965 -4.693146 5.948234
v -0.108728 -4.644385 5.970093
v -0.158965 -3.749052 5.588589
v -0.108728 -3.770911 5.637349
v -0.158965 -4.445310 6.598823
v -0.108728 -4.423450 6.550062
v -0.158965 -3.501215 6.239177
v -0.108728 -3.549975 6.217318
v 0.157881 -4.693146 5.948234
v 0.107644 -4.644385 5.970093
v 0.157881 -3.749052 5.588589
v 0.107644 -3.770911 5.637349
v 0.107644 -4.423450 6.550062
v 0.157881 -4.445310 6.598823
v 0.107644 -3.549975 6.217318
v 0.157881 -3.501215 6.239177
v -0.108728 -4.522100 6.770123
v -0.158965 -4.500222 6.721321
v -0.108728 -4.864447 5.871442
v -0.158965 -4.815643 5.893320
v -0.108728 -3.672262 5.417289
v -0.158965 -3.694139 5.466091
v -0.108728 -3.329916 6.315969
v -0.158965 -3.378718 6.294091
v 0.157881 -3.378718 6.294091
v 0.107644 -3.329916 6.315969
v 0.157881 -4.500222 6.721321
v 0.107644 -4.522100 6.770123
v 0.107644 -4.864447 5.871442
v 0.157881 -4.815643 5.893320
v 0.107644 -3.672262 5.417289
v 0.157881 -3.694139 5.466091
v -0.108728 -3.402064 5.607727
v -0.158965 -3.444125 5.642139
v -0.158965 -3.309203 5.996322
v -0.108728 -3.254907 5.994027
v 0.107644 -3.254907 5.994027
v 0.157881 -3.309203 5.996321
v 0.157881 -3.444126 5.642139
v 0.107644 -3.402064 5.607727
v -0.158965 -3.538289 5.719181
v -0.108728 -3.581470 5.754510
v -0.108728 -3.486500 6.003811
v -0.158965 -3.430759 6.001456
v 0.157881 -3.430759 6.001456
v 0.107644 -3.486500 6.003811
v 0.107644 -3.581470 5.754510
v 0.157881 -3.538289 5.719181
v -0.108728 -3.620213 6.575546
v -0.158965 -3.651289 6.537564
v -0.158965 -4.134747 6.721734
v -0.108728 -4.132675 6.770764
v 0.157881 -3.651289 6.537564
v 0.107644 -3.620213 6.575546
v 0.107644 -4.132675 6.770764
v 0.157881 -4.134747 6.721734
v -0.158965 -3.736515 6.433396
v -0.108728 -3.766994 6.396143
v -0.108728 -4.142459 6.539173
v -0.158965 -4.140428 6.587265
v 0.107644 -3.766994 6.396143
v 0.157881 -3.736515 6.433396
v 0.157881 -4.140428 6.587265
v 0.107644 -4.142459 6.539173
v -0.108728 -4.574150 5.611866
v -0.158965 -4.543075 5.649848
v -0.158965 -4.059616 5.465678
v -0.108728 -4.061687 5.416646
v 0.107644 -4.061687 5.416646
v 0.157881 -4.059617 5.465678
v 0.157881 -4.543075 5.649848
v 0.107644 -4.574150 5.611866
v -0.158965 -4.457848 5.754014
v -0.108728 -4.427365 5.791269
v -0.108728 -4.051903 5.648239
v -0.158965 -4.053934 5.600146
v 0.157881 -4.053935 5.600147
v 0.107644 -4.051903 5.648239
v 0.107644 -4.427368 5.791269
v 0.157881 -4.457848 5.754014
v -0.108728 -4.792296 6.579683
v -0.158965 -4.750237 6.545272
v -0.158965 -4.885159 6.191091
v -0.108728 -4.939454 6.193384
v 0.107644 -4.939454 6.193384
v 0.157881 -4.885158 6.191091
v 0.157881 -4.750237 6.545272
v 0.107644 -4.792296 6.579684
v -0.158965 -4.656073 6.468231
v -0.108728 -4.612893 6.432902
v -0.108728 -4.707862 6.183600
v -0.158965 -4.763603 6.185955
v 0.157881 -4.763603 6.185955
v 0.107644 -4.707862 6.183600
v 0.107644 -4.612893 6.432902
v 0.157881 -4.656073 6.468231
v 0.353037 -3.524791 5.719660
v 0.313466 -3.472095 5.751852
v 0.353037 -2.580698 5.360014
v 0.313466 -2.598621 5.419109
v -0.342707 -3.533723 5.696217
v -0.306757 -3.480056 5.730953
v -0.342707 -2.589628 5.336571
v -0.306757 -2.606582 5.398211
v 0.341619 -3.412071 6.015558
v 0.305669 -3.395118 5.953919
v 0.341619 -2.467978 5.655912
v 0.305669 -2.521644 5.621175
v -0.314554 -3.403080 5.933021
v -0.354125 -3.421003 5.992115
v -0.314554 -2.529606 5.600276
v -0.354125 -2.476909 5.632469
v -0.477173 -3.641599 5.785916
v -0.437570 -3.623645 5.726812
v 0.483882 -3.629262 5.818300
v 0.447899 -3.612279 5.756649
v 0.483882 -2.437078 5.364145
v 0.447899 -2.490774 5.329419
v -0.477173 -2.449414 5.331763
v -0.437570 -2.502141 5.299583
v -0.448987 -2.389420 5.595481
v -0.484970 -2.372438 5.533829
v -0.448987 -3.510926 6.022710
v -0.484970 -3.564623 5.987982
v 0.476085 -3.552287 6.020366
v 0.436482 -3.499559 6.052545
v 0.476085 -2.360103 5.566212
v 0.436482 -2.378055 5.625317
v 0.209910 -2.267992 5.289163
v 0.194547 -2.334262 5.260022
v -0.184217 -2.339124 5.247259
v -0.203202 -2.273296 5.275243
v -0.210998 -2.196320 5.477309
v -0.195634 -2.226405 5.543157
v 0.183130 -2.221543 5.555919
v 0.202114 -2.191018 5.491229
v 0.156099 -2.442616 5.299814
v 0.136657 -2.474430 5.364977
v -0.129948 -2.477852 5.355993
v -0.145768 -2.446490 5.289642
v -0.157186 -2.333769 5.585540
v -0.137744 -2.400876 5.558061
v 0.128860 -2.397455 5.567044
v 0.144681 -2.329895 5.595711
v -0.616313 -2.791061 5.456541
v -0.567976 -2.822838 5.416718
v -0.567976 -3.306296 5.600888
v -0.616313 -3.303524 5.651760
v -0.579394 -2.710118 5.712615
v -0.624110 -2.714084 5.658608
v -0.624110 -3.226548 5.853826
v -0.579394 -3.193577 5.896786
v -0.440377 -2.860972 5.436169
v -0.396552 -2.856740 5.490041
v -0.396552 -3.232204 5.633071
v -0.440377 -3.264887 5.590036
v -0.404349 -2.779763 5.692106
v -0.451794 -2.748253 5.732066
v -0.451794 -3.152166 5.885933
v -0.404349 -3.155227 5.835138
v 0.623022 -3.287616 5.693520
v 0.578306 -3.291583 5.639513
v 0.578306 -2.808123 5.455343
v 0.623022 -2.775153 5.498302
v 0.615225 -2.698177 5.700367
v 0.566888 -2.695405 5.751241
v 0.566888 -3.178863 5.935410
v 0.615225 -3.210640 5.895587
v 0.450707 -3.253448 5.620062
v 0.403261 -3.221936 5.660020
v 0.403261 -2.846472 5.516990
v 0.450707 -2.849534 5.466194
v 0.439289 -2.736815 5.762092
v 0.395464 -2.769497 5.719058
v 0.395464 -3.144961 5.862088
v 0.439289 -3.140728 5.915960
v -0.203201 -3.810683 5.860900
v -0.184217 -3.780159 5.796209
v 0.194547 -3.775297 5.808973
v 0.209911 -3.805381 5.874819
v 0.202114 -3.728405 6.076886
v 0.183129 -3.662577 6.104870
v -0.195635 -3.667439 6.092108
v -0.210998 -3.733708 6.062966
v -0.145768 -3.671805 5.756416
v -0.129948 -3.604246 5.785084
v 0.136657 -3.600824 5.794068
v 0.156099 -3.667930 5.766588
v 0.144681 -3.555209 6.062485
v 0.128860 -3.523847 5.996135
v -0.137744 -3.527269 5.987151
v -0.157186 -3.559085 6.052315
v -0.158965 -2.637041 5.164976
v -0.108728 -2.588279 5.186834
v -0.158965 -1.692944 4.805330
v -0.108728 -1.714803 4.854090
v -0.158965 -2.389203 5.815564
v -0.108728 -2.367344 5.766805
v -0.158965 -1.445108 5.455919
v -0.108728 -1.493867 5.434060
v 0.157881 -2.637041 5.164976
v 0.107644 -2.588279 5.186834
v 0.157881 -1.692944 4.805330
v 0.107644 -1.714803 4.854090
v 0.107644 -2.367344 5.766805
v 0.157881 -2.389203 5.815564
v 0.107644 -1.493867 5.434060
v 0.157881 -1.445108 5.455919
v -0.108728 -2.465994 5.986865
v -0.158965 -2.444116 5.938062
v -0.108728 -2.808340 5.088184
v -0.158965 -2.759537 5.110062
v -0.108728 -1.616156 4.634030
v -0.158965 -1.638032 4.682833
v -0.108728 -1.273808 5.532711
v -0.158965 -1.322612 5.510833
v 0.157881 -1.322612 5.510833
v 0.107644 -1.273808 5.532711
v 0.157881 -2.444116 5.938062
v 0.107644 -2.465994 5.986865
v 0.107644 -2.808340 5.088184
v 0.157881 -2.759537 5.110062
v 0.107644 -1.616156 4.634030
v 0.157881 -1.638032 4.682833
v -0.108728 -1.345959 4.824469
v -0.158965 -1.388018 4.858881
v -0.158965 -1.253096 5.213063
v -0.108728 -1.198799 5.210769
v 0.107644 -1.198799 5.210768
v 0.157881 -1.253096 5.213063
v 0.157881 -1.388018 4.858881
v 0.107644 -1.345959 4.824468
v -0.158965 -1.482182 4.935923
v -0.108728 -1.525363 4.971252
v -0.108728 -1.430393 5.220552
v -0.158965 -1.374651 5.218197
v 0.157881 -1.374651 5.218197
v 0.107644 -1.430393 5.220552
v 0.107644 -1.525363 4.971252
v 0.157881 -1.482182 4.935923
v -0.108728 -1.564106 5.792288
v -0.158965 -1.595181 5.754305
v -0.158965 -2.078640 5.938475
v -0.108728 -2.076570 5.987507
v 0.157881 -1.595181 5.754305
v 0.107644 -1.564106 5.792288
v 0.107644 -2.076570 5.987507
v 0.157881 -2.078640 5.938475
v -0.158965 -1.680407 5.650139
v -0.108728 -1.710887 5.612884
v -0.108728 -2.086352 5.755915
v -0.158965 -2.084321 5.804007
v 0.107644 -1.710887 5.612884
v 0.157881 -1.680407 5.650139
v 0.157881 -2.084321 5.804007
v 0.107644 -2.086352 5.755915
v -0.108728 -2.518044 4.828608
v -0.158965 -2.486968 4.866590
v -0.158965 -2.003507 4.682419
v -0.108728 -2.005579 4.633388
v 0.107644 -2.005579 4.633388
v 0.157881 -2.003510 4.682419
v 0.157881 -2.486968 4.866590
v 0.107644 -2.518044 4.828608
v -0.158965 -2.401742 4.970757
v -0.108728 -2.371260 5.008010
v -0.108728 -1.995796 4.864980
v -0.158965 -1.997827 4.816888
v 0.157881 -1.997828 4.816888
v 0.107644 -1.995796 4.864980
v 0.107644 -2.371262 5.008012
v 0.157881 -2.401742 4.970757
v -0.108728 -2.736191 5.796426
v -0.158965 -2.694130 5.762014
v -0.158965 -2.829053 5.407833
v -0.108728 -2.883350 5.410125
v 0.107644 -2.883349 5.410126
v 0.157881 -2.829053 5.407833
v 0.157881 -2.694130 5.762014
v 0.107644 -2.736190 5.796426
v -0.158965 -2.599967 5.684973
v -0.108728 -2.556787 5.649644
v -0.108728 -2.651756 5.400343
v -0.158965 -2.707497 5.402697
v 0.157881 -2.707497 5.402697
v 0.107644 -2.651756 5.400343
v 0.107644 -2.556787 5.649644
v 0.157881 -2.599967 5.684973
v 0.353037 -1.523086 4.957125
v 0.313466 -1.470391 4.989318
v 0.353037 -0.578993 4.597480
v 0.313466 -0.596916 4.656575
v -0.342707 -1.532019 4.933682
v -0.306757 -1.478352 4.968420
v -0.342707 -0.587923 4.574037
v -0.306757 -0.604878 4.635675
v 0.341619 -1.410367 5.253024
v 0.305669 -1.393414 5.191385
v 0.341619 -0.466273 4.893379
v 0.305669 -0.519939 4.858641
v -0.314554 -1.401376 5.170486
v -0.354125 -1.419299 5.229580
v -0.314554 -0.527901 4.837742
v -0.354125 -0.475204 4.869934
v -0.477173 -1.639894 5.023382
v -0.437570 -1.621941 4.964278
v 0.483882 -1.627557 5.055766
v 0.447899 -1.610576 4.994114
v 0.483882 -0.435374 4.601612
v 0.447899 -0.489071 4.566886
v -0.477173 -0.447708 4.569228
v -0.437570 -0.500436 4.537049
v -0.448987 -0.387717 4.832947
v -0.484970 -0.370733 4.771295
v -0.448987 -1.509219 5.260175
v -0.484970 -1.562919 5.225449
v 0.476085 -1.550583 5.257833
v 0.436482 -1.497854 5.290012
v 0.476085 -0.358398 4.803679
v 0.436482 -0.376349 4.862783
v 0.209910 -0.266288 4.526628
v 0.194547 -0.332558 4.497488
v -0.184217 -0.337420 4.484725
v -0.203202 -0.271591 4.512709
v -0.210998 -0.194616 4.714775
v -0.195634 -0.224699 4.780622
v 0.183130 -0.219838 4.793385
v 0.202114 -0.189313 4.728695
v 0.156099 -0.440911 4.537280
v 0.136657 -0.472728 4.602443
v -0.129948 -0.476150 4.593461
v -0.145768 -0.444786 4.527109
v -0.157186 -0.332066 4.823006
v -0.137744 -0.399173 4.795527
v 0.128860 -0.395751 4.804509
v 0.144681 -0.328192 4.833178
v -0.616313 -0.789356 4.694007
v -0.567976 -0.821133 4.654185
v -0.567976 -1.304590 4.838354
v -0.616313 -1.301820 4.889226
v -0.579394 -0.708413 4.950082
v -0.624110 -0.712379 4.896074
v -0.624110 -1.224845 5.091293
v -0.579394 -1.191872 5.134251
v -0.440377 -0.859268 4.673635
v -0.396552 -0.855036 4.727506
v -0.396552 -1.230499 4.870537
v -0.440377 -1.263181 4.827502
v -0.404349 -0.778059 4.929573
v -0.451794 -0.746548 4.969532
v -0.451794 -1.150461 5.123400
v -0.404349 -1.153524 5.072605
v 0.623022 -1.285911 4.930986
v 0.578306 -1.289877 4.876978
v 0.578306 -0.806418 4.692809
v 0.623022 -0.773448 4.735768
v 0.615225 -0.696472 4.937834
v 0.566888 -0.693700 4.988706
v 0.566888 -1.177159 5.172876
v 0.615225 -1.208935 5.133054
v 0.450707 -1.251743 4.857529
v 0.403261 -1.220232 4.897486
v 0.403261 -0.844768 4.754457
v 0.450707 -0.847829 4.703660
v 0.439289 -0.735111 4.999558
v 0.395464 -0.767793 4.956523
v 0.395464 -1.143258 5.099554
v 0.439289 -1.139023 5.153426
v -0.203201 -1.808980 5.098365
v -0.184217 -1.778454 5.033676
v 0.194547 -1.773592 5.046438
v 0.209911 -1.803679 5.112286
v 0.202114 -1.726701 5.314352
v 0.183129 -1.660873 5.342336
v -0.195635 -1.665734 5.329573
v -0.210998 -1.732002 5.300432
v -0.145768 -1.670101 4.993883
v -0.129948 -1.602541 5.022550
v 0.136657 -1.599119 5.031535
v 0.156099 -1.666225 5.004055
v 0.144681 -1.553507 5.299953
v 0.128860 -1.522144 5.233601
v -0.137744 -1.525566 5.224617
v -0.157186 -1.557380 5.289781
v -0.158965 -0.635336 4.402442
v -0.108728 -0.586573 4.424300
v -0.158965 0.308757 4.042796
v -0.108728 0.286900 4.091557
v -0.158965 -0.387498 5.053031
v -0.108728 -0.365639 5.004270
v -0.158965 0.556596 4.693386
v -0.108728 0.507835 4.671526
v 0.157881 -0.635336 4.402442
v 0.107644 -0.586573 4.424300
v 0.157881 0.308757 4.042796
v 0.107644 0.286900 4.091557
v 0.107644 -0.365639 5.004270
v 0.157881 -0.387498 5.053031
v 0.107644 0.507835 4.671526
v 0.157881 0.556596 4.693386
v -0.108728 -0.464290 5.224332
v -0.158965 -0.442413 5.175528
v -0.108728 -0.806637 4.325650
v -0.158965 -0.757832 4.347528
v -0.108728 0.385548 3.871496
v -0.158965 0.363670 3.920299
v -0.108728 0.727896 4.770177
v -0.158965 0.679092 4.748299
v 0.157881 0.679092 4.748299
v 0.107644 0.727896 4.770177
v 0.157881 -0.442413 5.175528
v 0.107644 -0.464290 5.224332
v 0.107644 -0.806637 4.325650
v 0.157881 -0.757832 4.347528
v 0.107644 0.385548 3.871496
v 0.157881 0.363670 3.920299
v -0.108728 0.655745 4.061935
v -0.158965 0.613684 4.096347
v -0.158965 0.748608 4.450530
v -0.108728 0.802902 4.448236
v 0.107644 0.802902 4.448235
v 0.157881 0.748606 4.450529
v 0.157881 0.613684 4.096347
v 0.107644 0.655745 4.061934
v -0.158965 0.519521 4.173388
v -0.108728 0.476341 4.208717
v -0.108728 0.571311 4.458019
v -0.158965 0.627053 4.455663
v 0.157881 0.627053 4.455663
v 0.107644 0.571311 4.458019
v 0.107644 0.476341 4.208717
v 0.157881 0.519521 4.173388
v -0.108728 0.437597 5.029754
v -0.158965 0.406521 4.991772
v -0.158965 -0.076936 5.175941
v -0.108728 -0.074867 5.224973
v 0.157881 0.406521 4.991772
v 0.107644 0.437597 5.029754
v 0.107644 -0.074867 5.224973
v 0.157881 -0.076936 5.175941
v -0.158965 0.321297 4.887605
v -0.108728 0.290817 4.850350
v -0.108728 -0.084649 4.993381
v -0.158965 -0.082616 5.041472
v 0.107644 0.290817 4.850350
v 0.157881 0.321297 4.887605
v 0.157881 -0.082616 5.041472
v 0.107644 -0.084649 4.993381
v -0.108728 -0.516340 4.066073
v -0.158965 -0.485263 4.104054
v -0.158965 -0.001804 3.919886
v -0.108728 -0.003876 3.870854
v 0.107644 -0.003876 3.870854
v 0.157881 -0.001805 3.919886
v 0.157881 -0.485263 4.104054
v 0.107644 -0.516340 4.066073
v -0.158965 -0.400037 4.208222
v -0.108728 -0.369555 4.245477
v -0.108728 0.005907 4.102446
v -0.158965 0.003876 4.054354
v 0.157881 0.003874 4.054354
v 0.107644 0.005907 4.102446
v 0.107644 -0.369558 4.245478
v 0.157881 -0.400037 4.208222
v -0.108728 -0.734486 5.033891
v -0.158965 -0.692427 4.999480
v -0.158965 -0.827348 4.645298
v -0.108728 -0.881645 4.647592
v 0.107644 -0.881645 4.647592
v 0.157881 -0.827348 4.645298
v 0.157881 -0.692427 4.999480
v 0.107644 -0.734486 5.033892
v -0.158965 -0.598264 4.922438
v -0.108728 -0.555082 4.887109
v -0.108728 -0.650052 4.637809
v -0.158965 -0.705793 4.640162
v 0.157881 -0.705793 4.640162
v 0.107644 -0.650052 4.637809
v 0.107644 -0.555082 4.887109
v 0.157881 -0.598264 4.922438
v 0.353037 0.533019 4.173867
v 0.313466 0.585716 4.206060
v 0.353037 1.477113 3.814222
v 0.313466 1.459192 3.873316
v -0.342707 0.524089 4.150424
v -0.306757 0.577755 4.185161
v -0.342707 1.468182 3.790779
v -0.306757 1.451230 3.852418
v 0.341619 0.645739 4.469765
v 0.305669 0.662692 4.408126
v 0.341619 1.589832 4.110120
v 0.305669 1.536167 4.075382
v -0.314554 0.654731 4.387227
v -0.354125 0.636808 4.446321
v -0.314554 1.528206 4.054483
v -0.354125 1.580902 4.086675
v -0.477173 0.416212 4.240124
v -0.437570 0.434165 4.181019
v 0.483882 0.428548 4.272508
v 0.447899 0.445532 4.210856
v 0.483882 1.620733 3.818353
v 0.447899 1.567035 3.783627
v -0.477173 1.608397 3.785970
v -0.437570 1.555669 3.753791
v -0.448987 1.668389 4.049688
v -0.484970 1.685371 3.988036
v -0.448987 0.546885 4.476916
v -0.484970 0.493187 4.442190
v 0.476085 0.505523 4.474574
v 0.436482 0.558252 4.506753
v 0.476085 1.697709 4.020420
v 0.436482 1.679755 4.079525
v 0.209910 1.789818 3.743370
v 0.194547 1.723548 3.714229
v -0.184217 1.718686 3.701466
v -0.203202 1.784517 3.729450
v -0.210998 1.861490 3.931517
v -0.195634 1.831406 3.997364
v 0.183130 1.836268 4.010126
v 0.202114 1.866793 3.945437
v 0.156099 1.615194 3.754022
v 0.136657 1.583380 3.819185
v -0.129948 1.579957 3.810201
v -0.145768 1.611320 3.743850
v -0.157186 1.724040 4.039747
v -0.137744 1.656934 4.012268
v 0.128860 1.660355 4.021251
v 0.144681 1.727916 4.049919
v -0.616313 1.266750 3.910749
v -0.567976 1.234973 3.870926
v -0.567976 0.751514 4.055095
v -0.616313 0.754286 4.105968
v -0.579394 1.347692 4.166823
v -0.624110 1.343725 4.112815
v -0.624110 0.831261 4.308034
v -0.579394 0.864234 4.350992
v -0.440377 1.196838 3.890377
v -0.396552 1.201071 3.944248
v -0.396552 0.825605 4.087278
v -0.440377 0.792925 4.044244
v -0.404349 1.278048 4.146315
v -0.451794 1.309558 4.186274
v -0.451794 0.905645 4.340141
v -0.404349 0.902582 4.289345
v 0.623022 0.770195 4.147728
v 0.578306 0.766229 4.093720
v 0.578306 1.249688 3.909550
v 0.623022 1.282659 3.952510
v 0.615225 1.359633 4.154576
v 0.566888 1.362406 4.205448
v 0.566888 0.878948 4.389618
v 0.615225 0.847171 4.349795
v 0.450707 0.804363 4.074270
v 0.403261 0.835875 4.114229
v 0.403261 1.211339 3.971198
v 0.450707 1.208277 3.920402
v 0.439289 1.320996 4.216300
v 0.395464 1.288315 4.173265
v 0.395464 0.912850 4.316296
v 0.439289 0.917083 4.370168
v -0.203201 0.247128 4.315106
v -0.184217 0.277653 4.250417
v 0.194547 0.282515 4.263179
v 0.209911 0.252430 4.329027
v 0.202114 0.329404 4.531094
v 0.183129 0.395235 4.559077
v -0.195635 0.390373 4.546315
v -0.210998 0.324102 4.517173
v -0.145768 0.386005 4.210625
v -0.129948 0.453565 4.239293
v 0.136657 0.456987 4.248276
v 0.156099 0.389881 4.220796
v 0.144681 0.502599 4.516694
v 0.128860 0.533964 4.450342
v -0.137744 0.530540 4.441359
v -0.157186 0.498727 4.506523
v -0.158965 1.420769 3.619184
v -0.108728 1.469531 3.641042
v -0.158965 2.364863 3.259538
v -0.108728 2.343006 3.308299
v -0.158965 1.668608 4.269773
v -0.108728 1.690467 4.221011
v -0.158965 2.612700 3.910128
v -0.108728 2.563941 3.888268
v 0.157881 1.420769 3.619184
v 0.107644 1.469531 3.641042
v 0.157881 2.364863 3.259538
v 0.107644 2.343006 3.308299
v 0.107644 1.690467 4.221011
v 0.157881 1.668608 4.269773
v 0.107644 2.563941 3.888268
v 0.157881 2.612700 3.910128
v -0.108728 1.591816 4.441073
v -0.158965 1.613694 4.392269
v -0.108728 1.249469 3.542392
v -0.158965 1.298273 3.564270
v -0.108728 2.441654 3.088238
v -0.158965 2.419777 3.137042
v -0.108728 2.784002 3.986919
v -0.158965 2.735198 3.965041
v 0.157881 2.735198 3.965041
v 0.107644 2.784002 3.986919
v 0.157881 1.613694 4.392269
v 0.107644 1.591816 4.441073
v 0.107644 1.249469 3.542392
v 0.157881 1.298273 3.564270
v 0.107644 2.441654 3.088238
v 0.157881 2.419777 3.137042
v -0.108728 2.711851 3.278677
v -0.158965 2.669792 3.313089
v -0.158965 2.804713 3.667271
v -0.108728 2.859010 3.664977
v 0.107644 2.859010 3.664976
v 0.157881 2.804713 3.667270
v 0.157881 2.669792 3.313089
v 0.107644 2.711851 3.278677
v -0.158965 2.575627 3.390130
v -0.108728 2.532446 3.425459
v -0.108728 2.627415 3.674761
v -0.158965 2.683157 3.672406
v 0.157881 2.683157 3.672406
v 0.107644 2.627415 3.674761
v 0.107644 2.532446 3.425459
v 0.157881 2.575627 3.390130
v -0.108728 2.493703 4.246496
v -0.158965 2.462627 4.208514
v -0.158965 1.979170 4.392683
v -0.108728 1.981241 4.441714
v 0.157881 2.462627 4.208514
v 0.107644 2.493703 4.246496
v 0.107644 1.981241 4.441714
v 0.157881 1.979170 4.392683
v -0.158965 2.377401 4.104347
v -0.108728 2.346921 4.067091
v -0.108728 1.971457 4.210123
v -0.158965 1.973490 4.258214
v 0.107644 2.346921 4.067091
v 0.157881 2.377401 4.104347
v 0.157881 1.973490 4.258214
v 0.107644 1.971457 4.210123
v -0.108728 1.539766 3.282815
v -0.158965 1.570842 3.320797
v -0.158965 2.054302 3.136627
v -0.108728 2.052228 3.087596
v 0.107644 2.052228 3.087596
v 0.157881 2.054301 3.136628
v 0.157881 1.570842 3.320797
v 0.107644 1.539766 3.282815
v -0.158965 1.656068 3.424963
v -0.108728 1.686550 3.462219
v -0.108728 2.062014 3.319189
v -0.158965 2.059982 3.271096
v 0.157881 2.059981 3.271097
v 0.107644 2.062014 3.319189
v 0.107644 1.686548 3.462219
v 0.157881 1.656068 3.424963
v -0.108728 1.321620 4.250633
v -0.158965 1.363679 4.216221
v -0.158965 1.228757 3.862040
v -0.108728 1.174461 3.864334
v 0.107644 1.174461 3.864334
v 0.157881 1.228757 3.862040
v 0.157881 1.363679 4.216222
v 0.107644 1.321620 4.250634
v -0.158965 1.457844 4.139179
v -0.108728 1.501024 4.103852
v -0.108728 1.406054 3.854550
v -0.158965 1.350312 3.856905
v 0.157881 1.350312 3.856905
v 0.107644 1.406054 3.854550
v 0.107644 1.501024 4.103852
v 0.157881 1.457844 4.139179
v 0.353037 2.548762 3.405985
v 0.313466 2.601459 3.438177
v 0.353037 3.492856 3.046340
v 0.313466 3.474933 3.105434
v -0.342707 2.539832 3.382541
v -0.306757 2.593499 3.417279
v -0.342707 3.483925 3.022896
v -0.306757 3.466973 3.084535
v 0.341619 2.661483 3.701883
v 0.305669 2.678435 3.640244
v 0.341619 3.605578 3.342237
v 0.305669 3.551910 3.307500
v -0.314554 2.670474 3.619345
v -0.354125 2.652552 3.678439
v -0.314554 3.543948 3.286601
v -0.354125 3.596647 3.318793
v -0.477173 2.431956 3.472240
v -0.437570 2.449910 3.413136
v 0.483882 2.444293 3.504624
v 0.447899 2.461275 3.442973
v 0.483882 3.636477 3.050471
v 0.447899 3.582780 3.015745
v -0.477173 3.624141 3.018087
v -0.437570 3.571415 2.985908
v -0.448987 3.684134 3.281806
v -0.484970 3.701116 3.220154
v -0.448987 2.562629 3.709034
v -0.484970 2.508932 3.674308
v 0.476085 2.521267 3.706691
v 0.436482 2.573997 3.738871
v 0.476085 3.713453 3.252537
v 0.436482 3.695498 3.311642
v 0.209910 3.805562 2.975488
v 0.194547 3.739293 2.946346
v -0.184217 3.734431 2.933583
v -0.203202 3.800259 2.961568
v -0.210998 3.877234 3.163634
v -0.195634 3.847149 3.229481
v 0.183130 3.852012 3.242244
v 0.202114 3.882536 3.177555
v 0.156099 3.630940 2.986139
v 0.136657 3.599123 3.051302
v -0.129948 3.595701 3.042319
v -0.145768 3.627065 2.975967
v -0.157186 3.739785 3.271865
v -0.137744 3.672678 3.244385
v 0.128860 3.676100 3.253369
v 0.144681 3.743659 3.282037
v -0.616313 3.282495 3.142866
v -0.567976 3.250716 3.103044
v -0.567976 2.767259 3.287213
v -0.616313 2.770031 3.338085
v -0.579394 3.363436 3.398941
v -0.624110 3.359470 3.344933
v -0.624110 2.847006 3.540152
v -0.579394 2.879979 3.583110
v -0.440377 3.212583 3.122494
v -0.396552 3.216815 3.176366
v -0.396552 2.841350 3.319396
v -0.440377 2.808668 3.276362
v -0.404349 3.293792 3.378431
v -0.451794 3.325303 3.418391
v -0.451794 2.921388 3.572259
v -0.404349 2.918327 3.521463
v 0.623022 2.785940 3.379845
v 0.578306 2.781974 3.325837
v 0.578306 3.265431 3.141668
v 0.623022 3.298403 3.184627
v 0.615225 3.375377 3.386693
v 0.566888 3.378151 3.437566
v 0.566888 2.894692 3.621735
v 0.615225 2.862914 3.581912
v 0.450707 2.820106 3.306387
v 0.403261 2.851618 3.346345
v 0.403261 3.227083 3.203315
v 0.450707 3.224019 3.152519
v 0.439289 3.336740 3.448416
v 0.395464 3.304058 3.405381
v 0.395464 2.928593 3.548413
v 0.439289 2.932826 3.602286
v -0.203201 2.262872 3.547224
v -0.184217 2.293397 3.482534
v 0.194547 2.298260 3.495297
v 0.209911 2.268174 3.561145
v 0.202114 2.345149 3.763211
v 0.183129 2.410978 3.791195
v -0.195635 2.406117 3.778432
v -0.210998 2.339845 3.749291
v -0.145768 2.401750 3.442742
v -0.129948 2.469309 3.471409
v 0.136657 2.472732 3.480393
v 0.156099 2.405626 3.452914
v 0.144681 2.518344 3.748811
v 0.128860 2.549707 3.682459
v -0.137744 2.546285 3.673476
v -0.157186 2.514468 3.738640
v -0.158965 3.436514 2.851301
v -0.108728 3.485276 2.873159
v -0.158965 4.380608 2.491655
v -0.108728 4.358750 2.540415
v -0.158965 3.684352 3.501890
v -0.108728 3.706212 3.453129
v -0.158965 4.628445 3.142245
v -0.108728 4.579686 3.120385
v 0.157881 3.436514 2.851301
v 0.107644 3.485276 2.873159
v 0.157881 4.380608 2.491655
v 0.107644 4.358750 2.540415
v 0.107644 3.706212 3.453129
v 0.157881 3.684352 3.501890
v 0.107644 4.579686 3.120385
v 0.157881 4.628445 3.142245
v -0.108728 3.607561 3.673191
v -0.158965 3.629437 3.624387
v -0.108728 3.265214 2.774509
v -0.158965 3.314018 2.796387
v -0.108728 4.457399 2.320355
v -0.158965 4.435521 2.369159
v -0.108728 4.799745 3.219036
v -0.158965 4.750942 3.197158
v 0.157881 4.750942 3.197158
v 0.107644 4.799745 3.219036
v 0.157881 3.629437 3.624387
v 0.107644 3.607561 3.673191
v 0.107644 3.265214 2.774509
v 0.157881 3.314018 2.796387
v 0.107644 4.457399 2.320355
v 0.157881 4.435521 2.369159
v -0.108728 4.727595 2.510794
v -0.158965 4.685535 2.545207
v -0.158965 4.820457 2.899388
v -0.108728 4.874753 2.897095
v 0.107644 4.874753 2.897094
v 0.157881 4.820457 2.899388
v 0.157881 4.685535 2.545206
v 0.107644 4.727595 2.510793
v -0.158965 4.591372 2.622248
v -0.108728 4.548192 2.657576
v -0.108728 4.643160 2.906878
v -0.158965 4.698904 2.904522
v 0.157881 4.698904 2.904522
v 0.107644 4.643160 2.906878
v 0.107644 4.548192 2.657576
v 0.157881 4.591372 2.622248
v -0.108728 4.509448 3.478613
v -0.158965 4.478372 3.440631
v -0.158965 3.994915 3.624800
v -0.108728 3.996984 3.673832
v 0.157881 4.478372 3.440631
v 0.107644 4.509448 3.478613
v 0.107644 3.996984 3.673832
v 0.157881 3.994915 3.624800
v -0.158965 4.393147 3.336463
v -0.108728 4.362666 3.299209
v -0.108728 3.987202 3.442239
v -0.158965 3.989235 3.490331
v 0.107644 4.362666 3.299209
v 0.157881 4.393147 3.336463
v 0.157881 3.989235 3.490331
v 0.107644 3.987202 3.442239
v -0.108728 3.555511 2.514932
v -0.158965 3.586587 2.552914
v -0.158965 4.070047 2.368744
v -0.108728 4.067975 2.319714
v 0.107644 4.067975 2.319714
v 0.157881 4.070045 2.368745
v 0.157881 3.586587 2.552914
v 0.107644 3.555511 2.514932
v -0.158965 3.671813 2.657081
v -0.108728 3.702295 2.694335
v -0.108728 4.077758 2.551306
v -0.158965 4.075727 2.503213
v 0.157881 4.075725 2.503214
v 0.107644 4.077758 2.551306
v 0.107644 3.702293 2.694336
v 0.157881 3.671813 2.657081
v -0.108728 3.337363 3.482751
v -0.158965 3.379424 3.448339
v -0.158965 3.244502 3.094157
v -0.108728 3.190206 3.096451
v 0.107644 3.190206 3.096451
v 0.157881 3.244502 3.094157
v 0.157881 3.379424 3.448339
v 0.107644 3.337365 3.482751
v -0.158965 3.473589 3.371297
v -0.108728 3.516767 3.335968
v -0.108728 3.421798 3.086668
v -0.158965 3.366057 3.089021
v 0.157881 3.366057 3.089021
v 0.107644 3.421798 3.086668
v 0.107644 3.516767 3.335968
v 0.157881 3.473589 3.371297
v 0.353037 4.604870 2.622727
v 0.313466 4.657567 2.654919
v 0.353037 5.548965 2.263082
v 0.313466 5.531042 2.322175
v -0.342707 4.595939 2.599283
v -0.306757 4.649606 2.634020
v -0.342707 5.540032 2.239637
v -0.306757 5.523081 2.301276
v 0.341619 4.717588 2.918625
v 0.305669 4.734543 2.856985
v 0.341619 5.661682 2.558979
v 0.305669 5.608018 2.524241
v -0.314554 4.726582 2.836087
v -0.354125 4.708659 2.895180
v -0.314554 5.600057 2.503343
v -0.354125 5.652752 2.535535
v -0.477173 4.488063 2.688983
v -0.437570 4.506015 2.629879
v 0.483882 4.500399 2.721367
v 0.447899 4.517383 2.659715
v 0.483882 5.692584 2.267212
v 0.447899 5.638886 2.232486
v -0.477173 5.680247 2.234829
v -0.437570 5.627520 2.202650
v -0.448987 5.740240 2.498547
v -0.484970 5.757222 2.436896
v -0.448987 4.618737 2.925775
v -0.484970 4.565039 2.891049
v 0.476085 4.577374 2.923433
v 0.436482 4.630101 2.955612
v 0.476085 5.769559 2.469279
v 0.436482 5.751606 2.528384
v 0.209910 5.861668 2.192230
v 0.194547 5.795398 2.163088
v -0.184217 5.790537 2.150325
v -0.203202 5.856364 2.178309
v -0.210998 5.933341 2.380376
v -0.195634 5.903257 2.446223
v 0.183130 5.908118 2.458986
v 0.202114 5.938644 2.394296
v 0.156099 5.687045 2.202881
v 0.136657 5.655231 2.268044
v -0.129948 5.651807 2.259061
v -0.145768 5.683171 2.192709
v -0.157186 5.795891 2.488607
v -0.137744 5.728784 2.461127
v 0.128860 5.732207 2.470111
v 0.144681 5.799767 2.498778
v -0.616313 5.338599 2.359608
v -0.567976 5.306821 2.319785
v -0.567976 4.823364 2.503955
v -0.616313 4.826137 2.554827
v -0.579394 5.419542 2.615682
v -0.624110 5.415576 2.561674
v -0.624110 4.903112 2.756893
v -0.579394 4.936084 2.799852
v -0.440377 5.268689 2.339235
v -0.396552 5.272922 2.393108
v -0.396552 4.897456 2.536138
v -0.440377 4.864776 2.493103
v -0.404349 5.349895 2.595174
v -0.451794 5.381407 2.635133
v -0.451794 4.977494 2.789001
v -0.404349 4.974433 2.738204
v 0.623022 4.842045 2.596588
v 0.578306 4.838077 2.542580
v 0.578306 5.321537 2.358410
v 0.623022 5.354507 2.401368
v 0.615225 5.431483 2.603435
v 0.566888 5.434256 2.654307
v 0.566888 4.950797 2.838478
v 0.615225 4.919022 2.798654
v 0.450707 4.876212 2.523129
v 0.403261 4.907724 2.563088
v 0.403261 5.283189 2.420057
v 0.450707 5.280127 2.369261
v 0.439289 5.392846 2.665159
v 0.395464 5.360163 2.622125
v 0.395464 4.984699 2.765155
v 0.439289 4.988934 2.819026
v -0.203201 4.318976 2.763966
v -0.184217 4.349502 2.699276
v 0.194547 4.354362 2.712040
v 0.209911 4.324280 2.777886
v 0.202114 4.401255 2.979953
v 0.183129 4.467084 3.007937
v -0.195635 4.462222 2.995174
v -0.210998 4.395952 2.966033
v -0.145768 4.457856 2.659483
v -0.129948 4.525415 2.688152
v 0.136657 4.528838 2.697135
v 0.156099 4.461730 2.669655
v 0.144681 4.574450 2.965553
v 0.128860 4.605814 2.899201
v -0.137744 4.602391 2.890218
v -0.157186 4.570576 2.955381
v -0.158965 5.492620 2.068043
v -0.108728 5.541382 2.089901
v -0.158965 6.436714 1.708397
v -0.108728 6.414856 1.757157
v -0.158965 5.740458 2.718632
v -0.108728 5.762317 2.669871
v -0.158965 6.684550 2.358986
v -0.108728 6.635791 2.337127
v 0.157881 5.492620 2.068043
v 0.107644 5.541382 2.089901
v 0.157881 6.436714 1.708397
v 0.107644 6.414856 1.757157
v 0.107644 5.762317 2.669871
v 0.157881 5.740458 2.718632
v 0.107644 6.635791 2.337127
v 0.157881 6.684550 2.358986
v -0.108728 5.663668 2.889932
v -0.158965 5.685544 2.841129
v -0.108728 5.321320 1.991251
v -0.158965 5.370124 2.013129
v -0.108728 6.513506 1.537096
v -0.158965 6.491627 1.585899
v -0.108728 6.855851 2.435777
v -0.158965 6.807048 2.413900
v 0.157881 6.807048 2.413900
v 0.107644 6.855851 2.435777
v 0.157881 5.685544 2.841129
v 0.107644 5.663668 2.889932
v 0.107644 5.321320 1.991251
v 0.157881 5.370124 2.013129
v 0.107644 6.513506 1.537096
v 0.157881 6.491627 1.585899
v -0.108728 6.783701 1.727535
v -0.158965 6.741640 1.761948
v -0.158965 6.876564 2.116130
v -0.108728 6.930861 2.113836
v 0.107644 6.930857 2.113836
v 0.157881 6.876564 2.116130
v 0.157881 6.741640 1.761948
v 0.107644 6.783700 1.727535
v -0.158965 6.647478 1.838989
v -0.108728 6.604297 1.874318
v -0.108728 6.699265 2.123619
v -0.158965 6.755008 2.121264
v 0.157881 6.755008 2.121264
v 0.107644 6.699265 2.123619
v 0.107644 6.604297 1.874318
v 0.157881 6.647478 1.838989
v -0.108728 6.565554 2.695355
v -0.158965 6.534477 2.657373
v -0.158965 6.051022 2.841542
v -0.108728 6.053091 2.890573
v 0.157881 6.534477 2.657373
v 0.107644 6.565554 2.695355
v 0.107644 6.053091 2.890573
v 0.157881 6.051022 2.841542
v -0.158965 6.449253 2.553206
v -0.108728 6.418772 2.515950
v -0.108728 6.043308 2.658982
v -0.158965 6.045340 2.707073
v 0.107644 6.418772 2.515950
v 0.157881 6.449253 2.553206
v 0.157881 6.045340 2.707073
v 0.107644 6.043308 2.658982
v -0.108728 5.611618 1.731674
v -0.158965 5.642693 1.769656
v -0.158965 6.126152 1.585486
v -0.108728 6.124079 1.536454
v 0.107644 6.124079 1.536454
v 0.157881 6.126152 1.585486
v 0.157881 5.642693 1.769656
v 0.107644 5.611618 1.731674
v -0.158965 5.727919 1.873823
v -0.108728 5.758401 1.911077
v -0.108728 6.133864 1.768047
v -0.158965 6.131833 1.719954
v 0.157881 6.131831 1.719955
v 0.107644 6.133864 1.768047
v 0.107644 5.758399 1.911078
v 0.157881 5.727919 1.873823
v -0.108728 5.393472 2.699492
v -0.158965 5.435530 2.665080
v -0.158965 5.300608 2.310899
v -0.108728 5.246311 2.313192
v 0.107644 5.246312 2.313193
v 0.157881 5.300608 2.310899
v 0.157881 5.435530 2.665081
v 0.107644 5.393472 2.699493
v -0.158965 5.529694 2.588039
v -0.108728 5.572873 2.552710
v -0.108728 5.477903 2.303409
v -0.158965 5.422163 2.305764
v 0.157881 5.422163 2.305764
v 0.107644 5.477903 2.303409
v 0.107644 5.572873 2.552710
v 0.157881 5.529694 2.588039
v 0.353037 6.606571 1.860193
v 0.313466 6.659268 1.892385
v 0.353037 7.550664 1.500547
v 0.313466 7.532743 1.559641
v -0.342707 6.597641 1.836749
v -0.306757 6.651307 1.871486
v -0.342707 7.541734 1.477103
v -0.306757 7.524781 1.538742
v 0.341619 6.719293 2.156090
v 0.305669 6.736246 2.094452
v 0.341619 7.663386 1.796444
v 0.305669 7.609720 1.761707
v -0.314554 6.728284 2.073552
v -0.354125 6.710361 2.132647
v -0.314554 7.601758 1.740808
v -0.354125 7.654456 1.773001
v -0.477173 6.489764 1.926449
v -0.437570 6.507719 1.867344
v 0.483882 6.502101 1.958832
v 0.447899 6.519085 1.897181
v 0.483882 7.694285 1.504678
v 0.447899 7.640588 1.469952
v -0.477173 7.681949 1.472295
v -0.437570 7.629222 1.440115
v -0.448987 7.741943 1.736013
v -0.484970 7.758924 1.674361
v -0.448987 6.620438 2.163242
v -0.484970 6.566741 2.128515
v 0.476085 6.579077 2.160899
v 0.436482 6.631805 2.193078
v 0.476085 7.771262 1.706745
v 0.436482 7.753308 1.765849
v 0.209910 7.863372 1.429695
v 0.194547 7.797101 1.400554
v -0.184217 7.792239 1.387791
v -0.203202 7.858068 1.415775
v -0.210998 7.935045 1.617841
v -0.195634 7.904957 1.683689
v 0.183130 7.909820 1.696451
v 0.202114 7.940349 1.631761
v 0.156099 7.688749 1.440346
v 0.136657 7.656931 1.505510
v -0.129948 7.653512 1.496526
v -0.145768 7.684873 1.430175
v -0.157186 7.797593 1.726073
v -0.137744 7.730484 1.698593
v 0.128860 7.733908 1.707576
v 0.144681 7.801467 1.736244
v -0.616313 7.340303 1.597073
v -0.567976 7.308526 1.557251
v -0.567976 6.825068 1.741420
v -0.616313 6.827840 1.792293
v -0.579394 7.421244 1.853148
v -0.624110 7.417276 1.799141
v -0.624110 6.904816 1.994359
v -0.579394 6.937788 2.037318
v -0.440377 7.270391 1.576701
v -0.396552 7.274623 1.630573
v -0.396552 6.899159 1.773604
v -0.440377 6.866480 1.730569
v -0.404349 7.351600 1.832639
v -0.451794 7.383111 1.872598
v -0.451794 6.979198 2.026467
v -0.404349 6.976134 1.975670
v 0.623022 6.843747 1.834053
v 0.578306 6.839781 1.780045
v 0.578306 7.323239 1.595875
v 0.623022 7.356211 1.638834
v 0.615225 7.433187 1.840901
v 0.566888 7.435960 1.891773
v 0.566888 6.952503 2.075943
v 0.615225 6.920724 2.036120
v 0.450707 6.877916 1.760594
v 0.403261 6.909428 1.800553
v 0.403261 7.284891 1.657523
v 0.450707 7.281829 1.606727
v 0.439289 7.394550 1.902625
v 0.395464 7.361867 1.859590
v 0.395464 6.986401 2.002621
v 0.439289 6.990636 2.056493
v -0.203201 6.320679 2.001432
v -0.184217 6.351206 1.936742
v 0.194547 6.356068 1.949505
v 0.209911 6.325982 2.015352
v 0.202114 6.402957 2.217419
v 0.183129 6.468786 2.245403
v -0.195635 6.463925 2.232640
v -0.210998 6.397655 2.203499
v -0.145768 6.459558 1.896950
v -0.129948 6.527117 1.925617
v 0.136657 6.530540 1.934601
v 0.156099 6.463433 1.907121
v 0.144681 6.576152 2.203019
v 0.128860 6.607515 2.136668
v -0.137744 6.604094 2.127684
v -0.157186 6.572280 2.192848
v -0.158965 7.494324 1.305508
v -0.108728 7.543085 1.327367
v -0.158965 8.438417 0.945863
v -0.108728 8.416559 0.994623
v -0.158965 7.742161 1.956097
v -0.108728 7.764018 1.907337
v -0.158965 8.686255 1.596452
v -0.108728 8.637493 1.574593
v 0.157881 7.494324 1.305508
v 0.107644 7.543085 1.327367
v 0.157881 8.438417 0.945863
v 0.107644 8.416559 0.994623
v 0.107644 7.764018 1.907337
v 0.157881 7.742161 1.956097
v 0.107644 8.637493 1.574593
v 0.157881 8.686255 1.596452
v -0.108728 7.665368 2.127398
v -0.158965 7.687246 2.078595
v -0.108728 7.323024 1.228717
v -0.158965 7.371825 1.250594
v -0.108728 8.515207 0.774563
v -0.158965 8.493330 0.823366
v -0.108728 8.857553 1.673244
v -0.158965 8.808750 1.651366
v 0.157881 8.808750 1.651366
v 0.107644 8.857553 1.673244
v 0.157881 7.687246 2.078595
v 0.107644 7.665368 2.127398
v 0.107644 7.323024 1.228717
v 0.157881 7.371825 1.250594
v 0.107644 8.515207 0.774563
v 0.157881 8.493330 0.823366
v -0.108728 8.785404 0.965002
v -0.158965 8.743343 0.999414
v -0.158965 8.878267 1.353595
v -0.108728 8.932562 1.351302
v 0.107644 8.932562 1.351301
v 0.157881 8.878267 1.353595
v 0.157881 8.743343 0.999413
v 0.107644 8.785404 0.965002
v -0.158965 8.649179 1.076455
v -0.108728 8.606000 1.111784
v -0.108728 8.700971 1.361085
v -0.158965 8.756712 1.358730
v 0.157881 8.756712 1.358730
v 0.107644 8.700971 1.361085
v 0.107644 8.606000 1.111784
v 0.157881 8.649179 1.076455
v -0.108728 8.567259 1.932820
v -0.158965 8.536180 1.894838
v -0.158965 8.052723 2.079009
v -0.108728 8.054792 2.128040
v 0.157881 8.536180 1.894838
v 0.107644 8.567259 1.932820
v 0.107644 8.054792 2.128040
v 0.157881 8.052723 2.079009
v -0.158965 8.450954 1.790671
v -0.108728 8.420477 1.753417
v -0.108728 8.045010 1.896448
v -0.158965 8.047044 1.944539
v 0.107644 8.420477 1.753417
v 0.157881 8.450954 1.790671
v 0.157881 8.047044 1.944539
v 0.107644 8.045010 1.896448
v -0.108728 7.613319 0.969140
v -0.158965 7.644397 1.007121
v -0.158965 8.127855 0.822952
v -0.108728 8.125783 0.773921
v 0.107644 8.125783 0.773921
v 0.157881 8.127853 0.822953
v 0.157881 7.644397 1.007121
v 0.107644 7.613319 0.969140
v -0.158965 7.729621 1.111289
v -0.108728 7.760103 1.148543
v -0.108728 8.135567 1.005513
v -0.158965 8.133535 0.957421
v 0.157881 8.133533 0.957421
v 0.107644 8.135567 1.005513
v 0.107644 7.760103 1.148544
v 0.157881 7.729621 1.111289
v -0.108728 7.395172 1.936958
v -0.158965 7.437232 1.902547
v -0.158965 7.302310 1.548365
v -0.108728 7.248015 1.550658
v 0.107644 7.248015 1.550658
v 0.157881 7.302310 1.548365
v 0.157881 7.437232 1.902547
v 0.107644 7.395172 1.936959
v -0.158965 7.531395 1.825505
v -0.108728 7.574576 1.790176
v -0.108728 7.479606 1.540875
v -0.158965 7.423865 1.543229
v 0.157881 7.423865 1.543229
v 0.107644 7.479606 1.540875
v 0.107644 7.574576 1.790176
v 0.157881 7.531395 1.825505
v 0.353037 8.662678 1.076934
v 0.313466 8.715375 1.109126
v 0.353037 9.606772 0.717289
v 0.313466 9.588850 0.776383
v -0.342707 8.653746 1.053491
v -0.306757 8.707415 1.088227
v -0.342707 9.597841 0.693845
v -0.306757 9.580891 0.755484
v 0.341619 8.775398 1.372832
v 0.305669 8.792352 1.311193
v 0.341619 9.719492 1.013186
v 0.305669 9.665827 0.978449
v -0.314554 8.784389 1.290294
v -0.354125 8.766467 1.349388
v -0.314554 9.657864 0.957550
v -0.354125 9.710561 0.989742
v -0.477173 8.545870 1.143190
v -0.437570 8.563824 1.084086
v 0.483882 8.558208 1.175573
v 0.447899 8.575191 1.113922
v 0.483882 9.750393 0.721420
v 0.447899 9.696694 0.686693
v -0.477173 9.738056 0.689036
v -0.437570 9.685329 0.656857
v -0.448987 9.798047 0.952755
v -0.484970 9.815031 0.891103
v -0.448987 8.676546 1.379983
v -0.484970 8.622847 1.345257
v 0.476085 8.635182 1.377640
v 0.436482 8.687910 1.409820
v 0.476085 9.827368 0.923487
v 0.436482 9.809416 0.982592
v 0.209910 9.919477 0.646437
v 0.194547 9.853209 0.617296
v -0.184217 9.848345 0.604533
v -0.203202 9.914177 0.632517
v -0.210998 9.991152 0.834583
v -0.195634 9.961066 0.900431
v 0.183130 9.965926 0.913193
v 0.202114 9.996454 0.848503
v 0.156099 9.744854 0.657088
v 0.136657 9.713038 0.722251
v -0.129948 9.709618 0.713268
v -0.145768 9.740980 0.646917
v -0.157186 9.853699 0.942814
v -0.137744 9.786593 0.915335
v 0.128860 9.790017 0.924318
v 0.144681 9.857574 0.952985
v -0.616313 9.396408 0.813815
v -0.567976 9.364631 0.773993
v -0.567976 8.881176 0.958162
v -0.616313 8.883947 1.009034
v -0.579394 9.477350 1.069890
v -0.624110 9.473385 1.015882
v -0.624110 8.960920 1.211101
v -0.579394 8.993893 1.254059
v -0.440377 9.326496 0.793443
v -0.396552 9.330730 0.847315
v -0.396552 8.955265 0.990345
v -0.440377 8.922585 0.947311
v -0.404349 9.407707 1.049381
v -0.451794 9.439216 1.089340
v -0.451794 9.035303 1.243208
v -0.404349 9.032242 1.192412
v 0.623022 8.899855 1.050794
v 0.578306 8.895888 0.996787
v 0.578306 9.379345 0.812617
v 0.623022 9.412315 0.855576
v 0.615225 9.489292 1.057642
v 0.566888 9.492064 1.108515
v 0.566888 9.008608 1.292685
v 0.615225 8.976829 1.252861
v 0.450707 8.934021 0.977337
v 0.403261 8.965532 1.017295
v 0.403261 9.340998 0.874265
v 0.450707 9.337934 0.823468
v 0.439289 9.450655 1.119366
v 0.395464 9.417973 1.076331
v 0.395464 9.042508 1.219362
v 0.439289 9.046742 1.273234
v -0.203201 8.376785 1.218173
v -0.184217 8.407312 1.153483
v 0.194547 8.412174 1.166246
v 0.209911 8.382087 1.232094
v 0.202114 8.459064 1.434160
v 0.183129 8.524895 1.462144
v -0.195635 8.520031 1.449381
v -0.210998 8.453762 1.420240
v -0.145768 8.515665 1.113691
v -0.129948 8.583223 1.142359
v 0.136657 8.586647 1.151343
v 0.156099 8.519539 1.123863
v 0.144681 8.632258 1.419760
v 0.128860 8.663624 1.353409
v -0.137744 8.660200 1.344425
v -0.157186 8.628385 1.409589
v -0.158965 9.550430 0.522250
v -0.108728 9.599191 0.544109
v -0.158965 10.494524 0.162604
v -0.108728 10.472664 0.211365
v -0.158965 9.798265 1.172839
v -0.108728 9.820127 1.124078
v -0.158965 10.742361 0.813193
v -0.108728 10.693600 0.791335
v 0.157881 9.550430 0.522250
v 0.107644 9.599191 0.544109
v 0.157881 10.494524 0.162604
v 0.107644 10.472664 0.211365
v 0.107644 9.820127 1.124078
v 0.157881 9.798265 1.172839
v 0.107644 10.693600 0.791335
v 0.157881 10.742361 0.813193
v -0.108728 9.721476 1.344139
v -0.158965 9.743353 1.295336
v -0.108728 9.379129 0.445458
v -0.158965 9.427932 0.467336
v -0.108728 10.571314 -0.008696
v -0.158965 10.549437 0.040108
v -0.108728 10.913662 0.889985
v -0.158965 10.864859 0.868107
v 0.157881 10.864859 0.868107
v 0.107644 10.913662 0.889985
v 0.157881 9.743353 1.295336
v 0.107644 9.721476 1.344139
v 0.107644 9.379129 0.445458
v 0.157881 9.427932 0.467336
v 0.107644 10.571314 -0.008696
v 0.157881 10.549437 0.040108
v -0.108728 10.841511 0.181743
v -0.158965 10.799448 0.216156
v -0.158965 10.934370 0.570338
v -0.108728 10.988668 0.568043
v 0.107644 10.988668 0.568042
v 0.157881 10.934370 0.570338
v 0.157881 10.799448 0.216156
v 0.107644 10.841511 0.181742
v -0.158965 10.705286 0.293196
v -0.108728 10.662107 0.328525
v -0.108728 10.757076 0.577827
v -0.158965 10.812817 0.575472
v 0.157881 10.812817 0.575472
v 0.107644 10.757076 0.577827
v 0.107644 10.662107 0.328525
v 0.157881 10.705286 0.293196
v -0.108728 10.623362 1.149562
v -0.158965 10.592289 1.111580
v -0.158965 10.108829 1.295749
v -0.108728 10.110899 1.344781
v 0.157881 10.592289 1.111580
v 0.107644 10.623362 1.149562
v 0.107644 10.110899 1.344781
v 0.157881 10.108829 1.295749
v -0.158965 10.507063 1.007413
v -0.108728 10.476581 0.970158
v -0.108728 10.101116 1.113189
v -0.158965 10.103148 1.161280
v 0.107644 10.476581 0.970158
v 0.157881 10.507063 1.007413
v 0.157881 10.103148 1.161280
v 0.107644 10.101116 1.113189
v -0.108728 9.669426 0.185882
v -0.158965 9.700500 0.223864
v -0.158965 10.183960 0.039694
v -0.108728 10.181889 -0.009338
v 0.107644 10.181889 -0.009338
v 0.157881 10.183960 0.039694
v 0.157881 9.700500 0.223864
v 0.107644 9.669426 0.185882
v -0.158965 9.785727 0.328030
v -0.108728 9.816208 0.365285
v -0.108728 10.191673 0.222255
v -0.158965 10.189642 0.174162
v 0.157881 10.189640 0.174162
v 0.107644 10.191673 0.222255
v 0.107644 9.816208 0.365285
v 0.157881 9.785727 0.328030
v -0.108728 9.451279 1.153699
v -0.158965 9.493338 1.119288
v -0.158965 9.358416 0.765106
v -0.108728 9.304119 0.767400
v 0.107644 9.304121 0.767400
v 0.157881 9.358416 0.765107
v 0.157881 9.493338 1.119288
v 0.107644 9.451279 1.153700
v -0.158965 9.587502 1.042246
v -0.108728 9.630682 1.006918
v -0.108728 9.535712 0.757617
v -0.158965 9.479971 0.759972
v 0.157881 9.479971 0.759972
v 0.107644 9.535712 0.757617
v 0.107644 9.630682 1.006918
v 0.157881 9.587502 1.042246
v 0.353037 9.952703 -0.525216
v 0.313466 10.001696 -0.487626
v 0.353037 9.956717 0.485052
v 0.313466 10.005410 0.447073
v -0.342707 9.927615 -0.525119
v -0.306757 9.979332 -0.487536
v -0.342707 9.931631 0.485152
v -0.306757 9.983046 0.447163
v 0.341619 10.269341 -0.526474
v 0.305669 10.217924 -0.488484
v 0.341619 10.273355 0.483794
v 0.305669 10.221640 0.446215
v -0.314554 10.195560 -0.488396
v -0.354125 10.244253 -0.526375
v -0.314554 10.199275 0.446302
v -0.354125 10.248268 0.483894
v -0.477173 9.972508 -0.658038
v -0.437570 9.923819 -0.620027
v 0.483882 10.007162 -0.658175
v 0.447899 9.955746 -0.620152
v 0.483882 10.012233 0.617574
v 0.447899 9.960515 0.579961
v -0.477173 9.977578 0.617711
v -0.437570 9.928587 0.580089
v -0.448987 10.245224 0.578828
v -0.484970 10.193808 0.616851
v -0.448987 10.240456 -0.621284
v -0.484970 10.188738 -0.658897
v 0.476085 10.223392 -0.659035
v 0.436482 10.272384 -0.621412
v 0.476085 10.228462 0.616714
v 0.436482 10.277153 0.578703
v 0.209910 10.003088 0.802313
v 0.194547 9.952060 0.750961
v -0.184217 9.938402 0.751015
v -0.203202 9.988194 0.802374
v -0.210998 10.204422 0.801514
v -0.195634 10.255039 0.749756
v 0.183130 10.268696 0.749701
v 0.202114 10.219317 0.801455
v 0.156099 9.950214 0.635547
v 0.136657 9.999572 0.582421
v -0.129948 9.989958 0.582460
v -0.145768 9.939329 0.635589
v -0.157186 10.255968 0.634330
v -0.137744 10.206190 0.581600
v 0.128860 10.215803 0.581564
v 0.144681 10.266851 0.634289
v -0.616313 9.971115 0.254047
v -0.567976 9.922529 0.238721
v -0.567976 9.920473 -0.278621
v -0.616313 9.968937 -0.294333
v -0.579394 10.239166 0.237463
v -0.624110 10.187346 0.253189
v -0.624110 10.185166 -0.295195
v -0.579394 10.237111 -0.279881
v -0.440377 9.926961 0.196142
v -0.396552 9.978748 0.180716
v -0.396552 9.977152 -0.221067
v -0.440377 9.925242 -0.236081
v -0.404349 10.194979 0.179858
v -0.451794 10.243597 0.194884
v -0.451794 10.241880 -0.237340
v -0.404349 10.193384 -0.221925
v 0.623022 10.013625 -0.294512
v 0.578306 9.961805 -0.278786
v 0.578306 9.963860 0.238558
v 0.623022 10.015802 0.253869
v 0.615225 10.232033 0.253011
v 0.566888 10.280499 0.237298
v 0.566888 10.278442 -0.280046
v 0.615225 10.229855 -0.295373
v 0.450707 9.957373 -0.236210
v 0.403261 10.005993 -0.221180
v 0.403261 10.007589 0.180602
v 0.450707 9.959090 0.196016
v 0.439289 10.275728 0.194758
v 0.395464 10.223818 0.179743
v 0.395464 10.222222 -0.222040
v 0.439289 10.274010 -0.237467
v -0.203201 9.981653 -0.842778
v -0.184217 9.932273 -0.791025
v 0.194547 9.945931 -0.791079
v 0.209911 9.996550 -0.842838
v 0.202114 10.212780 -0.843696
v 0.183129 10.262569 -0.792337
v -0.195635 10.248911 -0.792285
v -0.210998 10.197885 -0.843636
v -0.145768 9.934120 -0.675611
v -0.129948 9.985168 -0.622886
v 0.136657 9.994781 -0.622923
v 0.156099 9.945003 -0.675656
v 0.144681 10.261642 -0.676914
v 0.128860 10.211013 -0.623782
v -0.137744 10.201399 -0.623745
v -0.157186 10.250757 -0.676870
vn 0.9054 0.3002 -0.3002
vn 0.9045 -0.3015 -0.3015
vn 0.9045 -0.3015 0.3015
vn -0.0000 1.0000 -0.0000
vn 0.3914 0.6507 -0.6507
vn -0.0000 0.7071 0.7071
vn 0.9045 0.3015 -0.3015
vn 0.9045 0.3015 0.3015
vn -0.0000 -0.0000 -1.0000
vn 0.3914 -0.6507 -0.6507
vn -1.0000 -0.0000 -0.0000
vn 0.9054 -0.3002 -0.3002
vn 0.3914 -0.6507 0.6507
vn -0.0000 -1.0000 -0.0000
vn -0.0000 -0.0000 1.0000
vn 0.9054 0.3002 0.3002
vn 1.0000 -0.0000 -0.0000
vn -0.0000 -0.7071 -0.7071
vn -0.0000 0.7071 -0.7071
vn -0.0000 -0.7071 0.7071
vn 0.9054 -0.3002 0.3002
vn 0.3914 0.6507 0.6507
vn -0.2809 0.1839 -0.9420
vn 0.3888 -0.0723 -0.9185
vn 0.3084 -0.2602 -0.9150
vn -0.2850 0.8861 -0.3656
vn 0.2850 0.8861 0.3656
vn 0.2580 0.8861 -0.3852
vn 0.8979 -0.1445 -0.4157
vn 0.7581 -0.5190 0.3949
vn 0.9255 -0.1445 0.3500
vn 0.7370 0.5816 0.3443
vn 0.7103 0.5816 -0.3965
vn 0.9028 -0.1731 -0.3937
vn 0.7370 -0.5816 0.3443
vn 0.7103 -0.5816 -0.3965
vn -0.7370 0.5816 -0.3443
vn -0.2580 0.8861 0.3852
vn 0.1273 -0.2752 0.9529
vn -0.3084 0.2602 0.9150
vn 0.2809 -0.1839 0.9420
vn -0.2719 0.8499 0.4514
vn -0.7581 0.5190 -0.3949
vn -0.3037 0.8499 -0.4307
vn -0.8979 -0.1445 0.4157
vn -0.7581 -0.5190 -0.3949
vn -0.9255 -0.1445 -0.3500
vn 0.2719 -0.8499 -0.4514
vn 0.3037 -0.8499 0.4307
vn 0.0583 0.2752 -0.9596
vn -0.3735 -0.2601 -0.8904
vn 0.2123 0.1839 -0.9598
vn -0.1273 -0.2751 -0.9529
vn 0.3084 0.2601 -0.9150
vn -0.2809 -0.1839 -0.9420
vn -0.7103 -0.5816 0.3965
vn -0.9288 -0.1731 -0.3277
vn -0.7370 -0.5816 -0.3443
vn -0.4540 -0.0723 -0.8881
vn 0.3203 0.0619 -0.9453
vn -0.7277 0.5190 0.4484
vn -0.9255 0.1445 -0.3500
vn -0.2719 -0.8499 0.4514
vn -0.7277 -0.5190 0.4484
vn 0.3888 0.0723 -0.9185
vn -0.3875 -0.0619 -0.9198
vn -0.3037 -0.8499 -0.4307
vn -0.3888 0.0723 0.9185
vn 0.3875 -0.0619 0.9198
vn 0.0583 -0.2752 -0.9596
vn 0.0885 0.4033 -0.9108
vn -0.7103 0.5816 0.3965
vn -0.9288 0.1731 -0.3277
vn -0.9028 0.1731 0.3938
vn 0.1539 0.4033 0.9021
vn -0.0885 0.4033 0.9108
vn 0.7581 0.5190 0.3949
vn 0.8979 0.1445 -0.4157
vn 0.9255 0.1445 0.3500
vn -0.9028 -0.1731 0.3937
vn -0.3735 0.2601 -0.8904
vn -0.1539 0.4033 -0.9021
vn 0.1273 0.2752 0.9529
vn -0.3084 -0.2602 0.9150
vn -0.0885 -0.4032 0.9108
vn -0.4540 0.0723 -0.8881
vn 0.3203 -0.0619 -0.9453
vn -0.2850 -0.8861 -0.3656
vn -0.2580 -0.8860 0.3852
vn -0.3889 -0.0723 0.9185
vn 0.3875 0.0619 0.9198
vn 0.2719 0.8499 -0.4514
vn 0.7277 0.5190 -0.4485
vn 0.9028 0.1731 -0.3938
vn 0.9288 -0.1731 0.3277
vn -0.2123 -0.1839 0.9597
vn 0.4540 0.0723 0.8881
vn 0.3735 0.2601 0.8904
vn 0.2580 -0.8861 -0.3852
vn 0.2850 -0.8861 0.3656
vn -0.1273 0.2751 -0.9529
vn 0.0885 -0.4032 -0.9108
vn -0.8979 0.1445 0.4157
vn -0.0583 -0.2752 0.9596
vn -0.3875 0.0619 -0.9198
vn 0.9288 0.1731 0.3277
vn -0.3203 0.0619 0.9453
vn -0.3203 -0.0619 0.9453
vn 0.2809 0.1839 0.9420
vn 0.2123 -0.1839 -0.9598
vn 0.3037 0.8499 0.4307
vn -0.2123 0.1839 0.9598
vn 0.4540 -0.0723 0.8881
vn -0.1539 -0.4033 -0.9021
vn -0.0583 0.2751 0.9596
vn 0.1539 -0.4033 0.9021
vn 0.7277 -0.5190 -0.4484
vn 0.3735 -0.2601 0.8904
vn 0.9515 0.2597 -0.1651
vn 0.9039 -0.2177 0.3683
vn 0.9033 -0.3645 0.2262
vn 0.3756 0.9247 0.0615
vn -0.3756 0.7313 0.5693
vn 0.3756 0.7313 0.5693
vn 0.3831 -0.4598 0.8011
vn -0.4219 -0.7496 0.5100
vn -0.3831 -0.4598 0.8011
vn 0.3706 0.2857 0.8837
vn 0.3610 -0.4880 0.7947
vn -0.3706 -0.8013 0.4696
vn 0.3706 -0.8013 0.4696
vn 0.3706 0.8013 -0.4696
vn -0.3756 0.9247 0.0615
vn -0.9569 -0.2902 -0.0112
vn -0.9033 0.3645 -0.2262
vn -0.9515 -0.2597 0.1651
vn -0.4219 0.7496 -0.5100
vn 0.4413 0.8967 0.0334
vn -0.4413 0.8967 0.0334
vn -0.4219 -0.2203 -0.8794
vn 0.3831 0.1898 -0.9040
vn -0.3831 0.1898 -0.9040
vn 0.4413 -0.8967 -0.0334
vn -0.4413 -0.8967 -0.0334
vn 0.9569 0.2241 0.1847
vn 0.9033 -0.1217 -0.4114
vn 0.9515 0.0840 0.2960
vn 0.9569 -0.2241 -0.1847
vn 0.9033 0.1217 0.4114
vn 0.9515 -0.0840 -0.2960
vn -0.3610 0.1644 -0.9180
vn 0.3706 -0.2857 -0.8837
vn -0.3706 -0.2857 -0.8837
vn 0.9039 0.0825 -0.4198
vn 0.9331 -0.0683 0.3530
vn 0.3831 0.4598 -0.8011
vn 0.4219 0.7496 -0.5100
vn -0.4413 -0.6917 -0.5717
vn 0.4219 -0.2203 -0.8794
vn 0.9039 -0.0825 0.4198
vn 0.9331 0.0683 -0.3530
vn 0.4413 -0.6917 -0.5716
vn -0.9039 0.2177 -0.3683
vn -0.9331 -0.1839 0.3089
vn 0.9070 0.4200 0.0302
vn 0.9070 0.3337 0.2569
vn -0.3706 0.8013 -0.4696
vn 0.3610 0.4880 -0.7947
vn -0.3610 0.4880 -0.7947
vn -0.9070 0.3337 0.2569
vn -0.9070 0.4200 0.0302
vn 0.4219 0.2203 0.8795
vn -0.3831 -0.1898 0.9040
vn -0.4219 0.2203 0.8794
vn 0.3610 0.1644 -0.9180
vn 0.9569 -0.2902 -0.0112
vn 0.9033 0.3645 -0.2262
vn 0.3831 -0.1898 0.9040
vn -0.9569 0.2241 0.1847
vn -0.9033 -0.1217 -0.4114
vn -0.9070 -0.3337 -0.2569
vn 0.9039 0.2177 -0.3683
vn 0.9331 -0.1839 0.3089
vn 0.3756 -0.7313 -0.5693
vn -0.3756 -0.7313 -0.5693
vn -0.9331 -0.0683 0.3530
vn -0.9039 0.0825 -0.4198
vn -0.4413 0.6917 0.5717
vn 0.3610 -0.1644 0.9180
vn -0.3610 -0.4880 0.7947
vn -0.9515 -0.0840 -0.2960
vn -0.9039 -0.0825 0.4198
vn -0.9033 0.1217 0.4114
vn 0.3756 -0.9247 -0.0615
vn -0.3756 -0.9247 -0.0615
vn 0.9569 0.2902 0.0112
vn 0.9070 -0.4200 -0.0302
vn -0.3831 0.4598 -0.8011
vn -0.9569 -0.2241 -0.1847
vn 0.9331 0.1839 -0.3089
vn -0.3610 -0.1644 0.9180
vn -0.9331 0.1839 -0.3089
vn -0.9331 0.0683 -0.3530
vn -0.9515 0.0840 0.2960
vn 0.9515 -0.2597 0.1651
vn 0.4413 0.6917 0.5716
vn -0.9515 0.2597 -0.1651
vn -0.9039 -0.2177 0.3683
vn 0.9070 -0.3337 -0.2569
vn -0.9070 -0.4200 -0.0302
vn -0.9569 0.2902 0.0112
vn -0.3706 0.2857 0.8837
vn 0.4219 -0.7496 0.5100
vn -0.9033 -0.3645 0.2262
vn -0.2808 0.5072 -0.8148
vn 0.3888 0.2594 -0.8840
vn 0.3084 0.0826 -0.9477
vn -0.2850 0.9582 -0.0262
vn 0.2850 0.6979 0.6571
vn 0.2580 0.9651 -0.0445
vn 0.8979 0.0130 -0.4399
vn 0.7581 -0.6255 0.1843
vn 0.9255 -0.2596 0.2756
vn 0.7370 0.4209 0.5288
vn 0.7103 0.6847 -0.1635
vn 0.9028 -0.0216 -0.4296
vn 0.7370 -0.6661 0.1147
vn 0.7103 -0.4024 -0.5776
vn -0.7370 0.6661 -0.1147
vn -0.2580 0.6909 0.6754
vn 0.1273 -0.5964 0.7926
vn -0.3084 -0.0826 0.9477
vn 0.2809 -0.5072 0.8148
vn -0.2719 0.6335 0.7244
vn -0.7581 0.6255 -0.1843
vn -0.3037 0.9475 -0.0999
vn -0.7277 -0.6446 0.2343
vn -0.9255 -0.0104 -0.3785
vn -0.8979 -0.2830 0.3371
vn 0.3037 -0.9475 0.0999
vn 0.7277 -0.3253 -0.6038
vn 0.2719 -0.6335 -0.7244
vn 0.0583 0.5987 -0.7988
vn -0.3735 0.0739 -0.9247
vn 0.2123 0.5135 -0.8314
vn -0.1273 0.0821 -0.9885
vn 0.3084 0.5688 -0.7625
vn -0.2809 0.1635 -0.9457
vn -0.9028 -0.3020 0.3063
vn -0.7370 -0.4209 -0.5288
vn -0.7103 -0.6847 0.1635
vn -0.4540 0.2486 -0.8556
vn 0.3203 0.3943 -0.8614
vn -0.7277 0.3253 0.6038
vn -0.9255 0.2596 -0.2756
vn -0.2719 -0.9549 0.1193
vn -0.7581 -0.3444 -0.5537
vn 0.3888 0.3945 -0.8326
vn -0.3875 0.2696 -0.8815
vn -0.3037 -0.6409 -0.7050
vn -0.3888 -0.2594 0.8840
vn 0.3875 -0.3852 0.8375
vn 0.0583 0.0845 -0.9947
vn 0.0885 0.7011 -0.7076
vn -0.7103 0.4024 0.5776
vn -0.9288 0.2785 -0.2446
vn -0.9028 0.0216 0.4296
vn 0.1539 0.0557 0.9865
vn -0.0885 0.0526 0.9947
vn 0.7581 0.3444 0.5537
vn 0.8979 0.2830 -0.3371
vn 0.9255 0.0104 0.3785
vn -0.9288 -0.0451 -0.3679
vn -0.3735 0.5601 -0.7395
vn -0.1539 0.6980 -0.6994
vn 0.1273 -0.0821 0.9885
vn -0.3084 -0.5688 0.7625
vn -0.0885 -0.7011 0.7076
vn 0.3203 0.2787 -0.9054
vn -0.4540 0.3837 -0.8042
vn -0.2850 -0.6979 -0.6571
vn -0.2580 -0.9651 0.0445
vn -0.3888 -0.3945 0.8326
vn 0.3875 -0.2696 0.8815
vn 0.2719 0.9549 -0.1193
vn 0.7277 0.6446 -0.2343
vn 0.9288 0.0451 0.3679
vn 0.9288 -0.2785 0.2446
vn -0.2123 -0.5135 0.8314
vn 0.4540 -0.2486 0.8556
vn 0.3735 -0.0739 0.9247
vn 0.2580 -0.6909 -0.6754
vn 0.2850 -0.9582 0.0262
vn -0.1273 0.5964 -0.7926
vn 0.0885 -0.0526 -0.9947
vn -0.8979 -0.0130 0.4399
vn -0.0583 -0.5987 0.7988
vn -0.3875 0.3852 -0.8375
vn 0.9028 0.3020 -0.3063
vn -0.3203 -0.2787 0.9054
vn -0.3203 -0.3943 0.8614
vn 0.2808 -0.1635 0.9457
vn 0.2123 0.1698 -0.9623
vn 0.3037 0.6409 0.7050
vn -0.2123 -0.1698 0.9623
vn 0.4540 -0.3837 0.8042
vn -0.1539 -0.0557 -0.9865
vn -0.0583 -0.0845 0.9947
vn 0.1539 -0.6980 0.6994
vn 0.3735 -0.5601 0.7395
vn -0.2809 0.5072 -0.8148
vn 0.7103 0.6846 -0.1635
vn 0.2808 -0.5072 0.8148
vn 0.3084 0.5688 -0.7624
vn 0.3875 -0.2696 0.8816
vn 0.2809 -0.1635 0.9457
vn 0.1539 -0.6979 0.6994
vn -0.9038 0.2177 -0.3683
vn 0.4219 0.2203 0.8794
vn 0.9038 0.2177 -0.3683
vn 0.7581 -0.6255 0.1842
vn 0.3889 0.3945 -0.8325
vn -0.3875 0.2696 -0.8816
vn -0.7581 0.6255 -0.1842
vn -0.4219 -0.2203 -0.8795
vn -0.4414 -0.8967 -0.0334
vn 0.4219 -0.2203 -0.8795
vn -0.3084 -0.5688 0.7624
vn -0.9332 -0.1839 0.3089
vn -0.9332 0.0683 -0.3529
vn -0.1539 0.6979 -0.6994
vn 0.9033 -0.3646 0.2262
vn 0.4413 0.6917 0.5717
vn -0.9033 -0.3646 0.2262
vn -0.9033 0.3646 -0.2262
vn 0.9033 0.3646 -0.2262
vn -0.2809 0.1839 0.9420
vn 0.3888 -0.0723 0.9185
vn -0.3875 0.0619 0.9198
vn -0.2850 0.8861 0.3656
vn 0.2850 0.8861 -0.3656
vn -0.2580 0.8861 -0.3852
vn 0.7581 -0.5190 -0.3949
vn 0.8979 -0.1445 0.4157
vn 0.9255 -0.1445 -0.3500
vn 0.2580 0.8861 0.3852
vn 0.7370 0.5816 -0.3443
vn 0.7370 -0.5816 -0.3443
vn 0.9028 -0.1731 0.3937
vn 0.7103 -0.5816 0.3965
vn -0.7370 0.5816 0.3443
vn -0.7103 0.5816 -0.3965
vn -0.3084 0.2601 -0.9150
vn 0.1273 -0.2752 -0.9529
vn 0.2809 -0.1839 -0.9420
vn -0.2719 0.8499 -0.4514
vn -0.7581 0.5190 0.3949
vn -0.7277 0.5190 -0.4484
vn -0.8979 -0.1445 -0.4157
vn -0.7581 -0.5190 0.3949
vn -0.7277 -0.5190 -0.4484
vn 0.2719 -0.8499 0.4514
vn 0.3037 -0.8499 -0.4307
vn -0.3735 -0.2601 0.8904
vn 0.0583 0.2752 0.9596
vn 0.2123 0.1839 0.9598
vn 0.3084 0.2601 0.9150
vn -0.1273 -0.2752 0.9529
vn -0.2809 -0.1839 0.9420
vn -0.7103 -0.5816 -0.3965
vn -0.9288 -0.1731 0.3277
vn -0.9028 -0.1731 -0.3937
vn -0.4540 -0.0723 0.8881
vn 0.3203 0.0619 0.9453
vn -0.9255 0.1445 0.3500
vn -0.8979 0.1445 -0.4157
vn -0.2719 -0.8499 -0.4514
vn 0.3888 0.0723 0.9185
vn -0.3875 -0.0619 0.9198
vn -0.3888 0.0723 -0.9185
vn 0.3875 -0.0619 -0.9198
vn 0.0885 0.4033 0.9108
vn 0.0583 -0.2751 0.9596
vn -0.9288 0.1731 0.3277
vn -0.9028 0.1731 -0.3938
vn 0.1539 0.4033 -0.9021
vn -0.0583 -0.2752 -0.9596
vn 0.7581 0.5190 -0.3949
vn 0.8979 0.1445 0.4157
vn 0.7277 0.5190 0.4485
vn -0.3735 0.2601 0.8904
vn 0.2123 -0.1839 0.9598
vn 0.9255 0.1445 -0.3500
vn 0.1273 0.2752 -0.9529
vn -0.3084 -0.2601 -0.9150
vn 0.2808 0.1839 -0.9420
vn -0.4540 0.0723 0.8881
vn 0.3203 -0.0619 0.9453
vn -0.2850 -0.8861 0.3656
vn -0.7370 -0.5816 0.3443
vn -0.3888 -0.0723 -0.9185
vn 0.3875 0.0619 -0.9198
vn 0.2719 0.8499 0.4514
vn 0.3037 0.8499 -0.4307
vn 0.9288 -0.1731 -0.3277
vn 0.9028 0.1731 0.3938
vn -0.2123 -0.1839 -0.9598
vn 0.4540 0.0723 -0.8881
vn -0.3203 -0.0619 -0.9453
vn -0.2580 -0.8861 -0.3852
vn 0.2580 -0.8861 0.3852
vn -0.1273 0.2752 0.9529
vn 0.3084 -0.2601 0.9150
vn -0.9255 -0.1445 0.3500
vn 0.3735 0.2602 -0.8904
vn 0.7103 0.5816 0.3965
vn -0.3203 0.0619 -0.9453
vn 0.4540 -0.0723 -0.8881
vn -0.2123 0.1839 -0.9598
vn 0.0885 -0.4033 0.9108
vn 0.2850 -0.8861 -0.3656
vn -0.0583 0.2751 -0.9596
vn -0.0885 -0.4033 -0.9108
vn 0.1539 -0.4032 -0.9021
vn 0.9288 0.1731 -0.3277
vn -0.0885 0.4033 -0.9108
vn -0.1539 -0.4033 0.9021
vn -0.3037 -0.8499 0.4307
vn -0.1539 0.4033 0.9021
vn 0.7277 -0.5190 0.4484
vn 0.3735 -0.2601 -0.8904
vn -0.3037 0.8499 0.4307
vn 0.9515 0.2597 0.1651
vn 0.9039 -0.2177 -0.3683
vn 0.9331 0.1839 0.3089
vn 0.3756 0.9247 -0.0615
vn -0.3756 0.7313 -0.5693
vn -0.3756 0.9247 -0.0615
vn -0.4219 -0.7496 -0.5100
vn 0.3831 -0.4598 -0.8011
vn -0.3831 -0.4598 -0.8011
vn 0.3706 0.2857 -0.8837
vn 0.3756 0.7313 -0.5693
vn -0.3706 -0.8013 -0.4696
vn 0.3610 -0.4880 -0.7947
vn 0.3706 -0.8013 -0.4696
vn 0.3706 0.8013 0.4696
vn -0.3706 0.8013 0.4696
vn -0.9033 0.3645 0.2262
vn -0.9569 -0.2902 0.0112
vn -0.9515 -0.2597 -0.1651
vn 0.4413 0.8967 -0.0334
vn -0.4219 0.7496 0.5100
vn -0.4413 0.8967 -0.0334
vn 0.3831 0.1898 0.9040
vn -0.4219 -0.2203 0.8794
vn -0.3831 0.1898 0.9040
vn 0.4413 -0.8967 0.0334
vn -0.4413 -0.8967 0.0334
vn 0.9033 -0.1217 0.4114
vn 0.9569 0.2241 -0.1847
vn 0.9515 0.0840 -0.2960
vn 0.9033 0.1217 -0.4114
vn 0.9569 -0.2241 0.1847
vn 0.9515 -0.0840 0.2960
vn 0.3706 -0.2857 0.8837
vn -0.3610 0.1644 0.9180
vn -0.3706 -0.2857 0.8837
vn 0.9038 0.0825 0.4198
vn 0.9331 -0.0683 -0.3530
vn 0.3831 0.4598 0.8011
vn -0.3831 0.4598 0.8011
vn 0.4219 -0.2203 0.8794
vn -0.4413 -0.6917 0.5717
vn 0.9039 -0.0825 -0.4198
vn 0.9331 0.0683 0.3530
vn 0.4413 -0.6917 0.5716
vn -0.9039 0.2177 0.3683
vn -0.9331 -0.1839 -0.3089
vn 0.9070 0.4200 -0.0302
vn 0.9569 -0.2902 0.0112
vn 0.3610 0.4880 0.7947
vn -0.3610 0.4880 0.7947
vn -0.9070 0.3337 -0.2569
vn -0.9569 -0.2241 0.1847
vn -0.3831 -0.1898 -0.9040
vn 0.4219 0.2203 -0.8795
vn -0.4219 0.2203 -0.8794
vn 0.3610 0.1644 0.9180
vn 0.9033 0.3645 0.2262
vn 0.9515 -0.2597 -0.1651
vn 0.3831 -0.1898 -0.9040
vn -0.9569 0.2241 -0.1847
vn -0.9033 -0.1217 0.4114
vn -0.9515 0.0840 -0.2960
vn 0.9039 0.2177 0.3683
vn 0.9331 -0.1839 -0.3089
vn 0.3756 -0.7313 0.5693
vn -0.9331 -0.0683 -0.3530
vn -0.4413 0.6917 -0.5717
vn -0.3610 -0.4880 -0.7947
vn 0.3610 -0.1644 -0.9180
vn -0.9515 -0.0840 0.2960
vn -0.9039 -0.0825 -0.4198
vn -0.9331 0.0683 0.3530
vn -0.3756 -0.7313 0.5693
vn 0.3756 -0.9247 0.0615
vn 0.9569 0.2902 -0.0112
vn 0.9033 -0.3645 -0.2262
vn -0.9033 0.1217 -0.4114
vn -0.3610 -0.1644 -0.9180
vn -0.9331 0.1839 0.3089
vn -0.9038 0.0825 0.4198
vn 0.4413 0.6917 -0.5716
vn -0.9039 -0.2177 -0.3683
vn -0.9515 0.2597 0.1651
vn 0.9070 -0.4200 0.0302
vn -0.3756 -0.9247 0.0615
vn -0.9070 -0.4200 0.0302
vn -0.9569 0.2902 -0.0112
vn -0.3706 0.2857 -0.8837
vn -0.9070 0.4200 -0.0302
vn 0.9070 -0.3337 0.2569
vn 0.9070 0.3337 -0.2569
vn 0.4219 0.7496 0.5100
vn 0.4219 -0.7496 -0.5100
vn -0.9033 -0.3645 -0.2262
vn -0.9070 -0.3337 0.2569
vn -0.2808 0.5072 0.8148
vn 0.3888 0.2594 0.8840
vn -0.3875 0.3852 0.8375
vn -0.2850 0.9582 0.0262
vn 0.2850 0.6979 -0.6571
vn -0.2580 0.6909 -0.6754
vn 0.7581 -0.6255 -0.1843
vn 0.8979 0.0130 0.4399
vn 0.9255 -0.2596 -0.2756
vn 0.2580 0.9651 0.0445
vn 0.7370 0.4209 -0.5288
vn 0.7370 -0.6661 -0.1147
vn 0.9028 -0.0216 0.4296
vn 0.7103 -0.4024 0.5776
vn -0.7370 0.6661 0.1147
vn -0.7103 0.4024 -0.5776
vn -0.3084 -0.0826 -0.9477
vn 0.1273 -0.5964 -0.7926
vn 0.2809 -0.5072 -0.8148
vn -0.2719 0.6335 -0.7244
vn -0.7581 0.6255 0.1843
vn -0.7277 0.3253 -0.6038
vn -0.9255 -0.0104 0.3785
vn -0.7277 -0.6446 -0.2343
vn -0.8979 -0.2830 -0.3371
vn 0.3037 -0.9475 -0.0999
vn 0.7277 -0.3253 0.6038
vn -0.3735 0.0739 0.9247
vn 0.0583 0.5987 0.7988
vn 0.2123 0.5135 0.8314
vn 0.3084 0.5688 0.7625
vn -0.1273 0.0821 0.9885
vn -0.2809 0.1635 0.9457
vn -0.7370 -0.4209 0.5288
vn -0.9028 -0.3020 -0.3063
vn -0.7103 -0.6847 -0.1635
vn -0.4540 0.2486 0.8556
vn 0.3203 0.3943 0.8614
vn -0.9255 0.2596 0.2756
vn -0.8979 -0.0130 -0.4399
vn -0.7581 -0.3444 0.5537
vn -0.2719 -0.9549 -0.1193
vn 0.3888 0.3945 0.8326
vn -0.3875 0.2696 0.8815
vn 0.2719 -0.6335 0.7244
vn -0.3888 -0.2594 -0.8840
vn 0.3875 -0.3852 -0.8375
vn 0.0885 0.7011 0.7076
vn 0.0583 0.0845 0.9947
vn -0.9288 0.2784 0.2446
vn -0.9028 0.0216 -0.4296
vn 0.1539 0.0557 -0.9865
vn -0.0583 -0.5987 -0.7988
vn 0.7581 0.3444 -0.5537
vn 0.8979 0.2830 0.3371
vn 0.7277 0.6446 0.2343
vn -0.9288 -0.0451 0.3679
vn -0.3735 0.5601 0.7395
vn 0.2123 0.1698 0.9623
vn 0.9255 0.0104 -0.3785
vn 0.1273 -0.0821 -0.9885
vn -0.3084 -0.5688 -0.7625
vn 0.2808 -0.1635 -0.9457
vn 0.3203 0.2787 0.9054
vn -0.2850 -0.6979 0.6571
vn -0.3888 -0.3945 -0.8326
vn 0.3875 -0.2696 -0.8815
vn 0.2719 0.9549 0.1193
vn 0.3037 0.6409 -0.7050
vn 0.9288 0.0451 -0.3679
vn 0.9028 0.3020 0.3063
vn -0.2123 -0.5135 -0.8314
vn 0.4540 -0.2486 -0.8556
vn -0.3203 -0.3943 -0.8614
vn -0.2580 -0.9651 -0.0445
vn 0.2580 -0.6909 0.6754
vn -0.1273 0.5964 0.7926
vn 0.3084 0.0826 0.9477
vn 0.3735 -0.0739 -0.9247
vn 0.7103 0.6847 0.1635
vn -0.3203 -0.2787 -0.9054
vn -0.4540 0.3837 0.8042
vn 0.4540 -0.3837 -0.8042
vn -0.2123 -0.1698 -0.9623
vn 0.0885 -0.0526 0.9947
vn 0.2850 -0.9582 -0.0262
vn -0.0583 -0.0845 -0.9947
vn -0.0885 -0.7011 -0.7076
vn 0.1539 -0.6980 -0.6994
vn -0.0885 0.0526 -0.9947
vn -0.1539 -0.0557 0.9865
vn -0.3037 -0.6409 0.7050
vn -0.1539 0.6980 0.6994
vn 0.3735 -0.5601 -0.7395
vn 0.9288 -0.2785 -0.2446
vn -0.3037 0.9475 0.0999
vn 0.9039 0.0825 0.4198
vn -0.9039 0.0825 0.4198
vn -0.2809 0.5072 0.8148
vn 0.2808 -0.5072 -0.8148
vn 0.3084 0.5688 0.7624
vn -0.9288 0.2785 0.2446
vn 0.2809 -0.1635 -0.9457
vn 0.3875 -0.2696 -0.8816
vn 0.1539 -0.6979 -0.6994
vn 0.4219 0.2203 -0.8794
vn 0.7581 -0.6255 -0.1842
vn 0.3889 0.3945 0.8325
vn -0.3875 0.2696 0.8816
vn -0.7581 0.6255 0.1842
vn -0.4219 -0.2203 0.8795
vn -0.9038 0.2177 0.3683
vn 0.9038 0.2177 0.3683
vn -0.9038 -0.0825 -0.4198
vn -0.3084 -0.5688 -0.7624
vn -0.9332 0.0683 0.3529
vn 0.3203 0.3943 0.8613
vn -0.1539 0.6979 0.6994
vn 0.9033 -0.3646 -0.2262
vn 0.4413 0.6917 -0.5717
vn -0.9033 -0.3646 -0.2262
vn 0.9070 0.3336 -0.2569
vn -0.9070 0.3336 -0.2569
vn -0.2809 0.9427 0.1801
vn 0.3888 0.9182 -0.0760
vn 0.3084 0.9140 -0.2638
vn -0.2850 0.3691 0.8846
vn 0.2850 -0.3621 0.8875
vn 0.2580 0.3887 0.8845
vn 0.9255 -0.3506 -0.1431
vn 0.7277 0.4464 -0.5207
vn 0.7581 -0.3969 -0.5174
vn 0.7370 -0.3420 0.5830
vn 0.7103 0.3988 0.5800
vn 0.9028 0.3931 -0.1747
vn 0.7370 -0.3466 -0.5802
vn 0.7103 0.3942 -0.5832
vn -0.7370 0.3466 0.5802
vn -0.2580 -0.3816 0.8876
vn 0.1273 -0.9540 -0.2714
vn -0.3084 -0.9140 0.2638
vn 0.2808 -0.9427 -0.1801
vn -0.7277 -0.4464 0.5208
vn -0.3037 0.4341 0.8482
vn -0.2719 -0.4481 0.8517
vn -0.8979 -0.4163 -0.1428
vn -0.7581 0.3928 -0.5205
vn -0.9255 0.3494 -0.1459
vn 0.2719 0.4480 -0.8517
vn 0.3037 -0.4341 -0.8482
vn 0.0583 0.9607 0.2713
vn -0.3735 0.8894 -0.2637
vn 0.2123 0.9605 0.1801
vn -0.1273 0.9518 -0.2789
vn 0.3084 0.9160 0.2565
vn -0.2809 0.9412 -0.1876
vn -0.7103 -0.3988 -0.5800
vn -0.9288 0.3270 -0.1744
vn -0.7370 0.3420 -0.5830
vn -0.4540 0.8878 -0.0758
vn 0.3203 0.9455 0.0581
vn -0.8979 -0.4151 0.1461
vn -0.7581 0.3969 0.5174
vn -0.2719 -0.4548 -0.8481
vn -0.7277 -0.4505 -0.5172
vn 0.3889 0.9187 0.0687
vn -0.3875 0.9195 -0.0655
vn -0.3037 0.4273 -0.8516
vn -0.3888 -0.9182 0.0760
vn 0.3875 -0.9200 -0.0582
vn -0.1539 0.9037 0.3997
vn 0.0885 0.9124 0.3996
vn -0.7103 -0.3942 0.5832
vn -0.9288 0.3284 0.1718
vn -0.9028 -0.3931 0.1747
vn 0.1539 -0.9004 0.4068
vn -0.0885 -0.9092 0.4069
vn 0.7277 0.4505 0.5172
vn 0.9255 -0.3494 0.1459
vn 0.7581 -0.3928 0.5205
vn -0.9028 -0.3944 -0.1716
vn 0.0583 0.9585 -0.2790
vn -0.3735 0.8914 0.2566
vn 0.8979 0.4163 0.1428
vn 0.1273 -0.9518 0.2789
vn -0.3084 -0.9160 -0.2565
vn -0.0885 -0.9124 -0.3996
vn 0.3203 0.9450 -0.0656
vn -0.4540 0.8883 0.0688
vn -0.2850 0.3621 -0.8875
vn -0.2580 -0.3887 -0.8845
vn -0.3888 -0.9187 -0.0687
vn 0.3875 -0.9195 0.0655
vn 0.2719 0.4548 0.8481
vn 0.9028 0.3944 0.1716
vn 0.9288 -0.3284 -0.1718
vn -0.2123 -0.9605 -0.1801
vn 0.4540 -0.8878 0.0758
vn 0.3735 -0.8894 0.2637
vn 0.2580 0.3817 -0.8876
vn 0.2850 -0.3691 -0.8846
vn -0.1273 0.9540 0.2714
vn 0.0885 0.9092 -0.4069
vn -0.9255 0.3506 0.1431
vn -0.0583 -0.9607 -0.2713
vn -0.3875 0.9200 0.0582
vn 0.9288 -0.3270 0.1744
vn -0.3203 -0.9455 -0.0581
vn 0.4540 -0.8883 -0.0688
vn 0.2808 -0.9412 0.1876
vn 0.2123 0.9590 -0.1877
vn 0.3037 -0.4273 0.8516
vn -0.2123 -0.9590 0.1877
vn -0.3203 -0.9450 0.0656
vn -0.1539 0.9004 -0.4068
vn -0.0583 -0.9585 0.2790
vn 0.1539 -0.9037 -0.3997
vn 0.8979 0.4152 -0.1461
vn 0.3735 -0.8914 -0.2566
vt 0.498710 0.248112
vt 0.495483 0.006842
vt 0.495483 0.243284
vt 0.500000 0.749958
vt 0.711774 0.500000
vt 0.500000 0.500000
vt 0.254559 0.243284
vt 0.254559 0.006842
vt 0.250042 0.500000
vt 0.500000 0.288226
vt 0.250042 0.288226
vt 0.250042 0.749958
vt 0.251332 0.248112
vt 0.038268 0.749958
vt 0.038268 0.500000
vt 0.250042 0.961732
vt 0.498710 0.002015
vt 0.000084 0.748028
vt 0.000084 0.501930
vt 0.498710 0.999916
vt 0.251332 0.999916
vt 0.500000 0.000084
vt 0.251332 0.002015
vt 0.711943 0.000084
vt 0.711943 0.000253
vt 0.711943 0.000422
vt 0.711943 0.000590
vt 0.711943 0.000759
vt 0.711943 0.000928
vt 0.711943 0.001097
vt 0.711943 0.001265
vt 0.711943 0.001434
vt 0.711943 0.001603
vt 0.711943 0.001771
vt 0.711943 0.001940
vt 0.711943 0.002109
vt 0.711943 0.002278
vt 0.711943 0.002446
vt 0.711943 0.002615
vt 0.711943 0.002784
vt 0.711943 0.002952
vt 0.711943 0.003121
vt 0.711943 0.003290
vt 0.711943 0.003459
vt 0.711943 0.003627
vt 0.711943 0.003796
vt 0.711943 0.003965
vt 0.711943 0.004133
vt 0.711943 0.004302
vt 0.711943 0.004471
vt 0.711943 0.004640
vt 0.711943 0.004808
vt 0.711943 0.004977
vt 0.711943 0.005146
vt 0.711943 0.005314
vt 0.711943 0.005483
vt 0.711774 0.749958
vt 0.500000 0.961732
vt 0.500000 0.250042
s 1
usemtl Material
f 20/1/1 7/2/2 5/3/3
f 3/4/4 19/5/5 1/6/4
f 9/7/6 8/8/7 6/7/8
f 2/9/9 19/10/5 13/11/10
f 4/12/11 1/6/11 2/9/11
f 14/13/12 5/3/3 6/7/8
f 16/14/13 2/9/14 13/15/10
f 16/16/13 3/4/15 4/12/15
f 17/17/16 8/8/7 7/2/2
f 9/7/17 11/2/17 10/8/17
f 11/2/18 5/3/3 7/2/2
f 10/8/19 7/2/2 8/8/7
f 12/3/20 6/7/8 5/3/3
f 15/18/21 13/15/10 14/19/12
f 17/20/16 16/16/13 15/21/21
f 14/13/12 19/10/5 20/1/1
f 20/1/1 18/22/22 17/17/16
f 15/23/21 6/7/8 8/8/7
f 29/24/23 91/24/24 50/24/25
f 57/24/26 53/24/27 60/24/28
f 81/24/29 28/24/30 78/24/31
f 60/24/28 41/24/32 51/24/33
f 92/24/34 39/24/35 49/24/36
f 46/24/37 56/24/38 57/24/26
f 64/24/39 44/24/40 27/24/41
f 111/24/42 30/24/43 114/24/44
f 95/24/45 32/24/46 98/24/47
f 28/24/30 66/24/48 63/24/49
f 116/24/50 47/24/51 34/24/52
f 68/24/53 52/24/54 31/24/55
f 37/24/56 75/24/57 48/24/58
f 34/24/52 76/24/59 83/24/60
f 22/24/61 99/24/62 30/24/43
f 62/24/63 32/24/46 24/24/64
f 31/24/55 90/24/65 97/24/66
f 62/24/63 66/24/48 67/24/67
f 27/24/41 70/24/68 77/24/69
f 65/24/70 59/24/71 68/24/53
f 43/24/72 74/24/73 69/24/74
f 64/24/39 54/24/75 55/24/76
f 26/24/77 84/24/78 79/24/79
f 69/24/74 75/24/57 72/24/80
f 65/24/70 45/24/81 58/24/82
f 84/24/78 78/24/31 79/24/79
f 109/24/83 38/24/84 102/24/85
f 83/24/60 73/24/86 82/24/87
f 37/24/56 108/24/88 101/24/89
f 77/24/69 71/24/90 80/24/91
f 26/24/77 115/24/92 33/24/93
f 89/24/94 85/24/95 92/24/34
f 23/24/96 87/24/97 42/24/98
f 101/24/89 105/24/99 104/24/100
f 113/24/101 50/24/25 106/24/102
f 94/24/103 98/24/47 99/24/62
f 61/24/104 42/24/98 54/24/75
f 97/24/66 91/24/24 100/24/105
f 89/24/94 41/24/32 88/24/106
f 93/24/107 87/24/97 96/24/108
f 25/24/109 71/24/90 38/24/84
f 36/24/110 73/24/86 45/24/81
f 111/24/42 115/24/92 110/24/111
f 21/24/112 86/24/113 93/24/107
f 116/24/50 106/24/102 107/24/114
f 104/24/100 49/24/36 39/24/35
f 112/24/115 102/24/85 103/24/116
f 39/24/35 103/24/116 104/24/100
f 88/24/106 42/24/98 87/24/97
f 43/24/72 55/24/76 56/24/38
f 72/24/80 38/24/84 71/24/90
f 47/24/51 75/24/57 76/24/59
f 48/24/58 107/24/114 108/24/88
f 51/24/33 59/24/71 60/24/28
f 92/24/34 50/24/25 91/24/24
f 21/24/112 111/24/42 112/24/115
f 96/24/108 24/24/64 95/24/45
f 27/24/41 63/24/49 64/24/39
f 80/24/91 26/24/77 79/24/79
f 33/24/93 83/24/60 84/24/78
f 34/24/52 115/24/92 116/24/50
f 31/24/55 67/24/67 68/24/53
f 100/24/105 30/24/43 99/24/62
f 41/24/32 54/24/75 42/24/98
f 56/24/38 54/24/75 53/24/27
f 46/24/37 58/24/82 45/24/81
f 57/24/26 59/24/71 58/24/82
f 23/24/96 62/24/63 24/24/64
f 64/24/39 62/24/63 61/24/104
f 36/24/110 66/24/48 35/24/117
f 65/24/70 67/24/67 66/24/48
f 69/24/74 44/24/40 43/24/72
f 72/24/80 70/24/68 69/24/74
f 45/24/81 74/24/73 46/24/37
f 73/24/86 75/24/57 74/24/73
f 77/24/69 28/24/30 27/24/41
f 80/24/91 78/24/31 77/24/69
f 35/24/117 82/24/87 36/24/110
f 84/24/78 82/24/87 81/24/29
f 85/24/95 40/24/118 39/24/35
f 88/24/106 86/24/113 85/24/95
f 89/24/94 52/24/54 51/24/33
f 92/24/34 90/24/65 89/24/94
f 93/24/107 22/24/61 21/24/112
f 96/24/108 94/24/103 93/24/107
f 97/24/66 32/24/46 31/24/55
f 100/24/105 98/24/47 97/24/66
f 37/24/56 102/24/85 38/24/84
f 101/24/89 103/24/116 102/24/85
f 49/24/36 106/24/102 50/24/25
f 105/24/99 107/24/114 106/24/102
f 25/24/109 110/24/111 26/24/77
f 109/24/83 111/24/42 110/24/111
f 29/24/23 114/24/44 30/24/43
f 116/24/50 114/24/44 113/24/101
f 112/24/115 40/24/118 21/24/112
f 125/25/119 187/25/120 146/25/121
f 153/25/122 149/25/123 156/25/124
f 177/25/125 124/25/126 174/25/127
f 149/25/123 147/25/128 156/25/124
f 188/25/129 135/25/130 145/25/131
f 142/25/132 152/25/133 153/25/122
f 160/25/134 140/25/135 123/25/136
f 118/25/137 210/25/138 207/25/139
f 120/25/140 194/25/141 191/25/142
f 124/25/126 162/25/143 159/25/144
f 212/25/145 143/25/146 130/25/147
f 164/25/148 148/25/149 127/25/150
f 168/25/151 144/25/152 133/25/153
f 130/25/147 172/25/154 179/25/155
f 118/25/137 195/25/156 126/25/157
f 158/25/158 128/25/159 120/25/140
f 127/25/150 186/25/160 193/25/161
f 159/25/144 163/25/162 158/25/158
f 123/25/136 166/25/163 173/25/164
f 164/25/148 154/25/165 155/25/166
f 139/25/167 170/25/168 165/25/169
f 160/25/134 150/25/170 151/25/171
f 129/25/172 175/25/173 122/25/174
f 165/25/169 171/25/175 168/25/151
f 161/25/176 141/25/177 154/25/165
f 180/25/178 174/25/127 175/25/173
f 205/25/179 134/25/180 198/25/181
f 179/25/155 169/25/182 178/25/183
f 133/25/153 204/25/184 197/25/185
f 176/25/186 166/25/163 167/25/187
f 206/25/188 129/25/172 122/25/174
f 185/25/189 181/25/190 188/25/129
f 119/25/191 183/25/192 138/25/193
f 197/25/185 201/25/194 200/25/195
f 209/25/196 146/25/121 202/25/197
f 190/25/198 194/25/141 195/25/156
f 157/25/199 138/25/193 150/25/170
f 196/25/200 186/25/160 187/25/120
f 147/25/128 184/25/201 185/25/189
f 189/25/202 183/25/192 192/25/203
f 121/25/204 167/25/187 134/25/180
f 132/25/205 169/25/182 141/25/177
f 207/25/139 211/25/206 206/25/188
f 117/25/207 182/25/208 189/25/202
f 212/25/145 202/25/197 203/25/209
f 201/25/194 135/25/130 200/25/195
f 205/25/179 199/25/210 208/25/211
f 135/25/130 199/25/210 200/25/195
f 184/25/201 138/25/193 183/25/192
f 139/25/167 151/25/171 152/25/133
f 168/25/151 134/25/180 167/25/187
f 143/25/146 171/25/175 172/25/154
f 144/25/152 203/25/209 204/25/184
f 147/25/128 155/25/166 156/25/124
f 188/25/129 146/25/121 187/25/120
f 117/25/207 207/25/139 208/25/211
f 192/25/203 120/25/140 191/25/142
f 123/25/136 159/25/144 160/25/134
f 176/25/186 122/25/174 175/25/173
f 129/25/172 179/25/155 180/25/178
f 130/25/147 211/25/206 212/25/145
f 127/25/150 163/25/162 164/25/148
f 196/25/200 126/25/157 195/25/156
f 137/25/212 150/25/170 138/25/193
f 152/25/133 150/25/170 149/25/123
f 142/25/132 154/25/165 141/25/177
f 156/25/124 154/25/165 153/25/122
f 119/25/191 158/25/158 120/25/140
f 160/25/134 158/25/158 157/25/199
f 132/25/205 162/25/143 131/25/213
f 161/25/176 163/25/162 162/25/143
f 165/25/169 140/25/135 139/25/167
f 168/25/151 166/25/163 165/25/169
f 141/25/177 170/25/168 142/25/132
f 169/25/182 171/25/175 170/25/168
f 173/25/164 124/25/126 123/25/136
f 173/25/164 175/25/173 174/25/127
f 131/25/213 178/25/183 132/25/205
f 180/25/178 178/25/183 177/25/125
f 181/25/190 136/25/214 135/25/130
f 184/25/201 182/25/208 181/25/190
f 185/25/189 148/25/149 147/25/128
f 188/25/129 186/25/160 185/25/189
f 189/25/202 118/25/137 117/25/207
f 189/25/202 191/25/142 190/25/198
f 193/25/161 128/25/159 127/25/150
f 196/25/200 194/25/141 193/25/161
f 133/25/153 198/25/181 134/25/180
f 197/25/185 199/25/210 198/25/181
f 145/25/131 202/25/197 146/25/121
f 204/25/184 202/25/197 201/25/194
f 121/25/204 206/25/188 122/25/174
f 205/25/179 207/25/139 206/25/188
f 125/25/119 210/25/138 126/25/157
f 212/25/145 210/25/138 209/25/196
f 208/25/211 136/25/214 117/25/207
f 221/26/215 283/26/216 242/26/217
f 249/26/218 245/26/219 252/26/220
f 273/26/221 220/26/222 270/26/223
f 252/26/220 233/26/224 243/26/225
f 284/26/226 231/26/227 241/26/228
f 238/26/229 248/26/230 249/26/218
f 256/26/231 236/26/232 219/26/233
f 303/26/234 222/26/235 306/26/236
f 216/26/237 290/26/238 287/26/239
f 255/26/240 227/26/241 258/26/242
f 308/26/243 239/26/244 226/26/245
f 260/26/246 244/26/247 223/26/248
f 264/26/249 240/26/250 229/26/251
f 226/26/245 268/26/252 275/26/253
f 214/26/254 291/26/255 222/26/235
f 254/26/256 224/26/257 216/26/237
f 223/26/248 282/26/258 289/26/259
f 254/26/256 258/26/242 259/26/260
f 219/26/233 262/26/261 269/26/262
f 257/26/263 251/26/264 260/26/246
f 235/26/265 266/26/266 261/26/267
f 256/26/231 246/26/268 247/26/269
f 218/26/270 276/26/271 271/26/272
f 261/26/267 267/26/273 264/26/249
f 257/26/263 237/26/274 250/26/275
f 276/26/271 270/26/223 271/26/272
f 301/26/276 230/26/277 294/26/278
f 274/26/279 268/26/252 265/26/280
f 229/26/251 300/26/281 293/26/282
f 269/26/262 263/26/283 272/26/284
f 218/26/270 307/26/285 225/26/286
f 284/26/226 280/26/287 277/26/288
f 215/26/289 279/26/290 234/26/291
f 293/26/282 297/26/292 296/26/293
f 305/26/294 242/26/217 298/26/295
f 286/26/296 290/26/238 291/26/255
f 253/26/297 234/26/291 246/26/268
f 289/26/259 283/26/216 292/26/298
f 281/26/299 233/26/224 280/26/287
f 285/26/300 279/26/290 288/26/301
f 217/26/302 263/26/283 230/26/277
f 228/26/303 265/26/280 237/26/274
f 303/26/234 307/26/285 302/26/304
f 213/26/305 278/26/306 285/26/300
f 308/26/243 298/26/295 299/26/307
f 296/26/293 241/26/228 231/26/227
f 304/26/308 294/26/278 295/26/309
f 231/26/227 295/26/309 296/26/293
f 280/26/287 234/26/291 279/26/290
f 235/26/265 247/26/269 248/26/230
f 264/26/249 230/26/277 263/26/283
f 239/26/244 267/26/273 268/26/252
f 240/26/250 299/26/307 300/26/281
f 243/26/225 251/26/264 252/26/220
f 284/26/226 242/26/217 283/26/216
f 213/26/305 303/26/234 304/26/308
f 288/26/301 216/26/237 287/26/239
f 219/26/233 255/26/240 256/26/231
f 272/26/284 218/26/270 271/26/272
f 225/26/286 275/26/253 276/26/271
f 226/26/245 307/26/285 308/26/243
f 223/26/248 259/26/260 260/26/246
f 292/26/298 222/26/235 291/26/255
f 233/26/224 246/26/268 234/26/291
f 245/26/219 247/26/269 246/26/268
f 238/26/229 250/26/275 237/26/274
f 249/26/218 251/26/264 250/26/275
f 215/26/289 254/26/256 216/26/237
f 256/26/231 254/26/256 253/26/297
f 228/26/303 258/26/242 227/26/241
f 260/26/246 258/26/242 257/26/263
f 261/26/267 236/26/232 235/26/265
f 261/26/267 263/26/283 262/26/261
f 237/26/274 266/26/266 238/26/229
f 265/26/280 267/26/273 266/26/266
f 269/26/262 220/26/222 219/26/233
f 269/26/262 271/26/272 270/26/223
f 227/26/241 274/26/279 228/26/303
f 276/26/271 274/26/279 273/26/221
f 277/26/288 232/26/310 231/26/227
f 280/26/287 278/26/306 277/26/288
f 281/26/299 244/26/247 243/26/225
f 284/26/226 282/26/258 281/26/299
f 285/26/300 214/26/254 213/26/305
f 288/26/301 286/26/296 285/26/300
f 289/26/259 224/26/257 223/26/248
f 289/26/259 291/26/255 290/26/238
f 229/26/251 294/26/278 230/26/277
f 293/26/282 295/26/309 294/26/278
f 241/26/228 298/26/295 242/26/217
f 300/26/281 298/26/295 297/26/292
f 217/26/302 302/26/304 218/26/270
f 301/26/276 303/26/234 302/26/304
f 221/26/215 306/26/236 222/26/235
f 308/26/243 306/26/236 305/26/294
f 304/26/308 232/26/310 213/26/305
f 317/27/119 379/27/120 338/27/121
f 345/27/122 341/27/123 348/27/124
f 369/27/125 316/27/126 366/27/127
f 348/27/124 329/27/212 339/27/128
f 380/27/129 327/27/130 337/27/131
f 334/27/132 344/27/133 345/27/122
f 352/27/134 332/27/135 315/27/136
f 310/27/137 402/27/138 399/27/139
f 312/27/140 386/27/141 383/27/142
f 316/27/126 354/27/143 351/27/144
f 404/27/145 335/27/146 322/27/147
f 356/27/148 340/27/149 319/27/150
f 360/27/151 336/27/152 325/27/153
f 322/27/147 364/27/154 371/27/155
f 310/27/137 387/27/156 318/27/157
f 350/27/158 320/27/159 312/27/140
f 319/27/150 378/27/160 385/27/161
f 351/27/144 355/27/162 350/27/158
f 315/27/136 358/27/163 365/27/164
f 356/27/148 346/27/165 347/27/166
f 331/27/167 362/27/168 357/27/169
f 349/27/199 343/27/171 352/27/134
f 321/27/172 367/27/173 314/27/174
f 357/27/169 363/27/175 360/27/151
f 353/27/176 333/27/177 346/27/165
f 372/27/178 366/27/127 367/27/173
f 397/27/179 326/27/180 390/27/181
f 370/27/183 364/27/154 361/27/182
f 325/27/153 396/27/184 389/27/185
f 365/27/164 359/27/187 368/27/186
f 398/27/188 321/27/172 314/27/174
f 377/27/189 373/27/190 380/27/129
f 311/27/191 375/27/192 330/27/193
f 389/27/185 393/27/194 392/27/195
f 401/27/196 338/27/121 394/27/197
f 382/27/198 386/27/141 387/27/156
f 349/27/199 330/27/193 342/27/170
f 388/27/200 378/27/160 379/27/120
f 339/27/128 376/27/201 377/27/189
f 384/27/203 374/27/208 375/27/192
f 313/27/204 359/27/187 326/27/180
f 324/27/205 361/27/182 333/27/177
f 399/27/139 403/27/206 398/27/188
f 309/27/207 374/27/208 381/27/202
f 404/27/145 394/27/197 395/27/209
f 392/27/195 337/27/131 327/27/130
f 397/27/179 391/27/210 400/27/211
f 327/27/130 391/27/210 392/27/195
f 376/27/201 330/27/193 375/27/192
f 331/27/167 343/27/171 344/27/133
f 360/27/151 326/27/180 359/27/187
f 335/27/146 363/27/175 364/27/154
f 336/27/152 395/27/209 396/27/184
f 339/27/128 347/27/166 348/27/124
f 380/27/129 338/27/121 379/27/120
f 309/27/207 399/27/139 400/27/211
f 384/27/203 312/27/140 383/27/142
f 315/27/136 351/27/144 352/27/134
f 368/27/186 314/27/174 367/27/173
f 321/27/172 371/27/155 372/27/178
f 322/27/147 403/27/206 404/27/145
f 319/27/150 355/27/162 356/27/148
f 388/27/200 318/27/157 387/27/156
f 329/27/212 342/27/170 330/27/193
f 341/27/123 343/27/171 342/27/170
f 334/27/132 346/27/165 333/27/177
f 345/27/122 347/27/166 346/27/165
f 311/27/191 350/27/158 312/27/140
f 349/27/199 351/27/144 350/27/158
f 324/27/205 354/27/143 323/27/213
f 356/27/148 354/27/143 353/27/176
f 357/27/169 332/27/135 331/27/167
f 357/27/169 359/27/187 358/27/163
f 333/27/177 362/27/168 334/27/132
f 364/27/154 362/27/168 361/27/182
f 365/27/164 316/27/126 315/27/136
f 365/27/164 367/27/173 366/27/127
f 323/27/213 370/27/183 324/27/205
f 372/27/178 370/27/183 369/27/125
f 373/27/190 328/27/214 327/27/130
f 376/27/201 374/27/208 373/27/190
f 377/27/189 340/27/149 339/27/128
f 380/27/129 378/27/160 377/27/189
f 381/27/202 310/27/137 309/27/207
f 381/27/202 383/27/142 382/27/198
f 385/27/161 320/27/159 319/27/150
f 388/27/200 386/27/141 385/27/161
f 325/27/153 390/27/181 326/27/180
f 389/27/185 391/27/210 390/27/181
f 337/27/131 394/27/197 338/27/121
f 396/27/184 394/27/197 393/27/194
f 313/27/204 398/27/188 314/27/174
f 397/27/179 399/27/139 398/27/188
f 317/27/119 402/27/138 318/27/157
f 404/27/145 402/27/138 401/27/196
f 400/27/211 328/27/214 309/27/207
f 413/28/311 475/28/216 434/28/217
f 441/28/218 437/28/219 444/28/220
f 465/28/221 412/28/222 462/28/223
f 444/28/220 425/28/224 435/28/312
f 476/28/226 423/28/227 433/28/228
f 427/28/265 441/28/218 430/28/229
f 448/28/231 428/28/232 411/28/313
f 406/28/254 498/28/236 495/28/234
f 408/28/237 482/28/238 479/28/239
f 447/28/240 419/28/241 450/28/242
f 500/28/243 431/28/244 418/28/245
f 452/28/246 436/28/314 415/28/248
f 421/28/251 459/28/273 432/28/250
f 418/28/245 460/28/252 467/28/253
f 406/28/254 483/28/255 414/28/235
f 446/28/256 416/28/257 408/28/237
f 415/28/248 474/28/258 481/28/259
f 447/28/240 451/28/260 446/28/256
f 411/28/313 454/28/261 461/28/262
f 449/28/263 443/28/264 452/28/246
f 427/28/265 458/28/266 453/28/267
f 448/28/231 438/28/268 439/28/269
f 417/28/286 463/28/272 410/28/270
f 453/28/267 459/28/273 456/28/249
f 449/28/263 429/28/274 442/28/275
f 463/28/272 465/28/221 462/28/223
f 493/28/276 422/28/277 486/28/278
f 466/28/279 460/28/252 457/28/280
f 421/28/251 492/28/281 485/28/282
f 461/28/262 455/28/283 464/28/315
f 410/28/270 499/28/285 417/28/286
f 476/28/226 472/28/287 469/28/288
f 407/28/289 471/28/290 426/28/291
f 485/28/282 489/28/292 488/28/293
f 497/28/294 434/28/217 490/28/295
f 478/28/296 482/28/238 483/28/255
f 445/28/297 426/28/291 438/28/268
f 484/28/298 474/28/258 475/28/216
f 473/28/299 425/28/224 472/28/287
f 480/28/301 470/28/306 471/28/290
f 409/28/316 455/28/283 422/28/277
f 420/28/303 457/28/280 429/28/274
f 495/28/234 499/28/285 494/28/304
f 405/28/305 470/28/306 477/28/300
f 497/28/294 491/28/307 500/28/243
f 488/28/293 433/28/228 423/28/227
f 493/28/276 487/28/317 496/28/308
f 423/28/227 487/28/317 488/28/293
f 472/28/287 426/28/291 471/28/290
f 427/28/265 439/28/269 440/28/230
f 456/28/249 422/28/277 455/28/283
f 431/28/244 459/28/273 460/28/252
f 432/28/250 491/28/307 492/28/281
f 435/28/312 443/28/264 444/28/220
f 476/28/226 434/28/217 475/28/216
f 405/28/305 495/28/234 496/28/308
f 480/28/301 408/28/237 479/28/239
f 411/28/313 447/28/240 448/28/231
f 464/28/315 410/28/270 463/28/272
f 417/28/286 467/28/253 468/28/271
f 418/28/245 499/28/285 500/28/243
f 415/28/248 451/28/260 452/28/246
f 484/28/298 414/28/235 483/28/255
f 425/28/224 438/28/268 426/28/291
f 440/28/230 438/28/268 437/28/219
f 430/28/229 442/28/275 429/28/274
f 441/28/218 443/28/264 442/28/275
f 407/28/289 446/28/256 408/28/237
f 448/28/231 446/28/256 445/28/297
f 420/28/303 450/28/242 419/28/241
f 449/28/263 451/28/260 450/28/242
f 453/28/267 428/28/232 427/28/265
f 453/28/267 455/28/283 454/28/261
f 429/28/274 458/28/266 430/28/229
f 460/28/252 458/28/266 457/28/280
f 461/28/262 412/28/222 411/28/313
f 464/28/315 462/28/223 461/28/262
f 419/28/241 466/28/279 420/28/303
f 465/28/221 467/28/253 466/28/279
f 469/28/288 424/28/310 423/28/227
f 472/28/287 470/28/306 469/28/288
f 473/28/299 436/28/314 435/28/312
f 476/28/226 474/28/258 473/28/299
f 477/28/300 406/28/254 405/28/305
f 480/28/301 478/28/296 477/28/300
f 481/28/259 416/28/257 415/28/248
f 484/28/298 482/28/238 481/28/259
f 421/28/251 486/28/278 422/28/277
f 485/28/282 487/28/317 486/28/278
f 433/28/228 490/28/295 434/28/217
f 492/28/281 490/28/295 489/28/292
f 409/28/316 494/28/304 410/28/270
f 493/28/276 495/28/234 494/28/304
f 413/28/311 498/28/236 414/28/235
f 500/28/243 498/28/236 497/28/294
f 496/28/308 424/28/310 405/28/305
f 509/29/119 571/29/120 530/29/121
f 537/29/122 533/29/123 540/29/124
f 561/29/125 508/29/126 558/29/127
f 540/29/124 521/29/212 531/29/128
f 572/29/129 519/29/130 529/29/131
f 526/29/132 536/29/133 537/29/122
f 544/29/134 524/29/135 507/29/136
f 502/29/137 594/29/138 591/29/139
f 504/29/140 578/29/141 575/29/142
f 508/29/126 546/29/143 543/29/144
f 596/29/145 527/29/146 514/29/147
f 548/29/148 532/29/149 511/29/150
f 552/29/151 528/29/152 517/29/153
f 514/29/147 556/29/154 563/29/155
f 502/29/137 579/29/156 510/29/157
f 542/29/158 512/29/159 504/29/140
f 511/29/150 570/29/160 577/29/161
f 543/29/144 547/29/162 542/29/158
f 507/29/136 550/29/318 557/29/164
f 548/29/148 538/29/165 539/29/166
f 523/29/167 554/29/168 549/29/169
f 544/29/134 534/29/170 535/29/171
f 513/29/319 559/29/173 506/29/174
f 549/29/169 555/29/175 552/29/151
f 545/29/176 525/29/177 538/29/165
f 564/29/178 558/29/127 559/29/173
f 589/29/179 518/29/180 582/29/181
f 563/29/155 553/29/320 562/29/183
f 517/29/153 588/29/184 581/29/185
f 560/29/186 550/29/318 551/29/187
f 590/29/188 513/29/319 506/29/174
f 569/29/189 565/29/190 572/29/129
f 503/29/191 567/29/192 522/29/193
f 581/29/185 585/29/194 584/29/195
f 593/29/196 530/29/121 586/29/197
f 574/29/198 578/29/141 579/29/156
f 541/29/199 522/29/193 534/29/170
f 577/29/161 571/29/120 580/29/200
f 531/29/128 568/29/201 569/29/189
f 576/29/203 566/29/208 567/29/192
f 505/29/204 551/29/187 518/29/180
f 516/29/205 553/29/320 525/29/177
f 591/29/139 595/29/206 590/29/188
f 501/29/207 566/29/208 573/29/202
f 596/29/145 586/29/197 587/29/209
f 585/29/194 519/29/130 584/29/195
f 589/29/179 583/29/210 592/29/211
f 519/29/130 583/29/210 584/29/195
f 568/29/201 522/29/193 567/29/192
f 523/29/167 535/29/171 536/29/133
f 552/29/151 518/29/180 551/29/187
f 527/29/146 555/29/175 556/29/154
f 528/29/152 587/29/209 588/29/184
f 531/29/128 539/29/166 540/29/124
f 572/29/129 530/29/121 571/29/120
f 501/29/207 591/29/139 592/29/211
f 576/29/203 504/29/140 575/29/142
f 507/29/136 543/29/144 544/29/134
f 560/29/186 506/29/174 559/29/173
f 513/29/319 563/29/155 564/29/178
f 514/29/147 595/29/206 596/29/145
f 511/29/150 547/29/162 548/29/148
f 580/29/200 510/29/157 579/29/156
f 521/29/212 534/29/170 522/29/193
f 536/29/133 534/29/170 533/29/123
f 526/29/132 538/29/165 525/29/177
f 537/29/122 539/29/166 538/29/165
f 503/29/191 542/29/158 504/29/140
f 544/29/134 542/29/158 541/29/199
f 516/29/205 546/29/143 515/29/213
f 545/29/176 547/29/162 546/29/143
f 549/29/169 524/29/135 523/29/167
f 549/29/169 551/29/187 550/29/318
f 525/29/177 554/29/168 526/29/132
f 556/29/154 554/29/168 553/29/320
f 557/29/164 508/29/126 507/29/136
f 560/29/186 558/29/127 557/29/164
f 515/29/213 562/29/183 516/29/205
f 561/29/125 563/29/155 562/29/183
f 565/29/190 520/29/214 519/29/130
f 568/29/201 566/29/208 565/29/190
f 569/29/189 532/29/149 531/29/128
f 569/29/189 571/29/120 570/29/160
f 573/29/202 502/29/137 501/29/207
f 576/29/203 574/29/198 573/29/202
f 577/29/161 512/29/159 511/29/150
f 580/29/200 578/29/141 577/29/161
f 517/29/153 582/29/181 518/29/180
f 581/29/185 583/29/210 582/29/181
f 529/29/131 586/29/197 530/29/121
f 585/29/194 587/29/209 586/29/197
f 505/29/204 590/29/188 506/29/174
f 589/29/179 591/29/139 590/29/188
f 509/29/119 594/29/138 510/29/157
f 596/29/145 594/29/138 593/29/196
f 592/29/211 520/29/214 501/29/207
f 605/30/311 667/30/216 626/30/217
f 633/30/218 629/30/219 636/30/220
f 657/30/221 604/30/321 654/30/223
f 636/30/220 617/30/224 627/30/225
f 668/30/226 615/30/227 625/30/228
f 619/30/265 633/30/218 622/30/229
f 640/30/231 620/30/232 603/30/233
f 598/30/254 690/30/236 687/30/234
f 600/30/237 674/30/238 671/30/239
f 604/30/321 642/30/242 639/30/240
f 692/30/243 623/30/244 610/30/245
f 644/30/246 628/30/247 607/30/248
f 613/30/251 651/30/273 624/30/250
f 610/30/245 652/30/252 659/30/253
f 670/30/296 606/30/235 598/30/254
f 600/30/237 643/30/260 608/30/257
f 607/30/248 666/30/322 673/30/323
f 639/30/240 643/30/260 638/30/256
f 603/30/233 646/30/261 653/30/262
f 644/30/246 634/30/275 635/30/264
f 645/30/267 622/30/229 650/30/266
f 640/30/231 630/30/268 631/30/269
f 602/30/270 660/30/271 655/30/272
f 648/30/249 650/30/266 651/30/273
f 641/30/263 621/30/274 634/30/275
f 660/30/271 654/30/223 655/30/272
f 685/30/276 614/30/277 678/30/278
f 659/30/253 649/30/280 658/30/279
f 613/30/251 684/30/281 677/30/282
f 653/30/262 647/30/283 656/30/315
f 686/30/304 609/30/286 602/30/270
f 665/30/299 661/30/288 668/30/226
f 599/30/289 663/30/290 618/30/291
f 677/30/282 681/30/292 680/30/293
f 689/30/294 626/30/217 682/30/295
f 670/30/296 674/30/238 675/30/255
f 637/30/297 618/30/291 630/30/268
f 676/30/298 666/30/322 667/30/216
f 627/30/225 664/30/287 665/30/299
f 672/30/301 662/30/306 663/30/290
f 601/30/316 647/30/283 614/30/277
f 612/30/303 649/30/280 621/30/274
f 687/30/234 691/30/285 686/30/304
f 597/30/305 662/30/306 669/30/300
f 692/30/243 682/30/295 683/30/307
f 680/30/293 625/30/228 615/30/227
f 685/30/276 679/30/309 688/30/308
f 615/30/227 679/30/309 680/30/293
f 664/30/287 618/30/291 663/30/290
f 619/30/265 631/30/269 632/30/230
f 648/30/249 614/30/277 647/30/283
f 623/30/244 651/30/273 652/30/252
f 624/30/250 683/30/307 684/30/281
f 627/30/225 635/30/264 636/30/220
f 668/30/226 626/30/217 667/30/216
f 597/30/305 687/30/234 688/30/308
f 672/30/301 600/30/237 671/30/239
f 603/30/233 639/30/240 640/30/231
f 656/30/315 602/30/270 655/30/272
f 609/30/286 659/30/253 660/30/271
f 610/30/245 691/30/285 692/30/243
f 607/30/248 643/30/260 644/30/246
f 676/30/298 606/30/235 675/30/255
f 617/30/224 630/30/268 618/30/291
f 629/30/219 631/30/269 630/30/268
f 622/30/229 634/30/275 621/30/274
f 633/30/218 635/30/264 634/30/275
f 599/30/289 638/30/256 600/30/237
f 640/30/231 638/30/256 637/30/297
f 612/30/303 642/30/242 611/30/241
f 641/30/263 643/30/260 642/30/242
f 645/30/267 620/30/232 619/30/265
f 645/30/267 647/30/283 646/30/261
f 621/30/274 650/30/266 622/30/229
f 652/30/252 650/30/266 649/30/280
f 653/30/262 604/30/321 603/30/233
f 656/30/315 654/30/223 653/30/262
f 611/30/241 658/30/279 612/30/303
f 657/30/221 659/30/253 658/30/279
f 661/30/288 616/30/310 615/30/227
f 664/30/287 662/30/306 661/30/288
f 665/30/299 628/30/247 627/30/225
f 665/30/299 667/30/216 666/30/322
f 669/30/300 598/30/254 597/30/305
f 672/30/301 670/30/296 669/30/300
f 673/30/323 608/30/257 607/30/248
f 673/30/323 675/30/255 674/30/238
f 613/30/251 678/30/278 614/30/277
f 677/30/282 679/30/309 678/30/278
f 625/30/228 682/30/295 626/30/217
f 684/30/281 682/30/295 681/30/292
f 601/30/316 686/30/304 602/30/270
f 685/30/276 687/30/234 686/30/304
f 605/30/311 690/30/236 606/30/235
f 692/30/243 690/30/236 689/30/294
f 688/30/308 616/30/310 597/30/305
f 701/31/119 763/31/120 722/31/121
f 729/31/122 725/31/123 732/31/124
f 753/31/125 700/31/126 750/31/127
f 725/31/123 723/31/128 732/31/124
f 764/31/129 711/31/130 721/31/131
f 718/31/132 728/31/133 729/31/122
f 736/31/134 716/31/135 699/31/136
f 694/31/137 786/31/138 783/31/139
f 696/31/140 770/31/141 767/31/142
f 700/31/126 738/31/143 735/31/144
f 788/31/145 719/31/146 706/31/147
f 740/31/148 724/31/149 703/31/150
f 744/31/151 720/31/152 709/31/153
f 706/31/147 748/31/154 755/31/155
f 694/31/137 771/31/156 702/31/157
f 734/31/158 704/31/159 696/31/140
f 703/31/150 762/31/160 769/31/161
f 735/31/144 739/31/162 734/31/158
f 699/31/136 742/31/163 749/31/164
f 740/31/148 730/31/165 731/31/166
f 715/31/167 746/31/168 741/31/169
f 736/31/134 726/31/170 727/31/171
f 705/31/319 751/31/173 698/31/174
f 741/31/169 747/31/175 744/31/151
f 737/31/176 717/31/177 730/31/165
f 756/31/178 750/31/127 751/31/173
f 781/31/179 710/31/180 774/31/181
f 755/31/155 745/31/182 754/31/183
f 709/31/153 780/31/184 773/31/185
f 752/31/186 742/31/163 743/31/187
f 782/31/188 705/31/319 698/31/174
f 761/31/189 757/31/190 764/31/129
f 695/31/191 759/31/192 714/31/193
f 773/31/185 777/31/194 776/31/195
f 785/31/196 722/31/121 778/31/197
f 766/31/198 770/31/141 771/31/156
f 733/31/199 714/31/193 726/31/170
f 769/31/161 763/31/120 772/31/200
f 723/31/128 760/31/201 761/31/189
f 768/31/203 758/31/208 759/31/192
f 697/31/204 743/31/187 710/31/180
f 708/31/205 745/31/182 717/31/177
f 783/31/139 787/31/206 782/31/188
f 693/31/207 758/31/208 765/31/202
f 785/31/196 779/31/209 788/31/145
f 777/31/194 711/31/130 776/31/195
f 784/31/211 774/31/181 775/31/210
f 711/31/130 775/31/210 776/31/195
f 760/31/201 714/31/193 759/31/192
f 715/31/167 727/31/171 728/31/133
f 744/31/151 710/31/180 743/31/187
f 719/31/146 747/31/175 748/31/154
f 720/31/152 779/31/209 780/31/184
f 723/31/128 731/31/166 732/31/124
f 764/31/129 722/31/121 763/31/120
f 693/31/207 783/31/139 784/31/211
f 768/31/203 696/31/140 767/31/142
f 699/31/136 735/31/144 736/31/134
f 752/31/186 698/31/174 751/31/173
f 705/31/319 755/31/155 756/31/178
f 706/31/147 787/31/206 788/31/145
f 703/31/150 739/31/162 740/31/148
f 772/31/200 702/31/157 771/31/156
f 713/31/212 726/31/170 714/31/193
f 728/31/133 726/31/170 725/31/123
f 718/31/132 730/31/165 717/31/177
f 732/31/124 730/31/165 729/31/122
f 695/31/191 734/31/158 696/31/140
f 733/31/199 735/31/144 734/31/158
f 708/31/205 738/31/143 707/31/213
f 740/31/148 738/31/143 737/31/176
f 741/31/169 716/31/135 715/31/167
f 744/31/151 742/31/163 741/31/169
f 717/31/177 746/31/168 718/31/132
f 745/31/182 747/31/175 746/31/168
f 749/31/164 700/31/126 699/31/136
f 752/31/186 750/31/127 749/31/164
f 707/31/213 754/31/183 708/31/205
f 753/31/125 755/31/155 754/31/183
f 757/31/190 712/31/214 711/31/130
f 760/31/201 758/31/208 757/31/190
f 761/31/189 724/31/149 723/31/128
f 761/31/189 763/31/120 762/31/160
f 765/31/202 694/31/137 693/31/207
f 768/31/203 766/31/198 765/31/202
f 769/31/161 704/31/159 703/31/150
f 769/31/161 771/31/156 770/31/141
f 709/31/153 774/31/181 710/31/180
f 773/31/185 775/31/210 774/31/181
f 721/31/131 778/31/197 722/31/121
f 780/31/184 778/31/197 777/31/194
f 697/31/204 782/31/188 698/31/174
f 781/31/179 783/31/139 782/31/188
f 701/31/119 786/31/138 702/31/157
f 788/31/145 786/31/138 785/31/196
f 784/31/211 712/31/214 693/31/207
f 797/32/311 859/32/216 818/32/217
f 825/32/218 821/32/219 828/32/220
f 849/32/221 796/32/321 846/32/223
f 821/32/219 819/32/225 828/32/220
f 860/32/226 807/32/227 817/32/228
f 811/32/265 825/32/218 814/32/229
f 832/32/231 812/32/232 795/32/233
f 879/32/234 798/32/324 882/32/236
f 792/32/237 866/32/238 863/32/239
f 831/32/240 803/32/241 834/32/242
f 884/32/243 815/32/244 802/32/245
f 836/32/246 820/32/247 799/32/248
f 840/32/249 816/32/250 805/32/251
f 802/32/245 844/32/252 851/32/253
f 790/32/254 867/32/255 798/32/324
f 830/32/256 800/32/257 792/32/237
f 799/32/248 858/32/258 865/32/259
f 831/32/240 835/32/260 830/32/256
f 795/32/233 838/32/261 845/32/262
f 833/32/263 827/32/264 836/32/246
f 837/32/267 814/32/229 842/32/266
f 832/32/231 822/32/268 823/32/269
f 801/32/286 847/32/272 794/32/270
f 840/32/249 842/32/266 843/32/273
f 833/32/263 813/32/274 826/32/275
f 852/32/271 846/32/223 847/32/272
f 877/32/276 806/32/277 870/32/278
f 850/32/279 844/32/252 841/32/280
f 816/32/250 869/32/282 805/32/251
f 845/32/262 839/32/283 848/32/284
f 794/32/270 883/32/285 801/32/286
f 857/32/299 853/32/288 860/32/226
f 791/32/289 855/32/290 810/32/291
f 869/32/282 873/32/292 872/32/293
f 881/32/294 818/32/217 874/32/295
f 862/32/296 866/32/238 867/32/255
f 829/32/297 810/32/291 822/32/268
f 865/32/259 859/32/216 868/32/298
f 857/32/299 809/32/224 856/32/287
f 864/32/301 854/32/306 855/32/290
f 793/32/316 839/32/283 806/32/277
f 804/32/303 841/32/280 813/32/274
f 879/32/234 883/32/285 878/32/304
f 789/32/305 854/32/306 861/32/300
f 884/32/243 874/32/295 875/32/307
f 872/32/293 817/32/228 807/32/227
f 877/32/276 871/32/309 880/32/308
f 807/32/227 871/32/309 872/32/293
f 856/32/287 810/32/291 855/32/290
f 811/32/265 823/32/269 824/32/230
f 840/32/249 806/32/277 839/32/283
f 815/32/244 843/32/273 844/32/252
f 816/32/250 875/32/307 876/32/281
f 819/32/225 827/32/264 828/32/220
f 860/32/226 818/32/217 859/32/216
f 789/32/305 879/32/234 880/32/308
f 864/32/301 792/32/237 863/32/239
f 795/32/233 831/32/240 832/32/231
f 848/32/284 794/32/270 847/32/272
f 801/32/286 851/32/253 852/32/271
f 802/32/245 883/32/285 884/32/243
f 799/32/248 835/32/260 836/32/246
f 868/32/298 798/32/324 867/32/255
f 809/32/224 822/32/268 810/32/291
f 824/32/230 822/32/268 821/32/219
f 814/32/229 826/32/275 813/32/274
f 825/32/218 827/32/264 826/32/275
f 791/32/289 830/32/256 792/32/237
f 832/32/231 830/32/256 829/32/297
f 804/32/303 834/32/242 803/32/241
f 833/32/263 835/32/260 834/32/242
f 837/32/267 812/32/232 811/32/265
f 840/32/249 838/32/261 837/32/267
f 813/32/274 842/32/266 814/32/229
f 844/32/252 842/32/266 841/32/280
f 845/32/262 796/32/321 795/32/233
f 845/32/262 847/32/272 846/32/223
f 803/32/241 850/32/279 804/32/303
f 852/32/271 850/32/279 849/32/221
f 853/32/288 808/32/310 807/32/227
f 856/32/287 854/32/306 853/32/288
f 857/32/299 820/32/247 819/32/225
f 857/32/299 859/32/216 858/32/258
f 861/32/300 790/32/254 789/32/305
f 864/32/301 862/32/296 861/32/300
f 865/32/259 800/32/257 799/32/248
f 865/32/259 867/32/255 866/32/238
f 805/32/251 870/32/278 806/32/277
f 869/32/282 871/32/309 870/32/278
f 817/32/228 874/32/295 818/32/217
f 876/32/281 874/32/295 873/32/292
f 793/32/316 878/32/304 794/32/270
f 880/32/308 878/32/304 877/32/276
f 797/32/311 882/32/236 798/32/324
f 884/32/243 882/32/236 881/32/294
f 880/32/308 808/32/310 789/32/305
f 893/33/119 955/33/120 914/33/121
f 921/33/122 917/33/123 924/33/124
f 945/33/125 892/33/126 942/33/127
f 924/33/124 905/33/212 915/33/128
f 956/33/129 903/33/130 913/33/131
f 910/33/132 920/33/133 921/33/122
f 928/33/134 908/33/135 891/33/136
f 886/33/137 978/33/138 975/33/139
f 888/33/325 962/33/141 959/33/142
f 892/33/126 930/33/143 927/33/326
f 980/33/145 911/33/146 898/33/147
f 932/33/148 916/33/149 895/33/150
f 936/33/151 912/33/152 901/33/153
f 898/33/147 940/33/154 947/33/155
f 886/33/137 963/33/156 894/33/157
f 926/33/158 896/33/327 888/33/325
f 895/33/150 954/33/160 961/33/161
f 927/33/326 931/33/162 926/33/158
f 891/33/136 934/33/318 941/33/164
f 929/33/176 923/33/166 932/33/148
f 907/33/167 938/33/168 933/33/169
f 928/33/134 918/33/170 919/33/171
f 897/33/172 943/33/173 890/33/174
f 933/33/169 939/33/175 936/33/151
f 929/33/176 909/33/177 922/33/165
f 948/33/178 942/33/127 943/33/173
f 973/33/179 902/33/180 966/33/181
f 947/33/155 937/33/320 946/33/183
f 901/33/153 972/33/184 965/33/185
f 944/33/186 934/33/318 935/33/187
f 974/33/188 897/33/172 890/33/174
f 953/33/189 949/33/190 956/33/129
f 887/33/191 951/33/192 906/33/193
f 965/33/185 969/33/194 968/33/195
f 977/33/196 914/33/121 970/33/197
f 958/33/198 962/33/141 963/33/156
f 925/33/199 906/33/193 918/33/170
f 961/33/161 955/33/120 964/33/200
f 915/33/128 952/33/201 953/33/189
f 960/33/203 950/33/208 951/33/192
f 889/33/204 935/33/187 902/33/180
f 900/33/205 937/33/320 909/33/177
f 975/33/139 979/33/206 974/33/188
f 885/33/207 950/33/208 957/33/202
f 977/33/196 971/33/209 980/33/145
f 969/33/194 903/33/130 968/33/195
f 976/33/211 966/33/181 967/33/210
f 903/33/130 967/33/210 968/33/195
f 952/33/201 906/33/193 951/33/192
f 907/33/167 919/33/171 920/33/133
f 936/33/151 902/33/180 935/33/187
f 911/33/146 939/33/175 940/33/154
f 912/33/152 971/33/209 972/33/184
f 915/33/128 923/33/166 924/33/124
f 956/33/129 914/33/121 955/33/120
f 885/33/207 975/33/139 976/33/211
f 960/33/203 888/33/325 959/33/142
f 891/33/136 927/33/326 928/33/134
f 944/33/186 890/33/174 943/33/173
f 897/33/172 947/33/155 948/33/178
f 898/33/147 979/33/206 980/33/145
f 895/33/150 931/33/162 932/33/148
f 964/33/200 894/33/157 963/33/156
f 905/33/212 918/33/170 906/33/193
f 920/33/133 918/33/170 917/33/123
f 910/33/132 922/33/165 909/33/177
f 921/33/122 923/33/166 922/33/165
f 887/33/191 926/33/158 888/33/325
f 928/33/134 926/33/158 925/33/199
f 900/33/205 930/33/143 899/33/213
f 929/33/176 931/33/162 930/33/143
f 933/33/169 908/33/135 907/33/167
f 933/33/169 935/33/187 934/33/318
f 909/33/177 938/33/168 910/33/132
f 940/33/154 938/33/168 937/33/320
f 941/33/164 892/33/126 891/33/136
f 944/33/186 942/33/127 941/33/164
f 899/33/213 946/33/183 900/33/205
f 945/33/125 947/33/155 946/33/183
f 949/33/190 904/33/214 903/33/130
f 952/33/201 950/33/208 949/33/190
f 953/33/189 916/33/149 915/33/128
f 953/33/189 955/33/120 954/33/160
f 957/33/202 886/33/137 885/33/207
f 960/33/203 958/33/198 957/33/202
f 961/33/161 896/33/327 895/33/150
f 961/33/161 963/33/156 962/33/141
f 901/33/153 966/33/181 902/33/180
f 965/33/185 967/33/210 966/33/181
f 913/33/131 970/33/197 914/33/121
f 969/33/194 971/33/209 970/33/197
f 889/33/204 974/33/188 890/33/174
f 973/33/179 975/33/139 974/33/188
f 893/33/119 978/33/138 894/33/157
f 980/33/145 978/33/138 977/33/196
f 976/33/211 904/33/214 885/33/207
f 989/34/215 1051/34/216 1010/34/217
f 1017/34/218 1013/34/219 1020/34/220
f 1038/34/223 995/34/241 988/34/321
f 1020/34/220 1001/34/224 1011/34/225
f 1009/34/228 1045/34/288 999/34/227
f 1006/34/229 1016/34/230 1017/34/218
f 1024/34/231 1004/34/232 987/34/233
f 982/34/254 1074/34/236 1071/34/234
f 1055/34/239 992/34/257 1058/34/238
f 988/34/321 1026/34/242 1023/34/240
f 1076/34/243 1007/34/244 994/34/245
f 1028/34/246 1012/34/247 991/34/248
f 997/34/251 1035/34/273 1008/34/250
f 994/34/245 1036/34/252 1043/34/253
f 1054/34/296 990/34/235 982/34/254
f 984/34/237 1027/34/260 992/34/257
f 991/34/248 1050/34/258 1057/34/259
f 1022/34/256 1026/34/242 1027/34/260
f 987/34/233 1030/34/261 1037/34/262
f 1025/34/263 1019/34/264 1028/34/246
f 1003/34/265 1034/34/266 1029/34/267
f 1024/34/231 1014/34/268 1015/34/269
f 993/34/286 1039/34/272 986/34/270
f 1029/34/267 1035/34/273 1032/34/249
f 1025/34/263 1005/34/274 1018/34/275
f 1039/34/272 1041/34/221 1038/34/223
f 1069/34/276 998/34/328 1062/34/278
f 1042/34/279 1036/34/252 1033/34/280
f 997/34/251 1068/34/281 1061/34/282
f 1040/34/284 1030/34/261 1031/34/283
f 986/34/270 1075/34/285 993/34/286
f 1052/34/226 1048/34/287 1045/34/288
f 983/34/289 1047/34/290 1002/34/291
f 1061/34/282 1065/34/292 1064/34/293
f 1073/34/294 1010/34/217 1066/34/295
f 1054/34/296 1058/34/238 1059/34/255
f 1021/34/297 1002/34/291 1014/34/268
f 1060/34/298 1050/34/258 1051/34/216
f 1049/34/299 1001/34/224 1048/34/287
f 1053/34/300 1047/34/290 1056/34/301
f 985/34/316 1031/34/283 998/34/328
f 996/34/303 1033/34/280 1005/34/274
f 1070/34/304 1074/34/236 1075/34/285
f 981/34/305 1046/34/306 1053/34/300
f 1076/34/243 1066/34/295 1067/34/307
f 1064/34/293 1009/34/228 999/34/227
f 1072/34/308 1062/34/278 1063/34/309
f 999/34/227 1063/34/309 1064/34/293
f 1048/34/287 1002/34/291 1047/34/290
f 1003/34/265 1015/34/269 1016/34/230
f 1032/34/249 998/34/328 1031/34/283
f 1007/34/244 1035/34/273 1036/34/252
f 1008/34/250 1067/34/307 1068/34/281
f 1011/34/225 1019/34/264 1020/34/220
f 1052/34/226 1010/34/217 1051/34/216
f 981/34/305 1071/34/234 1072/34/308
f 1056/34/301 984/34/237 1055/34/239
f 987/34/233 1023/34/240 1024/34/231
f 1040/34/284 986/34/270 1039/34/272
f 993/34/286 1043/34/253 1044/34/271
f 994/34/245 1075/34/285 1076/34/243
f 991/34/248 1027/34/260 1028/34/246
f 1060/34/298 990/34/235 1059/34/255
f 1001/34/224 1014/34/268 1002/34/291
f 1013/34/219 1015/34/269 1014/34/268
f 1006/34/229 1018/34/275 1005/34/274
f 1017/34/218 1019/34/264 1018/34/275
f 983/34/289 1022/34/256 984/34/237
f 1024/34/231 1022/34/256 1021/34/297
f 996/34/303 1026/34/242 995/34/241
f 1025/34/263 1027/34/260 1026/34/242
f 1029/34/267 1004/34/232 1003/34/265
f 1032/34/249 1030/34/261 1029/34/267
f 1005/34/274 1034/34/266 1006/34/229
f 1033/34/280 1035/34/273 1034/34/266
f 1037/34/262 988/34/321 987/34/233
f 1040/34/284 1038/34/223 1037/34/262
f 995/34/241 1042/34/279 996/34/303
f 1041/34/221 1043/34/253 1042/34/279
f 1045/34/288 1000/34/310 999/34/227
f 1048/34/287 1046/34/306 1045/34/288
f 1049/34/299 1012/34/247 1011/34/225
f 1052/34/226 1050/34/258 1049/34/299
f 1053/34/300 982/34/254 981/34/305
f 1056/34/301 1054/34/296 1053/34/300
f 1057/34/259 992/34/257 991/34/248
f 1060/34/298 1058/34/238 1057/34/259
f 997/34/251 1062/34/278 998/34/328
f 1061/34/282 1063/34/309 1062/34/278
f 1009/34/228 1066/34/295 1010/34/217
f 1065/34/292 1067/34/307 1066/34/295
f 985/34/316 1070/34/304 986/34/270
f 1069/34/276 1071/34/234 1070/34/304
f 989/34/215 1074/34/236 990/34/235
f 1076/34/243 1074/34/236 1073/34/294
f 1072/34/308 1000/34/310 981/34/305
f 1085/35/119 1147/35/120 1106/35/121
f 1113/35/122 1109/35/123 1116/35/124
f 1137/35/125 1084/35/126 1134/35/127
f 1116/35/124 1097/35/212 1107/35/128
f 1148/35/129 1095/35/130 1105/35/131
f 1099/35/167 1113/35/122 1102/35/132
f 1120/35/134 1100/35/135 1083/35/136
f 1078/35/137 1170/35/138 1167/35/139
f 1080/35/140 1154/35/141 1151/35/142
f 1084/35/126 1122/35/143 1119/35/144
f 1172/35/145 1103/35/146 1090/35/147
f 1124/35/148 1108/35/149 1087/35/150
f 1128/35/151 1104/35/152 1093/35/153
f 1090/35/147 1132/35/154 1139/35/155
f 1078/35/137 1155/35/156 1086/35/157
f 1118/35/158 1088/35/159 1080/35/140
f 1087/35/150 1146/35/160 1153/35/161
f 1119/35/144 1123/35/162 1118/35/158
f 1083/35/136 1126/35/163 1133/35/329
f 1121/35/176 1115/35/166 1124/35/148
f 1099/35/167 1130/35/168 1125/35/169
f 1120/35/134 1110/35/170 1111/35/171
f 1089/35/319 1135/35/173 1082/35/174
f 1125/35/169 1131/35/175 1128/35/151
f 1121/35/176 1101/35/177 1114/35/165
f 1140/35/178 1134/35/127 1135/35/173
f 1165/35/179 1094/35/180 1158/35/181
f 1139/35/155 1129/35/182 1138/35/183
f 1093/35/153 1164/35/184 1157/35/185
f 1136/35/186 1126/35/163 1127/35/187
f 1166/35/188 1089/35/319 1082/35/174
f 1145/35/189 1141/35/190 1148/35/129
f 1079/35/191 1143/35/192 1098/35/193
f 1157/35/185 1161/35/194 1160/35/195
f 1169/35/196 1106/35/121 1162/35/197
f 1150/35/198 1154/35/141 1155/35/156
f 1117/35/199 1098/35/193 1110/35/170
f 1153/35/161 1147/35/120 1156/35/200
f 1107/35/128 1144/35/201 1145/35/189
f 1149/35/202 1143/35/192 1152/35/330
f 1081/35/204 1127/35/187 1094/35/180
f 1092/35/205 1129/35/182 1101/35/177
f 1167/35/139 1171/35/206 1166/35/188
f 1077/35/207 1142/35/208 1149/35/202
f 1172/35/145 1162/35/197 1163/35/209
f 1160/35/195 1105/35/131 1095/35/130
f 1168/35/211 1158/35/181 1159/35/210
f 1095/35/130 1159/35/210 1160/35/195
f 1144/35/201 1098/35/193 1143/35/192
f 1099/35/167 1111/35/171 1112/35/133
f 1128/35/151 1094/35/180 1127/35/187
f 1103/35/146 1131/35/175 1132/35/154
f 1104/35/152 1163/35/209 1164/35/184
f 1107/35/128 1115/35/166 1116/35/124
f 1148/35/129 1106/35/121 1147/35/120
f 1077/35/207 1167/35/139 1168/35/211
f 1152/35/330 1080/35/140 1151/35/142
f 1083/35/136 1119/35/144 1120/35/134
f 1136/35/186 1082/35/174 1135/35/173
f 1089/35/319 1139/35/155 1140/35/178
f 1090/35/147 1171/35/206 1172/35/145
f 1087/35/150 1123/35/162 1124/35/148
f 1156/35/200 1086/35/157 1155/35/156
f 1097/35/212 1110/35/170 1098/35/193
f 1109/35/123 1111/35/171 1110/35/170
f 1102/35/132 1114/35/165 1101/35/177
f 1113/35/122 1115/35/166 1114/35/165
f 1079/35/191 1118/35/158 1080/35/140
f 1117/35/199 1119/35/144 1118/35/158
f 1092/35/205 1122/35/143 1091/35/213
f 1124/35/148 1122/35/143 1121/35/176
f 1125/35/169 1100/35/135 1099/35/167
f 1125/35/169 1127/35/187 1126/35/163
f 1101/35/177 1130/35/168 1102/35/132
f 1132/35/154 1130/35/168 1129/35/182
f 1133/35/329 1084/35/126 1083/35/136
f 1133/35/329 1135/35/173 1134/35/127
f 1091/35/213 1138/35/183 1092/35/205
f 1140/35/178 1138/35/183 1137/35/125
f 1141/35/190 1096/35/214 1095/35/130
f 1144/35/201 1142/35/208 1141/35/190
f 1145/35/189 1108/35/149 1107/35/128
f 1145/35/189 1147/35/120 1146/35/160
f 1149/35/202 1078/35/137 1077/35/207
f 1152/35/330 1150/35/198 1149/35/202
f 1153/35/161 1088/35/159 1087/35/150
f 1153/35/161 1155/35/156 1154/35/141
f 1093/35/153 1158/35/181 1094/35/180
f 1157/35/185 1159/35/210 1158/35/181
f 1105/35/131 1162/35/197 1106/35/121
f 1161/35/194 1163/35/209 1162/35/197
f 1081/35/204 1166/35/188 1082/35/174
f 1168/35/211 1166/35/188 1165/35/179
f 1085/35/119 1170/35/138 1086/35/157
f 1169/35/196 1171/35/206 1170/35/138
f 1168/35/211 1096/35/214 1077/35/207
f 1181/36/311 1243/36/216 1202/36/217
f 1209/36/218 1205/36/219 1212/36/220
f 1233/36/221 1180/36/321 1230/36/223
f 1205/36/219 1203/36/225 1212/36/220
f 1201/36/228 1237/36/288 1191/36/227
f 1198/36/229 1208/36/230 1209/36/218
f 1216/36/231 1196/36/232 1179/36/233
f 1263/36/234 1182/36/235 1266/36/236
f 1176/36/237 1250/36/238 1247/36/239
f 1180/36/321 1218/36/242 1215/36/240
f 1268/36/243 1199/36/244 1186/36/245
f 1220/36/246 1204/36/247 1183/36/248
f 1224/36/249 1200/36/250 1189/36/251
f 1186/36/245 1228/36/252 1235/36/253
f 1174/36/254 1251/36/255 1182/36/235
f 1214/36/256 1184/36/257 1176/36/237
f 1183/36/248 1242/36/258 1249/36/259
f 1215/36/240 1219/36/260 1214/36/256
f 1179/36/233 1222/36/261 1229/36/262
f 1217/36/263 1211/36/264 1220/36/246
f 1221/36/267 1198/36/229 1226/36/266
f 1216/36/231 1206/36/268 1207/36/269
f 1178/36/270 1236/36/271 1231/36/272
f 1224/36/249 1226/36/266 1227/36/273
f 1217/36/263 1197/36/274 1210/36/331
f 1236/36/271 1230/36/223 1231/36/272
f 1261/36/276 1190/36/277 1254/36/278
f 1235/36/253 1225/36/280 1234/36/279
f 1189/36/251 1260/36/281 1253/36/282
f 1232/36/284 1222/36/261 1223/36/283
f 1178/36/270 1267/36/285 1185/36/286
f 1244/36/226 1240/36/287 1237/36/288
f 1175/36/289 1239/36/290 1194/36/291
f 1253/36/282 1257/36/292 1256/36/293
f 1265/36/294 1202/36/217 1258/36/295
f 1246/36/296 1250/36/238 1251/36/255
f 1213/36/297 1194/36/291 1206/36/268
f 1249/36/259 1243/36/216 1252/36/298
f 1203/36/225 1240/36/287 1241/36/299
f 1245/36/300 1239/36/290 1248/36/301
f 1177/36/316 1223/36/283 1190/36/277
f 1188/36/303 1225/36/280 1197/36/274
f 1263/36/234 1267/36/285 1262/36/304
f 1173/36/305 1238/36/306 1245/36/300
f 1265/36/294 1259/36/307 1268/36/243
f 1257/36/292 1191/36/227 1256/36/293
f 1261/36/276 1255/36/309 1264/36/308
f 1191/36/227 1255/36/309 1256/36/293
f 1240/36/287 1194/36/291 1239/36/290
f 1195/36/265 1207/36/269 1208/36/230
f 1224/36/249 1190/36/277 1223/36/283
f 1199/36/244 1227/36/273 1228/36/252
f 1200/36/250 1259/36/307 1260/36/281
f 1203/36/225 1211/36/264 1212/36/220
f 1244/36/226 1202/36/217 1243/36/216
f 1173/36/305 1263/36/234 1264/36/308
f 1248/36/301 1176/36/237 1247/36/239
f 1179/36/233 1215/36/240 1216/36/231
f 1232/36/284 1178/36/270 1231/36/272
f 1185/36/286 1235/36/253 1236/36/271
f 1186/36/245 1267/36/285 1268/36/243
f 1183/36/248 1219/36/260 1220/36/246
f 1252/36/298 1182/36/235 1251/36/255
f 1193/36/224 1206/36/268 1194/36/291
f 1208/36/230 1206/36/268 1205/36/219
f 1198/36/229 1210/36/331 1197/36/274
f 1209/36/218 1211/36/264 1210/36/331
f 1175/36/289 1214/36/256 1176/36/237
f 1216/36/231 1214/36/256 1213/36/297
f 1188/36/303 1218/36/242 1187/36/241
f 1217/36/263 1219/36/260 1218/36/242
f 1221/36/267 1196/36/232 1195/36/265
f 1224/36/249 1222/36/261 1221/36/267
f 1197/36/274 1226/36/266 1198/36/229
f 1225/36/280 1227/36/273 1226/36/266
f 1229/36/262 1180/36/321 1179/36/233
f 1232/36/284 1230/36/223 1229/36/262
f 1187/36/241 1234/36/279 1188/36/303
f 1233/36/221 1235/36/253 1234/36/279
f 1237/36/288 1192/36/310 1191/36/227
f 1240/36/287 1238/36/306 1237/36/288
f 1241/36/299 1204/36/247 1203/36/225
f 1241/36/299 1243/36/216 1242/36/258
f 1245/36/300 1174/36/254 1173/36/305
f 1248/36/301 1246/36/296 1245/36/300
f 1249/36/259 1184/36/257 1183/36/248
f 1252/36/298 1250/36/238 1249/36/259
f 1189/36/251 1254/36/278 1190/36/277
f 1253/36/282 1255/36/309 1254/36/278
f 1201/36/228 1258/36/295 1202/36/217
f 1260/36/281 1258/36/295 1257/36/292
f 1177/36/316 1262/36/304 1178/36/270
f 1264/36/308 1262/36/304 1261/36/276
f 1181/36/311 1266/36/236 1182/36/235
f 1268/36/243 1266/36/236 1265/36/294
f 1264/36/308 1192/36/310 1173/36/305
f 1277/37/119 1339/37/120 1298/37/332
f 1305/37/122 1301/37/123 1308/37/124
f 1329/37/125 1276/37/126 1326/37/127
f 1308/37/124 1289/37/212 1299/37/128
f 1340/37/129 1287/37/130 1297/37/131
f 1294/37/132 1304/37/133 1305/37/122
f 1312/37/134 1292/37/135 1275/37/136
f 1270/37/137 1362/37/138 1359/37/139
f 1272/37/140 1346/37/141 1343/37/142
f 1276/37/126 1314/37/143 1311/37/144
f 1364/37/145 1295/37/146 1282/37/147
f 1316/37/148 1300/37/149 1279/37/150
f 1320/37/151 1296/37/152 1285/37/153
f 1282/37/147 1324/37/154 1331/37/155
f 1270/37/137 1347/37/156 1278/37/157
f 1310/37/158 1280/37/159 1272/37/140
f 1279/37/150 1338/37/160 1345/37/161
f 1311/37/144 1315/37/162 1310/37/158
f 1275/37/136 1318/37/163 1325/37/164
f 1313/37/176 1307/37/166 1316/37/148
f 1291/37/167 1322/37/168 1317/37/169
f 1312/37/134 1302/37/170 1303/37/171
f 1281/37/172 1327/37/173 1274/37/174
f 1317/37/169 1323/37/175 1320/37/151
f 1313/37/176 1293/37/177 1306/37/165
f 1332/37/178 1326/37/127 1327/37/173
f 1357/37/179 1286/37/180 1350/37/181
f 1331/37/155 1321/37/182 1330/37/183
f 1285/37/153 1356/37/184 1349/37/185
f 1328/37/186 1318/37/163 1319/37/187
f 1358/37/188 1281/37/172 1274/37/174
f 1337/37/189 1333/37/190 1340/37/129
f 1271/37/191 1335/37/192 1290/37/193
f 1349/37/185 1353/37/194 1352/37/195
f 1361/37/196 1298/37/332 1354/37/197
f 1342/37/198 1346/37/141 1347/37/156
f 1309/37/199 1290/37/193 1302/37/170
f 1345/37/161 1339/37/120 1348/37/200
f 1299/37/128 1336/37/201 1337/37/189
f 1344/37/203 1334/37/208 1335/37/192
f 1273/37/204 1319/37/187 1286/37/180
f 1284/37/205 1321/37/182 1293/37/177
f 1359/37/139 1363/37/333 1358/37/188
f 1269/37/207 1334/37/208 1341/37/202
f 1364/37/145 1354/37/197 1355/37/209
f 1352/37/195 1297/37/131 1287/37/130
f 1357/37/179 1351/37/210 1360/37/211
f 1287/37/130 1351/37/210 1352/37/195
f 1336/37/201 1290/37/193 1335/37/192
f 1291/37/167 1303/37/171 1304/37/133
f 1320/37/151 1286/37/180 1319/37/187
f 1295/37/146 1323/37/175 1324/37/154
f 1296/37/152 1355/37/209 1356/37/184
f 1299/37/128 1307/37/166 1308/37/124
f 1340/37/129 1298/37/332 1339/37/120
f 1269/37/207 1359/37/139 1360/37/211
f 1344/37/203 1272/37/140 1343/37/142
f 1275/37/136 1311/37/144 1312/37/134
f 1328/37/186 1274/37/174 1327/37/173
f 1281/37/172 1331/37/155 1332/37/178
f 1282/37/147 1363/37/333 1364/37/145
f 1279/37/150 1315/37/162 1316/37/148
f 1348/37/200 1278/37/157 1347/37/156
f 1289/37/212 1302/37/170 1290/37/193
f 1301/37/123 1303/37/171 1302/37/170
f 1294/37/132 1306/37/165 1293/37/177
f 1305/37/122 1307/37/166 1306/37/165
f 1271/37/191 1310/37/158 1272/37/140
f 1312/37/134 1310/37/158 1309/37/199
f 1284/37/205 1314/37/143 1283/37/213
f 1313/37/176 1315/37/162 1314/37/143
f 1317/37/169 1292/37/135 1291/37/167
f 1317/37/169 1319/37/187 1318/37/163
f 1293/37/177 1322/37/168 1294/37/132
f 1324/37/154 1322/37/168 1321/37/182
f 1325/37/164 1276/37/126 1275/37/136
f 1328/37/186 1326/37/127 1325/37/164
f 1283/37/213 1330/37/183 1284/37/205
f 1329/37/125 1331/37/155 1330/37/183
f 1333/37/190 1288/37/334 1287/37/130
f 1336/37/201 1334/37/208 1333/37/190
f 1337/37/189 1300/37/149 1299/37/128
f 1340/37/129 1338/37/160 1337/37/189
f 1341/37/202 1270/37/137 1269/37/207
f 1344/37/203 1342/37/198 1341/37/202
f 1345/37/161 1280/37/159 1279/37/150
f 1345/37/161 1347/37/156 1346/37/141
f 1285/37/153 1350/37/181 1286/37/180
f 1349/37/185 1351/37/210 1350/37/181
f 1297/37/131 1354/37/197 1298/37/332
f 1353/37/194 1355/37/209 1354/37/197
f 1273/37/204 1358/37/188 1274/37/174
f 1360/37/211 1358/37/188 1357/37/179
f 1277/37/119 1362/37/138 1278/37/157
f 1361/37/196 1363/37/333 1362/37/138
f 1360/37/211 1288/37/334 1269/37/207
f 1373/38/311 1435/38/216 1394/38/217
f 1401/38/218 1397/38/219 1404/38/220
f 1422/38/223 1379/38/241 1372/38/321
f 1404/38/220 1385/38/224 1395/38/225
f 1436/38/226 1383/38/227 1393/38/228
f 1390/38/229 1400/38/230 1401/38/218
f 1408/38/231 1388/38/232 1371/38/233
f 1366/38/254 1458/38/236 1455/38/234
f 1368/38/237 1442/38/238 1439/38/239
f 1372/38/321 1410/38/242 1407/38/240
f 1460/38/243 1391/38/244 1378/38/245
f 1412/38/246 1396/38/247 1375/38/248
f 1381/38/251 1419/38/273 1392/38/250
f 1378/38/245 1420/38/252 1427/38/253
f 1366/38/254 1443/38/255 1374/38/235
f 1406/38/256 1376/38/257 1368/38/237
f 1375/38/248 1434/38/258 1441/38/259
f 1407/38/240 1411/38/260 1406/38/256
f 1371/38/233 1414/38/261 1421/38/262
f 1412/38/246 1402/38/275 1403/38/264
f 1387/38/265 1418/38/266 1413/38/267
f 1408/38/231 1398/38/268 1399/38/269
f 1370/38/270 1428/38/271 1423/38/272
f 1416/38/249 1418/38/266 1419/38/273
f 1409/38/263 1389/38/274 1402/38/275
f 1428/38/271 1422/38/223 1423/38/272
f 1453/38/276 1382/38/277 1446/38/278
f 1426/38/279 1420/38/252 1417/38/280
f 1381/38/251 1452/38/281 1445/38/282
f 1421/38/262 1415/38/283 1424/38/315
f 1370/38/270 1459/38/285 1377/38/286
f 1433/38/299 1429/38/288 1436/38/226
f 1367/38/289 1431/38/290 1386/38/291
f 1445/38/282 1449/38/292 1448/38/293
f 1457/38/294 1394/38/217 1450/38/295
f 1438/38/296 1442/38/238 1443/38/255
f 1405/38/297 1386/38/291 1398/38/268
f 1444/38/298 1434/38/258 1435/38/216
f 1433/38/299 1385/38/224 1432/38/287
f 1440/38/301 1430/38/306 1431/38/290
f 1369/38/302 1415/38/283 1382/38/277
f 1380/38/303 1417/38/280 1389/38/274
f 1455/38/234 1459/38/285 1454/38/304
f 1365/38/305 1430/38/306 1437/38/300
f 1460/38/243 1450/38/295 1451/38/307
f 1448/38/293 1393/38/228 1383/38/227
f 1456/38/308 1446/38/278 1447/38/317
f 1383/38/227 1447/38/317 1448/38/293
f 1432/38/287 1386/38/291 1431/38/290
f 1387/38/265 1399/38/269 1400/38/230
f 1416/38/249 1382/38/277 1415/38/283
f 1391/38/244 1419/38/273 1420/38/252
f 1392/38/250 1451/38/307 1452/38/281
f 1395/38/225 1403/38/264 1404/38/220
f 1436/38/226 1394/38/217 1435/38/216
f 1365/38/305 1455/38/234 1456/38/308
f 1440/38/301 1368/38/237 1439/38/239
f 1371/38/233 1407/38/240 1408/38/231
f 1424/38/315 1370/38/270 1423/38/272
f 1377/38/286 1427/38/253 1428/38/271
f 1378/38/245 1459/38/285 1460/38/243
f 1375/38/248 1411/38/260 1412/38/246
f 1444/38/298 1374/38/235 1443/38/255
f 1385/38/224 1398/38/268 1386/38/291
f 1397/38/219 1399/38/269 1398/38/268
f 1390/38/229 1402/38/275 1389/38/274
f 1401/38/218 1403/38/264 1402/38/275
f 1367/38/289 1406/38/256 1368/38/237
f 1408/38/231 1406/38/256 1405/38/297
f 1380/38/303 1410/38/242 1379/38/241
f 1409/38/263 1411/38/260 1410/38/242
f 1413/38/267 1388/38/232 1387/38/265
f 1413/38/267 1415/38/283 1414/38/261
f 1389/38/274 1418/38/266 1390/38/229
f 1420/38/252 1418/38/266 1417/38/280
f 1421/38/262 1372/38/321 1371/38/233
f 1424/38/315 1422/38/223 1421/38/262
f 1379/38/241 1426/38/279 1380/38/303
f 1428/38/271 1426/38/279 1425/38/221
f 1429/38/288 1384/38/310 1383/38/227
f 1432/38/287 1430/38/306 1429/38/288
f 1433/38/299 1396/38/247 1395/38/225
f 1433/38/299 1435/38/216 1434/38/258
f 1437/38/300 1366/38/254 1365/38/305
f 1440/38/301 1438/38/296 1437/38/300
f 1441/38/259 1376/38/257 1375/38/248
f 1444/38/298 1442/38/238 1441/38/259
f 1381/38/251 1446/38/278 1382/38/277
f 1445/38/282 1447/38/317 1446/38/278
f 1393/38/228 1450/38/295 1394/38/217
f 1449/38/292 1451/38/307 1450/38/295
f 1369/38/302 1454/38/304 1370/38/270
f 1453/38/276 1455/38/234 1454/38/304
f 1373/38/311 1458/38/236 1374/38/235
f 1460/38/243 1458/38/236 1457/38/294
f 1456/38/308 1384/38/310 1365/38/305
f 1469/39/119 1531/39/120 1490/39/121
f 1497/39/122 1493/39/123 1500/39/124
f 1521/39/125 1468/39/126 1518/39/127
f 1500/39/124 1481/39/212 1491/39/128
f 1532/39/129 1479/39/130 1489/39/131
f 1486/39/132 1496/39/133 1497/39/122
f 1504/39/134 1484/39/335 1467/39/136
f 1462/39/137 1554/39/138 1551/39/139
f 1464/39/140 1538/39/141 1535/39/142
f 1468/39/126 1506/39/143 1503/39/144
f 1556/39/145 1487/39/146 1474/39/147
f 1508/39/148 1492/39/149 1471/39/150
f 1512/39/151 1488/39/152 1477/39/153
f 1474/39/147 1516/39/154 1523/39/155
f 1462/39/137 1539/39/156 1470/39/157
f 1502/39/158 1472/39/159 1464/39/140
f 1471/39/150 1530/39/160 1537/39/161
f 1503/39/144 1507/39/162 1502/39/158
f 1467/39/136 1510/39/318 1517/39/164
f 1505/39/176 1499/39/166 1508/39/148
f 1483/39/167 1514/39/168 1509/39/169
f 1504/39/134 1494/39/170 1495/39/171
f 1473/39/172 1519/39/173 1466/39/174
f 1509/39/169 1515/39/175 1512/39/151
f 1505/39/176 1485/39/336 1498/39/165
f 1524/39/178 1518/39/127 1519/39/173
f 1549/39/179 1478/39/180 1542/39/181
f 1522/39/183 1516/39/154 1513/39/320
f 1477/39/153 1548/39/184 1541/39/185
f 1517/39/164 1511/39/187 1520/39/186
f 1550/39/188 1473/39/172 1466/39/174
f 1529/39/189 1525/39/190 1532/39/129
f 1463/39/191 1527/39/192 1482/39/193
f 1541/39/185 1545/39/194 1544/39/195
f 1553/39/196 1490/39/121 1546/39/197
f 1534/39/198 1538/39/141 1539/39/156
f 1501/39/199 1482/39/193 1494/39/170
f 1537/39/161 1531/39/120 1540/39/200
f 1491/39/128 1528/39/201 1529/39/189
f 1533/39/202 1527/39/192 1536/39/203
f 1465/39/204 1511/39/187 1478/39/180
f 1476/39/205 1513/39/320 1485/39/336
f 1551/39/139 1555/39/206 1550/39/188
f 1461/39/207 1526/39/208 1533/39/202
f 1556/39/145 1546/39/197 1547/39/209
f 1545/39/194 1479/39/130 1544/39/195
f 1552/39/211 1542/39/181 1543/39/210
f 1479/39/130 1543/39/210 1544/39/195
f 1528/39/201 1482/39/193 1527/39/192
f 1483/39/167 1495/39/171 1496/39/133
f 1512/39/151 1478/39/180 1511/39/187
f 1487/39/146 1515/39/175 1516/39/154
f 1488/39/152 1547/39/209 1548/39/184
f 1491/39/128 1499/39/166 1500/39/124
f 1532/39/129 1490/39/121 1531/39/120
f 1461/39/207 1551/39/139 1552/39/211
f 1536/39/203 1464/39/140 1535/39/142
f 1467/39/136 1503/39/144 1504/39/134
f 1520/39/186 1466/39/174 1519/39/173
f 1473/39/172 1523/39/155 1524/39/178
f 1474/39/147 1555/39/206 1556/39/145
f 1471/39/150 1507/39/162 1508/39/148
f 1540/39/200 1470/39/157 1539/39/156
f 1481/39/212 1494/39/170 1482/39/193
f 1496/39/133 1494/39/170 1493/39/123
f 1486/39/132 1498/39/165 1485/39/336
f 1497/39/122 1499/39/166 1498/39/165
f 1463/39/191 1502/39/158 1464/39/140
f 1504/39/134 1502/39/158 1501/39/199
f 1476/39/205 1506/39/143 1475/39/213
f 1505/39/176 1507/39/162 1506/39/143
f 1509/39/169 1484/39/335 1483/39/167
f 1509/39/169 1511/39/187 1510/39/318
f 1485/39/336 1514/39/168 1486/39/132
f 1516/39/154 1514/39/168 1513/39/320
f 1517/39/164 1468/39/126 1467/39/136
f 1520/39/186 1518/39/127 1517/39/164
f 1475/39/213 1522/39/183 1476/39/205
f 1521/39/125 1523/39/155 1522/39/183
f 1525/39/190 1480/39/334 1479/39/130
f 1525/39/190 1527/39/192 1526/39/208
f 1529/39/189 1492/39/149 1491/39/128
f 1532/39/129 1530/39/160 1529/39/189
f 1533/39/202 1462/39/137 1461/39/207
f 1533/39/202 1535/39/142 1534/39/198
f 1537/39/161 1472/39/159 1471/39/150
f 1537/39/161 1539/39/156 1538/39/141
f 1477/39/153 1542/39/181 1478/39/180
f 1541/39/185 1543/39/210 1542/39/181
f 1489/39/131 1546/39/197 1490/39/121
f 1548/39/184 1546/39/197 1545/39/194
f 1465/39/204 1550/39/188 1466/39/174
f 1552/39/211 1550/39/188 1549/39/179
f 1469/39/119 1554/39/138 1470/39/157
f 1553/39/196 1555/39/206 1554/39/138
f 1552/39/211 1480/39/334 1461/39/207
f 1565/40/337 1627/40/338 1636/40/339
f 1593/40/340 1589/40/341 1592/40/342
f 1564/40/343 1617/40/344 1614/40/345
f 1596/40/346 1577/40/347 1589/40/341
f 1575/40/348 1628/40/349 1585/40/350
f 1582/40/351 1592/40/342 1579/40/352
f 1580/40/353 1600/40/354 1563/40/355
f 1647/40/356 1566/40/357 1558/40/358
f 1631/40/359 1568/40/360 1560/40/361
f 1602/40/362 1564/40/343 1599/40/363
f 1583/40/364 1652/40/365 1570/40/366
f 1588/40/367 1604/40/368 1567/40/369
f 1573/40/370 1611/40/371 1608/40/372
f 1612/40/373 1570/40/366 1619/40/374
f 1558/40/358 1635/40/375 1630/40/376
f 1568/40/360 1598/40/377 1560/40/361
f 1626/40/378 1567/40/369 1633/40/379
f 1598/40/377 1602/40/362 1599/40/363
f 1606/40/380 1563/40/355 1613/40/381
f 1595/40/382 1601/40/383 1604/40/368
f 1610/40/384 1579/40/352 1605/40/385
f 1600/40/354 1590/40/386 1597/40/387
f 1562/40/388 1620/40/389 1569/40/390
f 1611/40/371 1605/40/385 1608/40/372
f 1601/40/383 1581/40/391 1572/40/392
f 1614/40/345 1620/40/389 1615/40/393
f 1645/40/394 1574/40/395 1561/40/396
f 1609/40/397 1619/40/374 1618/40/398
f 1573/40/370 1644/40/399 1584/40/400
f 1607/40/401 1613/40/381 1616/40/402
f 1562/40/388 1651/40/403 1646/40/404
f 1621/40/405 1625/40/406 1628/40/349
f 1559/40/407 1623/40/408 1632/40/409
f 1637/40/410 1641/40/411 1644/40/399
f 1649/40/412 1586/40/413 1565/40/337
f 1630/40/376 1634/40/414 1631/40/359
f 1597/40/387 1578/40/415 1559/40/407
f 1627/40/338 1633/40/379 1636/40/339
f 1625/40/406 1577/40/347 1587/40/416
f 1623/40/408 1629/40/417 1632/40/409
f 1561/40/396 1607/40/401 1616/40/402
f 1572/40/392 1609/40/397 1618/40/398
f 1651/40/403 1647/40/356 1646/40/404
f 1622/40/418 1557/40/419 1629/40/417
f 1652/40/365 1642/40/420 1649/40/412
f 1640/40/421 1585/40/350 1641/40/411
f 1648/40/422 1638/40/423 1645/40/394
f 1639/40/424 1575/40/348 1640/40/421
f 1624/40/425 1578/40/415 1577/40/347
f 1591/40/426 1579/40/352 1592/40/342
f 1608/40/372 1574/40/395 1573/40/370
f 1611/40/371 1583/40/364 1612/40/373
f 1643/40/427 1584/40/400 1644/40/399
f 1595/40/382 1587/40/416 1596/40/346
f 1628/40/349 1586/40/413 1585/40/350
f 1647/40/356 1557/40/419 1648/40/422
f 1632/40/409 1560/40/361 1559/40/407
f 1599/40/363 1563/40/355 1600/40/354
f 1616/40/402 1562/40/388 1561/40/396
f 1619/40/374 1569/40/390 1620/40/389
f 1651/40/403 1570/40/366 1652/40/365
f 1603/40/428 1567/40/369 1604/40/368
f 1636/40/339 1566/40/357 1565/40/337
f 1577/40/347 1590/40/386 1589/40/341
f 1590/40/386 1592/40/342 1589/40/341
f 1582/40/351 1594/40/429 1593/40/340
f 1593/40/340 1595/40/382 1596/40/346
f 1559/40/407 1598/40/377 1597/40/387
f 1598/40/377 1600/40/354 1597/40/387
f 1572/40/392 1602/40/362 1601/40/383
f 1601/40/383 1603/40/428 1604/40/368
f 1580/40/353 1605/40/385 1579/40/352
f 1606/40/380 1608/40/372 1605/40/385
f 1581/40/391 1610/40/384 1609/40/397
f 1609/40/397 1611/40/371 1612/40/373
f 1564/40/343 1613/40/381 1563/40/355
f 1614/40/345 1616/40/402 1613/40/381
f 1571/40/430 1618/40/398 1617/40/344
f 1618/40/398 1620/40/389 1617/40/344
f 1576/40/431 1621/40/405 1575/40/348
f 1622/40/418 1624/40/425 1621/40/405
f 1588/40/367 1625/40/406 1587/40/416
f 1626/40/378 1628/40/349 1625/40/406
f 1558/40/358 1629/40/417 1557/40/419
f 1630/40/376 1632/40/409 1629/40/417
f 1568/40/360 1633/40/379 1567/40/369
f 1634/40/414 1636/40/339 1633/40/379
f 1573/40/370 1638/40/423 1637/40/410
f 1637/40/410 1639/40/424 1640/40/421
f 1585/40/350 1642/40/420 1641/40/411
f 1641/40/411 1643/40/427 1644/40/399
f 1561/40/396 1646/40/404 1645/40/394
f 1645/40/394 1647/40/356 1648/40/422
f 1565/40/337 1650/40/432 1649/40/412
f 1650/40/432 1652/40/365 1649/40/412
f 1576/40/431 1648/40/422 1557/40/419
f 1661/41/433 1723/41/434 1732/41/435
f 1689/41/436 1685/41/437 1688/41/438
f 1660/41/439 1713/41/440 1710/41/441
f 1683/41/442 1685/41/437 1692/41/443
f 1671/41/444 1724/41/445 1681/41/446
f 1678/41/447 1688/41/438 1675/41/448
f 1676/41/449 1696/41/450 1659/41/451
f 1746/41/452 1654/41/453 1743/41/454
f 1730/41/455 1656/41/456 1727/41/457
f 1698/41/458 1660/41/439 1695/41/459
f 1679/41/460 1748/41/461 1666/41/462
f 1684/41/463 1700/41/464 1663/41/465
f 1680/41/466 1704/41/467 1669/41/468
f 1708/41/469 1666/41/462 1715/41/470
f 1654/41/453 1731/41/471 1726/41/472
f 1664/41/473 1694/41/474 1656/41/456
f 1722/41/475 1663/41/465 1729/41/476
f 1699/41/477 1695/41/459 1694/41/474
f 1702/41/478 1659/41/451 1709/41/479
f 1700/41/464 1690/41/480 1697/41/481
f 1706/41/482 1675/41/448 1701/41/483
f 1696/41/450 1686/41/484 1693/41/485
f 1711/41/486 1665/41/487 1658/41/488
f 1707/41/489 1701/41/483 1704/41/467
f 1697/41/481 1677/41/490 1668/41/491
f 1710/41/441 1716/41/492 1711/41/486
f 1741/41/493 1670/41/494 1657/41/495
f 1705/41/496 1715/41/470 1714/41/497
f 1669/41/468 1740/41/498 1680/41/466
f 1712/41/499 1702/41/478 1709/41/479
f 1665/41/487 1742/41/500 1658/41/488
f 1717/41/501 1721/41/502 1724/41/445
f 1655/41/503 1719/41/504 1728/41/505
f 1733/41/506 1737/41/507 1740/41/498
f 1745/41/508 1682/41/509 1661/41/433
f 1726/41/472 1730/41/455 1727/41/457
f 1693/41/485 1674/41/510 1655/41/503
f 1732/41/435 1722/41/475 1729/41/476
f 1720/41/511 1683/41/442 1721/41/502
f 1719/41/504 1725/41/512 1728/41/505
f 1657/41/495 1703/41/513 1712/41/499
f 1668/41/491 1705/41/496 1714/41/497
f 1747/41/514 1743/41/454 1742/41/500
f 1718/41/515 1653/41/516 1725/41/512
f 1748/41/461 1738/41/517 1745/41/508
f 1671/41/444 1737/41/507 1736/41/518
f 1735/41/519 1741/41/493 1744/41/520
f 1735/41/519 1671/41/444 1736/41/518
f 1720/41/511 1674/41/510 1673/41/521
f 1687/41/522 1675/41/448 1688/41/438
f 1704/41/467 1670/41/494 1669/41/468
f 1707/41/489 1679/41/460 1708/41/469
f 1739/41/523 1680/41/466 1740/41/498
f 1691/41/524 1683/41/442 1692/41/443
f 1724/41/445 1682/41/509 1681/41/446
f 1743/41/454 1653/41/516 1744/41/520
f 1728/41/505 1656/41/456 1655/41/503
f 1695/41/459 1659/41/451 1696/41/450
f 1712/41/499 1658/41/488 1657/41/495
f 1715/41/470 1665/41/487 1716/41/492
f 1747/41/514 1666/41/462 1748/41/461
f 1699/41/477 1663/41/465 1700/41/464
f 1732/41/435 1662/41/525 1661/41/433
f 1673/41/521 1686/41/484 1685/41/437
f 1686/41/484 1688/41/438 1685/41/437
f 1678/41/447 1690/41/480 1689/41/436
f 1690/41/480 1692/41/443 1689/41/436
f 1655/41/503 1694/41/474 1693/41/485
f 1694/41/474 1696/41/450 1693/41/485
f 1668/41/491 1698/41/458 1697/41/481
f 1697/41/481 1699/41/477 1700/41/464
f 1676/41/449 1701/41/483 1675/41/448
f 1702/41/478 1704/41/467 1701/41/483
f 1677/41/490 1706/41/482 1705/41/496
f 1705/41/496 1707/41/489 1708/41/469
f 1660/41/439 1709/41/479 1659/41/451
f 1709/41/479 1711/41/486 1712/41/499
f 1667/41/526 1714/41/497 1713/41/440
f 1714/41/497 1716/41/492 1713/41/440
f 1672/41/527 1717/41/501 1671/41/444
f 1718/41/515 1720/41/511 1717/41/501
f 1684/41/463 1721/41/502 1683/41/442
f 1722/41/475 1724/41/445 1721/41/502
f 1654/41/453 1725/41/512 1653/41/516
f 1725/41/512 1727/41/457 1728/41/505
f 1664/41/473 1729/41/476 1663/41/465
f 1730/41/455 1732/41/435 1729/41/476
f 1669/41/468 1734/41/528 1733/41/506
f 1733/41/506 1735/41/519 1736/41/518
f 1681/41/446 1738/41/517 1737/41/507
f 1738/41/517 1740/41/498 1737/41/507
f 1657/41/495 1742/41/500 1741/41/493
f 1741/41/493 1743/41/454 1744/41/520
f 1661/41/433 1746/41/452 1745/41/508
f 1746/41/452 1748/41/461 1745/41/508
f 1672/41/527 1744/41/520 1653/41/516
f 1757/42/529 1819/42/530 1828/42/531
f 1785/42/532 1781/42/533 1784/42/534
f 1756/42/535 1809/42/536 1806/42/537
f 1788/42/538 1769/42/539 1781/42/533
f 1767/42/540 1820/42/541 1777/42/542
f 1774/42/543 1784/42/534 1771/42/544
f 1772/42/545 1792/42/546 1755/42/547
f 1839/42/548 1758/42/549 1750/42/550
f 1826/42/551 1752/42/552 1823/42/553
f 1791/42/554 1763/42/555 1756/42/535
f 1775/42/556 1844/42/557 1762/42/558
f 1780/42/559 1796/42/560 1759/42/561
f 1776/42/562 1800/42/563 1765/42/564
f 1804/42/565 1762/42/558 1811/42/566
f 1750/42/550 1827/42/567 1822/42/568
f 1760/42/569 1790/42/570 1752/42/552
f 1818/42/571 1759/42/561 1825/42/572
f 1790/42/570 1794/42/573 1791/42/554
f 1798/42/574 1755/42/547 1805/42/575
f 1787/42/576 1793/42/577 1796/42/560
f 1802/42/578 1771/42/544 1797/42/579
f 1792/42/546 1782/42/580 1789/42/581
f 1754/42/582 1812/42/583 1761/42/584
f 1803/42/585 1797/42/579 1800/42/563
f 1793/42/577 1773/42/586 1764/42/587
f 1806/42/537 1812/42/583 1807/42/588
f 1837/42/589 1766/42/590 1753/42/591
f 1810/42/592 1804/42/565 1811/42/566
f 1765/42/564 1836/42/593 1776/42/562
f 1799/42/594 1805/42/575 1808/42/595
f 1754/42/582 1843/42/596 1838/42/597
f 1820/42/541 1816/42/598 1817/42/599
f 1751/42/600 1815/42/601 1824/42/602
f 1829/42/603 1833/42/604 1836/42/593
f 1841/42/605 1778/42/606 1757/42/529
f 1822/42/568 1826/42/551 1823/42/553
f 1789/42/581 1770/42/607 1751/42/600
f 1819/42/530 1825/42/572 1828/42/531
f 1817/42/599 1769/42/539 1779/42/608
f 1815/42/601 1821/42/609 1824/42/602
f 1753/42/591 1799/42/594 1808/42/595
f 1764/42/587 1801/42/610 1810/42/592
f 1843/42/596 1839/42/548 1838/42/597
f 1814/42/611 1749/42/612 1821/42/609
f 1844/42/557 1834/42/613 1841/42/605
f 1832/42/614 1777/42/542 1833/42/604
f 1840/42/615 1830/42/616 1837/42/589
f 1831/42/617 1767/42/540 1832/42/614
f 1816/42/598 1770/42/607 1769/42/539
f 1783/42/618 1771/42/544 1784/42/534
f 1800/42/563 1766/42/590 1765/42/564
f 1803/42/585 1775/42/556 1804/42/565
f 1835/42/619 1776/42/562 1836/42/593
f 1787/42/576 1779/42/608 1788/42/538
f 1820/42/541 1778/42/606 1777/42/542
f 1839/42/548 1749/42/612 1840/42/615
f 1824/42/602 1752/42/552 1751/42/600
f 1791/42/554 1755/42/547 1792/42/546
f 1808/42/595 1754/42/582 1753/42/591
f 1811/42/566 1761/42/584 1812/42/583
f 1843/42/596 1762/42/558 1844/42/557
f 1795/42/620 1759/42/561 1796/42/560
f 1828/42/531 1758/42/549 1757/42/529
f 1769/42/539 1782/42/580 1781/42/533
f 1781/42/533 1783/42/618 1784/42/534
f 1774/42/543 1786/42/621 1785/42/532
f 1785/42/532 1787/42/576 1788/42/538
f 1751/42/600 1790/42/570 1789/42/581
f 1790/42/570 1792/42/546 1789/42/581
f 1764/42/587 1794/42/573 1793/42/577
f 1794/42/573 1796/42/560 1793/42/577
f 1772/42/545 1797/42/579 1771/42/544
f 1797/42/579 1799/42/594 1800/42/563
f 1773/42/586 1802/42/578 1801/42/610
f 1801/42/610 1803/42/585 1804/42/565
f 1756/42/535 1805/42/575 1755/42/547
f 1805/42/575 1807/42/588 1808/42/595
f 1763/42/555 1810/42/592 1809/42/536
f 1810/42/592 1812/42/583 1809/42/536
f 1768/42/622 1813/42/623 1767/42/540
f 1814/42/611 1816/42/598 1813/42/623
f 1780/42/559 1817/42/599 1779/42/608
f 1818/42/571 1820/42/541 1817/42/599
f 1750/42/550 1821/42/609 1749/42/612
f 1822/42/568 1824/42/602 1821/42/609
f 1760/42/569 1825/42/572 1759/42/561
f 1825/42/572 1827/42/567 1828/42/531
f 1765/42/564 1830/42/616 1829/42/603
f 1829/42/603 1831/42/617 1832/42/614
f 1777/42/542 1834/42/613 1833/42/604
f 1834/42/613 1836/42/593 1833/42/604
f 1753/42/591 1838/42/597 1837/42/589
f 1837/42/589 1839/42/548 1840/42/615
f 1757/42/529 1842/42/624 1841/42/605
f 1842/42/624 1844/42/557 1841/42/605
f 1768/42/622 1840/42/615 1749/42/612
f 1853/43/433 1915/43/434 1924/43/435
f 1881/43/436 1877/43/437 1880/43/438
f 1852/43/439 1905/43/440 1902/43/441
f 1884/43/443 1865/43/521 1877/43/437
f 1863/43/444 1916/43/445 1873/43/446
f 1870/43/447 1880/43/438 1867/43/448
f 1868/43/449 1888/43/450 1851/43/451
f 1938/43/452 1846/43/453 1935/43/454
f 1922/43/455 1848/43/456 1919/43/457
f 1890/43/458 1852/43/439 1887/43/459
f 1871/43/460 1940/43/461 1858/43/462
f 1876/43/463 1892/43/464 1855/43/465
f 1872/43/466 1896/43/467 1861/43/468
f 1900/43/625 1858/43/462 1907/43/470
f 1846/43/453 1923/43/471 1918/43/472
f 1856/43/473 1886/43/474 1848/43/456
f 1914/43/475 1855/43/465 1921/43/476
f 1891/43/477 1887/43/459 1886/43/474
f 1894/43/478 1851/43/451 1901/43/479
f 1892/43/464 1882/43/480 1889/43/481
f 1898/43/482 1867/43/448 1893/43/483
f 1879/43/522 1885/43/485 1888/43/450
f 1903/43/486 1857/43/487 1850/43/488
f 1899/43/489 1893/43/483 1896/43/467
f 1889/43/481 1869/43/490 1860/43/491
f 1902/43/441 1908/43/492 1903/43/486
f 1933/43/493 1862/43/494 1849/43/495
f 1906/43/497 1900/43/625 1907/43/470
f 1861/43/468 1932/43/498 1872/43/466
f 1895/43/626 1901/43/479 1904/43/499
f 1857/43/487 1934/43/500 1850/43/488
f 1909/43/501 1913/43/502 1916/43/445
f 1847/43/503 1911/43/504 1920/43/505
f 1925/43/506 1929/43/507 1932/43/498
f 1937/43/508 1874/43/509 1853/43/433
f 1918/43/472 1922/43/455 1919/43/457
f 1885/43/485 1866/43/510 1847/43/503
f 1924/43/435 1914/43/475 1921/43/476
f 1912/43/511 1875/43/442 1913/43/502
f 1920/43/505 1910/43/515 1917/43/512
f 1849/43/495 1895/43/626 1904/43/499
f 1860/43/491 1897/43/496 1906/43/497
f 1939/43/514 1935/43/454 1934/43/500
f 1910/43/515 1845/43/516 1917/43/512
f 1940/43/461 1930/43/517 1937/43/508
f 1928/43/518 1873/43/446 1929/43/507
f 1927/43/519 1933/43/493 1936/43/520
f 1927/43/519 1863/43/444 1928/43/518
f 1912/43/511 1866/43/510 1865/43/521
f 1879/43/522 1867/43/448 1880/43/438
f 1896/43/467 1862/43/494 1861/43/468
f 1899/43/489 1871/43/460 1900/43/625
f 1931/43/523 1872/43/466 1932/43/498
f 1883/43/524 1875/43/442 1884/43/443
f 1916/43/445 1874/43/509 1873/43/446
f 1935/43/454 1845/43/516 1936/43/520
f 1920/43/505 1848/43/456 1847/43/503
f 1887/43/459 1851/43/451 1888/43/450
f 1904/43/499 1850/43/488 1849/43/495
f 1907/43/470 1857/43/487 1908/43/492
f 1939/43/514 1858/43/462 1940/43/461
f 1891/43/477 1855/43/465 1892/43/464
f 1924/43/435 1854/43/525 1853/43/433
f 1865/43/521 1878/43/484 1877/43/437
f 1877/43/437 1879/43/522 1880/43/438
f 1870/43/447 1882/43/480 1881/43/436
f 1881/43/436 1883/43/524 1884/43/443
f 1847/43/503 1886/43/474 1885/43/485
f 1885/43/485 1887/43/459 1888/43/450
f 1860/43/491 1890/43/458 1889/43/481
f 1890/43/458 1892/43/464 1889/43/481
f 1868/43/449 1893/43/483 1867/43/448
f 1893/43/483 1895/43/626 1896/43/467
f 1869/43/490 1898/43/482 1897/43/496
f 1898/43/482 1900/43/625 1897/43/496
f 1852/43/439 1901/43/479 1851/43/451
f 1901/43/479 1903/43/486 1904/43/499
f 1859/43/526 1906/43/497 1905/43/440
f 1906/43/497 1908/43/492 1905/43/440
f 1864/43/527 1909/43/501 1863/43/444
f 1910/43/515 1912/43/511 1909/43/501
f 1876/43/463 1913/43/502 1875/43/442
f 1914/43/475 1916/43/445 1913/43/502
f 1846/43/453 1917/43/512 1845/43/516
f 1917/43/512 1919/43/457 1920/43/505
f 1856/43/473 1921/43/476 1855/43/465
f 1922/43/455 1924/43/435 1921/43/476
f 1861/43/468 1926/43/528 1925/43/506
f 1925/43/506 1927/43/519 1928/43/518
f 1873/43/446 1930/43/517 1929/43/507
f 1930/43/517 1932/43/498 1929/43/507
f 1849/43/495 1934/43/500 1933/43/493
f 1933/43/493 1935/43/454 1936/43/520
f 1853/43/433 1938/43/452 1937/43/508
f 1938/43/452 1940/43/461 1937/43/508
f 1864/43/527 1936/43/520 1845/43/516
f 1949/44/627 2011/44/530 2020/44/531
f 1977/44/532 1973/44/533 1976/44/534
f 1948/44/535 2001/44/536 1998/44/537
f 1980/44/538 1961/44/539 1973/44/533
f 1959/44/540 2012/44/541 1969/44/542
f 1977/44/532 1963/44/544 1966/44/543
f 1964/44/545 1984/44/546 1947/44/628
f 2034/44/624 1942/44/550 2031/44/548
f 2018/44/551 1944/44/552 2015/44/553
f 1983/44/554 1955/44/555 1948/44/535
f 1967/44/556 2036/44/557 1954/44/558
f 1972/44/629 1988/44/560 1951/44/561
f 1957/44/564 1995/44/585 1992/44/563
f 1996/44/565 1954/44/558 2003/44/566
f 1942/44/550 2019/44/567 2014/44/568
f 1952/44/569 1982/44/570 1944/44/552
f 2010/44/571 1951/44/561 2017/44/572
f 1987/44/620 1983/44/554 1982/44/570
f 1990/44/574 1947/44/628 1997/44/575
f 1979/44/576 1985/44/577 1988/44/560
f 1994/44/630 1963/44/544 1989/44/579
f 1984/44/546 1974/44/580 1981/44/581
f 1999/44/588 1953/44/584 1946/44/582
f 1995/44/585 1989/44/579 1992/44/563
f 1985/44/577 1965/44/586 1956/44/587
f 1999/44/588 2001/44/536 2004/44/583
f 2029/44/589 1958/44/590 1945/44/631
f 2002/44/592 1996/44/565 2003/44/566
f 1957/44/564 2028/44/593 1968/44/562
f 1991/44/594 1997/44/575 2000/44/632
f 1946/44/582 2035/44/596 2030/44/597
f 2012/44/541 2008/44/598 2009/44/599
f 1943/44/600 2007/44/601 2016/44/602
f 2021/44/603 2025/44/604 2028/44/593
f 2033/44/605 1970/44/606 1949/44/627
f 2014/44/568 2018/44/551 2015/44/553
f 1981/44/581 1962/44/607 1943/44/600
f 2020/44/531 2010/44/571 2017/44/572
f 2009/44/599 1961/44/539 1971/44/608
f 2016/44/602 2006/44/611 2013/44/609
f 1945/44/631 1991/44/594 2000/44/632
f 1956/44/587 1993/44/610 2002/44/592
f 2035/44/596 2031/44/548 2030/44/597
f 2006/44/611 1941/44/612 2013/44/609
f 2027/44/619 2033/44/605 2036/44/557
f 2024/44/614 1969/44/542 2025/44/604
f 2023/44/633 2029/44/589 2032/44/615
f 2023/44/633 1959/44/540 2024/44/614
f 2008/44/598 1962/44/607 1961/44/539
f 1975/44/618 1963/44/544 1976/44/534
f 1992/44/563 1958/44/590 1957/44/564
f 1995/44/585 1967/44/556 1996/44/565
f 2027/44/619 1968/44/562 2028/44/593
f 1979/44/576 1971/44/608 1980/44/538
f 2012/44/541 1970/44/606 1969/44/542
f 2031/44/548 1941/44/612 2032/44/615
f 2016/44/602 1944/44/552 1943/44/600
f 1983/44/554 1947/44/628 1984/44/546
f 2000/44/632 1946/44/582 1945/44/631
f 2003/44/566 1953/44/584 2004/44/583
f 2035/44/596 1954/44/558 2036/44/557
f 1987/44/620 1951/44/561 1988/44/560
f 2020/44/531 1950/44/549 1949/44/627
f 1961/44/539 1974/44/580 1973/44/533
f 1974/44/580 1976/44/534 1973/44/533
f 1966/44/543 1978/44/621 1977/44/532
f 1977/44/532 1979/44/576 1980/44/538
f 1943/44/600 1982/44/570 1981/44/581
f 1982/44/570 1984/44/546 1981/44/581
f 1956/44/587 1986/44/573 1985/44/577
f 1985/44/577 1987/44/620 1988/44/560
f 1964/44/545 1989/44/579 1963/44/544
f 1989/44/579 1991/44/594 1992/44/563
f 1965/44/586 1994/44/630 1993/44/610
f 1994/44/630 1996/44/565 1993/44/610
f 1948/44/535 1997/44/575 1947/44/628
f 1998/44/537 2000/44/632 1997/44/575
f 1955/44/555 2002/44/592 2001/44/536
f 2001/44/536 2003/44/566 2004/44/583
f 1960/44/622 2005/44/623 1959/44/540
f 2006/44/611 2008/44/598 2005/44/623
f 1972/44/629 2009/44/599 1971/44/608
f 2010/44/571 2012/44/541 2009/44/599
f 1942/44/550 2013/44/609 1941/44/612
f 2014/44/568 2016/44/602 2013/44/609
f 1952/44/569 2017/44/572 1951/44/561
f 2018/44/551 2020/44/531 2017/44/572
f 1957/44/564 2022/44/616 2021/44/603
f 2021/44/603 2023/44/633 2024/44/614
f 1969/44/542 2026/44/613 2025/44/604
f 2026/44/613 2028/44/593 2025/44/604
f 1945/44/631 2030/44/597 2029/44/589
f 2029/44/589 2031/44/548 2032/44/615
f 1949/44/627 2034/44/624 2033/44/605
f 2034/44/624 2036/44/557 2033/44/605
f 1960/44/622 2032/44/615 1941/44/612
f 2045/45/433 2107/45/434 2116/45/435
f 2073/45/436 2069/45/437 2072/45/438
f 2044/45/439 2097/45/440 2094/45/441
f 2076/45/443 2057/45/521 2069/45/437
f 2055/45/444 2108/45/445 2065/45/446
f 2062/45/447 2072/45/438 2059/45/448
f 2060/45/449 2080/45/450 2043/45/451
f 2130/45/452 2038/45/453 2127/45/454
f 2114/45/455 2040/45/456 2111/45/457
f 2082/45/458 2044/45/439 2079/45/459
f 2063/45/460 2132/45/461 2050/45/462
f 2068/45/463 2084/45/464 2047/45/465
f 2064/45/466 2088/45/467 2053/45/468
f 2092/45/625 2050/45/462 2099/45/470
f 2038/45/453 2115/45/471 2110/45/472
f 2048/45/473 2078/45/474 2040/45/456
f 2106/45/475 2047/45/465 2113/45/476
f 2083/45/477 2079/45/459 2078/45/474
f 2086/45/478 2043/45/451 2093/45/479
f 2084/45/464 2074/45/480 2081/45/481
f 2090/45/482 2059/45/448 2085/45/483
f 2080/45/450 2070/45/484 2077/45/485
f 2095/45/486 2049/45/634 2042/45/488
f 2091/45/489 2085/45/483 2088/45/467
f 2081/45/481 2061/45/490 2052/45/491
f 2094/45/441 2100/45/492 2095/45/486
f 2125/45/493 2054/45/494 2041/45/495
f 2089/45/496 2099/45/470 2098/45/497
f 2053/45/468 2124/45/498 2064/45/466
f 2096/45/499 2086/45/478 2093/45/479
f 2049/45/634 2126/45/500 2042/45/488
f 2101/45/501 2105/45/502 2108/45/445
f 2039/45/503 2103/45/504 2112/45/505
f 2117/45/506 2121/45/507 2124/45/498
f 2129/45/508 2066/45/509 2045/45/433
f 2110/45/472 2114/45/455 2111/45/457
f 2077/45/485 2058/45/510 2039/45/503
f 2107/45/434 2113/45/476 2116/45/435
f 2104/45/511 2067/45/442 2105/45/502
f 2112/45/505 2102/45/515 2109/45/512
f 2041/45/495 2087/45/626 2096/45/499
f 2052/45/491 2089/45/496 2098/45/497
f 2131/45/514 2127/45/454 2126/45/500
f 2102/45/515 2037/45/516 2109/45/512
f 2132/45/461 2122/45/517 2129/45/508
f 2055/45/444 2121/45/507 2120/45/518
f 2119/45/519 2125/45/493 2128/45/520
f 2119/45/519 2055/45/444 2120/45/518
f 2104/45/511 2058/45/510 2057/45/521
f 2071/45/522 2059/45/448 2072/45/438
f 2088/45/467 2054/45/494 2053/45/468
f 2091/45/489 2063/45/460 2092/45/625
f 2123/45/523 2064/45/466 2124/45/498
f 2075/45/524 2067/45/442 2076/45/443
f 2108/45/445 2066/45/509 2065/45/446
f 2127/45/454 2037/45/516 2128/45/520
f 2112/45/505 2040/45/456 2039/45/503
f 2079/45/459 2043/45/451 2080/45/450
f 2096/45/499 2042/45/488 2041/45/495
f 2099/45/470 2049/45/634 2100/45/492
f 2131/45/514 2050/45/462 2132/45/461
f 2083/45/477 2047/45/465 2084/45/464
f 2116/45/435 2046/45/525 2045/45/433
f 2057/45/521 2070/45/484 2069/45/437
f 2070/45/484 2072/45/438 2069/45/437
f 2062/45/447 2074/45/480 2073/45/436
f 2073/45/436 2075/45/524 2076/45/443
f 2039/45/503 2078/45/474 2077/45/485
f 2078/45/474 2080/45/450 2077/45/485
f 2052/45/491 2082/45/458 2081/45/481
f 2081/45/481 2083/45/477 2084/45/464
f 2060/45/449 2085/45/483 2059/45/448
f 2085/45/483 2087/45/626 2088/45/467
f 2061/45/490 2090/45/482 2089/45/496
f 2090/45/482 2092/45/625 2089/45/496
f 2044/45/439 2093/45/479 2043/45/451
f 2094/45/441 2096/45/499 2093/45/479
f 2051/45/526 2098/45/497 2097/45/440
f 2097/45/440 2099/45/470 2100/45/492
f 2056/45/527 2101/45/501 2055/45/444
f 2102/45/515 2104/45/511 2101/45/501
f 2068/45/463 2105/45/502 2067/45/442
f 2105/45/502 2107/45/434 2108/45/445
f 2038/45/453 2109/45/512 2037/45/516
f 2110/45/472 2112/45/505 2109/45/512
f 2048/45/473 2113/45/476 2047/45/465
f 2114/45/455 2116/45/435 2113/45/476
f 2053/45/468 2118/45/528 2117/45/506
f 2117/45/506 2119/45/519 2120/45/518
f 2065/45/446 2122/45/517 2121/45/507
f 2121/45/507 2123/45/523 2124/45/498
f 2041/45/495 2126/45/500 2125/45/493
f 2125/45/493 2127/45/454 2128/45/520
f 2045/45/433 2130/45/452 2129/45/508
f 2130/45/452 2132/45/461 2129/45/508
f 2056/45/527 2128/45/520 2037/45/516
f 2141/46/627 2203/46/530 2212/46/531
f 2169/46/532 2165/46/533 2168/46/534
f 2140/46/635 2193/46/536 2190/46/537
f 2172/46/538 2153/46/539 2165/46/533
f 2151/46/540 2204/46/541 2161/46/542
f 2169/46/532 2155/46/544 2158/46/543
f 2156/46/545 2176/46/546 2139/46/547
f 2226/46/624 2134/46/550 2223/46/548
f 2210/46/551 2136/46/552 2207/46/553
f 2178/46/573 2140/46/635 2175/46/554
f 2159/46/556 2228/46/557 2146/46/558
f 2164/46/559 2180/46/560 2143/46/561
f 2149/46/564 2187/46/585 2184/46/563
f 2188/46/565 2146/46/558 2195/46/566
f 2142/46/549 2206/46/568 2134/46/550
f 2136/46/552 2179/46/620 2174/46/570
f 2202/46/636 2143/46/561 2209/46/637
f 2179/46/620 2175/46/554 2174/46/570
f 2182/46/574 2139/46/547 2189/46/575
f 2180/46/560 2170/46/621 2177/46/577
f 2181/46/579 2158/46/543 2155/46/544
f 2176/46/546 2166/46/580 2173/46/581
f 2138/46/582 2196/46/583 2145/46/584
f 2184/46/563 2186/46/630 2181/46/579
f 2177/46/577 2157/46/586 2148/46/587
f 2190/46/537 2196/46/583 2191/46/588
f 2221/46/589 2150/46/590 2137/46/631
f 2185/46/610 2195/46/566 2194/46/592
f 2149/46/564 2220/46/593 2160/46/562
f 2183/46/594 2189/46/575 2192/46/632
f 2145/46/584 2222/46/597 2138/46/582
f 2197/46/623 2201/46/599 2204/46/541
f 2135/46/600 2199/46/601 2208/46/602
f 2213/46/603 2217/46/604 2220/46/593
f 2225/46/605 2162/46/606 2141/46/627
f 2206/46/568 2210/46/551 2207/46/553
f 2173/46/581 2154/46/607 2135/46/600
f 2212/46/531 2202/46/636 2209/46/637
f 2200/46/598 2163/46/608 2201/46/599
f 2208/46/602 2198/46/611 2205/46/609
f 2137/46/631 2183/46/594 2192/46/632
f 2148/46/587 2185/46/610 2194/46/592
f 2227/46/596 2223/46/548 2222/46/597
f 2198/46/611 2133/46/612 2205/46/609
f 2228/46/557 2218/46/613 2225/46/605
f 2216/46/614 2161/46/542 2217/46/604
f 2215/46/617 2221/46/589 2224/46/615
f 2215/46/617 2151/46/540 2216/46/614
f 2200/46/598 2154/46/607 2153/46/539
f 2167/46/618 2155/46/544 2168/46/534
f 2184/46/563 2150/46/590 2149/46/564
f 2187/46/585 2159/46/556 2188/46/565
f 2219/46/619 2160/46/562 2220/46/593
f 2171/46/576 2163/46/608 2172/46/538
f 2204/46/541 2162/46/606 2161/46/542
f 2223/46/548 2133/46/612 2224/46/615
f 2208/46/602 2136/46/552 2135/46/600
f 2175/46/554 2139/46/547 2176/46/546
f 2192/46/632 2138/46/582 2137/46/631
f 2195/46/566 2145/46/584 2196/46/583
f 2227/46/596 2146/46/558 2228/46/557
f 2179/46/620 2143/46/561 2180/46/560
f 2212/46/531 2142/46/549 2141/46/627
f 2153/46/539 2166/46/580 2165/46/533
f 2165/46/533 2167/46/618 2168/46/534
f 2158/46/543 2170/46/621 2169/46/532
f 2169/46/532 2171/46/576 2172/46/538
f 2135/46/600 2174/46/570 2173/46/581
f 2174/46/570 2176/46/546 2173/46/581
f 2148/46/587 2178/46/573 2177/46/577
f 2177/46/577 2179/46/620 2180/46/560
f 2156/46/545 2181/46/579 2155/46/544
f 2181/46/579 2183/46/594 2184/46/563
f 2157/46/586 2186/46/630 2185/46/610
f 2186/46/630 2188/46/565 2185/46/610
f 2140/46/635 2189/46/575 2139/46/547
f 2190/46/537 2192/46/632 2189/46/575
f 2147/46/555 2194/46/592 2193/46/536
f 2193/46/536 2195/46/566 2196/46/583
f 2152/46/622 2197/46/623 2151/46/540
f 2198/46/611 2200/46/598 2197/46/623
f 2164/46/559 2201/46/599 2163/46/608
f 2201/46/599 2203/46/530 2204/46/541
f 2134/46/550 2205/46/609 2133/46/612
f 2206/46/568 2208/46/602 2205/46/609
f 2144/46/569 2209/46/637 2143/46/561
f 2209/46/637 2211/46/567 2212/46/531
f 2149/46/564 2214/46/616 2213/46/603
f 2213/46/603 2215/46/617 2216/46/614
f 2161/46/542 2218/46/613 2217/46/604
f 2218/46/613 2220/46/593 2217/46/604
f 2137/46/631 2222/46/597 2221/46/589
f 2221/46/589 2223/46/548 2224/46/615
f 2141/46/627 2226/46/624 2225/46/605
f 2226/46/624 2228/46/557 2225/46/605
f 2152/46/622 2224/46/615 2133/46/612
f 2237/47/433 2299/47/434 2308/47/435
f 2265/47/436 2261/47/437 2264/47/438
f 2236/47/439 2289/47/440 2286/47/441
f 2259/47/442 2261/47/437 2268/47/443
f 2247/47/444 2300/47/445 2257/47/446
f 2254/47/447 2264/47/438 2251/47/448
f 2252/47/449 2272/47/450 2235/47/451
f 2322/47/452 2230/47/453 2319/47/454
f 2306/47/455 2232/47/456 2303/47/457
f 2274/47/458 2236/47/439 2271/47/459
f 2255/47/460 2324/47/461 2242/47/462
f 2260/47/463 2276/47/464 2239/47/465
f 2256/47/466 2280/47/467 2245/47/468
f 2284/47/625 2242/47/462 2291/47/470
f 2230/47/453 2307/47/471 2302/47/472
f 2240/47/473 2270/47/474 2232/47/456
f 2298/47/475 2239/47/465 2305/47/476
f 2275/47/477 2271/47/459 2270/47/474
f 2278/47/478 2235/47/451 2285/47/479
f 2276/47/464 2266/47/480 2273/47/481
f 2282/47/482 2251/47/448 2277/47/483
f 2272/47/450 2262/47/484 2269/47/485
f 2287/47/486 2241/47/634 2234/47/488
f 2283/47/489 2277/47/483 2280/47/467
f 2273/47/481 2253/47/490 2244/47/491
f 2286/47/441 2292/47/492 2287/47/486
f 2317/47/493 2246/47/494 2233/47/495
f 2281/47/496 2291/47/470 2290/47/497
f 2245/47/468 2316/47/498 2256/47/466
f 2288/47/499 2278/47/478 2285/47/479
f 2241/47/634 2318/47/500 2234/47/488
f 2293/47/501 2297/47/502 2300/47/445
f 2231/47/503 2295/47/504 2304/47/505
f 2309/47/506 2313/47/507 2316/47/498
f 2321/47/508 2258/47/509 2237/47/433
f 2302/47/472 2306/47/455 2303/47/457
f 2269/47/485 2250/47/510 2231/47/503
f 2299/47/434 2305/47/476 2308/47/435
f 2296/47/511 2259/47/442 2297/47/502
f 2304/47/505 2294/47/515 2301/47/512
f 2233/47/495 2279/47/626 2288/47/499
f 2244/47/491 2281/47/496 2290/47/497
f 2323/47/514 2319/47/454 2318/47/500
f 2294/47/515 2229/47/516 2301/47/512
f 2315/47/523 2321/47/508 2324/47/461
f 2247/47/444 2313/47/507 2312/47/518
f 2320/47/520 2310/47/528 2317/47/493
f 2311/47/519 2247/47/444 2312/47/518
f 2296/47/511 2250/47/510 2249/47/521
f 2263/47/522 2251/47/448 2264/47/438
f 2280/47/467 2246/47/494 2245/47/468
f 2283/47/489 2255/47/460 2284/47/625
f 2315/47/523 2256/47/466 2316/47/498
f 2267/47/524 2259/47/442 2268/47/443
f 2300/47/445 2258/47/509 2257/47/446
f 2319/47/454 2229/47/516 2320/47/520
f 2304/47/505 2232/47/456 2231/47/503
f 2271/47/459 2235/47/451 2272/47/450
f 2288/47/499 2234/47/488 2233/47/495
f 2291/47/470 2241/47/634 2292/47/492
f 2323/47/514 2242/47/462 2324/47/461
f 2275/47/477 2239/47/465 2276/47/464
f 2308/47/435 2238/47/525 2237/47/433
f 2249/47/521 2262/47/484 2261/47/437
f 2262/47/484 2264/47/438 2261/47/437
f 2254/47/447 2266/47/480 2265/47/436
f 2266/47/480 2268/47/443 2265/47/436
f 2231/47/503 2270/47/474 2269/47/485
f 2269/47/485 2271/47/459 2272/47/450
f 2244/47/491 2274/47/458 2273/47/481
f 2274/47/458 2276/47/464 2273/47/481
f 2252/47/449 2277/47/483 2251/47/448
f 2278/47/478 2280/47/467 2277/47/483
f 2253/47/490 2282/47/482 2281/47/496
f 2281/47/496 2283/47/489 2284/47/625
f 2236/47/439 2285/47/479 2235/47/451
f 2286/47/441 2288/47/499 2285/47/479
f 2243/47/526 2290/47/497 2289/47/440
f 2289/47/440 2291/47/470 2292/47/492
f 2248/47/527 2293/47/501 2247/47/444
f 2294/47/515 2296/47/511 2293/47/501
f 2260/47/463 2297/47/502 2259/47/442
f 2297/47/502 2299/47/434 2300/47/445
f 2230/47/453 2301/47/512 2229/47/516
f 2302/47/472 2304/47/505 2301/47/512
f 2240/47/473 2305/47/476 2239/47/465
f 2305/47/476 2307/47/471 2308/47/435
f 2245/47/468 2310/47/528 2309/47/506
f 2309/47/506 2311/47/519 2312/47/518
f 2257/47/446 2314/47/517 2313/47/507
f 2314/47/517 2316/47/498 2313/47/507
f 2233/47/495 2318/47/500 2317/47/493
f 2317/47/493 2319/47/454 2320/47/520
f 2237/47/433 2322/47/452 2321/47/508
f 2322/47/452 2324/47/461 2321/47/508
f 2248/47/527 2320/47/520 2229/47/516
f 2333/48/627 2395/48/530 2404/48/531
f 2361/48/532 2357/48/533 2360/48/534
f 2332/48/635 2385/48/536 2382/48/537
f 2355/48/608 2357/48/533 2364/48/538
f 2343/48/540 2396/48/541 2353/48/542
f 2361/48/532 2347/48/544 2350/48/543
f 2348/48/545 2368/48/546 2331/48/547
f 2415/48/548 2334/48/638 2326/48/550
f 2402/48/551 2328/48/552 2399/48/553
f 2367/48/554 2339/48/555 2332/48/635
f 2351/48/556 2420/48/557 2338/48/558
f 2356/48/559 2372/48/560 2335/48/561
f 2352/48/562 2376/48/563 2341/48/564
f 2380/48/565 2338/48/558 2387/48/566
f 2326/48/550 2403/48/567 2398/48/568
f 2336/48/569 2366/48/570 2328/48/552
f 2394/48/571 2335/48/561 2401/48/572
f 2371/48/620 2367/48/554 2366/48/570
f 2374/48/574 2331/48/547 2381/48/575
f 2363/48/576 2369/48/577 2372/48/560
f 2373/48/579 2350/48/543 2347/48/544
f 2368/48/546 2358/48/580 2365/48/581
f 2383/48/588 2337/48/584 2330/48/582
f 2376/48/563 2378/48/630 2373/48/579
f 2369/48/577 2349/48/586 2340/48/587
f 2382/48/537 2388/48/583 2383/48/588
f 2413/48/589 2342/48/590 2329/48/631
f 2386/48/592 2380/48/565 2387/48/566
f 2405/48/603 2352/48/562 2341/48/564
f 2375/48/594 2381/48/575 2384/48/595
f 2330/48/582 2419/48/596 2414/48/597
f 2389/48/623 2393/48/599 2396/48/541
f 2327/48/600 2391/48/601 2400/48/602
f 2405/48/603 2409/48/604 2412/48/593
f 2417/48/605 2354/48/606 2333/48/627
f 2398/48/568 2402/48/551 2399/48/553
f 2365/48/581 2346/48/607 2327/48/600
f 2395/48/530 2401/48/572 2404/48/531
f 2393/48/599 2345/48/539 2355/48/608
f 2400/48/602 2390/48/611 2397/48/609
f 2329/48/631 2375/48/594 2384/48/595
f 2340/48/587 2377/48/610 2386/48/592
f 2419/48/596 2415/48/548 2414/48/597
f 2390/48/611 2325/48/612 2397/48/609
f 2420/48/557 2410/48/613 2417/48/605
f 2408/48/614 2353/48/542 2409/48/604
f 2407/48/633 2413/48/589 2416/48/615
f 2407/48/633 2343/48/540 2408/48/614
f 2392/48/598 2346/48/607 2345/48/539
f 2359/48/618 2347/48/544 2360/48/534
f 2376/48/563 2342/48/590 2341/48/564
f 2379/48/585 2351/48/556 2380/48/565
f 2411/48/619 2352/48/562 2412/48/593
f 2363/48/576 2355/48/608 2364/48/538
f 2396/48/541 2354/48/606 2353/48/542
f 2415/48/548 2325/48/612 2416/48/615
f 2400/48/602 2328/48/552 2327/48/600
f 2367/48/554 2331/48/547 2368/48/546
f 2384/48/595 2330/48/582 2329/48/631
f 2387/48/566 2337/48/584 2388/48/583
f 2419/48/596 2338/48/558 2420/48/557
f 2371/48/620 2335/48/561 2372/48/560
f 2404/48/531 2334/48/638 2333/48/627
f 2345/48/539 2358/48/580 2357/48/533
f 2358/48/580 2360/48/534 2357/48/533
f 2350/48/543 2362/48/621 2361/48/532
f 2361/48/532 2363/48/576 2364/48/538
f 2327/48/600 2366/48/570 2365/48/581
f 2366/48/570 2368/48/546 2365/48/581
f 2340/48/587 2370/48/573 2369/48/577
f 2369/48/577 2371/48/620 2372/48/560
f 2348/48/545 2373/48/579 2347/48/544
f 2374/48/574 2376/48/563 2373/48/579
f 2349/48/586 2378/48/630 2377/48/610
f 2378/48/630 2380/48/565 2377/48/610
f 2332/48/635 2381/48/575 2331/48/547
f 2381/48/575 2383/48/588 2384/48/595
f 2339/48/555 2386/48/592 2385/48/536
f 2386/48/592 2388/48/583 2385/48/536
f 2344/48/622 2389/48/623 2343/48/540
f 2390/48/611 2392/48/598 2389/48/623
f 2356/48/559 2393/48/599 2355/48/608
f 2393/48/599 2395/48/530 2396/48/541
f 2326/48/550 2397/48/609 2325/48/612
f 2398/48/568 2400/48/602 2397/48/609
f 2336/48/569 2401/48/572 2335/48/561
f 2401/48/572 2403/48/567 2404/48/531
f 2341/48/564 2406/48/616 2405/48/603
f 2405/48/603 2407/48/633 2408/48/614
f 2353/48/542 2410/48/613 2409/48/604
f 2410/48/613 2412/48/593 2409/48/604
f 2329/48/631 2414/48/597 2413/48/589
f 2414/48/597 2416/48/615 2413/48/589
f 2333/48/627 2418/48/624 2417/48/605
f 2418/48/624 2420/48/557 2417/48/605
f 2344/48/622 2416/48/615 2325/48/612
f 2429/49/433 2491/49/434 2500/49/435
f 2457/49/436 2453/49/437 2456/49/438
f 2428/49/439 2481/49/440 2478/49/441
f 2460/49/443 2441/49/521 2453/49/437
f 2439/49/444 2492/49/445 2449/49/446
f 2446/49/447 2456/49/438 2443/49/448
f 2444/49/449 2464/49/450 2427/49/451
f 2514/49/452 2422/49/453 2511/49/454
f 2498/49/455 2424/49/639 2495/49/457
f 2466/49/458 2428/49/439 2463/49/459
f 2447/49/460 2516/49/461 2434/49/462
f 2452/49/463 2468/49/464 2431/49/465
f 2448/49/466 2472/49/467 2437/49/468
f 2476/49/625 2434/49/462 2483/49/470
f 2422/49/453 2499/49/471 2494/49/472
f 2432/49/473 2462/49/474 2424/49/639
f 2490/49/475 2431/49/465 2497/49/476
f 2467/49/477 2463/49/459 2462/49/474
f 2470/49/640 2427/49/451 2477/49/479
f 2459/49/524 2465/49/481 2468/49/464
f 2474/49/482 2443/49/448 2469/49/483
f 2464/49/450 2454/49/484 2461/49/485
f 2479/49/486 2433/49/634 2426/49/488
f 2475/49/489 2469/49/483 2472/49/467
f 2465/49/481 2445/49/490 2436/49/491
f 2478/49/441 2484/49/492 2479/49/486
f 2509/49/493 2438/49/494 2425/49/495
f 2473/49/641 2483/49/470 2482/49/497
f 2437/49/468 2508/49/498 2448/49/466
f 2480/49/499 2470/49/640 2477/49/479
f 2433/49/634 2510/49/500 2426/49/488
f 2485/49/501 2489/49/502 2492/49/445
f 2423/49/503 2487/49/642 2496/49/505
f 2501/49/506 2505/49/507 2508/49/498
f 2513/49/508 2450/49/509 2429/49/433
f 2494/49/472 2498/49/455 2495/49/457
f 2461/49/485 2442/49/510 2423/49/503
f 2491/49/434 2497/49/476 2500/49/435
f 2488/49/511 2451/49/442 2489/49/502
f 2496/49/505 2486/49/515 2493/49/512
f 2425/49/495 2471/49/626 2480/49/499
f 2436/49/491 2473/49/641 2482/49/497
f 2515/49/514 2511/49/454 2510/49/500
f 2486/49/515 2421/49/516 2493/49/512
f 2507/49/523 2513/49/508 2516/49/461
f 2439/49/444 2505/49/507 2504/49/518
f 2512/49/520 2502/49/528 2509/49/493
f 2503/49/519 2439/49/444 2504/49/518
f 2488/49/511 2442/49/510 2441/49/521
f 2455/49/522 2443/49/448 2456/49/438
f 2472/49/467 2438/49/494 2437/49/468
f 2475/49/489 2447/49/460 2476/49/625
f 2507/49/523 2448/49/466 2508/49/498
f 2459/49/524 2451/49/442 2460/49/443
f 2492/49/445 2450/49/509 2449/49/446
f 2511/49/454 2421/49/516 2512/49/520
f 2496/49/505 2424/49/639 2423/49/503
f 2463/49/459 2427/49/451 2464/49/450
f 2480/49/499 2426/49/488 2425/49/495
f 2483/49/470 2433/49/634 2484/49/492
f 2515/49/514 2434/49/462 2516/49/461
f 2467/49/477 2431/49/465 2468/49/464
f 2500/49/435 2430/49/525 2429/49/433
f 2441/49/521 2454/49/484 2453/49/437
f 2454/49/484 2456/49/438 2453/49/437
f 2446/49/447 2458/49/480 2457/49/436
f 2457/49/436 2459/49/524 2460/49/443
f 2423/49/503 2462/49/474 2461/49/485
f 2462/49/474 2464/49/450 2461/49/485
f 2436/49/491 2466/49/458 2465/49/481
f 2465/49/481 2467/49/477 2468/49/464
f 2444/49/449 2469/49/483 2443/49/448
f 2469/49/483 2471/49/626 2472/49/467
f 2445/49/490 2474/49/482 2473/49/641
f 2474/49/482 2476/49/625 2473/49/641
f 2428/49/439 2477/49/479 2427/49/451
f 2478/49/441 2480/49/499 2477/49/479
f 2435/49/526 2482/49/497 2481/49/440
f 2481/49/440 2483/49/470 2484/49/492
f 2440/49/527 2485/49/501 2439/49/444
f 2486/49/515 2488/49/511 2485/49/501
f 2452/49/463 2489/49/502 2451/49/442
f 2489/49/502 2491/49/434 2492/49/445
f 2422/49/453 2493/49/512 2421/49/516
f 2494/49/472 2496/49/505 2493/49/512
f 2432/49/473 2497/49/476 2431/49/465
f 2497/49/476 2499/49/471 2500/49/435
f 2437/49/468 2502/49/528 2501/49/506
f 2501/49/506 2503/49/519 2504/49/518
f 2449/49/446 2506/49/517 2505/49/507
f 2505/49/507 2507/49/523 2508/49/498
f 2425/49/495 2510/49/500 2509/49/493
f 2509/49/493 2511/49/454 2512/49/520
f 2429/49/433 2514/49/452 2513/49/508
f 2514/49/452 2516/49/461 2513/49/508
f 2440/49/527 2512/49/520 2421/49/516
f 2525/50/529 2587/50/530 2596/50/531
f 2553/50/532 2549/50/533 2552/50/534
f 2574/50/537 2531/50/555 2577/50/536
f 2556/50/538 2537/50/539 2549/50/533
f 2545/50/542 2581/50/623 2588/50/541
f 2542/50/543 2552/50/534 2539/50/544
f 2540/50/545 2560/50/546 2523/50/547
f 2610/50/624 2518/50/550 2607/50/548
f 2591/50/553 2528/50/569 2520/50/552
f 2562/50/573 2524/50/635 2559/50/554
f 2543/50/556 2612/50/557 2530/50/558
f 2548/50/559 2564/50/560 2527/50/561
f 2533/50/564 2571/50/585 2568/50/563
f 2572/50/565 2530/50/558 2579/50/566
f 2526/50/549 2590/50/568 2518/50/550
f 2520/50/552 2563/50/620 2558/50/570
f 2586/50/571 2527/50/561 2593/50/572
f 2558/50/570 2562/50/573 2559/50/554
f 2566/50/574 2523/50/547 2573/50/575
f 2555/50/576 2561/50/577 2564/50/560
f 2570/50/630 2539/50/544 2565/50/579
f 2560/50/546 2550/50/580 2557/50/581
f 2575/50/588 2529/50/584 2522/50/582
f 2571/50/585 2565/50/579 2568/50/563
f 2561/50/577 2541/50/586 2532/50/587
f 2575/50/588 2577/50/536 2580/50/583
f 2605/50/589 2534/50/643 2521/50/631
f 2578/50/592 2572/50/565 2579/50/566
f 2533/50/564 2604/50/593 2544/50/562
f 2576/50/595 2566/50/574 2573/50/575
f 2522/50/582 2611/50/596 2606/50/597
f 2588/50/541 2584/50/598 2585/50/599
f 2519/50/600 2583/50/601 2592/50/602
f 2597/50/603 2601/50/604 2604/50/593
f 2609/50/605 2546/50/606 2525/50/529
f 2590/50/568 2594/50/551 2591/50/553
f 2557/50/581 2538/50/607 2519/50/600
f 2596/50/531 2586/50/571 2593/50/572
f 2585/50/599 2537/50/539 2547/50/608
f 2583/50/601 2589/50/609 2592/50/602
f 2521/50/631 2567/50/594 2576/50/595
f 2532/50/587 2569/50/610 2578/50/592
f 2606/50/597 2610/50/624 2607/50/548
f 2582/50/611 2517/50/612 2589/50/609
f 2612/50/557 2602/50/613 2609/50/605
f 2600/50/614 2545/50/542 2601/50/604
f 2608/50/615 2598/50/616 2605/50/589
f 2599/50/617 2535/50/540 2600/50/614
f 2584/50/598 2538/50/607 2537/50/539
f 2551/50/618 2539/50/544 2552/50/534
f 2568/50/563 2534/50/643 2533/50/564
f 2571/50/585 2543/50/556 2572/50/565
f 2603/50/619 2544/50/562 2604/50/593
f 2555/50/576 2547/50/608 2556/50/538
f 2588/50/541 2546/50/606 2545/50/542
f 2607/50/548 2517/50/612 2608/50/615
f 2592/50/602 2520/50/552 2519/50/600
f 2559/50/554 2523/50/547 2560/50/546
f 2576/50/595 2522/50/582 2521/50/631
f 2579/50/566 2529/50/584 2580/50/583
f 2611/50/596 2530/50/558 2612/50/557
f 2563/50/620 2527/50/561 2564/50/560
f 2596/50/531 2526/50/549 2525/50/529
f 2537/50/539 2550/50/580 2549/50/533
f 2549/50/533 2551/50/618 2552/50/534
f 2542/50/543 2554/50/621 2553/50/532
f 2553/50/532 2555/50/576 2556/50/538
f 2519/50/600 2558/50/570 2557/50/581
f 2558/50/570 2560/50/546 2557/50/581
f 2532/50/587 2562/50/573 2561/50/577
f 2561/50/577 2563/50/620 2564/50/560
f 2540/50/545 2565/50/579 2539/50/544
f 2566/50/574 2568/50/563 2565/50/579
f 2541/50/586 2570/50/630 2569/50/610
f 2569/50/610 2571/50/585 2572/50/565
f 2524/50/635 2573/50/575 2523/50/547
f 2574/50/537 2576/50/595 2573/50/575
f 2531/50/555 2578/50/592 2577/50/536
f 2577/50/536 2579/50/566 2580/50/583
f 2536/50/622 2581/50/623 2535/50/540
f 2582/50/611 2584/50/598 2581/50/623
f 2548/50/559 2585/50/599 2547/50/608
f 2586/50/571 2588/50/541 2585/50/599
f 2518/50/550 2589/50/609 2517/50/612
f 2590/50/568 2592/50/602 2589/50/609
f 2528/50/569 2593/50/572 2527/50/561
f 2594/50/551 2596/50/531 2593/50/572
f 2533/50/564 2598/50/616 2597/50/603
f 2597/50/603 2599/50/617 2600/50/614
f 2545/50/542 2602/50/613 2601/50/604
f 2601/50/604 2603/50/619 2604/50/593
f 2521/50/631 2606/50/597 2605/50/589
f 2605/50/589 2607/50/548 2608/50/615
f 2525/50/529 2610/50/624 2609/50/605
f 2610/50/624 2612/50/557 2609/50/605
f 2536/50/622 2608/50/615 2517/50/612
f 2621/51/433 2683/51/434 2692/51/435
f 2649/51/436 2645/51/437 2648/51/438
f 2620/51/439 2673/51/440 2670/51/441
f 2652/51/443 2633/51/521 2645/51/437
f 2631/51/444 2684/51/445 2641/51/446
f 2649/51/436 2635/51/448 2638/51/447
f 2636/51/449 2656/51/450 2619/51/451
f 2706/51/452 2614/51/453 2703/51/454
f 2690/51/455 2616/51/456 2687/51/457
f 2658/51/458 2620/51/439 2655/51/459
f 2639/51/460 2708/51/461 2626/51/462
f 2644/51/463 2660/51/464 2623/51/465
f 2640/51/466 2664/51/467 2629/51/468
f 2668/51/625 2626/51/462 2675/51/470
f 2614/51/453 2691/51/471 2686/51/472
f 2624/51/473 2654/51/474 2616/51/456
f 2682/51/475 2623/51/465 2689/51/476
f 2659/51/477 2655/51/459 2654/51/474
f 2662/51/478 2619/51/451 2669/51/479
f 2651/51/524 2657/51/481 2660/51/464
f 2666/51/482 2635/51/448 2661/51/483
f 2656/51/450 2646/51/484 2653/51/485
f 2671/51/486 2625/51/634 2618/51/488
f 2667/51/489 2661/51/483 2664/51/467
f 2657/51/481 2637/51/490 2628/51/491
f 2670/51/441 2676/51/492 2671/51/486
f 2701/51/493 2630/51/494 2617/51/495
f 2665/51/496 2675/51/470 2674/51/497
f 2629/51/468 2700/51/498 2640/51/466
f 2672/51/499 2662/51/478 2669/51/479
f 2625/51/634 2702/51/500 2618/51/488
f 2677/51/501 2681/51/502 2684/51/445
f 2615/51/503 2679/51/504 2688/51/644
f 2693/51/506 2697/51/507 2700/51/498
f 2705/51/508 2642/51/509 2621/51/433
f 2686/51/472 2690/51/455 2687/51/457
f 2653/51/485 2634/51/510 2615/51/503
f 2683/51/434 2689/51/476 2692/51/435
f 2680/51/511 2643/51/442 2681/51/502
f 2679/51/504 2685/51/512 2688/51/644
f 2617/51/495 2663/51/626 2672/51/499
f 2628/51/491 2665/51/496 2674/51/497
f 2707/51/514 2703/51/454 2702/51/500
f 2678/51/515 2613/51/516 2685/51/512
f 2708/51/461 2698/51/517 2705/51/508
f 2696/51/518 2641/51/446 2697/51/507
f 2704/51/520 2694/51/528 2701/51/493
f 2695/51/519 2631/51/444 2696/51/518
f 2680/51/511 2634/51/510 2633/51/521
f 2647/51/522 2635/51/448 2648/51/438
f 2664/51/467 2630/51/494 2629/51/468
f 2667/51/489 2639/51/460 2668/51/625
f 2699/51/523 2640/51/466 2700/51/498
f 2651/51/524 2643/51/442 2652/51/443
f 2684/51/445 2642/51/509 2641/51/446
f 2703/51/454 2613/51/516 2704/51/520
f 2688/51/644 2616/51/456 2615/51/503
f 2655/51/459 2619/51/451 2656/51/450
f 2672/51/499 2618/51/488 2617/51/495
f 2675/51/470 2625/51/634 2676/51/492
f 2707/51/514 2626/51/462 2708/51/461
f 2659/51/477 2623/51/465 2660/51/464
f 2692/51/435 2622/51/525 2621/51/433
f 2633/51/521 2646/51/484 2645/51/437
f 2645/51/437 2647/51/522 2648/51/438
f 2638/51/447 2650/51/480 2649/51/436
f 2649/51/436 2651/51/524 2652/51/443
f 2615/51/503 2654/51/474 2653/51/485
f 2653/51/485 2655/51/459 2656/51/450
f 2628/51/491 2658/51/458 2657/51/481
f 2658/51/458 2660/51/464 2657/51/481
f 2636/51/449 2661/51/483 2635/51/448
f 2661/51/483 2663/51/626 2664/51/467
f 2637/51/490 2666/51/482 2665/51/496
f 2666/51/482 2668/51/625 2665/51/496
f 2620/51/439 2669/51/479 2619/51/451
f 2669/51/479 2671/51/486 2672/51/499
f 2627/51/526 2674/51/497 2673/51/440
f 2674/51/497 2676/51/492 2673/51/440
f 2632/51/527 2677/51/501 2631/51/444
f 2678/51/515 2680/51/511 2677/51/501
f 2644/51/463 2681/51/502 2643/51/442
f 2681/51/502 2683/51/434 2684/51/445
f 2614/51/453 2685/51/512 2613/51/516
f 2686/51/472 2688/51/644 2685/51/512
f 2624/51/473 2689/51/476 2623/51/465
f 2689/51/476 2691/51/471 2692/51/435
f 2629/51/468 2694/51/528 2693/51/506
f 2693/51/506 2695/51/519 2696/51/518
f 2641/51/446 2698/51/517 2697/51/507
f 2697/51/507 2699/51/523 2700/51/498
f 2617/51/495 2702/51/500 2701/51/493
f 2702/51/500 2704/51/520 2701/51/493
f 2621/51/433 2706/51/452 2705/51/508
f 2705/51/508 2707/51/514 2708/51/461
f 2632/51/527 2704/51/520 2613/51/516
f 2717/52/627 2779/52/530 2788/52/531
f 2745/52/532 2741/52/533 2744/52/534
f 2716/52/635 2769/52/536 2766/52/537
f 2739/52/608 2741/52/533 2748/52/538
f 2737/52/542 2773/52/623 2780/52/541
f 2734/52/543 2744/52/534 2731/52/544
f 2732/52/545 2752/52/546 2715/52/547
f 2799/52/548 2718/52/549 2710/52/550
f 2786/52/551 2712/52/552 2783/52/553
f 2754/52/573 2716/52/635 2751/52/554
f 2735/52/556 2804/52/557 2722/52/558
f 2740/52/559 2756/52/560 2719/52/561
f 2736/52/562 2760/52/563 2725/52/564
f 2764/52/565 2722/52/558 2771/52/645
f 2710/52/550 2787/52/567 2782/52/568
f 2720/52/569 2750/52/570 2712/52/552
f 2778/52/571 2719/52/561 2785/52/572
f 2755/52/620 2751/52/554 2750/52/570
f 2758/52/574 2715/52/547 2765/52/575
f 2747/52/576 2753/52/577 2756/52/560
f 2757/52/579 2734/52/543 2731/52/544
f 2752/52/546 2742/52/580 2749/52/581
f 2714/52/582 2772/52/583 2721/52/584
f 2760/52/563 2762/52/630 2757/52/579
f 2753/52/577 2733/52/586 2724/52/587
f 2766/52/537 2772/52/583 2767/52/588
f 2797/52/589 2726/52/590 2713/52/631
f 2761/52/610 2771/52/645 2770/52/592
f 2725/52/564 2796/52/593 2736/52/562
f 2768/52/595 2758/52/574 2765/52/575
f 2714/52/582 2803/52/596 2798/52/597
f 2780/52/541 2776/52/598 2777/52/599
f 2711/52/600 2775/52/601 2784/52/602
f 2789/52/603 2793/52/604 2796/52/593
f 2801/52/605 2738/52/606 2717/52/627
f 2782/52/568 2786/52/551 2783/52/553
f 2749/52/581 2730/52/607 2711/52/600
f 2779/52/530 2785/52/572 2788/52/531
f 2776/52/598 2739/52/608 2777/52/599
f 2775/52/601 2781/52/609 2784/52/602
f 2713/52/631 2759/52/594 2768/52/595
f 2724/52/587 2761/52/610 2770/52/592
f 2803/52/596 2799/52/548 2798/52/597
f 2774/52/611 2709/52/612 2781/52/609
f 2795/52/619 2801/52/605 2804/52/557
f 2727/52/540 2793/52/604 2792/52/614
f 2791/52/617 2797/52/589 2800/52/615
f 2791/52/617 2727/52/540 2792/52/614
f 2776/52/598 2730/52/607 2729/52/539
f 2743/52/618 2731/52/544 2744/52/534
f 2760/52/563 2726/52/590 2725/52/564
f 2763/52/585 2735/52/556 2764/52/565
f 2795/52/619 2736/52/562 2796/52/593
f 2747/52/576 2739/52/608 2748/52/538
f 2780/52/541 2738/52/606 2737/52/542
f 2799/52/548 2709/52/612 2800/52/615
f 2784/52/602 2712/52/552 2711/52/600
f 2751/52/554 2715/52/547 2752/52/546
f 2768/52/595 2714/52/582 2713/52/631
f 2771/52/645 2721/52/584 2772/52/583
f 2803/52/596 2722/52/558 2804/52/557
f 2755/52/620 2719/52/561 2756/52/560
f 2788/52/531 2718/52/549 2717/52/627
f 2729/52/539 2742/52/580 2741/52/533
f 2742/52/580 2744/52/534 2741/52/533
f 2734/52/543 2746/52/646 2745/52/532
f 2745/52/532 2747/52/576 2748/52/538
f 2711/52/600 2750/52/570 2749/52/581
f 2750/52/570 2752/52/546 2749/52/581
f 2724/52/587 2754/52/573 2753/52/577
f 2753/52/577 2755/52/620 2756/52/560
f 2732/52/545 2757/52/579 2731/52/544
f 2758/52/574 2760/52/563 2757/52/579
f 2733/52/586 2762/52/630 2761/52/610
f 2761/52/610 2763/52/585 2764/52/565
f 2716/52/635 2765/52/575 2715/52/547
f 2766/52/537 2768/52/595 2765/52/575
f 2723/52/555 2770/52/592 2769/52/536
f 2769/52/536 2771/52/645 2772/52/583
f 2728/52/622 2773/52/623 2727/52/540
f 2774/52/611 2776/52/598 2773/52/623
f 2740/52/559 2777/52/599 2739/52/608
f 2777/52/599 2779/52/530 2780/52/541
f 2710/52/550 2781/52/609 2709/52/612
f 2782/52/568 2784/52/602 2781/52/609
f 2720/52/569 2785/52/572 2719/52/561
f 2786/52/551 2788/52/531 2785/52/572
f 2725/52/564 2790/52/616 2789/52/603
f 2789/52/603 2791/52/617 2792/52/614
f 2737/52/542 2794/52/613 2793/52/604
f 2794/52/613 2796/52/593 2793/52/604
f 2713/52/631 2798/52/597 2797/52/589
f 2798/52/597 2800/52/615 2797/52/589
f 2717/52/627 2802/52/624 2801/52/605
f 2802/52/624 2804/52/557 2801/52/605
f 2728/52/622 2800/52/615 2709/52/612
f 2813/53/433 2875/53/434 2884/53/435
f 2841/53/436 2837/53/437 2840/53/438
f 2812/53/439 2865/53/440 2862/53/441
f 2844/53/443 2825/53/521 2837/53/437
f 2823/53/444 2876/53/445 2833/53/446
f 2830/53/447 2840/53/438 2827/53/448
f 2828/53/449 2848/53/450 2811/53/451
f 2898/53/452 2806/53/453 2895/53/454
f 2882/53/455 2808/53/456 2879/53/457
f 2850/53/458 2812/53/439 2847/53/459
f 2831/53/460 2900/53/461 2818/53/462
f 2836/53/463 2852/53/464 2815/53/465
f 2832/53/466 2856/53/467 2821/53/468
f 2860/53/625 2818/53/462 2867/53/470
f 2806/53/453 2883/53/471 2878/53/472
f 2816/53/473 2846/53/474 2808/53/456
f 2874/53/475 2815/53/465 2881/53/476
f 2851/53/477 2847/53/459 2846/53/474
f 2854/53/478 2811/53/451 2861/53/479
f 2843/53/524 2849/53/481 2852/53/464
f 2858/53/482 2827/53/448 2853/53/483
f 2848/53/450 2838/53/484 2845/53/485
f 2863/53/486 2817/53/487 2810/53/488
f 2859/53/489 2853/53/483 2856/53/467
f 2849/53/481 2829/53/490 2820/53/491
f 2862/53/441 2868/53/492 2863/53/486
f 2893/53/493 2822/53/494 2809/53/495
f 2857/53/496 2867/53/470 2866/53/497
f 2821/53/468 2892/53/498 2832/53/466
f 2864/53/499 2854/53/478 2861/53/479
f 2817/53/487 2894/53/500 2810/53/488
f 2869/53/501 2873/53/502 2876/53/445
f 2807/53/503 2871/53/504 2880/53/505
f 2885/53/506 2889/53/507 2892/53/498
f 2897/53/508 2834/53/647 2813/53/433
f 2878/53/472 2882/53/455 2879/53/457
f 2845/53/485 2826/53/510 2807/53/503
f 2875/53/434 2881/53/476 2884/53/435
f 2872/53/511 2835/53/442 2873/53/502
f 2880/53/505 2870/53/515 2877/53/512
f 2809/53/495 2855/53/626 2864/53/499
f 2820/53/491 2857/53/496 2866/53/497
f 2899/53/648 2895/53/454 2894/53/500
f 2870/53/515 2805/53/516 2877/53/512
f 2900/53/461 2890/53/517 2897/53/508
f 2888/53/518 2833/53/446 2889/53/507
f 2887/53/519 2893/53/493 2896/53/520
f 2887/53/519 2823/53/444 2888/53/518
f 2872/53/511 2826/53/510 2825/53/521
f 2839/53/522 2827/53/448 2840/53/438
f 2856/53/467 2822/53/494 2821/53/468
f 2859/53/489 2831/53/460 2860/53/625
f 2891/53/523 2832/53/466 2892/53/498
f 2843/53/524 2835/53/442 2844/53/443
f 2876/53/445 2834/53/647 2833/53/446
f 2895/53/454 2805/53/516 2896/53/520
f 2880/53/505 2808/53/456 2807/53/503
f 2847/53/459 2811/53/451 2848/53/450
f 2864/53/499 2810/53/488 2809/53/495
f 2867/53/470 2817/53/487 2868/53/492
f 2899/53/648 2818/53/462 2900/53/461
f 2851/53/477 2815/53/465 2852/53/464
f 2884/53/435 2814/53/525 2813/53/433
f 2825/53/521 2838/53/484 2837/53/437
f 2837/53/437 2839/53/522 2840/53/438
f 2830/53/447 2842/53/480 2841/53/436
f 2841/53/436 2843/53/524 2844/53/443
f 2807/53/503 2846/53/474 2845/53/485
f 2846/53/474 2848/53/450 2845/53/485
f 2820/53/491 2850/53/458 2849/53/481
f 2849/53/481 2851/53/477 2852/53/464
f 2828/53/449 2853/53/483 2827/53/448
f 2853/53/483 2855/53/626 2856/53/467
f 2829/53/490 2858/53/482 2857/53/496
f 2858/53/482 2860/53/625 2857/53/496
f 2812/53/439 2861/53/479 2811/53/451
f 2862/53/441 2864/53/499 2861/53/479
f 2819/53/526 2866/53/497 2865/53/440
f 2865/53/440 2867/53/470 2868/53/492
f 2824/53/649 2869/53/501 2823/53/444
f 2870/53/515 2872/53/511 2869/53/501
f 2836/53/463 2873/53/502 2835/53/442
f 2874/53/475 2876/53/445 2873/53/502
f 2806/53/453 2877/53/512 2805/53/516
f 2878/53/472 2880/53/505 2877/53/512
f 2816/53/473 2881/53/476 2815/53/465
f 2881/53/476 2883/53/471 2884/53/435
f 2821/53/468 2886/53/528 2885/53/506
f 2885/53/506 2887/53/519 2888/53/518
f 2833/53/446 2890/53/517 2889/53/507
f 2889/53/507 2891/53/523 2892/53/498
f 2809/53/495 2894/53/500 2893/53/493
f 2894/53/500 2896/53/520 2893/53/493
f 2813/53/433 2898/53/452 2897/53/508
f 2897/53/508 2899/53/648 2900/53/461
f 2824/53/649 2896/53/520 2805/53/516
f 2909/54/627 2971/54/530 2980/54/531
f 2937/54/532 2933/54/533 2936/54/534
f 2958/54/537 2915/54/555 2961/54/536
f 2940/54/538 2921/54/539 2933/54/533
f 2919/54/540 2972/54/541 2929/54/542
f 2926/54/543 2936/54/534 2923/54/544
f 2924/54/545 2944/54/546 2907/54/547
f 2994/54/624 2902/54/550 2991/54/548
f 2978/54/551 2904/54/552 2975/54/553
f 2946/54/573 2908/54/635 2943/54/554
f 2927/54/556 2996/54/557 2914/54/558
f 2932/54/559 2948/54/560 2911/54/561
f 2917/54/564 2955/54/585 2952/54/563
f 2956/54/565 2914/54/558 2963/54/566
f 2902/54/550 2979/54/567 2974/54/568
f 2912/54/569 2942/54/570 2904/54/552
f 2970/54/571 2911/54/561 2977/54/572
f 2947/54/620 2943/54/554 2942/54/570
f 2950/54/574 2907/54/547 2957/54/575
f 2948/54/560 2938/54/621 2945/54/577
f 2954/54/630 2923/54/544 2949/54/579
f 2944/54/546 2934/54/580 2941/54/581
f 2906/54/582 2964/54/583 2913/54/584
f 2952/54/563 2954/54/630 2949/54/579
f 2945/54/577 2925/54/586 2916/54/587
f 2958/54/537 2964/54/583 2959/54/588
f 2989/54/589 2918/54/590 2905/54/591
f 2962/54/592 2956/54/565 2963/54/566
f 2917/54/564 2988/54/593 2928/54/562
f 2951/54/594 2957/54/575 2960/54/632
f 2906/54/582 2995/54/596 2990/54/597
f 2965/54/623 2969/54/599 2972/54/541
f 2903/54/600 2967/54/601 2976/54/602
f 2981/54/603 2985/54/604 2988/54/593
f 2993/54/605 2930/54/606 2909/54/627
f 2974/54/568 2978/54/551 2975/54/553
f 2941/54/581 2922/54/607 2903/54/600
f 2980/54/531 2970/54/571 2977/54/572
f 2969/54/599 2921/54/539 2931/54/608
f 2976/54/602 2966/54/611 2973/54/609
f 2905/54/591 2951/54/594 2960/54/632
f 2916/54/587 2953/54/610 2962/54/592
f 2995/54/596 2991/54/548 2990/54/597
f 2966/54/611 2901/54/612 2973/54/609
f 2996/54/557 2986/54/613 2993/54/605
f 2984/54/614 2929/54/542 2985/54/604
f 2992/54/615 2982/54/616 2989/54/589
f 2983/54/633 2919/54/540 2984/54/614
f 2968/54/598 2922/54/607 2921/54/539
f 2935/54/618 2923/54/544 2936/54/534
f 2952/54/563 2918/54/590 2917/54/564
f 2955/54/585 2927/54/556 2956/54/565
f 2987/54/619 2928/54/562 2988/54/593
f 2939/54/576 2931/54/608 2940/54/538
f 2972/54/541 2930/54/606 2929/54/542
f 2991/54/548 2901/54/612 2992/54/615
f 2976/54/602 2904/54/552 2903/54/600
f 2943/54/554 2907/54/547 2944/54/546
f 2960/54/632 2906/54/582 2905/54/591
f 2963/54/566 2913/54/584 2964/54/583
f 2995/54/596 2914/54/558 2996/54/557
f 2947/54/620 2911/54/561 2948/54/560
f 2980/54/531 2910/54/549 2909/54/627
f 2921/54/539 2934/54/580 2933/54/533
f 2933/54/533 2935/54/618 2936/54/534
f 2926/54/543 2938/54/621 2937/54/532
f 2937/54/532 2939/54/576 2940/54/538
f 2903/54/600 2942/54/570 2941/54/581
f 2942/54/570 2944/54/546 2941/54/581
f 2916/54/587 2946/54/573 2945/54/577
f 2945/54/577 2947/54/620 2948/54/560
f 2924/54/545 2949/54/579 2923/54/544
f 2949/54/579 2951/54/594 2952/54/563
f 2925/54/586 2954/54/630 2953/54/610
f 2954/54/630 2956/54/565 2953/54/610
f 2908/54/635 2957/54/575 2907/54/547
f 2958/54/537 2960/54/632 2957/54/575
f 2915/54/555 2962/54/592 2961/54/536
f 2962/54/592 2964/54/583 2961/54/536
f 2920/54/622 2965/54/623 2919/54/540
f 2966/54/611 2968/54/598 2965/54/623
f 2932/54/559 2969/54/599 2931/54/608
f 2969/54/599 2971/54/530 2972/54/541
f 2902/54/550 2973/54/609 2901/54/612
f 2974/54/568 2976/54/602 2973/54/609
f 2912/54/569 2977/54/572 2911/54/561
f 2978/54/551 2980/54/531 2977/54/572
f 2917/54/564 2982/54/616 2981/54/603
f 2981/54/603 2983/54/633 2984/54/614
f 2929/54/542 2986/54/613 2985/54/604
f 2985/54/604 2987/54/619 2988/54/593
f 2905/54/591 2990/54/597 2989/54/589
f 2989/54/589 2991/54/548 2992/54/615
f 2909/54/627 2994/54/624 2993/54/605
f 2994/54/624 2996/54/557 2993/54/605
f 2920/54/622 2992/54/615 2901/54/612
f 3005/55/433 3067/55/434 3076/55/435
f 3033/55/436 3029/55/437 3032/55/438
f 3004/55/439 3057/55/440 3054/55/441
f 3036/55/443 3017/55/521 3029/55/437
f 3015/55/444 3068/55/445 3025/55/446
f 3022/55/447 3032/55/438 3019/55/448
f 3020/55/449 3040/55/450 3003/55/451
f 3090/55/452 2998/55/453 3087/55/454
f 3074/55/455 3000/55/456 3071/55/457
f 3042/55/458 3004/55/439 3039/55/459
f 3023/55/460 3092/55/461 3010/55/462
f 3028/55/463 3044/55/464 3007/55/465
f 3024/55/466 3048/55/467 3013/55/468
f 3052/55/625 3010/55/462 3059/55/470
f 2998/55/453 3075/55/471 3070/55/472
f 3008/55/473 3038/55/474 3000/55/456
f 3066/55/475 3007/55/465 3073/55/476
f 3043/55/477 3039/55/459 3038/55/474
f 3046/55/640 3003/55/451 3053/55/479
f 3035/55/650 3041/55/481 3044/55/464
f 3050/55/482 3019/55/448 3045/55/483
f 3040/55/450 3030/55/651 3037/55/485
f 3055/55/486 3009/55/487 3002/55/488
f 3051/55/489 3045/55/483 3048/55/467
f 3041/55/481 3021/55/490 3012/55/491
f 3054/55/441 3060/55/492 3055/55/486
f 3085/55/493 3014/55/494 3001/55/495
f 3058/55/497 3052/55/625 3059/55/470
f 3013/55/468 3084/55/498 3024/55/466
f 3047/55/626 3053/55/479 3056/55/499
f 3009/55/487 3086/55/500 3002/55/488
f 3061/55/501 3065/55/502 3068/55/445
f 2999/55/503 3063/55/504 3072/55/505
f 3077/55/506 3081/55/507 3084/55/498
f 3089/55/508 3026/55/509 3005/55/433
f 3070/55/472 3074/55/455 3071/55/457
f 3037/55/485 3018/55/510 2999/55/503
f 3067/55/434 3073/55/476 3076/55/435
f 3064/55/511 3027/55/442 3065/55/502
f 3063/55/504 3069/55/512 3072/55/505
f 3001/55/495 3047/55/626 3056/55/499
f 3012/55/491 3049/55/641 3058/55/497
f 3091/55/514 3087/55/454 3086/55/500
f 3062/55/515 2997/55/516 3069/55/512
f 3092/55/461 3082/55/517 3089/55/508
f 3015/55/444 3081/55/507 3080/55/518
f 3088/55/520 3078/55/528 3085/55/493
f 3079/55/519 3015/55/444 3080/55/518
f 3064/55/511 3018/55/510 3017/55/521
f 3031/55/522 3019/55/448 3032/55/438
f 3048/55/467 3014/55/494 3013/55/468
f 3051/55/489 3023/55/460 3052/55/625
f 3083/55/523 3024/55/466 3084/55/498
f 3035/55/650 3027/55/442 3036/55/443
f 3068/55/445 3026/55/509 3025/55/446
f 3087/55/454 2997/55/516 3088/55/520
f 3072/55/505 3000/55/456 2999/55/503
f 3039/55/459 3003/55/451 3040/55/450
f 3056/55/499 3002/55/488 3001/55/495
f 3059/55/470 3009/55/487 3060/55/492
f 3091/55/514 3010/55/462 3092/55/461
f 3043/55/477 3007/55/465 3044/55/464
f 3076/55/435 3006/55/525 3005/55/433
f 3017/55/521 3030/55/651 3029/55/437
f 3030/55/651 3032/55/438 3029/55/437
f 3022/55/447 3034/55/480 3033/55/436
f 3033/55/436 3035/55/650 3036/55/443
f 2999/55/503 3038/55/474 3037/55/485
f 3038/55/474 3040/55/450 3037/55/485
f 3012/55/491 3042/55/458 3041/55/481
f 3041/55/481 3043/55/477 3044/55/464
f 3020/55/449 3045/55/483 3019/55/448
f 3045/55/483 3047/55/626 3048/55/467
f 3021/55/490 3050/55/482 3049/55/641
f 3050/55/482 3052/55/625 3049/55/641
f 3004/55/439 3053/55/479 3003/55/451
f 3054/55/441 3056/55/499 3053/55/479
f 3011/55/526 3058/55/497 3057/55/440
f 3057/55/440 3059/55/470 3060/55/492
f 3016/55/527 3061/55/501 3015/55/444
f 3061/55/501 3063/55/504 3064/55/511
f 3028/55/463 3065/55/502 3027/55/442
f 3066/55/475 3068/55/445 3065/55/502
f 2998/55/453 3069/55/512 2997/55/516
f 3069/55/512 3071/55/457 3072/55/505
f 3008/55/473 3073/55/476 3007/55/465
f 3073/55/476 3075/55/471 3076/55/435
f 3013/55/468 3078/55/528 3077/55/506
f 3077/55/506 3079/55/519 3080/55/518
f 3025/55/446 3082/55/517 3081/55/507
f 3082/55/517 3084/55/498 3081/55/507
f 3001/55/495 3086/55/500 3085/55/493
f 3086/55/500 3088/55/520 3085/55/493
f 3005/55/433 3090/55/452 3089/55/508
f 3089/55/508 3091/55/514 3092/55/461
f 3016/55/527 3088/55/520 2997/55/516
f 3101/56/652 3163/56/653 3122/56/654
f 3129/56/655 3125/56/656 3132/56/657
f 3150/56/658 3107/56/659 3100/56/660
f 3132/56/657 3113/56/661 3123/56/662
f 3164/56/663 3111/56/664 3121/56/665
f 3118/56/666 3128/56/667 3129/56/655
f 3136/56/668 3116/56/669 3099/56/670
f 3094/56/671 3186/56/672 3183/56/673
f 3167/56/674 3104/56/675 3170/56/676
f 3100/56/660 3138/56/677 3135/56/678
f 3188/56/679 3119/56/680 3106/56/681
f 3140/56/682 3124/56/683 3103/56/684
f 3109/56/685 3147/56/686 3120/56/687
f 3106/56/681 3148/56/688 3155/56/689
f 3166/56/690 3102/56/691 3094/56/671
f 3134/56/692 3104/56/675 3096/56/693
f 3103/56/684 3162/56/694 3169/56/695
f 3135/56/678 3139/56/696 3134/56/692
f 3099/56/670 3142/56/697 3149/56/698
f 3140/56/682 3130/56/699 3131/56/700
f 3115/56/701 3146/56/702 3141/56/703
f 3136/56/668 3126/56/704 3127/56/705
f 3105/56/706 3151/56/707 3098/56/708
f 3144/56/709 3146/56/702 3147/56/686
f 3137/56/710 3117/56/711 3130/56/699
f 3156/56/712 3150/56/658 3151/56/707
f 3181/56/713 3110/56/714 3174/56/715
f 3154/56/716 3148/56/688 3145/56/717
f 3109/56/685 3180/56/718 3173/56/719
f 3149/56/698 3143/56/720 3152/56/721
f 3098/56/708 3187/56/722 3105/56/706
f 3161/56/723 3157/56/724 3164/56/663
f 3095/56/725 3159/56/726 3114/56/727
f 3173/56/719 3177/56/728 3176/56/729
f 3185/56/730 3122/56/654 3178/56/731
f 3166/56/690 3170/56/676 3171/56/732
f 3133/56/733 3114/56/727 3126/56/704
f 3172/56/734 3162/56/694 3163/56/653
f 3161/56/723 3113/56/661 3160/56/735
f 3168/56/736 3158/56/737 3159/56/726
f 3097/56/738 3143/56/720 3110/56/714
f 3108/56/739 3145/56/717 3117/56/711
f 3183/56/673 3187/56/722 3182/56/740
f 3093/56/741 3158/56/737 3165/56/742
f 3188/56/679 3178/56/731 3179/56/743
f 3176/56/729 3121/56/665 3111/56/664
f 3184/56/744 3174/56/715 3175/56/745
f 3111/56/664 3175/56/745 3176/56/729
f 3160/56/735 3114/56/727 3159/56/726
f 3115/56/701 3127/56/705 3128/56/667
f 3144/56/709 3110/56/714 3143/56/720
f 3119/56/680 3147/56/686 3148/56/688
f 3120/56/687 3179/56/743 3180/56/718
f 3123/56/662 3131/56/700 3132/56/657
f 3164/56/663 3122/56/654 3163/56/653
f 3093/56/741 3183/56/673 3184/56/744
f 3168/56/736 3096/56/693 3167/56/674
f 3099/56/670 3135/56/678 3136/56/668
f 3152/56/721 3098/56/708 3151/56/707
f 3105/56/706 3155/56/689 3156/56/712
f 3106/56/681 3187/56/722 3188/56/679
f 3103/56/684 3139/56/696 3140/56/682
f 3172/56/734 3102/56/691 3171/56/732
f 3113/56/661 3126/56/704 3114/56/727
f 3125/56/656 3127/56/705 3126/56/704
f 3118/56/666 3130/56/699 3117/56/711
f 3129/56/655 3131/56/700 3130/56/699
f 3095/56/725 3134/56/692 3096/56/693
f 3136/56/668 3134/56/692 3133/56/733
f 3108/56/739 3138/56/677 3107/56/659
f 3137/56/710 3139/56/696 3138/56/677
f 3141/56/703 3116/56/669 3115/56/701
f 3141/56/703 3143/56/720 3142/56/697
f 3117/56/711 3146/56/702 3118/56/666
f 3148/56/688 3146/56/702 3145/56/717
f 3149/56/698 3100/56/660 3099/56/670
f 3152/56/721 3150/56/658 3149/56/698
f 3107/56/659 3154/56/716 3108/56/739
f 3156/56/712 3154/56/716 3153/56/746
f 3157/56/724 3112/56/747 3111/56/664
f 3160/56/735 3158/56/737 3157/56/724
f 3161/56/723 3124/56/683 3123/56/662
f 3161/56/723 3163/56/653 3162/56/694
f 3165/56/742 3094/56/671 3093/56/741
f 3168/56/736 3166/56/690 3165/56/742
f 3169/56/695 3104/56/675 3103/56/684
f 3172/56/734 3170/56/676 3169/56/695
f 3109/56/685 3174/56/715 3110/56/714
f 3173/56/719 3175/56/745 3174/56/715
f 3121/56/665 3178/56/731 3122/56/654
f 3177/56/728 3179/56/743 3178/56/731
f 3097/56/738 3182/56/740 3098/56/708
f 3181/56/713 3183/56/673 3182/56/740
f 3101/56/652 3186/56/672 3102/56/691
f 3188/56/679 3186/56/672 3185/56/730
f 3184/56/744 3112/56/747 3093/56/741
f 20/1/1 17/17/16 7/2/2
f 3/4/4 18/57/22 19/5/5
f 9/7/6 10/8/19 8/8/7
f 2/9/9 1/6/9 19/10/5
f 4/12/11 3/4/11 1/6/11
f 14/13/12 20/1/1 5/3/3
f 16/14/13 4/12/14 2/9/14
f 16/16/13 18/58/22 3/4/15
f 17/17/16 15/23/21 8/8/7
f 9/7/17 12/3/17 11/2/17
f 11/2/18 12/3/20 5/3/3
f 10/8/19 11/2/18 7/2/2
f 12/3/20 9/7/6 6/7/8
f 15/18/21 16/14/13 13/15/10
f 17/20/16 18/58/22 16/16/13
f 14/13/12 13/11/10 19/10/5
f 20/1/1 19/59/5 18/22/22
f 15/23/21 14/13/12 6/7/8
f 29/24/23 100/24/105 91/24/24
f 57/24/26 56/24/38 53/24/27
f 81/24/29 35/24/117 28/24/30
f 60/24/28 53/24/27 41/24/32
f 92/24/34 85/24/95 39/24/35
f 46/24/37 43/24/72 56/24/38
f 64/24/39 55/24/76 44/24/40
f 111/24/42 22/24/61 30/24/43
f 95/24/45 24/24/64 32/24/46
f 28/24/30 35/24/117 66/24/48
f 116/24/50 107/24/114 47/24/51
f 68/24/53 59/24/71 52/24/54
f 37/24/56 72/24/80 75/24/57
f 34/24/52 47/24/51 76/24/59
f 22/24/61 94/24/103 99/24/62
f 62/24/63 67/24/67 32/24/46
f 31/24/55 52/24/54 90/24/65
f 62/24/63 63/24/49 66/24/48
f 27/24/41 44/24/40 70/24/68
f 65/24/70 58/24/82 59/24/71
f 43/24/72 46/24/37 74/24/73
f 64/24/39 61/24/104 54/24/75
f 26/24/77 33/24/93 84/24/78
f 69/24/74 74/24/73 75/24/57
f 65/24/70 36/24/110 45/24/81
f 84/24/78 81/24/29 78/24/31
f 109/24/83 25/24/109 38/24/84
f 83/24/60 76/24/59 73/24/86
f 37/24/56 48/24/58 108/24/88
f 77/24/69 70/24/68 71/24/90
f 26/24/77 110/24/111 115/24/92
f 89/24/94 88/24/106 85/24/95
f 23/24/96 96/24/108 87/24/97
f 101/24/89 108/24/88 105/24/99
f 113/24/101 29/24/23 50/24/25
f 94/24/103 95/24/45 98/24/47
f 61/24/104 23/24/96 42/24/98
f 97/24/66 90/24/65 91/24/24
f 89/24/94 51/24/33 41/24/32
f 93/24/107 86/24/113 87/24/97
f 25/24/109 80/24/91 71/24/90
f 36/24/110 82/24/87 73/24/86
f 111/24/42 114/24/44 115/24/92
f 21/24/112 40/24/118 86/24/113
f 116/24/50 113/24/101 106/24/102
f 104/24/100 105/24/99 49/24/36
f 112/24/115 109/24/83 102/24/85
f 39/24/35 40/24/118 103/24/116
f 88/24/106 41/24/32 42/24/98
f 43/24/72 44/24/40 55/24/76
f 72/24/80 37/24/56 38/24/84
f 47/24/51 48/24/58 75/24/57
f 48/24/58 47/24/51 107/24/114
f 51/24/33 52/24/54 59/24/71
f 92/24/34 49/24/36 50/24/25
f 21/24/112 22/24/61 111/24/42
f 96/24/108 23/24/96 24/24/64
f 27/24/41 28/24/30 63/24/49
f 80/24/91 25/24/109 26/24/77
f 33/24/93 34/24/52 83/24/60
f 34/24/52 33/24/93 115/24/92
f 31/24/55 32/24/46 67/24/67
f 100/24/105 29/24/23 30/24/43
f 41/24/32 53/24/27 54/24/75
f 56/24/38 55/24/76 54/24/75
f 46/24/37 57/24/26 58/24/82
f 57/24/26 60/24/28 59/24/71
f 23/24/96 61/24/104 62/24/63
f 64/24/39 63/24/49 62/24/63
f 36/24/110 65/24/70 66/24/48
f 65/24/70 68/24/53 67/24/67
f 69/24/74 70/24/68 44/24/40
f 72/24/80 71/24/90 70/24/68
f 45/24/81 73/24/86 74/24/73
f 73/24/86 76/24/59 75/24/57
f 77/24/69 78/24/31 28/24/30
f 80/24/91 79/24/79 78/24/31
f 35/24/117 81/24/29 82/24/87
f 84/24/78 83/24/60 82/24/87
f 85/24/95 86/24/113 40/24/118
f 88/24/106 87/24/97 86/24/113
f 89/24/94 90/24/65 52/24/54
f 92/24/34 91/24/24 90/24/65
f 93/24/107 94/24/103 22/24/61
f 96/24/108 95/24/45 94/24/103
f 97/24/66 98/24/47 32/24/46
f 100/24/105 99/24/62 98/24/47
f 37/24/56 101/24/89 102/24/85
f 101/24/89 104/24/100 103/24/116
f 49/24/36 105/24/99 106/24/102
f 105/24/99 108/24/88 107/24/114
f 25/24/109 109/24/83 110/24/111
f 109/24/83 112/24/115 111/24/42
f 29/24/23 113/24/101 114/24/44
f 116/24/50 115/24/92 114/24/44
f 112/24/115 103/24/116 40/24/118
f 125/25/119 196/25/200 187/25/120
f 153/25/122 152/25/133 149/25/123
f 177/25/125 131/25/213 124/25/126
f 149/25/123 137/25/212 147/25/128
f 188/25/129 181/25/190 135/25/130
f 142/25/132 139/25/167 152/25/133
f 160/25/134 151/25/171 140/25/135
f 118/25/137 126/25/157 210/25/138
f 120/25/140 128/25/159 194/25/141
f 124/25/126 131/25/213 162/25/143
f 212/25/145 203/25/209 143/25/146
f 164/25/148 155/25/166 148/25/149
f 168/25/151 171/25/175 144/25/152
f 130/25/147 143/25/146 172/25/154
f 118/25/137 190/25/198 195/25/156
f 158/25/158 163/25/162 128/25/159
f 127/25/150 148/25/149 186/25/160
f 159/25/144 162/25/143 163/25/162
f 123/25/136 140/25/135 166/25/163
f 164/25/148 161/25/176 154/25/165
f 139/25/167 142/25/132 170/25/168
f 160/25/134 157/25/199 150/25/170
f 129/25/172 180/25/178 175/25/173
f 165/25/169 170/25/168 171/25/175
f 161/25/176 132/25/205 141/25/177
f 180/25/178 177/25/125 174/25/127
f 205/25/179 121/25/204 134/25/180
f 179/25/155 172/25/154 169/25/182
f 133/25/153 144/25/152 204/25/184
f 176/25/186 173/25/164 166/25/163
f 206/25/188 211/25/206 129/25/172
f 185/25/189 184/25/201 181/25/190
f 119/25/191 192/25/203 183/25/192
f 197/25/185 204/25/184 201/25/194
f 209/25/196 125/25/119 146/25/121
f 190/25/198 191/25/142 194/25/141
f 157/25/199 119/25/191 138/25/193
f 196/25/200 193/25/161 186/25/160
f 147/25/128 137/25/212 184/25/201
f 189/25/202 182/25/208 183/25/192
f 121/25/204 176/25/186 167/25/187
f 132/25/205 178/25/183 169/25/182
f 207/25/139 210/25/138 211/25/206
f 117/25/207 136/25/214 182/25/208
f 212/25/145 209/25/196 202/25/197
f 201/25/194 145/25/131 135/25/130
f 205/25/179 198/25/181 199/25/210
f 135/25/130 136/25/214 199/25/210
f 184/25/201 137/25/212 138/25/193
f 139/25/167 140/25/135 151/25/171
f 168/25/151 133/25/153 134/25/180
f 143/25/146 144/25/152 171/25/175
f 144/25/152 143/25/146 203/25/209
f 147/25/128 148/25/149 155/25/166
f 188/25/129 145/25/131 146/25/121
f 117/25/207 118/25/137 207/25/139
f 192/25/203 119/25/191 120/25/140
f 123/25/136 124/25/126 159/25/144
f 176/25/186 121/25/204 122/25/174
f 129/25/172 130/25/147 179/25/155
f 130/25/147 129/25/172 211/25/206
f 127/25/150 128/25/159 163/25/162
f 196/25/200 125/25/119 126/25/157
f 137/25/212 149/25/123 150/25/170
f 152/25/133 151/25/171 150/25/170
f 142/25/132 153/25/122 154/25/165
f 156/25/124 155/25/166 154/25/165
f 119/25/191 157/25/199 158/25/158
f 160/25/134 159/25/144 158/25/158
f 132/25/205 161/25/176 162/25/143
f 161/25/176 164/25/148 163/25/162
f 165/25/169 166/25/163 140/25/135
f 168/25/151 167/25/187 166/25/163
f 141/25/177 169/25/182 170/25/168
f 169/25/182 172/25/154 171/25/175
f 173/25/164 174/25/127 124/25/126
f 173/25/164 176/25/186 175/25/173
f 131/25/213 177/25/125 178/25/183
f 180/25/178 179/25/155 178/25/183
f 181/25/190 182/25/208 136/25/214
f 184/25/201 183/25/192 182/25/208
f 185/25/189 186/25/160 148/25/149
f 188/25/129 187/25/120 186/25/160
f 189/25/202 190/25/198 118/25/137
f 189/25/202 192/25/203 191/25/142
f 193/25/161 194/25/141 128/25/159
f 196/25/200 195/25/156 194/25/141
f 133/25/153 197/25/185 198/25/181
f 197/25/185 200/25/195 199/25/210
f 145/25/131 201/25/194 202/25/197
f 204/25/184 203/25/209 202/25/197
f 121/25/204 205/25/179 206/25/188
f 205/25/179 208/25/211 207/25/139
f 125/25/119 209/25/196 210/25/138
f 212/25/145 211/25/206 210/25/138
f 208/25/211 199/25/210 136/25/214
f 221/26/215 292/26/298 283/26/216
f 249/26/218 248/26/230 245/26/219
f 273/26/221 227/26/241 220/26/222
f 252/26/220 245/26/219 233/26/224
f 284/26/226 277/26/288 231/26/227
f 238/26/229 235/26/265 248/26/230
f 256/26/231 247/26/269 236/26/232
f 303/26/234 214/26/254 222/26/235
f 216/26/237 224/26/257 290/26/238
f 255/26/240 220/26/222 227/26/241
f 308/26/243 299/26/307 239/26/244
f 260/26/246 251/26/264 244/26/247
f 264/26/249 267/26/273 240/26/250
f 226/26/245 239/26/244 268/26/252
f 214/26/254 286/26/296 291/26/255
f 254/26/256 259/26/260 224/26/257
f 223/26/248 244/26/247 282/26/258
f 254/26/256 255/26/240 258/26/242
f 219/26/233 236/26/232 262/26/261
f 257/26/263 250/26/275 251/26/264
f 235/26/265 238/26/229 266/26/266
f 256/26/231 253/26/297 246/26/268
f 218/26/270 225/26/286 276/26/271
f 261/26/267 266/26/266 267/26/273
f 257/26/263 228/26/303 237/26/274
f 276/26/271 273/26/221 270/26/223
f 301/26/276 217/26/302 230/26/277
f 274/26/279 275/26/253 268/26/252
f 229/26/251 240/26/250 300/26/281
f 269/26/262 262/26/261 263/26/283
f 218/26/270 302/26/304 307/26/285
f 284/26/226 281/26/299 280/26/287
f 215/26/289 288/26/301 279/26/290
f 293/26/282 300/26/281 297/26/292
f 305/26/294 221/26/215 242/26/217
f 286/26/296 287/26/239 290/26/238
f 253/26/297 215/26/289 234/26/291
f 289/26/259 282/26/258 283/26/216
f 281/26/299 243/26/225 233/26/224
f 285/26/300 278/26/306 279/26/290
f 217/26/302 272/26/284 263/26/283
f 228/26/303 274/26/279 265/26/280
f 303/26/234 306/26/236 307/26/285
f 213/26/305 232/26/310 278/26/306
f 308/26/243 305/26/294 298/26/295
f 296/26/293 297/26/292 241/26/228
f 304/26/308 301/26/276 294/26/278
f 231/26/227 232/26/310 295/26/309
f 280/26/287 233/26/224 234/26/291
f 235/26/265 236/26/232 247/26/269
f 264/26/249 229/26/251 230/26/277
f 239/26/244 240/26/250 267/26/273
f 240/26/250 239/26/244 299/26/307
f 243/26/225 244/26/247 251/26/264
f 284/26/226 241/26/228 242/26/217
f 213/26/305 214/26/254 303/26/234
f 288/26/301 215/26/289 216/26/237
f 219/26/233 220/26/222 255/26/240
f 272/26/284 217/26/302 218/26/270
f 225/26/286 226/26/245 275/26/253
f 226/26/245 225/26/286 307/26/285
f 223/26/248 224/26/257 259/26/260
f 292/26/298 221/26/215 222/26/235
f 233/26/224 245/26/219 246/26/268
f 245/26/219 248/26/230 247/26/269
f 238/26/229 249/26/218 250/26/275
f 249/26/218 252/26/220 251/26/264
f 215/26/289 253/26/297 254/26/256
f 256/26/231 255/26/240 254/26/256
f 228/26/303 257/26/263 258/26/242
f 260/26/246 259/26/260 258/26/242
f 261/26/267 262/26/261 236/26/232
f 261/26/267 264/26/249 263/26/283
f 237/26/274 265/26/280 266/26/266
f 265/26/280 268/26/252 267/26/273
f 269/26/262 270/26/223 220/26/222
f 269/26/262 272/26/284 271/26/272
f 227/26/241 273/26/221 274/26/279
f 276/26/271 275/26/253 274/26/279
f 277/26/288 278/26/306 232/26/310
f 280/26/287 279/26/290 278/26/306
f 281/26/299 282/26/258 244/26/247
f 284/26/226 283/26/216 282/26/258
f 285/26/300 286/26/296 214/26/254
f 288/26/301 287/26/239 286/26/296
f 289/26/259 290/26/238 224/26/257
f 289/26/259 292/26/298 291/26/255
f 229/26/251 293/26/282 294/26/278
f 293/26/282 296/26/293 295/26/309
f 241/26/228 297/26/292 298/26/295
f 300/26/281 299/26/307 298/26/295
f 217/26/302 301/26/276 302/26/304
f 301/26/276 304/26/308 303/26/234
f 221/26/215 305/26/294 306/26/236
f 308/26/243 307/26/285 306/26/236
f 304/26/308 295/26/309 232/26/310
f 317/27/119 388/27/200 379/27/120
f 345/27/122 344/27/133 341/27/123
f 369/27/125 323/27/213 316/27/126
f 348/27/124 341/27/123 329/27/212
f 380/27/129 373/27/190 327/27/130
f 334/27/132 331/27/167 344/27/133
f 352/27/134 343/27/171 332/27/135
f 310/27/137 318/27/157 402/27/138
f 312/27/140 320/27/159 386/27/141
f 316/27/126 323/27/213 354/27/143
f 404/27/145 395/27/209 335/27/146
f 356/27/148 347/27/166 340/27/149
f 360/27/151 363/27/175 336/27/152
f 322/27/147 335/27/146 364/27/154
f 310/27/137 382/27/198 387/27/156
f 350/27/158 355/27/162 320/27/159
f 319/27/150 340/27/149 378/27/160
f 351/27/144 354/27/143 355/27/162
f 315/27/136 332/27/135 358/27/163
f 356/27/148 353/27/176 346/27/165
f 331/27/167 334/27/132 362/27/168
f 349/27/199 342/27/170 343/27/171
f 321/27/172 372/27/178 367/27/173
f 357/27/169 362/27/168 363/27/175
f 353/27/176 324/27/205 333/27/177
f 372/27/178 369/27/125 366/27/127
f 397/27/179 313/27/204 326/27/180
f 370/27/183 371/27/155 364/27/154
f 325/27/153 336/27/152 396/27/184
f 365/27/164 358/27/163 359/27/187
f 398/27/188 403/27/206 321/27/172
f 377/27/189 376/27/201 373/27/190
f 311/27/191 384/27/203 375/27/192
f 389/27/185 396/27/184 393/27/194
f 401/27/196 317/27/119 338/27/121
f 382/27/198 383/27/142 386/27/141
f 349/27/199 311/27/191 330/27/193
f 388/27/200 385/27/161 378/27/160
f 339/27/128 329/27/212 376/27/201
f 384/27/203 381/27/202 374/27/208
f 313/27/204 368/27/186 359/27/187
f 324/27/205 370/27/183 361/27/182
f 399/27/139 402/27/138 403/27/206
f 309/27/207 328/27/214 374/27/208
f 404/27/145 401/27/196 394/27/197
f 392/27/195 393/27/194 337/27/131
f 397/27/179 390/27/181 391/27/210
f 327/27/130 328/27/214 391/27/210
f 376/27/201 329/27/212 330/27/193
f 331/27/167 332/27/135 343/27/171
f 360/27/151 325/27/153 326/27/180
f 335/27/146 336/27/152 363/27/175
f 336/27/152 335/27/146 395/27/209
f 339/27/128 340/27/149 347/27/166
f 380/27/129 337/27/131 338/27/121
f 309/27/207 310/27/137 399/27/139
f 384/27/203 311/27/191 312/27/140
f 315/27/136 316/27/126 351/27/144
f 368/27/186 313/27/204 314/27/174
f 321/27/172 322/27/147 371/27/155
f 322/27/147 321/27/172 403/27/206
f 319/27/150 320/27/159 355/27/162
f 388/27/200 317/27/119 318/27/157
f 329/27/212 341/27/123 342/27/170
f 341/27/123 344/27/133 343/27/171
f 334/27/132 345/27/122 346/27/165
f 345/27/122 348/27/124 347/27/166
f 311/27/191 349/27/199 350/27/158
f 349/27/199 352/27/134 351/27/144
f 324/27/205 353/27/176 354/27/143
f 356/27/148 355/27/162 354/27/143
f 357/27/169 358/27/163 332/27/135
f 357/27/169 360/27/151 359/27/187
f 333/27/177 361/27/182 362/27/168
f 364/27/154 363/27/175 362/27/168
f 365/27/164 366/27/127 316/27/126
f 365/27/164 368/27/186 367/27/173
f 323/27/213 369/27/125 370/27/183
f 372/27/178 371/27/155 370/27/183
f 373/27/190 374/27/208 328/27/214
f 376/27/201 375/27/192 374/27/208
f 377/27/189 378/27/160 340/27/149
f 380/27/129 379/27/120 378/27/160
f 381/27/202 382/27/198 310/27/137
f 381/27/202 384/27/203 383/27/142
f 385/27/161 386/27/141 320/27/159
f 388/27/200 387/27/156 386/27/141
f 325/27/153 389/27/185 390/27/181
f 389/27/185 392/27/195 391/27/210
f 337/27/131 393/27/194 394/27/197
f 396/27/184 395/27/209 394/27/197
f 313/27/204 397/27/179 398/27/188
f 397/27/179 400/27/211 399/27/139
f 317/27/119 401/27/196 402/27/138
f 404/27/145 403/27/206 402/27/138
f 400/27/211 391/27/210 328/27/214
f 413/28/311 484/28/298 475/28/216
f 441/28/218 440/28/230 437/28/219
f 465/28/221 419/28/241 412/28/222
f 444/28/220 437/28/219 425/28/224
f 476/28/226 469/28/288 423/28/227
f 427/28/265 440/28/230 441/28/218
f 448/28/231 439/28/269 428/28/232
f 406/28/254 414/28/235 498/28/236
f 408/28/237 416/28/257 482/28/238
f 447/28/240 412/28/222 419/28/241
f 500/28/243 491/28/307 431/28/244
f 452/28/246 443/28/264 436/28/314
f 421/28/251 456/28/249 459/28/273
f 418/28/245 431/28/244 460/28/252
f 406/28/254 478/28/296 483/28/255
f 446/28/256 451/28/260 416/28/257
f 415/28/248 436/28/314 474/28/258
f 447/28/240 450/28/242 451/28/260
f 411/28/313 428/28/232 454/28/261
f 449/28/263 442/28/275 443/28/264
f 427/28/265 430/28/229 458/28/266
f 448/28/231 445/28/297 438/28/268
f 417/28/286 468/28/271 463/28/272
f 453/28/267 458/28/266 459/28/273
f 449/28/263 420/28/303 429/28/274
f 463/28/272 468/28/271 465/28/221
f 493/28/276 409/28/316 422/28/277
f 466/28/279 467/28/253 460/28/252
f 421/28/251 432/28/250 492/28/281
f 461/28/262 454/28/261 455/28/283
f 410/28/270 494/28/304 499/28/285
f 476/28/226 473/28/299 472/28/287
f 407/28/289 480/28/301 471/28/290
f 485/28/282 492/28/281 489/28/292
f 497/28/294 413/28/311 434/28/217
f 478/28/296 479/28/239 482/28/238
f 445/28/297 407/28/289 426/28/291
f 484/28/298 481/28/259 474/28/258
f 473/28/299 435/28/312 425/28/224
f 480/28/301 477/28/300 470/28/306
f 409/28/316 464/28/315 455/28/283
f 420/28/303 466/28/279 457/28/280
f 495/28/234 498/28/236 499/28/285
f 405/28/305 424/28/310 470/28/306
f 497/28/294 490/28/295 491/28/307
f 488/28/293 489/28/292 433/28/228
f 493/28/276 486/28/278 487/28/317
f 423/28/227 424/28/310 487/28/317
f 472/28/287 425/28/224 426/28/291
f 427/28/265 428/28/232 439/28/269
f 456/28/249 421/28/251 422/28/277
f 431/28/244 432/28/250 459/28/273
f 432/28/250 431/28/244 491/28/307
f 435/28/312 436/28/314 443/28/264
f 476/28/226 433/28/228 434/28/217
f 405/28/305 406/28/254 495/28/234
f 480/28/301 407/28/289 408/28/237
f 411/28/313 412/28/222 447/28/240
f 464/28/315 409/28/316 410/28/270
f 417/28/286 418/28/245 467/28/253
f 418/28/245 417/28/286 499/28/285
f 415/28/248 416/28/257 451/28/260
f 484/28/298 413/28/311 414/28/235
f 425/28/224 437/28/219 438/28/268
f 440/28/230 439/28/269 438/28/268
f 430/28/229 441/28/218 442/28/275
f 441/28/218 444/28/220 443/28/264
f 407/28/289 445/28/297 446/28/256
f 448/28/231 447/28/240 446/28/256
f 420/28/303 449/28/263 450/28/242
f 449/28/263 452/28/246 451/28/260
f 453/28/267 454/28/261 428/28/232
f 453/28/267 456/28/249 455/28/283
f 429/28/274 457/28/280 458/28/266
f 460/28/252 459/28/273 458/28/266
f 461/28/262 462/28/223 412/28/222
f 464/28/315 463/28/272 462/28/223
f 419/28/241 465/28/221 466/28/279
f 465/28/221 468/28/271 467/28/253
f 469/28/288 470/28/306 424/28/310
f 472/28/287 471/28/290 470/28/306
f 473/28/299 474/28/258 436/28/314
f 476/28/226 475/28/216 474/28/258
f 477/28/300 478/28/296 406/28/254
f 480/28/301 479/28/239 478/28/296
f 481/28/259 482/28/238 416/28/257
f 484/28/298 483/28/255 482/28/238
f 421/28/251 485/28/282 486/28/278
f 485/28/282 488/28/293 487/28/317
f 433/28/228 489/28/292 490/28/295
f 492/28/281 491/28/307 490/28/295
f 409/28/316 493/28/276 494/28/304
f 493/28/276 496/28/308 495/28/234
f 413/28/311 497/28/294 498/28/236
f 500/28/243 499/28/285 498/28/236
f 496/28/308 487/28/317 424/28/310
f 509/29/119 580/29/200 571/29/120
f 537/29/122 536/29/133 533/29/123
f 561/29/125 515/29/213 508/29/126
f 540/29/124 533/29/123 521/29/212
f 572/29/129 565/29/190 519/29/130
f 526/29/132 523/29/167 536/29/133
f 544/29/134 535/29/171 524/29/135
f 502/29/137 510/29/157 594/29/138
f 504/29/140 512/29/159 578/29/141
f 508/29/126 515/29/213 546/29/143
f 596/29/145 587/29/209 527/29/146
f 548/29/148 539/29/166 532/29/149
f 552/29/151 555/29/175 528/29/152
f 514/29/147 527/29/146 556/29/154
f 502/29/137 574/29/198 579/29/156
f 542/29/158 547/29/162 512/29/159
f 511/29/150 532/29/149 570/29/160
f 543/29/144 546/29/143 547/29/162
f 507/29/136 524/29/135 550/29/318
f 548/29/148 545/29/176 538/29/165
f 523/29/167 526/29/132 554/29/168
f 544/29/134 541/29/199 534/29/170
f 513/29/319 564/29/178 559/29/173
f 549/29/169 554/29/168 555/29/175
f 545/29/176 516/29/205 525/29/177
f 564/29/178 561/29/125 558/29/127
f 589/29/179 505/29/204 518/29/180
f 563/29/155 556/29/154 553/29/320
f 517/29/153 528/29/152 588/29/184
f 560/29/186 557/29/164 550/29/318
f 590/29/188 595/29/206 513/29/319
f 569/29/189 568/29/201 565/29/190
f 503/29/191 576/29/203 567/29/192
f 581/29/185 588/29/184 585/29/194
f 593/29/196 509/29/119 530/29/121
f 574/29/198 575/29/142 578/29/141
f 541/29/199 503/29/191 522/29/193
f 577/29/161 570/29/160 571/29/120
f 531/29/128 521/29/212 568/29/201
f 576/29/203 573/29/202 566/29/208
f 505/29/204 560/29/186 551/29/187
f 516/29/205 562/29/183 553/29/320
f 591/29/139 594/29/138 595/29/206
f 501/29/207 520/29/214 566/29/208
f 596/29/145 593/29/196 586/29/197
f 585/29/194 529/29/131 519/29/130
f 589/29/179 582/29/181 583/29/210
f 519/29/130 520/29/214 583/29/210
f 568/29/201 521/29/212 522/29/193
f 523/29/167 524/29/135 535/29/171
f 552/29/151 517/29/153 518/29/180
f 527/29/146 528/29/152 555/29/175
f 528/29/152 527/29/146 587/29/209
f 531/29/128 532/29/149 539/29/166
f 572/29/129 529/29/131 530/29/121
f 501/29/207 502/29/137 591/29/139
f 576/29/203 503/29/191 504/29/140
f 507/29/136 508/29/126 543/29/144
f 560/29/186 505/29/204 506/29/174
f 513/29/319 514/29/147 563/29/155
f 514/29/147 513/29/319 595/29/206
f 511/29/150 512/29/159 547/29/162
f 580/29/200 509/29/119 510/29/157
f 521/29/212 533/29/123 534/29/170
f 536/29/133 535/29/171 534/29/170
f 526/29/132 537/29/122 538/29/165
f 537/29/122 540/29/124 539/29/166
f 503/29/191 541/29/199 542/29/158
f 544/29/134 543/29/144 542/29/158
f 516/29/205 545/29/176 546/29/143
f 545/29/176 548/29/148 547/29/162
f 549/29/169 550/29/318 524/29/135
f 549/29/169 552/29/151 551/29/187
f 525/29/177 553/29/320 554/29/168
f 556/29/154 555/29/175 554/29/168
f 557/29/164 558/29/127 508/29/126
f 560/29/186 559/29/173 558/29/127
f 515/29/213 561/29/125 562/29/183
f 561/29/125 564/29/178 563/29/155
f 565/29/190 566/29/208 520/29/214
f 568/29/201 567/29/192 566/29/208
f 569/29/189 570/29/160 532/29/149
f 569/29/189 572/29/129 571/29/120
f 573/29/202 574/29/198 502/29/137
f 576/29/203 575/29/142 574/29/198
f 577/29/161 578/29/141 512/29/159
f 580/29/200 579/29/156 578/29/141
f 517/29/153 581/29/185 582/29/181
f 581/29/185 584/29/195 583/29/210
f 529/29/131 585/29/194 586/29/197
f 585/29/194 588/29/184 587/29/209
f 505/29/204 589/29/179 590/29/188
f 589/29/179 592/29/211 591/29/139
f 509/29/119 593/29/196 594/29/138
f 596/29/145 595/29/206 594/29/138
f 592/29/211 583/29/210 520/29/214
f 605/30/311 676/30/298 667/30/216
f 633/30/218 632/30/230 629/30/219
f 657/30/221 611/30/241 604/30/321
f 636/30/220 629/30/219 617/30/224
f 668/30/226 661/30/288 615/30/227
f 619/30/265 632/30/230 633/30/218
f 640/30/231 631/30/269 620/30/232
f 598/30/254 606/30/235 690/30/236
f 600/30/237 608/30/257 674/30/238
f 604/30/321 611/30/241 642/30/242
f 692/30/243 683/30/307 623/30/244
f 644/30/246 635/30/264 628/30/247
f 613/30/251 648/30/249 651/30/273
f 610/30/245 623/30/244 652/30/252
f 670/30/296 675/30/255 606/30/235
f 600/30/237 638/30/256 643/30/260
f 607/30/248 628/30/247 666/30/322
f 639/30/240 642/30/242 643/30/260
f 603/30/233 620/30/232 646/30/261
f 644/30/246 641/30/263 634/30/275
f 645/30/267 619/30/265 622/30/229
f 640/30/231 637/30/297 630/30/268
f 602/30/270 609/30/286 660/30/271
f 648/30/249 645/30/267 650/30/266
f 641/30/263 612/30/303 621/30/274
f 660/30/271 657/30/221 654/30/223
f 685/30/276 601/30/316 614/30/277
f 659/30/253 652/30/252 649/30/280
f 613/30/251 624/30/250 684/30/281
f 653/30/262 646/30/261 647/30/283
f 686/30/304 691/30/285 609/30/286
f 665/30/299 664/30/287 661/30/288
f 599/30/289 672/30/301 663/30/290
f 677/30/282 684/30/281 681/30/292
f 689/30/294 605/30/311 626/30/217
f 670/30/296 671/30/239 674/30/238
f 637/30/297 599/30/289 618/30/291
f 676/30/298 673/30/323 666/30/322
f 627/30/225 617/30/224 664/30/287
f 672/30/301 669/30/300 662/30/306
f 601/30/316 656/30/315 647/30/283
f 612/30/303 658/30/279 649/30/280
f 687/30/234 690/30/236 691/30/285
f 597/30/305 616/30/310 662/30/306
f 692/30/243 689/30/294 682/30/295
f 680/30/293 681/30/292 625/30/228
f 685/30/276 678/30/278 679/30/309
f 615/30/227 616/30/310 679/30/309
f 664/30/287 617/30/224 618/30/291
f 619/30/265 620/30/232 631/30/269
f 648/30/249 613/30/251 614/30/277
f 623/30/244 624/30/250 651/30/273
f 624/30/250 623/30/244 683/30/307
f 627/30/225 628/30/247 635/30/264
f 668/30/226 625/30/228 626/30/217
f 597/30/305 598/30/254 687/30/234
f 672/30/301 599/30/289 600/30/237
f 603/30/233 604/30/321 639/30/240
f 656/30/315 601/30/316 602/30/270
f 609/30/286 610/30/245 659/30/253
f 610/30/245 609/30/286 691/30/285
f 607/30/248 608/30/257 643/30/260
f 676/30/298 605/30/311 606/30/235
f 617/30/224 629/30/219 630/30/268
f 629/30/219 632/30/230 631/30/269
f 622/30/229 633/30/218 634/30/275
f 633/30/218 636/30/220 635/30/264
f 599/30/289 637/30/297 638/30/256
f 640/30/231 639/30/240 638/30/256
f 612/30/303 641/30/263 642/30/242
f 641/30/263 644/30/246 643/30/260
f 645/30/267 646/30/261 620/30/232
f 645/30/267 648/30/249 647/30/283
f 621/30/274 649/30/280 650/30/266
f 652/30/252 651/30/273 650/30/266
f 653/30/262 654/30/223 604/30/321
f 656/30/315 655/30/272 654/30/223
f 611/30/241 657/30/221 658/30/279
f 657/30/221 660/30/271 659/30/253
f 661/30/288 662/30/306 616/30/310
f 664/30/287 663/30/290 662/30/306
f 665/30/299 666/30/322 628/30/247
f 665/30/299 668/30/226 667/30/216
f 669/30/300 670/30/296 598/30/254
f 672/30/301 671/30/239 670/30/296
f 673/30/323 674/30/238 608/30/257
f 673/30/323 676/30/298 675/30/255
f 613/30/251 677/30/282 678/30/278
f 677/30/282 680/30/293 679/30/309
f 625/30/228 681/30/292 682/30/295
f 684/30/281 683/30/307 682/30/295
f 601/30/316 685/30/276 686/30/304
f 685/30/276 688/30/308 687/30/234
f 605/30/311 689/30/294 690/30/236
f 692/30/243 691/30/285 690/30/236
f 688/30/308 679/30/309 616/30/310
f 701/31/119 772/31/200 763/31/120
f 729/31/122 728/31/133 725/31/123
f 753/31/125 707/31/213 700/31/126
f 725/31/123 713/31/212 723/31/128
f 764/31/129 757/31/190 711/31/130
f 718/31/132 715/31/167 728/31/133
f 736/31/134 727/31/171 716/31/135
f 694/31/137 702/31/157 786/31/138
f 696/31/140 704/31/159 770/31/141
f 700/31/126 707/31/213 738/31/143
f 788/31/145 779/31/209 719/31/146
f 740/31/148 731/31/166 724/31/149
f 744/31/151 747/31/175 720/31/152
f 706/31/147 719/31/146 748/31/154
f 694/31/137 766/31/198 771/31/156
f 734/31/158 739/31/162 704/31/159
f 703/31/150 724/31/149 762/31/160
f 735/31/144 738/31/143 739/31/162
f 699/31/136 716/31/135 742/31/163
f 740/31/148 737/31/176 730/31/165
f 715/31/167 718/31/132 746/31/168
f 736/31/134 733/31/199 726/31/170
f 705/31/319 756/31/178 751/31/173
f 741/31/169 746/31/168 747/31/175
f 737/31/176 708/31/205 717/31/177
f 756/31/178 753/31/125 750/31/127
f 781/31/179 697/31/204 710/31/180
f 755/31/155 748/31/154 745/31/182
f 709/31/153 720/31/152 780/31/184
f 752/31/186 749/31/164 742/31/163
f 782/31/188 787/31/206 705/31/319
f 761/31/189 760/31/201 757/31/190
f 695/31/191 768/31/203 759/31/192
f 773/31/185 780/31/184 777/31/194
f 785/31/196 701/31/119 722/31/121
f 766/31/198 767/31/142 770/31/141
f 733/31/199 695/31/191 714/31/193
f 769/31/161 762/31/160 763/31/120
f 723/31/128 713/31/212 760/31/201
f 768/31/203 765/31/202 758/31/208
f 697/31/204 752/31/186 743/31/187
f 708/31/205 754/31/183 745/31/182
f 783/31/139 786/31/138 787/31/206
f 693/31/207 712/31/214 758/31/208
f 785/31/196 778/31/197 779/31/209
f 777/31/194 721/31/131 711/31/130
f 784/31/211 781/31/179 774/31/181
f 711/31/130 712/31/214 775/31/210
f 760/31/201 713/31/212 714/31/193
f 715/31/167 716/31/135 727/31/171
f 744/31/151 709/31/153 710/31/180
f 719/31/146 720/31/152 747/31/175
f 720/31/152 719/31/146 779/31/209
f 723/31/128 724/31/149 731/31/166
f 764/31/129 721/31/131 722/31/121
f 693/31/207 694/31/137 783/31/139
f 768/31/203 695/31/191 696/31/140
f 699/31/136 700/31/126 735/31/144
f 752/31/186 697/31/204 698/31/174
f 705/31/319 706/31/147 755/31/155
f 706/31/147 705/31/319 787/31/206
f 703/31/150 704/31/159 739/31/162
f 772/31/200 701/31/119 702/31/157
f 713/31/212 725/31/123 726/31/170
f 728/31/133 727/31/171 726/31/170
f 718/31/132 729/31/122 730/31/165
f 732/31/124 731/31/166 730/31/165
f 695/31/191 733/31/199 734/31/158
f 733/31/199 736/31/134 735/31/144
f 708/31/205 737/31/176 738/31/143
f 740/31/148 739/31/162 738/31/143
f 741/31/169 742/31/163 716/31/135
f 744/31/151 743/31/187 742/31/163
f 717/31/177 745/31/182 746/31/168
f 745/31/182 748/31/154 747/31/175
f 749/31/164 750/31/127 700/31/126
f 752/31/186 751/31/173 750/31/127
f 707/31/213 753/31/125 754/31/183
f 753/31/125 756/31/178 755/31/155
f 757/31/190 758/31/208 712/31/214
f 760/31/201 759/31/192 758/31/208
f 761/31/189 762/31/160 724/31/149
f 761/31/189 764/31/129 763/31/120
f 765/31/202 766/31/198 694/31/137
f 768/31/203 767/31/142 766/31/198
f 769/31/161 770/31/141 704/31/159
f 769/31/161 772/31/200 771/31/156
f 709/31/153 773/31/185 774/31/181
f 773/31/185 776/31/195 775/31/210
f 721/31/131 777/31/194 778/31/197
f 780/31/184 779/31/209 778/31/197
f 697/31/204 781/31/179 782/31/188
f 781/31/179 784/31/211 783/31/139
f 701/31/119 785/31/196 786/31/138
f 788/31/145 787/31/206 786/31/138
f 784/31/211 775/31/210 712/31/214
f 797/32/311 868/32/298 859/32/216
f 825/32/218 824/32/230 821/32/219
f 849/32/221 803/32/241 796/32/321
f 821/32/219 809/32/224 819/32/225
f 860/32/226 853/32/288 807/32/227
f 811/32/265 824/32/230 825/32/218
f 832/32/231 823/32/269 812/32/232
f 879/32/234 790/32/254 798/32/324
f 792/32/237 800/32/257 866/32/238
f 831/32/240 796/32/321 803/32/241
f 884/32/243 875/32/307 815/32/244
f 836/32/246 827/32/264 820/32/247
f 840/32/249 843/32/273 816/32/250
f 802/32/245 815/32/244 844/32/252
f 790/32/254 862/32/296 867/32/255
f 830/32/256 835/32/260 800/32/257
f 799/32/248 820/32/247 858/32/258
f 831/32/240 834/32/242 835/32/260
f 795/32/233 812/32/232 838/32/261
f 833/32/263 826/32/275 827/32/264
f 837/32/267 811/32/265 814/32/229
f 832/32/231 829/32/297 822/32/268
f 801/32/286 852/32/271 847/32/272
f 840/32/249 837/32/267 842/32/266
f 833/32/263 804/32/303 813/32/274
f 852/32/271 849/32/221 846/32/223
f 877/32/276 793/32/316 806/32/277
f 850/32/279 851/32/253 844/32/252
f 816/32/250 876/32/281 869/32/282
f 845/32/262 838/32/261 839/32/283
f 794/32/270 878/32/304 883/32/285
f 857/32/299 856/32/287 853/32/288
f 791/32/289 864/32/301 855/32/290
f 869/32/282 876/32/281 873/32/292
f 881/32/294 797/32/311 818/32/217
f 862/32/296 863/32/239 866/32/238
f 829/32/297 791/32/289 810/32/291
f 865/32/259 858/32/258 859/32/216
f 857/32/299 819/32/225 809/32/224
f 864/32/301 861/32/300 854/32/306
f 793/32/316 848/32/284 839/32/283
f 804/32/303 850/32/279 841/32/280
f 879/32/234 882/32/236 883/32/285
f 789/32/305 808/32/310 854/32/306
f 884/32/243 881/32/294 874/32/295
f 872/32/293 873/32/292 817/32/228
f 877/32/276 870/32/278 871/32/309
f 807/32/227 808/32/310 871/32/309
f 856/32/287 809/32/224 810/32/291
f 811/32/265 812/32/232 823/32/269
f 840/32/249 805/32/251 806/32/277
f 815/32/244 816/32/250 843/32/273
f 816/32/250 815/32/244 875/32/307
f 819/32/225 820/32/247 827/32/264
f 860/32/226 817/32/228 818/32/217
f 789/32/305 790/32/254 879/32/234
f 864/32/301 791/32/289 792/32/237
f 795/32/233 796/32/321 831/32/240
f 848/32/284 793/32/316 794/32/270
f 801/32/286 802/32/245 851/32/253
f 802/32/245 801/32/286 883/32/285
f 799/32/248 800/32/257 835/32/260
f 868/32/298 797/32/311 798/32/324
f 809/32/224 821/32/219 822/32/268
f 824/32/230 823/32/269 822/32/268
f 814/32/229 825/32/218 826/32/275
f 825/32/218 828/32/220 827/32/264
f 791/32/289 829/32/297 830/32/256
f 832/32/231 831/32/240 830/32/256
f 804/32/303 833/32/263 834/32/242
f 833/32/263 836/32/246 835/32/260
f 837/32/267 838/32/261 812/32/232
f 840/32/249 839/32/283 838/32/261
f 813/32/274 841/32/280 842/32/266
f 844/32/252 843/32/273 842/32/266
f 845/32/262 846/32/223 796/32/321
f 845/32/262 848/32/284 847/32/272
f 803/32/241 849/32/221 850/32/279
f 852/32/271 851/32/253 850/32/279
f 853/32/288 854/32/306 808/32/310
f 856/32/287 855/32/290 854/32/306
f 857/32/299 858/32/258 820/32/247
f 857/32/299 860/32/226 859/32/216
f 861/32/300 862/32/296 790/32/254
f 864/32/301 863/32/239 862/32/296
f 865/32/259 866/32/238 800/32/257
f 865/32/259 868/32/298 867/32/255
f 805/32/251 869/32/282 870/32/278
f 869/32/282 872/32/293 871/32/309
f 817/32/228 873/32/292 874/32/295
f 876/32/281 875/32/307 874/32/295
f 793/32/316 877/32/276 878/32/304
f 880/32/308 879/32/234 878/32/304
f 797/32/311 881/32/294 882/32/236
f 884/32/243 883/32/285 882/32/236
f 880/32/308 871/32/309 808/32/310
f 893/33/119 964/33/200 955/33/120
f 921/33/122 920/33/133 917/33/123
f 945/33/125 899/33/213 892/33/126
f 924/33/124 917/33/123 905/33/212
f 956/33/129 949/33/190 903/33/130
f 910/33/132 907/33/167 920/33/133
f 928/33/134 919/33/171 908/33/135
f 886/33/137 894/33/157 978/33/138
f 888/33/325 896/33/327 962/33/141
f 892/33/126 899/33/213 930/33/143
f 980/33/145 971/33/209 911/33/146
f 932/33/148 923/33/166 916/33/149
f 936/33/151 939/33/175 912/33/152
f 898/33/147 911/33/146 940/33/154
f 886/33/137 958/33/198 963/33/156
f 926/33/158 931/33/162 896/33/327
f 895/33/150 916/33/149 954/33/160
f 927/33/326 930/33/143 931/33/162
f 891/33/136 908/33/135 934/33/318
f 929/33/176 922/33/165 923/33/166
f 907/33/167 910/33/132 938/33/168
f 928/33/134 925/33/199 918/33/170
f 897/33/172 948/33/178 943/33/173
f 933/33/169 938/33/168 939/33/175
f 929/33/176 900/33/205 909/33/177
f 948/33/178 945/33/125 942/33/127
f 973/33/179 889/33/204 902/33/180
f 947/33/155 940/33/154 937/33/320
f 901/33/153 912/33/152 972/33/184
f 944/33/186 941/33/164 934/33/318
f 974/33/188 979/33/206 897/33/172
f 953/33/189 952/33/201 949/33/190
f 887/33/191 960/33/203 951/33/192
f 965/33/185 972/33/184 969/33/194
f 977/33/196 893/33/119 914/33/121
f 958/33/198 959/33/142 962/33/141
f 925/33/199 887/33/191 906/33/193
f 961/33/161 954/33/160 955/33/120
f 915/33/128 905/33/212 952/33/201
f 960/33/203 957/33/202 950/33/208
f 889/33/204 944/33/186 935/33/187
f 900/33/205 946/33/183 937/33/320
f 975/33/139 978/33/138 979/33/206
f 885/33/207 904/33/214 950/33/208
f 977/33/196 970/33/197 971/33/209
f 969/33/194 913/33/131 903/33/130
f 976/33/211 973/33/179 966/33/181
f 903/33/130 904/33/214 967/33/210
f 952/33/201 905/33/212 906/33/193
f 907/33/167 908/33/135 919/33/171
f 936/33/151 901/33/153 902/33/180
f 911/33/146 912/33/152 939/33/175
f 912/33/152 911/33/146 971/33/209
f 915/33/128 916/33/149 923/33/166
f 956/33/129 913/33/131 914/33/121
f 885/33/207 886/33/137 975/33/139
f 960/33/203 887/33/191 888/33/325
f 891/33/136 892/33/126 927/33/326
f 944/33/186 889/33/204 890/33/174
f 897/33/172 898/33/147 947/33/155
f 898/33/147 897/33/172 979/33/206
f 895/33/150 896/33/327 931/33/162
f 964/33/200 893/33/119 894/33/157
f 905/33/212 917/33/123 918/33/170
f 920/33/133 919/33/171 918/33/170
f 910/33/132 921/33/122 922/33/165
f 921/33/122 924/33/124 923/33/166
f 887/33/191 925/33/199 926/33/158
f 928/33/134 927/33/326 926/33/158
f 900/33/205 929/33/176 930/33/143
f 929/33/176 932/33/148 931/33/162
f 933/33/169 934/33/318 908/33/135
f 933/33/169 936/33/151 935/33/187
f 909/33/177 937/33/320 938/33/168
f 940/33/154 939/33/175 938/33/168
f 941/33/164 942/33/127 892/33/126
f 944/33/186 943/33/173 942/33/127
f 899/33/213 945/33/125 946/33/183
f 945/33/125 948/33/178 947/33/155
f 949/33/190 950/33/208 904/33/214
f 952/33/201 951/33/192 950/33/208
f 953/33/189 954/33/160 916/33/149
f 953/33/189 956/33/129 955/33/120
f 957/33/202 958/33/198 886/33/137
f 960/33/203 959/33/142 958/33/198
f 961/33/161 962/33/141 896/33/327
f 961/33/161 964/33/200 963/33/156
f 901/33/153 965/33/185 966/33/181
f 965/33/185 968/33/195 967/33/210
f 913/33/131 969/33/194 970/33/197
f 969/33/194 972/33/184 971/33/209
f 889/33/204 973/33/179 974/33/188
f 973/33/179 976/33/211 975/33/139
f 893/33/119 977/33/196 978/33/138
f 980/33/145 979/33/206 978/33/138
f 976/33/211 967/33/210 904/33/214
f 989/34/215 1060/34/298 1051/34/216
f 1017/34/218 1016/34/230 1013/34/219
f 1038/34/223 1041/34/221 995/34/241
f 1020/34/220 1013/34/219 1001/34/224
f 1009/34/228 1052/34/226 1045/34/288
f 1006/34/229 1003/34/265 1016/34/230
f 1024/34/231 1015/34/269 1004/34/232
f 982/34/254 990/34/235 1074/34/236
f 1055/34/239 984/34/237 992/34/257
f 988/34/321 995/34/241 1026/34/242
f 1076/34/243 1067/34/307 1007/34/244
f 1028/34/246 1019/34/264 1012/34/247
f 997/34/251 1032/34/249 1035/34/273
f 994/34/245 1007/34/244 1036/34/252
f 1054/34/296 1059/34/255 990/34/235
f 984/34/237 1022/34/256 1027/34/260
f 991/34/248 1012/34/247 1050/34/258
f 1022/34/256 1023/34/240 1026/34/242
f 987/34/233 1004/34/232 1030/34/261
f 1025/34/263 1018/34/275 1019/34/264
f 1003/34/265 1006/34/229 1034/34/266
f 1024/34/231 1021/34/297 1014/34/268
f 993/34/286 1044/34/271 1039/34/272
f 1029/34/267 1034/34/266 1035/34/273
f 1025/34/263 996/34/303 1005/34/274
f 1039/34/272 1044/34/271 1041/34/221
f 1069/34/276 985/34/316 998/34/328
f 1042/34/279 1043/34/253 1036/34/252
f 997/34/251 1008/34/250 1068/34/281
f 1040/34/284 1037/34/262 1030/34/261
f 986/34/270 1070/34/304 1075/34/285
f 1052/34/226 1049/34/299 1048/34/287
f 983/34/289 1056/34/301 1047/34/290
f 1061/34/282 1068/34/281 1065/34/292
f 1073/34/294 989/34/215 1010/34/217
f 1054/34/296 1055/34/239 1058/34/238
f 1021/34/297 983/34/289 1002/34/291
f 1060/34/298 1057/34/259 1050/34/258
f 1049/34/299 1011/34/225 1001/34/224
f 1053/34/300 1046/34/306 1047/34/290
f 985/34/316 1040/34/284 1031/34/283
f 996/34/303 1042/34/279 1033/34/280
f 1070/34/304 1071/34/234 1074/34/236
f 981/34/305 1000/34/310 1046/34/306
f 1076/34/243 1073/34/294 1066/34/295
f 1064/34/293 1065/34/292 1009/34/228
f 1072/34/308 1069/34/276 1062/34/278
f 999/34/227 1000/34/310 1063/34/309
f 1048/34/287 1001/34/224 1002/34/291
f 1003/34/265 1004/34/232 1015/34/269
f 1032/34/249 997/34/251 998/34/328
f 1007/34/244 1008/34/250 1035/34/273
f 1008/34/250 1007/34/244 1067/34/307
f 1011/34/225 1012/34/247 1019/34/264
f 1052/34/226 1009/34/228 1010/34/217
f 981/34/305 982/34/254 1071/34/234
f 1056/34/301 983/34/289 984/34/237
f 987/34/233 988/34/321 1023/34/240
f 1040/34/284 985/34/316 986/34/270
f 993/34/286 994/34/245 1043/34/253
f 994/34/245 993/34/286 1075/34/285
f 991/34/248 992/34/257 1027/34/260
f 1060/34/298 989/34/215 990/34/235
f 1001/34/224 1013/34/219 1014/34/268
f 1013/34/219 1016/34/230 1015/34/269
f 1006/34/229 1017/34/218 1018/34/275
f 1017/34/218 1020/34/220 1019/34/264
f 983/34/289 1021/34/297 1022/34/256
f 1024/34/231 1023/34/240 1022/34/256
f 996/34/303 1025/34/263 1026/34/242
f 1025/34/263 1028/34/246 1027/34/260
f 1029/34/267 1030/34/261 1004/34/232
f 1032/34/249 1031/34/283 1030/34/261
f 1005/34/274 1033/34/280 1034/34/266
f 1033/34/280 1036/34/252 1035/34/273
f 1037/34/262 1038/34/223 988/34/321
f 1040/34/284 1039/34/272 1038/34/223
f 995/34/241 1041/34/221 1042/34/279
f 1041/34/221 1044/34/271 1043/34/253
f 1045/34/288 1046/34/306 1000/34/310
f 1048/34/287 1047/34/290 1046/34/306
f 1049/34/299 1050/34/258 1012/34/247
f 1052/34/226 1051/34/216 1050/34/258
f 1053/34/300 1054/34/296 982/34/254
f 1056/34/301 1055/34/239 1054/34/296
f 1057/34/259 1058/34/238 992/34/257
f 1060/34/298 1059/34/255 1058/34/238
f 997/34/251 1061/34/282 1062/34/278
f 1061/34/282 1064/34/293 1063/34/309
f 1009/34/228 1065/34/292 1066/34/295
f 1065/34/292 1068/34/281 1067/34/307
f 985/34/316 1069/34/276 1070/34/304
f 1069/34/276 1072/34/308 1071/34/234
f 989/34/215 1073/34/294 1074/34/236
f 1076/34/243 1075/34/285 1074/34/236
f 1072/34/308 1063/34/309 1000/34/310
f 1085/35/119 1156/35/200 1147/35/120
f 1113/35/122 1112/35/133 1109/35/123
f 1137/35/125 1091/35/213 1084/35/126
f 1116/35/124 1109/35/123 1097/35/212
f 1148/35/129 1141/35/190 1095/35/130
f 1099/35/167 1112/35/133 1113/35/122
f 1120/35/134 1111/35/171 1100/35/135
f 1078/35/137 1086/35/157 1170/35/138
f 1080/35/140 1088/35/159 1154/35/141
f 1084/35/126 1091/35/213 1122/35/143
f 1172/35/145 1163/35/209 1103/35/146
f 1124/35/148 1115/35/166 1108/35/149
f 1128/35/151 1131/35/175 1104/35/152
f 1090/35/147 1103/35/146 1132/35/154
f 1078/35/137 1150/35/198 1155/35/156
f 1118/35/158 1123/35/162 1088/35/159
f 1087/35/150 1108/35/149 1146/35/160
f 1119/35/144 1122/35/143 1123/35/162
f 1083/35/136 1100/35/135 1126/35/163
f 1121/35/176 1114/35/165 1115/35/166
f 1099/35/167 1102/35/132 1130/35/168
f 1120/35/134 1117/35/199 1110/35/170
f 1089/35/319 1140/35/178 1135/35/173
f 1125/35/169 1130/35/168 1131/35/175
f 1121/35/176 1092/35/205 1101/35/177
f 1140/35/178 1137/35/125 1134/35/127
f 1165/35/179 1081/35/204 1094/35/180
f 1139/35/155 1132/35/154 1129/35/182
f 1093/35/153 1104/35/152 1164/35/184
f 1136/35/186 1133/35/329 1126/35/163
f 1166/35/188 1171/35/206 1089/35/319
f 1145/35/189 1144/35/201 1141/35/190
f 1079/35/191 1152/35/330 1143/35/192
f 1157/35/185 1164/35/184 1161/35/194
f 1169/35/196 1085/35/119 1106/35/121
f 1150/35/198 1151/35/142 1154/35/141
f 1117/35/199 1079/35/191 1098/35/193
f 1153/35/161 1146/35/160 1147/35/120
f 1107/35/128 1097/35/212 1144/35/201
f 1149/35/202 1142/35/208 1143/35/192
f 1081/35/204 1136/35/186 1127/35/187
f 1092/35/205 1138/35/183 1129/35/182
f 1167/35/139 1170/35/138 1171/35/206
f 1077/35/207 1096/35/214 1142/35/208
f 1172/35/145 1169/35/196 1162/35/197
f 1160/35/195 1161/35/194 1105/35/131
f 1168/35/211 1165/35/179 1158/35/181
f 1095/35/130 1096/35/214 1159/35/210
f 1144/35/201 1097/35/212 1098/35/193
f 1099/35/167 1100/35/135 1111/35/171
f 1128/35/151 1093/35/153 1094/35/180
f 1103/35/146 1104/35/152 1131/35/175
f 1104/35/152 1103/35/146 1163/35/209
f 1107/35/128 1108/35/149 1115/35/166
f 1148/35/129 1105/35/131 1106/35/121
f 1077/35/207 1078/35/137 1167/35/139
f 1152/35/330 1079/35/191 1080/35/140
f 1083/35/136 1084/35/126 1119/35/144
f 1136/35/186 1081/35/204 1082/35/174
f 1089/35/319 1090/35/147 1139/35/155
f 1090/35/147 1089/35/319 1171/35/206
f 1087/35/150 1088/35/159 1123/35/162
f 1156/35/200 1085/35/119 1086/35/157
f 1097/35/212 1109/35/123 1110/35/170
f 1109/35/123 1112/35/133 1111/35/171
f 1102/35/132 1113/35/122 1114/35/165
f 1113/35/122 1116/35/124 1115/35/166
f 1079/35/191 1117/35/199 1118/35/158
f 1117/35/199 1120/35/134 1119/35/144
f 1092/35/205 1121/35/176 1122/35/143
f 1124/35/148 1123/35/162 1122/35/143
f 1125/35/169 1126/35/163 1100/35/135
f 1125/35/169 1128/35/151 1127/35/187
f 1101/35/177 1129/35/182 1130/35/168
f 1132/35/154 1131/35/175 1130/35/168
f 1133/35/329 1134/35/127 1084/35/126
f 1133/35/329 1136/35/186 1135/35/173
f 1091/35/213 1137/35/125 1138/35/183
f 1140/35/178 1139/35/155 1138/35/183
f 1141/35/190 1142/35/208 1096/35/214
f 1144/35/201 1143/35/192 1142/35/208
f 1145/35/189 1146/35/160 1108/35/149
f 1145/35/189 1148/35/129 1147/35/120
f 1149/35/202 1150/35/198 1078/35/137
f 1152/35/330 1151/35/142 1150/35/198
f 1153/35/161 1154/35/141 1088/35/159
f 1153/35/161 1156/35/200 1155/35/156
f 1093/35/153 1157/35/185 1158/35/181
f 1157/35/185 1160/35/195 1159/35/210
f 1105/35/131 1161/35/194 1162/35/197
f 1161/35/194 1164/35/184 1163/35/209
f 1081/35/204 1165/35/179 1166/35/188
f 1168/35/211 1167/35/139 1166/35/188
f 1085/35/119 1169/35/196 1170/35/138
f 1169/35/196 1172/35/145 1171/35/206
f 1168/35/211 1159/35/210 1096/35/214
f 1181/36/311 1252/36/298 1243/36/216
f 1209/36/218 1208/36/230 1205/36/219
f 1233/36/221 1187/36/241 1180/36/321
f 1205/36/219 1193/36/224 1203/36/225
f 1201/36/228 1244/36/226 1237/36/288
f 1198/36/229 1195/36/265 1208/36/230
f 1216/36/231 1207/36/269 1196/36/232
f 1263/36/234 1174/36/254 1182/36/235
f 1176/36/237 1184/36/257 1250/36/238
f 1180/36/321 1187/36/241 1218/36/242
f 1268/36/243 1259/36/307 1199/36/244
f 1220/36/246 1211/36/264 1204/36/247
f 1224/36/249 1227/36/273 1200/36/250
f 1186/36/245 1199/36/244 1228/36/252
f 1174/36/254 1246/36/296 1251/36/255
f 1214/36/256 1219/36/260 1184/36/257
f 1183/36/248 1204/36/247 1242/36/258
f 1215/36/240 1218/36/242 1219/36/260
f 1179/36/233 1196/36/232 1222/36/261
f 1217/36/263 1210/36/331 1211/36/264
f 1221/36/267 1195/36/265 1198/36/229
f 1216/36/231 1213/36/297 1206/36/268
f 1178/36/270 1185/36/286 1236/36/271
f 1224/36/249 1221/36/267 1226/36/266
f 1217/36/263 1188/36/303 1197/36/274
f 1236/36/271 1233/36/221 1230/36/223
f 1261/36/276 1177/36/316 1190/36/277
f 1235/36/253 1228/36/252 1225/36/280
f 1189/36/251 1200/36/250 1260/36/281
f 1232/36/284 1229/36/262 1222/36/261
f 1178/36/270 1262/36/304 1267/36/285
f 1244/36/226 1241/36/299 1240/36/287
f 1175/36/289 1248/36/301 1239/36/290
f 1253/36/282 1260/36/281 1257/36/292
f 1265/36/294 1181/36/311 1202/36/217
f 1246/36/296 1247/36/239 1250/36/238
f 1213/36/297 1175/36/289 1194/36/291
f 1249/36/259 1242/36/258 1243/36/216
f 1203/36/225 1193/36/224 1240/36/287
f 1245/36/300 1238/36/306 1239/36/290
f 1177/36/316 1232/36/284 1223/36/283
f 1188/36/303 1234/36/279 1225/36/280
f 1263/36/234 1266/36/236 1267/36/285
f 1173/36/305 1192/36/310 1238/36/306
f 1265/36/294 1258/36/295 1259/36/307
f 1257/36/292 1201/36/228 1191/36/227
f 1261/36/276 1254/36/278 1255/36/309
f 1191/36/227 1192/36/310 1255/36/309
f 1240/36/287 1193/36/224 1194/36/291
f 1195/36/265 1196/36/232 1207/36/269
f 1224/36/249 1189/36/251 1190/36/277
f 1199/36/244 1200/36/250 1227/36/273
f 1200/36/250 1199/36/244 1259/36/307
f 1203/36/225 1204/36/247 1211/36/264
f 1244/36/226 1201/36/228 1202/36/217
f 1173/36/305 1174/36/254 1263/36/234
f 1248/36/301 1175/36/289 1176/36/237
f 1179/36/233 1180/36/321 1215/36/240
f 1232/36/284 1177/36/316 1178/36/270
f 1185/36/286 1186/36/245 1235/36/253
f 1186/36/245 1185/36/286 1267/36/285
f 1183/36/248 1184/36/257 1219/36/260
f 1252/36/298 1181/36/311 1182/36/235
f 1193/36/224 1205/36/219 1206/36/268
f 1208/36/230 1207/36/269 1206/36/268
f 1198/36/229 1209/36/218 1210/36/331
f 1209/36/218 1212/36/220 1211/36/264
f 1175/36/289 1213/36/297 1214/36/256
f 1216/36/231 1215/36/240 1214/36/256
f 1188/36/303 1217/36/263 1218/36/242
f 1217/36/263 1220/36/246 1219/36/260
f 1221/36/267 1222/36/261 1196/36/232
f 1224/36/249 1223/36/283 1222/36/261
f 1197/36/274 1225/36/280 1226/36/266
f 1225/36/280 1228/36/252 1227/36/273
f 1229/36/262 1230/36/223 1180/36/321
f 1232/36/284 1231/36/272 1230/36/223
f 1187/36/241 1233/36/221 1234/36/279
f 1233/36/221 1236/36/271 1235/36/253
f 1237/36/288 1238/36/306 1192/36/310
f 1240/36/287 1239/36/290 1238/36/306
f 1241/36/299 1242/36/258 1204/36/247
f 1241/36/299 1244/36/226 1243/36/216
f 1245/36/300 1246/36/296 1174/36/254
f 1248/36/301 1247/36/239 1246/36/296
f 1249/36/259 1250/36/238 1184/36/257
f 1252/36/298 1251/36/255 1250/36/238
f 1189/36/251 1253/36/282 1254/36/278
f 1253/36/282 1256/36/293 1255/36/309
f 1201/36/228 1257/36/292 1258/36/295
f 1260/36/281 1259/36/307 1258/36/295
f 1177/36/316 1261/36/276 1262/36/304
f 1264/36/308 1263/36/234 1262/36/304
f 1181/36/311 1265/36/294 1266/36/236
f 1268/36/243 1267/36/285 1266/36/236
f 1264/36/308 1255/36/309 1192/36/310
f 1277/37/119 1348/37/200 1339/37/120
f 1305/37/122 1304/37/133 1301/37/123
f 1329/37/125 1283/37/213 1276/37/126
f 1308/37/124 1301/37/123 1289/37/212
f 1340/37/129 1333/37/190 1287/37/130
f 1294/37/132 1291/37/167 1304/37/133
f 1312/37/134 1303/37/171 1292/37/135
f 1270/37/137 1278/37/157 1362/37/138
f 1272/37/140 1280/37/159 1346/37/141
f 1276/37/126 1283/37/213 1314/37/143
f 1364/37/145 1355/37/209 1295/37/146
f 1316/37/148 1307/37/166 1300/37/149
f 1320/37/151 1323/37/175 1296/37/152
f 1282/37/147 1295/37/146 1324/37/154
f 1270/37/137 1342/37/198 1347/37/156
f 1310/37/158 1315/37/162 1280/37/159
f 1279/37/150 1300/37/149 1338/37/160
f 1311/37/144 1314/37/143 1315/37/162
f 1275/37/136 1292/37/135 1318/37/163
f 1313/37/176 1306/37/165 1307/37/166
f 1291/37/167 1294/37/132 1322/37/168
f 1312/37/134 1309/37/199 1302/37/170
f 1281/37/172 1332/37/178 1327/37/173
f 1317/37/169 1322/37/168 1323/37/175
f 1313/37/176 1284/37/205 1293/37/177
f 1332/37/178 1329/37/125 1326/37/127
f 1357/37/179 1273/37/204 1286/37/180
f 1331/37/155 1324/37/154 1321/37/182
f 1285/37/153 1296/37/152 1356/37/184
f 1328/37/186 1325/37/164 1318/37/163
f 1358/37/188 1363/37/333 1281/37/172
f 1337/37/189 1336/37/201 1333/37/190
f 1271/37/191 1344/37/203 1335/37/192
f 1349/37/185 1356/37/184 1353/37/194
f 1361/37/196 1277/37/119 1298/37/332
f 1342/37/198 1343/37/142 1346/37/141
f 1309/37/199 1271/37/191 1290/37/193
f 1345/37/161 1338/37/160 1339/37/120
f 1299/37/128 1289/37/212 1336/37/201
f 1344/37/203 1341/37/202 1334/37/208
f 1273/37/204 1328/37/186 1319/37/187
f 1284/37/205 1330/37/183 1321/37/182
f 1359/37/139 1362/37/138 1363/37/333
f 1269/37/207 1288/37/334 1334/37/208
f 1364/37/145 1361/37/196 1354/37/197
f 1352/37/195 1353/37/194 1297/37/131
f 1357/37/179 1350/37/181 1351/37/210
f 1287/37/130 1288/37/334 1351/37/210
f 1336/37/201 1289/37/212 1290/37/193
f 1291/37/167 1292/37/135 1303/37/171
f 1320/37/151 1285/37/153 1286/37/180
f 1295/37/146 1296/37/152 1323/37/175
f 1296/37/152 1295/37/146 1355/37/209
f 1299/37/128 1300/37/149 1307/37/166
f 1340/37/129 1297/37/131 1298/37/332
f 1269/37/207 1270/37/137 1359/37/139
f 1344/37/203 1271/37/191 1272/37/140
f 1275/37/136 1276/37/126 1311/37/144
f 1328/37/186 1273/37/204 1274/37/174
f 1281/37/172 1282/37/147 1331/37/155
f 1282/37/147 1281/37/172 1363/37/333
f 1279/37/150 1280/37/159 1315/37/162
f 1348/37/200 1277/37/119 1278/37/157
f 1289/37/212 1301/37/123 1302/37/170
f 1301/37/123 1304/37/133 1303/37/171
f 1294/37/132 1305/37/122 1306/37/165
f 1305/37/122 1308/37/124 1307/37/166
f 1271/37/191 1309/37/199 1310/37/158
f 1312/37/134 1311/37/144 1310/37/158
f 1284/37/205 1313/37/176 1314/37/143
f 1313/37/176 1316/37/148 1315/37/162
f 1317/37/169 1318/37/163 1292/37/135
f 1317/37/169 1320/37/151 1319/37/187
f 1293/37/177 1321/37/182 1322/37/168
f 1324/37/154 1323/37/175 1322/37/168
f 1325/37/164 1326/37/127 1276/37/126
f 1328/37/186 1327/37/173 1326/37/127
f 1283/37/213 1329/37/125 1330/37/183
f 1329/37/125 1332/37/178 1331/37/155
f 1333/37/190 1334/37/208 1288/37/334
f 1336/37/201 1335/37/192 1334/37/208
f 1337/37/189 1338/37/160 1300/37/149
f 1340/37/129 1339/37/120 1338/37/160
f 1341/37/202 1342/37/198 1270/37/137
f 1344/37/203 1343/37/142 1342/37/198
f 1345/37/161 1346/37/141 1280/37/159
f 1345/37/161 1348/37/200 1347/37/156
f 1285/37/153 1349/37/185 1350/37/181
f 1349/37/185 1352/37/195 1351/37/210
f 1297/37/131 1353/37/194 1354/37/197
f 1353/37/194 1356/37/184 1355/37/209
f 1273/37/204 1357/37/179 1358/37/188
f 1360/37/211 1359/37/139 1358/37/188
f 1277/37/119 1361/37/196 1362/37/138
f 1361/37/196 1364/37/145 1363/37/333
f 1360/37/211 1351/37/210 1288/37/334
f 1373/38/311 1444/38/298 1435/38/216
f 1401/38/218 1400/38/230 1397/38/219
f 1422/38/223 1425/38/221 1379/38/241
f 1404/38/220 1397/38/219 1385/38/224
f 1436/38/226 1429/38/288 1383/38/227
f 1390/38/229 1387/38/265 1400/38/230
f 1408/38/231 1399/38/269 1388/38/232
f 1366/38/254 1374/38/235 1458/38/236
f 1368/38/237 1376/38/257 1442/38/238
f 1372/38/321 1379/38/241 1410/38/242
f 1460/38/243 1451/38/307 1391/38/244
f 1412/38/246 1403/38/264 1396/38/247
f 1381/38/251 1416/38/249 1419/38/273
f 1378/38/245 1391/38/244 1420/38/252
f 1366/38/254 1438/38/296 1443/38/255
f 1406/38/256 1411/38/260 1376/38/257
f 1375/38/248 1396/38/247 1434/38/258
f 1407/38/240 1410/38/242 1411/38/260
f 1371/38/233 1388/38/232 1414/38/261
f 1412/38/246 1409/38/263 1402/38/275
f 1387/38/265 1390/38/229 1418/38/266
f 1408/38/231 1405/38/297 1398/38/268
f 1370/38/270 1377/38/286 1428/38/271
f 1416/38/249 1413/38/267 1418/38/266
f 1409/38/263 1380/38/303 1389/38/274
f 1428/38/271 1425/38/221 1422/38/223
f 1453/38/276 1369/38/302 1382/38/277
f 1426/38/279 1427/38/253 1420/38/252
f 1381/38/251 1392/38/250 1452/38/281
f 1421/38/262 1414/38/261 1415/38/283
f 1370/38/270 1454/38/304 1459/38/285
f 1433/38/299 1432/38/287 1429/38/288
f 1367/38/289 1440/38/301 1431/38/290
f 1445/38/282 1452/38/281 1449/38/292
f 1457/38/294 1373/38/311 1394/38/217
f 1438/38/296 1439/38/239 1442/38/238
f 1405/38/297 1367/38/289 1386/38/291
f 1444/38/298 1441/38/259 1434/38/258
f 1433/38/299 1395/38/225 1385/38/224
f 1440/38/301 1437/38/300 1430/38/306
f 1369/38/302 1424/38/315 1415/38/283
f 1380/38/303 1426/38/279 1417/38/280
f 1455/38/234 1458/38/236 1459/38/285
f 1365/38/305 1384/38/310 1430/38/306
f 1460/38/243 1457/38/294 1450/38/295
f 1448/38/293 1449/38/292 1393/38/228
f 1456/38/308 1453/38/276 1446/38/278
f 1383/38/227 1384/38/310 1447/38/317
f 1432/38/287 1385/38/224 1386/38/291
f 1387/38/265 1388/38/232 1399/38/269
f 1416/38/249 1381/38/251 1382/38/277
f 1391/38/244 1392/38/250 1419/38/273
f 1392/38/250 1391/38/244 1451/38/307
f 1395/38/225 1396/38/247 1403/38/264
f 1436/38/226 1393/38/228 1394/38/217
f 1365/38/305 1366/38/254 1455/38/234
f 1440/38/301 1367/38/289 1368/38/237
f 1371/38/233 1372/38/321 1407/38/240
f 1424/38/315 1369/38/302 1370/38/270
f 1377/38/286 1378/38/245 1427/38/253
f 1378/38/245 1377/38/286 1459/38/285
f 1375/38/248 1376/38/257 1411/38/260
f 1444/38/298 1373/38/311 1374/38/235
f 1385/38/224 1397/38/219 1398/38/268
f 1397/38/219 1400/38/230 1399/38/269
f 1390/38/229 1401/38/218 1402/38/275
f 1401/38/218 1404/38/220 1403/38/264
f 1367/38/289 1405/38/297 1406/38/256
f 1408/38/231 1407/38/240 1406/38/256
f 1380/38/303 1409/38/263 1410/38/242
f 1409/38/263 1412/38/246 1411/38/260
f 1413/38/267 1414/38/261 1388/38/232
f 1413/38/267 1416/38/249 1415/38/283
f 1389/38/274 1417/38/280 1418/38/266
f 1420/38/252 1419/38/273 1418/38/266
f 1421/38/262 1422/38/223 1372/38/321
f 1424/38/315 1423/38/272 1422/38/223
f 1379/38/241 1425/38/221 1426/38/279
f 1428/38/271 1427/38/253 1426/38/279
f 1429/38/288 1430/38/306 1384/38/310
f 1432/38/287 1431/38/290 1430/38/306
f 1433/38/299 1434/38/258 1396/38/247
f 1433/38/299 1436/38/226 1435/38/216
f 1437/38/300 1438/38/296 1366/38/254
f 1440/38/301 1439/38/239 1438/38/296
f 1441/38/259 1442/38/238 1376/38/257
f 1444/38/298 1443/38/255 1442/38/238
f 1381/38/251 1445/38/282 1446/38/278
f 1445/38/282 1448/38/293 1447/38/317
f 1393/38/228 1449/38/292 1450/38/295
f 1449/38/292 1452/38/281 1451/38/307
f 1369/38/302 1453/38/276 1454/38/304
f 1453/38/276 1456/38/308 1455/38/234
f 1373/38/311 1457/38/294 1458/38/236
f 1460/38/243 1459/38/285 1458/38/236
f 1456/38/308 1447/38/317 1384/38/310
f 1469/39/119 1540/39/200 1531/39/120
f 1497/39/122 1496/39/133 1493/39/123
f 1521/39/125 1475/39/213 1468/39/126
f 1500/39/124 1493/39/123 1481/39/212
f 1532/39/129 1525/39/190 1479/39/130
f 1486/39/132 1483/39/167 1496/39/133
f 1504/39/134 1495/39/171 1484/39/335
f 1462/39/137 1470/39/157 1554/39/138
f 1464/39/140 1472/39/159 1538/39/141
f 1468/39/126 1475/39/213 1506/39/143
f 1556/39/145 1547/39/209 1487/39/146
f 1508/39/148 1499/39/166 1492/39/149
f 1512/39/151 1515/39/175 1488/39/152
f 1474/39/147 1487/39/146 1516/39/154
f 1462/39/137 1534/39/198 1539/39/156
f 1502/39/158 1507/39/162 1472/39/159
f 1471/39/150 1492/39/149 1530/39/160
f 1503/39/144 1506/39/143 1507/39/162
f 1467/39/136 1484/39/335 1510/39/318
f 1505/39/176 1498/39/165 1499/39/166
f 1483/39/167 1486/39/132 1514/39/168
f 1504/39/134 1501/39/199 1494/39/170
f 1473/39/172 1524/39/178 1519/39/173
f 1509/39/169 1514/39/168 1515/39/175
f 1505/39/176 1476/39/205 1485/39/336
f 1524/39/178 1521/39/125 1518/39/127
f 1549/39/179 1465/39/204 1478/39/180
f 1522/39/183 1523/39/155 1516/39/154
f 1477/39/153 1488/39/152 1548/39/184
f 1517/39/164 1510/39/318 1511/39/187
f 1550/39/188 1555/39/206 1473/39/172
f 1529/39/189 1528/39/201 1525/39/190
f 1463/39/191 1536/39/203 1527/39/192
f 1541/39/185 1548/39/184 1545/39/194
f 1553/39/196 1469/39/119 1490/39/121
f 1534/39/198 1535/39/142 1538/39/141
f 1501/39/199 1463/39/191 1482/39/193
f 1537/39/161 1530/39/160 1531/39/120
f 1491/39/128 1481/39/212 1528/39/201
f 1533/39/202 1526/39/208 1527/39/192
f 1465/39/204 1520/39/186 1511/39/187
f 1476/39/205 1522/39/183 1513/39/320
f 1551/39/139 1554/39/138 1555/39/206
f 1461/39/207 1480/39/334 1526/39/208
f 1556/39/145 1553/39/196 1546/39/197
f 1545/39/194 1489/39/131 1479/39/130
f 1552/39/211 1549/39/179 1542/39/181
f 1479/39/130 1480/39/334 1543/39/210
f 1528/39/201 1481/39/212 1482/39/193
f 1483/39/167 1484/39/335 1495/39/171
f 1512/39/151 1477/39/153 1478/39/180
f 1487/39/146 1488/39/152 1515/39/175
f 1488/39/152 1487/39/146 1547/39/209
f 1491/39/128 1492/39/149 1499/39/166
f 1532/39/129 1489/39/131 1490/39/121
f 1461/39/207 1462/39/137 1551/39/139
f 1536/39/203 1463/39/191 1464/39/140
f 1467/39/136 1468/39/126 1503/39/144
f 1520/39/186 1465/39/204 1466/39/174
f 1473/39/172 1474/39/147 1523/39/155
f 1474/39/147 1473/39/172 1555/39/206
f 1471/39/150 1472/39/159 1507/39/162
f 1540/39/200 1469/39/119 1470/39/157
f 1481/39/212 1493/39/123 1494/39/170
f 1496/39/133 1495/39/171 1494/39/170
f 1486/39/132 1497/39/122 1498/39/165
f 1497/39/122 1500/39/124 1499/39/166
f 1463/39/191 1501/39/199 1502/39/158
f 1504/39/134 1503/39/144 1502/39/158
f 1476/39/205 1505/39/176 1506/39/143
f 1505/39/176 1508/39/148 1507/39/162
f 1509/39/169 1510/39/318 1484/39/335
f 1509/39/169 1512/39/151 1511/39/187
f 1485/39/336 1513/39/320 1514/39/168
f 1516/39/154 1515/39/175 1514/39/168
f 1517/39/164 1518/39/127 1468/39/126
f 1520/39/186 1519/39/173 1518/39/127
f 1475/39/213 1521/39/125 1522/39/183
f 1521/39/125 1524/39/178 1523/39/155
f 1525/39/190 1526/39/208 1480/39/334
f 1525/39/190 1528/39/201 1527/39/192
f 1529/39/189 1530/39/160 1492/39/149
f 1532/39/129 1531/39/120 1530/39/160
f 1533/39/202 1534/39/198 1462/39/137
f 1533/39/202 1536/39/203 1535/39/142
f 1537/39/161 1538/39/141 1472/39/159
f 1537/39/161 1540/39/200 1539/39/156
f 1477/39/153 1541/39/185 1542/39/181
f 1541/39/185 1544/39/195 1543/39/210
f 1489/39/131 1545/39/194 1546/39/197
f 1548/39/184 1547/39/209 1546/39/197
f 1465/39/204 1549/39/179 1550/39/188
f 1552/39/211 1551/39/139 1550/39/188
f 1469/39/119 1553/39/196 1554/39/138
f 1553/39/196 1556/39/145 1555/39/206
f 1552/39/211 1543/39/210 1480/39/334
f 1565/40/337 1586/40/413 1627/40/338
f 1593/40/340 1596/40/346 1589/40/341
f 1564/40/343 1571/40/430 1617/40/344
f 1596/40/346 1587/40/416 1577/40/347
f 1575/40/348 1621/40/405 1628/40/349
f 1582/40/351 1593/40/340 1592/40/342
f 1580/40/353 1591/40/426 1600/40/354
f 1647/40/356 1650/40/432 1566/40/357
f 1631/40/359 1634/40/414 1568/40/360
f 1602/40/362 1571/40/430 1564/40/343
f 1583/40/364 1643/40/427 1652/40/365
f 1588/40/367 1595/40/382 1604/40/368
f 1573/40/370 1584/40/400 1611/40/371
f 1612/40/373 1583/40/364 1570/40/366
f 1558/40/358 1566/40/357 1635/40/375
f 1568/40/360 1603/40/428 1598/40/377
f 1626/40/378 1588/40/367 1567/40/369
f 1598/40/377 1603/40/428 1602/40/362
f 1606/40/380 1580/40/353 1563/40/355
f 1595/40/382 1594/40/429 1601/40/383
f 1610/40/384 1582/40/351 1579/40/352
f 1600/40/354 1591/40/426 1590/40/386
f 1562/40/388 1615/40/393 1620/40/389
f 1611/40/371 1610/40/384 1605/40/385
f 1601/40/383 1594/40/429 1581/40/391
f 1614/40/345 1617/40/344 1620/40/389
f 1645/40/394 1638/40/423 1574/40/395
f 1609/40/397 1612/40/373 1619/40/374
f 1573/40/370 1637/40/410 1644/40/399
f 1607/40/401 1606/40/380 1613/40/381
f 1562/40/388 1569/40/390 1651/40/403
f 1621/40/405 1624/40/425 1625/40/406
f 1559/40/407 1578/40/415 1623/40/408
f 1637/40/410 1640/40/421 1641/40/411
f 1649/40/412 1642/40/420 1586/40/413
f 1630/40/376 1635/40/375 1634/40/414
f 1597/40/387 1590/40/386 1578/40/415
f 1627/40/338 1626/40/378 1633/40/379
f 1625/40/406 1624/40/425 1577/40/347
f 1623/40/408 1622/40/418 1629/40/417
f 1561/40/396 1574/40/395 1607/40/401
f 1572/40/392 1581/40/391 1609/40/397
f 1651/40/403 1650/40/432 1647/40/356
f 1622/40/418 1576/40/431 1557/40/419
f 1652/40/365 1643/40/427 1642/40/420
f 1640/40/421 1575/40/348 1585/40/350
f 1648/40/422 1639/40/424 1638/40/423
f 1639/40/424 1576/40/431 1575/40/348
f 1624/40/425 1623/40/408 1578/40/415
f 1591/40/426 1580/40/353 1579/40/352
f 1608/40/372 1607/40/401 1574/40/395
f 1611/40/371 1584/40/400 1583/40/364
f 1643/40/427 1583/40/364 1584/40/400
f 1595/40/382 1588/40/367 1587/40/416
f 1628/40/349 1627/40/338 1586/40/413
f 1647/40/356 1558/40/358 1557/40/419
f 1632/40/409 1631/40/359 1560/40/361
f 1599/40/363 1564/40/343 1563/40/355
f 1616/40/402 1615/40/393 1562/40/388
f 1619/40/374 1570/40/366 1569/40/390
f 1651/40/403 1569/40/390 1570/40/366
f 1603/40/428 1568/40/360 1567/40/369
f 1636/40/339 1635/40/375 1566/40/357
f 1577/40/347 1578/40/415 1590/40/386
f 1590/40/386 1591/40/426 1592/40/342
f 1582/40/351 1581/40/391 1594/40/429
f 1593/40/340 1594/40/429 1595/40/382
f 1559/40/407 1560/40/361 1598/40/377
f 1598/40/377 1599/40/363 1600/40/354
f 1572/40/392 1571/40/430 1602/40/362
f 1601/40/383 1602/40/362 1603/40/428
f 1580/40/353 1606/40/380 1605/40/385
f 1606/40/380 1607/40/401 1608/40/372
f 1581/40/391 1582/40/351 1610/40/384
f 1609/40/397 1610/40/384 1611/40/371
f 1564/40/343 1614/40/345 1613/40/381
f 1614/40/345 1615/40/393 1616/40/402
f 1571/40/430 1572/40/392 1618/40/398
f 1618/40/398 1619/40/374 1620/40/389
f 1576/40/431 1622/40/418 1621/40/405
f 1622/40/418 1623/40/408 1624/40/425
f 1588/40/367 1626/40/378 1625/40/406
f 1626/40/378 1627/40/338 1628/40/349
f 1558/40/358 1630/40/376 1629/40/417
f 1630/40/376 1631/40/359 1632/40/409
f 1568/40/360 1634/40/414 1633/40/379
f 1634/40/414 1635/40/375 1636/40/339
f 1573/40/370 1574/40/395 1638/40/423
f 1637/40/410 1638/40/423 1639/40/424
f 1585/40/350 1586/40/413 1642/40/420
f 1641/40/411 1642/40/420 1643/40/427
f 1561/40/396 1562/40/388 1646/40/404
f 1645/40/394 1646/40/404 1647/40/356
f 1565/40/337 1566/40/357 1650/40/432
f 1650/40/432 1651/40/403 1652/40/365
f 1576/40/431 1639/40/424 1648/40/422
f 1661/41/433 1682/41/509 1723/41/434
f 1689/41/436 1692/41/443 1685/41/437
f 1660/41/439 1667/41/526 1713/41/440
f 1683/41/442 1673/41/521 1685/41/437
f 1671/41/444 1717/41/501 1724/41/445
f 1678/41/447 1689/41/436 1688/41/438
f 1676/41/449 1687/41/522 1696/41/450
f 1746/41/452 1662/41/525 1654/41/453
f 1730/41/455 1664/41/473 1656/41/456
f 1698/41/458 1667/41/526 1660/41/439
f 1679/41/460 1739/41/523 1748/41/461
f 1684/41/463 1691/41/524 1700/41/464
f 1680/41/466 1707/41/489 1704/41/467
f 1708/41/469 1679/41/460 1666/41/462
f 1654/41/453 1662/41/525 1731/41/471
f 1664/41/473 1699/41/477 1694/41/474
f 1722/41/475 1684/41/463 1663/41/465
f 1699/41/477 1698/41/458 1695/41/459
f 1702/41/478 1676/41/449 1659/41/451
f 1700/41/464 1691/41/524 1690/41/480
f 1706/41/482 1678/41/447 1675/41/448
f 1696/41/450 1687/41/522 1686/41/484
f 1711/41/486 1716/41/492 1665/41/487
f 1707/41/489 1706/41/482 1701/41/483
f 1697/41/481 1690/41/480 1677/41/490
f 1710/41/441 1713/41/440 1716/41/492
f 1741/41/493 1734/41/528 1670/41/494
f 1705/41/496 1708/41/469 1715/41/470
f 1669/41/468 1733/41/506 1740/41/498
f 1712/41/499 1703/41/513 1702/41/478
f 1665/41/487 1747/41/514 1742/41/500
f 1717/41/501 1720/41/511 1721/41/502
f 1655/41/503 1674/41/510 1719/41/504
f 1733/41/506 1736/41/518 1737/41/507
f 1745/41/508 1738/41/517 1682/41/509
f 1726/41/472 1731/41/471 1730/41/455
f 1693/41/485 1686/41/484 1674/41/510
f 1732/41/435 1723/41/434 1722/41/475
f 1720/41/511 1673/41/521 1683/41/442
f 1719/41/504 1718/41/515 1725/41/512
f 1657/41/495 1670/41/494 1703/41/513
f 1668/41/491 1677/41/490 1705/41/496
f 1747/41/514 1746/41/452 1743/41/454
f 1718/41/515 1672/41/527 1653/41/516
f 1748/41/461 1739/41/523 1738/41/517
f 1671/41/444 1681/41/446 1737/41/507
f 1735/41/519 1734/41/528 1741/41/493
f 1735/41/519 1672/41/527 1671/41/444
f 1720/41/511 1719/41/504 1674/41/510
f 1687/41/522 1676/41/449 1675/41/448
f 1704/41/467 1703/41/513 1670/41/494
f 1707/41/489 1680/41/466 1679/41/460
f 1739/41/523 1679/41/460 1680/41/466
f 1691/41/524 1684/41/463 1683/41/442
f 1724/41/445 1723/41/434 1682/41/509
f 1743/41/454 1654/41/453 1653/41/516
f 1728/41/505 1727/41/457 1656/41/456
f 1695/41/459 1660/41/439 1659/41/451
f 1712/41/499 1711/41/486 1658/41/488
f 1715/41/470 1666/41/462 1665/41/487
f 1747/41/514 1665/41/487 1666/41/462
f 1699/41/477 1664/41/473 1663/41/465
f 1732/41/435 1731/41/471 1662/41/525
f 1673/41/521 1674/41/510 1686/41/484
f 1686/41/484 1687/41/522 1688/41/438
f 1678/41/447 1677/41/490 1690/41/480
f 1690/41/480 1691/41/524 1692/41/443
f 1655/41/503 1656/41/456 1694/41/474
f 1694/41/474 1695/41/459 1696/41/450
f 1668/41/491 1667/41/526 1698/41/458
f 1697/41/481 1698/41/458 1699/41/477
f 1676/41/449 1702/41/478 1701/41/483
f 1702/41/478 1703/41/513 1704/41/467
f 1677/41/490 1678/41/447 1706/41/482
f 1705/41/496 1706/41/482 1707/41/489
f 1660/41/439 1710/41/441 1709/41/479
f 1709/41/479 1710/41/441 1711/41/486
f 1667/41/526 1668/41/491 1714/41/497
f 1714/41/497 1715/41/470 1716/41/492
f 1672/41/527 1718/41/515 1717/41/501
f 1718/41/515 1719/41/504 1720/41/511
f 1684/41/463 1722/41/475 1721/41/502
f 1722/41/475 1723/41/434 1724/41/445
f 1654/41/453 1726/41/472 1725/41/512
f 1725/41/512 1726/41/472 1727/41/457
f 1664/41/473 1730/41/455 1729/41/476
f 1730/41/455 1731/41/471 1732/41/435
f 1669/41/468 1670/41/494 1734/41/528
f 1733/41/506 1734/41/528 1735/41/519
f 1681/41/446 1682/41/509 1738/41/517
f 1738/41/517 1739/41/523 1740/41/498
f 1657/41/495 1658/41/488 1742/41/500
f 1741/41/493 1742/41/500 1743/41/454
f 1661/41/433 1662/41/525 1746/41/452
f 1746/41/452 1747/41/514 1748/41/461
f 1672/41/527 1735/41/519 1744/41/520
f 1757/42/529 1778/42/606 1819/42/530
f 1785/42/532 1788/42/538 1781/42/533
f 1756/42/535 1763/42/555 1809/42/536
f 1788/42/538 1779/42/608 1769/42/539
f 1767/42/540 1813/42/623 1820/42/541
f 1774/42/543 1785/42/532 1784/42/534
f 1772/42/545 1783/42/618 1792/42/546
f 1839/42/548 1842/42/624 1758/42/549
f 1826/42/551 1760/42/569 1752/42/552
f 1791/42/554 1794/42/573 1763/42/555
f 1775/42/556 1835/42/619 1844/42/557
f 1780/42/559 1787/42/576 1796/42/560
f 1776/42/562 1803/42/585 1800/42/563
f 1804/42/565 1775/42/556 1762/42/558
f 1750/42/550 1758/42/549 1827/42/567
f 1760/42/569 1795/42/620 1790/42/570
f 1818/42/571 1780/42/559 1759/42/561
f 1790/42/570 1795/42/620 1794/42/573
f 1798/42/574 1772/42/545 1755/42/547
f 1787/42/576 1786/42/621 1793/42/577
f 1802/42/578 1774/42/543 1771/42/544
f 1792/42/546 1783/42/618 1782/42/580
f 1754/42/582 1807/42/588 1812/42/583
f 1803/42/585 1802/42/578 1797/42/579
f 1793/42/577 1786/42/621 1773/42/586
f 1806/42/537 1809/42/536 1812/42/583
f 1837/42/589 1830/42/616 1766/42/590
f 1810/42/592 1801/42/610 1804/42/565
f 1765/42/564 1829/42/603 1836/42/593
f 1799/42/594 1798/42/574 1805/42/575
f 1754/42/582 1761/42/584 1843/42/596
f 1820/42/541 1813/42/623 1816/42/598
f 1751/42/600 1770/42/607 1815/42/601
f 1829/42/603 1832/42/614 1833/42/604
f 1841/42/605 1834/42/613 1778/42/606
f 1822/42/568 1827/42/567 1826/42/551
f 1789/42/581 1782/42/580 1770/42/607
f 1819/42/530 1818/42/571 1825/42/572
f 1817/42/599 1816/42/598 1769/42/539
f 1815/42/601 1814/42/611 1821/42/609
f 1753/42/591 1766/42/590 1799/42/594
f 1764/42/587 1773/42/586 1801/42/610
f 1843/42/596 1842/42/624 1839/42/548
f 1814/42/611 1768/42/622 1749/42/612
f 1844/42/557 1835/42/619 1834/42/613
f 1832/42/614 1767/42/540 1777/42/542
f 1840/42/615 1831/42/617 1830/42/616
f 1831/42/617 1768/42/622 1767/42/540
f 1816/42/598 1815/42/601 1770/42/607
f 1783/42/618 1772/42/545 1771/42/544
f 1800/42/563 1799/42/594 1766/42/590
f 1803/42/585 1776/42/562 1775/42/556
f 1835/42/619 1775/42/556 1776/42/562
f 1787/42/576 1780/42/559 1779/42/608
f 1820/42/541 1819/42/530 1778/42/606
f 1839/42/548 1750/42/550 1749/42/612
f 1824/42/602 1823/42/553 1752/42/552
f 1791/42/554 1756/42/535 1755/42/547
f 1808/42/595 1807/42/588 1754/42/582
f 1811/42/566 1762/42/558 1761/42/584
f 1843/42/596 1761/42/584 1762/42/558
f 1795/42/620 1760/42/569 1759/42/561
f 1828/42/531 1827/42/567 1758/42/549
f 1769/42/539 1770/42/607 1782/42/580
f 1781/42/533 1782/42/580 1783/42/618
f 1774/42/543 1773/42/586 1786/42/621
f 1785/42/532 1786/42/621 1787/42/576
f 1751/42/600 1752/42/552 1790/42/570
f 1790/42/570 1791/42/554 1792/42/546
f 1764/42/587 1763/42/555 1794/42/573
f 1794/42/573 1795/42/620 1796/42/560
f 1772/42/545 1798/42/574 1797/42/579
f 1797/42/579 1798/42/574 1799/42/594
f 1773/42/586 1774/42/543 1802/42/578
f 1801/42/610 1802/42/578 1803/42/585
f 1756/42/535 1806/42/537 1805/42/575
f 1805/42/575 1806/42/537 1807/42/588
f 1763/42/555 1764/42/587 1810/42/592
f 1810/42/592 1811/42/566 1812/42/583
f 1768/42/622 1814/42/611 1813/42/623
f 1814/42/611 1815/42/601 1816/42/598
f 1780/42/559 1818/42/571 1817/42/599
f 1818/42/571 1819/42/530 1820/42/541
f 1750/42/550 1822/42/568 1821/42/609
f 1822/42/568 1823/42/553 1824/42/602
f 1760/42/569 1826/42/551 1825/42/572
f 1825/42/572 1826/42/551 1827/42/567
f 1765/42/564 1766/42/590 1830/42/616
f 1829/42/603 1830/42/616 1831/42/617
f 1777/42/542 1778/42/606 1834/42/613
f 1834/42/613 1835/42/619 1836/42/593
f 1753/42/591 1754/42/582 1838/42/597
f 1837/42/589 1838/42/597 1839/42/548
f 1757/42/529 1758/42/549 1842/42/624
f 1842/42/624 1843/42/596 1844/42/557
f 1768/42/622 1831/42/617 1840/42/615
f 1853/43/433 1874/43/509 1915/43/434
f 1881/43/436 1884/43/443 1877/43/437
f 1852/43/439 1859/43/526 1905/43/440
f 1884/43/443 1875/43/442 1865/43/521
f 1863/43/444 1909/43/501 1916/43/445
f 1870/43/447 1881/43/436 1880/43/438
f 1868/43/449 1879/43/522 1888/43/450
f 1938/43/452 1854/43/525 1846/43/453
f 1922/43/455 1856/43/473 1848/43/456
f 1890/43/458 1859/43/526 1852/43/439
f 1871/43/460 1931/43/523 1940/43/461
f 1876/43/463 1883/43/524 1892/43/464
f 1872/43/466 1899/43/489 1896/43/467
f 1900/43/625 1871/43/460 1858/43/462
f 1846/43/453 1854/43/525 1923/43/471
f 1856/43/473 1891/43/477 1886/43/474
f 1914/43/475 1876/43/463 1855/43/465
f 1891/43/477 1890/43/458 1887/43/459
f 1894/43/478 1868/43/449 1851/43/451
f 1892/43/464 1883/43/524 1882/43/480
f 1898/43/482 1870/43/447 1867/43/448
f 1879/43/522 1878/43/484 1885/43/485
f 1903/43/486 1908/43/492 1857/43/487
f 1899/43/489 1898/43/482 1893/43/483
f 1889/43/481 1882/43/480 1869/43/490
f 1902/43/441 1905/43/440 1908/43/492
f 1933/43/493 1926/43/528 1862/43/494
f 1906/43/497 1897/43/496 1900/43/625
f 1861/43/468 1925/43/506 1932/43/498
f 1895/43/626 1894/43/478 1901/43/479
f 1857/43/487 1939/43/514 1934/43/500
f 1909/43/501 1912/43/511 1913/43/502
f 1847/43/503 1866/43/510 1911/43/504
f 1925/43/506 1928/43/518 1929/43/507
f 1937/43/508 1930/43/517 1874/43/509
f 1918/43/472 1923/43/471 1922/43/455
f 1885/43/485 1878/43/484 1866/43/510
f 1924/43/435 1915/43/434 1914/43/475
f 1912/43/511 1865/43/521 1875/43/442
f 1920/43/505 1911/43/504 1910/43/515
f 1849/43/495 1862/43/494 1895/43/626
f 1860/43/491 1869/43/490 1897/43/496
f 1939/43/514 1938/43/452 1935/43/454
f 1910/43/515 1864/43/527 1845/43/516
f 1940/43/461 1931/43/523 1930/43/517
f 1928/43/518 1863/43/444 1873/43/446
f 1927/43/519 1926/43/528 1933/43/493
f 1927/43/519 1864/43/527 1863/43/444
f 1912/43/511 1911/43/504 1866/43/510
f 1879/43/522 1868/43/449 1867/43/448
f 1896/43/467 1895/43/626 1862/43/494
f 1899/43/489 1872/43/466 1871/43/460
f 1931/43/523 1871/43/460 1872/43/466
f 1883/43/524 1876/43/463 1875/43/442
f 1916/43/445 1915/43/434 1874/43/509
f 1935/43/454 1846/43/453 1845/43/516
f 1920/43/505 1919/43/457 1848/43/456
f 1887/43/459 1852/43/439 1851/43/451
f 1904/43/499 1903/43/486 1850/43/488
f 1907/43/470 1858/43/462 1857/43/487
f 1939/43/514 1857/43/487 1858/43/462
f 1891/43/477 1856/43/473 1855/43/465
f 1924/43/435 1923/43/471 1854/43/525
f 1865/43/521 1866/43/510 1878/43/484
f 1877/43/437 1878/43/484 1879/43/522
f 1870/43/447 1869/43/490 1882/43/480
f 1881/43/436 1882/43/480 1883/43/524
f 1847/43/503 1848/43/456 1886/43/474
f 1885/43/485 1886/43/474 1887/43/459
f 1860/43/491 1859/43/526 1890/43/458
f 1890/43/458 1891/43/477 1892/43/464
f 1868/43/449 1894/43/478 1893/43/483
f 1893/43/483 1894/43/478 1895/43/626
f 1869/43/490 1870/43/447 1898/43/482
f 1898/43/482 1899/43/489 1900/43/625
f 1852/43/439 1902/43/441 1901/43/479
f 1901/43/479 1902/43/441 1903/43/486
f 1859/43/526 1860/43/491 1906/43/497
f 1906/43/497 1907/43/470 1908/43/492
f 1864/43/527 1910/43/515 1909/43/501
f 1910/43/515 1911/43/504 1912/43/511
f 1876/43/463 1914/43/475 1913/43/502
f 1914/43/475 1915/43/434 1916/43/445
f 1846/43/453 1918/43/472 1917/43/512
f 1917/43/512 1918/43/472 1919/43/457
f 1856/43/473 1922/43/455 1921/43/476
f 1922/43/455 1923/43/471 1924/43/435
f 1861/43/468 1862/43/494 1926/43/528
f 1925/43/506 1926/43/528 1927/43/519
f 1873/43/446 1874/43/509 1930/43/517
f 1930/43/517 1931/43/523 1932/43/498
f 1849/43/495 1850/43/488 1934/43/500
f 1933/43/493 1934/43/500 1935/43/454
f 1853/43/433 1854/43/525 1938/43/452
f 1938/43/452 1939/43/514 1940/43/461
f 1864/43/527 1927/43/519 1936/43/520
f 1949/44/627 1970/44/606 2011/44/530
f 1977/44/532 1980/44/538 1973/44/533
f 1948/44/535 1955/44/555 2001/44/536
f 1980/44/538 1971/44/608 1961/44/539
f 1959/44/540 2005/44/623 2012/44/541
f 1977/44/532 1976/44/534 1963/44/544
f 1964/44/545 1975/44/618 1984/44/546
f 2034/44/624 1950/44/549 1942/44/550
f 2018/44/551 1952/44/569 1944/44/552
f 1983/44/554 1986/44/573 1955/44/555
f 1967/44/556 2027/44/619 2036/44/557
f 1972/44/629 1979/44/576 1988/44/560
f 1957/44/564 1968/44/562 1995/44/585
f 1996/44/565 1967/44/556 1954/44/558
f 1942/44/550 1950/44/549 2019/44/567
f 1952/44/569 1987/44/620 1982/44/570
f 2010/44/571 1972/44/629 1951/44/561
f 1987/44/620 1986/44/573 1983/44/554
f 1990/44/574 1964/44/545 1947/44/628
f 1979/44/576 1978/44/621 1985/44/577
f 1994/44/630 1966/44/543 1963/44/544
f 1984/44/546 1975/44/618 1974/44/580
f 1999/44/588 2004/44/583 1953/44/584
f 1995/44/585 1994/44/630 1989/44/579
f 1985/44/577 1978/44/621 1965/44/586
f 1999/44/588 1998/44/537 2001/44/536
f 2029/44/589 2022/44/616 1958/44/590
f 2002/44/592 1993/44/610 1996/44/565
f 1957/44/564 2021/44/603 2028/44/593
f 1991/44/594 1990/44/574 1997/44/575
f 1946/44/582 1953/44/584 2035/44/596
f 2012/44/541 2005/44/623 2008/44/598
f 1943/44/600 1962/44/607 2007/44/601
f 2021/44/603 2024/44/614 2025/44/604
f 2033/44/605 2026/44/613 1970/44/606
f 2014/44/568 2019/44/567 2018/44/551
f 1981/44/581 1974/44/580 1962/44/607
f 2020/44/531 2011/44/530 2010/44/571
f 2009/44/599 2008/44/598 1961/44/539
f 2016/44/602 2007/44/601 2006/44/611
f 1945/44/631 1958/44/590 1991/44/594
f 1956/44/587 1965/44/586 1993/44/610
f 2035/44/596 2034/44/624 2031/44/548
f 2006/44/611 1960/44/622 1941/44/612
f 2027/44/619 2026/44/613 2033/44/605
f 2024/44/614 1959/44/540 1969/44/542
f 2023/44/633 2022/44/616 2029/44/589
f 2023/44/633 1960/44/622 1959/44/540
f 2008/44/598 2007/44/601 1962/44/607
f 1975/44/618 1964/44/545 1963/44/544
f 1992/44/563 1991/44/594 1958/44/590
f 1995/44/585 1968/44/562 1967/44/556
f 2027/44/619 1967/44/556 1968/44/562
f 1979/44/576 1972/44/629 1971/44/608
f 2012/44/541 2011/44/530 1970/44/606
f 2031/44/548 1942/44/550 1941/44/612
f 2016/44/602 2015/44/553 1944/44/552
f 1983/44/554 1948/44/535 1947/44/628
f 2000/44/632 1999/44/588 1946/44/582
f 2003/44/566 1954/44/558 1953/44/584
f 2035/44/596 1953/44/584 1954/44/558
f 1987/44/620 1952/44/569 1951/44/561
f 2020/44/531 2019/44/567 1950/44/549
f 1961/44/539 1962/44/607 1974/44/580
f 1974/44/580 1975/44/618 1976/44/534
f 1966/44/543 1965/44/586 1978/44/621
f 1977/44/532 1978/44/621 1979/44/576
f 1943/44/600 1944/44/552 1982/44/570
f 1982/44/570 1983/44/554 1984/44/546
f 1956/44/587 1955/44/555 1986/44/573
f 1985/44/577 1986/44/573 1987/44/620
f 1964/44/545 1990/44/574 1989/44/579
f 1989/44/579 1990/44/574 1991/44/594
f 1965/44/586 1966/44/543 1994/44/630
f 1994/44/630 1995/44/585 1996/44/565
f 1948/44/535 1998/44/537 1997/44/575
f 1998/44/537 1999/44/588 2000/44/632
f 1955/44/555 1956/44/587 2002/44/592
f 2001/44/536 2002/44/592 2003/44/566
f 1960/44/622 2006/44/611 2005/44/623
f 2006/44/611 2007/44/601 2008/44/598
f 1972/44/629 2010/44/571 2009/44/599
f 2010/44/571 2011/44/530 2012/44/541
f 1942/44/550 2014/44/568 2013/44/609
f 2014/44/568 2015/44/553 2016/44/602
f 1952/44/569 2018/44/551 2017/44/572
f 2018/44/551 2019/44/567 2020/44/531
f 1957/44/564 1958/44/590 2022/44/616
f 2021/44/603 2022/44/616 2023/44/633
f 1969/44/542 1970/44/606 2026/44/613
f 2026/44/613 2027/44/619 2028/44/593
f 1945/44/631 1946/44/582 2030/44/597
f 2029/44/589 2030/44/597 2031/44/548
f 1949/44/627 1950/44/549 2034/44/624
f 2034/44/624 2035/44/596 2036/44/557
f 1960/44/622 2023/44/633 2032/44/615
f 2045/45/433 2066/45/509 2107/45/434
f 2073/45/436 2076/45/443 2069/45/437
f 2044/45/439 2051/45/526 2097/45/440
f 2076/45/443 2067/45/442 2057/45/521
f 2055/45/444 2101/45/501 2108/45/445
f 2062/45/447 2073/45/436 2072/45/438
f 2060/45/449 2071/45/522 2080/45/450
f 2130/45/452 2046/45/525 2038/45/453
f 2114/45/455 2048/45/473 2040/45/456
f 2082/45/458 2051/45/526 2044/45/439
f 2063/45/460 2123/45/523 2132/45/461
f 2068/45/463 2075/45/524 2084/45/464
f 2064/45/466 2091/45/489 2088/45/467
f 2092/45/625 2063/45/460 2050/45/462
f 2038/45/453 2046/45/525 2115/45/471
f 2048/45/473 2083/45/477 2078/45/474
f 2106/45/475 2068/45/463 2047/45/465
f 2083/45/477 2082/45/458 2079/45/459
f 2086/45/478 2060/45/449 2043/45/451
f 2084/45/464 2075/45/524 2074/45/480
f 2090/45/482 2062/45/447 2059/45/448
f 2080/45/450 2071/45/522 2070/45/484
f 2095/45/486 2100/45/492 2049/45/634
f 2091/45/489 2090/45/482 2085/45/483
f 2081/45/481 2074/45/480 2061/45/490
f 2094/45/441 2097/45/440 2100/45/492
f 2125/45/493 2118/45/528 2054/45/494
f 2089/45/496 2092/45/625 2099/45/470
f 2053/45/468 2117/45/506 2124/45/498
f 2096/45/499 2087/45/626 2086/45/478
f 2049/45/634 2131/45/514 2126/45/500
f 2101/45/501 2104/45/511 2105/45/502
f 2039/45/503 2058/45/510 2103/45/504
f 2117/45/506 2120/45/518 2121/45/507
f 2129/45/508 2122/45/517 2066/45/509
f 2110/45/472 2115/45/471 2114/45/455
f 2077/45/485 2070/45/484 2058/45/510
f 2107/45/434 2106/45/475 2113/45/476
f 2104/45/511 2057/45/521 2067/45/442
f 2112/45/505 2103/45/504 2102/45/515
f 2041/45/495 2054/45/494 2087/45/626
f 2052/45/491 2061/45/490 2089/45/496
f 2131/45/514 2130/45/452 2127/45/454
f 2102/45/515 2056/45/527 2037/45/516
f 2132/45/461 2123/45/523 2122/45/517
f 2055/45/444 2065/45/446 2121/45/507
f 2119/45/519 2118/45/528 2125/45/493
f 2119/45/519 2056/45/527 2055/45/444
f 2104/45/511 2103/45/504 2058/45/510
f 2071/45/522 2060/45/449 2059/45/448
f 2088/45/467 2087/45/626 2054/45/494
f 2091/45/489 2064/45/466 2063/45/460
f 2123/45/523 2063/45/460 2064/45/466
f 2075/45/524 2068/45/463 2067/45/442
f 2108/45/445 2107/45/434 2066/45/509
f 2127/45/454 2038/45/453 2037/45/516
f 2112/45/505 2111/45/457 2040/45/456
f 2079/45/459 2044/45/439 2043/45/451
f 2096/45/499 2095/45/486 2042/45/488
f 2099/45/470 2050/45/462 2049/45/634
f 2131/45/514 2049/45/634 2050/45/462
f 2083/45/477 2048/45/473 2047/45/465
f 2116/45/435 2115/45/471 2046/45/525
f 2057/45/521 2058/45/510 2070/45/484
f 2070/45/484 2071/45/522 2072/45/438
f 2062/45/447 2061/45/490 2074/45/480
f 2073/45/436 2074/45/480 2075/45/524
f 2039/45/503 2040/45/456 2078/45/474
f 2078/45/474 2079/45/459 2080/45/450
f 2052/45/491 2051/45/526 2082/45/458
f 2081/45/481 2082/45/458 2083/45/477
f 2060/45/449 2086/45/478 2085/45/483
f 2085/45/483 2086/45/478 2087/45/626
f 2061/45/490 2062/45/447 2090/45/482
f 2090/45/482 2091/45/489 2092/45/625
f 2044/45/439 2094/45/441 2093/45/479
f 2094/45/441 2095/45/486 2096/45/499
f 2051/45/526 2052/45/491 2098/45/497
f 2097/45/440 2098/45/497 2099/45/470
f 2056/45/527 2102/45/515 2101/45/501
f 2102/45/515 2103/45/504 2104/45/511
f 2068/45/463 2106/45/475 2105/45/502
f 2105/45/502 2106/45/475 2107/45/434
f 2038/45/453 2110/45/472 2109/45/512
f 2110/45/472 2111/45/457 2112/45/505
f 2048/45/473 2114/45/455 2113/45/476
f 2114/45/455 2115/45/471 2116/45/435
f 2053/45/468 2054/45/494 2118/45/528
f 2117/45/506 2118/45/528 2119/45/519
f 2065/45/446 2066/45/509 2122/45/517
f 2121/45/507 2122/45/517 2123/45/523
f 2041/45/495 2042/45/488 2126/45/500
f 2125/45/493 2126/45/500 2127/45/454
f 2045/45/433 2046/45/525 2130/45/452
f 2130/45/452 2131/45/514 2132/45/461
f 2056/45/527 2119/45/519 2128/45/520
f 2141/46/627 2162/46/606 2203/46/530
f 2169/46/532 2172/46/538 2165/46/533
f 2140/46/635 2147/46/555 2193/46/536
f 2172/46/538 2163/46/608 2153/46/539
f 2151/46/540 2197/46/623 2204/46/541
f 2169/46/532 2168/46/534 2155/46/544
f 2156/46/545 2167/46/618 2176/46/546
f 2226/46/624 2142/46/549 2134/46/550
f 2210/46/551 2144/46/569 2136/46/552
f 2178/46/573 2147/46/555 2140/46/635
f 2159/46/556 2219/46/619 2228/46/557
f 2164/46/559 2171/46/576 2180/46/560
f 2149/46/564 2160/46/562 2187/46/585
f 2188/46/565 2159/46/556 2146/46/558
f 2142/46/549 2211/46/567 2206/46/568
f 2136/46/552 2144/46/569 2179/46/620
f 2202/46/636 2164/46/559 2143/46/561
f 2179/46/620 2178/46/573 2175/46/554
f 2182/46/574 2156/46/545 2139/46/547
f 2180/46/560 2171/46/576 2170/46/621
f 2181/46/579 2186/46/630 2158/46/543
f 2176/46/546 2167/46/618 2166/46/580
f 2138/46/582 2191/46/588 2196/46/583
f 2184/46/563 2187/46/585 2186/46/630
f 2177/46/577 2170/46/621 2157/46/586
f 2190/46/537 2193/46/536 2196/46/583
f 2221/46/589 2214/46/616 2150/46/590
f 2185/46/610 2188/46/565 2195/46/566
f 2149/46/564 2213/46/603 2220/46/593
f 2183/46/594 2182/46/574 2189/46/575
f 2145/46/584 2227/46/596 2222/46/597
f 2197/46/623 2200/46/598 2201/46/599
f 2135/46/600 2154/46/607 2199/46/601
f 2213/46/603 2216/46/614 2217/46/604
f 2225/46/605 2218/46/613 2162/46/606
f 2206/46/568 2211/46/567 2210/46/551
f 2173/46/581 2166/46/580 2154/46/607
f 2212/46/531 2203/46/530 2202/46/636
f 2200/46/598 2153/46/539 2163/46/608
f 2208/46/602 2199/46/601 2198/46/611
f 2137/46/631 2150/46/590 2183/46/594
f 2148/46/587 2157/46/586 2185/46/610
f 2227/46/596 2226/46/624 2223/46/548
f 2198/46/611 2152/46/622 2133/46/612
f 2228/46/557 2219/46/619 2218/46/613
f 2216/46/614 2151/46/540 2161/46/542
f 2215/46/617 2214/46/616 2221/46/589
f 2215/46/617 2152/46/622 2151/46/540
f 2200/46/598 2199/46/601 2154/46/607
f 2167/46/618 2156/46/545 2155/46/544
f 2184/46/563 2183/46/594 2150/46/590
f 2187/46/585 2160/46/562 2159/46/556
f 2219/46/619 2159/46/556 2160/46/562
f 2171/46/576 2164/46/559 2163/46/608
f 2204/46/541 2203/46/530 2162/46/606
f 2223/46/548 2134/46/550 2133/46/612
f 2208/46/602 2207/46/553 2136/46/552
f 2175/46/554 2140/46/635 2139/46/547
f 2192/46/632 2191/46/588 2138/46/582
f 2195/46/566 2146/46/558 2145/46/584
f 2227/46/596 2145/46/584 2146/46/558
f 2179/46/620 2144/46/569 2143/46/561
f 2212/46/531 2211/46/567 2142/46/549
f 2153/46/539 2154/46/607 2166/46/580
f 2165/46/533 2166/46/580 2167/46/618
f 2158/46/543 2157/46/586 2170/46/621
f 2169/46/532 2170/46/621 2171/46/576
f 2135/46/600 2136/46/552 2174/46/570
f 2174/46/570 2175/46/554 2176/46/546
f 2148/46/587 2147/46/555 2178/46/573
f 2177/46/577 2178/46/573 2179/46/620
f 2156/46/545 2182/46/574 2181/46/579
f 2181/46/579 2182/46/574 2183/46/594
f 2157/46/586 2158/46/543 2186/46/630
f 2186/46/630 2187/46/585 2188/46/565
f 2140/46/635 2190/46/537 2189/46/575
f 2190/46/537 2191/46/588 2192/46/632
f 2147/46/555 2148/46/587 2194/46/592
f 2193/46/536 2194/46/592 2195/46/566
f 2152/46/622 2198/46/611 2197/46/623
f 2198/46/611 2199/46/601 2200/46/598
f 2164/46/559 2202/46/636 2201/46/599
f 2201/46/599 2202/46/636 2203/46/530
f 2134/46/550 2206/46/568 2205/46/609
f 2206/46/568 2207/46/553 2208/46/602
f 2144/46/569 2210/46/551 2209/46/637
f 2209/46/637 2210/46/551 2211/46/567
f 2149/46/564 2150/46/590 2214/46/616
f 2213/46/603 2214/46/616 2215/46/617
f 2161/46/542 2162/46/606 2218/46/613
f 2218/46/613 2219/46/619 2220/46/593
f 2137/46/631 2138/46/582 2222/46/597
f 2221/46/589 2222/46/597 2223/46/548
f 2141/46/627 2142/46/549 2226/46/624
f 2226/46/624 2227/46/596 2228/46/557
f 2152/46/622 2215/46/617 2224/46/615
f 2237/47/433 2258/47/509 2299/47/434
f 2265/47/436 2268/47/443 2261/47/437
f 2236/47/439 2243/47/526 2289/47/440
f 2259/47/442 2249/47/521 2261/47/437
f 2247/47/444 2293/47/501 2300/47/445
f 2254/47/447 2265/47/436 2264/47/438
f 2252/47/449 2263/47/522 2272/47/450
f 2322/47/452 2238/47/525 2230/47/453
f 2306/47/455 2240/47/473 2232/47/456
f 2274/47/458 2243/47/526 2236/47/439
f 2255/47/460 2315/47/523 2324/47/461
f 2260/47/463 2267/47/524 2276/47/464
f 2256/47/466 2283/47/489 2280/47/467
f 2284/47/625 2255/47/460 2242/47/462
f 2230/47/453 2238/47/525 2307/47/471
f 2240/47/473 2275/47/477 2270/47/474
f 2298/47/475 2260/47/463 2239/47/465
f 2275/47/477 2274/47/458 2271/47/459
f 2278/47/478 2252/47/449 2235/47/451
f 2276/47/464 2267/47/524 2266/47/480
f 2282/47/482 2254/47/447 2251/47/448
f 2272/47/450 2263/47/522 2262/47/484
f 2287/47/486 2292/47/492 2241/47/634
f 2283/47/489 2282/47/482 2277/47/483
f 2273/47/481 2266/47/480 2253/47/490
f 2286/47/441 2289/47/440 2292/47/492
f 2317/47/493 2310/47/528 2246/47/494
f 2281/47/496 2284/47/625 2291/47/470
f 2245/47/468 2309/47/506 2316/47/498
f 2288/47/499 2279/47/626 2278/47/478
f 2241/47/634 2323/47/514 2318/47/500
f 2293/47/501 2296/47/511 2297/47/502
f 2231/47/503 2250/47/510 2295/47/504
f 2309/47/506 2312/47/518 2313/47/507
f 2321/47/508 2314/47/517 2258/47/509
f 2302/47/472 2307/47/471 2306/47/455
f 2269/47/485 2262/47/484 2250/47/510
f 2299/47/434 2298/47/475 2305/47/476
f 2296/47/511 2249/47/521 2259/47/442
f 2304/47/505 2295/47/504 2294/47/515
f 2233/47/495 2246/47/494 2279/47/626
f 2244/47/491 2253/47/490 2281/47/496
f 2323/47/514 2322/47/452 2319/47/454
f 2294/47/515 2248/47/527 2229/47/516
f 2315/47/523 2314/47/517 2321/47/508
f 2247/47/444 2257/47/446 2313/47/507
f 2320/47/520 2311/47/519 2310/47/528
f 2311/47/519 2248/47/527 2247/47/444
f 2296/47/511 2295/47/504 2250/47/510
f 2263/47/522 2252/47/449 2251/47/448
f 2280/47/467 2279/47/626 2246/47/494
f 2283/47/489 2256/47/466 2255/47/460
f 2315/47/523 2255/47/460 2256/47/466
f 2267/47/524 2260/47/463 2259/47/442
f 2300/47/445 2299/47/434 2258/47/509
f 2319/47/454 2230/47/453 2229/47/516
f 2304/47/505 2303/47/457 2232/47/456
f 2271/47/459 2236/47/439 2235/47/451
f 2288/47/499 2287/47/486 2234/47/488
f 2291/47/470 2242/47/462 2241/47/634
f 2323/47/514 2241/47/634 2242/47/462
f 2275/47/477 2240/47/473 2239/47/465
f 2308/47/435 2307/47/471 2238/47/525
f 2249/47/521 2250/47/510 2262/47/484
f 2262/47/484 2263/47/522 2264/47/438
f 2254/47/447 2253/47/490 2266/47/480
f 2266/47/480 2267/47/524 2268/47/443
f 2231/47/503 2232/47/456 2270/47/474
f 2269/47/485 2270/47/474 2271/47/459
f 2244/47/491 2243/47/526 2274/47/458
f 2274/47/458 2275/47/477 2276/47/464
f 2252/47/449 2278/47/478 2277/47/483
f 2278/47/478 2279/47/626 2280/47/467
f 2253/47/490 2254/47/447 2282/47/482
f 2281/47/496 2282/47/482 2283/47/489
f 2236/47/439 2286/47/441 2285/47/479
f 2286/47/441 2287/47/486 2288/47/499
f 2243/47/526 2244/47/491 2290/47/497
f 2289/47/440 2290/47/497 2291/47/470
f 2248/47/527 2294/47/515 2293/47/501
f 2294/47/515 2295/47/504 2296/47/511
f 2260/47/463 2298/47/475 2297/47/502
f 2297/47/502 2298/47/475 2299/47/434
f 2230/47/453 2302/47/472 2301/47/512
f 2302/47/472 2303/47/457 2304/47/505
f 2240/47/473 2306/47/455 2305/47/476
f 2305/47/476 2306/47/455 2307/47/471
f 2245/47/468 2246/47/494 2310/47/528
f 2309/47/506 2310/47/528 2311/47/519
f 2257/47/446 2258/47/509 2314/47/517
f 2314/47/517 2315/47/523 2316/47/498
f 2233/47/495 2234/47/488 2318/47/500
f 2317/47/493 2318/47/500 2319/47/454
f 2237/47/433 2238/47/525 2322/47/452
f 2322/47/452 2323/47/514 2324/47/461
f 2248/47/527 2311/47/519 2320/47/520
f 2333/48/627 2354/48/606 2395/48/530
f 2361/48/532 2364/48/538 2357/48/533
f 2332/48/635 2339/48/555 2385/48/536
f 2355/48/608 2345/48/539 2357/48/533
f 2343/48/540 2389/48/623 2396/48/541
f 2361/48/532 2360/48/534 2347/48/544
f 2348/48/545 2359/48/618 2368/48/546
f 2415/48/548 2418/48/624 2334/48/638
f 2402/48/551 2336/48/569 2328/48/552
f 2367/48/554 2370/48/573 2339/48/555
f 2351/48/556 2411/48/619 2420/48/557
f 2356/48/559 2363/48/576 2372/48/560
f 2352/48/562 2379/48/585 2376/48/563
f 2380/48/565 2351/48/556 2338/48/558
f 2326/48/550 2334/48/638 2403/48/567
f 2336/48/569 2371/48/620 2366/48/570
f 2394/48/571 2356/48/559 2335/48/561
f 2371/48/620 2370/48/573 2367/48/554
f 2374/48/574 2348/48/545 2331/48/547
f 2363/48/576 2362/48/621 2369/48/577
f 2373/48/579 2378/48/630 2350/48/543
f 2368/48/546 2359/48/618 2358/48/580
f 2383/48/588 2388/48/583 2337/48/584
f 2376/48/563 2379/48/585 2378/48/630
f 2369/48/577 2362/48/621 2349/48/586
f 2382/48/537 2385/48/536 2388/48/583
f 2413/48/589 2406/48/616 2342/48/590
f 2386/48/592 2377/48/610 2380/48/565
f 2405/48/603 2412/48/593 2352/48/562
f 2375/48/594 2374/48/574 2381/48/575
f 2330/48/582 2337/48/584 2419/48/596
f 2389/48/623 2392/48/598 2393/48/599
f 2327/48/600 2346/48/607 2391/48/601
f 2405/48/603 2408/48/614 2409/48/604
f 2417/48/605 2410/48/613 2354/48/606
f 2398/48/568 2403/48/567 2402/48/551
f 2365/48/581 2358/48/580 2346/48/607
f 2395/48/530 2394/48/571 2401/48/572
f 2393/48/599 2392/48/598 2345/48/539
f 2400/48/602 2391/48/601 2390/48/611
f 2329/48/631 2342/48/590 2375/48/594
f 2340/48/587 2349/48/586 2377/48/610
f 2419/48/596 2418/48/624 2415/48/548
f 2390/48/611 2344/48/622 2325/48/612
f 2420/48/557 2411/48/619 2410/48/613
f 2408/48/614 2343/48/540 2353/48/542
f 2407/48/633 2406/48/616 2413/48/589
f 2407/48/633 2344/48/622 2343/48/540
f 2392/48/598 2391/48/601 2346/48/607
f 2359/48/618 2348/48/545 2347/48/544
f 2376/48/563 2375/48/594 2342/48/590
f 2379/48/585 2352/48/562 2351/48/556
f 2411/48/619 2351/48/556 2352/48/562
f 2363/48/576 2356/48/559 2355/48/608
f 2396/48/541 2395/48/530 2354/48/606
f 2415/48/548 2326/48/550 2325/48/612
f 2400/48/602 2399/48/553 2328/48/552
f 2367/48/554 2332/48/635 2331/48/547
f 2384/48/595 2383/48/588 2330/48/582
f 2387/48/566 2338/48/558 2337/48/584
f 2419/48/596 2337/48/584 2338/48/558
f 2371/48/620 2336/48/569 2335/48/561
f 2404/48/531 2403/48/567 2334/48/638
f 2345/48/539 2346/48/607 2358/48/580
f 2358/48/580 2359/48/618 2360/48/534
f 2350/48/543 2349/48/586 2362/48/621
f 2361/48/532 2362/48/621 2363/48/576
f 2327/48/600 2328/48/552 2366/48/570
f 2366/48/570 2367/48/554 2368/48/546
f 2340/48/587 2339/48/555 2370/48/573
f 2369/48/577 2370/48/573 2371/48/620
f 2348/48/545 2374/48/574 2373/48/579
f 2374/48/574 2375/48/594 2376/48/563
f 2349/48/586 2350/48/543 2378/48/630
f 2378/48/630 2379/48/585 2380/48/565
f 2332/48/635 2382/48/537 2381/48/575
f 2381/48/575 2382/48/537 2383/48/588
f 2339/48/555 2340/48/587 2386/48/592
f 2386/48/592 2387/48/566 2388/48/583
f 2344/48/622 2390/48/611 2389/48/623
f 2390/48/611 2391/48/601 2392/48/598
f 2356/48/559 2394/48/571 2393/48/599
f 2393/48/599 2394/48/571 2395/48/530
f 2326/48/550 2398/48/568 2397/48/609
f 2398/48/568 2399/48/553 2400/48/602
f 2336/48/569 2402/48/551 2401/48/572
f 2401/48/572 2402/48/551 2403/48/567
f 2341/48/564 2342/48/590 2406/48/616
f 2405/48/603 2406/48/616 2407/48/633
f 2353/48/542 2354/48/606 2410/48/613
f 2410/48/613 2411/48/619 2412/48/593
f 2329/48/631 2330/48/582 2414/48/597
f 2414/48/597 2415/48/548 2416/48/615
f 2333/48/627 2334/48/638 2418/48/624
f 2418/48/624 2419/48/596 2420/48/557
f 2344/48/622 2407/48/633 2416/48/615
f 2429/49/433 2450/49/509 2491/49/434
f 2457/49/436 2460/49/443 2453/49/437
f 2428/49/439 2435/49/526 2481/49/440
f 2460/49/443 2451/49/442 2441/49/521
f 2439/49/444 2485/49/501 2492/49/445
f 2446/49/447 2457/49/436 2456/49/438
f 2444/49/449 2455/49/522 2464/49/450
f 2514/49/452 2430/49/525 2422/49/453
f 2498/49/455 2432/49/473 2424/49/639
f 2466/49/458 2435/49/526 2428/49/439
f 2447/49/460 2507/49/523 2516/49/461
f 2452/49/463 2459/49/524 2468/49/464
f 2448/49/466 2475/49/489 2472/49/467
f 2476/49/625 2447/49/460 2434/49/462
f 2422/49/453 2430/49/525 2499/49/471
f 2432/49/473 2467/49/477 2462/49/474
f 2490/49/475 2452/49/463 2431/49/465
f 2467/49/477 2466/49/458 2463/49/459
f 2470/49/640 2444/49/449 2427/49/451
f 2459/49/524 2458/49/480 2465/49/481
f 2474/49/482 2446/49/447 2443/49/448
f 2464/49/450 2455/49/522 2454/49/484
f 2479/49/486 2484/49/492 2433/49/634
f 2475/49/489 2474/49/482 2469/49/483
f 2465/49/481 2458/49/480 2445/49/490
f 2478/49/441 2481/49/440 2484/49/492
f 2509/49/493 2502/49/528 2438/49/494
f 2473/49/641 2476/49/625 2483/49/470
f 2437/49/468 2501/49/506 2508/49/498
f 2480/49/499 2471/49/626 2470/49/640
f 2433/49/634 2515/49/514 2510/49/500
f 2485/49/501 2488/49/511 2489/49/502
f 2423/49/503 2442/49/510 2487/49/642
f 2501/49/506 2504/49/518 2505/49/507
f 2513/49/508 2506/49/517 2450/49/509
f 2494/49/472 2499/49/471 2498/49/455
f 2461/49/485 2454/49/484 2442/49/510
f 2491/49/434 2490/49/475 2497/49/476
f 2488/49/511 2441/49/521 2451/49/442
f 2496/49/505 2487/49/642 2486/49/515
f 2425/49/495 2438/49/494 2471/49/626
f 2436/49/491 2445/49/490 2473/49/641
f 2515/49/514 2514/49/452 2511/49/454
f 2486/49/515 2440/49/527 2421/49/516
f 2507/49/523 2506/49/517 2513/49/508
f 2439/49/444 2449/49/446 2505/49/507
f 2512/49/520 2503/49/519 2502/49/528
f 2503/49/519 2440/49/527 2439/49/444
f 2488/49/511 2487/49/642 2442/49/510
f 2455/49/522 2444/49/449 2443/49/448
f 2472/49/467 2471/49/626 2438/49/494
f 2475/49/489 2448/49/466 2447/49/460
f 2507/49/523 2447/49/460 2448/49/466
f 2459/49/524 2452/49/463 2451/49/442
f 2492/49/445 2491/49/434 2450/49/509
f 2511/49/454 2422/49/453 2421/49/516
f 2496/49/505 2495/49/457 2424/49/639
f 2463/49/459 2428/49/439 2427/49/451
f 2480/49/499 2479/49/486 2426/49/488
f 2483/49/470 2434/49/462 2433/49/634
f 2515/49/514 2433/49/634 2434/49/462
f 2467/49/477 2432/49/473 2431/49/465
f 2500/49/435 2499/49/471 2430/49/525
f 2441/49/521 2442/49/510 2454/49/484
f 2454/49/484 2455/49/522 2456/49/438
f 2446/49/447 2445/49/490 2458/49/480
f 2457/49/436 2458/49/480 2459/49/524
f 2423/49/503 2424/49/639 2462/49/474
f 2462/49/474 2463/49/459 2464/49/450
f 2436/49/491 2435/49/526 2466/49/458
f 2465/49/481 2466/49/458 2467/49/477
f 2444/49/449 2470/49/640 2469/49/483
f 2469/49/483 2470/49/640 2471/49/626
f 2445/49/490 2446/49/447 2474/49/482
f 2474/49/482 2475/49/489 2476/49/625
f 2428/49/439 2478/49/441 2477/49/479
f 2478/49/441 2479/49/486 2480/49/499
f 2435/49/526 2436/49/491 2482/49/497
f 2481/49/440 2482/49/497 2483/49/470
f 2440/49/527 2486/49/515 2485/49/501
f 2486/49/515 2487/49/642 2488/49/511
f 2452/49/463 2490/49/475 2489/49/502
f 2489/49/502 2490/49/475 2491/49/434
f 2422/49/453 2494/49/472 2493/49/512
f 2494/49/472 2495/49/457 2496/49/505
f 2432/49/473 2498/49/455 2497/49/476
f 2497/49/476 2498/49/455 2499/49/471
f 2437/49/468 2438/49/494 2502/49/528
f 2501/49/506 2502/49/528 2503/49/519
f 2449/49/446 2450/49/509 2506/49/517
f 2505/49/507 2506/49/517 2507/49/523
f 2425/49/495 2426/49/488 2510/49/500
f 2509/49/493 2510/49/500 2511/49/454
f 2429/49/433 2430/49/525 2514/49/452
f 2514/49/452 2515/49/514 2516/49/461
f 2440/49/527 2503/49/519 2512/49/520
f 2525/50/529 2546/50/606 2587/50/530
f 2553/50/532 2556/50/538 2549/50/533
f 2574/50/537 2524/50/635 2531/50/555
f 2556/50/538 2547/50/608 2537/50/539
f 2545/50/542 2535/50/540 2581/50/623
f 2542/50/543 2553/50/532 2552/50/534
f 2540/50/545 2551/50/618 2560/50/546
f 2610/50/624 2526/50/549 2518/50/550
f 2591/50/553 2594/50/551 2528/50/569
f 2562/50/573 2531/50/555 2524/50/635
f 2543/50/556 2603/50/619 2612/50/557
f 2548/50/559 2555/50/576 2564/50/560
f 2533/50/564 2544/50/562 2571/50/585
f 2572/50/565 2543/50/556 2530/50/558
f 2526/50/549 2595/50/567 2590/50/568
f 2520/50/552 2528/50/569 2563/50/620
f 2586/50/571 2548/50/559 2527/50/561
f 2558/50/570 2563/50/620 2562/50/573
f 2566/50/574 2540/50/545 2523/50/547
f 2555/50/576 2554/50/621 2561/50/577
f 2570/50/630 2542/50/543 2539/50/544
f 2560/50/546 2551/50/618 2550/50/580
f 2575/50/588 2580/50/583 2529/50/584
f 2571/50/585 2570/50/630 2565/50/579
f 2561/50/577 2554/50/621 2541/50/586
f 2575/50/588 2574/50/537 2577/50/536
f 2605/50/589 2598/50/616 2534/50/643
f 2578/50/592 2569/50/610 2572/50/565
f 2533/50/564 2597/50/603 2604/50/593
f 2576/50/595 2567/50/594 2566/50/574
f 2522/50/582 2529/50/584 2611/50/596
f 2588/50/541 2581/50/623 2584/50/598
f 2519/50/600 2538/50/607 2583/50/601
f 2597/50/603 2600/50/614 2601/50/604
f 2609/50/605 2602/50/613 2546/50/606
f 2590/50/568 2595/50/567 2594/50/551
f 2557/50/581 2550/50/580 2538/50/607
f 2596/50/531 2587/50/530 2586/50/571
f 2585/50/599 2584/50/598 2537/50/539
f 2583/50/601 2582/50/611 2589/50/609
f 2521/50/631 2534/50/643 2567/50/594
f 2532/50/587 2541/50/586 2569/50/610
f 2606/50/597 2611/50/596 2610/50/624
f 2582/50/611 2536/50/622 2517/50/612
f 2612/50/557 2603/50/619 2602/50/613
f 2600/50/614 2535/50/540 2545/50/542
f 2608/50/615 2599/50/617 2598/50/616
f 2599/50/617 2536/50/622 2535/50/540
f 2584/50/598 2583/50/601 2538/50/607
f 2551/50/618 2540/50/545 2539/50/544
f 2568/50/563 2567/50/594 2534/50/643
f 2571/50/585 2544/50/562 2543/50/556
f 2603/50/619 2543/50/556 2544/50/562
f 2555/50/576 2548/50/559 2547/50/608
f 2588/50/541 2587/50/530 2546/50/606
f 2607/50/548 2518/50/550 2517/50/612
f 2592/50/602 2591/50/553 2520/50/552
f 2559/50/554 2524/50/635 2523/50/547
f 2576/50/595 2575/50/588 2522/50/582
f 2579/50/566 2530/50/558 2529/50/584
f 2611/50/596 2529/50/584 2530/50/558
f 2563/50/620 2528/50/569 2527/50/561
f 2596/50/531 2595/50/567 2526/50/549
f 2537/50/539 2538/50/607 2550/50/580
f 2549/50/533 2550/50/580 2551/50/618
f 2542/50/543 2541/50/586 2554/50/621
f 2553/50/532 2554/50/621 2555/50/576
f 2519/50/600 2520/50/552 2558/50/570
f 2558/50/570 2559/50/554 2560/50/546
f 2532/50/587 2531/50/555 2562/50/573
f 2561/50/577 2562/50/573 2563/50/620
f 2540/50/545 2566/50/574 2565/50/579
f 2566/50/574 2567/50/594 2568/50/563
f 2541/50/586 2542/50/543 2570/50/630
f 2569/50/610 2570/50/630 2571/50/585
f 2524/50/635 2574/50/537 2573/50/575
f 2574/50/537 2575/50/588 2576/50/595
f 2531/50/555 2532/50/587 2578/50/592
f 2577/50/536 2578/50/592 2579/50/566
f 2536/50/622 2582/50/611 2581/50/623
f 2582/50/611 2583/50/601 2584/50/598
f 2548/50/559 2586/50/571 2585/50/599
f 2586/50/571 2587/50/530 2588/50/541
f 2518/50/550 2590/50/568 2589/50/609
f 2590/50/568 2591/50/553 2592/50/602
f 2528/50/569 2594/50/551 2593/50/572
f 2594/50/551 2595/50/567 2596/50/531
f 2533/50/564 2534/50/643 2598/50/616
f 2597/50/603 2598/50/616 2599/50/617
f 2545/50/542 2546/50/606 2602/50/613
f 2601/50/604 2602/50/613 2603/50/619
f 2521/50/631 2522/50/582 2606/50/597
f 2605/50/589 2606/50/597 2607/50/548
f 2525/50/529 2526/50/549 2610/50/624
f 2610/50/624 2611/50/596 2612/50/557
f 2536/50/622 2599/50/617 2608/50/615
f 2621/51/433 2642/51/509 2683/51/434
f 2649/51/436 2652/51/443 2645/51/437
f 2620/51/439 2627/51/526 2673/51/440
f 2652/51/443 2643/51/442 2633/51/521
f 2631/51/444 2677/51/501 2684/51/445
f 2649/51/436 2648/51/438 2635/51/448
f 2636/51/449 2647/51/522 2656/51/450
f 2706/51/452 2622/51/525 2614/51/453
f 2690/51/455 2624/51/473 2616/51/456
f 2658/51/458 2627/51/526 2620/51/439
f 2639/51/460 2699/51/523 2708/51/461
f 2644/51/463 2651/51/524 2660/51/464
f 2640/51/466 2667/51/489 2664/51/467
f 2668/51/625 2639/51/460 2626/51/462
f 2614/51/453 2622/51/525 2691/51/471
f 2624/51/473 2659/51/477 2654/51/474
f 2682/51/475 2644/51/463 2623/51/465
f 2659/51/477 2658/51/458 2655/51/459
f 2662/51/478 2636/51/449 2619/51/451
f 2651/51/524 2650/51/480 2657/51/481
f 2666/51/482 2638/51/447 2635/51/448
f 2656/51/450 2647/51/522 2646/51/484
f 2671/51/486 2676/51/492 2625/51/634
f 2667/51/489 2666/51/482 2661/51/483
f 2657/51/481 2650/51/480 2637/51/490
f 2670/51/441 2673/51/440 2676/51/492
f 2701/51/493 2694/51/528 2630/51/494
f 2665/51/496 2668/51/625 2675/51/470
f 2629/51/468 2693/51/506 2700/51/498
f 2672/51/499 2663/51/626 2662/51/478
f 2625/51/634 2707/51/514 2702/51/500
f 2677/51/501 2680/51/511 2681/51/502
f 2615/51/503 2634/51/510 2679/51/504
f 2693/51/506 2696/51/518 2697/51/507
f 2705/51/508 2698/51/517 2642/51/509
f 2686/51/472 2691/51/471 2690/51/455
f 2653/51/485 2646/51/484 2634/51/510
f 2683/51/434 2682/51/475 2689/51/476
f 2680/51/511 2633/51/521 2643/51/442
f 2679/51/504 2678/51/515 2685/51/512
f 2617/51/495 2630/51/494 2663/51/626
f 2628/51/491 2637/51/490 2665/51/496
f 2707/51/514 2706/51/452 2703/51/454
f 2678/51/515 2632/51/527 2613/51/516
f 2708/51/461 2699/51/523 2698/51/517
f 2696/51/518 2631/51/444 2641/51/446
f 2704/51/520 2695/51/519 2694/51/528
f 2695/51/519 2632/51/527 2631/51/444
f 2680/51/511 2679/51/504 2634/51/510
f 2647/51/522 2636/51/449 2635/51/448
f 2664/51/467 2663/51/626 2630/51/494
f 2667/51/489 2640/51/466 2639/51/460
f 2699/51/523 2639/51/460 2640/51/466
f 2651/51/524 2644/51/463 2643/51/442
f 2684/51/445 2683/51/434 2642/51/509
f 2703/51/454 2614/51/453 2613/51/516
f 2688/51/644 2687/51/457 2616/51/456
f 2655/51/459 2620/51/439 2619/51/451
f 2672/51/499 2671/51/486 2618/51/488
f 2675/51/470 2626/51/462 2625/51/634
f 2707/51/514 2625/51/634 2626/51/462
f 2659/51/477 2624/51/473 2623/51/465
f 2692/51/435 2691/51/471 2622/51/525
f 2633/51/521 2634/51/510 2646/51/484
f 2645/51/437 2646/51/484 2647/51/522
f 2638/51/447 2637/51/490 2650/51/480
f 2649/51/436 2650/51/480 2651/51/524
f 2615/51/503 2616/51/456 2654/51/474
f 2653/51/485 2654/51/474 2655/51/459
f 2628/51/491 2627/51/526 2658/51/458
f 2658/51/458 2659/51/477 2660/51/464
f 2636/51/449 2662/51/478 2661/51/483
f 2661/51/483 2662/51/478 2663/51/626
f 2637/51/490 2638/51/447 2666/51/482
f 2666/51/482 2667/51/489 2668/51/625
f 2620/51/439 2670/51/441 2669/51/479
f 2669/51/479 2670/51/441 2671/51/486
f 2627/51/526 2628/51/491 2674/51/497
f 2674/51/497 2675/51/470 2676/51/492
f 2632/51/527 2678/51/515 2677/51/501
f 2678/51/515 2679/51/504 2680/51/511
f 2644/51/463 2682/51/475 2681/51/502
f 2681/51/502 2682/51/475 2683/51/434
f 2614/51/453 2686/51/472 2685/51/512
f 2686/51/472 2687/51/457 2688/51/644
f 2624/51/473 2690/51/455 2689/51/476
f 2689/51/476 2690/51/455 2691/51/471
f 2629/51/468 2630/51/494 2694/51/528
f 2693/51/506 2694/51/528 2695/51/519
f 2641/51/446 2642/51/509 2698/51/517
f 2697/51/507 2698/51/517 2699/51/523
f 2617/51/495 2618/51/488 2702/51/500
f 2702/51/500 2703/51/454 2704/51/520
f 2621/51/433 2622/51/525 2706/51/452
f 2705/51/508 2706/51/452 2707/51/514
f 2632/51/527 2695/51/519 2704/51/520
f 2717/52/627 2738/52/606 2779/52/530
f 2745/52/532 2748/52/538 2741/52/533
f 2716/52/635 2723/52/555 2769/52/536
f 2739/52/608 2729/52/539 2741/52/533
f 2737/52/542 2727/52/540 2773/52/623
f 2734/52/543 2745/52/532 2744/52/534
f 2732/52/545 2743/52/618 2752/52/546
f 2799/52/548 2802/52/624 2718/52/549
f 2786/52/551 2720/52/569 2712/52/552
f 2754/52/573 2723/52/555 2716/52/635
f 2735/52/556 2795/52/619 2804/52/557
f 2740/52/559 2747/52/576 2756/52/560
f 2736/52/562 2763/52/585 2760/52/563
f 2764/52/565 2735/52/556 2722/52/558
f 2710/52/550 2718/52/549 2787/52/567
f 2720/52/569 2755/52/620 2750/52/570
f 2778/52/571 2740/52/559 2719/52/561
f 2755/52/620 2754/52/573 2751/52/554
f 2758/52/574 2732/52/545 2715/52/547
f 2747/52/576 2746/52/646 2753/52/577
f 2757/52/579 2762/52/630 2734/52/543
f 2752/52/546 2743/52/618 2742/52/580
f 2714/52/582 2767/52/588 2772/52/583
f 2760/52/563 2763/52/585 2762/52/630
f 2753/52/577 2746/52/646 2733/52/586
f 2766/52/537 2769/52/536 2772/52/583
f 2797/52/589 2790/52/616 2726/52/590
f 2761/52/610 2764/52/565 2771/52/645
f 2725/52/564 2789/52/603 2796/52/593
f 2768/52/595 2759/52/594 2758/52/574
f 2714/52/582 2721/52/584 2803/52/596
f 2780/52/541 2773/52/623 2776/52/598
f 2711/52/600 2730/52/607 2775/52/601
f 2789/52/603 2792/52/614 2793/52/604
f 2801/52/605 2794/52/613 2738/52/606
f 2782/52/568 2787/52/567 2786/52/551
f 2749/52/581 2742/52/580 2730/52/607
f 2779/52/530 2778/52/571 2785/52/572
f 2776/52/598 2729/52/539 2739/52/608
f 2775/52/601 2774/52/611 2781/52/609
f 2713/52/631 2726/52/590 2759/52/594
f 2724/52/587 2733/52/586 2761/52/610
f 2803/52/596 2802/52/624 2799/52/548
f 2774/52/611 2728/52/622 2709/52/612
f 2795/52/619 2794/52/613 2801/52/605
f 2727/52/540 2737/52/542 2793/52/604
f 2791/52/617 2790/52/616 2797/52/589
f 2791/52/617 2728/52/622 2727/52/540
f 2776/52/598 2775/52/601 2730/52/607
f 2743/52/618 2732/52/545 2731/52/544
f 2760/52/563 2759/52/594 2726/52/590
f 2763/52/585 2736/52/562 2735/52/556
f 2795/52/619 2735/52/556 2736/52/562
f 2747/52/576 2740/52/559 2739/52/608
f 2780/52/541 2779/52/530 2738/52/606
f 2799/52/548 2710/52/550 2709/52/612
f 2784/52/602 2783/52/553 2712/52/552
f 2751/52/554 2716/52/635 2715/52/547
f 2768/52/595 2767/52/588 2714/52/582
f 2771/52/645 2722/52/558 2721/52/584
f 2803/52/596 2721/52/584 2722/52/558
f 2755/52/620 2720/52/569 2719/52/561
f 2788/52/531 2787/52/567 2718/52/549
f 2729/52/539 2730/52/607 2742/52/580
f 2742/52/580 2743/52/618 2744/52/534
f 2734/52/543 2733/52/586 2746/52/646
f 2745/52/532 2746/52/646 2747/52/576
f 2711/52/600 2712/52/552 2750/52/570
f 2750/52/570 2751/52/554 2752/52/546
f 2724/52/587 2723/52/555 2754/52/573
f 2753/52/577 2754/52/573 2755/52/620
f 2732/52/545 2758/52/574 2757/52/579
f 2758/52/574 2759/52/594 2760/52/563
f 2733/52/586 2734/52/543 2762/52/630
f 2761/52/610 2762/52/630 2763/52/585
f 2716/52/635 2766/52/537 2765/52/575
f 2766/52/537 2767/52/588 2768/52/595
f 2723/52/555 2724/52/587 2770/52/592
f 2769/52/536 2770/52/592 2771/52/645
f 2728/52/622 2774/52/611 2773/52/623
f 2774/52/611 2775/52/601 2776/52/598
f 2740/52/559 2778/52/571 2777/52/599
f 2777/52/599 2778/52/571 2779/52/530
f 2710/52/550 2782/52/568 2781/52/609
f 2782/52/568 2783/52/553 2784/52/602
f 2720/52/569 2786/52/551 2785/52/572
f 2786/52/551 2787/52/567 2788/52/531
f 2725/52/564 2726/52/590 2790/52/616
f 2789/52/603 2790/52/616 2791/52/617
f 2737/52/542 2738/52/606 2794/52/613
f 2794/52/613 2795/52/619 2796/52/593
f 2713/52/631 2714/52/582 2798/52/597
f 2798/52/597 2799/52/548 2800/52/615
f 2717/52/627 2718/52/549 2802/52/624
f 2802/52/624 2803/52/596 2804/52/557
f 2728/52/622 2791/52/617 2800/52/615
f 2813/53/433 2834/53/647 2875/53/434
f 2841/53/436 2844/53/443 2837/53/437
f 2812/53/439 2819/53/526 2865/53/440
f 2844/53/443 2835/53/442 2825/53/521
f 2823/53/444 2869/53/501 2876/53/445
f 2830/53/447 2841/53/436 2840/53/438
f 2828/53/449 2839/53/522 2848/53/450
f 2898/53/452 2814/53/525 2806/53/453
f 2882/53/455 2816/53/473 2808/53/456
f 2850/53/458 2819/53/526 2812/53/439
f 2831/53/460 2891/53/523 2900/53/461
f 2836/53/463 2843/53/524 2852/53/464
f 2832/53/466 2859/53/489 2856/53/467
f 2860/53/625 2831/53/460 2818/53/462
f 2806/53/453 2814/53/525 2883/53/471
f 2816/53/473 2851/53/477 2846/53/474
f 2874/53/475 2836/53/463 2815/53/465
f 2851/53/477 2850/53/458 2847/53/459
f 2854/53/478 2828/53/449 2811/53/451
f 2843/53/524 2842/53/480 2849/53/481
f 2858/53/482 2830/53/447 2827/53/448
f 2848/53/450 2839/53/522 2838/53/484
f 2863/53/486 2868/53/492 2817/53/487
f 2859/53/489 2858/53/482 2853/53/483
f 2849/53/481 2842/53/480 2829/53/490
f 2862/53/441 2865/53/440 2868/53/492
f 2893/53/493 2886/53/528 2822/53/494
f 2857/53/496 2860/53/625 2867/53/470
f 2821/53/468 2885/53/506 2892/53/498
f 2864/53/499 2855/53/626 2854/53/478
f 2817/53/487 2899/53/648 2894/53/500
f 2869/53/501 2872/53/511 2873/53/502
f 2807/53/503 2826/53/510 2871/53/504
f 2885/53/506 2888/53/518 2889/53/507
f 2897/53/508 2890/53/517 2834/53/647
f 2878/53/472 2883/53/471 2882/53/455
f 2845/53/485 2838/53/484 2826/53/510
f 2875/53/434 2874/53/475 2881/53/476
f 2872/53/511 2825/53/521 2835/53/442
f 2880/53/505 2871/53/504 2870/53/515
f 2809/53/495 2822/53/494 2855/53/626
f 2820/53/491 2829/53/490 2857/53/496
f 2899/53/648 2898/53/452 2895/53/454
f 2870/53/515 2824/53/649 2805/53/516
f 2900/53/461 2891/53/523 2890/53/517
f 2888/53/518 2823/53/444 2833/53/446
f 2887/53/519 2886/53/528 2893/53/493
f 2887/53/519 2824/53/649 2823/53/444
f 2872/53/511 2871/53/504 2826/53/510
f 2839/53/522 2828/53/449 2827/53/448
f 2856/53/467 2855/53/626 2822/53/494
f 2859/53/489 2832/53/466 2831/53/460
f 2891/53/523 2831/53/460 2832/53/466
f 2843/53/524 2836/53/463 2835/53/442
f 2876/53/445 2875/53/434 2834/53/647
f 2895/53/454 2806/53/453 2805/53/516
f 2880/53/505 2879/53/457 2808/53/456
f 2847/53/459 2812/53/439 2811/53/451
f 2864/53/499 2863/53/486 2810/53/488
f 2867/53/470 2818/53/462 2817/53/487
f 2899/53/648 2817/53/487 2818/53/462
f 2851/53/477 2816/53/473 2815/53/465
f 2884/53/435 2883/53/471 2814/53/525
f 2825/53/521 2826/53/510 2838/53/484
f 2837/53/437 2838/53/484 2839/53/522
f 2830/53/447 2829/53/490 2842/53/480
f 2841/53/436 2842/53/480 2843/53/524
f 2807/53/503 2808/53/456 2846/53/474
f 2846/53/474 2847/53/459 2848/53/450
f 2820/53/491 2819/53/526 2850/53/458
f 2849/53/481 2850/53/458 2851/53/477
f 2828/53/449 2854/53/478 2853/53/483
f 2853/53/483 2854/53/478 2855/53/626
f 2829/53/490 2830/53/447 2858/53/482
f 2858/53/482 2859/53/489 2860/53/625
f 2812/53/439 2862/53/441 2861/53/479
f 2862/53/441 2863/53/486 2864/53/499
f 2819/53/526 2820/53/491 2866/53/497
f 2865/53/440 2866/53/497 2867/53/470
f 2824/53/649 2870/53/515 2869/53/501
f 2870/53/515 2871/53/504 2872/53/511
f 2836/53/463 2874/53/475 2873/53/502
f 2874/53/475 2875/53/434 2876/53/445
f 2806/53/453 2878/53/472 2877/53/512
f 2878/53/472 2879/53/457 2880/53/505
f 2816/53/473 2882/53/455 2881/53/476
f 2881/53/476 2882/53/455 2883/53/471
f 2821/53/468 2822/53/494 2886/53/528
f 2885/53/506 2886/53/528 2887/53/519
f 2833/53/446 2834/53/647 2890/53/517
f 2889/53/507 2890/53/517 2891/53/523
f 2809/53/495 2810/53/488 2894/53/500
f 2894/53/500 2895/53/454 2896/53/520
f 2813/53/433 2814/53/525 2898/53/452
f 2897/53/508 2898/53/452 2899/53/648
f 2824/53/649 2887/53/519 2896/53/520
f 2909/54/627 2930/54/606 2971/54/530
f 2937/54/532 2940/54/538 2933/54/533
f 2958/54/537 2908/54/635 2915/54/555
f 2940/54/538 2931/54/608 2921/54/539
f 2919/54/540 2965/54/623 2972/54/541
f 2926/54/543 2937/54/532 2936/54/534
f 2924/54/545 2935/54/618 2944/54/546
f 2994/54/624 2910/54/549 2902/54/550
f 2978/54/551 2912/54/569 2904/54/552
f 2946/54/573 2915/54/555 2908/54/635
f 2927/54/556 2987/54/619 2996/54/557
f 2932/54/559 2939/54/576 2948/54/560
f 2917/54/564 2928/54/562 2955/54/585
f 2956/54/565 2927/54/556 2914/54/558
f 2902/54/550 2910/54/549 2979/54/567
f 2912/54/569 2947/54/620 2942/54/570
f 2970/54/571 2932/54/559 2911/54/561
f 2947/54/620 2946/54/573 2943/54/554
f 2950/54/574 2924/54/545 2907/54/547
f 2948/54/560 2939/54/576 2938/54/621
f 2954/54/630 2926/54/543 2923/54/544
f 2944/54/546 2935/54/618 2934/54/580
f 2906/54/582 2959/54/588 2964/54/583
f 2952/54/563 2955/54/585 2954/54/630
f 2945/54/577 2938/54/621 2925/54/586
f 2958/54/537 2961/54/536 2964/54/583
f 2989/54/589 2982/54/616 2918/54/590
f 2962/54/592 2953/54/610 2956/54/565
f 2917/54/564 2981/54/603 2988/54/593
f 2951/54/594 2950/54/574 2957/54/575
f 2906/54/582 2913/54/584 2995/54/596
f 2965/54/623 2968/54/598 2969/54/599
f 2903/54/600 2922/54/607 2967/54/601
f 2981/54/603 2984/54/614 2985/54/604
f 2993/54/605 2986/54/613 2930/54/606
f 2974/54/568 2979/54/567 2978/54/551
f 2941/54/581 2934/54/580 2922/54/607
f 2980/54/531 2971/54/530 2970/54/571
f 2969/54/599 2968/54/598 2921/54/539
f 2976/54/602 2967/54/601 2966/54/611
f 2905/54/591 2918/54/590 2951/54/594
f 2916/54/587 2925/54/586 2953/54/610
f 2995/54/596 2994/54/624 2991/54/548
f 2966/54/611 2920/54/622 2901/54/612
f 2996/54/557 2987/54/619 2986/54/613
f 2984/54/614 2919/54/540 2929/54/542
f 2992/54/615 2983/54/633 2982/54/616
f 2983/54/633 2920/54/622 2919/54/540
f 2968/54/598 2967/54/601 2922/54/607
f 2935/54/618 2924/54/545 2923/54/544
f 2952/54/563 2951/54/594 2918/54/590
f 2955/54/585 2928/54/562 2927/54/556
f 2987/54/619 2927/54/556 2928/54/562
f 2939/54/576 2932/54/559 2931/54/608
f 2972/54/541 2971/54/530 2930/54/606
f 2991/54/548 2902/54/550 2901/54/612
f 2976/54/602 2975/54/553 2904/54/552
f 2943/54/554 2908/54/635 2907/54/547
f 2960/54/632 2959/54/588 2906/54/582
f 2963/54/566 2914/54/558 2913/54/584
f 2995/54/596 2913/54/584 2914/54/558
f 2947/54/620 2912/54/569 2911/54/561
f 2980/54/531 2979/54/567 2910/54/549
f 2921/54/539 2922/54/607 2934/54/580
f 2933/54/533 2934/54/580 2935/54/618
f 2926/54/543 2925/54/586 2938/54/621
f 2937/54/532 2938/54/621 2939/54/576
f 2903/54/600 2904/54/552 2942/54/570
f 2942/54/570 2943/54/554 2944/54/546
f 2916/54/587 2915/54/555 2946/54/573
f 2945/54/577 2946/54/573 2947/54/620
f 2924/54/545 2950/54/574 2949/54/579
f 2949/54/579 2950/54/574 2951/54/594
f 2925/54/586 2926/54/543 2954/54/630
f 2954/54/630 2955/54/585 2956/54/565
f 2908/54/635 2958/54/537 2957/54/575
f 2958/54/537 2959/54/588 2960/54/632
f 2915/54/555 2916/54/587 2962/54/592
f 2962/54/592 2963/54/566 2964/54/583
f 2920/54/622 2966/54/611 2965/54/623
f 2966/54/611 2967/54/601 2968/54/598
f 2932/54/559 2970/54/571 2969/54/599
f 2969/54/599 2970/54/571 2971/54/530
f 2902/54/550 2974/54/568 2973/54/609
f 2974/54/568 2975/54/553 2976/54/602
f 2912/54/569 2978/54/551 2977/54/572
f 2978/54/551 2979/54/567 2980/54/531
f 2917/54/564 2918/54/590 2982/54/616
f 2981/54/603 2982/54/616 2983/54/633
f 2929/54/542 2930/54/606 2986/54/613
f 2985/54/604 2986/54/613 2987/54/619
f 2905/54/591 2906/54/582 2990/54/597
f 2989/54/589 2990/54/597 2991/54/548
f 2909/54/627 2910/54/549 2994/54/624
f 2994/54/624 2995/54/596 2996/54/557
f 2920/54/622 2983/54/633 2992/54/615
f 3005/55/433 3026/55/509 3067/55/434
f 3033/55/436 3036/55/443 3029/55/437
f 3004/55/439 3011/55/526 3057/55/440
f 3036/55/443 3027/55/442 3017/55/521
f 3015/55/444 3061/55/501 3068/55/445
f 3022/55/447 3033/55/436 3032/55/438
f 3020/55/449 3031/55/522 3040/55/450
f 3090/55/452 3006/55/525 2998/55/453
f 3074/55/455 3008/55/473 3000/55/456
f 3042/55/458 3011/55/526 3004/55/439
f 3023/55/460 3083/55/523 3092/55/461
f 3028/55/463 3035/55/650 3044/55/464
f 3024/55/466 3051/55/489 3048/55/467
f 3052/55/625 3023/55/460 3010/55/462
f 2998/55/453 3006/55/525 3075/55/471
f 3008/55/473 3043/55/477 3038/55/474
f 3066/55/475 3028/55/463 3007/55/465
f 3043/55/477 3042/55/458 3039/55/459
f 3046/55/640 3020/55/449 3003/55/451
f 3035/55/650 3034/55/480 3041/55/481
f 3050/55/482 3022/55/447 3019/55/448
f 3040/55/450 3031/55/522 3030/55/651
f 3055/55/486 3060/55/492 3009/55/487
f 3051/55/489 3050/55/482 3045/55/483
f 3041/55/481 3034/55/480 3021/55/490
f 3054/55/441 3057/55/440 3060/55/492
f 3085/55/493 3078/55/528 3014/55/494
f 3058/55/497 3049/55/641 3052/55/625
f 3013/55/468 3077/55/506 3084/55/498
f 3047/55/626 3046/55/640 3053/55/479
f 3009/55/487 3091/55/514 3086/55/500
f 3061/55/501 3064/55/511 3065/55/502
f 2999/55/503 3018/55/510 3063/55/504
f 3077/55/506 3080/55/518 3081/55/507
f 3089/55/508 3082/55/517 3026/55/509
f 3070/55/472 3075/55/471 3074/55/455
f 3037/55/485 3030/55/651 3018/55/510
f 3067/55/434 3066/55/475 3073/55/476
f 3064/55/511 3017/55/521 3027/55/442
f 3063/55/504 3062/55/515 3069/55/512
f 3001/55/495 3014/55/494 3047/55/626
f 3012/55/491 3021/55/490 3049/55/641
f 3091/55/514 3090/55/452 3087/55/454
f 3062/55/515 3016/55/527 2997/55/516
f 3092/55/461 3083/55/523 3082/55/517
f 3015/55/444 3025/55/446 3081/55/507
f 3088/55/520 3079/55/519 3078/55/528
f 3079/55/519 3016/55/527 3015/55/444
f 3064/55/511 3063/55/504 3018/55/510
f 3031/55/522 3020/55/449 3019/55/448
f 3048/55/467 3047/55/626 3014/55/494
f 3051/55/489 3024/55/466 3023/55/460
f 3083/55/523 3023/55/460 3024/55/466
f 3035/55/650 3028/55/463 3027/55/442
f 3068/55/445 3067/55/434 3026/55/509
f 3087/55/454 2998/55/453 2997/55/516
f 3072/55/505 3071/55/457 3000/55/456
f 3039/55/459 3004/55/439 3003/55/451
f 3056/55/499 3055/55/486 3002/55/488
f 3059/55/470 3010/55/462 3009/55/487
f 3091/55/514 3009/55/487 3010/55/462
f 3043/55/477 3008/55/473 3007/55/465
f 3076/55/435 3075/55/471 3006/55/525
f 3017/55/521 3018/55/510 3030/55/651
f 3030/55/651 3031/55/522 3032/55/438
f 3022/55/447 3021/55/490 3034/55/480
f 3033/55/436 3034/55/480 3035/55/650
f 2999/55/503 3000/55/456 3038/55/474
f 3038/55/474 3039/55/459 3040/55/450
f 3012/55/491 3011/55/526 3042/55/458
f 3041/55/481 3042/55/458 3043/55/477
f 3020/55/449 3046/55/640 3045/55/483
f 3045/55/483 3046/55/640 3047/55/626
f 3021/55/490 3022/55/447 3050/55/482
f 3050/55/482 3051/55/489 3052/55/625
f 3004/55/439 3054/55/441 3053/55/479
f 3054/55/441 3055/55/486 3056/55/499
f 3011/55/526 3012/55/491 3058/55/497
f 3057/55/440 3058/55/497 3059/55/470
f 3016/55/527 3062/55/515 3061/55/501
f 3061/55/501 3062/55/515 3063/55/504
f 3028/55/463 3066/55/475 3065/55/502
f 3066/55/475 3067/55/434 3068/55/445
f 2998/55/453 3070/55/472 3069/55/512
f 3069/55/512 3070/55/472 3071/55/457
f 3008/55/473 3074/55/455 3073/55/476
f 3073/55/476 3074/55/455 3075/55/471
f 3013/55/468 3014/55/494 3078/55/528
f 3077/55/506 3078/55/528 3079/55/519
f 3025/55/446 3026/55/509 3082/55/517
f 3082/55/517 3083/55/523 3084/55/498
f 3001/55/495 3002/55/488 3086/55/500
f 3086/55/500 3087/55/454 3088/55/520
f 3005/55/433 3006/55/525 3090/55/452
f 3089/55/508 3090/55/452 3091/55/514
f 3016/55/527 3079/55/519 3088/55/520
f 3101/56/652 3172/56/734 3163/56/653
f 3129/56/655 3128/56/667 3125/56/656
f 3150/56/658 3153/56/746 3107/56/659
f 3132/56/657 3125/56/656 3113/56/661
f 3164/56/663 3157/56/724 3111/56/664
f 3118/56/666 3115/56/701 3128/56/667
f 3136/56/668 3127/56/705 3116/56/669
f 3094/56/671 3102/56/691 3186/56/672
f 3167/56/674 3096/56/693 3104/56/675
f 3100/56/660 3107/56/659 3138/56/677
f 3188/56/679 3179/56/743 3119/56/680
f 3140/56/682 3131/56/700 3124/56/683
f 3109/56/685 3144/56/709 3147/56/686
f 3106/56/681 3119/56/680 3148/56/688
f 3166/56/690 3171/56/732 3102/56/691
f 3134/56/692 3139/56/696 3104/56/675
f 3103/56/684 3124/56/683 3162/56/694
f 3135/56/678 3138/56/677 3139/56/696
f 3099/56/670 3116/56/669 3142/56/697
f 3140/56/682 3137/56/710 3130/56/699
f 3115/56/701 3118/56/666 3146/56/702
f 3136/56/668 3133/56/733 3126/56/704
f 3105/56/706 3156/56/712 3151/56/707
f 3144/56/709 3141/56/703 3146/56/702
f 3137/56/710 3108/56/739 3117/56/711
f 3156/56/712 3153/56/746 3150/56/658
f 3181/56/713 3097/56/738 3110/56/714
f 3154/56/716 3155/56/689 3148/56/688
f 3109/56/685 3120/56/687 3180/56/718
f 3149/56/698 3142/56/697 3143/56/720
f 3098/56/708 3182/56/740 3187/56/722
f 3161/56/723 3160/56/735 3157/56/724
f 3095/56/725 3168/56/736 3159/56/726
f 3173/56/719 3180/56/718 3177/56/728
f 3185/56/730 3101/56/652 3122/56/654
f 3166/56/690 3167/56/674 3170/56/676
f 3133/56/733 3095/56/725 3114/56/727
f 3172/56/734 3169/56/695 3162/56/694
f 3161/56/723 3123/56/662 3113/56/661
f 3168/56/736 3165/56/742 3158/56/737
f 3097/56/738 3152/56/721 3143/56/720
f 3108/56/739 3154/56/716 3145/56/717
f 3183/56/673 3186/56/672 3187/56/722
f 3093/56/741 3112/56/747 3158/56/737
f 3188/56/679 3185/56/730 3178/56/731
f 3176/56/729 3177/56/728 3121/56/665
f 3184/56/744 3181/56/713 3174/56/715
f 3111/56/664 3112/56/747 3175/56/745
f 3160/56/735 3113/56/661 3114/56/727
f 3115/56/701 3116/56/669 3127/56/705
f 3144/56/709 3109/56/685 3110/56/714
f 3119/56/680 3120/56/687 3147/56/686
f 3120/56/687 3119/56/680 3179/56/743
f 3123/56/662 3124/56/683 3131/56/700
f 3164/56/663 3121/56/665 3122/56/654
f 3093/56/741 3094/56/671 3183/56/673
f 3168/56/736 3095/56/725 3096/56/693
f 3099/56/670 3100/56/660 3135/56/678
f 3152/56/721 3097/56/738 3098/56/708
f 3105/56/706 3106/56/681 3155/56/689
f 3106/56/681 3105/56/706 3187/56/722
f 3103/56/684 3104/56/675 3139/56/696
f 3172/56/734 3101/56/652 3102/56/691
f 3113/56/661 3125/56/656 3126/56/704
f 3125/56/656 3128/56/667 3127/56/705
f 3118/56/666 3129/56/655 3130/56/699
f 3129/56/655 3132/56/657 3131/56/700
f 3095/56/725 3133/56/733 3134/56/692
f 3136/56/668 3135/56/678 3134/56/692
f 3108/56/739 3137/56/710 3138/56/677
f 3137/56/710 3140/56/682 3139/56/696
f 3141/56/703 3142/56/697 3116/56/669
f 3141/56/703 3144/56/709 3143/56/720
f 3117/56/711 3145/56/717 3146/56/702
f 3148/56/688 3147/56/686 3146/56/702
f 3149/56/698 3150/56/658 3100/56/660
f 3152/56/721 3151/56/707 3150/56/658
f 3107/56/659 3153/56/746 3154/56/716
f 3156/56/712 3155/56/689 3154/56/716
f 3157/56/724 3158/56/737 3112/56/747
f 3160/56/735 3159/56/726 3158/56/737
f 3161/56/723 3162/56/694 3124/56/683
f 3161/56/723 3164/56/663 3163/56/653
f 3165/56/742 3166/56/690 3094/56/671
f 3168/56/736 3167/56/674 3166/56/690
f 3169/56/695 3170/56/676 3104/56/675
f 3172/56/734 3171/56/732 3170/56/676
f 3109/56/685 3173/56/719 3174/56/715
f 3173/56/719 3176/56/729 3175/56/745
f 3121/56/665 3177/56/728 3178/56/731
f 3177/56/728 3180/56/718 3179/56/743
f 3097/56/738 3181/56/713 3182/56/740
f 3181/56/713 3184/56/744 3183/56/673
f 3101/56/652 3185/56/730 3186/56/672
f 3188/56/679 3187/56/722 3186/56/672
f 3184/56/744 3175/56/745 3112/56/747
